sample_index,elapsed_us,device_time_ms,acc_x_g,acc_y_g,acc_z_g,gyro_x_dps,gyro_y_dps,gyro_z_dps,mag_x_ut,mag_y_ut,mag_z_ut,quat_w,quat_x,quat_y,quat_z
0,6508,156830,0.965,-0.178,0.131,-5.1,-0.3,-0.2,-6.2,23.6,-21.3,0.202551347,0.581194494,-0.303750725,0.727225562
1,9263,156830,0.965,-0.178,0.131,-5.1,-0.3,-0.2,-6.2,23.6,-21.3,0.202551347,0.581194494,-0.303750725,0.727225562
2,9973,156840,0.972,-0.175,0.131,-5.6,-0.6,-0.5,-4.8,23.5,-21,0.20291757,0.581408124,-0.303689688,0.726981414
3,12271,156840,0.972,-0.171,0.135,-5.9,-0.9,-0.6,-4.8,23.5,-21,0.203009125,0.581408124,-0.303781243,0.726920377
4,15850,156840,0.976,-0.179,0.135,-6.2,-1.1,-0.8,-4.8,23.5,-21,0.203070162,0.581408124,-0.303872799,0.72685934
5,18067,156840,0.976,-0.175,0.131,-6.4,-1.2,-0.9,-4.9,23.3,-21.2,0.203161718,0.581408124,-0.303964354,0.726798303
6,20256,156850,0.972,-0.179,0.131,-6.5,-1.1,-0.8,-4.9,23.3,-21.2,0.203253273,0.581377606,-0.304086428,0.726737266
7,22476,156850,0.976,-0.175,0.131,-6.7,-1.1,-0.8,-4.9,23.3,-21.2,0.203344829,0.581377606,-0.304177984,0.726676229
8,24691,156850,0.976,-0.175,0.135,-6.8,-1,-0.9,-4.9,23.3,-21.2,0.203436384,0.581377606,-0.304269539,0.726615192
9,27756,156850,0.976,-0.179,0.138,-7,-1,-1,-4.9,23.8,-21,0.203558458,0.581377606,-0.304391614,0.726554155
10,29988,156860,0.976,-0.183,0.135,-7,-1.1,-1.1,-4.9,23.8,-21,0.203650014,0.581377606,-0.304483169,0.726493118
11,32142,156860,0.98,-0.179,0.131,-7.2,-1,-1.3,-4.9,23.8,-21,0.203741569,0.581347087,-0.304574725,0.726401563
12,34880,156860,0.976,-0.183,0.135,-7.2,-1,-1.6,-4.9,23.8,-21,0.203863643,0.581347087,-0.304696799,0.726340526
13,36888,156860,0.98,-0.179,0.138,-7.3,-1.1,-1.8,-4.5,23.5,-20.7,0.203985717,0.581347087,-0.304788354,0.726279489
14,40091,156870,0.976,-0.183,0.131,-7.3,-1.1,-1.9,-4.5,23.5,-20.7,0.204107791,0.581347087,-0.30487991,0.726218451
15,43075,156870,0.984,-0.191,0.131,-7.2,-1.1,-2,-4.5,23.5,-20.7,0.204199347,0.581347087,-0.304971465,0.726126896
16,46087,156870,0.98,-0.19,0.135,-7,-1,-2.1,-4.5,23.5,-20.7,0.204321421,0.581347087,-0.305063021,0.726065859
17,47616,156870,0.976,-0.194,0.127,-6.9,-0.9,-2.2,-6,24.5,-21.7,0.204443495,0.581347087,-0.305154576,0.726004822
18,49790,156880,0.976,-0.194,0.135,-6.8,-0.8,-2.3,-6,24.5,-21.7,0.204565569,0.581347087,-0.305215613,0.725913266
19,53171,156880,0.98,-0.198,0.131,-6.9,-0.6,-2.4,-6,24.5,-21.7,0.204687643,0.581347087,-0.305307169,0.725852229
20,54996,156880,0.976,-0.198,0.123,-6.9,-0.4,-2.5,-6,24.5,-21.7,0.204809717,0.581347087,-0.305398724,0.725791192
21,58095,156880,0.976,-0.198,0.123,-6.9,-0.4,-2.5,-6,24.5,-21.7,0.204809717,0.581347087,-0.305398724,0.725791192
22,60368,156890,0.976,-0.202,0.127,-6.6,-0.3,-2.6,-4.6,24.4,-21.7,0.205114902,0.581438643,-0.30549028,0.725577563
23,62453,156890,0.972,-0.198,0.127,-6.4,-0.3,-2.8,-4.6,24.4,-21.7,0.205236976,0.581438643,-0.305551317,0.725516526
24,64495,156890,0.976,-0.206,0.131,-6.2,-0.3,-2.8,-4.6,24.4,-21.7,0.20535905,0.581438643,-0.305642872,0.725455489
25,67248,156890,0.972,-0.21,0.131,-6.1,-0.3,-2.7,-4.8,24.3,-21.3,0.205481124,0.581438643,-0.305703909,0.72542497
26,70889,156900,0.972,-0.21,0.135,-6.1,-0.3,-2.5,-4.8,24.3,-21.3,0.205603198,0.581408124,-0.305764946,0.725363933
27,73041,156900,0.972,-0.202,0.131,-6.1,-0.4,-2.4,-4.8,24.3,-21.3,0.205694754,0.581408124,-0.305825983,0.725302896
28,75439,156900,0.976,-0.21,0.135,-6.1,-0.5,-2.3,-4.8,24.3,-21.3,0.205816828,0.581408124,-0.30588702,0.725241859
29,77626,156900,0.98,-0.206,0.131,-6.1,-0.5,-2.2,-5.2,24.5,-21.9,0.205938902,0.581408124,-0.305978576,0.725180822
30,80113,156910,0.976,-0.206,0.135,-6.1,-0.5,-2.1,-5.2,24.5,-21.9,0.206030457,0.581408124,-0.306039613,0.725119785
31,82389,156910,0.972,-0.198,0.139,-6.1,-0.4,-1.9,-5.2,24.5,-21.9,0.206152532,0.581408124,-0.306131169,0.725058748
32,84847,156910,0.972,-0.202,0.139,-6.1,-0.3,-1.5,-5.2,24.5,-21.9,0.206244087,0.581377606,-0.306192206,0.724997711
33,88434,156910,0.976,-0.202,0.142,-6.1,-0.2,-1.2,-5,24.7,-21.3,0.206335643,0.581377606,-0.306283761,0.724967193
34,90717,156920,0.969,-0.194,0.143,-6.2,-0.1,-0.9,-5,24.7,-21.3,0.206427198,0.581347087,-0.306375317,0.724906156
35,93014,156920,0.972,-0.19,0.135,-6.2,0,-0.6,-5,24.7,-21.3,0.206518754,0.581316568,-0.306466872,0.724875637
36,95052,156920,0.976,-0.186,0.131,-6.1,0,-0.3,-5,24.7,-21.3,0.206610309,0.581316568,-0.306558428,0.7248146
37,97463,156920,0.976,-0.19,0.138,-6,0.1,-0.3,-5.5,24.1,-21.1,0.206701865,0.58128605,-0.306649983,0.724784082
38,99885,156930,0.98,-0.183,0.138,-5.9,0.1,-0.3,-5.5,24.1,-21.1,0.206762902,0.581255531,-0.306741539,0.724753563
39,104074,156930,0.976,-0.186,0.138,-5.8,0.1,-0.3,-5.5,24.1,-21.1,0.206854457,0.581225013,-0.306833094,0.724692526
40,106411,156930,0.972,-0.186,0.142,-5.7,0,-0.2,-5.5,24.1,-21.1,0.206915494,0.581194494,-0.306894131,0.724662008
41,109135,156930,0.972,-0.186,0.142,-5.7,0,-0.2,-5.5,24.1,-21.1,0.206915494,0.581194494,-0.306894131,0.724662008
42,109947,156940,0.98,-0.183,0.142,-5.1,0.2,0,-5.5,23.9,-21.2,0.207312235,0.581225013,-0.306802576,0.724570452
43,113407,156940,0.976,-0.179,0.142,-4.9,0.2,0,-5.5,23.9,-21.2,0.207373272,0.581225013,-0.306894131,0.724539933
44,115586,156940,0.976,-0.183,0.138,-4.7,0.2,-0.1,-5.5,23.9,-21.2,0.207434309,0.581194494,-0.306955168,0.724509415
45,117931,156940,0.98,-0.183,0.134,-4.6,0.2,-0.1,-5.8,24.3,-21.5,0.207495346,0.581163976,-0.307016205,0.724478896
46,120370,156950,0.98,-0.186,0.142,-4.6,0.3,-0.2,-5.8,24.3,-21.5,0.207556383,0.581133457,-0.307107761,0.724448378
47,122594,156950,0.976,-0.183,0.142,-4.5,0.5,-0.2,-5.8,24.3,-21.5,0.20761742,0.581102939,-0.307168798,0.724417859
48,124833,156950,0.976,-0.186,0.142,-4.5,0.7,-0.2,-5.8,24.3,-21.5,0.207708975,0.58107242,-0.307229835,0.724417859
49,127245,156950,0.98,-0.194,0.142,-4.3,0.9,-0.2,-5.7,24.4,-20.7,0.207770013,0.581041902,-0.307290872,0.724387341
50,130818,156960,0.98,-0.187,0.134,-4.3,0.9,-0.3,-5.7,24.4,-20.7,0.20783105,0.581011383,-0.307351909,0.724356822
51,133303,156960,0.98,-0.19,0.138,-4.3,0.9,-0.3,-5.7,24.4,-20.7,0.207892087,0.580980865,-0.307412946,0.724356822
52,135493,156960,0.98,-0.194,0.142,-4.3,1.1,-0.2,-5.7,24.4,-20.7,0.207953124,0.580950346,-0.307473983,0.724326304
53,137426,156960,0.976,-0.202,0.142,-4.4,1.2,-0.2,-5.9,24.3,-20.3,0.208044679,0.580919828,-0.30753502,0.724326304
54,139821,156970,0.972,-0.198,0.139,-4.4,1.4,-0.2,-5.9,24.3,-20.3,0.208105716,0.580858791,-0.307596057,0.724295785
55,141939,156970,0.98,-0.202,0.146,-4.5,1.5,-0.2,-5.9,24.3,-20.3,0.208166753,0.580828272,-0.307657094,0.724295785
56,145969,156970,0.976,-0.206,0.142,-4.5,1.6,-0.1,-5.9,24.3,-20.3,0.20822779,0.580767235,-0.307718131,0.724295785
57,148052,156970,0.976,-0.202,0.142,-4.7,1.5,-0.2,-5.4,24.7,-22.5,0.208319346,0.580736717,-0.307779168,0.724265267
58,150096,156980,0.972,-0.206,0.135,-4.8,1.6,-0.1,-5.4,24.7,-22.5,0.208410901,0.58067568,-0.307840205,0.724265267
59,152363,156980,0.972,-0.206,0.139,-4.8,1.7,0,-5.4,24.7,-22.5,0.208471938,0.580645161,-0.307901242,0.724265267
60,155929,156980,0.976,-0.206,0.139,-4.8,1.8,0.1,-5.4,24.7,-22.5,0.208532975,0.580584124,-0.307992798,0.724234748
61,157862,156980,0.976,-0.206,0.139,-4.8,1.8,0.1,-5.4,24.7,-22.5,0.208532975,0.580584124,-0.307992798,0.724234748
62,160371,156990,0.968,-0.21,0.139,-4.7,2,0.3,-5.6,24.8,-20.3,0.208685568,0.58046205,-0.308114872,0.724234748
63,162444,156990,0.968,-0.202,0.135,-4.6,1.9,0.4,-5.6,24.8,-20.3,0.208746605,0.580401013,-0.308175909,0.724234748
64,164617,156990,0.968,-0.206,0.135,-4.5,1.9,0.5,-5.6,24.8,-20.3,0.208807642,0.580339976,-0.308267464,0.724234748
65,167786,156990,0.972,-0.202,0.142,-4.3,1.8,0.6,-5.6,24.6,-20.3,0.208868679,0.580278939,-0.308328501,0.724234748
66,170086,157000,0.969,-0.202,0.143,-4,1.6,0.7,-5.6,24.6,-20.3,0.208929716,0.580248421,-0.308389538,0.724234748
67,172917,157000,0.969,-0.194,0.139,-3.6,1.5,0.9,-5.6,24.6,-20.3,0.208960234,0.580187384,-0.308450575,0.724234748
68,175088,157000,0.965,-0.198,0.139,-3.3,1.4,1.1,-5.6,24.6,-20.3,0.208990753,0.580156865,-0.308511612,0.724234748
69,178495,157000,0.969,-0.194,0.135,-3,1.4,1.1,-5.6,24.8,-19.6,0.209021271,0.580095828,-0.308572649,0.724234748
70,181213,157010,0.969,-0.198,0.139,-2.7,1.4,1.1,-5.6,24.8,-19.6,0.20905179,0.58006531,-0.308603168,0.724234748
71,183408,157010,0.965,-0.194,0.139,-2.4,1.4,1.1,-5.6,24.8,-19.6,0.209082308,0.580034791,-0.308664205,0.724234748
72,185641,157010,0.961,-0.198,0.143,-2.1,1.4,1.1,-5.6,24.8,-19.6,0.209112827,0.579973754,-0.308694723,0.724265267
73,188019,157010,0.965,-0.194,0.135,-1.8,1.5,1.2,-5.9,24.7,-20.1,0.209112827,0.579943236,-0.30875576,0.724265267
74,190080,157020,0.961,-0.19,0.139,-1.6,1.5,1.3,-5.9,24.7,-20.1,0.209112827,0.579912717,-0.308786279,0.724295785
75,192345,157020,0.965,-0.19,0.139,-1.4,1.4,1.4,-5.9,24.7,-20.1,0.209112827,0.57985168,-0.308816797,0.724295785
76,195784,157020,0.965,-0.194,0.135,-1.3,1.3,1.4,-5.9,24.7,-20.1,0.209143345,0.579821162,-0.308847316,0.724326304
77,197372,157020,0.969,-0.19,0.139,-1.2,1.3,1.3,-5.6,24.1,-22.6,0.209143345,0.579790643,-0.308877834,0.724326304
78,199392,157030,0.969,-0.194,0.139,-1.2,1.5,1.3,-5.6,24.1,-22.6,0.209143345,0.579760125,-0.308908353,0.724356822
79,203290,157030,0.969,-0.19,0.135,-1.1,1.6,1.3,-5.6,24.1,-22.6,0.209143345,0.579699087,-0.308938871,0.724356822
80,204957,157030,0.969,-0.19,0.143,-1.1,1.7,1.4,-5.6,24.1,-22.6,0.209143345,0.579668569,-0.30896939,0.724387341
81,207016,157030,0.969,-0.19,0.143,-1.1,1.7,1.4,-5.6,24.1,-22.6,0.209143345,0.579668569,-0.30896939,0.724387341
82,210795,157040,0.969,-0.186,0.143,-1.3,1.7,1.6,-5,23.8,-20.4,0.209265419,0.57963805,-0.308908353,0.724417859
83,212501,157040,0.969,-0.19,0.139,-1.5,1.8,1.7,-5,23.8,-20.4,0.209265419,0.579577013,-0.308938871,0.724417859
84,214728,157040,0.972,-0.186,0.142,-1.6,1.9,1.9,-5,23.8,-20.4,0.209265419,0.579515976,-0.308999908,0.724448378
85,218481,157040,0.969,-0.182,0.139,-1.7,1.9,1.9,-5.7,24.1,-21.5,0.209265419,0.579485458,-0.309030427,0.724478896
86,220676,157050,0.969,-0.182,0.139,-1.8,1.9,2,-5.7,24.1,-21.5,0.209265419,0.579424421,-0.309060945,0.724478896
87,222944,157050,0.969,-0.179,0.135,-1.8,1.8,2,-5.7,24.1,-21.5,0.209295938,0.579363384,-0.309121982,0.724509415
88,225089,157050,0.969,-0.178,0.139,-1.8,1.9,2,-5.7,24.1,-21.5,0.209295938,0.579332865,-0.30918302,0.724539933
89,227367,157050,0.965,-0.171,0.135,-1.8,1.9,2,-5.6,24.6,-21.9,0.209295938,0.579271828,-0.309213538,0.724539933
90,230376,157060,0.965,-0.182,0.135,-1.7,2,1.9,-5.6,24.6,-21.9,0.209295938,0.579210791,-0.309274575,0.724570452
91,232547,157060,0.961,-0.182,0.131,-1.6,2,1.9,-5.6,24.6,-21.9,0.209295938,0.579149754,-0.309305094,0.72460097
92,235385,157060,0.965,-0.178,0.131,-1.5,1.9,1.9,-5.6,24.6,-21.9,0.209295938,0.579088717,-0.309335612,0.724631489
93,238331,157060,0.965,-0.175,0.135,-1.5,1.7,1.9,-5.3,24.2,-21.9,0.209295938,0.579058199,-0.309396649,0.724631489
94,239728,157070,0.961,-0.175,0.127,-1.3,1.5,1.8,-5.3,24.2,-21.9,0.209295938,0.57902768,-0.309427168,0.724662008
95,242972,157070,0.961,-0.175,0.123,-1.2,1.5,1.8,-5.3,24.2,-21.9,0.209295938,0.578966643,-0.309457686,0.724692526
96,245380,157070,0.957,-0.178,0.127,-1.1,1.4,1.7,-5.3,24.2,-21.9,0.209295938,0.578936125,-0.309488205,0.724692526
97,247323,157070,0.957,-0.171,0.127,-1,1.4,1.5,-5.4,24.8,-21.3,0.209295938,0.578905606,-0.309518723,0.724723045
98,250340,157080,0.953,-0.178,0.127,-0.9,1.3,1.5,-5.4,24.8,-21.3,0.209295938,0.578875088,-0.309549242,0.724723045
99,253058,157080,0.957,-0.174,0.123,-0.9,1.2,1.4,-5.4,24.8,-21.3,0.209295938,0.578814051,-0.30957976,0.724753563
100,254703,157080,0.953,-0.17,0.127,-0.7,1,1.4,-5.4,24.8,-21.3,0.209295938,0.578814051,-0.309610279,0.724753563
101,257745,157080,0.953,-0.17,0.127,-0.7,1,1.4,-5.4,24.8,-21.3,0.209295938,0.578814051,-0.309610279,0.724753563
102,260929,157090,0.953,-0.174,0.127,-0.6,0.6,1.4,-5.6,24.9,-21.6,0.209418012,0.578905606,-0.309488205,0.724692526
103,262333,157090,0.953,-0.174,0.127,-0.7,0.3,1.5,-5.6,24.9,-21.6,0.209418012,0.578905606,-0.309518723,0.724692526
104,265676,157090,0.953,-0.174,0.123,-0.7,0.2,1.6,-5.6,24.9,-21.6,0.209387494,0.578875088,-0.309549242,0.724692526
105,267902,157090,0.953,-0.17,0.123,-0.8,0.1,1.9,-5.9,24.8,-21.9,0.209387494,0.578844569,-0.30957976,0.724692526
106,270208,157100,0.957,-0.167,0.119,-0.9,0.1,2.1,-5.9,24.8,-21.9,0.209356975,0.578844569,-0.309640797,0.724692526
107,272829,157100,0.961,-0.167,0.127,-1.1,0.1,2.4,-5.9,24.8,-21.9,0.209326456,0.578814051,-0.309671316,0.724692526
108,276164,157100,0.965,-0.163,0.119,-1.3,0.1,2.6,-5.9,24.8,-21.9,0.209326456,0.578783532,-0.309732353,0.724723045
109,278206,157100,0.961,-0.159,0.123,-1.7,0.1,2.7,-5.5,24.6,-21.7,0.209295938,0.578753014,-0.30979339,0.724723045
110,279771,157110,0.957,-0.159,0.123,-1.9,0.1,2.9,-5.5,24.6,-21.7,0.209265419,0.578722495,-0.309854427,0.724723045
111,282959,157110,0.957,-0.151,0.123,-2.2,0,3,-5.5,24.6,-21.7,0.209265419,0.578691977,-0.309945982,0.724723045
112,284739,157110,0.957,-0.155,0.119,-2.3,-0.1,3.1,-5.5,24.6,-21.7,0.209204382,0.578661458,-0.310007019,0.724723045
113,287931,157110,0.961,-0.147,0.123,-2.4,-0.2,3.2,-5.4,24.1,-21.2,0.209204382,0.57863094,-0.310098575,0.724723045
114,290001,157120,0.957,-0.143,0.123,-2.5,-0.4,3.3,-5.4,24.1,-21.2,0.209173864,0.578600421,-0.31019013,0.724692526
115,293169,157120,0.957,-0.139,0.127,-2.7,-0.5,3.5,-5.4,24.1,-21.2,0.209143345,0.578569903,-0.310281686,0.724692526
116,295377,157120,0.957,-0.139,0.127,-2.8,-0.6,3.5,-5.4,24.1,-21.2,0.209143345,0.578539384,-0.310373241,0.724692526
117,297616,157120,0.961,-0.147,0.127,-3.1,-0.7,3.5,-5.2,25.5,-20.4,0.209112827,0.578508866,-0.310464797,0.724662008
118,300114,157130,0.957,-0.139,0.127,-3.4,-1,3.4,-5.2,25.5,-20.4,0.209082308,0.578508866,-0.310556352,0.724662008
119,302317,157130,0.957,-0.135,0.123,-3.7,-1.2,3.2,-5.2,25.5,-20.4,0.209082308,0.578478347,-0.310678426,0.724631489
120,305988,157130,0.953,-0.139,0.127,-4,-1.4,3.2,-5.2,25.5,-20.4,0.209082308,0.578447829,-0.310769982,0.72460097
121,308310,157130,0.953,-0.139,0.127,-4,-1.4,3.2,-5.2,25.5,-20.4,0.209082308,0.578447829,-0.310769982,0.72460097
122,309828,157140,0.957,-0.143,0.127,-4.5,-1.2,2.9,-5.2,23.9,-22.4,0.209753716,0.578905606,-0.310312204,0.724234748
123,313011,157140,0.957,-0.139,0.131,-4.9,-1.2,2.9,-5.2,23.9,-22.4,0.209753716,0.578875088,-0.310434278,0.72420423
124,315409,157140,0.957,-0.147,0.127,-5.3,-1.2,2.8,-5.2,23.9,-22.4,0.209753716,0.578844569,-0.310586871,0.724173711
125,317310,157140,0.957,-0.147,0.127,-5.6,-1.3,2.7,-5.5,23.9,-22.6,0.209784234,0.578844569,-0.310708945,0.724112674
126,321014,157150,0.953,-0.147,0.127,-6,-1.5,2.6,-5.5,23.9,-22.6,0.209814753,0.578814051,-0.310831019,0.724082156
127,323338,157150,0.953,-0.155,0.127,-6.3,-1.5,2.5,-5.5,23.9,-22.6,0.209845271,0.578783532,-0.310983612,0.724021119
128,325653,157150,0.957,-0.155,0.123,-6.7,-1.5,2.6,-5.5,23.9,-22.6,0.20987579,0.578753014,-0.311136204,0.723960082
129,327766,157150,0.953,-0.147,0.127,-7,-1.4,2.7,-5.3,24.1,-22.3,0.209906308,0.578753014,-0.311288797,0.723899045
130,329799,157160,0.957,-0.155,0.127,-7.4,-1.4,2.8,-5.3,24.1,-22.3,0.209936827,0.578722495,-0.311441389,0.723868526
131,332929,157160,0.953,-0.159,0.127,-7.6,-1.4,2.8,-5.3,24.1,-22.3,0.209997864,0.578691977,-0.311593982,0.723807489
132,335328,157160,0.957,-0.159,0.123,-7.8,-1.4,2.8,-5.3,24.1,-22.3,0.210028382,0.57863094,-0.311777093,0.723746452
133,337749,157160,0.961,-0.155,0.127,-8,-1.4,3,-5.2,23.9,-22.2,0.210089419,0.578600421,-0.311929685,0.723685415
134,339793,157170,0.957,-0.159,0.127,-8.2,-1.3,3,-5.2,23.9,-22.2,0.210119938,0.578569903,-0.312112796,0.723624378
135,341937,157170,0.961,-0.159,0.127,-8.3,-1.3,3.2,-5.2,23.9,-22.2,0.210180975,0.578539384,-0.312295907,0.723563341
136,345976,157170,0.965,-0.151,0.123,-8.4,-1.4,3.2,-5.2,23.9,-22.2,0.210180975,0.578508866,-0.312479019,0.723502304
137,348133,157170,0.969,-0.155,0.123,-8.4,-1.5,3.3,-5.4,25.3,-20.4,0.210242012,0.578447829,-0.31266213,0.723441267
138,350184,157180,0.961,-0.159,0.123,-8.5,-1.7,3.3,-5.4,25.3,-20.4,0.210303049,0.57841731,-0.312845241,0.72338023
139,353842,157180,0.969,-0.155,0.127,-8.6,-1.7,3.4,-5.4,25.3,-20.4,0.210333567,0.578386792,-0.313028352,0.723319193
140,355963,157180,0.969,-0.155,0.123,-8.6,-1.7,3.5,-5.4,25.3,-20.4,0.210394604,0.578356273,-0.313211463,0.723258156
141,358238,157180,0.969,-0.155,0.123,-8.6,-1.7,3.5,-5.4,25.3,-20.4,0.210394604,0.578356273,-0.313211463,0.723258156
142,360489,157190,0.969,-0.151,0.123,-8.7,-1.6,3.7,-5.7,24,-20.7,0.210821863,0.578569903,-0.313241981,0.722922452
143,363181,157190,0.976,-0.151,0.127,-8.8,-1.7,3.7,-5.7,24,-20.7,0.2108829,0.578539384,-0.313425092,0.722861415
144,365337,157190,0.973,-0.147,0.127,-8.9,-1.8,3.8,-5.7,24,-20.7,0.210913419,0.578478347,-0.313638722,0.722800378
145,367613,157190,0.976,-0.151,0.123,-8.9,-1.9,3.7,-5.6,24.9,-21.3,0.210943937,0.578447829,-0.313821833,0.722739341
146,371093,157200,0.976,-0.151,0.127,-9,-2,3.8,-5.6,24.9,-21.3,0.211004975,0.57841731,-0.314035463,0.722678304
147,373341,157200,0.98,-0.148,0.123,-9.2,-2.1,3.7,-5.6,24.9,-21.3,0.211035493,0.578386792,-0.314218574,0.722586749
148,375663,157200,0.98,-0.148,0.119,-9.4,-2.1,3.9,-5.6,24.9,-21.3,0.21109653,0.578356273,-0.314432203,0.722525712
149,377851,157200,0.976,-0.144,0.119,-9.5,-2,3.9,-5.9,24.9,-21,0.211127049,0.578295236,-0.314645833,0.722434156
150,379652,157210,0.98,-0.151,0.123,-9.7,-1.8,3.9,-5.9,24.9,-21,0.211157567,0.578264718,-0.314859462,0.722373119
151,383405,157210,0.98,-0.148,0.115,-9.8,-1.6,3.9,-5.9,24.9,-21,0.211218604,0.578234199,-0.315073092,0.722312082
152,385892,157210,0.98,-0.148,0.111,-10,-1.5,3.7,-5.9,24.9,-21,0.211279641,0.578173162,-0.315286721,0.722220527
153,388044,157210,0.976,-0.151,0.115,-10,-1.4,3.5,-5.9,25.4,-21.3,0.211340678,0.578112125,-0.315500351,0.72215949
154,390357,157220,0.984,-0.152,0.115,-10.2,-1.3,3.2,-5.9,25.4,-21.3,0.211401715,0.578081606,-0.315713981,0.722098453
155,392409,157220,0.976,-0.151,0.115,-10.3,-1.3,3,-5.9,25.4,-21.3,0.211493271,0.578020569,-0.31592761,0.722006897
156,394747,157220,0.98,-0.155,0.111,-10.5,-1.2,2.9,-5.9,25.4,-21.3,0.211554308,0.577990051,-0.316110721,0.72194586
157,397976,157220,0.98,-0.155,0.115,-10.5,-1.2,2.9,-5.4,25.3,-20.8,0.211645863,0.577929014,-0.316324351,0.721854305
158,399781,157230,0.98,-0.163,0.115,-10.6,-1,2.8,-5.4,25.3,-20.8,0.211737419,0.577867977,-0.31653798,0.721793268
159,402467,157230,0.98,-0.155,0.111,-10.7,-0.8,2.8,-5.4,25.3,-20.8,0.211798456,0.577837458,-0.31675161,0.721701712
160,405031,157230,0.976,-0.159,0.115,-10.9,-0.7,2.7,-5.4,25.3,-20.8,0.211890011,0.577776421,-0.316965239,0.721640675
161,407339,157230,0.976,-0.159,0.115,-10.9,-0.7,2.7,-5.4,25.3,-20.8,0.211890011,0.577776421,-0.316965239,0.721640675
162,409458,157240,0.976,-0.163,0.115,-11.4,-0.6,2.2,-5.3,25.4,-20.9,0.212469863,0.578020569,-0.317026276,0.721243934
163,413324,157240,0.976,-0.171,0.111,-11.4,-0.6,2.2,-5.3,25.4,-20.9,0.212591937,0.577990051,-0.317239906,0.721152379
164,415732,157240,0.984,-0.171,0.115,-11.7,-0.5,2,-5.3,25.4,-20.9,0.212714011,0.577929014,-0.317453536,0.721060823
165,417822,157240,0.972,-0.167,0.123,-12,-0.3,1.8,-5.6,25.6,-20.9,0.212805567,0.577837458,-0.317667165,0.720999786
166,419977,157250,0.976,-0.171,0.119,-12.4,-0.3,1.7,-5.6,25.6,-20.9,0.212958159,0.577776421,-0.317880795,0.720908231
167,422304,157250,0.972,-0.171,0.123,-12.7,-0.2,1.6,-5.6,25.6,-20.9,0.213080233,0.577715384,-0.318094424,0.720816675
168,424607,157250,0.976,-0.171,0.123,-13.2,-0.1,1.5,-5.6,25.6,-20.9,0.213232826,0.577654347,-0.318338572,0.720755638
169,427977,157250,0.968,-0.175,0.119,-13.5,0,1.5,-5.2,25.4,-20.6,0.2133549,0.577562792,-0.318552202,0.720664083
170,429807,157260,0.968,-0.179,0.123,-13.8,0,1.5,-5.2,25.4,-20.6,0.213507492,0.577501755,-0.31879635,0.720572527
171,432119,157260,0.968,-0.175,0.115,-14.1,0,1.5,-5.2,25.4,-20.6,0.213660085,0.577440718,-0.319040498,0.720480972
172,436013,157260,0.968,-0.179,0.119,-14.4,0,1.4,-5.2,25.4,-20.6,0.213843196,0.577349162,-0.319284646,0.720389416
173,438331,157260,0.976,-0.179,0.115,-14.6,0,1.4,-5.6,25.8,-20.8,0.213995788,0.577257607,-0.319528794,0.720297861
174,440389,157270,0.972,-0.183,0.111,-14.8,0.3,1.4,-5.6,25.8,-20.8,0.214148381,0.57719657,-0.319772942,0.720206305
175,442530,157270,0.972,-0.183,0.111,-15,0.6,1.4,-5.6,25.8,-20.8,0.214331492,0.577105014,-0.32001709,0.72011475
176,444825,157270,0.976,-0.187,0.103,-15.1,0.9,1.4,-5.6,25.8,-20.8,0.214514603,0.577013459,-0.320291757,0.720023194
177,448211,157270,0.976,-0.187,0.107,-15.1,0.9,1.4,-5.1,24.2,-20.5,0.214697714,0.576891385,-0.320535905,0.719931639
178,450321,157280,0.976,-0.191,0.103,-15.1,1.1,1.4,-5.1,24.2,-20.5,0.214850307,0.576799829,-0.320780053,0.719840083
179,452639,157280,0.98,-0.191,0.099,-15.1,1.1,1.2,-5.1,24.2,-20.5,0.215033418,0.576708274,-0.321024201,0.719718009
180,454877,157280,0.98,-0.187,0.103,-14.9,1.3,1.1,-5.1,24.2,-20.5,0.215216529,0.576616718,-0.321268349,0.71968749
181,457127,157280,0.98,-0.187,0.103,-14.9,1.3,1.1,-5.1,24.2,-20.5,0.215216529,0.576616718,-0.321268349,0.71968749
182,460824,157290,0.984,-0.191,0.099,-14.9,1.7,1.1,-6.4,25.5,-20.5,0.215765862,0.576769311,-0.321634571,0.719229713
183,463122,157290,0.988,-0.191,0.103,-14.9,1.9,1,-6.4,25.5,-20.5,0.215948973,0.576647237,-0.321878719,0.719138157
184,465155,157290,0.988,-0.187,0.099,-14.9,1.7,0.9,-6.4,25.5,-20.5,0.216132084,0.576555681,-0.322122868,0.71907712
185,468735,157290,0.992,-0.187,0.107,-14.9,1.6,0.8,-6.5,25.7,-20.4,0.216315195,0.576464125,-0.322367016,0.718985565
186,470500,157300,0.992,-0.195,0.111,-14.9,1.4,0.7,-6.5,25.7,-20.4,0.216498306,0.576342051,-0.322580645,0.718894009
187,472979,157300,0.992,-0.195,0.111,-15.1,1.2,0.7,-6.5,25.7,-20.4,0.216681417,0.576250496,-0.322824793,0.718802454
188,474812,157300,0.996,-0.195,0.111,-15.2,1.1,0.8,-6.5,25.7,-20.4,0.216864528,0.57615894,-0.323068941,0.718741417
189,478039,157300,0.996,-0.195,0.111,-15.5,1.1,0.8,-7.2,25.7,-20.4,0.217078158,0.576067385,-0.323313089,0.718649861
190,480445,157310,0.996,-0.195,0.111,-15.7,0.9,0.7,-7.2,25.7,-20.4,0.217261269,0.575975829,-0.323587756,0.718527787
191,482336,157310,0.996,-0.191,0.115,-16.1,0.9,0.7,-7.2,25.7,-20.4,0.21744438,0.575884274,-0.323831904,0.718436232
192,485795,157310,0.996,-0.187,0.115,-16.5,0.8,0.8,-7.2,25.7,-20.4,0.21765801,0.5757622,-0.324106571,0.718344676
193,487790,157310,1,-0.187,0.115,-16.9,0.9,0.9,-7.2,25.6,-20.4,0.217871639,0.575670644,-0.324381237,0.718222602
194,490291,157320,0.996,-0.187,0.115,-17.2,1,1.1,-7.2,25.6,-20.4,0.21805475,0.575579089,-0.324655904,0.718131046
195,492184,157320,0.996,-0.183,0.111,-17.4,1.3,1.3,-7.2,25.6,-20.4,0.21826838,0.575457015,-0.32493057,0.718039491
196,494999,157320,0.996,-0.183,0.111,-17.7,1.6,1.5,-7.2,25.6,-20.4,0.218482009,0.575334941,-0.325235755,0.717947935
197,498541,157320,0.996,-0.187,0.111,-18,1.7,1.7,-4.5,25.4,-20.6,0.218695639,0.575182348,-0.325540941,0.717825861
198,500799,157330,0.996,-0.179,0.111,-18.2,1.7,1.8,-4.5,25.4,-20.6,0.218909268,0.575060274,-0.325815607,0.717734306
199,503374,157330,0.996,-0.179,0.111,-18.4,1.7,1.8,-4.5,25.4,-20.6,0.219122898,0.5749382,-0.326120792,0.71764275
200,505541,157330,1,-0.183,0.107,-18.5,1.7,1.7,-4.5,25.4,-20.6,0.219336528,0.574816126,-0.326425977,0.717520676
201,507684,157330,1,-0.183,0.107,-18.5,1.7,1.7,-4.5,25.4,-20.6,0.219336528,0.574816126,-0.326425977,0.717520676
202,509942,157340,0.996,-0.175,0.107,-18.5,1.8,2.1,-6.5,26.3,-20.5,0.219946898,0.574785607,-0.326883755,0.717154454
203,513901,157340,0.992,-0.175,0.107,-18.5,1.9,2.3,-6.5,26.3,-20.5,0.220160527,0.574663533,-0.32718894,0.717062899
204,516165,157340,0.996,-0.171,0.103,-18.5,1.9,2.4,-6.5,26.3,-20.5,0.220374157,0.574541459,-0.327494125,0.716971343
205,518374,157340,0.996,-0.171,0.099,-18.4,1.9,2.5,-5.8,26.2,-20.4,0.220587786,0.574388867,-0.327829829,0.716879788
206,520807,157350,1,-0.175,0.099,-18.3,1.9,2.5,-5.8,26.2,-20.4,0.220770898,0.574266793,-0.328135014,0.716757714
207,523655,157350,0.996,-0.171,0.091,-18.1,2,2.5,-5.8,26.2,-20.4,0.220984527,0.5741142,-0.328440199,0.716666158
208,525978,157350,0.992,-0.167,0.091,-17.9,2.2,2.6,-5.8,26.2,-20.4,0.221198157,0.573961608,-0.328745384,0.716605121
209,528171,157350,0.996,-0.171,0.087,-17.6,2.5,2.7,-5.3,26.3,-20.3,0.221381268,0.573839534,-0.329020051,0.716513565
210,530070,157360,0.996,-0.167,0.095,-17.4,2.8,2.8,-5.3,26.3,-20.3,0.221564379,0.573686941,-0.329325236,0.71642201
211,532359,157360,0.996,-0.164,0.095,-17.2,3,2.9,-5.3,26.3,-20.3,0.221778008,0.573534349,-0.329630421,0.716360973
212,535679,157360,0.996,-0.164,0.087,-17.1,3.1,3,-5.3,26.3,-20.3,0.221961119,0.573381756,-0.329905087,0.716299936
213,537861,157360,0.996,-0.167,0.091,-16.9,3.3,3.1,-4.9,26.5,-20.2,0.22214423,0.573229163,-0.330210273,0.716238899
214,540195,157370,0.996,-0.164,0.091,-16.8,3.6,3.1,-4.9,26.5,-20.2,0.222327342,0.573046052,-0.330484939,0.716177862
215,542333,157370,1.003,-0.164,0.087,-16.8,3.8,3.1,-4.9,26.5,-20.2,0.222510453,0.57289346,-0.330759606,0.716116825
216,544760,157370,1,-0.168,0.091,-16.8,4.1,2.9,-4.9,26.5,-20.2,0.222724082,0.572710349,-0.331034272,0.716055788
217,548380,157370,0.996,-0.171,0.087,-16.6,4.5,2.8,-5.1,26.3,-20.5,0.222876675,0.572557756,-0.331308939,0.715994751
218,550707,157380,1,-0.171,0.087,-16.6,4.8,2.6,-5.1,26.3,-20.5,0.223120823,0.572374645,-0.331583605,0.715964232
219,553015,157380,1,-0.171,0.087,-16.5,5.1,2.5,-5.1,26.3,-20.5,0.223303934,0.572191534,-0.331858272,0.715933714
220,554836,157380,0.996,-0.175,0.091,-16.6,5.3,2.3,-5.1,26.3,-20.5,0.223517563,0.572008423,-0.33210242,0.715872677
221,557732,157380,0.996,-0.175,0.091,-16.6,5.3,2.3,-5.1,26.3,-20.5,0.223517563,0.572008423,-0.33210242,0.715872677
222,560029,157390,0.992,-0.175,0.091,-17,5.6,2.1,-5.3,26.4,-20.2,0.224372082,0.572374645,-0.33231605,0.715231788
223,563473,157390,0.996,-0.183,0.095,-17.3,5.8,2.2,-5.3,26.4,-20.2,0.22461623,0.572191534,-0.332590716,0.715170751
224,565763,157390,0.992,-0.179,0.095,-17.7,6,2.2,-5.3,26.4,-20.2,0.224829859,0.571977905,-0.332865383,0.715140233
225,568212,157390,0.992,-0.175,0.099,-18.3,6.4,2.3,-5.3,26.6,-20.7,0.225074007,0.571764275,-0.333170568,0.715079196
226,570377,157400,0.984,-0.183,0.103,-18.9,6.7,2.5,-5.3,26.6,-20.7,0.225318155,0.571550645,-0.333445235,0.715048677
227,572545,157400,0.98,-0.183,0.103,-19.5,7,2.7,-5.3,26.6,-20.7,0.225562304,0.571337016,-0.33375042,0.715018159
228,576137,157400,0.972,-0.183,0.099,-20.1,7.1,2.8,-5.3,26.6,-20.7,0.225806452,0.571092868,-0.334086123,0.714957121
229,578241,157400,0.976,-0.179,0.107,-20.7,7,2.9,-5.1,26.5,-20,0.226111637,0.570879238,-0.334391308,0.714926603
230,579838,157410,0.968,-0.179,0.103,-21.2,7,2.9,-5.1,26.5,-20,0.226355785,0.57063509,-0.334727012,0.714865566
231,582922,157410,0.964,-0.175,0.103,-21.6,7,3,-5.1,26.5,-20,0.226630451,0.570390942,-0.335062716,0.714804529
232,585194,157410,0.965,-0.179,0.107,-22,6.9,3.2,-5.1,26.5,-20,0.226905118,0.570146794,-0.335428938,0.714743492
233,588367,157410,0.961,-0.179,0.104,-22.4,6.8,3.4,-5.3,26.7,-20.2,0.227179785,0.569902646,-0.33579516,0.714682455
234,590730,157420,0.957,-0.175,0.1,-22.7,6.7,3.4,-5.3,26.7,-20.2,0.227454451,0.569658498,-0.336161382,0.714621418
235,593044,157420,0.961,-0.171,0.107,-23.1,6.5,3.6,-5.3,26.7,-20.2,0.227759636,0.56941435,-0.336527604,0.714560381
236,595159,157420,0.961,-0.171,0.111,-23.4,6.3,3.6,-5.3,26.7,-20.2,0.228034303,0.569170202,-0.336893826,0.714468825
237,597509,157420,0.953,-0.167,0.104,-23.7,6.2,3.6,-5.3,26.7,-20.2,0.228308969,0.568926054,-0.337290567,0.714407788
238,601082,157430,0.957,-0.171,0.107,-23.9,6,3.6,-5.3,26.7,-20.2,0.228583636,0.568712424,-0.337687307,0.714316233
239,602975,157430,0.953,-0.163,0.108,-24.1,5.9,3.6,-5.3,26.7,-20.2,0.228888821,0.568468276,-0.338053529,0.714224677
240,605288,157430,0.953,-0.163,0.108,-24.3,5.8,3.5,-5.3,26.7,-20.2,0.229163488,0.568224128,-0.33845027,0.714133122
241,607533,157430,0.953,-0.163,0.108,-24.3,5.8,3.5,-5.3,26.7,-20.2,0.229163488,0.568224128,-0.33845027,0.714133122
242,609704,157440,0.961,-0.159,0.1,-24.4,5.7,3.4,-4.4,26.4,-19.6,0.22992645,0.567918943,-0.339091159,0.713827937
243,611905,157440,0.957,-0.155,0.096,-24.5,5.7,3.4,-4.4,26.4,-19.6,0.230201117,0.567674795,-0.339487899,0.713736381
244,615709,157440,0.957,-0.159,0.1,-24.6,5.9,3.6,-4.4,26.4,-19.6,0.230506302,0.567430647,-0.33988464,0.713644826
245,617973,157440,0.957,-0.155,0.096,-24.7,6,3.7,-4.2,26.7,-19.4,0.230811487,0.567186499,-0.340311899,0.71355327
246,621288,157450,0.957,-0.159,0.096,-24.9,6.1,3.8,-4.2,26.7,-19.4,0.231086154,0.566942351,-0.34070864,0.713461715
247,623529,157450,0.953,-0.155,0.092,-25.2,6.2,3.8,-4.2,26.7,-19.4,0.231391339,0.566698202,-0.34110538,0.713370159
248,625868,157450,0.953,-0.155,0.088,-25.3,6.2,3.7,-4.2,26.7,-19.4,0.231666005,0.566423536,-0.34153264,0.713278603
249,628087,157450,0.957,-0.151,0.092,-25.5,6.2,3.7,-4.2,26.8,-19.7,0.232001709,0.566179388,-0.34192938,0.713187048
250,630267,157460,0.953,-0.147,0.088,-25.7,6.2,3.7,-4.2,26.8,-19.7,0.232306894,0.565904721,-0.342356639,0.713095492
251,632481,157460,0.949,-0.147,0.088,-25.9,6,3.6,-4.2,26.8,-19.7,0.232612079,0.565660573,-0.34275338,0.713003937
252,634790,157460,0.949,-0.143,0.092,-26.1,5.8,3.4,-4.2,26.8,-19.7,0.232917264,0.565416425,-0.343180639,0.712881863
253,638016,157460,0.949,-0.147,0.092,-26.4,5.5,3.3,-3.8,26.8,-19.1,0.233252968,0.565172277,-0.343607898,0.712790307
254,639800,157470,0.949,-0.143,0.096,-26.7,5.4,3.3,-3.8,26.8,-19.1,0.233558153,0.564928129,-0.344035157,0.712668233
255,642865,157470,0.949,-0.151,0.104,-27,5.2,3.2,-3.8,26.8,-19.1,0.233893857,0.564683981,-0.344462416,0.712546159
256,645257,157470,0.941,-0.143,0.104,-27.2,5.1,3.2,-3.8,26.8,-19.1,0.234199042,0.564439833,-0.344920194,0.712424085
257,647410,157470,0.949,-0.143,0.108,-27.7,5,3.1,-3.8,26.8,-19.1,0.234534745,0.564195685,-0.345347453,0.712271493
258,649469,157480,0.945,-0.143,0.108,-28.2,5,3,-3.8,26.8,-19.1,0.234870449,0.563951537,-0.345805231,0.712149419
259,652218,157480,0.945,-0.143,0.108,-28.8,4.9,2.9,-3.8,26.8,-19.1,0.235236671,0.563707389,-0.346263009,0.711996826
260,655747,157480,0.941,-0.143,0.108,-29.5,4.9,2.8,-3.8,26.8,-19.1,0.235572375,0.56346324,-0.346720786,0.711844234
261,657996,157480,0.941,-0.143,0.108,-29.5,4.9,2.8,-3.8,26.8,-19.1,0.235572375,0.56346324,-0.346720786,0.711844234
262,660180,157490,0.941,-0.147,0.108,-31,4.9,2.9,-4.1,26.6,-19.1,0.236854152,0.563371685,-0.347209082,0.711264382
263,662380,157490,0.941,-0.139,0.108,-31.8,4.8,2.9,-4.1,26.6,-19.1,0.237220374,0.563097018,-0.347727897,0.711111789
264,665129,157490,0.937,-0.135,0.108,-32.7,4.7,2.9,-4.1,26.6,-19.1,0.237617115,0.562822352,-0.348246712,0.710928678
265,668207,157490,0.937,-0.139,0.108,-33.5,4.6,3,-4.3,26.7,-19.2,0.238013855,0.562578204,-0.348765526,0.710745567
266,669759,157500,0.937,-0.143,0.1,-34.4,4.5,3.2,-4.3,26.7,-19.2,0.238410596,0.562303537,-0.349314859,0.710562456
267,672762,157500,0.937,-0.139,0.108,-35.2,4.4,3.2,-4.3,26.7,-19.2,0.238837855,0.562028871,-0.349894711,0.710348827
268,675017,157500,0.937,-0.139,0.104,-35.8,4.4,3.1,-4.3,26.7,-19.2,0.239265114,0.561723685,-0.350474563,0.710165716
269,677343,157500,0.933,-0.139,0.1,-36.5,4.2,3,-4.1,26.9,-19.3,0.239692373,0.561449019,-0.351054415,0.709952086
270,679413,157510,0.933,-0.143,0.1,-37,4.2,3,-4.1,26.9,-19.3,0.240150151,0.561174352,-0.351634266,0.709738456
271,683910,157510,0.937,-0.139,0.096,-37.4,4.1,3,-4.1,26.9,-19.3,0.24057741,0.560899686,-0.352214118,0.709524827
272,686163,157510,0.933,-0.135,0.096,-37.8,4,2.9,-4.1,26.9,-19.3,0.241035188,0.560594501,-0.352824488,0.709280679
273,688381,157510,0.937,-0.143,0.088,-38.2,4,2.8,-3.8,27.1,-18.9,0.241492965,0.560319834,-0.353434858,0.709067049
274,690187,157520,0.941,-0.143,0.088,-38.4,3.9,2.6,-3.8,27.1,-18.9,0.241950743,0.560045167,-0.354045228,0.708822901
275,692366,157520,0.941,-0.151,0.088,-38.6,3.9,2.4,-3.8,27.1,-18.9,0.242408521,0.559739982,-0.354655599,0.708578753
276,694747,157520,0.945,-0.155,0.084,-38.9,3.9,2.1,-3.8,27.1,-18.9,0.242866298,0.559465316,-0.355265969,0.708334605
277,697928,157520,0.945,-0.147,0.088,-39,3.8,1.8,-3.8,27.1,-18.9,0.243354595,0.559190649,-0.35584582,0.708090457
278,700273,157530,0.949,-0.151,0.084,-39.3,3.8,1.6,-3.8,27.1,-18.9,0.243842891,0.558915983,-0.356456191,0.707846309
279,702375,157530,0.953,-0.159,0.088,-39.5,3.8,1.4,-3.8,27.1,-18.9,0.244331187,0.558610797,-0.357066561,0.707602161
280,705467,157530,0.953,-0.155,0.084,-39.8,3.7,1.2,-3.8,27.1,-18.9,0.244819483,0.558336131,-0.357676931,0.707327494
281,707647,157530,0.953,-0.155,0.084,-39.8,3.7,1.2,-3.8,27.1,-18.9,0.244819483,0.558336131,-0.357676931,0.707327494
282,710700,157540,0.961,-0.159,0.084,-40.4,3.2,0.7,-4.9,27.9,-18.7,0.246284371,0.558336131,-0.358531449,0.706411939
283,713187,157540,0.961,-0.159,0.084,-40.6,3,0.5,-4.9,27.9,-18.7,0.246772668,0.558061464,-0.35914182,0.706106754
284,715449,157540,0.961,-0.163,0.092,-41,2.6,0.3,-4.9,27.9,-18.7,0.247291482,0.557817316,-0.359782708,0.705832087
285,717720,157540,0.961,-0.163,0.092,-41.6,2.3,0.2,-4.8,28,-18.3,0.247810297,0.55754265,-0.360423597,0.705526902
286,719836,157550,0.964,-0.171,0.092,-42.3,2,0.2,-4.8,28,-18.3,0.24835963,0.557267983,-0.361064486,0.705221717
287,722731,157550,0.968,-0.163,0.092,-43.2,2,0.3,-4.8,28,-18.3,0.248878445,0.557023835,-0.361705374,0.704916532
288,725183,157550,0.968,-0.167,0.088,-44,2.2,0.6,-4.8,28,-18.3,0.249427778,0.55671865,-0.362376782,0.704580828
289,727362,157550,0.968,-0.163,0.092,-44.8,2.4,0.7,-4.6,28.2,-17.7,0.249977111,0.556443983,-0.363078707,0.704275643
290,730726,157560,0.976,-0.159,0.088,-45.7,2.5,0.7,-4.6,28.2,-17.7,0.250556963,0.556138798,-0.363750114,0.70393994
291,732878,157560,0.972,-0.159,0.099,-46.5,2.6,0.6,-4.6,28.2,-17.7,0.251136814,0.555833613,-0.364482559,0.703604236
292,735203,157560,0.976,-0.155,0.088,-47.2,2.7,0.6,-4.6,28.2,-17.7,0.251716666,0.555528428,-0.365184484,0.703268532
293,737252,157560,0.976,-0.159,0.088,-47.9,2.7,0.5,-4.8,28.6,-16.9,0.252296518,0.555223243,-0.365916929,0.702932829
294,740406,157570,0.98,-0.155,0.095,-48.6,2.7,0.5,-4.8,28.6,-16.9,0.252906888,0.554918058,-0.366649373,0.702566607
295,742663,157570,0.98,-0.152,0.091,-49.3,2.7,0.5,-4.8,28.6,-16.9,0.253517258,0.554612873,-0.367412336,0.702230903
296,744825,157570,0.98,-0.144,0.095,-49.9,2.8,0.6,-4.8,28.6,-16.9,0.254127628,0.554277169,-0.368175298,0.701864681
297,747678,157570,0.984,-0.148,0.095,-50.4,3,0.5,-4.8,28.6,-16.9,0.254768517,0.553941465,-0.368938261,0.701498459
298,750026,157580,0.984,-0.144,0.095,-51,3.3,0.5,-4.8,28.6,-16.9,0.255378887,0.553605762,-0.369701224,0.701132237
299,753269,157580,0.984,-0.14,0.091,-51.4,3.6,0.4,-4.8,28.6,-16.9,0.256019776,0.55323954,-0.370464187,0.700766015
300,755753,157580,0.98,-0.14,0.087,-51.8,3.8,0.2,-4.8,28.6,-16.9,0.256691183,0.552903836,-0.371227149,0.700369274
301,757482,157580,0.98,-0.14,0.087,-51.8,3.8,0.2,-4.8,28.6,-16.9,0.256691183,0.552903836,-0.371227149,0.700369274
302,759495,157590,0.98,-0.136,0.08,-52.6,4,0,-4.8,28,-16.5,0.25840022,0.552537614,-0.37244789,0.699392682
303,763351,157590,0.98,-0.14,0.084,-53.1,4.2,-0.1,-4.8,28,-16.5,0.259071627,0.552171392,-0.373241371,0.698995941
304,765491,157590,0.98,-0.132,0.083,-53.6,4.4,-0.3,-4.8,28,-16.5,0.259773553,0.55180517,-0.374034852,0.6985992
305,767666,157590,0.984,-0.136,0.083,-54,4.6,-0.6,-4.6,28.5,-16.4,0.260475478,0.551438948,-0.374828333,0.698232978
306,769823,157600,0.984,-0.144,0.08,-54.3,4.8,-0.9,-4.6,28.5,-16.4,0.261177404,0.551072726,-0.375621815,0.697836238
307,773726,157600,0.976,-0.136,0.068,-54.8,4.9,-1.2,-4.6,28.5,-16.4,0.26187933,0.550706503,-0.376415296,0.697439497
308,775848,157600,0.984,-0.14,0.068,-55.3,5.1,-1.7,-4.6,28.5,-16.4,0.262611774,0.550309763,-0.377208777,0.697042756
309,777405,157600,0.984,-0.136,0.072,-55.9,5.2,-2.1,-5.1,28.5,-16.4,0.263374737,0.549913022,-0.378002258,0.696615497
310,779727,157610,0.964,-0.148,0.068,-56.7,5.4,-2.4,-5.1,28.5,-16.4,0.2641377,0.5495468,-0.37879574,0.696218757
311,783400,157610,0.972,-0.148,0.064,-57.4,5.5,-2.7,-5.1,28.5,-16.4,0.264900662,0.54915006,-0.379589221,0.695791498
312,785694,157610,0.968,-0.152,0.06,-58.1,5.6,-3,-5.1,28.5,-16.4,0.265694143,0.548753319,-0.380413221,0.69533372
313,787974,157610,0.968,-0.155,0.064,-58.9,5.7,-3.4,-4.9,28.7,-16.5,0.266518143,0.548356578,-0.38123722,0.694906461
314,790510,157620,0.968,-0.167,0.056,-59.7,5.9,-3.8,-4.9,28.7,-16.5,0.267342143,0.547929319,-0.38206122,0.694448683
315,792555,157620,0.964,-0.179,0.064,-60.5,6.2,-4.1,-4.9,28.7,-16.5,0.268166143,0.547532579,-0.38288522,0.693990905
316,795549,157620,0.968,-0.179,0.064,-61.3,6.5,-4.4,-4.9,28.7,-16.5,0.269020661,0.547105319,-0.383739738,0.693533128
317,797199,157620,0.96,-0.187,0.06,-62.3,6.9,-4.7,-4.9,28.7,-16.5,0.269905698,0.54667806,-0.384563738,0.69307535
318,800828,157630,0.956,-0.186,0.061,-63.2,7.1,-5.1,-4.9,28.7,-16.5,0.270790735,0.546250801,-0.385418256,0.692587054
319,802281,157630,0.956,-0.187,0.057,-64,7.2,-5.5,-4.9,28.7,-16.5,0.27170629,0.545793023,-0.386272774,0.692098758
320,805334,157630,0.949,-0.194,0.057,-64.8,7.3,-5.8,-4.9,28.7,-16.5,0.272621845,0.545335246,-0.387157811,0.691610462
321,807539,157630,0.949,-0.194,0.057,-64.8,7.3,-5.8,-4.9,28.7,-16.5,0.272621845,0.545335246,-0.387157811,0.691610462
322,810639,157640,0.949,-0.206,0.061,-66.2,7.7,-6.3,-5.1,30.1,-17,0.274666585,0.544877468,-0.388836329,0.690237129
323,812871,157640,0.949,-0.21,0.061,-66.8,7.9,-6.5,-5.1,30.1,-17,0.275643178,0.544389172,-0.389690847,0.689718314
324,815106,157640,0.949,-0.21,0.065,-67.5,8,-7,-5.1,30.1,-17,0.27661977,0.543931394,-0.390575884,0.689199499
325,817301,157640,0.945,-0.214,0.061,-68.1,8,-7.3,-4.8,30.1,-17.2,0.277596362,0.543443098,-0.39149144,0.688680685
326,820373,157650,0.941,-0.214,0.061,-68.7,8,-7.6,-4.8,30.1,-17.2,0.278603473,0.542985321,-0.392376476,0.688131352
327,822520,157650,0.937,-0.221,0.057,-69.2,8,-8,-4.8,30.1,-17.2,0.279610584,0.542527543,-0.393261513,0.687582018
328,825705,157650,0.945,-0.225,0.061,-69.8,8,-8.5,-4.8,30.1,-17.2,0.280648213,0.542039247,-0.394177068,0.687032685
329,828154,157650,0.941,-0.221,0.061,-70.2,8.1,-8.8,-5.1,30.5,-17.3,0.281655324,0.541550951,-0.395062105,0.686483352
330,829852,157660,0.941,-0.229,0.061,-70.5,8.3,-9.2,-5.1,30.5,-17.3,0.282723472,0.541093173,-0.395947142,0.6859035
331,832294,157660,0.945,-0.225,0.069,-70.6,8.4,-9.5,-5.1,30.5,-17.3,0.283761101,0.540604877,-0.396832179,0.685323649
332,836029,157660,0.948,-0.225,0.057,-70.6,8.4,-9.8,-5.1,30.5,-17.3,0.284829249,0.540116581,-0.397747734,0.684774316
333,838219,157660,0.948,-0.225,0.061,-70.7,8.1,-10.1,-5,30.7,-17.1,0.285866878,0.539658803,-0.398632771,0.684163945
334,840476,157670,0.948,-0.225,0.065,-70.7,7.9,-10.4,-5,30.7,-17.1,0.286935026,0.539170507,-0.399517808,0.683584094
335,842771,157670,0.948,-0.233,0.053,-71,7.8,-10.6,-5,30.7,-17.1,0.288003174,0.538712729,-0.400402844,0.683004242
336,844875,157670,0.952,-0.229,0.053,-71.3,7.6,-10.7,-5,30.7,-17.1,0.289040803,0.538254952,-0.401287881,0.682393872
337,847260,157670,0.952,-0.229,0.049,-71.8,7.4,-11,-5,30.7,-17.1,0.29013947,0.537766655,-0.402172918,0.681783502
338,850694,157680,0.952,-0.233,0.041,-72.2,7.4,-11.4,-5,30.7,-17.1,0.291207617,0.537308878,-0.403057955,0.681173132
339,852933,157680,0.96,-0.237,0.049,-72.4,7.7,-11.9,-5,30.7,-17.1,0.292306284,0.536820582,-0.403942991,0.680532243
340,854775,157680,0.956,-0.241,0.045,-72.5,8,-12.2,-5,30.7,-17.1,0.29340495,0.536362804,-0.404828028,0.679921873
341,856937,157680,0.956,-0.241,0.045,-72.5,8,-12.2,-5,30.7,-17.1,0.29340495,0.536362804,-0.404828028,0.679921873
342,860872,157690,0.964,-0.249,0.045,-72.6,8.8,-12.8,-4.9,31.5,-15.9,0.295480209,0.535721915,-0.40684225,0.67833491
343,863034,157690,0.972,-0.253,0.037,-72.8,9,-13.2,-4.9,31.5,-15.9,0.296609394,0.535233619,-0.407696768,0.677694021
344,865233,157690,0.972,-0.249,0.041,-72.9,9,-13.5,-4.9,31.5,-15.9,0.297738578,0.534745323,-0.408551286,0.677053133
345,867540,157690,0.972,-0.253,0.041,-72.8,9,-13.8,-5.3,31,-15.6,0.298867763,0.534257027,-0.409405805,0.676442763
346,869823,157700,0.979,-0.261,0.033,-72.6,9,-14,-5.3,31,-15.6,0.299996948,0.533768731,-0.410260323,0.675801874
347,872116,157700,0.987,-0.257,0.037,-72.5,8.8,-14.2,-5.3,31,-15.6,0.301156652,0.533310953,-0.411114841,0.675160985
348,875499,157700,0.991,-0.265,0.025,-72.4,8.6,-14.3,-5.3,31,-15.6,0.302285836,0.532822657,-0.411938841,0.674520096
349,877720,157700,0.995,-0.262,0.033,-72.4,8.3,-14.2,-5.7,30.6,-15.2,0.303415021,0.532364879,-0.412793359,0.673848689
350,879994,157710,0.995,-0.262,0.036,-72.5,7.9,-14,-5.7,30.6,-15.2,0.304513688,0.531876583,-0.413647877,0.673207801
351,882255,157710,1.003,-0.262,0.044,-72.6,7.5,-13.8,-5.7,30.6,-15.2,0.305642872,0.531418806,-0.414502396,0.672536393
352,884610,157710,1.003,-0.262,0.044,-72.8,7.1,-13.5,-5.7,30.6,-15.2,0.306741539,0.530930509,-0.415356914,0.671864986
353,888034,157710,1.003,-0.258,0.044,-73.2,6.7,-13,-5.4,30.8,-14.9,0.307840205,0.530472732,-0.416241951,0.671193579
354,890329,157720,1.007,-0.254,0.044,-73.5,6.4,-12.3,-5.4,30.8,-14.9,0.308938871,0.529984436,-0.417126988,0.670522172
355,892629,157720,1.007,-0.254,0.052,-73.9,6,-11.6,-5.4,30.8,-14.9,0.310007019,0.529526658,-0.418042543,0.669850764
356,894885,157720,1.007,-0.254,0.052,-74.3,5.7,-10.8,-5.4,30.8,-14.9,0.311075167,0.529038362,-0.418958098,0.669148839
357,896970,157720,1.003,-0.25,0.052,-74.6,5.5,-10,-5.4,30.8,-14.9,0.312143315,0.528519547,-0.419904172,0.668477432
358,899734,157730,0.999,-0.242,0.052,-74.8,5.4,-9.1,-5.4,30.8,-14.9,0.313180944,0.528031251,-0.420850246,0.667775506
359,902767,157730,0.999,-0.246,0.048,-74.8,5.5,-8.4,-5.4,30.8,-14.9,0.314218574,0.527512436,-0.421796319,0.667104099
360,904912,157730,0.999,-0.242,0.052,-74.9,5.7,-7.8,-5.4,30.8,-14.9,0.315256203,0.526993622,-0.422772912,0.666432691
361,907746,157730,0.999,-0.242,0.052,-74.9,5.7,-7.8,-5.4,30.8,-14.9,0.315256203,0.526993622,-0.422772912,0.666432691
362,910696,157740,0.991,-0.238,0.037,-74.8,6.4,-6.9,-5,31.2,-14.7,0.317239906,0.526017029,-0.424787133,0.664967803
363,912261,157740,0.983,-0.238,0.041,-74.7,6.8,-6.5,-5,31.2,-14.7,0.318247017,0.525437178,-0.425733207,0.664296396
364,914403,157740,0.98,-0.238,0.037,-74.6,7.3,-6.3,-5,31.2,-14.7,0.319254128,0.524887844,-0.426709799,0.663655507
365,918285,157740,0.968,-0.242,0.033,-74.5,7.7,-6.1,-5.1,31.3,-15.1,0.320291757,0.524307993,-0.427655873,0.663014618
366,920503,157750,0.972,-0.242,0.029,-74.3,8,-6,-5.1,31.3,-15.1,0.321298868,0.523728141,-0.428601947,0.66237373
367,922650,157750,0.96,-0.249,0.025,-74,8,-6,-5.1,31.3,-15.1,0.322305979,0.523148289,-0.429548021,0.661732841
368,925486,157750,0.96,-0.253,0.021,-73.4,8,-6,-5.1,31.3,-15.1,0.323313089,0.522568438,-0.430494095,0.661091952
369,928298,157750,0.956,-0.253,0.022,-72.6,8,-6.1,-5.1,31.6,-14,0.324289682,0.521988586,-0.43140965,0.660451064
370,929831,157760,0.952,-0.253,0.014,-71.7,8,-6.1,-5.1,31.6,-14,0.325266274,0.521439253,-0.432294687,0.659810175
371,932661,157760,0.948,-0.261,0.018,-70.8,8,-6.2,-5.1,31.6,-14,0.326242866,0.520859401,-0.433210242,0.659199805
372,935518,157760,0.952,-0.265,0.006,-70,8.3,-6.2,-5.1,31.6,-14,0.327219459,0.520310068,-0.43406476,0.658589434
373,936863,157760,0.944,-0.269,0.006,-69.3,8.6,-6.3,-4.9,32.5,-14.1,0.328165532,0.519760735,-0.434949797,0.657979064
374,940947,157770,0.944,-0.276,0.006,-68.9,9,-6.3,-4.9,32.5,-14.1,0.329142125,0.519180883,-0.435773797,0.657368694
375,943215,157770,0.94,-0.276,0.006,-68.7,9.4,-6.5,-4.9,32.5,-14.1,0.330088198,0.51863155,-0.436628315,0.656788842
376,944750,157770,0.944,-0.284,0.006,-68.7,9.8,-6.5,-4.9,32.5,-14.1,0.331064791,0.518051698,-0.437482833,0.656178472
377,948326,157770,0.948,-0.288,0.01,-68.8,10,-6.6,-4.9,32.5,-14.1,0.332010865,0.517471847,-0.438306833,0.655598621
378,949792,157780,0.948,-0.296,0.01,-69.1,10,-6.6,-4.9,32.5,-14.1,0.332987457,0.516891995,-0.439161351,0.65498825
379,952726,157780,0.948,-0.296,0.01,-69.5,9.9,-6.5,-4.9,32.5,-14.1,0.333964049,0.516312143,-0.439985351,0.654408399
380,955717,157780,0.956,-0.304,0.014,-70.1,9.8,-6.5,-4.9,32.5,-14.1,0.334940641,0.515701773,-0.440839869,0.653798029
381,957223,157780,0.956,-0.304,0.014,-70.1,9.8,-6.5,-4.9,32.5,-14.1,0.334940641,0.515701773,-0.440839869,0.653798029
382,960196,157790,0.964,-0.316,0.018,-71.5,9.9,-6.6,-5,33,-12.6,0.33661916,0.514572588,-0.442945647,0.652424696
383,963198,157790,0.964,-0.324,0.018,-72.5,10.2,-6.7,-5,33,-12.6,0.33762627,0.513962218,-0.443830683,0.651783807
384,964755,157790,0.964,-0.324,0.018,-72.5,10.2,-6.7,-5,33,-12.6,0.33762627,0.513962218,-0.443830683,0.651783807
385,967741,157790,0.967,-0.339,0.021,-75,11.1,-6.7,-5.4,33.6,-11.8,0.339701529,0.512680441,-0.445631275,0.650471511
386,970694,157800,0.967,-0.351,0.033,-76.6,11.5,-6.8,-5.4,33.6,-11.8,0.340769677,0.512009033,-0.446546831,0.649830622
387,972254,157800,0.967,-0.363,0.029,-78,11.7,-7,-5.4,33.6,-11.8,0.341837825,0.511337626,-0.447492904,0.649128697
388,975087,157800,0.967,-0.367,0.033,-79.3,11.9,-7.1,-5.4,33.6,-11.8,0.342967009,0.510635701,-0.448438978,0.648426771
389,978157,157800,0.967,-0.378,0.037,-80.3,12.2,-7.1,-5.1,33.9,-11.7,0.344065676,0.509933775,-0.449415571,0.647724845
390,979660,157810,0.963,-0.402,0.037,-81.4,12.7,-7.1,-5.1,33.9,-11.7,0.345194861,0.509201331,-0.450392163,0.647022919
391,982607,157810,0.963,-0.406,0.049,-82.5,13.1,-7.1,-5.1,33.9,-11.7,0.346354564,0.508468886,-0.451368755,0.646290475
392,985693,157810,0.956,-0.421,0.053,-83.8,13.5,-7.3,-5.1,33.9,-11.7,0.347514267,0.507705924,-0.452375866,0.645558031
393,987225,157810,0.956,-0.429,0.053,-85,14.1,-7.4,-5.4,34.1,-10.9,0.348704489,0.506942961,-0.453382977,0.644825587
394,990057,157820,0.956,-0.456,0.061,-85.9,14.6,-7.6,-5.4,34.1,-10.9,0.349894711,0.50614948,-0.454390088,0.644093142
395,993173,157820,0.948,-0.468,0.065,-86.4,15.1,-7.7,-5.4,34.1,-10.9,0.351115452,0.505355998,-0.455397198,0.64333018
396,995449,157820,0.952,-0.476,0.069,-86.8,15.4,-7.9,-5.4,34.1,-10.9,0.352336192,0.504562517,-0.456404309,0.642567217
397,997691,157820,0.948,-0.499,0.065,-86.8,15.7,-8,-5.4,34.1,-10.9,0.353556932,0.503738517,-0.45741142,0.641834773
398,999460,157830,0.951,-0.507,0.065,-86.6,15.6,-8.1,-5.4,34.1,-10.9,0.354777673,0.502945036,-0.458418531,0.64107181
399,1002852,157830,0.955,-0.515,0.069,-86.2,15.4,-8.4,-5.4,34.1,-10.9,0.355998413,0.502151555,-0.459425642,0.640308847
400,1006256,157830,0.955,-0.519,0.073,-85.5,15.1,-8.6,-5.4,34.1,-10.9,0.357219153,0.501358074,-0.460402234,0.639545885
401,1008115,157830,0.955,-0.519,0.073,-85.5,15.1,-8.6,-5.4,34.1,-10.9,0.357219153,0.501358074,-0.460402234,0.639545885
402,1010426,157840,0.959,-0.53,0.073,-83.5,14.7,-8.8,-4.9,34,-10.6,0.359111301,0.499435408,-0.462782678,0.638264107
403,1012677,157840,0.963,-0.538,0.085,-82.4,14.4,-8.9,-4.9,34,-10.6,0.360271004,0.498672445,-0.463728751,0.637531663
404,1014862,157840,0.959,-0.538,0.081,-81.1,14,-9,-4.9,34,-10.6,0.361400189,0.497909482,-0.464644307,0.636799219
405,1017998,157840,0.967,-0.546,0.081,-79.8,13.7,-9.1,-5.3,33.9,-9.7,0.362559893,0.497207556,-0.465529344,0.636066774
406,1020383,157850,0.967,-0.55,0.085,-78.6,13.5,-9.3,-5.3,33.9,-9.7,0.363658559,0.496475112,-0.46641438,0.63533433
407,1022625,157850,0.971,-0.558,0.088,-77.3,13.3,-9.4,-5.3,33.9,-9.7,0.364757225,0.495773186,-0.467268899,0.634601886
408,1025943,157850,0.979,-0.562,0.088,-75.6,13,-9.5,-5.3,33.9,-9.7,0.365855892,0.495071261,-0.468123417,0.63389996
409,1028273,157850,0.975,-0.558,0.096,-73.6,12.6,-9.7,-5.3,34.5,-9.3,0.366924039,0.494430372,-0.468947417,0.633228553
410,1030448,157860,0.979,-0.562,0.092,-71.4,12,-9.9,-5.3,34.5,-9.3,0.36793115,0.493789483,-0.469710379,0.632526627
411,1032715,157860,0.983,-0.566,0.096,-69,11.3,-10.3,-5.3,34.5,-9.3,0.368938261,0.493179113,-0.470473342,0.63185522
412,1034990,157860,0.99,-0.57,0.088,-66.8,10.7,-10.7,-5.3,34.5,-9.3,0.369914853,0.492599261,-0.471175268,0.631214331
413,1037033,157860,0.998,-0.57,0.096,-64.8,10.3,-11.1,-5.9,34.3,-9.5,0.370891446,0.492049928,-0.471877194,0.630573443
414,1040886,157870,1.006,-0.566,0.092,-62.8,10.2,-11.4,-5.9,34.3,-9.5,0.371807001,0.491531114,-0.472548601,0.629932554
415,1043134,157870,1.01,-0.57,0.088,-61,10.4,-11.6,-5.9,34.3,-9.5,0.372753075,0.491012299,-0.473128452,0.629322184
416,1045507,157870,1.026,-0.574,0.091,-59.1,10.8,-11.8,-5.9,34.3,-9.5,0.373638112,0.490493484,-0.473769341,0.628711814
417,1047473,157870,1.037,-0.578,0.095,-57.2,11.2,-11.9,-5.9,34.3,-9.5,0.374553667,0.490005188,-0.474318674,0.628162481
418,1049515,157880,1.041,-0.582,0.095,-55.2,11.4,-12.1,-5.9,34.3,-9.5,0.375408185,0.489516892,-0.474868007,0.627613147
419,1053621,157880,1.041,-0.582,0.095,-55.2,11.4,-12.1,-5.9,34.3,-9.5,0.375408185,0.489516892,-0.474868007,0.627613147
420,1055983,157880,1.057,-0.594,0.095,-51.4,11.7,-12.1,-5.9,34.3,-9.5,0.377117222,0.488570818,-0.4758446,0.626575518
421,1057973,157880,1.069,-0.595,0.102,-49.7,12,-11.9,-4.9,33.9,-8.8,0.377941221,0.488143559,-0.476302377,0.626087222
422,1060382,157890,1.072,-0.602,0.098,-48.4,12,-11.8,-4.9,33.9,-8.8,0.378734703,0.487685781,-0.476729637,0.625598926
423,1062644,157890,1.084,-0.607,0.106,-47.3,12.2,-11.7,-4.9,33.9,-8.8,0.379528184,0.487258522,-0.477156896,0.625141148
424,1065551,157890,1.088,-0.618,0.114,-46.6,12.5,-11.6,-4.9,33.9,-8.8,0.380321665,0.486800745,-0.477553636,0.624713889
425,1067787,157890,1.092,-0.63,0.121,-46.3,13.1,-11.3,-4.9,33.9,-8.8,0.381084628,0.486373486,-0.477950377,0.624256111
426,1070290,157900,1.1,-0.658,0.125,-46.4,13.9,-11,-4.9,33.9,-8.8,0.381878109,0.485915708,-0.478347118,0.623828852
427,1073316,157900,1.1,-0.658,0.125,-46.4,13.9,-11,-4.9,33.9,-8.8,0.381878109,0.485915708,-0.478347118,0.623828852
428,1076228,157900,1.084,-0.688,0.137,-47.5,15.3,-11.1,-4.9,33.9,-8.8,0.38349559,0.484939116,-0.479171117,0.622974334
429,1078316,157900,1.084,-0.688,0.137,-47.5,15.3,-11.1,-4.9,33.9,-8.8,0.38349559,0.484939116,-0.479171117,0.622974334
430,1080603,157910,1.084,-0.688,0.137,-47.5,15.3,-11.1,-4.9,33.9,-8.8,0.38349559,0.484939116,-0.479171117,0.622974334
431,1082813,157910,1.084,-0.688,0.137,-47.5,15.3,-11.1,-4.9,33.9,-8.8,0.38349559,0.484939116,-0.479171117,0.622974334
432,1085095,157910,1.029,-0.785,0.189,-50.5,19.2,-12,-4.9,33.9,-8.8,0.3869747,0.482833338,-0.48075808,0.621234779
433,1089301,157910,1.045,-0.813,0.197,-51.2,21.2,-12,-4.9,33.9,-8.8,0.387890255,0.482253487,-0.48115482,0.620838038
434,1089301,157920,1.01,-0.859,0.21,-52.8,22.9,-12.6,-4.9,33.9,-8.8,0.388866848,0.481612598,-0.481521043,0.620410779
435,1093243,157920,1.01,-0.859,0.21,-52.8,22.9,-12.6,-4.9,33.9,-8.8,0.388866848,0.481612598,-0.481521043,0.620410779
436,1095419,157920,1.01,-0.859,0.21,-52.8,22.9,-12.6,-4.9,33.9,-8.8,0.388866848,0.481612598,-0.481521043,0.620410779
437,1097503,157920,0.939,-0.971,0.219,-63,25.6,-16.5,-4.9,33.9,-8.8,0.392132328,0.479567858,-0.482833338,0.618945891
438,1100815,157930,0.923,-0.99,0.223,-66.8,26.1,-17.3,-4.9,33.9,-8.8,0.39332255,0.478835414,-0.483321635,0.618366039
439,1102915,157930,0.912,-1.025,0.223,-70.1,26.3,-17.4,-4.9,33.9,-8.8,0.394573809,0.478041932,-0.483840449,0.61772515
440,1105835,157930,0.912,-1.049,0.22,-73,26.4,-16.8,-4.9,33.9,-8.8,0.395855586,0.477248451,-0.484420301,0.617084262
441,1107322,157930,0.892,-1.107,0.212,-75.4,26.5,-15.7,-5.4,34.7,-7.8,0.397137364,0.476393933,-0.48506119,0.616443373
442,1110997,157940,0.876,-1.134,0.209,-77.5,27,-14.5,-5.4,34.7,-7.8,0.398419141,0.475508896,-0.485702078,0.615771966
443,1113157,157940,0.841,-1.18,0.209,-79.2,27.9,-13.4,-5.4,34.7,-7.8,0.399700919,0.474593341,-0.486404004,0.615100558
444,1115462,157940,0.798,-1.219,0.206,-80.2,29.5,-12.9,-5.4,34.7,-7.8,0.401043733,0.473647267,-0.487075411,0.614429151
445,1117766,157940,0.778,-1.285,0.195,-80,30.9,-13.4,-5.4,34.7,-7.8,0.402356029,0.472670675,-0.487746818,0.613788263
446,1119892,157950,0.782,-1.3,0.195,-78.4,31.8,-15.1,-5.4,34.7,-7.8,0.403729362,0.471694082,-0.488357189,0.613147374
447,1122219,157950,0.77,-1.324,0.191,-75,31.8,-18,-5.4,34.7,-7.8,0.405072176,0.470809046,-0.488906522,0.612506485
448,1125917,157950,0.731,-1.358,0.192,-69.8,31,-21,-5.4,34.7,-7.8,0.406414991,0.470015564,-0.489333781,0.611896115
449,1128148,157950,0.719,-1.37,0.185,-62.8,29.5,-22.9,-5.4,34.7,-7.8,0.40766625,0.46928312,-0.489669485,0.611346782
450,1129705,157960,0.742,-1.402,0.169,-54.1,27.6,-22.9,-5.4,34.7,-7.8,0.408825953,0.468703269,-0.489913633,0.610827967
451,1132579,157960,0.738,-1.417,0.157,-44.3,25.3,-21.3,-5.4,34.7,-7.8,0.409833064,0.468184454,-0.490066225,0.610431227
452,1134873,157960,0.742,-1.437,0.145,-33.7,22.9,-19.1,-5.4,34.7,-7.8,0.410687582,0.467787713,-0.490096744,0.610126041
453,1137348,157960,0.75,-1.445,0.141,-22.5,20.8,-16.8,-5.4,34.7,-7.8,0.411358989,0.467482528,-0.490066225,0.60994293
454,1140412,157970,0.754,-1.441,0.137,-11,19,-14.8,-5.4,34.7,-7.8,0.411877804,0.467268899,-0.489883114,0.609881893
455,1142806,157970,0.765,-1.457,0.125,0.5,17.6,-13.4,-5.4,34.7,-7.8,0.412244026,0.467207862,-0.489577929,0.609973449
456,1144900,157970,0.804,-1.473,0.101,12.1,16.4,-12.7,-5.4,34.7,-7.8,0.412457656,0.46723838,-0.489120151,0.610126041
457,1147247,157970,0.808,-1.477,0.093,23.8,15.4,-12.7,-6.2,34.8,-6.8,0.412549211,0.467360454,-0.4885403,0.610431227
458,1150986,157980,0.796,-1.465,0.089,35.7,14.5,-13.5,-6.2,34.8,-6.8,0.412518693,0.467635121,-0.487807855,0.610858486
459,1153276,157980,0.784,-1.465,0.078,47.9,13.8,-14.8,-6.2,34.8,-6.8,0.4123661,0.46806238,-0.4868923,0.6113773
460,1155582,157980,0.788,-1.473,0.074,59.8,12.5,-15.9,-6.2,34.8,-6.8,0.412091433,0.468581194,-0.485824152,0.611987671
461,1157368,157980,0.804,-1.481,0.07,70.8,10.4,-16.5,-5.7,34.8,-6.9,0.411694693,0.469222083,-0.484603412,0.612689596
462,1159790,157990,0.808,-1.493,0.062,80.8,7,-16.4,-5.7,34.8,-6.9,0.411175878,0.470076601,-0.483291116,0.613483077
463,1163528,157990,0.827,-1.513,0.061,89.9,3,-15.8,-5.7,34.8,-6.9,0.410504471,0.470992157,-0.481887265,0.614307077
464,1165778,157990,0.831,-1.525,0.058,98.4,-0.7,-15,-5.7,34.8,-6.9,0.409680471,0.472060305,-0.480422376,0.615192114
465,1168028,157990,0.827,-1.536,0.062,106.5,-3.5,-13.9,-5.6,35.1,-7.9,0.408734397,0.473189489,-0.478896451,0.616138188
466,1170211,158000,0.796,-1.481,0.07,114.4,-4.8,-12.9,-5.6,35.1,-7.9,0.40766625,0.47441023,-0.477248451,0.617175817
467,1172383,158000,0.777,-1.477,0.082,121.8,-4.5,-12.4,-5.6,35.1,-7.9,0.406537065,0.475692007,-0.475508896,0.618274483
468,1174451,158000,0.773,-1.465,0.078,128.4,-3.4,-11.9,-5.6,35.1,-7.9,0.405316324,0.477004303,-0.473677786,0.619464705
469,1178202,158000,0.769,-1.469,0.066,134,-2.6,-11.2,-6,34.3,-8.5,0.404034547,0.478316599,-0.471785638,0.620746483
470,1180589,158010,0.753,-1.461,0.043,138.9,-2.5,-9.8,-6,34.3,-8.5,0.402691733,0.479689932,-0.469832453,0.622058779
471,1182724,158010,0.741,-1.453,0.032,143.6,-3.1,-8.5,-6,34.3,-8.5,0.401287881,0.481063265,-0.467818232,0.623401593
472,1184983,158010,0.726,-1.457,0.02,148.5,-4,-7.9,-6,34.3,-8.5,0.399792474,0.482497635,-0.465742973,0.624805445
473,1187448,158010,0.714,-1.453,0.005,153.8,-4.7,-8.1,-5.6,34.3,-8.9,0.39823603,0.483993042,-0.463606677,0.626239814
474,1190765,158020,0.675,-1.448,-0.013,159.6,-5.4,-8.8,-5.6,34.3,-8.9,0.396588031,0.485549486,-0.461348308,0.627735221
475,1193076,158020,0.667,-1.448,-0.025,166.1,-6.2,-9.4,-5.6,34.3,-8.9,0.394909513,0.487166967,-0.459028901,0.629230628
476,1195374,158020,0.659,-1.44,-0.04,173.3,-7.4,-10,-5.6,34.3,-8.9,0.393139439,0.488845485,-0.456617939,0.630817591
477,1197437,158020,0.651,-1.421,-0.079,181.1,-9.2,-10.5,-5.7,33.9,-9.8,0.391247291,0.490646077,-0.454084902,0.632435072
478,1199718,158030,0.666,-1.406,-0.103,189.5,-11.2,-10.8,-5.7,33.9,-9.8,0.38923307,0.492507706,-0.451429792,0.634083071
479,1203459,158030,0.678,-1.394,-0.127,198.3,-13.4,-10.8,-5.7,33.9,-9.8,0.387127293,0.494491409,-0.448683126,0.635792108
480,1205621,158030,0.694,-1.379,-0.143,207.5,-15.5,-10.3,-5.7,33.9,-9.8,0.384868923,0.496536149,-0.445783868,0.637562181
481,1207156,158030,0.725,-1.333,-0.167,217.1,-17.3,-9.4,-6.6,33.4,-10.4,0.382488479,0.498702963,-0.442854091,0.639393292
482,1210888,158040,0.752,-1.314,-0.183,226.6,-18.9,-8,-6.6,33.4,-10.4,0.379955443,0.500930815,-0.439741203,0.641315958
483,1212361,158040,0.776,-1.302,-0.207,235.5,-20.2,-6.6,-6.6,33.4,-10.4,0.377269814,0.503219703,-0.43653676,0.643269143
484,1215366,158040,0.807,-1.28,-0.219,243.5,-21.2,-5.2,-6.6,33.4,-10.4,0.374462111,0.505569628,-0.433240761,0.645313883
485,1218375,158040,0.869,-1.253,-0.252,250.7,-21.9,-3.8,-4.6,33.1,-11.2,0.371532334,0.507950072,-0.429822687,0.647389142
486,1219861,158050,0.897,-1.23,-0.26,257.7,-22.2,-2.4,-4.6,33.1,-11.2,0.368480483,0.510361034,-0.426343577,0.649555956
487,1222904,158050,0.916,-1.211,-0.265,264.8,-22.2,-0.9,-4.6,33.1,-11.2,0.365337077,0.512802515,-0.422742393,0.651753288
488,1226044,158050,0.959,-1.157,-0.266,271.9,-21.6,0.5,-4.6,33.1,-11.2,0.362102115,0.515274514,-0.419049654,0.654011658
489,1228187,158050,0.971,-1.13,-0.262,278.7,-20.8,1.8,-5,32.3,-12.6,0.358745079,0.517746513,-0.415265358,0.656331065
490,1229713,158060,0.983,-1.095,-0.262,285,-19.7,2.9,-5,32.3,-12.6,0.355296487,0.520218513,-0.411358989,0.65868099
491,1232744,158060,0.987,-1.064,-0.258,290.8,-18.5,3.7,-5,32.3,-12.6,0.35175634,0.522690512,-0.407361064,0.661091952
492,1234919,158060,0.983,-1.017,-0.266,296.2,-16.8,4.4,-5,32.3,-12.6,0.348124638,0.525162511,-0.403241066,0.663563952
493,1238001,158060,0.987,-1.005,-0.274,301.4,-14.8,4.8,-4.7,31.4,-14,0.344492935,0.527603992,-0.39906003,0.666066469
494,1239613,158070,0.983,-1.002,-0.286,306.4,-12.7,4.8,-4.7,31.4,-14,0.340769677,0.530045473,-0.394726402,0.668599506
495,1242787,158070,0.979,-1.005,-0.301,311.6,-10.6,4,-4.7,31.4,-14,0.3370159,0.532486953,-0.390301218,0.671193579
496,1244943,158070,0.971,-0.998,-0.333,316.9,-8.8,2.5,-4.7,31.4,-14,0.333201086,0.534897916,-0.38575396,0.673787652
497,1246910,158070,0.947,-1.001,-0.36,322.3,-7.3,0.7,-4.9,30.5,-15.3,0.329355754,0.537339396,-0.381054109,0.676412244
498,1250932,158080,0.928,-1.005,-0.363,327.6,-6.2,-0.8,-4.9,30.5,-15.3,0.325479904,0.539780877,-0.376262703,0.679036836
499,1253051,158080,0.881,-1.024,-0.394,332.4,-5.3,-2.2,-4.9,30.5,-15.3,0.321543016,0.542222358,-0.371349223,0.681661428
500,1255434,158080,0.865,-1.027,-0.393,336.6,-4.7,-3.4,-4.9,30.5,-15.3,0.31757561,0.544663839,-0.366313669,0.684286019
501,1257828,158080,0.85,-1.019,-0.393,340.3,-4.5,-4.3,-6.1,28.5,-16.1,0.313547166,0.547105319,-0.36118656,0.686910611
502,1259819,158090,0.826,-1.023,-0.385,343.4,-5,-5.2,-6.1,28.5,-16.1,0.309457686,0.5495468,-0.356028932,0.689504685
503,1262098,158090,0.807,-1.003,-0.373,345.9,-5.8,-5.3,-6.1,28.5,-16.1,0.305337687,0.552018799,-0.350779748,0.692068239
504,1265688,158090,0.815,-0.999,-0.369,347.6,-6.8,-4.2,-6.1,28.5,-16.1,0.301156652,0.55446028,-0.345500046,0.694601276
505,1267850,158090,0.811,-0.976,-0.361,348.1,-7.6,-1.5,-5.4,27.6,-17.2,0.296914579,0.556840724,-0.340250862,0.697073275
506,1270178,158100,0.792,-0.932,-0.357,347,-7.8,3.1,-5.4,27.6,-17.2,0.29258095,0.559190649,-0.335062716,0.699575793
507,1272402,158100,0.784,-0.916,-0.365,344.1,-6.8,9.9,-5.4,27.6,-17.2,0.288155766,0.561387982,-0.329966124,0.702047792
508,1276136,158100,0.78,-0.905,-0.372,339.2,-4.4,18.8,-5.4,27.6,-17.2,0.283669546,0.563432722,-0.325022126,0.704519791
509,1278385,158100,0.795,-0.897,-0.392,332.7,-0.6,29.2,-5.5,26.7,-18.3,0.279122288,0.565294351,-0.320261238,0.707052828
510,1280623,158110,0.873,-0.848,-0.421,325.8,4.5,40.3,-5.5,26.7,-18.3,0.274513993,0.566911832,-0.315683462,0.709616382
511,1282816,158110,0.909,-0.817,-0.445,320,11.1,51.6,-5.5,26.7,-18.3,0.269844661,0.568285165,-0.311288797,0.712240974
512,1285890,158110,0.924,-0.783,-0.457,316.9,19.2,63.6,-5.5,26.7,-18.3,0.265022736,0.56941435,-0.307046724,0.71498764
513,1288288,158110,0.948,-0.76,-0.493,317.6,28.5,76.9,-4.9,25.1,-19.5,0.260078738,0.570268868,-0.302865688,0.717886898
514,1290382,158120,1.033,-0.683,-0.577,323,38.3,92.1,-4.9,25.1,-19.5,0.254860073,0.570879238,-0.298745689,0.720999786
515,1292513,158120,1.064,-0.622,-0.621,333.8,47.9,108.4,-4.9,25.1,-19.5,0.249305704,0.57124546,-0.294564653,0.724356822
516,1295523,158120,1.088,-0.564,-0.668,350.6,56.1,125.4,-4.9,25.1,-19.5,0.243293558,0.571428571,-0.290261544,0.727988525
517,1298530,158120,1.135,-0.409,-0.744,372.6,62.4,142.3,-4.6,23.9,-20.6,0.236793115,0.571520127,-0.285775323,0.731833857
518,1299982,158130,1.189,-0.328,-0.78,397.5,66.1,157.8,-4.6,23.9,-20.6,0.229712821,0.571489608,-0.281044954,0.735923338
519,1303013,158130,1.197,-0.293,-0.812,421.9,66.9,171,-4.6,23.9,-20.6,0.222083193,0.57145909,-0.276039918,0.74016541
520,1304800,158130,1.185,-0.277,-0.82,443.1,64.8,181.1,-4.6,23.9,-20.6,0.214026307,0.571428571,-0.270821253,0.744499039
521,1307756,158130,1.221,-0.117,-0.777,459.6,59.7,186.5,-4.4,23,-22.8,0.205603198,0.57145909,-0.265388958,0.74877163
522,1310803,158140,1.269,-0.032,-0.739,471,51.6,186.2,-4.4,23,-22.8,0.19696646,0.571642201,-0.259773553,0.752922147
523,1313751,158140,1.332,0.009,-0.705,477.1,41.1,180.2,-4.4,23,-22.8,0.188299203,0.571947386,-0.253975036,0.756889554
524,1315345,158140,1.383,0.032,-0.671,477.8,29.6,170.6,-4.4,23,-22.8,0.179662465,0.572435682,-0.248084964,0.760551775
525,1318227,158140,1.383,0.032,-0.671,477.8,29.6,170.6,-4.4,23,-22.8,0.179662465,0.572435682,-0.248084964,0.760551775
526,1319706,158150,1.383,0.032,-0.671,477.8,29.6,170.6,-4.4,23,-22.8,0.179662465,0.572435682,-0.248084964,0.760551775
527,1323410,158150,1.414,0.102,-0.699,464.3,12.7,143,-3.8,21.4,-23.5,0.154728843,0.574449904,-0.230079043,0.770134587
528,1325659,158150,1.461,0.081,-0.731,462.3,18.8,139.5,-3.8,21.4,-23.5,0.146671957,0.574968719,-0.223975341,0.773094882
529,1327217,158150,1.464,0.081,-0.728,463.9,30.8,139.1,-3.1,19.6,-23.9,0.138645589,0.575182348,-0.217780084,0.776146733
530,1330296,158160,1.421,0.074,-0.731,469.7,46.4,141.4,-3.1,19.6,-23.9,0.130558184,0.57515183,-0.211462752,0.779351176
531,1333654,158160,1.375,0.079,-0.722,478,62.3,144.8,-3.1,19.6,-23.9,0.122379223,0.574755089,-0.20496231,0.782708213
532,1335769,158160,1.352,0.169,-0.706,485.2,75.6,148.1,-3.1,19.6,-23.9,0.114108707,0.574053163,-0.198309275,0.786187323
533,1337433,158160,1.344,0.189,-0.702,486.7,85.7,150.3,-2.5,17.3,-23.9,0.105777154,0.573107089,-0.191625721,0.789666433
534,1341326,158170,1.328,0.189,-0.725,479,93.9,152.3,-2.5,17.3,-23.9,0.0975676748,0.571916868,-0.185033723,0.793176061
535,1343791,158170,1.332,0.193,-0.737,462.1,101.9,155.7,-2.5,17.3,-23.9,0.0895107883,0.570482498,-0.17874691,0.796594134
536,1345926,158170,1.042,0.107,-0.876,439.5,111.1,161.4,-2.5,17.3,-23.9,0.0816370128,0.568742943,-0.172887356,0.79995117
537,1348337,158170,0.803,-0.048,-0.966,417.9,120.3,168.4,-2.1,15.3,-24.1,0.073976867,0.566728721,-0.16748558,0.803277688
538,1350317,158180,0.786,-0.189,-1.016,406,125.7,173.2,-2.1,15.3,-24.1,0.0663777581,0.56450087,-0.162297433,0.806573687
539,1352441,158180,1.17,-0.222,-0.878,410.1,124.1,171.3,-2.1,15.3,-24.1,0.0587481307,0.562273019,-0.156987213,0.809747612
540,1355417,158180,1.346,-0.241,-0.83,430,116.2,161.3,-2.1,15.3,-24.1,0.0510269478,0.56019776,-0.151219214,0.812799463
541,1357416,158180,1.6,-0.237,-0.823,458.9,107.7,147,-1.2,12.8,-28.3,0.0431531724,0.558275094,-0.14474929,0.815759758
542,1360686,158190,1.874,-0.007,-0.751,488,104.7,134.4,-1.2,12.8,-28.3,0.0351573229,0.556413465,-0.137607959,0.818659017
543,1362851,158190,1.636,0.074,-0.817,507.9,110,127.6,-1.2,12.8,-28.3,0.0270393994,0.554429762,-0.129978332,0.821558275
544,1365419,158190,1.635,0.187,-0.927,511.1,122.5,125.3,-1.2,12.8,-28.3,0.0189214759,0.552140873,-0.122257149,0.824488052
545,1367610,158190,1.51,0.095,-1.006,493.2,138.8,123,-1,10.5,-26.5,0.0111697745,0.549455245,-0.114780114,0.827478866
546,1369872,158200,1.427,-0.129,-0.989,457.9,155.8,117.2,-1,10.5,-26.5,0.00393688772,0.546433912,-0.107882931,0.83046968
547,1371929,158200,1.869,0.151,-0.982,415.3,170.2,108.7,-1,10.5,-26.5,0.00253303629,-0.543107395,0.101626637,-0.833460494
548,1374524,158200,1.815,0.254,-0.911,373.8,182.4,102.6,-1,10.5,-26.5,0.00842310862,-0.539506211,0.0960722678,-0.836420789
549,1378156,158200,1.675,0.136,-0.786,331.5,197.8,102.9,-0.1,8.9,-26.6,0.0137943663,-0.535599841,0.0912503433,-0.839381085
550,1380484,158210,1.587,0.034,-0.483,284.7,218.9,110.7,-0.1,8.9,-26.6,0.0186773278,-0.531266213,0.0874050111,-0.842432936
551,1382661,158210,2.115,0.49,-0.494,236.8,241.3,124.8,-0.1,8.9,-26.6,0.0232856227,-0.526505325,0.0845667898,-0.845606861
552,1385698,158210,1.76,0.328,-0.487,195.6,261.2,148.2,-0.1,8.9,-26.6,0.0278023621,-0.52128666,0.0828272347,-0.848872341
553,1387951,158210,1.626,0.302,-0.535,163.6,282.5,184.3,0.8,7.4,-26.3,0.0325632496,-0.515610218,0.0820337535,-0.852259896
554,1390251,158220,1.639,0.24,-0.379,138.4,311.9,233.6,0.8,7.4,-26.3,0.0378734703,-0.509262368,0.0823084201,-0.855800043
555,1392383,158220,1.643,0.264,-0.301,116.9,351.4,288.9,0.8,7.4,-26.3,0.0439771722,-0.502059999,0.0835901975,-0.859645375
556,1394543,158220,1.53,0.196,-0.197,94.7,398.3,340,0.8,7.4,-26.3,0.0506607257,-0.49385052,0.0859706412,-0.863795892
557,1398400,158220,1.135,-0.062,-0.228,68.8,446.5,379.5,2.3,6.2,-26.7,0.0577105014,-0.484603412,0.0892361217,-0.868221076
558,1400779,158230,1.125,-0.083,-0.584,44.9,486.1,407.6,2.3,6.2,-26.7,0.0649433882,-0.474501785,0.0932950835,-0.87285989
559,1403066,158230,1.843,0.11,-0.707,35.9,506.2,430.1,2.3,6.2,-26.7,0.07248146,-0.463881344,0.0977507859,-0.877468184
560,1404835,158230,4.417,1.094,-0.025,55,499.6,453.5,2.3,6.2,-26.7,0.080629902,-0.453199866,0.102084414,-0.881832331
561,1408086,158230,8.013,3.989,0.301,111.9,462.6,481.5,5,5.6,-26.4,0.0899380474,-0.442976165,0.105502487,-0.885708182
562,1409893,158240,7.992,4.367,-1.503,219.4,374.8,510.3,5,5.6,-26.4,0.101077303,-0.43406476,0.106906339,-0.888760033
563,1412082,158240,7.456,4.696,-4.736,390.6,209.4,521.7,5,5.6,-26.4,0.114352855,-0.427900021,0.104739525,-0.890377514
564,1415255,158240,7.241,4.962,-7.618,621.4,-19.6,493.3,5,5.6,-26.4,0.129795221,-0.425550096,0.0972014527,-0.89025544
565,1417390,158240,-1.617,5.173,-7.218,875.2,-233.5,435.1,6.1,3.8,-25.9,0.146855068,-0.426557207,0.0835596789,-0.888515885
566,1420595,158250,-2.04,5.599,-5.52,1087.6,-367.9,378.4,6.1,3.8,-25.9,0.164922025,-0.429395428,0.0647907956,-0.885555589
567,1422789,158250,-1.372,7.132,-3.73,1186.2,-433.4,339.9,6.1,3.8,-25.9,0.183141575,-0.43284402,0.043488876,-0.881588183
568,1424825,158250,-1.557,7.982,-1.575,1115.4,-489.7,279.2,6.1,3.8,-25.9,0.199438459,-0.437360759,0.0226752525,-0.876552629
569,1428030,158250,-1.952,7.992,-1.779,870.9,-544.1,129.4,4.4,-1.2,-25.4,0.210455641,-0.443800165,0.00488296152,-0.871028779
570,1430498,158260,-2.198,7.144,-1.921,508.6,-544.8,-127.6,4.4,-1.2,-25.4,0.212988678,-0.451765496,-0.00848414563,-0.866267891
571,1432561,158260,-0.666,5.639,-2.268,123,-448.8,-422.1,4.4,-1.2,-25.4,0.206122013,-0.459578234,-0.0170598468,-0.863704337
572,1434763,158260,0.224,4.873,-2.448,-217.2,-257,-638,4.4,-1.2,-25.4,0.191778314,-0.465102084,-0.0205084384,-0.863979003
573,1437018,158260,-0.317,3.838,-1.813,-493.1,-7.1,-696.2,2.5,-2.8,-25,0.1736198,-0.466902676,-0.0183111057,-0.866878262
574,1439406,158270,-0.249,3.437,-1.277,-717.9,255.5,-601.4,2.5,-2.8,-25,0.15500351,-0.464430677,-0.00988799707,-0.871852779
575,1443097,158270,-0.345,3.37,-0.919,-909,487.7,-408.6,2.5,-2.8,-25,0.138096255,-0.45802179,0.00488296152,-0.878109073
576,1445489,158270,-0.607,3.557,-0.351,-1076,657.7,-184.5,2.5,-2.8,-25,0.123630482,-0.448500015,0.025635548,-0.884792627
577,1447322,158270,-0.539,3.386,0.078,-1228,754.4,15.6,4.2,0.6,-26.2,0.111484115,-0.437025056,0.051515244,-0.890987884
578,1451217,158280,-0.516,2.485,0.51,-1370.8,779,154.7,4.2,0.6,-26.2,0.100466933,-0.424787133,0.0814844203,-0.89599292
579,1453809,158280,-0.106,1.161,1.879,-1504.1,735.8,215.6,4.2,0.6,-26.2,0.0893887143,-0.413037507,0.114444411,-0.899044771
580,1455785,158280,0.513,0.113,1.544,-1618.9,628.5,201.6,4.2,0.6,-26.2,0.0771202734,-0.403057955,0.149143956,-0.899624622
581,1457806,158280,1.136,-1.02,1.276,-1698.5,467.1,135.8,8.4,7.2,-24.1,0.0632648701,-0.396008179,0.184362316,-0.897305216
582,1459724,158290,1.855,-2.045,1.128,-1732.4,272.9,58.4,8.4,7.2,-24.1,0.0483108005,-0.392529069,0.218970305,-0.891964476
583,1463550,158290,4.177,-6.898,-1.92,-1721.3,69,14,8.4,7.2,-24.1,0.0334788049,-0.392651143,0.252540666,-0.883663442
584,1465333,158290,5.076,-8.138,-3.869,-1653.7,-136.9,39.1,8.4,7.2,-24.1,0.0207525864,-0.396038697,0.284493545,-0.872798853
585,1467665,158290,4.322,-8.125,-5.253,-1487.1,-350.7,151.3,9.1,13.7,-24.3,0.013000885,-0.402203436,0.313791314,-0.859981079
586,1471717,158300,1.636,-8.076,-3.077,-1173.4,-550.6,327.3,9.1,13.7,-24.3,0.0126041444,-0.410473952,0.338358715,-0.84664449
587,1472151,158300,0.856,-8.051,-0.74,-728.8,-670,495.1,9.1,13.7,-24.3,0.0201422163,-0.419263283,0.355998413,-0.834894864
588,1475569,158300,0.413,-7.603,1.333,-254.6,-633.3,572.3,9.1,13.7,-24.3,0.0331736198,-0.426404614,0.365520188,-0.826685385
589,1477814,158300,-0.63,-5.254,2.547,118,-426.9,527.8,7.5,17.3,-23.7,0.0471510971,-0.42976165,0.367961669,-0.823206275
590,1479917,158310,-2.147,-2.993,1.106,315.9,-122.5,402.4,7.5,17.3,-23.7,0.0583513901,-0.428357799,0.36588641,-0.82412183
591,1482304,158310,-2.89,-2.086,1.107,359.6,166.7,262.7,7.5,17.3,-23.7,0.0651264992,-0.42280343,0.362071596,-0.828150273
592,1485771,158310,-2.192,-2.181,0.886,317.8,346.7,152.3,7.5,17.3,-23.7,0.0680562761,-0.414838099,0.358226264,-0.833613086
593,1487648,158310,-2.223,-1.755,0.679,260.9,385.1,81.5,7.6,15.2,-24.2,0.0688802759,-0.406781213,0.354777673,-0.838953825
594,1491017,158320,-0.95,-1.04,0.297,221.4,304.8,42.5,7.6,15.2,-24.2,0.0692770165,-0.400524918,0.351542711,-0.843287454
595,1493119,158320,-0.139,-1.09,0.043,203.6,164,27.1,7.6,15.2,-24.2,0.0702841273,-0.396954253,0.34827723,-0.846247749
596,1495401,158320,0.441,-1.093,-0.037,194.9,23.4,29.8,7.6,15.2,-24.2,0.072359386,-0.396038697,0.344950713,-0.84786523
597,1497801,158320,1.229,-1.251,-0.09,194.9,23.4,29.8,9,14.2,-24.3,0.0744041261,-0.395062105,0.341654714,-0.849482711
598,1499638,158330,1.534,-1.147,-0.104,185,-74.3,46.5,9,14.2,-24.3,0.0774254585,-0.395794549,0.338480789,-0.8501236
599,1502803,158330,1.76,-1.249,-0.265,174.3,-116.9,70.5,9,14.2,-24.3,0.0810876797,-0.397137364,0.335673086,-0.850276193
600,1504939,158330,2.195,-0.962,-0.07,166.5,-116,93.7,9,14.2,-24.3,0.0851161229,-0.398297067,0.333170568,-0.85033723
601,1508723,158330,3.057,-0.791,0.363,177.7,-55,112.1,9,15.4,-22.4,0.0891445662,-0.398174993,0.330759606,-0.850917081
602,1510655,158340,3.521,-0.298,0.526,177.7,-55,112.1,9,15.4,-22.4,0.0931730094,-0.398052919,0.328318125,-0.851496933
603,1512673,158340,3.764,0.123,0.489,204,-18.4,105.8,9,15.4,-22.4,0.0970488601,-0.397198401,0.325388348,-0.852534562
604,1514800,158340,3.868,0.773,0.447,242.1,11.9,91.6,9,15.4,-22.4,0.100772118,-0.395825068,0.321695608,-0.854182562
605,1518030,158340,3.392,1.542,0.149,279,28.1,70.1,9,13.5,-25.1,0.104281747,-0.394177068,0.317178869,-0.856227302
606,1519983,158350,2.942,1.795,-0.026,295.2,22.3,40.8,9,13.5,-25.1,0.107425153,-0.392803735,0.312051759,-0.858333079
607,1523605,158350,2.583,1.361,-0.457,280.9,-7.9,4.1,9,13.5,-25.1,0.10995819,-0.392254402,0.306802576,-0.86016419
608,1525835,158350,2.031,0.96,-0.434,244.8,-53.4,-32.3,9,13.5,-25.1,0.1117893,-0.392864772,0.30179754,-0.861415448
609,1528109,158350,1.72,0.799,-0.072,216.1,-93.8,-56.8,8.7,12.3,-25.6,0.113193152,-0.394482253,0.297006134,-0.862147893
610,1529953,158360,1.255,1.11,0.35,223.3,-108.6,-57.1,8.7,12.3,-25.6,0.114749596,-0.396343883,0.292062136,-0.862788781
611,1532082,158360,0.914,1.336,0.661,273.7,-89.3,-33.5,8.7,12.3,-25.6,0.117038484,-0.397534104,0.286385693,-0.863826411
612,1536010,158360,0.408,1.311,0.937,343.1,-44,2.4,8.7,12.3,-25.6,0.120334483,-0.397473067,0.279824213,-0.865565966
613,1538016,158360,0.329,1.176,1.002,393.2,8.5,35.1,8.4,11.1,-25.6,0.124362926,-0.396038697,0.272713401,-0.867915891
614,1540282,158370,0.197,1.12,1.094,397.8,51.1,54.7,8.4,11.1,-25.6,0.128543962,-0.393658254,0.265785699,-0.870540483
615,1542422,158370,-0.051,1.258,1.165,353.5,74.3,62.7,8.4,11.1,-25.6,0.132328257,-0.390881069,0.259804071,-0.873012482
616,1546271,158370,-0.399,1.255,1.074,274,78.8,65.1,8.4,11.1,-25.6,0.135441145,-0.388195441,0.255348369,-0.875057222
617,1548195,158370,-0.428,1.064,0.961,176.3,69.9,66,8.6,9.3,-26.1,0.137821589,-0.385967589,0.252754295,-0.876400037
618,1550976,158380,-0.285,0.759,0.802,72.7,52.8,63.3,8.6,9.3,-26.1,0.139347514,-0.384380627,0.25205237,-0.877071444
619,1553801,158380,0.211,0.25,0.575,-26.7,31.1,53.5,8.6,9.3,-26.1,0.139988403,-0.383587146,0.253120518,-0.877010407
620,1556069,158380,0.28,0.1,0.511,-109.8,9.7,37,8.6,9.3,-26.1,0.139713736,-0.383526109,0.255561998,-0.876369518
621,1558173,158380,0.284,0.009,0.441,-188.2,-11.1,3.9,9,10.5,-24.3,0.138279366,-0.384289071,0.259132664,-0.875209815
622,1560394,158390,0.295,-0.052,0.398,-188.2,-11.1,3.9,9,10.5,-24.3,0.136844996,-0.385052034,0.262733848,-0.874050111
623,1562603,158390,0.349,-0.1,0.373,-185,-8.9,-4.7,9,10.5,-24.3,0.135227515,-0.385784478,0.26618244,-0.872920927
624,1564889,158390,0.368,-0.132,0.345,-167.2,-4.3,-8.5,9,10.5,-24.3,0.13370159,-0.386425367,0.269295328,-0.871913816
625,1567364,158390,0.423,-0.192,0.309,-146,-1.8,-10.2,9.2,10.9,-24.6,0.13226722,-0.386944182,0.271950438,-0.871059297
626,1571083,158400,0.591,-0.265,0.345,-128.2,-2.9,-12,9.2,10.9,-24.6,0.130985443,-0.387432478,0.274300363,-0.870326853
627,1573212,158400,0.684,-0.321,0.383,-116.1,-7.5,-14.2,9.2,10.9,-24.6,0.129764702,-0.387981811,0.276375622,-0.869594409
628,1575504,158400,0.723,-0.411,0.41,-109.5,-14,-15.7,9.2,10.9,-24.6,0.128635517,-0.388653218,0.278267769,-0.868861965
629,1577926,158400,0.79,-0.463,0.444,-107.3,-20.1,-15.7,9.3,11.5,-24.6,0.127536851,-0.389446699,0.280129398,-0.868068484
630,1579838,158410,0.785,-0.635,0.444,-108.5,-24.3,-14.9,9.3,11.5,-24.6,0.126499222,-0.390301218,0.281960509,-0.867244484
631,1581933,158410,0.805,-0.694,0.436,-112.2,-26.2,-15.1,9.3,11.5,-24.6,0.125400555,-0.391186254,0.283883175,-0.866359447
632,1585851,158410,0.8,-0.807,0.401,-117.4,-26.2,-17.5,9.3,11.5,-24.6,0.124240852,-0.39210181,0.285897397,-0.86547441
633,1588135,158410,0.838,-0.949,0.334,-123.8,-25.3,-21.8,9.3,12,-24.5,0.122928556,-0.393047884,0.287972655,-0.864528336
634,1590405,158420,0.837,-1.164,0.233,-130,-24,-25.1,9.3,12,-24.5,0.121494186,-0.394024476,0.29013947,-0.863582263
635,1592288,158420,0.864,-1.145,0.213,-134,-21.9,-23.9,9.3,12,-24.5,0.120029298,-0.394940031,0.292397839,-0.86260567
636,1594802,158420,0.759,-1.105,0.219,-133.3,-19.5,-16.3,9.3,12,-24.5,0.118686483,-0.395764031,0.294717246,-0.86159856
637,1597195,158420,0.7,-1.069,0.18,-127.4,-17.2,-4,8.7,13.1,-24.6,0.117618336,-0.396435438,0.297036653,-0.860652486
638,1600882,158430,0.724,-1.018,0.223,-118.6,-16,9.8,8.7,13.1,-24.6,0.116885891,-0.396954253,0.299295022,-0.859706412
639,1602846,158430,0.732,-0.955,0.266,-109.3,-16.4,22,8.7,13.1,-24.6,0.116458632,-0.39741203,0.301522874,-0.858790857
640,1605109,158430,0.752,-0.913,0.301,-100.7,-18.2,31.1,8.7,13.1,-24.6,0.116275521,-0.397808771,0.303628651,-0.85790582
641,1607368,158430,0.819,-0.82,0.354,-86.5,-21.9,36,8.7,12.2,-23.9,0.116367077,-0.398205512,0.30549028,-0.857051302
642,1609943,158440,0.851,-0.754,0.365,-86.5,-21.9,36,8.7,12.2,-23.9,0.116428114,-0.398602252,0.307382427,-0.856166265
643,1613242,158440,0.882,-0.684,0.372,-80.1,-22,32.2,8.7,12.2,-23.9,0.116489151,-0.398998993,0.309060945,-0.855372784
644,1615495,158440,0.918,-0.63,0.383,-73,-20.4,26.1,8.7,12.2,-23.9,0.116458632,-0.399365215,0.310617389,-0.854640339
645,1617926,158440,0.949,-0.49,0.382,-65,-17,19.1,8.6,13.3,-24.1,0.116367077,-0.399731437,0.311960204,-0.853999451
646,1619710,158450,0.969,-0.435,0.378,-56.6,-12,12.2,8.6,13.3,-24.1,0.116183966,-0.400006104,0.313089389,-0.853450117
647,1623582,158450,0.997,-0.393,0.377,-49,-5.9,5.5,8.6,13.3,-24.1,0.115909299,-0.400219733,0.314035463,-0.853053377
648,1625738,158450,1.044,-0.339,0.372,-42.7,-0.1,-1.1,8.6,13.3,-24.1,0.115512558,-0.400341807,0.314828944,-0.85277871
649,1628075,158450,1.079,-0.308,0.368,-37.7,3.9,-8.2,8.5,13.8,-24.2,0.114993744,-0.400402844,0.315469832,-0.852534562
650,1629840,158460,1.106,-0.277,0.367,-33.3,5.5,-16,8.5,13.8,-24.2,0.114352855,-0.4004944,0.315958129,-0.852412488
651,1633236,158460,1.142,-0.239,0.367,-28.7,4.3,-24.4,8.5,13.8,-24.2,0.113650929,-0.400646992,0.316293832,-0.852320933
652,1635393,158460,1.173,-0.2,0.35,-23.8,0.6,-33.5,8.5,13.8,-24.2,0.112796411,-0.400952177,0.316446425,-0.852259896
653,1637702,158460,1.188,-0.181,0.338,-19,-4.7,-42.9,8.1,13.5,-24.4,0.111850337,-0.401379437,0.316415906,-0.852198859
654,1639842,158470,1.196,-0.158,0.342,-14.9,-10.7,-52.5,8.1,13.5,-24.4,0.110843226,-0.401959288,0.316202277,-0.852107303
655,1642134,158470,1.189,-0.123,0.338,-11.8,-16.1,-62,8.1,13.5,-24.4,0.109683523,-0.402722251,0.315836055,-0.852046266
656,1645803,158470,1.173,-0.083,0.315,-9.8,-20.1,-71.4,8.1,13.5,-24.4,0.108401746,-0.403607288,0.315347758,-0.851954711
657,1648135,158470,1.165,-0.06,0.311,-8.8,-22.5,-80.5,7.7,14,-24.2,0.106997894,-0.404614399,0.314767907,-0.851893674
658,1649818,158480,1.158,-0.021,0.311,-8.6,-23.4,-89.7,7.7,14,-24.2,0.105410932,-0.405682546,0.314065981,-0.851832636
659,1652215,158480,1.103,0.018,0.292,-9.5,-23.2,-98.5,7.7,14,-24.2,0.10361034,-0.406811731,0.313333537,-0.851802118
660,1654667,158480,1.091,0.034,0.281,-11.9,-22.5,-106.7,7.7,14,-24.2,0.101718192,-0.407971435,0.312540056,-0.851741081
661,1658372,158480,1.076,0.058,0.281,-22.9,-20.3,-123.3,8.5,12.4,-23.6,0.0993377483,-0.409253212,0.31183813,-0.851680044
662,1660694,158490,1.021,0.086,0.274,-22.9,-20.3,-123.3,8.5,12.4,-23.6,0.0969878231,-0.410504471,0.311105686,-0.851619007
663,1662877,158490,0.946,0.021,0.221,-32.4,-18.4,-133.8,8.5,12.4,-23.6,0.0943327128,-0.411847285,0.310464797,-0.851496933
664,1665157,158490,0.915,0.021,0.221,-43.8,-16,-145.8,8.5,12.4,-23.6,0.0913418989,-0.413220618,0.309945982,-0.85134434
665,1667402,158490,0.895,0.014,0.214,-54.7,-13.7,-157.8,6.7,14.1,-23.3,0.0879848628,-0.41462447,0.309488205,-0.851161229
666,1669603,158500,0.829,0.011,0.207,-62.6,-12.4,-167.6,6.7,14.1,-23.3,0.0844141972,-0.416119877,0.309121982,-0.8509476
667,1673137,158500,0.806,0.015,0.208,-66.6,-11.7,-175.3,6.7,14.1,-23.3,0.080629902,-0.417645802,0.30875576,-0.850703452
668,1674679,158500,0.778,0.004,0.208,-67.4,-11,-181.8,6.7,14.1,-23.3,0.0767235328,-0.419171728,0.308328501,-0.850459304
669,1677500,158500,0.751,0.004,0.201,-66.7,-9.5,-188.4,6.1,14.8,-23.3,0.0726645711,-0.420728172,0.307809687,-0.850245674
670,1680432,158510,0.731,0.009,0.205,-65.7,-7.4,-195.2,6.1,14.8,-23.3,0.0684530168,-0.422284616,0.307229835,-0.850032044
671,1683630,158510,0.716,-0.006,0.198,-64.9,-5.4,-201.4,6.1,14.8,-23.3,0.0642109439,-0.42384106,0.306558428,-0.849818415
672,1685824,158510,0.716,0.013,0.206,-64.8,-4.4,-205.5,6.1,14.8,-23.3,0.0598162786,-0.425366985,0.305856502,-0.849635304
673,1687426,158510,0.708,0.017,0.206,-65.3,-5,-206.5,5.9,15.3,-23.7,0.0554216132,-0.426923429,0.305124058,-0.849421674
674,1690593,158520,0.7,0.013,0.194,-67.1,-6.8,-205.3,5.9,15.3,-23.7,0.0510269478,-0.428510392,0.304452651,-0.849147008
675,1692958,158520,0.676,-0.017,0.156,-70.8,-9.3,-203.5,5.9,15.3,-23.7,0.046662801,-0.430097354,0.30384228,-0.848811304
676,1695303,158520,0.672,-0.017,0.14,-76.7,-11.8,-203,5.9,15.3,-23.7,0.0422681356,-0.431745354,0.303353984,-0.848384045
677,1697424,158520,0.664,-0.056,0.113,-84.1,-13.7,-204.4,5.6,15.7,-23.4,0.0377819147,-0.433423872,0.302957244,-0.84786523
678,1700561,158530,0.672,-0.033,0.128,-91.8,-14.8,-208.6,5.6,15.7,-23.4,0.0331431013,-0.435132908,0.302682577,-0.847285379
679,1702338,158530,0.696,-0.021,0.143,-98.5,-14.8,-214.5,5.6,15.7,-23.4,0.0283211768,-0.436902982,0.302438429,-0.84664449
680,1705439,158530,0.707,-0.053,0.132,-104.1,-14.9,-221,5.6,15.7,-23.4,0.0233161412,-0.438673055,0.302255318,-0.845942564
681,1707606,158530,0.66,-0.115,0.086,-113.9,-17.4,-231.2,7.2,16.5,-23.8,0.0180669576,-0.440595721,0.302133244,-0.845118564
682,1709878,158540,0.676,-0.072,0.089,-113.9,-17.4,-231.2,7.2,16.5,-23.8,0.012878811,-0.44245735,0.30201117,-0.844264046
683,1712208,158540,0.668,-0.013,0.109,-117.8,-20.1,-235.9,7.2,16.5,-23.8,0.00750755333,-0.444410535,0.301889096,-0.843348491
684,1715169,158540,0.644,-0.072,0.082,-120.4,-22.9,-240.8,7.2,16.5,-23.8,0.00207525864,-0.446455275,0.301736503,-0.842371899
685,1717370,158540,0.679,-0.092,0.058,-122.5,-25.6,-244.5,5.7,17.3,-23.8,0.00341807306,0.448530534,-0.301614429,0.841303751
686,1720508,158550,0.675,-0.115,0.054,-124.9,-28.1,-246.7,5.7,17.3,-23.8,0.0090029603,0.450636311,-0.301492355,0.840174566
687,1722262,158550,0.644,-0.201,0.023,-127.7,-30.6,-247.7,5.7,17.3,-23.8,0.0145878475,0.452803125,-0.3014008,0.838953825
688,1725477,158550,0.702,-0.155,0.018,-130,-33.3,-248.6,5.7,17.3,-23.8,0.0202032533,0.455000458,-0.301339763,0.837702567
689,1727668,158550,0.722,-0.155,0.037,-131.3,-36.9,-249.9,5.5,18.5,-23.8,0.025818659,0.457258827,-0.301248207,0.836329234
690,1729826,158560,0.733,-0.23,0.01,-131.5,-41.4,-251.5,5.5,18.5,-23.8,0.0314645833,0.459578234,-0.301156652,0.834894864
691,1732867,158560,0.749,-0.261,0.01,-131.7,-46.8,-252.3,5.5,18.5,-23.8,0.037079989,0.461989196,-0.301065096,0.833368938
692,1735139,158560,0.807,-0.286,0.001,-133.2,-52.5,-251.5,5.5,18.5,-23.8,0.0426343577,0.464491714,-0.30097354,0.831751457
693,1737382,158560,0.839,-0.275,0.008,-135.7,-58.2,-249.1,5.2,19.1,-23.3,0.0481276894,0.467024751,-0.30097354,0.830011902
694,1739765,158570,0.862,-0.279,0.019,-138.1,-63.7,-246.4,5.2,19.1,-23.3,0.0535905026,0.469649342,-0.301034577,0.828180792
695,1741939,158570,0.94,-0.3,0.018,-140.7,-68.5,-243.7,5.2,19.1,-23.3,0.0589922788,0.472304453,-0.301156652,0.826258126
696,1745732,158570,0.96,-0.335,0.014,-144.5,-71.8,-240.7,5.2,19.1,-23.3,0.0643635365,0.474990081,-0.301370281,0.824243904
697,1747330,158570,0.999,-0.336,0.033,-150.3,-73.2,-237.1,3.9,20.2,-23.5,0.0697042756,0.477645192,-0.301705985,0.822138127
698,1750521,158580,1.085,-0.286,0.062,-157.1,-72.6,-233.6,3.9,20.2,-23.5,0.0750450148,0.480239265,-0.302194281,0.819971313
699,1752759,158580,1.104,-0.361,0.058,-163.7,-70.4,-230.7,3.9,20.2,-23.5,0.0804162725,0.482741783,-0.302804651,0.81777398
700,1755711,158580,1.143,-0.369,0.073,-169.9,-66.9,-228.2,3.9,20.2,-23.5,0.0858485672,0.485152745,-0.303537095,0.81551561
701,1758009,158580,1.171,-0.342,0.096,-174.8,-62.7,-226.2,3,20.7,-22.9,0.0913113804,0.487411115,-0.304361095,0.813257241
702,1760281,158590,1.206,-0.319,0.103,-177.5,-58.5,-224.6,3,20.7,-22.9,0.0967741935,0.489577929,-0.305246132,0.810998871
703,1763772,158590,1.21,-0.335,0.099,-177.6,-54.8,-223.8,3,20.7,-22.9,0.102267525,0.491653188,-0.30610065,0.808740501
704,1765913,158590,1.218,-0.308,0.111,-175.8,-51.4,-222.6,3,20.7,-22.9,0.107730338,0.493667409,-0.30692465,0.806482131
705,1768218,158590,1.226,-0.324,0.111,-173.3,-47.5,-220.3,3,21.6,-22.6,0.113162633,0.495559557,-0.307718131,0.804284799
706,1770714,158600,1.195,-0.319,0.135,-170.8,-42.3,-216.6,3,21.6,-22.6,0.118533891,0.49732963,-0.308481094,0.802148503
707,1773050,158600,1.14,-0.342,0.14,-168.2,-35.5,-212,3,21.6,-22.6,0.123813593,0.498916593,-0.30918302,0.800042726
708,1775223,158600,1.097,-0.321,0.16,-165.6,-26.8,-207.1,3,21.6,-22.6,0.129062777,0.500320444,-0.309915464,0.798059023
709,1777385,158600,1.046,-0.32,0.177,-162.7,-17.2,-202.8,1.9,22.6,-22.4,0.134250923,0.501541185,-0.310556352,0.796197394
710,1779462,158610,1.015,-0.285,0.185,-159.9,-8.3,-199.9,1.9,22.6,-22.4,0.139408551,0.502548296,-0.311166723,0.79442732
711,1783346,158610,1.012,-0.241,0.193,-157.8,-1.4,-198.2,1.9,22.6,-22.4,0.144566179,0.503433332,-0.311746574,0.792718284
712,1785658,158610,1.004,-0.218,0.201,-157.3,3,-197,1.9,22.6,-22.4,0.149723807,0.504226814,-0.312265389,0.791039766
713,1787433,158610,0.981,-0.225,0.201,-159.4,5.7,-195.2,1.7,22.9,-22,0.154881436,0.504928739,-0.312845241,0.789391766
714,1790610,158620,0.929,-0.295,0.171,-164.4,7,-192.2,1.7,22.9,-22,0.160069582,0.505569628,-0.313547166,0.78768273
715,1792828,158620,0.91,-0.338,0.156,-171.7,7.5,-188.9,1.7,22.9,-22,0.165257729,0.506118961,-0.314371166,0.785912656
716,1795007,158620,0.89,-0.388,0.133,-178.7,7.2,-187.1,1.7,22.9,-22,0.170476394,0.506607257,-0.315347758,0.784081545
717,1797310,158620,0.921,-0.444,0.109,-182.6,5.7,-188.1,1,24.3,-21.2,0.175756096,0.507126072,-0.316354869,0.782158879
718,1801009,158630,0.94,-0.46,0.097,-180.9,2.4,-192.7,1,24.3,-21.2,0.181066317,0.507705924,-0.317300943,0.780205695
719,1802511,158630,0.963,-0.503,0.084,-172.8,-2.6,-200.1,1,24.3,-21.2,0.186346019,0.508468886,-0.318033387,0.778160955
720,1805564,158630,0.99,-0.547,0.049,-159.3,-9.2,-208.6,1,24.3,-21.2,0.191595202,0.50941496,-0.318460646,0.776085696
721,1807210,158630,0.99,-0.547,0.049,-159.3,-9.2,-208.6,1,24.3,-21.2,0.191595202,0.50941496,-0.318460646,0.776085696
722,1810762,158640,1.236,-0.492,0.032,-121.9,-24.9,-223,-0.8,24.8,-21.1,0.201391644,0.512771996,-0.318124943,0.77150792
723,1813113,158640,1.264,-0.504,0.032,-100.4,-32.8,-227.4,-0.8,24.8,-21.1,0.206091494,0.514450514,-0.317423017,0.769432661
724,1815381,158640,1.326,-0.509,0.039,-79.6,-39.5,-228.5,-0.8,24.8,-21.1,0.210547197,0.516342662,-0.316385388,0.767418439
725,1817550,158640,1.483,-0.406,0.082,-61.4,-44.9,-226.5,0.4,25,-20.5,0.214728233,0.518356883,-0.315042573,0.765434736
726,1819783,158650,1.546,-0.357,0.093,-47.2,-49.3,-223,0.4,25,-20.5,0.218634602,0.520493179,-0.313547166,0.763481552
727,1822929,158650,1.616,-0.291,0.111,-37.5,-52.8,-219.4,0.4,25,-20.5,0.22235786,0.522690512,-0.311929685,0.761589404
728,1825038,158650,1.664,-0.194,0.141,-33.4,-55.2,-215.5,0.4,25,-20.5,0.225959044,0.524918363,-0.310281686,0.759666738
729,1827293,158650,1.648,-0.155,0.149,-35.6,-55.9,-209.8,-0.2,25.2,-21,0.229438154,0.527085177,-0.30875576,0.757744072
730,1830003,158660,1.582,-0.158,0.151,-43.8,-54.4,-201.1,-0.2,25.2,-21,0.232917264,0.529099399,-0.307443464,0.755790887
731,1833182,158660,1.535,-0.188,0.14,-56.7,-50.6,-189.9,-0.2,25.2,-21,0.236365856,0.530930509,-0.306436354,0.753868221
732,1834791,158660,1.484,-0.219,0.129,-72,-45.4,-178.2,-0.2,25.2,-21,0.239814447,0.532486953,-0.305764946,0.751915036
733,1837730,158660,1.507,-0.223,0.129,-87.5,-40.2,-168.4,-1.1,25.4,-20.4,0.243324076,0.533799249,-0.305459761,0.74999237
734,1840042,158670,1.519,-0.246,0.136,-101.4,-36.4,-161.9,-1.1,25.4,-20.4,0.24692526,0.534928434,-0.305429243,0.748008667
735,1843129,158670,1.476,-0.273,0.176,-112.7,-34.5,-158.2,-1.1,25.4,-20.4,0.250587481,0.535935545,-0.305612354,0.745994446
736,1845559,158670,1.472,-0.288,0.176,-121.6,-34,-155.8,-1.1,25.4,-20.4,0.254310739,0.5368511,-0.305948057,0.743949705
737,1847656,158670,1.484,-0.288,0.2,-128.5,-34.1,-154,-1.9,25.6,-20.5,0.258095035,0.537736137,-0.306405835,0.74181341
738,1849892,158680,1.496,-0.281,0.227,-133.8,-33.7,-152.3,-1.9,25.6,-20.5,0.26187933,0.538529618,-0.306985687,0.739677114
739,1851934,158680,1.395,-0.189,0.276,-137.8,-31.9,-150,-1.9,25.6,-20.5,0.265724662,0.539262062,-0.307626576,0.7375103
740,1855787,158680,1.368,-0.13,0.303,-140.9,-27.7,-146.2,-1.9,25.6,-20.5,0.269539476,0.539872433,-0.308328501,0.735343486
741,1857355,158680,1.314,-0.094,0.304,-144.3,-21.2,-140.4,-4,25.9,-19.4,0.273354289,0.540299692,-0.309121982,0.733329264
742,1859728,158690,1.259,-0.085,0.294,-149.8,-12.9,-133.4,-4,25.9,-19.4,0.277169103,0.540513321,-0.310007019,0.731345561
743,1861999,158690,1.2,-0.065,0.259,-158.6,-4.3,-126.2,-4,25.9,-19.4,0.281014435,0.540452284,-0.311075167,0.729453413
744,1865627,158690,1.208,-0.1,0.216,-170.6,3.4,-120.6,-4,25.9,-19.4,0.284951323,0.540177618,-0.312356944,0.727591784
745,1867838,158690,1.211,-0.135,0.181,-184.1,9.5,-117.7,-3.9,26.1,-19.1,0.289071322,0.539658803,-0.313821833,0.725699637
746,1870134,158700,1.183,-0.218,0.068,-196.7,13.9,-118,-3.9,26.1,-19.1,0.293343913,0.539017914,-0.315469832,0.723776971
747,1872327,158700,1.19,-0.253,0.041,-206.1,17.2,-121,-3.9,26.1,-19.1,0.297799615,0.538254952,-0.317178869,0.721762749
748,1875430,158700,1.19,-0.253,0.041,-206.1,17.2,-121,-3.9,26.1,-19.1,0.297799615,0.538254952,-0.317178869,0.721762749
749,1877616,158700,1.19,-0.253,0.041,-206.1,17.2,-121,-3.9,26.1,-19.1,0.297799615,0.538254952,-0.317178869,0.721762749
750,1879809,158710,1.19,-0.253,0.041,-206.1,17.2,-121,-3.9,26.1,-19.1,0.297799615,0.538254952,-0.317178869,0.721762749
751,1882857,158710,1.08,-0.447,-0.015,-194.8,21.4,-139.3,-4,26.8,-18.5,0.316324351,0.535172582,-0.323191015,0.713461715
752,1884426,158710,1.076,-0.47,-0.022,-184.2,20,-141.5,-4,26.8,-18.5,0.320780053,0.534562212,-0.324259163,0.711416974
753,1888211,158710,1.084,-0.482,-0.023,-172.9,17.9,-143.2,-4.5,27.5,-17.7,0.325174718,0.534104434,-0.3251442,0.709372234
754,1889773,158720,1.072,-0.49,-0.022,-161.8,15.8,-144,-4.5,27.5,-17.7,0.329386273,0.533707694,-0.325876644,0.707388531
755,1891942,158720,1.057,-0.493,-0.018,-151.9,14.6,-143.8,-4.5,27.5,-17.7,0.333475753,0.533402509,-0.326425977,0.705435347
756,1895603,158720,1.037,-0.473,-0.006,-144.2,14.5,-142.3,-4.5,27.5,-17.7,0.337443159,0.533158361,-0.326883755,0.703543199
757,1897182,158720,1.022,-0.457,0.044,-139.5,15.1,-139.6,-5.3,27.6,-17.1,0.34131901,0.532883694,-0.327280496,0.70168157
758,1900284,158730,0.998,-0.453,0.056,-137.8,15.6,-136,-5.3,27.6,-17.1,0.345103305,0.532578509,-0.327707755,0.699880978
759,1902485,158730,0.983,-0.461,0.053,-139,15.2,-131.6,-5.3,27.6,-17.1,0.348857082,0.532212287,-0.328165532,0.698049867
760,1904708,158730,0.971,-0.48,0.037,-142.4,14.1,-126.5,-5.3,27.6,-17.1,0.352519303,0.531846065,-0.328745384,0.696218757
761,1907841,158730,0.928,-0.507,0.007,-146.7,12.8,-121.1,-5.8,28.3,-16.8,0.356151006,0.531388287,-0.329477828,0.694387646
762,1910072,158740,0.912,-0.526,-0.004,-150.5,12.5,-116,-5.8,28.3,-16.8,0.35975219,0.530838954,-0.330332347,0.692526017
763,1912451,158740,0.881,-0.533,-0.007,-152.9,13.3,-111.1,-5.8,28.3,-16.8,0.363292337,0.530228584,-0.331247902,0.690725425
764,1916095,158740,0.861,-0.541,-0.01,-153.4,15.4,-106.1,-5.8,28.3,-16.8,0.366771447,0.529557176,-0.332193976,0.688924833
765,1918425,158740,0.818,-0.571,-0.002,-152.5,17.5,-101.4,-5.8,28.3,-15.9,0.37018952,0.528794214,-0.333170568,0.687215796
766,1920598,158750,0.799,-0.598,0.013,-151.2,18.9,-96.7,-5.8,28.3,-15.9,0.373516037,0.528000732,-0.334177679,0.685537278
767,1922924,158750,0.795,-0.61,0.017,-150,18.9,-92.5,-5.8,28.3,-15.9,0.376750999,0.527146214,-0.33518479,0.683919797
768,1925271,158750,0.826,-0.583,0.056,-149.4,17.5,-88.8,-5.8,28.3,-15.9,0.379924924,0.526322214,-0.336252937,0.682302316
769,1927577,158750,0.85,-0.575,0.075,-149.3,15.4,-85.4,-6,29.1,-14.9,0.383037812,0.525467696,-0.337351604,0.680654317
770,1931096,158760,0.865,-0.576,0.086,-150.4,12.9,-82,-6,29.1,-14.9,0.386059145,0.524613178,-0.338541826,0.679006317
771,1933262,158760,0.881,-0.595,0.078,-153.1,10.7,-77.6,-6,29.1,-14.9,0.389049959,0.523728141,-0.339823603,0.677358318
772,1935417,158760,0.873,-0.619,0.098,-157.4,9,-72,-6,29.1,-14.9,0.391979736,0.522812586,-0.341257973,0.6756798
773,1937806,158760,0.858,-0.599,0.118,-162.1,8.3,-65.5,-6.8,29.5,-13.6,0.394848476,0.521774957,-0.342814417,0.674001282
774,1940010,158770,0.842,-0.587,0.134,-165.7,8.2,-59,-6.8,29.5,-13.6,0.397656178,0.52067629,-0.344523453,0.672322764
775,1943633,158770,0.823,-0.567,0.15,-167.6,8.3,-52.9,-6.8,29.5,-13.6,0.400402844,0.519486068,-0.346293527,0.670705283
776,1945811,158770,0.831,-0.571,0.138,-167.9,8.2,-47.3,-6.8,29.5,-13.6,0.403057955,0.518234809,-0.348124638,0.66911832
777,1948263,158770,0.85,-0.544,0.157,-167.2,7.9,-42.4,-6.7,29.3,-12.5,0.405621509,0.516983551,-0.350016785,0.667531358
778,1950502,158780,0.858,-0.509,0.169,-165.6,7.5,-38,-6.7,29.3,-12.5,0.408124027,0.515701773,-0.351939451,0.666035951
779,1952727,158780,0.863,-0.45,0.188,-163.1,7.3,-34,-6.7,29.3,-12.5,0.410504471,0.514389477,-0.353862117,0.664540544
780,1954956,158780,0.867,-0.431,0.188,-160.4,7.3,-30.2,-6.7,29.3,-12.5,0.412793359,0.513077181,-0.355784783,0.663106174
781,1958419,158780,0.867,-0.431,0.188,-160.4,7.3,-30.2,-6.7,29.3,-12.5,0.412793359,0.513077181,-0.355784783,0.663106174
782,1960685,158790,0.878,-0.423,0.188,-156.4,7.6,-24.6,-7.4,31.1,-15.7,0.416211432,0.509720145,-0.360759301,0.660847804
783,1962870,158790,0.867,-0.415,0.18,-154.6,7.5,-22.8,-7.4,31.1,-15.7,0.418317209,0.508407849,-0.362681967,0.65950499
784,1965330,158790,0.859,-0.415,0.172,-152,7.3,-21.6,-7.4,31.1,-15.7,0.42036195,0.507065035,-0.364543596,0.658192694
785,1967907,158790,0.855,-0.415,0.169,-148.2,7.1,-20.6,-7.3,31.3,-12.6,0.422345653,0.505783258,-0.366374706,0.656880398
786,1970013,158800,0.835,-0.426,0.157,-143.4,7,-20,-7.3,31.3,-12.6,0.424298837,0.50450148,-0.36814478,0.655629139
787,1972305,158800,0.827,-0.438,0.153,-137.7,6.9,-19.7,-7.3,31.3,-12.6,0.426129948,0.50328074,-0.369853816,0.654408399
788,1975411,158800,0.819,-0.442,0.15,-131.5,6.6,-19.4,-7.3,31.3,-12.6,0.427900021,0.502121036,-0.371440779,0.653248695
789,1977218,158800,0.812,-0.442,0.146,-125.1,6.2,-19.2,-7.2,31.6,-12.1,0.429609058,0.50102237,-0.372966704,0.65211951
790,1980195,158810,0.804,-0.457,0.142,-118.8,6,-18.7,-7.2,31.6,-12.1,0.431226539,0.499984741,-0.374370556,0.651051363
791,1983277,158810,0.796,-0.457,0.142,-113.1,5.6,-18.2,-7.2,31.6,-12.1,0.432752464,0.49897763,-0.375743889,0.650013733
792,1984789,158810,0.788,-0.468,0.143,-107.9,5.2,-17.5,-7.2,31.6,-12.1,0.434217353,0.498031556,-0.377025666,0.649006623
793,1987073,158810,0.784,-0.472,0.139,-103.3,4.6,-16.5,-7.4,31.9,-12.5,0.435621204,0.497116001,-0.378276925,0.648060549
794,1989898,158820,0.78,-0.484,0.143,-99.4,3.9,-15.1,-7.4,31.9,-12.5,0.4369335,0.496230964,-0.379467147,0.647114475
795,1992862,158820,0.776,-0.492,0.147,-96,3.2,-13.3,-7.4,31.9,-12.5,0.438184759,0.495376446,-0.380657369,0.646229438
796,1995979,158820,0.768,-0.495,0.155,-92.9,2.3,-11.1,-7.4,31.9,-12.5,0.439374981,0.494552446,-0.381817072,0.64537492
797,1997619,158820,0.772,-0.499,0.17,-90.1,1.5,-8.7,-7.8,31.9,-12.4,0.440473647,0.493728446,-0.382976775,0.64455092
798,2000548,158830,0.776,-0.503,0.178,-87.5,0.8,-6.2,-7.8,31.9,-12.4,0.441511277,0.492934965,-0.384136479,0.643787957
799,2003621,158830,0.773,-0.503,0.182,-85.1,0.2,-3.7,-7.8,31.9,-12.4,0.442487869,0.492141484,-0.385296182,0.643024995
800,2005093,158830,0.776,-0.503,0.186,-82.9,0,-1,-7.8,31.9,-12.4,0.443403424,0.491348003,-0.386425367,0.642323069
801,2008280,158830,0.776,-0.503,0.186,-82.9,0,-1,-7.8,31.9,-12.4,0.443403424,0.491348003,-0.386425367,0.642323069
802,2009605,158840,0.78,-0.503,0.205,-79.1,0,4.4,-7.6,32.4,-12.3,0.443830683,0.488662374,-0.390118107,0.641834773
803,2012766,158840,0.788,-0.499,0.221,-77.3,0,7,-7.6,32.4,-12.3,0.444593646,0.487838374,-0.39127781,0.641254921
804,2015547,158840,0.8,-0.504,0.209,-75.3,0,9.7,-7.6,32.4,-12.3,0.445234535,0.487014374,-0.392437513,0.640705588
805,2017365,158840,0.816,-0.496,0.228,-73.1,-0.3,12.2,-7.5,32.5,-11.1,0.445844905,0.486220893,-0.393597217,0.640186773
806,2019577,158850,0.82,-0.496,0.236,-70.7,-0.5,14.6,-7.5,32.5,-11.1,0.446394238,0.485396893,-0.39475692,0.639698477
807,2022620,158850,0.831,-0.488,0.24,-67.9,-1,16.8,-7.5,32.5,-11.1,0.446852016,0.484603412,-0.395886105,0.639271218
808,2024902,158850,0.851,-0.485,0.251,-64.8,-1.4,19.1,-7.5,32.5,-11.1,0.447279275,0.483840449,-0.39701529,0.638874477
809,2027217,158850,0.859,-0.477,0.255,-61.6,-1.8,21.4,-7.6,32.5,-11.4,0.447614978,0.483077486,-0.398113956,0.638538774
810,2030920,158860,0.867,-0.465,0.255,-58.5,-2.3,23.6,-7.6,32.5,-11.4,0.447859127,0.482314524,-0.399212622,0.638233589
811,2033235,158860,0.879,-0.462,0.262,-55.2,-2.8,25.5,-7.6,32.5,-11.4,0.448072756,0.481612598,-0.40028077,0.637989441
812,2035523,158860,0.902,-0.446,0.27,-51.9,-3.3,27.3,-7.6,32.5,-11.4,0.44819483,0.480910672,-0.4013184,0.637745293
813,2037712,158860,0.91,-0.435,0.277,-48.8,-3.9,29.1,-7.3,33,-11.3,0.448286386,0.480239265,-0.40232551,0.637562181
814,2039998,158870,0.922,-0.427,0.273,-45.6,-4.5,31.1,-7.3,33,-11.3,0.448286386,0.479567858,-0.403332621,0.637440107
815,2042241,158870,0.933,-0.416,0.273,-42.4,-5.2,33,-7.3,33,-11.3,0.448225349,0.478926969,-0.404339732,0.637318033
816,2046083,158870,0.941,-0.408,0.277,-39.2,-6.1,34.8,-7.3,33,-11.3,0.448103275,0.478316599,-0.405285806,0.637256996
817,2048368,158870,0.957,-0.408,0.28,-36.1,-7.1,36.5,-7.3,32.7,-10.6,0.447889645,0.477736747,-0.406262398,0.637226478
818,2050619,158880,0.965,-0.408,0.28,-33.1,-8,38.1,-7.3,32.7,-10.6,0.447645497,0.477187414,-0.407177953,0.637195959
819,2052484,158880,0.977,-0.393,0.288,-30.1,-8.9,39.4,-7.3,32.7,-10.6,0.447340312,0.4766686,-0.408093509,0.637226478
820,2055761,158880,0.98,-0.393,0.288,-27.2,-9.8,40.6,-7.3,32.7,-10.6,0.446943571,0.476180303,-0.409009064,0.637287515
821,2057501,158880,0.98,-0.393,0.288,-27.2,-9.8,40.6,-7.3,32.7,-10.6,0.446943571,0.476180303,-0.409009064,0.637287515
822,2059834,158890,0.996,-0.393,0.295,-21.6,-11.3,42.9,-7.1,33,-9.8,0.445722831,0.47480697,-0.411084323,0.637836848
823,2061907,158890,1.012,-0.393,0.295,-19.3,-12.2,43.9,-7.1,33,-9.8,0.445204016,0.47441023,-0.411938841,0.637958922
824,2066041,158890,1.008,-0.393,0.295,-17.2,-13.2,44.9,-7.1,33,-9.8,0.444654683,0.474013489,-0.412762841,0.638080996
825,2067968,158890,1.016,-0.393,0.295,-15.3,-14.1,45.9,-7.4,33.3,-10.4,0.444044313,0.473647267,-0.41358684,0.638264107
826,2070317,158900,1.02,-0.386,0.306,-13.3,-15,46.9,-7.4,33.3,-10.4,0.443372906,0.473311563,-0.41441084,0.638447218
827,2072501,158900,1.027,-0.394,0.306,-11.4,-15.7,47.7,-7.4,33.3,-10.4,0.442701498,0.47297586,-0.415204321,0.638630329
828,2074817,158900,1.031,-0.394,0.318,-9.6,-16.2,48.5,-7.4,33.3,-10.4,0.441969054,0.472670675,-0.415997803,0.638843959
829,2078566,158900,1.031,-0.394,0.31,-8,-16.7,49.2,-6.9,33.1,-10.3,0.441206091,0.472396008,-0.416791284,0.639057588
830,2080844,158910,1.035,-0.394,0.314,-6.3,-17.1,49.7,-6.9,33.1,-10.3,0.44041261,0.472121342,-0.417554247,0.639301737
831,2083126,158910,1.035,-0.401,0.31,-4.5,-17.5,50.2,-6.9,33.1,-10.3,0.439619129,0.471846675,-0.418317209,0.639576403
832,2085198,158910,1.039,-0.398,0.31,-2.3,-17.7,50.6,-6.9,33.1,-10.3,0.438764611,0.471602527,-0.419019135,0.63985107
833,2087530,158910,1.039,-0.402,0.31,0.1,-17.7,51.1,-6.7,32.9,-10.2,0.437879574,0.471388897,-0.419721061,0.640156255
834,2091230,158920,1.043,-0.386,0.298,3.3,-17.5,51.5,-6.7,32.9,-10.2,0.436964019,0.471175268,-0.42036195,0.640491958
835,2094406,158920,1.047,-0.374,0.306,6.9,-17.4,51.9,-6.7,32.9,-10.2,0.436017945,0.471022675,-0.42097232,0.640888699
836,2095080,158920,1.051,-0.371,0.298,10.6,-17.4,52.3,-6.7,32.9,-10.2,0.435010834,0.470900601,-0.421521653,0.641315958
837,2097537,158920,1.047,-0.355,0.286,14.1,-17.7,52.9,-6.8,32.4,-10.3,0.433973205,0.470809046,-0.422040468,0.641743217
838,2100092,158930,1.051,-0.347,0.286,17.3,-18.2,53.3,-6.8,32.4,-10.3,0.432874538,0.47071749,-0.422528764,0.642231513
839,2102516,158930,1.051,-0.332,0.274,20.3,-18.7,53.8,-6.8,32.4,-10.3,0.431745354,0.470686972,-0.422956023,0.64271981
840,2104916,158930,1.059,-0.316,0.274,23.5,-19.1,54.2,-6.8,32.4,-10.3,0.430555132,0.470656453,-0.423383282,0.643269143
841,2107409,158930,1.059,-0.3,0.278,26.9,-19.3,54.5,-6.1,34.2,-9.2,0.429334391,0.470686972,-0.423749504,0.643818476
842,2109900,158940,1.063,-0.285,0.27,30.2,-19.4,54.7,-6.1,34.2,-9.2,0.428083132,0.470748009,-0.424054689,0.644428846
843,2113458,158940,1.059,-0.265,0.27,33.4,-19.2,54.8,-6.1,34.2,-9.2,0.426770837,0.470809046,-0.424298837,0.645039216
844,2115909,158940,1.059,-0.25,0.27,36.2,-18.6,54.7,-6.1,34.2,-9.2,0.425458541,0.470900601,-0.424542985,0.645680105
845,2117979,158940,1.055,-0.218,0.262,38.4,-17.6,54.4,-6.4,33.1,-11.5,0.424146245,0.471022675,-0.424726096,0.646382031
846,2120159,158950,1.051,-0.214,0.255,39.9,-16.2,54,-6.4,33.1,-11.5,0.42280343,0.471114231,-0.424878689,0.647083956
847,2122523,158950,1.051,-0.199,0.258,40.7,-14.5,53.5,-6.4,33.1,-11.5,0.421491134,0.471175268,-0.425000763,0.647785882
848,2126201,158950,1.04,-0.175,0.251,41,-12.7,52.9,-6.4,33.1,-11.5,0.420209357,0.471266823,-0.4250618,0.648518326
849,2128453,158950,1.032,-0.171,0.239,40.6,-10.9,52.1,-6.1,32.9,-11.7,0.418958098,0.471297342,-0.425122837,0.649281289
850,2130873,158960,1.028,-0.167,0.235,39.6,-9.1,51.3,-6.1,32.9,-11.7,0.417737358,0.47132786,-0.425183874,0.650013733
851,2133072,158960,1.02,-0.163,0.228,38.3,-7,50.1,-6.1,32.9,-11.7,0.416577654,0.471297342,-0.425214393,0.650746178
852,2135311,158960,1,-0.159,0.22,36.9,-5,49,-6.1,32.9,-11.7,0.415448469,0.471236305,-0.425244911,0.651478622
853,2137367,158960,0.993,-0.159,0.216,35.9,-3.2,47.8,-5.5,33,-11.8,0.414349803,0.471175268,-0.425244911,0.652211066
854,2140988,158970,0.981,-0.159,0.217,35.5,-2,46.5,-5.5,33,-11.8,0.413312174,0.471083712,-0.425244911,0.65294351
855,2143296,158970,0.961,-0.158,0.213,35.7,-1.2,45.2,-5.5,33,-11.8,0.412305063,0.471022675,-0.425214393,0.653675954
856,2145628,158970,0.957,-0.158,0.221,36.2,-0.9,43.9,-5.5,33,-11.8,0.411267434,0.470961638,-0.425153356,0.654408399
857,2147699,158970,0.95,-0.158,0.221,36.6,-0.9,42.6,-6,32.9,-12.1,0.410290841,0.470900601,-0.4250618,0.655110324
858,2151256,158980,0.95,-0.158,0.221,36.6,-0.9,42.6,-6,32.9,-12.1,0.410290841,0.470900601,-0.4250618,0.655110324
859,2153335,158980,0.934,-0.158,0.221,36.2,-1.1,39.5,-6,32.9,-12.1,0.408368175,0.470839564,-0.424878689,0.656483657
860,2155663,158980,0.926,-0.162,0.214,35,-1,37.9,-6,32.9,-12.1,0.40745262,0.470809046,-0.424787133,0.657155065
861,2157387,158980,0.926,-0.162,0.214,35,-1,37.9,-6,32.9,-12.1,0.40745262,0.470809046,-0.424787133,0.657155065
862,2159775,158990,0.91,-0.165,0.194,31.3,-0.7,34.7,-5.5,34,-10.8,0.405774102,0.470748009,-0.424542985,0.658375805
863,2163406,158990,0.903,-0.165,0.199,29.8,-0.3,33.2,-5.5,34,-10.8,0.405011139,0.47071749,-0.42445143,0.658925138
864,2165741,158990,0.903,-0.165,0.195,28.7,0,31.7,-5.5,34,-10.8,0.404248177,0.470656453,-0.424390393,0.659474471
865,2167955,158990,0.903,-0.158,0.202,27.9,0.4,30.4,-5.2,33.6,-11.1,0.403515732,0.470625935,-0.424268319,0.659993286
866,2170193,159000,0.903,-0.157,0.206,27.1,1,29.2,-5.2,33.6,-11.1,0.402813807,0.470564898,-0.424176763,0.660512101
867,2172353,159000,0.907,-0.161,0.206,26.1,1.5,28,-5.2,33.6,-11.1,0.402172918,0.470534379,-0.424085208,0.661030915
868,2175522,159000,0.903,-0.165,0.21,24.8,1.9,26.9,-5.2,33.6,-11.1,0.401562548,0.470473342,-0.423963134,0.661519211
869,2177959,159000,0.907,-0.161,0.21,23.3,2.1,25.8,-4.9,33.7,-10.9,0.400952177,0.470412305,-0.423902097,0.661976989
870,2180016,159010,0.907,-0.161,0.222,21.5,2.3,24.7,-4.9,33.7,-10.9,0.400402844,0.47032075,-0.423810541,0.662434767
871,2182232,159010,0.911,-0.154,0.222,19.6,2.5,23.7,-4.9,33.7,-10.9,0.39988403,0.470229194,-0.423749504,0.662831507
872,2184770,159010,0.914,-0.162,0.226,17.6,2.9,22.7,-4.9,33.7,-10.9,0.399395734,0.470137638,-0.423688467,0.663228248
873,2188409,159010,0.914,-0.161,0.23,15.4,3.2,21.8,-5.2,33.9,-11.6,0.398907437,0.470015564,-0.423657949,0.66359447
874,2190780,159020,0.922,-0.162,0.241,12.9,3.6,20.7,-5.2,33.9,-11.6,0.398541215,0.46989349,-0.423657949,0.663930174
875,2192825,159020,0.922,-0.158,0.245,10.1,3.7,19.5,-5.2,33.9,-11.6,0.398205512,0.469740898,-0.423688467,0.664235359
876,2195036,159020,0.918,-0.165,0.241,7,4,18.3,-5.2,33.9,-11.6,0.397900327,0.469588305,-0.423749504,0.664510025
877,2197844,159020,0.922,-0.169,0.249,3.8,4.2,17.4,-4.9,34.1,-11.4,0.397656178,0.469405194,-0.423810541,0.664723655
878,2200048,159030,0.918,-0.173,0.249,0.4,4.4,16.5,-4.9,34.1,-11.4,0.397442549,0.469191565,-0.423932615,0.664937284
879,2202320,159030,0.922,-0.177,0.249,-2.8,4.5,15.6,-4.9,34.1,-11.4,0.397289956,0.468947417,-0.424115726,0.665089877
880,2205456,159030,0.918,-0.189,0.249,-6,4.4,14.6,-4.9,34.1,-11.4,0.397167882,0.468703269,-0.424298837,0.665181433
881,2207611,159030,0.918,-0.189,0.249,-6,4.4,14.6,-4.9,34.1,-11.4,0.397167882,0.468703269,-0.424298837,0.665181433
882,2209895,159040,0.918,-0.212,0.257,-11.7,4.1,12.5,-5,33.3,-11.1,0.397289956,0.467879269,-0.424512467,0.665578173
883,2212932,159040,0.918,-0.216,0.253,-14,4,11.5,-5,33.3,-11.1,0.397289956,0.467604602,-0.424817652,0.665578173
884,2215790,159040,0.922,-0.224,0.253,-15.8,4,10.4,-5,33.3,-11.1,0.397350993,0.467268899,-0.425092318,0.665547655
885,2217355,159040,0.918,-0.24,0.249,-17.4,3.9,9.4,-4.6,33.6,-11.8,0.39741203,0.467024751,-0.425428022,0.665517136
886,2220146,159050,0.922,-0.248,0.245,-18.6,4,8.5,-4.6,33.6,-11.8,0.397534104,0.466719565,-0.425733207,0.665456099
887,2223218,159050,0.926,-0.251,0.249,-19.6,3.9,7.7,-4.6,33.6,-11.8,0.397656178,0.46641438,-0.426068911,0.665395062
888,2225298,159050,0.918,-0.263,0.245,-20.4,4,7,-4.6,33.6,-11.8,0.397778253,0.466109195,-0.426404614,0.665303507
889,2227421,159050,0.922,-0.267,0.249,-20.8,4,6.1,-5,33.9,-11.5,0.397961364,0.46580401,-0.426740318,0.665211951
890,2230550,159060,0.922,-0.271,0.245,-21.1,3.9,5.2,-5,33.9,-11.5,0.398113956,0.465529344,-0.427076022,0.665089877
891,2232686,159060,0.918,-0.279,0.245,-21.1,3.9,4.5,-5,33.9,-11.5,0.398297067,0.465254677,-0.427381207,0.664967803
892,2235685,159060,0.922,-0.279,0.245,-20.8,4,3.8,-5,33.9,-11.5,0.398510697,0.464949492,-0.427686392,0.664845729
893,2237248,159060,0.926,-0.283,0.245,-20.5,4.2,3.1,-5.1,33.8,-11.1,0.398693808,0.464705344,-0.427991577,0.664723655
894,2240302,159070,0.926,-0.287,0.245,-19.9,4.2,2.5,-5.1,33.8,-11.1,0.398907437,0.464430677,-0.428266243,0.664601581
895,2242441,159070,0.93,-0.287,0.249,-19.3,4.1,1.6,-5.1,33.8,-11.1,0.399121067,0.464186529,-0.428510392,0.664479507
896,2245592,159070,0.934,-0.291,0.257,-18.6,3.9,0.9,-5.1,33.8,-11.1,0.399334696,0.4639729,-0.42875454,0.664357433
897,2247401,159070,0.938,-0.291,0.257,-17.9,3.6,0.3,-5.7,33.8,-11.3,0.399548326,0.46375927,-0.428998688,0.664235359
898,2250221,159080,0.938,-0.291,0.257,-17.4,3.2,-0.2,-5.7,33.8,-11.3,0.399761956,0.46354564,-0.429212317,0.664113285
899,2253287,159080,0.945,-0.299,0.261,-16.9,2.8,-0.8,-5.7,33.8,-11.3,0.399975585,0.463362529,-0.429425947,0.663960692
900,2254765,159080,0.949,-0.295,0.268,-16.6,2.5,-1.2,-5.7,33.8,-11.3,0.400158696,0.463209937,-0.429639576,0.6638081
901,2257604,159080,0.949,-0.295,0.268,-16.6,2.5,-1.2,-5.7,33.8,-11.3,0.400158696,0.463209937,-0.429639576,0.6638081
902,2260656,159090,0.949,-0.299,0.264,-16.3,1.8,-1.9,-4.1,32.9,-10.7,0.400372326,0.462294382,-0.430219428,0.663960692
903,2262227,159090,0.949,-0.299,0.268,-16.1,1.8,-1.9,-4.1,32.9,-10.7,0.400585955,0.462141789,-0.430402539,0.6638081
904,2265439,159090,0.953,-0.295,0.276,-15.8,2,-1.8,-4.1,32.9,-10.7,0.400769066,0.461989196,-0.43058565,0.663686026
905,2267125,159090,0.949,-0.295,0.272,-15.5,2.2,-1.6,-5.7,34.4,-10.8,0.400982696,0.461836604,-0.43079928,0.663533433
906,2270121,159100,0.953,-0.295,0.268,-15.2,2.3,-1.5,-5.7,34.4,-10.8,0.401196326,0.461684011,-0.430982391,0.663411359
907,2272370,159100,0.953,-0.291,0.264,-14.8,2.2,-1.3,-5.7,34.4,-10.8,0.401379437,0.461531419,-0.431165502,0.663258766
908,2275466,159100,0.945,-0.295,0.265,-14.4,2.1,-1.2,-5.7,34.4,-10.8,0.401562548,0.461378826,-0.431318094,0.663136692
909,2277770,159100,0.946,-0.291,0.265,-13.7,1.9,-0.9,-5.8,34.2,-11.1,0.40171514,0.461256752,-0.431501205,0.663014618
910,2279859,159110,0.942,-0.291,0.265,-12.9,1.6,-0.6,-5.8,34.2,-11.1,0.401867733,0.461134678,-0.431684317,0.662923063
911,2283001,159110,0.942,-0.291,0.261,-11.8,1.2,-0.4,-5.8,34.2,-11.1,0.402020325,0.461012604,-0.431836909,0.662800989
912,2285256,159110,0.938,-0.295,0.257,-10.5,0.8,-0.3,-5.8,34.2,-11.1,0.402142399,0.46089053,-0.431958983,0.662709433
913,2288863,159110,0.938,-0.291,0.261,-8.9,0.1,0,-5.9,34.5,-10.7,0.402233955,0.460829493,-0.432111576,0.662648396
914,2290985,159120,0.93,-0.283,0.261,-6.9,-0.5,0.2,-5.9,34.5,-10.7,0.402294992,0.460768456,-0.432203131,0.662556841
915,2293325,159120,0.93,-0.283,0.265,-4.8,-1.1,0.6,-5.9,34.5,-10.7,0.40232551,0.460737938,-0.432294687,0.662526322
916,2295348,159120,0.93,-0.275,0.265,-2.9,-1.7,1,-5.9,34.5,-10.7,0.40232551,0.460737938,-0.432355724,0.662465285
917,2298291,159120,0.93,-0.275,0.265,-1.3,-2.1,1.2,-5.9,34.4,-10.9,0.402294992,0.460737938,-0.432416761,0.662465285
918,2299939,159130,0.934,-0.271,0.265,0.1,-2.6,1.5,-5.9,34.4,-10.9,0.402233955,0.460768456,-0.432447279,0.662434767
919,2302261,159130,0.934,-0.263,0.269,1.5,-2.8,1.7,-5.9,34.4,-10.9,0.402172918,0.460798975,-0.432477798,0.662434767
920,2305735,159130,0.93,-0.263,0.261,3,-3.1,2,-5.9,34.4,-10.9,0.402081362,0.460860012,-0.432477798,0.662465285
921,2307944,159130,0.93,-0.263,0.261,3,-3.1,2,-5.9,34.4,-10.9,0.402081362,0.460860012,-0.432477798,0.662465285
922,2309741,159140,0.938,-0.259,0.269,5.7,-3.3,2.7,-4.5,33.5,-10.7,0.401684622,0.460188604,-0.432477798,0.663167211
923,2313579,159140,0.934,-0.252,0.265,6.8,-3.3,3.2,-4.5,33.5,-10.7,0.401532029,0.460249641,-0.432447279,0.663228248
924,2315917,159140,0.938,-0.252,0.265,8,-3.2,3.6,-4.5,33.5,-10.7,0.401379437,0.460341197,-0.432386242,0.663289285
925,2318059,159140,0.934,-0.244,0.257,9,-3.1,4.1,-5.3,33.8,-10.8,0.401196326,0.460432752,-0.432325205,0.66338084
926,2320270,159150,0.934,-0.244,0.253,9.8,-2.9,4.5,-5.3,33.8,-10.8,0.400982696,0.460524308,-0.432264168,0.663502915
927,2322463,159150,0.934,-0.244,0.257,10.6,-2.6,5,-5.3,33.8,-10.8,0.400799585,0.460585345,-0.432172613,0.663624989
928,2325473,159150,0.93,-0.236,0.245,11.4,-2.4,5.6,-5.3,33.8,-10.8,0.400585955,0.460676901,-0.432081057,0.663747063
929,2328608,159150,0.93,-0.236,0.249,12,-2.2,6.2,-4.8,33.5,-10.8,0.400341807,0.460768456,-0.431989502,0.663899655
930,2330814,159160,0.934,-0.232,0.245,12.6,-2.2,6.5,-4.8,33.5,-10.8,0.400097659,0.460829493,-0.431897946,0.664052248
931,2333150,159160,0.938,-0.232,0.249,13.1,-2.2,7,-4.8,33.5,-10.8,0.399853511,0.460921049,-0.431806391,0.66420484
932,2335398,159160,0.938,-0.236,0.245,13.4,-2.1,7.4,-4.8,33.5,-10.8,0.399578845,0.461012604,-0.431684317,0.664387951
933,2337620,159160,0.934,-0.232,0.237,13.8,-2.1,7.8,-4.3,33.8,-10.7,0.399304178,0.461073641,-0.431592761,0.664540544
934,2339864,159170,0.938,-0.236,0.237,14.1,-2,8.2,-4.3,33.8,-10.7,0.399029511,0.461165197,-0.431501205,0.664723655
935,2342158,159170,0.938,-0.232,0.237,14.3,-1.9,8.7,-4.3,33.8,-10.7,0.398724326,0.461226234,-0.431379131,0.664937284
936,2345766,159170,0.934,-0.228,0.241,14.4,-1.8,9.2,-4.3,33.8,-10.7,0.39844966,0.461287271,-0.431287576,0.665120396
937,2348045,159170,0.938,-0.228,0.237,14.5,-1.9,9.8,-4.5,33.7,-10.8,0.398113956,0.461348308,-0.43119602,0.665334025
938,2350196,159180,0.93,-0.228,0.237,14.5,-1.8,10.3,-4.5,33.7,-10.8,0.397808771,0.461409345,-0.431104465,0.665547655
939,2353189,159180,0.938,-0.232,0.237,14.3,-1.9,10.9,-4.5,33.7,-10.8,0.397503586,0.461470382,-0.431012909,0.665761284
940,2354732,159180,0.938,-0.228,0.241,14.1,-1.8,11.4,-4.5,33.7,-10.8,0.397167882,0.4615009,-0.430951872,0.665974914
941,2357062,159180,0.938,-0.228,0.241,14.1,-1.8,11.4,-4.5,33.7,-10.8,0.397167882,0.4615009,-0.430951872,0.665974914
942,2360457,159190,0.942,-0.236,0.233,13.9,-1.8,12.7,-4.8,33.5,-10.7,0.396465957,0.461012604,-0.430738243,0.666859951
943,2363486,159190,0.942,-0.232,0.237,13.8,-1.8,13.3,-4.8,33.5,-10.7,0.396099734,0.461043123,-0.430677206,0.66707358
944,2364918,159190,0.942,-0.232,0.237,13.7,-1.8,13.8,-4.8,33.5,-10.7,0.395764031,0.461043123,-0.430616169,0.667317728
945,2368022,159190,0.946,-0.236,0.233,13.6,-1.7,14.2,-4.5,33.7,-11,0.395397809,0.461073641,-0.43058565,0.667531358
946,2370243,159200,0.945,-0.24,0.233,13.7,-1.7,14.7,-4.5,33.7,-11,0.395001068,0.461073641,-0.430555132,0.667775506
947,2372554,159200,0.942,-0.24,0.237,13.8,-1.8,15.2,-4.5,33.7,-11,0.394634846,0.461073641,-0.430524613,0.668019654
948,2374837,159200,0.942,-0.24,0.237,13.9,-1.7,15.5,-4.5,33.7,-11,0.394268624,0.461073641,-0.430494095,0.668263802
949,2377026,159200,0.942,-0.244,0.237,14,-1.5,15.9,-4.4,33.4,-11.3,0.393871883,0.461073641,-0.430463576,0.668538469
950,2380299,159210,0.946,-0.244,0.237,14.1,-1.3,16.4,-4.4,33.4,-11.3,0.393475143,0.461043123,-0.430433058,0.668782617
951,2383408,159210,0.938,-0.244,0.229,14.3,-1.3,16.8,-4.4,33.4,-11.3,0.393047884,0.461043123,-0.430402539,0.669057283
952,2385554,159210,0.942,-0.244,0.233,14.5,-1.5,17.2,-4.4,33.4,-11.3,0.392651143,0.461012604,-0.430372021,0.66933195
953,2388729,159210,0.945,-0.244,0.233,14.7,-1.5,17.4,-4.3,33.3,-10.9,0.392254402,0.461012604,-0.430341502,0.669606616
954,2390146,159220,0.945,-0.236,0.229,15,-1.5,17.8,-4.3,33.3,-10.9,0.391827143,0.460982086,-0.430310984,0.669881283
955,2392094,159220,0.942,-0.244,0.225,15.4,-1.5,18.2,-4.3,33.3,-10.9,0.391369366,0.460982086,-0.430280465,0.67015595
956,2395373,159220,0.945,-0.244,0.229,15.7,-1.6,18.6,-4.3,33.3,-10.9,0.390942106,0.460951567,-0.430249947,0.670461135
957,2398681,159220,0.949,-0.244,0.225,16.1,-1.7,19,-4.4,33.3,-11.6,0.390484329,0.460951567,-0.430219428,0.670735801
958,2400672,159230,0.949,-0.244,0.229,16.4,-1.9,19.2,-4.4,33.3,-11.6,0.390026551,0.460921049,-0.430158391,0.671040986
959,2402720,159230,0.949,-0.24,0.233,16.7,-1.9,19.5,-4.4,33.3,-11.6,0.389538255,0.460921049,-0.430158391,0.671346171
960,2405877,159230,0.949,-0.24,0.233,17,-1.9,19.8,-4.4,33.3,-11.6,0.389049959,0.460921049,-0.430127873,0.671651357
961,2408119,159230,0.949,-0.24,0.233,17,-1.9,19.8,-4.4,33.3,-11.6,0.389049959,0.460921049,-0.430127873,0.671651357
962,2410565,159240,0.949,-0.24,0.237,17.4,-1.9,20.3,-4.9,33.3,-11.2,0.387981811,0.460432752,-0.430066836,0.672658467
963,2412782,159240,0.945,-0.24,0.233,17.5,-2,20.4,-4.9,33.3,-11.2,0.387493515,0.460402234,-0.430036317,0.672963652
964,2414975,159240,0.953,-0.24,0.241,17.6,-2,20.5,-4.9,33.3,-11.2,0.387005219,0.460402234,-0.430005799,0.673268838
965,2417228,159240,0.946,-0.236,0.233,17.7,-2,20.7,-3.2,33.5,-11.2,0.386486404,0.460371715,-0.429944761,0.673604541
966,2420339,159250,0.949,-0.24,0.233,17.7,-2.2,20.8,-3.2,33.5,-11.2,0.385998108,0.460371715,-0.429914243,0.673909726
967,2423733,159250,0.946,-0.244,0.237,17.7,-2.3,20.8,-3.2,33.5,-11.2,0.385479293,0.460371715,-0.429883724,0.67424543
968,2425961,159250,0.946,-0.244,0.237,17.6,-2.5,20.9,-3.2,33.5,-11.2,0.384990997,0.460341197,-0.429853206,0.674550615
969,2427510,159250,0.942,-0.236,0.233,17.5,-2.6,20.9,-3.2,33,-11.8,0.384472182,0.460341197,-0.429822687,0.674886319
970,2431178,159260,0.942,-0.236,0.237,17.6,-2.8,21,-3.2,33,-11.8,0.383953368,0.460341197,-0.429822687,0.675191504
971,2434126,159260,0.938,-0.24,0.237,17.7,-2.9,21,-3.2,33,-11.8,0.383434553,0.460310678,-0.429792169,0.675496689
972,2436150,159260,0.942,-0.232,0.237,17.8,-3.1,21,-3.2,33,-11.8,0.382915738,0.460310678,-0.42976165,0.675801874
973,2438168,159260,0.942,-0.24,0.237,17.9,-3.1,21,-3.1,33.8,-11.6,0.382396924,0.460310678,-0.429731132,0.676137577
974,2440699,159270,0.938,-0.236,0.237,18,-3.3,21.1,-3.1,33.8,-11.6,0.381878109,0.460310678,-0.429700613,0.676442763
975,2442690,159270,0.946,-0.232,0.241,18.2,-3.4,21,-3.1,33.8,-11.6,0.381328776,0.460341197,-0.429670095,0.676747948
976,2444944,159270,0.946,-0.232,0.237,18.5,-3.7,20.8,-3.1,33.8,-11.6,0.380809961,0.460341197,-0.429639576,0.677053133
977,2447572,159270,0.942,-0.232,0.229,18.6,-3.9,20.6,-2.9,33.3,-11.5,0.380291147,0.460371715,-0.429609058,0.677358318
978,2451176,159280,0.938,-0.236,0.229,18.8,-3.9,20.5,-2.9,33.3,-11.5,0.379741813,0.460371715,-0.429578539,0.677663503
979,2453351,159280,0.946,-0.228,0.229,18.9,-3.8,20.5,-2.9,33.3,-11.5,0.379222999,0.460402234,-0.429517502,0.677999207
980,2455722,159280,0.942,-0.228,0.225,19.1,-3.7,20.4,-2.9,33.3,-11.5,0.378704184,0.460432752,-0.429486984,0.678304392
981,2457905,159280,0.942,-0.228,0.225,19.1,-3.7,20.4,-2.9,33.3,-11.5,0.378704184,0.460432752,-0.429486984,0.678304392
982,2459726,159290,0.949,-0.229,0.225,19.4,-3.7,20,-4.2,33,-11.5,0.37775811,0.460249641,-0.429181799,0.679128391
983,2461876,159290,0.949,-0.232,0.225,19.4,-3.7,19.7,-4.2,33,-11.5,0.377239296,0.46028016,-0.429120762,0.679433576
984,2465601,159290,0.953,-0.229,0.221,19.4,-3.6,19.5,-4.2,33,-11.5,0.376720481,0.460341197,-0.429059725,0.679738762
985,2467873,159290,0.949,-0.229,0.221,19.4,-3.6,19.3,-3.9,33.2,-11.6,0.376201666,0.460371715,-0.428968169,0.680043947
986,2470004,159300,0.961,-0.225,0.221,19.4,-3.7,19.1,-3.9,33.2,-11.6,0.375682852,0.460402234,-0.428907132,0.680349132
987,2472462,159300,0.957,-0.225,0.225,19.3,-3.9,19,-3.9,33.2,-11.6,0.375164037,0.460432752,-0.428846095,0.680654317
988,2474878,159300,0.961,-0.225,0.225,19.2,-4,18.8,-3.9,33.2,-11.6,0.374645222,0.460463271,-0.428785058,0.680928983
989,2478241,159300,0.957,-0.221,0.221,19.2,-3.9,18.7,-3.9,33.1,-11.6,0.374156926,0.460524308,-0.428724021,0.681234169
990,2480373,159310,0.957,-0.221,0.225,19.1,-3.9,18.5,-3.9,33.1,-11.6,0.373638112,0.460554827,-0.428662984,0.681508835
991,2482651,159310,0.957,-0.221,0.225,18.9,-3.9,18.5,-3.9,33.1,-11.6,0.373149815,0.460585345,-0.428601947,0.68181402
992,2485029,159310,0.957,-0.217,0.225,18.9,-4.2,18.5,-3.9,33.1,-11.6,0.372631001,0.460646382,-0.42854091,0.682088687
993,2487092,159310,0.957,-0.221,0.229,18.7,-4.4,18.5,-3.4,33.3,-11.3,0.372142705,0.460676901,-0.428479873,0.682363353
994,2489429,159320,0.957,-0.213,0.229,18.4,-4.6,18.5,-3.4,33.3,-11.3,0.37162389,0.460737938,-0.428418836,0.68263802
995,2492983,159320,0.953,-0.213,0.233,18.3,-4.8,18.4,-3.4,33.3,-11.3,0.371135594,0.460768456,-0.428388318,0.682912687
996,2494707,159320,0.961,-0.209,0.229,18.1,-5.1,18.3,-3.4,33.3,-11.3,0.370616779,0.460829493,-0.42832728,0.683187353
997,2496904,159320,0.957,-0.209,0.229,18.3,-5.3,18.1,-3.6,33.1,-11.3,0.370097964,0.46089053,-0.428296762,0.68346202
998,2500433,159330,0.957,-0.209,0.225,18.4,-5.3,18.2,-3.6,33.1,-11.3,0.369609668,0.460951567,-0.428205206,0.683706168
999,2502113,159330,0.953,-0.209,0.225,18.6,-5.3,18.3,-3.6,33.1,-11.3,0.369090854,0.461012604,-0.428174688,0.683980834
1000,2505391,159330,0.953,-0.213,0.221,19,-5.3,18.3,-3.6,33.1,-11.3,0.368572039,0.461073641,-0.428144169,0.684255501
1001,2507263,159330,0.953,-0.213,0.221,19,-5.3,18.3,-3.6,33.1,-11.3,0.368572039,0.461073641,-0.428144169,0.684255501
1002,2510524,159340,0.953,-0.201,0.221,20.2,-5.3,18.1,-3.5,33.1,-12.5,0.367961669,0.461378826,-0.427503281,0.684774316
1003,2512571,159340,0.946,-0.205,0.221,21.2,-5.3,18,-3.5,33.1,-12.5,0.367412336,0.461409345,-0.427411725,0.685079501
1004,2515059,159340,0.946,-0.205,0.217,22.4,-5.4,17.9,-3.5,33.1,-12.5,0.366863002,0.461531419,-0.427289651,0.685384686
1005,2518664,159340,0.953,-0.197,0.221,23.4,-5.6,17.6,-3,32.6,-11.4,0.366313669,0.461653493,-0.427167577,0.685689871
1006,2521145,159350,0.961,-0.186,0.225,24.2,-5.7,17.4,-3,32.6,-11.4,0.365764336,0.461775567,-0.427045503,0.685995056
1007,2522977,159350,0.957,-0.178,0.225,24.5,-5.9,17.2,-3,32.6,-11.4,0.365184484,0.461897641,-0.426892911,0.686300241
1008,2525421,159350,0.953,-0.178,0.225,24.3,-5.8,17.2,-3,32.6,-11.4,0.364635151,0.462019715,-0.426740318,0.686605426
1009,2527886,159350,0.957,-0.17,0.225,23.4,-5.6,17.3,-3.2,32.7,-11.2,0.364085818,0.46211127,-0.426618244,0.686910611
1010,2529769,159360,0.95,-0.174,0.229,21.9,-5.2,17.1,-3.2,32.7,-11.2,0.363567003,0.462233345,-0.42649617,0.687185278
1011,2533516,159360,0.953,-0.174,0.221,20.2,-4.8,16.8,-3.2,32.7,-11.2,0.363048189,0.462294382,-0.426404614,0.687459944
1012,2535831,159360,0.953,-0.186,0.217,18.7,-4.5,16.1,-3.2,32.7,-11.2,0.362590411,0.462355419,-0.426313059,0.687704093
1013,2538072,159360,0.953,-0.19,0.217,17.6,-4.1,15.5,-3.2,32.6,-10.6,0.362132633,0.462416456,-0.426252022,0.687948241
1014,2540305,159370,0.95,-0.193,0.225,17.1,-3.9,14.9,-3.2,32.6,-10.6,0.361705374,0.462477493,-0.426160466,0.688192389
1015,2542768,159370,0.946,-0.193,0.221,17,-3.7,14.5,-3.2,32.6,-10.6,0.361278115,0.46253853,-0.426099429,0.688436537
1016,2544961,159370,0.946,-0.185,0.225,17.1,-3.6,14.1,-3.2,32.6,-10.6,0.360850856,0.462599567,-0.426007874,0.688650166
1017,2548433,159370,0.953,-0.186,0.225,17.2,-3.5,13.8,-3.1,32.8,-10.4,0.360454115,0.462660604,-0.425916318,0.688894314
1018,2550591,159380,0.946,-0.189,0.221,17.3,-3.4,13.5,-3.1,32.8,-10.4,0.360026856,0.462721641,-0.425824763,0.689138462
1019,2552849,159380,0.946,-0.193,0.225,17.3,-3.3,13.2,-3.1,32.8,-10.4,0.359630116,0.462782678,-0.425702689,0.689352092
1020,2555016,159380,0.946,-0.189,0.229,17,-3.2,12.9,-3.1,32.8,-10.4,0.359233375,0.462843715,-0.425611133,0.68959624
1021,2557302,159380,0.946,-0.189,0.229,17,-3.2,12.9,-3.1,32.8,-10.4,0.359233375,0.462843715,-0.425611133,0.68959624
1022,2559439,159390,0.95,-0.193,0.225,16.2,-3.3,12.4,-3.3,32.9,-14.5,0.359111301,0.463332011,-0.424665059,0.689901425
1023,2562285,159390,0.946,-0.197,0.225,16.2,-3.3,12.4,-3.3,32.9,-14.5,0.358745079,0.463362529,-0.424573504,0.690115055
1024,2565767,159390,0.946,-0.193,0.229,15.2,-3.1,12,-3.3,32.9,-14.5,0.358378857,0.463454085,-0.424481948,0.690298166
1025,2567978,159390,0.946,-0.193,0.221,14.7,-2.9,11.8,-2.9,32.7,-12,0.358012635,0.463515122,-0.424420911,0.690511795
1026,2569933,159400,0.95,-0.193,0.225,14.2,-2.8,11.7,-2.9,32.7,-12,0.357676931,0.46354564,-0.424298837,0.690694906
1027,2573302,159400,0.953,-0.197,0.225,13.8,-2.8,11.5,-2.9,32.7,-12,0.357341227,0.463606677,-0.424268319,0.690878018
1028,2575461,159400,0.946,-0.193,0.221,13.3,-2.6,11.3,-2.9,32.7,-12,0.357005524,0.463637196,-0.424207282,0.691091647
1029,2577864,159400,0.95,-0.197,0.229,12.8,-2.4,11.1,-2.9,32.8,-12.5,0.35666982,0.463667714,-0.424146245,0.69124424
1030,2579986,159410,0.95,-0.189,0.233,12.3,-2.2,10.9,-2.9,32.8,-12.5,0.356364635,0.463698233,-0.424085208,0.691427351
1031,2582337,159410,0.95,-0.197,0.229,12,-2,10.8,-2.9,32.8,-12.5,0.35605945,0.463728751,-0.424024171,0.691610462
1032,2584610,159410,0.953,-0.201,0.225,11.7,-1.9,10.6,-2.9,32.8,-12.5,0.355754265,0.46375927,-0.423963134,0.691793573
1033,2587535,159410,0.953,-0.201,0.229,11.5,-1.7,10.5,-2.8,32.5,-12.7,0.355479598,0.46375927,-0.423902097,0.691946165
1034,2590573,159420,0.957,-0.205,0.221,11.3,-1.6,10.4,-2.8,32.5,-12.7,0.355174413,0.463789789,-0.423871578,0.692129276
1035,2593248,159420,0.957,-0.193,0.229,11.3,-1.6,10.4,-2.8,32.5,-12.7,0.354899747,0.463789789,-0.423810541,0.692281869
1036,2595475,159420,0.957,-0.197,0.221,10.8,-1.5,10.2,-2.8,32.5,-12.7,0.35462508,0.463820307,-0.423749504,0.69246498
1037,2597834,159420,0.961,-0.194,0.225,10.8,-1.5,10.2,-2.7,32.6,-13.5,0.354350414,0.463820307,-0.423718986,0.692617573
1038,2599966,159430,0.961,-0.19,0.229,10.7,-1.4,10,-2.7,32.6,-13.5,0.354075747,0.463820307,-0.423657949,0.692770165
1039,2602051,159430,0.957,-0.193,0.225,10.8,-1.2,9.9,-2.7,32.6,-13.5,0.35380108,0.463850826,-0.423596912,0.692953276
1040,2606033,159430,0.961,-0.194,0.217,10.7,-1,9.6,-2.7,32.6,-13.5,0.353526414,0.463850826,-0.423566393,0.693105869
1041,2607795,159430,0.961,-0.194,0.217,10.7,-1,9.6,-2.7,32.6,-13.5,0.353526414,0.463850826,-0.423566393,0.693105869
1042,2610055,159440,0.961,-0.19,0.217,10.7,-1,9,-3.2,32.7,-12.7,0.353648488,0.464308603,-0.422742393,0.693227943
1043,2612304,159440,0.965,-0.19,0.221,10.8,-1,8.7,-3.2,32.7,-12.7,0.353373821,0.464339122,-0.422681356,0.693411054
1044,2615977,159440,0.961,-0.19,0.225,11,-1,8.5,-3.2,32.7,-12.7,0.353129673,0.464339122,-0.422589801,0.693563646
1045,2618194,159440,0.957,-0.19,0.225,11.1,-1.1,8.1,-2.9,32.9,-12.8,0.352885525,0.46436964,-0.422528764,0.693716239
1046,2619727,159450,0.957,-0.186,0.221,11.1,-1.1,7.7,-2.9,32.9,-12.8,0.352641377,0.464400159,-0.422437208,0.693868831
1047,2622745,159450,0.957,-0.182,0.225,11.1,-1,7.5,-2.9,32.9,-12.8,0.352397229,0.464430677,-0.422345653,0.694021424
1048,2624929,159450,0.953,-0.186,0.221,11.1,-0.9,7.3,-2.9,32.9,-12.8,0.352183599,0.464491714,-0.422284616,0.694174017
1049,2627926,159450,0.953,-0.186,0.225,10.9,-0.8,7.1,-2.9,32.8,-12.7,0.351939451,0.464522233,-0.42219306,0.694296091
1050,2631094,159460,0.953,-0.174,0.229,10.5,-0.7,6.8,-2.9,32.8,-12.7,0.351725822,0.464522233,-0.422101505,0.694448683
1051,2633161,159460,0.957,-0.178,0.217,10,-0.8,6.4,-2.9,32.8,-12.7,0.351512192,0.464552751,-0.422009949,0.694570757
1052,2634766,159460,0.95,-0.186,0.221,9.3,-0.9,6.1,-2.9,32.8,-12.7,0.351329081,0.46458327,-0.421948912,0.694692831
1053,2637501,159460,0.95,-0.182,0.221,8.5,-1,5.8,-2.6,32.7,-12.6,0.35114597,0.464613788,-0.421887875,0.694814905
1054,2640458,159470,0.953,-0.182,0.217,7.8,-0.9,5.6,-2.6,32.7,-12.6,0.350962859,0.464644307,-0.421826838,0.694936979
1055,2643968,159470,0.946,-0.182,0.213,7,-0.7,5.3,-2.6,32.7,-12.6,0.350810266,0.464674825,-0.421796319,0.695028535
1056,2646129,159470,0.949,-0.186,0.213,6.3,-0.4,5.1,-2.6,32.7,-12.6,0.350657674,0.464674825,-0.421735282,0.69512009
1057,2648258,159470,0.946,-0.189,0.21,5.8,-0.2,4.9,-2.6,32.6,-12.9,0.3505356,0.464674825,-0.421704764,0.695211646
1058,2649890,159480,0.946,-0.189,0.217,5.4,0,4.6,-2.6,32.6,-12.9,0.350413526,0.464674825,-0.421674245,0.695303201
1059,2652095,159480,0.949,-0.186,0.213,5,0.1,4.3,-2.6,32.6,-12.9,0.350291452,0.464674825,-0.421643727,0.695364238
1060,2655795,159480,0.949,-0.19,0.213,4.7,0.2,3.9,-2.6,32.6,-12.9,0.350169378,0.464674825,-0.421613208,0.695455794
1061,2657375,159480,0.949,-0.19,0.213,4.7,0.2,3.9,-2.6,32.6,-12.9,0.350169378,0.464674825,-0.421613208,0.695455794
1062,2659707,159490,0.953,-0.193,0.217,3.9,0.4,3.1,-3.1,32.8,-12,0.3505356,0.465132603,-0.421002838,0.69533372
1063,2663294,159490,0.953,-0.193,0.225,3.5,0.4,2.8,-3.1,32.8,-12,0.350474563,0.465102084,-0.42097232,0.695394757
1064,2664935,159490,0.953,-0.193,0.217,2.9,0.3,2.6,-3.1,32.8,-12,0.350383007,0.465102084,-0.420941801,0.695455794
1065,2667226,159490,0.949,-0.197,0.221,2.2,0.4,2.3,-2.9,32,-13.8,0.350352489,0.465102084,-0.420941801,0.695486312
1066,2670718,159500,0.953,-0.201,0.221,1.5,0.4,2.1,-2.9,32,-13.8,0.350291452,0.465071566,-0.420941801,0.695516831
1067,2673215,159500,0.953,-0.201,0.221,0.6,0.5,2,-2.9,32,-13.8,0.350260933,0.465071566,-0.420941801,0.695547349
1068,2675425,159500,0.95,-0.197,0.229,-0.2,0.6,1.9,-2.9,32,-13.8,0.350230415,0.465041047,-0.420941801,0.695577868
1069,2677632,159500,0.953,-0.197,0.225,-1.1,0.6,2,-2.8,31.8,-13.9,0.350230415,0.46498001,-0.42097232,0.695577868
1070,2679761,159510,0.949,-0.201,0.217,-1.9,0.8,2,-2.8,31.8,-13.9,0.350230415,0.464949492,-0.421033357,0.695577868
1071,2682525,159510,0.953,-0.197,0.225,-2.6,0.8,2,-2.8,31.8,-13.9,0.350230415,0.464888455,-0.421094394,0.695577868
1072,2685723,159510,0.946,-0.205,0.217,-3.1,0.8,1.8,-2.8,31.8,-13.9,0.350230415,0.464827418,-0.421155431,0.695577868
1073,2687218,159510,0.946,-0.205,0.221,-3.5,0.9,1.7,-2.9,31.6,-13.9,0.350260933,0.464766381,-0.421216468,0.695577868
1074,2690304,159520,0.946,-0.209,0.221,-3.8,0.9,1.6,-2.9,31.6,-13.9,0.350291452,0.464735862,-0.421277505,0.695547349
1075,2692402,159520,0.946,-0.209,0.221,-4,1,1.5,-2.9,31.6,-13.9,0.35032197,0.464644307,-0.421338542,0.695547349
1076,2695591,159520,0.946,-0.213,0.221,-4.1,1,1.4,-2.9,31.6,-13.9,0.350352489,0.46458327,-0.421430097,0.695516831
1077,2697805,159520,0.946,-0.213,0.225,-4.2,1.1,1.1,-3.2,31.5,-13.9,0.350383007,0.464522233,-0.421491134,0.695516831
1078,2699970,159530,0.949,-0.217,0.225,-4.3,1.1,0.9,-3.2,31.5,-13.9,0.350413526,0.464491714,-0.421552171,0.695486312
1079,2702289,159530,0.953,-0.221,0.221,-4.5,1.2,0.6,-3.2,31.5,-13.9,0.350474563,0.464430677,-0.421613208,0.695455794
1080,2704581,159530,0.949,-0.225,0.217,-4.6,1.3,0.6,-3.2,31.5,-13.9,0.350505081,0.464339122,-0.421674245,0.695455794
1081,2707604,159530,0.949,-0.225,0.217,-4.6,1.3,0.6,-3.2,31.5,-13.9,0.350505081,0.464339122,-0.421674245,0.695455794
1082,2710661,159540,0.949,-0.232,0.221,-5,1.4,0.3,-3.1,33.7,-12.2,0.351084933,0.464522233,-0.421308023,0.695272683
1083,2712290,159540,0.953,-0.229,0.225,-5.4,1.5,0.2,-3.1,33.7,-12.2,0.35114597,0.464461196,-0.42136906,0.695242164
1084,2715471,159540,0.949,-0.236,0.221,-5.7,1.6,0.1,-3.1,33.7,-12.2,0.351237526,0.46436964,-0.421460616,0.695211646
1085,2717248,159540,0.949,-0.236,0.225,-6,1.6,0.1,-2.7,32.2,-13.4,0.351298563,0.464308603,-0.421552171,0.695150609
1086,2720333,159550,0.949,-0.24,0.217,-6.1,1.6,0.1,-2.7,32.2,-13.4,0.351390118,0.464247566,-0.421613208,0.69512009
1087,2722847,159550,0.953,-0.24,0.225,-6.3,1.6,0.1,-2.7,32.2,-13.4,0.351451155,0.464156011,-0.421704764,0.695089572
1088,2724920,159550,0.949,-0.236,0.225,-6.3,1.7,0.1,-2.7,32.2,-13.4,0.351542711,0.464094974,-0.421796319,0.695059053
1089,2727940,159550,0.953,-0.244,0.217,-6.2,1.8,0.1,-2.6,32.4,-13.5,0.351603748,0.464003418,-0.421887875,0.694998016
1090,2730453,159560,0.949,-0.244,0.217,-6.1,1.8,0,-2.6,32.4,-13.5,0.351695303,0.463942381,-0.421948912,0.694967498
1091,2732435,159560,0.949,-0.244,0.221,-5.7,1.8,0,-2.6,32.4,-13.5,0.35175634,0.463850826,-0.422040468,0.694936979
1092,2734795,159560,0.945,-0.252,0.221,-5.5,1.7,0,-2.6,32.4,-13.5,0.351847896,0.463789789,-0.422101505,0.694906461
1093,2737150,159560,0.949,-0.248,0.217,-5.2,1.5,0,-3,32.8,-13.7,0.351908933,0.463728751,-0.422162542,0.694875942
1094,2740755,159570,0.949,-0.252,0.221,-5,1.4,0,-3,32.8,-13.7,0.35196997,0.463667714,-0.422223579,0.694845424
1095,2743095,159570,0.949,-0.248,0.225,-4.6,1.2,-0.1,-3,32.8,-13.7,0.352031007,0.463606677,-0.422284616,0.694814905
1096,2745270,159570,0.949,-0.248,0.225,-4.4,1.2,-0.2,-3,32.8,-13.7,0.352092044,0.46354564,-0.422345653,0.694784387
1097,2747484,159570,0.945,-0.252,0.221,-4.2,1.1,-0.3,-2.3,33.4,-13.6,0.352153081,0.463515122,-0.42240669,0.694753868
1098,2750421,159580,0.949,-0.244,0.221,-4.3,1.1,-0.1,-2.3,33.4,-13.6,0.352214118,0.463454085,-0.422467727,0.69472335
1099,2753280,159580,0.945,-0.252,0.221,-4.3,1,0,-2.3,33.4,-13.6,0.352244636,0.463423566,-0.422498245,0.694692831
1100,2755700,159580,0.945,-0.252,0.221,-4.4,1,0,-2.3,33.4,-13.6,0.352305673,0.463362529,-0.422559282,0.694662313
1101,2757840,159580,0.945,-0.252,0.221,-4.4,1,0,-2.3,33.4,-13.6,0.352305673,0.463362529,-0.422559282,0.694662313
1102,2760251,159590,0.949,-0.26,0.225,-4.5,1.2,0.1,-2.7,32.9,-12.8,0.35258034,0.463270974,-0.422498245,0.694631794
1103,2762447,159590,0.945,-0.256,0.221,-4.6,1.5,0.3,-2.7,32.9,-12.8,0.352641377,0.463209937,-0.422559282,0.694601276
1104,2764776,159590,0.945,-0.256,0.217,-4.6,1.6,0.5,-2.7,32.9,-12.8,0.352702414,0.4631489,-0.422620319,0.694570757
1105,2768432,159590,0.941,-0.256,0.221,-4.6,1.5,0.7,-2.6,32.7,-13,0.352763451,0.463087863,-0.422681356,0.694540239
1106,2770698,159600,0.945,-0.256,0.217,-4.5,1.5,0.7,-2.6,32.7,-13,0.35279397,0.463026826,-0.422742393,0.694540239
1107,2773099,159600,0.941,-0.252,0.221,-4.3,1.4,0.7,-2.6,32.7,-13,0.352855007,0.462965789,-0.42280343,0.69450972
1108,2775185,159600,0.945,-0.256,0.225,-4.3,1.3,0.8,-2.6,32.7,-13,0.352885525,0.462904752,-0.422864467,0.694479202
1109,2777379,159600,0.941,-0.256,0.221,-4.1,1.3,0.9,-2.7,33,-12.7,0.352916044,0.462843715,-0.422925504,0.694479202
1110,2780456,159610,0.945,-0.256,0.225,-3.9,1.3,1.1,-2.7,33,-12.7,0.352977081,0.462782678,-0.422986541,0.694448683
1111,2782878,159610,0.949,-0.252,0.229,-3.7,1.4,1.2,-2.7,33,-12.7,0.353007599,0.462721641,-0.423047578,0.694448683
1112,2785061,159610,0.949,-0.248,0.221,-3.5,1.4,1.4,-2.7,33,-12.7,0.353038118,0.462660604,-0.423108615,0.694448683
1113,2788073,159610,0.942,-0.252,0.225,-3.3,1.5,1.5,-2.6,32.8,-12.2,0.353038118,0.462599567,-0.423169652,0.694448683
1114,2790320,159620,0.949,-0.256,0.229,-3,1.5,1.6,-2.6,32.8,-12.2,0.353068636,0.46253853,-0.423230689,0.694448683
1115,2792465,159620,0.945,-0.248,0.225,-2.7,1.4,1.7,-2.6,32.8,-12.2,0.353099155,0.462477493,-0.423261208,0.694448683
1116,2795587,159620,0.949,-0.248,0.229,-2.3,1.2,1.7,-2.6,32.8,-12.2,0.353099155,0.462416456,-0.423291726,0.694448683
1117,2797760,159620,0.953,-0.24,0.221,-1.8,1.1,1.9,-3,32.9,-12.5,0.353099155,0.462355419,-0.423352763,0.694448683
1118,2799919,159630,0.949,-0.236,0.229,-1.3,1.2,2,-3,32.9,-12.5,0.353099155,0.4623249,-0.423383282,0.694479202
1119,2803051,159630,0.949,-0.24,0.229,-0.9,1.2,2.1,-3,32.9,-12.5,0.353068636,0.462263863,-0.4234138,0.694479202
1120,2805307,159630,0.949,-0.244,0.229,-0.4,1.4,2.1,-3,32.9,-12.5,0.353068636,0.462233345,-0.4234138,0.69450972
1121,2807476,159630,0.949,-0.244,0.229,-0.4,1.4,2.1,-3,32.9,-12.5,0.353068636,0.462233345,-0.4234138,0.69450972
1122,2810605,159640,0.949,-0.236,0.229,0.5,1.4,1.9,-2.5,32.3,-12.4,0.353343303,0.462263863,-0.42301706,0.694601276
1123,2812272,159640,0.953,-0.24,0.221,1,1.5,1.8,-2.5,32.3,-12.4,0.353343303,0.462233345,-0.42301706,0.694631794
1124,2815365,159640,0.949,-0.236,0.225,1.4,1.6,1.7,-2.5,32.3,-12.4,0.353312784,0.462202826,-0.422986541,0.694662313
1125,2818755,159640,0.949,-0.236,0.221,1.9,1.7,1.7,-2.7,33.6,-12.9,0.353282266,0.462172308,-0.422956023,0.69472335
1126,2820854,159650,0.949,-0.244,0.225,2.3,1.9,1.8,-2.7,33.6,-12.9,0.353251747,0.462141789,-0.422925504,0.694784387
1127,2822382,159650,0.945,-0.236,0.225,2.6,1.9,1.8,-2.7,33.6,-12.9,0.353221229,0.46211127,-0.422894986,0.694845424
1128,2825345,159650,0.942,-0.24,0.225,2.8,2,1.8,-2.7,33.6,-12.9,0.353160192,0.462080752,-0.422864467,0.694906461
1129,2827593,159650,0.949,-0.24,0.221,2.9,2.1,1.8,-3.2,33.1,-13.1,0.353129673,0.462050233,-0.42280343,0.694967498
1130,2829842,159660,0.945,-0.24,0.221,3.1,2.1,1.9,-3.2,33.1,-13.1,0.353099155,0.462019715,-0.422772912,0.695028535
1131,2832793,159660,0.945,-0.24,0.221,3.1,2.1,1.9,-3.2,33.1,-13.1,0.353038118,0.462019715,-0.422711875,0.695089572
1132,2835100,159660,0.945,-0.24,0.221,3.2,2.1,1.9,-3.2,33.1,-13.1,0.353007599,0.461989196,-0.422681356,0.695150609
1133,2837314,159660,0.945,-0.244,0.221,3.3,2.1,1.9,-3.5,33.3,-12.8,0.352977081,0.461958678,-0.422620319,0.695211646
1134,2840309,159670,0.942,-0.24,0.221,3.4,2.1,1.8,-3.5,33.3,-12.8,0.352916044,0.461928159,-0.422589801,0.695303201
1135,2843367,159670,0.945,-0.24,0.221,3.3,2.2,1.8,-3.5,33.3,-12.8,0.352885525,0.461897641,-0.422528764,0.695364238
1136,2844995,159670,0.942,-0.24,0.225,3.2,2.2,1.9,-3.5,33.3,-12.8,0.352824488,0.461867122,-0.422498245,0.695425275
1137,2847080,159670,0.945,-0.244,0.229,3.1,2.2,1.8,-3.7,33.1,-12.2,0.35279397,0.461867122,-0.422437208,0.695486312
1138,2850206,159680,0.945,-0.236,0.221,2.9,2.2,1.8,-3.7,33.1,-12.2,0.352763451,0.461836604,-0.42240669,0.695547349
1139,2852383,159680,0.945,-0.236,0.225,2.9,2.1,1.7,-3.7,33.1,-12.2,0.352732933,0.461806085,-0.422345653,0.695608386
1140,2855372,159680,0.942,-0.24,0.229,2.8,2.1,1.7,-3.7,33.1,-12.2,0.352671896,0.461775567,-0.422315134,0.695669424
1141,2857710,159680,0.942,-0.24,0.229,2.8,2.1,1.7,-3.7,33.1,-12.2,0.352671896,0.461775567,-0.422315134,0.695669424
1142,2859980,159690,0.945,-0.24,0.233,2.5,2,1.6,-1.8,32.3,-12.6,0.352885525,0.461836604,-0.421918394,0.695760979
1143,2862157,159690,0.942,-0.236,0.229,2.3,2.1,1.6,-1.8,32.3,-12.6,0.352855007,0.461806085,-0.421887875,0.695822016
1144,2865222,159690,0.942,-0.236,0.229,2.2,2.2,1.6,-1.8,32.3,-12.6,0.352855007,0.461775567,-0.421857356,0.695883053
1145,2867493,159690,0.938,-0.236,0.229,2,2.3,1.4,-3.6,33.3,-12.9,0.352824488,0.461745048,-0.421826838,0.69594409
1146,2870298,159700,0.942,-0.244,0.233,1.7,2.5,1.4,-3.6,33.3,-12.9,0.35279397,0.461684011,-0.421765801,0.696005127
1147,2873186,159700,0.938,-0.232,0.237,1.5,2.7,1.4,-3.6,33.3,-12.9,0.35279397,0.461653493,-0.421735282,0.696035646
1148,2874706,159700,0.942,-0.232,0.233,1.4,2.8,1.4,-3.6,33.3,-12.9,0.35279397,0.461622974,-0.421735282,0.696096683
1149,2876875,159700,0.938,-0.232,0.233,1.4,2.8,1.4,-3.5,33.1,-12.7,0.352763451,0.461561937,-0.421704764,0.69615772
1150,2879856,159710,0.942,-0.236,0.237,1.2,2.7,1.5,-3.5,33.1,-12.7,0.352763451,0.461531419,-0.421674245,0.696218757
1151,2882724,159710,0.946,-0.228,0.237,1.1,2.5,1.5,-3.5,33.1,-12.7,0.352732933,0.461470382,-0.421643727,0.696249275
1152,2885161,159710,0.942,-0.224,0.237,0.9,2.4,1.4,-3.5,33.1,-12.7,0.352732933,0.461409345,-0.421643727,0.696279794
1153,2887180,159710,0.946,-0.224,0.237,0.6,2.4,1.2,-3.5,33.4,-12.9,0.352732933,0.461378826,-0.421613208,0.696340831
1154,2890093,159720,0.942,-0.228,0.233,0.4,2.3,1,-3.5,33.4,-12.9,0.352732933,0.461348308,-0.421613208,0.696371349
1155,2892354,159720,0.938,-0.224,0.237,0.3,2.2,0.9,-3.5,33.4,-12.9,0.352732933,0.461287271,-0.42158269,0.696401868
1156,2895165,159720,0.942,-0.224,0.229,0.1,2.2,0.8,-3.5,33.4,-12.9,0.352732933,0.461256752,-0.42158269,0.696432386
1157,2898042,159720,0.942,-0.224,0.237,0.1,2.2,0.8,-2.8,33.4,-12.8,0.352763451,0.461226234,-0.421552171,0.696462905
1158,2899434,159730,0.938,-0.22,0.229,0.1,2.2,0.8,-2.8,33.4,-12.8,0.352763451,0.461195715,-0.421552171,0.696493423
1159,2902465,159730,0.942,-0.224,0.237,0.1,2.1,0.8,-2.8,33.4,-12.8,0.352763451,0.461134678,-0.421552171,0.696523942
1160,2905540,159730,0.938,-0.224,0.237,0.1,2,0.7,-2.8,33.4,-12.8,0.352763451,0.46110416,-0.421521653,0.69655446
1161,2908359,159730,0.938,-0.224,0.237,0.1,2,0.7,-2.8,33.4,-12.8,0.352763451,0.46110416,-0.421521653,0.69655446
1162,2909945,159740,0.938,-0.224,0.233,0,2.1,0.4,-2.6,32.9,-12.9,0.353282266,0.461195715,-0.420941801,0.696584979
1163,2912827,159740,0.938,-0.22,0.229,-0.1,2.1,0.2,-2.6,32.9,-12.9,0.353282266,0.461165197,-0.420941801,0.696615497
1164,2915157,159740,0.938,-0.224,0.233,-0.3,2.1,0.1,-2.6,32.9,-12.9,0.353312784,0.461134678,-0.420911283,0.696646016
1165,2917946,159740,0.938,-0.224,0.229,-0.4,2.2,0.1,-2.7,32.6,-12.6,0.353343303,0.46110416,-0.420911283,0.696646016
1166,2920769,159750,0.938,-0.217,0.237,-0.6,2.1,0,-2.7,32.6,-12.6,0.353343303,0.461043123,-0.420911283,0.696676534
1167,2922331,159750,0.934,-0.22,0.229,-0.8,2.1,0,-2.7,32.6,-12.6,0.353373821,0.461012604,-0.420911283,0.696676534
1168,2925332,159750,0.93,-0.216,0.233,-1.1,2.1,-0.2,-2.7,32.6,-12.6,0.353434858,0.460982086,-0.420911283,0.696707053
1169,2928159,159750,0.934,-0.22,0.237,-1.2,2.1,-0.4,-2,32.7,-12.7,0.353465377,0.460921049,-0.420911283,0.696707053
1170,2929688,159760,0.938,-0.224,0.229,-1.4,2.1,-0.5,-2,32.7,-12.7,0.353495895,0.46089053,-0.420911283,0.696707053
1171,2932537,159760,0.938,-0.217,0.233,-1.5,2.1,-0.7,-2,32.7,-12.7,0.353556932,0.460860012,-0.420911283,0.696707053
1172,2935658,159760,0.934,-0.22,0.233,-1.6,2.2,-0.7,-2,32.7,-12.7,0.353587451,0.460829493,-0.420880764,0.696707053
1173,2937083,159760,0.934,-0.224,0.229,-1.6,2.3,-0.8,-2.5,32.8,-12.7,0.353648488,0.460768456,-0.420880764,0.696707053
1174,2940067,159770,0.938,-0.228,0.233,-1.7,2.3,-1,-2.5,32.8,-12.7,0.353709525,0.460737938,-0.420880764,0.696707053
1175,2943063,159770,0.938,-0.224,0.237,-1.9,2.1,-1.1,-2.5,32.8,-12.7,0.353770562,0.460707419,-0.420880764,0.696707053
1176,2944505,159770,0.942,-0.228,0.233,-2.1,2,-1.2,-2.5,32.8,-12.7,0.353831599,0.460676901,-0.420911283,0.696707053
1177,2947294,159770,0.938,-0.228,0.237,-2.4,2,-1.2,-2.6,32.5,-12.6,0.353892636,0.460615864,-0.420911283,0.696676534
1178,2950247,159780,0.942,-0.232,0.241,-2.7,2.1,-1.2,-2.6,32.5,-12.6,0.353953673,0.460585345,-0.420911283,0.696676534
1179,2953163,159780,0.942,-0.224,0.233,-3,2.2,-1.3,-2.6,32.5,-12.6,0.353984191,0.460524308,-0.420941801,0.696646016
1180,2954753,159780,0.946,-0.228,0.233,-3.3,2.3,-1.3,-2.6,32.5,-12.6,0.354106265,0.460493789,-0.420941801,0.696646016
1181,2957789,159780,0.946,-0.228,0.233,-3.3,2.3,-1.3,-2.6,32.5,-12.6,0.354106265,0.460493789,-0.420941801,0.696646016
1182,2960589,159790,0.946,-0.232,0.237,-3.9,2.3,-1.2,-2.6,32.5,-12.6,0.35462508,0.460493789,-0.420575579,0.696584979
1183,2962247,159790,0.942,-0.232,0.237,-4.1,2.4,-1.2,-2.6,32.5,-12.6,0.354686117,0.460432752,-0.420606098,0.69655446
1184,2964965,159790,0.942,-0.232,0.237,-4.4,2.4,-1.1,-2.6,32.5,-12.6,0.354777673,0.460371715,-0.420636616,0.69655446
1185,2968045,159790,0.942,-0.228,0.241,-4.5,2.4,-1.1,-2.2,32.6,-12.8,0.354869228,0.460310678,-0.420697653,0.696523942
1186,2969707,159800,0.946,-0.232,0.237,-4.5,2.3,-1,-2.2,32.6,-12.8,0.354960784,0.460249641,-0.420728172,0.696493423
1187,2972726,159800,0.946,-0.228,0.237,-4.6,2.2,-1.1,-2.2,32.6,-12.8,0.355021821,0.460188604,-0.42075869,0.696462905
1188,2974937,159800,0.942,-0.224,0.237,-4.6,2.1,-1.2,-2.2,32.6,-12.8,0.355113376,0.460158086,-0.420819727,0.696432386
1189,2977970,159800,0.946,-0.224,0.241,-4.5,2.2,-1.2,-1.7,32.7,-12.9,0.355204932,0.460097049,-0.420850246,0.696401868
1190,2980274,159810,0.946,-0.232,0.237,-4.5,2.3,-1.2,-1.7,32.7,-12.9,0.355296487,0.460036012,-0.420880764,0.696371349
1191,2982466,159810,0.946,-0.232,0.237,-4.4,2.5,-1.1,-1.7,32.7,-12.9,0.355388043,0.459974975,-0.420911283,0.696340831
1192,2984794,159810,0.946,-0.232,0.241,-4.3,2.6,-1.3,-1.7,32.7,-12.9,0.355479598,0.459913938,-0.42097232,0.696279794
1193,2986890,159810,0.946,-0.232,0.241,-4.2,2.7,-1.2,-1.9,32.7,-12.8,0.355540635,0.459852901,-0.421002838,0.696279794
1194,2990892,159820,0.942,-0.244,0.241,-4.1,2.6,-1.3,-1.9,32.7,-12.8,0.355632191,0.459791864,-0.421033357,0.696279794
1195,2993159,159820,0.942,-0.236,0.233,-4.1,2.6,-1.3,-1.9,32.7,-12.8,0.355723746,0.459730827,-0.421063875,0.696249275
1196,2995430,159820,0.942,-0.24,0.237,-4.1,2.5,-1.4,-1.9,32.7,-12.8,0.355815302,0.45966979,-0.421063875,0.696249275
1197,2997506,159820,0.942,-0.24,0.237,-4.2,2.5,-1.5,-2.2,32.7,-12.8,0.355906858,0.459608753,-0.421094394,0.696218757
1198,3001317,159830,0.934,-0.248,0.237,-4.2,2.6,-1.3,-2.2,32.7,-12.8,0.355998413,0.459547716,-0.421124912,0.696188238
1199,3003546,159830,0.942,-0.248,0.237,-4.1,2.6,-1.3,-2.2,32.7,-12.8,0.35605945,0.45945616,-0.421155431,0.69615772
1200,3005553,159830,0.934,-0.244,0.245,-4.1,2.6,-1.2,-2.2,32.7,-12.8,0.356151006,0.459425642,-0.421185949,0.69615772
1201,3007513,159830,0.934,-0.244,0.245,-4.1,2.6,-1.2,-2.2,32.7,-12.8,0.356151006,0.459425642,-0.421185949,0.69615772
1202,3009936,159840,0.938,-0.248,0.241,-4,2.6,-1.3,-2.2,32.7,-12.8,0.356578265,0.459242531,-0.420911283,0.696218757
1203,3012275,159840,0.938,-0.244,0.237,-4,2.4,-1.3,-2.2,32.7,-12.8,0.356639302,0.459181494,-0.420941801,0.696188238
1204,3015861,159840,0.938,-0.248,0.241,-3.9,2.4,-1.3,-2.2,32.7,-12.8,0.356730857,0.459150975,-0.42097232,0.69615772
1205,3018154,159840,0.934,-0.244,0.233,-3.7,2.3,-1.2,-2,33,-12.4,0.356822413,0.459089938,-0.421002838,0.69615772
1206,3020453,159850,0.934,-0.248,0.237,-3.5,2.3,-1.3,-2,33,-12.4,0.35688345,0.459028901,-0.421033357,0.696127201
1207,3022619,159850,0.93,-0.244,0.241,-3.2,2.1,-1.3,-2,33,-12.4,0.356975005,0.458998383,-0.421063875,0.696096683
1208,3024790,159850,0.934,-0.24,0.241,-2.9,1.9,-1.4,-2,33,-12.4,0.357036042,0.458937346,-0.421063875,0.696096683
1209,3027255,159850,0.934,-0.24,0.241,-2.6,1.7,-1.4,-2.2,32.8,-12.3,0.357097079,0.458906827,-0.421063875,0.696066164
1210,3030809,159860,0.938,-0.244,0.241,-2.3,1.7,-1.4,-2.2,32.8,-12.3,0.357158116,0.458876308,-0.421094394,0.696066164
1211,3033048,159860,0.938,-0.24,0.241,-2,1.8,-1.4,-2.2,32.8,-12.3,0.357219153,0.45884579,-0.421094394,0.696035646
1212,3035839,159860,0.938,-0.236,0.233,-1.7,1.9,-1.4,-2.2,32.8,-12.3,0.35728019,0.458815271,-0.421094394,0.696035646
1213,3037253,159860,0.938,-0.236,0.241,-1.6,2,-1.3,-2.1,33.1,-12.5,0.357341227,0.458784753,-0.421094394,0.696035646
1214,3040365,159870,0.938,-0.24,0.237,-1.4,2.1,-1.2,-2.1,33.1,-12.5,0.357371746,0.458754234,-0.421063875,0.696035646
1215,3043362,159870,0.942,-0.232,0.241,-1.3,2.2,-1.1,-2.1,33.1,-12.5,0.357432783,0.458723716,-0.421063875,0.696035646
1216,3044888,159870,0.942,-0.232,0.237,-1.2,2.3,-1.2,-2.1,33.1,-12.5,0.35749382,0.458693197,-0.421063875,0.696035646
1217,3047994,159870,0.942,-0.24,0.241,-1.2,2.4,-1.2,-2.2,32.3,-12.6,0.357554857,0.458662679,-0.421033357,0.696035646
1218,3050258,159880,0.938,-0.236,0.233,-1.3,2.4,-1.3,-2.2,32.3,-12.6,0.357585376,0.45863216,-0.421033357,0.696035646
1219,3052220,159880,0.934,-0.232,0.237,-1.3,2.5,-1.3,-2.2,32.3,-12.6,0.357646413,0.458601642,-0.421002838,0.696035646
1220,3055495,159880,0.942,-0.236,0.241,-1.3,2.6,-1.5,-2.2,32.3,-12.6,0.35770745,0.458540605,-0.421002838,0.696035646
1221,3057563,159880,0.942,-0.236,0.241,-1.3,2.6,-1.5,-2.2,32.3,-12.6,0.35770745,0.458540605,-0.421002838,0.696035646
1222,3060596,159890,0.942,-0.236,0.237,-1.3,2.8,-1.4,-2.2,32.3,-12.6,0.358134709,0.458540605,-0.420575579,0.696096683
1223,3062240,159890,0.938,-0.244,0.249,-1.3,2.9,-1.5,-2.2,32.3,-12.6,0.358195746,0.458479568,-0.420575579,0.696096683
1224,3064913,159890,0.938,-0.24,0.241,-1.3,3,-1.4,-2.2,32.3,-12.6,0.358256783,0.458449049,-0.420545061,0.696096683
1225,3068052,159890,0.934,-0.236,0.241,-1.4,3.1,-1.4,-2.7,32.8,-12.7,0.35831782,0.458388012,-0.420514542,0.696096683
1226,3070152,159900,0.938,-0.24,0.241,-1.5,3,-1.3,-2.7,32.8,-12.7,0.358409375,0.458357494,-0.420514542,0.696127201
1227,3072498,159900,0.934,-0.24,0.241,-1.7,2.9,-1.4,-2.7,32.8,-12.7,0.358470412,0.458296457,-0.420514542,0.696127201
1228,3074704,159900,0.934,-0.24,0.245,-1.9,2.7,-1.4,-2.7,32.8,-12.7,0.358531449,0.458265938,-0.420484024,0.696127201
1229,3077699,159900,0.934,-0.24,0.245,-2,2.6,-1.5,-2.9,33.2,-12.4,0.358592486,0.458204901,-0.420484024,0.696096683
1230,3080578,159910,0.934,-0.24,0.237,-2.1,2.4,-1.4,-2.9,33.2,-12.4,0.358653523,0.458174383,-0.420484024,0.696096683
1231,3082272,159910,0.934,-0.24,0.241,-2.1,2.3,-1.5,-2.9,33.2,-12.4,0.358745079,0.458143864,-0.420484024,0.696096683
1232,3085892,159910,0.93,-0.244,0.241,-1.9,2.3,-1.6,-2.9,33.2,-12.4,0.358806116,0.458113346,-0.420484024,0.696096683
1233,3087472,159910,0.926,-0.244,0.241,-1.7,2.3,-1.7,-2.7,32.8,-12.2,0.358867153,0.458082827,-0.420484024,0.696066164
1234,3090988,159920,0.93,-0.244,0.241,-1.6,2.3,-1.9,-2.7,32.8,-12.2,0.35892819,0.458052309,-0.420453505,0.696066164
1235,3093414,159920,0.926,-0.244,0.237,-1.4,2.2,-2.1,-2.7,32.8,-12.2,0.358989227,0.45802179,-0.420453505,0.696066164
1236,3095788,159920,0.93,-0.24,0.241,-1.2,2.1,-2.1,-2.7,32.8,-12.2,0.359050264,0.457991272,-0.420392468,0.696066164
1237,3097780,159920,0.926,-0.244,0.237,-1.1,2,-2.2,-2.6,32.7,-12,0.35914182,0.457960753,-0.420392468,0.696035646
1238,3100431,159930,0.926,-0.244,0.237,-1,2,-2.2,-2.6,32.7,-12,0.359202857,0.457960753,-0.420392468,0.696035646
1239,3102484,159930,0.93,-0.248,0.245,-1,1.8,-2.4,-2.6,32.7,-12,0.359263894,0.457930235,-0.42036195,0.696035646
1240,3104888,159930,0.93,-0.244,0.237,-1.1,1.6,-2.5,-2.6,32.7,-12,0.359324931,0.457930235,-0.420331431,0.696005127
1241,3108516,159930,0.93,-0.244,0.237,-1.1,1.6,-2.5,-2.6,32.7,-12,0.359324931,0.457930235,-0.420331431,0.696005127
1242,3110170,159940,0.934,-0.244,0.241,-1,1.5,-2.6,-2.6,32.7,-12,0.359569079,0.457869198,-0.420117801,0.696066164
1243,3112719,159940,0.934,-0.244,0.241,-1.1,1.5,-2.5,-2.6,32.7,-12,0.359630116,0.457838679,-0.420087283,0.696066164
1244,3114923,159940,0.934,-0.244,0.241,-1.1,1.5,-2.4,-2.6,32.7,-12,0.359721671,0.457838679,-0.420087283,0.696035646
1245,3117296,159940,0.934,-0.248,0.241,-1.3,1.5,-2.4,-2.6,33,-11.6,0.359782708,0.457838679,-0.420056764,0.696035646
1246,3119942,159950,0.934,-0.244,0.241,-1.3,1.6,-2.5,-2.6,33,-11.6,0.359843745,0.457808161,-0.420026246,0.696005127
1247,3121983,159950,0.934,-0.244,0.241,-1.4,1.7,-2.6,-2.6,33,-11.6,0.359904782,0.457808161,-0.420026246,0.696005127
1248,3125951,159950,0.934,-0.244,0.241,-1.5,1.8,-2.7,-2.6,33,-11.6,0.359996338,0.457777642,-0.419995727,0.695974609
1249,3128249,159950,0.934,-0.244,0.241,-1.6,1.8,-2.7,-2.3,32.7,-10.9,0.360057375,0.457777642,-0.419995727,0.69594409
1250,3130466,159960,0.934,-0.248,0.245,-1.7,1.8,-2.6,-2.3,32.7,-10.9,0.36014893,0.457747124,-0.419965209,0.69594409
1251,3132426,159960,0.934,-0.248,0.241,-1.8,1.7,-2.7,-2.3,32.7,-10.9,0.360209967,0.457716605,-0.419965209,0.695913572
1252,3135220,159960,0.934,-0.248,0.245,-1.9,1.6,-2.6,-2.3,32.7,-10.9,0.360271004,0.457716605,-0.41993469,0.695883053
1253,3138551,159960,0.934,-0.252,0.249,-1.9,1.6,-2.4,-2.1,33.1,-10.5,0.36036256,0.457686087,-0.41993469,0.695883053
1254,3140591,159970,0.93,-0.248,0.253,-2.1,1.5,-2.2,-2.1,33.1,-10.5,0.360423597,0.457686087,-0.41993469,0.695852535
1255,3143187,159970,0.934,-0.244,0.249,-2.2,1.4,-2,-2.1,33.1,-10.5,0.360484634,0.457655568,-0.41993469,0.695822016
1256,3147019,159970,0.93,-0.244,0.257,-2.4,1.2,-2,-2.1,33.1,-10.5,0.360576189,0.45762505,-0.41993469,0.695822016
1257,3147019,159970,0.934,-0.244,0.249,-2.4,1.1,-1.9,-2.5,32.9,-10.8,0.360637226,0.45762505,-0.419965209,0.695791498
1258,3150104,159980,0.934,-0.244,0.253,-2.3,1,-1.8,-2.5,32.9,-10.8,0.360698263,0.457594531,-0.419965209,0.695760979
1259,3153675,159980,0.934,-0.236,0.249,-2.2,0.9,-1.7,-2.5,32.9,-10.8,0.360759301,0.457594531,-0.419965209,0.695730461
1260,3156021,159980,0.93,-0.24,0.253,-2.1,0.9,-1.6,-2.5,32.9,-10.8,0.360789819,0.457564013,-0.419995727,0.695699942
1261,3158130,159980,0.93,-0.24,0.253,-2.1,0.9,-1.6,-2.5,32.9,-10.8,0.360789819,0.457564013,-0.419995727,0.695699942
1262,3160942,159990,0.93,-0.236,0.257,-1.9,0.6,-1.5,-2.5,32.9,-10.8,0.361125523,0.45741142,-0.419690542,0.695822016
1263,3163314,159990,0.93,-0.236,0.249,-1.7,0.6,-1.5,-2.5,32.9,-10.8,0.361156041,0.45741142,-0.419690542,0.695822016
1264,3165734,159990,0.934,-0.24,0.249,-1.4,0.4,-1.6,-2.5,32.9,-10.8,0.361217078,0.45741142,-0.419690542,0.695791498
1265,3168113,159990,0.934,-0.244,0.245,-1.1,0.3,-1.8,-2.6,32.7,-12.5,0.361247597,0.45741142,-0.419690542,0.695760979
1266,3169883,160000,0.93,-0.24,0.245,-0.8,0.3,-1.9,-2.6,32.7,-12.5,0.361308634,0.45741142,-0.419660024,0.695730461
1267,3172173,160000,0.93,-0.236,0.253,-0.6,0.3,-1.9,-2.6,32.7,-12.5,0.361339152,0.45741142,-0.419660024,0.695730461
1268,3175668,160000,0.934,-0.244,0.253,-0.3,0.3,-2,-2.6,32.7,-12.5,0.361369671,0.457441939,-0.419629505,0.695699942
1269,3178195,160000,0.934,-0.244,0.245,0,0.1,-2.1,-2.4,33.1,-13.2,0.361400189,0.457441939,-0.419629505,0.695699942
1270,3180240,160010,0.934,-0.244,0.253,0.2,0,-2.1,-2.4,33.1,-13.2,0.361430708,0.457472457,-0.419598987,0.695669424
1271,3183104,160010,0.934,-0.244,0.249,0.5,0,-2.1,-2.4,33.1,-13.2,0.361461226,0.457502976,-0.419568468,0.695669424
1272,3185357,160010,0.93,-0.244,0.249,0.7,0,-2.1,-2.4,33.1,-13.2,0.361491745,0.457502976,-0.41953795,0.695669424
1273,3187551,160010,0.934,-0.244,0.249,0.7,0,-2,-2.8,33,-13.6,0.361522263,0.457502976,-0.419507431,0.695638905
1274,3189746,160020,0.934,-0.244,0.249,0.7,0,-1.9,-2.8,33,-13.6,0.361522263,0.457564013,-0.419476913,0.695638905
1275,3192027,160020,0.93,-0.252,0.241,0.7,-0.1,-1.8,-2.8,33,-13.6,0.361552782,0.457594531,-0.419446394,0.695638905
1276,3195424,160020,0.93,-0.244,0.245,0.7,-0.4,-1.6,-2.8,33,-13.6,0.361552782,0.45762505,-0.419415876,0.695608386
1277,3197616,160020,0.93,-0.244,0.249,0.8,-0.7,-1.4,-2.8,32.8,-14.3,0.3615833,0.457655568,-0.419385357,0.695608386
1278,3199950,160030,0.926,-0.244,0.245,1,-0.9,-1.3,-2.8,32.8,-14.3,0.3615833,0.457686087,-0.419385357,0.695608386
1279,3202187,160030,0.93,-0.236,0.249,1.1,-1,-1.2,-2.8,32.8,-14.3,0.3615833,0.457716605,-0.419354839,0.695577868
1280,3205971,160030,0.926,-0.244,0.253,1.2,-1,-1.1,-2.8,32.8,-14.3,0.361552782,0.457747124,-0.41932432,0.695577868
1281,3208176,160030,0.926,-0.244,0.253,1.2,-1,-1.1,-2.8,32.8,-14.3,0.361552782,0.457747124,-0.41932432,0.695577868
1282,3210117,160040,0.926,-0.228,0.245,1.5,-0.9,-0.8,-2.8,32.8,-14.3,0.361735893,0.457655568,-0.418988617,0.695760979
1283,3212407,160040,0.93,-0.232,0.249,1.6,-0.9,-0.7,-2.8,32.8,-14.3,0.361735893,0.457686087,-0.418958098,0.695760979
1284,3214685,160040,0.926,-0.232,0.249,1.6,-0.9,-0.6,-2.8,32.8,-14.3,0.361705374,0.457716605,-0.41892758,0.695760979
1285,3218426,160040,0.926,-0.232,0.249,1.7,-0.9,-0.4,-2.4,33.1,-12.5,0.361705374,0.457747124,-0.418897061,0.695760979
1286,3220583,160050,0.926,-0.232,0.241,1.8,-0.8,-0.3,-2.4,33.1,-12.5,0.361674856,0.457777642,-0.418897061,0.695760979
1287,3222099,160050,0.926,-0.228,0.241,2,-0.8,-0.3,-2.4,33.1,-12.5,0.361644337,0.457808161,-0.418866543,0.695791498
1288,3225078,160050,0.926,-0.224,0.245,2.1,-0.9,-0.2,-2.4,33.1,-12.5,0.361613819,0.457838679,-0.418836024,0.695791498
1289,3227195,160050,0.934,-0.224,0.245,2.3,-0.9,-0.2,-2.6,32.8,-12.5,0.361613819,0.457899716,-0.418805506,0.695791498
1290,3230307,160060,0.926,-0.228,0.241,2.3,-0.9,-0.3,-2.6,32.8,-12.5,0.3615833,0.457930235,-0.418774987,0.695822016
1291,3232436,160060,0.93,-0.228,0.241,2.4,-0.8,-0.4,-2.6,32.8,-12.5,0.361552782,0.457960753,-0.418744469,0.695822016
1292,3235543,160060,0.93,-0.228,0.241,2.4,-0.9,-0.5,-2.6,32.8,-12.5,0.361522263,0.457991272,-0.418683432,0.695822016
1293,3239128,160060,0.93,-0.224,0.245,2.6,-0.8,-0.4,-2.6,32.7,-12.7,0.361491745,0.45802179,-0.418652913,0.695822016
1294,3240164,160070,0.934,-0.228,0.245,2.7,-0.9,-0.3,-2.6,32.7,-12.7,0.361461226,0.458082827,-0.418622394,0.695852535
1295,3242644,160070,0.938,-0.228,0.249,2.8,-0.8,-0.3,-2.6,32.7,-12.7,0.361430708,0.458113346,-0.418591876,0.695852535
1296,3244524,160070,0.934,-0.232,0.241,2.8,-0.8,-0.2,-2.6,32.7,-12.7,0.361400189,0.458143864,-0.418561357,0.695883053
1297,3247078,160070,0.938,-0.228,0.249,2.7,-0.7,-0.2,-2.6,32.8,-12.5,0.361369671,0.458174383,-0.41850032,0.695883053
1298,3249965,160080,0.934,-0.228,0.241,2.7,-0.7,-0.2,-2.6,32.8,-12.5,0.361339152,0.45823542,-0.418439283,0.695913572
1299,3253189,160080,0.942,-0.224,0.245,2.7,-0.7,-0.2,-2.6,32.8,-12.5,0.361308634,0.458265938,-0.418439283,0.695913572
1300,3254630,160080,0.938,-0.232,0.253,2.6,-0.8,-0.3,-2.6,32.8,-12.5,0.361278115,0.458296457,-0.418408765,0.69594409
1301,3257628,160080,0.938,-0.232,0.253,2.6,-0.8,-0.3,-2.6,32.8,-12.5,0.361278115,0.458296457,-0.418408765,0.69594409
1302,3260426,160090,0.938,-0.232,0.249,2.3,-1.1,-0.2,-2.6,32.8,-12.5,0.361461226,0.458388012,-0.418012024,0.696005127
1303,3263533,160090,0.934,-0.236,0.245,2.1,-1.2,-0.2,-2.6,32.8,-12.5,0.361430708,0.458418531,-0.417981506,0.696005127
1304,3265034,160090,0.946,-0.236,0.245,2,-1.1,-0.1,-2.6,32.8,-12.5,0.361400189,0.458449049,-0.417981506,0.696035646
1305,3268052,160090,0.942,-0.232,0.253,1.9,-1.1,0,-2.8,32.4,-13.5,0.361369671,0.458479568,-0.417950987,0.696035646
1306,3269643,160100,0.938,-0.228,0.253,1.8,-1.1,0,-2.8,32.4,-13.5,0.361339152,0.458510086,-0.417920469,0.696035646
1307,3273306,160100,0.942,-0.224,0.249,1.8,-1.1,0.1,-2.8,32.4,-13.5,0.361308634,0.458540605,-0.417920469,0.696035646
1308,3274917,160100,0.942,-0.228,0.245,1.9,-1.1,0.2,-2.8,32.4,-13.5,0.361278115,0.458571123,-0.41788995,0.696035646
1309,3278078,160100,0.942,-0.228,0.245,2.1,-1,0.1,-2.7,31.9,-13.6,0.361247597,0.458601642,-0.417859432,0.696066164
1310,3280317,160110,0.942,-0.228,0.249,2.3,-0.9,0,-2.7,31.9,-13.6,0.361217078,0.45863216,-0.417859432,0.696066164
1311,3282421,160110,0.942,-0.232,0.249,2.4,-0.8,0,-2.7,31.9,-13.6,0.36118656,0.458693197,-0.417828913,0.696096683
1312,3284896,160110,0.942,-0.228,0.245,2.4,-0.8,0,-2.7,31.9,-13.6,0.361156041,0.458723716,-0.417798395,0.696096683
1313,3287482,160110,0.942,-0.232,0.253,2.5,-0.9,0.1,-3.1,31.6,-13.2,0.361125523,0.458754234,-0.417767876,0.696127201
1314,3291179,160120,0.946,-0.232,0.245,2.7,-1,0.1,-3.1,31.6,-13.2,0.361064486,0.458784753,-0.417706839,0.696127201
1315,3293683,160120,0.942,-0.228,0.245,2.9,-1.1,0.1,-3.1,31.6,-13.2,0.361033967,0.458815271,-0.417676321,0.69615772
1316,3295930,160120,0.942,-0.224,0.245,3.1,-1.3,0.1,-3.1,31.6,-13.2,0.36097293,0.458876308,-0.417645802,0.69615772
1317,3298162,160120,0.946,-0.232,0.245,3.2,-1.5,0,-3.1,31.5,-13.6,0.360942412,0.458906827,-0.417615284,0.696188238
1318,3300430,160130,0.946,-0.224,0.245,3.4,-1.5,0,-3.1,31.5,-13.6,0.360881375,0.458967864,-0.417584765,0.696188238
1319,3302451,160130,0.942,-0.228,0.245,3.4,-1.5,0,-3.1,31.5,-13.6,0.360850856,0.459028901,-0.417523728,0.696218757
1320,3306382,160130,0.946,-0.228,0.245,3.5,-1.4,0,-3.1,31.5,-13.6,0.360789819,0.45905942,-0.41749321,0.696218757
1321,3308637,160130,0.946,-0.228,0.245,3.5,-1.4,0,-3.1,31.5,-13.6,0.360789819,0.45905942,-0.41749321,0.696218757
1322,3310714,160140,0.946,-0.228,0.241,3.5,-1.4,0.2,-3.1,31.5,-13.6,0.36097293,0.459212012,-0.41706595,0.696279794
1323,3313154,160140,0.946,-0.232,0.249,3.4,-1.4,0.2,-3.1,31.5,-13.6,0.360911893,0.459273049,-0.417004913,0.696279794
1324,3315881,160140,0.938,-0.22,0.241,3.3,-1.4,0.2,-3.1,31.5,-13.6,0.360881375,0.459303568,-0.416974395,0.696340831
1325,3318151,160140,0.938,-0.22,0.245,3.3,-1.5,0.2,-2.3,32.5,-13.1,0.360820338,0.459364605,-0.416943876,0.696340831
1326,3320399,160150,0.934,-0.228,0.245,3.3,-1.5,0.2,-2.3,32.5,-13.1,0.360759301,0.459395123,-0.416913358,0.696371349
1327,3322593,160150,0.938,-0.22,0.241,3.3,-1.6,0,-2.3,32.5,-13.1,0.360728782,0.45945616,-0.416882839,0.696371349
1328,3326411,160150,0.934,-0.216,0.245,3.4,-1.6,0.1,-2.3,32.5,-13.1,0.360667745,0.459517197,-0.416821802,0.696401868
1329,3328983,160150,0.938,-0.22,0.237,3.4,-1.6,0.1,-2.8,32.8,-12.9,0.360606708,0.459547716,-0.416791284,0.696401868
1330,3331342,160160,0.938,-0.217,0.241,3.4,-1.6,0.1,-2.8,32.8,-12.9,0.360545671,0.459608753,-0.416760765,0.696432386
1331,3333328,160160,0.934,-0.22,0.241,3.4,-1.5,0.1,-2.8,32.8,-12.9,0.360515152,0.45966979,-0.416730247,0.696432386
1332,3335738,160160,0.93,-0.216,0.245,3.4,-1.5,0,-2.8,32.8,-12.9,0.360454115,0.459700308,-0.41666921,0.696462905
1333,3337942,160160,0.934,-0.22,0.245,3.3,-1.6,0,-3.1,33.4,-12.9,0.360423597,0.459761345,-0.416638691,0.696462905
1334,3339923,160170,0.934,-0.216,0.241,3.2,-1.6,0,-3.1,33.4,-12.9,0.36036256,0.459822382,-0.416608173,0.696493423
1335,3342320,160170,0.934,-0.216,0.245,3.2,-1.6,0,-3.1,33.4,-12.9,0.360301523,0.459852901,-0.416577654,0.696493423
1336,3346248,160170,0.934,-0.213,0.241,3.1,-1.6,0,-3.1,33.4,-12.9,0.360271004,0.459913938,-0.416547136,0.696523942
1337,3348205,160170,0.938,-0.213,0.241,2.9,-1.5,0,-2.9,33.4,-12.8,0.360209967,0.459944456,-0.416486099,0.696523942
1338,3350612,160180,0.934,-0.213,0.241,2.8,-1.4,-0.1,-2.9,33.4,-12.8,0.360179449,0.460005493,-0.41645558,0.696523942
1339,3353003,160180,0.934,-0.22,0.241,2.8,-1.2,-0.1,-2.9,33.4,-12.8,0.36014893,0.460036012,-0.416425062,0.69655446
1340,3356121,160180,0.938,-0.217,0.241,2.7,-1,0,-2.9,33.4,-12.8,0.360118412,0.460097049,-0.416394543,0.69655446
1341,3358041,160180,0.938,-0.217,0.241,2.7,-1,0,-2.9,33.4,-12.8,0.360118412,0.460097049,-0.416394543,0.69655446
1342,3360541,160190,0.942,-0.221,0.237,2.6,-0.9,-0.2,-2.9,33.4,-12.8,0.360271004,0.460249641,-0.416028321,0.696584979
1343,3362958,160190,0.942,-0.22,0.241,2.6,-0.8,-0.3,-2.9,33.4,-12.8,0.360240486,0.46028016,-0.415997803,0.696584979
1344,3365343,160190,0.942,-0.217,0.245,2.7,-0.8,-0.3,-2.9,33.4,-12.8,0.360209967,0.460341197,-0.415967284,0.696584979
1345,3367235,160190,0.938,-0.22,0.233,2.8,-0.8,-0.3,-2.8,32.7,-12.6,0.360179449,0.460371715,-0.415936766,0.696615497
1346,3371359,160200,0.942,-0.22,0.241,2.7,-0.8,-0.3,-2.8,32.7,-12.6,0.36014893,0.460402234,-0.415875729,0.696615497
1347,3373487,160200,0.942,-0.22,0.245,2.6,-0.8,-0.4,-2.8,32.7,-12.6,0.36014893,0.460432752,-0.41584521,0.696646016
1348,3375744,160200,0.946,-0.221,0.245,2.4,-0.9,-0.6,-2.8,32.7,-12.6,0.360118412,0.460493789,-0.415814692,0.696646016
1349,3378124,160200,0.949,-0.225,0.241,2.3,-1,-0.6,-3,32.7,-12.6,0.360087893,0.460524308,-0.415784173,0.696646016
1350,3380298,160210,0.946,-0.224,0.245,2.1,-1.1,-0.5,-3,32.7,-12.6,0.360057375,0.460554827,-0.415753655,0.696646016
1351,3382390,160210,0.946,-0.224,0.245,2,-1.1,-0.4,-3,32.7,-12.6,0.360026856,0.460615864,-0.415723136,0.696646016
1352,3384396,160210,0.946,-0.221,0.249,1.7,-1.1,-0.3,-3,32.7,-12.6,0.360026856,0.460646382,-0.415692618,0.696646016
1353,3387183,160210,0.942,-0.22,0.245,1.4,-1.1,-0.2,-2.8,32.8,-12.5,0.359996338,0.460676901,-0.415692618,0.696646016
1354,3390750,160220,0.942,-0.224,0.249,1.2,-1.2,-0.2,-2.8,32.8,-12.5,0.359965819,0.460707419,-0.415662099,0.696646016
1355,3392966,160220,0.942,-0.224,0.249,1,-1.3,-0.2,-2.8,32.8,-12.5,0.359965819,0.460737938,-0.415662099,0.696646016
1356,3395247,160220,0.942,-0.22,0.249,0.9,-1.5,-0.3,-2.8,32.8,-12.5,0.359935301,0.460768456,-0.415662099,0.696646016
1357,3397491,160220,0.946,-0.221,0.245,0.8,-1.5,-0.3,-2.6,33.1,-12.7,0.359935301,0.460798975,-0.415662099,0.696615497
1358,3400933,160230,0.938,-0.217,0.245,0.8,-1.5,-0.4,-2.6,33.1,-12.7,0.359904782,0.460829493,-0.415662099,0.696615497
1359,3403160,160230,0.942,-0.22,0.249,0.8,-1.4,-0.4,-2.6,33.1,-12.7,0.359904782,0.460860012,-0.415631581,0.696615497
1360,3405481,160230,0.942,-0.22,0.249,0.9,-1.3,-0.5,-2.6,33.1,-12.7,0.359843745,0.46089053,-0.415631581,0.696584979
1361,3407691,160230,0.942,-0.22,0.249,0.9,-1.3,-0.5,-2.6,33.1,-12.7,0.359843745,0.46089053,-0.415631581,0.696584979
1362,3409629,160240,0.942,-0.22,0.245,1.2,-1.3,-0.6,-2.6,33.1,-12.7,0.360118412,0.461012604,-0.415265358,0.696615497
1363,3413553,160240,0.938,-0.224,0.249,1.4,-1.3,-0.8,-2.6,33.1,-12.7,0.360118412,0.461043123,-0.415265358,0.696615497
1364,3415447,160240,0.938,-0.22,0.245,1.6,-1.2,-0.9,-2.6,33.1,-12.7,0.360087893,0.46110416,-0.41523484,0.696584979
1365,3416869,160240,0.934,-0.224,0.245,1.8,-0.9,-0.9,-3.2,33.5,-12.3,0.360087893,0.461134678,-0.415204321,0.696584979
1366,3420876,160250,0.93,-0.22,0.249,2,-0.9,-0.9,-3.2,33.5,-12.3,0.360057375,0.461165197,-0.415173803,0.696584979
1367,3423167,160250,0.934,-0.224,0.245,2.1,-0.9,-0.8,-3.2,33.5,-12.3,0.360057375,0.461226234,-0.415112766,0.696615497
1368,3425142,160250,0.934,-0.228,0.245,2.3,-1.1,-0.9,-3.2,33.5,-12.3,0.360026856,0.461256752,-0.415082247,0.696615497
1369,3427912,160250,0.93,-0.228,0.245,2.4,-1.2,-1,-3.2,33.5,-12.3,0.359996338,0.461317789,-0.415051729,0.696615497
1370,3429627,160260,0.93,-0.228,0.241,2.6,-1.2,-1.2,-3.2,33.5,-12.3,0.359996338,0.461348308,-0.41502121,0.696615497
1371,3432269,160260,0.93,-0.228,0.249,2.6,-1.2,-1.2,-3.2,33.5,-12.3,0.359965819,0.461409345,-0.414960173,0.696615497
1372,3435168,160260,0.934,-0.228,0.245,2.7,-1.2,-1.1,-3.2,33.5,-12.3,0.359965819,0.461470382,-0.414929655,0.696615497
1373,3436869,160260,0.934,-0.232,0.249,2.7,-1.2,-1,-3.2,33.5,-12.3,0.359935301,0.4615009,-0.414868618,0.696615497
1374,3441475,160270,0.934,-0.224,0.245,2.9,-1.2,-1,-3.2,33.5,-12.3,0.359904782,0.461561937,-0.414838099,0.696615497
1375,3443166,160270,0.934,-0.228,0.249,3,-1.3,-1.1,-3.2,33.5,-12.3,0.359843745,0.461622974,-0.414777062,0.696615497
1376,3445238,160270,0.938,-0.228,0.241,3.2,-1.3,-1,-3.2,33.5,-12.3,0.359843745,0.461684011,-0.414746544,0.696646016
1377,3447326,160270,0.934,-0.224,0.245,3.2,-1.3,-0.9,-3.2,33.5,-12.3,0.359813227,0.46171453,-0.414685507,0.696646016
1378,3450349,160280,0.938,-0.228,0.245,3.2,-1.2,-0.9,-3.2,33.5,-12.3,0.359782708,0.461775567,-0.414654988,0.696646016
1379,3452745,160280,0.938,-0.224,0.241,3.2,-1.1,-0.7,-3.2,33.5,-12.3,0.35975219,0.461836604,-0.414593951,0.696676534
1380,3454820,160280,0.938,-0.22,0.245,3.2,-1,-0.7,-3.2,33.5,-12.3,0.359721671,0.461867122,-0.414532914,0.696676534
1381,3457794,160280,0.938,-0.22,0.245,3.2,-1,-0.7,-3.2,33.5,-12.3,0.359721671,0.461867122,-0.414532914,0.696676534
1382,3461192,160290,0.942,-0.213,0.245,3.1,-1,-0.5,-3.2,33.5,-12.3,0.359904782,0.461989196,-0.414166692,0.69676809
1383,3463113,160290,0.942,-0.217,0.241,3.1,-1,-0.4,-3.2,33.5,-12.3,0.359843745,0.462019715,-0.414105655,0.69676809
1384,3465534,160290,0.942,-0.217,0.249,2.9,-1,-0.3,-3.2,33.5,-12.3,0.359813227,0.462050233,-0.414075137,0.696798608
1385,3467744,160290,0.946,-0.217,0.249,2.9,-0.8,-0.1,-2.3,32.2,-12.7,0.359782708,0.46211127,-0.414044618,0.696798608
1386,3470087,160300,0.946,-0.217,0.245,2.8,-0.7,-0.1,-2.3,32.2,-12.7,0.35975219,0.462141789,-0.413983581,0.696829127
1387,3472221,160300,0.942,-0.213,0.245,2.7,-0.7,-0.1,-2.3,32.2,-12.7,0.359721671,0.462172308,-0.413953063,0.696829127
1388,3476219,160300,0.95,-0.209,0.241,2.5,-0.7,0,-2.3,32.2,-12.7,0.359691153,0.462202826,-0.413922544,0.696859645
1389,3478163,160300,0.946,-0.213,0.245,2.3,-0.7,0,-2.3,32.2,-12.7,0.359660634,0.462233345,-0.413892026,0.696859645
1390,3480630,160310,0.946,-0.209,0.245,2.2,-0.8,0,-2.3,32.2,-12.7,0.359630116,0.462263863,-0.413861507,0.696890164
1391,3482420,160310,0.946,-0.209,0.245,2.1,-0.8,0.1,-2.3,32.2,-12.7,0.359599597,0.462294382,-0.413830988,0.696890164
1392,3485595,160310,0.95,-0.209,0.241,2,-0.9,0.2,-2.3,32.2,-12.7,0.359569079,0.4623249,-0.413830988,0.696890164
1393,3488037,160310,0.946,-0.209,0.241,1.9,-0.8,0.4,-2.3,32.2,-12.7,0.35953856,0.462355419,-0.41380047,0.696920682
1394,3490398,160320,0.95,-0.205,0.237,1.9,-0.7,0.4,-2.3,32.2,-12.7,0.359477523,0.462355419,-0.413769951,0.696920682
1395,3492503,160320,0.953,-0.209,0.233,1.9,-0.7,0.5,-2.3,32.2,-12.7,0.359447005,0.462385937,-0.413769951,0.696951201
1396,3495870,160320,0.95,-0.205,0.245,2,-0.8,0.5,-2.3,32.2,-12.7,0.359416486,0.462416456,-0.413739433,0.696951201
1397,3497399,160320,0.953,-0.209,0.241,2,-0.7,0.4,-2.3,32.2,-12.7,0.359385968,0.462446974,-0.413739433,0.696981719
1398,3500448,160330,0.95,-0.205,0.241,1.9,-0.7,0.3,-2.3,32.2,-12.7,0.359355449,0.462446974,-0.413708914,0.696981719
1399,3502323,160330,0.953,-0.205,0.245,1.9,-0.7,0.1,-2.3,32.2,-12.7,0.359324931,0.462477493,-0.413678396,0.696981719
1400,3505558,160330,0.95,-0.201,0.241,1.8,-0.7,0,-2.3,32.2,-12.7,0.359294412,0.462508011,-0.413647877,0.697012238
1401,3507232,160330,0.95,-0.201,0.241,1.8,-0.7,0,-2.3,32.2,-12.7,0.359294412,0.462508011,-0.413647877,0.697012238
1402,3510900,160340,0.95,-0.209,0.237,1.7,-0.7,-0.1,-2.3,32.2,-12.7,0.359630116,0.462782678,-0.4131901,0.696951201
1403,3512794,160340,0.946,-0.209,0.241,1.7,-0.6,-0.2,-2.3,32.2,-12.7,0.359599597,0.462782678,-0.413159581,0.696951201
1404,3514852,160340,0.946,-0.205,0.237,1.6,-0.7,-0.2,-2.3,32.2,-12.7,0.359569079,0.462813196,-0.413129063,0.696951201
1405,3518171,160340,0.946,-0.217,0.241,1.5,-0.6,-0.2,-2.8,32.7,-12.9,0.359569079,0.462843715,-0.413129063,0.696951201
1406,3520979,160350,0.942,-0.213,0.241,1.4,-0.5,-0.2,-2.8,32.7,-12.9,0.35953856,0.462874233,-0.413098544,0.696981719
1407,3523809,160350,0.942,-0.217,0.241,1.3,-0.5,-0.3,-2.8,32.7,-12.9,0.35953856,0.462904752,-0.413068026,0.696981719
1408,3525735,160350,0.946,-0.217,0.241,1.2,-0.5,-0.4,-2.8,32.7,-12.9,0.35953856,0.462904752,-0.413068026,0.696981719
1409,3527939,160350,0.942,-0.217,0.237,1.1,-0.5,-0.5,-2.9,32.9,-13.1,0.359508042,0.46293527,-0.413037507,0.696981719
1410,3530237,160360,0.942,-0.22,0.241,1,-0.6,-0.5,-2.9,32.9,-13.1,0.359508042,0.462965789,-0.413037507,0.696981719
1411,3532462,160360,0.938,-0.22,0.241,1,-0.5,-0.5,-2.9,32.9,-13.1,0.359508042,0.462996307,-0.413006989,0.696981719
1412,3534659,160360,0.938,-0.224,0.241,0.9,-0.5,-0.5,-2.9,32.9,-13.1,0.359508042,0.462996307,-0.41297647,0.696981719
1413,3537573,160360,0.938,-0.224,0.241,0.9,-0.4,-0.4,-2.7,32.8,-13.2,0.359477523,0.463026826,-0.41297647,0.696981719
1414,3539856,160370,0.934,-0.224,0.241,0.8,-0.4,-0.4,-2.7,32.8,-13.2,0.359477523,0.463026826,-0.41297647,0.696981719
1415,3542999,160370,0.938,-0.224,0.245,0.8,-0.6,-0.5,-2.7,32.8,-13.2,0.359477523,0.463057344,-0.412945952,0.696981719
1416,3544649,160370,0.934,-0.224,0.241,0.7,-0.8,-0.6,-2.7,32.8,-13.2,0.359477523,0.463087863,-0.412945952,0.696951201
1417,3547654,160370,0.934,-0.224,0.241,0.6,-0.9,-0.6,-2.9,32.9,-12.4,0.359477523,0.463118381,-0.412915433,0.696951201
1418,3550676,160380,0.938,-0.228,0.241,0.4,-0.9,-0.6,-2.9,32.9,-12.4,0.359447005,0.4631489,-0.412915433,0.696951201
1419,3552994,160380,0.938,-0.224,0.237,0.3,-0.7,-0.5,-2.9,32.9,-12.4,0.359447005,0.4631489,-0.412915433,0.696920682
1420,3554520,160380,0.942,-0.228,0.241,0.2,-0.6,-0.5,-2.9,32.9,-12.4,0.359447005,0.463179418,-0.412915433,0.696920682
1421,3557894,160380,0.942,-0.228,0.241,0.2,-0.6,-0.5,-2.9,32.9,-12.4,0.359447005,0.463179418,-0.412915433,0.696920682
1422,3560508,160390,0.938,-0.228,0.241,0,-0.5,-0.5,-2.5,32.8,-12.7,0.359630116,0.463209937,-0.412701804,0.696920682
1423,3562638,160390,0.942,-0.224,0.245,-0.1,-0.6,-0.5,-2.5,32.8,-12.7,0.359630116,0.463209937,-0.412701804,0.696920682
1424,3565072,160390,0.942,-0.228,0.237,-0.1,-0.7,-0.5,-2.5,32.8,-12.7,0.359630116,0.463240455,-0.412701804,0.696920682
1425,3567281,160390,0.942,-0.228,0.237,-0.1,-0.8,-0.5,-3.4,32.5,-12.6,0.359630116,0.463240455,-0.412701804,0.696890164
1426,3569403,160400,0.946,-0.224,0.241,-0.1,-0.9,-0.4,-3.4,32.5,-12.6,0.359630116,0.463270974,-0.412732322,0.696890164
1427,3573271,160400,0.942,-0.224,0.241,-0.1,-0.9,-0.4,-3.4,32.5,-12.6,0.359630116,0.463301492,-0.412732322,0.696859645
1428,3575497,160400,0.946,-0.221,0.241,0,-0.9,-0.4,-3.4,32.5,-12.6,0.359630116,0.463301492,-0.412732322,0.696859645
1429,3577613,160400,0.946,-0.224,0.241,0.1,-1,-0.3,-2.1,32.6,-13.4,0.359630116,0.463332011,-0.412732322,0.696829127
1430,3579993,160410,0.949,-0.225,0.241,0.1,-0.9,-0.3,-2.1,32.6,-13.4,0.359630116,0.463332011,-0.412732322,0.696829127
1431,3581966,160410,0.946,-0.217,0.245,0.3,-0.9,-0.3,-2.1,32.6,-13.4,0.359630116,0.463362529,-0.412732322,0.696829127
1432,3585489,160410,0.946,-0.217,0.245,0.4,-0.9,-0.3,-2.1,32.6,-13.4,0.359599597,0.463362529,-0.412732322,0.696798608
1433,3587238,160410,0.946,-0.217,0.241,0.6,-0.8,-0.2,-1.8,32.4,-12.6,0.359599597,0.463362529,-0.412732322,0.696798608
1434,3590379,160420,0.95,-0.217,0.245,0.7,-0.7,-0.2,-1.8,32.4,-12.6,0.359599597,0.463423566,-0.412701804,0.696798608
1435,3592570,160420,0.95,-0.213,0.245,0.9,-0.8,-0.2,-1.8,32.4,-12.6,0.359569079,0.463454085,-0.412701804,0.696798608
1436,3595770,160420,0.946,-0.213,0.241,1,-0.9,-0.1,-1.8,32.4,-12.6,0.359569079,0.463484603,-0.412701804,0.696798608
1437,3598172,160420,0.95,-0.209,0.241,1,-0.9,-0.1,-2.1,32.4,-13.1,0.35953856,0.463484603,-0.412671285,0.696798608
1438,3600389,160430,0.95,-0.213,0.245,1.2,-0.9,-0.1,-2.1,32.4,-13.1,0.35953856,0.463515122,-0.412671285,0.696798608
1439,3602527,160430,0.946,-0.209,0.241,1.3,-0.7,-0.3,-2.1,32.4,-13.1,0.359508042,0.46354564,-0.412640767,0.696798608
1440,3604882,160430,0.946,-0.213,0.245,1.3,-0.6,-0.5,-2.1,32.4,-13.1,0.359508042,0.463576159,-0.412640767,0.696798608
1441,3606864,160430,0.946,-0.213,0.245,1.3,-0.6,-0.5,-2.1,32.4,-13.1,0.359508042,0.463576159,-0.412640767,0.696798608
1442,3610863,160440,0.942,-0.209,0.237,1.2,-0.5,-0.5,-2,32.3,-12.8,0.359782708,0.46375927,-0.412213507,0.696798608
1443,3612742,160440,0.942,-0.213,0.245,1.2,-0.5,-0.4,-2,32.3,-12.8,0.359782708,0.46375927,-0.412213507,0.696798608
1444,3614942,160440,0.946,-0.209,0.241,1.2,-0.6,-0.5,-2,32.3,-12.8,0.359782708,0.463789789,-0.412182989,0.696798608
1445,3616860,160440,0.938,-0.209,0.241,1.2,-0.7,-0.7,-3.4,31.8,-12.3,0.35975219,0.463820307,-0.41215247,0.696798608
1446,3620667,160450,0.946,-0.213,0.237,1.2,-0.6,-0.7,-3.4,31.8,-12.3,0.35975219,0.463850826,-0.41215247,0.69676809
1447,3622505,160450,0.942,-0.213,0.241,1.1,-0.5,-0.7,-3.4,31.8,-12.3,0.35975219,0.463881344,-0.412121952,0.69676809
1448,3626147,160450,0.942,-0.213,0.241,1,-0.5,-0.7,-3.4,31.8,-12.3,0.35975219,0.463881344,-0.412091433,0.69676809
1449,3628308,160450,0.942,-0.217,0.245,0.9,-0.5,-0.8,-2.3,31.7,-12.8,0.35975219,0.463911863,-0.412091433,0.69676809
1450,3630684,160460,0.946,-0.213,0.241,0.6,-0.5,-0.8,-2.3,31.7,-12.8,0.35975219,0.463942381,-0.412060915,0.69676809
1451,3632909,160460,0.942,-0.217,0.241,0.4,-0.3,-0.8,-2.3,31.7,-12.8,0.35975219,0.463942381,-0.412060915,0.69676809
1452,3635126,160460,0.942,-0.213,0.245,0.2,-0.2,-0.8,-2.3,31.7,-12.8,0.35975219,0.4639729,-0.412030396,0.69676809
1453,3637367,160460,0.942,-0.213,0.245,0.2,-0.1,-0.7,-2.2,31.9,-12.7,0.35975219,0.4639729,-0.412030396,0.696737571
1454,3639439,160470,0.938,-0.22,0.237,0.1,0,-0.6,-2.2,31.9,-12.7,0.359782708,0.464003418,-0.412030396,0.696737571
1455,3643367,160470,0.942,-0.217,0.241,0.1,0,-0.6,-2.2,31.9,-12.7,0.359782708,0.464003418,-0.411999878,0.696737571
1456,3645183,160470,0.938,-0.217,0.241,-0.1,-0.1,-0.6,-2.2,31.9,-12.7,0.359782708,0.464003418,-0.411999878,0.696737571
1457,3648767,160470,0.938,-0.217,0.245,-0.3,-0.1,-0.5,-2.3,31.7,-13,0.359813227,0.464003418,-0.411999878,0.696737571
1458,3651036,160480,0.942,-0.217,0.237,-0.3,-0.2,-0.6,-2.3,31.7,-13,0.359813227,0.464003418,-0.411999878,0.696707053
1459,3653301,160480,0.942,-0.217,0.245,-0.3,-0.2,-0.6,-2.3,31.7,-13,0.359813227,0.464033937,-0.411999878,0.696707053
1460,3655477,160480,0.942,-0.217,0.245,-0.3,-0.2,-0.6,-2.3,31.7,-13,0.359843745,0.464033937,-0.411999878,0.696707053
1461,3657250,160480,0.942,-0.217,0.245,-0.3,-0.2,-0.6,-2.3,31.7,-13,0.359843745,0.464033937,-0.411999878,0.696707053
1462,3659401,160490,0.942,-0.217,0.245,-0.2,-0.2,-0.6,-2.3,31.7,-12.7,0.360118412,0.464094974,-0.411664174,0.696707053
1463,3663214,160490,0.946,-0.221,0.241,-0.2,-0.1,-0.6,-2.3,31.7,-12.7,0.360118412,0.464094974,-0.411664174,0.696707053
1464,3665529,160490,0.946,-0.221,0.245,-0.1,-0.1,-0.6,-2.3,31.7,-12.7,0.36014893,0.464094974,-0.411664174,0.696676534
1465,3667796,160490,0.938,-0.224,0.245,-0.1,0,-0.6,-2.9,32.8,-12.6,0.36014893,0.464125492,-0.411664174,0.696676534
1466,3669975,160500,0.942,-0.22,0.245,0,0,-0.7,-2.9,32.8,-12.6,0.360179449,0.464125492,-0.411664174,0.696676534
1467,3672293,160500,0.938,-0.224,0.241,0.1,0,-0.7,-2.9,32.8,-12.6,0.360179449,0.464125492,-0.411664174,0.696676534
1468,3675708,160500,0.942,-0.22,0.241,0.2,-0.1,-0.8,-2.9,32.8,-12.6,0.360179449,0.464125492,-0.411633656,0.696646016
1469,3677389,160500,0.942,-0.217,0.241,0.3,-0.2,-0.8,-2.7,32.7,-12.7,0.360179449,0.464156011,-0.411633656,0.696646016
1470,3680684,160510,0.942,-0.22,0.245,0.4,-0.3,-0.7,-2.7,32.7,-12.7,0.360209967,0.464156011,-0.411603137,0.696646016
1471,3682959,160510,0.942,-0.217,0.241,0.4,-0.2,-0.6,-2.7,32.7,-12.7,0.360209967,0.464186529,-0.411603137,0.696646016
1472,3685232,160510,0.942,-0.213,0.241,0.4,-0.2,-0.6,-2.7,32.7,-12.7,0.360209967,0.464186529,-0.411603137,0.696646016
1473,3687378,160510,0.938,-0.213,0.245,0.2,0,-0.4,-2.4,32.3,-12.8,0.360209967,0.464217048,-0.411603137,0.696646016
1474,3689399,160520,0.946,-0.213,0.245,0.2,0,-0.4,-2.4,32.3,-12.8,0.360209967,0.464217048,-0.411572619,0.696646016
1475,3693351,160520,0.95,-0.213,0.245,0.2,0,-0.4,-2.4,32.3,-12.8,0.360209967,0.464217048,-0.411572619,0.696646016
1476,3695634,160520,0.95,-0.213,0.241,0.1,0.1,-0.2,-2.4,32.3,-12.8,0.360209967,0.464217048,-0.411572619,0.696646016
1477,3697201,160520,0.946,-0.205,0.241,0.1,0.1,-0.1,-2.5,32.6,-12.2,0.360209967,0.464217048,-0.411572619,0.696646016
1478,3700364,160530,0.946,-0.209,0.245,0.1,0.1,-0.1,-2.5,32.6,-12.2,0.360209967,0.464217048,-0.4115421,0.696646016
1479,3702666,160530,0.946,-0.209,0.241,0.1,0,-0.1,-2.5,32.6,-12.2,0.360240486,0.464217048,-0.4115421,0.696646016
1480,3706045,160530,0.95,-0.209,0.245,0,0,-0.2,-2.5,32.6,-12.2,0.360240486,0.464217048,-0.4115421,0.696646016
1481,3708219,160530,0.95,-0.209,0.245,0,0,-0.2,-2.5,32.6,-12.2,0.360240486,0.464217048,-0.4115421,0.696646016
1482,3710571,160540,0.95,-0.209,0.237,-0.1,-0.1,-0.3,-2.6,32.4,-12,0.360576189,0.46436964,-0.411114841,0.696615497
1483,3712785,160540,0.95,-0.213,0.241,-0.2,0,-0.2,-2.6,32.4,-12,0.360606708,0.46436964,-0.411114841,0.696584979
1484,3714984,160540,0.95,-0.209,0.241,-0.3,0,-0.2,-2.6,32.4,-12,0.360606708,0.46436964,-0.411114841,0.696584979
1485,3717305,160540,0.946,-0.209,0.241,-0.3,0,-0.2,-2.9,31.7,-13.6,0.360606708,0.46436964,-0.41114536,0.696584979
1486,3720815,160550,0.95,-0.205,0.241,-0.4,0,-0.3,-2.9,31.7,-13.6,0.360606708,0.46436964,-0.41114536,0.696584979
1487,3723177,160550,0.946,-0.209,0.241,-0.5,0,-0.2,-2.9,31.7,-13.6,0.360637226,0.46436964,-0.41114536,0.696584979
1488,3725508,160550,0.946,-0.205,0.237,-0.6,0,-0.2,-2.9,31.7,-13.6,0.360637226,0.46436964,-0.41114536,0.69655446
1489,3727255,160550,0.942,-0.205,0.241,-0.6,0,-0.2,-3,31.6,-11.8,0.360637226,0.46436964,-0.41114536,0.69655446
1490,3730315,160560,0.946,-0.205,0.241,-0.6,0,-0.2,-3,31.6,-11.8,0.360667745,0.464339122,-0.411175878,0.69655446
1491,3732714,160560,0.946,-0.205,0.241,-0.6,0.1,-0.3,-3,31.6,-11.8,0.360667745,0.464339122,-0.411175878,0.69655446
1492,3736156,160560,0.95,-0.205,0.245,-0.6,0.1,-0.2,-3,31.6,-11.8,0.360698263,0.464339122,-0.411175878,0.696523942
1493,3738236,160560,0.946,-0.205,0.245,-0.7,0.1,-0.2,-3,31.5,-11.1,0.360698263,0.464339122,-0.411175878,0.696523942
1494,3739802,160570,0.95,-0.205,0.241,-0.8,0,-0.2,-3,31.5,-11.1,0.360698263,0.464339122,-0.411206397,0.696523942
1495,3741909,160570,0.946,-0.209,0.237,-1.1,0,-0.3,-3,31.5,-11.1,0.360728782,0.464339122,-0.411206397,0.696493423
1496,3745777,160570,0.95,-0.209,0.241,-1.3,0,-0.3,-3,31.5,-11.1,0.360759301,0.464308603,-0.411236915,0.696493423
1497,3748159,160570,0.942,-0.209,0.241,-1.5,0,-0.2,-3.1,31.5,-11.3,0.360759301,0.464308603,-0.411236915,0.696462905
1498,3750453,160580,0.942,-0.213,0.241,-1.7,0.1,-0.2,-3.1,31.5,-11.3,0.360789819,0.464308603,-0.411267434,0.696462905
1499,3752611,160580,0.938,-0.213,0.245,-1.8,0.3,-0.1,-3.1,31.5,-11.3,0.360820338,0.464278085,-0.411297952,0.696432386
1500,3754926,160580,0.938,-0.213,0.241,-1.9,0.4,-0.1,-3.1,31.5,-11.3,0.360850856,0.464247566,-0.411328471,0.696432386
1501,3758301,160580,0.938,-0.213,0.241,-1.9,0.4,-0.1,-3.1,31.5,-11.3,0.360850856,0.464247566,-0.411328471,0.696432386
1502,3759983,160590,0.934,-0.213,0.241,-2,0.6,-0.2,-2.9,31.7,-11.4,0.361156041,0.464278085,-0.411023286,0.696401868
1503,3762412,160590,0.934,-0.22,0.245,-1.9,0.4,-0.3,-2.9,31.7,-11.4,0.36118656,0.464278085,-0.411053804,0.696401868
1504,3764760,160590,0.934,-0.216,0.245,-1.9,0.3,-0.4,-2.9,31.7,-11.4,0.361217078,0.464247566,-0.411084323,0.696371349
1505,3768345,160590,0.934,-0.216,0.249,-2,0.3,-0.4,-2.8,32.8,-14.3,0.361247597,0.464247566,-0.411114841,0.696371349
1506,3770743,160600,0.934,-0.216,0.245,-2,0.3,-0.3,-2.8,32.8,-14.3,0.361278115,0.464217048,-0.411114841,0.696340831
1507,3773017,160600,0.93,-0.22,0.241,-2,0.4,-0.3,-2.8,32.8,-14.3,0.361308634,0.464186529,-0.41114536,0.696340831
1508,3775244,160600,0.938,-0.22,0.241,-2,0.4,-0.4,-2.8,32.8,-14.3,0.361339152,0.464186529,-0.411175878,0.696279794
1509,3777472,160600,0.934,-0.22,0.237,-2,0.5,-0.5,-3.3,32.8,-13.2,0.361369671,0.464156011,-0.411206397,0.696279794
1510,3779784,160610,0.934,-0.224,0.237,-1.8,0.6,-0.6,-3.3,32.8,-13.2,0.361430708,0.464156011,-0.411206397,0.696279794
1511,3781858,160610,0.938,-0.224,0.237,-1.7,0.6,-0.6,-3.3,32.8,-13.2,0.361461226,0.464125492,-0.411236915,0.696249275
1512,3785752,160610,0.934,-0.224,0.241,-1.4,0.5,-0.7,-3.3,32.8,-13.2,0.361491745,0.464125492,-0.411236915,0.696249275
1513,3788051,160610,0.934,-0.224,0.241,-1.2,0.4,-0.9,-2.8,32.6,-13.8,0.361522263,0.464094974,-0.411236915,0.696249275
1514,3790052,160620,0.934,-0.228,0.241,-1.1,0.4,-0.9,-2.8,32.6,-13.8,0.361552782,0.464094974,-0.411236915,0.696218757
1515,3792290,160620,0.938,-0.224,0.237,-1,0.5,-0.9,-2.8,32.6,-13.8,0.3615833,0.464094974,-0.411236915,0.696218757
1516,3795484,160620,0.934,-0.228,0.237,-1,0.5,-0.8,-2.8,32.6,-13.8,0.3615833,0.464064455,-0.411236915,0.696188238
1517,3797846,160620,0.942,-0.224,0.241,-1.1,0.4,-0.8,-3.3,33.1,-14,0.361613819,0.464064455,-0.411267434,0.696188238
1518,3799985,160630,0.942,-0.22,0.241,-1.2,0.4,-0.7,-3.3,33.1,-14,0.361644337,0.464064455,-0.411267434,0.696188238
1519,3802102,160630,0.942,-0.224,0.241,-1.3,0.4,-0.6,-3.3,33.1,-14,0.361674856,0.464033937,-0.411267434,0.69615772
1520,3805199,160630,0.946,-0.221,0.245,-1.4,0.4,-0.5,-3.3,33.1,-14,0.361705374,0.464033937,-0.411297952,0.69615772
1521,3807328,160630,0.946,-0.221,0.245,-1.4,0.4,-0.5,-3.3,33.1,-14,0.361705374,0.464033937,-0.411297952,0.69615772
1522,3810386,160640,0.95,-0.213,0.241,-1.6,0.3,-0.5,-3.2,32.9,-14.5,0.361919004,0.464033937,-0.411114841,0.69615772
1523,3812494,160640,0.95,-0.213,0.241,-1.7,0.3,-0.5,-3.2,32.9,-14.5,0.361949522,0.464003418,-0.41114536,0.696127201
1524,3815624,160640,0.949,-0.217,0.237,-1.7,0.4,-0.5,-3.2,32.9,-14.5,0.361980041,0.464003418,-0.41114536,0.696127201
1525,3817204,160640,0.953,-0.217,0.241,-1.8,0.4,-0.5,-2.8,32.4,-12.6,0.362010559,0.4639729,-0.411175878,0.696096683
1526,3819386,160650,0.95,-0.213,0.237,-1.8,0.3,-0.6,-2.8,32.4,-12.6,0.362041078,0.4639729,-0.411206397,0.696066164
1527,3823347,160650,0.953,-0.213,0.241,-1.9,0.3,-0.6,-2.8,32.4,-12.6,0.362071596,0.463942381,-0.411206397,0.696066164
1528,3825614,160650,0.953,-0.221,0.233,-1.8,0.4,-0.6,-2.8,32.4,-12.6,0.362102115,0.463942381,-0.411236915,0.696035646
1529,3827932,160650,0.95,-0.217,0.241,-2.1,0.7,-0.5,-2.9,32.6,-12.6,0.362132633,0.463911863,-0.411267434,0.696035646
1530,3829667,160660,0.953,-0.209,0.241,-2.3,1,-0.6,-2.9,32.6,-12.6,0.36219367,0.463881344,-0.411267434,0.696005127
1531,3833296,160660,0.953,-0.217,0.237,-2.3,1,-0.7,-2.9,32.6,-12.6,0.362224189,0.463850826,-0.411297952,0.696005127
1532,3835631,160660,0.953,-0.217,0.245,-2.4,0.9,-0.7,-2.9,32.6,-12.6,0.362285226,0.463820307,-0.411328471,0.695974609
1533,3837771,160660,0.95,-0.213,0.249,-2.4,0.8,-0.8,-2.9,32.4,-12.8,0.362315744,0.463789789,-0.411328471,0.69594409
1534,3840111,160670,0.95,-0.213,0.245,-2.4,0.8,-0.9,-2.9,32.4,-12.8,0.362376782,0.46375927,-0.411358989,0.69594409
1535,3842409,160670,0.95,-0.213,0.249,-2.5,0.9,-0.9,-2.9,32.4,-12.8,0.3624073,0.46375927,-0.411389508,0.695913572
1536,3844714,160670,0.946,-0.217,0.245,-2.6,0.9,-0.9,-2.9,32.4,-12.8,0.362468337,0.463728751,-0.411389508,0.695883053
1537,3847933,160670,0.942,-0.217,0.245,-2.6,0.9,-0.9,-2.8,32.7,-12.4,0.362529374,0.463698233,-0.411420026,0.695883053
1538,3850457,160680,0.946,-0.217,0.245,-2.6,0.7,-0.9,-2.8,32.7,-12.4,0.362559893,0.463667714,-0.411450545,0.695852535
1539,3852700,160680,0.942,-0.22,0.241,-2.5,0.7,-1,-2.8,32.7,-12.4,0.36262093,0.463637196,-0.411481063,0.695822016
1540,3854810,160680,0.942,-0.217,0.241,-2.3,0.7,-1,-2.8,32.7,-12.4,0.362651448,0.463637196,-0.411481063,0.695791498
1541,3857171,160680,0.942,-0.217,0.241,-2.3,0.7,-1,-2.8,32.7,-12.4,0.362651448,0.463637196,-0.411481063,0.695791498
1542,3860996,160690,0.938,-0.224,0.249,-2.1,0.9,-1.1,-2.7,32.1,-12.6,0.362956633,0.463637196,-0.411267434,0.695791498
1543,3863074,160690,0.942,-0.22,0.241,-2,1,-1.2,-2.7,32.1,-12.6,0.362987152,0.463606677,-0.411297952,0.695760979
1544,3866031,160690,0.942,-0.224,0.245,-2,1,-1.3,-2.7,32.1,-12.6,0.363048189,0.463576159,-0.411297952,0.695760979
1545,3867515,160690,0.934,-0.224,0.245,-1.9,1,-1.3,-2.9,32.9,-11.7,0.363109226,0.46354564,-0.411297952,0.695730461
1546,3870567,160700,0.938,-0.228,0.241,-1.8,1,-1.2,-2.9,32.9,-11.7,0.363139744,0.46354564,-0.411328471,0.695730461
1547,3872888,160700,0.942,-0.228,0.241,-1.7,1.2,-1.2,-2.9,32.9,-11.7,0.363200781,0.463515122,-0.411328471,0.695699942
1548,3875031,160700,0.942,-0.224,0.241,-1.6,1.3,-1.2,-2.9,32.9,-11.7,0.3632313,0.463484603,-0.411328471,0.695699942
1549,3878040,160700,0.938,-0.228,0.237,-1.4,1.3,-1.3,-2.6,32.4,-13.7,0.363292337,0.463484603,-0.411328471,0.695669424
1550,3881169,160710,0.934,-0.228,0.241,-1.3,1.2,-1.3,-2.6,32.4,-13.7,0.363322855,0.463454085,-0.411328471,0.695669424
1551,3883282,160710,0.938,-0.228,0.241,-1.2,1,-1.3,-2.6,32.4,-13.7,0.363383892,0.463454085,-0.411297952,0.695669424
1552,3885543,160710,0.938,-0.228,0.237,-1,1,-1.2,-2.6,32.4,-13.7,0.363414411,0.463423566,-0.411297952,0.695638905
1553,3887073,160710,0.942,-0.224,0.241,-0.9,1,-1.1,-2.6,31.7,-13.9,0.363444929,0.463423566,-0.411297952,0.695638905
1554,3890762,160720,0.938,-0.228,0.241,-0.8,0.9,-1.1,-2.6,31.7,-13.9,0.363475448,0.463362529,-0.411297952,0.695638905
1555,3893254,160720,0.934,-0.224,0.237,-0.8,0.9,-0.9,-2.6,31.7,-13.9,0.363505966,0.463362529,-0.411297952,0.695638905
1556,3895286,160720,0.938,-0.224,0.245,-0.9,0.7,-0.8,-2.6,31.7,-13.9,0.363536485,0.463362529,-0.411297952,0.695638905
1557,3898229,160720,0.934,-0.22,0.241,-1,0.5,-0.7,-3,31.9,-13.8,0.363567003,0.463362529,-0.411297952,0.695608386
1558,3899844,160730,0.938,-0.217,0.245,-1.1,0.4,-0.7,-3,31.9,-13.8,0.363597522,0.463362529,-0.411297952,0.695608386
1559,3902148,160730,0.938,-0.216,0.249,-1.2,0.6,-0.5,-3,31.9,-13.8,0.36362804,0.463362529,-0.411297952,0.695577868
1560,3905810,160730,0.938,-0.217,0.241,-1.2,0.7,-0.3,-3,31.9,-13.8,0.363658559,0.463332011,-0.411328471,0.695577868
1561,3908032,160730,0.938,-0.217,0.241,-1.2,0.7,-0.3,-3,31.9,-13.8,0.363658559,0.463332011,-0.411328471,0.695577868
1562,3909561,160740,0.942,-0.213,0.245,-1.1,0.7,-0.1,-2.7,31.8,-14,0.363902707,0.463301492,-0.411053804,0.695638905
1563,3912344,160740,0.938,-0.209,0.245,-1.1,0.7,-0.2,-2.7,31.8,-14,0.363933226,0.463270974,-0.411084323,0.695638905
1564,3915328,160740,0.942,-0.205,0.245,-0.9,0.8,-0.2,-2.7,31.8,-14,0.363933226,0.463270974,-0.411084323,0.695608386
1565,3918532,160740,0.942,-0.205,0.241,-0.9,0.8,-0.2,-2.8,33.6,-12.5,0.363963744,0.463240455,-0.411084323,0.695608386
1566,3920714,160750,0.938,-0.205,0.241,-0.9,0.8,-0.2,-2.8,33.6,-12.5,0.363994263,0.463209937,-0.411084323,0.695608386
1567,3922957,160750,0.942,-0.205,0.237,-1.1,0.7,-0.2,-2.8,33.6,-12.5,0.363994263,0.463209937,-0.411084323,0.695608386
1568,3925303,160750,0.942,-0.209,0.245,-1.1,0.9,-0.2,-2.8,33.6,-12.5,0.364024781,0.463179418,-0.411114841,0.695608386
1569,3927653,160750,0.946,-0.201,0.241,-1.2,1,-0.1,-2.7,32.8,-12.7,0.3640553,0.4631489,-0.411114841,0.695608386
1570,3929700,160760,0.946,-0.201,0.241,-1.2,1,0,-2.7,32.8,-12.7,0.364085818,0.463118381,-0.411114841,0.695608386
1571,3931897,160760,0.946,-0.201,0.245,-1.2,0.8,0,-2.7,32.8,-12.7,0.364085818,0.463118381,-0.41114536,0.695608386
1572,3935610,160760,0.942,-0.201,0.245,-1.2,0.6,0,-2.7,32.8,-12.7,0.364116337,0.463087863,-0.41114536,0.695608386
1573,3937173,160760,0.946,-0.201,0.241,-1.3,0.6,0,-2.6,32.6,-12.4,0.364146855,0.463057344,-0.411175878,0.695608386
1574,3941044,160770,0.942,-0.205,0.241,-1.5,0.7,0,-2.6,32.6,-12.4,0.364146855,0.463057344,-0.411175878,0.695577868
1575,3943113,160770,0.942,-0.209,0.241,-1.7,0.7,0,-2.6,32.6,-12.4,0.364177374,0.463026826,-0.411206397,0.695577868
1576,3944781,160770,0.942,-0.209,0.245,-1.8,0.7,0,-2.6,32.6,-12.4,0.364207892,0.462996307,-0.411236915,0.695577868
1577,3948373,160770,0.942,-0.205,0.241,-1.9,0.7,0,-2.7,33.2,-12.8,0.364238411,0.462965789,-0.411236915,0.695577868
1578,3949878,160780,0.942,-0.209,0.237,-2,0.7,-0.2,-2.7,33.2,-12.8,0.364268929,0.46293527,-0.411267434,0.695547349
1579,3952938,160780,0.942,-0.217,0.241,-2.1,0.7,-0.3,-2.7,33.2,-12.8,0.364299448,0.462904752,-0.411297952,0.695547349
1580,3955871,160780,0.938,-0.213,0.241,-2.2,0.7,-0.3,-2.7,33.2,-12.8,0.364329966,0.462874233,-0.411328471,0.695516831
1581,3957455,160780,0.938,-0.213,0.241,-2.2,0.7,-0.3,-2.7,33.2,-12.8,0.364329966,0.462874233,-0.411328471,0.695516831
1582,3959671,160790,0.938,-0.213,0.241,-2.5,0.6,-0.1,-2.7,33.1,-12.6,0.36466567,0.46293527,-0.411053804,0.695455794
1583,3962664,160790,0.938,-0.213,0.241,-2.6,0.6,-0.2,-2.7,33.1,-12.6,0.364696188,0.46293527,-0.411114841,0.695425275
1584,3965860,160790,0.938,-0.217,0.241,-2.8,0.6,-0.2,-2.7,33.1,-12.6,0.364757225,0.462904752,-0.41114536,0.695425275
1585,3967925,160790,0.934,-0.216,0.245,-2.9,0.6,-0.4,-2.9,32.7,-12.9,0.364787744,0.462874233,-0.411175878,0.695394757
1586,3970886,160800,0.934,-0.22,0.241,-2.9,0.6,-0.4,-2.9,32.7,-12.9,0.364818262,0.462843715,-0.411206397,0.695364238
1587,3972637,160800,0.942,-0.22,0.245,-3.1,0.5,-0.4,-2.9,32.7,-12.9,0.364879299,0.462813196,-0.411236915,0.69533372
1588,3974860,160800,0.938,-0.22,0.245,-3.2,0.4,-0.3,-2.9,32.7,-12.9,0.364909818,0.462782678,-0.411297952,0.695303201
1589,3978646,160800,0.934,-0.224,0.241,-3.4,0.4,-0.2,-2.9,32.9,-12.5,0.364970855,0.462752159,-0.411328471,0.695272683
1590,3980817,160810,0.938,-0.228,0.245,-3.5,0.4,-0.2,-2.9,32.9,-12.5,0.365001373,0.462721641,-0.411389508,0.695242164
1591,3983107,160810,0.938,-0.228,0.241,-3.6,0.5,-0.3,-2.9,32.9,-12.5,0.36506241,0.462660604,-0.411420026,0.695211646
1592,3985507,160810,0.938,-0.224,0.241,-3.6,0.6,-0.3,-2.9,32.9,-12.5,0.365092929,0.462630085,-0.411481063,0.695211646
1593,3987536,160810,0.942,-0.224,0.245,-3.5,0.7,-0.3,-2.7,32.9,-12.7,0.365153966,0.462599567,-0.411511582,0.695181127
1594,3989681,160820,0.938,-0.224,0.245,-3.4,0.7,-0.1,-2.7,32.9,-12.7,0.365184484,0.462569048,-0.411572619,0.695150609
1595,3992489,160820,0.942,-0.228,0.245,-3.2,0.6,0,-2.7,32.9,-12.7,0.365215003,0.46253853,-0.411603137,0.69512009
1596,3995601,160820,0.946,-0.221,0.241,-3.1,0.6,0,-2.7,32.9,-12.7,0.36527604,0.462508011,-0.411664174,0.695089572
1597,3997089,160820,0.942,-0.224,0.241,-3,0.4,0,-3.4,33.2,-12.9,0.365306558,0.462477493,-0.411694693,0.695089572
1598,3999951,160830,0.938,-0.228,0.241,-2.8,0.3,0.1,-3.4,33.2,-12.9,0.365337077,0.462446974,-0.411725211,0.695059053
1599,4003065,160830,0.942,-0.217,0.249,-2.6,0.3,0.1,-3.4,33.2,-12.9,0.365367595,0.462416456,-0.411786248,0.695028535
1600,4004591,160830,0.942,-0.224,0.241,-2.5,0.2,0.1,-3.4,33.2,-12.9,0.365398114,0.462385937,-0.411816767,0.695028535
1601,4008288,160830,0.942,-0.224,0.241,-2.5,0.2,0.1,-3.4,33.2,-12.9,0.365398114,0.462385937,-0.411816767,0.695028535
1602,4009720,160840,0.942,-0.22,0.249,-2.5,0.2,0.1,-3.2,33.2,-12.8,0.365581225,0.4623249,-0.411725211,0.695028535
1603,4012848,160840,0.942,-0.224,0.245,-2.5,0.2,0.1,-3.2,33.2,-12.8,0.365581225,0.462294382,-0.41175573,0.694998016
1604,4015104,160840,0.938,-0.228,0.245,-2.3,0.3,0.1,-3.2,33.2,-12.8,0.365611744,0.462263863,-0.411786248,0.694967498
1605,4017997,160840,0.942,-0.217,0.241,-2.2,0.3,0,-2.6,32.1,-12.6,0.365642262,0.462263863,-0.411816767,0.694967498
1606,4019555,160850,0.938,-0.22,0.237,-2,0.4,0.1,-2.6,32.1,-12.6,0.365672781,0.462233345,-0.411847285,0.694967498
1607,4023602,160850,0.938,-0.224,0.241,-1.7,0.4,0.1,-2.6,32.1,-12.6,0.365703299,0.462202826,-0.411877804,0.694936979
1608,4025564,160850,0.942,-0.224,0.241,-1.5,0.5,0,-2.6,32.1,-12.6,0.365703299,0.462172308,-0.411877804,0.694936979
1609,4028057,160850,0.934,-0.224,0.245,-1.2,0.6,-0.1,-3.5,33.5,-12.5,0.365703299,0.462172308,-0.411908322,0.694936979
1610,4030222,160860,0.938,-0.22,0.245,-1.1,0.5,-0.3,-3.5,33.5,-12.5,0.365764336,0.462141789,-0.411908322,0.694906461
1611,4032090,160860,0.938,-0.228,0.237,-0.9,0.6,-0.4,-3.5,33.5,-12.5,0.365764336,0.462141789,-0.411908322,0.694906461
1612,4034844,160860,0.938,-0.228,0.237,-0.9,0.7,-0.4,-3.5,33.5,-12.5,0.365794855,0.46211127,-0.411908322,0.694906461
1613,4037797,160860,0.938,-0.232,0.241,-0.8,0.7,-0.6,-4.4,33.8,-12.6,0.365825373,0.46211127,-0.411908322,0.694906461
1614,4040000,160870,0.938,-0.232,0.241,-0.8,0.8,-0.7,-4.4,33.8,-12.6,0.365855892,0.46211127,-0.411908322,0.694906461
1615,4042578,160870,0.938,-0.232,0.237,-0.9,0.9,-0.8,-4.4,33.8,-12.6,0.36588641,0.462080752,-0.411908322,0.694906461
1616,4045334,160870,0.942,-0.228,0.245,-1.1,0.9,-0.8,-4.4,33.8,-12.6,0.365916929,0.462080752,-0.411908322,0.694875942
1617,4048058,160870,0.942,-0.236,0.241,-1.2,0.8,-0.9,-4,33.8,-12.5,0.365947447,0.462050233,-0.411908322,0.694875942
1618,4049577,160880,0.946,-0.232,0.237,-1.4,0.6,-0.9,-4,33.8,-12.5,0.365977966,0.462050233,-0.411938841,0.694875942
1619,4052384,160880,0.942,-0.236,0.237,-1.5,0.5,-0.9,-4,33.8,-12.5,0.366008484,0.462019715,-0.411938841,0.694845424
1620,4055331,160880,0.942,-0.236,0.237,-1.7,0.5,-0.8,-4,33.8,-12.5,0.366039003,0.462019715,-0.411938841,0.694814905
1621,4057852,160880,0.942,-0.236,0.237,-1.7,0.5,-0.8,-4,33.8,-12.5,0.366039003,0.462019715,-0.411938841,0.694814905
1622,4060879,160890,0.946,-0.236,0.237,-1.9,0.6,-0.7,-4.3,33.5,-12.5,0.366161077,0.461928159,-0.411938841,0.694845424
1623,4063114,160890,0.942,-0.232,0.237,-1.9,0.6,-0.7,-4.3,33.5,-12.5,0.366191595,0.461928159,-0.411969359,0.694814905
1624,4065335,160890,0.942,-0.232,0.237,-1.9,0.4,-0.6,-4.3,33.5,-12.5,0.366222114,0.461897641,-0.411969359,0.694784387
1625,4068158,160890,0.946,-0.224,0.241,-1.8,0.3,-0.6,-2,32.5,-12.7,0.366252632,0.461897641,-0.411999878,0.694784387
1626,4070361,160900,0.946,-0.236,0.245,-1.7,0.1,-0.6,-2,32.5,-12.7,0.366283151,0.461867122,-0.412030396,0.694753868
1627,4073137,160900,0.946,-0.232,0.245,-1.7,0.1,-0.5,-2,32.5,-12.7,0.366313669,0.461867122,-0.412030396,0.694753868
1628,4074813,160900,0.946,-0.224,0.241,-1.6,0.1,-0.5,-2,32.5,-12.7,0.366344188,0.461836604,-0.412060915,0.69472335
1629,4077791,160900,0.942,-0.232,0.245,-1.5,0,-0.5,-3.7,33.1,-12.5,0.366374706,0.461836604,-0.412060915,0.694692831
1630,4080828,160910,0.942,-0.232,0.241,-1.4,0,-0.4,-3.7,33.1,-12.5,0.366374706,0.461836604,-0.412091433,0.694692831
1631,4082336,160910,0.938,-0.224,0.241,-1.3,0.1,-0.4,-3.7,33.1,-12.5,0.366405225,0.461836604,-0.412091433,0.694662313
1632,4085418,160910,0.942,-0.224,0.241,-1.2,0.2,-0.2,-3.7,33.1,-12.5,0.366435743,0.461806085,-0.412121952,0.694662313
1633,4087023,160910,0.942,-0.224,0.241,-1.1,0.3,-0.2,-3.2,33,-12.7,0.366435743,0.461806085,-0.412121952,0.694662313
1634,4089657,160920,0.938,-0.224,0.249,-1,0.3,-0.1,-3.2,33,-12.7,0.366466262,0.461806085,-0.41215247,0.694662313
1635,4092715,160920,0.938,-0.22,0.245,-0.7,0.3,-0.2,-3.2,33,-12.7,0.366466262,0.461775567,-0.41215247,0.694631794
1636,4095389,160920,0.938,-0.22,0.241,-0.5,0.2,-0.3,-3.2,33,-12.7,0.36649678,0.461775567,-0.41215247,0.694631794
1637,4098624,160920,0.934,-0.22,0.249,-0.3,0.1,-0.2,-2.8,33.2,-12.6,0.36649678,0.461775567,-0.41215247,0.694631794
1638,4100324,160930,0.938,-0.22,0.241,-0.2,0.1,-0.2,-2.8,33.2,-12.6,0.36649678,0.461775567,-0.41215247,0.694631794
1639,4102369,160930,0.934,-0.22,0.241,-0.1,0.1,-0.2,-2.8,33.2,-12.6,0.36649678,0.461775567,-0.41215247,0.694631794
1640,4105483,160930,0.934,-0.224,0.245,0,0.3,-0.2,-2.8,33.2,-12.6,0.366527299,0.461775567,-0.41215247,0.694631794
1641,4108267,160930,0.934,-0.224,0.245,0,0.3,-0.2,-2.8,33.2,-12.6,0.366527299,0.461775567,-0.41215247,0.694631794
1642,4109904,160940,0.934,-0.22,0.241,0.1,0.6,-0.1,-2.3,32.8,-12.6,0.366649373,0.461745048,-0.411969359,0.694692831
1643,4113098,160940,0.934,-0.224,0.237,0.1,0.5,-0.1,-2.3,32.8,-12.6,0.366649373,0.461745048,-0.411969359,0.694692831
1644,4115507,160940,0.93,-0.22,0.245,0.1,0.4,0,-2.3,32.8,-12.6,0.366649373,0.46171453,-0.411938841,0.694692831
1645,4117605,160940,0.938,-0.224,0.233,0.3,0.4,0,-3,32.7,-12.4,0.366649373,0.46171453,-0.411938841,0.694692831
1646,4119858,160950,0.934,-0.22,0.237,0.3,0.3,0,-3,32.7,-12.4,0.366649373,0.46171453,-0.411938841,0.69472335
1647,4123417,160950,0.942,-0.217,0.245,0.4,0.2,-0.1,-3,32.7,-12.4,0.366649373,0.46171453,-0.411908322,0.69472335
1648,4125013,160950,0.938,-0.217,0.237,0.4,0.2,-0.1,-3,32.7,-12.4,0.366649373,0.46171453,-0.411908322,0.69472335
1649,4127259,160950,0.93,-0.22,0.241,0.5,0.2,0,-3,33,-12.7,0.366649373,0.46171453,-0.411908322,0.69472335
1650,4130859,160960,0.938,-0.22,0.237,0.5,0.2,0,-3,33,-12.7,0.366649373,0.46171453,-0.411877804,0.694753868
1651,4132505,160960,0.938,-0.217,0.245,0.4,0.1,0,-3,33,-12.7,0.366649373,0.46171453,-0.411877804,0.694753868
1652,4136107,160960,0.938,-0.224,0.245,0.4,0,0,-3,33,-12.7,0.366649373,0.46171453,-0.411877804,0.694753868
1653,4137740,160960,0.938,-0.22,0.241,0.4,0,0.1,-3,32.8,-12.9,0.366649373,0.46171453,-0.411877804,0.694753868
1654,4139947,160970,0.938,-0.228,0.249,0.4,0,0.1,-3,32.8,-12.9,0.366618854,0.461745048,-0.411877804,0.694753868
1655,4142224,160970,0.938,-0.22,0.245,0.3,-0.1,0.2,-3,32.8,-12.9,0.366618854,0.461745048,-0.411877804,0.694753868
1656,4146197,160970,0.942,-0.224,0.245,0.1,-0.2,0.2,-3,32.8,-12.9,0.366618854,0.461745048,-0.411877804,0.694753868
1657,4148291,160970,0.942,-0.224,0.245,0.1,-0.2,0.3,-2.9,32.8,-12.6,0.366618854,0.461745048,-0.411877804,0.694753868
1658,4150698,160980,0.938,-0.224,0.245,0,-0.2,0.5,-2.9,32.8,-12.6,0.366588336,0.461745048,-0.411877804,0.694753868
1659,4153114,160980,0.938,-0.224,0.241,-0.1,-0.1,0.6,-2.9,32.8,-12.6,0.366588336,0.461745048,-0.411877804,0.694784387
1660,4154916,160980,0.938,-0.224,0.241,-0.3,0,0.6,-2.9,32.8,-12.6,0.366588336,0.46171453,-0.411908322,0.694784387
1661,4158050,160980,0.938,-0.224,0.241,-0.3,0,0.6,-2.9,32.8,-12.6,0.366588336,0.46171453,-0.411908322,0.694784387
1662,4160762,160990,0.938,-0.22,0.241,-0.2,-0.2,0.6,-2.8,32.5,-12.7,0.366679891,0.461684011,-0.41175573,0.694814905
1663,4162769,160990,0.934,-0.224,0.245,-0.1,-0.4,0.6,-2.8,32.5,-12.7,0.366679891,0.461684011,-0.411786248,0.694814905
1664,4165130,160990,0.938,-0.217,0.241,-0.1,-0.5,0.7,-2.8,32.5,-12.7,0.366649373,0.461684011,-0.411786248,0.694814905
1665,4167335,160990,0.938,-0.217,0.241,-0.2,-0.5,0.8,-3.6,33,-12.7,0.366649373,0.461684011,-0.411816767,0.694814905
1666,4169759,161000,0.938,-0.217,0.241,-0.2,-0.5,0.9,-3.6,33,-12.7,0.366618854,0.461684011,-0.411816767,0.694814905
1667,4173299,161000,0.934,-0.216,0.241,-0.3,-0.5,1.1,-3.6,33,-12.7,0.366588336,0.461684011,-0.411847285,0.694814905
1668,4175771,161000,0.938,-0.217,0.237,-0.3,-0.4,1.2,-3.6,33,-12.7,0.366588336,0.461684011,-0.411877804,0.694814905
1669,4177939,161000,0.942,-0.213,0.241,-0.2,-0.4,1.3,-2,32.4,-12.8,0.366557817,0.461684011,-0.411877804,0.694814905
1670,4180449,161010,0.938,-0.22,0.241,-0.1,-0.5,1.2,-2,32.4,-12.8,0.366527299,0.461684011,-0.411908322,0.694814905
1671,4182978,161010,0.942,-0.217,0.237,0,-0.7,1.2,-2,32.4,-12.8,0.36649678,0.461684011,-0.411938841,0.694814905
1672,4185332,161010,0.942,-0.217,0.245,0,-0.7,1.3,-2,32.4,-12.8,0.36649678,0.461684011,-0.411938841,0.694814905
1673,4187544,161010,0.942,-0.217,0.249,0,-0.7,1.3,-2.1,32.3,-13.1,0.366466262,0.461653493,-0.411969359,0.694845424
1674,4189927,161020,0.934,-0.216,0.241,0,-0.6,1.3,-2.1,32.3,-13.1,0.366435743,0.461653493,-0.411999878,0.694845424
1675,4192420,161020,0.938,-0.217,0.241,0,-0.6,1.3,-2.1,32.3,-13.1,0.366405225,0.461653493,-0.411999878,0.694845424
1676,4195911,161020,0.938,-0.217,0.241,-0.1,-0.7,1.5,-2.1,32.3,-13.1,0.366374706,0.461653493,-0.412030396,0.694845424
1677,4198212,161020,0.938,-0.217,0.241,0,-0.8,1.5,-2,32.6,-12.8,0.366344188,0.461653493,-0.412060915,0.694845424
1678,4200607,161030,0.938,-0.217,0.241,0,-1,1.5,-2,32.6,-12.8,0.366313669,0.461653493,-0.412091433,0.694845424
1679,4202615,161030,0.938,-0.217,0.245,0,-1,1.5,-2,32.6,-12.8,0.366283151,0.461653493,-0.412091433,0.694845424
1680,4204918,161030,0.938,-0.213,0.241,-0.1,-1,1.5,-2,32.6,-12.8,0.366252632,0.461653493,-0.412121952,0.694845424
1681,4207354,161030,0.938,-0.213,0.241,-0.1,-1,1.5,-2,32.6,-12.8,0.366252632,0.461653493,-0.412121952,0.694845424
1682,4209718,161040,0.938,-0.217,0.241,-0.2,-0.8,1.6,-2.5,32.6,-13,0.366405225,0.46171453,-0.411908322,0.694875942
1683,4213129,161040,0.938,-0.217,0.245,-0.3,-0.7,1.7,-2.5,32.6,-13,0.366374706,0.46171453,-0.411938841,0.694875942
1684,4215512,161040,0.938,-0.22,0.245,-0.4,-0.6,1.7,-2.5,32.6,-13,0.366344188,0.461684011,-0.411969359,0.694875942
1685,4217919,161040,0.942,-0.224,0.245,-0.4,-0.7,1.7,-3.5,32.8,-12.7,0.366313669,0.461684011,-0.411999878,0.694875942
1686,4219910,161050,0.942,-0.22,0.245,-0.5,-0.8,1.7,-3.5,32.8,-12.7,0.366283151,0.461684011,-0.412030396,0.694875942
1687,4223340,161050,0.938,-0.224,0.245,-0.5,-0.8,1.6,-3.5,32.8,-12.7,0.366252632,0.461684011,-0.412091433,0.694875942
1688,4225732,161050,0.938,-0.224,0.245,-0.7,-0.7,1.6,-3.5,32.8,-12.7,0.366222114,0.461653493,-0.412121952,0.694875942
1689,4227965,161050,0.942,-0.217,0.253,-0.7,-0.7,1.6,-2.4,32.8,-12.2,0.366191595,0.461653493,-0.41215247,0.694875942
1690,4230288,161060,0.938,-0.224,0.245,-0.8,-0.8,1.7,-2.4,32.8,-12.2,0.366191595,0.461653493,-0.412182989,0.694875942
1691,4232494,161060,0.938,-0.22,0.241,-0.8,-0.9,1.6,-2.4,32.8,-12.2,0.366161077,0.461622974,-0.412213507,0.694875942
1692,4234963,161060,0.942,-0.224,0.245,-0.8,-1,1.7,-2.4,32.8,-12.2,0.366130558,0.461622974,-0.412244026,0.694875942
1693,4237020,161060,0.942,-0.228,0.241,-0.7,-1,1.7,-2.1,32.5,-12.5,0.36610004,0.461622974,-0.412305063,0.694875942
1694,4240835,161070,0.938,-0.217,0.241,-0.6,-1.1,1.7,-2.1,32.5,-12.5,0.366069521,0.461622974,-0.412335582,0.694845424
1695,4243063,161070,0.938,-0.22,0.245,-0.5,-1.1,1.8,-2.1,32.5,-12.5,0.366039003,0.461622974,-0.4123661,0.694845424
1696,4245334,161070,0.942,-0.228,0.245,-0.4,-1.1,1.8,-2.1,32.5,-12.5,0.366008484,0.461622974,-0.412396619,0.694845424
1697,4247247,161070,0.942,-0.22,0.241,-0.4,-1.1,1.9,-2.3,32.5,-12.6,0.365977966,0.461622974,-0.412427137,0.694845424
1698,4250744,161080,0.942,-0.22,0.245,-0.4,-1,1.9,-2.3,32.5,-12.6,0.365916929,0.461592456,-0.412457656,0.694845424
1699,4252290,161080,0.942,-0.224,0.241,-0.2,-1,1.8,-2.3,32.5,-12.6,0.36588641,0.461592456,-0.412488174,0.694845424
1700,4255354,161080,0.946,-0.224,0.245,-0.1,-1,1.7,-2.3,32.5,-12.6,0.365855892,0.461592456,-0.412518693,0.694875942
1701,4258337,161080,0.946,-0.224,0.245,-0.1,-1,1.7,-2.3,32.5,-12.6,0.365855892,0.461592456,-0.412518693,0.694875942
1702,4259600,161090,0.946,-0.228,0.249,0,-1,1.4,-2.5,32.7,-12.4,0.365947447,0.461622974,-0.412396619,0.694875942
1703,4262753,161090,0.942,-0.228,0.241,-0.1,-1,1.4,-2.5,32.7,-12.4,0.365916929,0.461622974,-0.412396619,0.694875942
1704,4265779,161090,0.942,-0.224,0.249,-0.1,-1.1,1.3,-2.5,32.7,-12.4,0.36588641,0.461622974,-0.412427137,0.694875942
1705,4267495,161090,0.938,-0.217,0.245,-0.1,-1.2,1.2,-3,32.8,-12.4,0.365855892,0.461622974,-0.412457656,0.694875942
1706,4270977,161100,0.942,-0.224,0.241,0,-1.2,1.2,-3,32.8,-12.4,0.365825373,0.461622974,-0.412488174,0.694875942
1707,4272459,161100,0.942,-0.22,0.245,-0.1,-1.2,1.1,-3,32.8,-12.4,0.365794855,0.461653493,-0.412518693,0.694875942
1708,4275569,161100,0.942,-0.224,0.245,-0.1,-1.2,1.2,-3,32.8,-12.4,0.365764336,0.461653493,-0.412518693,0.694875942
1709,4277920,161100,0.942,-0.224,0.245,-0.2,-1.3,1.1,-2.6,32.7,-12.6,0.365703299,0.461653493,-0.412549211,0.694875942
1710,4280092,161110,0.942,-0.22,0.245,-0.2,-1.3,1.1,-2.6,32.7,-12.6,0.365703299,0.461653493,-0.41257973,0.694845424
1711,4283008,161110,0.938,-0.228,0.249,-0.3,-1.3,1.1,-2.6,32.7,-12.6,0.365703299,0.461684011,-0.41257973,0.694845424
1712,4286201,161110,0.942,-0.22,0.249,-0.4,-1.2,1.1,-2.6,32.7,-12.6,0.365672781,0.461684011,-0.412640767,0.694845424
1713,4287767,161110,0.942,-0.224,0.249,-0.4,-1,1.2,-2.6,33,-12.3,0.365642262,0.461684011,-0.412671285,0.694845424
1714,4289939,161120,0.942,-0.224,0.249,-0.4,-0.9,1.2,-2.6,33,-12.3,0.365611744,0.461684011,-0.412701804,0.694845424
1715,4293012,161120,0.938,-0.217,0.245,-0.4,-0.9,1,-2.6,33,-12.3,0.365611744,0.461684011,-0.412701804,0.694845424
1716,4294589,161120,0.942,-0.228,0.249,-0.4,-0.9,0.9,-2.6,33,-12.3,0.365581225,0.461684011,-0.412732322,0.694814905
1717,4298603,161120,0.938,-0.22,0.249,-0.4,-1,0.8,-2.6,32.8,-12.5,0.365581225,0.461684011,-0.412762841,0.694814905
1718,4300551,161130,0.938,-0.224,0.249,-0.3,-1.1,0.8,-2.6,32.8,-12.5,0.365550707,0.461684011,-0.412793359,0.694814905
1719,4302445,161130,0.938,-0.224,0.245,-0.2,-1.2,0.8,-2.6,32.8,-12.5,0.365520188,0.46171453,-0.412793359,0.694814905
1720,4304810,161130,0.938,-0.22,0.245,-0.1,-1.2,0.8,-2.6,32.8,-12.5,0.365489669,0.46171453,-0.412823878,0.694784387
1721,4308040,161130,0.938,-0.22,0.245,-0.1,-1.2,0.8,-2.6,32.8,-12.5,0.365489669,0.46171453,-0.412823878,0.694784387
1722,4309764,161140,0.942,-0.224,0.245,-0.1,-1.3,0.8,-2.7,32.6,-11.7,0.365642262,0.461684011,-0.412640767,0.694845424
1723,4313025,161140,0.938,-0.22,0.241,-0.1,-1.3,0.7,-2.7,32.6,-11.7,0.365611744,0.46171453,-0.412640767,0.694845424
1724,4314810,161140,0.938,-0.22,0.245,0,-1.5,0.7,-2.7,32.6,-11.7,0.365581225,0.46171453,-0.412671285,0.694845424
1725,4318523,161140,0.942,-0.217,0.249,0.1,-1.4,0.7,-2.8,32.8,-14.3,0.365550707,0.461745048,-0.412671285,0.694845424
1726,4320700,161150,0.938,-0.22,0.245,0.1,-1.3,0.8,-2.8,32.8,-14.3,0.365520188,0.461745048,-0.412701804,0.694814905
1727,4323214,161150,0.942,-0.22,0.245,0.1,-1.1,0.8,-2.8,32.8,-14.3,0.365520188,0.461775567,-0.412701804,0.694814905
1728,4325322,161150,0.938,-0.217,0.241,0.1,-1.1,0.8,-2.8,32.8,-14.3,0.365489669,0.461775567,-0.412732322,0.694814905
1729,4327219,161150,0.938,-0.213,0.245,0.1,-1,0.7,-2.4,32.5,-12,0.365459151,0.461806085,-0.412732322,0.694814905
1730,4330413,161160,0.938,-0.213,0.245,0.2,-1.1,0.8,-2.4,32.5,-12,0.365428632,0.461806085,-0.412762841,0.694814905
1731,4332995,161160,0.938,-0.213,0.241,0.3,-1.1,0.7,-2.4,32.5,-12,0.365398114,0.461806085,-0.412762841,0.694814905
1732,4334838,161160,0.938,-0.217,0.245,0.4,-1.2,0.7,-2.4,32.5,-12,0.365398114,0.461836604,-0.412793359,0.694814905
1733,4337922,161160,0.938,-0.217,0.245,0.4,-1.2,0.7,-3.1,32.9,-11.5,0.365367595,0.461836604,-0.412793359,0.694814905
1734,4340471,161170,0.938,-0.217,0.241,0.4,-1.3,0.8,-3.1,32.9,-11.5,0.365337077,0.461867122,-0.412793359,0.694814905
1735,4342406,161170,0.934,-0.22,0.245,0.4,-1.3,0.8,-3.1,32.9,-11.5,0.365306558,0.461867122,-0.412823878,0.694814905
1736,4345743,161170,0.938,-0.217,0.245,0.2,-1.2,0.8,-3.1,32.9,-11.5,0.36527604,0.461897641,-0.412823878,0.694784387
1737,4347292,161170,0.942,-0.217,0.245,0,-1.2,0.8,-2.8,32.5,-11.6,0.365245521,0.461897641,-0.412854396,0.694784387
1738,4351237,161180,0.942,-0.217,0.241,-0.2,-1,0.9,-2.8,32.5,-11.6,0.365215003,0.461897641,-0.412854396,0.694784387
1739,4353492,161180,0.942,-0.217,0.241,-0.4,-1,0.8,-2.8,32.5,-11.6,0.365215003,0.461928159,-0.412884915,0.694784387
1740,4355909,161180,0.938,-0.217,0.241,-0.5,-1,0.8,-2.8,32.5,-11.6,0.365184484,0.461928159,-0.412915433,0.694784387
1741,4357754,161180,0.938,-0.217,0.241,-0.5,-1,0.8,-2.8,32.5,-11.6,0.365184484,0.461928159,-0.412915433,0.694784387
1742,4360254,161190,0.942,-0.224,0.245,-0.7,-1,0.8,-2.9,32.9,-12.1,0.365398114,0.461989196,-0.412701804,0.694753868
1743,4362454,161190,0.946,-0.221,0.241,-0.8,-0.9,0.8,-2.9,32.9,-12.1,0.365367595,0.461989196,-0.412732322,0.694753868
1744,4366090,161190,0.946,-0.221,0.241,-0.8,-0.9,0.8,-2.9,32.9,-12.1,0.365367595,0.461989196,-0.412762841,0.694753868
1745,4368197,161190,0.938,-0.22,0.241,-0.7,-1,0.7,-2.8,32.9,-13.9,0.365337077,0.461989196,-0.412793359,0.69472335
1746,4370516,161200,0.946,-0.217,0.245,-0.7,-1,0.6,-2.8,32.9,-13.9,0.365337077,0.461989196,-0.412793359,0.69472335
1747,4373095,161200,0.946,-0.221,0.241,-0.8,-1,0.5,-2.8,32.9,-13.9,0.365337077,0.461989196,-0.412823878,0.694692831
1748,4375103,161200,0.946,-0.217,0.241,-0.9,-0.9,0.5,-2.8,32.9,-13.9,0.365306558,0.461989196,-0.412854396,0.694692831
1749,4378519,161200,0.946,-0.224,0.245,-0.9,-0.7,0.5,-3,33.5,-12.6,0.365306558,0.461989196,-0.412884915,0.694692831
1750,4381016,161210,0.942,-0.224,0.245,-0.9,-0.6,0.5,-3,33.5,-12.6,0.365306558,0.461989196,-0.412915433,0.694662313
1751,4383257,161210,0.942,-0.22,0.241,-0.8,-0.5,0.6,-3,33.5,-12.6,0.365306558,0.461989196,-0.412945952,0.694662313
1752,4385099,161210,0.946,-0.221,0.245,-0.9,-0.6,0.4,-3,33.5,-12.6,0.365306558,0.461989196,-0.412945952,0.694662313
1753,4387258,161210,0.942,-0.224,0.245,-0.9,-0.5,0.4,-3.1,33.3,-13,0.365306558,0.461989196,-0.41297647,0.694631794
1754,4390692,161220,0.942,-0.224,0.241,-1,-0.5,0.3,-3.1,33.3,-13,0.365306558,0.461989196,-0.413006989,0.694631794
1755,4392823,161220,0.946,-0.228,0.241,-1.2,-0.5,0.4,-3.1,33.3,-13,0.365306558,0.461958678,-0.413037507,0.694601276
1756,4394843,161220,0.942,-0.228,0.241,-1.3,-0.5,0.4,-3.1,33.3,-13,0.365306558,0.461958678,-0.413068026,0.694601276
1757,4396961,161220,0.942,-0.232,0.245,-1.5,-0.4,0.3,-3.3,33.2,-13.8,0.365306558,0.461958678,-0.413098544,0.694570757
1758,4400646,161230,0.946,-0.232,0.233,-1.6,-0.4,0.3,-3.3,33.2,-13.8,0.365306558,0.461958678,-0.413129063,0.694570757
1759,4402411,161230,0.942,-0.228,0.237,-1.7,-0.2,0.3,-3.3,33.2,-13.8,0.365337077,0.461928159,-0.413159581,0.694540239
1760,4405736,161230,0.946,-0.228,0.245,-1.8,-0.1,0.2,-3.3,33.2,-13.8,0.365337077,0.461928159,-0.4131901,0.694540239
1761,4407991,161230,0.946,-0.228,0.245,-1.8,-0.1,0.2,-3.3,33.2,-13.8,0.365337077,0.461928159,-0.4131901,0.694540239
1762,4409804,161240,0.946,-0.236,0.241,-2,-0.1,0.2,-3.1,33,-13.7,0.365459151,0.461867122,-0.413129063,0.694540239
1763,4413407,161240,0.946,-0.232,0.245,-2,-0.3,0.1,-3.1,33,-13.7,0.365489669,0.461867122,-0.413159581,0.69450972
1764,4415389,161240,0.946,-0.232,0.237,-2,-0.3,0.1,-3.1,33,-13.7,0.365489669,0.461836604,-0.4131901,0.69450972
1765,4417961,161240,0.938,-0.236,0.237,-2,-0.3,0,-2.7,32.9,-12.4,0.365520188,0.461836604,-0.413220618,0.694479202
1766,4419745,161250,0.946,-0.236,0.241,-1.9,-0.3,0,-2.7,32.9,-12.4,0.365520188,0.461806085,-0.413251137,0.694448683
1767,4424341,161250,0.946,-0.236,0.241,-1.8,-0.4,0,-2.7,32.9,-12.4,0.365550707,0.461806085,-0.413281655,0.694448683
1768,4425096,161250,0.946,-0.236,0.245,-1.8,-0.4,0,-2.7,32.9,-12.4,0.365550707,0.461806085,-0.413312174,0.694418165
1769,4427781,161250,0.938,-0.236,0.245,-1.8,-0.4,0,-2.8,32.9,-12.8,0.365581225,0.461806085,-0.413342692,0.694387646
1770,4429935,161260,0.946,-0.232,0.241,-1.8,-0.4,0.1,-2.8,32.9,-12.8,0.365581225,0.461775567,-0.413373211,0.694387646
1771,4433659,161260,0.942,-0.236,0.245,-1.8,-0.4,0.1,-2.8,32.9,-12.8,0.365581225,0.461775567,-0.413434248,0.694357128
1772,4435833,161260,0.942,-0.236,0.237,-1.7,-0.4,0.1,-2.8,32.9,-12.8,0.365611744,0.461775567,-0.413464766,0.694326609
1773,4438094,161260,0.946,-0.232,0.241,-1.7,-0.6,0.1,-2.7,32.6,-12.9,0.365611744,0.461745048,-0.413495285,0.694326609
1774,4440346,161270,0.942,-0.232,0.241,-1.5,-0.7,0.1,-2.7,32.6,-12.9,0.365611744,0.461745048,-0.413525803,0.694296091
1775,4442628,161270,0.942,-0.236,0.241,-1.5,-0.8,0,-2.7,32.6,-12.9,0.365642262,0.461745048,-0.413556322,0.694265572
1776,4444777,161270,0.942,-0.232,0.245,-1.5,-0.7,0,-2.7,32.6,-12.9,0.365642262,0.461745048,-0.41358684,0.694265572
1777,4446825,161270,0.938,-0.236,0.245,-1.5,-0.5,0.1,-3,32.7,-12.9,0.365642262,0.461745048,-0.413617359,0.694235054
1778,4450821,161280,0.946,-0.232,0.241,-1.4,-0.2,0.1,-3,32.7,-12.9,0.365642262,0.461745048,-0.413617359,0.694235054
1779,4453030,161280,0.942,-0.236,0.237,-1.4,-0.2,0.2,-3,32.7,-12.9,0.365672781,0.46171453,-0.413647877,0.694204535
1780,4455295,161280,0.942,-0.232,0.237,-1.2,-0.2,0.2,-3,32.7,-12.9,0.365672781,0.46171453,-0.413678396,0.694204535
1781,4457553,161280,0.942,-0.232,0.237,-1.2,-0.2,0.2,-3,32.7,-12.9,0.365672781,0.46171453,-0.413678396,0.694204535
1782,4459528,161290,0.942,-0.236,0.237,-0.7,-0.2,0.1,-2.4,32,-12.8,0.365764336,0.461653493,-0.413617359,0.694235054
1783,4462882,161290,0.946,-0.236,0.233,-0.5,-0.2,0,-2.4,32,-12.8,0.365764336,0.461653493,-0.413617359,0.694235054
1784,4465328,161290,0.942,-0.232,0.237,-0.4,-0.2,-0.1,-2.4,32,-12.8,0.365764336,0.461653493,-0.413617359,0.694235054
1785,4467536,161290,0.938,-0.232,0.233,-0.4,-0.2,-0.1,-2.7,33.3,-11.2,0.365764336,0.461653493,-0.413617359,0.694204535
1786,4471059,161300,0.938,-0.232,0.241,-0.4,-0.3,-0.1,-2.7,33.3,-11.2,0.365764336,0.461653493,-0.413647877,0.694204535
1787,4472752,161300,0.942,-0.236,0.237,-0.4,-0.4,0,-2.7,33.3,-11.2,0.365764336,0.461653493,-0.413647877,0.694204535
1788,4475256,161300,0.946,-0.244,0.241,-0.5,-0.4,0,-2.7,33.3,-11.2,0.365764336,0.461653493,-0.413647877,0.694204535
1789,4477818,161300,0.942,-0.24,0.237,-0.6,-0.3,0,-2.8,32.6,-14,0.365764336,0.461653493,-0.413678396,0.694174017
1790,4479954,161310,0.942,-0.236,0.241,-0.7,-0.1,0,-2.8,32.6,-14,0.365764336,0.461653493,-0.413678396,0.694174017
1791,4483002,161310,0.942,-0.24,0.245,-0.8,-0.1,0,-2.8,32.6,-14,0.365794855,0.461653493,-0.413708914,0.694174017
1792,4484559,161310,0.946,-0.236,0.241,-0.9,-0.1,0,-2.8,32.6,-14,0.365794855,0.461653493,-0.413708914,0.694143498
1793,4487482,161310,0.949,-0.24,0.237,-0.9,-0.1,0.2,-2.8,31.9,-13.1,0.365794855,0.461653493,-0.413739433,0.694143498
1794,4491487,161320,0.946,-0.236,0.233,-1,-0.1,0.2,-2.8,31.9,-13.1,0.365794855,0.461622974,-0.413739433,0.694143498
1795,4493874,161320,0.946,-0.236,0.241,-0.9,0,0.2,-2.8,31.9,-13.1,0.365794855,0.461622974,-0.413769951,0.694143498
1796,4496049,161320,0.942,-0.24,0.241,-0.9,0,0.1,-2.8,31.9,-13.1,0.365825373,0.461622974,-0.41380047,0.69411298
1797,4498031,161320,0.942,-0.236,0.241,-0.7,0.2,0.2,-2.6,32.1,-13.7,0.365825373,0.461592456,-0.41380047,0.69411298
1798,4499503,161330,0.942,-0.236,0.241,-0.7,0.3,0.2,-2.6,32.1,-13.7,0.365825373,0.461592456,-0.41380047,0.69411298
1799,4503100,161330,0.938,-0.24,0.237,-0.6,0.3,0.2,-2.6,32.1,-13.7,0.365825373,0.461592456,-0.413830988,0.69411298
1800,4504719,161330,0.942,-0.24,0.241,-0.4,0.2,0.2,-2.6,32.1,-13.7,0.365825373,0.461561937,-0.413830988,0.69411298
1801,4508433,161330,0.942,-0.24,0.241,-0.4,0.2,0.2,-2.6,32.1,-13.7,0.365825373,0.461561937,-0.413830988,0.69411298
1802,4510379,161340,0.942,-0.244,0.233,-0.1,0.1,0.1,-2.9,32.3,-13.6,0.36588641,0.461470382,-0.413769951,0.694204535
1803,4512833,161340,0.942,-0.232,0.241,0,0.1,0,-2.9,32.3,-13.6,0.36588641,0.461470382,-0.413769951,0.694204535
1804,4514803,161340,0.942,-0.24,0.245,0,0.1,0,-2.9,32.3,-13.6,0.36588641,0.461470382,-0.413769951,0.694204535
1805,4516950,161340,0.93,-0.24,0.241,0.2,0,0,-2.5,33.7,-12.2,0.36588641,0.461470382,-0.413769951,0.694204535
1806,4520923,161350,0.934,-0.244,0.241,0.3,0.1,-0.1,-2.5,33.7,-12.2,0.36588641,0.461470382,-0.413739433,0.694204535
1807,4523117,161350,0.934,-0.24,0.237,0.5,0.1,-0.1,-2.5,33.7,-12.2,0.36588641,0.461470382,-0.413739433,0.694204535
1808,4525490,161350,0.934,-0.244,0.237,0.7,0.3,-0.2,-2.5,33.7,-12.2,0.36588641,0.461470382,-0.413739433,0.694235054
1809,4527730,161350,0.938,-0.244,0.241,0.8,0.3,-0.2,-3.2,32.8,-12.5,0.36588641,0.461470382,-0.413708914,0.694235054
1810,4529842,161360,0.938,-0.24,0.241,1,0.2,-0.3,-3.2,32.8,-12.5,0.365855892,0.461470382,-0.413678396,0.694235054
1811,4532321,161360,0.934,-0.24,0.229,1.2,0,-0.4,-3.2,32.8,-12.5,0.365855892,0.4615009,-0.413678396,0.694265572
1812,4534969,161360,0.934,-0.244,0.241,1.2,-0.1,-0.5,-3.2,32.8,-12.5,0.365855892,0.4615009,-0.413647877,0.694265572
1813,4537519,161360,0.938,-0.244,0.237,1.2,-0.1,-0.5,-3.1,33.5,-12.6,0.365855892,0.461531419,-0.413617359,0.694265572
1814,4541386,161370,0.934,-0.244,0.233,1.1,-0.2,-0.5,-3.1,33.5,-12.6,0.365855892,0.461561937,-0.41358684,0.694265572
1815,4543065,161370,0.938,-0.24,0.233,1,-0.2,-0.4,-3.1,33.5,-12.6,0.365855892,0.461561937,-0.41358684,0.694265572
1816,4545778,161370,0.938,-0.24,0.241,1,-0.1,-0.4,-3.1,33.5,-12.6,0.365825373,0.461592456,-0.413556322,0.694265572
1817,4548108,161370,0.942,-0.244,0.237,0.9,0,-0.3,-3.1,33.6,-13,0.365825373,0.461592456,-0.413525803,0.694296091
1818,4550048,161380,0.942,-0.232,0.241,0.9,0,-0.2,-3.1,33.6,-13,0.365825373,0.461592456,-0.413525803,0.694296091
1819,4553395,161380,0.946,-0.236,0.237,0.8,0,-0.2,-3.1,33.6,-13,0.365825373,0.461622974,-0.413495285,0.694296091
1820,4555641,161380,0.946,-0.236,0.241,0.8,0,-0.2,-3.1,33.6,-13,0.365825373,0.461622974,-0.413495285,0.694296091
1821,4557645,161380,0.946,-0.236,0.241,0.8,0,-0.2,-3.1,33.6,-13,0.365825373,0.461622974,-0.413495285,0.694296091
1822,4561445,161390,0.949,-0.228,0.233,0.9,0,-0.1,-3.1,33.8,-12.4,0.365855892,0.461592456,-0.413403729,0.694357128
1823,4563313,161390,0.953,-0.225,0.241,0.9,0,0,-3.1,33.8,-12.4,0.365825373,0.461592456,-0.413403729,0.694357128
1824,4565541,161390,0.953,-0.225,0.237,0.9,0.1,0,-3.1,33.8,-12.4,0.365825373,0.461592456,-0.413373211,0.694387646
1825,4568171,161390,0.953,-0.228,0.245,0.9,0.3,0,-2.9,32.9,-12.5,0.365825373,0.461592456,-0.413373211,0.694387646
1826,4570584,161400,0.957,-0.221,0.245,0.7,0.4,0.1,-2.9,32.9,-12.5,0.365825373,0.461592456,-0.413342692,0.694387646
1827,4572772,161400,0.953,-0.229,0.237,0.6,0.5,0.1,-2.9,32.9,-12.5,0.365794855,0.461592456,-0.413342692,0.694418165
1828,4575232,161400,0.949,-0.228,0.241,0.4,0.6,0.1,-2.9,32.9,-12.5,0.365794855,0.461592456,-0.413312174,0.694418165
1829,4577148,161400,0.946,-0.228,0.241,0.2,0.7,0.2,-2.9,32.8,-12.4,0.365794855,0.461561937,-0.413312174,0.694448683
1830,4579455,161410,0.946,-0.228,0.241,0.2,0.7,0.3,-2.9,32.8,-12.4,0.365794855,0.461561937,-0.413312174,0.694448683
1831,4582635,161410,0.946,-0.224,0.237,0.3,0.6,0.3,-2.9,32.8,-12.4,0.365794855,0.461561937,-0.413312174,0.694448683
1832,4586100,161410,0.946,-0.228,0.241,0.4,0.5,0.3,-2.9,32.8,-12.4,0.365794855,0.461531419,-0.413281655,0.694479202
1833,4588532,161410,0.946,-0.228,0.241,0.6,0.3,0.3,-2.9,32.6,-12.8,0.365794855,0.461531419,-0.413281655,0.694479202
1834,4590688,161420,0.946,-0.224,0.241,0.7,0.1,0.2,-2.9,32.6,-12.8,0.365764336,0.461531419,-0.413281655,0.69450972
1835,4592831,161420,0.946,-0.224,0.245,0.7,0,0.1,-2.9,32.6,-12.8,0.365764336,0.461561937,-0.413251137,0.69450972
1836,4595118,161420,0.946,-0.228,0.245,0.9,0.1,0,-2.9,32.6,-12.8,0.365764336,0.461561937,-0.413251137,0.69450972
1837,4598806,161420,0.946,-0.228,0.237,1,0.1,0,-3.2,32.9,-12.4,0.365764336,0.461561937,-0.413220618,0.694540239
1838,4601005,161430,0.946,-0.228,0.237,1,0.2,0,-3.2,32.9,-12.4,0.365703299,0.461561937,-0.413220618,0.694540239
1839,4603364,161430,0.946,-0.228,0.237,1.2,0.3,0,-3.2,32.9,-12.4,0.365703299,0.461561937,-0.4131901,0.694570757
1840,4605567,161430,0.942,-0.228,0.233,1.3,0.3,0,-3.2,32.9,-12.4,0.365703299,0.461561937,-0.413159581,0.694570757
1841,4607698,161430,0.942,-0.228,0.233,1.3,0.3,0,-3.2,32.9,-12.4,0.365703299,0.461561937,-0.413159581,0.694570757
1842,4611148,161440,0.942,-0.232,0.233,1.5,0.6,0,-2.8,33.1,-12.6,0.365794855,0.461622974,-0.413006989,0.694601276
1843,4613299,161440,0.942,-0.232,0.229,1.6,0.6,0,-2.8,33.1,-12.6,0.365764336,0.461622974,-0.41297647,0.694631794
1844,4615551,161440,0.938,-0.232,0.241,1.6,0.6,0,-2.8,33.1,-12.6,0.365764336,0.461622974,-0.412945952,0.694631794
1845,4617919,161440,0.938,-0.24,0.237,1.6,0.6,0,-2.6,32,-12.4,0.365764336,0.461622974,-0.412915433,0.694662313
1846,4620043,161450,0.938,-0.232,0.229,1.5,0.7,0.1,-2.6,32,-12.4,0.365703299,0.461622974,-0.412915433,0.694692831
1847,4622319,161450,0.938,-0.236,0.237,1.4,0.7,0.1,-2.6,32,-12.4,0.365703299,0.461622974,-0.412884915,0.69472335
1848,4624406,161450,0.938,-0.232,0.233,1.2,0.6,0.1,-2.6,32,-12.4,0.365703299,0.461622974,-0.412854396,0.69472335
1849,4627598,161450,0.938,-0.236,0.233,1.1,0.5,0.2,-3.4,33.5,-12.2,0.365703299,0.461622974,-0.412823878,0.694753868
1850,4629823,161460,0.938,-0.24,0.237,1,0.3,0.3,-3.4,33.5,-12.2,0.365703299,0.461622974,-0.412823878,0.694753868
1851,4632164,161460,0.934,-0.236,0.237,0.9,0.2,0.3,-3.4,33.5,-12.2,0.365672781,0.461622974,-0.412793359,0.694784387
1852,4635807,161460,0.938,-0.236,0.233,0.7,0.2,0.3,-3.4,33.5,-12.2,0.365672781,0.461622974,-0.412793359,0.694784387
1853,4637410,161460,0.938,-0.236,0.237,0.6,0.2,0.4,-3.7,33.7,-12.8,0.365672781,0.461622974,-0.412793359,0.694814905
1854,4640599,161470,0.934,-0.232,0.237,0.4,0.1,0.5,-3.7,33.7,-12.8,0.365642262,0.461622974,-0.412793359,0.694814905
1855,4642741,161470,0.934,-0.236,0.241,0.3,0,0.7,-3.7,33.7,-12.8,0.365642262,0.461592456,-0.412793359,0.694814905
1856,4645087,161470,0.942,-0.228,0.241,0.4,0,0.9,-3.7,33.7,-12.8,0.365611744,0.461592456,-0.412793359,0.694845424
1857,4647241,161470,0.938,-0.224,0.237,0.4,-0.1,1,-3.9,33.7,-12.5,0.365581225,0.461592456,-0.412793359,0.694845424
1858,4650989,161480,0.938,-0.224,0.237,0.4,-0.1,1,-3.9,33.7,-12.5,0.365581225,0.461592456,-0.412793359,0.694845424
1859,4653365,161480,0.942,-0.224,0.241,0.6,-0.1,1,-3.9,33.7,-12.5,0.365550707,0.461592456,-0.412793359,0.694875942
1860,4655612,161480,0.938,-0.224,0.245,0.8,0,1,-3.9,33.7,-12.5,0.365520188,0.461592456,-0.412793359,0.694875942
1861,4657812,161480,0.938,-0.224,0.245,0.8,0,1,-3.9,33.7,-12.5,0.365520188,0.461592456,-0.412793359,0.694875942
1862,4661266,161490,0.938,-0.22,0.237,1.1,0.2,1.1,-4,33.7,-12.2,0.365611744,0.461592456,-0.41257973,0.694936979
1863,4663466,161490,0.942,-0.224,0.237,1.1,0.3,1.2,-4,33.7,-12.2,0.365581225,0.461592456,-0.41257973,0.694967498
1864,4665736,161490,0.934,-0.22,0.241,1.2,0.3,1.1,-4,33.7,-12.2,0.365550707,0.461592456,-0.41257973,0.694998016
1865,4667425,161490,0.938,-0.22,0.245,1.2,0.2,1.1,-2,32.5,-12.4,0.365520188,0.461561937,-0.41257973,0.695028535
1866,4670474,161500,0.938,-0.224,0.237,1.4,0.1,1.1,-2,32.5,-12.4,0.365489669,0.461561937,-0.41257973,0.695028535
1867,4672635,161500,0.938,-0.22,0.237,1.4,0.2,1.2,-2,32.5,-12.4,0.365459151,0.461561937,-0.41257973,0.695059053
1868,4674873,161500,0.938,-0.22,0.237,1.5,0.3,1.2,-2,32.5,-12.4,0.365428632,0.461561937,-0.412549211,0.695089572
1869,4676984,161500,0.942,-0.224,0.241,1.6,0.3,1.1,-3.7,33.2,-12.7,0.365398114,0.461561937,-0.412549211,0.69512009
1870,4680951,161510,0.938,-0.224,0.241,1.6,0.2,0.9,-3.7,33.2,-12.7,0.365367595,0.461561937,-0.412518693,0.695150609
1871,4683240,161510,0.938,-0.228,0.241,1.5,0.2,0.8,-3.7,33.2,-12.7,0.365337077,0.461561937,-0.412518693,0.695181127
1872,4685504,161510,0.934,-0.224,0.237,1.6,0.3,0.8,-3.7,33.2,-12.7,0.365306558,0.461561937,-0.412488174,0.695211646
1873,4687403,161510,0.938,-0.228,0.237,1.7,0.3,0.8,-3.3,33.2,-12.6,0.36527604,0.461561937,-0.412457656,0.695211646
1874,4689791,161520,0.938,-0.224,0.233,1.7,0.3,0.8,-3.3,33.2,-12.6,0.365245521,0.461561937,-0.412457656,0.695242164
1875,4691898,161520,0.942,-0.224,0.241,1.8,0.2,0.8,-3.3,33.2,-12.6,0.365215003,0.461561937,-0.412427137,0.695272683
1876,4695766,161520,0.942,-0.228,0.237,1.7,0.2,0.8,-3.3,33.2,-12.6,0.365184484,0.461561937,-0.412396619,0.695303201
1877,4697932,161520,0.942,-0.224,0.241,1.6,0.3,0.9,-2.8,32.9,-12.4,0.365184484,0.461561937,-0.412396619,0.69533372
1878,4700163,161530,0.942,-0.224,0.237,1.5,0.3,0.9,-2.8,32.9,-12.4,0.365153966,0.461561937,-0.4123661,0.695364238
1879,4703343,161530,0.938,-0.232,0.233,1.5,0.4,0.9,-2.8,32.9,-12.4,0.365123447,0.461561937,-0.412335582,0.695364238
1880,4704930,161530,0.942,-0.236,0.237,1.5,0.3,1,-2.8,32.9,-12.4,0.365092929,0.461561937,-0.412335582,0.695394757
1881,4707781,161530,0.942,-0.236,0.237,1.5,0.3,1,-2.8,32.9,-12.4,0.365092929,0.461561937,-0.412335582,0.695394757
1882,4710934,161540,0.938,-0.228,0.237,1.4,0.3,0.8,-2.3,33.1,-12,0.365123447,0.461592456,-0.412182989,0.695455794
1883,4713124,161540,0.942,-0.232,0.237,1.4,0.4,0.7,-2.3,33.1,-12,0.365092929,0.461592456,-0.412182989,0.695486312
1884,4714780,161540,0.942,-0.232,0.233,1.4,0.3,0.7,-2.3,33.1,-12,0.365092929,0.461592456,-0.41215247,0.695516831
1885,4716890,161540,0.942,-0.232,0.237,1.5,0.3,0.7,-2.9,32.7,-12.7,0.36506241,0.461592456,-0.41215247,0.695516831
1886,4720828,161550,0.942,-0.24,0.237,1.6,0.3,0.6,-2.9,32.7,-12.7,0.365031892,0.461592456,-0.412121952,0.695547349
1887,4723004,161550,0.938,-0.228,0.241,1.6,0.3,0.6,-2.9,32.7,-12.7,0.365001373,0.461592456,-0.412091433,0.695577868
1888,4725410,161550,0.942,-0.228,0.241,1.7,0.2,0.5,-2.9,32.7,-12.7,0.365001373,0.461592456,-0.412060915,0.695608386
1889,4727406,161550,0.946,-0.228,0.241,1.8,0.2,0.5,-2.9,33.1,-12.5,0.364970855,0.461592456,-0.412060915,0.695608386
1890,4730552,161560,0.942,-0.228,0.237,1.8,0.1,0.5,-2.9,33.1,-12.5,0.364940336,0.461592456,-0.412030396,0.695638905
1891,4732630,161560,0.942,-0.228,0.241,1.7,0,0.5,-2.9,33.1,-12.5,0.364909818,0.461622974,-0.411999878,0.695669424
1892,4734886,161560,0.946,-0.232,0.245,1.7,0,0.5,-2.9,33.1,-12.5,0.364879299,0.461622974,-0.411969359,0.695669424
1893,4738039,161560,0.946,-0.224,0.237,1.6,0.1,0.4,-2.8,32.7,-12.6,0.364848781,0.461622974,-0.411969359,0.695699942
1894,4740528,161570,0.946,-0.224,0.241,1.7,0.2,0.4,-2.8,32.7,-12.6,0.364848781,0.461622974,-0.411938841,0.695730461
1895,4742221,161570,0.946,-0.224,0.249,1.7,0.2,0.5,-2.8,32.7,-12.6,0.364818262,0.461653493,-0.411908322,0.695760979
1896,4745236,161570,0.946,-0.228,0.237,1.8,0.2,0.6,-2.8,32.7,-12.6,0.364787744,0.461653493,-0.411877804,0.695760979
1897,4748045,161570,0.949,-0.225,0.237,1.9,0.1,0.4,-2.7,32.8,-12.7,0.364757225,0.461653493,-0.411877804,0.695791498
1898,4749709,161580,0.946,-0.224,0.237,1.9,0,0.3,-2.7,32.8,-12.7,0.364726707,0.461653493,-0.411847285,0.695822016
1899,4753448,161580,0.946,-0.224,0.241,1.9,0,0.3,-2.7,32.8,-12.7,0.364726707,0.461684011,-0.411816767,0.695822016
1900,4755575,161580,0.942,-0.228,0.241,1.9,0.1,0.3,-2.7,32.8,-12.7,0.364696188,0.461684011,-0.411786248,0.695852535
1901,4758688,161580,0.942,-0.228,0.241,1.9,0.1,0.3,-2.7,32.8,-12.7,0.364696188,0.461684011,-0.411786248,0.695852535
1902,4760177,161590,0.938,-0.224,0.237,1.7,0.4,0.3,-2.7,32.9,-12.4,0.364757225,0.461745048,-0.411603137,0.695883053
1903,4762316,161590,0.942,-0.224,0.237,1.7,0.4,0.3,-2.7,32.9,-12.4,0.364757225,0.461745048,-0.411572619,0.695913572
1904,4765430,161590,0.938,-0.22,0.237,1.8,0.3,0.3,-2.7,32.9,-12.4,0.364726707,0.461775567,-0.4115421,0.69594409
1905,4768659,161590,0.938,-0.224,0.237,2,0.3,0.2,-3.6,32.2,-12.4,0.364696188,0.461775567,-0.411511582,0.69594409
1906,4770163,161600,0.942,-0.224,0.241,2.3,0.2,0,-3.6,32.2,-12.4,0.364696188,0.461775567,-0.411481063,0.695974609
1907,4772318,161600,0.938,-0.224,0.237,2.6,0.2,-0.1,-3.6,32.2,-12.4,0.36466567,0.461806085,-0.411420026,0.696005127
1908,4775362,161600,0.938,-0.224,0.237,2.6,0.2,-0.1,-3.6,32.2,-12.4,0.364635151,0.461836604,-0.411389508,0.696035646
1909,4778636,161600,0.942,-0.221,0.233,2.5,0.3,-0.2,-2.3,32.1,-12,0.364635151,0.461836604,-0.411328471,0.696066164
1910,4780736,161610,0.942,-0.224,0.237,2.5,0.3,-0.3,-2.3,32.1,-12,0.364604633,0.461867122,-0.411297952,0.696066164
1911,4782253,161610,0.942,-0.224,0.237,2.5,0.3,-0.3,-2.3,32.1,-12,0.364574114,0.461867122,-0.411236915,0.696096683
1912,4785236,161610,0.942,-0.224,0.233,2.4,0.3,-0.4,-2.3,32.1,-12,0.364574114,0.461897641,-0.411206397,0.696127201
1913,4788220,161610,0.938,-0.228,0.233,2.2,0.2,-0.4,-1.7,32,-12,0.364574114,0.461928159,-0.411175878,0.69615772
1914,4789731,161620,0.938,-0.228,0.237,2.1,0.2,-0.4,-1.7,32,-12,0.364543596,0.461928159,-0.411114841,0.69615772
1915,4792834,161620,0.942,-0.228,0.241,2.1,0.2,-0.4,-1.7,32,-12,0.364543596,0.461958678,-0.411084323,0.696188238
1916,4794353,161620,0.942,-0.228,0.237,2,0.3,-0.4,-1.7,32,-12,0.364513077,0.461958678,-0.411053804,0.696188238
1917,4797333,161620,0.934,-0.22,0.233,1.8,0.3,-0.3,-2,31.8,-11.8,0.364513077,0.461989196,-0.411023286,0.696218757
1918,4800584,161630,0.938,-0.224,0.233,1.8,0.5,-0.2,-2,31.8,-11.8,0.364513077,0.461989196,-0.410992767,0.696249275
1919,4802063,161630,0.942,-0.224,0.237,1.6,0.5,-0.2,-2,31.8,-11.8,0.364482559,0.461989196,-0.410962249,0.696249275
1920,4805009,161630,0.942,-0.224,0.237,1.5,0.5,-0.2,-2,31.8,-11.8,0.364482559,0.461989196,-0.41093173,0.696279794
1921,4808093,161630,0.942,-0.224,0.237,1.5,0.5,-0.2,-2,31.8,-11.8,0.364482559,0.461989196,-0.41093173,0.696279794
1922,4809592,161640,0.938,-0.224,0.237,1.2,0.1,-0.2,-1.9,31.8,-12,0.364574114,0.462080752,-0.410748619,0.696249275
1923,4811857,161640,0.938,-0.22,0.237,1.2,0.1,-0.2,-1.9,31.8,-12,0.364574114,0.46211127,-0.410748619,0.696279794
1924,4815711,161640,0.938,-0.22,0.241,1.1,0,-0.2,-1.9,31.8,-12,0.364543596,0.46211127,-0.410718101,0.696279794
1925,4817943,161640,0.942,-0.22,0.241,1,0,-0.1,-3.5,32.8,-12.8,0.364543596,0.46211127,-0.410687582,0.696279794
1926,4821223,161650,0.938,-0.22,0.241,1,0,0,-3.5,32.8,-12.8,0.364543596,0.46211127,-0.410687582,0.696279794
1927,4823305,161650,0.938,-0.224,0.245,0.9,0.1,0,-3.5,32.8,-12.8,0.364513077,0.462141789,-0.410626545,0.696279794
1928,4824831,161650,0.942,-0.224,0.237,0.9,0.2,0.2,-3.5,32.8,-12.8,0.364513077,0.462141789,-0.410626545,0.696279794
1929,4827745,161650,0.934,-0.22,0.241,0.8,0.1,0.1,-1.8,32.4,-12.1,0.364513077,0.462141789,-0.410626545,0.696340831
1930,4830141,161660,0.942,-0.221,0.237,0.8,0.1,0.1,-1.8,32.4,-12.1,0.364513077,0.462141789,-0.410626545,0.696340831
1931,4832378,161660,0.934,-0.22,0.241,0.9,0.1,0.1,-1.8,32.4,-12.1,0.364482559,0.462141789,-0.410626545,0.696371349
1932,4834647,161660,0.938,-0.22,0.241,1,0.1,0.2,-1.8,32.4,-12.1,0.364482559,0.462141789,-0.410596026,0.696371349
1933,4838109,161660,0.934,-0.224,0.237,1.1,0.2,0.3,-2.1,32.5,-12,0.36445204,0.462141789,-0.410596026,0.696371349
1934,4839685,161670,0.938,-0.22,0.237,1.4,0.3,0.2,-2.1,32.5,-12,0.36445204,0.462141789,-0.410565508,0.696401868
1935,4843029,161670,0.938,-0.224,0.237,1.7,0.4,0.1,-2.1,32.5,-12,0.364421522,0.462141789,-0.410534989,0.696432386
1936,4845180,161670,0.934,-0.22,0.237,1.8,0.5,0,-2.1,32.5,-12,0.364421522,0.462172308,-0.410504471,0.696432386
1937,4847375,161670,0.934,-0.22,0.237,1.8,0.4,0,-2.3,32.4,-12.5,0.364391003,0.462172308,-0.410473952,0.696462905
1938,4849667,161680,0.938,-0.228,0.237,1.7,0.4,0,-2.3,32.4,-12.5,0.364391003,0.462172308,-0.410443434,0.696493423
1939,4853340,161680,0.942,-0.228,0.237,1.8,0.5,-0.1,-2.3,32.4,-12.5,0.364391003,0.462172308,-0.410412915,0.696493423
1940,4855589,161680,0.934,-0.228,0.241,1.8,0.5,0,-2.3,32.4,-12.5,0.364360485,0.462202826,-0.410382397,0.696523942
1941,4857839,161680,0.934,-0.228,0.241,1.8,0.5,0,-2.3,32.4,-12.5,0.364360485,0.462202826,-0.410382397,0.696523942
1942,4860137,161690,0.934,-0.228,0.237,1.9,0.7,0,-2.5,32.7,-12.3,0.364421522,0.462233345,-0.410199286,0.696584979
1943,4862391,161690,0.934,-0.224,0.233,1.8,0.8,0.1,-2.5,32.7,-12.3,0.364421522,0.462233345,-0.410168767,0.696615497
1944,4865694,161690,0.942,-0.228,0.237,1.7,0.8,0.2,-2.5,32.7,-12.3,0.364391003,0.462233345,-0.410138249,0.696646016
1945,4867934,161690,0.938,-0.228,0.241,1.7,0.7,0.3,-2.8,31.9,-12.5,0.364391003,0.462233345,-0.41010773,0.696646016
1946,4870944,161700,0.942,-0.228,0.241,1.7,0.7,0.3,-2.8,31.9,-12.5,0.364360485,0.462233345,-0.410077212,0.696676534
1947,4873151,161700,0.942,-0.228,0.241,1.7,0.5,0.3,-2.8,31.9,-12.5,0.364360485,0.462233345,-0.410046693,0.696707053
1948,4874709,161700,0.938,-0.228,0.237,1.7,0.5,0.2,-2.8,31.9,-12.5,0.364329966,0.462233345,-0.410016175,0.696737571
1949,4877521,161700,0.942,-0.224,0.233,1.7,0.3,0.2,-2.9,32.2,-12.1,0.364299448,0.462233345,-0.409985656,0.69676809
1950,4880637,161710,0.942,-0.228,0.241,1.7,0.3,0.2,-2.9,32.2,-12.1,0.364299448,0.462233345,-0.409955138,0.69676809
1951,4882179,161710,0.942,-0.228,0.237,1.7,0.3,0.2,-2.9,32.2,-12.1,0.364268929,0.462233345,-0.409924619,0.696798608
1952,4884995,161710,0.942,-0.228,0.241,1.7,0.3,0.3,-2.9,32.2,-12.1,0.364268929,0.462263863,-0.409924619,0.696829127
1953,4888038,161710,0.942,-0.228,0.241,1.7,0.3,0.4,-2.8,31.9,-12.2,0.364238411,0.462263863,-0.409894101,0.696829127
1954,4891037,161720,0.938,-0.228,0.237,1.7,0.2,0.4,-2.8,31.9,-12.2,0.364207892,0.462263863,-0.409863582,0.696859645
1955,4892554,161720,0.942,-0.22,0.245,1.7,0.2,0.4,-2.8,31.9,-12.2,0.364177374,0.462263863,-0.409833064,0.696890164
1956,4894749,161720,0.938,-0.228,0.245,1.7,0,0.4,-2.8,31.9,-12.2,0.364177374,0.462294382,-0.409802545,0.696890164
1957,4897133,161720,0.946,-0.224,0.237,1.7,0,0.3,-2.8,31.7,-11.4,0.364146855,0.462294382,-0.409802545,0.696920682
1958,4900819,161730,0.942,-0.224,0.241,1.7,0,0.2,-2.8,31.7,-11.4,0.364116337,0.462294382,-0.409772027,0.696951201
1959,4903117,161730,0.942,-0.224,0.241,1.5,0,0.2,-2.8,31.7,-11.4,0.364116337,0.462294382,-0.409741508,0.696951201
1960,4905427,161730,0.938,-0.224,0.245,1.4,0,0.3,-2.8,31.7,-11.4,0.364085818,0.4623249,-0.409741508,0.696981719
1961,4907727,161730,0.938,-0.224,0.237,1.3,-0.1,0.3,-2.9,31.4,-10.9,0.364177374,0.462355419,-0.409588916,0.696981719
1962,4909938,161740,0.942,-0.22,0.241,1.3,-0.1,0.3,-2.9,31.4,-10.9,0.364146855,0.462355419,-0.409558397,0.697012238
1963,4912377,161740,0.942,-0.224,0.245,1.2,-0.1,0.4,-2.9,31.4,-10.9,0.364116337,0.462385937,-0.409558397,0.697012238
1964,4914637,161740,0.938,-0.217,0.237,1.2,-0.2,0.5,-2.9,31.4,-10.9,0.364085818,0.462385937,-0.409558397,0.697012238
1965,4918311,161740,0.938,-0.22,0.241,1.4,-0.2,0.5,-3,32.7,-14.4,0.364085818,0.462385937,-0.409527879,0.697042756
1966,4920675,161750,0.938,-0.22,0.237,1.5,-0.1,0.4,-3,32.7,-14.4,0.3640553,0.462416456,-0.409527879,0.697042756
1967,4922912,161750,0.938,-0.22,0.237,1.5,-0.1,0.3,-3,32.7,-14.4,0.364024781,0.462416456,-0.40949736,0.697073275
1968,4925252,161750,0.938,-0.22,0.241,1.6,0,0.2,-3,32.7,-14.4,0.363994263,0.462416456,-0.409466842,0.697073275
1969,4927547,161750,0.938,-0.22,0.237,1.6,0,0.2,-2.2,32.6,-12.2,0.363994263,0.462446974,-0.409436323,0.697103793
1970,4929437,161760,0.938,-0.224,0.241,1.6,0,0.2,-2.2,32.6,-12.2,0.363963744,0.462446974,-0.409436323,0.697134312
1971,4933398,161760,0.942,-0.224,0.241,1.7,0,0.2,-2.2,32.6,-12.2,0.363933226,0.462446974,-0.409405805,0.697134312
1972,4935573,161760,0.938,-0.22,0.241,1.8,0,0.3,-2.2,32.6,-12.2,0.363933226,0.462477493,-0.409375286,0.69716483
1973,4937876,161760,0.938,-0.217,0.237,1.9,0,0.4,-2.3,32.7,-11.8,0.363902707,0.462477493,-0.409344768,0.69716483
1974,4940039,161770,0.942,-0.217,0.241,1.9,-0.1,0.2,-2.3,32.7,-11.8,0.363872188,0.462508011,-0.409314249,0.697195349
1975,4943037,161770,0.938,-0.22,0.245,1.8,-0.1,0.2,-2.3,32.7,-11.8,0.36384167,0.462508011,-0.409314249,0.697225867
1976,4946103,161770,0.938,-0.22,0.237,1.8,-0.1,0,-2.3,32.7,-11.8,0.36384167,0.46253853,-0.409283731,0.697225867
1977,4947537,161770,0.938,-0.22,0.237,1.8,-0.1,0,-2.3,32.2,-12.1,0.363811151,0.46253853,-0.409253212,0.697256386
1978,4950520,161780,0.938,-0.217,0.241,1.8,-0.1,0,-2.3,32.2,-12.1,0.363750114,0.462569048,-0.409222694,0.697256386
1979,4951877,161780,0.938,-0.22,0.241,1.7,-0.1,0,-2.3,32.2,-12.1,0.363750114,0.462569048,-0.409192175,0.697286905
1980,4954954,161780,0.938,-0.224,0.237,1.7,-0.2,0,-2.3,32.2,-12.1,0.363750114,0.462599567,-0.409161657,0.697286905
1981,4958014,161780,0.938,-0.224,0.237,1.7,-0.2,0,-2.3,32.2,-12.1,0.363750114,0.462599567,-0.409161657,0.697286905
1982,4959445,161790,0.938,-0.224,0.241,1.5,-0.2,0,-2.6,32.8,-12.6,0.36384167,0.462691122,-0.408978545,0.697286905
1983,4962284,161790,0.938,-0.224,0.237,1.5,-0.2,0,-2.6,32.8,-12.6,0.363811151,0.462691122,-0.408948027,0.697317423
1984,4965442,161790,0.934,-0.22,0.237,1.5,-0.2,0,-2.6,32.8,-12.6,0.363811151,0.462721641,-0.408948027,0.697317423
1985,4968263,161790,0.938,-0.224,0.241,1.6,-0.2,-0.1,-2.6,32.5,-13.7,0.363750114,0.462752159,-0.408917508,0.697317423
1986,4969731,161800,0.938,-0.224,0.237,1.7,-0.4,-0.1,-2.6,32.5,-13.7,0.363750114,0.462752159,-0.40888699,0.697347942
1987,4972903,161800,0.934,-0.224,0.237,1.8,-0.4,-0.1,-2.6,32.5,-13.7,0.363750114,0.462782678,-0.408856471,0.697347942
1988,4975736,161800,0.938,-0.22,0.241,1.7,-0.3,0,-2.6,32.5,-13.7,0.363719596,0.462813196,-0.408856471,0.697347942
1989,4977178,161800,0.942,-0.224,0.241,1.5,-0.1,0,-3.1,32.6,-13.3,0.363719596,0.462813196,-0.408825953,0.69737846
1990,4980222,161810,0.938,-0.224,0.245,1.3,0,0,-3.1,32.6,-13.3,0.363689077,0.462843715,-0.408795434,0.69737846
1991,4983300,161810,0.938,-0.228,0.241,1.1,0,-0.1,-3.1,32.6,-13.3,0.363689077,0.462843715,-0.408795434,0.69737846
1992,4985594,161810,0.934,-0.228,0.241,0.9,-0.1,-0.1,-3.1,32.6,-13.3,0.363658559,0.462843715,-0.408764916,0.697408979
1993,4988166,161810,0.942,-0.228,0.241,0.8,-0.2,0,-2.8,32.7,-13.2,0.363658559,0.462874233,-0.408764916,0.697408979
1994,4990134,161820,0.938,-0.224,0.241,0.6,-0.2,0,-2.8,32.7,-13.2,0.363658559,0.462874233,-0.408734397,0.697408979
1995,4992248,161820,0.942,-0.228,0.241,0.5,-0.2,0,-2.8,32.7,-13.2,0.363658559,0.462874233,-0.408734397,0.697408979
1996,4995292,161820,0.942,-0.224,0.245,0.4,-0.2,0,-2.8,32.7,-13.2,0.36362804,0.462874233,-0.408734397,0.697408979
1997,4998270,161820,0.938,-0.22,0.245,0.5,-0.4,0.1,-2.9,32.8,-13.6,0.36362804,0.462904752,-0.408734397,0.697408979
1998,4999729,161830,0.942,-0.22,0.249,0.6,-0.4,0.2,-2.9,32.8,-13.6,0.363597522,0.462904752,-0.408734397,0.697408979
