sample_index,elapsed_us,device_time_ms,acc_x_g,acc_y_g,acc_z_g,gyro_x_dps,gyro_y_dps,gyro_z_dps,mag_x_ut,mag_y_ut,mag_z_ut,quat_w,quat_x,quat_y,quat_z
0,4624,1321790,0.985,0.04,-0.034,-0.1,0,0,-34.6,6.3,26.7,0.164647359,0.704275643,-0.141026032,0.675984985
1,6862,1321790,0.985,0.044,-0.034,0,0.1,0,-34.6,6.3,26.7,0.164647359,0.704275643,-0.141026032,0.675984985
2,9038,1321790,0.988,0.04,-0.026,0,0.1,0.1,-34.6,6.3,26.7,0.164647359,0.704275643,-0.141026032,0.675984985
3,10669,1321790,0.988,0.04,-0.03,0,0.1,0,-34.9,6.1,26.2,0.164647359,0.704275643,-0.141026032,0.675984985
4,13172,1321800,0.988,0.044,-0.03,0,0.1,0,-34.9,6.1,26.2,0.164647359,0.704275643,-0.141026032,0.675984985
5,15359,1321800,0.985,0.036,-0.026,0,0,0,-34.9,6.1,26.2,0.164647359,0.704275643,-0.141026032,0.675984985
6,18805,1321800,0.988,0.036,-0.034,0,-0.1,0,-34.9,6.1,26.2,0.164647359,0.704275643,-0.141026032,0.675984985
7,20459,1321800,0.985,0.04,-0.03,0,-0.3,0,-34.7,5.9,26.4,0.164647359,0.704275643,-0.141026032,0.675984985
8,23981,1321810,0.985,0.04,-0.034,0,-0.1,0,-34.7,5.9,26.4,0.164647359,0.704275643,-0.141026032,0.675984985
9,25485,1321810,0.985,0.044,-0.034,0,0,0,-34.7,5.9,26.4,0.164647359,0.704275643,-0.141026032,0.675954466
10,27960,1321810,0.985,0.04,-0.038,0,0.1,0,-34.7,5.9,26.4,0.164647359,0.704275643,-0.141026032,0.675984985
11,30448,1321810,0.985,0.04,-0.03,0,0.1,0,-34.7,6,26.3,0.164647359,0.704275643,-0.141026032,0.675984985
12,33718,1321820,0.988,0.036,-0.03,0,0.1,0,-34.7,6,26.3,0.164647359,0.704275643,-0.141026032,0.675984985
13,35416,1321820,0.985,0.04,-0.034,0,0.1,0,-34.7,6,26.3,0.164647359,0.704275643,-0.141026032,0.675984985
14,38239,1321820,0.985,0.036,-0.026,0,0,0.2,-34.7,6,26.3,0.164647359,0.704275643,-0.141026032,0.675984985
15,41270,1321820,0.988,0.04,-0.026,0,0,0.2,-34.8,6.2,26.8,0.16461684,0.704275643,-0.141026032,0.675984985
16,43017,1321830,0.985,0.04,-0.03,0,0,0.2,-34.8,6.2,26.8,0.16461684,0.704275643,-0.141026032,0.675984985
17,46495,1321830,0.988,0.04,-0.03,0.1,0,0.1,-34.8,6.2,26.8,0.16461684,0.704275643,-0.141026032,0.675984985
18,48036,1321830,0.988,0.04,-0.034,0.1,0.1,0,-34.8,6.2,26.8,0.16461684,0.704275643,-0.141026032,0.675984985
19,51848,1321830,0.988,0.036,-0.03,0.1,0.1,0,-34.5,6.2,26.6,0.16461684,0.704275643,-0.141026032,0.675984985
20,54096,1321840,0.988,0.036,-0.026,0,0.2,0,-34.5,6.2,26.6,0.16461684,0.704245125,-0.141026032,0.676015503
21,55569,1321840,0.985,0.036,-0.03,0,0.1,0,-34.5,6.2,26.6,0.16461684,0.704245125,-0.141026032,0.676015503
22,58681,1321840,0.988,0.036,-0.03,0,0.1,0,-34.5,6.2,26.6,0.16461684,0.704245125,-0.141026032,0.676015503
23,61590,1321840,0.985,0.044,-0.03,0,0,0,-34.6,6,26.2,0.16461684,0.704245125,-0.141026032,0.676015503
24,63051,1321850,0.988,0.044,-0.034,0.1,0.1,0,-34.6,6,26.2,0.16461684,0.704245125,-0.141026032,0.676015503
25,66201,1321850,0.985,0.036,-0.034,0.1,0.1,0,-34.6,6,26.2,0.16461684,0.704245125,-0.141026032,0.676015503
26,67950,1321850,0.981,0.036,-0.026,0.1,0.1,0,-34.6,6,26.2,0.16461684,0.704245125,-0.141026032,0.676015503
27,71429,1321850,0.981,0.04,-0.034,0,0.1,0,-34.6,5.8,27.5,0.16461684,0.704245125,-0.141026032,0.676015503
28,73708,1321860,0.988,0.044,-0.026,0,0.1,0,-34.6,5.8,27.5,0.16461684,0.704245125,-0.141026032,0.676015503
29,75983,1321860,0.985,0.044,-0.03,0,0.1,0,-34.6,5.8,27.5,0.16461684,0.704245125,-0.141026032,0.676015503
30,78154,1321860,0.981,0.04,-0.026,0,0,0,-34.6,5.8,27.5,0.16461684,0.704245125,-0.141026032,0.676015503
31,80983,1321860,0.985,0.044,-0.034,0,0,0,-34.5,5.4,26.1,0.16461684,0.704245125,-0.141026032,0.676015503
32,83332,1321870,0.988,0.04,-0.03,0,-0.1,0,-34.5,5.4,26.1,0.16461684,0.704245125,-0.141026032,0.676015503
33,86357,1321870,0.985,0.04,-0.026,-0.1,-0.1,0,-34.5,5.4,26.1,0.16461684,0.704245125,-0.141026032,0.676015503
34,88556,1321870,0.988,0.04,-0.03,-0.1,-0.1,-0.1,-34.5,5.4,26.1,0.16461684,0.704245125,-0.141026032,0.676015503
35,91559,1321870,0.985,0.04,-0.026,0,0,-0.1,-34.3,5.8,26.3,0.16461684,0.704245125,-0.141026032,0.676015503
36,93025,1321880,0.981,0.04,-0.03,0,0.1,0,-34.3,5.8,26.3,0.16461684,0.704245125,-0.141026032,0.676015503
37,95890,1321880,0.985,0.036,-0.026,0,0.1,0,-34.3,5.8,26.3,0.16461684,0.704245125,-0.141026032,0.676015503
38,98975,1321880,0.981,0.032,-0.038,0,0.1,0,-34.3,5.8,26.3,0.16461684,0.704245125,-0.141026032,0.676015503
39,101268,1321880,0.985,0.04,-0.03,0,0.1,0,-34.5,4.1,26.1,0.16461684,0.704214606,-0.141056551,0.676046022
40,103606,1321890,0.985,0.04,-0.03,0,0,0.1,-34.5,4.1,26.1,0.16461684,0.704214606,-0.141056551,0.676046022
41,105750,1321890,0.985,0.044,-0.03,0,0,0.1,-34.5,4.1,26.1,0.164586322,0.704214606,-0.141056551,0.676046022
42,107986,1321890,0.985,0.044,-0.03,0,-0.1,0.1,-34.5,4.1,26.1,0.164586322,0.704214606,-0.141056551,0.676046022
43,110599,1321890,0.985,0.036,-0.03,0,-0.2,0.1,-34.5,3.7,25.9,0.164586322,0.704214606,-0.141056551,0.676046022
44,113999,1321900,0.985,0.036,-0.03,0,-0.1,0,-34.5,3.7,25.9,0.164586322,0.704245125,-0.141056551,0.676015503
45,116210,1321900,0.988,0.044,-0.038,0,0,0,-34.5,3.7,25.9,0.164586322,0.704245125,-0.141056551,0.676015503
46,118481,1321900,0.985,0.036,-0.034,0,0,0,-34.5,3.7,25.9,0.164586322,0.704245125,-0.141056551,0.676015503
47,120717,1321900,0.988,0.04,-0.03,-0.1,0.1,0,-34.7,7.7,27.5,0.164586322,0.704214606,-0.141056551,0.676015503
48,123006,1321910,0.988,0.04,-0.026,0,0.1,0,-34.7,7.7,27.5,0.164586322,0.704214606,-0.141056551,0.676046022
49,125656,1321910,0.985,0.048,-0.034,0.1,0.1,0,-34.7,7.7,27.5,0.164586322,0.704214606,-0.141056551,0.676046022
50,128965,1321910,0.988,0.036,-0.03,0.1,0.1,0,-34.7,7.7,27.5,0.164586322,0.704214606,-0.141056551,0.676046022
51,130481,1321910,0.988,0.04,-0.03,0.1,0.1,0,-34.8,5.4,25.7,0.164586322,0.704214606,-0.141056551,0.676046022
52,133116,1321920,0.988,0.036,-0.034,0,0.1,0,-34.8,5.4,25.7,0.164586322,0.704214606,-0.141056551,0.676046022
53,136505,1321920,0.985,0.032,-0.03,0,0.3,0.1,-34.8,5.4,25.7,0.164586322,0.704214606,-0.141056551,0.676046022
54,138048,1321920,0.985,0.04,-0.034,0,0.3,0.1,-34.8,5.4,25.7,0.164586322,0.704214606,-0.141056551,0.676046022
55,141026,1321920,0.981,0.04,-0.03,0,0.2,0,-34.6,5.3,25.7,0.164586322,0.704214606,-0.141056551,0.676046022
56,143255,1321930,0.985,0.04,-0.018,0,0.1,0,-34.6,5.3,25.7,0.164586322,0.704214606,-0.141056551,0.676046022
57,145561,1321930,0.985,0.04,-0.03,0,0,0,-34.6,5.3,25.7,0.164586322,0.704214606,-0.141056551,0.67607654
58,148441,1321930,0.981,0.04,-0.026,0,0,0,-34.6,5.3,25.7,0.164586322,0.704214606,-0.141056551,0.67607654
59,151396,1321930,0.985,0.04,-0.026,0,0,0,-34.8,6.3,26,0.16461684,0.704153569,-0.141056551,0.676107059
60,152934,1321940,0.985,0.04,-0.03,0,0,0,-34.8,6.3,26,0.16461684,0.704153569,-0.141056551,0.676107059
61,155709,1321940,0.985,0.036,-0.034,0,0,-0.1,-34.8,6.3,26,0.16461684,0.704153569,-0.141056551,0.676107059
62,158669,1321940,0.988,0.04,-0.03,0,0.1,0,-34.8,6.3,26,0.16461684,0.704153569,-0.141056551,0.676107059
63,160415,1321940,0.981,0.036,-0.026,0,0.1,0,-34.7,7.1,25.8,0.16461684,0.704153569,-0.141056551,0.676107059
64,164019,1321950,0.988,0.04,-0.034,0,0.1,0,-34.7,7.1,25.8,0.16461684,0.704153569,-0.141056551,0.676107059
65,166306,1321950,0.985,0.04,-0.034,0,0,0,-34.7,7.1,25.8,0.16461684,0.704153569,-0.141056551,0.676107059
66,167837,1321950,0.985,0.04,-0.034,0.1,-0.1,0,-34.7,7.1,25.8,0.16461684,0.704153569,-0.141056551,0.676107059
67,170582,1321950,0.985,0.036,-0.03,0.1,-0.1,0,-34.7,6.1,26.8,0.16461684,0.704153569,-0.141056551,0.676107059
68,173780,1321960,0.988,0.04,-0.038,0,-0.2,0,-34.7,6.1,26.8,0.16461684,0.704153569,-0.141056551,0.676107059
69,175351,1321960,0.988,0.044,-0.03,0,-0.1,0,-34.7,6.1,26.8,0.16461684,0.704153569,-0.141056551,0.676107059
70,179086,1321960,0.985,0.04,-0.034,0,-0.1,0,-34.7,6.1,26.8,0.16461684,0.704153569,-0.141056551,0.676107059
71,180623,1321960,0.981,0.044,-0.03,0,-0.2,0,-34.9,6.6,26.9,0.16461684,0.704184088,-0.141056551,0.67607654
72,182933,1321970,0.985,0.036,-0.03,0,-0.2,0,-34.9,6.6,26.9,0.16461684,0.704184088,-0.141056551,0.67607654
73,186486,1321970,0.985,0.036,-0.03,0,-0.2,0,-34.9,6.6,26.9,0.16461684,0.704184088,-0.141056551,0.67607654
74,188016,1321970,0.988,0.04,-0.026,0,0,0,-34.9,6.6,26.9,0.16461684,0.704184088,-0.141056551,0.67607654
75,191027,1321970,0.985,0.04,-0.034,0,0,0,-34.7,6,26.8,0.16461684,0.704184088,-0.141056551,0.67607654
76,194086,1321980,0.988,0.036,-0.026,0,0,0,-34.7,6,26.8,0.16461684,0.704184088,-0.141056551,0.67607654
77,196330,1321980,0.985,0.04,-0.03,0,0.1,-0.1,-34.7,6,26.8,0.16461684,0.704184088,-0.141056551,0.67607654
78,198519,1321980,0.981,0.04,-0.034,0,0.1,0,-34.7,6,26.8,0.16461684,0.704184088,-0.141056551,0.67607654
79,200428,1321980,0.985,0.04,-0.038,0,0.2,0,-34.8,6.1,26.9,0.16461684,0.704184088,-0.141056551,0.67607654
80,204546,1321990,0.985,0.044,-0.034,0,0.2,0,-34.8,6.1,26.9,0.16461684,0.704184088,-0.141056551,0.676107059
81,206080,1321990,0.985,0.04,-0.034,0,0.1,0,-34.8,6.1,26.9,0.16461684,0.704153569,-0.141056551,0.676107059
82,208289,1321990,0.985,0.04,-0.026,0.1,0.1,0,-34.8,6.1,26.9,0.16461684,0.704153569,-0.141056551,0.676107059
83,211370,1321990,0.988,0.036,-0.034,0.1,0,-0.1,-34.6,6.4,26.8,0.16461684,0.704153569,-0.141056551,0.676107059
84,213587,1322000,0.988,0.04,-0.026,0,0,-0.1,-34.6,6.4,26.8,0.16461684,0.704153569,-0.141056551,0.676107059
85,215826,1322000,0.985,0.04,-0.03,0,0,-0.1,-34.6,6.4,26.8,0.16461684,0.704153569,-0.141056551,0.676107059
86,218131,1322000,0.985,0.04,-0.034,0,0,0,-34.6,6.4,26.8,0.16461684,0.704153569,-0.141056551,0.676107059
87,220266,1322000,0.985,0.044,-0.034,0,0,0,-34.6,4.9,26.7,0.16461684,0.704153569,-0.141056551,0.676107059
88,223192,1322010,0.981,0.04,-0.038,-0.1,0,0,-34.6,4.9,26.7,0.16461684,0.704153569,-0.141056551,0.676107059
89,225408,1322010,0.981,0.036,-0.038,-0.1,0,0,-34.6,4.9,26.7,0.16461684,0.704153569,-0.141056551,0.676107059
90,227820,1322010,0.985,0.044,-0.038,0,0,0,-34.6,4.9,26.7,0.16461684,0.704153569,-0.141056551,0.676107059
91,230485,1322010,0.985,0.036,-0.03,0,0,0,-35.7,6.9,26.8,0.16461684,0.704153569,-0.141056551,0.676107059
92,234287,1322020,0.988,0.04,-0.022,0,0,0,-35.7,6.9,26.8,0.16461684,0.704153569,-0.141056551,0.676107059
93,235829,1322020,0.992,0.044,-0.034,0,0,0,-35.7,6.9,26.8,0.16461684,0.704153569,-0.141056551,0.676107059
94,237817,1322020,0.988,0.04,-0.03,0,0,0,-35.7,6.9,26.8,0.16461684,0.704153569,-0.141056551,0.676107059
95,240975,1322020,0.988,0.04,-0.03,0,0,0,-34.8,6.7,26.8,0.16461684,0.704184088,-0.141056551,0.676107059
96,243004,1322030,0.985,0.036,-0.026,0,0,0,-34.8,6.7,26.8,0.16461684,0.704184088,-0.141056551,0.676107059
97,246319,1322030,0.988,0.04,-0.026,0,0,0,-34.8,6.7,26.8,0.16461684,0.704153569,-0.141056551,0.676107059
98,247931,1322030,0.981,0.044,-0.026,0,0.1,0.2,-34.8,6.7,26.8,0.16461684,0.704153569,-0.141056551,0.676107059
99,250762,1322030,0.981,0.036,-0.03,0,0.2,0,-36.5,7,26.8,0.16461684,0.704092532,-0.141056551,0.676137577
100,253096,1322040,0.981,0.036,-0.03,0,0.2,0,-36.5,7,26.8,0.16461684,0.704092532,-0.141056551,0.676137577
101,255349,1322040,0.988,0.036,-0.026,0,0.1,0,-36.5,7,26.8,0.16461684,0.704092532,-0.141026032,0.676137577
102,257806,1322040,0.988,0.04,-0.03,0,0.1,0,-36.5,7,26.8,0.16461684,0.704092532,-0.141026032,0.676137577
103,261125,1322040,0.985,0.04,-0.03,0,0,0,-37.5,6.7,26.6,0.16461684,0.704092532,-0.141026032,0.676137577
104,262817,1322050,0.985,0.04,-0.03,0,0,0,-37.5,6.7,26.6,0.16461684,0.704092532,-0.141026032,0.676137577
105,265857,1322050,0.981,0.036,-0.034,0,0,0,-37.5,6.7,26.6,0.16461684,0.704092532,-0.141026032,0.676137577
106,268827,1322050,0.985,0.04,-0.034,0,-0.1,0,-37.5,6.7,26.6,0.16461684,0.704092532,-0.141026032,0.676137577
107,270449,1322050,0.985,0.036,-0.026,0,-0.1,0,-33.5,5,26.8,0.16461684,0.704092532,-0.141026032,0.676137577
108,273043,1322060,0.988,0.044,-0.03,0,0,0,-33.5,5,26.8,0.16461684,0.704092532,-0.141026032,0.676137577
109,275411,1322060,0.985,0.048,-0.03,0,0.1,0,-33.5,5,26.8,0.16461684,0.704092532,-0.141026032,0.676137577
110,278754,1322060,0.985,0.04,-0.03,-0.1,0.2,0,-33.5,5,26.8,0.16461684,0.704092532,-0.141026032,0.676137577
111,280425,1322060,0.988,0.04,-0.03,0,0.2,0,-36.4,7,27,0.16461684,0.704092532,-0.141026032,0.676137577
112,282820,1322070,0.985,0.036,-0.03,0,0.3,0,-36.4,7,27,0.164647359,0.704092532,-0.141026032,0.676168096
113,286360,1322070,0.985,0.04,-0.03,0,0.2,0,-36.4,7,27,0.164647359,0.704092532,-0.141026032,0.676168096
114,288630,1322070,0.985,0.032,-0.03,0,0.2,0,-36.4,7,27,0.164647359,0.704092532,-0.141026032,0.676168096
115,290843,1322070,0.985,0.036,-0.034,0,0.1,0,-36.3,6.7,26.9,0.164647359,0.704092532,-0.141026032,0.676168096
116,293053,1322080,0.985,0.036,-0.034,0,0,0,-36.3,6.7,26.9,0.164647359,0.704092532,-0.141026032,0.676168096
117,295894,1322080,0.985,0.036,-0.03,0,0,0,-36.3,6.7,26.9,0.164647359,0.704092532,-0.141026032,0.676168096
118,298853,1322080,0.988,0.04,-0.026,0,-0.1,0,-36.3,6.7,26.9,0.164647359,0.704092532,-0.141026032,0.676168096
119,300442,1322080,0.988,0.04,-0.034,0,-0.2,0,-35.1,6.9,27,0.16461684,0.704092532,-0.141087069,0.676168096
120,303907,1322090,0.985,0.044,-0.03,0,-0.2,0,-35.1,6.9,27,0.16461684,0.704092532,-0.141087069,0.676168096
121,305580,1322090,0.988,0.04,-0.03,0,-0.1,0,-35.1,6.9,27,0.16461684,0.704092532,-0.141087069,0.676137577
122,308550,1322090,0.988,0.04,-0.034,0,-0.1,0,-35.1,6.9,27,0.16461684,0.704092532,-0.141087069,0.676137577
123,310410,1322090,0.985,0.04,-0.034,0,0,0,-34.5,7,27.1,0.16461684,0.704092532,-0.141087069,0.676137577
124,314295,1322100,0.985,0.036,-0.03,0,0,0,-34.5,7,27.1,0.164586322,0.704092532,-0.141087069,0.676137577
125,315887,1322100,0.985,0.04,-0.03,0,0,0.1,-34.5,7,27.1,0.164586322,0.704092532,-0.141087069,0.676137577
126,317803,1322100,0.981,0.04,-0.03,0,0.1,0,-34.5,7,27.1,0.164586322,0.704092532,-0.141087069,0.676137577
127,321173,1322100,0.985,0.04,-0.034,0,0.2,0,-34.7,5.7,26.7,0.164586322,0.704092532,-0.141087069,0.676168096
128,322989,1322110,0.988,0.044,-0.034,0,0.2,0,-34.7,5.7,26.7,0.164586322,0.704092532,-0.141087069,0.676168096
129,326381,1322110,0.985,0.04,-0.034,0,0.1,0,-34.7,5.7,26.7,0.164586322,0.704092532,-0.141087069,0.676168096
130,328663,1322110,0.988,0.044,-0.03,0,0,0,-34.7,5.7,26.7,0.164586322,0.704092532,-0.141087069,0.676168096
131,331622,1322110,0.985,0.04,-0.034,0,-0.1,0,-34.7,5.8,26.6,0.164586322,0.704092532,-0.141087069,0.676168096
132,333157,1322120,0.988,0.04,-0.03,0,-0.1,0.1,-34.7,5.8,26.6,0.164586322,0.704092532,-0.141087069,0.676168096
133,336035,1322120,0.988,0.04,-0.034,0,0,0,-34.7,5.8,26.6,0.164586322,0.704092532,-0.141087069,0.676168096
134,338383,1322120,0.988,0.044,-0.03,0,0,0,-34.7,5.8,26.6,0.164586322,0.704092532,-0.141087069,0.676168096
135,341369,1322120,0.985,0.04,-0.03,-0.1,0,0,-35,5.5,26.5,0.164586322,0.704092532,-0.141087069,0.676168096
136,343512,1322130,0.985,0.044,-0.026,-0.1,0,0,-35,5.5,26.5,0.164586322,0.704092532,-0.141087069,0.676168096
137,345463,1322130,0.992,0.04,-0.03,0,0,0,-35,5.5,26.5,0.164586322,0.704092532,-0.141087069,0.676168096
138,348679,1322130,0.988,0.04,-0.03,0,0,0,-35,5.5,26.5,0.164586322,0.704092532,-0.141087069,0.676168096
139,350302,1322130,0.988,0.04,-0.034,0,0,0,-34.5,5.9,26.6,0.16461684,0.704092532,-0.141087069,0.676168096
140,353203,1322140,0.985,0.04,-0.034,0,0,0,-34.5,5.9,26.6,0.16461684,0.704092532,-0.141087069,0.676168096
141,356457,1322140,0.985,0.044,-0.038,0,0,0,-34.5,5.9,26.6,0.16461684,0.704092532,-0.141087069,0.676168096
142,358575,1322140,0.985,0.036,-0.03,-0.1,0,0,-34.5,5.9,26.6,0.16461684,0.704092532,-0.141087069,0.676168096
143,360837,1322140,0.985,0.04,-0.03,-0.1,0.1,-0.1,-34.7,5.6,26.7,0.16461684,0.704092532,-0.141087069,0.676168096
144,363092,1322150,0.988,0.04,-0.03,0,0.1,-0.1,-34.7,5.6,26.7,0.16461684,0.704092532,-0.141087069,0.676168096
145,365576,1322150,0.985,0.044,-0.022,0,0,-0.1,-34.7,5.6,26.7,0.16461684,0.704092532,-0.141087069,0.676168096
146,368020,1322150,0.985,0.036,-0.034,0,-0.1,0,-34.7,5.6,26.7,0.16461684,0.704092532,-0.141087069,0.676168096
147,371359,1322150,0.988,0.04,-0.034,0,-0.1,0,-35.9,5.8,26.6,0.16461684,0.704092532,-0.141056551,0.676168096
148,373581,1322160,0.985,0.04,-0.03,0,0,0,-35.9,5.8,26.6,0.16461684,0.704092532,-0.141056551,0.676168096
149,375725,1322160,0.981,0.036,-0.03,0,0,0,-35.9,5.8,26.6,0.16461684,0.704092532,-0.141087069,0.676168096
150,378072,1322160,0.985,0.044,-0.03,0,0,0,-35.9,5.8,26.6,0.16461684,0.704092532,-0.141056551,0.676168096
151,380671,1322160,0.985,0.04,-0.034,0.1,0,0,-33.5,5.8,27,0.16461684,0.704092532,-0.141056551,0.676168096
152,383956,1322170,0.985,0.04,-0.034,0.1,0,-0.1,-33.5,5.8,27,0.16461684,0.704092532,-0.141056551,0.676168096
153,386276,1322170,0.988,0.044,-0.034,0.1,0,0,-33.5,5.8,27,0.16461684,0.704092532,-0.141056551,0.676168096
154,389130,1322170,0.985,0.044,-0.034,0,0,0,-33.5,5.8,27,0.16461684,0.704092532,-0.141056551,0.676168096
155,391388,1322170,0.985,0.04,-0.03,0,0,0,-33.7,5.7,27.1,0.16461684,0.704092532,-0.141056551,0.676168096
156,393604,1322180,0.988,0.044,-0.03,0,-0.1,0,-33.7,5.7,27.1,0.16461684,0.704092532,-0.141056551,0.676168096
157,395830,1322180,0.988,0.036,-0.03,0,-0.1,0,-33.7,5.7,27.1,0.16461684,0.704092532,-0.141056551,0.676168096
158,398053,1322180,0.985,0.04,-0.034,0,-0.1,0.1,-33.7,5.7,27.1,0.16461684,0.704092532,-0.141087069,0.676168096
159,400460,1322180,0.985,0.032,-0.026,0,0,0,-33.3,5.9,27,0.16461684,0.704092532,-0.141056551,0.676137577
160,403074,1322190,0.985,0.032,-0.026,0,0,0,-33.3,5.9,27,0.16461684,0.704092532,-0.141056551,0.676137577
161,406598,1322190,0.988,0.044,-0.03,0,0,0,-33.3,5.9,27,0.16461684,0.704092532,-0.141056551,0.676137577
162,408863,1322190,0.985,0.04,-0.026,0,0,0,-33.3,5.9,27,0.16461684,0.704092532,-0.141056551,0.676137577
163,410936,1322190,0.985,0.04,-0.034,0,0,0,-33.8,6,27.5,0.16461684,0.704092532,-0.141087069,0.676137577
164,413309,1322200,0.988,0.04,-0.03,0,-0.1,0,-33.8,6,27.5,0.16461684,0.704092532,-0.141087069,0.676137577
165,415431,1322200,0.988,0.04,-0.03,0,0,0,-33.8,6,27.5,0.16461684,0.704092532,-0.141087069,0.676137577
166,417865,1322200,0.988,0.036,-0.034,0,0,0,-33.8,6,27.5,0.16461684,0.704092532,-0.141087069,0.676137577
167,422136,1322200,0.988,0.036,-0.03,0,0,0,-35.6,6.1,26.8,0.16461684,0.704092532,-0.141087069,0.676137577
168,423148,1322210,0.985,0.036,-0.026,0,0,0,-35.6,6.1,26.8,0.16461684,0.704092532,-0.141087069,0.676137577
169,425492,1322210,0.985,0.044,-0.034,0,0,0.1,-35.6,6.1,26.8,0.16461684,0.704092532,-0.141087069,0.676137577
170,429707,1322210,0.988,0.04,-0.034,0,0,0.1,-35.6,6.1,26.8,0.16461684,0.704092532,-0.141087069,0.676137577
171,430543,1322210,0.985,0.04,-0.03,0,0.1,0.1,-33.6,6.1,26.7,0.16461684,0.704092532,-0.141087069,0.676137577
172,433130,1322220,0.985,0.044,-0.03,0,0.2,0,-33.6,6.1,26.7,0.16461684,0.704092532,-0.141087069,0.676137577
173,435630,1322220,0.985,0.04,-0.03,0,0.1,0,-33.6,6.1,26.7,0.16461684,0.704092532,-0.141087069,0.676137577
174,438074,1322220,0.985,0.04,-0.026,0,0,0,-33.6,6.1,26.7,0.16461684,0.704092532,-0.141087069,0.676137577
175,441947,1322220,0.985,0.04,-0.034,0,-0.2,0,-33.8,6,27,0.16461684,0.704092532,-0.141087069,0.676137577
176,444284,1322230,0.985,0.04,-0.034,0,-0.3,0,-33.8,6,27,0.16461684,0.704092532,-0.141087069,0.676137577
177,446433,1322230,0.985,0.044,-0.03,0,-0.2,0,-33.8,6,27,0.16461684,0.704092532,-0.141087069,0.676137577
178,448745,1322230,0.988,0.044,-0.03,0,0,0,-33.8,6,27,0.16461684,0.704092532,-0.141087069,0.676137577
179,450671,1322230,0.985,0.04,-0.03,0,0,0.1,-33.3,6.2,26.8,0.16461684,0.704092532,-0.141056551,0.676107059
180,452855,1322240,0.981,0.04,-0.034,0,0,0.1,-33.3,6.2,26.8,0.16461684,0.704092532,-0.141087069,0.676107059
181,456409,1322240,0.981,0.036,-0.03,0,0,0.2,-33.3,6.2,26.8,0.16461684,0.704092532,-0.141087069,0.676107059
182,458007,1322240,0.988,0.04,-0.034,0,0.1,0.1,-33.3,6.2,26.8,0.16461684,0.704092532,-0.141087069,0.676137577
183,460344,1322240,0.985,0.044,-0.03,0,0.2,0.1,-33.6,6.3,27,0.16461684,0.704092532,-0.141087069,0.676137577
184,462963,1322250,0.988,0.04,-0.034,0,0.2,0,-33.6,6.3,27,0.16461684,0.704092532,-0.141087069,0.676137577
185,467037,1322250,0.985,0.04,-0.034,0,0.1,0,-33.6,6.3,27,0.16461684,0.704092532,-0.141087069,0.676137577
186,469340,1322250,0.985,0.036,-0.03,0,0.1,0,-33.6,6.3,27,0.16461684,0.704092532,-0.141087069,0.676137577
187,471525,1322250,0.985,0.036,-0.034,0,0,0,-34.7,5.9,26.8,0.16461684,0.704092532,-0.141087069,0.676137577
188,472969,1322260,0.985,0.036,-0.03,0,0,-0.1,-34.7,5.9,26.8,0.16461684,0.704092532,-0.141087069,0.676137577
189,476116,1322260,0.981,0.04,-0.03,0,0,0,-34.7,5.9,26.8,0.16461684,0.704092532,-0.141087069,0.676137577
190,479201,1322260,0.988,0.036,-0.03,0,0.1,0,-34.7,5.9,26.8,0.16461684,0.704092532,-0.141087069,0.676137577
191,480593,1322260,0.981,0.044,-0.034,0,0,0,-34.2,6.3,27,0.16461684,0.704092532,-0.141087069,0.676137577
192,484351,1322270,0.985,0.036,-0.034,0,0,0,-34.2,6.3,27,0.16461684,0.704092532,-0.141087069,0.676137577
193,486665,1322270,0.988,0.04,-0.038,0,-0.1,0,-34.2,6.3,27,0.16461684,0.704092532,-0.141087069,0.676137577
194,488127,1322270,0.988,0.036,-0.03,0,-0.1,0,-34.2,6.3,27,0.16461684,0.704092532,-0.141087069,0.676137577
195,491206,1322270,0.981,0.036,-0.038,0,-0.2,0,-34.3,6,27.1,0.16461684,0.704092532,-0.141087069,0.676137577
196,492972,1322280,0.985,0.04,-0.034,0,-0.3,0,-34.3,6,27.1,0.16461684,0.704092532,-0.141087069,0.676137577
197,496378,1322280,0.985,0.04,-0.034,0,-0.1,0,-34.3,6,27.1,0.16461684,0.704092532,-0.141087069,0.676137577
198,497952,1322280,0.985,0.044,-0.03,0,0,0,-34.3,6,27.1,0.16461684,0.704092532,-0.141087069,0.676137577
199,500338,1322280,0.985,0.036,-0.03,0,0,0,-34.7,6,27.7,0.16461684,0.704184088,-0.141087069,0.67607654
200,503146,1322290,0.988,0.04,-0.034,0,0,0,-34.7,6,27.7,0.16461684,0.704184088,-0.141087069,0.67607654
201,506276,1322290,0.988,0.04,-0.034,0,0,0.2,-34.7,6,27.7,0.16461684,0.704184088,-0.141087069,0.67607654
202,507816,1322290,0.985,0.036,-0.03,0,-0.1,0.2,-34.7,6,27.7,0.164586322,0.704184088,-0.141087069,0.67607654
203,510514,1322290,0.988,0.036,-0.03,0,-0.1,0.2,-34.6,6.1,28.1,0.164586322,0.704184088,-0.141117588,0.67607654
204,513770,1322300,0.992,0.036,-0.034,0,-0.2,0.1,-34.6,6.1,28.1,0.164586322,0.704184088,-0.141117588,0.67607654
205,515490,1322300,0.985,0.04,-0.034,0,-0.3,0,-34.6,6.1,28.1,0.164586322,0.704184088,-0.141117588,0.67607654
206,518861,1322300,0.985,0.044,-0.034,0,-0.3,0,-34.6,6.1,28.1,0.164586322,0.704184088,-0.141117588,0.67607654
207,520465,1322300,0.985,0.044,-0.03,0,-0.1,-0.1,-34.8,6.2,25.3,0.164586322,0.704184088,-0.141117588,0.67607654
208,523003,1322310,0.988,0.036,-0.03,0,-0.1,-0.1,-34.8,6.2,25.3,0.164586322,0.704184088,-0.141117588,0.67607654
209,526415,1322310,0.988,0.04,-0.03,0,-0.1,0,-34.8,6.2,25.3,0.164586322,0.704184088,-0.141087069,0.676046022
210,527946,1322310,0.988,0.04,-0.026,0,-0.1,0,-34.8,6.2,25.3,0.164586322,0.704184088,-0.141087069,0.676046022
211,530598,1322310,0.985,0.036,-0.026,0,0,0,-34.8,5.9,27.5,0.164586322,0.704184088,-0.141087069,0.676046022
212,533905,1322320,0.985,0.04,-0.034,0,-0.1,0,-34.8,5.9,27.5,0.164586322,0.704214606,-0.141117588,0.676046022
213,535382,1322320,0.985,0.04,-0.034,0,-0.2,0,-34.8,5.9,27.5,0.164586322,0.704214606,-0.141117588,0.676046022
214,539201,1322320,0.985,0.036,-0.03,0,-0.1,0,-34.8,5.9,27.5,0.164586322,0.704214606,-0.141117588,0.676046022
215,540656,1322320,0.988,0.032,-0.038,0,0,-0.1,-34.7,5.6,27.5,0.164586322,0.704214606,-0.141087069,0.676046022
216,543135,1322330,0.988,0.04,-0.026,0,0.1,0,-34.7,5.6,27.5,0.164586322,0.704214606,-0.141087069,0.676046022
217,546405,1322330,0.985,0.04,-0.034,0,0,0,-34.7,5.6,27.5,0.164586322,0.704214606,-0.141087069,0.676046022
218,548660,1322330,0.985,0.04,-0.026,0,0,0.1,-34.7,5.6,27.5,0.164586322,0.704214606,-0.141087069,0.676046022
219,550780,1322330,0.981,0.036,-0.03,-0.1,0,0.1,-35,5.8,27.9,0.164586322,0.704214606,-0.141117588,0.676046022
220,553072,1322340,0.981,0.036,-0.03,-0.1,0,0.1,-35,5.8,27.9,0.164586322,0.704184088,-0.141117588,0.676046022
221,555407,1322340,0.985,0.04,-0.034,0,0,0.1,-35,5.8,27.9,0.164586322,0.704184088,-0.141117588,0.676046022
222,558057,1322340,0.981,0.036,-0.034,0,0,0,-35,5.8,27.9,0.164586322,0.704184088,-0.141117588,0.676046022
223,560361,1322340,0.981,0.04,-0.038,0,0.1,0,-35,5.5,27.4,0.164555803,0.704184088,-0.141117588,0.676046022
224,563762,1322350,0.985,0.036,-0.034,0.1,0,0,-35,5.5,27.4,0.164555803,0.704184088,-0.141117588,0.67607654
225,565891,1322350,0.988,0.044,-0.03,0.1,-0.1,0,-35,5.5,27.4,0.164555803,0.704184088,-0.141117588,0.676046022
226,569046,1322350,0.988,0.036,-0.03,0.1,-0.1,0,-35,5.5,27.4,0.164555803,0.704184088,-0.141117588,0.676046022
227,570481,1322350,0.985,0.04,-0.03,0,-0.2,0,-34.9,5.9,25.6,0.164555803,0.704214606,-0.141117588,0.676046022
228,573551,1322360,0.985,0.04,-0.026,0,-0.1,0,-34.9,5.9,25.6,0.164555803,0.704214606,-0.141117588,0.676046022
229,575369,1322360,0.985,0.04,-0.038,0,-0.1,0,-34.9,5.9,25.6,0.164555803,0.704214606,-0.141117588,0.676046022
230,578878,1322360,0.981,0.04,-0.026,0,0,0,-34.9,5.9,25.6,0.164555803,0.704214606,-0.141148106,0.676046022
231,580544,1322360,0.981,0.04,-0.03,0,0,0,-34.6,5.7,26.7,0.164555803,0.704214606,-0.141148106,0.676046022
232,583304,1322370,0.985,0.04,-0.03,0,0,0,-34.6,5.7,26.7,0.164555803,0.704214606,-0.141148106,0.676046022
233,586392,1322370,0.985,0.04,-0.038,0,0,0,-34.6,5.7,26.7,0.164555803,0.704214606,-0.141148106,0.676046022
234,587947,1322370,0.988,0.04,-0.03,0,0,0,-34.6,5.7,26.7,0.164555803,0.704214606,-0.141148106,0.676046022
235,590436,1322370,0.988,0.04,-0.03,0,0,0,-34.7,6,26,0.164555803,0.704214606,-0.141148106,0.676046022
236,593915,1322380,0.985,0.044,-0.034,0,0,-0.1,-34.7,6,26,0.164555803,0.704214606,-0.141148106,0.676046022
237,595413,1322380,0.992,0.04,-0.03,0,0,-0.1,-34.7,6,26,0.164555803,0.704214606,-0.141117588,0.676046022
238,598520,1322380,0.985,0.04,-0.03,0,0,0,-34.7,6,26,0.164555803,0.704214606,-0.141117588,0.676046022
239,601479,1322380,0.988,0.04,-0.038,0.1,0,0,-34.6,5.9,25.9,0.164586322,0.704214606,-0.141117588,0.676046022
240,602996,1322390,0.985,0.044,-0.034,0.1,0,0,-34.6,5.9,25.9,0.164586322,0.704214606,-0.141117588,0.676046022
241,606216,1322390,0.985,0.044,-0.034,0.1,0,0,-34.6,5.9,25.9,0.164555803,0.704214606,-0.141117588,0.676046022
242,607826,1322390,0.985,0.04,-0.03,0.1,0,0,-34.6,5.9,25.9,0.164555803,0.704214606,-0.141117588,0.676046022
243,611342,1322390,0.985,0.04,-0.034,0,0.1,0,-34.7,6.1,25.7,0.164555803,0.704214606,-0.141117588,0.676046022
244,612870,1322400,0.988,0.04,-0.03,0,0.1,0,-34.7,6.1,25.7,0.164555803,0.704214606,-0.141117588,0.676046022
245,615948,1322400,0.988,0.048,-0.03,0,0,0,-34.7,6.1,25.7,0.164555803,0.704214606,-0.141117588,0.676046022
246,618145,1322400,0.985,0.04,-0.034,0,0,0,-34.7,6.1,25.7,0.164586322,0.704214606,-0.141117588,0.676046022
247,621259,1322400,0.985,0.044,-0.03,0,0,0,-34.7,5.9,27.2,0.164586322,0.704214606,-0.141117588,0.676046022
248,622926,1322410,0.985,0.044,-0.03,0,0,0,-34.7,5.9,27.2,0.164586322,0.704214606,-0.141117588,0.676046022
249,625630,1322410,0.988,0.04,-0.034,0,0,0,-34.7,5.9,27.2,0.164555803,0.704214606,-0.141117588,0.676046022
250,629598,1322410,0.985,0.04,-0.038,0,0,0,-34.7,5.9,27.2,0.164555803,0.704214606,-0.141117588,0.676046022
251,631919,1322410,0.985,0.04,-0.03,0,0.1,0,-34.2,5.9,26.5,0.164555803,0.704214606,-0.141117588,0.676046022
252,634076,1322420,0.988,0.04,-0.034,0,0.1,0.1,-34.2,5.9,26.5,0.164555803,0.704214606,-0.141117588,0.676046022
253,635492,1322420,0.985,0.04,-0.034,0,0.1,0,-34.2,5.9,26.5,0.164555803,0.704214606,-0.141117588,0.676046022
254,638522,1322420,0.988,0.036,-0.03,0,0.1,0,-34.2,5.9,26.5,0.164555803,0.704214606,-0.141117588,0.676046022
255,640542,1322420,0.985,0.036,-0.03,0,0.1,0,-34.6,5.6,26.7,0.164555803,0.704184088,-0.141117588,0.676046022
256,644530,1322430,0.985,0.04,-0.026,-0.1,0.1,0,-34.6,5.6,26.7,0.164555803,0.704184088,-0.141117588,0.67607654
257,646542,1322430,0.985,0.04,-0.03,-0.1,0,0,-34.6,5.6,26.7,0.164555803,0.704184088,-0.141117588,0.67607654
258,648132,1322430,0.985,0.04,-0.03,0,0,0,-34.6,5.6,26.7,0.164555803,0.704184088,-0.141117588,0.676046022
259,650413,1322430,0.988,0.036,-0.034,0,-0.1,-0.1,-34.3,4.8,26.3,0.164555803,0.704184088,-0.141117588,0.67607654
260,653023,1322440,0.988,0.04,-0.026,0,-0.1,-0.1,-34.3,4.8,26.3,0.164555803,0.704184088,-0.141117588,0.67607654
261,656673,1322440,0.985,0.04,-0.026,0,-0.1,-0.1,-34.3,4.8,26.3,0.164555803,0.704184088,-0.141117588,0.67607654
262,658205,1322440,0.985,0.04,-0.034,0,0,0,-34.3,4.8,26.3,0.164555803,0.704184088,-0.141117588,0.67607654
263,660404,1322440,0.985,0.04,-0.03,0.1,0,0,-34.5,4.1,26.2,0.164555803,0.704184088,-0.141117588,0.67607654
264,662860,1322450,0.981,0.04,-0.026,0.1,0,0,-34.5,4.1,26.2,0.164555803,0.704184088,-0.141117588,0.67607654
265,666329,1322450,0.985,0.036,-0.03,0.1,0,0,-34.5,4.1,26.2,0.164555803,0.704184088,-0.141117588,0.67607654
266,667877,1322450,0.988,0.036,-0.03,0,-0.1,0,-34.5,4.1,26.2,0.164555803,0.704184088,-0.141117588,0.67607654
267,670667,1322450,0.985,0.04,-0.034,0,-0.1,0,-34.9,7.5,27.8,0.164555803,0.704184088,-0.141117588,0.67607654
268,673692,1322460,0.985,0.04,-0.03,0,-0.1,0,-34.9,7.5,27.8,0.164555803,0.704184088,-0.141117588,0.67607654
269,675523,1322460,0.985,0.036,-0.03,0,-0.2,0,-34.9,7.5,27.8,0.164555803,0.704184088,-0.141117588,0.67607654
270,678845,1322460,0.988,0.04,-0.03,0.1,-0.2,-0.1,-34.9,7.5,27.8,0.164555803,0.704214606,-0.141117588,0.676046022
271,680476,1322460,0.985,0.04,-0.03,0.1,-0.1,-0.1,-34.6,5,25.4,0.164555803,0.704214606,-0.141117588,0.676046022
272,683024,1322470,0.988,0.04,-0.03,0,0,0,-34.6,5,25.4,0.164555803,0.704214606,-0.141117588,0.676046022
273,686434,1322470,0.988,0.04,-0.03,0,0.1,0,-34.6,5,25.4,0.164555803,0.704214606,-0.141117588,0.676046022
274,687950,1322470,0.985,0.04,-0.03,0,0,0,-34.6,5,25.4,0.164555803,0.704214606,-0.141117588,0.676046022
275,690500,1322470,0.985,0.036,-0.03,0,0,0,-34.9,5.3,25.6,0.164555803,0.704214606,-0.141117588,0.676046022
276,693969,1322480,0.988,0.036,-0.03,0,0,0,-34.9,5.3,25.6,0.164555803,0.704214606,-0.141117588,0.676046022
277,695463,1322480,0.988,0.04,-0.03,0,0,0,-34.9,5.3,25.6,0.164555803,0.704214606,-0.141117588,0.676046022
278,698618,1322480,0.985,0.044,-0.026,0,0,0,-34.9,5.3,25.6,0.164555803,0.704214606,-0.141117588,0.676046022
279,700456,1322480,0.988,0.04,-0.026,0,0,0,-35.1,4.8,25.5,0.164555803,0.704184088,-0.141117588,0.67607654
280,702803,1322490,0.988,0.04,-0.026,0,0,0,-35.1,4.8,25.5,0.164555803,0.704184088,-0.141117588,0.67607654
281,706999,1322490,0.988,0.04,-0.034,0,-0.1,0,-35.1,4.8,25.5,0.164555803,0.704184088,-0.141117588,0.67607654
282,709194,1322490,0.985,0.04,-0.042,0,-0.2,0,-35.1,4.8,25.5,0.164555803,0.704184088,-0.141117588,0.67607654
283,710701,1322490,0.981,0.036,-0.03,0,0,0,-35,5.6,25.7,0.164555803,0.704184088,-0.141117588,0.67607654
284,713753,1322500,0.985,0.04,-0.042,0.1,0,0,-35,5.6,25.7,0.164555803,0.704184088,-0.141117588,0.67607654
285,715938,1322500,0.981,0.04,-0.034,0.1,0,0,-35,5.6,25.7,0.164555803,0.704184088,-0.141117588,0.67607654
286,718235,1322500,0.988,0.04,-0.03,0.1,0,0,-35,5.6,25.7,0.164555803,0.704184088,-0.141117588,0.67607654
287,720429,1322500,0.988,0.04,-0.034,0,0,0,-34.6,6.9,26.8,0.164555803,0.704184088,-0.141117588,0.67607654
288,722784,1322510,0.985,0.04,-0.034,0,0,0,-34.6,6.9,26.8,0.164555803,0.704184088,-0.141117588,0.67607654
289,726444,1322510,0.988,0.036,-0.03,0.1,0,0,-34.6,6.9,26.8,0.164555803,0.704184088,-0.141117588,0.67607654
290,728029,1322510,0.988,0.04,-0.03,0.1,0.1,0,-34.6,6.9,26.8,0.164525285,0.704184088,-0.141117588,0.67607654
291,731144,1322510,0.985,0.036,-0.034,0,0.2,0.1,-35,6.3,26.9,0.164525285,0.704184088,-0.141117588,0.67607654
292,732905,1322520,0.981,0.04,-0.03,0,0.2,0.1,-35,6.3,26.9,0.164525285,0.704184088,-0.141117588,0.67607654
293,736443,1322520,0.988,0.04,-0.034,0,0.1,0,-35,6.3,26.9,0.164525285,0.704184088,-0.141117588,0.676107059
294,737903,1322520,0.985,0.036,-0.034,0,0.1,0,-35,6.3,26.9,0.164525285,0.704184088,-0.141117588,0.676107059
295,741068,1322520,0.988,0.04,-0.026,0,0.1,-0.1,-34.4,7,26.8,0.164525285,0.704184088,-0.141117588,0.676107059
296,743903,1322530,0.988,0.044,-0.034,0,0,-0.1,-34.4,7,26.8,0.164525285,0.704184088,-0.141117588,0.676107059
297,745455,1322530,0.985,0.04,-0.026,0,0,0,-34.4,7,26.8,0.164525285,0.704184088,-0.141117588,0.676107059
298,749380,1322530,0.985,0.044,-0.03,0,0,0,-34.4,7,26.8,0.164525285,0.704184088,-0.141117588,0.676107059
299,751624,1322530,0.985,0.04,-0.03,0,0,-0.1,-35,7.1,27,0.164555803,0.704153569,-0.141087069,0.676107059
300,753876,1322540,0.985,0.036,-0.03,0,0.1,0,-35,7.1,27,0.164555803,0.704153569,-0.141087069,0.676107059
301,755837,1322540,0.985,0.036,-0.03,0,0.1,0,-35,7.1,27,0.164555803,0.704153569,-0.141087069,0.676107059
302,758098,1322540,0.981,0.04,-0.026,0,0.1,0,-35,7.1,27,0.164586322,0.704153569,-0.141087069,0.676107059
303,761364,1322540,0.981,0.036,-0.03,0,0,0,-34.5,7.1,27,0.164586322,0.704153569,-0.141087069,0.676107059
304,763540,1322550,0.981,0.04,-0.034,0.1,0,0,-34.5,7.1,27,0.164555803,0.704153569,-0.141087069,0.676107059
305,765708,1322550,0.985,0.048,-0.034,0.1,-0.2,0,-34.5,7.1,27,0.164555803,0.704153569,-0.141087069,0.676107059
306,767975,1322550,0.988,0.036,-0.03,0,-0.3,0,-34.5,7.1,27,0.164555803,0.704153569,-0.141087069,0.676107059
307,770598,1322550,0.988,0.04,-0.03,0,-0.4,0,-34.7,5.4,26.7,0.164555803,0.704184088,-0.141087069,0.676107059
308,773959,1322560,0.988,0.04,-0.03,0,-0.3,0,-34.7,5.4,26.7,0.164555803,0.704184088,-0.141087069,0.676107059
309,776279,1322560,0.985,0.04,-0.03,0,-0.2,0,-34.7,5.4,26.7,0.164555803,0.704184088,-0.141087069,0.67607654
310,778483,1322560,0.985,0.04,-0.034,0,-0.1,0,-34.7,5.4,26.7,0.164555803,0.704184088,-0.141087069,0.67607654
311,780623,1322560,0.985,0.036,-0.034,0,0,0,-34.8,6.5,26.9,0.164555803,0.704184088,-0.141087069,0.67607654
312,784470,1322570,0.985,0.044,-0.03,0,0,-0.1,-34.8,6.5,26.9,0.164555803,0.704184088,-0.141087069,0.67607654
313,786406,1322570,0.985,0.04,-0.03,0,0,-0.1,-34.8,6.5,26.9,0.164555803,0.704184088,-0.141087069,0.67607654
314,788675,1322570,0.988,0.044,-0.03,0,0,0,-34.8,6.5,26.9,0.164555803,0.704184088,-0.141087069,0.67607654
315,790860,1322570,0.988,0.036,-0.03,0,0.1,0.1,-35,6.2,27.2,0.164555803,0.704184088,-0.141087069,0.67607654
316,793065,1322580,0.985,0.04,-0.03,0,0.2,0.1,-35,6.2,27.2,0.164555803,0.704184088,-0.141087069,0.676107059
317,795430,1322580,0.981,0.036,-0.03,0,0.2,0.2,-35,6.2,27.2,0.164555803,0.704184088,-0.141087069,0.676107059
318,799134,1322580,0.981,0.04,-0.03,0,0.1,0.2,-35,6.2,27.2,0.164555803,0.704153569,-0.141087069,0.676107059
319,801280,1322580,0.981,0.036,-0.03,0.1,0.1,0.1,-35.5,6.7,27,0.164525285,0.704153569,-0.141087069,0.676107059
320,803587,1322590,0.981,0.044,-0.026,0.2,0,0,-35.5,6.7,27,0.164525285,0.704153569,-0.141087069,0.676107059
321,805426,1322590,0.981,0.04,-0.034,0.2,-0.1,0,-35.5,6.7,27,0.164525285,0.704153569,-0.141087069,0.676107059
322,807968,1322590,0.985,0.04,-0.034,0,-0.2,0,-35.5,6.7,27,0.164525285,0.704153569,-0.141087069,0.676107059
323,810588,1322590,0.985,0.036,-0.034,0,-0.2,0,-36.1,6.4,27,0.164525285,0.704153569,-0.141087069,0.676107059
324,812863,1322600,0.988,0.04,-0.038,0,-0.1,0,-36.1,6.4,27,0.164525285,0.704184088,-0.141087069,0.676107059
325,816127,1322600,0.985,0.04,-0.026,0,-0.1,-0.1,-36.1,6.4,27,0.164525285,0.704184088,-0.141087069,0.676107059
326,818256,1322600,0.988,0.04,-0.03,0,0,0,-36.1,6.4,27,0.164525285,0.704184088,-0.141087069,0.676107059
327,820492,1322600,0.985,0.04,-0.034,0,0,0,-33.5,4.8,26.8,0.164525285,0.704184088,-0.141087069,0.676107059
328,822884,1322610,0.985,0.036,-0.03,0.1,0,0,-33.5,4.8,26.8,0.164525285,0.704184088,-0.141087069,0.676107059
329,825390,1322610,0.985,0.04,-0.026,0.1,-0.1,0,-33.5,4.8,26.8,0.164525285,0.704184088,-0.141087069,0.676107059
330,828914,1322610,0.985,0.04,-0.034,0,0,0,-33.5,4.8,26.8,0.164525285,0.704184088,-0.141087069,0.676107059
331,830738,1322610,0.985,0.036,-0.026,0,0.1,0,-36.2,7.1,26.8,0.164525285,0.704184088,-0.141087069,0.676107059
332,832950,1322620,0.981,0.04,-0.034,0,0.2,0,-36.2,7.1,26.8,0.164525285,0.704153569,-0.141087069,0.676107059
333,836466,1322620,0.988,0.04,-0.026,0,0.1,0,-36.2,7.1,26.8,0.164525285,0.704153569,-0.141087069,0.676107059
334,838675,1322620,0.988,0.044,-0.034,0,0.1,0,-36.2,7.1,26.8,0.164525285,0.704153569,-0.141087069,0.676107059
335,841563,1322620,0.988,0.044,-0.026,0,0,0,-36.5,7.5,27,0.164525285,0.704153569,-0.141087069,0.676107059
336,843801,1322630,0.985,0.04,-0.034,0,0,0,-36.5,7.5,27,0.164525285,0.704153569,-0.141087069,0.676107059
337,845799,1322630,0.985,0.04,-0.026,0,0,0.1,-36.5,7.5,27,0.164525285,0.704153569,-0.141087069,0.676107059
338,848027,1322630,0.985,0.04,-0.03,0.1,0.1,0.1,-36.5,7.5,27,0.164525285,0.704153569,-0.141087069,0.676107059
339,850694,1322630,0.981,0.04,-0.03,0.1,0.2,0,-36.4,7.2,26.6,0.164525285,0.704153569,-0.141087069,0.676137577
340,853045,1322640,0.981,0.04,-0.03,0,0.2,0,-36.4,7.2,26.6,0.164525285,0.704153569,-0.141087069,0.676137577
341,856372,1322640,0.988,0.036,-0.026,0,0.1,0,-36.4,7.2,26.6,0.164525285,0.704153569,-0.141056551,0.676137577
342,857913,1322640,0.985,0.04,-0.034,0,0.1,0,-36.4,7.2,26.6,0.164525285,0.704092532,-0.141056551,0.676137577
343,860492,1322640,0.988,0.036,-0.03,0,0,0,-36,7.6,26.9,0.164525285,0.704092532,-0.141087069,0.676137577
344,863864,1322650,0.985,0.036,-0.034,0,0,0,-36,7.6,26.9,0.164525285,0.704092532,-0.141087069,0.676137577
345,865409,1322650,0.985,0.04,-0.034,0,0,0,-36,7.6,26.9,0.164555803,0.704092532,-0.141087069,0.676137577
346,868481,1322650,0.985,0.04,-0.03,0,0.1,0,-36,7.6,26.9,0.164555803,0.704092532,-0.141087069,0.676137577
347,871462,1322650,0.985,0.04,-0.03,0,0,0,-34.2,6.2,26.5,0.164555803,0.704092532,-0.141087069,0.676137577
348,872980,1322660,0.988,0.04,-0.034,0,0,0,-34.2,6.2,26.5,0.164555803,0.704092532,-0.141087069,0.676137577
349,876795,1322660,0.985,0.04,-0.026,0,0.1,0,-34.2,6.2,26.5,0.164555803,0.704092532,-0.141087069,0.676137577
350,878194,1322660,0.988,0.036,-0.03,0.1,0.1,-0.1,-34.2,6.2,26.5,0.164555803,0.704092532,-0.141056551,0.676137577
351,881355,1322660,0.988,0.04,-0.034,0,0.1,-0.1,-35.4,5.9,26.8,0.164555803,0.704092532,-0.141056551,0.676168096
352,882812,1322670,0.988,0.04,-0.038,0,0.1,0,-35.4,5.9,26.8,0.164555803,0.704092532,-0.141056551,0.676168096
353,885560,1322670,0.988,0.044,-0.034,0,0.1,0,-35.4,5.9,26.8,0.164555803,0.704092532,-0.141056551,0.676168096
354,888078,1322670,0.988,0.04,-0.026,0,0.1,-0.1,-35.4,5.9,26.8,0.164555803,0.704092532,-0.141056551,0.676168096
355,891514,1322670,0.985,0.04,-0.034,0,0,-0.1,-34.4,6.1,26.8,0.164555803,0.704092532,-0.141056551,0.676168096
356,893844,1322680,0.985,0.036,-0.03,0,0,-0.1,-34.4,6.1,26.8,0.164555803,0.704092532,-0.141056551,0.676168096
357,896088,1322680,0.981,0.036,-0.03,0,0,0,-34.4,6.1,26.8,0.164555803,0.704092532,-0.141056551,0.676168096
358,898219,1322680,0.985,0.04,-0.038,0,0,0,-34.4,6.1,26.8,0.164555803,0.704092532,-0.141056551,0.676168096
359,900601,1322680,0.985,0.04,-0.026,0,0,0,-34.4,5.7,26.8,0.164525285,0.704092532,-0.141087069,0.676137577
360,903128,1322690,0.985,0.04,-0.03,0,0,0,-34.4,5.7,26.8,0.164525285,0.704092532,-0.141087069,0.676137577
361,906250,1322690,0.985,0.036,-0.034,0,0.1,0,-34.4,5.7,26.8,0.164525285,0.704092532,-0.141087069,0.676137577
362,908512,1322690,0.985,0.04,-0.034,0,0.1,0,-34.4,5.7,26.8,0.164525285,0.704092532,-0.141087069,0.676137577
363,910651,1322690,0.985,0.04,-0.03,0,0.1,0,-34.2,6.1,26.8,0.164525285,0.704092532,-0.141087069,0.676137577
364,913058,1322700,0.988,0.04,-0.026,0,0.1,0,-34.2,6.1,26.8,0.164525285,0.704092532,-0.141087069,0.676137577
365,915704,1322700,0.988,0.04,-0.038,0.1,0,0,-34.2,6.1,26.8,0.164525285,0.704092532,-0.141087069,0.676137577
366,918035,1322700,0.985,0.044,-0.03,0.1,0,0,-34.2,6.1,26.8,0.164525285,0.704092532,-0.141056551,0.676137577
367,922002,1322700,0.985,0.036,-0.03,0.1,0,-0.1,-35,6.2,26.7,0.164525285,0.704092532,-0.141056551,0.676137577
368,922915,1322710,0.985,0.04,-0.03,0,-0.1,0,-35,6.2,26.7,0.164525285,0.704092532,-0.141056551,0.676137577
369,925420,1322710,0.988,0.04,-0.034,0,0,0,-35,6.2,26.7,0.164525285,0.704092532,-0.141056551,0.676137577
370,928860,1322710,0.985,0.036,-0.034,0,0.1,0,-35,6.2,26.7,0.164525285,0.704092532,-0.141056551,0.676137577
371,930499,1322710,0.985,0.04,-0.026,-0.1,0.2,0.1,-34,5.7,27,0.164525285,0.704092532,-0.141087069,0.676168096
372,932882,1322720,0.985,0.036,-0.03,-0.1,0.2,0,-34,5.7,27,0.164525285,0.704092532,-0.141087069,0.676168096
373,936395,1322720,0.981,0.044,-0.03,0,0.2,0,-34,5.7,27,0.164525285,0.704092532,-0.141087069,0.676168096
374,937963,1322720,0.985,0.04,-0.034,0,0.2,0,-34,5.7,27,0.164525285,0.704092532,-0.141087069,0.676168096
375,940602,1322720,0.988,0.036,-0.034,0,0.2,0,-34,6.2,27,0.164525285,0.704092532,-0.141087069,0.676168096
376,943778,1322730,0.985,0.04,-0.038,0,0.1,0,-34,6.2,27,0.164525285,0.704092532,-0.141056551,0.676168096
377,945916,1322730,0.985,0.044,-0.026,0,0,0,-34,6.2,27,0.164525285,0.704092532,-0.141056551,0.676168096
378,948087,1322730,0.985,0.04,-0.03,0,0,0,-34,6.2,27,0.164525285,0.704092532,-0.141056551,0.676168096
379,950486,1322730,0.985,0.04,-0.026,0,-0.1,-0.1,-34,6,27,0.164555803,0.704092532,-0.141056551,0.676168096
380,953095,1322740,0.988,0.044,-0.03,0,-0.1,-0.1,-34,6,27,0.164555803,0.704092532,-0.141056551,0.676137577
381,956185,1322740,0.985,0.04,-0.03,0,-0.1,0,-34,6,27,0.164555803,0.704092532,-0.141056551,0.676137577
382,958221,1322740,0.985,0.04,-0.034,0,0,0,-34,6,27,0.164555803,0.704092532,-0.141056551,0.676137577
383,960526,1322740,0.985,0.044,-0.03,0,0,0,-33.9,6,26.8,0.164555803,0.704092532,-0.141056551,0.676137577
384,962851,1322750,0.985,0.044,-0.03,-0.1,0.1,-0.1,-33.9,6,26.8,0.164555803,0.704092532,-0.141056551,0.676137577
385,965403,1322750,0.985,0.04,-0.03,0,0.1,0,-33.9,6,26.8,0.164555803,0.704092532,-0.141056551,0.676137577
386,968847,1322750,0.985,0.044,-0.034,0,0.1,0,-33.9,6,26.8,0.164555803,0.704092532,-0.141056551,0.676168096
387,970528,1322750,0.992,0.044,-0.03,0.1,0,0,-36.2,5.9,26.6,0.164555803,0.704092532,-0.141056551,0.676168096
388,973649,1322760,0.985,0.04,-0.03,0.1,0,0,-36.2,5.9,26.6,0.164555803,0.704092532,-0.141056551,0.676168096
389,975412,1322760,0.988,0.04,-0.026,0,0,0,-36.2,5.9,26.6,0.164555803,0.704092532,-0.141056551,0.676168096
390,978225,1322760,0.985,0.04,-0.03,0,0.1,0,-36.2,5.9,26.6,0.164555803,0.704092532,-0.141056551,0.676168096
391,980509,1322760,0.985,0.04,-0.034,0,0.1,0.1,-33.2,5.4,26.6,0.164555803,0.704092532,-0.141056551,0.676168096
392,982893,1322770,0.988,0.04,-0.034,0,0.1,0.1,-33.2,5.4,26.6,0.164555803,0.704092532,-0.141056551,0.676168096
393,985413,1322770,0.985,0.04,-0.03,0,0.1,0,-33.2,5.4,26.6,0.164555803,0.704092532,-0.141056551,0.676168096
394,988863,1322770,0.988,0.04,-0.026,0,0,0,-33.2,5.4,26.6,0.164555803,0.704092532,-0.141056551,0.676168096
395,990361,1322770,0.988,0.04,-0.03,0,0,0,-33.6,6,26.5,0.164555803,0.704092532,-0.141056551,0.676168096
396,992948,1322780,0.988,0.044,-0.034,0,0,0,-33.6,6,26.5,0.164555803,0.704092532,-0.141056551,0.676168096
397,996365,1322780,0.985,0.04,-0.034,0.1,0,0,-33.6,6,26.5,0.164555803,0.704092532,-0.141056551,0.676168096
398,998493,1322780,0.988,0.044,-0.03,0,0,0,-33.6,6,26.5,0.164555803,0.704092532,-0.141056551,0.676168096
399,1000480,1322780,0.985,0.032,-0.026,0,0,0,-33.8,6.1,26.6,0.164555803,0.704092532,-0.141056551,0.676137577
400,1003611,1322790,0.985,0.032,-0.026,0,0,0,-33.8,6.1,26.6,0.164555803,0.704092532,-0.141056551,0.676137577
401,1005726,1322790,0.985,0.04,-0.038,0,-0.1,0,-33.8,6.1,26.6,0.164555803,0.704092532,-0.141056551,0.676137577
402,1007989,1322790,0.985,0.044,-0.034,0,-0.2,0,-33.8,6.1,26.6,0.164555803,0.704092532,-0.141056551,0.676137577
403,1011050,1322790,0.985,0.036,-0.026,0,-0.3,0,-33.4,5.7,26.6,0.164555803,0.704153569,-0.141056551,0.676137577
404,1013294,1322800,0.985,0.04,-0.034,0.1,-0.1,0,-33.4,5.7,26.6,0.164555803,0.704153569,-0.141056551,0.676137577
405,1016396,1322800,0.985,0.04,-0.03,0,0,0,-33.4,5.7,26.6,0.164555803,0.704153569,-0.141056551,0.676137577
406,1017798,1322800,0.988,0.04,-0.038,0,0,0,-33.4,5.7,26.6,0.164555803,0.704153569,-0.141056551,0.676137577
407,1020826,1322800,0.988,0.044,-0.03,-0.1,0.1,0,-34.6,5.9,26.5,0.164555803,0.704153569,-0.141056551,0.676137577
408,1023119,1322810,0.985,0.036,-0.026,-0.1,0,0,-34.6,5.9,26.5,0.164555803,0.704153569,-0.141056551,0.676137577
409,1025434,1322810,0.985,0.032,-0.022,0,0,0,-34.6,5.9,26.5,0.164555803,0.704153569,-0.141056551,0.676137577
410,1027953,1322810,0.985,0.04,-0.03,0,0,0,-34.6,5.9,26.5,0.164555803,0.704153569,-0.141056551,0.676137577
411,1032113,1322810,0.985,0.04,-0.034,0,0,0,-34.8,5.8,26.9,0.164555803,0.704153569,-0.141056551,0.676137577
412,1034323,1322820,0.985,0.036,-0.026,0,0,-0.1,-34.8,5.8,26.9,0.164555803,0.704153569,-0.141056551,0.676137577
413,1036598,1322820,0.988,0.044,-0.026,0,0,0,-34.8,5.8,26.9,0.164555803,0.704153569,-0.141056551,0.676137577
414,1038791,1322820,0.985,0.04,-0.034,0,0,0,-34.8,5.8,26.9,0.164555803,0.704153569,-0.141056551,0.676137577
415,1040369,1322820,0.992,0.04,-0.03,0,0,0,-34.6,6.1,27.3,0.164555803,0.704153569,-0.141056551,0.676137577
416,1042898,1322830,0.985,0.04,-0.038,0,0,0.1,-34.6,6.1,27.3,0.164555803,0.704153569,-0.141056551,0.676137577
417,1046314,1322830,0.985,0.04,-0.03,0,0,0,-34.6,6.1,27.3,0.164555803,0.704153569,-0.141056551,0.676137577
418,1047937,1322830,0.985,0.036,-0.034,0,0,0,-34.6,6.1,27.3,0.164555803,0.704153569,-0.141056551,0.676137577
419,1050582,1322830,0.988,0.04,-0.038,0,0,0,-34.8,5.8,26.8,0.164555803,0.704153569,-0.141056551,0.676107059
420,1053693,1322840,0.985,0.04,-0.03,0,0,0,-34.8,5.8,26.8,0.164555803,0.704153569,-0.141056551,0.676107059
421,1055370,1322840,0.985,0.048,-0.03,0,0.1,-0.1,-34.8,5.8,26.8,0.164555803,0.704153569,-0.141056551,0.676107059
422,1058876,1322840,0.992,0.04,-0.034,0.1,0.1,-0.1,-34.8,5.8,26.8,0.164555803,0.704153569,-0.141056551,0.676107059
423,1060440,1322840,0.985,0.044,-0.034,0,0.1,-0.1,-34.5,5.8,27.2,0.164555803,0.704153569,-0.141056551,0.676107059
424,1063470,1322850,0.988,0.04,-0.034,0,0,-0.1,-34.5,5.8,27.2,0.164555803,0.704153569,-0.141056551,0.676107059
425,1065685,1322850,0.988,0.04,-0.03,0,0,0,-34.5,5.8,27.2,0.164555803,0.704153569,-0.141056551,0.676107059
426,1068752,1322850,0.985,0.044,-0.03,0,0,0,-34.5,5.8,27.2,0.164555803,0.704153569,-0.141056551,0.676107059
427,1070461,1322850,0.985,0.04,-0.03,0,0,0,-34.6,5.8,26,0.164555803,0.704153569,-0.141056551,0.676107059
428,1073935,1322860,0.985,0.036,-0.03,0,0.1,0,-34.6,5.8,26,0.164555803,0.704153569,-0.141056551,0.676107059
429,1075444,1322860,0.988,0.04,-0.038,0,0.1,0,-34.6,5.8,26,0.164555803,0.704153569,-0.141056551,0.676107059
430,1078641,1322860,0.985,0.04,-0.034,0,0,-0.1,-34.6,5.8,26,0.164555803,0.704153569,-0.141056551,0.676107059
431,1080802,1322860,0.985,0.044,-0.03,0,0,-0.1,-34.7,5.9,27.2,0.164555803,0.704153569,-0.141056551,0.676107059
432,1082935,1322870,0.985,0.04,-0.03,0,-0.1,0,-34.7,5.9,27.2,0.164555803,0.704153569,-0.141056551,0.676107059
433,1085923,1322870,0.988,0.044,-0.03,0,0,0,-34.7,5.9,27.2,0.164555803,0.704153569,-0.141056551,0.676107059
434,1088965,1322870,0.988,0.04,-0.034,0,0,0.1,-34.7,5.9,27.2,0.164555803,0.704153569,-0.141056551,0.676107059
435,1090415,1322870,0.988,0.036,-0.03,0,0,0,-34.7,5.7,27.5,0.164555803,0.704153569,-0.141056551,0.676107059
436,1093257,1322880,0.988,0.04,-0.03,0,0,0,-34.7,5.7,27.5,0.164555803,0.704153569,-0.141056551,0.676107059
437,1096350,1322880,0.988,0.044,-0.03,0,0,0,-34.7,5.7,27.5,0.164555803,0.704153569,-0.141056551,0.676107059
438,1097901,1322880,0.985,0.036,-0.026,0,0,-0.1,-34.7,5.7,27.5,0.164555803,0.704153569,-0.141056551,0.676107059
439,1100297,1322880,0.985,0.044,-0.03,0,0,-0.1,-34.9,5.8,28.4,0.164555803,0.704153569,-0.141056551,0.676137577
440,1103846,1322890,0.985,0.04,-0.034,0,0,-0.1,-34.9,5.8,28.4,0.164555803,0.704153569,-0.141056551,0.676137577
441,1105388,1322890,0.988,0.044,-0.026,0,0,0,-34.9,5.8,28.4,0.164555803,0.704153569,-0.141056551,0.676137577
442,1108009,1322890,0.988,0.04,-0.026,0,0,0,-34.9,5.8,28.4,0.164555803,0.704153569,-0.141056551,0.676137577
443,1111361,1322890,0.981,0.04,-0.03,0,0,0,-34.7,5.8,27.8,0.164555803,0.704153569,-0.141056551,0.676137577
444,1112901,1322900,0.985,0.032,-0.034,0,0,0,-34.7,5.8,27.8,0.164555803,0.704153569,-0.141056551,0.676137577
445,1115455,1322900,0.988,0.04,-0.03,0,0.1,0,-34.7,5.8,27.8,0.164555803,0.704153569,-0.141056551,0.676137577
446,1118910,1322900,0.981,0.04,-0.03,0,0.1,0,-34.7,5.8,27.8,0.164555803,0.704153569,-0.141056551,0.676137577
447,1121099,1322900,0.988,0.044,-0.03,0,0.1,0,-34.8,6.2,25.1,0.164555803,0.704153569,-0.141056551,0.676137577
448,1123441,1322910,0.985,0.04,-0.038,0,0,0,-34.8,6.2,25.1,0.164555803,0.704153569,-0.141056551,0.676137577
449,1125607,1322910,0.985,0.04,-0.026,0.1,0,0,-34.8,6.2,25.1,0.164555803,0.704153569,-0.141056551,0.676137577
450,1127936,1322910,0.988,0.04,-0.034,0.2,0,0,-34.8,6.2,25.1,0.164525285,0.704153569,-0.141056551,0.676137577
451,1130543,1322910,0.988,0.036,-0.034,0.2,0,0,-34.6,5.7,26.9,0.164525285,0.704153569,-0.141056551,0.676137577
452,1133891,1322920,0.988,0.032,-0.026,0.1,0,0,-34.6,5.7,26.9,0.164525285,0.704153569,-0.141056551,0.676137577
453,1136176,1322920,0.985,0.048,-0.034,0,0,-0.1,-34.6,5.7,26.9,0.164525285,0.704153569,-0.141056551,0.676137577
454,1138352,1322920,0.985,0.04,-0.034,0,-0.1,-0.1,-34.6,5.7,26.9,0.164525285,0.704153569,-0.141056551,0.676137577
455,1140627,1322920,0.985,0.044,-0.03,0,-0.1,-0.1,-34.5,5.8,25.7,0.164525285,0.704153569,-0.141056551,0.676137577
456,1143098,1322930,0.988,0.044,-0.03,0,-0.1,0,-34.5,5.8,25.7,0.164525285,0.704153569,-0.141056551,0.676137577
457,1145351,1322930,0.985,0.036,-0.034,0,-0.1,0,-34.5,5.8,25.7,0.164525285,0.704153569,-0.141056551,0.676137577
458,1149662,1322930,0.988,0.04,-0.026,0,-0.1,0,-34.5,5.8,25.7,0.164525285,0.704153569,-0.141056551,0.676137577
459,1151942,1322930,0.981,0.04,-0.026,0,-0.1,0,-34.6,5.8,25.1,0.164555803,0.704153569,-0.141026032,0.676137577
460,1154126,1322940,0.981,0.04,-0.026,0,-0.1,0,-34.6,5.8,25.1,0.164555803,0.704153569,-0.141026032,0.676137577
461,1156371,1322940,0.985,0.04,-0.03,0,0,0,-34.6,5.8,25.1,0.164555803,0.704153569,-0.141026032,0.676137577
462,1158684,1322940,0.985,0.04,-0.03,0,0,0,-34.6,5.8,25.1,0.164555803,0.704153569,-0.141026032,0.676137577
463,1160848,1322940,0.988,0.04,-0.034,0,0,0,-34.7,5.4,25,0.164555803,0.704153569,-0.141026032,0.676107059
464,1163089,1322950,0.988,0.048,-0.034,0,0,0,-34.7,5.4,25,0.164555803,0.704153569,-0.141026032,0.676107059
465,1165406,1322950,0.988,0.036,-0.034,0,0,0,-34.7,5.4,25,0.164555803,0.704153569,-0.141026032,0.676107059
466,1167917,1322950,0.988,0.04,-0.03,0,-0.1,0,-34.7,5.4,25,0.164555803,0.704153569,-0.141026032,0.676107059
467,1171361,1322950,0.985,0.036,-0.03,0,-0.1,0,-34.9,6.1,26.8,0.164555803,0.704153569,-0.141026032,0.676107059
468,1172941,1322960,0.985,0.04,-0.03,0,-0.1,0,-34.9,6.1,26.8,0.164555803,0.704153569,-0.141026032,0.676107059
469,1175385,1322960,0.985,0.044,-0.03,0,-0.1,0,-34.9,6.1,26.8,0.164555803,0.704184088,-0.141026032,0.676107059
470,1178904,1322960,0.985,0.04,-0.038,0,-0.1,-0.1,-34.9,6.1,26.8,0.164555803,0.704184088,-0.141026032,0.676107059
471,1180385,1322960,0.985,0.04,-0.03,-0.1,-0.1,-0.1,-34.7,6.2,27,0.164555803,0.704184088,-0.141026032,0.676107059
472,1182910,1322970,0.988,0.04,-0.034,0,0,-0.1,-34.7,6.2,27,0.164555803,0.704184088,-0.141026032,0.676107059
473,1186282,1322970,0.985,0.036,-0.038,0,0,0,-34.7,6.2,27,0.164555803,0.704184088,-0.141026032,0.676107059
474,1187902,1322970,0.988,0.036,-0.03,0,0,0,-34.7,6.2,27,0.164555803,0.704184088,-0.141026032,0.676107059
475,1190442,1322970,0.985,0.04,-0.034,0,-0.1,0,-34.7,6,26.5,0.164555803,0.704184088,-0.141026032,0.676107059
476,1193847,1322980,0.985,0.044,-0.03,0,-0.3,0,-34.7,6,26.5,0.164555803,0.704184088,-0.141026032,0.67607654
477,1195394,1322980,0.988,0.036,-0.03,0,-0.3,0,-34.7,6,26.5,0.164555803,0.704184088,-0.141026032,0.67607654
478,1199171,1322980,0.988,0.04,-0.026,0.1,-0.3,0,-34.7,6,26.5,0.164555803,0.704184088,-0.141026032,0.67607654
479,1200672,1322980,0.988,0.04,-0.026,0,-0.2,0,-34.9,5.9,26.6,0.164555803,0.704184088,-0.141026032,0.67607654
480,1203527,1322990,0.985,0.04,-0.03,0,-0.2,0,-34.9,5.9,26.6,0.164555803,0.704184088,-0.141026032,0.67607654
481,1205469,1322990,0.985,0.044,-0.03,0,-0.2,0,-34.9,5.9,26.6,0.164555803,0.704214606,-0.141026032,0.67607654
482,1208799,1322990,0.985,0.044,-0.038,-0.1,-0.1,0,-34.9,5.9,26.6,0.164555803,0.704214606,-0.141026032,0.67607654
483,1211836,1322990,0.985,0.04,-0.034,-0.1,0,0,-34.7,5.1,26.8,0.164555803,0.704214606,-0.141056551,0.67607654
484,1213206,1323000,0.988,0.04,-0.03,0,0.1,0,-34.7,5.1,26.8,0.164555803,0.704184088,-0.141056551,0.67607654
485,1216083,1323000,0.985,0.04,-0.03,0,0.2,0,-34.7,5.1,26.8,0.164555803,0.704184088,-0.141056551,0.67607654
486,1219182,1323000,0.985,0.044,-0.034,0.1,0.1,0,-34.7,5.1,26.8,0.164555803,0.704184088,-0.141056551,0.67607654
487,1221298,1323000,0.981,0.036,-0.034,0,0,0,-34.8,6.6,27.8,0.164555803,0.704184088,-0.141056551,0.67607654
488,1224179,1323010,0.985,0.04,-0.03,0,-0.2,0,-34.8,6.6,27.8,0.164555803,0.704184088,-0.141056551,0.67607654
489,1225714,1323010,0.985,0.044,-0.026,0,-0.3,0,-34.8,6.6,27.8,0.164555803,0.704214606,-0.141056551,0.67607654
490,1228688,1323010,0.981,0.044,-0.034,0,-0.2,-0.1,-34.8,6.6,27.8,0.164555803,0.704214606,-0.141056551,0.67607654
491,1231550,1323010,0.985,0.036,-0.03,0,-0.1,-0.1,-34.9,4.6,25.6,0.164555803,0.704214606,-0.141026032,0.67607654
492,1233220,1323020,0.985,0.036,-0.034,0,-0.1,-0.1,-34.9,4.6,25.6,0.164555803,0.704214606,-0.141026032,0.67607654
493,1236275,1323020,0.988,0.04,-0.034,0,0,-0.1,-34.9,4.6,25.6,0.164555803,0.704214606,-0.141026032,0.67607654
494,1238007,1323020,0.985,0.036,-0.03,0,0,0,-34.9,4.6,25.6,0.164555803,0.704214606,-0.141026032,0.676046022
495,1241611,1323020,0.988,0.04,-0.026,0,0,0,-34.6,4.3,25.7,0.164555803,0.704214606,-0.141026032,0.676046022
496,1243757,1323030,0.985,0.04,-0.03,0,0,0.1,-34.6,4.3,25.7,0.164555803,0.704214606,-0.141026032,0.676046022
497,1245428,1323030,0.985,0.04,-0.03,0,0,0.1,-34.6,4.3,25.7,0.164555803,0.704214606,-0.141056551,0.676046022
498,1249069,1323030,0.985,0.036,-0.026,0,0,0.1,-34.6,4.3,25.7,0.164555803,0.704214606,-0.141056551,0.67607654
499,1250570,1323030,0.985,0.044,-0.034,0,0.1,0,-34.6,4.5,25.5,0.164555803,0.704184088,-0.141056551,0.676107059
500,1252817,1323040,0.985,0.04,-0.026,0,0.1,0,-34.6,4.5,25.5,0.164555803,0.704184088,-0.141056551,0.676107059
501,1255344,1323040,0.992,0.04,-0.026,0,0.2,0,-34.6,4.5,25.5,0.164555803,0.704184088,-0.141056551,0.676107059
502,1259619,1323040,0.988,0.04,-0.03,0.1,0.1,0,-34.6,4.5,25.5,0.164555803,0.704184088,-0.141026032,0.676107059
503,1261919,1323040,0.988,0.044,-0.026,0,0,0,-34.6,4.4,26.3,0.164555803,0.704184088,-0.141026032,0.676107059
504,1263853,1323050,0.988,0.04,-0.03,0.1,0,0,-34.6,4.4,26.3,0.164555803,0.704184088,-0.141026032,0.676107059
505,1266226,1323050,0.981,0.04,-0.026,0.1,0,0,-34.6,4.4,26.3,0.164555803,0.704184088,-0.141026032,0.676107059
506,1268483,1323050,0.985,0.036,-0.03,0.1,0.1,0,-34.6,4.4,26.3,0.164555803,0.704184088,-0.141026032,0.676107059
507,1270673,1323050,0.985,0.04,-0.026,0,0,0,-34.8,7.5,27,0.164555803,0.704184088,-0.141026032,0.676107059
508,1272956,1323060,0.985,0.04,-0.034,0,-0.1,0,-34.8,7.5,27,0.164555803,0.704184088,-0.141026032,0.676107059
509,1277201,1323060,0.985,0.04,-0.03,0,-0.1,-0.1,-34.8,7.5,27,0.164555803,0.704184088,-0.141026032,0.676107059
510,1278086,1323060,0.988,0.04,-0.026,0,0,-0.1,-34.8,7.5,27,0.164555803,0.704184088,-0.141026032,0.676107059
511,1280394,1323060,0.988,0.04,-0.038,0,0,-0.1,-34.5,5.9,26.7,0.164555803,0.704184088,-0.141026032,0.676107059
512,1282940,1323070,0.985,0.04,-0.026,0,0,-0.1,-34.5,5.9,26.7,0.164555803,0.704184088,-0.141026032,0.676107059
513,1285853,1323070,0.985,0.04,-0.03,0,0,0,-34.5,5.9,26.7,0.164555803,0.704184088,-0.141026032,0.676107059
514,1288262,1323070,0.988,0.04,-0.03,0,0,0,-34.5,5.9,26.7,0.164555803,0.704184088,-0.141026032,0.676107059
515,1290500,1323070,0.988,0.04,-0.026,-0.1,0.1,-0.1,-35.1,6.6,26.5,0.164555803,0.704184088,-0.141026032,0.676107059
516,1293067,1323080,0.985,0.044,-0.03,-0.1,0.2,-0.1,-35.1,6.6,26.5,0.164555803,0.704184088,-0.141026032,0.676107059
517,1297148,1323080,0.988,0.044,-0.034,0,0.2,-0.1,-35.1,6.6,26.5,0.164555803,0.704184088,-0.141026032,0.676107059
518,1299471,1323080,0.985,0.04,-0.034,0,0.1,0,-35.1,6.6,26.5,0.164555803,0.704184088,-0.141026032,0.676107059
519,1301991,1323080,0.988,0.044,-0.034,0.1,0,0,-34.6,7.2,26.3,0.164586322,0.704184088,-0.140995514,0.676107059
520,1304232,1323090,0.988,0.044,-0.034,0.1,0,0,-34.6,7.2,26.3,0.164586322,0.704184088,-0.140995514,0.676107059
521,1305735,1323090,0.988,0.04,-0.03,0.1,0,0,-34.6,7.2,26.3,0.164586322,0.704184088,-0.140995514,0.676107059
522,1308026,1323090,0.985,0.044,-0.034,0,-0.1,-0.1,-34.6,7.2,26.3,0.164586322,0.704184088,-0.140995514,0.676107059
523,1310468,1323090,0.981,0.04,-0.034,0,-0.1,0,-34.7,7.3,26.6,0.164586322,0.704184088,-0.140995514,0.676107059
524,1313546,1323100,0.985,0.044,-0.034,0,-0.1,0,-34.7,7.3,26.6,0.164586322,0.704184088,-0.140995514,0.676107059
525,1315696,1323100,0.988,0.04,-0.034,0,-0.1,0,-34.7,7.3,26.6,0.164586322,0.704184088,-0.140995514,0.676107059
526,1318002,1323100,0.981,0.044,-0.034,0,0,0,-34.7,7.3,26.6,0.164586322,0.704184088,-0.140995514,0.67607654
527,1321003,1323100,0.985,0.044,-0.026,0.1,0,0,-34.7,5.8,26.9,0.164586322,0.704184088,-0.140995514,0.676107059
528,1324021,1323110,0.988,0.044,-0.034,0.1,0.1,0,-34.7,5.8,26.9,0.164586322,0.704184088,-0.140995514,0.676107059
529,1326911,1323110,0.988,0.04,-0.038,0,0.1,0,-34.7,5.8,26.9,0.164586322,0.704184088,-0.140995514,0.676107059
530,1329155,1323110,0.985,0.044,-0.026,0,0,0,-34.7,5.8,26.9,0.164586322,0.704184088,-0.140995514,0.676107059
531,1331385,1323110,0.985,0.04,-0.034,0.1,0,0,-34.6,6.2,26.7,0.164586322,0.704184088,-0.140995514,0.676107059
532,1332988,1323120,0.981,0.036,-0.034,0.1,-0.1,0,-34.6,6.2,26.7,0.164586322,0.704184088,-0.140995514,0.676107059
533,1335738,1323120,0.977,0.04,-0.034,0.1,0,0,-34.6,6.2,26.7,0.164555803,0.704184088,-0.140995514,0.676107059
534,1337926,1323120,0.981,0.04,-0.034,0.1,0,0,-34.6,6.2,26.7,0.164555803,0.704184088,-0.140995514,0.676107059
535,1341135,1323120,0.985,0.036,-0.034,0,0,0,-34.7,6.3,26.3,0.164555803,0.704184088,-0.140995514,0.676107059
536,1343269,1323130,0.985,0.044,-0.026,-0.1,-0.1,-0.1,-34.7,6.3,26.3,0.164586322,0.704184088,-0.140995514,0.67607654
537,1345569,1323130,0.988,0.04,-0.03,-0.1,-0.2,-0.1,-34.7,6.3,26.3,0.164586322,0.704184088,-0.140995514,0.67607654
538,1348443,1323130,0.988,0.044,-0.034,-0.1,-0.3,-0.1,-34.7,6.3,26.3,0.164586322,0.704214606,-0.140995514,0.67607654
539,1350697,1323130,0.988,0.04,-0.03,0,-0.2,-0.1,-34.8,6.2,26.7,0.164586322,0.704214606,-0.140995514,0.67607654
540,1353008,1323140,0.988,0.04,-0.026,0,-0.2,-0.1,-34.8,6.2,26.7,0.164586322,0.704214606,-0.140995514,0.67607654
541,1355561,1323140,0.988,0.04,-0.03,0,-0.1,0,-34.8,6.2,26.7,0.164586322,0.704214606,-0.140995514,0.67607654
542,1358922,1323140,0.981,0.036,-0.034,0,0,0,-34.8,6.2,26.7,0.164586322,0.704214606,-0.140995514,0.67607654
543,1360459,1323140,0.985,0.04,-0.03,0,0,0,-35.2,6.3,26.7,0.164586322,0.704214606,-0.140995514,0.67607654
544,1364973,1323150,0.985,0.04,-0.026,0.1,0,0,-35.2,6.3,26.7,0.164586322,0.704214606,-0.140995514,0.67607654
545,1365593,1323150,0.988,0.04,-0.03,0.1,0,0,-35.2,6.3,26.7,0.164586322,0.704214606,-0.140995514,0.67607654
546,1368702,1323150,0.985,0.04,-0.03,0.1,0,0,-35.2,6.3,26.7,0.164586322,0.704214606,-0.140995514,0.67607654
547,1370804,1323150,0.985,0.04,-0.022,0.1,-0.1,0,-35.2,6.3,26.7,0.164586322,0.704214606,-0.140995514,0.67607654
548,1373035,1323160,0.981,0.04,-0.034,0,-0.1,0,-35.2,6.3,26.7,0.164586322,0.704214606,-0.140995514,0.67607654
549,1376404,1323160,0.988,0.044,-0.03,0,-0.2,0,-35.2,6.3,26.7,0.164586322,0.704214606,-0.140995514,0.676046022
550,1377921,1323160,0.985,0.036,-0.03,-0.1,-0.2,0,-35.2,6.3,26.7,0.164586322,0.704214606,-0.140995514,0.676046022
551,1380441,1323160,0.988,0.04,-0.034,0,-0.1,0,-36,7.4,26.8,0.164586322,0.704214606,-0.140995514,0.676046022
552,1383877,1323170,0.985,0.036,-0.03,0,-0.1,0.1,-36,7.4,26.8,0.164586322,0.704245125,-0.140995514,0.676046022
553,1385357,1323170,0.985,0.04,-0.038,0,0,0.2,-36,7.4,26.8,0.164586322,0.704245125,-0.140995514,0.676046022
554,1387931,1323170,0.988,0.04,-0.034,0,0,0.1,-36,7.4,26.8,0.164586322,0.704245125,-0.140995514,0.676046022
555,1391088,1323170,0.985,0.04,-0.03,0,0,0.1,-36.7,7.4,26.6,0.164586322,0.704214606,-0.140995514,0.676046022
556,1393008,1323180,0.988,0.044,-0.03,0,0,0.1,-36.7,7.4,26.6,0.164586322,0.704214606,-0.140995514,0.676046022
557,1395410,1323180,0.988,0.04,-0.022,0,-0.1,0.1,-36.7,7.4,26.6,0.164555803,0.704214606,-0.141026032,0.676046022
558,1397956,1323180,0.988,0.04,-0.026,0,-0.1,0,-36.7,7.4,26.6,0.164555803,0.704245125,-0.141026032,0.676046022
559,1401319,1323180,0.985,0.036,-0.026,0,-0.1,-0.1,-37,7.6,26.9,0.164586322,0.704184088,-0.140995514,0.67607654
560,1403530,1323190,0.981,0.04,-0.03,0,-0.1,-0.1,-37,7.6,26.9,0.164586322,0.704184088,-0.140995514,0.67607654
561,1405753,1323190,0.985,0.036,-0.034,0,0,-0.1,-37,7.6,26.9,0.164586322,0.704214606,-0.140995514,0.67607654
562,1408005,1323190,0.985,0.036,-0.03,0,0,0,-37,7.6,26.9,0.164586322,0.704214606,-0.140995514,0.67607654
563,1411026,1323190,0.985,0.04,-0.034,0,0,0,-36.8,7.6,26.7,0.164586322,0.704184088,-0.140995514,0.67607654
564,1412773,1323200,0.985,0.044,-0.03,-0.1,0.1,0,-36.8,7.6,26.7,0.164586322,0.704184088,-0.140995514,0.67607654
565,1416257,1323200,0.985,0.036,-0.034,-0.1,0,0,-36.8,7.6,26.7,0.164586322,0.704184088,-0.140995514,0.67607654
566,1418031,1323200,0.988,0.036,-0.034,0,0,0,-36.8,7.6,26.7,0.164586322,0.704184088,-0.140995514,0.67607654
567,1420411,1323200,0.988,0.04,-0.03,0,-0.1,0,-36.8,7.6,26.7,0.164586322,0.704184088,-0.140995514,0.67607654
568,1423415,1323210,0.988,0.04,-0.026,0,-0.1,0,-36.8,7.6,26.7,0.164586322,0.704214606,-0.140995514,0.67607654
569,1425613,1323210,0.988,0.044,-0.03,0,-0.1,0,-36.8,7.6,26.7,0.164586322,0.704214606,-0.140995514,0.67607654
570,1428620,1323210,0.985,0.04,-0.03,0,-0.2,-0.1,-36.8,7.6,26.7,0.164586322,0.704214606,-0.140995514,0.67607654
571,1431689,1323210,0.988,0.04,-0.034,0,-0.2,0,-35.7,6.2,26.7,0.164586322,0.704214606,-0.140995514,0.67607654
572,1433131,1323220,0.985,0.04,-0.034,0,-0.1,0,-35.7,6.2,26.7,0.164586322,0.704214606,-0.140995514,0.67607654
573,1435519,1323220,0.985,0.04,-0.03,0,0,-0.1,-35.7,6.2,26.7,0.164586322,0.704214606,-0.140995514,0.67607654
574,1437876,1323220,0.985,0.036,-0.034,0,0,-0.1,-35.7,6.2,26.7,0.164586322,0.704214606,-0.140995514,0.67607654
575,1441396,1323220,0.985,0.044,-0.034,0,0.1,0,-34.7,6.3,26.9,0.16461684,0.704214606,-0.140995514,0.67607654
576,1442875,1323230,0.985,0.04,-0.034,0,0.2,0,-34.7,6.3,26.9,0.16461684,0.704214606,-0.140995514,0.67607654
577,1446051,1323230,0.985,0.036,-0.034,0,0.2,0,-34.7,6.3,26.9,0.16461684,0.704214606,-0.140995514,0.67607654
578,1448158,1323230,0.985,0.044,-0.03,-0.1,0.1,0,-34.7,6.3,26.9,0.16461684,0.704184088,-0.140995514,0.67607654
579,1451271,1323230,0.985,0.04,-0.026,0,0,0.1,-34.1,6.6,26.7,0.16461684,0.704214606,-0.140995514,0.676046022
580,1452953,1323240,0.985,0.04,-0.026,0,0,0.1,-34.1,6.6,26.7,0.16461684,0.704214606,-0.140995514,0.676046022
581,1455653,1323240,0.988,0.044,-0.034,0.1,-0.1,0.2,-34.1,6.6,26.7,0.16461684,0.704214606,-0.140995514,0.676046022
582,1458805,1323240,0.985,0.044,-0.026,0,-0.1,0.2,-34.1,6.6,26.7,0.164586322,0.704214606,-0.140995514,0.676046022
583,1460464,1323240,0.988,0.036,-0.03,0,-0.2,0.1,-34.1,6.1,26.5,0.164586322,0.704214606,-0.140995514,0.676046022
584,1463890,1323250,0.988,0.04,-0.026,0,-0.2,0,-34.1,6.1,26.5,0.164586322,0.704245125,-0.140995514,0.676046022
585,1465491,1323250,0.985,0.04,-0.034,0,-0.2,-0.1,-34.1,6.1,26.5,0.164586322,0.704245125,-0.140995514,0.676046022
586,1468422,1323250,0.985,0.04,-0.034,0,0,-0.1,-34.1,6.1,26.5,0.164586322,0.704245125,-0.140995514,0.676046022
587,1470623,1323250,0.981,0.044,-0.03,0,0,0,-34.1,6.1,26.5,0.164586322,0.704245125,-0.140995514,0.676046022
588,1473810,1323260,0.977,0.036,-0.037,0,0,0,-34.1,6.1,26.5,0.164586322,0.704245125,-0.140995514,0.676046022
589,1475483,1323260,0.981,0.04,-0.03,0,0,0,-34.1,6.1,26.5,0.164586322,0.704245125,-0.140995514,0.676046022
590,1478376,1323260,0.985,0.04,-0.03,0,0.1,0,-34.1,6.1,26.5,0.164586322,0.704245125,-0.140995514,0.676046022
591,1480567,1323260,0.988,0.04,-0.03,0,0.1,0,-34.3,5.8,26.7,0.164586322,0.704245125,-0.140995514,0.676046022
592,1483673,1323270,0.988,0.044,-0.03,0,0,0,-34.3,5.8,26.7,0.164586322,0.704245125,-0.140995514,0.676046022
593,1485821,1323270,0.985,0.04,-0.03,0,0,0,-34.3,5.8,26.7,0.164586322,0.704245125,-0.140995514,0.676046022
594,1488803,1323270,0.985,0.032,-0.03,0,0,0,-34.3,5.8,26.7,0.164586322,0.704245125,-0.140995514,0.676046022
595,1490288,1323270,0.985,0.04,-0.034,0,0,0,-34.4,5.9,26.8,0.164586322,0.704245125,-0.140995514,0.676046022
596,1493071,1323280,0.981,0.04,-0.038,0,-0.1,0,-34.4,5.9,26.8,0.164586322,0.704245125,-0.140995514,0.676046022
597,1495363,1323280,0.985,0.04,-0.034,0,0,0,-34.4,5.9,26.8,0.164586322,0.704245125,-0.140995514,0.676046022
598,1498405,1323280,0.988,0.044,-0.026,0,0,0,-34.4,5.9,26.8,0.164586322,0.704245125,-0.140995514,0.676046022
599,1500749,1323280,0.985,0.04,-0.026,0,0.1,0,-34.6,5.6,26.8,0.164586322,0.704245125,-0.140995514,0.676015503
600,1503860,1323290,0.985,0.044,-0.034,0,0.1,0,-34.6,5.6,26.8,0.164586322,0.704245125,-0.140995514,0.676015503
601,1505348,1323290,0.981,0.04,-0.026,0,0.1,0.2,-34.6,5.6,26.8,0.164586322,0.704245125,-0.140995514,0.676015503
602,1508399,1323290,0.988,0.04,-0.034,0,0.1,0.2,-34.6,5.6,26.8,0.164586322,0.704245125,-0.140995514,0.676046022
603,1510616,1323290,0.985,0.04,-0.03,0,0.1,0.1,-34.6,5.8,26.6,0.164586322,0.704245125,-0.140995514,0.676046022
604,1512861,1323300,0.985,0.044,-0.03,0,0.1,0,-34.6,5.8,26.6,0.164586322,0.704245125,-0.140995514,0.676046022
605,1515844,1323300,0.985,0.04,-0.026,0,0,0,-34.6,5.8,26.6,0.164586322,0.704245125,-0.140995514,0.676046022
606,1518096,1323300,0.985,0.04,-0.034,0,0,0,-34.6,5.8,26.6,0.164586322,0.704245125,-0.140995514,0.676046022
607,1521240,1323300,0.988,0.04,-0.034,0,0.1,0,-34.6,5.8,26.6,0.164586322,0.704245125,-0.140995514,0.676046022
608,1523541,1323310,0.985,0.044,-0.03,0,0.2,-0.1,-34.6,5.8,26.6,0.164586322,0.704245125,-0.140995514,0.676046022
609,1525613,1323310,0.988,0.044,-0.026,0,0.3,0,-34.6,5.8,26.6,0.164586322,0.704214606,-0.140995514,0.676046022
610,1528878,1323310,0.985,0.044,-0.03,0,0.2,0,-34.6,5.8,26.6,0.164586322,0.704214606,-0.140995514,0.676046022
611,1530394,1323310,0.988,0.04,-0.026,0,0,0,-33.7,6.1,26.7,0.164586322,0.704214606,-0.140995514,0.676046022
612,1533290,1323320,0.985,0.04,-0.026,0,0,0,-33.7,6.1,26.7,0.164586322,0.704214606,-0.140995514,0.676046022
613,1536430,1323320,0.985,0.04,-0.03,0,-0.1,-0.1,-33.7,6.1,26.7,0.164586322,0.704214606,-0.140995514,0.676046022
614,1537926,1323320,0.981,0.04,-0.034,-0.1,0,-0.1,-33.7,6.1,26.7,0.16461684,0.704214606,-0.140995514,0.676046022
615,1541057,1323320,0.985,0.04,-0.026,-0.1,0,-0.1,-33.5,6.1,26.8,0.16461684,0.704214606,-0.140995514,0.676046022
616,1543140,1323330,0.985,0.04,-0.034,0,0,0,-33.5,6.1,26.8,0.16461684,0.704214606,-0.140995514,0.676046022
617,1546314,1323330,0.985,0.044,-0.034,0,0,0,-33.5,6.1,26.8,0.16461684,0.704214606,-0.140995514,0.676046022
618,1547839,1323330,0.985,0.04,-0.034,0,0,0,-33.5,6.1,26.8,0.16461684,0.704214606,-0.140995514,0.676046022
619,1551532,1323330,0.988,0.036,-0.03,0,0,0,-33.2,6.1,26.8,0.16461684,0.704245125,-0.140995514,0.676015503
620,1553871,1323340,0.985,0.036,-0.034,0,0,0,-33.2,6.1,26.8,0.16461684,0.704245125,-0.140995514,0.676015503
621,1556346,1323340,0.992,0.04,-0.03,0.1,-0.1,0,-33.2,6.1,26.8,0.16461684,0.704245125,-0.140995514,0.676015503
622,1558608,1323340,0.988,0.04,-0.03,0,-0.2,0,-33.2,6.1,26.8,0.16461684,0.704245125,-0.140995514,0.676015503
623,1560434,1323340,0.985,0.04,-0.038,0,-0.1,0,-33.2,6,26.8,0.16461684,0.704245125,-0.140995514,0.676015503
624,1564353,1323350,0.981,0.04,-0.038,0,0,0,-33.2,6,26.8,0.16461684,0.704245125,-0.140995514,0.676015503
625,1566554,1323350,0.981,0.04,-0.038,0,0.1,0,-33.2,6,26.8,0.16461684,0.704245125,-0.140995514,0.676015503
626,1568046,1323350,0.988,0.04,-0.03,0,0.2,0,-33.2,6,26.8,0.16461684,0.704245125,-0.140995514,0.676015503
627,1571152,1323350,0.985,0.036,-0.026,0,0.1,0,-33.2,6,26.8,0.16461684,0.704245125,-0.140995514,0.676015503
628,1572865,1323360,0.981,0.04,-0.03,0,0.1,0.1,-33.2,6,26.8,0.16461684,0.704245125,-0.140995514,0.676015503
629,1576366,1323360,0.985,0.04,-0.03,0,0.1,0.1,-33.2,6,26.8,0.16461684,0.704245125,-0.140995514,0.676015503
630,1577936,1323360,0.985,0.036,-0.03,0,0.1,0.1,-33.2,6,26.8,0.16461684,0.704245125,-0.140995514,0.676046022
631,1581045,1323360,0.981,0.044,-0.03,0,0,0,-34.7,5.7,26.5,0.16461684,0.704245125,-0.140995514,0.676046022
632,1584004,1323370,0.981,0.036,-0.034,0,0,0,-34.7,5.7,26.5,0.16461684,0.704245125,-0.140995514,0.676046022
633,1585517,1323370,0.985,0.04,-0.03,0,0,0.1,-34.7,5.7,26.5,0.164586322,0.704245125,-0.140995514,0.676046022
634,1588498,1323370,0.988,0.04,-0.03,0,0,0.2,-34.7,5.7,26.5,0.164586322,0.704245125,-0.140995514,0.676046022
635,1591530,1323370,0.985,0.044,-0.03,0,0,0.1,-34.5,5.9,26.5,0.164586322,0.704245125,-0.140995514,0.676046022
636,1593016,1323380,0.992,0.044,-0.03,0,0,0,-34.5,5.9,26.5,0.164586322,0.704245125,-0.140995514,0.676046022
637,1596093,1323380,0.988,0.036,-0.026,0,0,0,-34.5,5.9,26.5,0.164586322,0.704245125,-0.140995514,0.676046022
638,1598270,1323380,0.992,0.036,-0.026,0,0.1,0,-34.5,5.9,26.5,0.164586322,0.704245125,-0.140995514,0.676046022
639,1601517,1323380,0.988,0.044,-0.03,0,0.1,0,-34.6,5.9,26.8,0.164586322,0.704214606,-0.140995514,0.67607654
640,1603604,1323390,0.988,0.044,-0.03,0,0.1,0,-34.6,5.9,26.8,0.16461684,0.704214606,-0.140995514,0.67607654
641,1605337,1323390,0.985,0.036,-0.03,0,0,0,-34.6,5.9,26.8,0.16461684,0.704214606,-0.140995514,0.67607654
642,1608867,1323390,0.981,0.04,-0.034,0,0,0,-34.6,5.9,26.8,0.16461684,0.704214606,-0.140995514,0.67607654
643,1610473,1323390,0.985,0.04,-0.03,0,0.1,0,-34.4,5.7,26.9,0.16461684,0.704214606,-0.140995514,0.67607654
644,1613747,1323400,0.985,0.036,-0.03,0,0.1,0,-34.4,5.7,26.9,0.16461684,0.704214606,-0.140995514,0.67607654
645,1615486,1323400,0.985,0.044,-0.026,0,0.1,0,-34.4,5.7,26.9,0.16461684,0.704214606,-0.140995514,0.67607654
646,1617950,1323400,0.988,0.04,-0.026,0,0.1,0,-34.4,5.7,26.9,0.16461684,0.704184088,-0.140995514,0.67607654
647,1621372,1323400,0.988,0.04,-0.034,0,0.1,0,-34.4,5.7,26.9,0.16461684,0.704184088,-0.140995514,0.67607654
648,1622887,1323410,0.985,0.044,-0.034,0,0,0,-34.4,5.7,26.9,0.16461684,0.704184088,-0.140995514,0.67607654
649,1625391,1323410,0.985,0.04,-0.034,0,0,0,-34.4,5.7,26.9,0.16461684,0.704184088,-0.140995514,0.67607654
650,1628854,1323410,0.988,0.04,-0.03,0,0,0.1,-34.4,5.7,26.9,0.164586322,0.704184088,-0.140995514,0.67607654
651,1630458,1323410,0.988,0.04,-0.038,0,0,0.1,-34.8,6,27.5,0.164586322,0.704184088,-0.140995514,0.67607654
652,1633399,1323420,0.988,0.036,-0.03,0,0,0,-34.8,6,27.5,0.164586322,0.704184088,-0.140995514,0.67607654
653,1635844,1323420,0.988,0.04,-0.026,0,0,0,-34.8,6,27.5,0.164586322,0.704184088,-0.140995514,0.67607654
654,1637862,1323420,0.992,0.04,-0.034,-0.1,0,0,-34.8,6,27.5,0.164586322,0.704184088,-0.140995514,0.67607654
655,1640945,1323420,0.992,0.04,-0.034,-0.1,0,0,-34.8,6,27.5,0.164586322,0.704184088,-0.140995514,0.67607654
656,1643156,1323430,0.992,0.04,-0.034,-0.1,0,0,-34.8,6,27.5,0.164586322,0.704184088,-0.140995514,0.67607654
657,1646056,1323430,0.992,0.04,-0.034,-0.1,0,0,-34.8,6,27.5,0.164586322,0.704184088,-0.140995514,0.67607654
658,1647928,1323430,1.818,0.256,-8.041,-0.6,162.7,-23.5,-34.7,5.8,27.9,0.165898618,0.700949126,-0.13983581,0.679372539
659,1652489,1323430,5.48,4.268,-8.168,45.7,275.1,-44.2,-37.1,6.5,25.5,0.166692099,0.69716483,-0.137485885,0.683523057
660,1652984,1323440,5.368,6.16,-7.833,143.6,297.1,-57.8,-37.1,6.5,25.5,0.166234321,0.693411054,-0.133365886,0.688253426
661,1656068,1323440,5.368,6.16,-7.833,143.6,297.1,-57.8,-37.1,6.5,25.5,0.166234321,0.693411054,-0.133365886,0.688253426
662,1658149,1323440,6.222,-8.124,5.604,185.8,18.2,-37,-37.1,6.5,25.5,0.161870174,0.692007202,-0.124820704,0.692281869
663,1662026,1323440,6.222,-8.124,5.604,185.8,18.2,-37,-37.1,6.5,25.5,0.161870174,0.692007202,-0.124820704,0.692281869
664,1664036,1323450,6.222,-8.124,5.604,185.8,18.2,-37,-37.1,6.5,25.5,0.161870174,0.692007202,-0.124820704,0.692281869
665,1665727,1323450,6.222,-8.124,5.604,185.8,18.2,-37,-37.1,6.5,25.5,0.161870174,0.692007202,-0.124820704,0.692281869
666,1667877,1323450,6.222,-8.124,5.604,185.8,18.2,-37,-37.1,6.5,25.5,0.161870174,0.692007202,-0.124820704,0.692281869
667,1671921,1323450,6.222,-8.124,5.604,185.8,18.2,-37,-37.1,6.5,25.5,0.161870174,0.692007202,-0.124820704,0.692281869
668,1674128,1323460,0.177,0.423,0.577,-38.8,-40.6,-3.3,-35.5,6.4,26.8,0.169560839,0.69081698,-0.1363567,0.689474166
669,1676347,1323460,-0.988,-1.2,-3.134,11.6,-57.7,-10.1,-35.5,6.4,26.8,0.169377728,0.691763054,-0.136234626,0.688589129
670,1678867,1323460,-1.3,-0.577,-2.181,46.6,18.8,-10.3,-35.5,6.4,26.8,0.168889431,0.691702017,-0.135319071,0.68898587
671,1681674,1323460,-1.3,-0.577,-2.181,46.6,18.8,-10.3,-35.5,6.4,26.8,0.168889431,0.691702017,-0.135319071,0.68898587
672,1683950,1323470,2.071,0.33,1.936,33,110.7,2.5,-36.4,6.8,29.3,0.168340098,0.68877224,-0.133304849,0.692373424
673,1686149,1323470,2.071,0.33,1.936,33,110.7,2.5,-36.4,6.8,29.3,0.168340098,0.68877224,-0.133304849,0.692373424
674,1688405,1323470,3.801,-0.401,1.915,-4.8,-109.4,11.8,-36.4,6.8,29.3,0.167607654,0.690084536,-0.133762627,0.691183203
675,1690384,1323470,2.044,0.012,0.41,-20.7,-182.6,11.8,-36.4,6.8,29.3,0.167210913,0.692709128,-0.13492233,0.688436537
676,1694602,1323480,2.044,0.012,0.41,-20.7,-182.6,11.8,-36.4,6.8,29.3,0.167210913,0.692709128,-0.13492233,0.688436537
677,1695483,1323480,2.044,0.012,0.41,-20.7,-182.6,11.8,-36.4,6.8,29.3,0.167210913,0.692709128,-0.13492233,0.688436537
678,1697890,1323480,0.772,0.138,-1.465,13.4,60.6,-0.6,-36.4,6.8,29.3,0.166783654,0.694387646,-0.135563219,0.6867275
679,1701969,1323480,0.772,0.138,-1.465,13.4,60.6,-0.6,-36.4,6.8,29.3,0.166783654,0.694387646,-0.135563219,0.6867275
680,1704316,1323490,0.772,0.138,-1.465,13.4,60.6,-0.6,-36.4,6.8,29.3,0.166783654,0.694387646,-0.135563219,0.6867275
681,1706469,1323490,0.878,-0.317,-0.645,-3.6,-2.1,4,-36.4,6.8,29.3,0.166844691,0.692556536,-0.13492233,0.688680685
682,1708945,1323490,0.885,-0.412,-0.723,-11.5,-31.2,6,-36.4,6.8,29.3,0.166814173,0.692953276,-0.135319071,0.688192389
683,1711037,1323490,1.139,-0.079,-0.512,-14.2,-36.6,6.9,-35.7,6.3,28,0.166844691,0.693441572,-0.135776849,0.687612537
684,1713246,1323500,1.26,-0.005,-0.411,-9.9,-27.9,6.4,-35.7,6.3,28,0.166814173,0.693807794,-0.136112552,0.687185278
685,1715507,1323500,1.369,0.072,-0.414,-1.5,-16.6,5.1,-35.7,6.3,28,0.166692099,0.694021424,-0.136265145,0.68694113
686,1718216,1323500,1.3,0.202,-0.303,5.9,-7.2,3.6,-35.7,6.3,28,0.166539506,0.694143498,-0.136265145,0.686880093
687,1721426,1323500,1.132,0.31,-0.349,9.6,0.9,2.5,-35.7,6.3,28,0.166356395,0.694174017,-0.136173589,0.68694113
688,1723679,1323510,1.043,0.382,-0.205,9.5,8.6,1.8,-35.7,6.3,28,0.166203803,0.694051943,-0.136020997,0.687093722
689,1726632,1323510,1.028,0.375,-0.044,6.4,13.8,1.4,-35.7,6.3,28,0.166112247,0.693868831,-0.135898923,0.68733787
690,1728277,1323510,1.091,0.327,0.169,1.8,13.8,1.1,-35.7,6.3,28,0.166112247,0.69368572,-0.135837886,0.6875515
691,1730480,1323510,1.087,0.45,0.364,-2.4,9,0.7,-35.9,6.1,26.9,0.166173284,0.693533128,-0.135837886,0.687673574
692,1733232,1323520,1.037,0.529,0.581,-4.2,3,0,-35.9,6.1,26.9,0.166234321,0.693472091,-0.135898923,0.687704093
693,1735507,1323520,1.006,0.424,0.653,-3.5,-0.8,-0.7,-35.9,6.1,26.9,0.166295358,0.693472091,-0.13595996,0.687704093
694,1738727,1323520,0.935,0.097,0.46,-2.1,-1.8,-1.2,-35.9,6.1,26.9,0.166356395,0.693472091,-0.13595996,0.687643056
695,1740508,1323520,0.876,-0.016,0.349,-1.8,-0.7,-1.2,-36,6.2,27.1,0.166386914,0.693502609,-0.13595996,0.687643056
696,1743891,1323530,0.872,-0.103,0.091,-2.9,1.1,-0.8,-36,6.2,27.1,0.166447951,0.693472091,-0.13595996,0.687643056
697,1745403,1323530,0.91,0.045,-0.176,-4,2.7,-0.4,-36,6.2,27.1,0.166539506,0.693411054,-0.136051515,0.687673574
698,1748440,1323530,0.969,0.095,-0.108,-4.1,3.1,-0.3,-36,6.2,27.1,0.166600543,0.693350017,-0.136082034,0.687704093
699,1750652,1323530,1.039,0.048,-0.028,-3.5,1.8,-0.5,-35.8,6,26.7,0.166692099,0.693319498,-0.136143071,0.687704093
700,1753938,1323540,1.125,-0.007,0.004,-2.9,-1.2,-0.6,-35.8,6,26.7,0.166722617,0.693319498,-0.136173589,0.687673574
701,1755440,1323540,1.117,-0.023,-0.034,-2.9,-4.8,-0.6,-35.8,6,26.7,0.166783654,0.693380535,-0.136234626,0.687582018
702,1758522,1323540,1.031,-0.006,-0.039,-2.9,-6.4,-0.2,-35.8,6,26.7,0.166814173,0.693472091,-0.136295663,0.687490463
703,1761521,1323540,0.961,-0.006,-0.045,-2.3,-5.1,0.2,-35.7,6.1,27.2,0.166814173,0.693533128,-0.1363567,0.687398907
704,1763062,1323550,0.95,0.021,0.068,-1.2,-2.3,0.5,-35.7,6.1,27.2,0.166814173,0.693563646,-0.136387219,0.687368389
705,1766130,1323550,0.985,0.045,0.185,-0.3,-0.6,0.9,-35.7,6.1,27.2,0.166814173,0.693594165,-0.136387219,0.687368389
706,1769157,1323550,1.036,0.064,0.246,0.2,-1.8,1.1,-35.7,6.1,27.2,0.166783654,0.693594165,-0.136417737,0.68733787
707,1770681,1323550,1.067,0.095,0.26,0.6,-4.6,1.5,-35.7,6.1,27.2,0.166722617,0.69368572,-0.136448256,0.687276833
708,1773634,1323560,1.047,0.099,0.214,0.6,-6.9,1.8,-35.7,6.1,27.2,0.16666158,0.693777276,-0.136509293,0.687185278
709,1775274,1323560,1.02,0.08,0.183,0.4,-7.3,2.1,-35.7,6.1,27.2,0.166600543,0.693868831,-0.136539811,0.687063204
710,1778114,1323560,1,0.06,0.129,-0.2,-5.9,2.4,-35.7,6.1,27.2,0.166570025,0.693960387,-0.136600848,0.687002167
711,1781100,1323560,0.992,0.04,0.004,-1,-4.2,2.6,-35.5,6.5,28,0.166539506,0.694021424,-0.136692404,0.68694113
712,1782646,1323570,0.977,0.033,-0.018,-1.8,-3.6,2.7,-35.5,6.5,28,0.166508988,0.694051943,-0.136753441,0.686880093
713,1786347,1323570,0.961,0.021,-0.08,-2.2,-4.6,2.9,-35.5,6.5,28,0.166478469,0.69411298,-0.136875515,0.686819056
714,1787910,1323570,0.973,0.044,-0.096,-2.5,-7,3.3,-35.5,6.5,28,0.166447951,0.694204535,-0.136936552,0.6867275
715,1791652,1323570,0.973,0.044,-0.096,-2.5,-7,3.3,-35.5,6.5,28,0.166447951,0.694204535,-0.136936552,0.6867275
716,1793100,1323580,0.973,0.044,-0.096,-2.5,-7,3.3,-35.5,6.5,28,0.166447951,0.694204535,-0.136936552,0.6867275
717,1795475,1323580,0.985,0.021,0.02,-4,-15.9,4,-35.5,6.5,28,0.166325877,0.694692831,-0.137455367,0.686147649
718,1798058,1323580,0.985,-0.006,0.04,-5.4,-18.8,4.2,-35.5,6.5,28,0.166234321,0.694936979,-0.137668996,0.685842463
719,1802183,1323580,0.977,-0.041,0.087,-6.9,-20.9,4.3,-35.5,6.5,28,0.166234321,0.695211646,-0.137913144,0.685537278
720,1802812,1323590,0.977,-0.041,0.087,-8.1,-21.7,4.5,-35.5,6.5,28,0.166234321,0.695486312,-0.138187811,0.685201575
721,1805893,1323590,0.934,-0.068,0.112,-8.9,-21.4,4.5,-35.5,6.5,28,0.166234321,0.695760979,-0.138462477,0.684865871
722,1808144,1323590,0.887,-0.107,0.067,-9.4,-20.3,4.3,-35.5,6.5,28,0.166234321,0.696035646,-0.138737144,0.684530168
723,1810349,1323590,0.883,-0.099,0.055,-9.2,-18.9,4,-35.5,6.5,28,0.166234321,0.696279794,-0.139011811,0.684255501
724,1812770,1323600,0.891,-0.048,0.133,-8.2,-17.4,3.6,-35.5,6.5,28,0.166295358,0.696493423,-0.139255959,0.683950316
725,1816310,1323600,0.915,0.022,0.312,-6.3,-16.6,3.1,-35.5,6.5,28,0.166295358,0.696707053,-0.139469588,0.683706168
726,1817921,1323600,0.915,-0.025,0.203,-4.7,-17.1,2.9,-35.5,6.5,28,0.166234321,0.696920682,-0.139652699,0.683431501
727,1820226,1323600,0.848,-0.048,0.13,-3.9,-18.3,2.7,-35.5,6.5,28,0.166234321,0.697195349,-0.139805292,0.683156835
728,1822835,1323610,0.95,-0.009,0.1,-3.8,-18.5,2.4,-35.5,6.5,28,0.166203803,0.697439497,-0.139957884,0.682882168
729,1826177,1323610,0.833,0.085,0.134,-2.9,-16.1,1.8,-35.5,6.5,28,0.166173284,0.697653127,-0.140110477,0.68263802
730,1828325,1323610,0.79,0.094,0.136,-0.9,-11.6,1.2,-35.5,6.5,28,0.166112247,0.697836238,-0.140171514,0.682454909
731,1830567,1323610,0.825,0.081,0.135,1.1,-7.4,0.5,-35.4,7.9,28.6,0.166081729,0.697927793,-0.140202033,0.682332835
732,1833113,1323620,0.837,0.121,0.064,2.4,-5.3,0,-35.4,7.9,28.6,0.166020692,0.698019349,-0.140171514,0.682271798
733,1835421,1323620,0.868,0.16,0.059,3.2,-6.3,-0.4,-35.4,7.9,28.6,0.165959655,0.698141423,-0.140140996,0.682180242
734,1839586,1323620,0.903,0.151,0.065,3.8,-9.5,-0.6,-35.4,7.9,28.6,0.165868099,0.698294015,-0.140110477,0.68202765
735,1841836,1323620,0.923,0.132,0.045,4,-13.6,-0.6,-35.4,7.9,28.6,0.165776543,0.698507645,-0.140110477,0.681844539
736,1844082,1323630,0.969,0.115,0.028,3.8,-17.2,-0.5,-35.4,7.9,28.6,0.165684988,0.698782311,-0.140079958,0.681600391
737,1846323,1323630,0.989,0.111,0.024,3.4,-19.7,-0.2,-35.4,7.9,28.6,0.165562914,0.699087497,-0.140110477,0.681295206
738,1848555,1323630,0.996,0.088,0.016,3,-21.2,0.2,-35.4,7.9,28.6,0.16544084,0.6994232,-0.140140996,0.68099002
739,1850533,1323630,1.004,0.048,-0.034,2.6,-22.1,0.5,-35.4,7.9,28.6,0.16544084,0.699728385,-0.140079958,0.680654317
740,1853258,1323640,1.012,0.028,-0.058,2.1,-22.6,0.8,-35.4,7.9,28.6,0.165318766,0.700064089,-0.140140996,0.680349132
741,1855550,1323640,1.023,0.024,-0.082,1.5,-22.9,0.9,-35.4,7.9,28.6,0.16522721,0.700399792,-0.140232551,0.680013428
742,1858808,1323640,1.031,0.012,-0.106,1.1,-23.1,1,-35.4,7.9,28.6,0.165105136,0.700735496,-0.140293588,0.679677725
743,1861368,1323640,1.05,0,-0.165,0.6,-23,0.8,-35.4,7.9,28.6,0.165013581,0.701101718,-0.140385144,0.679311502
744,1864436,1323650,1.066,0.008,-0.189,0.4,-22.4,0.6,-35.4,7.9,28.6,0.164922025,0.701437422,-0.140476699,0.678975799
745,1866591,1323650,1.074,0.008,-0.197,0.3,-21.3,0.4,-35.4,7.9,28.6,0.164860988,0.701742607,-0.140537736,0.678670614
746,1868829,1323650,1.085,0.019,-0.252,0.4,-19.7,0.2,-35.4,7.9,28.6,0.164799951,0.702047792,-0.140629292,0.678365429
747,1871200,1323650,1.085,0.027,-0.284,0.6,-17.8,0.1,-35.4,7.9,28.6,0.164708396,0.70229194,-0.140690329,0.678090762
748,1873408,1323660,1.077,0.027,-0.307,1,-15.8,0,-35.4,7.9,28.6,0.164647359,0.702536088,-0.140720847,0.677846614
749,1875605,1323660,1.07,0.027,-0.326,1.3,-13.8,-0.1,-35.4,7.9,28.6,0.164586322,0.702749718,-0.140751366,0.677632984
750,1877937,1323660,1.054,0.039,-0.326,1.5,-11.8,-0.1,-35.4,7.9,28.6,0.164525285,0.702932829,-0.140751366,0.677449873
751,1880543,1323660,1.05,0.039,-0.334,1.7,-10,-0.1,-34.7,6.2,26.8,0.164464248,0.703085421,-0.140781884,0.677297281
752,1884469,1323670,1.042,0.035,-0.345,1.9,-8.4,-0.1,-34.7,6.2,26.8,0.164433729,0.703207495,-0.140781884,0.677175207
753,1886439,1323670,1.042,0.039,-0.349,2.2,-7.2,-0.1,-34.7,6.2,26.8,0.164372692,0.703329569,-0.140751366,0.677083651
754,1888700,1323670,1.023,0.047,-0.333,2.3,-6.2,0,-34.7,6.2,26.8,0.164281137,0.703421125,-0.140751366,0.676992096
755,1890882,1323670,1.019,0.051,-0.321,2.4,-5.2,0,-34.7,6.2,26.8,0.164250618,0.70351268,-0.140720847,0.676931059
756,1893172,1323680,1.023,0.055,-0.305,2.5,-4.1,0.1,-34.7,6.2,26.8,0.164220099,0.703604236,-0.140720847,0.676870022
757,1895461,1323680,1.023,0.071,-0.266,2.6,-3,0.1,-34.7,6.2,26.8,0.164159062,0.703634754,-0.140690329,0.676839503
758,1898140,1323680,1.023,0.079,-0.243,2.5,-2,0,-34.7,6.2,26.8,0.164098025,0.703695791,-0.14065981,0.676808985
759,1900401,1323680,1.027,0.083,-0.188,2.4,-0.9,0,-35,5.9,27,0.16400647,0.704000977,-0.14065981,0.676473281
760,1903826,1323690,1.027,0.083,-0.188,2.1,-0.1,0,-35,5.9,27,0.163975951,0.704031495,-0.140629292,0.676473281
761,1905454,1323690,1.039,0.091,-0.122,1.6,0.7,0,-35,5.9,27,0.163975951,0.704031495,-0.140598773,0.6765038
762,1907815,1323690,1.035,0.091,-0.098,1,1.6,0,-35,5.9,27,0.163945433,0.704000977,-0.140568255,0.676534318
763,1911836,1323690,1.031,0.091,-0.075,0.4,2.6,0,-34.6,6.8,27.1,0.163945433,0.703970458,-0.140568255,0.676564837
764,1914508,1323700,1.02,0.079,-0.027,-0.1,3.3,0.1,-34.6,6.8,27.1,0.163975951,0.703909421,-0.140568255,0.676625874
765,1916778,1323700,1.012,0.072,-0.011,-0.9,4,0.2,-34.6,6.8,27.1,0.163975951,0.703848384,-0.140568255,0.676686911
766,1918875,1323700,0.992,0.06,0.008,-1.7,4.7,0.2,-34.6,6.8,27.1,0.164036988,0.703756829,-0.140568255,0.676747948
767,1920457,1323700,0.985,0.052,0.012,-2.3,5.5,0.3,-35.1,6.2,26.7,0.164067507,0.703665273,-0.140598773,0.676839503
768,1922984,1323710,0.957,0.037,0.025,-2.8,6.2,0.3,-35.1,6.2,26.7,0.164128544,0.703573717,-0.140629292,0.676931059
769,1926447,1323710,0.946,0.029,0.029,-3,6.6,0.3,-35.1,6.2,26.7,0.164189581,0.703451643,-0.140629292,0.677022614
770,1928692,1323710,0.93,0.025,0.034,-3,6.3,0.2,-35.1,6.2,26.7,0.164250618,0.703360088,-0.14065981,0.67711417
771,1930514,1323710,0.926,0.013,0.042,-2.9,5.6,0.1,-34.6,5.1,27.1,0.164281137,0.703268532,-0.140690329,0.677175207
772,1932870,1323720,0.922,0.013,0.053,-2.6,4.7,0,-34.6,5.1,27.1,0.164372692,0.703176977,-0.140720847,0.677236244
773,1935441,1323720,0.926,0.013,0.049,-2.3,3.7,0,-34.6,5.1,27.1,0.164403211,0.70311594,-0.140751366,0.677297281
774,1939595,1323720,0.93,0.013,0.053,-1.8,2.7,0.1,-34.6,5.1,27.1,0.164464248,0.703085421,-0.140751366,0.677327799
775,1941861,1323720,0.95,0.013,0.056,-1.4,1.6,0.1,-36.1,7,26.7,0.164464248,0.703024384,-0.140781884,0.677358318
776,1944031,1323730,0.957,0.013,0.056,-0.9,0.6,0.1,-36.1,7,26.7,0.164494766,0.703024384,-0.140781884,0.677358318
777,1945500,1323730,0.977,0.021,0.056,-0.5,-0.2,0.1,-36.1,7,26.7,0.164494766,0.703024384,-0.140812403,0.677358318
778,1948840,1323730,0.992,0.033,0.047,0,-0.9,0,-36.1,7,26.7,0.164494766,0.703054903,-0.140812403,0.677358318
779,1950399,1323730,1.004,0.036,0.035,0.3,-1.3,0,-36.4,7.3,26.9,0.164494766,0.702963347,-0.140812403,0.677449873
780,1953146,1323740,1.004,0.036,0.035,0.7,-1.5,0,-36.4,7.3,26.9,0.164464248,0.702963347,-0.140812403,0.677419355
781,1956496,1323740,1,0.04,0.039,0.9,-1.5,0.1,-36.4,7.3,26.9,0.164433729,0.702993866,-0.140812403,0.677388836
782,1958002,1323740,0.985,0.052,0.024,1.2,-1.3,0,-36.4,7.3,26.9,0.164433729,0.703024384,-0.140781884,0.677388836
783,1960341,1323740,0.973,0.052,0.024,1.2,-0.9,0,-36.7,7.3,27.1,0.164403211,0.703054903,-0.140781884,0.677358318
784,1962810,1323750,0.961,0.052,0.021,1.2,-0.6,0,-36.7,7.3,27.1,0.164372692,0.703054903,-0.140751366,0.677358318
785,1967082,1323750,0.95,0.053,0.001,1.2,-0.5,0,-36.7,7.3,27.1,0.164342174,0.703054903,-0.140751366,0.677358318
786,1969329,1323750,0.95,0.049,0.002,1,-0.7,0,-36.7,7.3,27.1,0.164342174,0.703085421,-0.140720847,0.677358318
787,1971532,1323750,0.953,0.049,-0.013,0.7,-1.2,-0.1,-36.9,7.2,27.2,0.164281137,0.70311594,-0.140720847,0.677327799
788,1973058,1323760,0.961,0.044,-0.017,0.4,-1.7,0,-36.9,7.2,27.2,0.164281137,0.703146458,-0.140720847,0.677297281
789,1975433,1323760,0.969,0.04,-0.037,0.2,-2.3,0,-36.9,7.2,27.2,0.164281137,0.703176977,-0.140720847,0.677266762
790,1978076,1323760,0.977,0.04,-0.041,0.1,-2.9,0,-36.9,7.2,27.2,0.164281137,0.703207495,-0.140751366,0.677236244
791,1981419,1323760,0.985,0.04,-0.057,0.1,-3.5,0,-33.8,5,27,0.164281137,0.703268532,-0.140751366,0.677175207
792,1982964,1323770,1.004,0.036,-0.062,0,-4,0,-33.8,5,27,0.164250618,0.703329569,-0.140751366,0.67711417
793,1985422,1323770,1.008,0.032,-0.074,0.1,-4.1,0,-33.8,5,27,0.164250618,0.703390606,-0.140781884,0.677053133
794,1987983,1323770,1.016,0.044,-0.082,0.1,-4.1,0,-33.8,5,27,0.164220099,0.703451643,-0.140781884,0.676992096
795,1991345,1323770,1.02,0.044,-0.082,0.2,-3.7,0.1,-36,7.1,26.7,0.164220099,0.70351268,-0.140812403,0.676931059
796,1992869,1323780,1.019,0.04,-0.086,0.3,-3.3,0,-36,7.1,26.7,0.164189581,0.703543199,-0.140812403,0.676870022
797,1995519,1323780,1.016,0.044,-0.09,0.4,-2.9,0,-36,7.1,26.7,0.164189581,0.703604236,-0.140812403,0.676839503
798,1998838,1323780,1.012,0.044,-0.082,0.4,-2.4,0,-36,7.1,26.7,0.164159062,0.703634754,-0.140812403,0.676808985
799,2000401,1323780,1,0.044,-0.089,0.4,-1.7,0,-35.5,6.8,26.9,0.164128544,0.703817866,-0.140842921,0.676625874
800,2002945,1323790,0.992,0.04,-0.089,0.2,-1,-0.1,-35.5,6.8,26.9,0.164128544,0.703817866,-0.140842921,0.676625874
801,2006357,1323790,0.984,0.04,-0.089,0.2,-0.3,0,-35.5,6.8,26.9,0.164128544,0.703817866,-0.140842921,0.676625874
802,2007909,1323790,0.973,0.04,-0.084,0.1,0,0,-35.5,6.8,26.9,0.164128544,0.703817866,-0.140842921,0.676625874
803,2010431,1323790,0.969,0.032,-0.084,0.1,0.3,0,-34.9,6.6,26.8,0.164098025,0.703817866,-0.140812403,0.676625874
804,2012953,1323800,0.973,0.032,-0.084,0.1,0.2,0,-34.9,6.6,26.8,0.164098025,0.703817866,-0.140812403,0.676625874
805,2015331,1323800,0.981,0.036,-0.069,0.2,0,0.1,-34.9,6.6,26.8,0.164098025,0.703817866,-0.140812403,0.676625874
806,2018796,1323800,0.985,0.044,-0.065,0.2,-0.3,0.2,-34.9,6.6,26.8,0.164098025,0.703817866,-0.140812403,0.676625874
807,2020346,1323800,0.992,0.04,-0.054,0.2,-0.6,0,-34.9,6.8,26.8,0.164098025,0.703848384,-0.140812403,0.676625874
808,2022786,1323810,1,0.044,-0.054,0.2,-0.7,0,-34.9,6.8,26.8,0.164098025,0.703848384,-0.140812403,0.676595355
809,2026278,1323810,1.008,0.048,-0.046,0.1,-0.6,-0.1,-34.9,6.8,26.8,0.164067507,0.703848384,-0.140812403,0.676595355
810,2027879,1323810,1.016,0.056,-0.035,0.1,-0.4,-0.1,-34.9,6.8,26.8,0.164067507,0.703878903,-0.140812403,0.676595355
811,2031459,1323810,1.012,0.048,-0.027,0,-0.1,0,-34.7,6,26.8,0.164067507,0.703878903,-0.140812403,0.676595355
812,2033094,1323820,1.004,0.048,-0.015,0,0.1,0,-34.7,6,26.8,0.164067507,0.703878903,-0.140812403,0.676595355
813,2035541,1323820,0.992,0.044,-0.015,-0.1,0.5,0,-34.7,6,26.8,0.164067507,0.703848384,-0.140812403,0.676595355
814,2037889,1323820,0.981,0.044,-0.014,-0.3,1,0,-34.7,6,26.8,0.164098025,0.703848384,-0.140812403,0.676595355
815,2041297,1323820,0.969,0.04,-0.014,-0.3,1.4,-0.1,-34.7,5.8,26.6,0.164098025,0.703817866,-0.140812403,0.676625874
816,2042969,1323830,0.965,0.037,-0.014,-0.4,1.6,-0.1,-34.7,5.8,26.6,0.164128544,0.703787347,-0.140812403,0.676656392
817,2045568,1323830,0.953,0.033,-0.009,-0.5,1.5,0,-34.7,5.8,26.6,0.164128544,0.703756829,-0.140812403,0.676686911
818,2048857,1323830,0.953,0.033,-0.013,-0.5,1.3,0.1,-34.7,5.8,26.6,0.164128544,0.703756829,-0.140812403,0.676686911
819,2050351,1323830,0.957,0.033,-0.006,-0.5,0.9,0.3,-34.7,6.2,26.9,0.164159062,0.703665273,-0.140842921,0.676747948
820,2053152,1323840,0.969,0.037,-0.006,-0.4,0.6,0.3,-34.7,6.2,26.9,0.164159062,0.703665273,-0.140842921,0.676747948
821,2056256,1323840,0.977,0.029,-0.006,-0.3,0.1,0.3,-34.7,6.2,26.9,0.164159062,0.703665273,-0.140842921,0.676747948
822,2057905,1323840,0.988,0.032,-0.007,-0.1,-0.3,0.3,-34.7,6.2,26.9,0.164159062,0.703665273,-0.140842921,0.676747948
823,2060704,1323840,0.992,0.032,-0.014,0,-0.8,0.3,-34.6,5.9,27.2,0.164159062,0.703665273,-0.140842921,0.676747948
824,2063792,1323850,1,0.036,-0.011,0,-1.1,0.2,-34.6,5.9,27.2,0.164128544,0.703695791,-0.140842921,0.676747948
825,2065462,1323850,1.004,0.04,-0.015,0.1,-1.2,0,-34.6,5.9,27.2,0.164128544,0.703695791,-0.140842921,0.676717429
826,2068254,1323850,1,0.04,-0.015,0.2,-1,0,-34.6,5.9,27.2,0.164128544,0.70372631,-0.140842921,0.676717429
827,2071346,1323850,0.996,0.044,-0.019,0.3,-0.7,0,-34.7,6.1,26.8,0.164128544,0.70372631,-0.140842921,0.676686911
828,2072933,1323860,0.988,0.04,-0.018,0.4,-0.6,0,-34.7,6.1,26.8,0.164128544,0.703756829,-0.140842921,0.676686911
829,2075747,1323860,0.988,0.044,-0.014,0.4,-0.3,0,-34.7,6.1,26.8,0.164098025,0.703756829,-0.140842921,0.676686911
830,2078008,1323860,0.981,0.04,-0.022,0.4,0,0,-34.7,6.1,26.8,0.164098025,0.703756829,-0.140842921,0.676686911
831,2081005,1323860,0.969,0.04,-0.022,0.2,0.2,0,-35.7,6.1,26.9,0.164098025,0.703756829,-0.140842921,0.676686911
832,2083937,1323870,0.969,0.04,-0.033,0.2,0.1,0,-35.7,6.1,26.9,0.164098025,0.703756829,-0.140842921,0.676686911
833,2085449,1323870,0.965,0.04,-0.029,0,0,-0.1,-35.7,6.1,26.9,0.164098025,0.703756829,-0.140842921,0.676686911
834,2088492,1323870,0.969,0.037,-0.037,0,-0.3,0,-35.7,6.1,26.9,0.164098025,0.703756829,-0.140842921,0.676686911
835,2091496,1323870,0.973,0.036,-0.041,0,-0.4,0,-33.5,5.6,27,0.164098025,0.703756829,-0.140842921,0.676686911
836,2092969,1323880,0.977,0.036,-0.037,0,-0.7,0,-33.5,5.6,27,0.164098025,0.703787347,-0.140842921,0.676656392
837,2095642,1323880,0.988,0.04,-0.03,-0.1,-1,0,-33.5,5.6,27,0.164098025,0.703787347,-0.140842921,0.676656392
838,2097890,1323880,1,0.036,-0.038,0,-1.3,0.1,-33.5,5.6,27,0.164067507,0.703817866,-0.140842921,0.676625874
839,2102052,1323880,1.004,0.044,-0.031,0,-1.5,0.1,-34,5.8,27,0.164067507,0.703848384,-0.140903958,0.676595355
840,2104389,1323890,1.004,0.044,-0.031,0,-1.4,0,-34,5.8,27,0.164036988,0.703878903,-0.140903958,0.676564837
841,2106526,1323890,1.008,0.048,-0.039,0,-1.2,0,-34,5.8,27,0.164036988,0.703909421,-0.140903958,0.676534318
842,2107987,1323890,1.004,0.044,-0.038,0,-0.7,0,-34,5.8,27,0.164036988,0.703909421,-0.140903958,0.676534318
843,2110607,1323890,0.992,0.04,-0.038,0.1,-0.4,0,-33.7,5.9,26.9,0.164036988,0.703909421,-0.140903958,0.676534318
844,2112981,1323900,0.985,0.044,-0.034,0.1,0,0,-33.7,5.9,26.9,0.164036988,0.703909421,-0.140903958,0.676534318
845,2117042,1323900,0.973,0.04,-0.037,0,0.3,0,-33.7,5.9,26.9,0.164036988,0.703909421,-0.140903958,0.676534318
846,2119317,1323900,0.961,0.041,-0.041,0,0.6,0,-33.7,5.9,26.9,0.164036988,0.703909421,-0.140903958,0.676534318
847,2121495,1323900,0.965,0.033,-0.037,0,0.6,0,-33.5,5.7,26.7,0.164036988,0.703909421,-0.140903958,0.676534318
848,2123005,1323910,0.969,0.036,-0.041,0,0.5,0,-33.5,5.7,26.7,0.164036988,0.703878903,-0.140903958,0.676564837
849,2125989,1323910,0.977,0.036,-0.037,0,0.2,0,-33.5,5.7,26.7,0.164036988,0.703878903,-0.140903958,0.676564837
850,2129005,1323910,0.981,0.04,-0.038,0,-0.2,0.1,-33.5,5.7,26.7,0.164036988,0.703878903,-0.140903958,0.676564837
851,2130626,1323910,0.981,0.036,-0.034,0,-0.6,0.1,-35.9,6.4,26.9,0.164036988,0.703909421,-0.140903958,0.676534318
852,2132793,1323920,1,0.04,-0.026,0,-0.8,0,-35.9,6.4,26.9,0.164036988,0.703909421,-0.140903958,0.676534318
853,2136464,1323920,1.004,0.04,-0.027,0,-0.8,0,-35.9,6.4,26.9,0.164036988,0.703909421,-0.140903958,0.676534318
854,2137935,1323920,1.004,0.048,-0.031,0,-0.7,0,-35.9,6.4,26.9,0.164036988,0.70393994,-0.140903958,0.6765038
855,2140844,1323920,1.008,0.04,-0.031,0,-0.7,0,-33.7,6.3,26.9,0.164036988,0.70393994,-0.140903958,0.6765038
856,2143148,1323930,1,0.044,-0.027,0,-0.4,0,-33.7,6.3,26.9,0.164036988,0.70393994,-0.140903958,0.6765038
857,2145464,1323930,0.992,0.044,-0.034,0,-0.1,0,-33.7,6.3,26.9,0.164036988,0.70393994,-0.140903958,0.6765038
858,2148009,1323930,0.985,0.044,-0.03,0,0.2,-0.1,-33.7,6.3,26.9,0.164036988,0.70393994,-0.140903958,0.6765038
859,2151357,1323930,0.973,0.044,-0.026,-0.1,0.6,-0.2,-33.7,6.5,27,0.164036988,0.70393994,-0.140903958,0.6765038
860,2152888,1323940,0.973,0.04,-0.026,-0.1,0.6,-0.2,-33.7,6.5,27,0.164067507,0.70393994,-0.140842921,0.6765038
861,2155712,1323940,0.973,0.04,-0.026,-0.1,0.6,-0.1,-33.7,6.5,27,0.164067507,0.70393994,-0.140842921,0.6765038
862,2158813,1323940,0.973,0.036,-0.03,-0.1,0.6,0,-33.7,6.5,27,0.164067507,0.703909421,-0.140842921,0.676534318
863,2160335,1323940,0.977,0.036,-0.034,-0.1,0.4,0,-33.9,6.2,26.8,0.164067507,0.703909421,-0.140842921,0.676534318
864,2163153,1323950,0.981,0.036,-0.026,-0.1,0.1,0,-33.9,6.2,26.8,0.164067507,0.703909421,-0.140903958,0.676534318
865,2166288,1323950,0.977,0.036,-0.03,-0.1,0,0,-33.9,6.2,26.8,0.164067507,0.703909421,-0.140903958,0.676534318
866,2167981,1323950,0.988,0.04,-0.034,-0.1,-0.3,0,-33.9,6.2,26.8,0.164067507,0.703909421,-0.140903958,0.676534318
867,2171770,1323950,0.988,0.032,-0.03,-0.1,-0.5,0,-33.5,6,26.7,0.164067507,0.703909421,-0.140903958,0.6765038
868,2173415,1323960,0.992,0.044,-0.022,0,-0.7,0,-33.5,6,26.7,0.164067507,0.70393994,-0.140903958,0.6765038
869,2175588,1323960,0.992,0.036,-0.026,0,-0.7,0,-33.5,6,26.7,0.164067507,0.70393994,-0.140903958,0.6765038
870,2178694,1323960,0.996,0.04,-0.03,0,-0.6,0,-33.5,6,26.7,0.164067507,0.70393994,-0.140903958,0.676473281
871,2180412,1323960,0.992,0.04,-0.03,0.1,-0.4,0,-34.7,6.2,26.6,0.164067507,0.703970458,-0.140903958,0.676473281
872,2183761,1323970,0.988,0.044,-0.026,0.1,-0.1,0,-34.7,6.2,26.6,0.164067507,0.703970458,-0.140903958,0.676473281
873,2185417,1323970,0.985,0.036,-0.026,0.1,0,0,-34.7,6.2,26.6,0.164036988,0.703970458,-0.140903958,0.676473281
874,2188908,1323970,0.977,0.04,-0.03,0.1,0.1,0,-34.7,6.2,26.6,0.164036988,0.703970458,-0.140903958,0.676473281
875,2190376,1323970,0.973,0.04,-0.03,0,0.3,0,-34.5,6,26.7,0.164036988,0.70393994,-0.140903958,0.676473281
876,2193972,1323980,0.977,0.036,-0.03,0,0.3,-0.1,-34.5,6,26.7,0.164036988,0.70393994,-0.140903958,0.6765038
877,2195434,1323980,0.973,0.036,-0.033,0,0.1,-0.1,-34.5,6,26.7,0.164067507,0.70393994,-0.140903958,0.6765038
878,2197779,1323980,0.977,0.04,-0.034,0,0,0,-34.5,6,26.7,0.164067507,0.70393994,-0.140903958,0.6765038
879,2200346,1323980,0.985,0.04,-0.03,0,-0.2,0,-34.7,5.8,26.9,0.164036988,0.703970458,-0.140903958,0.676473281
880,2203666,1323990,0.988,0.036,-0.03,0,-0.2,0,-34.7,5.8,26.9,0.164036988,0.703970458,-0.140903958,0.676473281
881,2205298,1323990,0.992,0.04,-0.03,0,-0.4,0,-34.7,5.8,26.9,0.164036988,0.703970458,-0.140903958,0.676473281
882,2207783,1323990,0.992,0.04,-0.03,0,-0.6,0,-34.7,5.8,26.9,0.164036988,0.703970458,-0.140934477,0.676442763
883,2211226,1323990,0.996,0.04,-0.03,0,-0.6,0.1,-34.6,6.3,27.2,0.164036988,0.704000977,-0.140934477,0.676442763
884,2212851,1324000,0.996,0.044,-0.03,0,-0.5,0.2,-34.6,6.3,27.2,0.164036988,0.704000977,-0.140934477,0.676442763
885,2215643,1324000,0.988,0.048,-0.026,0.1,-0.5,0.1,-34.6,6.3,27.2,0.164036988,0.704000977,-0.140934477,0.676442763
886,2217889,1324000,0.992,0.04,-0.034,0.1,-0.4,0,-34.6,6.3,27.2,0.164036988,0.704000977,-0.140934477,0.676412244
887,2220475,1324000,0.985,0.044,-0.034,0.1,-0.4,0,-34.7,6.1,28,0.164036988,0.704031495,-0.140934477,0.676412244
888,2222862,1324010,0.985,0.036,-0.03,0,-0.2,0,-34.7,6.1,28,0.164036988,0.704031495,-0.140934477,0.676412244
889,2225963,1324010,0.985,0.036,-0.034,0,0,0,-34.7,6.1,28,0.164036988,0.704031495,-0.140934477,0.676412244
890,2228250,1324010,0.981,0.04,-0.026,0,0.1,0,-34.7,6.1,28,0.164036988,0.704031495,-0.140934477,0.676412244
891,2230534,1324010,0.973,0.036,-0.03,0,0.1,0,-34.6,6.2,25.5,0.164036988,0.704031495,-0.140934477,0.676412244
892,2232764,1324020,0.981,0.04,-0.034,0,0.1,0,-34.6,6.2,25.5,0.164036988,0.704000977,-0.140934477,0.676412244
893,2235536,1324020,0.985,0.04,-0.03,0,0,0.1,-34.6,6.2,25.5,0.164036988,0.704000977,-0.140934477,0.676412244
894,2238578,1324020,0.988,0.04,-0.026,0,-0.1,0,-34.6,6.2,25.5,0.164036988,0.704000977,-0.140934477,0.676412244
895,2240352,1324020,0.988,0.04,-0.026,0,-0.3,0,-35,6.2,27,0.16400647,0.704031495,-0.140934477,0.676412244
896,2244185,1324030,0.988,0.04,-0.03,0,-0.3,0,-35,6.2,27,0.16400647,0.704031495,-0.140934477,0.676412244
897,2245716,1324030,0.992,0.04,-0.03,0,-0.4,0,-35,6.2,27,0.16400647,0.704031495,-0.140934477,0.676412244
898,2248814,1324030,0.988,0.04,-0.034,0,-0.4,0,-35,6.2,27,0.16400647,0.704031495,-0.140934477,0.676412244
899,2250296,1324030,0.988,0.044,-0.03,0,-0.3,0,-34.7,6.2,28,0.16400647,0.704031495,-0.140934477,0.676381726
900,2253374,1324040,0.988,0.044,-0.03,0,-0.3,0,-34.7,6.2,28,0.16400647,0.704062014,-0.140934477,0.676381726
901,2255582,1324040,0.988,0.044,-0.026,0,-0.1,0,-34.7,6.2,28,0.16400647,0.704062014,-0.140934477,0.676381726
902,2258800,1324040,0.985,0.04,-0.034,0,-0.1,0,-34.7,6.2,28,0.16400647,0.704062014,-0.140934477,0.676381726
903,2260522,1324040,0.985,0.036,-0.026,0,-0.2,0,-35.1,6.1,27.9,0.16400647,0.704062014,-0.140934477,0.676381726
904,2262856,1324050,0.988,0.04,-0.026,0,-0.1,0,-35.1,6.1,27.9,0.16400647,0.704062014,-0.140934477,0.676381726
905,2266288,1324050,0.985,0.044,-0.026,0,0,0,-35.1,6.1,27.9,0.16400647,0.704062014,-0.140934477,0.676381726
906,2267879,1324050,0.985,0.04,-0.026,0,0.2,0,-35.1,6.1,27.9,0.16400647,0.704062014,-0.140934477,0.676381726
907,2270922,1324050,0.985,0.036,-0.03,0,0.2,0.1,-35,6.2,27.7,0.16400647,0.704062014,-0.140964995,0.676381726
908,2273827,1324060,0.985,0.04,-0.03,0,0.1,0.2,-35,6.2,27.7,0.16400647,0.704062014,-0.140964995,0.676381726
909,2275445,1324060,0.985,0.044,-0.026,0,0,0.1,-35,6.2,27.7,0.16400647,0.704031495,-0.140964995,0.676381726
910,2277841,1324060,0.977,0.036,-0.03,0,0,0,-35,6.2,27.7,0.16400647,0.704031495,-0.140964995,0.676381726
911,2280545,1324060,0.985,0.044,-0.026,0,0,0,-34.6,6.2,25.6,0.16400647,0.704031495,-0.140964995,0.676381726
912,2283684,1324070,0.985,0.04,-0.03,0,0,0.1,-34.6,6.2,25.6,0.16400647,0.704031495,-0.140964995,0.676381726
913,2285722,1324070,0.981,0.04,-0.03,0,-0.1,0.1,-34.6,6.2,25.6,0.16400647,0.704062014,-0.140964995,0.676381726
914,2288835,1324070,0.988,0.044,-0.026,0,-0.1,0.1,-34.6,6.2,25.6,0.16400647,0.704062014,-0.140964995,0.676381726
915,2290264,1324070,0.985,0.036,-0.026,0,-0.1,0,-34.3,6,27.9,0.16400647,0.704062014,-0.140964995,0.676381726
916,2293243,1324080,0.988,0.036,-0.03,0,0,0,-34.3,6,27.9,0.16400647,0.704062014,-0.140964995,0.676381726
917,2296330,1324080,0.988,0.044,-0.026,0,0,0,-34.3,6,27.9,0.16400647,0.704062014,-0.140964995,0.676381726
918,2297807,1324080,0.988,0.036,-0.038,0,0,0,-34.3,6,27.9,0.16400647,0.704062014,-0.140964995,0.676381726
919,2300914,1324080,0.988,0.04,-0.026,0,-0.3,0,-34.5,6.1,26.1,0.163975951,0.704062014,-0.140995514,0.676381726
920,2304088,1324090,0.988,0.04,-0.03,0,-0.3,0,-34.5,6.1,26.1,0.163975951,0.704062014,-0.140995514,0.676381726
921,2306193,1324090,0.985,0.044,-0.03,0,-0.4,0.1,-34.5,6.1,26.1,0.163975951,0.704062014,-0.140995514,0.676381726
922,2308399,1324090,0.988,0.044,-0.034,0,-0.4,0,-34.5,6.1,26.1,0.163975951,0.704062014,-0.140995514,0.676351207
923,2310691,1324090,0.981,0.04,-0.026,0,-0.3,0,-34.6,6.5,25.7,0.163975951,0.704092532,-0.140995514,0.676351207
924,2313071,1324100,0.985,0.044,-0.034,0.1,-0.2,0,-34.6,6.5,25.7,0.163975951,0.704092532,-0.140995514,0.676351207
925,2315385,1324100,0.985,0.04,-0.034,0.1,0,0,-34.6,6.5,25.7,0.163975951,0.704092532,-0.140995514,0.676351207
926,2318465,1324100,0.981,0.04,-0.026,0,0,0,-34.6,6.5,25.7,0.163975951,0.704092532,-0.140995514,0.676351207
927,2320466,1324100,0.981,0.04,-0.034,0,-0.1,-0.1,-34.6,6.2,25.5,0.163975951,0.704092532,-0.140995514,0.676351207
928,2323370,1324110,0.985,0.036,-0.026,0,-0.1,0,-34.6,6.2,25.5,0.163975951,0.704092532,-0.140995514,0.676351207
929,2326663,1324110,0.988,0.044,-0.034,0,-0.2,0,-34.6,6.2,25.5,0.163975951,0.704092532,-0.140995514,0.676351207
930,2329007,1324110,0.985,0.04,-0.03,0,-0.1,0,-34.6,6.2,25.5,0.163975951,0.704092532,-0.140995514,0.676351207
931,2331216,1324110,0.988,0.036,-0.034,0,-0.1,0,-34.9,6,27.1,0.163975951,0.704092532,-0.140995514,0.676320688
932,2333414,1324120,0.985,0.04,-0.034,0,-0.1,0,-34.9,6,27.1,0.163975951,0.704092532,-0.140995514,0.676320688
933,2335698,1324120,0.992,0.04,-0.026,0,0,0,-34.9,6,27.1,0.163975951,0.704092532,-0.140995514,0.676320688
934,2337905,1324120,0.992,0.04,-0.03,0,0,0.1,-34.9,6,27.1,0.163975951,0.704092532,-0.140995514,0.676320688
935,2340613,1324120,0.988,0.04,-0.03,0,0,0,-34.7,5.9,26.6,0.163975951,0.704092532,-0.140995514,0.676320688
936,2342948,1324130,0.985,0.044,-0.03,0.1,0,0,-34.7,5.9,26.6,0.163975951,0.704092532,-0.140995514,0.676320688
937,2346989,1324130,0.985,0.04,-0.03,0.1,0,0,-34.7,5.9,26.6,0.163975951,0.704092532,-0.140995514,0.676351207
938,2349161,1324130,0.985,0.04,-0.034,0.1,0,-0.1,-34.7,5.9,26.6,0.163945433,0.704092532,-0.140995514,0.676351207
939,2351417,1324130,0.985,0.04,-0.026,0,-0.1,0,-34.2,5.6,27,0.163975951,0.704092532,-0.140964995,0.676320688
940,2353202,1324140,0.981,0.04,-0.03,0,-0.1,0,-34.2,5.6,27,0.163975951,0.704092532,-0.140964995,0.676320688
941,2355479,1324140,0.981,0.04,-0.03,0,-0.1,0,-34.2,5.6,27,0.163975951,0.704092532,-0.140964995,0.676320688
942,2358017,1324140,0.981,0.04,-0.03,-0.1,-0.1,0,-34.2,5.6,27,0.163975951,0.704092532,-0.140964995,0.676320688
943,2362063,1324140,0.985,0.036,-0.03,0,-0.1,0,-34.4,5.2,26.5,0.163975951,0.704092532,-0.140964995,0.676320688
944,2364060,1324150,0.981,0.044,-0.03,0,-0.1,0,-34.4,5.2,26.5,0.163975951,0.704092532,-0.140964995,0.676320688
945,2365715,1324150,0.988,0.044,-0.026,0,-0.1,0,-34.4,5.2,26.5,0.163975951,0.704092532,-0.140964995,0.67629017
946,2367939,1324150,0.988,0.04,-0.026,0,-0.1,0,-34.4,5.2,26.5,0.163975951,0.704092532,-0.140964995,0.67629017
947,2370575,1324150,0.992,0.036,-0.03,0,0,0,-34.5,4.4,26.7,0.163975951,0.704092532,-0.140964995,0.67629017
948,2372839,1324160,0.988,0.04,-0.03,0,0,0,-34.5,4.4,26.7,0.163975951,0.704092532,-0.140964995,0.67629017
949,2377016,1324160,0.992,0.036,-0.03,0,0.1,0,-34.5,4.4,26.7,0.163975951,0.704092532,-0.140964995,0.67629017
950,2377818,1324160,0.992,0.044,-0.03,0,0.1,0,-34.5,4.4,26.7,0.163975951,0.704092532,-0.140964995,0.67629017
951,2380405,1324160,0.988,0.04,-0.026,0,0,0,-34.7,7.3,28,0.163975951,0.704092532,-0.140964995,0.67629017
952,2384482,1324170,0.985,0.044,-0.03,0,0,0,-34.7,7.3,28,0.163975951,0.704092532,-0.140964995,0.67629017
953,2385329,1324170,0.988,0.04,-0.034,0,0,0,-34.7,7.3,28,0.163975951,0.704092532,-0.140964995,0.67629017
954,2387818,1324170,0.981,0.044,-0.03,0,0.1,0,-34.7,7.3,28,0.163975951,0.704092532,-0.140964995,0.676320688
955,2391215,1324170,0.981,0.036,-0.034,0,0.2,0,-35,5.9,25.7,0.163975951,0.704092532,-0.140964995,0.676320688
956,2393527,1324180,0.981,0.04,-0.034,0,0.1,0,-35,5.9,25.7,0.163975951,0.704092532,-0.140964995,0.676320688
957,2395805,1324180,0.981,0.036,-0.03,0,0,0,-35,5.9,25.7,0.163975951,0.704092532,-0.140964995,0.676320688
958,2398039,1324180,0.985,0.036,-0.038,0,-0.1,0,-35,5.9,25.7,0.163975951,0.704092532,-0.140964995,0.676320688
959,2401150,1324180,0.985,0.036,-0.034,-0.1,-0.3,0,-34.9,4.6,25.9,0.163975951,0.704153569,-0.140995514,0.676259651
960,2402783,1324190,0.985,0.036,-0.034,-0.1,-0.3,0,-34.9,4.6,25.9,0.163975951,0.704153569,-0.140995514,0.676259651
961,2406406,1324190,0.988,0.044,-0.03,-0.1,-0.5,0,-34.9,4.6,25.9,0.163975951,0.704184088,-0.140995514,0.676259651
962,2407927,1324190,0.992,0.04,-0.038,0,-0.6,0,-34.9,4.6,25.9,0.163945433,0.704184088,-0.141026032,0.676259651
963,2410539,1324190,0.988,0.04,-0.026,0,-0.4,0.1,-35,4.8,26.1,0.163945433,0.704184088,-0.141026032,0.676229133
964,2413930,1324200,0.985,0.04,-0.026,0.1,-0.3,0,-35,4.8,26.1,0.163945433,0.704184088,-0.141026032,0.676229133
965,2415433,1324200,0.988,0.04,-0.03,0,-0.1,0,-35,4.8,26.1,0.163945433,0.704184088,-0.141026032,0.676229133
966,2417898,1324200,0.985,0.044,-0.03,0,0,0,-35,4.8,26.1,0.163945433,0.704184088,-0.141026032,0.676229133
967,2421342,1324200,0.981,0.036,-0.03,0,0,0,-34.4,5,26,0.163945433,0.704184088,-0.141026032,0.676229133
968,2422834,1324210,0.981,0.04,-0.034,0,0,0,-34.4,5,26,0.163945433,0.704184088,-0.141026032,0.676229133
969,2425365,1324210,0.981,0.04,-0.03,0,-0.1,0,-34.4,5,26,0.163945433,0.704184088,-0.141026032,0.676229133
970,2428800,1324210,0.985,0.04,-0.03,0,-0.1,0,-34.4,5,26,0.163945433,0.704184088,-0.141026032,0.676229133
971,2430345,1324210,0.981,0.04,-0.026,0,-0.1,0,-34.5,7.3,27.1,0.163945433,0.704214606,-0.141026032,0.676229133
972,2432863,1324220,0.985,0.04,-0.034,0,-0.1,-0.1,-34.5,7.3,27.1,0.163945433,0.704214606,-0.141026032,0.676229133
973,2436373,1324220,0.985,0.04,-0.026,0,-0.2,-0.1,-34.5,7.3,27.1,0.163945433,0.704214606,-0.141026032,0.676229133
974,2437815,1324220,0.988,0.036,-0.03,0,-0.2,-0.1,-34.5,7.3,27.1,0.163945433,0.704214606,-0.141026032,0.676229133
975,2440323,1324220,0.988,0.04,-0.03,0,-0.1,0,-34.5,5.5,26.9,0.163945433,0.704214606,-0.141026032,0.676198614
976,2443830,1324230,0.992,0.04,-0.026,0,-0.1,0,-34.5,5.5,26.9,0.163945433,0.704214606,-0.141026032,0.676198614
977,2445326,1324230,0.988,0.04,-0.03,0,-0.1,0,-34.5,5.5,26.9,0.163945433,0.704214606,-0.141026032,0.676198614
978,2447850,1324230,0.988,0.044,-0.026,0,-0.2,0,-34.5,5.5,26.9,0.163945433,0.704214606,-0.141026032,0.676198614
979,2451310,1324230,0.988,0.036,-0.034,0,-0.1,-0.1,-34.5,7.3,27,0.163975951,0.704214606,-0.140995514,0.676229133
980,2452858,1324240,0.981,0.04,-0.026,0,-0.1,-0.1,-34.5,7.3,27,0.163975951,0.704214606,-0.140995514,0.676229133
981,2456558,1324240,0.981,0.044,-0.034,0,0,-0.1,-34.5,7.3,27,0.163975951,0.704214606,-0.140995514,0.676229133
982,2458029,1324240,0.981,0.044,-0.03,0,0,-0.1,-34.5,7.3,27,0.163975951,0.704214606,-0.140995514,0.676229133
983,2460428,1324240,0.981,0.036,-0.03,0,0,0,-34.6,7.6,26.7,0.163975951,0.704214606,-0.140995514,0.676229133
984,2463159,1324250,0.981,0.036,-0.026,0,0,0,-34.6,7.6,26.7,0.163975951,0.704214606,-0.140995514,0.676229133
985,2466376,1324250,0.985,0.044,-0.03,0,0.1,0,-34.6,7.6,26.7,0.163975951,0.704214606,-0.140995514,0.676229133
986,2467812,1324250,0.985,0.04,-0.03,0,0,0,-34.6,7.6,26.7,0.163975951,0.704214606,-0.140995514,0.676229133
987,2470910,1324250,0.988,0.036,-0.03,0,-0.1,0,-34.5,7.6,26.8,0.163975951,0.704214606,-0.140995514,0.676229133
988,2473894,1324260,0.988,0.036,-0.03,0,-0.3,0,-34.5,7.6,26.8,0.163975951,0.704214606,-0.140995514,0.676229133
989,2475426,1324260,0.992,0.036,-0.034,0,-0.4,0,-34.5,7.6,26.8,0.163975951,0.704214606,-0.140995514,0.676198614
990,2477860,1324260,0.985,0.04,-0.03,0,-0.4,0,-34.5,7.6,26.8,0.163975951,0.704214606,-0.140995514,0.676198614
991,2480602,1324260,0.988,0.044,-0.03,0,-0.3,0,-34.7,5.4,26.8,0.163975951,0.704214606,-0.140995514,0.676198614
992,2483773,1324270,0.988,0.04,-0.026,0,-0.1,0,-34.7,5.4,26.8,0.163975951,0.704214606,-0.140995514,0.676198614
993,2485341,1324270,0.985,0.04,-0.034,0,0.1,0,-34.7,5.4,26.8,0.163975951,0.704214606,-0.140995514,0.676198614
994,2488342,1324270,0.988,0.04,-0.022,0,0.1,-0.1,-34.7,5.4,26.8,0.163975951,0.704214606,-0.140995514,0.676198614
995,2490518,1324270,0.981,0.04,-0.034,0,0.1,-0.1,-34.6,6.5,27.1,0.163975951,0.704214606,-0.140995514,0.676198614
996,2494218,1324280,0.985,0.044,-0.03,0,0.1,0,-34.6,6.5,27.1,0.163975951,0.704214606,-0.140995514,0.676198614
997,2495735,1324280,0.981,0.044,-0.03,0,0.1,0,-34.6,6.5,27.1,0.163975951,0.704214606,-0.140995514,0.676198614
998,2498806,1324280,0.985,0.04,-0.026,0,0.1,0,-34.6,6.5,27.1,0.163975951,0.704214606,-0.140995514,0.676198614
999,2501059,1324280,0.981,0.04,-0.03,0,0,0,-35.3,6.3,26.9,0.16400647,0.704214606,-0.140964995,0.676198614
1000,2503222,1324290,0.985,0.04,-0.034,0,0,0,-35.3,6.3,26.9,0.16400647,0.704214606,-0.140964995,0.676198614
1001,2505500,1324290,0.992,0.036,-0.03,0,-0.2,0,-35.3,6.3,26.9,0.16400647,0.704214606,-0.140964995,0.676198614
1002,2508383,1324290,0.988,0.036,-0.038,0,-0.3,0,-35.3,6.3,26.9,0.16400647,0.704214606,-0.140964995,0.676198614
1003,2510764,1324290,0.988,0.04,-0.03,0,-0.3,-0.1,-35.3,6.6,26.9,0.16400647,0.704214606,-0.140964995,0.676198614
1004,2513845,1324300,0.988,0.036,-0.026,0.1,-0.2,0,-35.3,6.6,26.9,0.16400647,0.704245125,-0.140964995,0.676198614
1005,2515306,1324300,0.988,0.04,-0.03,0.1,-0.1,0,-35.3,6.6,26.9,0.16400647,0.704245125,-0.140964995,0.676198614
1006,2518087,1324300,0.988,0.048,-0.026,0.1,0,-0.1,-35.3,6.6,26.9,0.16400647,0.704245125,-0.140964995,0.676198614
1007,2521148,1324300,0.985,0.04,-0.026,0.1,0,-0.1,-36.5,6.2,26.8,0.16400647,0.704245125,-0.140964995,0.676198614
1008,2522837,1324310,0.985,0.04,-0.03,0.1,0.1,-0.1,-36.5,6.2,26.8,0.16400647,0.704245125,-0.140964995,0.676198614
1009,2525448,1324310,0.985,0.04,-0.026,0.1,0.1,-0.1,-36.5,6.2,26.8,0.16400647,0.704245125,-0.140964995,0.676198614
1010,2528601,1324310,0.988,0.044,-0.03,0,0.1,-0.1,-36.5,6.2,26.8,0.16400647,0.704245125,-0.140934477,0.676198614
1011,2531583,1324310,0.981,0.036,-0.03,0,0.1,0,-33.5,4.9,26.6,0.16400647,0.704214606,-0.140934477,0.676198614
1012,2533236,1324320,0.988,0.036,-0.026,0,0,0,-33.5,4.9,26.6,0.16400647,0.704214606,-0.140964995,0.676198614
1013,2535354,1324320,0.985,0.04,-0.03,0,0,0,-33.5,4.9,26.6,0.16400647,0.704214606,-0.140964995,0.676198614
1014,2538302,1324320,0.988,0.036,-0.026,0,-0.1,-0.1,-33.5,4.9,26.6,0.16400647,0.704214606,-0.140964995,0.676198614
1015,2541310,1324320,0.985,0.036,-0.038,0,-0.1,-0.1,-34.7,7.3,27,0.16400647,0.704245125,-0.140964995,0.676198614
1016,2542862,1324330,0.985,0.04,-0.03,0,-0.2,-0.1,-34.7,7.3,27,0.16400647,0.704245125,-0.140934477,0.676198614
1017,2545753,1324330,0.988,0.04,-0.03,0,-0.2,0,-34.7,7.3,27,0.16400647,0.704245125,-0.140934477,0.676198614
1018,2548828,1324330,0.988,0.04,-0.034,0,-0.1,0,-34.7,7.3,27,0.16400647,0.704245125,-0.140934477,0.676198614
1019,2550398,1324330,0.988,0.04,-0.026,0,0,0,-36.3,7.5,26.9,0.16400647,0.704275643,-0.140964995,0.676168096
1020,2553308,1324340,0.988,0.04,-0.026,0,0,0,-36.3,7.5,26.9,0.16400647,0.704275643,-0.140964995,0.676168096
1021,2556338,1324340,0.988,0.04,-0.034,0,-0.1,-0.1,-36.3,7.5,26.9,0.16400647,0.704275643,-0.140964995,0.676168096
1022,2557794,1324340,0.985,0.04,-0.03,0,-0.1,-0.1,-36.3,7.5,26.9,0.16400647,0.704275643,-0.140964995,0.676137577
1023,2560808,1324340,0.985,0.04,-0.03,-0.1,-0.3,0,-36.4,7.3,26.8,0.16400647,0.704275643,-0.140964995,0.676137577
1024,2563122,1324350,0.985,0.036,-0.034,-0.1,-0.3,0,-36.4,7.3,26.8,0.16400647,0.704275643,-0.140964995,0.676137577
1025,2566125,1324350,0.981,0.04,-0.026,-0.1,-0.1,0,-36.4,7.3,26.8,0.16400647,0.704275643,-0.140964995,0.676137577
1026,2569089,1324350,0.981,0.04,-0.03,0,0,0,-36.4,7.3,26.8,0.16400647,0.704275643,-0.140964995,0.676137577
1027,2570557,1324350,0.985,0.044,-0.034,0,0,0,-35.9,7.1,26.9,0.16400647,0.704275643,-0.140964995,0.676137577
1028,2573603,1324360,0.985,0.04,-0.026,0,-0.1,0,-35.9,7.1,26.9,0.16400647,0.704275643,-0.140964995,0.676137577
1029,2576442,1324360,0.985,0.04,-0.038,0,-0.1,0,-35.9,7.1,26.9,0.16400647,0.704275643,-0.140964995,0.676137577
1030,2577946,1324360,0.985,0.04,-0.03,0,-0.1,0,-35.9,7.1,26.9,0.16400647,0.704275643,-0.140964995,0.676137577
1031,2580822,1324360,0.985,0.04,-0.034,0,0,0,-33.9,6.1,27,0.16400647,0.704275643,-0.140964995,0.676137577
1032,2584060,1324370,0.988,0.036,-0.026,0,0,0,-33.9,6.1,27,0.16400647,0.704275643,-0.140964995,0.676137577
1033,2585516,1324370,0.981,0.036,-0.03,0,0.1,0,-33.9,6.1,27,0.16400647,0.704275643,-0.140964995,0.676137577
1034,2588645,1324370,0.985,0.044,-0.034,0,0.1,0,-33.9,6.1,27,0.16400647,0.704275643,-0.140964995,0.676137577
1035,2590265,1324370,0.985,0.04,-0.026,0,0,0,-36.3,6,26.6,0.16400647,0.704275643,-0.140964995,0.676137577
1036,2593100,1324380,0.985,0.04,-0.03,0,-0.1,-0.1,-36.3,6,26.6,0.16400647,0.704275643,-0.140964995,0.676137577
1037,2596109,1324380,0.985,0.04,-0.026,0,-0.1,0,-36.3,6,26.6,0.16400647,0.704275643,-0.140964995,0.676137577
1038,2597760,1324380,0.985,0.044,-0.026,0,-0.1,0,-36.3,6,26.6,0.16400647,0.704306162,-0.140964995,0.676137577
1039,2600478,1324380,0.985,0.036,-0.034,0,0,0.1,-34.6,6.1,26.6,0.164036988,0.704245125,-0.140934477,0.676168096
1040,2603544,1324390,0.985,0.04,-0.03,0,0,0.1,-34.6,6.1,26.6,0.164036988,0.704245125,-0.140934477,0.676168096
1041,2606552,1324390,0.988,0.04,-0.026,0,0,0.1,-34.6,6.1,26.6,0.164036988,0.704245125,-0.140934477,0.676168096
1042,2608149,1324390,0.988,0.036,-0.03,0,-0.1,0,-34.6,6.1,26.6,0.164036988,0.704245125,-0.140964995,0.676168096
1043,2610403,1324390,0.988,0.04,-0.022,0,-0.1,0.1,-34.4,6,26.6,0.164036988,0.704245125,-0.140964995,0.676168096
1044,2612854,1324400,0.988,0.04,-0.026,0,-0.3,0,-34.4,6,26.6,0.164036988,0.704275643,-0.140964995,0.676168096
1045,2616306,1324400,0.988,0.04,-0.03,0,-0.3,0,-34.4,6,26.6,0.164036988,0.704275643,-0.140964995,0.676137577
1046,2618045,1324400,0.985,0.044,-0.03,0,-0.1,0,-34.4,6,26.6,0.164036988,0.704275643,-0.140964995,0.676137577
1047,2621454,1324400,0.988,0.044,-0.034,0,0.1,0,-34.2,6.2,26.9,0.164036988,0.704275643,-0.140964995,0.676137577
1048,2623127,1324410,0.985,0.04,-0.034,0,0.1,0,-34.2,6.2,26.9,0.164036988,0.704275643,-0.140964995,0.676168096
1049,2625320,1324410,0.985,0.04,-0.026,0,0.1,0,-34.2,6.2,26.9,0.164036988,0.704245125,-0.140964995,0.676168096
1050,2629073,1324410,0.981,0.04,-0.03,0,0.1,0,-34.2,6.2,26.9,0.164036988,0.704245125,-0.140964995,0.676168096
1051,2630544,1324410,0.985,0.04,-0.034,0,0.1,-0.1,-34.9,6,26.7,0.164036988,0.704245125,-0.140964995,0.676168096
1052,2633548,1324420,0.985,0.04,-0.026,0,0,0,-34.9,6,26.7,0.164036988,0.704245125,-0.140964995,0.676168096
1053,2636500,1324420,0.988,0.032,-0.038,0,0,0,-34.9,6,26.7,0.164036988,0.704245125,-0.140964995,0.676168096
1054,2637969,1324420,0.985,0.04,-0.026,0,-0.1,0,-34.9,6,26.7,0.164036988,0.704245125,-0.140964995,0.676168096
1055,2640962,1324420,0.985,0.036,-0.038,0,0,0,-34.5,6,27.2,0.164036988,0.704275643,-0.140964995,0.676168096
1056,2642814,1324430,0.988,0.044,-0.03,0.1,0,0,-34.5,6,27.2,0.164036988,0.704275643,-0.140964995,0.676168096
1057,2646207,1324430,0.985,0.04,-0.026,0.1,0,0,-34.5,6,27.2,0.164036988,0.704275643,-0.140964995,0.676168096
1058,2647752,1324430,0.985,0.04,-0.03,0.1,0.1,0,-34.5,6,27.2,0.164036988,0.704245125,-0.140934477,0.676168096
1059,2650709,1324430,0.988,0.04,-0.03,0.1,0,0,-34.4,6.2,27.1,0.164036988,0.704275643,-0.140934477,0.676168096
1060,2653802,1324440,0.985,0.04,-0.026,0.1,0,0,-34.4,6.2,27.1,0.164036988,0.704275643,-0.140934477,0.676168096
1061,2655470,1324440,0.985,0.04,-0.03,0,-0.2,0,-34.4,6.2,27.1,0.164036988,0.704275643,-0.140934477,0.676137577
1062,2657794,1324440,0.985,0.04,-0.034,0,-0.3,0,-34.4,6.2,27.1,0.164036988,0.704275643,-0.140934477,0.676137577
1063,2661208,1324440,0.981,0.044,-0.03,0,-0.3,0,-34.2,6.6,26.8,0.164036988,0.704275643,-0.140934477,0.676137577
1064,2662981,1324450,0.981,0.04,-0.034,0,-0.2,0,-34.2,6.6,26.8,0.164036988,0.704275643,-0.140934477,0.676137577
1065,2666550,1324450,0.981,0.04,-0.03,0,-0.1,-0.1,-34.2,6.6,26.8,0.164036988,0.704275643,-0.140934477,0.676137577
1066,2668861,1324450,0.985,0.04,-0.03,0,0,-0.1,-34.2,6.6,26.8,0.164036988,0.704275643,-0.140934477,0.676137577
1067,2671001,1324450,0.981,0.04,-0.038,0,0,-0.1,-34.5,6.6,26.7,0.164036988,0.704275643,-0.140934477,0.676137577
1068,2673300,1324460,0.985,0.04,-0.038,0,0,-0.1,-34.5,6.6,26.7,0.164036988,0.704275643,-0.140934477,0.676137577
1069,2675497,1324460,0.992,0.036,-0.03,0.1,-0.1,0,-34.5,6.6,26.7,0.164036988,0.704275643,-0.140934477,0.676137577
1070,2677832,1324460,0.985,0.036,-0.026,0.1,-0.1,-0.1,-34.5,6.6,26.7,0.164036988,0.704306162,-0.140934477,0.676137577
1071,2680469,1324460,0.985,0.036,-0.026,0.1,-0.2,-0.1,-36,6.1,26.8,0.164036988,0.704306162,-0.140903958,0.676137577
1072,2684481,1324470,0.988,0.04,-0.034,0,-0.1,0,-36,6.1,26.8,0.164036988,0.704306162,-0.140903958,0.676137577
1073,2686766,1324470,0.985,0.044,-0.026,0,0,0,-36,6.1,26.8,0.164036988,0.704306162,-0.140903958,0.676137577
1074,2689066,1324470,0.988,0.04,-0.03,0,0,0,-36,6.1,26.8,0.164036988,0.704306162,-0.140903958,0.676137577
1075,2691294,1324470,0.985,0.044,-0.03,0,0,0,-33.3,6.5,26.9,0.164036988,0.704306162,-0.140903958,0.676107059
1076,2693437,1324480,0.985,0.044,-0.034,0,0,0,-33.3,6.5,26.9,0.164036988,0.704306162,-0.140903958,0.676107059
1077,2695749,1324480,0.985,0.036,-0.034,0,0,0,-33.3,6.5,26.9,0.164036988,0.704306162,-0.140903958,0.676107059
1078,2697948,1324480,0.981,0.04,-0.03,0,0,0,-33.3,6.5,26.9,0.164036988,0.704306162,-0.140903958,0.676107059
1079,2700509,1324480,0.981,0.036,-0.03,0,-0.1,0,-33.9,6,27.1,0.164067507,0.70433668,-0.140903958,0.676107059
1080,2702856,1324490,0.981,0.036,-0.03,0,-0.1,0,-33.9,6,27.1,0.164067507,0.70433668,-0.140903958,0.676107059
1081,2706951,1324490,0.985,0.04,-0.03,0,0,0,-33.9,6,27.1,0.164067507,0.70433668,-0.140903958,0.676107059
1082,2709214,1324490,0.985,0.036,-0.034,0,0.1,0.1,-33.9,6,27.1,0.164067507,0.70433668,-0.140903958,0.676107059
1083,2711429,1324490,0.988,0.044,-0.026,0,0.1,0.1,-33.2,6.2,26.9,0.164067507,0.704306162,-0.140903958,0.676107059
1084,2712947,1324500,0.988,0.04,-0.026,0,0.1,0.1,-33.2,6.2,26.9,0.164067507,0.704306162,-0.140903958,0.676107059
1085,2715573,1324500,0.988,0.04,-0.03,0,0.1,0,-33.2,6.2,26.9,0.164067507,0.704306162,-0.140903958,0.676107059
1086,2717880,1324500,0.988,0.036,-0.03,0,0.1,-0.1,-33.2,6.2,26.9,0.164067507,0.704306162,-0.140903958,0.676107059
1087,2721981,1324500,0.988,0.04,-0.026,0,0.1,-0.1,-33.7,6.1,27,0.164067507,0.704306162,-0.140903958,0.676107059
1088,2724235,1324510,0.981,0.036,-0.022,0,0,0,-33.7,6.1,27,0.164067507,0.704306162,-0.140903958,0.676107059
1089,2726428,1324510,0.988,0.044,-0.03,0.1,0,0.1,-33.7,6.1,27,0.164067507,0.704306162,-0.140903958,0.676107059
1090,2728804,1324510,0.985,0.036,-0.034,0.1,0,0.1,-33.7,6.1,27,0.164067507,0.704306162,-0.140903958,0.676107059
1091,2731038,1324510,0.981,0.04,-0.03,0.1,0,0.1,-34.8,6.1,26.8,0.164067507,0.704306162,-0.140903958,0.676107059
1092,2733229,1324520,0.985,0.036,-0.042,0,0,0,-34.8,6.1,26.8,0.164036988,0.704306162,-0.140903958,0.676107059
1093,2735546,1324520,0.985,0.036,-0.026,0,0,0,-34.8,6.1,26.8,0.164036988,0.704306162,-0.140903958,0.676107059
1094,2737790,1324520,0.988,0.04,-0.026,0,0.1,0,-34.8,6.1,26.8,0.164036988,0.704306162,-0.140903958,0.676107059
1095,2740439,1324520,0.985,0.044,-0.034,0,0.1,-0.1,-34.7,5.8,26.8,0.164067507,0.704306162,-0.140903958,0.676107059
1096,2743762,1324530,0.985,0.044,-0.034,0,0,-0.1,-34.7,5.8,26.8,0.164067507,0.704306162,-0.140903958,0.676107059
1097,2745397,1324530,0.988,0.04,-0.03,0,0,0,-34.7,5.8,26.8,0.164067507,0.704306162,-0.140903958,0.676107059
1098,2748071,1324530,0.985,0.044,-0.03,0,0,0.1,-34.7,5.8,26.8,0.164036988,0.704306162,-0.140903958,0.676107059
1099,2751235,1324530,0.985,0.044,-0.026,0,0.1,0.2,-34.6,6.2,27.1,0.164098025,0.70433668,-0.140842921,0.676107059
1100,2752889,1324540,0.988,0.04,-0.026,0,0.1,0.2,-34.6,6.2,27.1,0.164098025,0.704306162,-0.140842921,0.676107059
1101,2755766,1324540,0.988,0.04,-0.03,0,0.1,0.1,-34.6,6.2,27.1,0.164067507,0.704306162,-0.140842921,0.676107059
1102,2759427,1324540,0.985,0.036,-0.026,0,0,0.1,-34.6,6.2,27.1,0.164067507,0.704306162,-0.140842921,0.676107059
1103,2760974,1324540,0.985,0.04,-0.03,0,-0.1,0,-34.8,6,26.8,0.164067507,0.704306162,-0.140842921,0.676107059
1104,2764020,1324550,0.985,0.036,-0.034,0,-0.1,0,-34.8,6,26.8,0.164067507,0.704306162,-0.140842921,0.676107059
1105,2765404,1324550,0.981,0.04,-0.034,0,-0.1,-0.1,-34.8,6,26.8,0.164067507,0.70433668,-0.140842921,0.676107059
1106,2768704,1324550,0.981,0.044,-0.03,0.1,-0.2,-0.1,-34.8,6,26.8,0.164067507,0.70433668,-0.140842921,0.676107059
1107,2771426,1324550,0.985,0.044,-0.03,0,-0.1,0,-34.5,5.8,27.1,0.164067507,0.70433668,-0.140842921,0.67607654
1108,2773099,1324560,0.985,0.036,-0.03,0,0,0,-34.5,5.8,27.1,0.164067507,0.70433668,-0.140842921,0.67607654
1109,2776052,1324560,0.985,0.036,-0.03,0,0.1,0,-34.5,5.8,27.1,0.164067507,0.70433668,-0.140842921,0.676107059
1110,2779073,1324560,0.988,0.04,-0.034,0,0.1,0,-34.5,5.8,27.1,0.164067507,0.70433668,-0.140842921,0.676107059
1111,2780596,1324560,0.985,0.036,-0.03,0,0.1,0,-34.7,6.2,26.3,0.164067507,0.70433668,-0.140842921,0.676107059
1112,2783593,1324570,0.985,0.04,-0.03,0,0,0,-34.7,6.2,26.3,0.164067507,0.70433668,-0.140842921,0.676107059
1113,2785762,1324570,0.988,0.04,-0.026,0,0,0,-34.7,6.2,26.3,0.164067507,0.70433668,-0.140842921,0.676107059
1114,2788130,1324570,0.988,0.036,-0.034,0,-0.1,-0.1,-34.7,6.2,26.3,0.164067507,0.70433668,-0.140842921,0.676107059
1115,2791677,1324570,0.988,0.04,-0.03,0,-0.1,-0.1,-34.4,6,27.3,0.164067507,0.70433668,-0.140842921,0.676107059
1116,2793006,1324580,0.981,0.044,-0.034,-0.1,0,-0.1,-34.4,6,27.3,0.164098025,0.70433668,-0.140842921,0.67607654
1117,2796389,1324580,0.985,0.044,-0.026,-0.1,0,-0.1,-34.4,6,27.3,0.164098025,0.70433668,-0.140842921,0.67607654
1118,2798435,1324580,0.981,0.04,-0.026,-0.1,0.1,-0.2,-34.4,6,27.3,0.164098025,0.70433668,-0.140842921,0.676107059
1119,2800656,1324580,0.981,0.036,-0.03,-0.1,0.1,-0.2,-34.7,6.1,27.9,0.164128544,0.704306162,-0.140842921,0.676107059
1120,2803075,1324590,0.985,0.04,-0.03,-0.1,0,-0.1,-34.7,6.1,27.9,0.164159062,0.704306162,-0.140842921,0.676107059
1121,2805396,1324590,0.988,0.04,-0.03,0,0,-0.1,-34.7,6.1,27.9,0.164159062,0.704306162,-0.140842921,0.676107059
1122,2808886,1324590,0.985,0.036,-0.03,0,0,0,-34.7,6.1,27.9,0.164159062,0.704306162,-0.140842921,0.676107059
1123,2810531,1324590,0.988,0.044,-0.034,0,-0.1,0,-34.3,6,28.3,0.164159062,0.704306162,-0.140842921,0.676107059
1124,2813860,1324600,0.988,0.04,-0.03,0,-0.1,0,-34.3,6,28.3,0.164159062,0.704306162,-0.140842921,0.676107059
1125,2815654,1324600,0.985,0.04,-0.03,0,0,0,-34.3,6,28.3,0.164159062,0.704306162,-0.140842921,0.676107059
1126,2817922,1324600,0.988,0.04,-0.03,0,0,0,-34.3,6,28.3,0.164159062,0.704306162,-0.140842921,0.676107059
1127,2821311,1324600,0.985,0.04,-0.034,0,0,0,-34.8,6.2,28.1,0.164159062,0.704306162,-0.140842921,0.676107059
1128,2823294,1324610,0.988,0.04,-0.03,0,-0.1,0,-34.8,6.2,28.1,0.164159062,0.704306162,-0.140842921,0.676107059
1129,2825645,1324610,0.988,0.044,-0.03,0,0,0,-34.8,6.2,28.1,0.164159062,0.704306162,-0.140842921,0.676107059
1130,2827927,1324610,0.985,0.04,-0.03,0,0,0,-34.8,6.2,28.1,0.164159062,0.704306162,-0.140842921,0.676107059
1131,2830605,1324610,0.981,0.044,-0.03,0,0,0,-34.6,6.1,24.8,0.164159062,0.704306162,-0.140842921,0.676107059
1132,2834167,1324620,0.985,0.04,-0.034,0,0,0,-34.6,6.1,24.8,0.164159062,0.704306162,-0.140842921,0.676107059
1133,2836287,1324620,0.981,0.04,-0.03,0,0.1,0.1,-34.6,6.1,24.8,0.164128544,0.704306162,-0.140842921,0.676107059
1134,2838552,1324620,0.985,0.044,-0.03,0,0,0.2,-34.6,6.1,24.8,0.164128544,0.704306162,-0.140842921,0.676107059
1135,2840686,1324620,0.985,0.044,-0.03,0,0,0.1,-34.3,6,27.3,0.164128544,0.704306162,-0.140842921,0.676107059
1136,2843270,1324630,0.985,0.04,-0.03,0,0,0,-34.3,6,27.3,0.164128544,0.704306162,-0.140842921,0.676107059
1137,2845476,1324630,0.985,0.04,-0.03,0,-0.1,0,-34.3,6,27.3,0.164128544,0.704306162,-0.140842921,0.676107059
1138,2848207,1324630,0.988,0.036,-0.03,0,0,0,-34.3,6,27.3,0.164128544,0.704306162,-0.140842921,0.676107059
1139,2850891,1324630,0.988,0.04,-0.034,0,0,0,-34.6,6.4,26.7,0.164159062,0.704306162,-0.140842921,0.676107059
1140,2853181,1324640,0.988,0.04,-0.034,0,-0.1,0,-34.6,6.4,26.7,0.164159062,0.704306162,-0.140842921,0.676107059
1141,2855463,1324640,0.981,0.04,-0.03,0,-0.1,0,-34.6,6.4,26.7,0.164159062,0.704306162,-0.140842921,0.676107059
1142,2858167,1324640,0.985,0.04,-0.03,0,-0.1,0,-34.6,6.4,26.7,0.164159062,0.704306162,-0.140842921,0.676107059
1143,2860518,1324640,0.985,0.04,-0.03,0,-0.1,0,-34.6,6.3,26,0.164159062,0.704306162,-0.140842921,0.676107059
1144,2863160,1324650,0.985,0.044,-0.03,0,-0.1,-0.1,-34.6,6.3,26,0.164159062,0.704306162,-0.140842921,0.676107059
1145,2867041,1324650,0.985,0.036,-0.03,0,0,0,-34.6,6.3,26,0.164159062,0.704306162,-0.140842921,0.676107059
1146,2869173,1324650,0.985,0.036,-0.03,0,0,0,-34.6,6.3,26,0.164159062,0.704306162,-0.140842921,0.676107059
1147,2871490,1324650,0.985,0.036,-0.026,0,0.1,0,-34.7,6.3,25.7,0.164159062,0.704306162,-0.140842921,0.676107059
1148,2873652,1324660,0.985,0.04,-0.034,0,0,0,-34.7,6.3,25.7,0.164159062,0.704306162,-0.140842921,0.676107059
1149,2875988,1324660,0.985,0.04,-0.034,0,0,0,-34.7,6.3,25.7,0.164159062,0.704306162,-0.140842921,0.676107059
1150,2878161,1324660,0.985,0.036,-0.034,0.1,-0.2,0,-34.7,6.3,25.7,0.164159062,0.704306162,-0.140842921,0.676107059
1151,2880465,1324660,0.985,0.04,-0.03,0,-0.2,0,-34.7,6.1,27,0.164159062,0.70433668,-0.140842921,0.67607654
1152,2884583,1324670,0.988,0.044,-0.022,0,-0.1,0,-34.7,6.1,27,0.164159062,0.70433668,-0.140842921,0.67607654
1153,2886287,1324670,0.988,0.036,-0.034,0,-0.1,-0.1,-34.7,6.1,27,0.164159062,0.70433668,-0.140842921,0.67607654
1154,2887837,1324670,0.988,0.04,-0.034,-0.1,-0.1,-0.1,-34.7,6.1,27,0.164159062,0.70433668,-0.140842921,0.67607654
1155,2891137,1324670,0.988,0.04,-0.026,0,0,0,-34.5,6,26.7,0.164159062,0.70433668,-0.140842921,0.67607654
1156,2892851,1324680,0.988,0.044,-0.03,0,0,0,-34.5,6,26.7,0.164159062,0.70433668,-0.140842921,0.67607654
1157,2896380,1324680,0.988,0.04,-0.034,0,0,0,-34.5,6,26.7,0.164159062,0.70433668,-0.140842921,0.67607654
1158,2897855,1324680,0.985,0.036,-0.03,0,0,0,-34.5,6,26.7,0.164159062,0.70433668,-0.140842921,0.67607654
1159,2900410,1324680,0.981,0.044,-0.03,0,0,0,-34.5,6.1,27,0.164159062,0.704306162,-0.140842921,0.67607654
1160,2903848,1324690,0.985,0.036,-0.03,-0.1,0,0,-34.5,6.1,27,0.164159062,0.704306162,-0.140842921,0.67607654
1161,2905422,1324690,0.985,0.036,-0.034,0,-0.1,0,-34.5,6.1,27,0.164159062,0.70433668,-0.140842921,0.67607654
1162,2907939,1324690,0.988,0.04,-0.03,0,-0.1,0,-34.5,6.1,27,0.164159062,0.70433668,-0.140842921,0.67607654
1163,2910769,1324690,0.985,0.036,-0.03,0,-0.1,0,-34.6,6.1,27.1,0.164159062,0.70433668,-0.140842921,0.67607654
1164,2913815,1324700,0.988,0.04,-0.022,0,-0.1,0,-34.6,6.1,27.1,0.164159062,0.70433668,-0.140842921,0.67607654
1165,2915444,1324700,0.985,0.04,-0.03,0,-0.1,0,-34.6,6.1,27.1,0.164159062,0.70433668,-0.140842921,0.67607654
1166,2918297,1324700,0.985,0.044,-0.03,0.1,-0.1,0,-34.6,6.1,27.1,0.164159062,0.70433668,-0.140842921,0.67607654
1167,2921512,1324700,0.985,0.044,-0.034,0.1,0,0,-34.7,6,26.9,0.164159062,0.70433668,-0.140842921,0.67607654
1168,2923024,1324710,0.985,0.044,-0.026,0.1,0.1,0,-34.7,6,26.9,0.164159062,0.70433668,-0.140842921,0.67607654
1169,2926033,1324710,0.988,0.036,-0.026,0.1,0.1,0.1,-34.7,6,26.9,0.164159062,0.70433668,-0.140842921,0.67607654
1170,2927796,1324710,0.988,0.04,-0.03,0.1,0.1,0.1,-34.7,6,26.9,0.164159062,0.70433668,-0.140842921,0.67607654
1171,2931319,1324710,0.985,0.036,-0.026,0.1,0,0,-34.6,6.5,27.8,0.164159062,0.70433668,-0.140842921,0.67607654
1172,2932831,1324720,0.985,0.04,-0.03,0,-0.1,0,-34.6,6.5,27.8,0.164159062,0.70433668,-0.140842921,0.67607654
1173,2935388,1324720,0.981,0.04,-0.03,0,-0.1,0,-34.6,6.5,27.8,0.164159062,0.70433668,-0.140842921,0.67607654
1174,2938840,1324720,0.985,0.04,-0.03,0,-0.1,0,-34.6,6.5,27.8,0.164159062,0.70433668,-0.140842921,0.67607654
1175,2940595,1324720,0.981,0.036,-0.03,0,0,0,-34.6,5.1,25.8,0.164159062,0.70433668,-0.140842921,0.67607654
1176,2942866,1324730,0.988,0.044,-0.038,0,0,0,-34.6,5.1,25.8,0.164159062,0.70433668,-0.140842921,0.67607654
1177,2946360,1324730,0.985,0.04,-0.034,-0.1,0,0,-34.6,5.1,25.8,0.164159062,0.70433668,-0.140842921,0.67607654
1178,2948026,1324730,0.985,0.036,-0.026,0,-0.1,0,-34.6,5.1,25.8,0.164159062,0.70433668,-0.140842921,0.67607654
1179,2950572,1324730,0.985,0.036,-0.03,0,-0.1,0,-34.3,4.6,25.9,0.164159062,0.70433668,-0.140842921,0.67607654
1180,2953752,1324740,0.988,0.044,-0.03,0,-0.1,-0.1,-34.3,4.6,25.9,0.164159062,0.70433668,-0.140842921,0.67607654
1181,2955422,1324740,0.988,0.044,-0.038,0,-0.1,-0.1,-34.3,4.6,25.9,0.164159062,0.70433668,-0.140842921,0.676046022
1182,2958879,1324740,0.985,0.04,-0.034,0,-0.1,-0.1,-34.3,4.6,25.9,0.164159062,0.704367199,-0.140842921,0.676046022
1183,2960385,1324740,0.985,0.04,-0.03,0,-0.1,-0.1,-34.2,4.1,26,0.164159062,0.704367199,-0.140842921,0.676046022
1184,2962969,1324750,0.988,0.04,-0.034,0,-0.1,-0.1,-34.2,4.1,26,0.164159062,0.704367199,-0.140842921,0.676046022
1185,2965249,1324750,0.985,0.036,-0.034,0,-0.1,0,-34.2,4.1,26,0.164159062,0.704367199,-0.140842921,0.676046022
1186,2968735,1324750,0.985,0.044,-0.03,0,-0.1,0,-34.2,4.1,26,0.164159062,0.704367199,-0.140842921,0.676046022
1187,2970474,1324750,0.985,0.044,-0.03,0,0,0,-34.7,4,25.9,0.164159062,0.704367199,-0.140842921,0.676046022
1188,2973857,1324760,0.985,0.044,-0.026,0,0,0,-34.7,4,25.9,0.164159062,0.704367199,-0.140842921,0.676046022
1189,2975481,1324760,0.988,0.036,-0.026,0,0.1,-0.1,-34.7,4,25.9,0.164159062,0.704367199,-0.140842921,0.676046022
1190,2978092,1324760,0.981,0.04,-0.03,0,0.1,-0.1,-34.7,4,25.9,0.164159062,0.704367199,-0.140842921,0.676046022
1191,2980267,1324760,0.985,0.04,-0.03,0,0,-0.1,-34.7,7.5,27.3,0.164159062,0.704367199,-0.140842921,0.676046022
1192,2983717,1324770,0.985,0.036,-0.034,0,-0.1,0,-34.7,7.5,27.3,0.164159062,0.704367199,-0.140842921,0.676046022
1193,2985946,1324770,0.985,0.04,-0.03,0,-0.1,0,-34.7,7.5,27.3,0.164159062,0.704367199,-0.140842921,0.676046022
1194,2988417,1324770,0.985,0.036,-0.03,0,-0.1,0.1,-34.7,7.5,27.3,0.164159062,0.704367199,-0.140842921,0.676046022
1195,2990704,1324770,0.992,0.04,-0.038,0,0,0,-34.8,5.6,26.2,0.164159062,0.704367199,-0.140842921,0.676046022
1196,2992925,1324780,0.988,0.04,-0.03,0,0,0,-34.8,5.6,26.2,0.164159062,0.704367199,-0.140842921,0.676046022
1197,2995637,1324780,0.988,0.04,-0.03,0,0.1,0,-34.8,5.6,26.2,0.164159062,0.704367199,-0.140842921,0.676046022
1198,2998951,1324780,0.988,0.04,-0.03,0.1,0,0,-34.8,5.6,26.2,0.164159062,0.704367199,-0.140842921,0.676046022
1199,3000402,1324780,0.985,0.036,-0.034,0.1,0,-0.1,-35.2,6,26.2,0.164159062,0.704367199,-0.140842921,0.676046022
1200,3003041,1324790,0.985,0.036,-0.034,0.1,0,-0.1,-35.2,6,26.2,0.164159062,0.704367199,-0.140812403,0.676046022
1201,3006168,1324790,0.981,0.04,-0.026,0,0,-0.1,-35.2,6,26.2,0.164159062,0.704367199,-0.140812403,0.676046022
1202,3008284,1324790,0.988,0.04,-0.026,0,0,0,-35.2,6,26.2,0.164159062,0.704367199,-0.140812403,0.676046022
1203,3010555,1324790,0.985,0.044,-0.034,0,-0.1,0,-34.8,7.1,26.1,0.164159062,0.704367199,-0.140812403,0.676046022
1204,3012915,1324800,0.985,0.036,-0.03,0,-0.1,-0.1,-34.8,7.1,26.1,0.164159062,0.704397717,-0.140812403,0.676015503
1205,3015401,1324800,0.985,0.04,-0.03,0,-0.1,-0.1,-34.8,7.1,26.1,0.164159062,0.704397717,-0.140812403,0.676015503
1206,3018759,1324800,0.985,0.04,-0.03,0,0,-0.1,-34.8,7.1,26.1,0.164159062,0.704397717,-0.140812403,0.676015503
1207,3020393,1324800,0.988,0.044,-0.026,0,0,0,-34.8,7.4,26.5,0.164159062,0.704397717,-0.140812403,0.676015503
1208,3023614,1324810,0.988,0.04,-0.034,0,0,0,-34.8,7.4,26.5,0.164159062,0.704397717,-0.140812403,0.676015503
1209,3025314,1324810,0.985,0.036,-0.034,0,0,0,-34.8,7.4,26.5,0.164159062,0.704397717,-0.140812403,0.676015503
1210,3028467,1324810,0.985,0.04,-0.026,0,0.1,0.1,-34.8,7.4,26.5,0.164159062,0.704397717,-0.140812403,0.676015503
1211,3030819,1324810,0.985,0.036,-0.03,-0.1,0.1,0,-34.7,6.2,26.7,0.164159062,0.704397717,-0.140812403,0.676015503
1212,3033115,1324820,0.985,0.036,-0.03,-0.1,0,0,-34.7,6.2,26.7,0.164159062,0.704367199,-0.140842921,0.676015503
1213,3035291,1324820,0.985,0.04,-0.034,0,0,0,-34.7,6.2,26.7,0.164159062,0.704367199,-0.140842921,0.676015503
1214,3037908,1324820,0.985,0.04,-0.03,0,-0.1,0,-34.7,6.2,26.7,0.164159062,0.704397717,-0.140842921,0.676015503
1215,3041305,1324820,0.988,0.036,-0.03,0,-0.2,0,-34.9,6.1,26.6,0.164159062,0.704397717,-0.140842921,0.676015503
1216,3042805,1324830,0.985,0.04,-0.03,0,-0.3,0,-34.9,6.1,26.6,0.164159062,0.704397717,-0.140842921,0.676015503
1217,3045270,1324830,0.988,0.04,-0.034,0,-0.2,0,-34.9,6.1,26.6,0.164159062,0.704397717,-0.140842921,0.676015503
1218,3048842,1324830,0.988,0.044,-0.026,0,-0.1,0,-34.9,6.1,26.6,0.164159062,0.704397717,-0.140842921,0.676015503
1219,3050436,1324830,0.985,0.04,-0.03,0,0,0,-34.7,6.2,26.7,0.164159062,0.704397717,-0.140842921,0.676015503
1220,3052889,1324840,0.988,0.044,-0.03,0,0.1,0,-34.7,6.2,26.7,0.164159062,0.704397717,-0.140842921,0.676015503
1221,3056274,1324840,0.988,0.04,-0.03,0,0,0,-34.7,6.2,26.7,0.164159062,0.704397717,-0.140842921,0.676015503
1222,3057840,1324840,0.988,0.036,-0.026,0,0,0,-34.7,6.2,26.7,0.164159062,0.704397717,-0.140812403,0.676015503
1223,3060425,1324840,0.988,0.044,-0.03,0,0,0,-34.9,6.6,27,0.164159062,0.704397717,-0.140812403,0.676015503
1224,3063814,1324850,0.988,0.04,-0.03,0,-0.1,0,-34.9,6.6,27,0.164159062,0.704397717,-0.140842921,0.676015503
1225,3065370,1324850,0.985,0.04,-0.03,0,-0.1,0,-34.9,6.6,27,0.164159062,0.704397717,-0.140842921,0.676015503
1226,3067797,1324850,0.988,0.04,-0.03,0.1,0,0.1,-34.9,6.6,27,0.164159062,0.704397717,-0.140842921,0.676015503
1227,3071360,1324850,0.985,0.036,-0.022,0,0,0,-35.5,6,26.9,0.164159062,0.704397717,-0.140842921,0.676015503
1228,3072863,1324860,0.985,0.04,-0.03,0,0,0,-35.5,6,26.9,0.164159062,0.704397717,-0.140842921,0.676015503
1229,3075781,1324860,0.985,0.04,-0.026,0,0,0,-35.5,6,26.9,0.164159062,0.704397717,-0.140842921,0.676015503
1230,3078148,1324860,0.988,0.04,-0.03,0,0,0,-35.5,6,26.9,0.164159062,0.704397717,-0.140842921,0.676015503
1231,3080405,1324860,0.985,0.04,-0.026,-0.1,-0.1,-0.1,-34.1,4.9,26.7,0.164159062,0.704397717,-0.140842921,0.676015503
1232,3082842,1324870,0.985,0.04,-0.03,0,-0.1,-0.1,-34.1,4.9,26.7,0.164159062,0.704397717,-0.140842921,0.676015503
1233,3086258,1324870,0.985,0.04,-0.03,0,-0.1,-0.1,-34.1,4.9,26.7,0.164159062,0.704397717,-0.140842921,0.676015503
1234,3087835,1324870,0.981,0.04,-0.022,0,-0.2,0,-34.1,4.9,26.7,0.164159062,0.704397717,-0.140842921,0.676015503
1235,3090816,1324870,0.988,0.04,-0.026,0,-0.2,0,-35.7,7.3,26.6,0.164159062,0.704397717,-0.140842921,0.676015503
1236,3093053,1324880,0.981,0.04,-0.03,0,-0.1,0,-35.7,7.3,26.6,0.164159062,0.704397717,-0.140842921,0.675984985
1237,3096059,1324880,0.985,0.04,-0.034,0,-0.1,0,-35.7,7.3,26.6,0.164159062,0.704397717,-0.140842921,0.675984985
1238,3097785,1324880,0.988,0.036,-0.034,0,-0.1,0,-35.7,7.3,26.6,0.164159062,0.704428236,-0.140842921,0.675984985
1239,3100588,1324880,0.985,0.04,-0.03,0,-0.1,0,-36.5,7.3,26.6,0.164159062,0.704428236,-0.140842921,0.675984985
1240,3103628,1324890,0.985,0.04,-0.038,0.1,0,0,-36.5,7.3,26.6,0.164159062,0.704428236,-0.140842921,0.675984985
1241,3105290,1324890,0.981,0.04,-0.034,0.1,0,0,-36.5,7.3,26.6,0.164159062,0.704397717,-0.140842921,0.675984985
1242,3108935,1324890,0.985,0.04,-0.03,0,0,0,-36.5,7.3,26.6,0.164159062,0.704397717,-0.140842921,0.675984985
1243,3110364,1324890,0.985,0.036,-0.03,0,0,0,-36.7,7.7,26.6,0.164159062,0.704397717,-0.140842921,0.675984985
1244,3112811,1324900,0.985,0.044,-0.03,0,0,-0.1,-36.7,7.7,26.6,0.164159062,0.704428236,-0.140842921,0.675984985
1245,3115686,1324900,0.988,0.04,-0.03,0,0,-0.1,-36.7,7.7,26.6,0.164159062,0.704428236,-0.140842921,0.675984985
1246,3118633,1324900,0.988,0.044,-0.034,0,0,-0.1,-36.7,7.7,26.6,0.164159062,0.704428236,-0.140842921,0.675984985
1247,3120880,1324900,0.988,0.036,-0.034,0,0,0,-36.7,7.8,26.6,0.164159062,0.704428236,-0.140842921,0.675984985
1248,3123108,1324910,0.985,0.036,-0.034,0,0.1,0,-36.7,7.8,26.6,0.164159062,0.704397717,-0.140842921,0.675984985
1249,3126119,1324910,0.985,0.036,-0.034,0,0.2,0,-36.7,7.8,26.6,0.164159062,0.704397717,-0.140842921,0.676015503
1250,3128347,1324910,0.985,0.04,-0.034,0.1,0.1,0,-36.7,7.8,26.6,0.164159062,0.704397717,-0.140842921,0.676015503
1251,3131400,1324910,0.988,0.04,-0.034,0.1,0,0,-33.7,5.6,26.8,0.164159062,0.704397717,-0.140812403,0.676015503
1252,3132879,1324920,0.988,0.032,-0.034,0.1,0,0,-33.7,5.6,26.8,0.164159062,0.704397717,-0.140812403,0.676015503
1253,3135830,1324920,0.988,0.04,-0.026,0.1,0,-0.1,-33.7,5.6,26.8,0.164159062,0.704397717,-0.140812403,0.676015503
1254,3138108,1324920,0.985,0.04,-0.026,0,0,-0.1,-33.7,5.6,26.8,0.164159062,0.704397717,-0.140812403,0.676015503
1255,3140739,1324920,0.985,0.044,-0.034,0,0,-0.1,-36.1,6.7,26.9,0.164159062,0.704397717,-0.140812403,0.676015503
1256,3142757,1324930,0.985,0.036,-0.03,0,0.1,-0.1,-36.1,6.7,26.9,0.164159062,0.704397717,-0.140812403,0.676015503
1257,3145709,1324930,0.985,0.04,-0.03,0,0.2,0,-36.1,6.7,26.9,0.164159062,0.704397717,-0.140812403,0.676015503
1258,3148652,1324930,0.985,0.036,-0.026,0,0.2,0,-36.1,6.7,26.9,0.164159062,0.704397717,-0.140812403,0.676015503
1259,3151597,1324930,0.988,0.04,-0.03,0,0.3,0,-35.1,6.5,27,0.164159062,0.704397717,-0.140812403,0.676015503
1260,3153081,1324940,0.988,0.04,-0.03,0,0.3,0,-35.1,6.5,27,0.164159062,0.704367199,-0.140812403,0.676046022
1261,3156064,1324940,0.985,0.04,-0.026,0,0.1,0,-35.1,6.5,27,0.164159062,0.704367199,-0.140812403,0.676046022
1262,3157789,1324940,0.985,0.044,-0.034,0,0.1,0,-35.1,6.5,27,0.164159062,0.704367199,-0.140812403,0.676046022
1263,3160623,1324940,0.988,0.04,-0.03,0.1,0,0,-34.5,7.1,26.9,0.164159062,0.704367199,-0.140812403,0.676046022
1264,3162899,1324950,0.985,0.04,-0.03,0.1,0,0,-34.5,7.1,26.9,0.164159062,0.704367199,-0.140812403,0.676046022
1265,3165923,1324950,0.985,0.04,-0.03,0,-0.1,-0.1,-34.5,7.1,26.9,0.164159062,0.704367199,-0.140812403,0.676046022
1266,3168034,1324950,0.981,0.036,-0.026,0,-0.1,-0.1,-34.5,7.1,26.9,0.164159062,0.704367199,-0.140812403,0.676046022
1267,3171109,1324950,0.985,0.044,-0.03,-0.1,-0.1,-0.1,-34.2,7.2,27.1,0.164159062,0.704397717,-0.140812403,0.676046022
1268,3173324,1324960,0.985,0.04,-0.034,-0.1,0,-0.1,-34.2,7.2,27.1,0.164159062,0.704397717,-0.140812403,0.676046022
1269,3175606,1324960,0.981,0.04,-0.03,0,0.1,-0.1,-34.2,7.2,27.1,0.164159062,0.704367199,-0.140812403,0.676046022
1270,3179493,1324960,0.985,0.036,-0.034,0,0.1,0,-34.2,7.2,27.1,0.164159062,0.704367199,-0.140812403,0.676046022
1271,3181630,1324960,0.988,0.036,-0.03,0.1,0,0,-34.7,6.1,26.6,0.164159062,0.704367199,-0.140812403,0.676046022
1272,3183144,1324970,0.985,0.04,-0.034,0.1,0,0,-34.7,6.1,26.6,0.164159062,0.704367199,-0.140812403,0.676046022
1273,3186902,1324970,0.985,0.04,-0.026,0.1,0,0,-34.7,6.1,26.6,0.164159062,0.704367199,-0.140812403,0.676046022
1274,3189135,1324970,0.988,0.04,-0.038,0,-0.1,-0.1,-34.7,6.1,26.6,0.164159062,0.704397717,-0.140781884,0.676046022
1275,3190775,1324970,0.985,0.04,-0.03,0,-0.1,-0.1,-34.6,6,26.4,0.164159062,0.704397717,-0.140781884,0.676015503
1276,3193021,1324980,0.985,0.04,-0.03,0,-0.1,0,-34.6,6,26.4,0.164159062,0.704397717,-0.140781884,0.676015503
1277,3195401,1324980,0.988,0.04,-0.03,0,0,0,-34.6,6,26.4,0.164159062,0.704397717,-0.140781884,0.676015503
1278,3197892,1324980,0.985,0.04,-0.03,0,0.1,0,-34.6,6,26.4,0.164159062,0.704397717,-0.140781884,0.676015503
1279,3201395,1324980,0.985,0.044,-0.026,0,0.1,0,-34.8,6.1,26.5,0.164159062,0.704367199,-0.140781884,0.676046022
1280,3203666,1324990,0.985,0.04,-0.03,0,0.1,0,-34.8,6.1,26.5,0.164159062,0.704367199,-0.140781884,0.676046022
1281,3205361,1324990,0.985,0.036,-0.03,0,0.1,0,-34.8,6.1,26.5,0.164159062,0.704367199,-0.140781884,0.676046022
1282,3208961,1324990,0.985,0.04,-0.026,0,0,0,-34.8,6.1,26.5,0.164159062,0.704367199,-0.140781884,0.676046022
1283,3210464,1324990,0.988,0.04,-0.03,-0.1,0,0,-34.5,5.9,26.7,0.164159062,0.704367199,-0.140781884,0.676046022
1284,3214015,1325000,0.988,0.04,-0.03,-0.1,-0.1,0,-34.5,5.9,26.7,0.164159062,0.704367199,-0.140781884,0.676046022
1285,3215625,1325000,0.988,0.044,-0.034,-0.1,-0.1,0,-34.5,5.9,26.7,0.164159062,0.704367199,-0.140781884,0.676046022
1286,3217778,1325000,0.985,0.036,-0.034,-0.1,-0.1,0,-34.5,5.9,26.7,0.164159062,0.704367199,-0.140781884,0.676046022
1287,3220860,1325000,0.988,0.04,-0.026,0,0,-0.1,-34.5,5.9,26.7,0.164159062,0.704367199,-0.140781884,0.676046022
1288,3223883,1325010,0.988,0.04,-0.026,0,0.1,-0.1,-34.5,5.9,26.7,0.164189581,0.704367199,-0.140781884,0.676046022
1289,3225386,1325010,0.985,0.04,-0.026,0,0.1,0,-34.5,5.9,26.7,0.164189581,0.704367199,-0.140781884,0.676046022
1290,3228240,1325010,0.985,0.044,-0.03,0,0.1,0,-34.5,5.9,26.7,0.164189581,0.704367199,-0.140781884,0.676046022
1291,3231460,1325010,0.985,0.04,-0.022,-0.1,0,0,-36.2,5.9,26.7,0.164189581,0.704367199,-0.140781884,0.676046022
1292,3232810,1325020,0.981,0.036,-0.03,-0.1,0,0,-36.2,5.9,26.7,0.164189581,0.704367199,-0.140812403,0.676046022
1293,3236027,1325020,0.985,0.04,-0.03,-0.1,0,0,-36.2,5.9,26.7,0.164189581,0.704367199,-0.140812403,0.676046022
1294,3238179,1325020,0.985,0.04,-0.034,0,0,0,-36.2,5.9,26.7,0.164189581,0.704367199,-0.140812403,0.676046022
1295,3240979,1325020,0.992,0.04,-0.03,0,0,0,-33.6,5.6,27,0.164189581,0.704367199,-0.140812403,0.676046022
1296,3243342,1325030,0.985,0.036,-0.03,0,-0.1,0,-33.6,5.6,27,0.164189581,0.704367199,-0.140812403,0.676046022
1297,3246400,1325030,0.985,0.044,-0.03,0,-0.1,0,-33.6,5.6,27,0.164189581,0.704367199,-0.140812403,0.676046022
1298,3247868,1325030,0.988,0.04,-0.03,0,-0.2,0,-33.6,5.6,27,0.164189581,0.704367199,-0.140812403,0.676046022
1299,3250739,1325030,0.985,0.04,-0.034,0,-0.2,0,-33.2,6.2,26.5,0.164189581,0.704367199,-0.140781884,0.676046022
1300,3253669,1325040,0.985,0.04,-0.022,0,-0.2,0,-33.2,6.2,26.5,0.164189581,0.704367199,-0.140812403,0.676046022
1301,3255284,1325040,0.988,0.04,-0.03,0,-0.2,0,-33.2,6.2,26.5,0.164189581,0.704367199,-0.140812403,0.676046022
1302,3258417,1325040,0.981,0.04,-0.026,0,-0.2,0,-33.2,6.2,26.5,0.164189581,0.704367199,-0.140812403,0.676046022
1303,3260708,1325040,0.985,0.04,-0.026,0,-0.2,0,-33.2,6.2,26.8,0.164159062,0.704397717,-0.140812403,0.676015503
1304,3263661,1325050,0.985,0.04,-0.03,0,-0.2,0,-33.2,6.2,26.8,0.164159062,0.704397717,-0.140812403,0.676015503
1305,3265278,1325050,0.985,0.044,-0.03,0,-0.2,0,-33.2,6.2,26.8,0.164159062,0.704397717,-0.140812403,0.676015503
1306,3268144,1325050,0.988,0.04,-0.03,0,-0.2,0,-33.2,6.2,26.8,0.164159062,0.704397717,-0.140812403,0.676015503
1307,3271167,1325050,0.981,0.044,-0.034,0,-0.3,0,-33.5,5.9,26.7,0.164159062,0.704397717,-0.140812403,0.676015503
1308,3272742,1325060,0.985,0.036,-0.03,0,-0.2,0,-33.5,5.9,26.7,0.164159062,0.704397717,-0.140812403,0.676015503
1309,3275710,1325060,0.988,0.04,-0.03,0,-0.1,0,-33.5,5.9,26.7,0.164159062,0.704397717,-0.140812403,0.676015503
1310,3278039,1325060,0.988,0.044,-0.03,0,0,0,-33.5,5.9,26.7,0.164159062,0.704397717,-0.140812403,0.676015503
1311,3280268,1325060,0.981,0.036,-0.03,0,0,0,-34.8,6.1,26.8,0.164159062,0.704397717,-0.140812403,0.676015503
1312,3282959,1325070,0.985,0.036,-0.026,-0.1,0.1,0,-34.8,6.1,26.8,0.164159062,0.704397717,-0.140812403,0.676015503
1313,3286091,1325070,0.988,0.04,-0.03,-0.1,0.1,0,-34.8,6.1,26.8,0.164159062,0.704397717,-0.140812403,0.676015503
1314,3287779,1325070,0.985,0.04,-0.03,0,0.1,-0.1,-34.8,6.1,26.8,0.164189581,0.704397717,-0.140812403,0.676015503
1315,3290448,1325070,0.985,0.04,-0.034,0,0.1,-0.1,-34.2,6.2,27,0.164189581,0.704397717,-0.140812403,0.676015503
1316,3293469,1325080,0.985,0.036,-0.034,0,0,0,-34.2,6.2,27,0.164189581,0.704397717,-0.140812403,0.676015503
1317,3296433,1325080,0.988,0.036,-0.03,0,0,0,-34.2,6.2,27,0.164189581,0.704397717,-0.140812403,0.676015503
1318,3297903,1325080,0.988,0.04,-0.034,0,0,0,-34.2,6.2,27,0.164189581,0.704397717,-0.140812403,0.676015503
1319,3300499,1325080,0.985,0.036,-0.03,0,0.1,0.1,-34.3,6.5,26.8,0.164159062,0.704397717,-0.140842921,0.675984985
1320,3303789,1325090,0.985,0.036,-0.03,0,0.1,0.1,-34.3,6.5,26.8,0.164159062,0.704397717,-0.140842921,0.675984985
1321,3305253,1325090,0.981,0.044,-0.034,0,0.1,0.1,-34.3,6.5,26.8,0.164159062,0.704397717,-0.140842921,0.676015503
1322,3308480,1325090,0.985,0.04,-0.03,0,0.1,0,-34.3,6.5,26.8,0.164159062,0.704397717,-0.140842921,0.676015503
1323,3310566,1325090,0.985,0.04,-0.03,0,0,-0.1,-34.2,6.2,26.9,0.164159062,0.704397717,-0.140842921,0.676015503
1324,3313482,1325100,0.985,0.04,-0.03,0,-0.1,0,-34.2,6.2,26.9,0.164159062,0.704397717,-0.140842921,0.676015503
1325,3316492,1325100,0.981,0.036,-0.034,0.1,0,0,-34.2,6.2,26.9,0.164159062,0.704397717,-0.140842921,0.676015503
1326,3317987,1325100,0.985,0.036,-0.03,0.1,0,0,-34.2,6.2,26.9,0.164159062,0.704397717,-0.140842921,0.676015503
1327,3320968,1325100,0.985,0.04,-0.03,0,0,0,-34.4,6.2,26.7,0.164159062,0.704397717,-0.140842921,0.676015503
1328,3323869,1325110,0.985,0.04,-0.034,0,0,0,-34.4,6.2,26.7,0.164159062,0.704397717,-0.140842921,0.676015503
1329,3325275,1325110,0.988,0.04,-0.026,0,0,0,-34.4,6.2,26.7,0.164159062,0.704397717,-0.140842921,0.676015503
1330,3328617,1325110,0.988,0.04,-0.03,0,0,0,-34.4,6.2,26.7,0.164159062,0.704397717,-0.140842921,0.676015503
1331,3331395,1325110,0.988,0.04,-0.026,0,0,-0.1,-34.8,6,26.5,0.164159062,0.704397717,-0.140842921,0.676015503
1332,3332884,1325120,0.985,0.036,-0.038,0.1,0,0,-34.8,6,26.5,0.164159062,0.704397717,-0.140812403,0.676015503
1333,3335941,1325120,0.981,0.036,-0.03,0,0,0,-34.8,6,26.5,0.164159062,0.704397717,-0.140812403,0.676015503
1334,3338885,1325120,0.981,0.036,-0.034,0,0,0,-34.8,6,26.5,0.164159062,0.704397717,-0.140812403,0.676015503
1335,3340482,1325120,0.985,0.044,-0.026,0,0.1,0,-34.8,6,27,0.164159062,0.704397717,-0.140812403,0.676015503
1336,3343706,1325130,0.981,0.04,-0.026,0,0.1,0,-34.8,6,27,0.164159062,0.704397717,-0.140812403,0.676015503
1337,3345408,1325130,0.985,0.036,-0.03,-0.1,0,0.1,-34.8,6,27,0.164159062,0.704397717,-0.140842921,0.676015503
1338,3349017,1325130,0.985,0.048,-0.034,-0.1,0,0,-34.8,6,27,0.164159062,0.704397717,-0.140842921,0.676015503
1339,3350781,1325130,0.985,0.04,-0.03,0,-0.1,-0.1,-34.7,6.1,28,0.164189581,0.704397717,-0.140812403,0.676015503
1340,3352998,1325140,0.988,0.04,-0.026,0,-0.1,-0.1,-34.7,6.1,28,0.164189581,0.704397717,-0.140812403,0.676015503
1341,3356098,1325140,0.988,0.044,-0.034,0,0,-0.1,-34.7,6.1,28,0.164189581,0.704397717,-0.140781884,0.676015503
1342,3357982,1325140,0.985,0.04,-0.034,0.1,-0.1,-0.2,-34.7,6.1,28,0.164189581,0.704397717,-0.140781884,0.676015503
1343,3360307,1325140,0.985,0.044,-0.026,0.1,-0.2,-0.2,-34.7,6.2,28.5,0.164189581,0.704397717,-0.140781884,0.676015503
1344,3363160,1325150,0.985,0.036,-0.03,0.1,-0.1,-0.1,-34.7,6.2,28.5,0.164189581,0.704397717,-0.140781884,0.676015503
1345,3366166,1325150,0.988,0.036,-0.034,0.1,0.1,0,-34.7,6.2,28.5,0.164189581,0.704397717,-0.140781884,0.676015503
1346,3367783,1325150,0.988,0.044,-0.034,0.1,0.3,0,-34.7,6.2,28.5,0.164189581,0.704397717,-0.140781884,0.676015503
1347,3370621,1325150,0.985,0.036,-0.03,0,0.3,0,-34.6,6,28.9,0.164189581,0.704397717,-0.140781884,0.676015503
1348,3373808,1325160,0.988,0.044,-0.034,0,0.3,0,-34.6,6,28.9,0.164189581,0.704397717,-0.140781884,0.676015503
1349,3375584,1325160,0.985,0.04,-0.03,0,0.3,0,-34.6,6,28.9,0.164189581,0.704367199,-0.140781884,0.676046022
1350,3378548,1325160,0.988,0.04,-0.034,0,0.2,0,-34.6,6,28.9,0.164189581,0.704367199,-0.140781884,0.676046022
1351,3380497,1325160,0.988,0.036,-0.034,0,0.1,0,-34.7,6.2,25.1,0.164189581,0.704367199,-0.140781884,0.676046022
1352,3382946,1325170,0.985,0.04,-0.03,0,0,0,-34.7,6.2,25.1,0.164189581,0.704367199,-0.140781884,0.676046022
1353,3386071,1325170,0.985,0.04,-0.034,0,-0.1,0,-34.7,6.2,25.1,0.164189581,0.704367199,-0.140781884,0.676046022
1354,3388279,1325170,0.985,0.04,-0.03,0,0,0,-34.7,6.2,25.1,0.164189581,0.704367199,-0.140751366,0.676046022
1355,3390547,1325170,0.985,0.04,-0.03,0,0,0,-34.8,6.1,27.2,0.164189581,0.704367199,-0.140751366,0.676046022
1356,3394665,1325180,0.985,0.04,-0.03,0,0.1,0,-34.8,6.1,27.2,0.164189581,0.704367199,-0.140751366,0.676046022
1357,3396770,1325180,0.988,0.036,-0.034,-0.1,0.1,0,-34.8,6.1,27.2,0.164189581,0.704367199,-0.140751366,0.676046022
1358,3398922,1325180,0.988,0.04,-0.03,-0.1,0.1,0,-34.8,6.1,27.2,0.164189581,0.704367199,-0.140751366,0.676046022
1359,3400587,1325180,0.988,0.04,-0.03,0,0.2,0,-34.6,6.2,26.6,0.164189581,0.704367199,-0.140781884,0.676046022
1360,3402913,1325190,0.985,0.04,-0.03,0,0.2,0,-34.6,6.2,26.6,0.164189581,0.704367199,-0.140781884,0.676046022
1361,3405478,1325190,0.981,0.04,-0.034,0,0.1,0,-34.6,6.2,26.6,0.164189581,0.704367199,-0.140781884,0.676046022
1362,3408869,1325190,0.985,0.04,-0.03,0,0,0,-34.6,6.2,26.6,0.164189581,0.704367199,-0.140781884,0.676046022
1363,3411360,1325190,0.985,0.036,-0.03,0,-0.1,0,-34.7,6.1,26.5,0.164189581,0.704367199,-0.140781884,0.676046022
1364,3413438,1325200,0.981,0.04,-0.03,0,-0.2,0,-34.7,6.1,26.5,0.164189581,0.704367199,-0.140781884,0.676046022
1365,3415472,1325200,0.988,0.04,-0.026,0,-0.2,0,-34.7,6.1,26.5,0.164189581,0.704367199,-0.140781884,0.676046022
1366,3418233,1325200,0.985,0.04,-0.03,0,-0.2,0,-34.7,6.1,26.5,0.164189581,0.704367199,-0.140781884,0.676046022
1367,3421958,1325200,0.988,0.04,-0.026,0,-0.1,0,-34.5,6.1,26,0.164189581,0.704367199,-0.140781884,0.676046022
1368,3424251,1325210,0.988,0.04,-0.026,-0.1,-0.1,-0.2,-34.5,6.1,26,0.164189581,0.704367199,-0.140781884,0.676046022
1369,3425984,1325210,0.988,0.036,-0.026,0,-0.1,-0.2,-34.5,6.1,26,0.164189581,0.704367199,-0.140781884,0.676046022
1370,3427969,1325210,0.988,0.04,-0.034,0,-0.1,0,-34.5,6.1,26,0.164189581,0.704367199,-0.140781884,0.676046022
1371,3430585,1325210,0.985,0.036,-0.034,0,-0.1,0.1,-34.5,6.1,26.4,0.164189581,0.704367199,-0.140781884,0.676046022
1372,3434346,1325220,0.985,0.04,-0.03,0,0,0.2,-34.5,6.1,26.4,0.164189581,0.704367199,-0.140781884,0.676046022
1373,3436185,1325220,0.985,0.04,-0.03,0,0.1,0.1,-34.5,6.1,26.4,0.164189581,0.704367199,-0.140781884,0.676046022
1374,3438180,1325220,0.985,0.04,-0.03,0,0.1,0,-34.5,6.1,26.4,0.164189581,0.704367199,-0.140781884,0.676046022
1375,3441400,1325220,0.988,0.04,-0.03,0,0.1,0,-34.6,6.1,26.6,0.164189581,0.704367199,-0.140781884,0.676046022
1376,3443010,1325230,0.985,0.04,-0.034,0,0,-0.1,-34.6,6.1,26.6,0.164189581,0.704367199,-0.140781884,0.676046022
1377,3445349,1325230,0.985,0.04,-0.03,0,-0.1,-0.1,-34.6,6.1,26.6,0.164189581,0.704367199,-0.140781884,0.676046022
1378,3448311,1325230,0.988,0.044,-0.026,0,-0.1,0,-34.6,6.1,26.6,0.164189581,0.704367199,-0.140781884,0.676046022
1379,3450725,1325230,0.985,0.036,-0.034,0,-0.1,0,-34.8,6.1,26,0.164220099,0.704367199,-0.140751366,0.676046022
1380,3452784,1325240,0.985,0.036,-0.034,0,-0.1,0,-34.8,6.1,26,0.164220099,0.704367199,-0.140751366,0.676046022
1381,3456320,1325240,0.985,0.04,-0.03,0,-0.1,0,-34.8,6.1,26,0.164220099,0.704367199,-0.140751366,0.676046022
1382,3458097,1325240,0.992,0.044,-0.034,0,-0.1,-0.1,-34.8,6.1,26,0.164220099,0.704367199,-0.140751366,0.676046022
1383,3460850,1325240,0.988,0.04,-0.034,0,-0.2,0,-34.7,6.1,26.5,0.164220099,0.704397717,-0.140751366,0.676015503
1384,3462920,1325250,0.988,0.044,-0.026,0,-0.2,0,-34.7,6.1,26.5,0.164220099,0.704397717,-0.140751366,0.676015503
1385,3465452,1325250,0.988,0.036,-0.03,0,-0.1,0,-34.7,6.1,26.5,0.164220099,0.704397717,-0.140751366,0.676015503
1386,3468659,1325250,0.988,0.04,-0.03,0,0,0,-34.7,6.1,26.5,0.164220099,0.704397717,-0.140751366,0.676015503
1387,3470367,1325250,0.985,0.04,-0.026,0,0,0,-34.7,6,26.4,0.164220099,0.704397717,-0.140751366,0.676015503
1388,3474190,1325260,0.985,0.04,-0.034,-0.1,0,0,-34.7,6,26.4,0.164220099,0.704397717,-0.140781884,0.676015503
1389,3476231,1325260,0.981,0.04,-0.026,-0.1,0,0,-34.7,6,26.4,0.164220099,0.704397717,-0.140781884,0.676015503
1390,3477784,1325260,0.988,0.036,-0.038,0,-0.1,0.1,-34.7,6,26.4,0.164220099,0.704397717,-0.140781884,0.676015503
1391,3480581,1325260,0.985,0.04,-0.03,0,-0.1,0.1,-34.8,6.4,27.9,0.164189581,0.704397717,-0.140781884,0.676015503
1392,3482963,1325270,0.988,0.04,-0.03,0.1,-0.1,0,-34.8,6.4,27.9,0.164189581,0.704397717,-0.140781884,0.676015503
1393,3485684,1325270,0.985,0.036,-0.026,0.1,-0.2,0,-34.8,6.4,27.9,0.164189581,0.704397717,-0.140781884,0.676015503
1394,3487920,1325270,0.988,0.04,-0.026,0,-0.2,-0.1,-34.8,6.4,27.9,0.164189581,0.704397717,-0.140781884,0.676015503
1395,3492029,1325270,0.985,0.04,-0.034,-0.1,-0.3,-0.1,-34.6,5.4,26.1,0.164189581,0.704397717,-0.140781884,0.676015503
1396,3493502,1325280,0.988,0.04,-0.03,-0.1,-0.3,0,-34.6,5.4,26.1,0.164189581,0.704397717,-0.140781884,0.675984985
1397,3495771,1325280,0.981,0.04,-0.026,-0.1,-0.2,0,-34.6,5.4,26.1,0.164220099,0.704428236,-0.140781884,0.675984985
1398,3498072,1325280,0.985,0.036,-0.03,0,-0.2,0,-34.6,5.4,26.1,0.164220099,0.704428236,-0.140781884,0.675984985
1399,3501699,1325280,0.981,0.04,-0.034,0,0,0,-34.6,4.9,25.8,0.164189581,0.704397717,-0.140781884,0.676015503
1400,3503792,1325290,0.981,0.04,-0.034,0,0,0,-34.6,4.9,25.8,0.164189581,0.704397717,-0.140781884,0.676015503
1401,3505627,1325290,0.985,0.04,-0.038,0.1,0,0,-34.6,4.9,25.8,0.164189581,0.704397717,-0.140781884,0.676015503
1402,3508391,1325290,0.985,0.04,-0.026,0,0,-0.1,-34.6,4.9,25.8,0.164189581,0.704397717,-0.140781884,0.676015503
1403,3511425,1325290,0.988,0.04,-0.034,0,0,-0.1,-34.5,4.3,25.9,0.164189581,0.704397717,-0.140781884,0.676015503
1404,3513808,1325300,0.988,0.04,-0.03,0,0,0,-34.5,4.3,25.9,0.164189581,0.704397717,-0.140781884,0.676015503
1405,3515761,1325300,0.985,0.036,-0.034,0,0,0,-34.5,4.3,25.9,0.164189581,0.704397717,-0.140781884,0.675984985
1406,3518048,1325300,0.985,0.04,-0.03,0,0,0,-34.5,4.3,25.9,0.164189581,0.704397717,-0.140781884,0.675984985
1407,3520530,1325300,0.985,0.036,-0.034,0,0,0,-34.5,4.1,26,0.164189581,0.704397717,-0.140781884,0.675984985
1408,3522890,1325310,0.985,0.04,-0.026,0,0,0,-34.5,4.1,26,0.164189581,0.704397717,-0.140781884,0.675984985
1409,3526429,1325310,0.988,0.04,-0.03,0,0,0,-34.5,4.1,26,0.164220099,0.704397717,-0.140781884,0.675984985
1410,3527916,1325310,0.988,0.04,-0.034,0,0,0,-34.5,4.1,26,0.164220099,0.704397717,-0.140781884,0.675984985
1411,3530319,1325310,0.988,0.04,-0.034,0,0,0,-34.6,7.6,27.6,0.164220099,0.704397717,-0.140781884,0.675984985
1412,3533073,1325320,0.988,0.036,-0.022,0,0,0,-34.6,7.6,27.6,0.164189581,0.704397717,-0.140781884,0.675984985
1413,3537048,1325320,0.985,0.04,-0.026,0.1,0,0,-34.6,7.6,27.6,0.164189581,0.704397717,-0.140781884,0.675984985
1414,3539451,1325320,0.988,0.044,-0.026,0.1,0,0,-34.6,7.6,27.6,0.164189581,0.704397717,-0.140781884,0.675984985
1415,3541487,1325320,0.985,0.036,-0.03,0.1,0,0,-34.7,5.3,26,0.164189581,0.704397717,-0.140781884,0.675984985
1416,3543755,1325330,0.977,0.04,-0.038,0,0,0,-34.7,5.3,26,0.164189581,0.704397717,-0.140781884,0.676015503
1417,3545896,1325330,0.985,0.04,-0.026,0,0,0,-34.7,5.3,26,0.164189581,0.704397717,-0.140781884,0.676015503
1418,3548156,1325330,0.977,0.04,-0.034,0,0,0,-34.7,5.3,26,0.164189581,0.704397717,-0.140781884,0.676015503
1419,3550447,1325330,0.988,0.04,-0.03,0,0,0,-34.8,5.5,26,0.164189581,0.704428236,-0.140781884,0.675984985
1420,3552950,1325340,0.985,0.04,-0.026,0,0,0,-34.8,5.5,26,0.164189581,0.704428236,-0.140781884,0.675984985
1421,3556535,1325340,0.988,0.036,-0.03,0,0,0,-34.8,5.5,26,0.164189581,0.704428236,-0.140781884,0.675984985
1422,3558767,1325340,0.985,0.044,-0.034,0.1,-0.1,0,-34.8,5.5,26,0.164189581,0.704428236,-0.140781884,0.675984985
1423,3560874,1325340,0.985,0.04,-0.03,0.1,-0.1,0,-34.6,6.1,26,0.164189581,0.704428236,-0.140781884,0.675984985
1424,3563095,1325350,0.985,0.032,-0.03,0.1,-0.1,0,-34.6,6.1,26,0.164189581,0.704428236,-0.140781884,0.675984985
1425,3566015,1325350,0.985,0.044,-0.034,0,-0.1,0,-34.6,6.1,26,0.164189581,0.704428236,-0.140781884,0.675984985
1426,3568166,1325350,0.988,0.044,-0.034,0,-0.1,0,-34.6,6.1,26,0.164189581,0.704428236,-0.140781884,0.675984985
1427,3571286,1325350,0.985,0.04,-0.038,0,-0.1,0,-34.6,6.8,25.8,0.164189581,0.704428236,-0.140781884,0.675984985
1428,3572829,1325360,0.988,0.036,-0.03,0,0,0,-34.6,6.8,25.8,0.164189581,0.704428236,-0.140781884,0.675984985
1429,3576522,1325360,0.985,0.04,-0.034,0,0.1,-0.1,-34.6,6.8,25.8,0.164189581,0.704428236,-0.140781884,0.675984985
1430,3578823,1325360,0.985,0.04,-0.03,0,0.1,-0.1,-34.6,6.8,25.8,0.164189581,0.704428236,-0.140781884,0.675984985
1431,3580491,1325360,0.985,0.036,-0.03,0,0.1,0,-34.7,6.3,26.9,0.164189581,0.704428236,-0.140781884,0.675984985
1432,3582803,1325370,0.985,0.04,-0.03,0,0,0,-34.7,6.3,26.9,0.164189581,0.704428236,-0.140781884,0.675984985
1433,3587054,1325370,0.981,0.036,-0.03,0,0,0,-34.7,6.3,26.9,0.164189581,0.704428236,-0.140781884,0.675984985
1434,3587802,1325370,0.981,0.04,-0.03,0,0,0.1,-34.7,6.3,26.9,0.164189581,0.704428236,-0.140781884,0.675984985
1435,3590459,1325370,0.985,0.04,-0.038,0,-0.1,0.2,-34.9,6.5,26.7,0.164189581,0.704428236,-0.140781884,0.675984985
1436,3593803,1325380,0.985,0.04,-0.03,0,-0.1,0.2,-34.9,6.5,26.7,0.164189581,0.704428236,-0.140781884,0.675984985
1437,3595290,1325380,0.985,0.036,-0.03,0,0,0,-34.9,6.5,26.7,0.164189581,0.704428236,-0.140781884,0.675984985
1438,3598425,1325380,0.985,0.036,-0.03,0,0,0,-34.9,6.5,26.7,0.164189581,0.704428236,-0.140781884,0.675984985
1439,3600417,1325380,0.988,0.04,-0.03,0,-0.1,0,-35,6.1,26.9,0.164189581,0.704428236,-0.140812403,0.675984985
1440,3603809,1325390,0.988,0.04,-0.03,0,-0.1,0,-35,6.1,26.9,0.164189581,0.704428236,-0.140812403,0.675984985
1441,3606074,1325390,0.988,0.04,-0.03,0,-0.1,0,-35,6.1,26.9,0.164189581,0.704428236,-0.140812403,0.675984985
1442,3608338,1325390,0.985,0.04,-0.03,0,-0.1,0,-35,6.1,26.9,0.164189581,0.704428236,-0.140812403,0.675984985
1443,3610626,1325390,0.981,0.04,-0.034,0,0,0,-34.7,6.7,27.1,0.164189581,0.704428236,-0.140812403,0.675984985
1444,3613614,1325400,0.985,0.04,-0.03,0,0,0,-34.7,6.7,27.1,0.164189581,0.704428236,-0.140812403,0.675984985
1445,3615235,1325400,0.981,0.036,-0.03,0,0,0,-34.7,6.7,27.1,0.164189581,0.704428236,-0.140812403,0.675984985
1446,3618305,1325400,0.981,0.04,-0.034,0,0,0,-34.7,6.7,27.1,0.164189581,0.704428236,-0.140812403,0.675984985
1447,3620545,1325400,0.988,0.04,-0.034,0,0,-0.1,-35,6.4,27.1,0.164189581,0.704428236,-0.140812403,0.675984985
1448,3624308,1325410,0.985,0.044,-0.03,0,0.1,-0.1,-35,6.4,27.1,0.164189581,0.704428236,-0.140812403,0.675984985
1449,3626576,1325410,0.988,0.04,-0.026,0,0,-0.1,-35,6.4,27.1,0.164189581,0.704428236,-0.140812403,0.675984985
1450,3628866,1325410,0.985,0.036,-0.038,0,0,0,-35,6.4,27.1,0.164189581,0.704428236,-0.140812403,0.675984985
1451,3631047,1325410,0.985,0.04,-0.038,0,0,0,-35,6.4,27.1,0.164189581,0.704428236,-0.140812403,0.675984985
1452,3633191,1325420,0.985,0.036,-0.034,0,0,0,-35,6.4,27.1,0.164189581,0.704428236,-0.140812403,0.675984985
1453,3636269,1325420,0.988,0.04,-0.026,0,0,0,-35,6.4,27.1,0.164189581,0.704428236,-0.140812403,0.675984985
1454,3638647,1325420,0.988,0.044,-0.03,0,-0.1,0,-35,6.4,27.1,0.164189581,0.704428236,-0.140812403,0.675984985
1455,3640284,1325420,0.992,0.044,-0.026,0.1,-0.1,-0.1,-35.5,7.2,26.9,0.164189581,0.704428236,-0.140812403,0.675984985
1456,3643059,1325430,0.985,0.04,-0.03,0,-0.1,-0.1,-35.5,7.2,26.9,0.164189581,0.704428236,-0.140781884,0.675984985
1457,3646155,1325430,0.985,0.04,-0.026,0,-0.1,-0.1,-35.5,7.2,26.9,0.164189581,0.704428236,-0.140781884,0.675954466
1458,3648334,1325430,0.988,0.04,-0.03,-0.1,-0.2,0,-35.5,7.2,26.9,0.164189581,0.704458754,-0.140781884,0.675954466
1459,3650475,1325430,0.981,0.036,-0.034,-0.1,-0.2,0,-36.2,7,26.8,0.164220099,0.704428236,-0.140781884,0.675984985
1460,3654543,1325440,0.981,0.036,-0.034,0,-0.1,0,-36.2,7,26.8,0.164220099,0.704428236,-0.140781884,0.675984985
1461,3655342,1325440,0.985,0.04,-0.034,0,0,0,-36.2,7,26.8,0.164220099,0.704428236,-0.140781884,0.675984985
1462,3659520,1325440,0.985,0.04,-0.026,0.1,0.1,0,-36.2,7,26.8,0.164220099,0.704428236,-0.140781884,0.675984985
1463,3661146,1325440,0.988,0.04,-0.03,0,0.1,-0.1,-36.5,7.1,26.6,0.164220099,0.704428236,-0.140781884,0.675984985
1464,3662799,1325450,0.985,0.036,-0.03,0,0.1,-0.1,-36.5,7.1,26.6,0.164220099,0.704428236,-0.140781884,0.675984985
1465,3666624,1325450,0.985,0.036,-0.03,0,0.2,-0.1,-36.5,7.1,26.6,0.164220099,0.704397717,-0.140781884,0.675984985
1466,3668201,1325450,0.985,0.04,-0.026,0,0.2,-0.1,-36.5,7.1,26.6,0.164220099,0.704397717,-0.140781884,0.675984985
1467,3670486,1325450,0.988,0.04,-0.03,0,0,0,-36.8,7,26.4,0.164220099,0.704397717,-0.140781884,0.676015503
1468,3672899,1325460,0.988,0.036,-0.026,0,0,0,-36.8,7,26.4,0.164220099,0.704397717,-0.140781884,0.675984985
1469,3675968,1325460,0.985,0.036,-0.034,0,0,0,-36.8,7,26.4,0.164220099,0.704397717,-0.140781884,0.675984985
1470,3678281,1325460,0.988,0.04,-0.03,0,0.1,0,-36.8,7,26.4,0.164220099,0.704397717,-0.140781884,0.676015503
1471,3680451,1325460,0.985,0.044,-0.026,0,0.1,0,-36.8,7,26.4,0.164220099,0.704397717,-0.140751366,0.676015503
1472,3683197,1325470,0.981,0.04,-0.034,0,0.1,0,-36.8,7,26.4,0.164220099,0.704397717,-0.140751366,0.676015503
1473,3686311,1325470,0.985,0.04,-0.03,0,0,0,-36.8,7,26.4,0.164220099,0.704397717,-0.140751366,0.676015503
1474,3688022,1325470,0.985,0.04,-0.03,0,-0.1,0,-36.8,7,26.4,0.164220099,0.704397717,-0.140751366,0.676015503
1475,3690694,1325470,0.988,0.036,-0.038,0,-0.1,0,-36,6.8,26.8,0.164220099,0.704397717,-0.140751366,0.676015503
1476,3692984,1325480,0.988,0.04,-0.03,0,0,0,-36,6.8,26.8,0.164220099,0.704397717,-0.140751366,0.676015503
1477,3696232,1325480,0.985,0.04,-0.034,0,0,0,-36,6.8,26.8,0.164220099,0.704397717,-0.140751366,0.676015503
1478,3697858,1325480,0.985,0.032,-0.038,0,0,0,-36,6.8,26.8,0.164220099,0.704397717,-0.140781884,0.676015503
1479,3701096,1325480,0.985,0.04,-0.03,0,-0.1,0,-35.2,6.8,27,0.164189581,0.704428236,-0.140812403,0.675954466
1480,3703000,1325490,0.985,0.04,-0.034,0,-0.2,0,-35.2,6.8,27,0.164189581,0.704458754,-0.140812403,0.675954466
1481,3706222,1325490,0.988,0.044,-0.034,0,-0.2,0,-35.2,6.8,27,0.164189581,0.704458754,-0.140812403,0.675954466
1482,3708624,1325490,0.985,0.04,-0.038,0,-0.1,0,-35.2,6.8,27,0.164189581,0.704458754,-0.140812403,0.675954466
1483,3710521,1325490,0.985,0.04,-0.03,0.1,-0.1,0,-34.7,6.6,26.6,0.164189581,0.704458754,-0.140812403,0.675954466
1484,3714415,1325500,0.985,0.04,-0.034,0.1,0,0,-34.7,6.6,26.6,0.164189581,0.704458754,-0.140812403,0.675954466
1485,3716272,1325500,0.985,0.04,-0.03,0,0,0,-34.7,6.6,26.6,0.164189581,0.704458754,-0.140812403,0.675954466
1486,3718373,1325500,0.988,0.04,-0.034,0,0.1,0,-34.7,6.6,26.6,0.164189581,0.704458754,-0.140812403,0.675954466
1487,3720806,1325500,0.985,0.04,-0.034,0,0.1,0,-33.9,6.9,26.8,0.164189581,0.704458754,-0.140812403,0.675954466
1488,3723043,1325510,0.985,0.04,-0.034,0,0.1,0,-33.9,6.9,26.8,0.164189581,0.704458754,-0.140812403,0.675954466
1489,3726178,1325510,0.981,0.036,-0.03,0,0.1,0,-33.9,6.9,26.8,0.164189581,0.704428236,-0.140812403,0.675954466
1490,3728745,1325510,0.985,0.04,-0.026,0,0.1,0,-33.9,6.9,26.8,0.164189581,0.704428236,-0.140812403,0.675954466
1491,3731360,1325510,0.985,0.04,-0.038,0,0,0,-33.9,6.9,26.8,0.164189581,0.704428236,-0.140812403,0.675954466
1492,3734272,1325520,0.985,0.032,-0.03,0,-0.1,0,-33.9,6.9,26.8,0.164189581,0.704458754,-0.140812403,0.675954466
1493,3736385,1325520,0.985,0.04,-0.026,0.1,-0.1,0,-33.9,6.9,26.8,0.164189581,0.704458754,-0.140812403,0.675954466
1494,3737947,1325520,0.988,0.036,-0.026,0.1,0,0,-33.9,6.9,26.8,0.164159062,0.704458754,-0.140812403,0.675954466
1495,3741202,1325520,0.985,0.044,-0.03,0,0,0,-34.6,5.8,26.7,0.164159062,0.704458754,-0.140812403,0.675954466
1496,3743438,1325530,0.985,0.04,-0.03,0,0,0,-34.6,5.8,26.7,0.164159062,0.704458754,-0.140812403,0.675954466
1497,3746335,1325530,0.985,0.036,-0.03,-0.1,-0.1,0,-34.6,5.8,26.7,0.164159062,0.704458754,-0.140812403,0.675954466
1498,3749328,1325530,0.988,0.036,-0.026,0,-0.1,0,-34.6,5.8,26.7,0.164189581,0.704458754,-0.140812403,0.675954466
1499,3751490,1325530,0.988,0.04,-0.03,0,-0.1,0,-34.7,6,26.5,0.164189581,0.704428236,-0.140812403,0.675984985
1500,3753366,1325540,0.988,0.04,-0.03,0,0,0,-34.7,6,26.5,0.164189581,0.704428236,-0.140812403,0.675984985
1501,3756337,1325540,0.985,0.04,-0.026,0,0.1,0,-34.7,6,26.5,0.164189581,0.704428236,-0.140812403,0.675984985
1502,3757931,1325540,0.981,0.036,-0.034,0,0.1,0,-34.7,6,26.5,0.164189581,0.704428236,-0.140812403,0.675984985
1503,3760876,1325540,0.981,0.044,-0.038,0,0.1,0,-34.8,6,26.8,0.164189581,0.704428236,-0.140812403,0.675984985
1504,3763493,1325550,0.985,0.032,-0.03,0,0.1,0,-34.8,6,26.8,0.164189581,0.704428236,-0.140812403,0.675984985
1505,3765493,1325550,0.985,0.036,-0.026,0,0.1,-0.1,-34.8,6,26.8,0.164189581,0.704428236,-0.140812403,0.675984985
1506,3769585,1325550,0.985,0.04,-0.034,0,0.1,-0.1,-34.8,6,26.8,0.164189581,0.704428236,-0.140781884,0.675984985
1507,3771182,1325550,0.981,0.036,-0.03,0,0.1,0,-34.3,5.9,26.5,0.164189581,0.704397717,-0.140781884,0.675984985
1508,3773330,1325560,0.988,0.044,-0.03,0,0.1,0,-34.3,5.9,26.5,0.164189581,0.704397717,-0.140781884,0.675984985
1509,3776380,1325560,0.988,0.04,-0.034,0.1,0,0,-34.3,5.9,26.5,0.164189581,0.704397717,-0.140781884,0.675984985
1510,3778477,1325560,0.985,0.044,-0.03,0.1,0,0,-34.3,5.9,26.5,0.164189581,0.704397717,-0.140781884,0.676015503
1511,3780539,1325560,0.988,0.036,-0.038,0,0,0,-34.3,5.9,26.5,0.164189581,0.704397717,-0.140781884,0.676015503
1512,3784293,1325570,0.985,0.04,-0.03,0,0.1,0,-34.3,5.9,26.5,0.164189581,0.704397717,-0.140781884,0.676015503
1513,3786495,1325570,0.988,0.04,-0.03,-0.1,0.1,0,-34.3,5.9,26.5,0.164189581,0.704397717,-0.140781884,0.676015503
1514,3788699,1325570,0.985,0.036,-0.03,-0.1,0.1,0,-34.3,5.9,26.5,0.164189581,0.704397717,-0.140781884,0.676015503
1515,3790273,1325570,0.985,0.032,-0.026,0,0.1,-0.1,-33.5,5.7,26.9,0.164189581,0.704397717,-0.140781884,0.676015503
1516,3793159,1325580,0.981,0.036,-0.026,0,0.1,-0.1,-33.5,5.7,26.9,0.164189581,0.704397717,-0.140781884,0.676015503
1517,3796270,1325580,0.988,0.04,-0.03,0,0.2,-0.1,-33.5,5.7,26.9,0.164189581,0.704397717,-0.140781884,0.676015503
1518,3797870,1325580,0.985,0.04,-0.034,0,0.2,-0.1,-33.5,5.7,26.9,0.164189581,0.704397717,-0.140781884,0.676015503
1519,3800757,1325580,0.992,0.036,-0.03,0,0.1,0,-33.7,6,26.5,0.164189581,0.704367199,-0.140812403,0.676046022
1520,3803050,1325590,0.992,0.036,-0.03,0,0.1,0,-33.7,6,26.5,0.164189581,0.704367199,-0.140812403,0.676046022
1521,3806245,1325590,0.985,0.04,-0.03,0,0,0,-33.7,6,26.5,0.164189581,0.704367199,-0.140812403,0.676046022
1522,3807950,1325590,0.985,0.032,-0.03,0,0,0,-33.7,6,26.5,0.164189581,0.704367199,-0.140812403,0.676046022
1523,3810696,1325590,0.988,0.04,-0.034,0,0,0,-33.7,5.5,26.6,0.164189581,0.704367199,-0.140812403,0.676046022
1524,3814068,1325600,0.985,0.048,-0.038,0.1,0.1,0,-33.7,5.5,26.6,0.164159062,0.704367199,-0.140812403,0.676046022
1525,3815492,1325600,0.981,0.04,-0.034,0.1,0.3,0,-33.7,5.5,26.6,0.164159062,0.704367199,-0.140812403,0.676046022
1526,3818587,1325600,0.985,0.044,-0.03,0,0.3,0,-33.7,5.5,26.6,0.164159062,0.70433668,-0.140812403,0.67607654
1527,3821450,1325600,0.985,0.04,-0.026,0,0.2,0,-33.7,5.9,26.5,0.164189581,0.70433668,-0.140812403,0.67607654
1528,3822977,1325610,0.985,0.04,-0.034,0,0.1,0,-33.7,5.9,26.5,0.164189581,0.70433668,-0.140812403,0.67607654
1529,3826097,1325610,0.985,0.036,-0.03,-0.1,0,0,-33.7,5.9,26.5,0.164189581,0.70433668,-0.140812403,0.67607654
1530,3828210,1325610,0.985,0.04,-0.034,0,0,0,-33.7,5.9,26.5,0.164189581,0.70433668,-0.140812403,0.67607654
1531,3831460,1325610,0.985,0.04,-0.034,0,0.1,0,-33.7,5.9,26.5,0.164189581,0.70433668,-0.140812403,0.67607654
1532,3832981,1325620,0.985,0.036,-0.026,0,0.1,0,-33.7,5.9,26.5,0.164189581,0.70433668,-0.140781884,0.67607654
1533,3835660,1325620,0.985,0.036,-0.034,0,0.1,0,-33.7,5.9,26.5,0.164189581,0.70433668,-0.140781884,0.67607654
1534,3838968,1325620,0.985,0.04,-0.022,0.1,0.1,0.1,-33.7,5.9,26.5,0.164189581,0.70433668,-0.140781884,0.67607654
1535,3840540,1325620,0.985,0.036,-0.026,0.1,0,0,-34,6.2,27.1,0.164189581,0.70433668,-0.140781884,0.67607654
1536,3842964,1325630,0.985,0.04,-0.034,0,0,0,-34,6.2,27.1,0.164189581,0.70433668,-0.140781884,0.67607654
1537,3845514,1325630,0.985,0.04,-0.03,0,0,0,-34,6.2,27.1,0.164189581,0.70433668,-0.140781884,0.67607654
1538,3847931,1325630,0.985,0.032,-0.026,0,0,0,-34,6.2,27.1,0.164159062,0.70433668,-0.140781884,0.67607654
1539,3851989,1325630,0.985,0.04,-0.03,0.1,0.1,0,-34.1,6.1,27.2,0.164159062,0.704306162,-0.140812403,0.676107059
1540,3853831,1325640,0.981,0.044,-0.034,0.1,0,0,-34.1,6.1,27.2,0.164159062,0.704306162,-0.140812403,0.676107059
1541,3855623,1325640,0.988,0.04,-0.03,0.1,0,0,-34.1,6.1,27.2,0.164159062,0.704306162,-0.140812403,0.676107059
1542,3858107,1325640,0.985,0.036,-0.034,0,0,0,-34.1,6.1,27.2,0.164159062,0.704306162,-0.140812403,0.676107059
1543,3860758,1325640,0.985,0.044,-0.03,0,0.1,0,-33.9,6.5,27,0.164159062,0.704306162,-0.140812403,0.676107059
1544,3863163,1325650,0.985,0.04,-0.03,0.1,0,0,-33.9,6.5,27,0.164159062,0.704306162,-0.140812403,0.676107059
1545,3865640,1325650,0.988,0.036,-0.026,0,0,0,-33.9,6.5,27,0.164159062,0.704306162,-0.140812403,0.676107059
1546,3867870,1325650,0.988,0.04,-0.03,0,-0.1,0,-33.9,6.5,27,0.164128544,0.704306162,-0.140812403,0.676107059
1547,3871681,1325650,0.985,0.04,-0.026,0,-0.1,0,-33.8,6.2,27.1,0.164159062,0.704306162,-0.140812403,0.676107059
1548,3873712,1325660,0.988,0.04,-0.03,0,0,0,-33.8,6.2,27.1,0.164128544,0.704306162,-0.140812403,0.676107059
1549,3876236,1325660,0.981,0.036,-0.03,0.1,0,0,-33.8,6.2,27.1,0.164128544,0.704306162,-0.140812403,0.676107059
1550,3878341,1325660,0.981,0.04,-0.03,0.1,0,0,-33.8,6.2,27.1,0.164128544,0.704306162,-0.140812403,0.676107059
1551,3880448,1325660,0.985,0.04,-0.034,0.1,0,0,-33.8,6.2,27.1,0.164128544,0.704306162,-0.140812403,0.676107059
1552,3883019,1325670,0.985,0.04,-0.03,0.1,0,0,-33.8,6.2,27.1,0.164128544,0.704306162,-0.140812403,0.676107059
1553,3885264,1325670,0.985,0.04,-0.03,0,0,0,-33.8,6.2,27.1,0.164128544,0.704306162,-0.140812403,0.676107059
1554,3888897,1325670,0.985,0.04,-0.026,0,-0.1,0,-33.8,6.2,27.1,0.164128544,0.704306162,-0.140812403,0.676107059
1555,3890467,1325670,0.985,0.036,-0.026,0,-0.1,0,-34.8,6.5,27,0.164128544,0.704306162,-0.140812403,0.676107059
1556,3893080,1325680,0.985,0.036,-0.03,0,-0.1,0,-34.8,6.5,27,0.164128544,0.704306162,-0.140812403,0.676107059
1557,3895398,1325680,0.985,0.036,-0.038,0,0,0,-34.8,6.5,27,0.164128544,0.704306162,-0.140812403,0.676107059
1558,3899629,1325680,0.988,0.04,-0.022,0,0,0,-34.8,6.5,27,0.164128544,0.704306162,-0.140812403,0.676107059
1559,3900282,1325680,0.988,0.036,-0.03,0,-0.1,0,-34.6,5.9,27.2,0.164098025,0.704306162,-0.140812403,0.676137577
1560,3903154,1325690,0.985,0.04,-0.026,0,0,0,-34.6,5.9,27.2,0.164098025,0.704306162,-0.140812403,0.676137577
1561,3905655,1325690,0.985,0.04,-0.03,0,0,0,-34.6,5.9,27.2,0.164098025,0.704306162,-0.140812403,0.676137577
1562,3907930,1325690,0.985,0.04,-0.026,0,0,0,-34.6,5.9,27.2,0.164098025,0.704306162,-0.140812403,0.676137577
1563,3910323,1325690,0.985,0.036,-0.034,0,0,0,-34.8,6.1,28,0.164128544,0.704306162,-0.140812403,0.676137577
1564,3913836,1325700,0.981,0.04,-0.03,0,0,0,-34.8,6.1,28,0.164128544,0.704306162,-0.140812403,0.676137577
1565,3915606,1325700,0.985,0.04,-0.034,0,0,0,-34.8,6.1,28,0.164128544,0.704306162,-0.140812403,0.676137577
1566,3917804,1325700,0.981,0.044,-0.03,0,0,0,-34.8,6.1,28,0.164128544,0.704306162,-0.140812403,0.676137577
1567,3920517,1325700,0.988,0.04,-0.026,0,0,0,-35.1,6.5,28.7,0.164128544,0.704306162,-0.140812403,0.676137577
1568,3923913,1325710,0.988,0.04,-0.03,0,-0.1,0,-35.1,6.5,28.7,0.164128544,0.704306162,-0.140812403,0.676137577
1569,3925952,1325710,0.985,0.04,-0.03,0,-0.1,0,-35.1,6.5,28.7,0.164098025,0.704306162,-0.140812403,0.676137577
1570,3927982,1325710,0.985,0.044,-0.034,0,0,0,-35.1,6.5,28.7,0.164098025,0.704306162,-0.140812403,0.676137577
1571,3932071,1325710,0.988,0.04,-0.026,0,0,0,-35.1,6.5,28.7,0.164098025,0.704306162,-0.140812403,0.676137577
1572,3933891,1325720,0.985,0.036,-0.03,0.1,0,0,-35.1,6.5,28.7,0.164098025,0.704306162,-0.140812403,0.676137577
1573,3935637,1325720,0.988,0.036,-0.03,0,0,-0.1,-35.1,6.5,28.7,0.164098025,0.704306162,-0.140812403,0.676137577
1574,3938648,1325720,0.985,0.04,-0.026,0,0,0,-35.1,6.5,28.7,0.164098025,0.704306162,-0.140812403,0.676137577
1575,3940730,1325720,0.985,0.036,-0.026,0,0,0.1,-34.6,6.2,27.7,0.164098025,0.704306162,-0.140812403,0.676137577
1576,3943029,1325730,0.988,0.036,-0.026,0,0,0.2,-34.6,6.2,27.7,0.164098025,0.704306162,-0.140812403,0.676137577
1577,3946803,1325730,0.981,0.036,-0.03,0,0,0.2,-34.6,6.2,27.7,0.164098025,0.704306162,-0.140842921,0.676137577
1578,3949107,1325730,0.985,0.044,-0.03,0,0,0.1,-34.6,6.2,27.7,0.164098025,0.704306162,-0.140842921,0.676137577
1579,3951323,1325730,0.985,0.044,-0.038,0,0.1,0,-34.4,6.2,27.4,0.164098025,0.704275643,-0.140842921,0.676168096
1580,3953520,1325740,0.985,0.044,-0.038,0,0.2,0,-34.4,6.2,27.4,0.164098025,0.704275643,-0.140842921,0.676168096
1581,3955713,1325740,0.985,0.04,-0.026,0,0.3,0,-34.4,6.2,27.4,0.164098025,0.704245125,-0.140842921,0.676168096
1582,3957886,1325740,0.988,0.04,-0.03,0,0.2,0.1,-34.4,6.2,27.4,0.164098025,0.704245125,-0.140842921,0.676168096
1583,3961268,1325740,0.985,0.036,-0.03,0,0.1,0.1,-34.9,6.2,27.2,0.164098025,0.704245125,-0.140842921,0.676168096
1584,3962997,1325750,0.985,0.044,-0.026,0,0,0,-34.9,6.2,27.2,0.164098025,0.704245125,-0.140842921,0.676168096
1585,3966355,1325750,0.985,0.036,-0.034,0,-0.1,0,-34.9,6.2,27.2,0.164098025,0.704245125,-0.140842921,0.676168096
1586,3968515,1325750,0.985,0.04,-0.026,0,0,0,-34.9,6.2,27.2,0.164098025,0.704245125,-0.140842921,0.676168096
1587,3970500,1325750,0.981,0.044,-0.034,0.1,0,0,-34.7,6.1,26.4,0.164098025,0.704245125,-0.140842921,0.676168096
1588,3974455,1325760,0.988,0.036,-0.034,0,0.2,0,-34.7,6.1,26.4,0.164098025,0.704245125,-0.140842921,0.676168096
1589,3976616,1325760,0.985,0.04,-0.026,0,0.1,0,-34.7,6.1,26.4,0.164098025,0.704245125,-0.140842921,0.676198614
1590,3978193,1325760,0.985,0.036,-0.03,0,0.1,0,-34.7,6.1,26.4,0.164098025,0.704245125,-0.140842921,0.676198614
1591,3980417,1325760,0.988,0.04,-0.022,0,0,0,-34.7,6.1,26.4,0.164098025,0.704245125,-0.140842921,0.676198614
1592,3982965,1325770,0.985,0.036,-0.034,0,0,0,-34.7,6.1,26.4,0.164098025,0.704245125,-0.140842921,0.676198614
1593,3986750,1325770,0.981,0.036,-0.03,0,0,0,-34.7,6.1,26.4,0.164098025,0.704245125,-0.140842921,0.676198614
1594,3988736,1325770,0.988,0.04,-0.03,0,0.1,0.1,-34.7,6.1,26.4,0.164098025,0.704245125,-0.140842921,0.676198614
1595,3990905,1325770,0.981,0.04,-0.034,0.1,0.1,0,-34.6,6,26.5,0.164098025,0.704245125,-0.140842921,0.676198614
1596,3993101,1325780,0.985,0.04,-0.026,0,0.3,0,-34.6,6,26.5,0.164098025,0.704214606,-0.140842921,0.676198614
1597,3995411,1325780,0.988,0.04,-0.026,0,0.3,-0.1,-34.6,6,26.5,0.164098025,0.704214606,-0.140842921,0.676198614
1598,3998203,1325780,0.985,0.036,-0.034,0,0.1,-0.1,-34.6,6,26.5,0.164098025,0.704214606,-0.140842921,0.676198614
1599,4000357,1325780,0.985,0.04,-0.022,0,0,-0.1,-34.5,6.5,26.3,0.164098025,0.704214606,-0.140842921,0.676229133
1600,4002769,1325790,0.985,0.036,-0.034,0,0,0,-34.5,6.5,26.3,0.164098025,0.704214606,-0.140842921,0.676229133
1601,4006018,1325790,0.981,0.04,-0.03,0,0,0,-34.5,6.5,26.3,0.164098025,0.704214606,-0.140842921,0.676229133
1602,4007831,1325790,0.985,0.04,-0.034,0,-0.1,0,-34.5,6.5,26.3,0.164098025,0.704214606,-0.140842921,0.676229133
1603,4010879,1325790,0.985,0.04,-0.026,0,-0.2,0,-34.2,6.3,25.8,0.164098025,0.704214606,-0.140842921,0.676198614
1604,4013010,1325800,0.981,0.036,-0.03,0,-0.4,-0.1,-34.2,6.3,25.8,0.164098025,0.704214606,-0.140842921,0.676198614
1605,4015554,1325800,0.988,0.04,-0.03,0,-0.3,0,-34.2,6.3,25.8,0.164098025,0.704245125,-0.140842921,0.676198614
1606,4018320,1325800,0.985,0.04,-0.03,0,-0.1,0,-34.2,6.3,25.8,0.164098025,0.704245125,-0.140842921,0.676198614
1607,4021371,1325800,0.985,0.04,-0.034,0.1,0,0,-34.6,6.2,25.9,0.164098025,0.704245125,-0.140812403,0.676198614
1608,4023723,1325810,0.985,0.044,-0.034,0.1,0,0,-34.6,6.2,25.9,0.164098025,0.704245125,-0.140812403,0.676198614
1609,4025773,1325810,0.985,0.04,-0.03,0,0,0,-34.6,6.2,25.9,0.164098025,0.704245125,-0.140812403,0.676198614
1610,4028229,1325810,0.985,0.04,-0.03,0,0,0,-34.6,6.2,25.9,0.164098025,0.704245125,-0.140812403,0.676198614
1611,4030552,1325810,0.981,0.04,-0.038,0,0,0,-34.6,6.2,25.9,0.164098025,0.704245125,-0.140812403,0.676198614
1612,4032859,1325820,0.985,0.036,-0.03,0,0,0,-34.6,6.2,25.9,0.164098025,0.704245125,-0.140812403,0.676198614
1613,4035491,1325820,0.985,0.04,-0.026,0,-0.1,0,-34.6,6.2,25.9,0.164098025,0.704245125,-0.140812403,0.676198614
1614,4037851,1325820,0.985,0.04,-0.03,0,-0.1,0,-34.6,6.2,25.9,0.164098025,0.704245125,-0.140812403,0.676198614
1615,4041502,1325820,0.988,0.044,-0.03,0,-0.1,0,-34.6,6.2,26.8,0.164098025,0.704245125,-0.140842921,0.676198614
1616,4043003,1325830,0.985,0.04,-0.022,0,0,0,-34.6,6.2,26.8,0.164098025,0.704245125,-0.140842921,0.676198614
1617,4045971,1325830,0.985,0.044,-0.026,0,0,0,-34.6,6.2,26.8,0.164098025,0.704245125,-0.140842921,0.676198614
1618,4047825,1325830,0.988,0.04,-0.03,-0.1,0,0,-34.6,6.2,26.8,0.164098025,0.704245125,-0.140842921,0.676198614
1619,4051377,1325830,0.985,0.036,-0.03,-0.1,0,0,-34.6,6.2,26.8,0.164128544,0.704214606,-0.140781884,0.676229133
1620,4053528,1325840,0.988,0.04,-0.034,-0.1,0,0,-34.6,6.2,26.8,0.164128544,0.704214606,-0.140812403,0.676229133
1621,4055756,1325840,0.985,0.04,-0.034,0,0.1,0,-34.6,6.2,26.8,0.164128544,0.704214606,-0.140781884,0.676229133
1622,4058144,1325840,0.985,0.04,-0.034,0,0.1,-0.1,-34.6,6.2,26.8,0.164128544,0.704184088,-0.140781884,0.676229133
1623,4060348,1325840,0.985,0.04,-0.026,0,0,-0.1,-34.6,6.2,26.8,0.164128544,0.704184088,-0.140781884,0.676229133
1624,4062745,1325850,0.985,0.04,-0.034,0,-0.1,0,-34.6,6.2,26.8,0.164128544,0.704184088,-0.140781884,0.676229133
1625,4066288,1325850,0.985,0.036,-0.03,0,-0.2,0,-34.6,6.2,26.8,0.164128544,0.704214606,-0.140781884,0.676229133
1626,4067742,1325850,0.985,0.04,-0.038,-0.1,-0.2,0,-34.6,6.2,26.8,0.164159062,0.704214606,-0.140781884,0.676229133
1627,4070558,1325850,0.981,0.04,-0.038,0,-0.2,0,-34.6,6.2,26.8,0.164159062,0.704214606,-0.140781884,0.676229133
1628,4072831,1325860,0.988,0.04,-0.026,0,-0.1,0,-34.6,6.2,26.8,0.164159062,0.704214606,-0.140781884,0.676198614
1629,4075310,1325860,0.985,0.04,-0.034,0.1,0,0,-34.6,6.2,26.8,0.164159062,0.704214606,-0.140781884,0.676198614
1630,4078717,1325860,0.985,0.044,-0.03,0.2,0,0,-34.6,6.2,26.8,0.164128544,0.704214606,-0.140781884,0.676229133
1631,4080222,1325860,0.985,0.04,-0.038,0.2,0.1,0,-34.6,6.2,26.8,0.164128544,0.704214606,-0.140781884,0.676229133
1632,4082756,1325870,0.985,0.04,-0.034,0.1,0.1,0,-34.6,6.2,26.8,0.164128544,0.704214606,-0.140781884,0.676229133
1633,4086243,1325870,0.981,0.044,-0.03,0.1,0,0,-34.6,6.2,26.8,0.164128544,0.704214606,-0.140781884,0.676229133
1634,4087728,1325870,0.985,0.04,-0.03,0,0.1,0,-34.6,6.2,26.8,0.164128544,0.704214606,-0.140781884,0.676229133
1635,4090562,1325870,0.988,0.036,-0.03,0,0.1,0,-34.7,7.6,28,0.164128544,0.704214606,-0.140781884,0.676229133
1636,4092789,1325880,0.992,0.044,-0.026,0,0.1,0,-34.7,7.6,28,0.164128544,0.704214606,-0.140781884,0.676229133
1637,4095215,1325880,0.988,0.04,-0.026,0,0.1,0,-34.7,7.6,28,0.164128544,0.704214606,-0.140781884,0.676229133
1638,4097789,1325880,0.981,0.04,-0.03,0,0,0,-34.7,7.6,28,0.164128544,0.704214606,-0.140781884,0.676229133
1639,4100290,1325880,0.988,0.04,-0.03,0,0.1,0,-34.7,7.6,28,0.164159062,0.704184088,-0.140751366,0.676259651
1640,4102823,1325890,0.988,0.04,-0.03,0,0.1,0,-34.7,7.6,28,0.164159062,0.704184088,-0.140751366,0.676259651
1641,4106046,1325890,0.981,0.036,-0.034,0,0.1,0,-34.7,7.6,28,0.164159062,0.704184088,-0.140751366,0.676259651
1642,4109071,1325890,0.981,0.036,-0.026,0,0.1,0.1,-34.7,7.6,28,0.164159062,0.704153569,-0.140781884,0.676259651
1643,4111346,1325890,0.985,0.04,-0.03,0,0.1,0,-34.7,7.6,28,0.164159062,0.704153569,-0.140781884,0.676259651
1644,4113567,1325900,0.985,0.044,-0.03,0,0,0,-34.7,7.6,28,0.164159062,0.704153569,-0.140781884,0.676259651
1645,4116595,1325900,0.985,0.04,-0.03,0,-0.1,0,-34.7,7.6,28,0.164159062,0.704153569,-0.140781884,0.676259651
1646,4118919,1325900,0.988,0.04,-0.03,0,-0.1,0,-34.7,7.6,28,0.164159062,0.704184088,-0.140781884,0.676259651
1647,4121153,1325900,0.981,0.04,-0.03,0,-0.1,0,-34.7,7.6,28,0.164159062,0.704184088,-0.140781884,0.676259651
1648,4123328,1325910,0.985,0.04,-0.03,0,-0.1,0.1,-34.7,7.6,28,0.164159062,0.704184088,-0.140781884,0.676259651
1649,4126384,1325910,0.981,0.04,-0.03,0,-0.1,0,-34.7,7.6,28,0.164128544,0.704184088,-0.140781884,0.676259651
1650,4127932,1325910,0.988,0.04,-0.034,0,0,0,-34.7,7.6,28,0.164128544,0.704184088,-0.140781884,0.676259651
1651,4130501,1325910,0.988,0.04,-0.026,0,0,0,-34.7,7.6,28,0.164128544,0.704184088,-0.140781884,0.676259651
1652,4133794,1325920,0.985,0.048,-0.03,0,0,0,-34.7,7.6,28,0.164128544,0.704184088,-0.140781884,0.676259651
1653,4135296,1325920,0.988,0.04,-0.03,0,0,0.1,-34.7,7.6,28,0.164128544,0.704184088,-0.140781884,0.676259651
1654,4138022,1325920,0.985,0.036,-0.034,0.1,-0.1,0.1,-34.7,7.6,28,0.164128544,0.704184088,-0.140781884,0.676259651
1655,4141830,1325920,0.988,0.036,-0.03,0.1,-0.1,0.1,-34.5,6.5,26.9,0.164128544,0.704184088,-0.140781884,0.676259651
1656,4143322,1325930,0.985,0.036,-0.026,0,0,0,-34.5,6.5,26.9,0.164128544,0.704184088,-0.140781884,0.676259651
1657,4147061,1325930,0.985,0.04,-0.03,0,0,0,-34.5,6.5,26.9,0.164128544,0.704184088,-0.140781884,0.676259651
1658,4148635,1325930,0.981,0.04,-0.03,0,-0.1,0,-34.5,6.5,26.9,0.164128544,0.704184088,-0.140781884,0.676259651
1659,4150487,1325930,0.985,0.04,-0.026,0,-0.2,0,-34.6,6.5,26.5,0.164128544,0.704153569,-0.140781884,0.676259651
1660,4153829,1325940,0.985,0.04,-0.03,0,-0.2,0,-34.6,6.5,26.5,0.164128544,0.704184088,-0.140781884,0.676259651
1661,4155302,1325940,0.985,0.04,-0.022,0.1,-0.2,0,-34.6,6.5,26.5,0.164128544,0.704184088,-0.140781884,0.676259651
1662,4158070,1325940,0.985,0.04,-0.034,0.1,-0.2,0,-34.6,6.5,26.5,0.164098025,0.704184088,-0.140781884,0.676259651
1663,4160322,1325940,0.988,0.04,-0.03,0.1,0,0,-34.8,6.7,26.5,0.164098025,0.704184088,-0.140781884,0.676259651
1664,4163338,1325950,0.988,0.04,-0.034,0,0.1,0.2,-34.8,6.7,26.5,0.164098025,0.704184088,-0.140781884,0.676259651
1665,4165342,1325950,0.985,0.044,-0.026,0,0.1,0.2,-34.8,6.7,26.5,0.164098025,0.704184088,-0.140781884,0.676259651
1666,4168067,1325950,0.988,0.04,-0.03,0,0,0.1,-34.8,6.7,26.5,0.164098025,0.704184088,-0.140781884,0.676259651
1667,4170378,1325950,0.985,0.036,-0.034,0,0,0,-34.7,6.5,26.5,0.164098025,0.704184088,-0.140781884,0.676259651
1668,4173373,1325960,0.988,0.036,-0.03,0,0,0,-34.7,6.5,26.5,0.164098025,0.704184088,-0.140781884,0.676259651
1669,4175388,1325960,0.985,0.04,-0.034,0,0,0,-34.7,6.5,26.5,0.164098025,0.704184088,-0.140781884,0.676259651
1670,4177901,1325960,0.985,0.04,-0.03,0,0.1,0,-34.7,6.5,26.5,0.164098025,0.704184088,-0.140781884,0.676259651
1671,4181415,1325960,0.988,0.04,-0.03,0,0.2,0,-34.7,6.8,26.7,0.164098025,0.704153569,-0.140781884,0.676259651
1672,4183011,1325970,0.988,0.04,-0.034,0,0.2,0,-34.7,6.8,26.7,0.164098025,0.704153569,-0.140781884,0.67629017
1673,4186105,1325970,0.985,0.04,-0.03,0,0.1,0,-34.7,6.8,26.7,0.164098025,0.704153569,-0.140781884,0.67629017
1674,4187747,1325970,0.985,0.04,-0.026,0,0,0,-34.7,6.8,26.7,0.164098025,0.704153569,-0.140781884,0.67629017
1675,4190700,1325970,0.985,0.04,-0.026,0,0,0,-34.5,5.8,26.6,0.164098025,0.704153569,-0.140781884,0.67629017
1676,4192876,1325980,0.988,0.032,-0.034,0,0,0,-34.5,5.8,26.6,0.164098025,0.704153569,-0.140781884,0.67629017
1677,4195298,1325980,0.988,0.04,-0.03,0,0,0,-34.5,5.8,26.6,0.164098025,0.704153569,-0.140781884,0.67629017
1678,4198624,1325980,0.985,0.04,-0.03,0,0,0,-34.5,5.8,26.6,0.164098025,0.704153569,-0.140781884,0.67629017
1679,4200950,1325980,0.985,0.04,-0.03,0,0,0,-35.2,5.9,26.6,0.164098025,0.704153569,-0.140812403,0.67629017
1680,4202933,1325990,0.985,0.044,-0.03,0,0,0,-35.2,5.9,26.6,0.164098025,0.704153569,-0.140812403,0.67629017
1681,4205253,1325990,0.985,0.036,-0.034,0,-0.1,0,-35.2,5.9,26.6,0.164098025,0.704153569,-0.140812403,0.67629017
1682,4208119,1325990,0.981,0.036,-0.03,0,-0.1,0.1,-35.2,5.9,26.6,0.164067507,0.704153569,-0.140812403,0.67629017
1683,4211183,1325990,0.985,0.04,-0.03,0,-0.1,0,-35.7,6.4,26.6,0.164067507,0.704153569,-0.140812403,0.67629017
1684,4213455,1326000,0.985,0.036,-0.03,0,0,0,-35.7,6.4,26.6,0.164098025,0.704153569,-0.140812403,0.67629017
1685,4215800,1326000,0.981,0.04,-0.03,0,0,0,-35.7,6.4,26.6,0.164098025,0.704153569,-0.140812403,0.67629017
1686,4218961,1326000,0.988,0.04,-0.042,0,0,0,-35.7,6.4,26.6,0.164067507,0.704153569,-0.140812403,0.67629017
1687,4221094,1326000,0.988,0.036,-0.034,0.1,0.1,0,-36.5,6.2,26.8,0.164067507,0.704153569,-0.140812403,0.67629017
1688,4223165,1326010,0.981,0.04,-0.026,0.1,0,-0.1,-36.5,6.2,26.8,0.164067507,0.704153569,-0.140812403,0.67629017
1689,4226747,1326010,0.985,0.036,-0.022,0.1,0,-0.1,-36.5,6.2,26.8,0.164067507,0.704153569,-0.140812403,0.67629017
1690,4228916,1326010,0.988,0.04,-0.026,0,-0.2,-0.1,-36.5,6.2,26.8,0.164067507,0.704153569,-0.140781884,0.67629017
1691,4230382,1326010,0.988,0.036,-0.034,0,-0.2,0,-37,6.1,26.5,0.164067507,0.704153569,-0.140781884,0.67629017
1692,4233899,1326020,0.988,0.04,-0.03,0,-0.2,0,-37,6.1,26.5,0.164067507,0.704184088,-0.140781884,0.676259651
1693,4235488,1326020,0.988,0.036,-0.03,-0.1,-0.1,0,-37,6.1,26.5,0.164098025,0.704184088,-0.140781884,0.676259651
1694,4238662,1326020,0.985,0.04,-0.026,-0.1,0,-0.1,-37,6.1,26.5,0.164098025,0.704184088,-0.140781884,0.676259651
1695,4241512,1326020,0.985,0.04,-0.026,0,0,-0.1,-33.8,4.8,26.9,0.164098025,0.704184088,-0.140781884,0.676259651
1696,4242943,1326030,0.988,0.04,-0.034,0,0.1,-0.1,-33.8,4.8,26.9,0.164098025,0.704184088,-0.140781884,0.676259651
1697,4246005,1326030,0.985,0.036,-0.026,0.1,0.1,-0.1,-33.8,4.8,26.9,0.164098025,0.704184088,-0.140781884,0.676259651
1698,4247863,1326030,0.985,0.036,-0.026,0.1,0,-0.1,-33.8,4.8,26.9,0.164098025,0.704153569,-0.140781884,0.67629017
1699,4251376,1326030,0.981,0.04,-0.03,-0.1,0,0,-36.2,7.7,26.8,0.164098025,0.704153569,-0.140781884,0.67629017
1700,4253044,1326040,0.981,0.04,-0.03,-0.1,0,0,-36.2,7.7,26.8,0.164098025,0.704153569,-0.140781884,0.67629017
1701,4255626,1326040,0.981,0.04,-0.03,-0.1,0,0,-36.2,7.7,26.8,0.164098025,0.704092532,-0.140812403,0.67629017
1702,4259897,1326040,0.985,0.036,-0.03,0,0,0,-36.2,7.7,26.8,0.164098025,0.704092532,-0.140812403,0.676320688
1703,4260451,1326040,0.985,0.036,-0.03,0,0,0,-36.2,7.3,27,0.164098025,0.704092532,-0.140812403,0.676320688
1704,4264183,1326050,0.985,0.04,-0.026,0,0,0,-36.2,7.3,27,0.164098025,0.704092532,-0.140812403,0.676320688
1705,4266416,1326050,0.988,0.036,-0.03,0,-0.1,0,-36.2,7.3,27,0.164098025,0.704153569,-0.140812403,0.67629017
1706,4268658,1326050,0.988,0.04,-0.034,0,-0.1,0,-36.2,7.3,27,0.164098025,0.704153569,-0.140812403,0.67629017
1707,4270885,1326050,0.985,0.04,-0.038,0,-0.1,0,-35.2,7.7,26.8,0.164098025,0.704153569,-0.140812403,0.67629017
1708,4272732,1326060,0.988,0.04,-0.03,0,0,0,-35.2,7.7,26.8,0.164098025,0.704153569,-0.140812403,0.67629017
1709,4277093,1326060,0.985,0.04,-0.03,0,0,0,-35.2,7.7,26.8,0.164098025,0.704153569,-0.140812403,0.67629017
1710,4278568,1326060,0.981,0.04,-0.026,0,0.2,0,-35.2,7.7,26.8,0.164098025,0.704153569,-0.140812403,0.67629017
1711,4280652,1326060,0.985,0.036,-0.034,0,0.3,0,-34.4,7.4,26.5,0.164098025,0.704092532,-0.140812403,0.676320688
1712,4283163,1326070,0.985,0.04,-0.03,0.1,0.3,-0.1,-34.4,7.4,26.5,0.164098025,0.704092532,-0.140781884,0.676320688
1713,4285599,1326070,0.988,0.04,-0.026,0.1,0.1,-0.1,-34.4,7.4,26.5,0.164098025,0.704092532,-0.140781884,0.676320688
1714,4288792,1326070,0.988,0.036,-0.034,0,0.1,-0.1,-34.4,7.4,26.5,0.164098025,0.704092532,-0.140781884,0.676320688
1715,4290335,1326070,0.988,0.04,-0.026,0,0,-0.1,-34.5,5.7,27,0.164098025,0.704092532,-0.140781884,0.676320688
1716,4292870,1326080,0.985,0.04,-0.03,0,0.1,0,-34.5,5.7,27,0.164098025,0.704092532,-0.140781884,0.676320688
1717,4296282,1326080,0.985,0.04,-0.03,0,0.1,0,-34.5,5.7,27,0.164098025,0.704092532,-0.140781884,0.676320688
1718,4297883,1326080,0.985,0.044,-0.03,0,0,0,-34.5,5.7,27,0.164098025,0.704092532,-0.140781884,0.676320688
1719,4301394,1326080,0.985,0.04,-0.034,0,-0.1,0,-34.5,6,26.6,0.164128544,0.704092532,-0.140781884,0.676320688
1720,4302908,1326090,0.985,0.04,-0.026,0,-0.1,0,-34.5,6,26.6,0.164128544,0.704092532,-0.140781884,0.676320688
1721,4306342,1326090,0.988,0.04,-0.03,0,-0.2,0,-34.5,6,26.6,0.164128544,0.704092532,-0.140781884,0.676320688
1722,4308497,1326090,0.985,0.04,-0.038,0,-0.2,0,-34.5,6,26.6,0.164128544,0.704092532,-0.140781884,0.676320688
1723,4310817,1326090,0.988,0.044,-0.03,0,-0.1,0,-34.3,5.9,26.7,0.164128544,0.704092532,-0.140781884,0.676320688
1724,4312934,1326100,0.988,0.04,-0.03,0.1,0,-0.1,-34.3,5.9,26.7,0.164128544,0.704092532,-0.140781884,0.676320688
1725,4315734,1326100,0.988,0.04,-0.026,0.1,0,-0.1,-34.3,5.9,26.7,0.164128544,0.704092532,-0.140751366,0.676320688
1726,4318871,1326100,0.985,0.036,-0.03,0.1,0.2,0,-34.3,5.9,26.7,0.164128544,0.704092532,-0.140751366,0.676320688
1727,4320453,1326100,0.981,0.036,-0.038,0,0.3,0,-34.5,5.7,27.1,0.164128544,0.704092532,-0.140751366,0.676320688
1728,4322777,1326110,0.981,0.044,-0.026,0,0.3,0,-34.5,5.7,27.1,0.164128544,0.704092532,-0.140751366,0.676320688
1729,4327181,1326110,0.981,0.036,-0.026,0,0.3,0.1,-34.5,5.7,27.1,0.164128544,0.704092532,-0.140751366,0.676320688
1730,4327891,1326110,0.981,0.04,-0.03,0,0.2,0,-34.5,5.7,27.1,0.164128544,0.704092532,-0.140751366,0.676351207
1731,4331640,1326110,0.985,0.044,-0.03,0,0.1,0,-34.6,5.9,26.6,0.164128544,0.704092532,-0.140751366,0.676351207
1732,4333950,1326120,0.988,0.036,-0.038,-0.1,0,0,-34.6,5.9,26.6,0.164128544,0.704092532,-0.140751366,0.676351207
1733,4336118,1326120,0.985,0.036,-0.034,-0.1,0,0,-34.6,5.9,26.6,0.164128544,0.704092532,-0.140751366,0.676351207
1734,4338446,1326120,0.988,0.04,-0.03,0,-0.1,0,-34.6,5.9,26.6,0.164128544,0.704092532,-0.140781884,0.676351207
1735,4340596,1326120,0.992,0.036,-0.03,0,-0.1,0,-35,6.2,26.6,0.164128544,0.704092532,-0.140781884,0.676351207
1736,4342888,1326130,0.988,0.04,-0.034,0,-0.2,0,-35,6.2,26.6,0.164128544,0.704092532,-0.140781884,0.676320688
1737,4345602,1326130,0.988,0.04,-0.03,0,-0.1,0,-35,6.2,26.6,0.164128544,0.704092532,-0.140781884,0.676320688
1738,4348792,1326130,0.985,0.036,-0.034,0,0,0,-35,6.2,26.6,0.164128544,0.704092532,-0.140781884,0.676320688
1739,4350484,1326130,0.985,0.036,-0.03,0,0.1,0,-34.4,6.2,26.6,0.164098025,0.704092532,-0.140781884,0.676320688
1740,4352817,1326140,0.988,0.04,-0.03,0,0.1,0,-34.4,6.2,26.6,0.164098025,0.704092532,-0.140781884,0.676320688
1741,4356195,1326140,0.985,0.04,-0.034,-0.1,0,0,-34.4,6.2,26.6,0.164128544,0.704092532,-0.140781884,0.676320688
1742,4358014,1326140,0.981,0.04,-0.034,0,-0.1,0,-34.4,6.2,26.6,0.164128544,0.704092532,-0.140781884,0.676320688
1743,4361450,1326140,0.985,0.036,-0.034,0,-0.2,0,-34.7,6,26.6,0.164128544,0.704092532,-0.140781884,0.676320688
1744,4362971,1326150,0.988,0.04,-0.03,0.1,-0.1,0,-34.7,6,26.6,0.164098025,0.704092532,-0.140781884,0.676320688
1745,4365436,1326150,0.988,0.04,-0.034,0.1,0.1,0,-34.7,6,26.6,0.164098025,0.704092532,-0.140781884,0.676320688
1746,4367821,1326150,0.988,0.036,-0.034,0.1,0.2,0,-34.7,6,26.6,0.164098025,0.704092532,-0.140781884,0.676320688
1747,4370936,1326150,0.988,0.036,-0.03,0.1,0.3,0,-34.5,6.3,26.6,0.164098025,0.704092532,-0.140781884,0.676320688
1748,4373228,1326160,0.988,0.044,-0.03,0.1,0.1,0,-34.5,6.3,26.6,0.164098025,0.704092532,-0.140781884,0.676320688
1749,4375386,1326160,0.988,0.04,-0.03,0.1,0,0,-34.5,6.3,26.6,0.164098025,0.704092532,-0.140781884,0.676320688
1750,4378617,1326160,0.985,0.04,-0.03,0,0,0,-34.5,6.3,26.6,0.164098025,0.704092532,-0.140781884,0.676320688
1751,4380640,1326160,0.985,0.04,-0.026,0,0,0,-34.4,6.1,26.8,0.164098025,0.704092532,-0.140781884,0.676320688
1752,4383732,1326170,0.985,0.036,-0.022,0,0,0,-34.4,6.1,26.8,0.164098025,0.704092532,-0.140781884,0.676320688
1753,4385825,1326170,0.985,0.044,-0.034,0,0,0,-34.4,6.1,26.8,0.164098025,0.704092532,-0.140781884,0.676320688
1754,4388738,1326170,0.985,0.04,-0.026,0,0,0,-34.4,6.1,26.8,0.164098025,0.704092532,-0.140781884,0.676320688
1755,4390349,1326170,0.988,0.04,-0.026,0,0,-0.1,-36,6.2,26.6,0.164098025,0.704092532,-0.140781884,0.676320688
1756,4393613,1326180,0.988,0.04,-0.026,0,0.1,-0.1,-36,6.2,26.6,0.164098025,0.704092532,-0.140781884,0.676320688
1757,4396474,1326180,0.985,0.036,-0.026,0.1,0.1,-0.1,-36,6.2,26.6,0.164098025,0.704092532,-0.140751366,0.676320688
1758,4398141,1326180,0.985,0.04,-0.03,0,0.2,0,-36,6.2,26.6,0.164098025,0.704092532,-0.140751366,0.676320688
1759,4400298,1326180,0.985,0.04,-0.034,0,0,0,-33.7,6.1,26.8,0.164098025,0.704092532,-0.140751366,0.676381726
1760,4403279,1326190,0.985,0.04,-0.034,0,0,0,-33.7,6.1,26.8,0.164098025,0.704062014,-0.140751366,0.676381726
1761,4405421,1326190,0.988,0.04,-0.03,0,-0.1,0.1,-33.7,6.1,26.8,0.164098025,0.704092532,-0.140751366,0.676381726
1762,4408533,1326190,0.988,0.04,-0.03,0,-0.2,0.1,-33.7,6.1,26.8,0.164098025,0.704092532,-0.140781884,0.676351207
1763,4410255,1326190,0.985,0.044,-0.034,0,-0.1,0.1,-33.4,6,26.7,0.164098025,0.704092532,-0.140781884,0.676351207
1764,4413833,1326200,0.985,0.036,-0.026,0,0,0.1,-33.4,6,26.7,0.164098025,0.704092532,-0.140781884,0.676351207
1765,4415314,1326200,0.985,0.036,-0.03,0.1,0,0.1,-33.4,6,26.7,0.164098025,0.704092532,-0.140781884,0.676381726
1766,4417825,1326200,0.985,0.04,-0.03,0.1,0,0,-33.4,6,26.7,0.164098025,0.704092532,-0.140781884,0.676381726
1767,4421397,1326200,0.988,0.04,-0.034,0,0,0,-33.7,6,26.8,0.164098025,0.704092532,-0.140781884,0.676381726
1768,4423553,1326210,0.985,0.044,-0.03,0,0,0,-33.7,6,26.8,0.164098025,0.704092532,-0.140781884,0.676381726
1769,4425747,1326210,0.985,0.036,-0.03,0,0,0,-33.7,6,26.8,0.164098025,0.704092532,-0.140751366,0.676381726
1770,4428061,1326210,0.985,0.032,-0.03,-0.1,0,-0.1,-33.7,6,26.8,0.164098025,0.704092532,-0.140751366,0.676381726
1771,4431572,1326210,0.988,0.04,-0.03,-0.1,0,-0.1,-33.5,6,26.5,0.164098025,0.704092532,-0.140751366,0.676381726
1772,4433175,1326220,0.985,0.036,-0.03,-0.1,0,0,-33.5,6,26.5,0.164098025,0.704092532,-0.140751366,0.676381726
1773,4435451,1326220,0.985,0.036,-0.03,0,0,0,-33.5,6,26.5,0.164098025,0.704092532,-0.140781884,0.676351207
1774,4438042,1326220,0.985,0.04,-0.034,0,-0.1,0,-33.5,6,26.5,0.164098025,0.704092532,-0.140781884,0.676351207
1775,4440833,1326220,0.988,0.04,-0.03,0,-0.1,0,-34.8,6.1,26.6,0.164098025,0.704092532,-0.140781884,0.676351207
1776,4442810,1326230,0.985,0.04,-0.026,0,0,0,-34.8,6.1,26.6,0.164098025,0.704092532,-0.140781884,0.676351207
1777,4446788,1326230,0.985,0.04,-0.026,0,0.1,0,-34.8,6.1,26.6,0.164098025,0.704092532,-0.140781884,0.676351207
1778,4448868,1326230,0.988,0.044,-0.03,0,0.3,0,-34.8,6.1,26.6,0.164098025,0.704062014,-0.140781884,0.676381726
1779,4450493,1326230,0.985,0.036,-0.026,0,0.2,0,-34.4,6.2,26.9,0.164128544,0.704062014,-0.140751366,0.676381726
1780,4453432,1326240,0.988,0.036,-0.022,0,0.2,0,-34.4,6.2,26.9,0.164128544,0.704062014,-0.140751366,0.676412244
1781,4455513,1326240,0.988,0.04,-0.034,0,0.1,0,-34.4,6.2,26.9,0.164128544,0.704031495,-0.140751366,0.676412244
1782,4457825,1326240,0.988,0.036,-0.03,0,0,0.1,-34.4,6.2,26.9,0.164128544,0.704031495,-0.140751366,0.676412244
1783,4461617,1326240,0.985,0.036,-0.026,0,0,0.1,-34.3,6.2,27,0.164128544,0.704031495,-0.140751366,0.676412244
1784,4463083,1326250,0.985,0.036,-0.03,0,0,0.2,-34.3,6.2,27,0.164128544,0.704031495,-0.140751366,0.676412244
1785,4465565,1326250,0.988,0.048,-0.03,0,0,0,-34.3,6.2,27,0.164128544,0.704031495,-0.140751366,0.676412244
1786,4467837,1326250,0.981,0.036,-0.034,0,0,0,-34.3,6.2,27,0.164128544,0.704031495,-0.140751366,0.676412244
1787,4470547,1326250,0.985,0.04,-0.03,-0.1,0,0,-34.5,6,27.2,0.164128544,0.704031495,-0.140751366,0.676412244
1788,4473759,1326260,0.988,0.036,-0.026,-0.1,0,0,-34.5,6,27.2,0.164128544,0.704031495,-0.140751366,0.676412244
1789,4475706,1326260,0.985,0.036,-0.034,-0.1,0,0,-34.5,6,27.2,0.164159062,0.704031495,-0.140751366,0.676412244
1790,4478116,1326260,0.985,0.04,-0.03,-0.1,0.1,0,-34.5,6,27.2,0.164159062,0.704031495,-0.140751366,0.676412244
1791,4480361,1326260,0.988,0.04,-0.03,0,0.1,0,-34.5,6,28,0.164159062,0.704031495,-0.140751366,0.676412244
1792,4483591,1326270,0.988,0.04,-0.03,0,0.1,0,-34.5,6,28,0.164159062,0.704031495,-0.140751366,0.676412244
1793,4485798,1326270,0.985,0.04,-0.03,0,0.2,0.1,-34.5,6,28,0.164159062,0.704031495,-0.140781884,0.676412244
1794,4488035,1326270,0.985,0.036,-0.03,0.1,0.3,0.1,-34.5,6,28,0.164159062,0.704031495,-0.140751366,0.676412244
1795,4490281,1326270,0.988,0.04,-0.03,0.1,0.3,0.1,-34.6,5.8,26.2,0.164128544,0.704031495,-0.140751366,0.676412244
1796,4492956,1326280,0.985,0.04,-0.034,0.1,0.1,0,-34.6,5.8,26.2,0.164128544,0.704000977,-0.140751366,0.676442763
1797,4497199,1326280,0.988,0.036,-0.03,0.1,0,0,-34.6,5.8,26.2,0.164128544,0.704000977,-0.140751366,0.676442763
1798,4498589,1326280,0.981,0.04,-0.034,0,-0.1,0,-34.6,5.8,26.2,0.164128544,0.704031495,-0.140751366,0.676442763
1799,4500316,1326280,0.985,0.04,-0.03,0,0,0,-34.7,6,28.8,0.164128544,0.704031495,-0.140781884,0.676412244
1800,4503977,1326290,0.985,0.04,-0.03,0,0,0,-34.7,6,28.8,0.164128544,0.704031495,-0.140781884,0.676412244
1801,4505394,1326290,0.981,0.04,-0.026,0,0,0,-34.7,6,28.8,0.164128544,0.704031495,-0.140781884,0.676412244
1802,4509203,1326290,0.985,0.04,-0.03,0,0,0,-34.7,6,28.8,0.164128544,0.704031495,-0.140781884,0.676412244
1803,4510559,1326290,0.985,0.04,-0.03,0,0,0,-34.9,6.1,29.1,0.164128544,0.704031495,-0.140781884,0.676412244
1804,4514277,1326300,0.981,0.036,-0.034,0.1,0,0,-34.9,6.1,29.1,0.164128544,0.704031495,-0.140781884,0.676412244
1805,4515868,1326300,0.985,0.044,-0.034,0.1,0,0,-34.9,6.1,29.1,0.164128544,0.704031495,-0.140781884,0.676412244
1806,4517984,1326300,0.981,0.04,-0.034,0.1,0,0,-34.9,6.1,29.1,0.164098025,0.704031495,-0.140781884,0.676412244
1807,4521248,1326300,0.985,0.04,-0.03,0.1,0,0,-35,5.5,28.7,0.164098025,0.704031495,-0.140781884,0.676412244
1808,4523276,1326310,0.985,0.04,-0.03,0,-0.1,0,-35,5.5,28.7,0.164098025,0.704031495,-0.140781884,0.676412244
1809,4525309,1326310,0.992,0.044,-0.026,0,-0.1,0,-35,5.5,28.7,0.164098025,0.704031495,-0.140781884,0.676412244
1810,4529558,1326310,0.985,0.036,-0.034,0,0,-0.1,-35,5.5,28.7,0.164098025,0.704031495,-0.140781884,0.676412244
1811,4531655,1326310,0.988,0.04,-0.026,0,0.1,0,-34.9,6.1,28.6,0.164128544,0.704031495,-0.140751366,0.676412244
1812,4533193,1326320,0.988,0.036,-0.03,0,0.1,0,-34.9,6.1,28.6,0.164098025,0.704031495,-0.140751366,0.676412244
1813,4535437,1326320,0.985,0.04,-0.026,0.1,0.1,0,-34.9,6.1,28.6,0.164098025,0.704031495,-0.140751366,0.676412244
1814,4539231,1326320,0.985,0.04,-0.03,0.1,0,0,-34.9,6.1,28.6,0.164098025,0.704031495,-0.140751366,0.676412244
1815,4540821,1326320,0.985,0.044,-0.026,0.1,0,0.1,-34.7,6,25.2,0.164098025,0.704031495,-0.140751366,0.676412244
1816,4542775,1326330,0.981,0.036,-0.03,0,0.1,0.1,-34.7,6,25.2,0.164098025,0.704031495,-0.140751366,0.676412244
1817,4545827,1326330,0.988,0.036,-0.034,0,0.1,0,-34.7,6,25.2,0.164098025,0.704031495,-0.140751366,0.676412244
1818,4549524,1326330,0.985,0.04,-0.026,0,0.1,0,-34.7,6,25.2,0.164098025,0.704031495,-0.140751366,0.676412244
1819,4551728,1326330,0.988,0.044,-0.026,0.2,0,-0.1,-34.4,6.2,26,0.164098025,0.704031495,-0.140751366,0.676442763
1820,4553093,1326340,0.988,0.044,-0.026,0.2,0,-0.1,-34.4,6.2,26,0.164098025,0.704031495,-0.140751366,0.676442763
1821,4557009,1326340,0.988,0.04,-0.022,0.1,0,-0.2,-34.4,6.2,26,0.164098025,0.704031495,-0.140751366,0.676442763
1822,4559208,1326340,0.985,0.036,-0.026,0,0,-0.2,-34.4,6.2,26,0.164098025,0.704031495,-0.140751366,0.676442763
1823,4560762,1326340,0.985,0.036,-0.03,0,0,0,-34.2,6.6,25.5,0.164098025,0.704031495,-0.140751366,0.676442763
1824,4563007,1326350,0.981,0.04,-0.03,0,0,0,-34.2,6.6,25.5,0.164098025,0.704031495,-0.140751366,0.676442763
1825,4566163,1326350,0.985,0.04,-0.026,0,0,0,-34.2,6.6,25.5,0.164098025,0.704031495,-0.140751366,0.676442763
1826,4568751,1326350,0.985,0.04,-0.03,0,0,0,-34.2,6.6,25.5,0.164098025,0.704031495,-0.140751366,0.676442763
1827,4570707,1326350,0.985,0.04,-0.03,0.1,0,0,-34.4,6,24.7,0.164098025,0.704031495,-0.140751366,0.676442763
1828,4572941,1326360,0.988,0.044,-0.038,0,0,0,-34.4,6,24.7,0.164098025,0.704031495,-0.140751366,0.676442763
1829,4576874,1326360,0.988,0.044,-0.026,0,0,0,-34.4,6,24.7,0.164098025,0.704031495,-0.140751366,0.676442763
1830,4579033,1326360,0.988,0.04,-0.03,0,0,0,-34.4,6,24.7,0.164098025,0.704031495,-0.140751366,0.676442763
1831,4580450,1326360,0.988,0.04,-0.026,0,0,-0.1,-34.1,5.9,24.6,0.164098025,0.704031495,-0.140751366,0.676442763
1832,4582774,1326370,0.988,0.036,-0.03,0,0,0,-34.1,5.9,24.6,0.164098025,0.704031495,-0.140751366,0.676442763
1833,4586095,1326370,0.992,0.04,-0.034,0,-0.1,0,-34.1,5.9,24.6,0.164098025,0.704031495,-0.140751366,0.676442763
1834,4588088,1326370,0.988,0.036,-0.03,0,-0.1,0,-34.1,5.9,24.6,0.164098025,0.704031495,-0.140751366,0.676442763
1835,4590498,1326370,0.985,0.044,-0.03,0,-0.2,0,-34.6,6.2,26.8,0.164098025,0.704031495,-0.140751366,0.676412244
1836,4593333,1326380,0.988,0.036,-0.03,0,-0.1,0,-34.6,6.2,26.8,0.164098025,0.704031495,-0.140751366,0.676412244
1837,4595698,1326380,0.985,0.04,-0.03,0,0,0,-34.6,6.2,26.8,0.164098025,0.704031495,-0.140751366,0.676412244
1838,4597921,1326380,0.985,0.036,-0.03,0,0,0,-34.6,6.2,26.8,0.164098025,0.704031495,-0.140751366,0.676412244
1839,4600395,1326380,0.985,0.04,-0.026,0,-0.1,0,-34.6,6.1,26.7,0.164098025,0.704031495,-0.140751366,0.676412244
1840,4603976,1326390,0.985,0.044,-0.03,0,-0.1,0,-34.6,6.1,26.7,0.164098025,0.704031495,-0.140751366,0.676412244
1841,4605404,1326390,0.988,0.04,-0.026,0,-0.1,0,-34.6,6.1,26.7,0.164098025,0.704031495,-0.140751366,0.676412244
1842,4608691,1326390,0.985,0.036,-0.034,0,-0.1,0,-34.6,6.1,26.7,0.164098025,0.704031495,-0.140751366,0.676412244
1843,4610453,1326390,0.985,0.04,-0.03,0,0,0,-34.6,5.9,26.7,0.164098025,0.704031495,-0.140751366,0.676412244
1844,4614126,1326400,0.992,0.036,-0.026,0,0,0,-34.6,5.9,26.7,0.164098025,0.704031495,-0.140751366,0.676412244
1845,4616079,1326400,0.988,0.04,-0.026,0,0,0,-34.6,5.9,26.7,0.164098025,0.704031495,-0.140751366,0.676412244
1846,4618163,1326400,0.985,0.04,-0.03,0,-0.1,0,-34.6,5.9,26.7,0.164098025,0.704031495,-0.140751366,0.676412244
1847,4621463,1326400,0.985,0.036,-0.03,0,-0.1,0,-34.6,5.2,26.7,0.164098025,0.704031495,-0.140751366,0.676412244
1848,4622808,1326410,0.981,0.04,-0.03,0,0,0,-34.6,5.2,26.7,0.164098025,0.704031495,-0.140751366,0.676412244
1849,4626675,1326410,0.985,0.036,-0.026,0,0.1,0,-34.6,5.2,26.7,0.164098025,0.704031495,-0.140751366,0.676412244
1850,4628789,1326410,0.988,0.036,-0.03,0,0.2,0,-34.6,5.2,26.7,0.164098025,0.704031495,-0.140751366,0.676412244
1851,4630545,1326410,0.981,0.04,-0.038,0,0.3,0,-34.7,4.7,26.9,0.164098025,0.704031495,-0.140751366,0.676412244
1852,4632899,1326420,0.988,0.04,-0.03,0,0.2,0,-34.7,4.7,26.9,0.164128544,0.704031495,-0.140751366,0.676412244
1853,4635322,1326420,0.985,0.04,-0.03,0,0.1,0,-34.7,4.7,26.9,0.164128544,0.704031495,-0.140751366,0.676442763
1854,4638381,1326420,0.985,0.044,-0.034,0,0,0,-34.7,4.7,26.9,0.164128544,0.704031495,-0.140751366,0.676442763
1855,4640628,1326420,0.988,0.036,-0.03,0,0,0,-34.6,6.7,27.9,0.164128544,0.704031495,-0.140751366,0.676442763
1856,4642990,1326430,0.985,0.04,-0.03,0,0,0,-34.6,6.7,27.9,0.164128544,0.704031495,-0.140751366,0.676442763
1857,4645516,1326430,0.985,0.04,-0.034,0,0,0,-34.6,6.7,27.9,0.164098025,0.704031495,-0.140751366,0.676442763
1858,4647771,1326430,0.985,0.04,-0.034,0,0,0,-34.6,6.7,27.9,0.164098025,0.704031495,-0.140751366,0.676442763
1859,4651072,1326430,0.988,0.044,-0.03,0.1,0.1,0,-34.7,4.1,25.7,0.164098025,0.704031495,-0.140751366,0.676412244
1860,4653384,1326440,0.985,0.04,-0.034,0,0.1,0,-34.7,4.1,25.7,0.164098025,0.704031495,-0.140751366,0.676412244
1861,4656215,1326440,0.985,0.036,-0.03,0,0,0,-34.7,4.1,25.7,0.164098025,0.704031495,-0.140751366,0.676412244
1862,4657826,1326440,0.985,0.04,-0.026,-0.1,0,0,-34.7,4.1,25.7,0.164098025,0.704031495,-0.140751366,0.676412244
1863,4660470,1326440,0.985,0.036,-0.03,-0.1,0,0,-35.3,3.6,25.7,0.164098025,0.704031495,-0.140751366,0.676412244
1864,4663745,1326450,0.985,0.04,-0.026,-0.1,0.1,0,-35.3,3.6,25.7,0.164098025,0.704031495,-0.140751366,0.676412244
1865,4665273,1326450,0.985,0.04,-0.03,0,0.2,0,-35.3,3.6,25.7,0.164128544,0.704031495,-0.140751366,0.676412244
1866,4668347,1326450,0.988,0.04,-0.026,0,0.2,0,-35.3,3.6,25.7,0.164128544,0.704031495,-0.140751366,0.676412244
1867,4671053,1326450,0.985,0.04,-0.03,0,0.1,0,-34.9,3.9,25.6,0.164128544,0.704031495,-0.140751366,0.676412244
1868,4672743,1326460,0.985,0.04,-0.034,0,0,0,-34.9,3.9,25.6,0.164128544,0.704031495,-0.140751366,0.676442763
1869,4676509,1326460,0.985,0.04,-0.038,0,0,0,-34.9,3.9,25.6,0.164128544,0.704031495,-0.140751366,0.676442763
1870,4678672,1326460,0.985,0.036,-0.034,0,0,0,-34.9,3.9,25.6,0.164098025,0.704031495,-0.140751366,0.676442763
1871,4680927,1326460,0.988,0.04,-0.034,0,0,0.1,-34.6,4.2,25.7,0.164098025,0.704031495,-0.140751366,0.676442763
1872,4683067,1326470,0.985,0.04,-0.03,0,-0.1,0.2,-34.6,4.2,25.7,0.164098025,0.704031495,-0.140751366,0.676442763
1873,4685463,1326470,0.988,0.04,-0.03,0,-0.1,0.2,-34.6,4.2,25.7,0.164098025,0.704031495,-0.140751366,0.676442763
1874,4687957,1326470,0.988,0.04,-0.026,0,0,0.2,-34.6,4.2,25.7,0.164098025,0.704031495,-0.140751366,0.676442763
1875,4691249,1326470,0.985,0.04,-0.03,0,0,0.1,-34.8,7.8,27.2,0.164098025,0.704031495,-0.140751366,0.676442763
1876,4692879,1326480,0.981,0.04,-0.022,0,0,0,-34.8,7.8,27.2,0.164098025,0.704031495,-0.140751366,0.676442763
1877,4695847,1326480,0.985,0.04,-0.03,0.1,0,0,-34.8,7.8,27.2,0.164098025,0.704031495,-0.140751366,0.676442763
1878,4697765,1326480,0.981,0.036,-0.034,0.2,0,0,-34.8,7.8,27.2,0.164098025,0.704031495,-0.140751366,0.676442763
1879,4701047,1326480,0.985,0.044,-0.034,0.1,0.1,0.1,-34.6,6.5,26.6,0.164098025,0.704000977,-0.140751366,0.676442763
1880,4703082,1326490,0.985,0.044,-0.034,0,0.1,0.2,-34.6,6.5,26.6,0.164098025,0.704000977,-0.140751366,0.676442763
1881,4705325,1326490,0.988,0.04,-0.034,0,0.1,0.1,-34.6,6.5,26.6,0.164098025,0.704000977,-0.140751366,0.676442763
1882,4708119,1326490,0.981,0.036,-0.034,-0.1,0.1,0,-34.6,6.5,26.6,0.164098025,0.704000977,-0.140751366,0.676442763
1883,4710491,1326490,0.985,0.036,-0.026,-0.1,0,0,-34.4,7.5,26.7,0.164098025,0.704000977,-0.140751366,0.676442763
1884,4712781,1326500,0.985,0.044,-0.03,-0.1,0,0,-34.4,7.5,26.7,0.164098025,0.704000977,-0.140751366,0.676442763
1885,4715401,1326500,0.985,0.036,-0.03,0,0,0,-34.4,7.5,26.7,0.164098025,0.704000977,-0.140751366,0.676442763
1886,4717902,1326500,0.985,0.036,-0.03,0.1,-0.1,0,-34.4,7.5,26.7,0.164098025,0.704000977,-0.140751366,0.676442763
1887,4721035,1326500,0.985,0.036,-0.03,0.1,-0.2,0,-34.5,7.7,26.4,0.164098025,0.704000977,-0.140751366,0.676442763
1888,4722891,1326510,0.988,0.036,-0.034,0.1,-0.2,0,-34.5,7.7,26.4,0.164098025,0.704000977,-0.140751366,0.676442763
1889,4725854,1326510,0.988,0.044,-0.026,0,-0.1,0,-34.5,7.7,26.4,0.164098025,0.704000977,-0.140751366,0.676442763
1890,4728141,1326510,0.988,0.04,-0.03,0,-0.1,0,-34.5,7.7,26.4,0.164098025,0.704000977,-0.140751366,0.676442763
1891,4731275,1326510,0.985,0.04,-0.03,0,0,0.1,-34.5,8.1,26.5,0.164098025,0.704000977,-0.140751366,0.676442763
1892,4733472,1326520,0.985,0.036,-0.03,0,0.1,0,-34.5,8.1,26.5,0.164098025,0.704000977,-0.140751366,0.676442763
1893,4735781,1326520,0.981,0.04,-0.026,0,0.1,0,-34.5,8.1,26.5,0.164098025,0.704000977,-0.140751366,0.676442763
1894,4737966,1326520,0.981,0.044,-0.03,0,0.1,0,-34.5,8.1,26.5,0.164098025,0.704000977,-0.140751366,0.676442763
1895,4740274,1326520,0.981,0.036,-0.034,0,0.1,0,-34.6,5.7,26.8,0.164098025,0.704000977,-0.140751366,0.676442763
1896,4744687,1326530,0.985,0.04,-0.026,0,0,0,-34.6,5.7,26.8,0.164098025,0.704000977,-0.140751366,0.676442763
1897,4746190,1326530,0.985,0.036,-0.03,0,0.1,0,-34.6,5.7,26.8,0.164098025,0.704000977,-0.140751366,0.676442763
1898,4748076,1326530,0.988,0.036,-0.038,0,0.1,0,-34.6,5.7,26.8,0.164098025,0.704000977,-0.140781884,0.676442763
1899,4751176,1326530,0.985,0.044,-0.03,0,0,0,-34.7,6.7,26.8,0.164067507,0.704000977,-0.140781884,0.676442763
1900,4753060,1326540,0.985,0.04,-0.034,0,0,0,-34.7,6.7,26.8,0.164067507,0.704000977,-0.140781884,0.676442763
1901,4755388,1326540,0.985,0.04,-0.034,0,0,0,-34.7,6.7,26.8,0.164067507,0.704000977,-0.140781884,0.676442763
1902,4757820,1326540,0.985,0.04,-0.034,0.1,0.1,0,-34.7,6.7,26.8,0.164067507,0.704000977,-0.140781884,0.676442763
1903,4760634,1326540,0.988,0.036,-0.034,0.1,0.1,0,-34.7,6.4,26.9,0.164067507,0.704000977,-0.140781884,0.676442763
1904,4763076,1326550,0.988,0.036,-0.03,0.1,0.1,0,-34.7,6.4,26.9,0.164067507,0.704000977,-0.140781884,0.676442763
1905,4766351,1326550,0.985,0.04,-0.03,0,0,0,-34.7,6.4,26.9,0.164067507,0.704000977,-0.140781884,0.676442763
1906,4768431,1326550,0.985,0.036,-0.03,0,0,0,-34.7,6.4,26.9,0.164067507,0.704000977,-0.140781884,0.676442763
1907,4770290,1326550,0.985,0.036,-0.034,0,0,0,-35.5,7.1,26.6,0.164067507,0.704000977,-0.140781884,0.676442763
1908,4773385,1326560,0.988,0.04,-0.026,0,0,0,-35.5,7.1,26.6,0.164067507,0.704000977,-0.140781884,0.676442763
1909,4775410,1326560,0.985,0.04,-0.034,0,0.1,0,-35.5,7.1,26.6,0.164067507,0.704000977,-0.140781884,0.676442763
1910,4778494,1326560,0.985,0.04,-0.03,0,0.1,0,-35.5,7.1,26.6,0.164067507,0.704000977,-0.140781884,0.676442763
1911,4781483,1326560,0.988,0.036,-0.03,0,0,0,-36.3,6.6,26.9,0.164067507,0.704000977,-0.140781884,0.676442763
1912,4783032,1326570,0.977,0.033,-0.026,0,0.1,0,-36.3,6.6,26.9,0.164067507,0.704000977,-0.140781884,0.676473281
1913,4786079,1326570,0.981,0.04,-0.034,0,0.1,0,-36.3,6.6,26.9,0.164067507,0.704000977,-0.140781884,0.676473281
1914,4788157,1326570,0.985,0.04,-0.03,0,0.1,0,-36.3,6.6,26.9,0.164067507,0.704000977,-0.140781884,0.676473281
1915,4791170,1326570,0.985,0.04,-0.034,0,0,0,-34.2,4.9,26.6,0.164067507,0.704000977,-0.140781884,0.676473281
1916,4792741,1326580,0.985,0.044,-0.034,0,-0.1,-0.1,-34.2,4.9,26.6,0.164067507,0.704000977,-0.140781884,0.676473281
1917,4795809,1326580,0.988,0.048,-0.03,0,-0.1,0,-34.2,4.9,26.6,0.164067507,0.704000977,-0.140781884,0.676442763
1918,4798085,1326580,0.988,0.04,-0.03,0,-0.1,0,-34.2,4.9,26.6,0.164067507,0.704000977,-0.140781884,0.676442763
1919,4801852,1326580,0.988,0.036,-0.03,0,0,0,-37.1,6.9,26.3,0.164098025,0.704031495,-0.140751366,0.676412244
1920,4804069,1326590,0.985,0.044,-0.03,0,0,0,-37.1,6.9,26.3,0.164098025,0.704031495,-0.140751366,0.676442763
1921,4805551,1326590,0.985,0.04,-0.034,0,0,0,-37.1,6.9,26.3,0.164098025,0.704031495,-0.140751366,0.676442763
1922,4808553,1326590,0.985,0.044,-0.03,0,0,0,-37.1,6.9,26.3,0.164098025,0.704031495,-0.140751366,0.676442763
1923,4810245,1326590,0.985,0.036,-0.03,0,-0.1,0,-37.2,7.3,26.8,0.164098025,0.704031495,-0.140751366,0.676412244
1924,4812861,1326600,0.988,0.04,-0.03,0,0,0,-37.2,7.3,26.8,0.164098025,0.704031495,-0.140751366,0.676412244
1925,4815892,1326600,0.985,0.044,-0.026,0,0,0.1,-37.2,7.3,26.8,0.164098025,0.704031495,-0.140751366,0.676412244
1926,4818892,1326600,0.981,0.04,-0.034,0,0,0.1,-37.2,7.3,26.8,0.164098025,0.704031495,-0.140751366,0.676442763
1927,4820378,1326600,0.988,0.04,-0.026,0,0,0,-36.7,7.2,26.7,0.164098025,0.704031495,-0.140751366,0.676442763
1928,4823396,1326610,0.988,0.04,-0.03,0,0,0,-36.7,7.2,26.7,0.164098025,0.704031495,-0.140751366,0.676442763
1929,4826357,1326610,0.985,0.036,-0.026,0,0,-0.1,-36.7,7.2,26.7,0.164098025,0.704031495,-0.140751366,0.676442763
1930,4827888,1326610,0.988,0.04,-0.034,0,0,-0.1,-36.7,7.2,26.7,0.164098025,0.704031495,-0.140751366,0.676412244
1931,4831126,1326610,0.985,0.036,-0.03,0,-0.1,-0.1,-36.4,7.5,26.7,0.164098025,0.704031495,-0.140751366,0.676412244
1932,4833967,1326620,0.985,0.04,-0.034,0,0,-0.1,-36.4,7.5,26.7,0.164098025,0.704031495,-0.140751366,0.676412244
1933,4835508,1326620,0.988,0.036,-0.034,0,0,0,-36.4,7.5,26.7,0.164098025,0.704031495,-0.140751366,0.676412244
1934,4839054,1326620,0.985,0.04,-0.03,0,0,0,-36.4,7.5,26.7,0.164098025,0.704031495,-0.140751366,0.676412244
1935,4840414,1326620,0.988,0.04,-0.026,0,0,0,-33.9,6.1,26.5,0.164098025,0.704031495,-0.140751366,0.676412244
1936,4843602,1326630,0.988,0.04,-0.026,0,0,0,-33.9,6.1,26.5,0.164098025,0.704031495,-0.140751366,0.676412244
1937,4845305,1326630,0.985,0.036,-0.03,0,0,-0.1,-33.9,6.1,26.5,0.164098025,0.704031495,-0.140751366,0.676412244
1938,4848831,1326630,0.985,0.044,-0.03,0,0.1,-0.1,-33.9,6.1,26.5,0.164098025,0.704031495,-0.140751366,0.676412244
1939,4850471,1326630,0.985,0.04,-0.03,0,0.1,-0.1,-34.3,6.2,26.8,0.164128544,0.704000977,-0.140720847,0.676442763
1940,4852840,1326640,0.985,0.04,-0.03,0,0.1,0,-34.3,6.2,26.8,0.164128544,0.704000977,-0.140720847,0.676442763
1941,4856309,1326640,0.981,0.036,-0.034,0,0.1,0,-34.3,6.2,26.8,0.164128544,0.704000977,-0.140720847,0.676442763
1942,4857749,1326640,0.985,0.04,-0.03,0,0,0,-34.3,6.2,26.8,0.164128544,0.704000977,-0.140720847,0.676442763
1943,4861502,1326640,0.981,0.036,-0.026,0,-0.1,0,-33.7,6.3,26.7,0.164128544,0.704000977,-0.140720847,0.676442763
1944,4862958,1326650,0.988,0.036,-0.022,0.1,-0.2,0,-33.7,6.3,26.7,0.164128544,0.704000977,-0.140720847,0.676442763
1945,4866973,1326650,0.988,0.044,-0.038,0,-0.3,0,-33.7,6.3,26.7,0.164128544,0.704000977,-0.140720847,0.676442763
1946,4869222,1326650,0.988,0.04,-0.038,0,-0.2,0,-33.7,6.3,26.7,0.164128544,0.704000977,-0.140720847,0.676442763
1947,4871490,1326650,0.985,0.04,-0.03,0,0,-0.1,-33.3,6.2,26.7,0.164128544,0.704000977,-0.140720847,0.676442763
1948,4873700,1326660,0.985,0.036,-0.026,0,0.1,-0.1,-33.3,6.2,26.7,0.164128544,0.704000977,-0.140720847,0.676442763
1949,4875557,1326660,0.981,0.04,-0.026,0,0.2,-0.1,-33.3,6.2,26.7,0.164128544,0.704000977,-0.140720847,0.676442763
1950,4877930,1326660,0.985,0.04,-0.034,0,0.1,0,-33.3,6.2,26.7,0.164128544,0.704000977,-0.140720847,0.676442763
1951,4880374,1326660,0.985,0.044,-0.03,0,0,0,-34,5.8,26.9,0.164128544,0.704000977,-0.140720847,0.676442763
1952,4884454,1326670,0.988,0.04,-0.03,0.1,-0.1,-0.1,-34,5.8,26.9,0.164128544,0.704000977,-0.140720847,0.676442763
1953,4886702,1326670,0.981,0.04,-0.03,0,-0.1,-0.1,-34,5.8,26.9,0.164128544,0.704000977,-0.140720847,0.676442763
1954,4889155,1326670,0.988,0.04,-0.03,0,0,-0.1,-34,5.8,26.9,0.164128544,0.704031495,-0.140720847,0.676442763
1955,4891454,1326670,0.985,0.044,-0.03,-0.1,0,0,-35,6.2,27,0.164128544,0.704031495,-0.140720847,0.676442763
1956,4893725,1326680,0.981,0.036,-0.034,0,0,0,-35,6.2,27,0.164128544,0.704031495,-0.140720847,0.676442763
1957,4895844,1326680,0.985,0.04,-0.022,0,-0.1,0,-35,6.2,27,0.164128544,0.704031495,-0.140720847,0.676442763
1958,4898093,1326680,0.985,0.036,-0.034,0,-0.1,0,-35,6.2,27,0.164128544,0.704031495,-0.140720847,0.676442763
1959,4900478,1326680,0.985,0.036,-0.034,0,-0.1,0,-34.4,5.7,26.3,0.164128544,0.704031495,-0.140720847,0.676442763
1960,4902930,1326690,0.985,0.036,-0.034,0,-0.1,0,-34.4,5.7,26.3,0.164128544,0.704031495,-0.140720847,0.676442763
1961,4906251,1326690,0.985,0.036,-0.034,0.1,0,0,-34.4,5.7,26.3,0.164128544,0.704031495,-0.140720847,0.676442763
1962,4907972,1326690,0.988,0.04,-0.03,0.1,0,-0.1,-34.4,5.7,26.3,0.164128544,0.704031495,-0.140720847,0.676442763
1963,4911399,1326690,0.988,0.04,-0.038,0,0.1,-0.1,-34,6.7,26.6,0.164128544,0.704031495,-0.140720847,0.676442763
1964,4912971,1326700,0.985,0.036,-0.03,0,0.1,-0.1,-34,6.7,26.6,0.164128544,0.704031495,-0.140690329,0.676442763
1965,4915518,1326700,0.988,0.04,-0.03,0,0,0,-34,6.7,26.6,0.164128544,0.704031495,-0.140690329,0.676442763
1966,4917784,1326700,0.985,0.04,-0.034,-0.1,-0.1,0,-34,6.7,26.6,0.164128544,0.704031495,-0.140720847,0.676442763
1967,4920467,1326700,0.985,0.036,-0.03,0,-0.1,0,-34.6,6.2,26.4,0.164128544,0.704031495,-0.140720847,0.676442763
1968,4923507,1326710,0.981,0.04,-0.03,0,0,0,-34.6,6.2,26.4,0.164128544,0.704031495,-0.140720847,0.676442763
1969,4926461,1326710,0.985,0.04,-0.026,0,0,-0.1,-34.6,6.2,26.4,0.164159062,0.704031495,-0.140720847,0.676442763
1970,4928826,1326710,0.985,0.044,-0.034,0,0,-0.1,-34.6,6.2,26.4,0.164159062,0.704031495,-0.140720847,0.676442763
1971,4931520,1326710,0.988,0.04,-0.034,0,0,0,-34,6.3,26.7,0.164159062,0.704031495,-0.140690329,0.676442763
1972,4933316,1326720,0.988,0.04,-0.03,0.1,0.2,0,-34,6.3,26.7,0.164159062,0.704031495,-0.140690329,0.676442763
1973,4935655,1326720,0.985,0.04,-0.03,0,0.3,0,-34,6.3,26.7,0.164159062,0.704031495,-0.140690329,0.676442763
1974,4938091,1326720,0.985,0.04,-0.026,0,0.3,0,-34,6.3,26.7,0.164159062,0.704000977,-0.140690329,0.676442763
1975,4941980,1326720,0.988,0.04,-0.03,0.1,0.1,0,-35.9,6,26.7,0.164159062,0.704000977,-0.140690329,0.676442763
1976,4944046,1326730,0.985,0.04,-0.03,0.1,0.1,0,-35.9,6,26.7,0.164159062,0.704000977,-0.140690329,0.676442763
1977,4945545,1326730,0.985,0.036,-0.03,0.1,0.1,0,-35.9,6,26.7,0.164128544,0.704000977,-0.140690329,0.676442763
1978,4947878,1326730,0.988,0.044,-0.03,0.1,0.1,0,-35.9,6,26.7,0.164128544,0.704000977,-0.140690329,0.676442763
1979,4950306,1326730,0.985,0.044,-0.026,0,0,0,-33.3,6.1,26.6,0.164159062,0.704000977,-0.140690329,0.676442763
1980,4952937,1326740,0.988,0.036,-0.034,0,0,0,-33.3,6.1,26.6,0.164159062,0.704000977,-0.140690329,0.676442763
1981,4956248,1326740,0.985,0.04,-0.038,-0.1,-0.1,0,-33.3,6.1,26.6,0.164159062,0.704000977,-0.140690329,0.676442763
1982,4957788,1326740,0.988,0.04,-0.03,0,0,0,-33.3,6.1,26.6,0.164159062,0.704000977,-0.140690329,0.676442763
1983,4960328,1326740,0.981,0.04,-0.026,0,0,0,-33.2,5.9,26.6,0.164159062,0.704000977,-0.140690329,0.676442763
1984,4963776,1326750,0.985,0.036,-0.03,0,0,0,-33.2,5.9,26.6,0.164159062,0.704000977,-0.140690329,0.676442763
1985,4965276,1326750,0.981,0.04,-0.026,0,0,0,-33.2,5.9,26.6,0.164159062,0.704000977,-0.140690329,0.676442763
1986,4968530,1326750,0.985,0.044,-0.026,0,-0.1,0,-33.2,5.9,26.6,0.164159062,0.704000977,-0.140690329,0.676442763
1987,4970342,1326750,0.985,0.032,-0.03,0,0,0.1,-33.3,6.4,26.5,0.164128544,0.704000977,-0.140690329,0.676442763
1988,4973788,1326760,0.985,0.04,-0.03,0,0,0.1,-33.3,6.4,26.5,0.164128544,0.704000977,-0.140690329,0.676442763
1989,4975390,1326760,0.985,0.04,-0.03,0,0.1,0,-33.3,6.4,26.5,0.164128544,0.704000977,-0.140690329,0.676442763
1990,4977920,1326760,0.988,0.036,-0.038,0,0.1,-0.1,-33.3,6.4,26.5,0.164159062,0.704000977,-0.140690329,0.676442763
1991,4982061,1326760,0.988,0.04,-0.038,0,0.1,-0.2,-33.3,6.2,27,0.164159062,0.704000977,-0.140690329,0.676442763
1992,4984352,1326770,0.988,0.04,-0.03,0,0,-0.2,-33.3,6.2,27,0.164159062,0.704000977,-0.140690329,0.676442763
1993,4986563,1326770,0.988,0.036,-0.03,0,0,-0.2,-33.3,6.2,27,0.164159062,0.704000977,-0.140690329,0.676442763
1994,4988020,1326770,0.985,0.036,-0.034,0,0,0,-33.3,6.2,27,0.164159062,0.704000977,-0.140690329,0.676442763
1995,4990426,1326770,0.985,0.036,-0.034,0,0,0,-34.7,6.3,26.9,0.164159062,0.704000977,-0.140690329,0.676442763
1996,4992848,1326780,0.988,0.04,-0.03,0,0,0.1,-34.7,6.3,26.9,0.164159062,0.704000977,-0.140690329,0.676442763
1997,4996310,1326780,0.985,0.044,-0.034,0,0,0,-34.7,6.3,26.9,0.164159062,0.704000977,-0.140690329,0.676442763
1998,4997997,1326780,0.988,0.044,-0.034,0,0,0,-34.7,6.3,26.9,0.164159062,0.704000977,-0.140690329,0.676442763
