sample_index,elapsed_us,device_time_ms,acc_x_g,acc_y_g,acc_z_g,gyro_x_dps,gyro_y_dps,gyro_z_dps,mag_x_ut,mag_y_ut,mag_z_ut,quat_w,quat_x,quat_y,quat_z
0,3965,743400,-0.311,-0.641,0.717,9,17.5,-29.2,-5.4,-5.4,-24.5,0.533005768,-0.0633564257,0.366679891,-0.759849849
1,6107,743400,-0.311,-0.641,0.721,9.2,17.2,-28.9,-5.4,-5.4,-24.5,0.532395398,-0.0632038331,0.36671041,-0.760277108
2,8357,743400,-0.311,-0.644,0.725,9.3,16.9,-28.7,-5.4,-5.4,-24.5,0.531815546,-0.0630207221,0.36671041,-0.760704367
3,10562,743400,-0.307,-0.652,0.725,9.4,16.5,-28.5,-5.7,-6.6,-24.8,0.531205176,-0.0628070925,0.366832484,-0.761101108
4,12810,743410,-0.307,-0.652,0.717,9.4,16,-28.2,-5.7,-6.6,-24.8,0.530625324,-0.0626850185,0.366801965,-0.761528367
5,15297,743410,-0.307,-0.648,0.725,9.4,15.7,-28,-5.7,-6.6,-24.8,0.530045473,-0.0625324259,0.366801965,-0.761925108
6,18866,743410,-0.315,-0.648,0.721,9.5,15.6,-27.9,-5.7,-6.6,-24.8,0.529465621,-0.0623798334,0.366801965,-0.762352367
7,20463,743410,-0.315,-0.644,0.717,9.5,15.5,-27.9,-5.4,-7.4,-24.6,0.528885769,-0.0622272408,0.366771447,-0.762779626
8,23983,743420,-0.315,-0.637,0.721,9.6,15.4,-27.8,-5.4,-7.4,-24.6,0.528305918,-0.0620441298,0.366740928,-0.763206885
9,25478,743420,-0.319,-0.632,0.717,9.6,15.2,-27.7,-5.4,-7.4,-24.6,0.527756584,-0.0619525742,0.366740928,-0.763603626
10,28019,743420,-0.315,-0.629,0.713,9.5,15,-27.3,-5.4,-7.4,-24.6,0.527176733,-0.0617999817,0.36671041,-0.764030885
11,30885,743420,-0.323,-0.628,0.717,9.3,15,-26.8,-5.7,-8.6,-24.5,0.5266274,-0.0616473891,0.366679891,-0.764427625
12,33912,743430,-0.319,-0.625,0.713,9.3,14.9,-26.3,-5.7,-8.6,-24.5,0.526078066,-0.0615253151,0.366679891,-0.764824366
13,36936,743430,-0.319,-0.625,0.717,9.3,14.7,-25.7,-5.7,-8.6,-24.5,0.525528733,-0.0613727226,0.366649373,-0.765221107
14,38462,743430,-0.319,-0.625,0.717,9.2,14.5,-25.2,-5.7,-8.6,-24.5,0.525009919,-0.06122013,0.366618854,-0.765617847
15,40699,743430,-0.319,-0.629,0.717,9,14.4,-24.9,-5.5,-9.7,-24.2,0.524491104,-0.0610675375,0.366618854,-0.765984069
16,43682,743440,-0.315,-0.625,0.713,8.9,14.4,-24.6,-5.5,-9.7,-24.2,0.523972289,-0.0609149449,0.366588336,-0.766350291
17,45322,743440,-0.323,-0.628,0.717,8.7,14.4,-24.3,-5.5,-9.7,-24.2,0.523453475,-0.0607928709,0.366588336,-0.766716514
18,48856,743440,-0.327,-0.621,0.717,8.4,14.4,-24,-5.5,-9.7,-24.2,0.522965178,-0.0606402783,0.366557817,-0.767082736
19,50374,743440,-0.323,-0.621,0.713,8.1,14.4,-23.6,-5.4,-9.6,-24.7,0.522446364,-0.0604876858,0.366557817,-0.767448958
20,53219,743450,-0.331,-0.624,0.718,8,14.4,-23.3,-5.4,-9.6,-24.7,0.521958068,-0.0603350932,0.366557817,-0.767784661
21,55507,743450,-0.331,-0.613,0.714,7.9,14.4,-23.1,-5.4,-9.6,-24.7,0.521469771,-0.0601825007,0.366557817,-0.768120365
22,57931,743450,-0.33,-0.609,0.717,7.9,14.3,-22.7,-5.4,-9.6,-24.7,0.520981475,-0.0600299081,0.366557817,-0.768486587
23,62060,743450,-0.334,-0.601,0.721,7.9,14.3,-22.4,-4.8,-5.4,-23,0.520615253,-0.0594500565,0.366771447,-0.768669698
24,64240,743460,-0.334,-0.601,0.721,7.9,14.3,-21.8,-4.8,-5.4,-23,0.520157476,-0.0592974639,0.366771447,-0.769005402
25,65771,743460,-0.334,-0.605,0.718,7.8,14.2,-21.3,-4.8,-5.4,-23,0.519699698,-0.0591143529,0.366771447,-0.769310587
26,68125,743460,-0.338,-0.601,0.722,7.6,14.3,-20.9,-4.8,-5.4,-23,0.51924192,-0.0589922788,0.366771447,-0.76964629
27,70427,743460,-0.334,-0.601,0.721,7.4,14.3,-20.5,-5,-8.2,-26.4,0.518784143,-0.0588396863,0.366771447,-0.769951476
28,73139,743470,-0.334,-0.597,0.725,7.2,14.3,-20.1,-5,-8.2,-26.4,0.518326365,-0.0586260567,0.366801965,-0.770256661
29,76478,743470,-0.33,-0.601,0.721,6.9,14.2,-19.8,-5,-8.2,-26.4,0.517899106,-0.0585039827,0.366801965,-0.770561846
30,78691,743470,-0.33,-0.601,0.725,6.5,14.1,-19.7,-5,-8.2,-26.4,0.517471847,-0.0583513901,0.366832484,-0.770836512
31,80922,743470,-0.33,-0.601,0.733,6,14.3,-19.6,-4.3,-7.3,-26.3,0.517014069,-0.0581987976,0.366863002,-0.771141697
32,83076,743480,-0.33,-0.597,0.725,5.5,14.5,-19.3,-4.3,-7.3,-26.3,0.51658681,-0.058046205,0.366924039,-0.771416364
33,86919,743480,-0.334,-0.605,0.729,5.3,14.9,-19,-4.3,-7.3,-26.3,0.516159551,-0.0578936125,0.366985076,-0.771691031
34,88424,743480,-0.33,-0.605,0.725,5.3,15.2,-18.7,-4.3,-7.3,-26.3,0.515732292,-0.0577105014,0.367015595,-0.771965697
35,90618,743480,-0.338,-0.612,0.729,5.4,15.4,-18.3,-4.7,-6,-26.2,0.515305033,-0.0575579089,0.367076632,-0.772240364
36,92904,743490,-0.334,-0.616,0.733,5.5,15.6,-17.9,-4.7,-6,-26.2,0.514877773,-0.0573747978,0.367137669,-0.77251503
37,95521,743490,-0.335,-0.62,0.737,5.4,15.9,-17.5,-4.7,-6,-26.2,0.514450514,-0.0571611682,0.367198706,-0.772759178
38,97831,743490,-0.338,-0.62,0.737,5.1,16.2,-17.3,-4.7,-6,-26.2,0.514053774,-0.0569780572,0.367290262,-0.773033845
39,101979,743490,-0.335,-0.624,0.733,4.8,16.5,-17.1,-4.1,-6,-26.3,0.513626514,-0.0567949461,0.367381817,-0.773277993
40,104180,743500,-0.339,-0.628,0.733,4.8,16.7,-16.9,-4.1,-6,-26.3,0.513229774,-0.0565813166,0.367442854,-0.773522141
41,106414,743500,-0.343,-0.624,0.733,4.8,16.8,-16.8,-4.1,-6,-26.3,0.512802515,-0.056367687,0.36753441,-0.773766289
42,108627,743500,-0.342,-0.616,0.737,4.8,16.8,-16.7,-4.1,-6,-26.3,0.512405774,-0.0561845759,0.367625965,-0.774010437
43,110883,743500,-0.346,-0.604,0.733,4.8,16.9,-16.5,-4.5,-7.4,-24.1,0.512100589,-0.0555742058,0.367809076,-0.77416303
44,113094,743510,-0.354,-0.608,0.734,4.5,17,-16.3,-4.5,-7.4,-24.1,0.511703848,-0.0553605762,0.367900632,-0.774407178
45,115411,743510,-0.354,-0.604,0.734,4.2,17.2,-16,-4.5,-7.4,-24.1,0.511307108,-0.0551469466,0.367992187,-0.774620808
46,118015,743510,-0.354,-0.6,0.738,3.8,17.3,-15.9,-4.5,-7.4,-24.1,0.510879849,-0.0549333171,0.368114261,-0.774864956
47,122128,743510,-0.35,-0.604,0.745,3.4,17.5,-15.9,-4.7,-7.5,-24.8,0.510483108,-0.0547196875,0.368236335,-0.775078585
48,124344,743520,-0.346,-0.612,0.741,3.3,17.8,-16.1,-4.7,-7.5,-24.8,0.510086367,-0.0544755394,0.368358409,-0.775322733
49,125908,743520,-0.346,-0.62,0.737,3.4,18.2,-16.3,-4.7,-7.5,-24.8,0.509659108,-0.0542924284,0.368480483,-0.775536363
50,128138,743520,-0.346,-0.62,0.737,3.8,18.4,-16.4,-4.7,-7.5,-24.8,0.509231849,-0.0540787988,0.368602557,-0.775780511
51,130529,743520,-0.343,-0.628,0.741,4.2,18.4,-16.3,-4.2,-7.3,-24.4,0.508774071,-0.0538651692,0.368724631,-0.776024659
52,132852,743530,-0.346,-0.62,0.734,4.3,18.4,-16.1,-4.2,-7.3,-24.4,0.508407849,-0.0536210211,0.368816187,-0.776268807
53,136113,743530,-0.347,-0.628,0.734,4.1,18.6,-15.9,-4.2,-7.3,-24.4,0.50798059,-0.0533768731,0.368938261,-0.776482437
54,137766,743530,-0.35,-0.624,0.738,3.6,18.9,-15.5,-4.2,-7.3,-24.4,0.50758385,-0.0531632435,0.369060335,-0.776726585
55,140509,743530,-0.35,-0.62,0.73,2.9,19.2,-15.1,-4.3,-7.2,-24,0.50715659,-0.0529190954,0.369212928,-0.776940214
56,143373,743540,-0.354,-0.616,0.734,2.2,19.6,-14.5,-4.3,-7.2,-24,0.50675985,-0.0526749474,0.369396039,-0.777123325
57,145671,743540,-0.354,-0.616,0.726,1.6,20,-14.1,-4.3,-7.2,-24,0.506363109,-0.0524307993,0.369548631,-0.777306436
58,149491,743540,-0.354,-0.616,0.726,1.2,20.2,-13.8,-4.3,-7.2,-24,0.505966369,-0.0521866512,0.369731742,-0.777520066
59,151698,743540,-0.35,-0.612,0.73,0.8,20.3,-13.6,-3.9,-7.3,-23,0.505569628,-0.0519425031,0.369945372,-0.777672658
60,153974,743550,-0.35,-0.612,0.726,0.4,20.2,-13.5,-3.9,-7.3,-23,0.505172887,-0.0516983551,0.370128483,-0.77785577
61,155503,743550,-0.354,-0.612,0.726,0.2,20.2,-13.5,-3.9,-7.3,-23,0.504776147,-0.051454207,0.370342112,-0.778038881
62,157850,743550,-0.35,-0.616,0.722,0,20.3,-13.6,-3.9,-7.3,-23,0.504379406,-0.0512100589,0.370555742,-0.778221992
63,160557,743550,-0.342,-0.616,0.726,-0.3,20.5,-13.4,-3.8,-7.7,-26.6,0.504257332,-0.0502029481,0.370921964,-0.778191473
64,162890,743560,-0.346,-0.616,0.726,-0.6,20.8,-13.3,-3.8,-7.7,-26.6,0.503860591,-0.0499588,0.371135594,-0.778313547
65,165723,743560,-0.346,-0.616,0.722,-0.9,21.1,-13.1,-3.8,-7.7,-26.6,0.503463851,-0.0497146519,0.371379742,-0.778527177
66,168782,743560,-0.346,-0.62,0.734,-1.1,21.3,-12.8,-3.8,-7.7,-26.6,0.50306711,-0.0494705039,0.37162389,-0.778679769
67,170436,743560,-0.346,-0.62,0.726,-1.3,21.5,-12.5,-3.1,-7.1,-23.2,0.50267037,-0.0492263558,0.371868038,-0.778832362
68,173004,743570,-0.346,-0.62,0.726,-1.4,21.5,-12.2,-3.1,-7.1,-23.2,0.502304147,-0.0489822077,0.372112186,-0.778954436
69,176335,743570,-0.338,-0.616,0.729,-1.7,21.7,-11.8,-3.1,-7.1,-23.2,0.501907407,-0.0487380596,0.372356334,-0.779107028
70,178051,743570,-0.342,-0.62,0.733,-2.1,21.7,-11.4,-3.1,-7.1,-23.2,0.501541185,-0.048463393,0.372631001,-0.779229102
71,180270,743570,-0.346,-0.62,0.737,-2.4,21.7,-11,-3.5,-7.6,-23.6,0.501174963,-0.048219245,0.372905667,-0.779351176
72,183072,743580,-0.342,-0.616,0.73,-2.8,21.7,-10.4,-3.5,-7.6,-23.6,0.500808741,-0.0479750969,0.373180334,-0.779473251
73,185826,743580,-0.342,-0.612,0.733,-3.1,21.8,-9.9,-3.5,-7.6,-23.6,0.500473037,-0.0477004303,0.373455,-0.779564806
74,187710,743580,-0.342,-0.612,0.737,-3.3,21.9,-9.3,-3.5,-7.6,-23.6,0.500106815,-0.0474562822,0.373729667,-0.77968688
75,190447,743580,-0.342,-0.612,0.729,-3.6,22.1,-8.8,-3.3,-7.2,-24.1,0.49980163,-0.0471510971,0.374034852,-0.779778436
76,193838,743590,-0.338,-0.608,0.741,-3.9,22.2,-8.4,-3.3,-7.2,-24.1,0.499465926,-0.0469069491,0.374340037,-0.779839473
77,195334,743590,-0.342,-0.612,0.741,-4.4,22.1,-8,-3.3,-7.2,-24.1,0.499130222,-0.046662801,0.374645222,-0.779931028
78,198341,743590,-0.342,-0.612,0.741,-4.7,22,-7.9,-3.3,-7.2,-24.1,0.498825037,-0.0463881344,0.374950407,-0.779992065
79,201411,743590,-0.342,-0.616,0.737,-4.9,22,-7.6,-2.7,-7.1,-25.2,0.498489334,-0.0461439863,0.375286111,-0.780053102
80,203582,743600,-0.339,-0.624,0.741,-5,22,-7.2,-2.7,-7.1,-25.2,0.498184149,-0.0458693197,0.375591296,-0.780114139
81,206399,743600,-0.339,-0.636,0.741,-5,22.1,-6.8,-2.7,-7.1,-25.2,0.497878964,-0.0456251717,0.375927,-0.780175176
82,207988,743600,-0.339,-0.64,0.741,-5,22.2,-6.4,-2.7,-7.1,-25.2,0.497573778,-0.0453505051,0.376232185,-0.780205695
83,211074,743600,-0.339,-0.644,0.737,-5.1,22.2,-6,-2.8,-7.5,-25.1,0.497482223,-0.0446180609,0.376476333,-0.780205695
84,212967,743610,-0.339,-0.64,0.741,-5.1,22.2,-5.8,-2.8,-7.5,-25.1,0.497177038,-0.0443433943,0.376812037,-0.780266732
85,216468,743610,-0.343,-0.644,0.737,-5.3,22.2,-5.5,-2.8,-7.5,-25.1,0.496902371,-0.0440687277,0.377117222,-0.78029725
86,218108,743610,-0.339,-0.644,0.733,-5.6,22.2,-5.3,-2.8,-7.5,-25.1,0.496627705,-0.0437940611,0.377422407,-0.780327769
87,221185,743610,-0.343,-0.636,0.726,-5.9,22.3,-5,-2.6,-7.1,-25.1,0.496353038,-0.043488876,0.377788629,-0.780358287
88,222959,743620,-0.347,-0.628,0.718,-6.2,22.3,-4.7,-2.6,-7.1,-25.1,0.496078372,-0.0432447279,0.378154851,-0.780388806
89,226466,743620,-0.347,-0.624,0.722,-6.7,22.3,-4.5,-2.6,-7.1,-25.1,0.495803705,-0.0430005799,0.378490555,-0.780388806
90,228339,743620,-0.347,-0.62,0.722,-7,22.2,-4.4,-2.6,-7.1,-25.1,0.495529038,-0.0427259133,0.378856777,-0.780419324
91,231334,743620,-0.35,-0.608,0.718,-7.2,22,-4.2,-2.2,-7,-25,0.49528489,-0.0424512467,0.379222999,-0.780419324
92,232763,743630,-0.346,-0.608,0.718,-7.2,21.8,-4,-2.2,-7,-25,0.495010224,-0.0422070986,0.379558702,-0.780419324
93,235775,743630,-0.346,-0.604,0.718,-7.1,21.5,-3.7,-2.2,-7,-25,0.494766076,-0.041932432,0.379924924,-0.780419324
94,238987,743630,-0.35,-0.604,0.714,-6.9,21.2,-3.3,-2.2,-7,-25,0.494521928,-0.0416882839,0.380260628,-0.780419324
95,240897,743630,-0.35,-0.608,0.718,-6.7,21,-3,-2.4,-7.1,-25,0.494308298,-0.0414136174,0.380596332,-0.780419324
96,244663,743640,-0.35,-0.612,0.718,-6.5,20.8,-2.8,-2.4,-7.1,-25,0.49406415,-0.0411694693,0.380932035,-0.780419324
97,246234,743640,-0.35,-0.616,0.718,-6.3,20.8,-2.5,-2.4,-7.1,-25,0.49385052,-0.0408948027,0.381267739,-0.780388806
98,247767,743640,-0.347,-0.62,0.718,-6.1,20.7,-2.1,-2.4,-7.1,-25,0.493636891,-0.0406201361,0.381603442,-0.780388806
99,250674,743640,-0.347,-0.62,0.714,-6,20.5,-1.8,-2.1,-7,-25.4,0.493423261,-0.040314951,0.381908628,-0.780388806
100,253843,743650,-0.343,-0.624,0.718,-6.2,20.2,-1.4,-2.1,-7,-25.4,0.49324015,-0.0400708029,0.382244331,-0.780358287
101,255408,743650,-0.343,-0.628,0.71,-6.4,19.9,-1.1,-2.1,-7,-25.4,0.493026521,-0.0398266549,0.382549516,-0.780327769
102,258160,743650,-0.343,-0.628,0.71,-6.8,19.7,-0.8,-2.1,-7,-25.4,0.49284341,-0.0395825068,0.38288522,-0.78029725
103,261184,743650,-0.339,-0.628,0.714,-7.1,19.5,-0.6,-2.8,-7.4,-24.8,0.492782373,-0.0390942106,0.383190405,-0.780236213
104,264200,743660,-0.339,-0.624,0.714,-7.3,19.4,-0.4,-2.8,-7.4,-24.8,0.492599261,-0.0388500626,0.383526109,-0.780205695
105,265728,743660,-0.339,-0.628,0.714,-7.3,19.3,-0.1,-2.8,-7.4,-24.8,0.49241615,-0.0386059145,0.383861812,-0.780144658
106,268540,743660,-0.335,-0.628,0.71,-7.3,19,0,-2.8,-7.4,-24.8,0.492263558,-0.0383312479,0.384197516,-0.780114139
107,270437,743660,-0.339,-0.62,0.714,-7.3,18.7,0.1,-1.9,-7.3,-24.7,0.492080447,-0.0381176183,0.384502701,-0.780053102
108,273820,743670,-0.335,-0.624,0.706,-7.4,18.4,0.4,-1.9,-7.3,-24.7,0.491927854,-0.0378734703,0.384838404,-0.779992065
109,275368,743670,-0.331,-0.62,0.714,-7.4,18.1,0.8,-1.9,-7.3,-24.7,0.49180578,-0.0376293222,0.385174108,-0.779961547
110,278378,743670,-0.335,-0.624,0.71,-7.5,17.9,1.1,-1.9,-7.3,-24.7,0.491653188,-0.0373851741,0.385479293,-0.77990051
111,281423,743670,-0.331,-0.624,0.706,-7.4,17.6,1.5,-1.7,-7.2,-24.8,0.491531114,-0.037141026,0.385814997,-0.779808954
112,282873,743680,-0.335,-0.628,0.71,-7.3,17.4,1.8,-1.7,-7.2,-24.8,0.49140904,-0.036896878,0.386120182,-0.779747917
113,285541,743680,-0.335,-0.632,0.71,-7.1,17.3,2.1,-1.7,-7.2,-24.8,0.491286966,-0.0366527299,0.386425367,-0.77968688
114,288811,743680,-0.323,-0.632,0.706,-7,17.2,2.3,-1.7,-7.2,-24.8,0.49119541,-0.0364085818,0.386730552,-0.779625843
115,290562,743680,-0.327,-0.632,0.706,-6.9,17,2.5,-1.5,-7,-24.7,0.491073336,-0.0362254707,0.387035737,-0.779534288
116,292890,743690,-0.327,-0.628,0.706,-6.8,16.8,2.8,-1.5,-7,-24.7,0.49098178,-0.0359813227,0.387340922,-0.779473251
117,296335,743690,-0.327,-0.632,0.706,-6.8,16.7,3.1,-1.5,-7,-24.7,0.490890225,-0.0357371746,0.387646107,-0.779381695
118,297872,743690,-0.327,-0.628,0.706,-6.7,16.6,3.6,-1.5,-7,-24.7,0.490798669,-0.0354930265,0.387920774,-0.779290139
119,300408,743690,-0.327,-0.624,0.706,-6.6,16.4,4,-1.5,-7.3,-25.1,0.490707114,-0.0352488784,0.388225959,-0.779229102
120,302800,743700,-0.327,-0.624,0.702,-6.5,16.2,4.3,-1.5,-7.3,-25.1,0.490646077,-0.0350047304,0.388500626,-0.779137547
121,306160,743700,-0.327,-0.624,0.702,-6.3,16,4.6,-1.5,-7.3,-25.1,0.49058504,-0.0347605823,0.388805811,-0.779045991
122,308051,743700,-0.331,-0.62,0.698,-6.1,15.9,4.7,-1.5,-7.3,-25.1,0.490524003,-0.0345164342,0.389080477,-0.778954436
123,310320,743700,-0.327,-0.617,0.706,-5.9,15.7,5,-3.6,-6.8,-24.6,0.49058504,-0.0341502121,0.389141514,-0.778893399
124,312872,743710,-0.331,-0.613,0.702,-5.6,15.4,5.1,-3.6,-6.8,-24.6,0.490524003,-0.033906064,0.389416181,-0.778801843
125,315417,743710,-0.327,-0.613,0.698,-5.4,15.2,5.2,-3.6,-6.8,-24.6,0.490462966,-0.033661916,0.389690847,-0.778710288
126,318842,743710,-0.327,-0.617,0.69,-5.2,15.1,5.3,-3.6,-6.8,-24.6,0.490432447,-0.0333872494,0.389934996,-0.778618732
127,321031,743710,-0.327,-0.621,0.694,-5,14.9,5.3,-0.6,-6.4,-24.9,0.490401929,-0.0331431013,0.390179144,-0.778527177
128,323391,743720,-0.331,-0.624,0.698,-4.8,14.6,5.4,-0.6,-6.4,-24.9,0.49037141,-0.0328989532,0.390423292,-0.778435621
129,325620,743720,-0.331,-0.628,0.694,-4.5,14.3,5.5,-0.6,-6.4,-24.9,0.490340892,-0.0326853236,0.39066744,-0.778374584
130,327763,743720,-0.331,-0.628,0.694,-4.5,14.3,5.5,-0.6,-6.4,-24.9,0.490340892,-0.0326853236,0.39066744,-0.778374584
131,331618,743720,-0.327,-0.632,0.706,-4.2,13.7,5.5,-0.5,-6.9,-24.9,0.490279855,-0.0321970275,0.391094699,-0.778191473
132,333118,743730,-0.327,-0.632,0.702,-4.1,13.4,5.5,-0.5,-6.9,-24.9,0.490249336,-0.0319833979,0.391338847,-0.778099918
133,337572,743730,-0.335,-0.64,0.698,-3.9,13.2,5.5,-0.5,-6.9,-24.9,0.490218818,-0.0317392499,0.391552477,-0.778008362
134,337854,743730,-0.327,-0.636,0.702,-3.7,12.9,5.5,-0.5,-6.9,-24.9,0.490218818,-0.0315256203,0.391735588,-0.777947325
135,340798,743730,-0.327,-0.632,0.706,-3.4,12.7,5.3,-0.3,-6.8,-24.9,0.490188299,-0.0312814722,0.391949217,-0.77785577
136,344280,743740,-0.327,-0.632,0.706,-3,12.4,5.2,-0.3,-6.8,-24.9,0.490157781,-0.0310678426,0.392132328,-0.777794733
137,345959,743740,-0.327,-0.628,0.706,-2.4,12.1,5.1,-0.3,-6.8,-24.9,0.490157781,-0.0308542131,0.392315439,-0.777703177
138,348975,743740,-0.327,-0.628,0.702,-1.8,11.8,4.9,-0.3,-6.8,-24.9,0.490127262,-0.030610065,0.392468032,-0.77764214
139,350383,743740,-0.323,-0.632,0.702,-1.1,11.6,4.7,-0.7,-6.6,-25.1,0.490127262,-0.0303964354,0.392620624,-0.777611621
140,352993,743750,-0.323,-0.628,0.702,-0.3,11.3,4.5,-0.7,-6.6,-25.1,0.490096744,-0.0301522874,0.392742698,-0.777550584
141,356398,743750,-0.327,-0.628,0.706,0.4,11.1,4.3,-0.7,-6.6,-25.1,0.490066225,-0.0299081393,0.392864772,-0.777520066
142,357807,743750,-0.331,-0.628,0.702,1.3,10.8,4.2,-0.7,-6.6,-25.1,0.490066225,-0.0296639912,0.392956328,-0.777489547
143,360787,743750,-0.331,-0.628,0.698,2.1,10.5,4,-1.7,-6.9,-24.8,0.490066225,-0.0295113987,0.392773217,-0.777581103
144,363040,743760,-0.335,-0.636,0.698,3,10.1,3.8,-1.7,-6.9,-24.8,0.490066225,-0.0292672506,0.392834254,-0.777581103
145,366176,743760,-0.331,-0.632,0.698,3.8,9.8,3.5,-1.7,-6.9,-24.8,0.490035707,-0.0290231025,0.392864772,-0.777581103
146,367918,743760,-0.327,-0.632,0.702,4.6,9.5,3.3,-1.7,-6.9,-24.8,0.490005188,-0.0287789544,0.392895291,-0.777581103
147,370726,743760,-0.327,-0.632,0.702,5.2,9.3,3.1,-2.3,-7.1,-25.1,0.48997467,-0.0285653249,0.392895291,-0.777611621
148,373280,743770,-0.331,-0.628,0.694,5.9,9.1,2.8,-2.3,-7.1,-25.1,0.48997467,-0.0283211768,0.392895291,-0.77764214
149,375496,743770,-0.327,-0.624,0.702,6.4,8.9,2.4,-2.3,-7.1,-25.1,0.489944151,-0.0280770287,0.392895291,-0.777672658
150,378211,743770,-0.323,-0.625,0.702,7,8.6,2.2,-2.3,-7.1,-25.1,0.489883114,-0.0278328806,0.392864772,-0.777703177
151,380448,743770,-0.327,-0.613,0.698,7.5,8.4,2,-3.9,-7.3,-24.8,0.489852596,-0.0275887326,0.392834254,-0.777764214
152,384360,743780,-0.327,-0.613,0.706,8.1,8.1,1.9,-3.9,-7.3,-24.8,0.489822077,-0.0273445845,0.392773217,-0.777825251
153,386601,743780,-0.323,-0.609,0.706,8.5,7.9,1.9,-3.9,-7.3,-24.8,0.489791559,-0.0271004364,0.39271218,-0.77785577
154,388937,743780,-0.323,-0.609,0.706,8.5,7.9,1.9,-3.9,-7.3,-24.8,0.489791559,-0.0271004364,0.39271218,-0.77785577
155,391457,743780,-0.323,-0.609,0.706,8.5,7.9,1.9,-3.9,-7.3,-24.8,0.489791559,-0.0271004364,0.39271218,-0.77785577
156,393620,743790,-0.318,-0.597,0.701,9.4,7.6,2,-4.9,-6.7,-24.6,0.489730522,-0.0263679922,0.39249855,-0.778069399
157,396991,743790,-0.322,-0.601,0.705,9.3,7.5,1.9,-4.9,-6.7,-24.6,0.489700003,-0.0261238441,0.392437513,-0.778130436
158,398868,743790,-0.33,-0.597,0.706,9.1,7.3,1.8,-4.9,-6.7,-24.6,0.489669485,-0.025879696,0.392345958,-0.778191473
159,400396,743790,-0.33,-0.597,0.706,9.1,7.3,1.8,-4.9,-6.7,-24.6,0.489669485,-0.025879696,0.392345958,-0.778191473
160,402795,743800,-0.33,-0.597,0.706,9.1,7.3,1.8,-4.9,-6.7,-24.6,0.489669485,-0.025879696,0.392345958,-0.778191473
161,406420,743800,-0.33,-0.593,0.702,8.4,6.5,1.4,-4.9,-7.1,-24.8,0.489577929,-0.0252082888,0.392132328,-0.778374584
162,408128,743800,-0.326,-0.585,0.702,7.9,6.1,1.4,-4.9,-7.1,-24.8,0.489547411,-0.0249946593,0.392071291,-0.778435621
163,410385,743800,-0.326,-0.585,0.702,7.9,6.1,1.4,-4.9,-7.1,-24.8,0.489547411,-0.0249946593,0.392071291,-0.778435621
164,413045,743810,-0.322,-0.589,0.694,7,5.5,1,0,-8.5,-24.8,0.489638966,-0.0245368816,0.391582995,-0.778649251
165,415430,743810,-0.318,-0.589,0.694,6.4,5.3,0.7,0,-8.5,-24.8,0.489608448,-0.0243537706,0.391521958,-0.778679769
166,419338,743810,-0.311,-0.605,0.69,6,5.2,0.4,0,-8.5,-24.8,0.489577929,-0.0241706595,0.391460921,-0.778740806
167,420872,743810,-0.311,-0.601,0.69,5.6,5,0.2,-2.8,-5.7,-24.6,0.489516892,-0.0240485855,0.391430403,-0.778801843
168,424557,743820,-0.311,-0.601,0.69,5.6,5,0.2,-2.8,-5.7,-24.6,0.489516892,-0.0240485855,0.391430403,-0.778801843
169,426986,743820,-0.307,-0.605,0.682,4.3,4.9,-0.1,-2.8,-5.7,-24.6,0.489455855,-0.0237739189,0.391369366,-0.77886288
170,429195,743820,-0.307,-0.605,0.682,4.3,4.9,-0.1,-2.8,-5.7,-24.6,0.489455855,-0.0237739189,0.391369366,-0.77886288
171,430913,743820,-0.319,-0.601,0.682,2.6,5.4,-0.5,-1.4,-5.2,-24.9,0.489333781,-0.0235602893,0.391369366,-0.778954436
172,433057,743830,-0.319,-0.605,0.686,1.8,5.6,-0.6,-1.4,-5.2,-24.9,0.489272744,-0.0234382153,0.391399884,-0.778954436
173,437029,743830,-0.327,-0.609,0.686,0.9,5.6,-0.8,-1.4,-5.2,-24.9,0.489211707,-0.0233161412,0.391460921,-0.778984954
174,437646,743830,-0.331,-0.609,0.694,0.2,5.7,-0.9,-1.4,-5.2,-24.9,0.48915067,-0.0232551042,0.391521958,-0.779015473
175,440787,743830,-0.331,-0.609,0.694,0.2,5.7,-0.9,-1.4,-5.2,-24.9,0.48915067,-0.0232551042,0.391521958,-0.779015473
176,443048,743840,-0.331,-0.609,0.694,0.2,5.7,-0.9,-1.4,-5.2,-24.9,0.48915067,-0.0232551042,0.391521958,-0.779015473
177,445892,743840,-0.327,-0.605,0.678,-0.9,5.3,-1.3,-0.9,-5.7,-24.7,0.48893704,-0.0230109561,0.391735588,-0.779045991
178,449017,743840,-0.327,-0.613,0.678,-1.2,4.9,-1.4,-0.9,-5.7,-24.7,0.488876003,-0.0229499191,0.391796625,-0.779045991
179,451265,743840,-0.331,-0.613,0.69,-1.6,4.5,-1.7,0.2,-5.6,-24.4,0.488814966,-0.0229194006,0.39188818,-0.779045991
180,453309,743850,-0.331,-0.613,0.69,-1.6,4.5,-1.7,0.2,-5.6,-24.4,0.488814966,-0.0229194006,0.39188818,-0.779045991
181,455188,743850,-0.319,-0.613,0.694,-2.7,4.5,-2.4,0.2,-5.6,-24.4,0.488662374,-0.0228278451,0.392040773,-0.779045991
182,458719,743850,-0.319,-0.613,0.694,-2.7,4.5,-2.4,0.2,-5.6,-24.4,0.488662374,-0.0228278451,0.392040773,-0.779045991
183,460243,743850,-0.327,-0.613,0.686,-3.6,4.6,-3.1,-1.5,-7.2,-24.7,0.488509781,-0.0228888821,0.392010254,-0.779198584
184,463595,743860,-0.327,-0.613,0.686,-3.6,4.6,-3.1,-1.5,-7.2,-24.7,0.488509781,-0.0228888821,0.392010254,-0.779198584
185,466085,743860,-0.331,-0.613,0.69,-4,4.5,-3.6,-1.5,-7.2,-24.7,0.488296152,-0.0228888821,0.392223884,-0.779198584
186,468883,743860,-0.331,-0.613,0.69,-4,4.5,-3.6,-1.5,-7.2,-24.7,0.488296152,-0.0228888821,0.392223884,-0.779198584
187,471465,743860,-0.335,-0.616,0.686,-4.7,4.3,-4,-1.5,-6.4,-24.5,0.488082522,-0.0228888821,0.392468032,-0.779198584
188,473699,743870,-0.335,-0.616,0.686,-4.7,4.3,-4,-1.5,-6.4,-24.5,0.488082522,-0.0228888821,0.392468032,-0.779198584
189,475624,743870,-0.327,-0.621,0.698,-4.9,4.2,-4.5,-1.5,-6.4,-24.5,0.487838374,-0.0229499191,0.39271218,-0.779229102
190,478223,743870,-0.327,-0.621,0.698,-4.9,4.2,-4.5,-1.5,-6.4,-24.5,0.487838374,-0.0229499191,0.39271218,-0.779229102
191,480222,743870,-0.327,-0.621,0.698,-4.9,4.2,-4.5,-1.5,-6.4,-24.5,0.487838374,-0.0229499191,0.39271218,-0.779229102
192,484997,743880,-0.327,-0.621,0.698,-4.9,4.2,-4.5,-1.5,-6.4,-24.5,0.487838374,-0.0229499191,0.39271218,-0.779229102
193,486001,743880,-0.331,-0.636,0.706,-4.1,4.6,-4.9,-1,-6.5,-24.6,0.487350078,-0.0230109561,0.393200476,-0.779290139
194,487660,743880,-0.331,-0.636,0.706,-4.1,4.6,-4.9,-1,-6.5,-24.6,0.487350078,-0.0230109561,0.393200476,-0.779290139
195,490711,743880,-0.331,-0.636,0.706,-4.1,4.6,-4.9,-1,-6.5,-24.6,0.487350078,-0.0230109561,0.393200476,-0.779290139
196,493860,743890,-0.331,-0.64,0.706,-2.4,4.5,-5.6,-1.4,-7.3,-24.8,0.486953337,-0.0230109561,0.393505661,-0.779381695
197,495883,743890,-0.331,-0.64,0.706,-2.1,4.3,-5.7,-1.4,-7.3,-24.8,0.486800745,-0.0230109561,0.393597217,-0.779442732
198,499521,743890,-0.331,-0.64,0.706,-2.1,4.3,-5.7,-1.4,-7.3,-24.8,0.486800745,-0.0230109561,0.393597217,-0.779442732
199,500227,743890,-0.335,-0.64,0.706,-1.6,4.1,-5.8,-1.5,-9.3,-24.8,0.486556597,-0.0229499191,0.393719291,-0.779534288
200,503455,743900,-0.335,-0.64,0.706,-1.6,4.1,-5.8,-1.5,-9.3,-24.8,0.486556597,-0.0229499191,0.393719291,-0.779534288
201,505456,743900,-0.335,-0.628,0.714,-1.1,4.3,-5.8,-1.5,-9.3,-24.8,0.48628193,-0.0229499191,0.393841365,-0.779625843
202,508509,743900,-0.335,-0.628,0.714,-1.1,4.3,-5.8,-1.5,-9.3,-24.8,0.48628193,-0.0229499191,0.393841365,-0.779625843
203,510638,743900,-0.343,-0.624,0.706,-0.1,4.5,-5.6,-1.1,-5.3,-24.2,0.486037782,-0.0229499191,0.393780328,-0.779839473
204,514011,743910,-0.343,-0.624,0.706,-0.1,4.5,-5.6,-1.1,-5.3,-24.2,0.486037782,-0.0229499191,0.393780328,-0.779839473
205,516327,743910,-0.343,-0.616,0.71,0.7,4.7,-5.2,-1.1,-5.3,-24.2,0.485763115,-0.0228888821,0.393871883,-0.779961547
206,519093,743910,-0.343,-0.616,0.71,0.7,4.7,-5.2,-1.1,-5.3,-24.2,0.485763115,-0.0228888821,0.393871883,-0.779961547
207,520245,743910,-0.343,-0.616,0.71,1.5,4.8,-5,-0.9,-8.5,-24.9,0.485518967,-0.0227668081,0.393902402,-0.780083621
208,523413,743920,-0.343,-0.616,0.71,1.5,4.8,-5,-0.9,-8.5,-24.9,0.485518967,-0.0227668081,0.393902402,-0.780083621
209,525158,743920,-0.335,-0.62,0.69,1.7,4.6,-4.9,-0.9,-8.5,-24.9,0.485274819,-0.022644734,0.39393292,-0.780236213
210,528802,743920,-0.335,-0.62,0.69,1.7,4.6,-4.9,-0.9,-8.5,-24.9,0.485274819,-0.022644734,0.39393292,-0.780236213
211,531091,743920,-0.331,-0.62,0.686,1.6,4.5,-4.9,-1.4,-8.4,-25.1,0.485030671,-0.0225531785,0.393993957,-0.780358287
212,532906,743930,-0.331,-0.62,0.686,1.6,4.5,-4.9,-1.4,-8.4,-25.1,0.485030671,-0.0225531785,0.393993957,-0.780358287
213,535718,743930,-0.331,-0.62,0.686,1.6,4.5,-4.9,-1.4,-8.4,-25.1,0.485030671,-0.0225531785,0.393993957,-0.780358287
214,537604,743930,-0.331,-0.62,0.686,1.6,4.5,-4.9,-1.4,-8.4,-25.1,0.485030671,-0.0225531785,0.393993957,-0.780358287
215,540664,743930,-0.331,-0.62,0.686,1.6,4.5,-4.9,-1.4,-8.4,-25.1,0.485030671,-0.0225531785,0.393993957,-0.780358287
216,542582,743940,-0.331,-0.62,0.686,1.6,4.5,-4.9,-1.4,-8.4,-25.1,0.485030671,-0.0225531785,0.393993957,-0.780358287
217,546915,743940,-0.331,-0.62,0.686,1.6,4.5,-4.9,-1.4,-8.4,-25.1,0.485030671,-0.0225531785,0.393993957,-0.780358287
218,548609,743940,-0.343,-0.616,0.671,-0.4,6,-5.5,-1.1,-8.5,-25.2,0.484054079,-0.0222174749,0.394299142,-0.780816065
219,550695,743940,-0.343,-0.616,0.671,-0.4,6,-5.5,-1.1,-8.5,-25.2,0.484054079,-0.0222174749,0.394299142,-0.780816065
220,552777,743950,-0.343,-0.616,0.671,-0.4,6,-5.5,-1.1,-8.5,-25.2,0.484054079,-0.0222174749,0.394299142,-0.780816065
221,555791,743950,-0.343,-0.616,0.671,-0.4,6,-5.5,-1.1,-8.5,-25.2,0.484054079,-0.0222174749,0.394299142,-0.780816065
222,557635,743950,-0.343,-0.616,0.671,-0.4,6,-5.5,-1.1,-8.5,-25.2,0.484054079,-0.0222174749,0.394299142,-0.780816065
223,561255,743950,-0.343,-0.616,0.671,-0.4,6,-5.5,-1.1,-8.5,-25.2,0.484054079,-0.0222174749,0.394299142,-0.780816065
224,563570,743960,-0.343,-0.616,0.671,-0.4,6,-5.5,-1.1,-8.5,-25.2,0.484054079,-0.0222174749,0.394299142,-0.780816065
225,565837,743960,-0.343,-0.636,0.687,-0.4,7.5,-6.6,-0.8,-6,-23.5,0.482894375,-0.0217291787,0.394848476,-0.781243324
226,568200,743960,-0.343,-0.636,0.687,-0.4,7.5,-6.6,-0.8,-6,-23.5,0.482894375,-0.0217291787,0.394848476,-0.781243324
227,570361,743960,-0.343,-0.636,0.687,-0.4,7.5,-6.6,-0.8,-6,-23.5,0.482894375,-0.0217291787,0.394848476,-0.781243324
228,574279,743970,-0.347,-0.64,0.691,-0.9,8.1,-7.8,-1.2,-7,-26.2,0.482345042,-0.0215765862,0.395123142,-0.781456954
229,576353,743970,-0.347,-0.64,0.691,-0.9,8.3,-7.9,-1.2,-7,-26.2,0.482131413,-0.0214850307,0.395245216,-0.781548509
230,578690,743970,-0.347,-0.64,0.691,-0.9,8.3,-7.9,-1.2,-7,-26.2,0.482131413,-0.0214850307,0.395245216,-0.781548509
231,580919,743970,-0.347,-0.632,0.691,-0.8,8.7,-8.2,-0.7,-6.5,-26.1,0.481704154,-0.0213629566,0.395428327,-0.781701102
232,583298,743980,-0.347,-0.632,0.691,-0.8,8.7,-8.2,-0.7,-6.5,-26.1,0.481704154,-0.0213629566,0.395428327,-0.781701102
233,585356,743980,-0.343,-0.624,0.694,-0.4,9,-8.3,-0.7,-6.5,-26.1,0.481276894,-0.0212408826,0.395641957,-0.781884213
234,587791,743980,-0.343,-0.624,0.694,-0.4,9,-8.3,-0.7,-6.5,-26.1,0.481276894,-0.0212408826,0.395641957,-0.781884213
235,591286,743980,-0.343,-0.624,0.694,-0.4,9,-8.3,-0.7,-6.5,-26.1,0.481276894,-0.0212408826,0.395641957,-0.781884213
236,592793,743990,-0.343,-0.624,0.694,-0.4,9,-8.3,-0.7,-6.5,-26.1,0.481276894,-0.0212408826,0.395641957,-0.781884213
237,595559,743990,-0.343,-0.624,0.694,-0.4,9,-8.3,-0.7,-6.5,-26.1,0.481276894,-0.0212408826,0.395641957,-0.781884213
238,597760,743990,-0.343,-0.624,0.694,-0.4,9,-8.3,-0.7,-6.5,-26.1,0.481276894,-0.0212408826,0.395641957,-0.781884213
239,600615,743990,-0.343,-0.624,0.694,-0.4,9,-8.3,-0.7,-6.5,-26.1,0.481276894,-0.0212408826,0.395641957,-0.781884213
240,603334,744000,-0.343,-0.624,0.694,-0.4,9,-8.3,-0.7,-6.5,-26.1,0.481276894,-0.0212408826,0.395641957,-0.781884213
241,606313,744000,-0.347,-0.644,0.691,-0.3,10.4,-8.9,-0.5,-6.5,-24.8,0.479415265,-0.0205084384,0.396465957,-0.782647176
242,607738,744000,-0.347,-0.644,0.691,-0.3,10.4,-8.9,-0.5,-6.5,-24.8,0.479415265,-0.0205084384,0.396465957,-0.782647176
243,610363,744000,-0.347,-0.652,0.687,0,10.8,-9.2,-0.8,-6.9,-25.2,0.478926969,-0.0202642903,0.396618549,-0.782860805
244,613105,744010,-0.347,-0.652,0.687,0.4,10.8,-9.3,-0.8,-6.9,-25.2,0.478652303,-0.0201422163,0.396710105,-0.782982879
245,615865,744010,-0.351,-0.655,0.687,0.7,11,-9.4,-0.8,-6.9,-25.2,0.478408155,-0.0200201422,0.396832179,-0.783074435
246,618576,744010,-0.355,-0.655,0.679,0.7,11.2,-9.3,-0.8,-6.9,-25.2,0.478133488,-0.0198980682,0.396923734,-0.783196509
247,621390,744010,-0.351,-0.651,0.679,0.6,11.5,-9.3,-0.6,-6.7,-23.6,0.47788934,-0.0197759941,0.39701529,-0.783288064
248,622823,744020,-0.355,-0.651,0.679,0.4,11.7,-9.5,-0.6,-6.7,-23.6,0.477614673,-0.0196539201,0.397137364,-0.783410138
249,625650,744020,-0.347,-0.644,0.679,0,11.8,-9.6,-0.6,-6.7,-23.6,0.477340007,-0.0195928831,0.397259438,-0.783501694
250,628340,744020,-0.347,-0.648,0.675,-0.2,11.8,-9.9,-0.6,-6.7,-23.6,0.477034822,-0.019470809,0.397381512,-0.783623768
251,631134,744020,-0.347,-0.648,0.671,-0.3,11.6,-10.3,-0.5,-6.4,-22.3,0.476790674,-0.019348735,0.397503586,-0.783715323
252,632691,744030,-0.347,-0.648,0.671,-0.3,11.7,-10.6,-0.5,-6.4,-22.3,0.476516007,-0.0192571795,0.39762566,-0.783837397
253,635920,744030,-0.347,-0.648,0.671,-0.3,11.7,-10.6,-0.5,-6.4,-22.3,0.476516007,-0.0192571795,0.39762566,-0.783837397
254,637715,744030,-0.347,-0.648,0.671,-0.3,11.7,-10.6,-0.5,-6.4,-22.3,0.476516007,-0.0192571795,0.39762566,-0.783837397
255,642059,744030,-0.347,-0.648,0.671,-0.3,11.7,-10.6,-0.5,-6.4,-22.3,0.476516007,-0.0192571795,0.39762566,-0.783837397
256,643534,744040,-0.343,-0.66,0.679,0.4,12.7,-10.6,-0.2,-6.8,-22.1,0.475356304,-0.0187688833,0.398113956,-0.784295175
257,646587,744040,-0.343,-0.66,0.679,0.4,12.7,-10.6,-0.2,-6.8,-22.1,0.475356304,-0.0187688833,0.398113956,-0.784295175
258,648045,744040,-0.34,-0.667,0.671,0.2,12.9,-10.9,-0.2,-6.8,-22.1,0.474776452,-0.0185247353,0.398358104,-0.784539323
259,651028,744040,-0.34,-0.667,0.671,0.2,12.9,-10.9,-0.2,-6.8,-22.1,0.474776452,-0.0185247353,0.398358104,-0.784539323
260,654059,744050,-0.336,-0.664,0.671,0.2,13.3,-11.4,-0.3,-6.8,-22.5,0.474135563,-0.0182500687,0.398602252,-0.784783471
261,655579,744050,-0.336,-0.664,0.671,0.2,13.3,-11.4,-0.3,-6.8,-22.5,0.474135563,-0.0182500687,0.398602252,-0.784783471
262,657817,744050,-0.336,-0.664,0.671,0.2,13.3,-11.4,-0.3,-6.8,-22.5,0.474135563,-0.0182500687,0.398602252,-0.784783471
263,661575,744050,-0.336,-0.664,0.671,0.2,13.3,-11.4,-0.3,-6.8,-22.5,0.474135563,-0.0182500687,0.398602252,-0.784783471
264,663091,744060,-0.336,-0.664,0.671,0.2,13.3,-11.4,-0.3,-6.8,-22.5,0.474135563,-0.0182500687,0.398602252,-0.784783471
265,665318,744060,-0.336,-0.664,0.671,0.2,13.3,-11.4,-0.3,-6.8,-22.5,0.474135563,-0.0182500687,0.398602252,-0.784783471
266,668993,744060,-0.336,-0.664,0.671,0.2,13.3,-11.4,-0.3,-6.8,-22.5,0.474135563,-0.0182500687,0.398602252,-0.784783471
267,670593,744060,-0.339,-0.648,0.683,0.7,14.9,-11.5,-0.2,-7.1,-24.7,0.471724601,-0.0174565874,0.399700919,-0.785699026
268,674377,744070,-0.339,-0.648,0.683,0.7,14.9,-11.5,-0.2,-7.1,-24.7,0.471724601,-0.0174565874,0.399700919,-0.785699026
269,675906,744070,-0.339,-0.644,0.687,0.6,15.4,-11.6,-0.2,-7.1,-24.7,0.471083712,-0.0170903653,0.400006104,-0.785973693
270,678150,744070,-0.339,-0.644,0.687,0.6,15.4,-11.6,-0.2,-7.1,-24.7,0.471083712,-0.0170903653,0.400006104,-0.785973693
271,680414,744070,-0.339,-0.644,0.687,0.6,15.4,-11.6,-0.2,-7.1,-24.7,0.471083712,-0.0170903653,0.400006104,-0.785973693
272,682898,744080,-0.339,-0.644,0.687,0.6,15.4,-11.6,-0.2,-7.1,-24.7,0.471083712,-0.0170903653,0.400006104,-0.785973693
273,687189,744080,-0.335,-0.64,0.686,0.3,16.3,-11.8,-0.2,-7.2,-25.8,0.469710379,-0.0164189581,0.400616474,-0.786492508
274,689163,744080,-0.335,-0.64,0.686,0.2,16.5,-11.9,-0.2,-7.2,-25.8,0.469344157,-0.016235847,0.400769066,-0.786614582
275,691340,744080,-0.339,-0.636,0.698,0.1,16.8,-12,-0.2,-7.1,-26.2,0.469008454,-0.016052736,0.400921659,-0.786767174
276,693505,744090,-0.339,-0.632,0.69,0.1,17.1,-12.2,-0.2,-7.1,-26.2,0.468642232,-0.0158696249,0.40110477,-0.786889248
277,695833,744090,-0.339,-0.632,0.694,0,17.4,-12.2,-0.2,-7.1,-26.2,0.468276009,-0.0156865139,0.401287881,-0.787011322
278,697998,744090,-0.339,-0.632,0.694,0,17.4,-12.2,-0.2,-7.1,-26.2,0.468276009,-0.0156865139,0.401287881,-0.787011322
279,700695,744090,-0.339,-0.632,0.694,0,17.4,-12.2,-0.2,-7.1,-26.2,0.468276009,-0.0156865139,0.401287881,-0.787011322
280,702951,744100,-0.339,-0.628,0.694,-0.6,17.8,-12.2,-0.2,-7.1,-26.8,0.467177343,-0.0151066622,0.401837214,-0.787408063
281,705889,744100,-0.339,-0.624,0.698,-0.9,17.9,-12.2,-0.2,-7.1,-26.8,0.466811121,-0.0148930326,0.402020325,-0.787530137
282,708083,744100,-0.343,-0.628,0.694,-1.2,18,-12.4,-0.2,-7.1,-26.8,0.466444899,-0.0147099216,0.402233955,-0.787652211
283,710433,744100,-0.343,-0.628,0.694,-1.4,18,-12.5,0.4,-6.9,-24.4,0.466170232,-0.0145268105,0.401898251,-0.787957396
284,712987,744110,-0.343,-0.628,0.694,-1.5,18.2,-12.6,0.4,-6.9,-24.4,0.46580401,-0.0143436995,0.402111881,-0.78807947
285,715403,744110,-0.347,-0.628,0.695,-1.5,18.4,-12.7,0.4,-6.9,-24.4,0.46540727,-0.0141300699,0.40232551,-0.788201544
286,719520,744110,-0.347,-0.64,0.698,-1.5,18.6,-12.8,0.4,-6.9,-24.4,0.465041047,-0.0139469588,0.40253914,-0.788323618
287,721706,744110,-0.351,-0.636,0.699,-1.3,18.9,-13,0.8,-6.7,-24.7,0.464644307,-0.0137638478,0.402722251,-0.788445692
288,724022,744120,-0.351,-0.644,0.695,-1.1,19,-13.1,0.8,-6.7,-24.7,0.464247566,-0.0135502182,0.402935881,-0.788598285
289,725934,744120,-0.351,-0.64,0.691,-1.1,19,-13.3,0.8,-6.7,-24.7,0.463850826,-0.0133365886,0.40314951,-0.788720359
290,728342,744120,-0.351,-0.644,0.699,-1,19,-13.5,0.8,-6.7,-24.7,0.463454085,-0.0131534776,0.40336314,-0.788842433
291,731315,744120,-0.351,-0.648,0.695,-1,19,-13.7,0.6,-6.7,-24.6,0.463057344,-0.0129703665,0.403576769,-0.788995025
292,733573,744130,-0.351,-0.651,0.699,-0.9,19,-14.1,0.6,-6.7,-24.6,0.462630085,-0.012756737,0.40375988,-0.7891171
293,735757,744130,-0.355,-0.651,0.699,-0.7,19.1,-14.4,0.6,-6.7,-24.6,0.462202826,-0.0125736259,0.40397351,-0.789269692
294,737987,744130,-0.355,-0.651,0.699,-0.7,19.1,-14.4,0.6,-6.7,-24.6,0.462202826,-0.0125736259,0.40397351,-0.789269692
295,741273,744130,-0.355,-0.651,0.699,-0.7,19.1,-14.4,0.6,-6.7,-24.6,0.462202826,-0.0125736259,0.40397351,-0.789269692
296,743436,744140,-0.351,-0.659,0.699,0.8,19.3,-15.1,0.8,-6.7,-24.4,0.460921049,-0.0119632557,0.404522843,-0.789757988
297,746442,744140,-0.351,-0.659,0.699,1.4,19.5,-15.4,0.8,-6.7,-24.4,0.460493789,-0.0117496261,0.404705954,-0.789910581
298,747982,744140,-0.343,-0.656,0.698,1.9,19.7,-15.7,0.8,-6.7,-24.4,0.460036012,-0.0115359966,0.404858547,-0.790093692
299,751013,744140,-0.347,-0.655,0.695,2.4,19.8,-15.9,0.9,-6.6,-24.6,0.459608753,-0.0112918485,0.405011139,-0.790276803
300,753401,744150,-0.355,-0.659,0.699,2.8,19.9,-16.2,0.9,-6.6,-24.6,0.459150975,-0.0110782189,0.405163732,-0.790490432
301,755958,744150,-0.355,-0.659,0.699,3.4,20,-16.3,0.9,-6.6,-24.6,0.458693197,-0.0108340709,0.405285806,-0.790673544
302,757779,744150,-0.351,-0.659,0.695,4,20.2,-16.4,0.9,-6.6,-24.6,0.45823542,-0.0105899228,0.405438398,-0.790887173
303,760444,744150,-0.351,-0.659,0.695,4,20.2,-16.4,0.9,-6.6,-24.6,0.45823542,-0.0105899228,0.405438398,-0.790887173
304,762907,744160,-0.359,-0.655,0.707,4.9,20.6,-16.6,-0.7,-7,-24.8,0.457319864,-0.0101016266,0.405529954,-0.791375469
305,766017,744160,-0.363,-0.651,0.695,5.3,20.7,-16.8,-0.7,-7,-24.8,0.456831568,-0.00985747856,0.405621509,-0.791589099
306,768299,744160,-0.363,-0.659,0.699,5.6,20.8,-16.9,-0.7,-7,-24.8,0.456343272,-0.00958281198,0.405743583,-0.791802728
307,770547,744160,-0.359,-0.651,0.703,5.8,20.8,-17.1,2.6,-7,-24.4,0.455885495,-0.00930814539,0.405835139,-0.792046876
308,773005,744170,-0.359,-0.647,0.711,5.8,20.9,-17.3,2.6,-7,-24.4,0.455397198,-0.0090334788,0.405957213,-0.792260506
309,775458,744170,-0.359,-0.647,0.707,5.6,21.1,-17.3,2.6,-7,-24.4,0.454908902,-0.00878933073,0.406048769,-0.792504654
310,778883,744170,-0.363,-0.643,0.703,5.3,21.3,-17.4,2.6,-7,-24.4,0.454420606,-0.00851466414,0.406170843,-0.792718284
311,780475,744170,-0.359,-0.643,0.703,4.9,21.5,-17.5,2.6,-7,-24.7,0.45393231,-0.00823999756,0.406292917,-0.792931913
312,783855,744180,-0.359,-0.643,0.703,4.5,21.6,-17.5,2.6,-7,-24.7,0.453413495,-0.00796533097,0.406445509,-0.793145543
313,785434,744180,-0.359,-0.643,0.699,4.1,21.7,-17.6,2.6,-7,-24.7,0.452925199,-0.0077211829,0.406567583,-0.793389691
314,788027,744180,-0.363,-0.647,0.699,3.8,21.7,-17.8,2.6,-7,-24.7,0.452436903,-0.00747703482,0.406720176,-0.79360332
315,790418,744180,-0.359,-0.647,0.703,3.7,21.9,-18.1,3.2,-7,-24.5,0.451918088,-0.00720236824,0.406872768,-0.79381695
316,794435,744190,-0.367,-0.643,0.699,3.5,21.9,-18.2,3.2,-7,-24.5,0.451399274,-0.00695822016,0.407025361,-0.79403058
317,796638,744190,-0.367,-0.643,0.707,3.2,22,-18.5,3.2,-7,-24.5,0.450880459,-0.00671407208,0.407177953,-0.794244209
318,798852,744190,-0.367,-0.643,0.703,2.8,22.3,-18.7,3.2,-7,-24.5,0.450361644,-0.00646992401,0.407330546,-0.794457839
319,801176,744190,-0.367,-0.651,0.703,2.5,22.5,-18.9,3.2,-7,-24.5,0.44984283,-0.00619525742,0.407513657,-0.794671468
320,803367,744200,-0.375,-0.643,0.707,2.2,22.6,-19.1,3.2,-7,-24.5,0.449293497,-0.00595110935,0.407696768,-0.794885098
321,805385,744200,-0.375,-0.647,0.703,1.9,22.7,-19.3,3.2,-7,-24.5,0.448774682,-0.00573747978,0.407879879,-0.795068209
322,808947,744200,-0.371,-0.651,0.707,1.7,22.8,-19.6,3.2,-7,-24.5,0.448225349,-0.00549333171,0.40806299,-0.795281838
323,810462,744200,-0.375,-0.647,0.699,1.6,22.9,-19.8,1.7,-7.1,-24.6,0.447859127,-0.00500503555,0.407849361,-0.795617542
324,813120,744210,-0.375,-0.647,0.707,1.5,22.9,-20,1.7,-7.1,-24.6,0.447309793,-0.00476088748,0.40806299,-0.795831172
325,816460,744210,-0.375,-0.647,0.711,1.4,22.9,-20.3,1.7,-7.1,-24.6,0.44676046,-0.0045167394,0.408246101,-0.796044801
326,817934,744210,-0.375,-0.659,0.711,1.3,23,-20.5,1.7,-7.1,-24.6,0.446180609,-0.00430310984,0.408459731,-0.796258431
327,820630,744210,-0.367,-0.655,0.707,1.4,23.1,-20.8,1.9,-7,-24.7,0.445631275,-0.00405896176,0.408642842,-0.79647206
328,822903,744220,-0.371,-0.655,0.711,1.7,23.2,-21.1,1.9,-7,-24.7,0.445051424,-0.00384533219,0.408856471,-0.79668569
329,826398,744220,-0.367,-0.663,0.707,2,23.3,-21.3,1.9,-7,-24.7,0.444471572,-0.00360118412,0.409039583,-0.796929838
330,828513,744220,-0.371,-0.667,0.711,2.6,23.5,-21.6,1.9,-7,-24.7,0.44389172,-0.00335703604,0.409222694,-0.797143468
331,830782,744220,-0.371,-0.675,0.715,3.3,23.7,-22,1.7,-7.1,-24.7,0.44328135,-0.00311288797,0.409375286,-0.797387616
332,834032,744230,-0.367,-0.679,0.719,4,24,-22.4,1.7,-7.1,-24.7,0.44267098,-0.00286873989,0.409527879,-0.797662282
333,835533,744230,-0.367,-0.682,0.719,5.1,24.2,-22.6,1.7,-7.1,-24.7,0.44206061,-0.00259407331,0.409680471,-0.79790643
334,837866,744230,-0.371,-0.682,0.719,6.2,24.5,-22.9,1.7,-7.1,-24.7,0.44145024,-0.00228888821,0.409802545,-0.798211615
335,841443,744230,-0.375,-0.69,0.723,7.6,24.8,-23.1,0.8,-6.7,-24.7,0.440839869,-0.00201422163,0.409924619,-0.798486282
336,843679,744240,-0.375,-0.69,0.719,8.9,25.2,-23.4,0.8,-6.7,-24.7,0.440198981,-0.00167851802,0.410016175,-0.798791467
337,845985,744240,-0.375,-0.686,0.719,10.1,25.5,-23.6,0.8,-6.7,-24.7,0.439558092,-0.00134281442,0.410077212,-0.799127171
338,848209,744240,-0.379,-0.682,0.731,11.2,25.8,-23.8,0.8,-6.7,-24.7,0.438917203,-0.00100711081,0.41010773,-0.799432356
339,850537,744240,-0.383,-0.678,0.723,12.5,26,-23.9,0.2,-7.1,-24.3,0.438245796,-0.000640888699,0.410138249,-0.799798578
340,852913,744250,-0.379,-0.678,0.727,13.8,26.1,-24.1,0.2,-7.1,-24.3,0.437604907,-0.000274666585,0.410168767,-0.800134281
341,856925,744250,-0.383,-0.678,0.715,15.1,26.2,-24.1,0.2,-7.1,-24.3,0.4369335,9.15555284e-05,0.410138249,-0.800500504
342,859092,744250,-0.387,-0.67,0.719,16.4,26.4,-24.2,0.2,-7.1,-24.3,0.436292611,0.000488296152,0.41010773,-0.800897244
343,860633,744250,-0.387,-0.658,0.711,17.6,26.7,-24.1,4,-7.8,-24.5,0.435682241,0.000976592303,0.409924619,-0.801324503
344,862906,744260,-0.387,-0.658,0.711,18.7,26.9,-24.1,4,-7.8,-24.5,0.435010834,0.00140385144,0.409833064,-0.801721244
345,865473,744260,-0.387,-0.658,0.711,19.6,27.1,-23.9,4,-7.8,-24.5,0.434369945,0.00186162908,0.409772027,-0.802117985
346,868855,744260,-0.379,-0.659,0.723,20.3,27.3,-23.8,4,-7.8,-24.5,0.433698538,0.00231940672,0.409649953,-0.802514725
347,870568,744260,-0.375,-0.663,0.719,20.8,27.4,-23.7,0.9,-6.5,-24.3,0.433027131,0.00277718436,0.409558397,-0.802911466
348,873083,744270,-0.375,-0.663,0.727,21.2,27.7,-23.7,0.9,-6.5,-24.3,0.432355724,0.00326548051,0.409436323,-0.803338725
349,875572,744270,-0.371,-0.667,0.734,21.6,28,-23.7,0.9,-6.5,-24.3,0.431684317,0.00372325816,0.409344768,-0.803765984
350,878663,744270,-0.367,-0.667,0.742,21.9,28.5,-23.7,0.9,-6.5,-24.3,0.431012909,0.00424207282,0.409222694,-0.804162725
351,880531,744270,-0.375,-0.667,0.746,22,29,-23.7,0.7,-7.3,-24.2,0.430341502,0.00473036897,0.40910062,-0.804589984
352,882856,744280,-0.371,-0.671,0.738,21.9,29.4,-23.7,0.7,-7.3,-24.2,0.429670095,0.00524918363,0.409009064,-0.805017243
353,885290,744280,-0.371,-0.663,0.754,21.7,29.9,-23.7,0.7,-7.3,-24.2,0.428968169,0.00576799829,0.408917508,-0.805413984
354,888843,744280,-0.371,-0.663,0.75,21.4,30.1,-23.7,0.7,-7.3,-24.2,0.428296762,0.00628681295,0.408825953,-0.805810724
355,890380,744280,-0.371,-0.659,0.762,21.1,30.4,-23.9,2.1,-7,-23.7,0.427594836,0.00680562761,0.408734397,-0.806237983
356,894022,744290,-0.378,-0.651,0.766,20.8,30.6,-23.9,2.1,-7,-23.7,0.426892911,0.00732444227,0.408642842,-0.806634724
357,895383,744290,-0.379,-0.662,0.77,20.5,31,-23.7,2.1,-7,-23.7,0.426190985,0.00784325694,0.408581805,-0.807031465
358,898576,744290,-0.387,-0.658,0.762,20.2,31.5,-23.4,2.1,-7,-23.7,0.425489059,0.00839259011,0.408520768,-0.807428205
359,900797,744290,-0.383,-0.662,0.766,20,31.9,-22.9,3.3,-6.8,-24,0.424817652,0.00894192328,0.408459731,-0.807824946
360,903846,744300,-0.379,-0.666,0.77,19.9,32.2,-22.5,3.3,-6.8,-24,0.424115726,0.00949125645,0.408429212,-0.808191168
361,905404,744300,-0.379,-0.67,0.774,19.8,32.5,-22.4,3.3,-6.8,-24,0.4234138,0.0100405896,0.408368175,-0.80855739
362,908492,744300,-0.375,-0.674,0.777,19.8,32.6,-22.6,3.3,-6.8,-24,0.422742393,0.0105899228,0.408337657,-0.808954131
363,911494,744300,-0.375,-0.686,0.77,19.9,32.8,-22.9,3.6,-8.9,-24.1,0.422132023,0.011200293,0.407940916,-0.809472945
364,913041,744310,-0.371,-0.686,0.805,20.2,33.2,-23.4,3.6,-8.9,-24.1,0.421399579,0.0117496261,0.407879879,-0.809839167
365,915378,744310,-0.367,-0.686,0.816,20.5,33.7,-23.7,3.6,-8.9,-24.1,0.420667135,0.0123294778,0.407849361,-0.810235908
366,918819,744310,-0.383,-0.694,0.743,21.3,34.5,-23.8,3.6,-8.9,-24.1,0.41993469,0.0129093295,0.407788324,-0.810632649
367,920478,744310,-0.391,-0.682,0.739,22.2,35.5,-23.6,3.9,-6.1,-23.8,0.419202246,0.0135502182,0.407727287,-0.811059908
368,922927,744320,-0.383,-0.678,0.762,23.2,36.3,-23.3,3.9,-6.1,-23.8,0.418439283,0.0141911069,0.407635731,-0.811456648
369,926398,744320,-0.375,-0.682,0.77,23.8,36.7,-23.4,3.9,-6.1,-23.8,0.417706839,0.0148625141,0.407574694,-0.811883908
370,927803,744320,-0.383,-0.682,0.77,24,36.8,-24,3.9,-6.1,-23.8,0.416943876,0.0155034028,0.407483139,-0.812280648
371,931465,744320,-0.387,-0.67,0.766,23.8,36.9,-24.7,4.5,-6.5,-23.8,0.416180914,0.01617481,0.407391583,-0.812707907
372,932994,744330,-0.407,-0.666,0.763,23.4,37.6,-25.3,4.5,-6.5,-23.8,0.415387432,0.0168156987,0.407330546,-0.813135166
373,936749,744330,-0.418,-0.662,0.763,23.1,38.5,-25.7,4.5,-6.5,-23.8,0.414532914,0.0174565874,0.407300027,-0.813562426
374,938317,744330,-0.422,-0.658,0.771,22.9,39.4,-25.9,4.5,-6.5,-23.8,0.413739433,0.0181585131,0.40723899,-0.813989685
375,940473,744330,-0.438,-0.649,0.779,22.8,40.2,-26,4.8,-6.4,-23.8,0.412915433,0.0188604389,0.407208472,-0.814416944
376,943455,744340,-0.446,-0.645,0.783,22.6,41,-26.1,4.8,-6.4,-23.8,0.412091433,0.0195318461,0.407208472,-0.814844203
377,946452,744340,-0.45,-0.633,0.783,22,41.7,-26,4.8,-6.4,-23.8,0.411236915,0.0202642903,0.407177953,-0.815240944
378,947913,744340,-0.457,-0.633,0.787,21.3,42.3,-26,4.8,-6.4,-23.8,0.410382397,0.020966216,0.407208472,-0.815637684
379,950829,744340,-0.461,-0.625,0.787,20.4,42.8,-25.9,5.1,-6.9,-23.4,0.409527879,0.0216986602,0.40723899,-0.816034425
380,953095,744350,-0.465,-0.617,0.791,19.5,43.2,-25.8,5.1,-6.9,-23.4,0.40867336,0.022400586,0.407269509,-0.816431166
381,956250,744350,-0.473,-0.621,0.788,18.5,43.6,-25.6,5.1,-6.9,-23.4,0.407818842,0.0230719932,0.407361064,-0.816797388
382,958124,744350,-0.481,-0.609,0.811,17.4,44,-25.3,5.1,-6.9,-23.4,0.406964324,0.0238044374,0.40745262,-0.81716361
383,960372,744350,-0.485,-0.601,0.815,16.2,44.4,-24.8,5,-7,-23.6,0.406140324,0.0245368816,0.407574694,-0.817499313
384,963855,744360,-0.489,-0.601,0.823,14.7,44.7,-24.2,5,-7,-23.6,0.405285806,0.0252693258,0.407696768,-0.817804498
385,965974,744360,-0.488,-0.597,0.835,13.1,44.9,-23.5,5,-7,-23.6,0.404461806,0.0259712516,0.407879879,-0.818109684
386,968251,744360,-0.488,-0.597,0.858,11.6,45.1,-22.7,5,-7,-23.6,0.403637806,0.0266731773,0.408093509,-0.81838435
387,970558,744360,-0.488,-0.593,0.866,10.4,45.5,-21.9,5.3,-9.2,-23.8,0.402813807,0.0273445845,0.408307138,-0.818659017
388,973042,744370,-0.492,-0.597,0.878,9.3,46,-21.2,5.3,-9.2,-23.8,0.402050844,0.0280770287,0.408581805,-0.818903165
389,975342,744370,-0.484,-0.601,0.886,8.5,46.4,-20.4,5.3,-9.2,-23.8,0.401257363,0.0288094729,0.408825953,-0.819116794
390,977861,744370,-0.484,-0.601,0.901,7.8,46.6,-19.7,5.3,-9.2,-23.8,0.4004944,0.0295419172,0.40910062,-0.819330424
391,981460,744370,-0.484,-0.605,0.905,7.3,46.9,-19,5.3,-10.3,-23.8,0.399731437,0.0302743614,0.409405805,-0.819544053
392,983025,744380,-0.488,-0.613,0.913,7.2,47.2,-18.3,5.3,-10.3,-23.8,0.398968474,0.0310068056,0.40971099,-0.819727165
393,985552,744380,-0.492,-0.616,0.917,7.5,47.6,-17.5,5.3,-10.3,-23.8,0.39823603,0.0317697684,0.409985656,-0.819910276
394,988964,744380,-0.508,-0.62,0.921,8.4,48,-16.5,5.3,-10.3,-23.8,0.397503586,0.0325632496,0.410260323,-0.820093387
395,990589,744380,-0.516,-0.62,0.926,9.6,48.4,-15.7,5.7,-10.3,-23.8,0.396771142,0.0333872494,0.410534989,-0.820276498
396,993159,744390,-0.516,-0.62,0.929,11.2,48.9,-14.7,5.7,-10.3,-23.8,0.396069216,0.0342112491,0.410748619,-0.820490127
397,996336,744390,-0.52,-0.62,0.93,12.9,49.2,-13.6,5.7,-10.3,-23.8,0.39536729,0.0350962859,0.410962249,-0.820673238
398,997812,744390,-0.528,-0.623,0.922,14.6,49.3,-12.5,5.7,-10.3,-23.8,0.394695883,0.0359813227,0.41114536,-0.820886868
399,1000617,744390,-0.524,-0.627,0.926,16.3,49.4,-11.7,5.6,-10.1,-23.5,0.394024476,0.036896878,0.411267434,-0.821100497
400,1003896,744400,-0.532,-0.627,0.918,18,49.6,-11.1,5.6,-10.1,-23.5,0.393353069,0.0378429518,0.411389508,-0.821283609
401,1005317,744400,-0.536,-0.623,0.907,19.4,49.8,-10.6,5.6,-10.1,-23.5,0.39271218,0.0388195441,0.411481063,-0.821527757
402,1007893,744400,-0.552,-0.603,0.895,20.5,50.1,-10.1,5.6,-10.1,-23.5,0.392040773,0.0397961364,0.4115421,-0.821771905
403,1011362,744400,-0.556,-0.599,0.884,21,50.4,-9.6,6.4,-6.5,-21.6,0.391399884,0.0408032472,0.411603137,-0.821985534
404,1013549,744410,-0.564,-0.587,0.864,21,50.7,-9.1,6.4,-6.5,-21.6,0.390758995,0.0417798395,0.411664174,-0.822199164
405,1015829,744410,-0.587,-0.563,0.849,20.8,51,-8.6,6.4,-6.5,-21.6,0.390148625,0.0428174688,0.411725211,-0.822412793
406,1017777,744410,-0.599,-0.547,0.842,20.6,51.5,-8.1,6.4,-6.5,-21.6,0.389507736,0.0438550981,0.411816767,-0.822626423
407,1020486,744410,-0.607,-0.531,0.834,20.2,52,-7.7,6.3,-8.3,-24.6,0.388897366,0.0448927274,0.411908322,-0.822840052
408,1024437,744420,-0.634,-0.511,0.803,19.5,52.5,-7.1,6.3,-8.3,-24.6,0.388256478,0.0459303568,0.411999878,-0.823023164
409,1026589,744420,-0.654,-0.507,0.796,18.1,52.7,-6.4,6.3,-8.3,-24.6,0.387646107,0.0469679861,0.412121952,-0.823175756
410,1028868,744420,-0.666,-0.499,0.792,16,52.9,-5.8,6.3,-8.3,-24.6,0.387066256,0.0480056154,0.412305063,-0.82329783
411,1031079,744420,-0.682,-0.49,0.789,13.4,53.1,-5.1,6.8,-7,-24.8,0.386486404,0.0490432447,0.412518693,-0.823419904
412,1033357,744430,-0.709,-0.466,0.797,10.6,53.1,-4.3,6.8,-7,-24.8,0.385906552,0.0500503555,0.412762841,-0.823480941
413,1035609,744430,-0.721,-0.454,0.802,7.4,53.1,-3.6,6.8,-7,-24.8,0.385357219,0.0510269478,0.413068026,-0.823541978
414,1037865,744430,-0.732,-0.446,0.806,4.1,52.9,-2.8,6.8,-7,-24.8,0.384838404,0.0519730216,0.413464766,-0.823541978
415,1041253,744430,-0.74,-0.422,0.798,0.3,52.7,-1.9,6.9,-6.4,-24.6,0.38431959,0.0529190954,0.413892026,-0.823480941
416,1043116,744440,-0.751,-0.391,0.818,-3.4,52.6,-1.3,6.9,-6.4,-24.6,0.383800775,0.0538041322,0.41441084,-0.823419904
417,1046505,744440,-0.759,-0.383,0.822,-7.1,52.3,-0.6,6.9,-6.4,-24.6,0.383342998,0.054689169,0.414960173,-0.82329783
418,1047967,744440,-0.767,-0.367,0.842,-10.1,52,0.2,6.9,-6.4,-24.6,0.38288522,0.0555436872,0.415570544,-0.823145238
419,1050954,744440,-0.774,-0.359,0.861,-12.3,51.9,1.7,7.1,-6.4,-24.6,0.382457961,0.0563982055,0.416241951,-0.822962127
420,1052808,744450,-0.79,-0.346,0.897,-13.5,51.8,3.6,7.1,-6.4,-24.6,0.38206122,0.0572527238,0.416913358,-0.822717978
421,1057202,744450,-0.794,-0.342,0.92,-14,51.8,5.6,7.1,-6.4,-24.6,0.381725517,0.058107242,0.417584765,-0.822504349
422,1058961,744450,-0.798,-0.342,0.94,-14,51.7,7.4,7.1,-6.4,-24.6,0.381389813,0.0589922788,0.418256172,-0.822229682
423,1060506,744450,-0.801,-0.346,0.975,-13.8,51.5,9.1,7.9,-8.1,-22.9,0.381115146,0.0598467971,0.41892758,-0.821955016
424,1063064,744460,-0.797,-0.346,0.995,-13.4,51.4,10.8,7.9,-8.1,-22.9,0.38084048,0.0607928709,0.419568468,-0.821680349
425,1065415,744460,-0.805,-0.342,1.011,-12.8,51.2,12.4,7.9,-8.1,-22.9,0.38062685,0.0617084262,0.420209357,-0.821405683
426,1069507,744460,-0.805,-0.346,1.018,-11.5,51.1,13.9,7.9,-8.1,-22.9,0.380413221,0.0626545,0.420819727,-0.821100497
427,1071640,744460,-0.805,-0.35,1.034,-9.6,51.1,15.4,7.9,-7.8,-22.6,0.38023011,0.0636310923,0.421399579,-0.820825831
428,1073183,744470,-0.813,-0.353,1.05,-6.9,51.2,16.9,7.9,-7.8,-22.6,0.380077517,0.0646687216,0.421918394,-0.820551164
429,1075324,744470,-0.817,-0.353,1.058,-3.4,51.3,18.4,7.9,-7.8,-22.6,0.379955443,0.0657063509,0.42240669,-0.820276498
430,1077870,744470,-0.809,-0.35,1.061,0.6,51.3,19.8,7.9,-7.8,-22.6,0.379833369,0.0668355358,0.422772912,-0.82003235
431,1081267,744470,-0.809,-0.35,1.046,5.3,51.3,21.3,8.1,-8,-21.5,0.379711295,0.0679647206,0.423078097,-0.819849239
432,1083015,744480,-0.813,-0.357,1.034,10.3,51.1,23,8.1,-8,-21.5,0.379650258,0.069185461,0.423291726,-0.819666128
433,1086449,744480,-0.805,-0.354,1.026,15.6,50.7,24.8,8.1,-8,-21.5,0.379589221,0.0704672384,0.423383282,-0.819544053
434,1087938,744480,-0.809,-0.358,1.015,20.9,50.3,26.6,8.1,-8,-21.5,0.379589221,0.0717795343,0.423383282,-0.819421979
435,1090472,744480,-0.825,-0.357,0.992,26.2,50,28.4,7.8,-7.9,-20.4,0.379589221,0.0731528672,0.423291726,-0.819360942
436,1093922,744490,-0.841,-0.353,0.976,31.3,49.9,30.1,7.8,-7.9,-20.4,0.379619739,0.0745872372,0.423078097,-0.819299905
437,1095462,744490,-0.857,-0.341,0.957,35.7,49.9,31.8,7.8,-7.9,-20.4,0.379650258,0.0760826441,0.42280343,-0.819299905
438,1098468,744490,-0.889,-0.32,0.923,39.1,50,33.8,7.8,-7.9,-20.4,0.379741813,0.0776085696,0.422467727,-0.819299905
439,1100704,744490,-0.9,-0.301,0.904,41.3,50.1,35.7,8.2,-8,-19.4,0.379833369,0.0791650136,0.422101505,-0.819299905
440,1103749,744500,-0.924,-0.28,0.881,42.4,50.1,37.4,8.2,-8,-19.4,0.379985961,0.0807519761,0.421674245,-0.819299905
441,1105601,744500,-0.936,-0.268,0.858,42.6,49.7,39.1,8.2,-8,-19.4,0.380138554,0.0823694571,0.421246986,-0.819269387
442,1108934,744500,-0.967,-0.213,0.819,42.2,49.1,40.8,8.2,-8,-19.4,0.380352184,0.0839564196,0.420850246,-0.819238868
443,1110495,744500,-0.983,-0.189,0.808,41.2,48.2,42.5,8.6,-8.5,-24.4,0.380596332,0.0855433821,0.420392468,-0.819147313
444,1112939,744510,-1.006,-0.153,0.789,39.5,47,44.5,8.6,-8.5,-24.4,0.380870998,0.0871303446,0.420026246,-0.819055757
445,1116448,744510,-1.033,-0.133,0.774,37.2,45.6,46.8,8.6,-8.5,-24.4,0.381206702,0.0886867885,0.419660024,-0.818933683
446,1117945,744510,-1.049,-0.093,0.743,34.7,44.2,49.4,8.6,-8.5,-24.4,0.381633961,0.0902432325,0.419293802,-0.818750572
447,1121028,744510,-1.069,-0.081,0.74,32.1,42.5,52.1,8.7,-8.5,-20.9,0.382122257,0.0917386395,0.418988617,-0.818536943
448,1123308,744520,-1.076,-0.073,0.736,30.1,40.7,54.5,8.7,-8.5,-20.9,0.382641072,0.0932035279,0.418652913,-0.818262276
449,1125616,744520,-1.084,-0.069,0.713,28.7,38.7,56.4,8.7,-8.5,-20.9,0.383251442,0.0946684164,0.418347728,-0.817987609
450,1128475,744520,-1.088,-0.057,0.717,27.9,36.7,57.9,8.7,-8.5,-20.9,0.383892331,0.0960722678,0.418042543,-0.817682424
451,1130849,744520,-1.088,-0.057,0.709,27.4,34.4,59,8.8,-9,-21.4,0.384563738,0.0974456008,0.417737358,-0.817346721
452,1133066,744530,-1.096,-0.057,0.701,26.7,31.9,59.8,8.8,-9,-21.4,0.385296182,0.0987884152,0.417371136,-0.817011017
453,1136323,744530,-1.112,-0.052,0.69,25.4,29.6,60.8,8.8,-9,-21.4,0.386059145,0.100100711,0.417035432,-0.816675314
454,1137874,744530,-1.148,-0.048,0.679,23.7,27.2,61.7,8.8,-9,-21.4,0.386852626,0.10135197,0.416730247,-0.816309091
455,1140334,744530,-1.164,-0.047,0.664,22,24.8,62.7,8.7,-9,-22,0.387676626,0.102542192,0.416394543,-0.815942869
456,1143833,744540,-1.172,-0.039,0.668,20.7,22.6,63.6,8.7,-9,-22,0.388561663,0.103701895,0.416089358,-0.81551561
457,1145361,744540,-1.167,-0.012,0.66,19.6,20.4,64.1,8.7,-9,-22,0.389477218,0.104800562,0.415753655,-0.81511887
458,1148087,744540,-1.171,0.003,0.656,19.1,18.1,64.4,8.7,-9,-22,0.390423292,0.105868709,0.415417951,-0.81469161
459,1151371,744540,-1.179,0.019,0.656,18.8,15.7,64.4,9,-9.1,-22.6,0.391369366,0.106906339,0.415082247,-0.81429487
460,1153052,744550,-1.186,0.035,0.656,19.1,13.4,64.4,9,-9.1,-22.6,0.392345958,0.107882931,0.414685507,-0.813867611
461,1156612,744550,-1.213,0.098,0.641,19.6,11.2,64.1,9,-9.1,-22.6,0.393353069,0.108829005,0.414288766,-0.81347087
462,1158109,744550,-1.225,0.126,0.63,20.1,9.2,63.5,9,-9.1,-22.6,0.394329661,0.10974456,0.413861507,-0.813104648
463,1161105,744550,-1.232,0.158,0.622,20.3,7.5,62.6,8.5,-9.3,-21.6,0.395336772,0.110629597,0.413403729,-0.812707907
464,1162836,744560,-1.231,0.224,0.61,20.2,6,61.5,8.5,-9.3,-21.6,0.396313364,0.111423078,0.412945952,-0.812341685
465,1167086,744560,-1.231,0.252,0.606,19.7,4.4,60.5,8.5,-9.3,-21.6,0.397289956,0.112247078,0.412488174,-0.812005982
466,1168802,744560,-1.235,0.276,0.598,18.8,2.7,59.9,8.5,-9.3,-21.6,0.398297067,0.113010041,0.412030396,-0.81163976
467,1170866,744560,-1.246,0.295,0.595,17.5,0.8,59.9,8,-9.8,-21.4,0.399304178,0.113711966,0.411603137,-0.811273537
468,1173054,744570,-1.286,0.277,0.592,15.5,-1,60.1,8,-9.8,-21.4,0.400341807,0.114352855,0.41114536,-0.810876797
469,1176978,744570,-1.298,0.289,0.584,12.8,-3.2,59.6,8,-9.8,-21.4,0.401379437,0.114963225,0.410748619,-0.810480056
470,1178456,744570,-1.306,0.305,0.573,9.4,-5.6,57,8,-9.8,-21.4,0.402417066,0.115451521,0.410382397,-0.810083316
471,1180749,744570,-1.314,0.321,0.546,5.5,-8.3,52.4,8,-9.6,-21.5,0.403424177,0.115817743,0.410077212,-0.809686575
472,1182972,744580,-1.325,0.344,0.507,1.1,-11.2,47.2,8,-9.6,-21.5,0.404339732,0.116061892,0.409863582,-0.809320353
473,1185840,744580,-1.349,0.329,0.508,-3.8,-13.8,43.8,8,-9.6,-21.5,0.405255287,0.116183966,0.409680471,-0.808923612
474,1189055,744580,-1.374,0.294,0.528,-9.1,-15.7,43.6,8,-9.6,-21.5,0.406201361,0.116214484,0.409588916,-0.808496353
475,1191311,744580,-1.394,0.267,0.536,-13.9,-16.7,45.8,7.4,-10.3,-21.3,0.407177953,0.116183966,0.409588916,-0.808008057
476,1193395,744590,-1.402,0.224,0.556,-17.4,-17.6,48,7.4,-10.3,-21.3,0.408246101,0.116153447,0.409619434,-0.807489242
477,1195437,744590,-1.411,0.185,0.553,-19.2,-19,48.5,7.4,-10.3,-21.3,0.409314249,0.11609241,0.409649953,-0.806909391
478,1198349,744590,-1.411,0.185,0.553,-19.2,-19,48.5,7.4,-10.3,-21.3,0.409314249,0.11609241,0.409649953,-0.806909391
479,1202233,744590,-1.416,0.107,0.561,-18.3,-24.3,43.9,7.3,-9.8,-21.2,0.411420026,0.115756706,0.409680471,-0.80590228
480,1204489,744600,-1.425,0.005,0.577,-16.3,-27.7,40.6,7.3,-9.8,-21.2,0.412396619,0.11548204,0.409619434,-0.805444502
481,1205888,744600,-1.434,-0.041,0.57,-13.2,-30.8,37.5,7.3,-9.8,-21.2,0.413373211,0.115146336,0.409466842,-0.80507828
482,1208208,744600,-1.423,-0.085,0.581,-8.9,-33.7,34.5,7.3,-9.8,-21.2,0.414319285,0.114810633,0.409253212,-0.804773095
483,1211062,744600,-1.432,-0.143,0.578,-3.1,-36.4,31.4,6,-10.1,-21,0.415204321,0.114413892,0.40888699,-0.804528947
484,1212873,744610,-1.42,-0.175,0.57,3.9,-39.1,27.8,6,-10.1,-21,0.416028321,0.114017151,0.408398694,-0.804406873
485,1215497,744610,-1.409,-0.203,0.562,11.9,-41.5,23.9,6,-10.1,-21,0.416791284,0.113589892,0.407757805,-0.804406873
486,1219412,744610,-1.405,-0.215,0.554,20.9,-43.6,19.6,6,-10.1,-21,0.417462691,0.113193152,0.406933805,-0.804528947
487,1220831,744610,-1.397,-0.215,0.534,30.4,-45.4,15,8,-10,-21.2,0.418073061,0.112796411,0.405957213,-0.804773095
488,1222926,744620,-1.405,-0.199,0.526,41,-47.1,10.4,8,-10,-21.2,0.418561357,0.112460707,0.404766991,-0.805169836
489,1226554,744620,-1.409,-0.183,0.503,52.4,-48.5,5.8,8,-10,-21.2,0.418958098,0.112125004,0.403393658,-0.805658132
490,1227873,744620,-1.412,-0.109,0.464,64.4,-50,1.3,8,-10,-21.2,0.419263283,0.111850337,0.401806696,-0.806360057
491,1230942,744620,-1.416,-0.081,0.429,76.7,-51.6,-3.1,8.2,-10.1,-21.1,0.419476913,0.111606189,0.399975585,-0.807184057
492,1232992,744630,-1.415,-0.038,0.397,88.9,-53.4,-7.3,8.2,-10.1,-21.1,0.419598987,0.111423078,0.397930845,-0.808160649
493,1236537,744630,-1.411,0.012,0.37,101.1,-55.5,-11.3,8.2,-10.1,-21.1,0.419629505,0.111270486,0.395672475,-0.809259316
494,1237918,744630,-1.417,0.099,0.323,113,-57.5,-14.9,8.2,-10.1,-21.1,0.419598987,0.111148412,0.393200476,-0.810510575
495,1241087,744630,-1.425,0.142,0.303,124.5,-59.7,-18.5,7.7,-10.6,-20.6,0.419476913,0.111087374,0.390484329,-0.811914426
496,1243259,744640,-1.428,0.185,0.284,135,-61.7,-22.1,7.7,-10.6,-20.6,0.419263283,0.111026337,0.38758507,-0.813409833
497,1245390,744640,-1.436,0.229,0.28,143.8,-63.7,-25.8,7.7,-10.6,-20.6,0.418988617,0.110995819,0.384502701,-0.814996796
498,1248548,744640,-1.438,0.303,0.295,150.7,-65.6,-29.7,7.7,-10.6,-20.6,0.418652913,0.110934782,0.381298257,-0.816705832
499,1250764,744640,-1.442,0.343,0.295,155.3,-67.7,-34.2,7.4,-11.1,-20.6,0.418225654,0.110873745,0.37797174,-0.818445387
500,1252950,744650,-1.441,0.378,0.322,157.7,-69.8,-39.5,7.4,-11.1,-20.6,0.417706839,0.110751671,0.374614704,-0.820276498
501,1255655,744650,-1.433,0.405,0.338,158.5,-72,-45.6,7.4,-11.1,-20.6,0.417096469,0.110538041,0.371227149,-0.822168645
502,1258858,744650,-1.412,0.46,0.388,158,-74.5,-52.3,7.4,-11.1,-20.6,0.416364025,0.110202338,0.367839595,-0.824091311
503,1260479,744650,-1.391,0.483,0.407,156.9,-77.1,-59,4.7,-11.9,-19.7,0.415540025,0.109775079,0.36445204,-0.826075014
504,1262769,744660,-1.383,0.503,0.426,155.5,-79.6,-64.9,4.7,-11.9,-19.7,0.41462447,0.109225745,0.361095004,-0.828089236
505,1265645,744660,-1.383,0.507,0.461,153.9,-81.8,-69.7,4.7,-11.9,-19.7,0.413647877,0.108584857,0.357737968,-0.830103458
506,1269434,744660,-1.363,0.467,0.504,152.3,-83.6,-73.4,4.7,-11.9,-19.7,0.41257973,0.107882931,0.354380932,-0.832148198
507,1271024,744660,-1.343,0.451,0.55,151.2,-84.7,-77.3,7,-12.3,-19.9,0.411511582,0.10708945,0.351054415,-0.834192938
508,1273298,744670,-1.3,0.419,0.592,150.9,-85.3,-82.2,7,-12.3,-19.9,0.410290841,0.10626545,0.347727897,-0.836298715
509,1276494,744670,-1.28,0.387,0.638,151.3,-85.7,-87.8,7,-12.3,-19.9,0.409009064,0.105410932,0.344401379,-0.838435011
510,1278710,744670,-1.25,0.307,0.685,152,-86.8,-93,7,-12.3,-19.9,0.407605213,0.104464858,0.341044343,-0.840571306
511,1280444,744670,-1.226,0.268,0.696,152.4,-88.8,-97.4,6.3,-13.2,-19.1,0.406109806,0.103457747,0.337687307,-0.842768639
512,1282833,744680,-1.203,0.224,0.691,152.1,-91.4,-101.8,6.3,-13.2,-19.1,0.40458388,0.102389599,0.334299753,-0.84499649
513,1286164,744680,-1.141,0.132,0.706,151.3,-94,-106.6,6.3,-13.2,-19.1,0.402935881,0.101168859,0.330912198,-0.84725486
514,1288409,744680,-1.118,0.096,0.709,150.4,-96.2,-112.2,6.3,-13.2,-19.1,0.401226844,0.0999481185,0.327555162,-0.84951323
515,1290277,744680,-1.086,0.068,0.72,150,-97.5,-118.5,6.3,-13.4,-18.7,0.399395734,0.0986053041,0.324167608,-0.851832636
516,1293570,744690,-1.027,0.019,0.734,150.4,-98.1,-125.5,6.3,-13.4,-18.7,0.397442549,0.0972014527,0.320780053,-0.854182562
517,1296949,744690,-0.992,0.007,0.729,151.3,-98.4,-133,6.3,-13.4,-18.7,0.395306253,0.0957365642,0.317392499,-0.856593524
518,1298943,744690,-0.96,0.002,0.729,152.7,-98.5,-141.1,6.3,-13.4,-18.7,0.393047884,0.0942411573,0.313974425,-0.859065523
519,1300440,744690,-0.924,0.005,0.716,154.2,-98.5,-149.8,6,-13.9,-18.5,0.390575884,0.0926847133,0.310525834,-0.86159856
520,1303417,744700,-0.869,0.035,0.691,155.8,-98.7,-158.8,6,-13.9,-18.5,0.387951292,0.0910672323,0.307077242,-0.864223151
521,1306588,744700,-0.848,0.062,0.671,157.3,-99.2,-168.2,6,-13.9,-18.5,0.385113071,0.0894192328,0.303598132,-0.866878262
522,1308678,744700,-0.812,0.109,0.634,158.6,-100.5,-177.8,6,-13.9,-18.5,0.382091739,0.0876491592,0.300088504,-0.869594409
523,1310952,744700,-0.756,0.209,0.535,159.3,-102.7,-187.8,5.8,-14.4,-17.7,0.378887295,0.0858180486,0.296578875,-0.872402112
524,1313182,744710,-0.723,0.264,0.491,159.6,-105.9,-198.2,5.8,-14.4,-17.7,0.375469222,0.0838343455,0.293038728,-0.875240333
525,1316946,744710,-0.683,0.302,0.443,159.5,-110.1,-208.5,5.8,-14.4,-17.7,0.371929075,0.0816980499,0.289468062,-0.87817011
526,1318416,744710,-0.631,0.332,0.402,159.8,-115.2,-217.9,5.8,-14.4,-17.7,0.368205817,0.0794091617,0.28583636,-0.881130406
527,1320775,744710,-0.572,0.347,0.366,159.8,-115.2,-217.9,4.4,-14.6,-17.5,0.364421522,0.0771202734,0.282204657,-0.884060183
528,1322951,744720,-0.445,0.347,0.339,164,-126.8,-231.5,4.4,-14.6,-17.5,0.360454115,0.0745567186,0.278420362,-0.887081515
529,1325602,744720,-0.39,0.338,0.337,164,-126.8,-231.5,4.4,-14.6,-17.5,0.356486709,0.0719626453,0.274605548,-0.890102847
530,1328890,744720,-0.33,0.325,0.351,172.5,-137.4,-237.7,4.4,-14.6,-17.5,0.352397229,0.0692159795,0.270577105,-0.893185217
531,1330550,744720,-0.283,0.316,0.37,172.5,-137.4,-237.7,3.7,-14.8,-17.2,0.348307749,0.0664693136,0.266487625,-0.896206549
532,1333027,744730,-0.203,0.311,0.446,177.6,-145.2,-242.2,3.7,-14.8,-17.2,0.344157231,0.0635700552,0.26227607,-0.8992584
533,1335231,744730,-0.163,0.318,0.499,177.6,-145.2,-242.2,3.7,-14.8,-17.2,0.339976196,0.0606402783,0.258003479,-0.902279733
534,1338573,744730,-0.126,0.333,0.565,176,-149.1,-253.3,3.7,-14.8,-17.2,0.33558153,0.0575884274,0.253761406,-0.905331584
535,1340690,744730,-0.082,0.363,0.63,176,-149.1,-253.3,3.7,-14.8,-17.2,0.331186865,0.0545365764,0.249519333,-0.908322398
536,1343756,744740,0.002,0.416,0.76,169.7,-149.7,-273.9,3.7,-14.8,-17.2,0.32636494,0.0513016144,0.245399335,-0.911374248
537,1345517,744740,0.062,0.439,0.829,169.7,-149.7,-273.9,3.7,-14.8,-17.2,0.321512497,0.0480666524,0.241248817,-0.914365062
538,1349310,744740,0.13,0.449,0.893,163.8,-149.6,-300.3,3.7,-14.8,-17.2,0.31614124,0.0446485794,0.237220374,-0.91747795
539,1350181,744740,0.365,0.436,1.055,163.8,-149.6,-300.3,3.7,-14.8,-17.2,0.310708945,0.0412305063,0.233191931,-0.920499283
540,1354536,744750,0.365,0.436,1.055,163.8,-149.6,-300.3,3.7,-14.8,-17.2,0.310708945,0.0412305063,0.233191931,-0.920499283
541,1356711,744750,0.659,0.386,1.278,166.4,-150.2,-329.2,3.7,-14.8,-17.2,0.298684652,0.0340891751,0.225043489,-0.926755577
542,1358142,744750,0.659,0.386,1.278,166.4,-150.2,-329.2,3.7,-14.8,-17.2,0.298684652,0.0340891751,0.225043489,-0.926755577
543,1360390,744750,1.138,0.388,1.749,189.7,-143.7,-369.2,9.2,-17.8,-15.4,0.285103916,0.0270393994,0.216162603,-0.933378094
544,1363248,744760,1.29,0.396,1.855,199.5,-141.2,-380.6,9.2,-17.8,-15.4,0.277871029,0.0236213263,0.211432234,-0.93673513
545,1366489,744760,1.449,0.424,1.936,199.5,-141.2,-380.6,9.2,-17.8,-15.4,0.270638142,0.0201422163,0.206701865,-0.94000061
546,1367906,744760,1.753,0.508,2.088,205.3,-137.6,-400.3,9.2,-17.8,-15.4,0.262947478,0.0167851802,0.201818903,-0.943296609
547,1371175,744760,1.881,0.572,2.127,205.3,-137.6,-400.3,9.2,-17.8,-15.4,0.255226295,0.0133671072,0.19696646,-0.946501053
548,1373241,744770,2.026,0.651,2.162,175.3,-130.6,-417.3,9.2,-17.8,-15.4,0.247108371,0.00982696005,0.192724387,-0.949552904
549,1375637,744770,2.214,0.741,2.13,175.3,-130.6,-417.3,9.2,-17.8,-15.4,0.238959929,0.00631733146,0.188451796,-0.952513199
550,1377744,744770,2.672,0.892,1.988,110.9,-121.9,-441.8,9.2,-17.8,-15.4,0.230231635,0.00253303629,0.185583056,-0.955259865
551,1380613,744770,2.91,0.969,1.903,110.9,-121.9,-441.8,9.2,-17.8,-15.4,0.221503342,-0.00119022187,0.182653279,-0.957884457
552,1383068,744780,3.097,1.007,1.789,21.9,-114.5,-475.5,9.2,-17.8,-15.4,0.212012085,-0.00537125767,0.18161565,-0.960203864
553,1385624,744780,2.968,0.753,0.656,21.9,-114.5,-475.5,9.2,-17.8,-15.4,0.20249031,-0.00955229347,0.180578021,-0.962431715
554,1388944,744780,3.678,-1.581,-2.292,-66.4,-122.8,-499.3,9.2,-17.8,-15.4,0.192480239,-0.0144047365,0.181310465,-0.964293344
555,1390382,744780,4.661,-4.365,-1.318,-66.4,-122.8,-499.3,9.2,-17.8,-15.4,0.182409131,-0.019226661,0.182012391,-0.96600238
556,1393684,744790,6.112,-8.034,1.239,75.7,-194.4,-424,9.2,-17.8,-15.4,0.174260689,-0.0247199927,0.179448836,-0.96786401
557,1395447,744790,7.893,-8.263,4.524,75.7,-194.4,-424,9.2,-17.8,-15.4,0.166112247,-0.0301522874,0.176885281,-0.969634083
558,1398540,744790,7.97,-8.272,-0.313,449.7,-345.9,-151.3,9.2,-17.8,-15.4,0.164525285,-0.0364696188,0.165990173,-0.971587268
559,1400794,744790,7.974,-8.272,-0.235,449.7,-345.9,-151.3,9.2,-17.8,-15.4,0.162907804,-0.0427259133,0.155095065,-0.973418378
560,1402994,744800,8.02,-5.846,1.338,158.6,-474.2,41.7,9.2,-17.8,-15.4,0.165532395,-0.0520950957,0.150059511,-0.973296304
561,1405487,744800,8.099,-0.945,2.313,158.6,-474.2,41.7,9.2,-17.8,-15.4,0.168156987,-0.0614642781,0.145023957,-0.973082675
562,1407866,744800,8.11,2.058,0.284,-294.7,-238.1,-21.7,9.2,-17.8,-15.4,0.168034913,-0.0676595355,0.150364696,-0.971861934
563,1411324,744800,7.476,2.924,-0.61,-360.8,-30.4,-111.4,12.3,-15.3,-15.8,0.165257729,-0.0699789422,0.157750175,-0.971007416
564,1413156,744810,4.733,5.731,0.27,-354.8,175.2,-197.2,12.3,-15.3,-15.8,0.15991699,-0.0682393872,0.165593432,-0.970732749
565,1415238,744810,2.944,6.001,-1.522,-354.8,175.2,-197.2,12.3,-15.3,-15.8,0.15457625,-0.0664693136,0.173406171,-0.970336009
566,1417924,744810,-1.019,6.783,-2.008,-335.4,450.1,-187.8,12.3,-15.3,-15.8,0.148380993,-0.0587786493,0.181737724,-0.970274972
567,1421148,744810,-2.905,7.109,-2.36,-335.4,450.1,-187.8,14.9,-13.2,-16.2,0.142185736,-0.0510574664,0.190038759,-0.970061342
568,1423391,744820,-4.412,6.963,-2.456,-343.6,510.7,2,14.9,-13.2,-16.2,0.139713736,-0.0412915433,0.198889126,-0.969115268
569,1426525,744820,-5.979,4.689,-1.693,-343.6,510.7,2,14.9,-13.2,-16.2,0.137211219,-0.0315256203,0.207708975,-0.967986084
570,1428971,744820,-5.716,3.029,-1.226,-311.5,491.4,55.8,14.9,-13.2,-16.2,0.135929441,-0.0218512528,0.215765862,-0.966673788
571,1431037,744820,-4.64,1.444,-1.176,-249.1,441.6,76.5,15.5,-13.3,-15.7,0.13534959,-0.0129093295,0.22235786,-0.965422529
572,1433214,744830,-1.903,-0.603,-1.544,-165.7,354.6,89.1,15.5,-13.3,-15.7,0.135471664,-0.00549333171,0.226905118,-0.964415418
573,1435429,744830,-0.985,-1.074,-2.333,-73.8,233.3,111.9,15.5,-13.3,-15.7,0.136631367,-0.000244148076,0.229163488,-0.963713492
574,1438536,744830,0.249,-1.749,-1.676,116.2,-28.2,186.6,15.5,-13.3,-15.7,0.140720847,0.000396740623,0.226630451,-0.963744011
575,1440766,744830,-0.84,-4.404,-1.327,116.2,-28.2,186.6,15.2,-16.1,-15,0.14474929,0.00109866634,0.224097415,-0.963744011
576,1444249,744840,-0.84,-4.404,-1.327,116.2,-28.2,186.6,15.2,-16.1,-15,0.14474929,0.00109866634,0.224097415,-0.963744011
577,1445869,744840,0.458,-2.656,-0.121,260.4,-124.9,220.1,15.2,-16.1,-15,0.155217139,-0.000335703604,0.21231727,-0.96478164
578,1447936,744840,0.458,-2.656,-0.121,260.4,-124.9,220.1,15.2,-16.1,-15,0.155217139,-0.000335703604,0.21231727,-0.96478164
579,1452416,744840,0.152,-2.079,0.221,227.4,-77.9,126.2,15.2,-16.1,-15,0.162633137,-0.00109866634,0.201300089,-0.965910825
580,1452875,744850,-0.071,-1.275,0.681,164.6,-57.4,74.8,15.2,-16.1,-15,0.164464248,-0.00140385144,0.197607349,-0.966368603
581,1456726,744850,-0.204,-0.926,0.84,96.8,-47.7,42.9,15.2,-16.1,-15,0.165562914,-0.00186162908,0.195410016,-0.966612751
582,1458839,744850,-0.395,-0.45,0.836,43.3,-44.2,24.6,15.2,-16.1,-15,0.166295358,-0.00253303629,0.194341868,-0.966704306
583,1461063,744850,-0.443,-0.117,1.914,16.5,-28.8,0.2,14.5,-16.1,-15.5,0.166417432,-0.00308236946,0.193884091,-0.966795862
584,1463259,744860,-0.404,-0.032,1.686,16.5,-28.8,0.2,14.5,-16.1,-15.5,0.166539506,-0.00363170263,0.193426313,-0.966856899
585,1465589,744860,-0.34,-0.152,1.419,34,-16.8,-6.1,14.5,-16.1,-15.5,0.166478469,-0.00390636921,0.192602313,-0.967009491
586,1467958,744860,-0.211,-0.292,1.373,64.4,-17.9,-9,14.5,-16.1,-15.5,0.166386914,-0.00408948027,0.19122898,-0.967314676
587,1470406,744860,0.005,-0.372,1.376,100.1,-36.6,-12.2,14.2,-16.4,-15.6,0.166234321,-0.00454725791,0.188970611,-0.967772454
588,1474750,744870,-0.036,-0.686,1.139,131,-62.9,-17.8,14.2,-16.4,-15.6,0.166173284,-0.0054628132,0.185979797,-0.968352306
589,1476808,744870,0.021,-0.793,1.138,145.2,-81.3,-25.4,14.2,-16.4,-15.6,0.165990173,-0.0067751091,0.182592242,-0.969023713
590,1478915,744870,0.016,-0.875,1.154,142.9,-87.3,-34.8,14.2,-16.4,-15.6,0.165623951,-0.00823999756,0.179265725,-0.96969512
591,1480621,744870,0.051,-0.978,1.24,129.5,-83.4,-45.5,13.8,-15.9,-15.3,0.165013581,-0.00970488601,0.176213874,-0.970366527
592,1483486,744880,0.013,-1.17,1.409,110.8,-74.2,-56.6,13.8,-15.9,-15.3,0.164098025,-0.0111087374,0.173589282,-0.970976897
593,1485638,744880,-0.003,-1.283,1.554,90.3,-64,-65.4,13.8,-15.9,-15.3,0.162999359,-0.0123905148,0.171422468,-0.971526231
594,1489528,744880,0.004,-1.377,1.691,70.1,-54.3,-69.2,13.8,-15.9,-15.3,0.1617481,-0.0135502182,0.169713431,-0.972014527
595,1491676,744880,0.022,-1.527,1.816,52,-44.9,-66.3,14.3,-14.7,-15.2,0.16052736,-0.014557329,0.168431654,-0.972411267
596,1493623,744890,-0.005,-1.55,1.876,22.9,-28.3,-49.6,14.3,-14.7,-15.2,0.159581286,-0.0152592547,0.167851802,-0.972685934
597,1495317,744890,-0.044,-1.521,1.943,22.9,-28.3,-49.6,14.3,-14.7,-15.2,0.158635212,-0.0159611805,0.167210913,-0.972930082
598,1497972,744890,-0.078,-1.442,1.979,10.9,-22,-42.3,14.3,-14.7,-15.2,0.157811213,-0.0165410321,0.166905728,-0.973113193
599,1501342,744890,-0.178,-1.204,2.02,0.1,-17.1,-38.5,14.3,-14.7,-15.2,0.15704825,-0.0170598468,0.166844691,-0.973235267
600,1503760,744900,-0.223,-1.069,2.04,-9.7,-13.9,-38,14.3,-14.7,-15.2,0.156285287,-0.0175176244,0.166966765,-0.973326823
601,1505694,744900,-0.261,-0.939,2.033,-18.3,-11.9,-39.2,14.3,-14.7,-15.2,0.155491806,-0.0179448836,0.167302469,-0.97338786
602,1508057,744900,-0.286,-0.738,1.967,-25.5,-10.2,-40.1,14.3,-14.7,-15.2,0.154667806,-0.0184331797,0.167790765,-0.973418378
603,1510488,744900,-0.289,-0.659,1.959,-34.6,-7.7,-36.3,14.2,-14.2,-15.6,0.153904843,-0.0187994018,0.168492691,-0.973418378
604,1513930,744910,-0.268,-0.585,1.973,-34.6,-7.7,-36.3,14.2,-14.2,-15.6,0.153172399,-0.0192571795,0.169164098,-0.97338786
605,1515753,744910,-0.231,-0.538,1.925,-36.7,-7.3,-31.8,14.2,-14.2,-15.6,0.152500992,-0.0196539201,0.169927061,-0.973357341
606,1518036,744910,-0.12,-0.459,1.813,-38.8,-7.2,-27.1,14.2,-14.2,-15.6,0.15192114,-0.0200201422,0.170720542,-0.973296304
607,1520454,744910,-0.052,-0.429,1.752,-42.5,-6.7,-24.6,13.8,-14,-16,0.151402326,-0.0203863643,0.171605579,-0.973235267
608,1522957,744920,0.011,-0.379,1.696,-48.3,-5.4,-25.6,13.8,-14,-16,0.150852992,-0.0207525864,0.172582171,-0.973143712
609,1527081,744920,0.079,-0.334,1.647,-55.8,-3.5,-29.4,13.8,-14,-16,0.150212104,-0.0211188086,0.173741874,-0.973021638
610,1529346,744920,0.16,-0.21,1.562,-63.7,-1.5,-33.7,13.8,-14,-16,0.149479659,-0.0214850307,0.175084689,-0.972869045
611,1531664,744920,0.2,-0.136,1.518,-70.9,0,-36.3,14.1,-13.9,-15.9,0.14865566,-0.0218512528,0.176580096,-0.972716453
612,1533773,744930,0.233,-0.082,1.486,-76.4,0.7,-36.5,14.1,-13.9,-15.9,0.147862178,-0.0222785119,0.178167058,-0.97256386
613,1536129,744930,0.261,-0.02,1.45,-79.4,0.7,-34.9,14.1,-13.9,-15.9,0.147068697,-0.022644734,0.179845576,-0.97235023
614,1538296,744930,0.298,0.073,1.39,-80.2,0.1,-32.5,14.1,-13.9,-15.9,0.146336253,-0.0230414747,0.181524094,-0.972136601
615,1540485,744930,0.306,0.096,1.362,-79.1,-0.9,-30.3,14,-13.6,-16,0.145664846,-0.0234076968,0.183202612,-0.971922971
616,1543233,744940,0.31,0.1,1.339,-77.1,-2,-28.8,14,-13.6,-16,0.145023957,-0.0238044374,0.184789575,-0.971709342
617,1545739,744940,0.317,0.088,1.3,-75.1,-3,-27.8,14,-13.6,-16,0.144413587,-0.0242316965,0.186376537,-0.971495712
618,1548033,744940,0.312,0.025,1.23,-73.9,-3.7,-26.9,14,-13.6,-16,0.143772698,-0.0246589557,0.187932981,-0.971251564
619,1550405,744940,0.303,-0.017,1.191,-74.2,-4,-25.9,14,-13.6,-16,0.143253883,-0.0250862148,0.189458907,-0.971037935
620,1553219,744950,0.298,-0.08,1.14,-76.1,-3.8,-24.8,14,-13.6,-16,0.142674032,-0.0255134739,0.191045869,-0.970793786
621,1556279,744950,0.276,-0.17,1.04,-79.2,-3.2,-23.4,14,-13.6,-16,0.142155217,-0.025879696,0.192724387,-0.970549638
622,1558017,744950,0.259,-0.233,0.997,-83,-2.3,-21.9,14,-13.6,-16,0.141666921,-0.0263374737,0.194463942,-0.970244453
623,1561767,744950,0.255,-0.268,0.947,-89.5,-0.7,-18.2,14.8,-13.1,-14.7,0.141239662,-0.0267036958,0.196325571,-0.969939268
624,1563678,744960,0.254,-0.303,0.896,-89.5,-0.7,-18.2,14.8,-13.1,-14.7,0.140781884,-0.0270699179,0.198217719,-0.969603565
625,1565588,744960,0.244,-0.354,0.807,-91.1,-0.4,-16.5,14.8,-13.1,-14.7,0.140385144,-0.02743614,0.200140385,-0.969237342
626,1568062,744960,0.252,-0.37,0.771,-91.1,-0.6,-15.1,14.8,-13.1,-14.7,0.140018921,-0.0277718436,0.202032533,-0.968901639
627,1571242,744960,0.256,-0.378,0.752,-89.6,-1.4,-13.8,15.2,-13.1,-13.8,0.139683218,-0.0281380657,0.20392468,-0.968535417
628,1572891,744970,0.311,-0.376,0.707,-86.7,-2.7,-12.6,15.2,-13.1,-13.8,0.139378033,-0.0285348064,0.205755791,-0.968199713
629,1576650,744970,0.343,-0.388,0.695,-82.5,-4,-11.4,15.2,-13.1,-13.8,0.139103366,-0.0289010285,0.207464827,-0.96786401
630,1577908,744970,0.366,-0.397,0.69,-77.9,-5.5,-10.5,15.2,-13.1,-13.8,0.138859218,-0.0292977691,0.209082308,-0.967528306
631,1581295,744970,0.378,-0.413,0.686,-73,-6.9,-9.8,15.2,-12.7,-14,0.13861507,-0.0297250282,0.210608234,-0.967223121
632,1583285,744980,0.382,-0.421,0.674,-67.7,-8.1,-9.4,15.2,-12.7,-14,0.13840144,-0.0301522874,0.212012085,-0.966917936
633,1586426,744980,0.39,-0.405,0.686,-61.4,-9.2,-9.2,15.2,-12.7,-14,0.138218329,-0.0305795465,0.213263344,-0.966673788
634,1588561,744980,0.394,-0.382,0.69,-53.7,-10.2,-9.1,15.2,-12.7,-14,0.138035218,-0.0309762871,0.214362011,-0.96642964
635,1590808,744980,0.395,-0.354,0.686,-45,-11.3,-9.1,14.7,-12.2,-14.1,0.137882626,-0.0314035463,0.215277566,-0.966246529
636,1592761,744990,0.396,-0.276,0.705,-36.1,-12.4,-8.6,14.7,-12.2,-14.1,0.137730033,-0.0318308054,0.215979492,-0.966093936
637,1596285,744990,0.409,-0.229,0.704,-27.7,-13.5,-7.1,14.7,-12.2,-14.1,0.137607959,-0.032227546,0.216528825,-0.965971862
638,1597766,744990,0.429,-0.186,0.696,-19.8,-14.5,-4.3,14.7,-12.2,-14.1,0.137577441,-0.0326242866,0.216895047,-0.965880306
639,1600499,744990,0.465,-0.147,0.687,-12.2,-15.5,-0.8,14.7,-12.2,-14.1,0.137638478,-0.0329905087,0.217108676,-0.965819269
640,1603520,745000,0.561,-0.13,0.677,-4.3,-16.3,2.7,14.7,-12.2,-14.1,0.137760552,-0.0333262123,0.217169713,-0.965758232
641,1606544,745000,0.608,-0.139,0.683,3.8,-16.8,6.1,14.7,-12.2,-14.1,0.137974181,-0.0336313974,0.217017121,-0.965758232
642,1608032,745000,0.648,-0.171,0.725,12.2,-16.6,9.5,14.7,-12.2,-14.1,0.138248848,-0.033906064,0.216742454,-0.965788751
643,1610757,745000,0.721,-0.306,0.79,29,-13.3,18.4,14.5,-12.6,-16.2,0.138737144,-0.0340281381,0.216101566,-0.965819269
644,1613769,745010,0.76,-0.39,0.805,29,-13.3,18.4,14.5,-12.6,-16.2,0.139194922,-0.0341196936,0.215460677,-0.965910825
645,1615291,745010,0.775,-0.453,0.805,37.2,-10.1,24.3,14.5,-12.6,-16.2,0.139805292,-0.0341196936,0.214636677,-0.96600238
646,1618820,745010,0.822,-0.509,0.8,44.9,-6,30.8,14.5,-12.6,-16.2,0.140507218,-0.033967101,0.213721122,-0.966124454
647,1620293,745010,0.92,-0.598,0.813,52,-1.5,37.3,14.4,-13.3,-17.1,0.141331217,-0.033661916,0.212622456,-0.966246529
648,1622849,745020,0.931,-0.626,0.813,58,2.9,43.3,14.4,-13.3,-17.1,0.142277291,-0.0332041383,0.211462752,-0.966399121
649,1626586,745020,0.919,-0.637,0.817,62.8,7.3,48.5,14.4,-13.3,-17.1,0.14331492,-0.0326242866,0.210180975,-0.966521195
650,1628044,745020,0.891,-0.625,0.798,66.4,11.7,53.5,14.4,-13.3,-17.1,0.144444105,-0.0319223609,0.208868679,-0.966673788
651,1630829,745020,0.848,-0.553,0.725,68.8,15.9,58.9,13.7,-13.5,-17.5,0.145664846,-0.0311288797,0.207495346,-0.966795862
652,1633119,745030,0.837,-0.518,0.705,69.9,20,64.7,13.7,-13.5,-17.5,0.146977142,-0.0301522874,0.206122013,-0.966917936
653,1636351,745030,0.833,-0.478,0.686,69.4,24.1,70.6,13.7,-13.5,-17.5,0.148411512,-0.029114658,0.204779199,-0.96704001
654,1637844,745030,0.81,-0.419,0.659,67.8,27.8,76,13.7,-13.5,-17.5,0.149937437,-0.0279549547,0.203497421,-0.967101047
655,1640359,745030,0.791,-0.395,0.648,65.7,30.8,81.4,13.7,-14.1,-17.6,0.151554918,-0.0267342143,0.202246162,-0.967131565
656,1643876,745040,0.779,-0.379,0.632,63.8,33.4,87,13.7,-14.1,-17.6,0.153294473,-0.0254524369,0.201086459,-0.967162084
657,1645365,745040,0.763,-0.378,0.617,61.7,35.6,93.3,13.7,-14.1,-17.6,0.155125584,-0.0240485855,0.199926756,-0.967131565
658,1648655,745040,0.743,-0.402,0.59,59.7,37.8,99.5,13.7,-14.1,-17.6,0.157078768,-0.022644734,0.198858608,-0.967070528
659,1650877,745040,0.738,-0.429,0.579,57.4,39.7,105.3,13.7,-14.1,-17.6,0.159184545,-0.0211188086,0.197820978,-0.966978973
660,1653224,745050,0.738,-0.46,0.571,54.9,41.5,110.1,13.7,-14.1,-17.6,0.16135136,-0.0196234016,0.196874905,-0.966856899
661,1655301,745050,0.733,-0.488,0.556,52.4,43.1,114.3,13.7,-14.1,-17.6,0.163579211,-0.0180364391,0.195959349,-0.966673788
662,1658768,745050,0.716,-0.558,0.549,50.2,44.5,118.1,13.7,-14.1,-17.6,0.165898618,-0.0163579211,0.195104831,-0.966490677
663,1660320,745050,0.72,-0.582,0.545,46.8,46.4,125.7,13,-14,-15,0.168370617,-0.0147099216,0.194341868,-0.966246529
664,1663108,745060,0.716,-0.601,0.545,46.8,46.4,125.7,13,-14,-15,0.170842616,-0.0130314035,0.193548387,-0.96600238
665,1665999,745060,0.708,-0.605,0.549,45.7,46.9,129.5,13,-14,-15,0.173406171,-0.011322367,0.192815943,-0.965697195
666,1669102,745060,0.704,-0.605,0.565,44.9,47.3,133.2,13,-14,-15,0.176000244,-0.00958281198,0.19205298,-0.96539201
667,1670471,745060,0.704,-0.589,0.576,44.3,47.7,136.5,12.9,-14.6,-14.8,0.178685873,-0.00784325694,0.191351054,-0.965056307
668,1673487,745070,0.704,-0.57,0.584,43.8,48.1,139.5,12.9,-14.6,-14.8,0.181432539,-0.00607318339,0.19061861,-0.964720603
669,1676440,745070,0.697,-0.546,0.6,43.6,48.2,142.1,12.9,-14.6,-14.8,0.184240242,-0.00430310984,0.189916684,-0.964323862
670,1677940,745070,0.694,-0.495,0.615,43.5,48.1,144.4,12.9,-14.6,-14.8,0.187078463,-0.00250251778,0.189214759,-0.963927122
671,1680935,745070,0.69,-0.467,0.623,43.6,48.1,146.5,12.3,-15.3,-14.3,0.189977721,-0.000701925718,0.188512833,-0.963499863
672,1683938,745080,0.683,-0.435,0.631,43.7,48.3,148.5,12.3,-15.3,-14.3,0.19287698,0.00106814783,0.187780389,-0.963072604
673,1685547,745080,0.679,-0.42,0.635,43.8,48.5,150.4,12.3,-15.3,-14.3,0.195837275,0.00286873989,0.187047945,-0.962614826
674,1688547,745080,0.676,-0.388,0.631,43.9,48.6,152.1,12.3,-15.3,-14.3,0.198828089,0.00469985046,0.186346019,-0.96212653
675,1690845,745080,0.668,-0.384,0.631,43.9,48.8,153.7,11.6,-15.2,-14.2,0.201849422,0.00656147954,0.185613575,-0.961638234
676,1692828,745090,0.66,-0.376,0.628,43.6,49,155.1,11.6,-15.2,-14.2,0.204901273,0.00839259011,0.18488113,-0.9610889
677,1696546,745090,0.648,-0.376,0.616,42.9,49.3,156.3,11.6,-15.2,-14.2,0.207983642,0.0102542192,0.184179205,-0.960570086
678,1698946,745090,0.64,-0.376,0.609,41.6,49.6,157.3,11.6,-15.2,-14.2,0.211066012,0.0121158483,0.183477279,-0.959990234
679,1700961,745090,0.628,-0.367,0.613,39.6,49.8,158.2,11.6,-15.2,-14.2,0.2141789,0.0139774773,0.18283639,-0.959410382
680,1704273,745100,0.62,-0.367,0.617,36.8,50,159.1,11.6,-15.2,-14.2,0.217291787,0.0158391064,0.182256539,-0.958800012
681,1706753,745100,0.593,-0.359,0.614,33.3,50.4,160.1,11.6,-15.2,-14.2,0.220404675,0.0177007355,0.181737724,-0.958128605
682,1708775,745100,0.593,-0.359,0.614,33.3,50.4,160.1,11.6,-15.2,-14.2,0.220404675,0.0177007355,0.181737724,-0.958128605
683,1710933,745100,0.53,-0.334,0.619,18.8,52.8,162.8,12.4,-16,-13.9,0.22644734,0.019470809,0.180822169,-0.956877346
684,1713233,745110,0.502,-0.321,0.624,18.8,52.8,162.8,12.4,-16,-13.9,0.229621265,0.0213324381,0.180608539,-0.956114383
685,1715552,745110,0.474,-0.305,0.625,13.1,53.6,163.4,12.4,-16,-13.9,0.232825709,0.0231330302,0.180547502,-0.955320902
686,1718079,745110,0.443,-0.289,0.625,7.1,54.1,163.9,12.4,-16,-13.9,0.235999634,0.0249641408,0.180578021,-0.954466384
687,1720415,745110,0.415,-0.276,0.634,1,54.5,164.3,11.7,-16.3,-13.7,0.239234596,0.0267342143,0.180761132,-0.953581347
688,1722979,745120,0.348,-0.259,0.64,-4.9,54.6,164.8,11.7,-16.3,-13.7,0.242408521,0.0285042879,0.181035798,-0.952665792
689,1725728,745120,0.321,-0.25,0.644,-10.7,54.6,165.2,11.7,-16.3,-13.7,0.245674001,0.0302438429,0.181463057,-0.951719718
690,1727907,745120,0.293,-0.25,0.633,-16.3,54.4,165.7,11.7,-16.3,-13.7,0.248878445,0.0319528794,0.181981872,-0.950712607
691,1731078,745120,0.269,-0.245,0.642,-22,53.9,166,11.1,-16.3,-13.6,0.252143925,0.0336008789,0.182592242,-0.949674978
692,1733273,745130,0.229,-0.26,0.643,-27.7,53.1,166,11.1,-16.3,-13.6,0.255378887,0.0351878414,0.183355205,-0.94860683
693,1735547,745130,0.201,-0.275,0.644,-33.7,52,165.7,11.1,-16.3,-13.6,0.258644368,0.0367748039,0.184209723,-0.947508164
694,1738132,745130,0.181,-0.286,0.648,-39.8,50.8,165.4,11.1,-16.3,-13.6,0.26187933,0.0382396924,0.185186316,-0.946378979
695,1741405,745130,0.165,-0.306,0.656,-45.9,49.5,165,10.8,-16.7,-14,0.265114292,0.0396740623,0.186284982,-0.945188757
696,1743513,745140,0.129,-0.34,0.654,-51.9,48.2,164.9,10.8,-16.7,-14,0.268379772,0.0410473952,0.187475204,-0.943968017
697,1745741,745140,0.113,-0.363,0.658,-57.9,46.7,164.9,10.8,-16.7,-14,0.271614734,0.0423291726,0.1887875,-0.942716758
698,1747924,745140,0.1,-0.387,0.67,-64,44.9,164.7,10.8,-16.7,-14,0.274880215,0.043549913,0.19022187,-0.94143498
699,1750385,745140,0.092,-0.402,0.678,-69.9,43.3,164.2,10.8,-16.7,-14,0.278145695,0.0447096164,0.191778314,-0.940122684
700,1752815,745150,0.08,-0.433,0.706,-75.6,41.9,163.3,10.8,-16.7,-14,0.281380657,0.0458082827,0.193426313,-0.938749351
701,1757077,745150,0.068,-0.437,0.722,-80.6,40.6,162,10.8,-16.7,-14,0.284615619,0.0468153935,0.195165868,-0.937376019
702,1759261,745150,0.06,-0.437,0.73,-84.7,39.5,160.6,10.8,-16.7,-14,0.287820063,0.0477919858,0.19696646,-0.935972167
703,1761436,745150,0.04,-0.44,0.754,-90.2,37,157.1,7.8,-17,-14.3,0.290963469,0.0486159856,0.198889126,-0.934537797
704,1763788,745160,0.029,-0.436,0.758,-90.2,37,157.1,7.8,-17,-14.3,0.294106876,0.0495315409,0.200781274,-0.933103427
705,1766582,745160,0.013,-0.42,0.762,-91.9,35.8,155.1,7.8,-17,-14.3,0.297189245,0.0503250221,0.20270394,-0.931669057
706,1768236,745160,-0.002,-0.416,0.774,-92.9,34.5,152.6,7.8,-17,-14.3,0.300241096,0.0511185034,0.204657125,-0.930234687
707,1770531,745160,-0.033,-0.403,0.787,-93.2,33.3,149.8,6.7,-16.6,-14.9,0.303201392,0.0518509476,0.206610309,-0.928769799
708,1773632,745170,-0.045,-0.395,0.779,-92.7,32.3,146.6,6.7,-16.6,-14.9,0.306161687,0.0525223548,0.208532975,-0.927335429
709,1775988,745170,-0.057,-0.391,0.78,-91.2,31.1,143.3,6.7,-16.6,-14.9,0.309030427,0.0532242805,0.210425123,-0.925931578
710,1778237,745170,-0.081,-0.39,0.784,-89,30.1,139.9,6.7,-16.6,-14.9,0.311807611,0.0538651692,0.212256233,-0.924527726
711,1780735,745170,-0.096,-0.382,0.793,-86.3,29.1,136.4,5.3,-16.5,-14.9,0.314523759,0.0544755394,0.214026307,-0.923154393
712,1783125,745180,-0.1,-0.386,0.793,-83.5,28.2,133,5.3,-16.5,-14.9,0.317178869,0.0551164281,0.215735343,-0.921842097
713,1785469,745180,-0.12,-0.381,0.793,-80.5,27.5,129.7,5.3,-16.5,-14.9,0.319742424,0.0556962798,0.217413862,-0.920499283
714,1787842,745180,-0.144,-0.397,0.802,-77.6,27.1,126.6,5.3,-16.5,-14.9,0.32227546,0.0563371685,0.218970305,-0.919217505
715,1791889,745180,-0.16,-0.404,0.802,-74.5,26.9,123.7,3.4,-16.7,-15.3,0.324686422,0.0569170202,0.220526749,-0.917966247
716,1793426,745190,-0.176,-0.419,0.799,-71,26.8,121,3.4,-16.7,-15.3,0.327097385,0.0575579089,0.221991638,-0.916714988
717,1795441,745190,-0.192,-0.427,0.791,-67.5,26.6,118.4,3.4,-16.7,-15.3,0.329416791,0.0581377606,0.223395489,-0.915524766
718,1798600,745190,-0.233,-0.458,0.789,-64,26.5,115.9,3.4,-16.7,-15.3,0.331675161,0.0588091678,0.224707785,-0.914334544
719,1800793,745190,-0.241,-0.461,0.785,-60.9,26.3,113.6,7.1,-17.3,-15.7,0.333903012,0.0594500565,0.225959044,-0.913174841
720,1802918,745200,-0.256,-0.465,0.785,-58.2,26.2,111.4,7.1,-17.3,-15.7,0.336069826,0.0600909452,0.227179785,-0.912045656
721,1805894,745200,-0.276,-0.464,0.782,-56,26,109.3,7.1,-17.3,-15.7,0.338175604,0.0607623524,0.228339488,-0.910916471
722,1807989,745200,-0.304,-0.46,0.775,-54.6,25.8,107.3,7.1,-17.3,-15.7,0.340250862,0.0614032411,0.229468673,-0.909817804
723,1811309,745200,-0.32,-0.452,0.767,-53.8,25.4,103.5,3.8,-16.1,-16.4,0.342173528,0.0619525742,0.231025117,-0.908658101
724,1812914,745210,-0.336,-0.439,0.764,-53.8,25.4,103.5,3.8,-16.1,-16.4,0.344157231,0.0625934629,0.232154302,-0.907559435
725,1815821,745210,-0.347,-0.427,0.764,-54.2,25.1,101.7,3.8,-16.1,-16.4,0.346140934,0.0632038331,0.233283486,-0.906491287
726,1819660,745210,-0.367,-0.392,0.761,-54.8,24.8,99.8,3.8,-16.1,-16.4,0.348063601,0.0637836848,0.234412671,-0.905423139
727,1820258,745210,-0.37,-0.38,0.757,-55.7,24.3,97.9,3.8,-16.4,-16.2,0.34992523,0.064333018,0.235572375,-0.904354991
728,1823421,745220,-0.378,-0.36,0.761,-56.6,23.8,95.9,3.8,-16.4,-16.2,0.351786859,0.0648518326,0.236732078,-0.903286843
729,1825670,745220,-0.378,-0.336,0.757,-57.7,23.2,93.9,3.8,-16.4,-16.2,0.353587451,0.0653706473,0.237891781,-0.902249214
730,1828602,745220,-0.378,-0.332,0.753,-59,22.6,92.1,3.8,-16.4,-16.2,0.355388043,0.0658284249,0.239112522,-0.901181066
731,1831495,745220,-0.366,-0.329,0.761,-60.7,21.8,90.4,4.6,-15.7,-16.4,0.357127598,0.0662556841,0.240333262,-0.900143437
732,1833752,745230,-0.362,-0.333,0.764,-63,21,88.9,4.6,-15.7,-16.4,0.358867153,0.0666524247,0.24161504,-0.899075289
733,1835798,745230,-0.35,-0.341,0.752,-66.3,20.4,87.2,4.6,-15.7,-16.4,0.360545671,0.0669881283,0.242957854,-0.898007141
734,1839906,745230,-0.35,-0.349,0.756,-70.4,19.9,85.6,4.6,-15.7,-16.4,0.362224189,0.0672933134,0.244361705,-0.896938993
735,1840289,745230,-0.343,-0.372,0.76,-75.2,19.6,84,5.2,-15.9,-16.9,0.363872188,0.0675374615,0.245857112,-0.895840327
736,1843331,745240,-0.343,-0.372,0.76,-75.2,19.6,84,5.2,-15.9,-16.9,0.363872188,0.0675374615,0.245857112,-0.895840327
737,1846140,745240,-0.343,-0.4,0.795,-86.7,19.2,81.3,5.2,-15.9,-16.9,0.36710715,0.0678121281,0.24918363,-0.893581957
738,1847630,745240,-0.343,-0.4,0.795,-86.7,19.2,81.3,5.2,-15.9,-16.9,0.36710715,0.0678121281,0.24918363,-0.893581957
739,1850972,745240,-0.343,-0.4,0.795,-86.7,19.2,81.3,5.2,-15.9,-16.9,0.36710715,0.0678121281,0.24918363,-0.893581957
740,1853513,745250,-0.343,-0.4,0.795,-86.7,19.2,81.3,5.2,-15.9,-16.9,0.36710715,0.0678121281,0.24918363,-0.893581957
741,1855481,745250,-0.39,-0.391,0.867,-108.8,21,75.8,4.6,-17.5,-17.3,0.373332926,0.0678426466,0.257240516,-0.888698996
742,1859271,745250,-0.39,-0.391,0.867,-108.8,21,75.8,4.6,-17.5,-17.3,0.373332926,0.0678426466,0.257240516,-0.888698996
743,1861042,745250,-0.413,-0.382,0.91,-118.7,21.6,70.2,4.9,-14.2,-17.4,0.376293222,0.0678426466,0.26187933,-0.886104923
744,1863185,745260,-0.421,-0.386,0.915,-118.7,21.6,70.2,4.9,-14.2,-17.4,0.377697073,0.067690054,0.264259774,-0.884792627
745,1865392,745260,-0.425,-0.398,0.915,-119.6,21.7,68.3,4.9,-14.2,-17.4,0.379070406,0.0675374615,0.266640217,-0.883510849
746,1869005,745260,-0.441,-0.401,0.915,-119.5,21.8,66.5,4.9,-14.2,-17.4,0.380413221,0.0673543504,0.269020661,-0.882229072
747,1870411,745260,-0.446,-0.409,0.904,-118.6,21.9,64.7,4.3,-14.3,-17.8,0.381694998,0.0671712394,0.271401105,-0.880977813
748,1873463,745270,-0.474,-0.424,0.897,-117.6,21.8,62.9,4.3,-14.3,-17.8,0.382946257,0.0669881283,0.27375103,-0.879696036
749,1875771,745270,-0.494,-0.436,0.889,-116.7,21.7,61,4.3,-14.3,-17.8,0.384166997,0.0667744987,0.276070437,-0.878475295
750,1878295,745270,-0.51,-0.451,0.894,-115.5,21.7,59,4.3,-14.3,-17.8,0.385326701,0.0665913877,0.278389843,-0.877224036
751,1880277,745270,-0.522,-0.47,0.882,-113.6,21.8,56.9,4.3,-13.7,-18.3,0.386455885,0.0664082766,0.280648213,-0.876033815
752,1884095,745280,-0.522,-0.47,0.882,-113.6,21.8,56.9,4.3,-13.7,-18.3,0.386455885,0.0664082766,0.280648213,-0.876033815
753,1886299,745280,-0.566,-0.517,0.868,-106.8,22.1,52.8,4.3,-13.7,-18.3,0.388531144,0.066072573,0.285042879,-0.873714408
754,1890116,745280,-0.566,-0.517,0.868,-106.8,22.1,52.8,4.3,-13.7,-18.3,0.388531144,0.066072573,0.285042879,-0.873714408
755,1890477,745280,-0.575,-0.536,0.853,-97.7,21.9,48.7,3.6,-14.1,-19.1,0.39045381,0.0658284249,0.289071322,-0.871547594
756,1892906,745290,-0.575,-0.536,0.853,-97.7,21.9,48.7,3.6,-14.1,-19.1,0.39045381,0.0658284249,0.289071322,-0.871547594
757,1895331,745290,-0.571,-0.532,0.841,-88.7,21,44.5,3.6,-14.1,-19.1,0.392162847,0.0656453139,0.292764061,-0.86956389
758,1899069,745290,-0.571,-0.532,0.845,-84.7,20.8,42.2,3.6,-14.1,-19.1,0.392956328,0.0655842769,0.294473098,-0.868617817
759,1901527,745290,-0.563,-0.525,0.841,-80.8,20.9,39.8,3.9,-13.6,-19.1,0.393688772,0.0655232398,0.296121097,-0.86773278
760,1903621,745300,-0.563,-0.521,0.833,-77.4,21.3,37.1,3.9,-13.6,-19.1,0.394360179,0.0655232398,0.297738578,-0.866878262
761,1906531,745300,-0.571,-0.513,0.829,-74.3,21.7,34.3,3.9,-13.6,-19.1,0.395001068,0.0655232398,0.299264504,-0.86608478
762,1908907,745300,-0.566,-0.497,0.825,-72.1,22.3,31.7,3.9,-13.6,-19.1,0.395550401,0.0655232398,0.300790429,-0.865291299
763,1911081,745300,-0.57,-0.469,0.802,-71.6,23.1,27,3.8,-15.6,-19.3,0.396008179,0.0655232398,0.302285836,-0.864558855
764,1913348,745310,-0.57,-0.454,0.794,-71.6,23.1,27,3.8,-15.6,-19.3,0.396465957,0.0655232398,0.303811762,-0.863826411
765,1915639,745310,-0.578,-0.434,0.786,-73.2,23.5,24.7,3.8,-15.6,-19.3,0.396893216,0.0654927213,0.305368206,-0.863063448
766,1917825,745310,-0.577,-0.406,0.77,-75.4,24.1,22.3,3.8,-15.6,-19.3,0.397259438,0.0654622028,0.306955168,-0.862331004
767,1920502,745310,-0.573,-0.391,0.766,-78.1,24.9,19.7,4,-15.9,-19.5,0.397564623,0.0653706473,0.308603168,-0.861629078
768,1924700,745320,-0.577,-0.383,0.755,-80.8,25.7,16.9,4,-15.9,-19.5,0.397808771,0.0652790918,0.310342723,-0.860896634
769,1925307,745320,-0.565,-0.379,0.754,-83.8,26.5,14,4,-15.9,-19.5,0.398022401,0.0651570177,0.312112796,-0.86016419
770,1928204,745320,-0.577,-0.371,0.739,-87.2,27.3,11.4,4,-15.9,-19.5,0.398174993,0.0649739067,0.313974425,-0.859431745
771,1931263,745320,-0.581,-0.371,0.727,-91.2,28,9.1,4.3,-16,-19.8,0.398297067,0.0647602771,0.31592761,-0.858668783
772,1932773,745330,-0.593,-0.375,0.724,-95.8,28.8,7.1,4.3,-16,-19.8,0.398358104,0.064516129,0.317941832,-0.85790582
773,1936477,745330,-0.601,-0.374,0.72,-101,29.6,5.5,4.3,-16,-19.8,0.398388623,0.0642414624,0.320078127,-0.857112339
774,1938107,745330,-0.645,-0.381,0.717,-106.4,30.3,4.2,4.3,-16,-19.8,0.398419141,0.0639057588,0.322336497,-0.856288339
775,1941129,745330,-0.665,-0.385,0.71,-112,30.9,2.9,4.1,-15.3,-20.3,0.398388623,0.0635395367,0.324686422,-0.855433821
776,1942831,745340,-0.688,-0.38,0.719,-117.5,31.3,1.7,4.1,-15.3,-20.3,0.398358104,0.0630817591,0.327158422,-0.854548784
777,1945627,745340,-0.712,-0.388,0.719,-123,31.4,0.6,4.1,-15.3,-20.3,0.398327586,0.0625934629,0.329721976,-0.85360271
778,1948736,745340,-0.748,-0.403,0.74,-128,31.4,-0.1,4.1,-15.3,-20.3,0.398266549,0.0621051668,0.332377087,-0.852656636
779,1950351,745340,-0.768,-0.414,0.74,-132.3,31.1,-0.9,4.4,-10.8,-19.2,0.398205512,0.0615253151,0.335123753,-0.851649525
780,1953229,745350,-0.776,-0.425,0.744,-135.9,30.3,-1.4,4.4,-10.8,-19.2,0.398144475,0.0609149449,0.337900937,-0.850611896
781,1956113,745350,-0.776,-0.433,0.748,-138.9,29.2,-1.9,4.4,-10.8,-19.2,0.398052919,0.0602130192,0.340739158,-0.849574267
782,1957842,745350,-0.8,-0.452,0.753,-141.4,27.6,-2.5,4.4,-10.8,-19.2,0.397991882,0.059480575,0.343607898,-0.848506119
783,1960789,745350,-0.797,-0.468,0.753,-146.7,24,-3.6,5.1,-11.9,-22.7,0.397930845,0.0586260567,0.346537675,-0.847407453
784,1964328,745360,-0.801,-0.484,0.761,-146.7,24,-3.6,5.1,-11.9,-22.7,0.397869808,0.0577715384,0.349436934,-0.846278268
785,1967100,745360,-0.805,-0.503,0.777,-149.5,22.3,-4.2,5.1,-11.9,-22.7,0.397808771,0.0568559832,0.352397229,-0.845149083
786,1968847,745360,-0.805,-0.523,0.788,-152.3,20.9,-5,5.1,-11.9,-22.7,0.397747734,0.0558793909,0.355418561,-0.84398938
787,1970269,745360,-0.805,-0.535,0.789,-154.4,19.6,-5.9,4.7,-10.2,-23,0.397656178,0.0548417615,0.358409375,-0.842799158
788,1974007,745370,-0.805,-0.543,0.804,-155.6,18.2,-6.5,4.7,-10.2,-23,0.397595141,0.0538041322,0.361461226,-0.841639454
789,1975428,745370,-0.798,-0.582,0.808,-156.1,16.8,-7,4.7,-10.2,-23,0.397503586,0.0526749474,0.364482559,-0.840418714
790,1978682,745370,-0.794,-0.598,0.812,-155.8,15.2,-7.3,4.7,-10.2,-23,0.397442549,0.0515457625,0.367473373,-0.839228492
791,1980809,745370,-0.79,-0.602,0.808,-155.2,13.8,-7.3,5.3,-8.9,-23.6,0.397350993,0.0504165777,0.370433668,-0.83803827
792,1982920,745380,-0.787,-0.61,0.796,-154.6,12.3,-7.4,5.3,-8.9,-23.6,0.397289956,0.0492263558,0.373363445,-0.83681753
793,1986163,745380,-0.787,-0.614,0.792,-154.1,10.9,-7.5,5.3,-8.9,-23.6,0.397228919,0.0480361339,0.376293222,-0.835627308
794,1988333,745380,-0.787,-0.61,0.784,-153.6,9.5,-7.7,5.3,-8.9,-23.6,0.397167882,0.0468153935,0.37919248,-0.834406568
795,1990415,745380,-0.791,-0.61,0.788,-152.7,8.1,-7.9,5.1,-8.5,-24.2,0.397106845,0.0455641346,0.382030702,-0.833216346
796,1993850,745390,-0.787,-0.606,0.796,-151.4,6.9,-8,5.1,-8.5,-24.2,0.397045808,0.0443128758,0.384868923,-0.831995605
797,1995423,745390,-0.779,-0.614,0.804,-149.4,5.9,-8.1,5.1,-8.5,-24.2,0.396954253,0.0430616169,0.387615589,-0.830805383
798,1999278,745390,-0.771,-0.618,0.815,-146.5,5,-8.3,5.1,-8.5,-24.2,0.396923734,0.0417798395,0.390331736,-0.829615162
799,2001148,745390,-0.763,-0.622,0.815,-142.9,4.2,-8.5,5.2,-9.1,-22.8,0.396862697,0.0405590991,0.392956328,-0.828485977
800,2002967,745400,-0.751,-0.634,0.834,-138.7,3.4,-8.7,5.2,-9.1,-22.8,0.39680166,0.0393383587,0.395519883,-0.827356792
801,2005299,745400,-0.747,-0.642,0.834,-134.3,2.6,-8.6,5.2,-9.1,-22.8,0.396740623,0.0381786554,0.397961364,-0.826258126
802,2007815,745400,-0.743,-0.646,0.834,-130.1,2,-8.4,5.2,-9.1,-22.8,0.396679586,0.037018952,0.400341807,-0.825189978
803,2011328,745400,-0.735,-0.635,0.83,-124.1,1.2,-7.5,5.4,-8.8,-22.7,0.396618549,0.0358897671,0.402569658,-0.824182867
804,2013479,745410,-0.739,-0.627,0.822,-124.1,1.2,-7.5,5.4,-8.8,-22.7,0.396588031,0.0347605823,0.404828028,-0.823145238
805,2015801,745410,-0.731,-0.615,0.822,-122.5,0.9,-7,5.4,-8.8,-22.7,0.396526994,0.033661916,0.407055879,-0.822138127
806,2018135,745410,-0.735,-0.603,0.814,-121.9,0.8,-6.5,5.4,-8.8,-22.7,0.396496475,0.0325632496,0.409253212,-0.821100497
807,2020550,745410,-0.727,-0.588,0.806,-122.1,0.7,-6.2,5.1,-8.2,-22.5,0.396465957,0.0314645833,0.411450545,-0.820062868
808,2023031,745420,-0.722,-0.548,0.786,-123.2,0.6,-5.7,5.1,-8.2,-22.5,0.396435438,0.0303659169,0.413647877,-0.81899472
809,2026274,745420,-0.718,-0.533,0.771,-124.9,0.5,-5,5.1,-8.2,-22.5,0.396435438,0.0292367321,0.415875729,-0.817896054
810,2028663,745420,-0.718,-0.509,0.767,-127,0.2,-4.2,5.1,-8.2,-22.5,0.396435438,0.0280770287,0.418164617,-0.816797388
811,2030784,745420,-0.705,-0.478,0.751,-129.6,0.2,-3.4,5,-7.6,-22,0.396435438,0.0269783624,0.420484024,-0.815637684
812,2033083,745430,-0.705,-0.466,0.743,-132.7,0.4,-2.4,5,-7.6,-22,0.396465957,0.025818659,0.422833949,-0.814447462
813,2035455,745430,-0.705,-0.455,0.731,-136.6,0.8,-1.4,5,-7.6,-22,0.396496475,0.0246284371,0.42527543,-0.813196203
814,2039178,745430,-0.705,-0.447,0.723,-141.4,1.4,-0.4,5,-7.6,-22,0.396557512,0.0234076968,0.427808466,-0.811883908
815,2040341,745430,-0.717,-0.431,0.716,-147.1,2.1,0.5,5.4,-6.8,-21.4,0.396618549,0.0221869564,0.430402539,-0.810480056
816,2043526,745440,-0.717,-0.431,0.712,-153.5,2.9,1.6,5.4,-6.8,-21.4,0.396710105,0.0209356975,0.433149205,-0.809015168
817,2045901,745440,-0.721,-0.435,0.704,-160.5,3.9,2.7,5.4,-6.8,-21.4,0.396771142,0.0196234016,0.436017945,-0.807489242
818,2047994,745440,-0.725,-0.442,0.692,-167.8,5,3.6,5.4,-6.8,-21.4,0.396862697,0.0183111057,0.439008759,-0.805841243
819,2051409,745440,-0.729,-0.458,0.693,-175.6,6,4.2,5.4,-5.9,-26.7,0.396954253,0.0169377728,0.442152165,-0.804101688
820,2052876,745450,-0.726,-0.474,0.689,-183.5,6.8,4.7,5.4,-5.9,-26.7,0.397045808,0.0155034028,0.445417646,-0.802301096
821,2056380,745450,-0.726,-0.49,0.689,-191.5,7.4,5,5.4,-5.9,-26.7,0.397106845,0.0140385144,0.448835719,-0.80037843
822,2058502,745450,-0.722,-0.541,0.708,-199.3,8.1,5.4,5.4,-5.9,-26.7,0.397198401,0.0125125889,0.452375866,-0.798364208
823,2060550,745450,-0.719,-0.568,0.704,-214.1,9.6,6.4,5.6,-4.5,-23.6,0.397259438,0.0108645894,0.45619068,-0.796197394
824,2063095,745460,-0.719,-0.568,0.704,-214.1,9.6,6.4,5.6,-4.5,-23.6,0.397259438,0.0108645894,0.45619068,-0.796197394
825,2066807,745460,-0.716,-0.627,0.736,-220.6,10.3,6.9,5.6,-4.5,-23.6,0.397381512,0.00759910886,0.463881344,-0.791711173
826,2068924,745460,-0.712,-0.682,0.767,-226.4,10.9,7.4,5.6,-4.5,-23.6,0.39741203,0.00589007233,0.467879269,-0.789330729
827,2071329,745460,-0.705,-0.706,0.79,-231.1,11.2,7.9,5.9,-3.6,-24.6,0.397473067,0.00415051729,0.471968749,-0.786889248
828,2073382,745470,-0.705,-0.722,0.802,-234.5,11.2,8.4,5.9,-3.6,-24.6,0.397534104,0.00241096225,0.476088748,-0.784386731
829,2075603,745470,-0.705,-0.745,0.806,-236.4,11.2,8.9,5.9,-3.6,-24.6,0.397564623,0.000640888699,0.480208747,-0.781853694
830,2078488,745470,-0.718,-0.784,0.818,-236.8,11.1,9.3,5.9,-3.6,-24.6,0.397595141,-0.00109866634,0.484359264,-0.779290139
831,2080440,745470,-0.714,-0.804,0.822,-235.8,10.9,9.4,6.2,-2.4,-25.8,0.39762566,-0.00286873989,0.488448744,-0.776696066
832,2084301,745480,-0.706,-0.832,0.834,-233.5,10.7,9.2,6.2,-2.4,-25.8,0.397656178,-0.00460829493,0.492477187,-0.774101993
833,2086577,745480,-0.703,-0.855,0.845,-229.9,10.7,9,6.2,-2.4,-25.8,0.397656178,-0.00631733146,0.496444594,-0.771568957
834,2088828,745480,-0.695,-0.891,0.857,-225,10.5,8.9,6.2,-2.4,-25.8,0.397656178,-0.00799584948,0.500320444,-0.76903592
835,2091051,745480,-0.696,-0.911,0.865,-218.9,10.4,9.1,6,-1.5,-26.9,0.397656178,-0.00961333048,0.50410474,-0.766563921
836,2093279,745490,-0.692,-0.926,0.861,-211.9,10.3,9.7,6,-1.5,-26.9,0.397656178,-0.0111697745,0.507736442,-0.76412244
837,2095536,745490,-0.688,-0.938,0.865,-204.1,10.1,10.4,6,-1.5,-26.9,0.397686697,-0.0126651814,0.511215552,-0.761772515
838,2097843,745490,-0.692,-0.946,0.873,-195.6,9.9,11.2,6,-1.5,-26.9,0.397686697,-0.0140690329,0.51454207,-0.759483627
839,2100427,745490,-0.696,-0.954,0.873,-186.4,9.9,12,6.1,-0.4,-25.9,0.397717215,-0.0153813288,0.517715995,-0.757286294
840,2102844,745500,-0.7,-0.946,0.865,-176.5,9.7,12.6,6.1,-0.4,-25.9,0.397747734,-0.0166020692,0.520737327,-0.755180517
841,2106791,745500,-0.704,-0.934,0.857,-166,9.6,13.2,6.1,-0.4,-25.9,0.397808771,-0.0177617725,0.52354503,-0.753196814
842,2109103,745500,-0.712,-0.926,0.85,-155,9.3,13.6,6.1,-0.4,-25.9,0.397869808,-0.0187994018,0.526169622,-0.751304666
843,2111377,745500,-0.711,-0.906,0.842,-132.7,8.5,14.6,6.1,0.1,-26.3,0.397930845,-0.0196234016,0.528427992,-0.749656667
844,2113620,745510,-0.707,-0.883,0.834,-132.7,8.5,14.6,6.1,0.1,-26.3,0.398022401,-0.0204779199,0.530686361,-0.747978149
845,2115841,745510,-0.711,-0.871,0.83,-121.6,8,15.1,6.1,0.1,-26.3,0.398113956,-0.0212103641,0.532731101,-0.746452223
846,2118111,745510,-0.711,-0.855,0.818,-110.7,7.4,15.6,6.1,0.1,-26.3,0.39823603,-0.0218512528,0.534623249,-0.745017853
847,2120338,745510,-0.711,-0.836,0.81,-99.8,6.7,16.2,6.2,0.5,-26.3,0.398388623,-0.022461623,0.536301767,-0.743705557
848,2122807,745520,-0.714,-0.812,0.787,-89.1,6.1,16.8,6.2,0.5,-26.3,0.398541215,-0.0229194006,0.537827692,-0.742515336
849,2126301,745520,-0.714,-0.792,0.787,-78.3,5.4,17.4,6.2,0.5,-26.3,0.398724326,-0.0233161412,0.539139988,-0.741447188
850,2127744,745520,-0.71,-0.773,0.783,-67.7,4.9,17.9,6.2,0.5,-26.3,0.398907437,-0.0236213263,0.540299692,-0.740501114
851,2130245,745520,-0.706,-0.761,0.779,-57.5,4.3,18.2,6.2,1,-26.2,0.399121067,-0.0238044374,0.541276284,-0.739677114
852,2134139,745530,-0.701,-0.726,0.767,-47.8,3.8,18.4,6.2,1,-26.2,0.399334696,-0.0239265114,0.542069765,-0.73894467
853,2135629,745530,-0.697,-0.71,0.763,-39,3.2,18.6,6.2,1,-26.2,0.399578845,-0.0240485855,0.542741173,-0.7383343
854,2137901,745530,-0.705,-0.698,0.759,-31,2.7,18.9,6.2,1,-26.2,0.399853511,-0.0240485855,0.543290506,-0.737784967
855,2140279,745530,-0.705,-0.686,0.759,-23.8,2.2,19.4,6.2,1.3,-26.2,0.400128178,-0.0239875484,0.543687246,-0.737357707
856,2143162,745540,-0.696,-0.663,0.751,-17.4,1.7,19.9,6.2,1.3,-26.2,0.400402844,-0.0238654744,0.543992431,-0.736960967
857,2145357,745540,-0.7,-0.655,0.743,-11.4,1.3,20.4,6.2,1.3,-26.2,0.400708029,-0.0236823634,0.544206061,-0.736655782
858,2148487,745540,-0.696,-0.647,0.747,-5.8,1,20.8,6.2,1.3,-26.2,0.401043733,-0.0234992523,0.544328135,-0.736411634
859,2150667,745540,-0.684,-0.644,0.747,-0.4,0.7,21.1,5.5,1.5,-26.1,0.401379437,-0.0231940672,0.544328135,-0.736198004
860,2153625,745550,-0.68,-0.636,0.743,4.4,0.4,21.4,5.5,1.5,-26.1,0.40171514,-0.0229194006,0.544297617,-0.73607593
861,2155281,745550,-0.668,-0.632,0.746,8.8,0,21.7,5.5,1.5,-26.1,0.402050844,-0.022583697,0.544145024,-0.735984375
862,2158840,745550,-0.66,-0.629,0.754,12.7,-0.6,21.9,5.5,1.5,-26.1,0.402417066,-0.0222174749,0.543931394,-0.735953856
863,2160414,745550,-0.644,-0.625,0.757,20.3,-2,22.3,7.7,1.6,-26.2,0.402813807,-0.0218207343,0.543626209,-0.735984375
864,2163214,745560,-0.636,-0.617,0.753,20.3,-2,22.3,7.7,1.6,-26.2,0.403210547,-0.0214239937,0.543290506,-0.736045412
865,2165513,745560,-0.636,-0.617,0.761,24,-2.6,22.6,7.7,1.6,-26.2,0.403637806,-0.020966216,0.542893765,-0.736106449
866,2167839,745560,-0.62,-0.626,0.776,27.6,-3.1,22.9,7.7,1.6,-26.2,0.404034547,-0.0205084384,0.542435987,-0.736228523
867,2170343,745560,-0.608,-0.63,0.76,30.8,-3.3,23.3,7,1.6,-26,0.404461806,-0.0200201422,0.541917173,-0.736411634
868,2173193,745570,-0.604,-0.626,0.768,33.8,-3.5,23.8,7,1.6,-26,0.404919584,-0.0195013276,0.541337321,-0.736594745
869,2175454,745570,-0.596,-0.63,0.768,36.6,-3.8,24.6,7,1.6,-26,0.405377361,-0.0189214759,0.540726951,-0.736808374
870,2178519,745570,-0.585,-0.626,0.767,39.4,-4.1,25.4,7,1.6,-26,0.405835139,-0.0183111057,0.540086062,-0.737052522
871,2180672,745570,-0.58,-0.622,0.779,41.8,-4.6,26,7.1,1,-25.9,0.406323435,-0.0177617725,0.539384136,-0.73729667
872,2182952,745580,-0.581,-0.623,0.767,44,-5.1,26.3,7.1,1,-25.9,0.40684225,-0.0170903653,0.538621174,-0.737571337
873,2185900,745580,-0.584,-0.615,0.775,45.7,-5.5,26.6,7.1,1,-25.9,0.407330546,-0.0164799951,0.537858211,-0.737876522
874,2188910,745580,-0.58,-0.607,0.775,47.2,-5.9,26.7,7.1,1,-25.9,0.407849361,-0.0158696249,0.537034211,-0.738181707
875,2190443,745580,-0.572,-0.607,0.767,48.6,-6.1,27,7.2,1.1,-25.9,0.408368175,-0.0151982177,0.536210211,-0.738517411
876,2193404,745590,-0.568,-0.599,0.767,50.1,-6.1,27.2,7.2,1.1,-25.9,0.408917508,-0.014557329,0.535355693,-0.738853114
877,2196403,745590,-0.564,-0.599,0.759,51.6,-6.3,27.3,7.2,1.1,-25.9,0.409436323,-0.0138554033,0.534470656,-0.739219337
878,2197831,745590,-0.548,-0.592,0.751,53.2,-6.5,27.3,7.2,1.1,-25.9,0.409985656,-0.0131839961,0.53358562,-0.739585559
879,2200758,745590,-0.541,-0.6,0.75,54.8,-6.9,27.4,5,0.1,-26,0.410504471,-0.0124820704,0.532639546,-0.739982299
880,2204440,745600,-0.529,-0.6,0.758,56.5,-7.4,27.5,5,0.1,-26,0.411053804,-0.0117801447,0.531662954,-0.74037904
881,2205814,745600,-0.521,-0.6,0.754,58.3,-7.7,27.8,5,0.1,-26,0.411603137,-0.0110477004,0.530655843,-0.740806299
882,2209028,745600,-0.509,-0.605,0.75,59.9,-7.9,28.3,5,0.1,-26,0.412182989,-0.0103152562,0.529618213,-0.741264077
883,2210875,745600,-0.513,-0.601,0.734,61.1,-7.6,29.5,7.1,0,-26,0.41358684,-0.00875881222,0.527207251,-0.74221015
884,2214000,745610,-0.517,-0.604,0.734,61.1,-7.6,29.5,7.1,0,-26,0.414166692,-0.00799584948,0.526139103,-0.74263741
885,2215507,745610,-0.517,-0.604,0.73,60.8,-7.2,30.1,7.1,0,-26,0.414746544,-0.00723288675,0.525101474,-0.743064669
886,2218313,745610,-0.513,-0.608,0.722,60.2,-6.8,30.5,7.1,0,-26,0.415326395,-0.0064394055,0.524063845,-0.743491928
887,2220546,745610,-0.509,-0.62,0.726,59.4,-6.3,30.7,7,-0.5,-25.9,0.415906247,-0.00564592425,0.523026215,-0.743888668
888,2224529,745620,-0.505,-0.624,0.714,58.6,-6,30.7,7,-0.5,-25.9,0.416486099,-0.00488296152,0.522049623,-0.744285409
889,2225294,745620,-0.506,-0.636,0.714,57.9,-5.8,31,7,-0.5,-25.9,0.41706595,-0.00408948027,0.521042512,-0.744651631
890,2229657,745620,-0.498,-0.656,0.714,57.3,-5.5,31.3,7,-0.5,-25.9,0.417645802,-0.00329599902,0.52006592,-0.745017853
891,2231550,745620,-0.49,-0.664,0.71,56.5,-5.1,31.7,6.6,-0.4,-25.5,0.418225654,-0.00250251778,0.519089328,-0.745384075
892,2233713,745630,-0.49,-0.66,0.702,55.6,-4.6,32.1,6.6,-0.4,-25.5,0.418774987,-0.00170903653,0.518143254,-0.745719779
893,2235933,745630,-0.494,-0.66,0.695,54.4,-4.2,32.3,6.6,-0.4,-25.5,0.419354839,-0.000915555284,0.517227699,-0.746024964
894,2238129,745630,-0.494,-0.664,0.695,53,-3.8,32.4,6.6,-0.4,-25.5,0.41993469,-0.000122074038,0.516342662,-0.746330149
895,2240485,745630,-0.502,-0.656,0.691,51.2,-3.2,32.3,6.5,-0.6,-26.1,0.420514542,0.000640888699,0.515457625,-0.746604816
896,2243005,745640,-0.498,-0.652,0.679,49.3,-2.8,32.2,6.5,-0.6,-26.1,0.421063875,0.00140385144,0.514633625,-0.746879482
897,2245373,745640,-0.498,-0.64,0.679,47.2,-2.3,32,6.5,-0.6,-26.1,0.421613208,0.00216681417,0.513840144,-0.747062593
898,2249350,745640,-0.498,-0.644,0.671,45.3,-1.9,31.8,6.5,-0.6,-26.1,0.422132023,0.0028992584,0.513077181,-0.747306742
899,2251009,745640,-0.494,-0.64,0.671,43.5,-1.4,31.7,6.7,-1.2,-25.7,0.422681356,0.00363170263,0.512344737,-0.747520371
900,2252970,745650,-0.49,-0.644,0.659,42.1,-1,31.8,6.7,-1.2,-25.7,0.423200171,0.00436414686,0.511642811,-0.747672964
901,2256987,745650,-0.486,-0.648,0.655,41,-0.6,31.8,6.7,-1.2,-25.7,0.423718986,0.00506607257,0.510971404,-0.747856075
902,2259435,745650,-0.478,-0.656,0.659,39.9,-0.3,31.7,6.7,-1.2,-25.7,0.4242378,0.0057985168,0.510330515,-0.748008667
903,2261359,745650,-0.467,-0.672,0.651,37.9,0.4,31.2,5,-1.8,-25.4,0.425489059,0.00714133122,0.508316294,-0.748649556
904,2263013,745660,-0.467,-0.684,0.647,37.9,0.4,31.2,5,-1.8,-25.4,0.425977355,0.00787377544,0.507705924,-0.74877163
905,2265517,745660,-0.463,-0.692,0.639,36.8,0.9,30.9,5,-1.8,-25.4,0.426465651,0.00857570116,0.507095553,-0.748893704
906,2267818,745660,-0.455,-0.704,0.643,35.8,1.4,30.6,5,-1.8,-25.4,0.426953948,0.00924710837,0.506515702,-0.749015778
907,2271348,745660,-0.452,-0.712,0.643,34.7,2,30.4,3.9,-1.6,-25.7,0.427411725,0.00994903409,0.505966369,-0.749107334
908,2273026,745670,-0.448,-0.732,0.631,33.7,2.5,30.2,3.9,-1.6,-25.7,0.427869503,0.0106509598,0.505447554,-0.749198889
909,2275351,745670,-0.444,-0.736,0.635,32.9,2.9,30.1,3.9,-1.6,-25.7,0.42832728,0.011322367,0.504928739,-0.749259926
910,2278172,745670,-0.44,-0.74,0.631,32.3,3.4,30,3.9,-1.6,-25.7,0.428785058,0.0120242927,0.504409925,-0.749351482
911,2281801,745670,-0.44,-0.744,0.631,31.8,4.1,30,2.9,-2,-25.5,0.429212317,0.0127262185,0.503921628,-0.749412519
912,2283707,745680,-0.444,-0.748,0.619,31.4,4.9,29.8,2.9,-2,-25.5,0.429639576,0.0134281442,0.503433332,-0.749473556
913,2285687,745680,-0.444,-0.748,0.615,31.1,5.6,29.7,2.9,-2,-25.5,0.430066836,0.0141300699,0.502975555,-0.749534593
914,2287777,745680,-0.44,-0.744,0.615,30.8,6.3,29.4,2.9,-2,-25.5,0.430463576,0.0148625141,0.502517777,-0.74959563
915,2290964,745680,-0.44,-0.736,0.611,30.8,6.9,29.2,3.3,-2.1,-25.3,0.430860317,0.0155644398,0.502059999,-0.749656667
916,2293284,745690,-0.44,-0.728,0.604,30.9,7.4,29,3.3,-2.1,-25.3,0.431226539,0.0162968841,0.50163274,-0.749717704
917,2295429,745690,-0.44,-0.728,0.596,31.4,8,28.9,3.3,-2.1,-25.3,0.431592761,0.0170598468,0.501174963,-0.749809259
918,2298436,745690,-0.44,-0.724,0.596,32,8.4,28.7,3.3,-2.1,-25.3,0.431958983,0.017792291,0.500717185,-0.749870296
919,2301608,745690,-0.436,-0.728,0.584,32.7,8.9,28.6,6.5,-3.7,-25.8,0.432325205,0.0185552538,0.500259407,-0.749961852
920,2302960,745700,-0.432,-0.728,0.58,33.6,9.3,28.4,6.5,-3.7,-25.8,0.432691427,0.019348735,0.49980163,-0.750053407
921,2306072,745700,-0.432,-0.736,0.584,34.3,9.8,28.1,6.5,-3.7,-25.8,0.433027131,0.0201422163,0.499313334,-0.750144963
922,2308302,745700,-0.421,-0.74,0.576,35,10.3,27.8,6.5,-3.7,-25.8,0.433362835,0.0209356975,0.498825037,-0.750267037
923,2310808,745700,-0.417,-0.744,0.572,36.4,11.3,27,4.4,-0.7,-25.3,0.433729057,0.0214850307,0.497665334,-0.75081637
924,2313210,745710,-0.413,-0.748,0.568,36.4,11.3,27,4.4,-0.7,-25.3,0.434034242,0.0223395489,0.497146519,-0.750938444
925,2315500,745710,-0.413,-0.752,0.564,36.8,11.8,26.5,4.4,-0.7,-25.3,0.434308908,0.0231635487,0.496658223,-0.751091037
926,2318102,745710,-0.417,-0.756,0.552,37,12.3,26.1,4.4,-0.7,-25.3,0.434583575,0.0239875484,0.496139409,-0.751213111
927,2320390,745710,-0.413,-0.748,0.548,37,12.9,25.7,5.4,-0.7,-25.4,0.434858242,0.0248420667,0.495651112,-0.751365703
928,2324446,745720,-0.413,-0.752,0.533,36.8,13.4,25.2,5.4,-0.7,-25.4,0.43510239,0.025635548,0.495162816,-0.751518296
929,2326703,745720,-0.413,-0.741,0.54,36.4,13.9,24.9,5.4,-0.7,-25.4,0.435346538,0.0264900662,0.49467452,-0.751670888
930,2328894,745720,-0.417,-0.729,0.517,36.1,14.3,24.4,5.4,-0.7,-25.4,0.435560167,0.0273445845,0.494216742,-0.751823481
931,2330483,745720,-0.421,-0.721,0.509,35.9,14.9,24.1,6.3,-0.9,-25.6,0.435773797,0.0281991028,0.493758965,-0.751976073
932,2334680,745730,-0.417,-0.717,0.509,35.6,15.5,23.6,6.3,-0.9,-25.6,0.435987426,0.029053621,0.493301187,-0.752128666
933,2337088,745730,-0.421,-0.713,0.505,35.3,16.2,23.3,6.3,-0.9,-25.6,0.436170537,0.0299081393,0.49284341,-0.752281259
934,2339141,745730,-0.412,-0.701,0.497,34.9,16.6,23,6.3,-0.9,-25.6,0.436353648,0.0307626576,0.49241615,-0.752403333
935,2340884,745730,-0.416,-0.697,0.493,34.5,17.1,22.7,6.2,-1.4,-25.6,0.436506241,0.0316171758,0.49201941,-0.752555925
936,2343022,745740,-0.409,-0.698,0.489,34.1,17.4,22.3,6.2,-1.4,-25.6,0.436658834,0.0324716941,0.491592151,-0.752708518
937,2345305,745740,-0.412,-0.69,0.489,33.7,17.8,21.8,6.2,-1.4,-25.6,0.436811426,0.0333262123,0.49119541,-0.752830592
938,2348690,745740,-0.412,-0.69,0.482,33.3,18.3,21.3,6.2,-1.4,-25.6,0.4369335,0.0341807306,0.490798669,-0.752983184
939,2350591,745740,-0.412,-0.682,0.478,32.6,18.7,20.6,6,-3.1,-25.3,0.437055574,0.0350047304,0.490432447,-0.753105258
940,2354173,745750,-0.412,-0.678,0.482,31.7,19.3,19.9,6,-3.1,-25.3,0.43714713,0.0358592486,0.490066225,-0.753257851
941,2355686,745750,-0.412,-0.678,0.474,30.6,19.6,19.2,6,-3.1,-25.3,0.437238685,0.0366527299,0.48976104,-0.753379925
942,2358018,745750,-0.416,-0.662,0.474,29.4,20,18.7,6,-3.1,-25.3,0.437299722,0.0374767296,0.489455855,-0.753501999
943,2361566,745750,-0.416,-0.654,0.466,26.8,20.5,17.6,6.4,-3,-25.1,0.437269204,0.0381176183,0.489181188,-0.753654592
944,2363577,745760,-0.416,-0.654,0.466,26.8,20.5,17.6,6.4,-3,-25.1,0.437330241,0.0389110996,0.48893704,-0.753746147
945,2365777,745760,-0.42,-0.65,0.466,25.8,20.9,16.9,6.4,-3,-25.1,0.437360759,0.0396740623,0.488692892,-0.753837703
946,2367812,745760,-0.416,-0.654,0.458,25,21.4,16.1,6.4,-3,-25.1,0.437360759,0.0404370251,0.488448744,-0.753929258
947,2370765,745760,-0.416,-0.65,0.462,24,21.9,15.4,6.1,-3.2,-25.3,0.437360759,0.0411999878,0.488265633,-0.754020814
948,2373928,745770,-0.42,-0.65,0.458,23.1,22.2,14.6,6.1,-3.2,-25.3,0.437360759,0.041932432,0.488082522,-0.754112369
949,2375378,745770,-0.42,-0.654,0.447,22,22.4,13.8,6.1,-3.2,-25.3,0.437330241,0.0426648762,0.48792993,-0.754203925
950,2379240,745770,-0.42,-0.65,0.45,21,22.5,12.9,6.1,-3.2,-25.3,0.437269204,0.043366802,0.487777337,-0.754264962
951,2380842,745770,-0.42,-0.658,0.454,19.9,22.6,12,6.1,-3.7,-25.1,0.437208167,0.0440687277,0.487655263,-0.754356517
952,2382892,745780,-0.42,-0.658,0.447,18.8,22.7,11.1,6.1,-3.7,-25.1,0.43714713,0.0447096164,0.487563707,-0.754417554
953,2385828,745780,-0.42,-0.666,0.458,17.8,22.7,10.2,6.1,-3.7,-25.1,0.437055574,0.0453810236,0.487472152,-0.754478591
954,2387970,745780,-0.42,-0.662,0.454,17.1,22.8,9.4,6.1,-3.7,-25.1,0.4369335,0.0460219123,0.487380596,-0.754570147
955,2391229,745780,-0.424,-0.662,0.447,16.5,22.9,8.7,6.1,-5.3,-25.1,0.436811426,0.046662801,0.487319559,-0.754631184
956,2392888,745790,-0.424,-0.666,0.447,16,23,8.1,6.1,-5.3,-25.1,0.436689352,0.0472731712,0.487258522,-0.754692221
957,2396296,745790,-0.424,-0.662,0.451,15.6,23.3,7.5,6.1,-5.3,-25.1,0.436567278,0.0478835414,0.487228004,-0.754783776
958,2397824,745790,-0.436,-0.662,0.447,15.2,23.5,6.9,6.1,-5.3,-25.1,0.436414686,0.0484939116,0.487197485,-0.754844813
959,2401273,745790,-0.432,-0.662,0.443,14.7,23.4,6.3,6.3,-1.6,-24.1,0.436231574,0.0491042817,0.487166967,-0.754875332
960,2402936,745800,-0.444,-0.661,0.443,14.2,23.3,5.7,6.3,-1.6,-24.1,0.436078982,0.0496841334,0.487136448,-0.754997406
961,2405855,745800,-0.444,-0.661,0.443,13.6,23.3,4.9,6.3,-1.6,-24.1,0.435895871,0.0502334666,0.487136448,-0.755058443
962,2407945,745800,-0.444,-0.665,0.443,13,23.2,4.2,6.3,-1.6,-24.1,0.43571276,0.0507827998,0.487136448,-0.75511948
963,2410535,745800,-0.444,-0.665,0.443,13,23.2,4.2,6.3,-1.6,-24.1,0.43571276,0.0507827998,0.487136448,-0.75511948
964,2414327,745810,-0.456,-0.657,0.448,11.9,23.2,3.1,6.2,-4.9,-25.5,0.434980316,0.051515244,0.487655263,-0.755180517
965,2416351,745810,-0.46,-0.661,0.448,11.6,23.2,2.6,6.2,-4.9,-25.5,0.434736167,0.0520340587,0.487685781,-0.755241554
966,2417962,745810,-0.464,-0.653,0.444,11.4,23,2.1,6.2,-4.9,-25.5,0.434522538,0.0525223548,0.4877163,-0.755302591
967,2421487,745810,-0.464,-0.661,0.444,11.2,22.8,1.7,6.6,-4.8,-25.8,0.434308908,0.053010651,0.487746818,-0.755394147
968,2423036,745820,-0.468,-0.657,0.452,11,22.6,1.3,6.6,-4.8,-25.8,0.43406476,0.0534989471,0.487777337,-0.755485702
969,2426533,745820,-0.476,-0.653,0.452,10.7,22.4,0.8,6.6,-4.8,-25.8,0.433820612,0.0539872433,0.487807855,-0.755546739
970,2428718,745820,-0.476,-0.657,0.452,10.5,22.3,0.4,6.6,-4.8,-25.8,0.433576464,0.0544755394,0.487838374,-0.755638295
971,2430537,745820,-0.483,-0.653,0.444,10.2,22.1,0,6.5,-4,-25.6,0.433332316,0.0549333171,0.487899411,-0.75572985
972,2434170,745830,-0.487,-0.657,0.448,9.9,21.8,-0.3,6.5,-4,-25.6,0.433088168,0.0553910947,0.48792993,-0.755790887
973,2436356,745830,-0.491,-0.653,0.445,9.5,21.5,-0.6,6.5,-4,-25.6,0.43284402,0.0558488723,0.487990967,-0.755882443
974,2438225,745830,-0.495,-0.649,0.441,9.1,21.2,-0.8,6.5,-4,-25.6,0.432599872,0.0562761315,0.488021485,-0.755973998
975,2440371,745830,-0.495,-0.652,0.445,8.7,20.8,-1.1,7.1,-3.8,-25.5,0.432325205,0.0566728721,0.488082522,-0.756035035
976,2442990,745840,-0.495,-0.656,0.452,8.3,20.4,-1.3,7.1,-3.8,-25.5,0.432081057,0.0570696127,0.488143559,-0.756126591
977,2446265,745840,-0.499,-0.66,0.445,8,20.1,-1.5,7.1,-3.8,-25.5,0.431836909,0.0574663533,0.488204596,-0.756187628
978,2448212,745840,-0.5,-0.664,0.445,7.9,19.8,-1.7,7.1,-3.8,-25.5,0.431592761,0.057863094,0.488265633,-0.756279183
979,2450379,745840,-0.508,-0.672,0.441,7.6,19.6,-1.9,6.8,-3.8,-23.8,0.431318094,0.0582293161,0.48832667,-0.75634022
980,2452811,745850,-0.512,-0.672,0.441,7.1,19.4,-2,6.8,-3.8,-23.8,0.431073946,0.0585955382,0.488387707,-0.756401257
981,2455866,745850,-0.516,-0.676,0.441,6.6,19.1,-2.3,6.8,-3.8,-23.8,0.430829798,0.0589617603,0.488448744,-0.756492813
982,2458265,745850,-0.527,-0.667,0.442,5.8,18.7,-2.5,6.8,-3.8,-23.8,0.43058565,0.0592974639,0.4885403,-0.75655385
983,2460455,745850,-0.527,-0.667,0.442,5.8,18.7,-2.5,6.8,-3.8,-23.8,0.43058565,0.0592974639,0.4885403,-0.75655385
984,2463542,745860,-0.524,-0.675,0.445,3.9,17.7,-3.1,6.7,-4.3,-25.5,0.430005799,0.0600604266,0.489211707,-0.756370739
985,2465812,745860,-0.523,-0.671,0.442,3,17.3,-3.5,6.7,-4.3,-25.5,0.42976165,0.0603350932,0.489333781,-0.756431776
986,2467847,745860,-0.531,-0.679,0.454,2.4,16.8,-3.8,6.7,-4.3,-25.5,0.429517502,0.0605792413,0.489455855,-0.756462294
987,2471318,745860,-0.527,-0.675,0.457,1.9,16.1,-4,6.7,-4,-25.3,0.429273354,0.0608233894,0.489577929,-0.756492813
988,2473191,745870,-0.527,-0.679,0.457,1.5,15.5,-4,6.7,-4,-25.3,0.429059725,0.0610675375,0.489700003,-0.756523331
989,2476190,745870,-0.523,-0.675,0.461,1,14.9,-4,6.7,-4,-25.3,0.428815577,0.061281167,0.489822077,-0.75655385
990,2478228,745870,-0.527,-0.679,0.465,0.6,14.5,-4,6.7,-4,-25.3,0.428601947,0.0614947966,0.489944151,-0.756584368
991,2481486,745870,-0.531,-0.679,0.465,-0.1,14,-4.2,7,-3.6,-25.3,0.428388318,0.0616779077,0.490096744,-0.756614887
992,2483854,745880,-0.535,-0.683,0.469,-0.9,13.5,-4.3,7,-3.6,-25.3,0.428174688,0.0617999817,0.490249336,-0.756614887
993,2485418,745880,-0.531,-0.683,0.461,-1.8,13,-4.4,7,-3.6,-25.3,0.427961058,0.0619830927,0.490401929,-0.756614887
994,2489368,745880,-0.543,-0.687,0.466,-2.6,12.5,-4.5,7,-3.6,-25.3,0.427747429,0.0621356853,0.490554521,-0.756614887
995,2491019,745880,-0.539,-0.683,0.465,-3.2,11.9,-4.5,7.1,-3.7,-25.3,0.427564318,0.0622272408,0.490707114,-0.756614887
996,2493139,745890,-0.543,-0.687,0.469,-3.7,11.4,-4.5,7.1,-3.7,-25.3,0.427350688,0.0623493149,0.490920743,-0.756584368
997,2495338,745890,-0.548,-0.694,0.466,-4.2,10.9,-4.3,7.1,-3.7,-25.3,0.427167577,0.0624408704,0.491103854,-0.756584368
998,2498070,745890,-0.551,-0.694,0.466,-4.5,10.4,-4.1,7.1,-3.7,-25.3,0.426984466,0.0625324259,0.491256447,-0.75655385
999,2501492,745890,-0.551,-0.694,0.474,-4.8,9.7,-3.9,7.3,-3.7,-26.3,0.426831874,0.0625934629,0.491439558,-0.756523331
1000,2503519,745900,-0.551,-0.69,0.474,-5,9.2,-3.7,7.3,-3.7,-26.3,0.426679281,0.0626545,0.491622669,-0.756492813
1001,2505769,745900,-0.551,-0.694,0.474,-5.2,8.6,-3.5,7.3,-3.7,-26.3,0.426526688,0.062715537,0.49180578,-0.756462294
1002,2508060,745900,-0.551,-0.698,0.478,-5.4,8,-3.3,7.3,-3.7,-26.3,0.426404614,0.062776574,0.491958373,-0.756401257
1003,2511222,745900,-0.551,-0.698,0.478,-5.4,8,-3.3,7.3,-3.7,-26.3,0.426404614,0.062776574,0.491958373,-0.756401257
1004,2512946,745910,-0.559,-0.69,0.478,-6,6.8,-3,7,-3.6,-24.6,0.426190985,0.0630512406,0.492538224,-0.756126591
1005,2516345,745910,-0.563,-0.69,0.478,-6.3,6.2,-3,7,-3.6,-24.6,0.426068911,0.0630512406,0.492660298,-0.756096072
1006,2518072,745910,-0.567,-0.694,0.478,-6.6,5.5,-2.9,7,-3.6,-24.6,0.425977355,0.0630512406,0.492873928,-0.756035035
1007,2521569,745910,-0.563,-0.686,0.482,-6.9,4.9,-2.7,7.5,-3.7,-23.6,0.4258858,0.0630512406,0.493026521,-0.755973998
1008,2523174,745920,-0.563,-0.69,0.486,-7.2,4.2,-2.5,7.5,-3.7,-23.6,0.425824763,0.0630207221,0.493209632,-0.755912961
1009,2525349,745920,-0.563,-0.69,0.486,-7.3,3.5,-2.4,7.5,-3.7,-23.6,0.425763726,0.0629902036,0.493362224,-0.755851924
1010,2528026,745920,-0.559,-0.69,0.489,-7.3,2.8,-2.1,7.5,-3.7,-23.6,0.425702689,0.0629291665,0.493514817,-0.755790887
1011,2531313,745920,-0.567,-0.694,0.486,-7.2,2.1,-1.7,7.5,-3.4,-23.1,0.425641652,0.0628681295,0.493636891,-0.75572985
1012,2533624,745930,-0.563,-0.69,0.49,-7.2,1.6,-1.3,7.5,-3.4,-23.1,0.425611133,0.062837611,0.493789483,-0.755668813
1013,2535927,745930,-0.563,-0.694,0.486,-7,0.9,-0.9,7.5,-3.4,-23.1,0.425611133,0.062776574,0.493911557,-0.755607776
1014,2538089,745930,-0.567,-0.69,0.49,-7,0.2,-0.7,7.5,-3.4,-23.1,0.425611133,0.0626850185,0.494033631,-0.755516221
1015,2540481,745930,-0.563,-0.694,0.49,-6.9,-0.4,-0.4,7.4,-3.2,-22.9,0.425611133,0.0625934629,0.494125187,-0.755455184
1016,2543013,745940,-0.567,-0.694,0.494,-6.9,-1,-0.1,7.4,-3.2,-22.9,0.425611133,0.0625324259,0.494247261,-0.755394147
1017,2546360,745940,-0.567,-0.698,0.494,-6.8,-1.6,0.1,7.4,-3.2,-22.9,0.425641652,0.0624408704,0.494338816,-0.755302591
1018,2548022,745940,-0.571,-0.694,0.494,-6.6,-2.3,0.4,7.4,-3.2,-22.9,0.425702689,0.0623493149,0.494430372,-0.755241554
1019,2551502,745940,-0.571,-0.694,0.501,-6.2,-3,0.9,7.3,-3.6,-26,0.425763726,0.0622577593,0.494491409,-0.755149998
1020,2553137,745950,-0.571,-0.694,0.501,-5.8,-3.6,1.3,7.3,-3.6,-26,0.425824763,0.0621662038,0.494552446,-0.755088961
1021,2555823,745950,-0.575,-0.694,0.494,-5.4,-4.2,1.8,7.3,-3.6,-26,0.425916318,0.0620441298,0.494613483,-0.755027924
1022,2558023,745950,-0.575,-0.69,0.49,-5,-4.8,2.3,7.3,-3.6,-26,0.426007874,0.0619525742,0.494613483,-0.754966887
1023,2560441,745950,-0.575,-0.69,0.49,-5,-4.8,2.3,7.3,-3.6,-26,0.426007874,0.0619525742,0.494613483,-0.754966887
1024,2563282,745960,-0.571,-0.69,0.49,-4.1,-6.1,3,7.3,-3.8,-23.9,0.426465651,0.0623493149,0.494827113,-0.754539628
1025,2565525,745960,-0.575,-0.682,0.498,-3.5,-6.7,3.2,7.3,-3.8,-23.9,0.426587725,0.0622272408,0.494827113,-0.754478591
1026,2567772,745960,-0.567,-0.686,0.497,-2.9,-7.4,3.4,7.3,-3.8,-23.9,0.426740318,0.0621051668,0.494796594,-0.754417554
1027,2571195,745960,-0.571,-0.686,0.494,-2.2,-8.1,3.7,7,-3.7,-25.1,0.426892911,0.0620136113,0.494766076,-0.754387036
1028,2573299,745970,-0.563,-0.69,0.509,-1.4,-8.7,4,7,-3.7,-25.1,0.427045503,0.0618915372,0.494705039,-0.754325999
1029,2575430,745970,-0.559,-0.686,0.509,-0.5,-9.3,4.3,7,-3.7,-25.1,0.427228614,0.0617694632,0.494613483,-0.75429548
1030,2578403,745970,-0.555,-0.694,0.513,0.3,-9.8,4.8,7,-3.7,-25.1,0.427411725,0.0616779077,0.494521928,-0.754264962
1031,2580672,745970,-0.559,-0.694,0.513,1,-10.2,5.2,7.1,-3.7,-25.7,0.427594836,0.0615558336,0.494399854,-0.754234443
1032,2583139,745980,-0.555,-0.694,0.513,1.7,-10.6,5.7,7.1,-3.7,-25.7,0.427808466,0.0614642781,0.494247261,-0.754234443
1033,2585761,745980,-0.551,-0.694,0.513,2.2,-10.9,6,7.1,-3.7,-25.7,0.428022095,0.0613727226,0.494094668,-0.754203925
1034,2589460,745980,-0.559,-0.694,0.521,2.7,-11.4,6.3,7.1,-3.7,-25.7,0.428205206,0.061281167,0.493942076,-0.754203925
1035,2591818,745980,-0.555,-0.686,0.517,3,-11.8,6.6,7.5,-3.9,-26,0.428479873,0.0611896115,0.493789483,-0.754173406
1036,2594175,745990,-0.555,-0.686,0.517,3.3,-12.3,7,7.5,-3.9,-26,0.428724021,0.0610675375,0.493606372,-0.754173406
1037,2596339,745990,-0.555,-0.686,0.517,3.4,-12.7,7.4,7.5,-3.9,-26,0.428998688,0.0610065004,0.493423261,-0.754142888
1038,2598790,745990,-0.551,-0.679,0.517,3.6,-13,7.7,7.5,-3.9,-26,0.429242836,0.0608844264,0.493209632,-0.754142888
1039,2601000,745990,-0.555,-0.678,0.513,3.8,-13.4,8.1,6.9,-3.5,-24.8,0.429517502,0.0607928709,0.493026521,-0.754112369
1040,2603186,746000,-0.551,-0.679,0.52,4,-13.7,8.5,6.9,-3.5,-24.8,0.429792169,0.0607013153,0.492812891,-0.754112369
1041,2606518,746000,-0.551,-0.675,0.517,4.2,-14,8.8,6.9,-3.5,-24.8,0.430097354,0.0605792413,0.492599261,-0.754081851
1042,2608686,746000,-0.551,-0.679,0.517,4.5,-14.3,9.3,6.9,-3.5,-24.8,0.430402539,0.0605182043,0.492385632,-0.754051332
1043,2610940,746000,-0.551,-0.679,0.517,4.5,-14.3,9.3,6.9,-3.5,-24.8,0.430402539,0.0605182043,0.492385632,-0.754051332
1044,2613277,746010,-0.543,-0.675,0.52,4.9,-14.8,10.1,7,-4.2,-24.8,0.431348613,0.0609454634,0.491775262,-0.753868221
1045,2616515,746010,-0.543,-0.679,0.524,5,-15,10.2,7,-4.2,-24.8,0.431684317,0.0608233894,0.491561632,-0.753837703
1046,2618598,746010,-0.543,-0.687,0.524,5.1,-15.1,10.3,7,-4.2,-24.8,0.431989502,0.0607623524,0.491317484,-0.753837703
1047,2620774,746010,-0.543,-0.683,0.528,5.1,-15.3,10.3,7.3,-3.7,-24.9,0.432325205,0.0606707968,0.491073336,-0.753807184
1048,2623167,746020,-0.547,-0.683,0.524,5,-15.3,10.3,7.3,-3.7,-24.9,0.432660909,0.0605792413,0.490829188,-0.753776666
1049,2626272,746020,-0.547,-0.679,0.52,4.8,-15.4,10.3,7.3,-3.7,-24.9,0.432996612,0.0604571673,0.49058504,-0.753746147
1050,2628430,746020,-0.551,-0.679,0.524,4.8,-15.6,10.4,7.3,-3.7,-24.9,0.433301798,0.0603350932,0.490340892,-0.753715629
1051,2630497,746020,-0.551,-0.679,0.517,4.7,-15.7,10.7,7,-4,-25.1,0.43366802,0.0602740562,0.490096744,-0.75368511
1052,2632867,746030,-0.547,-0.675,0.516,4.9,-15.9,11,7,-4,-25.1,0.434003723,0.0601825007,0.489852596,-0.753654592
1053,2635444,746030,-0.547,-0.675,0.524,5,-16.1,11.1,7,-4,-25.1,0.434339427,0.0600604266,0.489608448,-0.753624073
1054,2638751,746030,-0.547,-0.675,0.524,5.2,-16.2,11.1,7,-4,-25.1,0.434705649,0.0599688711,0.489333781,-0.753593554
1055,2640241,746030,-0.547,-0.671,0.524,5.3,-16.2,11.1,7.2,-3.9,-24.7,0.435041353,0.0598467971,0.489089633,-0.753593554
1056,2643026,746040,-0.539,-0.671,0.524,5.5,-16.4,11.2,7.2,-3.9,-24.7,0.435407575,0.0597857601,0.488814966,-0.753563036
1057,2645749,746040,-0.543,-0.675,0.528,5.6,-16.6,11.4,7.2,-3.9,-24.7,0.435773797,0.0596942045,0.488570818,-0.753532517
1058,2648007,746040,-0.531,-0.675,0.536,5.7,-16.7,11.5,7.2,-3.9,-24.7,0.4361095,0.0595721305,0.488296152,-0.753501999
1059,2650810,746040,-0.535,-0.679,0.528,5.7,-16.7,11.5,4.9,-3.9,-24.8,0.436475723,0.059480575,0.488021485,-0.75347148
1060,2653770,746050,-0.535,-0.683,0.536,5.6,-16.7,11.4,4.9,-3.9,-24.8,0.436841945,0.0593585009,0.487746818,-0.753440962
1061,2655313,746050,-0.539,-0.679,0.536,5.5,-16.6,11.2,4.9,-3.9,-24.8,0.437208167,0.0592974639,0.48750267,-0.753410443
1062,2658038,746050,-0.539,-0.683,0.532,5.4,-16.4,11,4.9,-3.9,-24.8,0.43754387,0.0591753899,0.487228004,-0.753379925
1063,2660894,746050,-0.539,-0.683,0.532,5.4,-16.4,11,4.9,-3.9,-24.8,0.43754387,0.0591753899,0.487228004,-0.753379925
1064,2663085,746060,-0.535,-0.695,0.54,5.3,-16,10.9,8.8,-3.5,-25,0.438459426,0.0593279824,0.486526078,-0.753318888
1065,2666340,746060,-0.535,-0.687,0.547,5.5,-16.1,10.8,8.8,-3.5,-25,0.438795129,0.0592364269,0.48628193,-0.753288369
1066,2668422,746060,-0.535,-0.691,0.547,5.6,-16.1,10.8,8.8,-3.5,-25,0.439130833,0.0591143529,0.486007263,-0.753257851
1067,2671338,746060,-0.535,-0.695,0.547,5.7,-16.1,10.8,8.6,-3.6,-24.9,0.439466536,0.0590533158,0.485763115,-0.753227332
1068,2672878,746070,-0.535,-0.695,0.551,5.8,-15.9,10.7,8.6,-3.6,-24.9,0.43980224,0.0589617603,0.485488449,-0.753227332
1069,2675791,746070,-0.527,-0.699,0.543,5.7,-15.8,10.6,8.6,-3.6,-24.9,0.440137944,0.0588702048,0.485213782,-0.753196814
1070,2677982,746070,-0.531,-0.695,0.543,5.6,-15.9,10.6,8.6,-3.6,-24.9,0.440473647,0.0587786493,0.484969634,-0.753166295
1071,2680669,746070,-0.527,-0.699,0.543,5.6,-16,10.3,8.5,-3.6,-24.9,0.440809351,0.0586260567,0.484694967,-0.753166295
1072,2683726,746080,-0.527,-0.695,0.547,5.6,-16.1,10.1,8.5,-3.6,-24.9,0.441145054,0.0585650197,0.484450819,-0.753135777
1073,2685330,746080,-0.527,-0.695,0.539,5.8,-16,10,8.5,-3.6,-24.9,0.441480758,0.0584734642,0.484176153,-0.753135777
1074,2688990,746080,-0.527,-0.699,0.543,6,-15.9,10.1,8.5,-3.6,-24.9,0.441816462,0.0583819086,0.483932005,-0.753105258
1075,2690464,746080,-0.523,-0.695,0.543,6.3,-15.7,10.2,7.9,-3.9,-25,0.442121647,0.0582903531,0.483657338,-0.753105258
1076,2693160,746090,-0.527,-0.703,0.539,6.6,-15.4,10.2,7.9,-3.9,-25,0.44245735,0.0581987976,0.483382672,-0.75307474
1077,2696226,746090,-0.523,-0.703,0.543,6.9,-15.3,10.3,7.9,-3.9,-25,0.442762535,0.058107242,0.483108005,-0.75307474
1078,2697827,746090,-0.527,-0.699,0.543,7,-15.1,10.4,7.9,-3.9,-25,0.443098239,0.058046205,0.482833338,-0.75307474
1079,2700483,746090,-0.523,-0.703,0.539,7.1,-15.1,10.4,6.1,-4.1,-24.7,0.443433943,0.057985168,0.482558672,-0.75307474
1080,2703205,746100,-0.519,-0.703,0.543,7.2,-15.1,10.4,6.1,-4.1,-24.7,0.443739128,0.0578936125,0.482253487,-0.75307474
1081,2706240,746100,-0.515,-0.703,0.547,7.5,-15,10.4,6.1,-4.1,-24.7,0.444074831,0.0578325755,0.48197882,-0.75307474
1082,2707824,746100,-0.512,-0.703,0.543,7.7,-14.9,10.5,6.1,-4.1,-24.7,0.444380016,0.0577715384,0.481704154,-0.753044221
1083,2710729,746100,-0.512,-0.703,0.543,7.7,-14.9,10.5,6.1,-4.1,-24.7,0.444380016,0.0577715384,0.481704154,-0.753044221
1084,2713746,746110,-0.512,-0.707,0.547,8,-14.7,10.6,6.1,-3.9,-24.5,0.44492935,0.0574663533,0.48115482,-0.753105258
1085,2715377,746110,-0.516,-0.711,0.551,8.1,-14.4,10.7,6.1,-3.9,-24.5,0.445234535,0.0574053163,0.480849635,-0.753105258
1086,2718038,746110,-0.508,-0.711,0.551,8.2,-14,10.9,6.1,-3.9,-24.5,0.445570238,0.0574053163,0.480574969,-0.753105258
1087,2720786,746110,-0.508,-0.707,0.555,8.2,-13.8,11.1,5.6,-4,-24.6,0.445875423,0.0573747978,0.480300302,-0.753105258
1088,2723708,746120,-0.515,-0.707,0.555,8.2,-13.6,11.3,5.6,-4,-24.6,0.446180609,0.0573442793,0.479995117,-0.753105258
1089,2726599,746120,-0.511,-0.699,0.555,7.9,-13.4,11.5,5.6,-4,-24.6,0.446516312,0.0573137608,0.47972045,-0.75307474
1090,2727994,746120,-0.507,-0.699,0.551,7.7,-13.1,11.6,5.6,-4,-24.6,0.446821497,0.0572832423,0.479476302,-0.75307474
1091,2731086,746120,-0.503,-0.695,0.55,7.5,-12.9,11.7,4.3,-4.3,-24.8,0.447157201,0.0572832423,0.479201636,-0.753044221
1092,2732864,746130,-0.511,-0.687,0.558,7.2,-12.7,11.8,4.3,-4.3,-24.8,0.447462386,0.0572527238,0.478926969,-0.753044221
1093,2737162,746130,-0.507,-0.687,0.554,7.1,-12.5,12,4.3,-4.3,-24.8,0.44779809,0.0572527238,0.478682821,-0.753013703
1094,2739419,746130,-0.507,-0.683,0.551,6.6,-12.3,12.1,4.3,-4.3,-24.8,0.448103275,0.0572527238,0.478438673,-0.752983184
1095,2741675,746130,-0.507,-0.68,0.543,6.2,-12.1,12.1,3.6,-4.2,-24.6,0.448438978,0.0572222053,0.478194525,-0.752922147
1096,2743911,746140,-0.503,-0.68,0.55,5.5,-12,12.1,3.6,-4.2,-24.6,0.448744163,0.0572222053,0.477980895,-0.752891629
1097,2746158,746140,-0.503,-0.672,0.546,5.1,-12.1,12.3,3.6,-4.2,-24.6,0.449079867,0.0571611682,0.477767266,-0.752830592
1098,2748465,746140,-0.503,-0.672,0.546,4.6,-12,12.3,3.6,-4.2,-24.6,0.449385052,0.0571611682,0.477553636,-0.752769555
1099,2750756,746140,-0.503,-0.668,0.539,4.1,-11.9,12.4,7.2,-5.4,-24.8,0.449690237,0.0571306497,0.477340007,-0.752708518
1100,2753026,746150,-0.503,-0.664,0.55,3.5,-11.6,12.4,7.2,-5.4,-24.8,0.450025941,0.0571306497,0.477156896,-0.752647481
1101,2755439,746150,-0.503,-0.664,0.543,3.1,-11.5,12.4,7.2,-5.4,-24.8,0.450361644,0.0571001312,0.476973785,-0.752555925
1102,2757784,746150,-0.503,-0.664,0.531,2.7,-11.3,12.4,7.2,-5.4,-24.8,0.450666829,0.0570696127,0.476821192,-0.752494888
1103,2761779,746150,-0.503,-0.664,0.531,2.7,-11.3,12.4,7.2,-5.4,-24.8,0.450666829,0.0570696127,0.476821192,-0.752494888
1104,2763287,746160,-0.507,-0.66,0.539,1.9,-10.9,12.4,4,-3,-25.4,0.451307718,0.0569170202,0.47645497,-0.752342296
1105,2765639,746160,-0.503,-0.656,0.531,1.3,-10.8,12.4,4,-3,-25.4,0.451612903,0.0568865017,0.476302377,-0.75225074
1106,2767961,746160,-0.507,-0.652,0.543,0.9,-10.8,12.3,4,-3,-25.4,0.451948607,0.0568559832,0.476149785,-0.752159185
1107,2770451,746160,-0.503,-0.656,0.531,0.4,-10.8,12.2,3.3,-3.4,-25.1,0.452253792,0.0567949461,0.476027711,-0.752067629
1108,2772946,746170,-0.503,-0.652,0.535,0,-10.8,12.1,3.3,-3.4,-25.1,0.452558977,0.0567644276,0.475905637,-0.751945555
1109,2775703,746170,-0.503,-0.656,0.535,-0.2,-10.7,12.1,3.3,-3.4,-25.1,0.452864162,0.0566728721,0.475783563,-0.751853999
1110,2779282,746170,-0.499,-0.656,0.531,-0.5,-10.4,12,3.3,-3.4,-25.1,0.453169347,0.0566423536,0.475692007,-0.751731925
1111,2780928,746170,-0.495,-0.652,0.531,-0.7,-10.3,12,4,-3.4,-25.2,0.453474532,0.0566118351,0.475569933,-0.751609851
1112,2783025,746180,-0.499,-0.652,0.535,-1,-10.2,11.9,4,-3.4,-25.2,0.453779717,0.0565507981,0.475478378,-0.751487777
1113,2785510,746180,-0.499,-0.652,0.531,-1.1,-10.2,11.7,4,-3.4,-25.2,0.454084902,0.056489761,0.475386822,-0.751365703
1114,2788976,746180,-0.495,-0.652,0.531,-1.4,-10.2,11.6,4,-3.4,-25.2,0.454390088,0.056428724,0.475295267,-0.751274148
1115,2791432,746180,-0.499,-0.648,0.531,-1.5,-10.2,11.4,5.7,-3.1,-25.1,0.454695273,0.056367687,0.475203711,-0.751152074
1116,2793245,746190,-0.495,-0.652,0.534,-1.7,-10.2,11.3,5.7,-3.1,-25.1,0.454969939,0.05630665,0.475081637,-0.75103
1117,2795818,746190,-0.499,-0.648,0.542,-1.7,-10.3,11.1,5.7,-3.1,-25.1,0.455275124,0.0561845759,0.4750206,-0.750907926
1118,2797912,746190,-0.495,-0.648,0.538,-1.6,-10.3,11,5.7,-3.1,-25.1,0.455549791,0.0561540574,0.474929044,-0.750785852
1119,2800490,746190,-0.487,-0.652,0.546,-1.6,-10.2,10.9,5.7,-5.3,-24.9,0.455854976,0.0560930204,0.474837489,-0.750694296
1120,2803925,746200,-0.487,-0.645,0.542,-1.5,-10.1,10.7,5.7,-5.3,-24.9,0.456129643,0.0560014649,0.474745933,-0.750572222
1121,2806246,746200,-0.491,-0.648,0.534,-1.4,-9.9,10.6,5.7,-5.3,-24.9,0.456404309,0.0559404279,0.474654378,-0.750480667
1122,2808495,746200,-0.491,-0.652,0.538,-1.2,-9.8,10.5,5.7,-5.3,-24.9,0.456678976,0.0558793909,0.474562822,-0.750358592
1123,2810729,746200,-0.491,-0.652,0.538,-1.2,-9.8,10.5,5.7,-5.3,-24.9,0.456678976,0.0558793909,0.474562822,-0.750358592
1124,2812939,746210,-0.491,-0.656,0.538,-1.1,-9.7,10,5,-3.3,-24.9,0.45719779,0.0555436872,0.474257637,-0.750297555
1125,2816212,746210,-0.491,-0.652,0.542,-0.9,-9.7,9.8,5,-3.3,-24.9,0.457441939,0.0554521317,0.474166082,-0.750206
1126,2818023,746210,-0.491,-0.656,0.542,-0.7,-9.6,9.5,5,-3.3,-24.9,0.457716605,0.0554216132,0.474074526,-0.750083926
1127,2820262,746210,-0.487,-0.66,0.542,-0.6,-9.6,9.2,5.1,-3.2,-24.8,0.457960753,0.0553605762,0.473952452,-0.750022889
1128,2824470,746220,-0.487,-0.664,0.542,-0.5,-9.4,9,5.1,-3.2,-24.8,0.458204901,0.0552995392,0.473860897,-0.749931333
1129,2826327,746220,-0.495,-0.66,0.535,-0.1,-9.4,8.9,5.1,-3.2,-24.8,0.458449049,0.0552079836,0.473769341,-0.749839778
1130,2827946,746220,-0.483,-0.657,0.538,0.1,-9.4,8.7,5.1,-3.2,-24.8,0.458693197,0.0551469466,0.473647267,-0.749778741
1131,2830364,746220,-0.491,-0.66,0.531,0.5,-9.4,8.5,5.8,-3.5,-25,0.458937346,0.0550859096,0.473555712,-0.749717704
1132,2833799,746230,-0.495,-0.656,0.534,0.9,-9.6,8.3,5.8,-3.5,-25,0.459150975,0.0550248726,0.473433638,-0.749656667
1133,2835420,746230,-0.491,-0.656,0.538,1.2,-9.6,8.1,5.8,-3.5,-25,0.459395123,0.0549638356,0.473281045,-0.74959563
1134,2839206,746230,-0.491,-0.66,0.538,1.5,-9.6,7.9,5.8,-3.5,-25,0.459608753,0.0549027985,0.473128452,-0.749534593
1135,2841492,746230,-0.483,-0.66,0.534,1.8,-9.6,7.8,5.3,-3.3,-24.7,0.459852901,0.05487228,0.473036897,-0.749473556
1136,2843866,746240,-0.487,-0.66,0.538,2.1,-9.5,7.7,5.3,-3.3,-24.7,0.46006653,0.054811243,0.472884304,-0.749443037
1137,2846023,746240,-0.491,-0.66,0.538,2.4,-9.5,7.6,5.3,-3.3,-24.7,0.46028016,0.0547196875,0.472731712,-0.749412519
1138,2847942,746240,-0.487,-0.66,0.542,2.7,-9.3,7.4,5.3,-3.3,-24.7,0.460493789,0.054689169,0.472579119,-0.749351482
1139,2851322,746240,-0.491,-0.664,0.542,3,-9.2,7.2,5,-3.7,-24.6,0.460707419,0.0546586505,0.472426527,-0.749320963
1140,2852859,746250,-0.487,-0.66,0.542,3.2,-9.2,7.1,5,-3.7,-24.6,0.460921049,0.054628132,0.472273934,-0.749320963
1141,2855822,746250,-0.491,-0.664,0.542,3.4,-9.2,6.8,5,-3.7,-24.6,0.461134678,0.0545670949,0.472121342,-0.749290445
1142,2857866,746250,-0.495,-0.656,0.538,3.7,-9.2,6.4,5,-3.7,-24.6,0.461317789,0.0545365764,0.471968749,-0.749259926
1143,2861189,746250,-0.495,-0.656,0.538,3.7,-9.2,6.4,5,-3.7,-24.6,0.461317789,0.0545365764,0.471968749,-0.749259926
1144,2862896,746260,-0.491,-0.656,0.542,4.4,-9,6.2,4.7,-5.9,-25.3,0.461531419,0.0540482803,0.471633045,-0.749382
1145,2865741,746260,-0.491,-0.652,0.542,4.7,-8.8,6.1,4.7,-5.9,-25.3,0.46171453,0.0539872433,0.471480453,-0.749382
1146,2869307,746260,-0.483,-0.657,0.538,5,-8.8,6.1,4.7,-5.9,-25.3,0.461897641,0.0539872433,0.471297342,-0.749382
1147,2871614,746260,-0.487,-0.656,0.546,5.3,-8.9,6,4.5,-6.3,-25.3,0.462080752,0.0539567248,0.471114231,-0.749382
1148,2874461,746270,-0.487,-0.664,0.534,5.5,-8.9,6,4.5,-6.3,-25.3,0.462263863,0.0539262062,0.47093112,-0.749382
1149,2875795,746270,-0.495,-0.664,0.542,5.6,-8.9,5.8,4.5,-6.3,-25.3,0.462446974,0.0538956877,0.47071749,-0.749412519
1150,2879090,746270,-0.491,-0.664,0.546,5.6,-8.9,5.7,4.5,-6.3,-25.3,0.462630085,0.0538651692,0.470534379,-0.749412519
1151,2881121,746270,-0.491,-0.664,0.542,5.4,-8.9,5.5,4.9,-7.1,-25.5,0.462813196,0.0538346507,0.470351268,-0.749412519
1152,2883298,746280,-0.495,-0.664,0.55,5.1,-8.8,5.5,4.9,-7.1,-25.5,0.462965789,0.0537430952,0.470168157,-0.749443037
1153,2885665,746280,-0.491,-0.66,0.55,4.9,-8.7,5.3,4.9,-7.1,-25.5,0.4631489,0.0537430952,0.469985046,-0.749443037
1154,2888937,746280,-0.495,-0.66,0.55,4.7,-8.6,5.2,4.9,-7.1,-25.5,0.463301492,0.0537125767,0.469832453,-0.749443037
1155,2891376,746280,-0.495,-0.66,0.55,4.7,-8.5,5.1,4.6,-6.6,-25.4,0.463484603,0.0536820582,0.469649342,-0.749443037
1156,2893031,746290,-0.491,-0.66,0.558,4.7,-8.4,5.1,4.6,-6.6,-25.4,0.463637196,0.0536210211,0.46949675,-0.749443037
1157,2896918,746290,-0.495,-0.66,0.558,4.7,-8.3,5,4.6,-6.6,-25.4,0.463820307,0.0535905026,0.469313639,-0.749473556
1158,2898327,746290,-0.495,-0.664,0.558,4.7,-8.3,5,4.6,-6.6,-25.4,0.4639729,0.0535599841,0.469161046,-0.749473556
1159,2900651,746290,-0.495,-0.664,0.558,4.6,-8.3,4.9,4.6,-2.7,-23.3,0.464125492,0.0534989471,0.468977935,-0.749473556
1160,2902943,746300,-0.495,-0.664,0.554,4.5,-8.3,4.7,4.6,-2.7,-23.3,0.464278085,0.0534684286,0.468825343,-0.749473556
1161,2905353,746300,-0.495,-0.66,0.558,4.5,-8.3,4.5,4.6,-2.7,-23.3,0.464461196,0.0534379101,0.468642232,-0.749504074
1162,2908818,746300,-0.491,-0.672,0.562,4.4,-8.2,4.4,4.6,-2.7,-23.3,0.46458327,0.0533768731,0.468489639,-0.749504074
1163,2910404,746300,-0.491,-0.672,0.562,4.4,-8.2,4.4,4.6,-2.7,-23.3,0.46458327,0.0533768731,0.468489639,-0.749504074
1164,2913349,746310,-0.499,-0.672,0.562,4.4,-8.1,4.1,4.6,-4.5,-26.6,0.464766381,0.053010651,0.468153935,-0.749626148
1165,2915735,746310,-0.499,-0.672,0.554,4.6,-7.9,4.1,4.6,-4.5,-26.6,0.464918973,0.0529801325,0.467970824,-0.749656667
1166,2919197,746310,-0.503,-0.668,0.57,4.8,-7.8,4.1,4.6,-4.5,-26.6,0.465071566,0.0529190954,0.467818232,-0.749687185
1167,2921293,746310,-0.499,-0.668,0.562,5,-7.7,4,4.8,-3.8,-26.6,0.46519364,0.0528885769,0.467665639,-0.749687185
1168,2923461,746320,-0.499,-0.672,0.566,5.2,-7.6,3.8,4.8,-3.8,-26.6,0.465315714,0.0528580584,0.467482528,-0.749717704
1169,2925861,746320,-0.495,-0.664,0.566,5.5,-7.7,3.7,4.8,-3.8,-26.6,0.465468307,0.0528275399,0.467268899,-0.749748222
1170,2927984,746320,-0.495,-0.668,0.57,5.7,-7.7,3.6,4.8,-3.8,-26.6,0.465590381,0.0527665029,0.467146825,-0.749778741
1171,2931117,746320,-0.499,-0.668,0.57,6,-7.7,3.6,4.8,-2.9,-26.7,0.465742973,0.0527665029,0.466963713,-0.749809259
1172,2933375,746330,-0.495,-0.672,0.57,6.2,-7.5,3.5,4.8,-2.9,-26.7,0.465865047,0.0527359844,0.466780602,-0.749839778
1173,2935623,746330,-0.487,-0.672,0.569,6.6,-7.3,3.4,4.8,-2.9,-26.7,0.465987121,0.0527359844,0.466566973,-0.749870296
1174,2939409,746330,-0.487,-0.668,0.569,6.9,-7.2,3.4,4.8,-2.9,-26.7,0.466109195,0.0527054659,0.466383862,-0.749931333
1175,2941428,746330,-0.491,-0.676,0.574,7.2,-7.1,3.2,5,-2.6,-26.6,0.466231269,0.0527054659,0.466200751,-0.74999237
1176,2943705,746340,-0.487,-0.672,0.577,7.5,-7,3,5,-2.6,-26.6,0.466353343,0.0527054659,0.465987121,-0.750022889
1177,2945791,746340,-0.491,-0.672,0.574,7.6,-6.9,2.6,5,-2.6,-26.6,0.466444899,0.0526749474,0.46580401,-0.750083926
1178,2947918,746340,-0.491,-0.668,0.573,7.8,-6.7,2.5,5,-2.6,-26.6,0.466536454,0.0526749474,0.465590381,-0.750144963
1179,2951435,746340,-0.491,-0.668,0.577,7.8,-6.6,2.4,4.6,-4.6,-25,0.46662801,0.0526749474,0.46540727,-0.750206
1180,2953653,746350,-0.491,-0.664,0.581,8,-6.4,2.3,4.6,-4.6,-25,0.466750084,0.0526749474,0.46519364,-0.750267037
1181,2955832,746350,-0.491,-0.664,0.577,8.3,-6.3,2.3,4.6,-4.6,-25,0.466841639,0.0526749474,0.46498001,-0.750358592
1182,2958348,746350,-0.483,-0.664,0.577,8.6,-6.1,2.2,4.6,-4.6,-25,0.466933195,0.0527054659,0.464796899,-0.75041963
1183,2960373,746350,-0.483,-0.664,0.577,8.6,-6.1,2.2,4.6,-4.6,-25,0.466933195,0.0527054659,0.464796899,-0.75041963
1184,2962722,746360,-0.483,-0.656,0.573,9.1,-5.7,2.1,4.1,-4.7,-24.9,0.466963713,0.0522782067,0.464186529,-0.75081637
1185,2965348,746360,-0.483,-0.653,0.573,9.4,-5.6,2.1,4.1,-4.7,-24.9,0.467024751,0.0522782067,0.4639729,-0.750877407
1186,2968775,746360,-0.479,-0.657,0.573,9.7,-5.6,2.1,4.1,-4.7,-24.9,0.467116306,0.0523392438,0.46375927,-0.750968963
1187,2970586,746360,-0.487,-0.652,0.573,9.9,-5.5,2.1,4.3,-4.5,-24.2,0.467207862,0.0523697623,0.463515122,-0.751060518
1188,2974285,746370,-0.479,-0.66,0.573,10.1,-5.3,2.1,4.3,-4.5,-24.2,0.467268899,0.0524002808,0.463301492,-0.751152074
1189,2976224,746370,-0.479,-0.657,0.577,10.1,-5,1.9,4.3,-4.5,-24.2,0.467329936,0.0524307993,0.463087863,-0.751213111
1190,2978646,746370,-0.479,-0.66,0.581,10.1,-4.8,1.9,4.3,-4.5,-24.2,0.467421491,0.0524918363,0.462874233,-0.751304666
1191,2981007,746370,-0.483,-0.66,0.577,10.1,-4.6,1.9,4.2,-4.6,-23.2,0.467482528,0.0525223548,0.462660604,-0.751396222
1192,2983214,746380,-0.483,-0.66,0.577,10,-4.3,1.9,4.2,-4.6,-23.2,0.467543565,0.0525833918,0.462446974,-0.751487777
1193,2985463,746380,-0.483,-0.66,0.577,9.8,-4.1,1.9,4.2,-4.6,-23.2,0.467604602,0.0526444288,0.462233345,-0.751579333
1194,2987998,746380,-0.483,-0.66,0.585,9.6,-3.8,1.9,4.2,-4.6,-23.2,0.467665639,0.0526749474,0.462019715,-0.75164037
1195,2990314,746380,-0.479,-0.657,0.581,9.4,-3.5,2,4.3,-4.7,-22.2,0.467726676,0.0527359844,0.461836604,-0.751731925
1196,2994549,746390,-0.483,-0.66,0.585,9.2,-3.2,2.1,4.3,-4.7,-22.2,0.467787713,0.0527665029,0.461653493,-0.751792962
1197,2996264,746390,-0.483,-0.656,0.585,9.1,-3,2.1,4.3,-4.7,-22.2,0.46784875,0.0528885769,0.461470382,-0.751884518
1198,2997845,746390,-0.479,-0.653,0.585,8.9,-2.7,2.1,4.3,-4.7,-22.2,0.467879269,0.0529496139,0.461287271,-0.751945555
1199,3001247,746390,-0.487,-0.652,0.585,8.8,-2.4,2.1,4,-5.2,-27,0.467940306,0.053010651,0.461134678,-0.752037111
1200,3002877,746400,-0.487,-0.648,0.585,8.5,-2.1,2.1,4,-5.2,-27,0.467970824,0.0531022065,0.460951567,-0.752098148
1201,3005773,746400,-0.483,-0.649,0.581,8.1,-1.7,2.1,4,-5.2,-27,0.468031861,0.0531632435,0.460798975,-0.752159185
1202,3007887,746400,-0.487,-0.648,0.585,7.7,-1.4,1.9,4,-5.2,-27,0.46806238,0.053254799,0.460646382,-0.752220222
1203,3010973,746400,-0.487,-0.648,0.585,7.7,-1.4,1.9,4,-5.2,-27,0.46806238,0.053254799,0.460646382,-0.752220222
1204,3013216,746410,-0.49,-0.641,0.581,6.9,-1.1,1.9,4.6,-4.8,-24,0.46806238,0.053010651,0.460158086,-0.752525407
1205,3015524,746410,-0.49,-0.637,0.577,6.4,-0.9,1.9,4.6,-4.8,-24,0.468092898,0.053071688,0.460036012,-0.752586444
1206,3018980,746410,-0.494,-0.637,0.577,6,-0.8,1.8,4.6,-4.8,-24,0.468123417,0.053132725,0.459944456,-0.752616962
1207,3021146,746410,-0.494,-0.633,0.585,5.7,-0.5,1.7,4.3,-5,-24,0.468153935,0.053193762,0.459822382,-0.752677999
1208,3023344,746420,-0.49,-0.633,0.577,5.2,-0.3,1.6,4.3,-5,-24,0.468184454,0.053254799,0.459730827,-0.752708518
1209,3025666,746420,-0.494,-0.633,0.577,4.6,0,1.6,4.3,-5,-24,0.468214972,0.0533463546,0.45966979,-0.752739036
1210,3027821,746420,-0.498,-0.617,0.574,4,0,1.5,4.3,-5,-24,0.468214972,0.0534073916,0.459578234,-0.752769555
1211,3030971,746420,-0.498,-0.621,0.57,3.5,0.1,1.4,4,-5.2,-25.1,0.468245491,0.0534379101,0.459547716,-0.752769555
1212,3033200,746430,-0.498,-0.617,0.574,2.9,0.1,1.3,4,-5.2,-25.1,0.468245491,0.0534989471,0.45945616,-0.752800073
1213,3035496,746430,-0.498,-0.617,0.57,2.4,0.2,1.2,4,-5.2,-25.1,0.468276009,0.0534989471,0.45945616,-0.752800073
1214,3038299,746430,-0.498,-0.617,0.57,1.8,0.3,1.1,4,-5.2,-25.1,0.468276009,0.0535599841,0.459425642,-0.752800073
1215,3040750,746430,-0.502,-0.613,0.578,1.3,0.4,1,4.2,-4.9,-25.8,0.468306528,0.0535905026,0.459395123,-0.752800073
1216,3042973,746440,-0.498,-0.625,0.574,0.8,0.6,0.9,4.2,-4.9,-25.8,0.468306528,0.0536210211,0.459395123,-0.752800073
1217,3045485,746440,-0.502,-0.621,0.578,0.3,0.7,0.6,4.2,-4.9,-25.8,0.468306528,0.0536515397,0.459395123,-0.752800073
1218,3048025,746440,-0.498,-0.625,0.577,-0.1,0.9,0.3,4.2,-4.9,-25.8,0.468306528,0.0536820582,0.459395123,-0.752800073
1219,3052097,746440,-0.498,-0.629,0.574,-0.6,0.9,0.1,4.4,-4.9,-25.1,0.468306528,0.0536820582,0.459425642,-0.752800073
1220,3054302,746450,-0.502,-0.628,0.578,-1.1,1,0,4.4,-4.9,-25.1,0.468276009,0.0536820582,0.45945616,-0.752769555
1221,3056197,746450,-0.502,-0.632,0.574,-1.4,1.1,-0.2,4.4,-4.9,-25.1,0.468276009,0.0536820582,0.45945616,-0.752769555
1222,3058000,746450,-0.502,-0.628,0.581,-1.6,1.1,-0.4,4.4,-4.9,-25.1,0.468245491,0.0536820582,0.459517197,-0.752739036
1223,3060868,746450,-0.502,-0.628,0.581,-1.6,1.1,-0.4,4.4,-4.9,-25.1,0.468245491,0.0536820582,0.459517197,-0.752739036
1224,3064444,746460,-0.498,-0.636,0.574,-1.7,1.1,-0.8,3.8,-4.8,-24.7,0.468245491,0.0536515397,0.45945616,-0.752800073
1225,3066872,746460,-0.506,-0.636,0.574,-1.6,1.1,-0.9,3.8,-4.8,-24.7,0.468214972,0.0536515397,0.45945616,-0.752800073
1226,3068884,746460,-0.506,-0.64,0.57,-1.4,1,-1.2,3.8,-4.8,-24.7,0.468214972,0.0536515397,0.459547716,-0.752800073
1227,3070499,746460,-0.498,-0.64,0.574,-1.3,0.9,-1.3,4.1,-4.7,-25.1,0.468184454,0.0536210211,0.459578234,-0.752800073
1228,3072869,746470,-0.503,-0.644,0.57,-1.1,0.8,-1.4,4.1,-4.7,-25.1,0.468153935,0.0536210211,0.459608753,-0.752800073
1229,3076366,746470,-0.503,-0.644,0.574,-0.8,0.8,-1.7,4.1,-4.7,-25.1,0.468092898,0.0536210211,0.459608753,-0.752800073
1230,3077944,746470,-0.503,-0.644,0.574,-0.5,0.8,-1.9,4.1,-4.7,-25.1,0.46806238,0.0535905026,0.459639271,-0.752800073
1231,3081773,746470,-0.502,-0.64,0.574,-0.2,0.8,-2.1,4,-4.8,-25.1,0.468031861,0.0535905026,0.45966979,-0.752830592
1232,3083209,746480,-0.499,-0.648,0.574,0,0.8,-2.3,4,-4.8,-25.1,0.467970824,0.0535905026,0.45966979,-0.75286111
1233,3085562,746480,-0.503,-0.644,0.57,0.3,0.8,-2.4,4,-4.8,-25.1,0.467909787,0.0535599841,0.45966979,-0.752891629
1234,3088095,746480,-0.499,-0.644,0.57,0.5,0.7,-2.6,4,-4.8,-25.1,0.467879269,0.0535599841,0.45966979,-0.752922147
1235,3090466,746480,-0.499,-0.644,0.566,0.8,0.5,-2.6,4.2,-4.9,-25.2,0.467818232,0.0535599841,0.45966979,-0.752952666
1236,3094543,746490,-0.499,-0.648,0.574,1.2,0.4,-2.8,4.2,-4.9,-25.2,0.467757195,0.0534989471,0.45966979,-0.752983184
1237,3096548,746490,-0.495,-0.648,0.57,1.6,0.2,-2.7,4.2,-4.9,-25.2,0.467726676,0.0534989471,0.459639271,-0.753044221
1238,3098819,746490,-0.499,-0.648,0.574,1.9,0.1,-2.7,4.2,-4.9,-25.2,0.467665639,0.0534989471,0.459608753,-0.75307474
1239,3101206,746490,-0.495,-0.644,0.574,2,0,-2.5,3.3,-5,-24.6,0.467635121,0.0534989471,0.459578234,-0.753135777
1240,3103398,746500,-0.495,-0.652,0.574,2.1,0.1,-2.5,3.3,-5,-24.6,0.467574084,0.0534989471,0.459547716,-0.753166295
1241,3105586,746500,-0.495,-0.652,0.577,2.2,0.2,-2.4,3.3,-5,-24.6,0.467543565,0.0534989471,0.459517197,-0.753227332
1242,3107763,746500,-0.495,-0.652,0.577,2.3,0.4,-2.5,3.3,-5,-24.6,0.467482528,0.0534989471,0.45945616,-0.753257851
1243,3110559,746500,-0.495,-0.652,0.577,2.3,0.4,-2.5,3.3,-5,-24.6,0.467482528,0.0534989471,0.45945616,-0.753257851
1244,3112755,746510,-0.495,-0.656,0.585,1.9,0.6,-2.4,4.8,-4.8,-24.7,0.467268899,0.053254799,0.459395123,-0.75347148
1245,3116115,746510,-0.495,-0.656,0.581,1.4,0.8,-2.4,4.8,-4.8,-24.7,0.46723838,0.053254799,0.459364605,-0.753501999
1246,3118358,746510,-0.499,-0.652,0.585,0.9,0.9,-2.5,4.8,-4.8,-24.7,0.467177343,0.053254799,0.459364605,-0.753532517
1247,3120614,746510,-0.495,-0.652,0.585,0.5,0.9,-2.5,5.1,-4.5,-24.2,0.467146825,0.053254799,0.459364605,-0.753563036
1248,3122844,746520,-0.495,-0.656,0.581,0.2,0.9,-2.5,5.1,-4.5,-24.2,0.467085788,0.053254799,0.459364605,-0.753593554
1249,3125235,746520,-0.499,-0.648,0.585,0,0.8,-2.6,5.1,-4.5,-24.2,0.467024751,0.053254799,0.459395123,-0.753624073
1250,3128813,746520,-0.495,-0.656,0.585,0,0.7,-2.6,5.1,-4.5,-24.2,0.466994232,0.0532242805,0.459395123,-0.753654592
1251,3130235,746520,-0.491,-0.656,0.585,-0.1,0.6,-2.7,5.1,-4.7,-24.6,0.466933195,0.0532242805,0.459395123,-0.75368511
1252,3132785,746530,-0.499,-0.664,0.581,0,0.6,-2.7,5.1,-4.7,-24.6,0.466872158,0.053193762,0.459425642,-0.753715629
1253,3135893,746530,-0.495,-0.66,0.581,0,0.7,-2.7,5.1,-4.7,-24.6,0.466841639,0.0531632435,0.459425642,-0.753746147
1254,3138207,746530,-0.495,-0.664,0.581,0,0.9,-2.7,5.1,-4.7,-24.6,0.466780602,0.0531632435,0.45945616,-0.753746147
1255,3140389,746530,-0.495,-0.668,0.589,0.1,1,-2.7,5.1,-4.7,-24.6,0.466719565,0.0531632435,0.45945616,-0.753776666
1256,3143183,746540,-0.503,-0.676,0.586,0.2,1.1,-2.8,5.1,-4.7,-24.6,0.466658528,0.0531632435,0.45945616,-0.753807184
1257,3145907,746540,-0.499,-0.672,0.585,0.1,1.1,-2.8,5.1,-4.7,-24.6,0.466597491,0.053132725,0.45945616,-0.753837703
1258,3148927,746540,-0.503,-0.672,0.582,0.1,1.2,-2.6,5.1,-4.7,-24.6,0.466536454,0.053132725,0.45945616,-0.753868221
1259,3150396,746540,-0.507,-0.66,0.582,0.2,1.2,-2.5,3.1,-5.1,-24.8,0.466505936,0.053132725,0.459517197,-0.75389874
1260,3153299,746550,-0.507,-0.664,0.578,0.4,1.2,-2.4,3.1,-5.1,-24.8,0.466444899,0.053132725,0.459517197,-0.753929258
1261,3155321,746550,-0.507,-0.66,0.59,0.7,1.2,-2.2,3.1,-5.1,-24.8,0.466383862,0.053132725,0.459517197,-0.753959777
1262,3158426,746550,-0.507,-0.66,0.574,1,1.1,-2.1,3.1,-5.1,-24.8,0.466353343,0.0531632435,0.459517197,-0.753990295
1263,3161414,746550,-0.507,-0.66,0.574,1,1.1,-2.1,3.1,-5.1,-24.8,0.466353343,0.0531632435,0.459517197,-0.753990295
1264,3163650,746560,-0.507,-0.652,0.582,1.4,1.2,-2,5.6,-4.8,-24.7,0.466200751,0.053071688,0.45945616,-0.754081851
1265,3165260,746560,-0.51,-0.644,0.578,1.6,1.1,-2.1,5.6,-4.8,-24.7,0.466139714,0.053071688,0.45945616,-0.754142888
1266,3168190,746560,-0.51,-0.648,0.574,1.7,0.9,-2.2,5.6,-4.8,-24.7,0.466109195,0.053071688,0.45945616,-0.754173406
1267,3171266,746560,-0.51,-0.644,0.574,1.6,0.9,-2.1,5.6,-5.1,-24.6,0.466048158,0.0531022065,0.45945616,-0.754203925
1268,3173424,746570,-0.506,-0.644,0.578,1.5,0.7,-2,5.6,-5.1,-24.6,0.46601764,0.0531022065,0.459425642,-0.754234443
1269,3176398,746570,-0.51,-0.644,0.578,1.4,0.8,-1.9,5.6,-5.1,-24.6,0.465956603,0.0531022065,0.459425642,-0.754264962
1270,3177883,746570,-0.514,-0.64,0.574,1.3,0.9,-1.9,5.6,-5.1,-24.6,0.465926084,0.053132725,0.459425642,-0.75429548
1271,3180929,746570,-0.518,-0.636,0.578,1.1,1.1,-2,5.5,-5.1,-24.9,0.465865047,0.053132725,0.459395123,-0.754325999
1272,3183284,746580,-0.518,-0.632,0.57,1,1.2,-2,5.5,-5.1,-24.9,0.465834529,0.053132725,0.459395123,-0.754356517
1273,3185453,746580,-0.518,-0.632,0.574,0.8,1.3,-2,5.5,-5.1,-24.9,0.465773492,0.0531632435,0.459395123,-0.754387036
1274,3187778,746580,-0.518,-0.624,0.57,0.7,1.3,-1.9,5.5,-5.1,-24.9,0.465742973,0.0531632435,0.459425642,-0.754417554
1275,3190757,746580,-0.518,-0.632,0.574,0.7,1.3,-2,5.7,-5.1,-24.9,0.465681936,0.0531632435,0.459425642,-0.754448073
1276,3192979,746590,-0.514,-0.624,0.57,0.5,1.3,-2.1,5.7,-5.1,-24.9,0.465651418,0.0531632435,0.459425642,-0.754478591
1277,3195265,746590,-0.522,-0.62,0.574,0.3,1.2,-2.2,5.7,-5.1,-24.9,0.465590381,0.053193762,0.459425642,-0.75450911
1278,3197871,746590,-0.514,-0.616,0.574,0.3,1.2,-2.3,5.7,-5.1,-24.9,0.465529344,0.053193762,0.45945616,-0.754539628
1279,3200435,746590,-0.514,-0.62,0.574,0.3,1.1,-2.4,4.3,-5.2,-24.8,0.465498825,0.053193762,0.45945616,-0.754539628
1280,3204753,746600,-0.518,-0.62,0.57,0.3,1,-2.5,4.3,-5.2,-24.8,0.465437788,0.0531632435,0.45945616,-0.754570147
1281,3205304,746600,-0.522,-0.62,0.57,0.3,1,-2.5,4.3,-5.2,-24.8,0.465376751,0.0531632435,0.45945616,-0.754600665
1282,3208387,746600,-0.522,-0.62,0.57,0.3,1,-2.5,4.3,-5.2,-24.8,0.465376751,0.0531632435,0.45945616,-0.754600665
1283,3210373,746600,-0.518,-0.62,0.562,0.2,1,-2.6,4.3,-5.2,-24.8,0.465315714,0.0531632435,0.45945616,-0.754631184
1284,3213756,746610,-0.514,-0.616,0.57,0,0.9,-2.8,4.3,-5.2,-24.8,0.465315714,0.0533463546,0.459425642,-0.754661702
1285,3215993,746610,-0.514,-0.62,0.566,0.2,0.8,-2.9,4.3,-5.2,-24.8,0.465254677,0.0533463546,0.459425642,-0.754692221
1286,3218251,746610,-0.514,-0.616,0.562,0.4,0.7,-3,4.3,-5.2,-24.8,0.46519364,0.0533158361,0.459425642,-0.754722739
1287,3220509,746610,-0.514,-0.62,0.566,0.6,0.7,-3.1,4.3,-5.2,-24.8,0.465132603,0.0533158361,0.459425642,-0.754753258
1288,3223177,746620,-0.514,-0.624,0.57,0.6,0.6,-3.2,4.3,-5.2,-24.8,0.465071566,0.053254799,0.459425642,-0.754814295
1289,3225374,746620,-0.51,-0.628,0.574,0.7,0.5,-3.2,4.3,-5.2,-24.8,0.465010529,0.053254799,0.459425642,-0.754844813
1290,3229609,746620,-0.51,-0.632,0.566,0.8,0.4,-3.2,4.3,-5.2,-24.8,0.46498001,0.053254799,0.459425642,-0.754875332
1291,3231648,746620,-0.514,-0.628,0.574,0.9,0.4,-3.1,4.3,-5.2,-24.8,0.464918973,0.053254799,0.459425642,-0.754936369
1292,3233356,746630,-0.51,-0.64,0.574,1,0.5,-3,4.3,-5.2,-24.8,0.464857936,0.0532242805,0.459395123,-0.754966887
1293,3235407,746630,-0.506,-0.64,0.578,1.1,0.7,-2.9,4.3,-5.2,-24.8,0.464796899,0.0532242805,0.459395123,-0.754997406
1294,3238513,746630,-0.51,-0.644,0.578,1.1,0.8,-2.8,4.3,-5.2,-24.8,0.464735862,0.0532242805,0.459395123,-0.755058443
1295,3240660,746630,-0.506,-0.644,0.586,1.2,0.9,-2.8,4.3,-5.2,-24.8,0.464674825,0.0532242805,0.459395123,-0.755088961
1296,3244510,746640,-0.507,-0.656,0.578,1.2,0.9,-2.8,4.3,-5.2,-24.8,0.464613788,0.0532242805,0.459364605,-0.75511948
1297,3245242,746640,-0.503,-0.66,0.582,1.3,0.9,-2.7,4.3,-5.2,-24.8,0.464552751,0.0532242805,0.459364605,-0.755180517
1298,3248139,746640,-0.503,-0.66,0.585,1.3,0.9,-2.6,4.3,-5.2,-24.8,0.464522233,0.0532242805,0.459364605,-0.755211035
1299,3251212,746640,-0.503,-0.664,0.586,1.4,1,-2.6,5.9,-6.5,-24.7,0.464461196,0.0532242805,0.459334086,-0.755241554
1300,3253423,746650,-0.503,-0.664,0.589,1.5,1,-2.5,5.9,-6.5,-24.7,0.464400159,0.053254799,0.459334086,-0.755272073
1301,3256392,746650,-0.503,-0.664,0.586,1.6,1.1,-2.3,5.9,-6.5,-24.7,0.464339122,0.053254799,0.459303568,-0.75533311
1302,3257852,746650,-0.503,-0.668,0.582,1.7,1.2,-2.2,5.9,-6.5,-24.7,0.464308603,0.053254799,0.459303568,-0.755363628
1303,3260788,746650,-0.503,-0.668,0.582,1.7,1.2,-2.2,5.9,-6.5,-24.7,0.464308603,0.053254799,0.459303568,-0.755363628
1304,3262888,746660,-0.511,-0.66,0.586,1.8,1.5,-1.8,5.9,-6.5,-24.7,0.464156011,0.0532242805,0.459242531,-0.755485702
1305,3265891,746660,-0.507,-0.66,0.586,1.7,1.6,-1.7,5.9,-6.5,-24.7,0.464125492,0.0532242805,0.459242531,-0.755516221
1306,3268913,746660,-0.507,-0.652,0.578,1.6,1.8,-1.5,5.9,-6.5,-24.7,0.464064455,0.053254799,0.459242531,-0.755546739
1307,3270463,746660,-0.507,-0.652,0.578,1.6,1.8,-1.4,5.9,-6.5,-24.7,0.464033937,0.0533158361,0.459242531,-0.755577258
1308,3272817,746670,-0.511,-0.656,0.574,1.4,1.9,-1.2,5.9,-6.5,-24.7,0.4639729,0.0533463546,0.459242531,-0.755607776
1309,3276250,746670,-0.507,-0.652,0.578,1.2,2.1,-1,5.9,-6.5,-24.7,0.463942381,0.0533768731,0.459242531,-0.755607776
1310,3278440,746670,-0.511,-0.652,0.574,1,2.3,-1,5.9,-6.5,-24.7,0.463911863,0.0534073916,0.459242531,-0.755638295
1311,3281673,746670,-0.507,-0.648,0.57,0.8,2.4,-0.9,5.8,-3.3,-24.9,0.463850826,0.0534684286,0.459242531,-0.755638295
1312,3283235,746680,-0.511,-0.652,0.578,0.5,2.4,-0.7,5.8,-3.3,-24.9,0.463820307,0.0534989471,0.459273049,-0.755668813
1313,3285450,746680,-0.51,-0.648,0.574,0.1,2.4,-0.6,5.8,-3.3,-24.9,0.463789789,0.0534989471,0.459303568,-0.755668813
1314,3288456,746680,-0.515,-0.648,0.566,-0.2,2.5,-0.5,5.8,-3.3,-24.9,0.46375927,0.0535599841,0.459334086,-0.755668813
1315,3291678,746680,-0.514,-0.648,0.57,-0.6,2.5,-0.5,5.8,-3.3,-24.9,0.463728751,0.0535905026,0.459364605,-0.755668813
1316,3293199,746690,-0.518,-0.648,0.57,-1,2.6,-0.5,5.8,-3.3,-24.9,0.463698233,0.0536210211,0.459395123,-0.755668813
1317,3296303,746690,-0.514,-0.64,0.57,-1.4,2.7,-0.3,5.8,-3.3,-24.9,0.463667714,0.0536515397,0.45945616,-0.755638295
1318,3298492,746690,-0.514,-0.648,0.57,-2,2.9,-0.2,5.8,-3.3,-24.9,0.463637196,0.0536820582,0.459517197,-0.755607776
1319,3300523,746690,-0.518,-0.64,0.566,-2.5,3,-0.1,4.5,-4.7,-24.9,0.463606677,0.0536820582,0.459578234,-0.755607776
1320,3302957,746700,-0.522,-0.64,0.57,-2.9,3,0,4.5,-4.7,-24.9,0.463576159,0.0537125767,0.45966979,-0.755546739
1321,3306947,746700,-0.514,-0.64,0.566,-3.2,3,0,4.5,-4.7,-24.9,0.46354564,0.0537430952,0.459761345,-0.755516221
1322,3308544,746700,-0.518,-0.64,0.562,-3.5,3,0,4.5,-4.7,-24.9,0.463515122,0.0537430952,0.459852901,-0.755485702
1323,3310450,746700,-0.514,-0.64,0.566,-3.7,3,0.2,4.7,-4.6,-24.8,0.46354564,0.0538956877,0.459974975,-0.755394147
1324,3313451,746710,-0.514,-0.64,0.566,-3.9,3.1,0.3,4.7,-4.6,-24.8,0.463515122,0.0539262062,0.46006653,-0.75533311
1325,3316451,746710,-0.518,-0.64,0.566,-4.1,3.1,0.5,4.7,-4.6,-24.8,0.463484603,0.0539262062,0.460158086,-0.755272073
1326,3317946,746710,-0.518,-0.644,0.559,-4.3,3,0.5,4.7,-4.6,-24.8,0.463484603,0.0539567248,0.46028016,-0.755241554
1327,3322131,746710,-0.522,-0.648,0.563,-4.3,3.1,0.5,4.7,-5.4,-24.4,0.463454085,0.0539567248,0.460371715,-0.755180517
1328,3324231,746720,-0.523,-0.652,0.566,-4.4,3.1,0.5,4.7,-5.4,-24.4,0.463454085,0.0539567248,0.460463271,-0.75511948
1329,3326499,746720,-0.518,-0.644,0.562,-4.4,3,0.4,4.7,-5.4,-24.4,0.463423566,0.0539872433,0.460585345,-0.755058443
1330,3328676,746720,-0.518,-0.644,0.562,-4.3,2.7,0.5,4.7,-5.4,-24.4,0.463423566,0.0539872433,0.460676901,-0.755027924
1331,3330607,746720,-0.51,-0.644,0.566,-4.3,2.5,0.6,4.6,-6.3,-24.9,0.463362529,0.0539872433,0.460768456,-0.754966887
1332,3334520,746730,-0.518,-0.644,0.566,-4.2,2.4,0.8,4.6,-6.3,-24.9,0.463362529,0.0539872433,0.460860012,-0.754875332
1333,3336765,746730,-0.515,-0.648,0.562,-4.1,2.2,1,4.6,-6.3,-24.9,0.463362529,0.0539872433,0.460951567,-0.754844813
1334,3339023,746730,-0.514,-0.64,0.558,-3.9,2.1,1.1,4.6,-6.3,-24.9,0.463362529,0.0539872433,0.461043123,-0.754814295
1335,3340492,746730,-0.515,-0.648,0.562,-3.7,2,1.3,4.6,-6.3,-24.9,0.463362529,0.0539872433,0.461134678,-0.754753258
1336,3343823,746740,-0.514,-0.644,0.562,-3.6,1.9,1.3,4.6,-6.3,-24.9,0.463423566,0.0539872433,0.461195715,-0.754692221
1337,3345446,746740,-0.511,-0.648,0.558,-3.4,1.7,1.4,4.6,-6.3,-24.9,0.463423566,0.0539872433,0.461287271,-0.754661702
1338,3347966,746740,-0.515,-0.648,0.555,-3.2,1.6,1.3,4.6,-6.3,-24.9,0.463423566,0.0540482803,0.461348308,-0.754600665
1339,3351032,746740,-0.514,-0.644,0.558,-3,1.5,1.3,4.3,-6.3,-25.4,0.463454085,0.0540482803,0.461409345,-0.754539628
1340,3353752,746750,-0.511,-0.648,0.558,-2.9,1.4,1.3,4.3,-6.3,-25.4,0.463454085,0.0540482803,0.461470382,-0.75450911
1341,3355252,746750,-0.514,-0.64,0.555,-2.7,1.3,1.5,4.3,-6.3,-25.4,0.463484603,0.0540787988,0.461531419,-0.754448073
1342,3358055,746750,-0.51,-0.636,0.554,-2.4,1.1,1.7,4.3,-6.3,-25.4,0.463484603,0.0540787988,0.461561937,-0.754417554
1343,3361187,746750,-0.51,-0.636,0.554,-2.4,1.1,1.7,4.3,-6.3,-25.4,0.463484603,0.0540787988,0.461561937,-0.754417554
1344,3363450,746760,-0.514,-0.64,0.558,-1.8,0.9,2.1,4.3,-6.8,-25.2,0.46354564,0.0542008728,0.461775567,-0.754264962
1345,3365337,746760,-0.514,-0.636,0.562,-1.7,0.8,2.2,4.3,-6.8,-25.2,0.463576159,0.0542313913,0.461806085,-0.754203925
1346,3368536,746760,-0.514,-0.632,0.554,-1.6,0.8,2.2,4.3,-6.8,-25.2,0.463606677,0.0542313913,0.461836604,-0.754173406
1347,3371324,746760,-0.514,-0.632,0.558,-1.5,0.6,2.2,4.3,-6.7,-25.4,0.463637196,0.0542313913,0.461867122,-0.754142888
1348,3374117,746770,-0.506,-0.628,0.554,-1.5,0.4,2.3,4.3,-6.7,-25.4,0.463667714,0.0542924284,0.461897641,-0.754112369
1349,3375430,746770,-0.51,-0.632,0.558,-1.5,0.1,2.3,4.3,-6.7,-25.4,0.463728751,0.0542924284,0.461928159,-0.754051332
1350,3378429,746770,-0.514,-0.628,0.558,-1.7,0,2.3,4.3,-6.7,-25.4,0.46375927,0.0542924284,0.461928159,-0.754020814
1351,3381638,746770,-0.51,-0.632,0.562,-1.8,0,2.2,4.4,-6.2,-25.6,0.463789789,0.0542924284,0.461958678,-0.753990295
1352,3383768,746780,-0.51,-0.632,0.558,-1.8,0,2.2,4.4,-6.2,-25.6,0.463820307,0.0542924284,0.461989196,-0.753929258
1353,3385301,746780,-0.514,-0.636,0.562,-1.9,0,2.4,4.4,-6.2,-25.6,0.463881344,0.0543229469,0.462019715,-0.75389874
1354,3388183,746780,-0.51,-0.64,0.562,-2,-0.1,2.5,4.4,-6.2,-25.6,0.463911863,0.0543229469,0.462050233,-0.753837703
1355,3391261,746780,-0.51,-0.632,0.562,-2.2,-0.2,2.6,4.4,-6.2,-25.6,0.4639729,0.0543229469,0.462080752,-0.753807184
1356,3392779,746790,-0.51,-0.64,0.566,-2.5,-0.4,2.4,4.4,-6.2,-25.6,0.464033937,0.0542924284,0.46211127,-0.753746147
1357,3395438,746790,-0.51,-0.64,0.562,-2.8,-0.6,2.4,4.4,-6.2,-25.6,0.464064455,0.0542924284,0.462141789,-0.75368511
1358,3399470,746790,-0.514,-0.644,0.566,-2.9,-0.8,2.3,4.4,-6.2,-25.6,0.464125492,0.0542313913,0.462202826,-0.753624073
1359,3401317,746790,-0.51,-0.644,0.57,-2.9,-0.8,2.4,4.5,-4.7,-26.3,0.464186529,0.0542313913,0.462233345,-0.753593554
1360,3402920,746800,-0.507,-0.648,0.57,-2.9,-0.8,2.4,4.5,-4.7,-26.3,0.464217048,0.0542313913,0.462263863,-0.753532517
1361,3405237,746800,-0.507,-0.652,0.57,-2.9,-0.9,2.4,4.5,-4.7,-26.3,0.464278085,0.0542008728,0.462294382,-0.75347148
1362,3408993,746800,-0.503,-0.652,0.57,-2.9,-1,2.4,4.5,-4.7,-26.3,0.464339122,0.0542008728,0.4623249,-0.753410443
1363,3411247,746800,-0.503,-0.652,0.57,-2.9,-1,2.4,4.5,-4.7,-26.3,0.464339122,0.0542008728,0.4623249,-0.753410443
1364,3413510,746810,-0.499,-0.664,0.578,-2.9,-0.9,2.3,4.7,-4.1,-26.3,0.464430677,0.0540787988,0.462355419,-0.753349406
1365,3415893,746810,-0.499,-0.668,0.578,-2.8,-0.8,2.4,4.7,-4.1,-26.3,0.464491714,0.0540787988,0.462385937,-0.753288369
1366,3417937,746810,-0.499,-0.664,0.57,-2.6,-1,2.6,4.7,-4.1,-26.3,0.464552751,0.0540482803,0.462416456,-0.753257851
1367,3420371,746810,-0.503,-0.664,0.57,-2.5,-1.1,2.8,4.9,-4,-26.2,0.464613788,0.0539872433,0.462446974,-0.753196814
1368,3423418,746820,-0.499,-0.668,0.578,-2.4,-1.1,2.9,4.9,-4,-26.2,0.464674825,0.0539872433,0.462477493,-0.753135777
1369,3425814,746820,-0.499,-0.668,0.582,-2.3,-1,2.9,4.9,-4,-26.2,0.464735862,0.0539872433,0.462508011,-0.753105258
1370,3427943,746820,-0.499,-0.664,0.574,-2.2,-0.9,3,4.9,-4,-26.2,0.464796899,0.0539872433,0.46253853,-0.753044221
1371,3430283,746820,-0.495,-0.664,0.574,-2,-0.9,3.2,4.6,-3.9,-26.3,0.464857936,0.0539872433,0.46253853,-0.752983184
1372,3432995,746830,-0.495,-0.664,0.574,-2,-0.8,3.4,4.6,-3.9,-26.3,0.464918973,0.0539872433,0.462569048,-0.752922147
1373,3435793,746830,-0.495,-0.664,0.577,-1.8,-0.7,3.5,4.6,-3.9,-26.3,0.46498001,0.0539872433,0.462599567,-0.752891629
1374,3437940,746830,-0.491,-0.664,0.577,-1.7,-0.5,3.6,4.6,-3.9,-26.3,0.465071566,0.0539872433,0.462599567,-0.752830592
1375,3442097,746830,-0.491,-0.66,0.573,-1.5,-0.4,3.7,4.6,-3.9,-26.3,0.465132603,0.0539872433,0.462630085,-0.752769555
1376,3444189,746840,-0.491,-0.664,0.581,-1.5,-0.2,3.9,4.6,-3.9,-26.3,0.46519364,0.0540482803,0.462630085,-0.752708518
1377,3446521,746840,-0.491,-0.664,0.581,-1.6,0,4.3,4.6,-3.9,-26.3,0.465285195,0.0540787988,0.462660604,-0.752647481
1378,3448746,746840,-0.499,-0.66,0.578,-1.7,0,4.5,4.6,-3.9,-26.3,0.465315714,0.0541093173,0.462691122,-0.752586444
1379,3450543,746840,-0.499,-0.664,0.578,-1.7,0,4.6,4.4,-5,-24.5,0.465437788,0.0541398358,0.462721641,-0.752525407
1380,3452782,746850,-0.495,-0.66,0.574,-1.7,0.1,4.7,4.4,-5,-24.5,0.465498825,0.0541703543,0.462721641,-0.75246437
1381,3455444,746850,-0.503,-0.664,0.578,-1.7,0.2,4.9,4.4,-5,-24.5,0.465590381,0.0542008728,0.462752159,-0.752403333
1382,3458782,746850,-0.499,-0.66,0.581,-1.8,0.4,5.2,4.4,-5,-24.5,0.465681936,0.0542313913,0.462782678,-0.752311777
1383,3461020,746850,-0.499,-0.66,0.581,-1.8,0.4,5.2,4.4,-5,-24.5,0.465681936,0.0542313913,0.462782678,-0.752311777
1384,3463261,746860,-0.495,-0.66,0.574,-2.3,0.7,5.7,4.5,-4.7,-23.4,0.465742973,0.0540482803,0.462782678,-0.752281259
1385,3465590,746860,-0.495,-0.66,0.581,-2.4,0.8,5.7,4.5,-4.7,-23.4,0.465834529,0.0540787988,0.462813196,-0.752220222
1386,3468195,746860,-0.491,-0.656,0.585,-2.5,0.9,5.7,4.5,-4.7,-23.4,0.465926084,0.0541398358,0.462874233,-0.752128666
1387,3470298,746860,-0.491,-0.656,0.577,-2.6,1.1,5.8,4.7,-4.9,-22.2,0.46601764,0.0542008728,0.462904752,-0.752037111
1388,3472918,746870,-0.491,-0.652,0.585,-2.7,1.3,5.9,4.7,-4.9,-22.2,0.466109195,0.0542313913,0.462965789,-0.751945555
1389,3475613,746870,-0.487,-0.656,0.585,-2.7,1.4,6,4.7,-4.9,-22.2,0.466200751,0.0542924284,0.463026826,-0.751853999
1390,3479433,746870,-0.483,-0.66,0.581,-2.7,1.6,6.1,4.7,-4.9,-22.2,0.466261788,0.0543534654,0.463057344,-0.751762444
1391,3482072,746870,-0.487,-0.652,0.585,-2.5,1.8,6.3,4.5,-4.7,-21.6,0.466353343,0.0544145024,0.463118381,-0.751670888
1392,3482726,746880,-0.483,-0.656,0.577,-2.4,1.9,6.5,4.5,-4.7,-21.6,0.466444899,0.0544755394,0.463179418,-0.751579333
1393,3486542,746880,-0.487,-0.656,0.581,-2.2,2.1,6.6,4.5,-4.7,-21.6,0.466536454,0.0545976135,0.463240455,-0.751487777
1394,3488658,746880,-0.483,-0.653,0.581,-2.2,2.3,6.7,4.5,-4.7,-21.6,0.46662801,0.0546586505,0.463270974,-0.751396222
1395,3490984,746880,-0.487,-0.652,0.577,-2.3,2.4,6.8,4.5,-4.7,-21.6,0.466719565,0.0547196875,0.463332011,-0.751274148
1396,3493899,746890,-0.483,-0.653,0.577,-2.5,2.7,6.8,4.5,-4.7,-21.6,0.466811121,0.0548417615,0.463362529,-0.751182592
1397,3496142,746890,-0.483,-0.641,0.577,-2.6,3,6.9,4.5,-4.7,-21.6,0.466902676,0.0549333171,0.463454085,-0.751091037
1398,3498451,746890,-0.487,-0.641,0.577,-2.6,3.4,7,4.5,-4.7,-21.6,0.466994232,0.0550248726,0.46354564,-0.750968963
1399,3500575,746890,-0.487,-0.641,0.577,-2.7,3.8,7.1,4.2,-4.6,-23.9,0.467055269,0.0551469466,0.463606677,-0.750877407
1400,3502945,746900,-0.482,-0.633,0.581,-2.7,4.1,7.3,4.2,-4.6,-23.9,0.467146825,0.0552690207,0.463698233,-0.750785852
1401,3505680,746900,-0.486,-0.633,0.573,-2.6,4.4,7.4,4.2,-4.6,-23.9,0.46723838,0.0553910947,0.46375927,-0.750663778
1402,3507985,746900,-0.486,-0.633,0.569,-2.6,4.6,7.5,4.2,-4.6,-23.9,0.467268899,0.0555131687,0.463850826,-0.750541704
1403,3510315,746900,-0.486,-0.633,0.569,-2.6,4.6,7.5,4.2,-4.6,-23.9,0.467268899,0.0555131687,0.463850826,-0.750541704
1404,3513046,746910,-0.486,-0.629,0.577,-3,5.1,7.3,4.7,-5,-24.9,0.46745201,0.0555742058,0.463820307,-0.750480667
1405,3515350,746910,-0.482,-0.629,0.577,-3.4,5.4,7.1,4.7,-5,-24.9,0.467513047,0.0556962798,0.463911863,-0.750358592
1406,3517734,746910,-0.49,-0.625,0.573,-3.9,5.5,7,4.7,-5,-24.9,0.467574084,0.0558183538,0.464033937,-0.750236518
1407,3521810,746910,-0.494,-0.625,0.57,-4.2,5.7,6.8,4.8,-4.7,-26,0.467635121,0.0559404279,0.464156011,-0.750114444
1408,3522748,746920,-0.498,-0.621,0.562,-4.6,6,6.6,4.8,-4.7,-26,0.467696158,0.0560625019,0.464278085,-0.74999237
1409,3527064,746920,-0.494,-0.621,0.566,-5,6.2,6.5,4.8,-4.7,-26,0.467757195,0.0561845759,0.464430677,-0.749870296
1410,3528802,746920,-0.494,-0.621,0.562,-5.2,6.4,6.3,4.8,-4.7,-26,0.467787713,0.05630665,0.464552751,-0.749748222
1411,3530442,746920,-0.502,-0.609,0.566,-5.6,6.6,6.2,4.3,-4.9,-26.8,0.46784875,0.0563982055,0.464705344,-0.749626148
1412,3533936,746930,-0.506,-0.613,0.562,-5.9,6.8,6,4.3,-4.9,-26.8,0.467879269,0.0565202795,0.464857936,-0.749504074
1413,3535436,746930,-0.506,-0.605,0.562,-6.4,7,5.8,4.3,-4.9,-26.8,0.467909787,0.0566423536,0.465041047,-0.749351482
1414,3538054,746930,-0.51,-0.609,0.562,-6.9,7,5.6,4.3,-4.9,-26.8,0.467940306,0.0567339091,0.465224158,-0.749229408
1415,3541058,746930,-0.514,-0.609,0.562,-7.3,7.1,5.3,4.3,-4.9,-26.8,0.467970824,0.0568254646,0.46540727,-0.749076815
1416,3543273,746940,-0.518,-0.609,0.558,-7.7,7.2,4.9,4.3,-4.9,-26.8,0.467970824,0.0569170202,0.465590381,-0.748954741
1417,3545577,746940,-0.518,-0.605,0.551,-8.1,7.3,4.6,4.3,-4.9,-26.8,0.467970824,0.0570085757,0.46580401,-0.748802149
1418,3547864,746940,-0.522,-0.608,0.562,-8.5,7.4,4.2,4.3,-4.9,-26.8,0.468001343,0.0570696127,0.46601764,-0.748680074
1419,3550441,746940,-0.526,-0.612,0.563,-8.7,7.4,3.8,4.6,-4.5,-25.1,0.468001343,0.0571611682,0.466231269,-0.748527482
1420,3552798,746950,-0.522,-0.604,0.555,-9,7.3,3.4,4.6,-4.5,-25.1,0.467970824,0.0572222053,0.466444899,-0.748405408
1421,3556975,746950,-0.53,-0.612,0.559,-9.2,7.1,3,4.6,-4.5,-25.1,0.467970824,0.0572832423,0.466658528,-0.748252815
1422,3559102,746950,-0.522,-0.616,0.562,-9.2,6.9,2.6,4.6,-4.5,-25.1,0.467940306,0.0573137608,0.466872158,-0.748130741
1423,3561427,746950,-0.522,-0.616,0.562,-9.2,6.9,2.6,4.6,-4.5,-25.1,0.467940306,0.0573137608,0.466872158,-0.748130741
1424,3563893,746960,-0.526,-0.62,0.563,-9.2,6.5,1.8,4.5,-4.6,-24.9,0.468092898,0.0576494644,0.467085788,-0.747886593
1425,3565450,746960,-0.522,-0.628,0.555,-9.2,6.3,1.4,4.5,-4.6,-24.9,0.46806238,0.0576494644,0.467268899,-0.747764519
1426,3567959,746960,-0.522,-0.632,0.566,-9.2,6.2,1,4.5,-4.6,-24.9,0.468031861,0.0577105014,0.467513047,-0.747672964
1427,3570289,746960,-0.526,-0.64,0.563,-9.1,6.1,0.6,4.5,-4.5,-24.9,0.468001343,0.0577105014,0.467726676,-0.74755089
1428,3573339,746970,-0.518,-0.644,0.566,-8.9,6,0.2,4.5,-4.5,-24.9,0.467940306,0.0577105014,0.467909787,-0.747459334
1429,3575547,746970,-0.526,-0.648,0.563,-8.7,5.8,-0.1,4.5,-4.5,-24.9,0.467909787,0.0577410199,0.468123417,-0.747367779
1430,3578627,746970,-0.523,-0.656,0.563,-8.5,5.5,-0.4,4.5,-4.5,-24.9,0.46784875,0.0577105014,0.468306528,-0.747276223
1431,3580863,746970,-0.527,-0.655,0.563,-8.4,5.4,-0.6,4.7,-4.4,-24.9,0.467787713,0.0577105014,0.468520157,-0.747184668
1432,3583095,746980,-0.527,-0.659,0.567,-8,5.2,-0.8,4.7,-4.4,-24.9,0.467726676,0.0577105014,0.468703269,-0.747062593
1433,3585406,746980,-0.531,-0.659,0.567,-7.6,4.9,-0.8,4.7,-4.4,-24.9,0.467665639,0.0577105014,0.46888638,-0.747032075
1434,3587922,746980,-0.527,-0.667,0.559,-7.1,4.7,-0.8,4.7,-4.4,-24.9,0.467635121,0.0577105014,0.469038972,-0.746971038
1435,3591182,746980,-0.527,-0.667,0.563,-6.7,4.6,-0.8,4.7,-4.4,-24.9,0.467574084,0.0577105014,0.469191565,-0.746879482
1436,3592795,746990,-0.527,-0.663,0.559,-6.4,4.5,-0.7,4.7,-4.4,-24.9,0.467513047,0.0577105014,0.469344157,-0.746818445
1437,3596458,746990,-0.531,-0.663,0.567,-6,4.4,-0.5,4.7,-4.4,-24.9,0.467482528,0.0577105014,0.46949675,-0.746757408
1438,3597987,746990,-0.531,-0.663,0.567,-5.8,4.2,-0.3,4.7,-4.4,-24.9,0.467421491,0.0577105014,0.469649342,-0.746696371
1439,3601049,746990,-0.527,-0.659,0.559,-5.7,4.2,-0.1,6.1,-4,-24.7,0.467390973,0.0577410199,0.469771416,-0.746635334
1440,3603325,747000,-0.527,-0.659,0.567,-5.7,4.1,0,6.1,-4,-24.7,0.467360454,0.0577410199,0.469924009,-0.746574297
1441,3605552,747000,-0.527,-0.667,0.563,-5.8,3.9,0,6.1,-4,-24.7,0.467329936,0.0577410199,0.470046083,-0.74651326
1442,3608572,747000,-0.527,-0.667,0.571,-6,3.6,0,6.1,-4,-24.7,0.467268899,0.0577410199,0.470168157,-0.746452223
1443,3610333,747000,-0.527,-0.667,0.571,-6,3.6,0,6.1,-4,-24.7,0.467268899,0.0577410199,0.470168157,-0.746452223
1444,3613827,747010,-0.531,-0.663,0.563,-6.9,3.2,0,6.3,-4,-24.6,0.46723838,0.0576494644,0.470442824,-0.746330149
1445,3615416,747010,-0.531,-0.663,0.563,-7.3,3.1,0,6.3,-4,-24.6,0.467207862,0.0576494644,0.470595416,-0.746238594
1446,3617915,747010,-0.53,-0.655,0.571,-7.6,3,0.2,6.3,-4,-24.6,0.467177343,0.0576189459,0.470748009,-0.746177557
1447,3621293,747010,-0.531,-0.663,0.567,-7.9,2.9,0.2,6.2,-4.2,-24.7,0.467177343,0.0575884274,0.470900601,-0.746086001
1448,3622819,747020,-0.531,-0.663,0.563,-8.2,2.7,0.3,6.2,-4.2,-24.7,0.467177343,0.0575579089,0.471053194,-0.745994446
1449,3625432,747020,-0.535,-0.659,0.567,-8.4,2.5,0.2,6.2,-4.2,-24.7,0.467146825,0.0574968719,0.471236305,-0.74590289
1450,3628858,747020,-0.535,-0.655,0.559,-8.6,2.2,0.1,6.2,-4.2,-24.7,0.467146825,0.0574663533,0.471388897,-0.745811335
1451,3630386,747020,-0.535,-0.659,0.559,-8.7,1.9,0.1,5.9,-4.2,-24.9,0.467146825,0.0574053163,0.47154149,-0.745689261
1452,3632913,747030,-0.535,-0.663,0.563,-8.8,1.7,0.2,5.9,-4.2,-24.9,0.467146825,0.0573442793,0.471724601,-0.745597705
1453,3637142,747030,-0.539,-0.667,0.559,-8.9,1.5,0.1,5.9,-4.2,-24.9,0.467146825,0.0572832423,0.471877194,-0.745506149
1454,3639349,747030,-0.535,-0.667,0.559,-9,1.3,0.1,5.9,-4.2,-24.9,0.467146825,0.0571611682,0.472029786,-0.745414594
1455,3641635,747030,-0.542,-0.659,0.563,-9,0.9,0,5.9,-4.2,-24.9,0.467146825,0.0571306497,0.472182379,-0.745323038
1456,3643844,747040,-0.539,-0.671,0.563,-9.2,0.5,0,5.9,-4.2,-24.9,0.467146825,0.0570390942,0.472334971,-0.745231483
1457,3645405,747040,-0.543,-0.667,0.563,-9.2,0.2,-0.2,5.9,-4.2,-24.9,0.467146825,0.0569170202,0.472487564,-0.745139927
1458,3648057,747040,-0.543,-0.667,0.563,-9.1,0,-0.4,5.9,-4.2,-24.9,0.467146825,0.0568559832,0.472640156,-0.745048372
1459,3650444,747040,-0.539,-0.675,0.559,-9,-0.2,-0.5,5.6,-4.5,-24.8,0.467146825,0.0567644276,0.472792749,-0.744956816
1460,3654444,747050,-0.539,-0.675,0.559,-8.7,-0.5,-0.4,5.6,-4.5,-24.8,0.467146825,0.0566423536,0.472945341,-0.744865261
1461,3655913,747050,-0.543,-0.679,0.571,-8.5,-0.6,-0.5,5.6,-4.5,-24.8,0.467177343,0.0565507981,0.473067415,-0.744804224
1462,3658172,747050,-0.539,-0.683,0.559,-8.2,-0.8,-0.6,5.6,-4.5,-24.8,0.467177343,0.056428724,0.473189489,-0.744712668
1463,3661175,747050,-0.539,-0.683,0.559,-8.2,-0.8,-0.6,5.6,-4.5,-24.8,0.467177343,0.056428724,0.473189489,-0.744712668
1464,3662884,747060,-0.539,-0.679,0.563,-7.4,-1.4,-0.6,5.6,-4.4,-24.7,0.467177343,0.0561845759,0.473433638,-0.744590594
1465,3665669,747060,-0.543,-0.683,0.559,-6.9,-1.9,-0.6,5.6,-4.4,-24.7,0.467207862,0.0560625019,0.473525193,-0.744529557
1466,3668688,747060,-0.543,-0.687,0.567,-6.4,-2.3,-0.5,5.6,-4.4,-24.7,0.467207862,0.0559404279,0.473616749,-0.74446852
1467,3670304,747060,-0.543,-0.69,0.555,-5.8,-2.7,-0.5,4.5,-4.4,-24.8,0.46723838,0.0558488723,0.473677786,-0.744407483
1468,3674026,747070,-0.543,-0.687,0.567,-5.2,-3,-0.4,4.5,-4.4,-24.8,0.467268899,0.0556962798,0.473738823,-0.744376965
1469,3675473,747070,-0.543,-0.69,0.563,-4.7,-3.2,-0.3,4.5,-4.4,-24.8,0.467268899,0.0556352428,0.473769341,-0.744315928
1470,3678462,747070,-0.551,-0.682,0.56,-4.3,-3.5,-0.2,4.5,-4.4,-24.8,0.467360454,0.0555436872,0.47379986,-0.744285409
1471,3680274,747070,-0.543,-0.683,0.555,-3.8,-3.9,0,3.9,-4.4,-25,0.467390973,0.0554216132,0.473830378,-0.744254891
1472,3684375,747080,-0.543,-0.687,0.563,-3.5,-4.3,0,3.9,-4.4,-25,0.46745201,0.0553300577,0.473830378,-0.744224372
1473,3685857,747080,-0.543,-0.683,0.559,-3.1,-4.6,0.2,3.9,-4.4,-25,0.467482528,0.0552079836,0.473830378,-0.744193854
1474,3689011,747080,-0.547,-0.675,0.559,-2.9,-4.8,0.2,3.9,-4.4,-25,0.467543565,0.0551164281,0.473830378,-0.744163335
1475,3690411,747080,-0.543,-0.675,0.559,-2.7,-4.9,0.3,5.8,-4.4,-25.2,0.467604602,0.0549638356,0.473830378,-0.744132817
1476,3693435,747090,-0.547,-0.679,0.567,-2.5,-5.1,0.4,5.8,-4.4,-25.2,0.467665639,0.0549027985,0.473830378,-0.744102298
1477,3695780,747090,-0.543,-0.675,0.559,-2.4,-5.3,0.4,5.8,-4.4,-25.2,0.467757195,0.0547807245,0.47379986,-0.74407178
1478,3697946,747090,-0.547,-0.671,0.559,-2.6,-5.5,0.4,5.8,-4.4,-25.2,0.467818232,0.054689169,0.47379986,-0.74407178
1479,3700897,747090,-0.543,-0.667,0.559,-2.7,-5.7,0.5,2.5,-4.3,-24.7,0.467879269,0.0545670949,0.473769341,-0.744041261
1480,3704037,747100,-0.543,-0.667,0.559,-2.7,-5.9,0.6,2.5,-4.3,-24.7,0.467970824,0.0544450209,0.473769341,-0.744010743
1481,3705420,747100,-0.547,-0.675,0.559,-2.9,-6.2,0.7,2.5,-4.3,-24.7,0.468031861,0.0543229469,0.473738823,-0.743980224
1482,3708471,747100,-0.547,-0.667,0.555,-3.2,-6.5,0.8,2.5,-4.3,-24.7,0.468123417,0.0542008728,0.473738823,-0.743949705
1483,3710798,747100,-0.547,-0.667,0.555,-3.2,-6.5,0.8,2.5,-4.3,-24.7,0.468123417,0.0542008728,0.473738823,-0.743949705
1484,3712976,747110,-0.547,-0.667,0.555,-3.8,-6.9,0.9,2.2,-4.3,-25.4,0.468337046,0.0539872433,0.473708304,-0.743827631
1485,3716095,747110,-0.547,-0.667,0.552,-4,-7.1,0.9,2.2,-4.3,-25.4,0.468428602,0.0538651692,0.473708304,-0.743797113
1486,3718337,747110,-0.547,-0.663,0.548,-4.3,-7.4,0.8,2.2,-4.3,-25.4,0.468550676,0.0537125767,0.473708304,-0.743736076
1487,3720629,747110,-0.543,-0.667,0.559,-4.6,-7.6,0.8,2.1,-4.2,-25.3,0.468642232,0.0534989471,0.473677786,-0.743705557
1488,3723587,747120,-0.547,-0.663,0.548,-4.9,-7.7,0.9,2.1,-4.2,-25.3,0.468733787,0.0533768731,0.473677786,-0.74364452
1489,3726623,747120,-0.547,-0.663,0.552,-5.1,-7.8,0.8,2.1,-4.2,-25.3,0.468825343,0.053193762,0.473677786,-0.743583483
1490,3728058,747120,-0.543,-0.663,0.548,-5.2,-7.9,0.7,2.1,-4.2,-25.3,0.468947417,0.053010651,0.473708304,-0.743522446
1491,3731069,747120,-0.547,-0.663,0.552,-5.4,-8,0.7,3.3,-4.1,-25.2,0.469038972,0.0528580584,0.473708304,-0.743491928
1492,3732720,747130,-0.543,-0.663,0.551,-5.5,-8.3,0.7,3.3,-4.1,-25.2,0.469130528,0.0526749474,0.473708304,-0.743430891
1493,3735493,747130,-0.543,-0.667,0.555,-5.6,-8.4,0.6,3.3,-4.1,-25.2,0.469222083,0.0524613178,0.473708304,-0.743369854
1494,3738528,747130,-0.539,-0.667,0.551,-5.6,-8.5,0.6,3.3,-4.1,-25.2,0.469344157,0.0522782067,0.473708304,-0.743308817
1495,3741580,747130,-0.539,-0.671,0.555,-5.6,-8.6,0.4,5.1,-5.6,-25.1,0.469466231,0.0520950957,0.473708304,-0.74324778
1496,3743046,747140,-0.539,-0.671,0.551,-5.4,-8.7,0.4,5.1,-5.6,-25.1,0.469557787,0.0519119846,0.473708304,-0.743217261
1497,3746001,747140,-0.535,-0.675,0.555,-5.1,-9,0.5,5.1,-5.6,-25.1,0.469679861,0.0516983551,0.473708304,-0.743156224
1498,3749082,747140,-0.539,-0.671,0.555,-4.8,-9.1,0.5,5.1,-5.6,-25.1,0.469771416,0.051515244,0.473677786,-0.743125706
1499,3750818,747140,-0.539,-0.675,0.551,-4.5,-9.1,0.6,4.7,-2.9,-24.6,0.46989349,0.0513016144,0.473677786,-0.743064669
1500,3753907,747150,-0.539,-0.675,0.547,-4.3,-9.2,0.6,4.7,-2.9,-24.6,0.469985046,0.0511185034,0.473647267,-0.74303415
1501,3755425,747150,-0.535,-0.675,0.547,-4.1,-9.3,0.7,4.7,-2.9,-24.6,0.47010712,0.0509353923,0.473616749,-0.743003632
1502,3759000,747150,-0.535,-0.675,0.551,-3.8,-9.4,0.7,4.7,-2.9,-24.6,0.470229194,0.0507522813,0.47358623,-0.742942595
1503,3760456,747150,-0.535,-0.675,0.551,-3.8,-9.4,0.7,4.7,-2.9,-24.6,0.470229194,0.0507522813,0.47358623,-0.742942595
1504,3763325,747160,-0.535,-0.675,0.551,-3,-9.9,1.2,5.1,-2.8,-24.5,0.470442824,0.0504470962,0.473616749,-0.742820521
1505,3765983,747160,-0.531,-0.671,0.547,-2.5,-10.1,1.2,5.1,-2.8,-24.5,0.470564898,0.0502639851,0.473555712,-0.742790002
1506,3768915,747160,-0.527,-0.675,0.559,-2,-10,1.3,5.1,-2.8,-24.5,0.470686972,0.0500808741,0.473494675,-0.742759484
1507,3770469,747160,-0.527,-0.675,0.559,-1.5,-9.9,1.3,5.2,-2.7,-24.6,0.470809046,0.0499282815,0.473403119,-0.742728965
1508,3773375,747170,-0.523,-0.679,0.555,-1,-9.8,1.6,5.2,-2.7,-24.6,0.470961638,0.049775689,0.473342082,-0.742728965
1509,3776443,747170,-0.527,-0.675,0.551,-0.6,-9.8,1.8,5.2,-2.7,-24.6,0.471083712,0.0495925779,0.473250526,-0.742698447
1510,3777956,747170,-0.519,-0.683,0.551,-0.2,-9.9,1.9,5.2,-2.7,-24.6,0.471175268,0.0494705039,0.473128452,-0.742698447
1511,3780370,747170,-0.523,-0.671,0.551,0,-10.1,2.1,5.1,-2.6,-24.6,0.471358379,0.0493484298,0.473036897,-0.742698447
1512,3783911,747180,-0.523,-0.667,0.551,0.3,-10.1,2.2,5.1,-2.6,-24.6,0.471510971,0.0491958373,0.472914823,-0.742667928
1513,3785356,747180,-0.523,-0.663,0.551,0.5,-10.1,2.4,5.1,-2.6,-24.6,0.471633045,0.0490737632,0.472792749,-0.742667928
1514,3788773,747180,-0.523,-0.663,0.551,0.6,-10,2.5,5.1,-2.6,-24.6,0.471785638,0.0489516892,0.472670675,-0.742667928
1515,3790832,747180,-0.527,-0.659,0.547,0.8,-10,2.7,4,-4,-24.9,0.471938231,0.0487990967,0.472548601,-0.74263741
1516,3793118,747190,-0.519,-0.656,0.547,0.9,-10,2.8,4,-4,-24.9,0.472090823,0.0486770226,0.472426527,-0.74263741
1517,3795439,747190,-0.519,-0.66,0.547,1.1,-9.8,2.9,4,-4,-24.9,0.472212897,0.0485854671,0.472304453,-0.74263741
1518,3798116,747190,-0.515,-0.652,0.555,1.2,-9.6,3,4,-4,-24.9,0.47236549,0.048463393,0.472182379,-0.74263741
1519,3802162,747190,-0.515,-0.656,0.547,1.2,-9.5,3.1,3.7,-4.8,-25,0.472518082,0.048341319,0.472060305,-0.742606891
1520,3804325,747200,-0.515,-0.656,0.547,1.2,-9.4,3.2,3.7,-4.8,-25,0.472670675,0.0482497635,0.471968749,-0.742606891
1521,3805759,747200,-0.519,-0.656,0.551,1,-9.4,3.3,3.7,-4.8,-25,0.472823267,0.0481276894,0.471846675,-0.742576373
1522,3808862,747200,-0.515,-0.656,0.543,0.8,-9.4,3.3,3.7,-4.8,-25,0.47297586,0.0480361339,0.471724601,-0.742576373
1523,3810413,747200,-0.515,-0.656,0.543,0.8,-9.4,3.3,3.7,-4.8,-25,0.47297586,0.0480361339,0.471724601,-0.742576373
1524,3812930,747210,-0.515,-0.656,0.547,0.1,-9.2,3.2,3.5,-6.1,-25,0.473281045,0.0477919858,0.471510971,-0.742515336
1525,3816370,747210,-0.515,-0.656,0.543,0,-9,3.1,3.5,-6.1,-25,0.473403119,0.0476393933,0.471419416,-0.742515336
1526,3818198,747210,-0.515,-0.66,0.551,-0.1,-8.8,3,3.5,-6.1,-25,0.473555712,0.0475783563,0.47132786,-0.742484817
1527,3821718,747210,-0.515,-0.652,0.547,-0.2,-8.5,3.1,3.7,-6.7,-24.9,0.473708304,0.0474562822,0.471236305,-0.742454299
1528,3823055,747220,-0.515,-0.652,0.539,-0.4,-8.4,3.2,3.7,-6.7,-24.9,0.473830378,0.0473647267,0.471144749,-0.74242378
1529,3826847,747220,-0.515,-0.66,0.551,-0.7,-8.2,3.2,3.7,-6.7,-24.9,0.473982971,0.0472426527,0.471083712,-0.742393262
1530,3828224,747220,-0.523,-0.656,0.547,-0.9,-8,3.1,3.7,-6.7,-24.9,0.474105045,0.0471510971,0.471022675,-0.742362743
1531,3830497,747220,-0.519,-0.66,0.539,-1.1,-7.8,3,3.8,-6.8,-24.9,0.474227119,0.0470290231,0.47093112,-0.742332224
1532,3832864,747230,-0.523,-0.656,0.535,-1.3,-7.6,2.9,3.8,-6.8,-24.9,0.474379711,0.0469069491,0.470900601,-0.742271187
1533,3836326,747230,-0.515,-0.66,0.543,-1.6,-7.4,2.9,3.8,-6.8,-24.9,0.474501785,0.0468153935,0.470839564,-0.742240669
1534,3838090,747230,-0.515,-0.656,0.543,-1.8,-7.2,2.8,3.8,-6.8,-24.9,0.474623859,0.046723838,0.470778527,-0.74221015
1535,3840280,747230,-0.515,-0.656,0.551,-1.7,-7.1,2.7,3.7,-2.4,-23.4,0.474745933,0.046601764,0.470748009,-0.742179632
1536,3843065,747240,-0.515,-0.664,0.543,-1.6,-7.1,2.7,3.7,-2.4,-23.4,0.474868007,0.0465102084,0.470686972,-0.742118595
1537,3846075,747240,-0.519,-0.656,0.543,-1.6,-6.9,2.6,3.7,-2.4,-23.4,0.474959563,0.0463881344,0.470625935,-0.742088076
1538,3847686,747240,-0.511,-0.664,0.539,-1.6,-6.6,2.4,3.7,-2.4,-23.4,0.475081637,0.0462965789,0.470595416,-0.742057558
1539,3851038,747240,-0.511,-0.66,0.543,-1.8,-6.5,2.2,3.9,-4.6,-26.3,0.475173193,0.0461745048,0.470564898,-0.742027039
1540,3853780,747250,-0.515,-0.668,0.543,-1.8,-6.5,2.2,3.9,-4.6,-26.3,0.475295267,0.0460829493,0.470503861,-0.741996521
1541,3855428,747250,-0.511,-0.664,0.539,-1.7,-6.4,2.2,3.9,-4.6,-26.3,0.475386822,0.0459913938,0.470473342,-0.741935484
1542,3858554,747250,-0.511,-0.668,0.539,-1.6,-6.2,2.2,3.9,-4.6,-26.3,0.475508896,0.0458998383,0.470442824,-0.741904965
1543,3861631,747250,-0.511,-0.668,0.539,-1.6,-6.2,2.2,3.9,-4.6,-26.3,0.475508896,0.0458998383,0.470442824,-0.741904965
1544,3863015,747260,-0.507,-0.668,0.543,-1.6,-5.7,2,3.6,-4.1,-26.1,0.475539415,0.0455641346,0.470625935,-0.741782891
1545,3865916,747260,-0.507,-0.672,0.543,-1.4,-5.6,1.9,3.6,-4.1,-26.1,0.47563097,0.0454420606,0.470595416,-0.741752373
1546,3867641,747260,-0.507,-0.668,0.539,-1.4,-5.5,1.9,3.6,-4.1,-26.1,0.475722526,0.0454115421,0.470534379,-0.741721854
1547,3870275,747260,-0.507,-0.668,0.539,-1.4,-5.5,1.9,3.6,-4.1,-26.1,0.475722526,0.0454115421,0.470534379,-0.741721854
1548,3873387,747270,-0.503,-0.664,0.539,-1.3,-5.2,1.8,3.9,-2.9,-26.2,0.475905637,0.0451979125,0.470473342,-0.741660817
1549,3876278,747270,-0.507,-0.664,0.535,-1.3,-4.9,1.7,3.9,-2.9,-26.2,0.475966674,0.045167394,0.470442824,-0.741630299
1550,3877954,747270,-0.503,-0.66,0.539,-1.1,-4.8,1.6,3.9,-2.9,-26.2,0.476058229,0.0450758385,0.470412305,-0.741630299
1551,3880547,747270,-0.503,-0.66,0.543,-1.1,-4.6,1.6,4,-2.1,-26.3,0.476119266,0.0450148015,0.470381787,-0.74159978
1552,3884590,747280,-0.503,-0.664,0.543,-1.2,-4.6,1.5,4,-2.1,-26.3,0.476210822,0.0449537645,0.470351268,-0.741569262
1553,3886194,747280,-0.503,-0.66,0.539,-1.3,-4.4,1.5,4,-2.1,-26.3,0.476271859,0.0448622089,0.47032075,-0.741538743
1554,3888072,747280,-0.503,-0.66,0.535,-1.5,-4.1,1.5,4,-2.1,-26.3,0.476332896,0.0448011719,0.47032075,-0.741508225
1555,3890480,747280,-0.499,-0.668,0.539,-1.7,-3.9,1.6,3.6,-4.2,-24.4,0.476424451,0.0447096164,0.470290231,-0.741477706
1556,3892814,747290,-0.503,-0.66,0.539,-1.9,-3.8,1.7,3.6,-4.2,-24.4,0.476485488,0.0446790979,0.470290231,-0.741447188
1557,3897097,747290,-0.503,-0.664,0.539,-2,-3.7,1.8,3.6,-4.2,-24.4,0.476546525,0.0446180609,0.470290231,-0.741416669
1558,3899297,747290,-0.503,-0.664,0.535,-2.2,-3.7,1.8,3.6,-4.2,-24.4,0.476638081,0.0445570238,0.470259713,-0.741386151
1559,3900966,747290,-0.499,-0.66,0.535,-2.5,-3.7,1.6,3.3,-4.3,-25.7,0.476699118,0.0444654683,0.470259713,-0.741325114
1560,3903227,747300,-0.499,-0.664,0.535,-2.8,-3.6,1.4,3.3,-4.3,-25.7,0.476760155,0.0444044313,0.470290231,-0.741294595
1561,3905557,747300,-0.499,-0.664,0.539,-3.1,-3.3,1.3,3.3,-4.3,-25.7,0.476821192,0.0443433943,0.470290231,-0.741264077
1562,3907938,747300,-0.499,-0.664,0.539,-3.3,-3.2,1.1,3.3,-4.3,-25.7,0.476882229,0.0442213202,0.47032075,-0.74120304
1563,3911452,747300,-0.499,-0.664,0.539,-3.3,-3.2,1.1,3.3,-4.3,-25.7,0.476882229,0.0442213202,0.47032075,-0.74120304
1564,3913719,747310,-0.503,-0.668,0.535,-3.7,-3.1,1.3,3.5,-4,-25.4,0.476851711,0.0439161351,0.470534379,-0.741111484
1565,3915960,747310,-0.499,-0.668,0.535,-3.9,-3,1.3,3.5,-4,-25.4,0.476912748,0.0438550981,0.470564898,-0.741050447
1566,3918196,747310,-0.499,-0.668,0.535,-4.1,-2.9,1.3,3.5,-4,-25.4,0.476973785,0.0437330241,0.470595416,-0.74098941
1567,3920442,747310,-0.495,-0.672,0.531,-4.3,-2.9,1.2,3.1,-4,-24.8,0.477004303,0.0437025056,0.470625935,-0.740958892
1568,3922893,747320,-0.499,-0.672,0.535,-4.4,-2.8,1.2,3.1,-4,-24.8,0.477034822,0.04361095,0.470656453,-0.740897855
1569,3926433,747320,-0.499,-0.68,0.539,-4.5,-2.9,1,3.1,-4,-24.8,0.477126377,0.043488876,0.47071749,-0.740836818
1570,3928616,747320,-0.499,-0.672,0.539,-4.7,-2.7,0.9,3.1,-4,-24.8,0.477156896,0.043427839,0.470748009,-0.740775781
1571,3930554,747320,-0.503,-0.676,0.539,-4.9,-2.5,0.7,3.2,-4.1,-23.2,0.477217933,0.043366802,0.470809046,-0.740714743
1572,3932833,747330,-0.503,-0.676,0.539,-4.9,-2.4,0.7,3.2,-4.1,-23.2,0.477248451,0.0432447279,0.470870083,-0.740653706
1573,3936566,747330,-0.499,-0.684,0.535,-5,-2.4,0.6,3.2,-4.1,-23.2,0.477309488,0.0431836909,0.47093112,-0.740623188
1574,3938985,747330,-0.499,-0.688,0.539,-5,-2.5,0.7,3.2,-4.1,-23.2,0.477340007,0.0430921354,0.470961638,-0.740562151
1575,3941015,747330,-0.507,-0.683,0.543,-4.9,-2.7,0.7,3.6,-4.2,-27.1,0.477370525,0.0430005799,0.471022675,-0.740501114
1576,3943224,747340,-0.499,-0.688,0.539,-4.9,-2.6,0.7,3.6,-4.2,-27.1,0.477431562,0.0429395428,0.471083712,-0.740440077
1577,3945605,747340,-0.503,-0.691,0.539,-4.6,-2.6,0.8,3.6,-4.2,-27.1,0.477462081,0.0428479873,0.471114231,-0.74037904
1578,3947776,747340,-0.503,-0.691,0.539,-4.4,-2.6,0.8,3.6,-4.2,-27.1,0.477523118,0.0427564318,0.471175268,-0.740348521
1579,3950372,747340,-0.503,-0.695,0.539,-4.2,-2.7,0.9,3.6,-4.1,-24.5,0.477553636,0.0426953948,0.471175268,-0.740287484
1580,3953936,747350,-0.499,-0.692,0.535,-4.2,-2.8,1,3.6,-4.1,-24.5,0.477614673,0.0426038392,0.471236305,-0.740226447
1581,3955440,747350,-0.503,-0.691,0.543,-4.1,-2.9,1,3.6,-4.1,-24.5,0.47767571,0.0425122837,0.471266823,-0.740195929
1582,3957732,747350,-0.503,-0.687,0.535,-4.1,-3,1,3.6,-4.1,-24.5,0.477706229,0.0424512467,0.471297342,-0.740134892
1583,3960291,747350,-0.503,-0.687,0.535,-4.1,-3,1,3.6,-4.1,-24.5,0.477706229,0.0424512467,0.471297342,-0.740134892
1584,3963236,747360,-0.503,-0.691,0.535,-4.1,-3,0.8,3.6,-3.8,-23.9,0.47767571,0.0420239875,0.471572008,-0.740012818
1585,3965780,747360,-0.507,-0.683,0.539,-4.1,-3,0.9,3.6,-3.8,-23.9,0.477706229,0.041993469,0.471602527,-0.739982299
1586,3968017,747360,-0.503,-0.672,0.535,-4.2,-3.1,1.1,3.6,-3.8,-23.9,0.477767266,0.0419019135,0.471633045,-0.739921262
1587,3970681,747360,-0.503,-0.672,0.535,-4.1,-3.2,1.3,3.6,-4,-24.5,0.477828303,0.0417798395,0.471663564,-0.739860225
1588,3972944,747370,-0.503,-0.676,0.535,-4,-3.3,1.5,3.6,-4,-24.5,0.47788934,0.041749321,0.471694082,-0.739799188
1589,3976896,747370,-0.503,-0.672,0.535,-3.9,-3.5,1.6,3.6,-4,-24.5,0.477980895,0.0416577654,0.471724601,-0.73976867
1590,3979159,747370,-0.503,-0.668,0.535,-3.9,-3.7,1.7,3.6,-4,-24.5,0.478041932,0.0415356914,0.471755119,-0.739707633
1591,3980763,747370,-0.503,-0.672,0.535,-3.9,-3.7,1.8,3.5,-4,-25.4,0.478102969,0.0414746544,0.471755119,-0.739646596
1592,3983091,747380,-0.495,-0.668,0.538,-4.1,-3.6,1.7,3.5,-4,-25.4,0.478164006,0.0414136174,0.471785638,-0.739585559
1593,3986251,747380,-0.499,-0.672,0.539,-4.3,-3.6,1.7,3.5,-4,-25.4,0.478255562,0.0412915433,0.471816156,-0.739524522
1594,3988438,747380,-0.499,-0.672,0.535,-4.6,-3.7,1.6,3.5,-4,-25.4,0.478316599,0.0412305063,0.471846675,-0.739463485
1595,3990689,747380,-0.499,-0.668,0.539,-4.9,-4.1,1.6,3.5,-4,-25.6,0.478377636,0.0411389508,0.471907712,-0.739402448
1596,3992960,747390,-0.499,-0.668,0.539,-5.2,-4.3,1.5,3.5,-4,-25.6,0.478469192,0.0410168767,0.471938231,-0.739341411
1597,3995383,747390,-0.499,-0.664,0.539,-5.4,-4.4,1.5,3.5,-4,-25.6,0.478530229,0.0408948027,0.471968749,-0.739249855
1598,3997946,747390,-0.495,-0.656,0.538,-5.8,-4.5,1.5,3.5,-4,-25.6,0.478621784,0.0407727287,0.472029786,-0.739188818
1599,4001446,747390,-0.499,-0.656,0.539,-6,-4.5,1.5,3.4,-4.1,-25.6,0.478682821,0.0406506546,0.472060305,-0.739127781
1600,4003945,747400,-0.499,-0.66,0.539,-6.2,-4.6,1.4,3.4,-4.1,-25.6,0.478774377,0.0405285806,0.472121342,-0.739036225
1601,4006124,747400,-0.503,-0.656,0.539,-6.3,-4.6,1.3,3.4,-4.1,-25.6,0.478835414,0.0404065065,0.472182379,-0.738975188
1602,4008380,747400,-0.495,-0.66,0.538,-6.3,-4.8,1.2,3.4,-4.1,-25.6,0.478926969,0.0402844325,0.472212897,-0.738883633
1603,4010436,747400,-0.495,-0.66,0.538,-6.3,-4.8,1.2,3.4,-4.1,-25.6,0.478926969,0.0402844325,0.472212897,-0.738883633
1604,4012814,747410,-0.495,-0.664,0.546,-6.3,-4.9,1.2,3,-3.9,-25.6,0.478988006,0.0399487289,0.47236549,-0.738761559
1605,4015887,747410,-0.495,-0.668,0.538,-6.1,-4.9,1.2,3,-3.9,-25.6,0.47911008,0.0397961364,0.472396008,-0.738670003
1606,4018068,747410,-0.495,-0.668,0.538,-6.1,-5,1,3,-3.9,-25.6,0.479171117,0.0396740623,0.472457045,-0.738608966
1607,4020338,747410,-0.495,-0.676,0.538,-6,-5.2,0.9,3.2,-4,-25.8,0.479262673,0.0395519883,0.472487564,-0.738547929
1608,4022905,747420,-0.495,-0.672,0.535,-6,-5.4,0.7,3.2,-4,-25.8,0.47932371,0.0393993957,0.472518082,-0.738486892
1609,4026443,747420,-0.491,-0.672,0.542,-6,-5.6,0.4,3.2,-4,-25.8,0.479415265,0.0392468032,0.472579119,-0.738425855
1610,4027913,747420,-0.495,-0.676,0.538,-5.9,-5.7,0.4,3.2,-4,-25.8,0.479476302,0.0390942106,0.472609638,-0.738364818
1611,4030255,747420,-0.499,-0.672,0.539,-5.7,-5.7,0.5,3.3,-3.9,-25.9,0.479537339,0.0389416181,0.472640156,-0.738303781
1612,4033235,747430,-0.495,-0.668,0.538,-5.4,-5.7,0.6,3.3,-3.9,-25.9,0.479628895,0.0388195441,0.472670675,-0.738242744
1613,4035426,747430,-0.499,-0.668,0.539,-5,-5.6,0.7,3.3,-3.9,-25.9,0.479689932,0.0386669515,0.472670675,-0.738181707
1614,4037943,747430,-0.499,-0.664,0.546,-4.9,-5.7,0.8,3.3,-3.9,-25.9,0.479781487,0.0385448775,0.472701193,-0.73812067
1615,4040951,747430,-0.495,-0.664,0.546,-4.6,-5.8,0.8,2.7,-3.9,-25.2,0.479842524,0.0383617664,0.472731712,-0.738090152
1616,4043282,747440,-0.495,-0.66,0.546,-4.4,-5.9,0.7,2.7,-3.9,-25.2,0.47993408,0.0382702109,0.472731712,-0.738029115
1617,4045431,747440,-0.495,-0.668,0.542,-4.3,-6,0.5,2.7,-3.9,-25.2,0.479995117,0.0381176183,0.472731712,-0.737968078
1618,4047991,747440,-0.495,-0.66,0.554,-4.3,-6,0.5,2.7,-3.9,-25.2,0.480086673,0.0379955443,0.472731712,-0.737937559
1619,4050355,747440,-0.495,-0.664,0.538,-4.3,-6,0.4,3.9,-3.5,-25.3,0.48014771,0.0378429518,0.472731712,-0.737876522
1620,4053791,747450,-0.495,-0.656,0.542,-4.3,-6,0.5,3.9,-3.5,-25.3,0.480239265,0.0377208777,0.47276223,-0.737846004
1621,4055440,747450,-0.503,-0.652,0.546,-4.4,-5.8,0.4,3.9,-3.5,-25.3,0.480300302,0.0375682852,0.47276223,-0.737784967
1622,4059046,747450,-0.499,-0.652,0.546,-4.5,-5.8,0.4,3.9,-3.5,-25.3,0.480361339,0.0374462111,0.47276223,-0.737754448
1623,4060527,747450,-0.499,-0.652,0.546,-4.5,-5.8,0.4,3.9,-3.5,-25.3,0.480361339,0.0374462111,0.47276223,-0.737754448
1624,4063763,747460,-0.495,-0.652,0.546,-4.7,-5.7,0.2,3.8,-3.5,-25.1,0.480483413,0.037079989,0.472792749,-0.737693411
1625,4065523,747460,-0.499,-0.652,0.55,-4.9,-5.6,0.2,3.8,-3.5,-25.1,0.48054445,0.036957915,0.472792749,-0.737632374
1626,4068200,747460,-0.495,-0.652,0.546,-5.1,-5.5,0.2,3.8,-3.5,-25.1,0.480605487,0.0368053224,0.472823267,-0.737571337
1627,4071335,747460,-0.499,-0.652,0.546,-5.3,-5.5,0.2,3.6,-3.6,-25.1,0.480666524,0.0366527299,0.472853786,-0.737540819
1628,4072930,747470,-0.499,-0.652,0.55,-5.5,-5.5,0.2,3.6,-3.6,-25.1,0.48075808,0.0365306558,0.472884304,-0.737479781
1629,4075687,747470,-0.503,-0.652,0.546,-6,-5.5,0.1,3.6,-3.6,-25.1,0.480819117,0.0363780633,0.472914823,-0.737418744
1630,4078772,747470,-0.503,-0.652,0.55,-6.3,-5.4,0,3.6,-3.6,-25.1,0.480880154,0.0362254707,0.47297586,-0.737357707
1631,4080308,747470,-0.503,-0.648,0.542,-6.6,-5.4,0,3.4,-4.1,-24.9,0.480941191,0.0360728782,0.473036897,-0.73729667
1632,4082832,747480,-0.503,-0.644,0.546,-6.8,-5.4,-0.2,3.4,-4.1,-24.9,0.481002228,0.0358897671,0.473067415,-0.737235633
1633,4086213,747480,-0.503,-0.648,0.55,-6.8,-5.4,-0.4,3.4,-4.1,-24.9,0.481032746,0.0357371746,0.473128452,-0.737174596
1634,4087780,747480,-0.503,-0.644,0.546,-6.8,-5.5,-0.6,3.4,-4.1,-24.9,0.481093783,0.035584582,0.473189489,-0.737113559
1635,4090259,747480,-0.507,-0.648,0.55,-6.8,-5.5,-0.8,1.5,-3.8,-25,0.48115482,0.035401471,0.473220008,-0.737052522
1636,4093716,747490,-0.503,-0.652,0.55,-6.9,-5.6,-1.1,1.5,-3.8,-25,0.481185339,0.0351878414,0.473281045,-0.736991485
1637,4095293,747490,-0.503,-0.644,0.554,-7,-5.6,-1.2,1.5,-3.8,-25,0.481246376,0.0350352489,0.473342082,-0.736930448
1638,4098169,747490,-0.507,-0.648,0.55,-7.1,-5.6,-1.2,1.5,-3.8,-25,0.481276894,0.0348826563,0.473403119,-0.736869411
1639,4100479,747490,-0.499,-0.652,0.55,-7.1,-5.4,-1.2,4.9,-3.4,-25.2,0.481337931,0.0346995453,0.473464156,-0.736838893
1640,4102898,747500,-0.503,-0.656,0.554,-7.2,-5.4,-1.2,4.9,-3.4,-25.2,0.48136845,0.0345164342,0.473525193,-0.736777856
1641,4106407,747500,-0.499,-0.652,0.554,-7.3,-5.4,-1.4,4.9,-3.4,-25.2,0.481398968,0.0343333232,0.47358623,-0.736716819
1642,4107878,747500,-0.503,-0.656,0.55,-7.4,-5.5,-1.5,4.9,-3.4,-25.2,0.481429487,0.0341502121,0.473647267,-0.736655782
1643,4110744,747500,-0.503,-0.656,0.55,-7.4,-5.5,-1.5,4.9,-3.4,-25.2,0.481429487,0.0341502121,0.473647267,-0.736655782
1644,4113899,747510,-0.507,-0.66,0.554,-7.4,-5.5,-1.9,4.8,-3.7,-25.3,0.48158208,0.0338145085,0.473616749,-0.736594745
1645,4115337,747510,-0.499,-0.656,0.554,-7.4,-5.4,-1.9,4.8,-3.7,-25.3,0.481612598,0.0336313974,0.473677786,-0.736564226
1646,4118206,747510,-0.499,-0.66,0.554,-7.4,-5.2,-1.9,4.8,-3.7,-25.3,0.481643117,0.0334482864,0.473738823,-0.736503189
1647,4121287,747510,-0.503,-0.66,0.558,-7.2,-5.3,-1.9,4.7,-3.6,-25.5,0.481673635,0.0332346568,0.47379986,-0.736442152
1648,4122953,747520,-0.503,-0.664,0.562,-6.9,-5.4,-1.9,4.7,-3.6,-25.5,0.481704154,0.0330820643,0.473860897,-0.736411634
1649,4126409,747520,-0.503,-0.66,0.55,-6.6,-5.4,-1.9,4.7,-3.6,-25.5,0.481734672,0.0328989532,0.473921934,-0.736350597
1650,4127824,747520,-0.499,-0.664,0.558,-6.5,-5.5,-1.9,4.7,-3.6,-25.5,0.481765191,0.0327158422,0.473952452,-0.736320078
1651,4130401,747520,-0.503,-0.664,0.558,-6.2,-5.5,-1.9,4.1,-3.9,-25.2,0.481795709,0.0325022126,0.474013489,-0.736259041
1652,4133893,747530,-0.499,-0.664,0.558,-6,-5.6,-2,4.1,-3.9,-25.2,0.481826228,0.0323801386,0.474044008,-0.736228523
1653,4135364,747530,-0.499,-0.672,0.558,-5.9,-5.6,-2,4.1,-3.9,-25.2,0.481826228,0.0321970275,0.474074526,-0.736198004
1654,4138340,747530,-0.499,-0.676,0.562,-5.7,-5.6,-2,4.1,-3.9,-25.2,0.481856746,0.0320139164,0.474105045,-0.736167486
1655,4141232,747530,-0.503,-0.676,0.558,-5.7,-5.6,-2.1,3.3,-3.3,-25.3,0.481887265,0.0318613239,0.474135563,-0.736136967
1656,4142907,747540,-0.495,-0.676,0.558,-5.4,-5.6,-2,3.3,-3.3,-25.3,0.481917783,0.0316782128,0.474166082,-0.736106449
1657,4145227,747540,-0.499,-0.676,0.562,-5.3,-5.6,-2,3.3,-3.3,-25.3,0.481948302,0.0314951018,0.4741966,-0.73607593
1658,4147855,747540,-0.499,-0.68,0.562,-5.1,-5.5,-1.9,3.3,-3.3,-25.3,0.48197882,0.0313425092,0.474227119,-0.736045412
1659,4150871,747540,-0.499,-0.672,0.562,-5,-5.5,-1.9,1.3,-3.8,-25.6,0.482009339,0.0311899167,0.474257637,-0.736014893
1660,4153122,747550,-0.503,-0.676,0.562,-4.9,-5.4,-1.9,1.3,-3.8,-25.6,0.482039857,0.0310068056,0.474288156,-0.735984375
1661,4155420,747550,-0.503,-0.672,0.562,-4.9,-5.4,-1.8,1.3,-3.8,-25.6,0.482070376,0.0308542131,0.474318674,-0.735953856
1662,4157826,747550,-0.499,-0.676,0.566,-4.8,-5.4,-1.7,1.3,-3.8,-25.6,0.482100894,0.0307016205,0.474318674,-0.735923338
1663,4161430,747550,-0.499,-0.676,0.566,-4.8,-5.4,-1.7,1.3,-3.8,-25.6,0.482100894,0.0307016205,0.474318674,-0.735923338
1664,4162972,747560,-0.499,-0.68,0.566,-4.7,-5.4,-1.4,1.9,-4,-25.7,0.48219245,0.0303659169,0.474257637,-0.735923338
1665,4165467,747560,-0.495,-0.676,0.562,-4.7,-5.3,-1.4,1.9,-4,-25.7,0.482222968,0.0302133244,0.474288156,-0.735892819
1666,4168926,747560,-0.495,-0.684,0.566,-4.6,-5.2,-1.4,1.9,-4,-25.7,0.482253487,0.0300302133,0.474288156,-0.7358623
1667,4170472,747560,-0.503,-0.691,0.558,-4.5,-5.3,-1.3,0.4,-3.6,-25.5,0.482314524,0.0299081393,0.474318674,-0.735831782
1668,4173454,747570,-0.503,-0.687,0.566,-4.5,-5.3,-1.2,0.4,-3.6,-25.5,0.482345042,0.0297555467,0.474349193,-0.735801263
1669,4175728,747570,-0.503,-0.684,0.566,-4.6,-5.3,-1.1,0.4,-3.6,-25.5,0.482375561,0.0296334727,0.474349193,-0.735770745
1670,4178008,747570,-0.503,-0.687,0.558,-4.7,-5.2,-1,0.4,-3.6,-25.5,0.482436598,0.0294808802,0.474379711,-0.735740226
1671,4180547,747570,-0.503,-0.687,0.566,-4.9,-5.3,-0.9,0,-3.8,-25.4,0.482467116,0.0292977691,0.47441023,-0.735709708
1672,4183956,747580,-0.503,-0.687,0.57,-4.9,-5.2,-0.9,0,-3.8,-25.4,0.482497635,0.0291756951,0.474440748,-0.735679189
1673,4185509,747580,-0.503,-0.687,0.562,-5.1,-5.2,-0.7,0,-3.8,-25.4,0.482558672,0.0290231025,0.474440748,-0.735618152
1674,4188275,747580,-0.499,-0.688,0.57,-5,-5.1,-0.5,0,-3.8,-25.4,0.48258919,0.0289010285,0.474471267,-0.735587634
1675,4190659,747580,-0.503,-0.684,0.57,-4.9,-5.1,-0.4,4.3,-5,-25.4,0.482650227,0.0287484359,0.474501785,-0.735526597
1676,4192969,747590,-0.503,-0.695,0.562,-4.7,-4.9,-0.3,4.3,-5,-25.4,0.482711264,0.0286263619,0.474532304,-0.735496078
1677,4195315,747590,-0.499,-0.691,0.57,-4.7,-4.7,-0.2,4.3,-5,-25.4,0.482741783,0.0285042879,0.474562822,-0.735435041
1678,4197916,747590,-0.503,-0.695,0.562,-4.6,-4.6,0,4.3,-5,-25.4,0.48280282,0.0283822138,0.474593341,-0.735404523
1679,4200273,747590,-0.507,-0.695,0.566,-4.6,-4.5,0.1,2.5,-2,-25.5,0.482863857,0.0282601398,0.474593341,-0.735343486
1680,4202876,747600,-0.507,-0.691,0.566,-4.4,-4.4,0.3,2.5,-2,-25.5,0.482894375,0.0281380657,0.474623859,-0.735312967
1681,4206206,747600,-0.507,-0.687,0.566,-4.3,-4.3,0.4,2.5,-2,-25.5,0.482955412,0.0280159917,0.474654378,-0.73525193
1682,4207786,747600,-0.507,-0.691,0.57,-4.1,-4.3,0.5,2.5,-2,-25.5,0.483016449,0.0279244362,0.474684896,-0.735221412
1683,4210243,747600,-0.511,-0.687,0.566,-3.9,-4.3,0.5,2,-2.6,-25.5,0.483077486,0.0277718436,0.474623859,-0.735221412
1684,4213737,747610,-0.511,-0.683,0.566,-3.8,-4.3,0.7,2,-2.6,-25.5,0.483138524,0.0276497696,0.474654378,-0.735160375
1685,4215272,747610,-0.507,-0.68,0.562,-3.8,-4.1,0.8,2,-2.6,-25.5,0.483199561,0.0275582141,0.474684896,-0.735129856
1686,4217975,747610,-0.511,-0.675,0.566,-3.8,-4.1,1,2,-2.6,-25.5,0.483260598,0.0274666585,0.474684896,-0.735068819
1687,4220839,747610,-0.507,-0.676,0.566,-3.8,-4,1.1,2.9,-2,-25.2,0.483321635,0.0273445845,0.474715415,-0.735038301
1688,4223793,747620,-0.507,-0.68,0.562,-3.6,-4,1.3,2.9,-2,-25.2,0.483382672,0.0272835475,0.474715415,-0.734977264
1689,4225516,747620,-0.507,-0.676,0.562,-3.6,-3.8,1.3,2.9,-2,-25.2,0.483443709,0.0271919919,0.474745933,-0.734916227
1690,4227800,747620,-0.503,-0.68,0.562,-3.7,-3.6,1.4,2.9,-2,-25.2,0.483504746,0.0271004364,0.474745933,-0.734885708
1691,4230351,747620,-0.503,-0.684,0.562,-3.7,-3.5,1.5,4,-2,-25.2,0.483565783,0.0270393994,0.474776452,-0.734824671
1692,4234649,747630,-0.503,-0.68,0.562,-3.8,-3.3,1.5,4,-2,-25.2,0.48362682,0.0269478439,0.47480697,-0.734763634
1693,4236852,747630,-0.511,-0.679,0.566,-3.8,-3.3,1.4,4,-2,-25.2,0.483687857,0.0268562883,0.474837489,-0.734702597
1694,4238299,747630,-0.511,-0.679,0.558,-3.7,-3.2,1.3,4,-2,-25.2,0.483748894,0.0267952513,0.474868007,-0.734672079
1695,4240595,747630,-0.507,-0.68,0.562,-3.6,-3.2,1.4,3,-3.5,-25.4,0.483809931,0.0267036958,0.474868007,-0.734611042
1696,4243008,747640,-0.511,-0.679,0.558,-3.5,-3.3,1.4,3,-3.5,-25.4,0.483870968,0.0266121403,0.474898526,-0.734550005
1697,4245261,747640,-0.507,-0.683,0.554,-3.4,-3.3,1.4,3,-3.5,-25.4,0.483932005,0.0265511032,0.474929044,-0.734519486
1698,4247721,747640,-0.507,-0.68,0.558,-3.3,-3.3,1.4,3,-3.5,-25.4,0.483993042,0.0264900662,0.474929044,-0.734458449
1699,4251182,747640,-0.511,-0.679,0.558,-3.3,-3.2,1.4,2.9,-3.2,-25.2,0.484054079,0.0264290292,0.474959563,-0.734427931
1700,4252834,747650,-0.499,-0.676,0.562,-3.2,-3,1.5,2.9,-3.2,-25.2,0.484115116,0.0263374737,0.474959563,-0.734366894
1701,4256282,747650,-0.503,-0.68,0.558,-3.1,-2.9,1.6,2.9,-3.2,-25.2,0.484176153,0.0262459181,0.474990081,-0.734305857
1702,4257796,747650,-0.499,-0.676,0.554,-3,-2.9,1.7,2.9,-3.2,-25.2,0.484206671,0.0262153996,0.4750206,-0.734275338
1703,4260288,747650,-0.495,-0.676,0.554,-3,-2.9,1.7,2.7,-2.9,-25.3,0.484298227,0.0261848811,0.474959563,-0.734244819
1704,4263820,747660,-0.495,-0.676,0.554,-2.8,-2.9,1.6,2.7,-2.9,-25.3,0.484359264,0.0261238441,0.474959563,-0.734214301
1705,4265340,747660,-0.495,-0.668,0.558,-2.7,-3,1.5,2.7,-2.9,-25.3,0.484420301,0.0260628071,0.474990081,-0.734153264
1706,4268380,747660,-0.499,-0.672,0.554,-2.5,-3,1.4,2.7,-2.9,-25.3,0.484481338,0.0260017701,0.474990081,-0.734122745
1707,4270613,747660,-0.495,-0.668,0.554,-2.4,-3,1.4,2.8,-3.5,-25.5,0.484542375,0.0259407331,0.474990081,-0.734092227
1708,4272839,747670,-0.491,-0.672,0.55,-2.3,-2.9,1.4,2.8,-3.5,-25.5,0.484603412,0.025879696,0.474990081,-0.73403119
1709,4275364,747670,-0.495,-0.676,0.554,-2.2,-2.9,1.6,2.8,-3.5,-25.5,0.484664449,0.025818659,0.474990081,-0.734000671
1710,4278955,747670,-0.491,-0.672,0.55,-2.2,-2.8,1.6,2.8,-3.5,-25.5,0.484694967,0.025757622,0.4750206,-0.733970153
1711,4281071,747670,-0.491,-0.676,0.554,-2.2,-2.7,1.8,3,-4.1,-25.4,0.484756005,0.0257271035,0.4750206,-0.733939634
1712,4283327,747680,-0.487,-0.676,0.554,-2,-2.7,1.8,3,-4.1,-25.4,0.484817042,0.025635548,0.4750206,-0.733878597
1713,4286476,747680,-0.491,-0.672,0.546,-1.9,-2.5,1.8,3,-4.1,-25.4,0.48484756,0.025635548,0.4750206,-0.733848079
1714,4288083,747680,-0.495,-0.668,0.55,-1.9,-2.3,1.8,3,-4.1,-25.4,0.484939116,0.0255745109,0.4750206,-0.73381756
1715,4290229,747680,-0.495,-0.672,0.542,-1.9,-2.2,1.7,2.9,-1.7,-24.6,0.485000153,0.0255134739,0.4750206,-0.733787042
1716,4292741,747690,-0.491,-0.672,0.55,-1.8,-2.3,1.7,2.9,-1.7,-24.6,0.485030671,0.0255134739,0.475051119,-0.733726005
1717,4295882,747690,-0.491,-0.672,0.546,-1.7,-2.3,1.7,2.9,-1.7,-24.6,0.485091708,0.0254829554,0.475051119,-0.733695486
1718,4297769,747690,-0.495,-0.668,0.546,-1.6,-2.3,1.9,2.9,-1.7,-24.6,0.485152745,0.0254524369,0.475051119,-0.733664968
1719,4301303,747690,-0.491,-0.672,0.542,-1.5,-2.2,1.9,2.9,-4.9,-25.9,0.485213782,0.0253913999,0.475051119,-0.733634449
1720,4302734,747700,-0.495,-0.668,0.542,-1.4,-2.2,1.8,2.9,-4.9,-25.9,0.485274819,0.0253608814,0.475051119,-0.733603931
1721,4306018,747700,-0.495,-0.672,0.546,-1.3,-2.2,1.8,2.9,-4.9,-25.9,0.485305338,0.0253303629,0.4750206,-0.733573412
1722,4307812,747700,-0.495,-0.676,0.55,-1.3,-2.1,1.8,2.9,-4.9,-25.9,0.485366375,0.0253303629,0.4750206,-0.733542894
1723,4310536,747700,-0.499,-0.676,0.55,-1.3,-1.9,1.7,2.8,-5.1,-26.2,0.485396893,0.0252693258,0.4750206,-0.733512375
1724,4312781,747710,-0.495,-0.676,0.554,-1.4,-1.8,1.6,2.8,-5.1,-26.2,0.48545793,0.0252388073,0.4750206,-0.733481857
1725,4315335,747710,-0.491,-0.68,0.55,-1.3,-1.6,1.5,2.8,-5.1,-26.2,0.485488449,0.0252082888,0.4750206,-0.733451338
1726,4319062,747710,-0.499,-0.68,0.542,-1.3,-1.6,1.6,2.8,-5.1,-26.2,0.485549486,0.0251472518,0.4750206,-0.73342082
1727,4321134,747710,-0.495,-0.68,0.55,-1.3,-1.7,1.7,2.5,-4.7,-26.4,0.485580004,0.0251472518,0.4750206,-0.733390301
1728,4323367,747720,-0.495,-0.684,0.55,-1.3,-1.8,1.7,2.5,-4.7,-26.4,0.485641041,0.0251472518,0.4750206,-0.733359783
1729,4325606,747720,-0.495,-0.684,0.55,-1.4,-2,1.6,2.5,-4.7,-26.4,0.48567156,0.0251167333,0.4750206,-0.733329264
1730,4328704,747720,-0.491,-0.688,0.55,-1.5,-2.1,1.4,2.5,-4.7,-26.4,0.485732597,0.0250251778,0.4750206,-0.733298746
1731,4330384,747720,-0.499,-0.684,0.55,-1.6,-2.2,1.3,2.4,-3.1,-26.4,0.485763115,0.0250251778,0.4750206,-0.733268227
1732,4334078,747730,-0.495,-0.692,0.546,-1.6,-2.1,1.3,2.4,-3.1,-26.4,0.485824152,0.0249946593,0.4750206,-0.733237709
1733,4335582,747730,-0.499,-0.688,0.55,-1.7,-1.9,1.4,2.4,-3.1,-26.4,0.485854671,0.0249641408,0.475051119,-0.73320719
1734,4338407,747730,-0.495,-0.688,0.55,-1.8,-1.8,1.3,2.4,-3.1,-26.4,0.485915708,0.0249031037,0.475051119,-0.733176672
1735,4341431,747730,-0.503,-0.687,0.547,-1.9,-1.8,1.3,2.4,-2.5,-24.3,0.485946226,0.0248725852,0.475051119,-0.733146153
1736,4342813,747740,-0.499,-0.688,0.546,-2,-1.8,1.2,2.4,-2.5,-24.3,0.485976745,0.0248420667,0.475081637,-0.733115635
1737,4345978,747740,-0.499,-0.695,0.546,-2,-1.8,1.2,2.4,-2.5,-24.3,0.486037782,0.0247810297,0.475081637,-0.733085116
1738,4348081,747740,-0.499,-0.695,0.554,-2.1,-1.8,1.1,2.4,-2.5,-24.3,0.4860683,0.0247810297,0.475081637,-0.733054598
1739,4351295,747740,-0.495,-0.692,0.546,-2.2,-1.8,1.1,3,-2.5,-27.1,0.486098819,0.0247199927,0.475081637,-0.732993561
1740,4353272,747750,-0.5,-0.699,0.543,-2.2,-1.8,1.2,3,-2.5,-27.1,0.486159856,0.0246589557,0.475142674,-0.732963042
1741,4356256,747750,-0.5,-0.699,0.55,-2.2,-1.7,1.3,3,-2.5,-27.1,0.486190374,0.0246589557,0.475142674,-0.732932524
1742,4358099,747750,-0.499,-0.699,0.554,-2.2,-1.6,1.4,3,-2.5,-27.1,0.486220893,0.0246284371,0.475173193,-0.732902005
1743,4360842,747750,-0.496,-0.699,0.55,-2.2,-1.7,1.4,2.7,-2.7,-27.1,0.486190374,0.0244758446,0.475264748,-0.732871487
1744,4363071,747760,-0.492,-0.703,0.55,-2.2,-1.9,1.4,2.7,-2.7,-27.1,0.486251411,0.0244148076,0.475264748,-0.73281045
1745,4365432,747760,-0.496,-0.699,0.546,-2.2,-2.2,1.6,2.7,-2.7,-27.1,0.486312449,0.0243842891,0.475295267,-0.732779931
1746,4368262,747760,-0.5,-0.703,0.546,-2.1,-2.4,1.7,2.7,-2.7,-27.1,0.486342967,0.0243537706,0.475295267,-0.732749413
1747,4371369,747760,-0.5,-0.703,0.554,-2,-2.6,1.9,3.2,-2.1,-26.6,0.486404004,0.0242927335,0.475295267,-0.732718894
1748,4372809,747770,-0.496,-0.699,0.546,-1.9,-2.7,1.9,3.2,-2.1,-26.6,0.486465041,0.024262215,0.475295267,-0.732657857
1749,4375793,747770,-0.496,-0.703,0.55,-1.7,-2.6,2.1,3.2,-2.1,-26.6,0.486526078,0.0241706595,0.475295267,-0.732627338
1750,4378844,747770,-0.496,-0.699,0.546,-1.5,-2.6,2.1,3.2,-2.1,-26.6,0.486587115,0.0241706595,0.475295267,-0.73259682
1751,4380585,747770,-0.496,-0.699,0.542,-1.4,-2.6,2.2,2.4,-2.3,-26.8,0.486648152,0.024140141,0.475295267,-0.732566301
1752,4383863,747780,-0.492,-0.696,0.542,-1.3,-2.5,2.2,2.4,-2.3,-26.8,0.486709189,0.0241096225,0.475264748,-0.732505264
1753,4385956,747780,-0.488,-0.696,0.546,-1.1,-2.6,2.3,2.4,-2.3,-26.8,0.486800745,0.0240485855,0.475264748,-0.732474746
1754,4388138,747780,-0.492,-0.692,0.538,-0.9,-2.4,2.4,2.4,-2.3,-26.8,0.486861782,0.0240485855,0.475264748,-0.732444227
1755,4390716,747780,-0.491,-0.692,0.55,-0.9,-2.4,2.5,2.6,-3.4,-25.8,0.486922819,0.0240485855,0.47523423,-0.732413709
1756,4393115,747790,-0.495,-0.692,0.546,-0.8,-2.3,2.5,2.6,-3.4,-25.8,0.486983856,0.024018067,0.47523423,-0.73238319
1757,4396391,747790,-0.487,-0.684,0.542,-0.5,-2.4,2.6,2.6,-3.4,-25.8,0.487044893,0.0239875484,0.475203711,-0.732352672
1758,4397849,747790,-0.487,-0.684,0.546,-0.3,-2.6,2.7,2.6,-3.4,-25.8,0.487136448,0.0239875484,0.475173193,-0.732322153
1759,4401252,747790,-0.491,-0.684,0.546,-0.1,-2.7,2.7,2.6,-3.2,-23.3,0.487197485,0.0239265114,0.475142674,-0.732291635
1760,4403297,747800,-0.487,-0.68,0.546,0,-2.7,2.7,2.6,-3.2,-23.3,0.487258522,0.0239265114,0.475081637,-0.732261116
1761,4406237,747800,-0.491,-0.68,0.546,0.1,-2.6,2.7,2.6,-3.2,-23.3,0.487350078,0.0239265114,0.475081637,-0.732230598
1762,4408002,747800,-0.487,-0.676,0.542,0.2,-2.6,2.8,2.6,-3.2,-23.3,0.487411115,0.0239265114,0.475051119,-0.732200079
1763,4410262,747800,-0.487,-0.676,0.538,0.2,-2.6,2.7,2.6,-2.8,-23.2,0.487441633,0.0238044374,0.475051119,-0.732200079
1764,4413666,747810,-0.487,-0.676,0.538,0.1,-2.7,2.7,2.6,-2.8,-23.2,0.487533189,0.0238044374,0.474990081,-0.732169561
1765,4415566,747810,-0.487,-0.672,0.542,0.1,-2.6,2.6,2.6,-2.8,-23.2,0.487594226,0.0238044374,0.474959563,-0.732139042
1766,4417914,747810,-0.491,-0.676,0.542,0,-2.7,2.5,2.6,-2.8,-23.2,0.487655263,0.0237739189,0.474929044,-0.732108524
1767,4420213,747810,-0.495,-0.668,0.542,-0.2,-2.6,2.3,2.5,-3.2,-22.7,0.4877163,0.0237434004,0.474929044,-0.732108524
1768,4424352,747820,-0.491,-0.668,0.538,-0.3,-2.6,2.1,2.5,-3.2,-22.7,0.487777337,0.0237434004,0.474898526,-0.732078005
1769,4425799,747820,-0.495,-0.672,0.542,-0.3,-2.6,2.1,2.5,-3.2,-22.7,0.487838374,0.0236823634,0.474868007,-0.732047487
1770,4428225,747820,-0.487,-0.672,0.542,-0.3,-2.6,2.1,2.5,-3.2,-22.7,0.487899411,0.0236823634,0.474837489,-0.732016968
1771,4430376,747820,-0.491,-0.668,0.546,-0.3,-2.6,2,2.8,-3,-22.6,0.487960448,0.0236518448,0.47480697,-0.73198645
1772,4433630,747830,-0.483,-0.668,0.538,-0.3,-2.6,1.9,2.8,-3,-22.6,0.488021485,0.0236213263,0.47480697,-0.73198645
1773,4435360,747830,-0.483,-0.668,0.55,-0.5,-2.5,1.7,2.8,-3,-22.6,0.488082522,0.0236213263,0.474776452,-0.731955931
1774,4437806,747830,-0.483,-0.672,0.542,-0.5,-2.6,1.6,2.8,-3,-22.6,0.488143559,0.0235602893,0.474745933,-0.731925413
1775,4441196,747830,-0.491,-0.672,0.542,-0.5,-2.6,1.5,2.4,-3.5,-27.8,0.488204596,0.0235297708,0.474745933,-0.731894894
1776,4442884,747840,-0.487,-0.68,0.546,-0.5,-2.7,1.3,2.4,-3.5,-27.8,0.488235115,0.0234992523,0.474715415,-0.731894894
1777,4445635,747840,-0.487,-0.676,0.542,-0.5,-2.9,1.2,2.4,-3.5,-27.8,0.488296152,0.0234382153,0.474684896,-0.731864376
1778,4448693,747840,-0.487,-0.676,0.546,-0.6,-2.7,1,2.4,-3.5,-27.8,0.48832667,0.0234382153,0.474684896,-0.731864376
1779,4450341,747840,-0.487,-0.676,0.542,-0.6,-2.6,0.9,2.7,-3.2,-26.7,0.488387707,0.0233771783,0.474654378,-0.731833857
1780,4453672,747850,-0.487,-0.684,0.546,-0.6,-2.4,0.9,2.7,-3.2,-26.7,0.488418226,0.0233161412,0.474654378,-0.731833857
1781,4456663,747850,-0.487,-0.684,0.55,-0.6,-2.3,1,2.7,-3.2,-26.7,0.488479263,0.0233161412,0.474623859,-0.731803339
1782,4458133,747850,-0.487,-0.68,0.546,-0.5,-2.3,0.9,2.7,-3.2,-26.7,0.488509781,0.0232856227,0.474623859,-0.73177282
1783,4461182,747850,-0.487,-0.684,0.542,-0.5,-2.3,0.9,2.5,-2.9,-25.8,0.488479263,0.0230719932,0.474623859,-0.731803339
1784,4464257,747860,-0.487,-0.688,0.542,-0.3,-2.3,0.9,2.5,-2.9,-25.8,0.488509781,0.0230719932,0.474593341,-0.731803339
1785,4465957,747860,-0.483,-0.684,0.55,-0.2,-2.2,0.9,2.5,-2.9,-25.8,0.4885403,0.0230414747,0.474562822,-0.73177282
1786,4469326,747860,-0.487,-0.684,0.554,-0.1,-2.1,0.8,2.5,-2.9,-25.8,0.488601337,0.0230109561,0.474562822,-0.73177282
1787,4471494,747860,-0.479,-0.684,0.55,-0.1,-1.9,0.6,2.5,-3.4,-26.9,0.488631855,0.0229499191,0.474532304,-0.73177282
1788,4474195,747870,-0.487,-0.688,0.546,0,-1.8,0.5,2.5,-3.4,-26.9,0.488662374,0.0229499191,0.474501785,-0.73177282
1789,4475920,747870,-0.487,-0.68,0.55,0,-1.7,0.6,2.5,-3.4,-26.9,0.488662374,0.0229499191,0.474501785,-0.73177282
1790,4478152,747870,-0.487,-0.68,0.546,0,-1.7,0.6,2.5,-3.4,-26.9,0.488692892,0.0229194006,0.474471267,-0.731742302
1791,4480367,747870,-0.487,-0.688,0.55,0,-1.5,0.7,2.3,-3.4,-27.3,0.488723411,0.0229194006,0.474471267,-0.731742302
1792,4482923,747880,-0.487,-0.68,0.55,0,-1.2,0.8,2.3,-3.4,-27.3,0.488753929,0.0228888821,0.474440748,-0.731742302
1793,4485956,747880,-0.487,-0.68,0.55,0,-1.1,0.6,2.3,-3.4,-27.3,0.488753929,0.0228888821,0.474440748,-0.731742302
1794,4487915,747880,-0.487,-0.68,0.542,0,-1.2,0.7,2.3,-3.4,-27.3,0.488814966,0.0228278451,0.47441023,-0.731711783
1795,4491085,747880,-0.487,-0.68,0.546,-0.1,-1.3,0.6,2.6,-3.4,-25.4,0.488845485,0.0228278451,0.47441023,-0.731711783
1796,4493381,747890,-0.491,-0.684,0.55,-0.3,-1.5,0.6,2.6,-3.4,-25.4,0.488845485,0.0228278451,0.474379711,-0.731711783
1797,4496124,747890,-0.487,-0.676,0.55,-0.5,-1.5,0.6,2.6,-3.4,-25.4,0.488876003,0.0227973266,0.474379711,-0.731681265
1798,4498458,747890,-0.487,-0.68,0.546,-0.6,-1.5,0.5,2.6,-3.4,-25.4,0.488906522,0.0227973266,0.474379711,-0.731681265
1799,4500465,747890,-0.491,-0.68,0.55,-0.8,-1.3,0.5,2.4,-3.3,-25.4,0.48893704,0.0227668081,0.474379711,-0.731681265
1800,4503368,747900,-0.487,-0.684,0.546,-0.9,-1.1,0.6,2.4,-3.3,-25.4,0.488967559,0.0227057711,0.474379711,-0.731650746
1801,4506769,747900,-0.491,-0.68,0.546,-1,-0.9,0.6,2.4,-3.3,-25.4,0.488967559,0.0227057711,0.474379711,-0.731650746
1802,4508957,747900,-0.491,-0.68,0.554,-1.1,-0.8,0.6,2.4,-3.3,-25.4,0.488998077,0.0227057711,0.47441023,-0.731620228
1803,4510871,747900,-0.487,-0.692,0.55,-1.1,-0.8,0.5,2.4,-3,-25.4,0.48893704,0.022461623,0.474440748,-0.731650746
1804,4513606,747910,-0.491,-0.684,0.55,-1,-0.8,0.3,2.4,-3,-25.4,0.48893704,0.022461623,0.474440748,-0.731620228
1805,4515709,747910,-0.487,-0.688,0.55,-0.9,-0.7,0.2,2.4,-3,-25.4,0.488967559,0.022461623,0.474440748,-0.731620228
1806,4517841,747910,-0.488,-0.692,0.546,-1,-0.8,0.1,2.4,-3,-25.4,0.488967559,0.0224311045,0.474440748,-0.731620228
1807,4520751,747910,-0.488,-0.696,0.546,-1,-0.9,0,2.2,-3,-25.4,0.488967559,0.022400586,0.474440748,-0.731589709
1808,4523769,747920,-0.488,-0.696,0.55,-1,-1,0,2.2,-3,-25.4,0.488998077,0.0223395489,0.474471267,-0.731589709
1809,4525340,747920,-0.487,-0.692,0.554,-1.1,-0.9,0,2.2,-3,-25.4,0.488998077,0.0223395489,0.474471267,-0.731589709
1810,4528460,747920,-0.491,-0.692,0.55,-1.1,-0.7,0.1,2.2,-3,-25.4,0.489028596,0.0223395489,0.474471267,-0.731559191
1811,4530402,747920,-0.491,-0.692,0.554,-0.9,-0.6,0.2,2.4,-3.3,-25.5,0.489028596,0.0223090304,0.474471267,-0.731559191
1812,4532986,747930,-0.491,-0.692,0.55,-0.6,-0.5,0.2,2.4,-3.3,-25.5,0.489028596,0.0223090304,0.474501785,-0.731528672
1813,4536146,747930,-0.491,-0.684,0.55,-0.3,-0.4,0.2,2.4,-3.3,-25.5,0.489059114,0.0222785119,0.474501785,-0.731528672
1814,4538198,747930,-0.491,-0.692,0.55,0,-0.3,0.2,2.4,-3.3,-25.5,0.489059114,0.0222785119,0.474501785,-0.731528672
1815,4540385,747930,-0.487,-0.684,0.546,0,-0.3,0.2,0.9,-3.4,-25.7,0.489059114,0.0222785119,0.474471267,-0.731528672
1816,4543785,747940,-0.487,-0.692,0.55,0.2,-0.4,0.4,0.9,-3.4,-25.7,0.489059114,0.0222785119,0.474471267,-0.731528672
1817,4545736,747940,-0.483,-0.688,0.55,0.3,-0.4,0.5,0.9,-3.4,-25.7,0.489089633,0.0222785119,0.474471267,-0.731528672
1818,4547950,747940,-0.483,-0.688,0.55,0.5,-0.4,0.5,0.9,-3.4,-25.7,0.489089633,0.0223090304,0.474440748,-0.731528672
1819,4551619,747940,-0.484,-0.692,0.55,0.6,-0.4,0.4,3.9,-3,-25.3,0.489120151,0.0223090304,0.474440748,-0.731528672
1820,4553897,747950,-0.483,-0.684,0.554,0.7,-0.4,0.3,3.9,-3,-25.3,0.489120151,0.0223090304,0.47441023,-0.731528672
1821,4555991,747950,-0.483,-0.692,0.554,0.9,-0.3,0.3,3.9,-3,-25.3,0.489120151,0.0223090304,0.47441023,-0.731528672
1822,4558712,747950,-0.483,-0.688,0.554,1,-0.2,0.4,3.9,-3,-25.3,0.48915067,0.0223090304,0.474379711,-0.731559191
1823,4560403,747950,-0.487,-0.688,0.55,1.1,0,0.6,3.9,-2.4,-25.5,0.489028596,0.0220954009,0.474349193,-0.731650746
1824,4563517,747960,-0.487,-0.688,0.55,1.2,0,0.6,3.9,-2.4,-25.5,0.489059114,0.0220954009,0.474318674,-0.731650746
1825,4565846,747960,-0.487,-0.684,0.542,1.3,0,0.7,3.9,-2.4,-25.5,0.489059114,0.0220954009,0.474318674,-0.731650746
1826,4569065,747960,-0.487,-0.68,0.554,1.3,0,0.7,3.9,-2.4,-25.5,0.489059114,0.0221564379,0.474288156,-0.731650746
1827,4570622,747960,-0.487,-0.68,0.542,1.2,0.1,0.9,4,-3.1,-26,0.489089633,0.0221869564,0.474257637,-0.731650746
1828,4572705,747970,-0.491,-0.68,0.546,1,0.2,0.8,4,-3.1,-26,0.489089633,0.0221869564,0.474257637,-0.731650746
1829,4575820,747970,-0.487,-0.676,0.542,1,0.3,0.9,4,-3.1,-26,0.489089633,0.0222174749,0.474257637,-0.731650746
1830,4577703,747970,-0.487,-0.68,0.554,1,0.2,0.8,4,-3.1,-26,0.489120151,0.0222174749,0.474227119,-0.731650746
1831,4581159,747970,-0.487,-0.68,0.55,1,0.4,0.8,4,-3,-25.8,0.489120151,0.0222785119,0.474227119,-0.731650746
1832,4583461,747980,-0.487,-0.68,0.546,1,0.6,0.7,4,-3,-25.8,0.489120151,0.0223090304,0.4741966,-0.731650746
1833,4585803,747980,-0.487,-0.676,0.55,1,0.7,0.7,4,-3,-25.8,0.489120151,0.0223395489,0.4741966,-0.731681265
1834,4588068,747980,-0.491,-0.676,0.55,0.9,0.8,0.7,4,-3,-25.8,0.489120151,0.0223395489,0.4741966,-0.731681265
1835,4590458,747980,-0.491,-0.68,0.554,0.7,0.8,0.6,2.2,-3.3,-25.5,0.489120151,0.022400586,0.4741966,-0.731681265
1836,4593848,747990,-0.491,-0.676,0.55,0.5,0.7,0.4,2.2,-3.3,-25.5,0.489120151,0.022400586,0.4741966,-0.731681265
1837,4595659,747990,-0.491,-0.68,0.546,0.4,0.7,0.1,2.2,-3.3,-25.5,0.489120151,0.0224311045,0.4741966,-0.731681265
1838,4597851,747990,-0.491,-0.68,0.546,0.5,0.8,0.1,2.2,-3.3,-25.5,0.489120151,0.022461623,0.4741966,-0.731681265
1839,4600261,747990,-0.495,-0.68,0.546,0.5,0.9,0,2.4,-2.9,-25.5,0.489120151,0.022461623,0.4741966,-0.731681265
1840,4604064,748000,-0.487,-0.68,0.55,0.5,0.9,0,2.4,-2.9,-25.5,0.489089633,0.022461623,0.4741966,-0.731681265
1841,4606250,748000,-0.491,-0.676,0.546,0.7,0.9,0.1,2.4,-2.9,-25.5,0.489089633,0.02252266,0.4741966,-0.731681265
1842,4608683,748000,-0.491,-0.68,0.542,0.8,0.9,0.1,2.4,-2.9,-25.5,0.489089633,0.0225531785,0.4741966,-0.731681265
1843,4610714,748000,-0.495,-0.68,0.546,1,0.8,0,2.1,-3.3,-25.3,0.489028596,0.022461623,0.474227119,-0.731711783
1844,4613146,748010,-0.495,-0.688,0.542,1.1,0.8,-0.2,2.1,-3.3,-25.3,0.488998077,0.022461623,0.474227119,-0.731742302
1845,4615341,748010,-0.491,-0.68,0.546,1.1,0.9,-0.3,2.1,-3.3,-25.3,0.488998077,0.02252266,0.4741966,-0.731742302
1846,4619676,748010,-0.491,-0.684,0.55,1.2,0.9,-0.4,2.1,-3.3,-25.3,0.488967559,0.0225531785,0.4741966,-0.73177282
1847,4621288,748010,-0.491,-0.684,0.546,1.2,1,-0.4,1.2,-3.3,-25.5,0.488967559,0.0225531785,0.4741966,-0.73177282
1848,4622738,748020,-0.491,-0.68,0.546,1.2,1,-0.4,1.2,-3.3,-25.5,0.48893704,0.022583697,0.474166082,-0.731803339
1849,4626199,748020,-0.495,-0.68,0.546,1.3,0.9,-0.4,1.2,-3.3,-25.5,0.488906522,0.022583697,0.474166082,-0.731833857
1850,4628439,748020,-0.495,-0.684,0.554,1.3,0.8,-0.4,1.2,-3.3,-25.5,0.488906522,0.022644734,0.474166082,-0.731833857
1851,4630690,748020,-0.491,-0.68,0.546,1.4,0.6,-0.4,0.1,-3.4,-25.5,0.488876003,0.0226752525,0.474135563,-0.731864376
1852,4633751,748030,-0.487,-0.68,0.546,1.5,0.6,-0.5,0.1,-3.4,-25.5,0.488876003,0.0226752525,0.474105045,-0.731894894
1853,4635840,748030,-0.491,-0.684,0.554,1.6,0.7,-0.5,0.1,-3.4,-25.5,0.488845485,0.0227057711,0.474105045,-0.731894894
1854,4638099,748030,-0.487,-0.684,0.55,1.8,1,-0.4,0.1,-3.4,-25.5,0.488845485,0.0227057711,0.474074526,-0.731925413
1855,4641294,748030,-0.487,-0.688,0.546,1.8,1.2,-0.4,3.7,-3.8,-25.6,0.488814966,0.0227668081,0.474074526,-0.731955931
1856,4642878,748040,-0.483,-0.684,0.554,1.9,1.2,-0.3,3.7,-3.8,-25.6,0.488753929,0.0227973266,0.474044008,-0.73198645
1857,4646212,748040,-0.487,-0.688,0.554,1.9,1.2,-0.4,3.7,-3.8,-25.6,0.488753929,0.0228278451,0.474044008,-0.73198645
1858,4648453,748040,-0.487,-0.684,0.55,1.9,1.1,-0.3,3.7,-3.8,-25.6,0.488753929,0.0228888821,0.474013489,-0.732016968
1859,4650589,748040,-0.487,-0.676,0.558,2,0.9,-0.4,0.2,-3.4,-25.3,0.488723411,0.0229194006,0.473982971,-0.732047487
1860,4652840,748050,-0.483,-0.684,0.55,2.1,0.9,-0.4,0.2,-3.4,-25.3,0.488723411,0.0229499191,0.473952452,-0.732078005
1861,4656197,748050,-0.487,-0.68,0.55,2.2,0.8,-0.4,0.2,-3.4,-25.3,0.488692892,0.0229499191,0.473952452,-0.732108524
1862,4657759,748050,-0.483,-0.68,0.554,2.4,0.8,-0.4,0.2,-3.4,-25.3,0.488692892,0.0230109561,0.473921934,-0.732139042
1863,4660371,748050,-0.483,-0.68,0.554,2.4,0.9,-0.4,0.2,-3.2,-25.7,0.488570818,0.0228278451,0.473830378,-0.732261116
1864,4662756,748060,-0.483,-0.684,0.554,2.5,0.9,-0.3,0.2,-3.2,-25.7,0.488570818,0.0228888821,0.47379986,-0.732291635
1865,4666013,748060,-0.479,-0.676,0.55,2.6,1.1,-0.3,0.2,-3.2,-25.7,0.4885403,0.0229194006,0.473769341,-0.732322153
1866,4668231,748060,-0.483,-0.68,0.554,2.6,1.2,-0.2,0.2,-3.2,-25.7,0.4885403,0.0229499191,0.473738823,-0.732352672
1867,4670440,748060,-0.483,-0.684,0.55,2.7,1.2,-0.2,1.2,-3.2,-25.7,0.488509781,0.0230109561,0.473708304,-0.73238319
1868,4672827,748070,-0.483,-0.68,0.554,2.6,1.2,-0.2,1.2,-3.2,-25.7,0.488509781,0.0230719932,0.473677786,-0.732413709
1869,4675353,748070,-0.487,-0.68,0.558,2.5,1,-0.3,1.2,-3.2,-25.7,0.488479263,0.0230719932,0.473647267,-0.732444227
1870,4678421,748070,-0.483,-0.684,0.55,2.5,1.1,-0.3,1.2,-3.2,-25.7,0.488448744,0.0231330302,0.473616749,-0.732444227
1871,4681429,748070,-0.487,-0.684,0.55,2.4,1.2,-0.3,1.9,-3.2,-25.3,0.488448744,0.0231940672,0.473616749,-0.732474746
1872,4682882,748080,-0.483,-0.68,0.55,2.4,1.3,-0.1,1.9,-3.2,-25.3,0.488418226,0.0231940672,0.47358623,-0.732505264
1873,4685849,748080,-0.483,-0.68,0.558,2.2,1.6,-0.1,1.9,-3.2,-25.3,0.488387707,0.0232856227,0.473555712,-0.732535783
1874,4688893,748080,-0.491,-0.68,0.546,2.2,1.8,-0.2,1.9,-3.2,-25.3,0.488387707,0.0233161412,0.473555712,-0.732566301
1875,4690315,748080,-0.487,-0.68,0.542,2.2,1.9,-0.1,2.7,-4.8,-25.6,0.488357189,0.0233771783,0.473525193,-0.73259682
1876,4693358,748090,-0.487,-0.672,0.554,2.2,1.8,0,2.7,-4.8,-25.6,0.48832667,0.0234382153,0.473525193,-0.73259682
1877,4696305,748090,-0.483,-0.676,0.554,2.2,1.9,-0.1,2.7,-4.8,-25.6,0.488296152,0.0234992523,0.473494675,-0.732627338
1878,4697792,748090,-0.483,-0.676,0.554,2.2,2,-0.3,2.7,-4.8,-25.6,0.488265633,0.0235602893,0.473494675,-0.732657857
1879,4700780,748090,-0.483,-0.676,0.554,2.2,2.1,-0.4,3.1,-1.7,-25.4,0.488235115,0.0235602893,0.473464156,-0.732688375
1880,4703834,748100,-0.483,-0.68,0.554,2.2,2.3,-0.5,3.1,-1.7,-25.4,0.488204596,0.0236518448,0.473464156,-0.732718894
1881,4705266,748100,-0.483,-0.68,0.558,2.2,2.5,-0.6,3.1,-1.7,-25.4,0.488174078,0.0236823634,0.473433638,-0.732749413
1882,4708252,748100,-0.491,-0.676,0.554,2.1,2.5,-0.8,3.1,-1.7,-25.4,0.488143559,0.0237739189,0.473433638,-0.732779931
1883,4711318,748100,-0.483,-0.672,0.554,2.1,2.3,-0.9,2.8,-2,-25.5,0.488021485,0.0236213263,0.4733726,-0.732902005
1884,4712830,748110,-0.487,-0.668,0.554,2,2.2,-1.1,2.8,-2,-25.5,0.487990967,0.0236518448,0.4733726,-0.732932524
1885,4715803,748110,-0.491,-0.668,0.558,1.8,2.3,-1.2,2.8,-2,-25.5,0.48792993,0.0236823634,0.473342082,-0.732963042
1886,4718803,748110,-0.491,-0.668,0.554,1.8,2.4,-1.4,2.8,-2,-25.5,0.487899411,0.0237434004,0.473342082,-0.732993561
1887,4720206,748110,-0.487,-0.672,0.554,1.9,2.6,-1.4,3.1,-1.7,-25.5,0.487838374,0.0238044374,0.473342082,-0.733024079
1888,4723188,748120,-0.483,-0.672,0.55,2.1,2.7,-1.4,3.1,-1.7,-25.5,0.487777337,0.0238044374,0.473342082,-0.733054598
1889,4726217,748120,-0.487,-0.668,0.558,2.2,2.7,-1.4,3.1,-1.7,-25.5,0.4877163,0.0238959929,0.473342082,-0.733115635
1890,4727832,748120,-0.487,-0.676,0.558,2.3,2.7,-1.5,3.1,-1.7,-25.5,0.487685781,0.0239265114,0.473342082,-0.733146153
1891,4730655,748120,-0.491,-0.672,0.554,2.3,2.8,-1.5,2.8,-2.3,-25.5,0.487624744,0.024018067,0.473311563,-0.733176672
1892,4733934,748130,-0.487,-0.684,0.55,2.3,2.9,-1.7,2.8,-2.3,-25.5,0.487563707,0.0240485855,0.473311563,-0.733237709
1893,4735488,748130,-0.483,-0.676,0.554,2.3,3.1,-1.8,2.8,-2.3,-25.5,0.48750267,0.0241096225,0.473311563,-0.733268227
1894,4738082,748130,-0.487,-0.68,0.55,2.4,3,-1.9,2.8,-2.3,-25.5,0.487441633,0.0241706595,0.473311563,-0.733329264
1895,4741209,748130,-0.491,-0.688,0.546,2.4,3,-2,2.8,-2.9,-25.5,0.487380596,0.0242316965,0.473311563,-0.733359783
1896,4743291,748140,-0.487,-0.68,0.55,2.6,3,-2,2.8,-2.9,-25.5,0.487289041,0.0242927335,0.473281045,-0.73342082
1897,4746259,748140,-0.491,-0.68,0.546,2.9,3,-2,2.8,-2.9,-25.5,0.487228004,0.0243537706,0.473281045,-0.733451338
1898,4747850,748140,-0.487,-0.684,0.554,3,3,-2,2.8,-2.9,-25.5,0.487166967,0.0244148076,0.473281045,-0.733512375
1899,4750857,748140,-0.491,-0.684,0.554,3.3,3.2,-2,2.3,-5,-25.5,0.48710593,0.0244758446,0.473250526,-0.733573412
1900,4753878,748150,-0.483,-0.684,0.558,3.4,3.2,-2,2.3,-5,-25.5,0.487044893,0.0245368816,0.473220008,-0.733634449
1901,4755376,748150,-0.487,-0.684,0.558,3.5,3.2,-1.9,2.3,-5,-25.5,0.486953337,0.0245979186,0.473220008,-0.733664968
1902,4758339,748150,-0.491,-0.688,0.558,3.6,3.3,-1.9,2.3,-5,-25.5,0.4868923,0.0246589557,0.473189489,-0.733726005
1903,4761261,748150,-0.491,-0.684,0.554,3.7,3.4,-1.7,2.8,-5.4,-25.8,0.486770226,0.0245979186,0.473128452,-0.733848079
1904,4762908,748160,-0.487,-0.688,0.55,3.8,3.5,-1.7,2.8,-5.4,-25.8,0.486709189,0.0246589557,0.473128452,-0.733909116
1905,4765195,748160,-0.483,-0.688,0.554,3.7,3.6,-1.8,2.8,-5.4,-25.8,0.486617634,0.0247505112,0.473097934,-0.733970153
1906,4768807,748160,-0.491,-0.688,0.554,3.8,3.7,-1.9,2.8,-5.4,-25.8,0.486556597,0.0248420667,0.473067415,-0.73403119
1907,4770958,748160,-0.491,-0.684,0.55,3.8,3.7,-1.8,2.6,-6.3,-25.7,0.48649556,0.0249031037,0.473067415,-0.734092227
1908,4773237,748170,-0.491,-0.688,0.546,3.8,3.5,-1.6,2.6,-6.3,-25.7,0.486434523,0.0249946593,0.473036897,-0.734122745
1909,4775935,748170,-0.495,-0.688,0.546,3.9,3.5,-1.4,2.6,-6.3,-25.7,0.486373486,0.0250862148,0.473006378,-0.734183782
1910,4778988,748170,-0.491,-0.684,0.554,4,3.5,-1.4,2.6,-6.3,-25.7,0.486312449,0.0251472518,0.47297586,-0.734244819
1911,4780469,748170,-0.491,-0.68,0.55,3.8,3.7,-1.4,2.8,-6.3,-25.6,0.486220893,0.0252388073,0.47297586,-0.734305857
1912,4783167,748180,-0.491,-0.68,0.546,3.8,3.8,-1.4,2.8,-6.3,-25.6,0.486159856,0.0253303629,0.472945341,-0.734336375
1913,4785971,748180,-0.491,-0.676,0.55,3.7,3.8,-1.4,2.8,-6.3,-25.6,0.486098819,0.0253913999,0.472914823,-0.734397412
1914,4788985,748180,-0.495,-0.676,0.55,3.7,3.9,-1.3,2.8,-6.3,-25.6,0.486037782,0.0255134739,0.472914823,-0.734458449
1915,4790481,748180,-0.495,-0.676,0.55,3.5,4,-1.3,2.8,-2,-23.6,0.485976745,0.0256050295,0.472884304,-0.734488968
1916,4793232,748190,-0.495,-0.672,0.55,3.4,4.1,-1.3,2.8,-2,-23.6,0.485915708,0.025696585,0.472884304,-0.734550005
1917,4796119,748190,-0.495,-0.672,0.546,3.3,4.3,-1.3,2.8,-2,-23.6,0.485824152,0.025757622,0.472884304,-0.734611042
1918,4797754,748190,-0.495,-0.672,0.546,3.3,4.3,-1.4,2.8,-2,-23.6,0.485763115,0.025879696,0.472884304,-0.73464156
1919,4800856,748190,-0.491,-0.676,0.55,3.2,4.2,-1.4,3.1,-3.7,-27.2,0.485702078,0.0259407331,0.472853786,-0.734702597
1920,4804028,748200,-0.495,-0.672,0.55,3,4,-1.6,3.1,-3.7,-27.2,0.485641041,0.0260017701,0.472853786,-0.734733116
1921,4805464,748200,-0.495,-0.668,0.55,2.9,4,-1.8,3.1,-3.7,-27.2,0.485549486,0.0261238441,0.472853786,-0.734794153
1922,4808921,748200,-0.495,-0.676,0.55,2.8,4,-1.9,3.1,-3.7,-27.2,0.485488449,0.0261848811,0.472853786,-0.734824671
1923,4810304,748200,-0.491,-0.676,0.55,2.8,4.1,-1.8,2.2,-2.8,-26.9,0.485396893,0.0262153996,0.472853786,-0.734885708
1924,4813448,748210,-0.491,-0.676,0.55,2.9,4.2,-1.8,2.2,-2.8,-26.9,0.485305338,0.0263069552,0.472853786,-0.734946745
1925,4816326,748210,-0.495,-0.68,0.55,2.9,4.3,-1.7,2.2,-2.8,-26.9,0.485244301,0.0263679922,0.472853786,-0.734977264
1926,4817827,748210,-0.495,-0.676,0.546,2.9,4.4,-1.7,2.2,-2.8,-26.9,0.485152745,0.0264595477,0.472853786,-0.735038301
1927,4820789,748210,-0.495,-0.676,0.55,3,4.5,-1.8,2.5,-2.1,-26.9,0.485091708,0.0265511032,0.472853786,-0.735068819
1928,4822858,748220,-0.495,-0.68,0.55,3.2,4.4,-1.9,2.5,-2.1,-26.9,0.485000153,0.0266121403,0.472853786,-0.735129856
1929,4825734,748220,-0.495,-0.684,0.55,3.4,4.5,-2,2.5,-2.1,-26.9,0.484908597,0.0267342143,0.472853786,-0.735190893
1930,4828753,748220,-0.491,-0.684,0.55,3.5,4.5,-2,2.5,-2.1,-26.9,0.48484756,0.0268257698,0.472853786,-0.73525193
1931,4830461,748220,-0.495,-0.672,0.542,3.5,4.5,-2,2.5,-2.1,-26.7,0.484756005,0.0269173254,0.472823267,-0.735312967
1932,4832913,748230,-0.495,-0.676,0.542,3.6,4.4,-2,2.5,-2.1,-26.7,0.484664449,0.0269783624,0.472823267,-0.735343486
1933,4836083,748230,-0.495,-0.68,0.542,3.8,4.4,-2.2,2.5,-2.1,-26.7,0.484603412,0.0271004364,0.472823267,-0.735404523
1934,4838193,748230,-0.495,-0.68,0.546,4,4.4,-2.2,2.5,-2.1,-26.7,0.484511856,0.0271919919,0.472792749,-0.73546556
1935,4841360,748230,-0.495,-0.68,0.542,4,4.4,-2.1,2.8,-3.7,-25.6,0.484420301,0.0272835475,0.47276223,-0.735526597
1936,4843758,748240,-0.495,-0.676,0.546,4.1,4.4,-2.1,2.8,-3.7,-25.6,0.484328745,0.0273445845,0.47276223,-0.735587634
1937,4845841,748240,-0.495,-0.668,0.546,4.1,4.4,-2.1,2.8,-3.7,-25.6,0.484267708,0.0274666585,0.472731712,-0.735679189
1938,4847807,748240,-0.499,-0.672,0.539,3.9,4.5,-2.2,2.8,-3.7,-25.6,0.484176153,0.0275582141,0.472731712,-0.735740226
1939,4851613,748240,-0.499,-0.672,0.539,3.8,4.6,-2.2,2.8,-3.7,-24.9,0.484084597,0.0276497696,0.472731712,-0.735801263
1940,4853433,748250,-0.503,-0.668,0.543,3.6,4.8,-2.1,2.8,-3.7,-24.9,0.483993042,0.0277108066,0.472701193,-0.735831782
1941,4855611,748250,-0.499,-0.668,0.539,3.5,4.8,-2,2.8,-3.7,-24.9,0.483901486,0.0278328806,0.472701193,-0.735892819
1942,4858854,748250,-0.503,-0.664,0.543,3.3,4.6,-2,2.8,-3.7,-24.9,0.483840449,0.0279244362,0.472701193,-0.735953856
1943,4860287,748250,-0.503,-0.664,0.535,3.2,4.4,-2,2.4,-3.3,-24.3,0.483748894,0.0280465102,0.472792749,-0.735953856
1944,4863786,748260,-0.507,-0.664,0.543,2.9,4.3,-2,2.4,-3.3,-24.3,0.483657338,0.0281380657,0.472792749,-0.736014893
1945,4865990,748260,-0.507,-0.66,0.535,2.7,4.3,-2.3,2.4,-3.3,-24.3,0.483565783,0.0281991028,0.472792749,-0.736045412
1946,4868841,748260,-0.511,-0.656,0.539,2.5,4.3,-2.5,2.4,-3.3,-24.3,0.483474227,0.0282601398,0.472792749,-0.736106449
1947,4871163,748260,-0.511,-0.664,0.543,2.3,4.1,-2.8,2.7,-3.3,-23.2,0.483382672,0.0283211768,0.472823267,-0.736136967
1948,4873530,748270,-0.515,-0.664,0.539,2.1,4.1,-3,2.7,-3.3,-23.2,0.483291116,0.0283822138,0.472823267,-0.736198004
1949,4875650,748270,-0.515,-0.664,0.539,1.9,4.1,-3.2,2.7,-3.3,-23.2,0.483199561,0.0284432508,0.472823267,-0.736259041
1950,4878649,748270,-0.515,-0.668,0.543,1.7,4.1,-3.4,2.7,-3.3,-23.2,0.483108005,0.0285042879,0.472853786,-0.736320078
1951,4880548,748270,-0.515,-0.664,0.531,1.6,4,-3.6,2.8,-3.3,-22.6,0.483016449,0.0285348064,0.472884304,-0.736350597
1952,4883125,748280,-0.519,-0.664,0.539,1.6,3.8,-3.7,2.8,-3.3,-22.6,0.482894375,0.0285653249,0.472884304,-0.736411634
1953,4886192,748280,-0.519,-0.664,0.535,1.6,3.5,-3.8,2.8,-3.3,-22.6,0.48280282,0.0286263619,0.472914823,-0.736472671
1954,4887874,748280,-0.515,-0.668,0.539,1.6,3.4,-4.1,2.8,-3.3,-22.6,0.482711264,0.0286568804,0.472914823,-0.736533708
1955,4890488,748280,-0.519,-0.667,0.535,1.7,3.1,-4.2,3,-3.7,-27.6,0.48258919,0.0286568804,0.472914823,-0.736594745
1956,4892854,748290,-0.515,-0.671,0.535,1.9,2.7,-4.4,3,-3.7,-27.6,0.482497635,0.0286873989,0.472914823,-0.736655782
1957,4895817,748290,-0.523,-0.671,0.543,2.1,2.4,-4.5,3,-3.7,-27.6,0.482406079,0.0286873989,0.472914823,-0.736716819
1958,4897881,748290,-0.519,-0.671,0.539,2.2,2.2,-4.6,3,-3.7,-27.6,0.482314524,0.0286873989,0.472914823,-0.736777856
1959,4900322,748290,-0.519,-0.679,0.547,2.2,2.2,-4.8,3,-3.6,-24.4,0.48219245,0.0286873989,0.472914823,-0.736869411
1960,4902958,748300,-0.523,-0.675,0.543,2.2,2.2,-4.9,3,-3.6,-24.4,0.482100894,0.0286873989,0.472884304,-0.736930448
1961,4906907,748300,-0.523,-0.679,0.543,2.3,2.2,-4.9,3,-3.6,-24.4,0.48197882,0.0287484359,0.472884304,-0.737022004
1962,4909325,748300,-0.523,-0.675,0.539,2.4,2.1,-4.9,3,-3.6,-24.4,0.481887265,0.0287484359,0.472853786,-0.737083041
1963,4911563,748300,-0.523,-0.679,0.543,2.5,1.8,-4.9,2.9,-3.3,-25,0.481795709,0.02887051,0.47297586,-0.737083041
1964,4913934,748310,-0.519,-0.675,0.547,2.7,1.5,-4.9,2.9,-3.3,-25,0.481704154,0.0289010285,0.472945341,-0.737144078
1965,4916318,748310,-0.523,-0.675,0.547,2.9,1.2,-4.9,2.9,-3.3,-25,0.481612598,0.0289010285,0.472914823,-0.737235633
1966,4918312,748310,-0.519,-0.675,0.547,3.1,1,-4.7,2.9,-3.3,-25,0.481521043,0.0289010285,0.472884304,-0.737327189
1967,4920651,748310,-0.519,-0.679,0.547,3.3,1,-4.7,2.8,-3.5,-26,0.481429487,0.0289010285,0.472823267,-0.737388226
1968,4922930,748320,-0.519,-0.679,0.547,3.4,1,-4.5,2.8,-3.5,-26,0.481337931,0.0289010285,0.472792749,-0.737479781
1969,4926498,748320,-0.515,-0.683,0.543,3.6,0.9,-4.3,2.8,-3.5,-26,0.481276894,0.0289010285,0.472731712,-0.737571337
1970,4928038,748320,-0.519,-0.683,0.551,3.7,0.8,-4.1,2.8,-3.5,-26,0.481185339,0.028931547,0.472701193,-0.737662893
1971,4931345,748320,-0.515,-0.683,0.547,4,0.7,-4,3.2,-3.8,-26.3,0.481124302,0.028931547,0.472640156,-0.73772393
1972,4932947,748330,-0.519,-0.683,0.551,4.2,0.4,-3.9,3.2,-3.8,-26.3,0.481032746,0.028931547,0.472579119,-0.737815485
1973,4935537,748330,-0.519,-0.679,0.547,4.2,0.2,-3.7,3.2,-3.8,-26.3,0.480941191,0.028931547,0.472518082,-0.737907041
1974,4937696,748330,-0.519,-0.687,0.543,4.4,0.2,-3.5,3.2,-3.8,-26.3,0.480910672,0.028931547,0.472457045,-0.737998596
1975,4941231,748330,-0.523,-0.679,0.551,4.5,0.2,-3.3,2.9,-3.8,-25.4,0.480849635,0.028992584,0.472396008,-0.738059633
1976,4943452,748340,-0.523,-0.679,0.551,4.7,0.2,-3.1,2.9,-3.8,-25.4,0.480788598,0.028992584,0.472304453,-0.738151189
1977,4945832,748340,-0.523,-0.679,0.551,5,0,-3,2.9,-3.8,-25.4,0.48075808,0.0290231025,0.472243416,-0.738242744
1978,4947966,748340,-0.519,-0.671,0.551,5.2,0,-2.9,2.9,-3.8,-25.4,0.480697043,0.029053621,0.47215186,-0.738303781
1979,4950572,748340,-0.519,-0.671,0.555,5.4,-0.2,-2.8,3.8,-3.5,-25.3,0.480636006,0.029053621,0.472060305,-0.738395337
1980,4952797,748350,-0.519,-0.671,0.563,5.5,-0.5,-2.8,3.8,-3.5,-25.3,0.480605487,0.029053621,0.471968749,-0.738486892
1981,4956988,748350,-0.515,-0.668,0.559,5.6,-0.8,-2.7,3.8,-3.5,-25.3,0.480574969,0.029114658,0.471877194,-0.738578448
1982,4959280,748350,-0.515,-0.671,0.562,5.6,-1,-2.6,3.8,-3.5,-25.3,0.48054445,0.029114658,0.471755119,-0.738670003
1983,4960868,748350,-0.515,-0.671,0.559,5.6,-1,-2.5,3.2,-3.5,-25.3,0.480605487,0.0293588061,0.471663564,-0.738670003
1984,4963033,748360,-0.515,-0.671,0.559,5.5,-1,-2.6,3.2,-3.5,-25.3,0.48054445,0.0293893246,0.471572008,-0.738761559
1985,4966392,748360,-0.515,-0.671,0.555,5.5,-1.1,-2.7,3.2,-3.5,-25.3,0.480513932,0.0293893246,0.471480453,-0.738853114
1986,4967864,748360,-0.519,-0.671,0.559,5.6,-1.2,-2.7,3.2,-3.5,-25.3,0.480483413,0.0294198431,0.471358379,-0.73894467
1987,4971639,748360,-0.511,-0.675,0.558,5.7,-1.3,-2.8,3.2,-3.2,-25.7,0.480452895,0.0294198431,0.471266823,-0.739036225
1988,4973570,748370,-0.511,-0.679,0.562,5.8,-1.5,-2.7,3.2,-3.2,-25.7,0.480422376,0.0294198431,0.471144749,-0.739127781
1989,4975598,748370,-0.511,-0.679,0.558,5.9,-1.6,-2.6,3.2,-3.2,-25.7,0.480391858,0.0294198431,0.471053194,-0.739219337
1990,4977966,748370,-0.511,-0.679,0.566,6,-1.7,-2.5,3.2,-3.2,-25.7,0.480361339,0.0294198431,0.47093112,-0.739249855
1991,4980374,748370,-0.507,-0.683,0.566,6.1,-1.6,-2.7,3.2,-3.7,-25.2,0.480330821,0.0294198431,0.470809046,-0.739402448
1992,4982867,748380,-0.507,-0.687,0.57,6.2,-1.6,-2.8,3.2,-3.7,-25.2,0.480300302,0.0294198431,0.470686972,-0.739494003
1993,4985887,748380,-0.503,-0.684,0.57,6.3,-1.5,-2.7,3.2,-3.7,-25.2,0.480269784,0.0294808802,0.470595416,-0.739585559
1994,4987932,748380,-0.503,-0.687,0.578,6.4,-1.4,-2.6,3.2,-3.7,-25.2,0.480239265,0.0294808802,0.470473342,-0.739677114
1995,4992013,748380,-0.507,-0.691,0.57,6.5,-1.4,-2.4,1.7,-3.8,-25.3,0.480208747,0.0295113987,0.470351268,-0.73976867
1996,4992748,748390,-0.507,-0.691,0.574,6.5,-1.3,-2.4,1.7,-3.8,-25.3,0.480178228,0.0295419172,0.470229194,-0.739860225
1997,4995480,748390,-0.503,-0.691,0.578,6.7,-1.2,-2.3,1.7,-3.8,-25.3,0.48014771,0.0295419172,0.47010712,-0.739951781
1998,4997728,748390,-0.495,-0.699,0.574,6.7,-1,-2.2,1.7,-3.8,-25.3,0.480117191,0.0296029542,0.469985046,-0.740043336
