sample_index,elapsed_us,device_time_ms,acc_x_g,acc_y_g,acc_z_g,gyro_x_dps,gyro_y_dps,gyro_z_dps,mag_x_ut,mag_y_ut,mag_z_ut,quat_w,quat_x,quat_y,quat_z
0,5393,1389290,0.988,0.04,-0.038,0,0,-0.1,-35.7,6,27,0.163853877,0.704611347,-0.140476699,0.675954466
1,7053,1389300,0.985,0.044,-0.034,0,0,-0.1,-35.7,6,27,0.163853877,0.704611347,-0.140476699,0.675923948
2,10065,1389300,0.988,0.036,-0.034,0,0,0,-35.7,6,27,0.163853877,0.704611347,-0.140476699,0.675923948
3,13123,1389300,0.985,0.04,-0.03,0,0.1,0,-35.7,6,27,0.163853877,0.704611347,-0.140476699,0.675954466
4,16227,1389300,0.988,0.036,-0.034,0,0.2,0,-35.4,5.9,27.5,0.163853877,0.704611347,-0.140476699,0.675954466
5,18377,1389310,0.988,0.044,-0.03,0,0.2,0,-35.4,5.9,27.5,0.163853877,0.704611347,-0.140476699,0.675954466
6,20569,1389310,0.985,0.04,-0.026,0,0.2,0,-35.4,5.9,27.5,0.163853877,0.704611347,-0.140476699,0.675954466
7,23639,1389310,0.985,0.04,-0.034,0,0,0,-35.4,5.9,27.5,0.163853877,0.704611347,-0.140476699,0.675954466
8,25242,1389310,0.985,0.036,-0.034,0,-0.1,0,-35.3,6.1,27.6,0.163853877,0.704611347,-0.140476699,0.675954466
9,27357,1389320,0.988,0.036,-0.026,0,-0.1,0,-35.3,6.1,27.6,0.163853877,0.704611347,-0.140476699,0.675954466
10,31148,1389320,0.981,0.04,-0.026,0,0,0,-35.3,6.1,27.6,0.163853877,0.704611347,-0.140476699,0.675954466
11,33415,1389320,0.985,0.04,-0.034,0,0,0.1,-35.3,6.1,27.6,0.163853877,0.704611347,-0.140476699,0.675954466
12,35586,1389320,0.985,0.036,-0.038,0,0,0,-35.2,6,28.3,0.163853877,0.704611347,-0.140476699,0.675954466
13,37081,1389330,0.988,0.04,-0.034,0,0,0,-35.2,6,28.3,0.163853877,0.704611347,-0.140476699,0.675954466
14,40137,1389330,0.988,0.04,-0.03,0,0,-0.1,-35.2,6,28.3,0.163853877,0.704611347,-0.140476699,0.675954466
15,43083,1389330,0.985,0.036,-0.03,0,0,-0.1,-35.2,6,28.3,0.163853877,0.704611347,-0.140476699,0.675954466
16,44636,1389330,0.988,0.036,-0.038,0,0,-0.1,-35.7,5.9,28.6,0.163823359,0.704611347,-0.140476699,0.675923948
17,47672,1389340,0.985,0.04,-0.03,0,0,-0.1,-35.7,5.9,28.6,0.163823359,0.704611347,-0.140476699,0.675923948
18,50696,1389340,0.985,0.04,-0.03,0,0,-0.1,-35.7,5.9,28.6,0.163823359,0.704611347,-0.140476699,0.675923948
19,52214,1389340,0.985,0.04,-0.034,0.1,0.1,0,-35.7,5.9,28.6,0.163823359,0.704611347,-0.140476699,0.675923948
20,56650,1389340,0.988,0.04,-0.034,0,0.1,0,-35.4,5.9,25.5,0.163823359,0.704611347,-0.140476699,0.675923948
21,56971,1389350,0.988,0.04,-0.03,0,0.1,0,-35.4,5.9,25.5,0.163823359,0.704611347,-0.140476699,0.675954466
22,61440,1389350,0.988,0.04,-0.03,0,0.1,0,-35.4,5.9,25.5,0.163823359,0.704611347,-0.140476699,0.675954466
23,62003,1389350,0.988,0.036,-0.034,0,0,-0.1,-35.4,5.9,25.5,0.163823359,0.704611347,-0.140476699,0.675954466
24,65823,1389350,0.988,0.036,-0.034,0,0,-0.2,-35.5,6,27.7,0.163823359,0.704611347,-0.140476699,0.675954466
25,67833,1389360,0.985,0.036,-0.022,0,0,-0.2,-35.5,6,27.7,0.163823359,0.704611347,-0.140476699,0.675954466
26,70887,1389360,0.985,0.036,-0.034,0,-0.1,-0.2,-35.5,6,27.7,0.163853877,0.704611347,-0.140476699,0.675923948
27,72361,1389360,0.985,0.04,-0.034,0,-0.1,-0.1,-35.5,6,27.7,0.163853877,0.704611347,-0.140476699,0.675923948
28,74708,1389360,0.981,0.04,-0.034,0,0,0,-35.3,6.1,28.1,0.163853877,0.704611347,-0.140476699,0.675923948
29,78201,1389370,0.985,0.04,-0.034,0,0,0,-35.3,6.1,28.1,0.163853877,0.704611347,-0.140476699,0.675923948
30,79748,1389370,0.985,0.04,-0.034,0,0,0,-35.3,6.1,28.1,0.163853877,0.704611347,-0.140476699,0.675923948
31,83603,1389370,0.985,0.04,-0.034,0.1,0,-0.1,-35.3,6.1,28.1,0.163853877,0.704611347,-0.140476699,0.675923948
32,85850,1389370,0.988,0.04,-0.026,0,0,-0.1,-35.2,5.8,27.3,0.163853877,0.704611347,-0.140476699,0.675923948
33,88219,1389380,0.988,0.04,-0.034,0,0,-0.1,-35.2,5.8,27.3,0.163853877,0.704611347,-0.140446181,0.675923948
34,90116,1389380,0.988,0.044,-0.03,0,0,-0.1,-35.2,5.8,27.3,0.163853877,0.704611347,-0.140446181,0.675923948
35,92090,1389380,0.988,0.044,-0.034,0,-0.1,0,-35.2,5.8,27.3,0.163853877,0.704611347,-0.140446181,0.675923948
36,95357,1389380,0.985,0.04,-0.034,0,-0.1,0,-35.5,5.9,27.1,0.163853877,0.704641865,-0.140446181,0.675923948
37,97180,1389390,0.985,0.04,-0.034,0.1,0,-0.1,-35.5,5.9,27.1,0.163853877,0.704641865,-0.140446181,0.675923948
38,100782,1389390,0.985,0.04,-0.03,0.1,0.1,-0.1,-35.5,5.9,27.1,0.163853877,0.704641865,-0.140446181,0.675923948
39,102908,1389390,0.985,0.04,-0.026,0,0.1,-0.1,-35.5,5.9,27.1,0.163853877,0.704641865,-0.140415662,0.675923948
40,105351,1389390,0.985,0.04,-0.034,0,0,0,-35.7,5.9,26.3,0.163853877,0.704611347,-0.140415662,0.675923948
41,107228,1389400,0.988,0.04,-0.03,0,0,0,-35.7,5.9,26.3,0.163853877,0.704641865,-0.140446181,0.675923948
42,109592,1389400,0.985,0.036,-0.03,0,-0.1,0,-35.7,5.9,26.3,0.163853877,0.704641865,-0.140446181,0.675923948
43,112119,1389400,0.988,0.04,-0.03,0,-0.1,0,-35.7,5.9,26.3,0.163853877,0.704641865,-0.140446181,0.675923948
44,115393,1389400,0.988,0.036,-0.034,0,0,0,-35.7,6.5,27.2,0.163853877,0.704641865,-0.140446181,0.675923948
45,117319,1389410,0.985,0.04,-0.03,0,0,0,-35.7,6.5,27.2,0.163853877,0.704641865,-0.140446181,0.675923948
46,121458,1389410,0.988,0.048,-0.026,0.1,0,0,-35.7,6.5,27.2,0.163853877,0.704641865,-0.140446181,0.675923948
47,123632,1389410,0.988,0.04,-0.026,0.1,0,0,-35.7,6.5,27.2,0.163853877,0.704641865,-0.140446181,0.675923948
48,125903,1389410,0.988,0.044,-0.026,0,0,0,-35.9,6.1,26.4,0.163853877,0.704641865,-0.140446181,0.675923948
49,128126,1389420,0.992,0.04,-0.03,0.1,0,0,-35.9,6.1,26.4,0.163853877,0.704641865,-0.140415662,0.675923948
50,130494,1389420,0.988,0.04,-0.03,0.1,0,0,-35.9,6.1,26.4,0.163853877,0.704641865,-0.140415662,0.675923948
51,134219,1389420,0.985,0.044,-0.03,0.1,0,0,-35.9,6.1,26.4,0.163853877,0.704641865,-0.140415662,0.675923948
52,134752,1389420,0.981,0.04,-0.034,0.1,0,0,-35.5,6.3,26.6,0.163853877,0.704641865,-0.140415662,0.675923948
53,138503,1389430,0.985,0.036,-0.03,0,0,0,-35.5,6.3,26.6,0.163853877,0.704641865,-0.140415662,0.675923948
54,140338,1389430,0.981,0.04,-0.034,0,0,0,-35.5,6.3,26.6,0.163853877,0.704641865,-0.140415662,0.675923948
55,142696,1389430,0.988,0.04,-0.034,0,0,0,-35.5,6.3,26.6,0.163853877,0.704641865,-0.140415662,0.675923948
56,146368,1389430,0.985,0.04,-0.03,0,0,0,-35.7,6.1,26.2,0.163853877,0.704641865,-0.140415662,0.675893429
57,147211,1389440,0.985,0.04,-0.03,0,0,0,-35.7,6.1,26.2,0.163853877,0.704641865,-0.140415662,0.675893429
58,151529,1389440,0.988,0.044,-0.03,0.1,0.1,-0.1,-35.7,6.1,26.2,0.163853877,0.704641865,-0.140415662,0.675893429
59,152176,1389440,0.988,0.044,-0.034,0,0.2,-0.1,-35.7,6.1,26.2,0.163853877,0.704641865,-0.140415662,0.675923948
60,155489,1389440,0.985,0.04,-0.034,0,0.2,0,-35.5,6,27.7,0.163853877,0.704641865,-0.140415662,0.675923948
61,157839,1389450,0.988,0.04,-0.026,0,0,0,-35.5,6,27.7,0.163853877,0.704641865,-0.140415662,0.675923948
62,160729,1389450,0.985,0.04,-0.03,0,0,0,-35.5,6,27.7,0.163853877,0.704641865,-0.140415662,0.675923948
63,163058,1389450,0.988,0.04,-0.034,0,0,0,-35.5,6,27.7,0.163853877,0.704641865,-0.140415662,0.675923948
64,165286,1389450,0.985,0.04,-0.034,0,0,0,-35.4,5.9,26.5,0.163853877,0.704641865,-0.140415662,0.675923948
65,167570,1389460,0.985,0.04,-0.034,0,0,0,-35.4,5.9,26.5,0.163853877,0.704641865,-0.140415662,0.675923948
66,169727,1389460,0.985,0.04,-0.03,0,0,0,-35.4,5.9,26.5,0.163853877,0.704641865,-0.140415662,0.675923948
67,172444,1389460,0.985,0.044,-0.034,0,0,0,-35.4,5.9,26.5,0.163853877,0.704641865,-0.140415662,0.675923948
68,174655,1389460,0.985,0.036,-0.026,0,0.1,-0.1,-35.5,5.5,26.7,0.163853877,0.704641865,-0.140415662,0.675923948
69,177083,1389470,0.985,0.04,-0.026,0,0.1,-0.1,-35.5,5.5,26.7,0.163853877,0.704641865,-0.140415662,0.675923948
70,180263,1389470,0.988,0.044,-0.03,0,0.1,0,-35.5,5.5,26.7,0.163853877,0.704641865,-0.140415662,0.675923948
71,182672,1389470,0.985,0.04,-0.03,0,0.1,0,-35.5,5.5,26.7,0.163853877,0.704641865,-0.140415662,0.675923948
72,184782,1389470,0.985,0.044,-0.038,0,0.1,0.1,-35.6,4.5,26.7,0.163853877,0.704641865,-0.140415662,0.675923948
73,187152,1389480,0.985,0.04,-0.038,0,0,0.1,-35.6,4.5,26.7,0.163853877,0.704641865,-0.140415662,0.675923948
74,189634,1389480,0.988,0.04,-0.03,0,0,0.1,-35.6,4.5,26.7,0.163853877,0.704641865,-0.140446181,0.675923948
75,193016,1389480,0.985,0.04,-0.03,0,0,0.1,-35.6,4.5,26.7,0.163853877,0.704641865,-0.140446181,0.675923948
76,194608,1389480,0.992,0.04,-0.026,0,0.1,0,-35.5,4,27,0.163853877,0.704672384,-0.140415662,0.675893429
77,197127,1389490,0.985,0.04,-0.026,0,0.1,0,-35.5,4,27,0.163853877,0.704672384,-0.140415662,0.675893429
78,200587,1389490,0.981,0.04,-0.034,0,0.2,0,-35.5,4,27,0.163853877,0.704672384,-0.140415662,0.675893429
79,203640,1389490,0.985,0.036,-0.03,0,0.3,0,-35.5,4,27,0.163853877,0.704641865,-0.140415662,0.675893429
80,205354,1389490,0.981,0.04,-0.034,0,0.3,0,-35.4,7.6,28.1,0.163853877,0.704641865,-0.140415662,0.675923948
81,207189,1389500,0.985,0.036,-0.03,0,0.2,-0.1,-35.4,7.6,28.1,0.163853877,0.704641865,-0.140415662,0.675923948
82,209723,1389500,0.985,0.04,-0.038,0,0.2,-0.1,-35.4,7.6,28.1,0.163853877,0.704641865,-0.140415662,0.675923948
83,213055,1389500,0.985,0.036,-0.03,0,0,-0.1,-35.4,7.6,28.1,0.163853877,0.704641865,-0.140415662,0.675923948
84,214711,1389500,0.985,0.04,-0.034,0,0,-0.1,-35.6,4.8,26.2,0.163853877,0.704641865,-0.140415662,0.675923948
85,217027,1389510,0.985,0.04,-0.026,0,0,-0.1,-35.6,4.8,26.2,0.163853877,0.704641865,-0.140415662,0.675923948
86,220547,1389510,0.988,0.04,-0.03,0,0.1,-0.1,-35.6,4.8,26.2,0.163853877,0.704641865,-0.140415662,0.675923948
87,222155,1389510,0.985,0.04,-0.03,0,0.2,-0.1,-35.6,4.8,26.2,0.163853877,0.704641865,-0.140415662,0.675923948
88,224667,1389510,0.992,0.036,-0.034,0,0.2,0,-35.4,5,26,0.163853877,0.704641865,-0.140415662,0.675923948
89,228065,1389520,0.988,0.04,-0.03,-0.1,0.1,0,-35.4,5,26,0.163884396,0.704641865,-0.140415662,0.675923948
90,231116,1389520,0.985,0.048,-0.034,-0.1,0,0,-35.4,5,26,0.163884396,0.704641865,-0.140415662,0.675923948
91,232896,1389520,0.985,0.04,-0.034,0,0,0,-35.4,5,26,0.163884396,0.704641865,-0.140415662,0.675923948
92,234920,1389520,0.988,0.04,-0.038,0,0,0,-35.4,5.4,26.2,0.163884396,0.704641865,-0.140415662,0.675923948
93,237134,1389530,0.988,0.044,-0.034,0,0.1,-0.1,-35.4,5.4,26.2,0.163884396,0.704611347,-0.140415662,0.675923948
94,240239,1389530,0.988,0.04,-0.034,0,0.1,0,-35.4,5.4,26.2,0.163884396,0.704611347,-0.140415662,0.675923948
95,243187,1389530,0.985,0.04,-0.038,0,0.1,0,-35.4,5.4,26.2,0.163884396,0.704611347,-0.140415662,0.675923948
96,244597,1389530,0.988,0.036,-0.034,-0.1,0,0,-35.5,5.9,26.1,0.163884396,0.704672384,-0.140415662,0.675893429
97,247237,1389540,0.988,0.036,-0.034,-0.1,0,0,-35.5,5.9,26.1,0.163884396,0.704672384,-0.140415662,0.675893429
98,250998,1389540,0.985,0.04,-0.026,-0.1,0,0,-35.5,5.9,26.1,0.163884396,0.704672384,-0.140415662,0.675893429
99,253287,1389540,0.988,0.04,-0.03,-0.1,-0.1,0.1,-35.5,5.9,26.1,0.163884396,0.704672384,-0.140415662,0.675893429
100,255622,1389540,0.988,0.04,-0.03,0,-0.1,0.1,-35.5,5.9,26.1,0.163884396,0.704672384,-0.140415662,0.675893429
101,257802,1389550,0.985,0.04,-0.026,0,-0.1,0,-35.5,5.9,26.1,0.163884396,0.704672384,-0.140415662,0.675893429
102,259980,1389550,0.988,0.036,-0.026,0,-0.1,0,-35.5,5.9,26.1,0.163884396,0.704672384,-0.140415662,0.675862911
103,263669,1389550,0.988,0.044,-0.026,0,0,0,-35.5,5.9,26.1,0.163884396,0.704672384,-0.140415662,0.675862911
104,266130,1389550,0.988,0.04,-0.034,0,0,-0.1,-35.5,6.1,27.4,0.163884396,0.704672384,-0.140415662,0.675862911
105,268152,1389560,0.985,0.04,-0.034,0,0.1,-0.1,-35.5,6.1,27.4,0.163884396,0.704672384,-0.140415662,0.675893429
106,269742,1389560,0.985,0.04,-0.026,0,0.1,0,-35.5,6.1,27.4,0.163884396,0.704672384,-0.140415662,0.675893429
107,273005,1389560,0.985,0.04,-0.034,0,0.2,0,-35.5,6.1,27.4,0.163884396,0.704672384,-0.140415662,0.675893429
108,274571,1389560,0.981,0.04,-0.03,0,0.1,0,-35.4,6.8,27.3,0.163884396,0.704672384,-0.140415662,0.675893429
109,277674,1389570,0.985,0.04,-0.03,0,0.1,0,-35.4,6.8,27.3,0.163884396,0.704672384,-0.140415662,0.675893429
110,279612,1389570,0.985,0.036,-0.03,0,0,0,-35.4,6.8,27.3,0.163884396,0.704672384,-0.140415662,0.675893429
111,283689,1389570,0.981,0.036,-0.03,0,0,0,-35.4,6.8,27.3,0.163884396,0.704672384,-0.140415662,0.675893429
112,284455,1389570,0.988,0.04,-0.034,0,0.1,0,-35.7,7,27.3,0.163884396,0.704672384,-0.140415662,0.675893429
113,287320,1389580,0.988,0.04,-0.03,0,0.1,0,-35.7,7,27.3,0.163884396,0.704672384,-0.140415662,0.675893429
114,291140,1389580,0.985,0.04,-0.038,0,0.1,0,-35.7,7,27.3,0.163884396,0.704641865,-0.140415662,0.675893429
115,293000,1389580,0.988,0.044,-0.026,0,0,0,-35.7,7,27.3,0.163884396,0.704641865,-0.140415662,0.675893429
116,294637,1389580,0.985,0.04,-0.034,0,0.1,0,-35.7,6.9,27.2,0.163884396,0.704672384,-0.140415662,0.675893429
117,297219,1389590,0.985,0.04,-0.034,0,0.1,0,-35.7,6.9,27.2,0.163884396,0.704672384,-0.140415662,0.675893429
118,300486,1389590,0.985,0.04,-0.03,0,0.1,0,-35.7,6.9,27.2,0.163884396,0.704672384,-0.140415662,0.675893429
119,302648,1389590,0.985,0.04,-0.034,0,0.1,-0.1,-35.7,6.9,27.2,0.163884396,0.704672384,-0.140415662,0.675893429
120,304793,1389590,0.988,0.04,-0.026,0,0.1,-0.1,-35.7,6.9,27.2,0.163884396,0.704641865,-0.140415662,0.675893429
121,307055,1389600,0.988,0.04,-0.034,-0.1,0,-0.1,-35.7,6.9,27.2,0.163884396,0.704641865,-0.140415662,0.675893429
122,309503,1389600,0.985,0.04,-0.03,-0.1,0,-0.1,-35.7,6.9,27.2,0.163914914,0.704641865,-0.140385144,0.675893429
123,312904,1389600,0.985,0.04,-0.038,0,0,0,-35.7,6.9,27.2,0.163914914,0.704641865,-0.140415662,0.675893429
124,314409,1389600,0.988,0.044,-0.03,0,0,0,-35.2,6.7,27.2,0.163914914,0.704641865,-0.140385144,0.675893429
125,318134,1389610,0.985,0.044,-0.03,0,0,0,-35.2,6.7,27.2,0.163884396,0.704641865,-0.140385144,0.675893429
126,319628,1389610,0.988,0.04,-0.03,0,0,0,-35.2,6.7,27.2,0.163914914,0.704641865,-0.140385144,0.675893429
127,323501,1389610,0.985,0.04,-0.03,0,0,-0.1,-35.2,6.7,27.2,0.163914914,0.704672384,-0.140385144,0.675893429
128,325707,1389610,0.985,0.04,-0.034,0,0,-0.1,-36.5,6.4,27.5,0.163914914,0.704672384,-0.140385144,0.675893429
129,327172,1389620,0.988,0.04,-0.03,0.1,0.1,0,-36.5,6.4,27.5,0.163914914,0.704641865,-0.140385144,0.675893429
130,329663,1389620,0.985,0.044,-0.03,0,0.1,0,-36.5,6.4,27.5,0.163884396,0.704641865,-0.140385144,0.675893429
131,333201,1389620,0.985,0.04,-0.03,0,0,0,-36.5,6.4,27.5,0.163884396,0.704641865,-0.140385144,0.675893429
132,334647,1389620,0.985,0.04,-0.034,0,0,0.1,-36.7,6.7,27.2,0.163884396,0.704641865,-0.140385144,0.675893429
133,337729,1389630,0.985,0.04,-0.026,0,0,0,-36.7,6.7,27.2,0.163884396,0.704641865,-0.140385144,0.675893429
134,339859,1389630,0.992,0.04,-0.034,0,0,0,-36.7,6.7,27.2,0.163884396,0.704641865,-0.140385144,0.675893429
135,342062,1389630,0.985,0.04,-0.038,0,-0.1,0,-36.7,6.7,27.2,0.163884396,0.704641865,-0.140385144,0.675893429
136,345037,1389630,0.988,0.036,-0.03,0,0,0,-37.2,6.8,27.3,0.163884396,0.704672384,-0.140415662,0.675862911
137,348387,1389640,0.988,0.04,-0.026,0,0,0,-37.2,6.8,27.3,0.163884396,0.704672384,-0.140415662,0.675862911
138,349840,1389640,0.988,0.036,-0.03,0,0,0,-37.2,6.8,27.3,0.163884396,0.704672384,-0.140415662,0.675893429
139,354107,1389640,0.988,0.036,-0.03,0,0,0,-37.2,6.8,27.3,0.163884396,0.704672384,-0.140415662,0.675862911
140,354453,1389640,0.985,0.044,-0.03,0,0,-0.1,-37.2,6.8,27.3,0.163884396,0.704672384,-0.140415662,0.675862911
141,357840,1389650,0.988,0.04,-0.03,0,0,-0.1,-37.2,6.8,27.3,0.163884396,0.704672384,-0.140415662,0.675862911
142,360575,1389650,0.985,0.036,-0.026,0,0,-0.1,-37.2,6.8,27.3,0.163884396,0.704672384,-0.140385144,0.675862911
143,362109,1389650,0.985,0.044,-0.034,0,0,0,-37.2,6.8,27.3,0.163884396,0.704672384,-0.140385144,0.675862911
144,365234,1389650,0.985,0.04,-0.026,0,-0.1,0,-37,7.3,27.4,0.163884396,0.704672384,-0.140385144,0.675862911
145,367423,1389660,0.985,0.04,-0.03,0,0,0,-37,7.3,27.4,0.163884396,0.704672384,-0.140385144,0.675862911
146,369677,1389660,0.985,0.04,-0.034,0,0,0,-37,7.3,27.4,0.163884396,0.704672384,-0.140415662,0.675862911
147,373067,1389660,0.988,0.04,-0.038,0,0.1,0,-37,7.3,27.4,0.163884396,0.704672384,-0.140385144,0.675862911
148,376156,1389660,0.985,0.04,-0.03,0,0.1,0,-36.9,7.5,27.6,0.163884396,0.704672384,-0.140385144,0.675862911
149,377834,1389670,0.988,0.04,-0.03,0,0,-0.1,-36.9,7.5,27.6,0.163884396,0.704672384,-0.140385144,0.675862911
150,380609,1389670,0.988,0.044,-0.034,0,-0.1,0,-36.9,7.5,27.6,0.163884396,0.704672384,-0.140385144,0.675862911
151,382305,1389670,0.985,0.036,-0.03,0,-0.1,0,-36.9,7.5,27.6,0.163884396,0.704672384,-0.140385144,0.675862911
152,385859,1389670,0.985,0.04,-0.034,0,-0.1,0,-36.9,7.4,27.3,0.163884396,0.704672384,-0.140385144,0.675862911
153,387329,1389680,0.981,0.036,-0.03,0,0,0,-36.9,7.4,27.3,0.163884396,0.704672384,-0.140385144,0.675862911
154,389641,1389680,0.985,0.04,-0.034,0,0.1,0,-36.9,7.4,27.3,0.163884396,0.704672384,-0.140385144,0.675862911
155,392820,1389680,0.988,0.04,-0.034,0,0,0,-36.9,7.4,27.3,0.163884396,0.704672384,-0.140385144,0.675862911
156,395244,1389680,0.985,0.036,-0.026,0,0,0,-36.5,7.1,27.4,0.163884396,0.704702902,-0.140415662,0.675862911
157,397404,1389690,0.985,0.036,-0.026,0,0,0,-36.5,7.1,27.4,0.163884396,0.704702902,-0.140415662,0.675862911
158,400422,1389690,0.988,0.04,-0.034,0,0,0,-36.5,7.1,27.4,0.163884396,0.704702902,-0.140415662,0.675862911
159,402692,1389690,0.988,0.04,-0.03,0,0.1,0,-36.5,7.1,27.4,0.163884396,0.704702902,-0.140415662,0.675862911
160,404787,1389690,0.985,0.044,-0.03,0,0,-0.1,-36.5,7.1,27.4,0.163884396,0.704702902,-0.140415662,0.675862911
161,407189,1389700,0.985,0.04,-0.03,0,0,0,-36.5,7.1,27.4,0.163884396,0.704702902,-0.140415662,0.675862911
162,409714,1389700,0.985,0.04,-0.03,0,0,-0.1,-36.5,7.1,27.4,0.163884396,0.704702902,-0.140415662,0.675862911
163,412880,1389700,0.985,0.04,-0.034,0,0,0,-36.5,7.1,27.4,0.163884396,0.704702902,-0.140415662,0.675862911
164,415052,1389700,0.992,0.04,-0.034,0,0,-0.1,-35.6,5.9,27.3,0.163884396,0.704702902,-0.140415662,0.675862911
165,417297,1389710,0.985,0.036,-0.034,0,0.1,-0.1,-35.6,5.9,27.3,0.163884396,0.704672384,-0.140415662,0.675862911
166,419619,1389710,0.985,0.04,-0.034,0,0.1,-0.1,-35.6,5.9,27.3,0.163884396,0.704672384,-0.140415662,0.675862911
167,422201,1389710,0.985,0.04,-0.03,0,0,-0.1,-35.6,5.9,27.3,0.163884396,0.704672384,-0.140415662,0.675862911
168,425545,1389710,0.988,0.04,-0.034,0,0,0,-35.6,5.6,27.2,0.163884396,0.704672384,-0.140415662,0.675862911
169,427097,1389720,0.988,0.04,-0.03,0,0,0,-35.6,5.6,27.2,0.163884396,0.704702902,-0.140415662,0.675862911
170,431643,1389720,0.985,0.036,-0.03,0.1,0,0,-35.6,5.6,27.2,0.163884396,0.704702902,-0.140415662,0.675862911
171,432297,1389720,0.985,0.036,-0.022,0.1,-0.1,0,-35.6,5.6,27.2,0.163884396,0.704702902,-0.140415662,0.675862911
172,435529,1389720,0.985,0.036,-0.038,0,-0.2,0,-35.2,5.7,27.3,0.163884396,0.704702902,-0.140415662,0.675862911
173,437515,1389730,0.985,0.04,-0.034,0,-0.2,0,-35.2,5.7,27.3,0.163884396,0.704702902,-0.140415662,0.675862911
174,439679,1389730,0.988,0.04,-0.03,0,0,-0.2,-35.2,5.7,27.3,0.163884396,0.704702902,-0.140415662,0.675832392
175,443963,1389730,0.985,0.044,-0.034,0,0,-0.2,-35.2,5.7,27.3,0.163884396,0.704702902,-0.140385144,0.675832392
176,446143,1389730,0.985,0.04,-0.03,0.1,0.1,0,-35.5,5.9,27.2,0.163884396,0.704733421,-0.140415662,0.675832392
177,448296,1389740,0.985,0.04,-0.03,0.1,0.1,0,-35.5,5.9,27.2,0.163884396,0.704733421,-0.140385144,0.675832392
178,449843,1389740,0.988,0.044,-0.034,0.1,0,0.1,-35.5,5.9,27.2,0.163884396,0.704733421,-0.140385144,0.675832392
179,453623,1389740,0.988,0.04,-0.038,0.1,0,0.2,-35.5,5.9,27.2,0.163884396,0.704733421,-0.140415662,0.675832392
180,455256,1389740,0.988,0.044,-0.026,0.1,-0.1,0.1,-35.5,5.9,27.2,0.163884396,0.704733421,-0.140415662,0.675832392
181,457097,1389750,0.988,0.04,-0.03,0.1,-0.1,0,-35.5,5.9,27.2,0.163884396,0.704733421,-0.140415662,0.675832392
182,459556,1389750,0.985,0.036,-0.034,0.1,0,0,-35.5,5.9,27.2,0.163853877,0.704733421,-0.140415662,0.675832392
183,462687,1389750,0.985,0.044,-0.038,0,0.1,0,-35.5,5.9,27.2,0.163853877,0.704733421,-0.140385144,0.675832392
184,465115,1389750,0.981,0.044,-0.038,0,0,0,-35.3,5.8,27.5,0.163853877,0.704733421,-0.140385144,0.675832392
185,467131,1389760,0.985,0.04,-0.034,0,-0.1,0,-35.3,5.8,27.5,0.163853877,0.704733421,-0.140385144,0.675832392
186,469774,1389760,0.981,0.036,-0.034,0.1,-0.1,0,-35.3,5.8,27.5,0.163853877,0.704733421,-0.140385144,0.675832392
187,472038,1389760,0.985,0.032,-0.026,0.1,-0.1,0,-35.3,5.8,27.5,0.163853877,0.704733421,-0.140385144,0.675801874
188,476269,1389760,0.988,0.04,-0.034,0.1,-0.2,0,-34.8,6.2,27.3,0.163853877,0.704733421,-0.140385144,0.675801874
189,478457,1389770,0.985,0.036,-0.034,0.1,-0.2,0,-34.8,6.2,27.3,0.163853877,0.704763939,-0.140385144,0.675801874
190,480111,1389770,0.985,0.032,-0.026,0,-0.1,0,-34.8,6.2,27.3,0.163853877,0.704763939,-0.140385144,0.675801874
191,483238,1389770,0.988,0.04,-0.034,0,0,0,-34.8,6.2,27.3,0.163853877,0.704763939,-0.140385144,0.675801874
192,484743,1389770,0.988,0.04,-0.03,0,0,0,-34.7,6,27.5,0.163853877,0.704763939,-0.140385144,0.675801874
193,487913,1389780,0.988,0.04,-0.034,0.1,0,-0.1,-34.7,6,27.5,0.163853877,0.704763939,-0.140385144,0.675801874
194,489589,1389780,0.988,0.04,-0.03,0,-0.1,-0.1,-34.7,6,27.5,0.163853877,0.704763939,-0.140385144,0.675801874
195,492592,1389780,0.981,0.036,-0.034,0,0,-0.1,-34.7,6,27.5,0.163853877,0.704763939,-0.140385144,0.675801874
196,494469,1389780,0.985,0.04,-0.022,-0.1,0.1,0,-35,6,27.5,0.163853877,0.704763939,-0.140385144,0.675801874
197,498669,1389790,0.985,0.04,-0.034,-0.1,0.1,0,-35,6,27.5,0.163853877,0.704763939,-0.140385144,0.675801874
198,500918,1389790,0.985,0.04,-0.03,-0.1,0.1,0,-35,6,27.5,0.163853877,0.704763939,-0.140385144,0.675801874
199,503289,1389790,0.985,0.04,-0.026,0,0.1,0,-35,6,27.5,0.163853877,0.704763939,-0.140385144,0.675801874
200,505434,1389790,0.981,0.036,-0.022,0,0.2,0,-35,6,27.5,0.163853877,0.704733421,-0.140385144,0.675801874
201,507714,1389800,0.981,0.032,-0.03,0,0.3,0,-35,6,27.5,0.163853877,0.704733421,-0.140385144,0.675832392
202,509915,1389800,0.981,0.036,-0.034,0.1,0.2,0,-35,6,27.5,0.163853877,0.704733421,-0.140385144,0.675832392
203,512441,1389800,0.981,0.04,-0.03,0.1,0.1,0,-35,6,27.5,0.163853877,0.704733421,-0.140385144,0.675832392
204,514632,1389800,0.988,0.044,-0.038,0,0,0,-33.9,6.1,27.3,0.163853877,0.704733421,-0.140385144,0.675832392
205,517991,1389810,0.988,0.044,-0.034,0,0,0,-33.9,6.1,27.3,0.163853877,0.704733421,-0.140385144,0.675832392
206,519867,1389810,0.988,0.036,-0.034,0,0,0,-33.9,6.1,27.3,0.163853877,0.704733421,-0.140385144,0.675832392
207,522134,1389810,0.988,0.04,-0.03,0.1,0,0,-33.9,6.1,27.3,0.163853877,0.704733421,-0.140385144,0.675832392
208,524527,1389810,0.988,0.04,-0.042,0.1,0,0,-34,6,26.8,0.163853877,0.704733421,-0.140385144,0.675832392
209,527827,1389820,0.992,0.044,-0.03,0.1,0,0,-34,6,26.8,0.163853877,0.704733421,-0.140385144,0.675832392
210,529929,1389820,0.985,0.036,-0.03,0.1,-0.1,-0.1,-34,6,26.8,0.163853877,0.704733421,-0.140385144,0.675832392
211,532159,1389820,0.985,0.04,-0.026,0,-0.1,0,-34,6,26.8,0.163853877,0.704733421,-0.140385144,0.675832392
212,535240,1389820,0.985,0.04,-0.03,0,-0.2,-0.1,-34.4,6.1,27.2,0.163853877,0.704733421,-0.140385144,0.675801874
213,537111,1389830,0.985,0.04,-0.034,0,-0.1,0,-34.4,6.1,27.2,0.163853877,0.704763939,-0.140385144,0.675801874
214,540869,1389830,0.981,0.044,-0.03,0,0,0,-34.4,6.1,27.2,0.163853877,0.704763939,-0.140385144,0.675801874
215,543157,1389830,0.985,0.036,-0.034,0,0,0,-34.4,6.1,27.2,0.163853877,0.704763939,-0.140385144,0.675801874
216,545226,1389830,0.981,0.04,-0.034,0,0.2,0.1,-33.6,6.1,27.3,0.163853877,0.704763939,-0.140385144,0.675801874
217,547314,1389840,0.985,0.036,-0.03,0,0.2,0.1,-33.6,6.1,27.3,0.163853877,0.704733421,-0.140385144,0.675801874
218,549653,1389840,0.988,0.04,-0.038,0,0.1,0.2,-33.6,6.1,27.3,0.163853877,0.704733421,-0.140385144,0.675832392
219,553099,1389840,0.985,0.04,-0.03,0,0,0,-33.6,6.1,27.3,0.163853877,0.704733421,-0.140385144,0.675832392
220,555200,1389840,0.985,0.044,-0.03,-0.1,0,0,-33.6,6.1,27.3,0.163853877,0.704733421,-0.140385144,0.675832392
221,557409,1389850,0.988,0.036,-0.038,-0.1,0,-0.1,-33.6,6.1,27.3,0.163853877,0.704733421,-0.140385144,0.675801874
222,559647,1389850,0.985,0.04,-0.03,0,0,0,-33.6,6.1,27.3,0.163853877,0.704733421,-0.140385144,0.675801874
223,562915,1389850,0.988,0.04,-0.03,0,-0.1,0,-33.6,6.1,27.3,0.163853877,0.704733421,-0.140385144,0.675801874
224,565004,1389850,0.992,0.044,-0.03,0,-0.2,0,-35.5,5.7,27,0.163853877,0.704763939,-0.140385144,0.675801874
225,567372,1389860,0.988,0.044,-0.034,0,-0.2,0,-35.5,5.7,27,0.163853877,0.704763939,-0.140385144,0.675801874
226,570284,1389860,0.992,0.04,-0.03,0,-0.2,0,-35.5,5.7,27,0.163853877,0.704763939,-0.140385144,0.675801874
227,573208,1389860,0.985,0.04,-0.03,0,-0.1,0,-35.5,5.7,27,0.163853877,0.704763939,-0.140385144,0.675801874
228,575493,1389860,0.985,0.04,-0.026,0,0,0,-35.6,5.3,27.2,0.163853877,0.704763939,-0.140385144,0.675801874
229,577767,1389870,0.985,0.04,-0.038,0,0.1,0,-35.6,5.3,27.2,0.163853877,0.704763939,-0.140385144,0.675801874
230,580006,1389870,0.981,0.036,-0.026,-0.1,0.1,0,-35.6,5.3,27.2,0.163853877,0.704763939,-0.140385144,0.675801874
231,582243,1389870,0.981,0.04,-0.026,0,0.2,-0.1,-35.6,5.3,27.2,0.163853877,0.704763939,-0.140385144,0.675801874
232,584904,1389870,0.981,0.04,-0.026,0,0.1,-0.1,-35.5,6,27.2,0.163853877,0.704763939,-0.140385144,0.675801874
233,587029,1389880,0.985,0.04,-0.03,0,0,-0.1,-35.5,6,27.2,0.163853877,0.704763939,-0.140385144,0.675801874
234,589534,1389880,0.985,0.04,-0.034,0,-0.2,-0.1,-35.5,6,27.2,0.163853877,0.704763939,-0.140385144,0.675801874
235,593498,1389880,0.985,0.04,-0.034,0,-0.2,0,-35.5,6,27.2,0.163853877,0.704763939,-0.140385144,0.675801874
236,595732,1389880,0.988,0.04,-0.034,0,0,0.1,-35.7,5.9,27.5,0.163884396,0.704763939,-0.140385144,0.675801874
237,597994,1389890,0.988,0.04,-0.034,0,0,0.1,-35.7,5.9,27.5,0.163853877,0.704763939,-0.140385144,0.675801874
238,600252,1389890,0.985,0.04,-0.034,-0.1,0,0.1,-35.7,5.9,27.5,0.163853877,0.704763939,-0.140385144,0.675801874
239,602485,1389890,0.988,0.044,-0.03,0,0,0.1,-35.7,5.9,27.5,0.163853877,0.704763939,-0.140385144,0.675801874
240,604634,1389890,0.992,0.04,-0.03,0,0,0.1,-35.7,5.9,27.5,0.163853877,0.704763939,-0.140385144,0.675801874
241,607065,1389900,0.985,0.04,-0.03,0,0,0.1,-35.7,5.9,27.5,0.163853877,0.704763939,-0.140385144,0.675801874
242,609670,1389900,0.985,0.04,-0.026,0,0,0.1,-35.7,5.9,27.5,0.163853877,0.704763939,-0.140415662,0.675801874
243,613746,1389900,0.981,0.04,-0.03,0,-0.1,0.1,-35.7,5.9,27.5,0.163853877,0.704763939,-0.140415662,0.675801874
244,616105,1389900,0.985,0.036,-0.026,0,-0.1,0,-35.3,6,27.6,0.163853877,0.704763939,-0.140415662,0.675801874
245,618259,1389910,0.988,0.044,-0.03,0,0,0,-35.3,6,27.6,0.163853877,0.704763939,-0.140415662,0.675801874
246,620502,1389910,0.988,0.04,-0.03,0,0.1,0,-35.3,6,27.6,0.163853877,0.704763939,-0.140415662,0.675801874
247,622763,1389910,0.985,0.036,-0.034,0,0.2,0.1,-35.3,6,27.6,0.163853877,0.704763939,-0.140415662,0.675801874
248,624967,1389910,0.985,0.044,-0.034,0,0.2,0.1,-35.5,6.4,28.3,0.163853877,0.704763939,-0.140415662,0.675801874
249,627134,1389920,0.988,0.044,-0.034,0,0.2,0,-35.5,6.4,28.3,0.163853877,0.704733421,-0.140415662,0.675801874
250,629516,1389920,0.985,0.044,-0.038,0,0.1,0,-35.5,6.4,28.3,0.163853877,0.704733421,-0.140415662,0.675801874
251,631964,1389920,0.992,0.036,-0.038,0,0,0,-35.5,6.4,28.3,0.163853877,0.704733421,-0.140415662,0.675801874
252,636162,1389920,0.985,0.044,-0.038,0,0,0,-35.6,6.7,28.9,0.163853877,0.704733421,-0.140415662,0.675801874
253,638479,1389930,0.985,0.04,-0.03,0,0,0,-35.6,6.7,28.9,0.163853877,0.704763939,-0.140415662,0.675801874
254,640762,1389930,0.981,0.036,-0.03,0,0,0,-35.6,6.7,28.9,0.163853877,0.704763939,-0.140415662,0.675801874
255,643002,1389930,0.985,0.04,-0.034,0,0,0,-35.6,6.7,28.9,0.163853877,0.704763939,-0.140415662,0.675801874
256,645146,1389930,0.985,0.04,-0.034,0,0,0.1,-35.5,6.2,28.4,0.163853877,0.704763939,-0.140415662,0.675801874
257,647521,1389940,0.981,0.04,-0.038,0,0,0.1,-35.5,6.2,28.4,0.163853877,0.704763939,-0.140415662,0.675801874
258,649660,1389940,0.988,0.04,-0.026,0,0,0,-35.5,6.2,28.4,0.163853877,0.704763939,-0.140415662,0.675801874
259,652134,1389940,0.988,0.04,-0.03,0,0,0,-35.5,6.2,28.4,0.163853877,0.704763939,-0.140415662,0.675801874
260,654607,1389940,0.985,0.036,-0.03,0,0,0,-35.5,6.2,28.4,0.163853877,0.704763939,-0.140415662,0.675801874
261,658617,1389950,0.985,0.04,-0.03,0,0,0,-35.5,6.2,28.4,0.163853877,0.704763939,-0.140415662,0.675801874
262,660952,1389950,0.988,0.04,-0.038,0,0,0,-35.5,6.2,28.4,0.163853877,0.704763939,-0.140415662,0.675801874
263,663111,1389950,0.992,0.04,-0.03,0,0,0,-35.5,6.2,28.4,0.163853877,0.704763939,-0.140415662,0.675801874
264,664569,1389950,0.988,0.036,-0.034,-0.1,0.1,0,-35.4,6.1,27.4,0.163853877,0.704763939,-0.140415662,0.675801874
265,667723,1389960,0.988,0.04,-0.034,-0.1,0.1,0,-35.4,6.1,27.4,0.163853877,0.704763939,-0.140415662,0.675801874
266,669644,1389960,0.988,0.048,-0.03,-0.1,0.2,0,-35.4,6.1,27.4,0.163853877,0.704763939,-0.140415662,0.675801874
267,672058,1389960,0.981,0.04,-0.026,0,0.4,0,-35.4,6.1,27.4,0.163853877,0.704733421,-0.140415662,0.675801874
268,675523,1389960,0.985,0.044,-0.03,0,0.4,0,-35.8,5.8,26.7,0.163853877,0.704733421,-0.140415662,0.675801874
269,677043,1389970,0.988,0.04,-0.03,0,0.2,0,-35.8,5.8,26.7,0.163853877,0.704733421,-0.140415662,0.675801874
270,679684,1389970,0.985,0.04,-0.03,0,0.1,-0.1,-35.8,5.8,26.7,0.163853877,0.704733421,-0.140415662,0.675801874
271,682726,1389970,0.985,0.036,-0.03,0,0,-0.1,-35.8,5.8,26.7,0.163853877,0.704733421,-0.140415662,0.675801874
272,685657,1389970,0.988,0.044,-0.034,0,-0.2,0,-35.6,6,26,0.163884396,0.704733421,-0.140415662,0.675801874
273,687198,1389980,0.985,0.04,-0.038,0,-0.2,0,-35.6,6,26,0.163884396,0.704733421,-0.140415662,0.675801874
274,690459,1389980,0.988,0.044,-0.038,0,-0.1,0,-35.6,6,26,0.163884396,0.704733421,-0.140415662,0.675801874
275,692022,1389980,0.985,0.04,-0.03,0,0,0,-35.6,6,26,0.163853877,0.704733421,-0.140415662,0.675801874
276,694676,1389980,0.988,0.04,-0.03,0,0,0,-35.6,6,26,0.163884396,0.704794458,-0.140385144,0.675771355
277,697706,1389990,0.985,0.04,-0.038,0,0,0,-35.6,6,26,0.163884396,0.704794458,-0.140385144,0.675771355
278,700995,1389990,0.985,0.044,-0.03,0,0,0,-35.6,6,26,0.163884396,0.704794458,-0.140385144,0.675771355
279,703211,1389990,0.988,0.04,-0.034,0,-0.1,0,-35.6,6,26,0.163884396,0.704794458,-0.140415662,0.675771355
280,704716,1389990,0.988,0.036,-0.034,0.1,0,0.1,-35.6,6,26,0.163884396,0.704794458,-0.140415662,0.675771355
281,707713,1390000,0.985,0.04,-0.03,0.1,0,0,-35.6,6,26,0.163884396,0.704794458,-0.140415662,0.675771355
282,710944,1390000,0.988,0.044,-0.03,0.1,0,0,-35.6,6,26,0.163884396,0.704794458,-0.140385144,0.675771355
283,712465,1390000,0.988,0.04,-0.038,0.1,0.1,0,-35.6,6,26,0.163853877,0.704794458,-0.140385144,0.675771355
284,715469,1390000,0.981,0.04,-0.03,0.1,0.2,0,-35.5,5.9,27.4,0.163853877,0.704794458,-0.140385144,0.675771355
285,717126,1390010,0.981,0.04,-0.034,0.1,0.2,0,-35.5,5.9,27.4,0.163853877,0.704794458,-0.140385144,0.675771355
286,719782,1390010,0.988,0.04,-0.038,0,0.1,0,-35.5,5.9,27.4,0.163853877,0.704794458,-0.140385144,0.675771355
287,723273,1390010,0.981,0.036,-0.038,0.1,0.1,0,-35.5,5.9,27.4,0.163853877,0.704794458,-0.140385144,0.675771355
288,724774,1390010,0.985,0.04,-0.03,0,0,0,-35.5,5.9,27.4,0.163853877,0.704794458,-0.140385144,0.675771355
289,727719,1390020,0.985,0.04,-0.03,0,0,0,-35.5,5.9,27.4,0.163853877,0.704794458,-0.140385144,0.675771355
290,730952,1390020,0.985,0.036,-0.026,0,0,0,-35.5,5.9,27.4,0.163853877,0.704794458,-0.140385144,0.675771355
291,732522,1390020,0.985,0.044,-0.034,0,0,0,-35.5,5.9,27.4,0.163853877,0.704794458,-0.140385144,0.675771355
292,734794,1390020,0.985,0.044,-0.026,0,0,0,-35.5,5.9,27.4,0.163853877,0.704794458,-0.140385144,0.675771355
293,737746,1390030,0.985,0.04,-0.03,0.1,-0.1,0,-35.5,5.9,27.4,0.163853877,0.704794458,-0.140385144,0.675771355
294,740513,1390030,0.985,0.04,-0.022,0,-0.2,0,-35.5,5.9,27.4,0.163853877,0.704794458,-0.140385144,0.675771355
295,742001,1390030,0.988,0.044,-0.03,0,-0.2,0,-35.5,5.9,27.4,0.163853877,0.704794458,-0.140385144,0.675771355
296,745127,1390030,0.988,0.044,-0.03,0,-0.1,0,-35.5,5.9,27.4,0.163884396,0.704763939,-0.140354625,0.675801874
297,747275,1390040,0.988,0.044,-0.03,0,-0.1,0,-35.5,5.9,27.4,0.163884396,0.704763939,-0.140385144,0.675801874
298,750549,1390040,0.988,0.04,-0.03,0,-0.1,0,-35.5,5.9,27.4,0.163884396,0.704763939,-0.140385144,0.675801874
299,752036,1390040,0.985,0.036,-0.03,-0.1,0,0,-35.5,5.9,27.4,0.163884396,0.704763939,-0.140385144,0.675801874
300,755012,1390040,0.985,0.04,-0.03,0,0.1,0,-35.5,5.9,27.4,0.163884396,0.704763939,-0.140385144,0.675801874
301,758009,1390050,0.988,0.036,-0.026,0,0.1,0,-35.5,5.9,27.4,0.163884396,0.704763939,-0.140385144,0.675801874
302,759547,1390050,0.985,0.036,-0.03,0,0,0,-35.5,5.9,27.4,0.163884396,0.704763939,-0.140385144,0.675801874
303,762796,1390050,0.985,0.04,-0.038,0,0,0,-35.5,5.9,27.4,0.163884396,0.704763939,-0.140385144,0.675801874
304,764484,1390050,0.985,0.04,-0.034,0,0,0,-35.7,6.8,28.5,0.163884396,0.704763939,-0.140385144,0.675801874
305,767003,1390060,0.985,0.04,-0.038,0,0,0,-35.7,6.8,28.5,0.163884396,0.704763939,-0.140385144,0.675801874
306,770193,1390060,0.988,0.04,-0.026,0,0,0,-35.7,6.8,28.5,0.163884396,0.704763939,-0.140385144,0.675801874
307,771980,1390060,0.988,0.04,-0.03,0,0,0,-35.7,6.8,28.5,0.163884396,0.704763939,-0.140385144,0.675801874
308,775557,1390060,0.985,0.044,-0.034,0,0,0,-35.7,6.8,28.5,0.163884396,0.704763939,-0.140385144,0.675801874
309,777202,1390070,0.985,0.04,-0.038,0,0,0,-35.7,6.8,28.5,0.163884396,0.704763939,-0.140385144,0.675801874
310,779810,1390070,0.981,0.048,-0.034,0,0,0,-35.7,6.8,28.5,0.163884396,0.704763939,-0.140385144,0.675801874
311,784042,1390070,0.985,0.044,-0.03,0,0.1,0,-35.7,6.8,28.5,0.163884396,0.704763939,-0.140385144,0.675801874
312,786156,1390070,0.981,0.044,-0.038,0,0.1,0,-35.7,6.8,28.5,0.163884396,0.704763939,-0.140385144,0.675801874
313,788330,1390080,0.988,0.04,-0.034,0,0,0,-35.7,6.8,28.5,0.163884396,0.704763939,-0.140385144,0.675801874
314,790066,1390080,0.985,0.04,-0.034,-0.1,0,0,-35.7,6.8,28.5,0.163884396,0.704763939,-0.140385144,0.675801874
315,793071,1390080,0.985,0.04,-0.034,-0.1,0,0,-35.7,6.8,28.5,0.163914914,0.704763939,-0.140385144,0.675801874
316,794658,1390080,0.985,0.036,-0.034,0,0.1,0,-35.4,4.2,26.3,0.163914914,0.704794458,-0.140354625,0.675771355
317,798341,1390090,0.988,0.04,-0.03,0,0.1,0,-35.4,4.2,26.3,0.163914914,0.704794458,-0.140354625,0.675771355
318,800309,1390090,0.981,0.04,-0.03,0,0.1,0,-35.4,4.2,26.3,0.163914914,0.704794458,-0.140354625,0.675771355
319,802353,1390090,0.985,0.04,-0.03,0,0,-0.1,-35.4,4.2,26.3,0.163914914,0.704794458,-0.140354625,0.675771355
320,805348,1390090,0.985,0.04,-0.03,0,0,-0.1,-35.5,4.3,26.3,0.163914914,0.704794458,-0.140354625,0.675771355
321,807016,1390100,0.985,0.044,-0.03,0,0,-0.1,-35.5,4.3,26.3,0.163914914,0.704794458,-0.140354625,0.675771355
322,809719,1390100,0.985,0.044,-0.03,0,0.1,0,-35.5,4.3,26.3,0.163914914,0.704794458,-0.140354625,0.675771355
323,813224,1390100,0.985,0.036,-0.03,0,0.1,0,-35.5,4.3,26.3,0.163914914,0.704794458,-0.140354625,0.675771355
324,815494,1390100,0.988,0.044,-0.026,0,0.1,0,-35.5,7.2,27.4,0.163914914,0.704794458,-0.140354625,0.675771355
325,817733,1390110,0.985,0.04,-0.034,0,0,-0.1,-35.5,7.2,27.4,0.163914914,0.704794458,-0.140354625,0.675771355
326,819838,1390110,0.985,0.044,-0.03,-0.1,-0.1,0,-35.5,7.2,27.4,0.163914914,0.704794458,-0.140354625,0.675771355
327,823322,1390110,0.985,0.04,-0.022,-0.1,-0.2,0,-35.5,7.2,27.4,0.163914914,0.704794458,-0.140354625,0.675771355
328,824719,1390110,0.985,0.044,-0.03,-0.1,-0.2,0,-35.3,5.9,26.8,0.163914914,0.704794458,-0.140354625,0.675740837
329,827015,1390120,0.985,0.04,-0.034,-0.1,-0.2,0,-35.3,5.9,26.8,0.163945433,0.704794458,-0.140354625,0.675740837
330,830119,1390120,0.988,0.04,-0.034,0,0,0,-35.3,5.9,26.8,0.163945433,0.704794458,-0.140354625,0.675740837
331,831998,1390120,0.988,0.04,-0.034,0,0,0,-35.3,5.9,26.8,0.163914914,0.704794458,-0.140354625,0.675740837
332,834949,1390120,0.985,0.04,-0.038,0,0.1,0,-35.4,6.5,26.9,0.163914914,0.704794458,-0.140354625,0.675740837
333,838105,1390130,0.988,0.04,-0.026,0,0.1,0,-35.4,6.5,26.9,0.163945433,0.704794458,-0.140354625,0.675740837
334,839625,1390130,0.988,0.04,-0.034,0,0,0,-35.4,6.5,26.9,0.163945433,0.704794458,-0.140354625,0.675740837
335,843097,1390130,0.985,0.04,-0.03,0,0,0,-35.4,6.5,26.9,0.163945433,0.704794458,-0.140354625,0.675740837
336,844514,1390130,0.985,0.048,-0.03,0,-0.1,0,-35.6,7.2,26.7,0.163945433,0.704794458,-0.140354625,0.675740837
337,847570,1390140,0.981,0.036,-0.03,0,-0.1,0,-35.6,7.2,26.7,0.163945433,0.704794458,-0.140354625,0.675740837
338,850518,1390140,0.985,0.036,-0.038,0,0,0,-35.6,7.2,26.7,0.163945433,0.704794458,-0.140354625,0.675740837
339,852064,1390140,0.985,0.04,-0.034,-0.1,0,0.2,-35.6,7.2,26.7,0.163945433,0.704794458,-0.140354625,0.675740837
340,855060,1390140,0.981,0.04,-0.03,0,0,0.2,-35.9,7.5,26.7,0.163945433,0.704794458,-0.140354625,0.675740837
341,857131,1390150,0.985,0.044,-0.034,0,0.1,0.2,-35.9,7.5,26.7,0.163914914,0.704794458,-0.140385144,0.675740837
342,859995,1390150,0.985,0.04,-0.03,0.1,0.1,0,-35.9,7.5,26.7,0.163914914,0.704794458,-0.140354625,0.675740837
343,863038,1390150,0.985,0.04,-0.03,0,0.2,0,-35.9,7.5,26.7,0.163914914,0.704794458,-0.140354625,0.675740837
344,864542,1390150,0.985,0.036,-0.034,0,0.2,-0.1,-35.5,6,27.1,0.163914914,0.704794458,-0.140354625,0.675771355
345,867267,1390160,0.985,0.04,-0.03,0,0.2,0,-35.5,6,27.1,0.163914914,0.704794458,-0.140354625,0.675771355
346,871389,1390160,0.985,0.044,-0.03,0,0.2,0,-35.5,6,27.1,0.163914914,0.704763939,-0.140354625,0.675771355
347,873466,1390160,0.981,0.04,-0.03,0,0.2,0,-35.5,6,27.1,0.163914914,0.704763939,-0.140354625,0.675771355
348,875664,1390160,0.981,0.04,-0.03,0,0.1,0,-35.6,5.9,27.2,0.163914914,0.704763939,-0.140354625,0.675771355
349,877212,1390170,0.985,0.04,-0.03,0,0,0,-35.6,5.9,27.2,0.163945433,0.704763939,-0.140354625,0.675771355
350,880217,1390170,0.985,0.044,-0.034,0,0,0,-35.6,5.9,27.2,0.163945433,0.704763939,-0.140354625,0.675771355
351,882301,1390170,0.985,0.036,-0.026,-0.1,0,0,-35.6,5.9,27.2,0.163945433,0.704763939,-0.140354625,0.675771355
352,885454,1390170,0.988,0.04,-0.03,-0.1,0,0,-35.7,6.2,27.2,0.163945433,0.704763939,-0.140354625,0.675771355
353,887179,1390180,0.992,0.04,-0.038,-0.1,0,0,-35.7,6.2,27.2,0.163945433,0.704763939,-0.140354625,0.675771355
354,890126,1390180,0.992,0.036,-0.03,0,0.1,0,-35.7,6.2,27.2,0.163945433,0.704763939,-0.140354625,0.675771355
355,892285,1390180,0.985,0.044,-0.034,0,0,0,-35.7,6.2,27.2,0.163945433,0.704763939,-0.140354625,0.675771355
356,894796,1390180,0.981,0.036,-0.026,0,0,0,-35.8,5.9,27.2,0.163945433,0.704794458,-0.140354625,0.675771355
357,897652,1390190,0.981,0.036,-0.026,0,0.1,0,-35.8,5.9,27.2,0.163945433,0.704794458,-0.140354625,0.675771355
358,899861,1390190,0.985,0.036,-0.026,0,0.1,0,-35.8,5.9,27.2,0.163945433,0.704794458,-0.140354625,0.675771355
359,902198,1390190,0.985,0.04,-0.034,0,0.2,0,-35.8,5.9,27.2,0.163945433,0.704763939,-0.140354625,0.675771355
360,904808,1390190,0.985,0.04,-0.034,0,0.1,0,-36.5,6,27,0.163945433,0.704763939,-0.140354625,0.675771355
361,908158,1390200,0.985,0.044,-0.034,0,0,0,-36.5,6,27,0.163945433,0.704763939,-0.140354625,0.675771355
362,909859,1390200,0.981,0.044,-0.034,0,-0.1,0,-36.5,6,27,0.163945433,0.704763939,-0.140354625,0.675771355
363,912180,1390200,0.988,0.036,-0.03,0,-0.2,0,-36.5,6,27,0.163945433,0.704794458,-0.140354625,0.675771355
364,914749,1390200,0.988,0.036,-0.026,0.1,-0.1,0.1,-34.9,4.7,27.3,0.163945433,0.704794458,-0.140354625,0.675771355
365,918845,1390210,0.985,0.036,-0.03,0.1,0,0.1,-34.9,4.7,27.3,0.163945433,0.704794458,-0.140354625,0.675771355
366,919577,1390210,0.985,0.032,-0.034,0.1,0.2,0,-34.9,4.7,27.3,0.163914914,0.704763939,-0.140354625,0.675771355
367,922104,1390210,0.985,0.04,-0.034,0,0.2,0,-34.9,4.7,27.3,0.163914914,0.704763939,-0.140354625,0.675771355
368,924614,1390210,0.988,0.044,-0.03,0,0.1,0,-36.7,7.2,27,0.163945433,0.704763939,-0.140354625,0.675771355
369,928707,1390220,0.985,0.044,-0.022,0,0,0,-36.7,7.2,27,0.163945433,0.704763939,-0.140354625,0.675771355
370,929649,1390220,0.985,0.036,-0.034,-0.1,0,0,-36.7,7.2,27,0.163945433,0.704763939,-0.140354625,0.675771355
371,932239,1390220,0.985,0.04,-0.03,-0.1,0,0,-36.7,7.2,27,0.163945433,0.704763939,-0.140385144,0.675771355
372,935527,1390220,0.988,0.04,-0.03,-0.1,-0.1,0,-36.8,7.4,27.1,0.163945433,0.704763939,-0.140385144,0.675771355
373,938046,1390230,0.988,0.04,-0.026,-0.1,0,0,-36.8,7.4,27.1,0.163945433,0.704763939,-0.140385144,0.675771355
374,940647,1390230,0.985,0.044,-0.03,0,0,0,-36.8,7.4,27.1,0.163945433,0.704763939,-0.140385144,0.675771355
375,942269,1390230,0.985,0.036,-0.03,0,0,0,-36.8,7.4,27.1,0.163945433,0.704763939,-0.140385144,0.675771355
376,944979,1390230,0.988,0.044,-0.03,0.1,0,0,-37.3,7.2,27,0.163945433,0.704763939,-0.140385144,0.675801874
377,947045,1390240,0.985,0.036,-0.038,0.1,0,0,-37.3,7.2,27,0.163945433,0.704763939,-0.140385144,0.675801874
378,950721,1390240,0.988,0.04,-0.034,0.1,0,0,-37.3,7.2,27,0.163945433,0.704763939,-0.140385144,0.675801874
379,953238,1390240,0.985,0.04,-0.034,0,0,0,-37.3,7.2,27,0.163945433,0.704763939,-0.140354625,0.675801874
380,955476,1390240,0.988,0.04,-0.038,0.1,0.1,0,-37.4,7.2,26.8,0.163914914,0.704763939,-0.140354625,0.675801874
381,957513,1390250,0.985,0.04,-0.026,0.1,0.1,0,-37.4,7.2,26.8,0.163914914,0.704763939,-0.140354625,0.675801874
382,960538,1390250,0.988,0.044,-0.026,0.1,0.2,0,-37.4,7.2,26.8,0.163914914,0.704763939,-0.140354625,0.675801874
383,962831,1390250,0.985,0.04,-0.03,0.1,0.2,0,-37.4,7.2,26.8,0.163914914,0.704733421,-0.140354625,0.675801874
384,964494,1390250,0.985,0.036,-0.034,0,0.2,0,-34.7,5.7,27.3,0.163914914,0.704733421,-0.140354625,0.675801874
385,968292,1390260,0.985,0.04,-0.03,0,0.1,0,-34.7,5.7,27.3,0.163914914,0.704733421,-0.140354625,0.675801874
386,969755,1390260,0.985,0.036,-0.038,-0.1,0,0,-34.7,5.7,27.3,0.163914914,0.704733421,-0.140354625,0.675801874
387,973773,1390260,0.985,0.036,-0.034,-0.1,0,0.1,-34.7,5.7,27.3,0.163914914,0.704733421,-0.140354625,0.675801874
388,975788,1390260,0.988,0.04,-0.034,-0.1,0,0.1,-36.2,6.3,27.4,0.163914914,0.704733421,-0.140385144,0.675801874
389,977334,1390270,0.992,0.044,-0.034,0,0,0,-36.2,6.3,27.4,0.163914914,0.704733421,-0.140385144,0.675801874
390,980373,1390270,0.988,0.04,-0.03,0,0,0,-36.2,6.3,27.4,0.163945433,0.704733421,-0.140385144,0.675801874
391,982616,1390270,0.992,0.044,-0.03,0,0,0,-36.2,6.3,27.4,0.163945433,0.704733421,-0.140385144,0.675801874
392,984857,1390270,0.988,0.044,-0.03,0,0,0,-35.3,6.5,27.6,0.163945433,0.704733421,-0.140354625,0.675801874
393,987167,1390280,0.985,0.04,-0.026,0,0,0,-35.3,6.5,27.6,0.163945433,0.704733421,-0.140354625,0.675801874
394,990358,1390280,0.988,0.04,-0.034,0,0,0,-35.3,6.5,27.6,0.163914914,0.704733421,-0.140354625,0.675801874
395,992426,1390280,0.985,0.044,-0.034,0,-0.2,0,-35.3,6.5,27.6,0.163914914,0.704763939,-0.140354625,0.675801874
396,994714,1390280,0.985,0.04,-0.03,0,-0.2,0,-35.4,6.5,27.2,0.163945433,0.704763939,-0.140354625,0.675801874
397,997392,1390290,0.985,0.04,-0.026,0,0,0,-35.4,6.5,27.2,0.163945433,0.704763939,-0.140354625,0.675801874
398,1000755,1390290,0.985,0.04,-0.03,-0.1,0.1,0,-35.4,6.5,27.2,0.163945433,0.704763939,-0.140354625,0.675801874
399,1002967,1390290,0.985,0.044,-0.03,-0.1,0.2,-0.1,-35.4,6.5,27.2,0.163945433,0.704733421,-0.140354625,0.675801874
400,1004601,1390290,0.988,0.04,-0.03,-0.1,0.1,0,-34.6,6.2,27.3,0.163945433,0.704733421,-0.140354625,0.675801874
401,1007066,1390300,0.985,0.044,-0.03,-0.1,0,0,-34.6,6.2,27.3,0.163945433,0.704733421,-0.140354625,0.675801874
402,1011192,1390300,0.985,0.04,-0.03,0,-0.1,0,-34.6,6.2,27.3,0.163945433,0.704733421,-0.140354625,0.675801874
403,1013139,1390300,0.985,0.044,-0.034,0,-0.2,0,-34.6,6.2,27.3,0.163945433,0.704733421,-0.140354625,0.675801874
404,1014805,1390300,0.981,0.04,-0.034,0,-0.2,0,-35.7,5.8,27.1,0.163945433,0.704763939,-0.140354625,0.675801874
405,1017106,1390310,0.981,0.036,-0.034,0,0,0,-35.7,5.8,27.1,0.163945433,0.704763939,-0.140354625,0.675801874
406,1019655,1390310,0.985,0.04,-0.034,0,0,0,-35.7,5.8,27.1,0.163945433,0.704763939,-0.140354625,0.675801874
407,1023571,1390310,0.988,0.036,-0.038,0,0.1,-0.1,-35.7,5.8,27.1,0.163945433,0.704763939,-0.140354625,0.675801874
408,1025134,1390310,0.988,0.04,-0.03,0,0,-0.1,-35.7,5.7,27.4,0.163975951,0.704763939,-0.140354625,0.675801874
409,1027347,1390320,0.988,0.04,-0.03,0,0,0,-35.7,5.7,27.4,0.163975951,0.704763939,-0.140354625,0.675801874
410,1030753,1390320,0.988,0.044,-0.034,0,0,-0.1,-35.7,5.7,27.4,0.163975951,0.704763939,-0.140354625,0.675801874
411,1032179,1390320,0.988,0.036,-0.03,0,0.1,-0.1,-35.7,5.7,27.4,0.163975951,0.704763939,-0.140354625,0.675801874
412,1035449,1390320,0.985,0.04,-0.034,0,0.1,-0.1,-35.4,5.9,27.1,0.163975951,0.704733421,-0.140354625,0.675801874
413,1037230,1390330,0.985,0.036,-0.03,0,0.1,-0.1,-35.4,5.9,27.1,0.163975951,0.704733421,-0.140354625,0.675801874
414,1040666,1390330,0.985,0.044,-0.026,0,0.1,0,-35.4,5.9,27.1,0.163975951,0.704733421,-0.140354625,0.675801874
415,1042130,1390330,0.988,0.044,-0.034,0,0.1,-0.1,-35.4,5.9,27.1,0.163975951,0.704733421,-0.140354625,0.675801874
416,1044666,1390330,0.985,0.04,-0.03,0,0.1,0,-35.7,5.9,27.2,0.163975951,0.704733421,-0.140324107,0.675801874
417,1048323,1390340,0.985,0.04,-0.03,0,0,0,-35.7,5.9,27.2,0.163975951,0.704733421,-0.140324107,0.675801874
418,1050047,1390340,0.985,0.04,-0.03,0,0,0,-35.7,5.9,27.2,0.163975951,0.704733421,-0.140324107,0.675801874
419,1052103,1390340,0.985,0.04,-0.03,0,0,-0.1,-35.7,5.9,27.2,0.163975951,0.704733421,-0.140324107,0.675801874
420,1055397,1390340,0.985,0.04,-0.034,0,0,-0.1,-35.6,5.7,27.3,0.163975951,0.704733421,-0.140324107,0.675801874
421,1057030,1390350,0.985,0.04,-0.026,0,0,-0.1,-35.6,5.7,27.3,0.163975951,0.704733421,-0.140324107,0.675801874
422,1059956,1390350,0.988,0.04,-0.034,0,0.1,0,-35.6,5.7,27.3,0.163975951,0.704733421,-0.140324107,0.675801874
423,1062054,1390350,0.988,0.04,-0.03,0,0.1,0,-35.6,5.7,27.3,0.163975951,0.704733421,-0.140324107,0.675801874
424,1065312,1390350,0.988,0.044,-0.034,0,0.1,0,-36.8,6.1,27.2,0.163975951,0.704733421,-0.140324107,0.675801874
425,1067372,1390360,0.985,0.044,-0.03,0,0,0,-36.8,6.1,27.2,0.163975951,0.704733421,-0.140324107,0.675801874
426,1069661,1390360,0.985,0.04,-0.026,0,0,0,-36.8,6.1,27.2,0.163975951,0.704733421,-0.140324107,0.675801874
427,1072029,1390360,0.988,0.044,-0.026,0,0,0,-36.8,6.1,27.2,0.163975951,0.704733421,-0.140324107,0.675801874
428,1074916,1390360,0.985,0.044,-0.034,0,0,0,-34.3,5.7,27,0.163975951,0.704733421,-0.140324107,0.675801874
429,1078341,1390370,0.985,0.04,-0.034,0,0,0,-34.3,5.7,27,0.163975951,0.704733421,-0.140324107,0.675801874
430,1080295,1390370,0.985,0.04,-0.03,0,0.1,0,-34.3,5.7,27,0.163975951,0.704733421,-0.140324107,0.675801874
431,1082511,1390370,0.988,0.04,-0.038,0,0.1,0,-34.3,5.7,27,0.163975951,0.704733421,-0.140324107,0.675832392
432,1085675,1390370,0.985,0.04,-0.03,0,0.1,0,-33.9,6.1,27.3,0.163975951,0.704733421,-0.140324107,0.675832392
433,1087952,1390380,0.985,0.044,-0.034,0,0.1,0,-33.9,6.1,27.3,0.163975951,0.704733421,-0.140324107,0.675832392
434,1090826,1390380,0.988,0.044,-0.03,0,0,0,-33.9,6.1,27.3,0.163975951,0.704733421,-0.140324107,0.675832392
435,1093097,1390380,0.988,0.04,-0.034,0,0,0,-33.9,6.1,27.3,0.163975951,0.704733421,-0.140324107,0.675832392
436,1094673,1390380,0.988,0.04,-0.034,0,0.1,-0.1,-34.2,5.9,27.2,0.16400647,0.704733421,-0.140324107,0.675801874
437,1097862,1390390,0.988,0.04,-0.03,0,0.1,-0.1,-34.2,5.9,27.2,0.16400647,0.704733421,-0.140293588,0.675801874
438,1099754,1390390,0.985,0.04,-0.03,0,0.2,0,-34.2,5.9,27.2,0.16400647,0.704733421,-0.140293588,0.675832392
439,1102127,1390390,0.988,0.04,-0.034,0,0.2,0.1,-34.2,5.9,27.2,0.16400647,0.704733421,-0.140293588,0.675832392
440,1105867,1390390,0.985,0.04,-0.038,0,0.2,0.2,-34.3,5.9,27.5,0.16400647,0.704702902,-0.140324107,0.675832392
441,1107595,1390400,0.985,0.044,-0.034,0,0.2,0.2,-34.3,5.9,27.5,0.16400647,0.704702902,-0.140324107,0.675832392
442,1110019,1390400,0.985,0.04,-0.026,0,0.2,0.2,-34.3,5.9,27.5,0.16400647,0.704702902,-0.140324107,0.675832392
443,1112228,1390400,0.985,0.04,-0.03,0,0.1,0.1,-34.3,5.9,27.5,0.16400647,0.704702902,-0.140324107,0.675832392
444,1114575,1390400,0.985,0.04,-0.034,0,0,0,-35.9,6,27.3,0.16400647,0.704702902,-0.140324107,0.675832392
445,1117076,1390410,0.985,0.04,-0.034,0,0,0,-35.9,6,27.3,0.16400647,0.704702902,-0.140324107,0.675832392
446,1119527,1390410,0.985,0.036,-0.026,0,-0.1,0,-35.9,6,27.3,0.16400647,0.704702902,-0.140324107,0.675832392
447,1122728,1390410,0.985,0.04,-0.03,0,-0.2,0,-35.9,6,27.3,0.16400647,0.704702902,-0.140324107,0.675832392
448,1124653,1390410,0.981,0.044,-0.03,0,-0.2,0,-35.2,5.5,27,0.163975951,0.704702902,-0.140324107,0.675832392
449,1128688,1390420,0.981,0.044,-0.034,0,-0.2,0,-35.2,5.5,27,0.163975951,0.704702902,-0.140324107,0.675832392
450,1130526,1390420,0.985,0.04,-0.026,0.1,0,0,-35.2,5.5,27,0.163975951,0.704702902,-0.140324107,0.675832392
451,1132162,1390420,0.988,0.04,-0.034,0,0,0,-35.2,5.5,27,0.163975951,0.704702902,-0.140324107,0.675832392
452,1135762,1390420,0.985,0.044,-0.03,0,0.1,0,-35.1,5.8,27.2,0.163975951,0.704702902,-0.140324107,0.675832392
453,1137864,1390430,0.985,0.04,-0.042,-0.1,0.1,0,-35.1,5.8,27.2,0.163975951,0.704702902,-0.140324107,0.675832392
454,1139868,1390430,0.992,0.04,-0.03,0,0.1,0,-35.1,5.8,27.2,0.163975951,0.704702902,-0.140324107,0.675832392
455,1143150,1390430,0.988,0.04,-0.03,0,0.1,0,-35.1,5.8,27.2,0.163975951,0.704702902,-0.140324107,0.675832392
456,1144625,1390430,0.985,0.04,-0.03,0.1,0,0,-35.2,6,27.2,0.163975951,0.704733421,-0.140324107,0.675832392
457,1147250,1390440,0.985,0.04,-0.026,0.1,0,0,-35.2,6,27.2,0.163975951,0.704733421,-0.140324107,0.675832392
458,1149836,1390440,0.985,0.036,-0.038,0.1,0,0,-35.2,6,27.2,0.163975951,0.704733421,-0.140324107,0.675832392
459,1153035,1390440,0.985,0.04,-0.034,0,0.1,0,-35.2,6,27.2,0.163975951,0.704733421,-0.140324107,0.675832392
460,1154662,1390440,0.985,0.04,-0.03,0,0.1,0.2,-35.2,5.7,27.1,0.163975951,0.704702902,-0.140324107,0.675832392
461,1157919,1390450,0.985,0.04,-0.038,0,0.1,0.2,-35.2,5.7,27.1,0.163975951,0.704702902,-0.140324107,0.675832392
462,1159732,1390450,0.985,0.044,-0.03,0,0.1,0.2,-35.2,5.7,27.1,0.163975951,0.704702902,-0.140324107,0.675832392
463,1162125,1390450,0.988,0.04,-0.034,0,0,0,-35.2,5.7,27.1,0.163975951,0.704702902,-0.140324107,0.675832392
464,1165627,1390450,0.988,0.04,-0.034,0,0,0,-35.5,6.1,27,0.163975951,0.704702902,-0.140324107,0.675832392
465,1167854,1390460,0.985,0.04,-0.034,0,0,0.1,-35.5,6.1,27,0.163975951,0.704702902,-0.140324107,0.675832392
466,1170240,1390460,0.985,0.044,-0.034,0,0,0.1,-35.5,6.1,27,0.163975951,0.704702902,-0.140324107,0.675832392
467,1172191,1390460,0.985,0.036,-0.03,0.1,0,0,-35.5,6.1,27,0.163975951,0.704702902,-0.140324107,0.675832392
468,1174836,1390460,0.988,0.036,-0.038,0.1,0.1,0,-35.7,6,27.5,0.163975951,0.704702902,-0.140324107,0.675832392
469,1177366,1390470,0.985,0.036,-0.026,0,0.2,0,-35.7,6,27.5,0.163975951,0.704702902,-0.140324107,0.675832392
470,1181123,1390470,0.988,0.04,-0.03,0,0.1,0,-35.7,6,27.5,0.163975951,0.704702902,-0.140324107,0.675832392
471,1183084,1390470,0.985,0.04,-0.034,0,0,0,-35.7,6,27.5,0.163975951,0.704702902,-0.140324107,0.675832392
472,1184681,1390470,0.985,0.044,-0.03,0.1,0,0,-35.5,6,27.8,0.163975951,0.704702902,-0.140324107,0.675832392
473,1187589,1390480,0.985,0.04,-0.034,0.1,0,-0.1,-35.5,6,27.8,0.163975951,0.704702902,-0.140324107,0.675832392
474,1189544,1390480,0.985,0.036,-0.03,0.1,0,-0.1,-35.5,6,27.8,0.163975951,0.704702902,-0.140324107,0.675832392
475,1192101,1390480,0.981,0.04,-0.034,0,0,-0.2,-35.5,6,27.8,0.163975951,0.704702902,-0.140324107,0.675832392
476,1195817,1390480,0.985,0.044,-0.03,0,-0.2,0,-35.6,6.4,28.6,0.163975951,0.704702902,-0.140324107,0.675832392
477,1197587,1390490,0.985,0.044,-0.03,0,-0.2,0,-35.6,6.4,28.6,0.163975951,0.704733421,-0.140324107,0.675832392
478,1199695,1390490,0.988,0.036,-0.034,0,-0.1,0,-35.6,6.4,28.6,0.163975951,0.704733421,-0.140324107,0.675832392
479,1203535,1390490,0.985,0.04,-0.034,0,0,0,-35.6,6.4,28.6,0.163975951,0.704733421,-0.140324107,0.675832392
480,1206051,1390490,0.988,0.036,-0.038,0,0,0,-35.4,6,29,0.163975951,0.704733421,-0.140324107,0.675832392
481,1208266,1390500,0.985,0.044,-0.026,0,0,0,-35.4,6,29,0.163975951,0.704733421,-0.140324107,0.675832392
482,1211154,1390500,0.988,0.04,-0.034,0,0,0,-35.4,6,29,0.163975951,0.704733421,-0.140324107,0.675832392
483,1213056,1390500,0.988,0.04,-0.03,0,0,0,-35.4,6,29,0.163975951,0.704733421,-0.140324107,0.675832392
484,1214842,1390500,0.985,0.04,-0.03,-0.1,0,0,-35.5,6,25.2,0.163975951,0.704733421,-0.140324107,0.675832392
485,1217302,1390510,0.985,0.044,-0.03,0,0,0,-35.5,6,25.2,0.163975951,0.704733421,-0.140324107,0.675832392
486,1219792,1390510,0.985,0.036,-0.026,0,-0.1,0,-35.5,6,25.2,0.163975951,0.704733421,-0.140324107,0.675832392
487,1222171,1390510,0.985,0.036,-0.03,0,0,0,-35.5,6,25.2,0.163975951,0.704733421,-0.140324107,0.675832392
488,1225622,1390510,0.985,0.04,-0.034,0,0,0,-35.2,6.2,27.3,0.163975951,0.704733421,-0.140324107,0.675832392
489,1228045,1390520,0.985,0.044,-0.03,0,0,-0.1,-35.2,6.2,27.3,0.163975951,0.704733421,-0.140324107,0.675832392
490,1230094,1390520,0.981,0.044,-0.034,0,0,0,-35.2,6.2,27.3,0.163975951,0.704733421,-0.140324107,0.675801874
491,1233306,1390520,0.985,0.04,-0.034,0,0,0,-35.2,6.2,27.3,0.163975951,0.704733421,-0.140324107,0.675801874
492,1235394,1390520,0.985,0.036,-0.038,0,0,0,-35.2,5.7,27.2,0.163975951,0.704733421,-0.140324107,0.675801874
493,1237414,1390530,0.988,0.044,-0.03,0,0,0,-35.2,5.7,27.2,0.163975951,0.704733421,-0.140324107,0.675801874
494,1240597,1390530,0.988,0.044,-0.034,0,0,0,-35.2,5.7,27.2,0.163975951,0.704733421,-0.140324107,0.675801874
495,1242906,1390530,0.985,0.036,-0.034,0,0,0,-35.2,5.7,27.2,0.163975951,0.704733421,-0.140324107,0.675801874
496,1244534,1390530,0.985,0.04,-0.03,0,-0.1,0,-35.2,6.2,26.7,0.163975951,0.704763939,-0.140324107,0.675801874
497,1247412,1390540,0.988,0.04,-0.034,0,-0.1,0,-35.2,6.2,26.7,0.163975951,0.704763939,-0.140324107,0.675801874
498,1250412,1390540,0.985,0.04,-0.03,0,-0.2,0,-35.2,6.2,26.7,0.163975951,0.704763939,-0.140324107,0.675771355
499,1252685,1390540,0.988,0.044,-0.03,0,0,0,-35.2,6.2,26.7,0.163975951,0.704763939,-0.140324107,0.675771355
500,1254709,1390540,0.985,0.044,-0.026,0,0,0,-35.4,5.8,26,0.163975951,0.704763939,-0.140324107,0.675771355
501,1258034,1390550,0.985,0.036,-0.03,0,0.1,0,-35.4,5.8,26,0.163975951,0.704763939,-0.140324107,0.675771355
502,1260497,1390550,0.985,0.044,-0.03,0,0.1,0,-35.4,5.8,26,0.163975951,0.704763939,-0.140324107,0.675801874
503,1262465,1390550,0.988,0.04,-0.03,0,0,0,-35.4,5.8,26,0.163945433,0.704763939,-0.140324107,0.675801874
504,1264691,1390550,0.981,0.036,-0.034,0,0,0.1,-35.7,5.8,26.8,0.163945433,0.704763939,-0.140324107,0.675801874
505,1267050,1390560,0.988,0.04,-0.038,0,-0.1,0.1,-35.7,5.8,26.8,0.163945433,0.704763939,-0.140324107,0.675801874
506,1271302,1390560,0.992,0.036,-0.03,0,-0.2,0,-35.7,5.8,26.8,0.163945433,0.704763939,-0.140324107,0.675771355
507,1273416,1390560,0.985,0.04,-0.03,0,-0.2,0,-35.7,5.8,26.8,0.163945433,0.704763939,-0.140324107,0.675771355
508,1275444,1390560,0.985,0.04,-0.03,0,0,0,-35.1,5.8,27.2,0.163945433,0.704763939,-0.140324107,0.675771355
509,1277054,1390570,0.988,0.04,-0.026,0,0,0,-35.1,5.8,27.2,0.163945433,0.704763939,-0.140324107,0.675771355
510,1280940,1390570,0.985,0.036,-0.034,0,0.1,0.1,-35.1,5.8,27.2,0.163945433,0.704763939,-0.140324107,0.675771355
511,1283361,1390570,0.981,0.036,-0.034,0,0,0.1,-35.1,5.8,27.2,0.163945433,0.704763939,-0.140354625,0.675771355
512,1285533,1390570,0.985,0.04,-0.03,0,0.1,0.1,-35.1,5.9,26.7,0.163945433,0.704763939,-0.140354625,0.675771355
513,1287120,1390580,0.981,0.04,-0.038,0,0.1,0,-35.1,5.9,26.7,0.163945433,0.704763939,-0.140354625,0.675801874
514,1289542,1390580,0.985,0.04,-0.034,0.1,0.2,0,-35.1,5.9,26.7,0.163945433,0.704763939,-0.140354625,0.675801874
515,1293115,1390580,0.985,0.04,-0.038,0.1,0.2,0,-35.1,5.9,26.7,0.163945433,0.704763939,-0.140324107,0.675801874
516,1295248,1390580,0.988,0.044,-0.026,0,0.1,0,-35.3,5.8,26.9,0.163945433,0.704794458,-0.140354625,0.675771355
517,1297417,1390590,0.985,0.04,-0.034,0,0.1,0,-35.3,5.8,26.9,0.163945433,0.704794458,-0.140354625,0.675771355
518,1300230,1390590,0.981,0.04,-0.034,0,0.1,0,-35.3,5.8,26.9,0.163945433,0.704794458,-0.140354625,0.675771355
519,1303322,1390590,0.985,0.036,-0.038,0,0.1,0,-35.3,5.8,26.9,0.163945433,0.704763939,-0.140354625,0.675771355
520,1305839,1390590,0.988,0.04,-0.03,0,0,0,-35.2,5.7,27.2,0.163945433,0.704763939,-0.140354625,0.675771355
521,1308079,1390600,0.985,0.04,-0.042,0,-0.1,0,-35.2,5.7,27.2,0.163945433,0.704794458,-0.140354625,0.675771355
522,1310144,1390600,0.985,0.044,-0.03,0,-0.2,0,-35.2,5.7,27.2,0.163945433,0.704794458,-0.140354625,0.675771355
523,1312124,1390600,0.988,0.044,-0.03,0,-0.1,0,-35.2,5.7,27.2,0.163945433,0.704794458,-0.140354625,0.675771355
524,1314617,1390600,0.988,0.036,-0.034,0,0,0,-35.6,6,27.9,0.163945433,0.704794458,-0.140354625,0.675771355
525,1318035,1390610,0.988,0.04,-0.034,0,-0.1,0,-35.6,6,27.9,0.163945433,0.704794458,-0.140354625,0.675771355
526,1319565,1390610,0.988,0.036,-0.034,0,-0.2,0,-35.6,6,27.9,0.163945433,0.704794458,-0.140354625,0.675771355
527,1322007,1390610,0.988,0.04,-0.03,0,-0.1,0,-35.6,6,27.9,0.163945433,0.704794458,-0.140354625,0.675740837
528,1325527,1390610,0.985,0.04,-0.03,0,0,-0.1,-35,5.6,26.4,0.163945433,0.704794458,-0.140354625,0.675740837
529,1327048,1390620,0.985,0.04,-0.03,0,0,0,-35,5.6,26.4,0.163945433,0.704794458,-0.140354625,0.675740837
530,1329618,1390620,0.981,0.04,-0.034,0,0.1,-0.1,-35,5.6,26.4,0.163945433,0.704794458,-0.140354625,0.675740837
531,1332694,1390620,0.985,0.04,-0.034,0,0.1,0,-35,5.6,26.4,0.163945433,0.704794458,-0.140354625,0.675771355
532,1334879,1390620,0.985,0.04,-0.022,0,0.1,0.1,-35.5,4.6,25.9,0.163945433,0.704794458,-0.140354625,0.675771355
533,1337125,1390630,0.988,0.032,-0.026,0,0,0,-35.5,4.6,25.9,0.163945433,0.704794458,-0.140354625,0.675771355
534,1340411,1390630,0.988,0.04,-0.034,0,-0.1,0,-35.5,4.6,25.9,0.163945433,0.704794458,-0.140354625,0.675771355
535,1342687,1390630,0.988,0.044,-0.034,0,-0.2,0,-35.5,4.6,25.9,0.163945433,0.704794458,-0.140354625,0.675740837
536,1344899,1390630,0.985,0.044,-0.034,0,-0.2,0,-35.3,4,25.9,0.163914914,0.704763939,-0.140354625,0.675771355
537,1347131,1390640,0.985,0.044,-0.034,0,-0.2,0,-35.3,4,25.9,0.163914914,0.704763939,-0.140354625,0.675771355
538,1349929,1390640,0.988,0.04,-0.038,0,-0.1,0,-35.3,4,25.9,0.163914914,0.704763939,-0.140354625,0.675771355
539,1353327,1390640,0.981,0.04,-0.034,0,0,0,-35.3,4,25.9,0.163914914,0.704763939,-0.140354625,0.675771355
540,1355108,1390640,0.985,0.036,-0.03,0,0,-0.1,-35.6,3.7,26.1,0.163914914,0.704763939,-0.140354625,0.675771355
541,1357307,1390650,0.985,0.04,-0.034,0,0,0,-35.6,3.7,26.1,0.163914914,0.704794458,-0.140354625,0.675771355
542,1360465,1390650,0.988,0.04,-0.038,0,0,0,-35.6,3.7,26.1,0.163914914,0.704794458,-0.140354625,0.675771355
543,1362386,1390650,0.988,0.036,-0.034,0,0,0,-35.6,3.7,26.1,0.163914914,0.704763939,-0.140354625,0.675771355
544,1364690,1390650,0.985,0.04,-0.03,0,0,0,-35.3,7.8,28,0.163914914,0.704763939,-0.140354625,0.675771355
545,1368713,1390660,0.985,0.04,-0.034,0,-0.1,0,-35.3,7.8,28,0.163914914,0.704794458,-0.140354625,0.675771355
546,1370977,1390660,0.988,0.04,-0.03,0,-0.2,-0.1,-35.3,7.8,28,0.163914914,0.704794458,-0.140354625,0.675771355
547,1373226,1390660,0.981,0.04,-0.026,0,-0.2,-0.1,-35.3,7.8,28,0.163914914,0.704794458,-0.140354625,0.675771355
548,1375511,1390660,0.985,0.04,-0.034,0,-0.1,0,-35.4,4.8,26.5,0.163914914,0.704794458,-0.140354625,0.675771355
549,1377673,1390670,0.988,0.036,-0.03,0,-0.1,0,-35.4,4.8,26.5,0.163914914,0.704794458,-0.140354625,0.675740837
550,1379986,1390670,0.981,0.04,-0.03,0,0,0,-35.4,4.8,26.5,0.163914914,0.704794458,-0.140354625,0.675740837
551,1382179,1390670,0.985,0.04,-0.03,0,0.1,0,-35.4,4.8,26.5,0.163914914,0.704794458,-0.140354625,0.675771355
552,1384707,1390670,0.985,0.04,-0.026,0,0.1,0,-35.1,5.5,26.6,0.163914914,0.704794458,-0.140354625,0.675771355
553,1388082,1390680,0.981,0.04,-0.034,0,0.1,-0.1,-35.1,5.5,26.6,0.163914914,0.704794458,-0.140354625,0.675771355
554,1389689,1390680,0.985,0.04,-0.03,0,0,-0.1,-35.1,5.5,26.6,0.163914914,0.704794458,-0.140354625,0.675771355
555,1392066,1390680,0.985,0.044,-0.034,0,0,0,-35.1,5.5,26.6,0.163914914,0.704794458,-0.140354625,0.675771355
556,1394843,1390680,0.985,0.04,-0.034,0,-0.1,0,-34.9,6.4,26.7,0.163945433,0.704794458,-0.140354625,0.675771355
557,1398672,1390690,0.988,0.04,-0.034,0,-0.1,0,-34.9,6.4,26.7,0.163945433,0.704794458,-0.140354625,0.675771355
558,1400147,1390690,0.988,0.044,-0.038,0,-0.2,0,-34.9,6.4,26.7,0.163945433,0.704794458,-0.140354625,0.675771355
559,1402337,1390690,0.988,0.04,-0.03,0,-0.2,0,-34.9,6.4,26.7,0.163945433,0.704794458,-0.140354625,0.675740837
560,1404624,1390690,0.981,0.04,-0.038,0,-0.2,-0.1,-35.4,6.7,26.8,0.163945433,0.704794458,-0.140354625,0.675740837
561,1407151,1390700,0.985,0.044,-0.03,0.1,-0.2,0,-35.4,6.7,26.8,0.163945433,0.704794458,-0.140354625,0.675740837
562,1410196,1390700,0.985,0.036,-0.03,0.1,0,-0.1,-35.4,6.7,26.8,0.163945433,0.704794458,-0.140354625,0.675740837
563,1412969,1390700,0.985,0.04,-0.034,0.1,0.1,0,-35.4,6.7,26.8,0.163945433,0.704794458,-0.140324107,0.675740837
564,1414558,1390700,0.988,0.04,-0.034,0,0.2,0,-35.5,6.4,27.1,0.163945433,0.704794458,-0.140324107,0.675740837
565,1418028,1390710,0.985,0.044,-0.03,0,0.2,0,-35.5,6.4,27.1,0.163945433,0.704794458,-0.140324107,0.675740837
566,1419856,1390710,0.985,0.04,-0.034,0,0.2,0,-35.5,6.4,27.1,0.163945433,0.704794458,-0.140324107,0.675771355
567,1422039,1390710,0.985,0.04,-0.034,0,0.1,0,-35.5,6.4,27.1,0.163945433,0.704794458,-0.140324107,0.675771355
568,1425003,1390710,0.985,0.036,-0.03,0,0,0,-35.6,6.2,26.8,0.163945433,0.704794458,-0.140324107,0.675771355
569,1427301,1390720,0.988,0.036,-0.026,0,0,-0.1,-35.6,6.2,26.8,0.163945433,0.704794458,-0.140324107,0.675771355
570,1430330,1390720,0.988,0.036,-0.03,0,0,-0.1,-35.6,6.2,26.8,0.163945433,0.704794458,-0.140324107,0.675771355
571,1433487,1390720,0.988,0.044,-0.03,0,0,-0.1,-35.6,6.2,26.8,0.163945433,0.704794458,-0.140324107,0.675771355
572,1435592,1390720,0.988,0.04,-0.026,0,-0.1,0,-35.6,6,26.9,0.163945433,0.704794458,-0.140324107,0.675771355
573,1437083,1390730,0.988,0.032,-0.034,0,-0.2,0,-35.6,6,26.9,0.163945433,0.704794458,-0.140324107,0.675771355
574,1439461,1390730,0.985,0.04,-0.034,0,-0.1,0,-35.6,6,26.9,0.163945433,0.704794458,-0.140324107,0.675740837
575,1442981,1390730,0.985,0.036,-0.034,0,0,0,-35.6,6,26.9,0.163945433,0.704794458,-0.140324107,0.675740837
576,1444629,1390730,0.981,0.036,-0.034,0,0.2,0,-35.3,6.3,27.1,0.163914914,0.704794458,-0.140354625,0.675771355
577,1447031,1390740,0.985,0.044,-0.034,0,0.2,0,-35.3,6.3,27.1,0.163914914,0.704794458,-0.140354625,0.675771355
578,1450704,1390740,0.981,0.04,-0.03,0,0.1,-0.1,-35.3,6.3,27.1,0.163914914,0.704794458,-0.140354625,0.675771355
579,1452929,1390740,0.981,0.04,-0.03,0,0.2,-0.1,-35.3,6.3,27.1,0.163914914,0.704794458,-0.140354625,0.675771355
580,1455138,1390740,0.985,0.036,-0.034,0.1,0.2,-0.1,-35.4,6.2,26.8,0.163914914,0.704794458,-0.140354625,0.675771355
581,1457285,1390750,0.985,0.04,-0.03,0.1,0.2,0,-35.4,6.2,26.8,0.163914914,0.704763939,-0.140354625,0.675771355
582,1459626,1390750,0.985,0.04,-0.03,0.1,0.2,0,-35.4,6.2,26.8,0.163914914,0.704763939,-0.140354625,0.675771355
583,1462207,1390750,0.985,0.036,-0.026,0.1,0.1,0,-35.4,6.2,26.8,0.163914914,0.704763939,-0.140354625,0.675771355
584,1465656,1390750,0.985,0.036,-0.026,0.1,0.1,0,-35.4,6.2,26.8,0.163914914,0.704763939,-0.140354625,0.675771355
585,1467899,1390760,0.988,0.04,-0.022,0,0.1,0.2,-35.2,5.1,27.1,0.163914914,0.704763939,-0.140354625,0.675801874
586,1469991,1390760,0.988,0.04,-0.022,0,0.1,0.2,-35.2,5.1,27.1,0.163914914,0.704763939,-0.140354625,0.675801874
587,1472961,1390760,0.988,0.04,-0.03,-0.1,0.1,0.1,-35.2,5.1,27.1,0.163914914,0.704763939,-0.140354625,0.675801874
588,1474662,1390760,0.981,0.04,-0.034,0,0,0,-35.9,7.1,27.1,0.163914914,0.704763939,-0.140354625,0.675801874
589,1479079,1390770,0.985,0.04,-0.038,0,-0.1,0,-35.9,7.1,27.1,0.163914914,0.704763939,-0.140354625,0.675801874
590,1479652,1390770,0.985,0.032,-0.03,0.1,-0.2,0,-35.9,7.1,27.1,0.163914914,0.704763939,-0.140354625,0.675771355
591,1482810,1390770,0.985,0.04,-0.03,0,-0.1,-0.1,-35.9,7.1,27.1,0.163914914,0.704763939,-0.140354625,0.675771355
592,1485035,1390770,0.985,0.04,-0.026,0,0,-0.1,-36.5,7.1,27.1,0.163914914,0.704763939,-0.140354625,0.675771355
593,1487190,1390780,0.985,0.04,-0.03,0,0,0,-36.5,7.1,27.1,0.163914914,0.704763939,-0.140354625,0.675771355
594,1489621,1390780,0.988,0.044,-0.03,0,0,0,-36.5,7.1,27.1,0.163914914,0.704763939,-0.140354625,0.675771355
595,1492660,1390780,0.985,0.032,-0.026,0,0,-0.1,-36.5,7.1,27.1,0.163914914,0.704763939,-0.140354625,0.675771355
596,1494708,1390780,0.985,0.044,-0.034,0,-0.2,-0.2,-37.4,7.1,27.2,0.163914914,0.704733421,-0.140354625,0.675801874
597,1497035,1390790,0.985,0.044,-0.034,0,-0.2,-0.2,-37.4,7.1,27.2,0.163914914,0.704733421,-0.140354625,0.675801874
598,1500556,1390790,0.988,0.044,-0.034,0,-0.2,-0.1,-37.4,7.1,27.2,0.163914914,0.704763939,-0.140354625,0.675801874
599,1502081,1390790,0.988,0.044,-0.03,0,-0.2,0,-37.4,7.1,27.2,0.163914914,0.704763939,-0.140354625,0.675801874
600,1504761,1390790,0.988,0.04,-0.034,0,-0.2,0,-37.4,6.9,27.3,0.163914914,0.704763939,-0.140354625,0.675801874
601,1507267,1390800,0.985,0.04,-0.03,0,0,0,-37.4,6.9,27.3,0.163914914,0.704763939,-0.140354625,0.675801874
602,1509664,1390800,0.988,0.04,-0.03,0,0,0,-37.4,6.9,27.3,0.163914914,0.704763939,-0.140354625,0.675801874
603,1512327,1390800,0.988,0.04,-0.034,0,0,0,-37.4,6.9,27.3,0.163914914,0.704763939,-0.140354625,0.675801874
604,1514536,1390800,0.988,0.04,-0.03,0.1,-0.1,0,-34.4,5.2,27.3,0.163884396,0.704763939,-0.140354625,0.675801874
605,1517063,1390810,0.985,0.036,-0.03,0,0,0,-34.4,5.2,27.3,0.163884396,0.704763939,-0.140354625,0.675801874
606,1519691,1390810,0.985,0.044,-0.034,0,0.1,0,-34.4,5.2,27.3,0.163884396,0.704763939,-0.140354625,0.675801874
607,1523158,1390810,0.981,0.044,-0.034,0,0.2,0,-34.4,5.2,27.3,0.163884396,0.704763939,-0.140354625,0.675801874
608,1524532,1390810,0.988,0.04,-0.038,0,0.1,0,-36.9,7.2,27.2,0.163884396,0.704763939,-0.140354625,0.675801874
609,1527712,1390820,0.985,0.04,-0.03,0,0.1,0,-36.9,7.2,27.2,0.163884396,0.704763939,-0.140354625,0.675801874
610,1529908,1390820,0.985,0.04,-0.038,0,0,0,-36.9,7.2,27.2,0.163884396,0.704763939,-0.140354625,0.675801874
611,1533211,1390820,0.985,0.036,-0.034,0,0,-0.1,-36.9,7.2,27.2,0.163884396,0.704763939,-0.140354625,0.675801874
612,1534769,1390820,0.985,0.044,-0.034,0,-0.1,-0.1,-36.8,7,27.2,0.163884396,0.704763939,-0.140354625,0.675801874
613,1537096,1390830,0.988,0.04,-0.034,0,-0.2,0,-36.8,7,27.2,0.163884396,0.704763939,-0.140354625,0.675801874
614,1539639,1390830,0.985,0.04,-0.026,0,-0.2,0,-36.8,7,27.2,0.163884396,0.704763939,-0.140354625,0.675801874
615,1543179,1390830,0.985,0.04,-0.026,0,-0.2,0,-36.8,7,27.2,0.163884396,0.704763939,-0.140354625,0.675801874
616,1544802,1390830,0.985,0.04,-0.026,0,-0.2,0,-36.8,7,27.2,0.163884396,0.704763939,-0.140354625,0.675801874
617,1547599,1390840,0.985,0.04,-0.026,0,-0.2,0,-36.8,7,27.2,0.163884396,0.704763939,-0.140354625,0.675801874
618,1549728,1390840,0.985,0.04,-0.026,0,-0.2,0,-36.8,7,27.2,0.163884396,0.704763939,-0.140354625,0.675801874
619,1553536,1390840,0.985,0.04,-0.026,0,-0.2,0,-36.8,7,27.2,0.163884396,0.704763939,-0.140354625,0.675801874
620,1555963,1390840,0.985,0.04,-0.026,0,-0.2,0,-36.8,7,27.2,0.163884396,0.704763939,-0.140354625,0.675801874
621,1557764,1390850,0.988,0.044,-0.034,0,0.1,0,-34.6,6.9,27.5,0.163884396,0.704763939,-0.140354625,0.675801874
622,1559637,1390850,0.988,0.044,-0.034,0,0.1,0,-34.6,6.9,27.5,0.163884396,0.704763939,-0.140354625,0.675801874
623,1563236,1390850,0.988,0.044,-0.034,0,0.1,0,-34.6,6.9,27.5,0.163884396,0.704763939,-0.140354625,0.675801874
624,1566294,1390850,0.988,0.044,-0.034,0,0.1,0,-34.6,6.9,27.5,0.163884396,0.704763939,-0.140354625,0.675801874
625,1568241,1390860,0.988,0.044,-0.034,0,0.1,0,-34.6,6.9,27.5,0.163884396,0.704763939,-0.140354625,0.675801874
626,1570457,1390860,0.988,0.044,-0.034,0,0.1,0,-34.6,6.9,27.5,0.163884396,0.704763939,-0.140354625,0.675801874
627,1572643,1390860,0.988,0.044,-0.034,0,0.1,0,-34.6,6.9,27.5,0.163884396,0.704763939,-0.140354625,0.675801874
628,1575044,1390860,-3.557,-0.293,0.114,0,-0.1,0,-35.6,5.9,27.2,0.163884396,0.704763939,-0.140354625,0.675801874
629,1577256,1390870,-0.851,-0.422,-5.358,-2,20.1,0.3,-35.6,5.9,27.2,0.163975951,0.704458754,-0.140324107,0.676107059
630,1579612,1390870,-0.851,-0.422,-5.358,-2,20.1,0.3,-35.6,5.9,27.2,0.163975951,0.704458754,-0.140324107,0.676107059
631,1582162,1390870,3.592,1.583,-8.101,4.4,246.9,-18.1,-35.6,5.9,27.2,0.16544084,0.699148534,-0.138676107,0.681600391
632,1586201,1390870,3.592,1.583,-8.101,4.4,246.9,-18.1,-35.6,5.9,27.2,0.16544084,0.699148534,-0.138676107,0.681600391
633,1588447,1390880,3.592,1.583,-8.101,4.4,246.9,-18.1,-35.6,5.9,27.2,0.16544084,0.699148534,-0.138676107,0.681600391
634,1590769,1390880,3.592,1.583,-8.101,4.4,246.9,-18.1,-35.6,5.9,27.2,0.16544084,0.699148534,-0.138676107,0.681600391
635,1592944,1390880,-0.186,-1.697,1.668,-19.6,-139.2,-7.2,-37,6.1,26.5,0.165318766,0.695516831,-0.133030183,0.686422315
636,1595198,1390880,-4.67,4.041,8.196,-89.2,-76.5,12.4,-36.7,6,27.3,0.166234321,0.696279794,-0.134830775,0.685048982
637,1597537,1390890,0.095,-3.03,3.857,-82.1,76.1,17.4,-36.7,6,27.3,0.167455061,0.694814905,-0.136051515,0.686025575
638,1599753,1390890,2.172,-2.456,2.7,-35.8,152.7,8.1,-36.7,6,27.3,0.168340098,0.692342906,-0.136143071,0.688283944
639,1602077,1390890,1.043,-0.984,1.161,-20.8,76.5,-3.8,-36.7,6,27.3,0.168950468,0.691152684,-0.136112552,0.689352092
640,1604608,1390890,-0.924,-0.766,-0.32,-20,-41.2,-12.6,-36.9,6.3,27.5,0.169316691,0.691732536,-0.136387219,0.688619648
641,1608757,1390900,-0.295,-0.722,-1.366,-1.1,-66.3,-17.6,-36.9,6.3,27.5,0.169408246,0.692770165,-0.136387219,0.6875515
642,1611004,1390900,-0.348,-0.685,-2.603,21.4,-0.3,-16.6,-36.9,6.3,27.5,0.169316691,0.692892239,-0.135807367,0.6875515
643,1613139,1390900,-0.695,-0.923,-2.936,29.3,80.9,-10.2,-36.9,6.3,27.5,0.169255654,0.691824091,-0.13492233,0.688802759
644,1614666,1390900,-1.025,-1.523,-1.635,18.9,128.3,-2.2,-38.4,6.7,27.2,0.169408246,0.689962462,-0.134128849,0.690786462
645,1617231,1390910,-0.249,-1.497,-0.88,-3,125,4.2,-38.4,6.7,27.2,0.16974395,0.688070315,-0.133762627,0.69267861
646,1619531,1390910,0.7,-0.68,0.466,-18.6,62.6,7.7,-38.4,6.7,27.2,0.170079653,0.687032685,-0.133945738,0.693594165
647,1623039,1390910,3.734,0.581,2.545,-12.8,-48.4,7.7,-38.4,6.7,27.2,0.170018616,0.687673574,-0.134434034,0.692861721
648,1625253,1390910,2.148,-0.834,0.569,4.9,-154.8,5.2,-35.9,6.6,28,0.169408246,0.690023499,-0.134983367,0.690572832
649,1627477,1390920,0.156,0.017,0.332,17.1,-182.8,1.7,-35.9,6.6,28,0.168584246,0.692831202,-0.135441145,0.687856685
650,1629714,1390920,-0.342,1.407,0.258,22.8,-111.7,-2.1,-35.9,6.6,28,0.167943358,0.694601276,-0.135471664,0.686239204
651,1632286,1390920,0.916,0.38,-1.831,28.5,-2.8,-5.4,-35.9,6.6,28,0.167577136,0.694753868,-0.134983367,0.686269723
652,1634513,1390920,1.092,-0.095,-0.777,29.4,61.2,-6.8,-36,6.5,28,0.167424543,0.693960387,-0.134220405,0.687246315
653,1637916,1390930,1.479,0.185,-0.234,16.2,52.8,-5.6,-36,6.5,28,0.167424543,0.693258461,-0.13370159,0.688070315
654,1639623,1390930,1.338,0.103,-0.696,-2.1,8.2,-3.3,-36,6.5,28,0.167516099,0.693136387,-0.133640553,0.688192389
655,1642063,1390930,1.124,0.022,-0.508,-11.6,-26.3,-1.7,-36,6.5,28,0.167638173,0.693502609,-0.133884701,0.687734611
656,1645459,1390930,1.253,0.273,-0.521,-10.1,-33.4,-1.1,-35.5,6.1,27.9,0.167729728,0.693960387,-0.134159368,0.687185278
657,1647693,1390940,1.444,0.449,-0.43,-3.6,-22.2,-0.8,-35.5,6.1,27.9,0.167729728,0.694296091,-0.134281442,0.686849574
658,1649986,1390940,1.441,0.36,0.122,3,-10.1,-0.2,-35.5,6.1,27.9,0.167638173,0.694448683,-0.134250923,0.686696982
659,1652232,1390940,1.308,0.353,0.079,6.4,-4,0.6,-35.5,6.1,27.9,0.167546617,0.694540239,-0.134189886,0.686666463
660,1654514,1390940,1.118,0.366,0.085,5.5,-0.3,1.3,-35.8,6.4,27.7,0.167424543,0.694540239,-0.134128849,0.686666463
661,1658737,1390950,0.993,0.316,0.148,2.6,4.2,1.8,-35.8,6.4,27.7,0.167363506,0.694479202,-0.134098331,0.686758019
662,1660928,1390950,0.957,-0.112,0.198,-0.7,7.6,1.7,-35.8,6.4,27.7,0.167363506,0.694357128,-0.134098331,0.686880093
663,1663166,1390950,0.927,-0.107,0.375,-4.1,7.4,1.1,-35.8,6.4,27.7,0.167455061,0.694235054,-0.134159368,0.686971648
664,1664624,1390950,0.924,0.027,0.633,-6.1,3.8,0.4,-37.8,6.4,27.6,0.167546617,0.694143498,-0.134250923,0.687032685
665,1667092,1390960,0.924,0.027,0.633,-6.1,3.8,0.4,-37.8,6.4,27.6,0.167546617,0.694143498,-0.134250923,0.687032685
666,1670677,1390960,0.924,0.027,0.633,-6.1,3.8,0.4,-37.8,6.4,27.6,0.167546617,0.694143498,-0.134250923,0.687032685
667,1672877,1390960,1.013,0.198,0.246,-2.1,-2.9,-0.6,-37.8,6.4,27.6,0.167729728,0.694204535,-0.134434034,0.686880093
668,1675235,1390960,0.965,0.143,-0.014,-0.5,-1.2,-0.7,-35.5,6.3,27.9,0.167729728,0.694235054,-0.134434034,0.686880093
669,1677390,1390970,0.891,-0.017,-0.227,0.1,1.3,-0.7,-35.5,6.3,27.9,0.167760247,0.694204535,-0.134403516,0.686880093
670,1679658,1390970,0.91,-0.017,-0.106,-0.4,3.3,-0.4,-35.5,6.3,27.9,0.167790765,0.694143498,-0.134403516,0.68694113
671,1682183,1390970,0.91,-0.017,-0.106,-0.4,3.3,-0.4,-35.5,6.3,27.9,0.167790765,0.694143498,-0.134403516,0.68694113
672,1684583,1390970,1.051,-0.093,0.007,-2.6,0.4,0.5,-35.4,6.7,27.8,0.167851802,0.694082461,-0.134464553,0.686971648
673,1687867,1390980,1.012,-0.006,-0.054,-3,-2.9,1,-35.4,6.7,27.8,0.167882321,0.69411298,-0.13452559,0.68694113
674,1689588,1390980,1.012,-0.006,-0.054,-3,-2.9,1,-35.4,6.7,27.8,0.167882321,0.69411298,-0.13452559,0.68694113
675,1693104,1390980,0.938,0.052,-0.142,-0.9,-3.2,1.3,-35.4,6.7,27.8,0.167851802,0.694204535,-0.134647664,0.686819056
676,1694604,1390980,0.992,0.028,-0.038,0.4,-1,1.3,-35.3,6.6,27.5,0.167821284,0.694235054,-0.134678182,0.686819056
677,1697668,1390990,1.032,0.087,0.124,1.2,-0.1,1.3,-35.3,6.6,27.5,0.167790765,0.694235054,-0.134678182,0.686819056
678,1700610,1390990,1.047,0.103,0.206,1.2,-1.1,1.4,-35.3,6.6,27.5,0.167729728,0.694235054,-0.134678182,0.686788537
679,1702169,1390990,0.993,0.084,0.2,1.1,-2.6,1.4,-35.3,6.6,27.5,0.16769921,0.694296091,-0.134708701,0.686758019
680,1704669,1390990,0.965,0.068,0.134,0.7,-2.9,1.4,-35.1,6.3,27.7,0.167638173,0.694326609,-0.134708701,0.6867275
681,1708244,1391000,0.965,0.068,0.134,0.7,-2.9,1.4,-35.1,6.3,27.7,0.167638173,0.694326609,-0.134708701,0.6867275
682,1709706,1391000,0.957,0.009,0.021,0,-0.2,1,-35.1,6.3,27.7,0.167607654,0.694357128,-0.134769738,0.6867275
683,1712706,1391000,0.957,0.009,0.021,0,-0.2,1,-35.1,6.3,27.7,0.167607654,0.694357128,-0.134769738,0.6867275
684,1715656,1391000,0.957,0.009,0.021,0,-0.2,1,-35.1,6.3,27.7,0.167607654,0.694357128,-0.134769738,0.6867275
685,1717091,1391010,0.957,0.009,0.021,0,-0.2,1,-35.1,6.3,27.7,0.167607654,0.694357128,-0.134769738,0.6867275
686,1720109,1391010,0.996,0.06,-0.093,-0.1,-1.9,1.1,-36.6,6.5,27.7,0.167546617,0.694387646,-0.134830775,0.686696982
687,1723198,1391010,0.988,0.024,-0.108,-0.4,-2.4,1.3,-36.6,6.5,27.7,0.167516099,0.694418165,-0.134861293,0.686666463
688,1724661,1391010,0.988,0.013,-0.1,-0.7,-2.4,1.4,-37,6.3,27.3,0.167516099,0.694448683,-0.13492233,0.686605426
689,1727684,1391020,0.988,0.036,-0.081,-1.1,-2.3,1.6,-37,6.3,27.3,0.16748558,0.694479202,-0.134952849,0.686574908
690,1730613,1391020,0.988,0.036,-0.081,-1.1,-2.3,1.6,-37,6.3,27.3,0.16748558,0.694479202,-0.134952849,0.686574908
691,1732166,1391020,0.988,0.036,-0.081,-1.1,-2.3,1.6,-37,6.3,27.3,0.16748558,0.694479202,-0.134952849,0.686574908
692,1735157,1391020,0.988,0.036,-0.081,-1.1,-2.3,1.6,-37,6.3,27.3,0.16748558,0.694479202,-0.134952849,0.686574908
693,1738159,1391030,0.969,0.036,-0.092,-1.2,-2.6,2,-36.7,6.4,27.7,0.167424543,0.694570757,-0.135196997,0.686452834
694,1739672,1391030,0.969,0.036,-0.092,-1.2,-2.6,2,-36.7,6.4,27.7,0.167424543,0.694570757,-0.135196997,0.686452834
695,1742666,1391030,0.969,0.036,-0.092,-1.2,-2.6,2,-36.7,6.4,27.7,0.167424543,0.694570757,-0.135196997,0.686452834
696,1745629,1391030,0.969,0.036,-0.092,-1.2,-2.6,2,-36.7,6.4,27.7,0.167424543,0.694570757,-0.135196997,0.686452834
697,1747188,1391040,0.969,0.036,-0.092,-1.2,-2.6,2,-36.7,6.4,27.7,0.167424543,0.694570757,-0.135196997,0.686452834
698,1750146,1391040,0.969,0.036,-0.092,-1.2,-2.6,2,-36.7,6.4,27.7,0.167424543,0.694570757,-0.135196997,0.686452834
699,1753379,1391040,0.969,0.036,-0.092,-1.2,-2.6,2,-36.7,6.4,27.7,0.167424543,0.694570757,-0.135196997,0.686452834
700,1754950,1391040,0.969,0.036,-0.092,-1.2,-2.6,2,-36.7,6.4,27.7,0.167424543,0.694570757,-0.135196997,0.686452834
701,1757923,1391050,0.969,0.036,-0.092,-1.2,-2.6,2,-36.7,6.4,27.7,0.167424543,0.694570757,-0.135196997,0.686452834
702,1759454,1391050,0.958,0.068,0.095,-0.6,-1.8,2.6,-37.1,6,27.1,0.166936247,0.695181127,-0.135837886,0.685811945
703,1762182,1391050,0.958,0.068,0.095,-0.6,-1.8,2.6,-37.1,6,27.1,0.166936247,0.695181127,-0.135837886,0.685811945
704,1765478,1391050,0.938,0.021,0.014,-1.1,-3.1,2.8,-36.6,6.3,27.9,0.16687521,0.695242164,-0.13595996,0.685750908
705,1766996,1391060,0.938,0.021,0.014,-1.1,-3.1,2.8,-36.6,6.3,27.9,0.16687521,0.695242164,-0.13595996,0.685750908
706,1769986,1391060,0.93,0.017,-0.009,-3,-5.2,3.2,-36.6,6.3,27.9,0.166844691,0.69533372,-0.136173589,0.685628834
707,1773013,1391060,0.926,-0.009,-0.028,-3.8,-6.2,3.4,-36.6,6.3,27.9,0.166814173,0.695425275,-0.136295663,0.685537278
708,1774474,1391060,0.926,-0.009,-0.028,-3.8,-6.2,3.4,-36.6,6.3,27.9,0.166814173,0.695425275,-0.136295663,0.685537278
709,1777238,1391070,0.938,-0.013,0.002,-4.9,-8.6,3.9,-36.8,6,29.8,0.166783654,0.695608386,-0.136631367,0.68529313
710,1780245,1391070,0.95,-0.009,0.006,-5.1,-9.8,4,-36.8,6,29.8,0.166783654,0.695699942,-0.136814478,0.685140538
711,1783275,1391070,0.949,-0.009,-0.001,-5,-10.6,4,-36.8,6,29.8,0.166783654,0.695852535,-0.136936552,0.684957427
712,1784727,1391070,0.938,-0.005,-0.013,-4.6,-10.9,4,-36.7,6.4,28.1,0.166753136,0.695974609,-0.137150182,0.684804834
713,1787907,1391080,0.95,0.013,-0.005,-4,-10.9,4,-36.7,6.4,28.1,0.166722617,0.696127201,-0.137302774,0.684621723
714,1789980,1391080,0.985,0.04,0.044,-3.3,-11.1,3.9,-36.7,6.4,28.1,0.16666158,0.696249275,-0.137455367,0.684469131
715,1792933,1391080,0.996,0.033,0.063,-2.5,-11.7,3.9,-36.7,6.4,28.1,0.166631062,0.696401868,-0.137607959,0.684286019
716,1794508,1391080,0.993,0.037,0.059,-2,-12.5,3.8,-36.3,6.2,30.2,0.166508988,0.696493423,-0.137760552,0.684194464
717,1797743,1391090,0.993,0.037,0.059,-2,-12.8,3.7,-36.3,6.2,30.2,0.166447951,0.696676534,-0.137913144,0.684011353
718,1800802,1391090,0.985,0.072,0.087,-2,-12.3,3.6,-36.3,6.2,30.2,0.166386914,0.696859645,-0.138035218,0.683828242
719,1802464,1391090,0.981,0.08,0.106,-1.7,-11.1,3.3,-36.3,6.2,30.2,0.166325877,0.696981719,-0.138157292,0.683645131
720,1804511,1391090,1.001,0.096,0.117,-1.4,-10,3.1,-36.3,6.5,30,0.166295358,0.697134312,-0.138248848,0.683523057
721,1807804,1391100,1.001,0.092,0.133,-1.2,-9.7,2.7,-36.3,6.5,30,0.166234321,0.697256386,-0.138340403,0.683370464
722,1809623,1391100,1.012,0.08,0.156,-1.4,-10.5,2.5,-36.3,6.5,30,0.166173284,0.697408979,-0.138462477,0.683217872
723,1811992,1391100,1.067,0.103,0.178,-1.7,-11.9,2.4,-36.3,6.5,30,0.166142766,0.697561571,-0.138554033,0.683034761
724,1814806,1391100,1.02,0.119,0.238,-1.9,-13.7,2.3,-36.2,6.3,26.4,0.166081729,0.697775201,-0.138676107,0.682821131
725,1818052,1391110,1.078,0.103,0.107,-1.8,-15.7,2.1,-36.2,6.3,26.4,0.16605121,0.69798883,-0.138798181,0.682607501
726,1819646,1391110,0.907,0.093,0.136,-1.4,-17.7,2,-36.2,6.3,26.4,0.165990173,0.698232978,-0.138889737,0.682332835
727,1822287,1391110,0.946,0.088,0.06,-1.1,-19.1,1.6,-36.2,6.3,26.4,0.165929136,0.698507645,-0.139011811,0.68202765
728,1825833,1391110,0.93,0.088,0.061,-0.6,-19.1,1.3,-35.8,6.1,27.6,0.16583758,0.698782311,-0.139103366,0.681752983
729,1827318,1391120,0.853,0.061,0.099,-0.1,-17.7,1,-35.8,6.1,27.6,0.165776543,0.699056978,-0.139194922,0.681478317
730,1831177,1391120,0.829,0.042,0.056,0.3,-15.6,0.9,-35.8,6.1,27.6,0.165715506,0.699270608,-0.139255959,0.681234169
731,1833538,1391120,0.829,0.034,0.033,0.5,-13.9,0.8,-35.8,6.1,27.6,0.165654469,0.699484237,-0.139316996,0.681051057
732,1835186,1391120,0.868,0.026,0.047,0.6,-13.5,0.7,-36.1,6.1,26.7,0.165593432,0.699697867,-0.139378033,0.680837428
733,1837579,1391130,0.895,0.018,0.031,0.6,-14.7,0.6,-36.1,6.1,26.7,0.165532395,0.699911496,-0.13943907,0.680623798
734,1839616,1391130,0.934,0.009,0.026,0.6,-16.8,0.5,-36.1,6.1,26.7,0.16544084,0.700155644,-0.139500107,0.68037965
735,1842609,1391130,0.965,0.013,0.025,0.4,-19.1,0.5,-36.1,6.1,26.7,0.165379803,0.700430311,-0.139561144,0.680074465
736,1845579,1391130,1.035,0.016,-0.02,0.3,-21.1,0.4,-36,5.8,26.6,0.165257729,0.700704978,-0.139652699,0.679830317
737,1847083,1391140,1.035,0.016,-0.02,0.4,-22.3,0.3,-36,5.8,26.6,0.165196692,0.701040681,-0.139744255,0.679494613
738,1850184,1391140,1.043,0.008,-0.043,0.7,-22.7,0.3,-36,5.8,26.6,0.165135655,0.701376385,-0.139805292,0.679128391
739,1852983,1391140,1.051,0.012,-0.091,0.9,-22.3,0.3,-36,5.8,26.6,0.165044099,0.701712088,-0.139866329,0.678792688
740,1854596,1391140,1.062,0.02,-0.119,1.2,-21.4,0.3,-35.8,5.9,25.9,0.164952544,0.702017273,-0.139927366,0.678487503
741,1858026,1391150,1.054,0.028,-0.146,1.5,-20.4,0.3,-35.8,5.9,25.9,0.164860988,0.702322459,-0.139988403,0.678151799
742,1859523,1391150,1.047,0.024,-0.177,1.9,-19.3,0.2,-35.8,5.9,25.9,0.164769433,0.702627644,-0.14004944,0.677877132
743,1862086,1391150,1.043,0.024,-0.243,2.2,-18,0.1,-35.8,5.9,25.9,0.164677877,0.70290231,-0.140079958,0.677602466
744,1866028,1391150,1.042,0.028,-0.263,2.4,-16.6,0,-35.7,6.2,27.8,0.164586322,0.703146458,-0.140110477,0.677358318
745,1867531,1391160,1.035,0.039,-0.282,2.6,-15.1,0,-35.7,6.2,27.8,0.164494766,0.703390606,-0.140110477,0.677144688
746,1870526,1391160,1.039,0.047,-0.314,2.7,-13.7,0,-35.7,6.2,27.8,0.164403211,0.703604236,-0.140110477,0.676931059
747,1872020,1391160,1.042,0.051,-0.326,2.9,-12.5,0,-35.7,6.2,27.8,0.164281137,0.703787347,-0.140110477,0.676747948
748,1875619,1391160,1.046,0.051,-0.334,2.9,-11.4,0,-35.5,6.1,27.4,0.164250618,0.703970458,-0.140110477,0.676595355
749,1877246,1391170,1.05,0.059,-0.334,2.7,-10.5,0,-35.5,6.1,27.4,0.164159062,0.704092532,-0.140110477,0.676442763
750,1879539,1391170,1.058,0.071,-0.334,2.6,-9.5,0,-35.5,6.1,27.4,0.164098025,0.704275643,-0.140110477,0.67629017
751,1882104,1391170,1.062,0.071,-0.334,2.4,-8.2,0.1,-35.5,6.1,27.4,0.164036988,0.704428236,-0.140110477,0.676168096
752,1885583,1391170,1.058,0.075,-0.322,2.3,-6.8,0.2,-35.4,6.1,27.2,0.163975951,0.704519791,-0.140110477,0.67607654
753,1887892,1391180,1.062,0.075,-0.287,2.1,-5.3,0.3,-35.4,6.1,27.2,0.163914914,0.704611347,-0.140110477,0.676015503
754,1890044,1391180,1.054,0.079,-0.267,1.8,-3.8,0.4,-35.4,6.1,27.2,0.163884396,0.704672384,-0.140079958,0.675954466
755,1892408,1391180,1.054,0.083,-0.252,1.5,-2.5,0.3,-35.4,6.1,27.2,0.163823359,0.704702902,-0.140079958,0.675923948
756,1894699,1391180,1.043,0.079,-0.2,1.2,-0.9,0.3,-35.5,5.6,26.9,0.16379284,0.70494705,-0.140079958,0.6756798
757,1897218,1391190,1.031,0.079,-0.173,0.8,0.4,0.2,-35.5,5.6,26.9,0.163762322,0.70494705,-0.140079958,0.6756798
758,1901244,1391190,1.016,0.071,-0.141,0.5,1.8,0.1,-35.5,5.6,26.9,0.163762322,0.70494705,-0.140079958,0.675710318
759,1903468,1391190,1.008,0.071,-0.117,0.1,2.8,0.1,-35.5,5.6,26.9,0.163762322,0.704886013,-0.14004944,0.675740837
760,1905730,1391190,0.988,0.056,-0.081,-0.3,3.5,0,-35.4,4.6,27.1,0.16379284,0.704824976,-0.14004944,0.675801874
761,1907992,1391200,0.977,0.056,-0.053,-0.8,4,0,-35.4,4.6,27.1,0.16379284,0.704763939,-0.14004944,0.675862911
762,1910295,1391200,0.969,0.052,-0.037,-1.2,4.3,0.1,-35.4,4.6,27.1,0.163823359,0.704702902,-0.14004944,0.675923948
763,1913318,1391200,0.969,0.048,-0.018,-1.5,4.4,0.2,-35.4,4.6,27.1,0.163884396,0.704641865,-0.140079958,0.675984985
764,1915552,1391200,0.969,0.037,0.001,-1.8,4.5,0.4,-35.7,7.1,28.5,0.163914914,0.70455031,-0.140079958,0.676046022
765,1917778,1391210,0.969,0.033,0.017,-2,4.4,0.4,-35.7,7.1,28.5,0.163945433,0.704489273,-0.140110477,0.676137577
766,1919978,1391210,0.973,0.037,0.024,-2,4.1,0.3,-35.7,7.1,28.5,0.163975951,0.704428236,-0.140110477,0.676168096
767,1922263,1391210,0.977,0.029,0.036,-2,3.9,0.1,-35.7,7.1,28.5,0.164036988,0.70433668,-0.140140996,0.676229133
768,1924578,1391210,0.981,0.037,0.044,-1.8,3.5,0,-35.7,4.3,26,0.164067507,0.704275643,-0.140171514,0.67629017
769,1928228,1391220,0.977,0.029,0.04,-1.7,3.1,0,-35.7,4.3,26,0.164098025,0.704245125,-0.140171514,0.676320688
770,1929754,1391220,0.973,0.029,0.048,-1.5,2.8,0,-35.7,4.3,26,0.164128544,0.704184088,-0.140202033,0.676381726
771,1932019,1391220,0.961,0.025,0.044,-1.4,2.6,0,-35.7,4.3,26,0.164159062,0.704153569,-0.140202033,0.676412244
772,1934949,1391220,0.961,0.025,0.052,-1,2.4,0,-35.3,4.6,26.2,0.164189581,0.704092532,-0.140202033,0.676442763
773,1937899,1391230,0.954,0.033,0.056,-0.7,2.4,0.1,-35.3,4.6,26.2,0.164189581,0.704062014,-0.140202033,0.676473281
774,1939908,1391230,0.942,0.029,0.049,-0.3,2.1,0.1,-35.3,4.6,26.2,0.164220099,0.704031495,-0.140202033,0.6765038
775,1942244,1391230,0.942,0.029,0.045,-0.1,1.7,0.1,-35.3,4.6,26.2,0.164220099,0.704000977,-0.140202033,0.676534318
776,1945651,1391230,0.946,0.033,0.037,0.1,1.2,0,-35.7,4.7,26,0.164220099,0.703878903,-0.140202033,0.676656392
777,1947105,1391240,0.946,0.033,0.037,0.2,0.5,0,-35.7,4.7,26,0.164220099,0.703878903,-0.140202033,0.676686911
778,1950110,1391240,0.957,0.037,0.025,0.2,-0.3,0.1,-35.7,4.7,26,0.164220099,0.703878903,-0.140202033,0.676656392
779,1953319,1391240,0.965,0.041,0.025,0.4,-1.2,0,-35.7,4.7,26,0.164220099,0.703909421,-0.140202033,0.676656392
780,1955489,1391240,0.977,0.04,0.02,0.5,-2.2,0,-35.7,4.8,26.4,0.164189581,0.70393994,-0.140202033,0.676625874
781,1957024,1391250,0.996,0.044,0.016,0.6,-2.8,0,-35.7,4.8,26.4,0.164159062,0.703970458,-0.140202033,0.676564837
782,1959959,1391250,1,0.044,0.008,0.7,-3.2,-0.1,-35.7,4.8,26.4,0.164159062,0.704031495,-0.140202033,0.676534318
783,1962981,1391250,1.004,0.048,0.008,0.8,-3.3,-0.2,-35.7,4.8,26.4,0.164128544,0.704092532,-0.140202033,0.676473281
784,1964779,1391250,1.004,0.048,-0.003,0.7,-3.2,0,-35.9,7.2,27.2,0.164128544,0.704092532,-0.140202033,0.676442763
785,1966961,1391260,0.996,0.048,-0.019,0.7,-2.8,0,-35.9,7.2,27.2,0.164098025,0.704184088,-0.140202033,0.676381726
786,1969511,1391260,0.992,0.044,-0.03,0.5,-2.4,0.1,-35.9,7.2,27.2,0.164067507,0.704214606,-0.140202033,0.676351207
787,1973159,1391260,0.981,0.04,-0.034,0.4,-2.1,0.1,-35.9,7.2,27.2,0.164067507,0.704245125,-0.140202033,0.676320688
788,1974651,1391260,0.973,0.04,-0.049,0.2,-1.9,0,-35.9,6.1,27,0.164036988,0.704275643,-0.140202033,0.67629017
789,1977025,1391270,0.969,0.04,-0.061,0.2,-1.9,0,-35.9,6.1,27,0.164036988,0.704306162,-0.140202033,0.676259651
790,1980645,1391270,0.977,0.04,-0.065,0.1,-2,0,-35.9,6.1,27,0.164036988,0.70433668,-0.140202033,0.676229133
791,1982149,1391270,0.973,0.036,-0.065,0.1,-2.3,0,-35.9,6.1,27,0.16400647,0.704367199,-0.140202033,0.676198614
792,1984674,1391270,0.988,0.036,-0.081,0.1,-2.6,0,-35.4,7,27,0.16400647,0.704397717,-0.140232551,0.676168096
793,1986997,1391280,0.992,0.04,-0.081,0.1,-2.8,0,-35.4,7,27,0.16400647,0.704458754,-0.140232551,0.676107059
794,1989670,1391280,0.996,0.04,-0.085,0.1,-3.1,0,-35.4,7,27,0.163975951,0.704489273,-0.140232551,0.67607654
795,1992874,1391280,1.012,0.04,-0.09,0.2,-3.1,0.2,-35.4,7,27,0.163975951,0.70455031,-0.14026307,0.676015503
796,1995126,1391280,1.016,0.048,-0.086,0.3,-3,0.1,-35.7,7.6,27.2,0.163914914,0.704733421,-0.140293588,0.675832392
797,1997378,1391290,1.016,0.048,-0.086,0.4,-2.6,0,-35.7,7.6,27.2,0.163884396,0.704794458,-0.140293588,0.675771355
798,1999775,1391290,1.02,0.048,-0.086,0.5,-2.2,0,-35.7,7.6,27.2,0.163884396,0.704824976,-0.140293588,0.675740837
799,2002282,1391290,1.012,0.052,-0.078,0.5,-1.6,0,-35.7,7.6,27.2,0.163853877,0.704855495,-0.140293588,0.675710318
800,2005693,1391290,1.004,0.048,-0.085,0.4,-0.9,0,-35.5,7.5,27,0.163853877,0.704855495,-0.140293588,0.675710318
801,2007233,1391300,1,0.048,-0.074,0.4,-0.3,0,-35.5,7.5,27,0.163853877,0.704855495,-0.140293588,0.675710318
802,2009649,1391300,0.992,0.048,-0.069,0.2,0.2,0.1,-35.5,7.5,27,0.163853877,0.704855495,-0.140293588,0.675710318
803,2012345,1391300,0.981,0.044,-0.065,0,0.7,0.1,-35.5,7.5,27,0.163823359,0.704855495,-0.140293588,0.675710318
804,2015318,1391300,0.981,0.04,-0.061,0,0.9,0,-35.5,5.6,27.1,0.163853877,0.704855495,-0.140293588,0.675740837
805,2017540,1391310,0.973,0.04,-0.057,-0.1,1.1,0,-35.5,5.6,27.1,0.163853877,0.704824976,-0.140293588,0.675740837
806,2019667,1391310,0.973,0.04,-0.049,-0.1,0.9,0,-35.5,5.6,27.1,0.163853877,0.704794458,-0.140293588,0.675771355
807,2022976,1391310,0.977,0.036,-0.041,0,0.7,0.1,-35.5,5.6,27.1,0.163853877,0.704794458,-0.140293588,0.675771355
808,2025052,1391310,0.981,0.04,-0.042,0,0.4,0.1,-35.9,6.5,27.7,0.163853877,0.704794458,-0.140293588,0.675801874
809,2027018,1391320,0.985,0.04,-0.03,0,0.3,0.2,-35.9,6.5,27.7,0.163853877,0.704794458,-0.140293588,0.675801874
810,2030302,1391320,0.992,0.044,-0.026,0,0.1,0.1,-35.9,6.5,27.7,0.163853877,0.704794458,-0.140293588,0.675801874
811,2032066,1391320,0.996,0.04,-0.019,0,0.1,0.2,-35.9,6.5,27.7,0.163853877,0.704763939,-0.140293588,0.675801874
812,2035694,1391320,0.996,0.044,-0.015,-0.1,0.1,0,-35.6,6.3,27.5,0.163853877,0.704763939,-0.140293588,0.675801874
813,2037083,1391330,0.996,0.048,-0.015,-0.1,0.3,0,-35.6,6.3,27.5,0.163853877,0.704763939,-0.140293588,0.675801874
814,2040256,1391330,0.996,0.048,-0.011,-0.2,0.5,0,-35.6,6.3,27.5,0.163853877,0.704763939,-0.140293588,0.675801874
815,2042849,1391330,0.992,0.04,-0.014,-0.2,0.7,0,-35.6,6.3,27.5,0.163853877,0.704763939,-0.140293588,0.675832392
816,2045711,1391330,0.977,0.04,-0.01,-0.3,0.7,0,-35.9,6.6,27.6,0.163914914,0.704672384,-0.14026307,0.675893429
817,2048038,1391340,0.973,0.044,-0.01,-0.3,0.8,0,-35.9,6.6,27.6,0.163914914,0.704641865,-0.14026307,0.675923948
818,2050913,1391340,0.969,0.041,-0.01,-0.2,0.8,0.1,-35.9,6.6,27.6,0.163914914,0.704641865,-0.140293588,0.675923948
819,2053173,1391340,0.973,0.037,-0.01,-0.1,0.6,0.1,-35.9,6.6,27.6,0.163914914,0.704641865,-0.140293588,0.675923948
820,2054672,1391340,0.965,0.033,-0.01,-0.1,0.4,0,-36.8,6.6,27.9,0.163914914,0.704611347,-0.140293588,0.675954466
821,2057032,1391350,0.965,0.037,-0.01,-0.2,0.2,0,-36.8,6.6,27.9,0.163914914,0.704611347,-0.140293588,0.675954466
822,2060194,1391350,0.977,0.036,-0.014,-0.2,0,0,-36.8,6.6,27.9,0.163945433,0.704611347,-0.140293588,0.675954466
823,2062267,1391350,0.981,0.033,-0.014,-0.1,-0.3,0,-36.8,6.6,27.9,0.163945433,0.704611347,-0.140293588,0.675954466
824,2066300,1391350,0.992,0.036,-0.014,0,-0.6,0,-34.8,4.8,27.1,0.163945433,0.704641865,-0.140293588,0.675923948
825,2067080,1391360,0.996,0.04,-0.019,0.1,-0.8,0,-34.8,4.8,27.1,0.163914914,0.704641865,-0.140293588,0.675923948
826,2069681,1391360,0.996,0.044,-0.019,0.1,-0.8,0.1,-34.8,4.8,27.1,0.163914914,0.704672384,-0.140293588,0.675893429
827,2072034,1391360,1,0.04,-0.03,0.2,-0.8,0.2,-34.8,4.8,27.1,0.163914914,0.704672384,-0.140293588,0.675893429
828,2076005,1391360,0.992,0.048,-0.022,0.2,-0.6,0.2,-37.4,7.5,27.2,0.163884396,0.704672384,-0.140293588,0.675893429
829,2078247,1391370,0.992,0.04,-0.026,0.2,-0.4,0.2,-37.4,7.5,27.2,0.163884396,0.704702902,-0.140293588,0.675893429
830,2080544,1391370,0.985,0.044,-0.026,0.1,-0.2,0.1,-37.4,7.5,27.2,0.163884396,0.704702902,-0.140293588,0.675893429
831,2082769,1391370,0.981,0.04,-0.034,0,0,0,-37.4,7.5,27.2,0.163884396,0.704702902,-0.140293588,0.675893429
832,2084877,1391370,0.981,0.04,-0.042,-0.1,0,0,-37.3,7.4,27.2,0.163884396,0.704702902,-0.140293588,0.675862911
833,2087152,1391380,0.973,0.04,-0.041,-0.1,0,0,-37.3,7.4,27.2,0.163884396,0.704702902,-0.140324107,0.675862911
834,2090544,1391380,0.981,0.044,-0.038,0,-0.1,0,-37.3,7.4,27.2,0.163884396,0.704702902,-0.140324107,0.675862911
835,2092759,1391380,0.985,0.044,-0.038,0,-0.3,0,-37.3,7.4,27.2,0.163884396,0.704702902,-0.140324107,0.675862911
836,2094942,1391380,0.985,0.04,-0.042,0.1,-0.5,0,-37.1,7.6,26.8,0.163884396,0.704763939,-0.140324107,0.675801874
837,2097200,1391390,0.985,0.04,-0.042,0,-0.6,0,-37.1,7.6,26.8,0.163884396,0.704763939,-0.140324107,0.675801874
838,2099539,1391390,0.992,0.04,-0.038,0,-0.7,0,-37.1,7.6,26.8,0.163884396,0.704763939,-0.140324107,0.675801874
839,2102031,1391390,0.996,0.04,-0.038,0,-0.7,0,-37.1,7.6,26.8,0.163884396,0.704794458,-0.140324107,0.675771355
840,2105551,1391390,0.992,0.044,-0.046,0,-0.6,0,-37.2,7.6,27.1,0.163884396,0.704794458,-0.140324107,0.675771355
841,2107800,1391400,1,0.044,-0.042,0,-0.5,0,-37.2,7.6,27.1,0.163884396,0.704794458,-0.140324107,0.675771355
842,2109514,1391400,0.988,0.044,-0.038,0,-0.3,0,-37.2,7.6,27.1,0.163884396,0.704824976,-0.140324107,0.675740837
843,2112627,1391400,0.992,0.044,-0.038,0,-0.2,0.2,-37.2,7.6,27.1,0.163853877,0.704824976,-0.140324107,0.675740837
844,2115560,1391400,0.988,0.044,-0.038,0,0,0.1,-34.8,6.1,27.2,0.163853877,0.704824976,-0.140324107,0.675740837
845,2117125,1391410,0.985,0.036,-0.034,0,0.1,0.1,-34.8,6.1,27.2,0.163853877,0.704794458,-0.140324107,0.675740837
846,2120135,1391410,0.981,0.04,-0.038,0,0.2,0.1,-34.8,6.1,27.2,0.163853877,0.704794458,-0.140324107,0.675771355
847,2121992,1391410,0.973,0.04,-0.037,0,0.2,0.2,-34.8,6.1,27.2,0.163853877,0.704794458,-0.140354625,0.675771355
848,2125612,1391410,0.985,0.04,-0.034,0,0.1,0.2,-36.2,6.3,27.3,0.163853877,0.704794458,-0.140354625,0.675771355
849,2127302,1391420,0.981,0.04,-0.034,0,0,0,-36.2,6.3,27.3,0.163853877,0.704794458,-0.140354625,0.675771355
850,2129536,1391420,0.985,0.04,-0.034,0,0,0,-36.2,6.3,27.3,0.163853877,0.704794458,-0.140354625,0.675771355
851,2133024,1391420,0.985,0.04,-0.034,0,-0.2,0,-36.2,6.3,27.3,0.163853877,0.704794458,-0.140354625,0.675771355
852,2134727,1391420,0.988,0.036,-0.034,0.1,-0.3,0,-35.4,6,27,0.163853877,0.704794458,-0.140354625,0.675771355
853,2137776,1391430,0.996,0.04,-0.026,0.1,-0.3,-0.1,-35.4,6,27,0.163853877,0.704824976,-0.140354625,0.675740837
854,2139545,1391430,0.996,0.044,-0.034,0,-0.2,-0.1,-35.4,6,27,0.163853877,0.704824976,-0.140354625,0.675740837
855,2143080,1391430,0.996,0.04,-0.03,0,-0.1,0,-35.4,6,27,0.163853877,0.704824976,-0.140354625,0.675740837
856,2144666,1391430,0.992,0.048,-0.026,0,0,0,-34.6,6,27.1,0.163853877,0.704824976,-0.140354625,0.675740837
857,2147208,1391440,0.992,0.048,-0.026,0,0,0,-34.6,6,27.1,0.163853877,0.704824976,-0.140354625,0.675740837
858,2150610,1391440,0.988,0.04,-0.022,0,0,0,-34.6,6,27.1,0.163853877,0.704824976,-0.140354625,0.675740837
859,2152103,1391440,0.985,0.044,-0.034,0,0,0,-34.6,6,27.1,0.163853877,0.704824976,-0.140354625,0.675740837
860,2154683,1391440,0.981,0.04,-0.03,0,0,0,-34.7,5.7,27.2,0.163853877,0.704824976,-0.140354625,0.675740837
861,2157816,1391450,0.981,0.04,-0.03,-0.1,0,0,-34.7,5.7,27.2,0.163853877,0.704824976,-0.140354625,0.675740837
862,2159491,1391450,0.981,0.04,-0.03,0,-0.2,0.1,-34.7,5.7,27.2,0.163853877,0.704824976,-0.140354625,0.675740837
863,2162927,1391450,0.981,0.036,-0.026,0,-0.1,0,-34.7,5.7,27.2,0.163853877,0.704824976,-0.140354625,0.675740837
864,2164564,1391450,0.985,0.04,-0.026,0,-0.1,0,-35.7,6.1,27.2,0.163853877,0.704824976,-0.140354625,0.675740837
865,2167829,1391460,0.988,0.036,-0.034,0,-0.1,0,-35.7,6.1,27.2,0.163853877,0.704824976,-0.140354625,0.675740837
866,2169771,1391460,0.985,0.04,-0.026,0,-0.3,0.1,-35.7,6.1,27.2,0.163853877,0.704824976,-0.140354625,0.675740837
867,2172164,1391460,0.988,0.04,-0.026,0,-0.3,0.2,-35.7,6.1,27.2,0.163853877,0.704824976,-0.140354625,0.675740837
868,2175561,1391460,0.988,0.04,-0.03,0.1,-0.3,0.1,-35.2,6.5,27.4,0.163853877,0.704855495,-0.140385144,0.675710318
869,2177085,1391470,0.988,0.048,-0.022,0.1,-0.3,0,-35.2,6.5,27.4,0.163823359,0.704855495,-0.140385144,0.675710318
870,2179661,1391470,0.988,0.044,-0.026,0.1,-0.3,0,-35.2,6.5,27.4,0.163823359,0.704855495,-0.140354625,0.675710318
871,2183027,1391470,0.985,0.04,-0.03,0.1,-0.3,-0.1,-35.2,6.5,27.4,0.163823359,0.704855495,-0.140354625,0.675710318
872,2184605,1391470,0.988,0.04,-0.03,0,-0.2,-0.1,-35.1,6.3,27,0.163823359,0.704855495,-0.140354625,0.675710318
873,2186995,1391480,0.981,0.04,-0.03,0,-0.1,0,-35.1,6.3,27,0.163823359,0.704855495,-0.140354625,0.675710318
874,2189810,1391480,0.985,0.044,-0.03,-0.1,-0.1,0,-35.1,6.3,27,0.163823359,0.704855495,-0.140385144,0.675710318
875,2192900,1391480,0.988,0.044,-0.03,-0.1,-0.2,0,-35.1,6.3,27,0.163823359,0.704855495,-0.140385144,0.675710318
876,2194622,1391480,0.988,0.04,-0.022,0,-0.2,0,-35,6.8,27.3,0.163853877,0.704855495,-0.140354625,0.675710318
877,2197744,1391490,0.985,0.04,-0.034,0,-0.2,0,-35,6.8,27.3,0.163853877,0.704855495,-0.140354625,0.675710318
878,2199584,1391490,0.985,0.04,-0.026,0,-0.2,0,-35,6.8,27.3,0.163853877,0.704855495,-0.140354625,0.6756798
879,2202668,1391490,0.988,0.04,-0.03,0,-0.2,0,-35,6.8,27.3,0.163853877,0.704855495,-0.140354625,0.6756798
880,2204520,1391490,0.985,0.04,-0.026,-0.1,-0.2,0,-34.9,6.3,27.4,0.163853877,0.704886013,-0.140354625,0.6756798
881,2208109,1391500,0.988,0.04,-0.03,0,-0.1,0,-34.9,6.3,27.4,0.163853877,0.704886013,-0.140354625,0.6756798
882,2209660,1391500,0.985,0.036,-0.034,0,0,0,-34.9,6.3,27.4,0.163853877,0.704886013,-0.140354625,0.6756798
883,2212737,1391500,0.981,0.044,-0.026,0.1,0,0,-34.9,6.3,27.4,0.163853877,0.704886013,-0.140354625,0.6756798
884,2214883,1391500,0.985,0.04,-0.034,0.1,0.1,0,-36.9,6,27.2,0.163853877,0.704886013,-0.140354625,0.6756798
885,2217155,1391510,0.985,0.044,-0.03,0.1,0,0,-36.9,6,27.2,0.163853877,0.704886013,-0.140354625,0.6756798
886,2219818,1391510,0.985,0.044,-0.034,0.1,0,-0.1,-36.9,6,27.2,0.163853877,0.704886013,-0.140354625,0.6756798
887,2222101,1391510,0.985,0.036,-0.03,0,0,-0.1,-36.9,6,27.2,0.163853877,0.704886013,-0.140354625,0.6756798
888,2225345,1391510,0.988,0.04,-0.03,0,-0.1,-0.2,-34.2,6.1,27.6,0.163853877,0.704886013,-0.140354625,0.6756798
889,2227286,1391520,0.985,0.04,-0.034,0,-0.2,-0.1,-34.2,6.1,27.6,0.163853877,0.704886013,-0.140354625,0.6756798
890,2229751,1391520,0.985,0.036,-0.034,0,-0.2,-0.1,-34.2,6.1,27.6,0.163853877,0.704886013,-0.140354625,0.6756798
891,2233099,1391520,0.988,0.04,-0.034,0,-0.2,-0.1,-34.2,6.1,27.6,0.163853877,0.704886013,-0.140354625,0.6756798
892,2234544,1391520,0.988,0.036,-0.03,0,-0.2,0,-34.2,5.8,27.5,0.163853877,0.704886013,-0.140354625,0.6756798
893,2238439,1391530,0.992,0.04,-0.03,0,-0.2,0.1,-34.2,5.8,27.5,0.163853877,0.704886013,-0.140354625,0.675649281
894,2240570,1391530,0.985,0.04,-0.034,0,-0.2,0.2,-34.2,5.8,27.5,0.163853877,0.704916532,-0.140354625,0.675649281
895,2242044,1391530,0.988,0.04,-0.03,0.1,-0.1,0.2,-34.2,5.8,27.5,0.163853877,0.704916532,-0.140354625,0.675649281
896,2245098,1391530,0.985,0.04,-0.03,0,-0.2,0,-34.4,5.9,27.2,0.163823359,0.704886013,-0.140354625,0.6756798
897,2248881,1391540,0.985,0.04,-0.03,0,-0.2,0,-34.4,5.9,27.2,0.163823359,0.704886013,-0.140354625,0.6756798
898,2251189,1391540,0.985,0.036,-0.038,0,-0.2,0,-34.4,5.9,27.2,0.163823359,0.704886013,-0.140354625,0.6756798
899,2253417,1391540,0.985,0.044,-0.03,0,-0.2,0,-34.4,5.9,27.2,0.163823359,0.704886013,-0.140354625,0.675649281
900,2255653,1391540,0.985,0.04,-0.03,0,-0.2,0,-34.2,5.7,27.6,0.163823359,0.704916532,-0.140354625,0.675649281
901,2257894,1391550,0.985,0.04,-0.03,0,-0.2,0,-34.2,5.7,27.6,0.163823359,0.704916532,-0.140354625,0.675649281
902,2259738,1391550,0.985,0.04,-0.03,0,0,0,-34.2,5.7,27.6,0.163823359,0.704916532,-0.140354625,0.675649281
903,2263031,1391550,0.981,0.036,-0.034,0.1,0,0,-34.2,5.7,27.6,0.163823359,0.704916532,-0.140354625,0.675649281
904,2264559,1391550,0.988,0.04,-0.03,0.1,0.1,0,-35.8,6.1,27.4,0.163823359,0.704916532,-0.140354625,0.675649281
905,2267149,1391560,0.988,0.04,-0.034,0.1,0,0.1,-35.8,6.1,27.4,0.163823359,0.704916532,-0.140354625,0.675649281
906,2270494,1391560,0.985,0.044,-0.034,0,0,0,-35.8,6.1,27.4,0.163823359,0.704916532,-0.140354625,0.675649281
907,2272091,1391560,0.988,0.04,-0.034,0,-0.1,0,-35.8,6.1,27.4,0.163823359,0.704916532,-0.140354625,0.675649281
908,2274630,1391560,0.988,0.036,-0.034,0,-0.2,0,-35.5,5.8,27.4,0.163823359,0.704916532,-0.140354625,0.675649281
909,2278051,1391570,0.985,0.04,-0.034,0,-0.2,0,-35.5,5.8,27.4,0.163823359,0.704916532,-0.140354625,0.675649281
910,2280360,1391570,0.985,0.044,-0.03,0,-0.1,0.1,-35.5,5.8,27.4,0.163823359,0.704916532,-0.140354625,0.675649281
911,2282546,1391570,0.985,0.044,-0.03,0,0,0.1,-35.5,5.8,27.4,0.163823359,0.704916532,-0.140385144,0.675649281
912,2285969,1391570,0.985,0.044,-0.038,0,0,0,-35.2,6.2,27.5,0.163823359,0.704916532,-0.140385144,0.675649281
913,2288420,1391580,0.981,0.036,-0.038,0,-0.1,0,-35.2,6.2,27.5,0.163823359,0.704916532,-0.140385144,0.675649281
914,2290503,1391580,0.981,0.04,-0.034,0,-0.1,0,-35.2,6.2,27.5,0.163823359,0.704916532,-0.140385144,0.675649281
915,2291969,1391580,0.981,0.044,-0.034,0,0,-0.1,-35.2,6.2,27.5,0.163823359,0.704916532,-0.140354625,0.675649281
916,2295021,1391580,0.985,0.04,-0.034,0,-0.1,-0.1,-35.2,6.2,27.6,0.163823359,0.704977569,-0.140354625,0.675588244
917,2298114,1391590,0.985,0.04,-0.034,0,-0.1,-0.1,-35.2,6.2,27.6,0.163823359,0.704977569,-0.140354625,0.675588244
918,2299515,1391590,0.988,0.044,-0.026,0,-0.2,-0.1,-35.2,6.2,27.6,0.163823359,0.704977569,-0.140354625,0.675588244
919,2302614,1391590,0.985,0.04,-0.034,0,-0.2,0,-35.2,6.2,27.6,0.163823359,0.704977569,-0.140354625,0.675588244
920,2304679,1391590,0.988,0.04,-0.034,0,-0.2,0,-35,6,27.7,0.163823359,0.704977569,-0.140354625,0.675588244
921,2307706,1391600,0.992,0.04,-0.034,0,-0.2,0,-35,6,27.7,0.163823359,0.704977569,-0.140354625,0.675588244
922,2309437,1391600,0.992,0.04,-0.038,0,-0.2,-0.1,-35,6,27.7,0.163823359,0.704977569,-0.140354625,0.675588244
923,2312818,1391600,0.985,0.04,-0.03,0,-0.1,-0.1,-35,6,27.7,0.163823359,0.704977569,-0.140354625,0.675588244
924,2314497,1391600,0.985,0.044,-0.03,0,0,0,-35.5,6.2,26.7,0.163823359,0.704977569,-0.140354625,0.675588244
925,2317116,1391610,0.985,0.036,-0.026,0,0.1,0.1,-35.5,6.2,26.7,0.163823359,0.704977569,-0.140354625,0.675588244
926,2320152,1391610,0.985,0.044,-0.042,0,0.2,0.1,-35.5,6.2,26.7,0.163823359,0.704977569,-0.140354625,0.675588244
927,2321943,1391610,0.981,0.044,-0.026,0,0.2,0.1,-35.5,6.2,26.7,0.163823359,0.704977569,-0.140354625,0.675588244
928,2325515,1391610,0.981,0.04,-0.034,0,0.1,0.1,-35.5,6,28.5,0.163823359,0.704977569,-0.140354625,0.675588244
929,2327017,1391620,0.981,0.044,-0.034,-0.1,0,0.1,-35.5,6,28.5,0.163823359,0.704977569,-0.140354625,0.675588244
930,2329386,1391620,0.985,0.04,-0.03,0,0,0.1,-35.5,6,28.5,0.163823359,0.704977569,-0.140385144,0.675588244
931,2331829,1391620,0.988,0.04,-0.034,0,0,0,-35.5,6,28.5,0.163823359,0.704977569,-0.140385144,0.675588244
932,2335268,1391620,0.985,0.036,-0.03,0,0,0.1,-35.5,5.7,28.5,0.16379284,0.704977569,-0.140385144,0.675588244
933,2337089,1391630,0.985,0.04,-0.03,0,0,0,-35.5,5.7,28.5,0.16379284,0.704977569,-0.140385144,0.675588244
934,2341175,1391630,0.985,0.04,-0.03,0,-0.1,0,-35.5,5.7,28.5,0.16379284,0.704977569,-0.140385144,0.675588244
935,2343434,1391630,0.985,0.04,-0.03,0,0,0,-35.5,5.7,28.5,0.16379284,0.704977569,-0.140385144,0.675588244
936,2345589,1391630,0.988,0.044,-0.034,0,0.1,0,-35.7,5.9,29,0.16379284,0.70494705,-0.140385144,0.675618763
937,2347051,1391640,0.988,0.044,-0.026,0,0.1,0,-35.7,5.9,29,0.16379284,0.70494705,-0.140385144,0.675618763
938,2350189,1391640,0.985,0.036,-0.03,0,0.1,0,-35.7,5.9,29,0.16379284,0.70494705,-0.140385144,0.675618763
939,2353107,1391640,0.985,0.048,-0.034,0.1,0,0,-35.7,5.9,29,0.16379284,0.70494705,-0.140385144,0.675618763
940,2354645,1391640,0.985,0.04,-0.03,0.1,0,0,-35.8,6,28.7,0.16379284,0.70494705,-0.140385144,0.675618763
941,2357699,1391650,0.981,0.04,-0.034,0.1,0,0,-35.8,6,28.7,0.16379284,0.70494705,-0.140385144,0.675618763
942,2359448,1391650,0.977,0.036,-0.03,0,-0.1,0,-35.8,6,28.7,0.16379284,0.70494705,-0.140385144,0.675618763
943,2362350,1391650,0.981,0.036,-0.034,0,-0.2,0,-35.8,6,28.7,0.16379284,0.70494705,-0.140385144,0.675618763
944,2366181,1391650,0.985,0.036,-0.034,0,-0.1,0,-35.5,6,25.5,0.16379284,0.70494705,-0.140385144,0.675618763
945,2368441,1391660,0.985,0.044,-0.034,-0.1,-0.2,0,-35.5,6,25.5,0.16379284,0.704977569,-0.140385144,0.675618763
946,2370578,1391660,0.992,0.04,-0.034,-0.1,-0.2,0,-35.5,6,25.5,0.16379284,0.704977569,-0.140385144,0.675588244
947,2372131,1391660,0.988,0.044,-0.026,0,-0.3,0,-35.5,6,25.5,0.16379284,0.704977569,-0.140385144,0.675588244
948,2375230,1391660,0.992,0.044,-0.034,0,-0.3,0,-35.2,6,27.9,0.16379284,0.704977569,-0.140385144,0.675588244
949,2378028,1391670,0.988,0.04,-0.03,0,-0.3,0,-35.2,6,27.9,0.16379284,0.704977569,-0.140385144,0.675588244
950,2379685,1391670,0.988,0.044,-0.03,0,-0.2,0,-35.2,6,27.9,0.16379284,0.704977569,-0.140385144,0.675588244
951,2382738,1391670,0.985,0.04,-0.022,0,-0.1,0,-35.2,6,27.9,0.16379284,0.704977569,-0.140385144,0.675588244
952,2384593,1391670,0.988,0.04,-0.034,0,0,0,-35.5,5.9,27.1,0.16379284,0.704977569,-0.140415662,0.675588244
953,2388079,1391680,0.988,0.04,-0.03,0,0,0,-35.5,5.9,27.1,0.16379284,0.704977569,-0.140415662,0.675588244
954,2389587,1391680,0.981,0.036,-0.03,0,0,0,-35.5,5.9,27.1,0.16379284,0.704977569,-0.140415662,0.675588244
955,2392119,1391680,0.985,0.04,-0.034,0,0,0,-35.5,5.9,27.1,0.16379284,0.704977569,-0.140415662,0.675588244
956,2395512,1391680,0.981,0.036,-0.03,0,0.1,0.2,-35.3,6.4,27,0.163762322,0.704977569,-0.140415662,0.675588244
957,2397095,1391690,0.981,0.036,-0.03,0,0.1,0.2,-35.3,6.4,27,0.163762322,0.704977569,-0.140415662,0.675588244
958,2399585,1391690,0.985,0.04,-0.038,0,0.1,0.1,-35.3,6.4,27,0.163762322,0.704977569,-0.140415662,0.675588244
959,2403122,1391690,0.985,0.04,-0.034,0,0,0,-35.3,6.4,27,0.163762322,0.704977569,-0.140415662,0.675588244
960,2404668,1391690,0.988,0.044,-0.026,0,0,0,-35.5,6.2,25.9,0.163762322,0.704977569,-0.140415662,0.675588244
961,2407817,1391700,0.985,0.044,-0.03,0,0,0,-35.5,6.2,25.9,0.163762322,0.704977569,-0.140415662,0.675588244
962,2410023,1391700,0.992,0.044,-0.03,0,0,0,-35.5,6.2,25.9,0.163762322,0.704977569,-0.140415662,0.675588244
963,2412275,1391700,0.992,0.04,-0.038,0,0,0,-35.5,6.2,25.9,0.163762322,0.704977569,-0.140415662,0.675588244
964,2414492,1391700,0.985,0.036,-0.026,0,0,0,-35.5,6,27.3,0.163762322,0.704977569,-0.140415662,0.675588244
965,2417046,1391710,0.988,0.044,-0.034,0,-0.1,0,-35.5,6,27.3,0.163762322,0.704977569,-0.140415662,0.675588244
966,2420520,1391710,0.988,0.04,-0.038,0,-0.1,0,-35.5,6,27.3,0.163762322,0.704977569,-0.140415662,0.675588244
967,2422113,1391710,0.988,0.044,-0.034,0.1,0,0,-35.5,6,27.3,0.163762322,0.704977569,-0.140415662,0.675588244
968,2424513,1391710,0.981,0.04,-0.03,0.1,0.1,0,-35.3,5.9,27.3,0.163762322,0.704977569,-0.140415662,0.675588244
969,2428091,1391720,0.988,0.04,-0.03,0,0.1,0,-35.3,5.9,27.3,0.163762322,0.704977569,-0.140415662,0.675588244
970,2429572,1391720,0.981,0.044,-0.038,0,0.1,0,-35.3,5.9,27.3,0.163762322,0.704977569,-0.140415662,0.675588244
971,2432009,1391720,0.985,0.04,-0.03,0,0.2,-0.1,-35.3,5.9,27.3,0.163762322,0.704977569,-0.140415662,0.675588244
972,2435517,1391720,0.985,0.04,-0.034,0,0.2,0,-35.3,5.9,27.2,0.163762322,0.704977569,-0.140415662,0.675588244
973,2437065,1391730,0.985,0.04,-0.03,0.1,0.1,0,-35.3,5.9,27.2,0.163762322,0.704977569,-0.140415662,0.675588244
974,2439626,1391730,0.988,0.044,-0.03,0.1,0.1,0,-35.3,5.9,27.2,0.163762322,0.704977569,-0.140415662,0.675588244
975,2443074,1391730,0.988,0.04,-0.026,0.1,0,0,-35.3,5.9,27.2,0.163762322,0.704977569,-0.140415662,0.675588244
976,2444509,1391730,0.988,0.044,-0.026,0,0,0,-35.7,5.9,27.1,0.16379284,0.70494705,-0.140385144,0.675618763
977,2447053,1391740,0.988,0.044,-0.026,0,0,0,-35.7,5.9,27.1,0.16379284,0.70494705,-0.140385144,0.675618763
978,2450557,1391740,0.985,0.04,-0.034,0,0,0,-35.7,5.9,27.1,0.163762322,0.70494705,-0.140385144,0.675618763
979,2452183,1391740,0.985,0.04,-0.034,0,-0.1,0,-35.7,5.9,27.1,0.163762322,0.70494705,-0.140385144,0.675618763
980,2455026,1391740,0.981,0.044,-0.034,0,0,0,-35.5,5.7,27.1,0.163762322,0.70494705,-0.140385144,0.675618763
981,2458122,1391750,0.985,0.044,-0.03,0,0.1,0,-35.5,5.7,27.1,0.163762322,0.70494705,-0.140385144,0.675618763
982,2459643,1391750,0.985,0.044,-0.03,0,0.1,0,-35.5,5.7,27.1,0.163762322,0.70494705,-0.140385144,0.675618763
983,2461964,1391750,0.992,0.044,-0.03,0.1,0.2,0.1,-35.5,5.7,27.1,0.163762322,0.70494705,-0.140385144,0.675618763
984,2464761,1391750,0.988,0.044,-0.03,0.1,0.1,0.1,-35.4,6.7,28.3,0.163762322,0.70494705,-0.140385144,0.675618763
985,2467824,1391760,0.988,0.04,-0.03,0,0,0,-35.4,6.7,28.3,0.163762322,0.70494705,-0.140385144,0.675618763
986,2469925,1391760,0.985,0.044,-0.026,0,-0.1,0.1,-35.4,6.7,28.3,0.163762322,0.70494705,-0.140385144,0.675618763
987,2473763,1391760,0.988,0.036,-0.03,0,-0.2,0,-35.4,6.7,28.3,0.163762322,0.70494705,-0.140385144,0.675618763
988,2475835,1391760,0.985,0.044,-0.03,0,-0.3,0,-35.7,5.1,26,0.163762322,0.70494705,-0.140415662,0.675618763
989,2477376,1391770,0.985,0.04,-0.03,0,-0.3,0,-35.7,5.1,26,0.163762322,0.70494705,-0.140415662,0.675618763
990,2479614,1391770,0.985,0.04,-0.03,0,-0.2,0,-35.7,5.1,26,0.163762322,0.704977569,-0.140415662,0.675618763
991,2483406,1391770,0.988,0.044,-0.03,0,-0.2,0,-35.7,5.1,26,0.163762322,0.704977569,-0.140415662,0.675618763
992,2484873,1391770,0.988,0.04,-0.034,0,-0.1,0,-35.7,4.8,26.2,0.163762322,0.704977569,-0.140415662,0.675618763
993,2488014,1391780,0.985,0.04,-0.03,0,-0.1,0,-35.7,4.8,26.2,0.163762322,0.704977569,-0.140415662,0.675588244
994,2489620,1391780,0.985,0.04,-0.034,0,-0.1,0.1,-35.7,4.8,26.2,0.163731803,0.704977569,-0.140415662,0.675588244
995,2492757,1391780,0.981,0.036,-0.03,0,-0.1,0,-35.7,4.8,26.2,0.163731803,0.704977569,-0.140415662,0.675588244
996,2495019,1391780,0.985,0.048,-0.026,0,0,0,-35.6,3.9,26.3,0.163731803,0.704977569,-0.140415662,0.675618763
997,2497234,1391790,0.985,0.044,-0.034,0,0,0,-35.6,3.9,26.3,0.163731803,0.704977569,-0.140415662,0.675618763
998,2500315,1391790,0.985,0.04,-0.026,0,0.1,0,-35.6,3.9,26.3,0.163731803,0.704977569,-0.140415662,0.675618763
999,2502081,1391790,0.985,0.04,-0.03,0,0.1,0,-35.6,3.9,26.3,0.163731803,0.70494705,-0.140415662,0.675618763
1000,2505529,1391790,0.985,0.044,-0.026,0,0.2,0,-35.9,4,25.9,0.163731803,0.70494705,-0.140415662,0.675618763
1001,2507078,1391800,0.988,0.04,-0.026,0,0.1,0,-35.9,4,25.9,0.163731803,0.70494705,-0.140415662,0.675618763
1002,2509624,1391800,0.988,0.036,-0.03,0,0,-0.1,-35.9,4,25.9,0.163731803,0.70494705,-0.140415662,0.675618763
1003,2513064,1391800,0.988,0.044,-0.026,0.1,0,-0.1,-35.9,4,25.9,0.163731803,0.70494705,-0.140415662,0.675618763
1004,2514773,1391800,0.985,0.044,-0.026,0,-0.1,-0.1,-35.6,7.7,27.6,0.163731803,0.70494705,-0.140415662,0.675618763
1005,2517097,1391810,0.981,0.044,-0.034,0,-0.3,-0.1,-35.6,7.7,27.6,0.163731803,0.704977569,-0.140415662,0.675618763
1006,2519738,1391810,0.988,0.04,-0.026,0,-0.2,-0.1,-35.6,7.7,27.6,0.163731803,0.704977569,-0.140415662,0.675618763
1007,2523126,1391810,0.988,0.04,-0.034,0,-0.2,0,-35.6,7.7,27.6,0.163731803,0.704977569,-0.140415662,0.675588244
1008,2525362,1391810,0.981,0.036,-0.03,0,-0.1,0,-35.6,5.5,26.7,0.163731803,0.704977569,-0.140415662,0.675588244
1009,2527580,1391820,0.985,0.04,-0.03,0,-0.1,0,-35.6,5.5,26.7,0.163731803,0.704977569,-0.140415662,0.675588244
1010,2529823,1391820,0.988,0.036,-0.03,0,-0.1,0,-35.6,5.5,26.7,0.163731803,0.704977569,-0.140415662,0.675588244
1011,2532115,1391820,0.985,0.036,-0.034,0,0,0,-35.6,5.5,26.7,0.163731803,0.704977569,-0.140415662,0.675588244
1012,2534633,1391820,0.988,0.036,-0.03,0,0,-0.1,-35.5,6,26.7,0.163731803,0.704977569,-0.140415662,0.675588244
1013,2537121,1391830,0.988,0.036,-0.034,0,0.1,-0.1,-35.5,6,26.7,0.163731803,0.704977569,-0.140415662,0.675588244
1014,2540288,1391830,0.988,0.04,-0.034,0.1,0.1,0,-35.5,6,26.7,0.163731803,0.704977569,-0.140415662,0.675588244
1015,2542495,1391830,0.988,0.044,-0.03,0,0.1,0,-35.5,6,26.7,0.163731803,0.704977569,-0.140415662,0.675588244
1016,2544780,1391830,0.985,0.036,-0.038,0,-0.1,0,-35.7,6.7,26.9,0.163731803,0.704977569,-0.140415662,0.675588244
1017,2547488,1391840,0.985,0.036,-0.038,0,-0.1,0,-35.7,6.7,26.9,0.163731803,0.704977569,-0.140415662,0.675588244
1018,2549696,1391840,0.988,0.044,-0.03,0,-0.1,0,-35.7,6.7,26.9,0.163731803,0.704977569,-0.140415662,0.675588244
1019,2552438,1391840,0.988,0.04,-0.034,0,-0.1,-0.1,-35.7,6.7,26.9,0.163731803,0.704977569,-0.140415662,0.675588244
1020,2554633,1391840,0.988,0.044,-0.03,0,0,0,-35.6,7.1,27,0.163731803,0.704977569,-0.140415662,0.675588244
1021,2558121,1391850,0.985,0.04,-0.038,0,0,0,-35.6,7.1,27,0.163731803,0.704977569,-0.140415662,0.675588244
1022,2560527,1391850,0.988,0.04,-0.034,0,0,0,-35.6,7.1,27,0.163731803,0.704977569,-0.140415662,0.675588244
1023,2563200,1391850,0.985,0.044,-0.03,-0.1,0,0,-35.6,7.1,27,0.163731803,0.704977569,-0.140415662,0.675588244
1024,2564873,1391850,0.981,0.04,-0.03,-0.1,0,-0.1,-35.6,7.1,27,0.163731803,0.704977569,-0.140415662,0.675588244
1025,2567122,1391860,0.981,0.04,-0.034,-0.1,0,-0.1,-35.6,7.1,27,0.163762322,0.704977569,-0.140415662,0.675588244
1026,2569779,1391860,0.985,0.04,-0.03,0,0,-0.1,-35.6,7.1,27,0.163762322,0.704977569,-0.140415662,0.675588244
1027,2572121,1391860,0.985,0.04,-0.034,0,0,0,-35.6,7.1,27,0.163762322,0.704977569,-0.140415662,0.675588244
1028,2575325,1391860,0.988,0.044,-0.026,0,0,0,-35.7,6.4,27.2,0.163762322,0.704977569,-0.140415662,0.675588244
1029,2577603,1391870,0.985,0.044,-0.026,0,0,0,-35.7,6.4,27.2,0.163762322,0.704977569,-0.140415662,0.675588244
1030,2579836,1391870,0.988,0.044,-0.03,0,0,0,-35.7,6.4,27.2,0.163762322,0.704977569,-0.140415662,0.675588244
1031,2582073,1391870,0.988,0.04,-0.03,0,-0.1,0,-35.7,6.4,27.2,0.163762322,0.704977569,-0.140415662,0.675588244
1032,2584662,1391870,0.988,0.04,-0.03,0.1,-0.1,0,-35.5,6.5,27.4,0.163731803,0.704977569,-0.140415662,0.675588244
1033,2587019,1391880,0.988,0.036,-0.03,0,-0.2,-0.1,-35.5,6.5,27.4,0.163731803,0.704977569,-0.140415662,0.675588244
1034,2590336,1391880,0.985,0.044,-0.03,0,-0.2,-0.2,-35.5,6.5,27.4,0.163762322,0.705008087,-0.140415662,0.675588244
1035,2592532,1391880,0.985,0.04,-0.03,0,-0.2,-0.2,-35.5,6.5,27.4,0.163762322,0.705008087,-0.140415662,0.675557726
1036,2594889,1391880,0.985,0.036,-0.03,0,-0.1,0,-36,6.1,27.7,0.163762322,0.704977569,-0.140415662,0.675588244
1037,2597101,1391890,0.985,0.036,-0.03,0,-0.1,0,-36,6.1,27.7,0.163762322,0.704977569,-0.140415662,0.675588244
1038,2599519,1391890,0.985,0.04,-0.03,0,0,0,-36,6.1,27.7,0.163762322,0.704977569,-0.140415662,0.675588244
1039,2603417,1391890,0.985,0.04,-0.034,0,0,0,-36,6.1,27.7,0.163762322,0.704977569,-0.140415662,0.675588244
1040,2605821,1391890,0.988,0.04,-0.026,0,0,0,-35.9,6.3,27.2,0.163762322,0.704977569,-0.140415662,0.675588244
1041,2607965,1391900,0.988,0.04,-0.03,-0.1,0,0,-35.9,6.3,27.2,0.163762322,0.704977569,-0.140415662,0.675588244
1042,2610266,1391900,0.988,0.04,-0.034,-0.1,0,0,-35.9,6.3,27.2,0.163762322,0.704977569,-0.140415662,0.675588244
1043,2612515,1391900,0.985,0.04,-0.03,0,0,-0.1,-35.9,6.3,27.2,0.163762322,0.704977569,-0.140415662,0.675588244
1044,2614801,1391900,0.985,0.04,-0.034,0,0.1,0,-35.9,6.3,27.2,0.163762322,0.704977569,-0.140415662,0.675588244
1045,2617061,1391910,0.988,0.04,-0.03,0.1,0.1,0,-35.9,6.3,27.2,0.163762322,0.704977569,-0.140415662,0.675588244
1046,2619540,1391910,0.981,0.04,-0.034,0.1,0,0.1,-35.9,6.3,27.2,0.163762322,0.704977569,-0.140415662,0.675588244
1047,2623778,1391910,0.985,0.044,-0.03,0.1,-0.1,0,-35.9,6.3,27.2,0.163762322,0.704977569,-0.140415662,0.675588244
1048,2626048,1391910,0.988,0.04,-0.03,0.1,-0.1,0,-36.7,7.1,27.5,0.163762322,0.704977569,-0.140415662,0.675588244
1049,2628267,1391920,0.988,0.04,-0.034,0,0,0,-36.7,7.1,27.5,0.163762322,0.704977569,-0.140415662,0.675588244
1050,2630526,1391920,0.985,0.036,-0.034,0,0,0,-36.7,7.1,27.5,0.163762322,0.704977569,-0.140415662,0.675588244
1051,2632073,1391920,0.988,0.036,-0.034,0,0,-0.1,-36.7,7.1,27.5,0.163762322,0.704977569,-0.140415662,0.675588244
1052,2634515,1391920,0.988,0.036,-0.034,0,0,-0.1,-37,7,27.2,0.163762322,0.704977569,-0.140415662,0.675588244
1053,2638057,1391930,0.988,0.044,-0.026,0,-0.1,-0.1,-37,7,27.2,0.163762322,0.704977569,-0.140415662,0.675588244
1054,2640267,1391930,0.985,0.04,-0.034,0,-0.1,-0.1,-37,7,27.2,0.163762322,0.704977569,-0.140415662,0.675588244
1055,2642491,1391930,0.985,0.04,-0.03,0,-0.2,0,-37,7,27.2,0.163762322,0.704977569,-0.140415662,0.675588244
1056,2644787,1391930,0.988,0.036,-0.03,0,-0.3,0,-37.7,6.8,27.6,0.163762322,0.704977569,-0.140415662,0.675588244
1057,2647029,1391940,0.988,0.036,-0.03,0,-0.3,0,-37.7,6.8,27.6,0.163762322,0.704977569,-0.140415662,0.675588244
1058,2649678,1391940,0.985,0.036,-0.03,0,-0.2,0.1,-37.7,6.8,27.6,0.163762322,0.704977569,-0.140415662,0.675588244
1059,2652017,1391940,0.985,0.04,-0.03,0,-0.1,0,-37.7,6.8,27.6,0.163762322,0.704977569,-0.140415662,0.675588244
1060,2656043,1391940,0.988,0.04,-0.026,0.1,0,0,-38.2,6.9,27.4,0.163762322,0.704977569,-0.140415662,0.675588244
1061,2658197,1391950,0.985,0.044,-0.034,0.1,0,0,-38.2,6.9,27.4,0.163762322,0.704977569,-0.140415662,0.675588244
1062,2659760,1391950,0.985,0.044,-0.03,0,0.1,0,-38.2,6.9,27.4,0.163762322,0.704977569,-0.140415662,0.675588244
1063,2662165,1391950,0.985,0.04,-0.034,0,0.1,0,-38.2,6.9,27.4,0.163762322,0.704977569,-0.140415662,0.675588244
1064,2664502,1391950,0.985,0.04,-0.03,0,0.1,0,-38.2,6.9,27.4,0.163762322,0.704977569,-0.140415662,0.675588244
1065,2668017,1391960,0.988,0.04,-0.034,0,0,0,-38.2,6.9,27.4,0.163762322,0.704977569,-0.140415662,0.675588244
1066,2669507,1391960,0.988,0.04,-0.034,0,0,0.1,-38.2,6.9,27.4,0.163762322,0.704977569,-0.140415662,0.675588244
1067,2671997,1391960,0.988,0.04,-0.03,0,-0.1,0,-38.2,6.9,27.4,0.163762322,0.704977569,-0.140415662,0.675588244
1068,2675432,1391960,0.985,0.04,-0.03,0,-0.1,0,-37.2,6.7,27.5,0.163762322,0.704977569,-0.140415662,0.675588244
1069,2677074,1391970,0.985,0.036,-0.03,0,-0.1,0,-37.2,6.7,27.5,0.163762322,0.704977569,-0.140415662,0.675588244
1070,2679564,1391970,0.985,0.036,-0.034,0,-0.2,0,-37.2,6.7,27.5,0.163762322,0.705008087,-0.140415662,0.675557726
1071,2683071,1391970,0.985,0.048,-0.038,0,-0.3,0,-37.2,6.7,27.5,0.163731803,0.705008087,-0.140415662,0.675557726
1072,2685287,1391970,0.985,0.044,-0.03,0,-0.2,0,-36,6.6,27.3,0.163731803,0.705008087,-0.140415662,0.675557726
1073,2688175,1391980,0.988,0.04,-0.026,0.1,-0.2,0,-36,6.6,27.3,0.163731803,0.705008087,-0.140415662,0.675557726
1074,2689730,1391980,0.985,0.04,-0.038,0.1,-0.1,0,-36,6.6,27.3,0.163731803,0.705008087,-0.140415662,0.675557726
1075,2692172,1391980,0.988,0.044,-0.034,0,-0.1,0,-36,6.6,27.3,0.163731803,0.705008087,-0.140415662,0.675557726
1076,2694459,1391980,0.985,0.04,-0.03,0,0.1,0.1,-35.6,6.6,27.3,0.163762322,0.705008087,-0.140385144,0.675557726
1077,2697890,1391990,0.981,0.04,-0.034,0,0.1,0.1,-35.6,6.6,27.3,0.163762322,0.705008087,-0.140385144,0.675557726
1078,2699519,1391990,0.981,0.036,-0.034,0,0.1,0,-35.6,6.6,27.3,0.163762322,0.705008087,-0.140385144,0.675557726
1079,2703276,1391990,0.985,0.04,-0.026,0,0,0,-35.6,6.6,27.3,0.163762322,0.705008087,-0.140385144,0.675557726
1080,2705412,1391990,0.985,0.036,-0.03,0,-0.1,0,-35.1,6.6,27.2,0.163762322,0.705008087,-0.140385144,0.675557726
1081,2707109,1392000,0.981,0.04,-0.03,0,-0.1,0,-35.1,6.6,27.2,0.163762322,0.705008087,-0.140415662,0.675557726
1082,2710759,1392000,0.981,0.032,-0.038,0,-0.1,0,-35.1,6.6,27.2,0.163762322,0.705008087,-0.140415662,0.675557726
1083,2712191,1392000,0.988,0.04,-0.03,0,0,0,-35.1,6.6,27.2,0.163762322,0.705008087,-0.140415662,0.675557726
1084,2715195,1392000,0.988,0.04,-0.03,0,0,-0.1,-35.1,6.6,27.2,0.163762322,0.705008087,-0.140385144,0.675557726
1085,2718203,1392010,0.988,0.036,-0.038,0,0,-0.1,-35.1,6.6,27.2,0.163762322,0.705008087,-0.140385144,0.675557726
1086,2719793,1392010,0.988,0.04,-0.03,0.1,0,-0.1,-35.1,6.6,27.2,0.163762322,0.705008087,-0.140385144,0.675557726
1087,2722051,1392010,0.988,0.04,-0.034,0.1,0,0,-35.1,6.6,27.2,0.163762322,0.705008087,-0.140385144,0.675557726
1088,2725736,1392010,0.988,0.04,-0.034,0,0,0.1,-35.6,6.4,27.1,0.163762322,0.705008087,-0.140385144,0.675557726
1089,2727248,1392020,0.985,0.04,-0.03,0,0,0.1,-35.6,6.4,27.1,0.163731803,0.705008087,-0.140385144,0.675557726
1090,2730187,1392020,0.988,0.04,-0.034,0.1,-0.1,0.1,-35.6,6.4,27.1,0.163731803,0.705008087,-0.140385144,0.675557726
1091,2733214,1392020,0.985,0.036,-0.03,0.1,0,0.1,-35.6,6.4,27.1,0.163731803,0.705008087,-0.140385144,0.675557726
1092,2734725,1392020,0.985,0.04,-0.034,0.1,0,0.1,-35.5,6.3,27.2,0.163731803,0.705008087,-0.140385144,0.675557726
1093,2737718,1392030,0.985,0.04,-0.026,0.1,0,0,-35.5,6.3,27.2,0.163731803,0.705008087,-0.140385144,0.675557726
1094,2740709,1392030,0.988,0.04,-0.03,0,0,0,-35.5,6.3,27.2,0.163731803,0.705008087,-0.140385144,0.675557726
1095,2742215,1392030,0.985,0.04,-0.042,0,0,0,-35.5,6.3,27.2,0.163731803,0.705008087,-0.140385144,0.675557726
1096,2745216,1392030,0.985,0.036,-0.03,0,-0.1,0,-35.5,6.6,27.2,0.163731803,0.705038606,-0.140385144,0.675557726
1097,2748230,1392040,0.985,0.036,-0.03,0,-0.1,0,-35.5,6.6,27.2,0.163731803,0.705038606,-0.140385144,0.675557726
1098,2749699,1392040,0.985,0.04,-0.03,0,-0.1,0,-35.5,6.6,27.2,0.163731803,0.705038606,-0.140385144,0.675527207
1099,2752712,1392040,0.988,0.04,-0.03,0,-0.1,0,-35.5,6.6,27.2,0.163731803,0.705038606,-0.140385144,0.675527207
1100,2755719,1392040,0.985,0.044,-0.03,0,0,0,-34.9,6.7,27.3,0.163731803,0.705038606,-0.140415662,0.675527207
1101,2757190,1392050,0.985,0.04,-0.038,0,0,0,-34.9,6.7,27.3,0.163731803,0.705038606,-0.140415662,0.675527207
1102,2760520,1392050,0.985,0.04,-0.03,0,0,0,-34.9,6.7,27.3,0.163731803,0.705038606,-0.140415662,0.675527207
1103,2762017,1392050,0.981,0.04,-0.034,0,0,-0.1,-34.9,6.7,27.3,0.163731803,0.705038606,-0.140415662,0.675527207
1104,2764760,1392050,0.981,0.036,-0.03,0,0.1,-0.1,-34.9,6.7,27.3,0.163731803,0.705038606,-0.140385144,0.675527207
1105,2767702,1392060,0.985,0.04,-0.038,0,0.1,0,-34.9,6.7,27.3,0.163731803,0.705038606,-0.140385144,0.675527207
1106,2769552,1392060,0.981,0.04,-0.034,0,0.1,0,-34.9,6.7,27.3,0.163731803,0.705038606,-0.140385144,0.675527207
1107,2772465,1392060,0.985,0.04,-0.03,0,0,0.1,-34.9,6.7,27.3,0.163731803,0.705038606,-0.140415662,0.675527207
1108,2775324,1392060,0.985,0.04,-0.03,0,0,0.1,-34.6,6.5,27.4,0.163731803,0.705038606,-0.140415662,0.675527207
1109,2776932,1392070,0.988,0.04,-0.026,0,0,0.1,-34.6,6.5,27.4,0.163731803,0.705038606,-0.140415662,0.675527207
1110,2779539,1392070,0.988,0.036,-0.03,0,0,0,-34.6,6.5,27.4,0.163731803,0.705038606,-0.140415662,0.675527207
1111,2782566,1392070,0.988,0.036,-0.03,0,0,0,-34.6,6.5,27.4,0.163731803,0.705038606,-0.140415662,0.675527207
1112,2785544,1392070,0.992,0.04,-0.03,0,0,0,-34.5,6.2,27.3,0.163731803,0.705038606,-0.140415662,0.675557726
1113,2787154,1392080,0.988,0.04,-0.03,0,0.1,0,-34.5,6.2,27.3,0.163731803,0.705038606,-0.140415662,0.675557726
1114,2790533,1392080,0.988,0.04,-0.03,0.1,0.1,0,-34.5,6.2,27.3,0.163731803,0.705038606,-0.140415662,0.675557726
1115,2792041,1392080,0.985,0.044,-0.026,0,0,0,-34.5,6.2,27.3,0.163731803,0.705038606,-0.140415662,0.675557726
1116,2795095,1392080,0.988,0.036,-0.03,0,0.1,0,-34.7,6.1,27.3,0.163731803,0.705008087,-0.140385144,0.675588244
1117,2798317,1392090,0.985,0.04,-0.026,0,0.2,0,-34.7,6.1,27.3,0.163731803,0.705008087,-0.140385144,0.675588244
1118,2799854,1392090,0.985,0.04,-0.034,0,0.2,0,-34.7,6.1,27.3,0.163731803,0.704977569,-0.140385144,0.675588244
1119,2803037,1392090,0.981,0.044,-0.038,0,0.2,0,-34.7,6.1,27.3,0.163731803,0.704977569,-0.140385144,0.675588244
1120,2804501,1392090,0.985,0.036,-0.03,0,0.1,0,-34.4,6.5,26.8,0.163731803,0.704977569,-0.140385144,0.675588244
1121,2807250,1392100,0.985,0.04,-0.03,0,0,-0.1,-34.4,6.5,26.8,0.163731803,0.704977569,-0.140385144,0.675588244
1122,2810378,1392100,0.988,0.04,-0.034,0,-0.1,-0.1,-34.4,6.5,26.8,0.163731803,0.704977569,-0.140385144,0.675588244
1123,2812600,1392100,0.988,0.04,-0.034,0,-0.2,-0.1,-34.4,6.5,26.8,0.163731803,0.704977569,-0.140385144,0.675588244
1124,2814984,1392100,0.988,0.04,-0.026,0,-0.2,-0.1,-34.4,6.5,26.8,0.163731803,0.705008087,-0.140385144,0.675588244
1125,2817326,1392110,0.985,0.036,-0.034,0,-0.1,0,-34.4,6.5,26.8,0.163762322,0.705008087,-0.140385144,0.675588244
1126,2819614,1392110,0.988,0.04,-0.026,0,0,0,-34.4,6.5,26.8,0.163762322,0.705008087,-0.140385144,0.675588244
1127,2823754,1392110,0.988,0.044,-0.03,0,-0.2,-0.1,-34.4,6.5,26.8,0.163762322,0.705008087,-0.140385144,0.675588244
1128,2825880,1392110,0.988,0.036,-0.034,0,-0.3,-0.2,-34.7,6.1,27,0.163762322,0.705008087,-0.140385144,0.675557726
1129,2828034,1392120,0.992,0.04,-0.03,0,-0.3,-0.1,-34.7,6.1,27,0.163762322,0.705008087,-0.140385144,0.675557726
1130,2829743,1392120,0.985,0.04,-0.03,0,-0.1,0,-34.7,6.1,27,0.163762322,0.705008087,-0.140385144,0.675557726
1131,2833019,1392120,0.985,0.048,-0.038,0,-0.1,0,-34.7,6.1,27,0.163762322,0.705008087,-0.140385144,0.675557726
1132,2834625,1392120,0.985,0.04,-0.034,0,0,0,-34.9,6.1,27.1,0.163762322,0.705008087,-0.140385144,0.675557726
1133,2838433,1392130,0.985,0.04,-0.026,0,-0.1,0,-34.9,6.1,27.1,0.163762322,0.705008087,-0.140385144,0.675557726
1134,2840195,1392130,0.981,0.04,-0.03,0,-0.1,0,-34.9,6.1,27.1,0.163762322,0.705008087,-0.140385144,0.675557726
1135,2842191,1392130,0.985,0.036,-0.026,0,-0.1,0,-34.9,6.1,27.1,0.163762322,0.705038606,-0.140385144,0.675557726
1136,2846085,1392130,0.985,0.04,-0.03,0,-0.1,-0.1,-34.9,6,27.4,0.163762322,0.704977569,-0.140385144,0.675588244
1137,2848016,1392140,0.985,0.04,-0.03,0,-0.1,0,-34.9,6,27.4,0.163762322,0.705008087,-0.140385144,0.675588244
1138,2849481,1392140,0.988,0.04,-0.026,0.1,-0.1,0,-34.9,6,27.4,0.163762322,0.705008087,-0.140385144,0.675588244
1139,2852117,1392140,0.988,0.04,-0.03,0.1,-0.1,0,-34.9,6,27.4,0.163762322,0.705008087,-0.140385144,0.675588244
1140,2854756,1392140,0.988,0.044,-0.03,0,0,0,-34.7,6,27.5,0.163762322,0.705008087,-0.140385144,0.675588244
1141,2857386,1392150,0.985,0.036,-0.03,0,0,0,-34.7,6,27.5,0.163762322,0.705008087,-0.140385144,0.675588244
1142,2860577,1392150,0.985,0.036,-0.03,0,0,0,-34.7,6,27.5,0.163762322,0.705008087,-0.140385144,0.675588244
1143,2861966,1392150,0.985,0.036,-0.034,0,0,0,-34.7,6,27.5,0.163731803,0.705008087,-0.140385144,0.675588244
1144,2865459,1392150,0.985,0.04,-0.034,0,0,0,-34.7,6,27.5,0.163731803,0.705008087,-0.140385144,0.675588244
1145,2867678,1392160,0.981,0.04,-0.038,0,0,0,-34.7,6,27.5,0.163731803,0.705008087,-0.140385144,0.675588244
1146,2869806,1392160,0.985,0.04,-0.026,0,0,0,-34.7,6,27.5,0.163731803,0.705008087,-0.140385144,0.675557726
1147,2873941,1392160,0.988,0.04,-0.034,0,-0.1,0,-34.7,6,27.5,0.163731803,0.705008087,-0.140385144,0.675557726
1148,2874496,1392160,0.988,0.044,-0.038,0,-0.1,0,-35.8,5.9,27.4,0.163731803,0.705008087,-0.140385144,0.675557726
1149,2878069,1392170,0.988,0.04,-0.026,0,-0.1,0,-35.8,5.9,27.4,0.163731803,0.705008087,-0.140385144,0.675557726
1150,2880622,1392170,0.988,0.04,-0.026,0,0,0,-35.8,5.9,27.4,0.163731803,0.705008087,-0.140385144,0.675557726
1151,2883365,1392170,0.985,0.04,-0.038,0,0,0,-35.8,5.9,27.4,0.163731803,0.705008087,-0.140385144,0.675557726
1152,2885880,1392170,0.988,0.044,-0.034,0,-0.1,0,-35.5,6,27.7,0.163731803,0.705008087,-0.140385144,0.675557726
1153,2888155,1392180,0.981,0.036,-0.038,0,-0.1,0,-35.5,6,27.7,0.163731803,0.705008087,-0.140385144,0.675557726
1154,2890371,1392180,0.992,0.04,-0.034,0,-0.1,0,-35.5,6,27.7,0.163731803,0.705008087,-0.140385144,0.675557726
1155,2892595,1392180,0.988,0.04,-0.03,0,-0.1,0,-35.5,6,27.7,0.163731803,0.705038606,-0.140385144,0.675557726
1156,2894918,1392180,0.985,0.04,-0.034,0,0,0,-35.4,6.1,28.1,0.163731803,0.705038606,-0.140385144,0.675527207
1157,2897116,1392190,0.985,0.04,-0.034,0,0.1,0,-35.4,6.1,28.1,0.163731803,0.705038606,-0.140385144,0.675527207
1158,2899740,1392190,0.985,0.04,-0.026,0,0.1,-0.1,-35.4,6.1,28.1,0.163731803,0.705038606,-0.140385144,0.675527207
1159,2903076,1392190,0.985,0.044,-0.03,0,0.1,-0.1,-35.4,6.1,28.1,0.163731803,0.705038606,-0.140385144,0.675527207
1160,2904551,1392190,0.985,0.04,-0.03,0,0.1,0,-35.3,6,28.8,0.163731803,0.705038606,-0.140385144,0.675527207
1161,2907709,1392200,0.985,0.036,-0.03,0,0,0,-35.3,6,28.8,0.163731803,0.705038606,-0.140385144,0.675527207
1162,2910723,1392200,0.985,0.044,-0.026,0,0,-0.1,-35.3,6,28.8,0.163731803,0.705038606,-0.140385144,0.675527207
1163,2912895,1392200,0.985,0.04,-0.034,0.1,0,-0.1,-35.3,6,28.8,0.163731803,0.705038606,-0.140385144,0.675527207
1164,2914547,1392200,0.988,0.04,-0.034,0.1,0,-0.2,-35.3,6,28.8,0.163731803,0.705038606,-0.140385144,0.675527207
1165,2917511,1392210,0.981,0.04,-0.034,0.1,0,-0.1,-35.3,6,28.8,0.163731803,0.705038606,-0.140354625,0.675527207
1166,2920708,1392210,0.988,0.04,-0.03,0.1,0,0,-35.3,6,28.8,0.163731803,0.705038606,-0.140354625,0.675527207
1167,2922695,1392210,0.988,0.04,-0.03,0,0,0,-35.3,6,28.8,0.163731803,0.705038606,-0.140354625,0.675527207
1168,2924541,1392210,0.985,0.036,-0.03,0,-0.1,0.1,-34.9,6.2,27.9,0.163731803,0.705038606,-0.140354625,0.675527207
1169,2927733,1392220,0.988,0.04,-0.03,0,-0.1,0.1,-34.9,6.2,27.9,0.163731803,0.705038606,-0.140385144,0.675527207
1170,2930052,1392220,0.992,0.04,-0.026,0,-0.1,0.1,-34.9,6.2,27.9,0.163731803,0.705038606,-0.140385144,0.675527207
1171,2933845,1392220,0.985,0.044,-0.034,0,-0.1,0,-34.9,6.2,27.9,0.163731803,0.705038606,-0.140385144,0.675527207
1172,2936005,1392220,0.985,0.04,-0.034,0,0,0,-35.4,6,27.8,0.163731803,0.705038606,-0.140385144,0.675527207
1173,2938294,1392230,0.981,0.04,-0.038,0,0,0,-35.4,6,27.8,0.163731803,0.705038606,-0.140385144,0.675527207
1174,2939776,1392230,0.985,0.044,-0.034,0,0.1,0,-35.4,6,27.8,0.163731803,0.705038606,-0.140385144,0.675527207
1175,2943388,1392230,0.985,0.044,-0.03,0,0.1,0,-35.4,6,27.8,0.163731803,0.705038606,-0.140385144,0.675527207
1176,2944987,1392230,0.985,0.04,-0.026,0,0,0,-35,6,27.2,0.163762322,0.705069124,-0.140354625,0.675527207
1177,2947985,1392240,0.985,0.04,-0.026,0,-0.1,0,-35,6,27.2,0.163762322,0.705069124,-0.140354625,0.675527207
1178,2949504,1392240,0.985,0.044,-0.03,0,-0.1,0,-35,6,27.2,0.163731803,0.705069124,-0.140354625,0.675496689
1179,2952896,1392240,0.988,0.04,-0.034,0,-0.1,0,-35,6,27.2,0.163731803,0.705069124,-0.140354625,0.675496689
1180,2954974,1392240,0.985,0.032,-0.03,0,-0.1,0,-35.2,6.4,26.9,0.163762322,0.705069124,-0.140354625,0.675496689
1181,2957197,1392250,0.988,0.036,-0.026,0,0,-0.1,-35.2,6.4,26.9,0.163762322,0.705069124,-0.140354625,0.675496689
1182,2960512,1392250,0.988,0.044,-0.03,0,0,-0.1,-35.2,6.4,26.9,0.163762322,0.705069124,-0.140354625,0.675496689
1183,2962113,1392250,0.985,0.036,-0.038,0,0,-0.1,-35.2,6.4,26.9,0.163762322,0.705069124,-0.140354625,0.675496689
1184,2964609,1392250,0.988,0.044,-0.03,0,0.1,0,-35.2,6.4,26.9,0.163762322,0.705069124,-0.140354625,0.675496689
1185,2967697,1392260,0.985,0.044,-0.034,0,0.2,0,-35.2,6.4,26.9,0.163762322,0.705069124,-0.140354625,0.675527207
1186,2969842,1392260,0.985,0.04,-0.03,0.1,0.3,0.1,-35.2,6.4,26.9,0.163762322,0.705069124,-0.140354625,0.675527207
1187,2972015,1392260,0.985,0.036,-0.03,0.1,0.2,0.1,-35.2,6.4,26.9,0.163762322,0.705069124,-0.140354625,0.675527207
1188,2975842,1392260,0.985,0.04,-0.03,0,0.1,0,-35.6,6,26.5,0.163731803,0.705038606,-0.140354625,0.675527207
1189,2978152,1392270,0.981,0.04,-0.03,0,0,0,-35.6,6,26.5,0.163731803,0.705038606,-0.140354625,0.675527207
1190,2980395,1392270,0.981,0.036,-0.03,0,0,0,-35.6,6,26.5,0.163762322,0.705038606,-0.140354625,0.675527207
1191,2982708,1392270,0.985,0.036,-0.034,0,0,0,-35.6,6,26.5,0.163731803,0.705038606,-0.140354625,0.675527207
1192,2984858,1392270,0.988,0.032,-0.03,0,0,0,-35.6,6,26.5,0.163731803,0.705038606,-0.140354625,0.675527207
1193,2987069,1392280,0.985,0.04,-0.034,0,0,0,-35.6,6,26.5,0.163731803,0.705038606,-0.140354625,0.675527207
1194,2990104,1392280,0.988,0.04,-0.034,0,0,0.2,-35.6,6,26.5,0.163731803,0.705038606,-0.140354625,0.675527207
1195,2993048,1392280,0.988,0.044,-0.038,0,-0.1,0.1,-35.6,6,26.5,0.163731803,0.705069124,-0.140354625,0.675527207
1196,2994609,1392280,0.988,0.044,-0.034,0,-0.1,0.1,-35.6,6,26.5,0.163731803,0.705069124,-0.140385144,0.675496689
1197,2997601,1392290,0.985,0.044,-0.034,0,-0.1,0,-35.6,6,26.5,0.163731803,0.705069124,-0.140385144,0.675496689
1198,2999843,1392290,0.988,0.044,-0.038,0,0,0,-35.6,6,26.5,0.163731803,0.705069124,-0.140385144,0.675496689
1199,3002168,1392290,0.988,0.04,-0.03,0,0.1,0,-35.6,6,26.5,0.163731803,0.705069124,-0.140385144,0.675496689
1200,3004591,1392290,0.985,0.036,-0.026,0,0.2,0,-35.6,6,26.5,0.163731803,0.705069124,-0.140385144,0.675496689
1201,3008127,1392300,0.985,0.044,-0.03,0,0.1,0,-35.6,6,26.5,0.163731803,0.705069124,-0.140385144,0.675527207
1202,3009595,1392300,0.988,0.044,-0.034,0,0,0,-35.6,6,26.5,0.163731803,0.705069124,-0.140385144,0.675527207
1203,3012355,1392300,0.985,0.04,-0.03,0,-0.3,0,-35.6,6,26.5,0.163731803,0.705069124,-0.140385144,0.675496689
1204,3015370,1392300,0.985,0.036,-0.034,0,-0.3,0,-35.6,6,26.5,0.163731803,0.705069124,-0.140385144,0.675496689
1205,3017000,1392310,0.988,0.044,-0.038,0,-0.2,0.1,-35.6,6,26.5,0.163701285,0.705069124,-0.140385144,0.675496689
1206,3019833,1392310,0.988,0.044,-0.03,0,0,0.1,-35.6,6,26.5,0.163701285,0.705069124,-0.140385144,0.675496689
1207,3023010,1392310,0.985,0.04,-0.034,0.1,0,0,-35.6,6,26.5,0.163701285,0.705069124,-0.140385144,0.675496689
1208,3024661,1392310,0.985,0.036,-0.03,0,0.1,0,-35.5,6.2,27.7,0.163701285,0.705069124,-0.140385144,0.675496689
1209,3027537,1392320,0.985,0.044,-0.03,0,0.1,0,-35.5,6.2,27.7,0.163701285,0.705069124,-0.140385144,0.675496689
1210,3029860,1392320,0.985,0.036,-0.034,0.1,0.1,0,-35.5,6.2,27.7,0.163701285,0.705069124,-0.140385144,0.675496689
1211,3032424,1392320,0.985,0.04,-0.03,0,0.1,0,-35.5,6.2,27.7,0.163701285,0.705069124,-0.140385144,0.675527207
1212,3034665,1392320,0.981,0.04,-0.034,0,0.1,0,-35.5,6.2,27.7,0.163701285,0.705069124,-0.140385144,0.675527207
1213,3037999,1392330,0.988,0.04,-0.03,0,0,0,-35.5,6.2,27.7,0.163701285,0.705069124,-0.140385144,0.675527207
1214,3040095,1392330,0.988,0.04,-0.03,0,-0.1,0,-35.5,6.2,27.7,0.163701285,0.705069124,-0.140385144,0.675527207
1215,3042296,1392330,0.985,0.04,-0.034,0,-0.3,0,-35.5,6.2,27.7,0.163701285,0.705069124,-0.140385144,0.675496689
1216,3045481,1392330,0.985,0.044,-0.03,0,-0.3,0,-35.5,6.2,27.7,0.163701285,0.705069124,-0.140385144,0.675496689
1217,3047106,1392340,0.985,0.044,-0.03,-0.1,-0.2,0,-35.5,6.2,27.7,0.163701285,0.705069124,-0.140385144,0.675496689
1218,3049773,1392340,0.985,0.04,-0.03,-0.1,0,0,-35.5,6.2,27.7,0.163701285,0.705069124,-0.140385144,0.675496689
1219,3052257,1392340,0.988,0.04,-0.034,-0.1,0,0,-35.5,6.2,27.7,0.163701285,0.705069124,-0.140385144,0.675496689
1220,3055455,1392340,0.988,0.04,-0.034,0,0,0,-35.5,6.2,27.7,0.163701285,0.705069124,-0.140415662,0.675496689
1221,3057231,1392350,0.985,0.044,-0.034,0,0.1,0.1,-35.5,6.2,27.7,0.163701285,0.705069124,-0.140415662,0.675496689
1222,3060558,1392350,0.985,0.036,-0.03,0,0.1,0.1,-35.5,6.2,27.7,0.163701285,0.705069124,-0.140415662,0.675496689
1223,3062079,1392350,0.988,0.04,-0.034,0,0,0.1,-35.5,6.2,27.7,0.163701285,0.705069124,-0.140415662,0.675496689
1224,3065234,1392350,0.988,0.036,-0.026,0,0,0,-35.5,6.2,27.7,0.163701285,0.705069124,-0.140415662,0.675496689
1225,3067116,1392360,0.985,0.04,-0.034,0,-0.1,0,-35.5,6.2,27.7,0.163701285,0.705069124,-0.140415662,0.675496689
1226,3070444,1392360,0.985,0.04,-0.03,0,-0.1,0,-35.5,6.2,27.7,0.163701285,0.705069124,-0.140415662,0.675496689
1227,3072099,1392360,0.988,0.036,-0.034,0,0,-0.1,-35.5,6.2,27.7,0.163701285,0.705069124,-0.140415662,0.675496689
1228,3074618,1392360,0.985,0.04,-0.026,0,0.1,-0.1,-35.4,7.4,28.4,0.163701285,0.705069124,-0.140415662,0.675496689
1229,3077560,1392370,0.985,0.04,-0.042,0,0.1,-0.1,-35.4,7.4,28.4,0.163701285,0.705069124,-0.140415662,0.675496689
1230,3079489,1392370,0.985,0.036,-0.034,0,0,0,-35.4,7.4,28.4,0.163701285,0.705069124,-0.140415662,0.675496689
1231,3082083,1392370,0.985,0.04,-0.026,0,-0.1,0,-35.4,7.4,28.4,0.163701285,0.705069124,-0.140415662,0.675496689
1232,3086118,1392370,0.985,0.04,-0.03,0,-0.1,0,-35.8,5,26.2,0.163701285,0.705069124,-0.140415662,0.675496689
1233,3087087,1392380,0.988,0.04,-0.026,0,-0.1,0,-35.8,5,26.2,0.163701285,0.705069124,-0.140415662,0.675496689
1234,3090810,1392380,0.988,0.044,-0.034,0,0,-0.1,-35.8,5,26.2,0.163701285,0.705069124,-0.140415662,0.675496689
1235,3092561,1392380,0.985,0.04,-0.034,0,0,-0.1,-35.8,5,26.2,0.163701285,0.705069124,-0.140415662,0.675496689
1236,3094785,1392380,0.988,0.04,-0.03,0,0,-0.1,-35.9,5.1,25.9,0.163731803,0.705069124,-0.140385144,0.675527207
1237,3098139,1392390,0.985,0.04,-0.034,0,0,0,-35.9,5.1,25.9,0.163731803,0.705069124,-0.140385144,0.675527207
1238,3099653,1392390,0.988,0.04,-0.034,0,0,0,-35.9,5.1,25.9,0.163731803,0.705069124,-0.140385144,0.675527207
1239,3103660,1392390,0.988,0.04,-0.034,0,0,0,-35.9,5.1,25.9,0.163731803,0.705069124,-0.140385144,0.675527207
1240,3105676,1392390,0.985,0.04,-0.03,0,0,0,-35.5,4.9,26.1,0.163731803,0.705069124,-0.140385144,0.675527207
1241,3107223,1392400,0.985,0.036,-0.034,0,0,0,-35.5,4.9,26.1,0.163731803,0.705069124,-0.140385144,0.675527207
1242,3109581,1392400,0.985,0.04,-0.03,0,0,0,-35.5,4.9,26.1,0.163731803,0.705069124,-0.140385144,0.675527207
1243,3112256,1392400,0.985,0.036,-0.026,0,0,0,-35.5,4.9,26.1,0.163731803,0.705069124,-0.140385144,0.675527207
1244,3114526,1392400,0.985,0.032,-0.034,0,0,0,-35.5,5.5,26,0.163731803,0.705069124,-0.140385144,0.675527207
1245,3117342,1392410,0.985,0.04,-0.038,0,0,0.1,-35.5,5.5,26,0.163731803,0.705069124,-0.140385144,0.675527207
1246,3121321,1392410,0.985,0.036,-0.034,0,0,0.1,-35.5,5.5,26,0.163731803,0.705069124,-0.140385144,0.675527207
1247,3123603,1392410,0.985,0.036,-0.03,0,0,0,-35.5,5.5,26,0.163731803,0.705069124,-0.140385144,0.675527207
1248,3125912,1392410,0.985,0.04,-0.034,0,-0.1,0,-35.7,7.1,27.2,0.163731803,0.705069124,-0.140385144,0.675527207
1249,3128121,1392420,0.985,0.044,-0.03,0,-0.1,0,-35.7,7.1,27.2,0.163731803,0.705069124,-0.140385144,0.675527207
1250,3130401,1392420,0.985,0.04,-0.026,0,-0.1,0,-35.7,7.1,27.2,0.163731803,0.705069124,-0.140385144,0.675496689
1251,3132182,1392420,0.985,0.036,-0.026,0,-0.2,0,-35.7,7.1,27.2,0.163731803,0.705069124,-0.140385144,0.675496689
1252,3134965,1392420,0.988,0.044,-0.034,0.1,-0.1,0,-35.8,6.5,27,0.163731803,0.705069124,-0.140385144,0.675496689
1253,3137976,1392430,0.985,0.036,-0.026,0.1,-0.1,0,-35.8,6.5,27,0.163731803,0.705069124,-0.140385144,0.675496689
1254,3140171,1392430,0.988,0.04,-0.03,0,-0.1,0,-35.8,6.5,27,0.163731803,0.705069124,-0.140385144,0.675496689
1255,3142283,1392430,0.985,0.04,-0.03,0,-0.1,0,-35.8,6.5,27,0.163731803,0.705069124,-0.140385144,0.675496689
1256,3146281,1392430,0.988,0.044,-0.03,0,-0.1,0,-36,6.6,27.1,0.163731803,0.705069124,-0.140385144,0.675527207
1257,3148545,1392440,0.985,0.04,-0.034,0,-0.1,0,-36,6.6,27.1,0.163731803,0.705069124,-0.140385144,0.675527207
1258,3150544,1392440,0.985,0.044,-0.03,0,0,-0.1,-36,6.6,27.1,0.163731803,0.705069124,-0.140385144,0.675527207
1259,3152248,1392440,0.988,0.04,-0.034,0,0,0,-36,6.6,27.1,0.163731803,0.705069124,-0.140385144,0.675527207
1260,3154596,1392440,0.985,0.044,-0.022,-0.1,0,0,-35.6,7,27.2,0.163731803,0.705069124,-0.140385144,0.675527207
1261,3156984,1392450,0.988,0.044,-0.03,0,-0.1,0.1,-35.6,7,27.2,0.163731803,0.705069124,-0.140385144,0.675527207
1262,3160589,1392450,0.988,0.04,-0.026,0,-0.1,0.2,-35.6,7,27.2,0.163731803,0.705069124,-0.140385144,0.675527207
1263,3163419,1392450,0.985,0.044,-0.034,0,0,0.2,-35.6,7,27.2,0.163731803,0.705069124,-0.140385144,0.675527207
1264,3165542,1392450,0.985,0.044,-0.034,0,0.1,0.1,-35.8,7.3,27,0.163731803,0.705069124,-0.140385144,0.675527207
1265,3167272,1392460,0.985,0.04,-0.03,0,0.2,0,-35.8,7.3,27,0.163731803,0.705069124,-0.140385144,0.675527207
1266,3169547,1392460,0.981,0.04,-0.03,0,0,0,-35.8,7.3,27,0.163731803,0.705069124,-0.140385144,0.675527207
1267,3173265,1392460,0.985,0.044,-0.03,0,0,0,-35.8,7.3,27,0.163731803,0.705069124,-0.140415662,0.675527207
1268,3176027,1392460,0.985,0.036,-0.042,0,0,0,-35.4,5.4,27,0.163731803,0.705069124,-0.140415662,0.675527207
1269,3177167,1392470,0.985,0.04,-0.034,0,-0.1,0,-35.4,5.4,27,0.163731803,0.705069124,-0.140415662,0.675527207
1270,3179690,1392470,0.988,0.044,-0.026,0,-0.1,-0.1,-35.4,5.4,27,0.163731803,0.705069124,-0.140415662,0.675527207
1271,3182223,1392470,0.985,0.04,-0.03,0,-0.1,-0.1,-35.4,5.4,27,0.163731803,0.705069124,-0.140415662,0.675496689
1272,3184595,1392470,0.988,0.04,-0.034,0,-0.1,0,-35.7,6.6,27.2,0.163731803,0.705069124,-0.140415662,0.675496689
1273,3187085,1392480,0.992,0.044,-0.03,0,-0.1,0,-35.7,6.6,27.2,0.163731803,0.705069124,-0.140415662,0.675496689
1274,3190499,1392480,0.985,0.04,-0.038,0,-0.1,0,-35.7,6.6,27.2,0.163731803,0.705069124,-0.140415662,0.675496689
1275,3192636,1392480,0.985,0.04,-0.034,0,0,0,-35.7,6.6,27.2,0.163731803,0.705069124,-0.140385144,0.675496689
1276,3194884,1392480,0.988,0.04,-0.03,0,0.2,0,-35.9,6.7,27.2,0.163731803,0.705099643,-0.140385144,0.675496689
1277,3197115,1392490,0.988,0.04,-0.03,0,0.2,0,-35.9,6.7,27.2,0.163731803,0.705069124,-0.140385144,0.675496689
1278,3200241,1392490,0.985,0.04,-0.03,0,0.2,0,-35.9,6.7,27.2,0.163731803,0.705069124,-0.140385144,0.675496689
1279,3202084,1392490,0.985,0.04,-0.03,0,0.2,0,-35.9,6.7,27.2,0.163731803,0.705069124,-0.140385144,0.675496689
1280,3205580,1392490,0.981,0.044,-0.026,0,0.1,0,-36.2,6.8,27.4,0.163731803,0.705069124,-0.140385144,0.675496689
1281,3207080,1392500,0.985,0.044,-0.03,0,0.1,0,-36.2,6.8,27.4,0.163731803,0.705069124,-0.140385144,0.675496689
1282,3210279,1392500,0.977,0.04,-0.034,0,0.1,-0.1,-36.2,6.8,27.4,0.163731803,0.705069124,-0.140385144,0.675496689
1283,3212515,1392500,0.985,0.04,-0.034,0,0.2,-0.1,-36.2,6.8,27.4,0.163762322,0.705069124,-0.140385144,0.675496689
1284,3214727,1392500,0.985,0.04,-0.026,0,0.2,0,-36.9,6.3,27.6,0.163762322,0.705069124,-0.140385144,0.675496689
1285,3217250,1392510,0.988,0.036,-0.03,0,0.1,0,-36.9,6.3,27.6,0.163762322,0.705069124,-0.140385144,0.675527207
1286,3219585,1392510,0.988,0.036,-0.034,0,0,0,-36.9,6.3,27.6,0.163762322,0.705069124,-0.140385144,0.675527207
1287,3223008,1392510,0.985,0.04,-0.034,0,0,-0.1,-36.9,6.3,27.6,0.163762322,0.705069124,-0.140385144,0.675496689
1288,3224549,1392510,0.985,0.04,-0.038,0.1,-0.1,-0.1,-34.6,4.8,27.2,0.163762322,0.705069124,-0.140385144,0.675496689
1289,3227071,1392520,0.988,0.04,-0.03,0.1,-0.3,0,-34.6,4.8,27.2,0.163762322,0.705069124,-0.140385144,0.675496689
1290,3230454,1392520,0.988,0.036,-0.03,0.1,-0.2,0,-34.6,4.8,27.2,0.163731803,0.705069124,-0.140385144,0.675496689
1291,3232579,1392520,0.985,0.04,-0.03,0.1,-0.1,0,-34.6,4.8,27.2,0.163731803,0.705069124,-0.140385144,0.675496689
1292,3234827,1392520,0.985,0.04,-0.03,0,-0.1,0,-37.2,7.1,27.2,0.163731803,0.705069124,-0.140385144,0.675496689
1293,3237085,1392530,0.985,0.04,-0.026,0,0,0,-37.2,7.1,27.2,0.163731803,0.705069124,-0.140385144,0.675496689
1294,3239761,1392530,0.985,0.036,-0.03,0,0,-0.1,-37.2,7.1,27.2,0.163731803,0.705069124,-0.140385144,0.675496689
1295,3243787,1392530,0.985,0.04,-0.042,0,0,0,-37.2,7.1,27.2,0.163731803,0.705069124,-0.140385144,0.675496689
1296,3246195,1392530,0.985,0.044,-0.03,-0.1,0,-0.1,-37.1,7.1,27.3,0.163731803,0.705069124,-0.140385144,0.675496689
1297,3248087,1392540,0.988,0.04,-0.03,-0.1,0,-0.1,-37.1,7.1,27.3,0.163731803,0.705069124,-0.140385144,0.675496689
1298,3249869,1392540,0.985,0.04,-0.03,0,-0.1,-0.2,-37.1,7.1,27.3,0.163762322,0.705069124,-0.140385144,0.675496689
1299,3252092,1392540,0.985,0.04,-0.038,0,-0.2,-0.1,-37.1,7.1,27.3,0.163762322,0.705069124,-0.140385144,0.675496689
1300,3255261,1392540,0.985,0.04,-0.038,0,-0.1,-0.1,-37.1,7.1,27.1,0.163762322,0.705099643,-0.140385144,0.675496689
1301,3257106,1392550,0.985,0.04,-0.034,0,-0.1,0,-37.1,7.1,27.1,0.163762322,0.705099643,-0.140385144,0.675496689
1302,3259606,1392550,0.985,0.04,-0.03,0,-0.1,0,-37.1,7.1,27.1,0.163762322,0.705099643,-0.140385144,0.675496689
1303,3263546,1392550,0.985,0.04,-0.026,0,-0.1,0,-37.1,7.1,27.1,0.163762322,0.705099643,-0.140385144,0.67546617
1304,3265757,1392550,0.988,0.044,-0.038,0,-0.1,0.1,-36.3,7,27.2,0.163762322,0.705099643,-0.140385144,0.67546617
1305,3267964,1392560,0.985,0.04,-0.038,0,0,0,-36.3,7,27.2,0.163762322,0.705099643,-0.140385144,0.67546617
1306,3269556,1392560,0.985,0.04,-0.034,0,0.1,0,-36.3,7,27.2,0.163762322,0.705099643,-0.140385144,0.675496689
1307,3272179,1392560,0.988,0.044,-0.034,0,0.1,-0.1,-36.3,7,27.2,0.163762322,0.705099643,-0.140385144,0.675496689
1308,3275560,1392560,0.988,0.04,-0.03,0.1,0.2,-0.1,-35.2,5.9,27.2,0.163762322,0.705099643,-0.140385144,0.675496689
1309,3277064,1392570,0.985,0.04,-0.026,0,0.2,-0.2,-35.2,5.9,27.2,0.163762322,0.705069124,-0.140354625,0.675496689
1310,3279797,1392570,0.985,0.044,-0.026,0,0.1,-0.2,-35.2,5.9,27.2,0.163762322,0.705069124,-0.140354625,0.675496689
1311,3282838,1392570,0.985,0.04,-0.026,0,0,-0.2,-35.2,5.9,27.2,0.163762322,0.705069124,-0.140354625,0.675496689
1312,3284781,1392570,0.988,0.04,-0.03,0,0,0,-35.6,6.3,27,0.163762322,0.705069124,-0.140354625,0.675496689
1313,3288131,1392580,0.985,0.044,-0.034,0.1,0,0,-35.6,6.3,27,0.163762322,0.705099643,-0.140354625,0.675496689
1314,3289648,1392580,0.988,0.04,-0.034,0.1,0,0.1,-35.6,6.3,27,0.163762322,0.705099643,-0.140354625,0.675496689
1315,3292268,1392580,0.988,0.036,-0.034,0.1,0,0.1,-35.6,6.3,27,0.163762322,0.705099643,-0.140354625,0.675496689
1316,3295630,1392580,0.985,0.036,-0.03,0,0,0,-35.2,6.5,27.2,0.163731803,0.705099643,-0.140354625,0.675496689
1317,3297124,1392590,0.985,0.036,-0.03,0,0,0,-35.2,6.5,27.2,0.163731803,0.705099643,-0.140354625,0.675496689
1318,3299668,1392590,0.981,0.036,-0.026,0,0,0,-35.2,6.5,27.2,0.163731803,0.705099643,-0.140354625,0.675496689
1319,3301965,1392590,0.988,0.044,-0.03,0,0,-0.1,-35.2,6.5,27.2,0.163731803,0.705099643,-0.140354625,0.675496689
1320,3305668,1392590,0.988,0.044,-0.038,0,-0.1,-0.1,-35.4,6.2,27.2,0.163731803,0.705099643,-0.140354625,0.675496689
1321,3307099,1392600,0.985,0.04,-0.034,0.1,0,0,-35.4,6.2,27.2,0.163731803,0.705099643,-0.140354625,0.675496689
1322,3310665,1392600,0.985,0.04,-0.034,0.1,0.1,0,-35.4,6.2,27.2,0.163731803,0.705099643,-0.140354625,0.675496689
1323,3312217,1392600,0.981,0.04,-0.03,0.1,0.3,0,-35.4,6.2,27.2,0.163731803,0.705099643,-0.140354625,0.675496689
1324,3315329,1392600,0.985,0.044,-0.034,0,0.3,0,-35.3,6.2,26.9,0.163731803,0.705069124,-0.140354625,0.675496689
1325,3317063,1392610,0.985,0.036,-0.034,0,0.2,0,-35.3,6.2,26.9,0.163731803,0.705069124,-0.140354625,0.675496689
1326,3320493,1392610,0.985,0.04,-0.038,0,0.1,0,-35.3,6.2,26.9,0.163762322,0.705069124,-0.140354625,0.675496689
1327,3322341,1392610,0.985,0.036,-0.034,0,0,0,-35.3,6.2,26.9,0.163762322,0.705069124,-0.140354625,0.675496689
1328,3324647,1392610,0.985,0.04,-0.034,0,0,0,-36.1,6.2,27.2,0.163762322,0.705069124,-0.140354625,0.675496689
1329,3327762,1392620,0.988,0.04,-0.038,0,0,0,-36.1,6.2,27.2,0.163731803,0.705069124,-0.140354625,0.675496689
1330,3329629,1392620,0.988,0.044,-0.03,0.1,0,-0.1,-36.1,6.2,27.2,0.163731803,0.705069124,-0.140354625,0.675496689
1331,3333054,1392620,0.988,0.036,-0.03,0.1,0,-0.1,-36.1,6.2,27.2,0.163731803,0.705069124,-0.140324107,0.675496689
1332,3334842,1392620,0.985,0.036,-0.026,0.1,0,-0.1,-35.5,6.2,27.4,0.163731803,0.705069124,-0.140324107,0.675496689
1333,3337114,1392630,0.988,0.044,-0.03,0,0,0,-35.5,6.2,27.4,0.163731803,0.705069124,-0.140324107,0.675496689
1334,3340329,1392630,0.988,0.04,-0.038,0,-0.1,-0.1,-35.5,6.2,27.4,0.163731803,0.705069124,-0.140324107,0.675496689
1335,3342661,1392630,0.988,0.04,-0.034,0,-0.1,-0.1,-35.5,6.2,27.4,0.163762322,0.705099643,-0.140324107,0.675496689
1336,3344779,1392630,0.981,0.04,-0.03,0,0,-0.1,-35.2,6.5,27.4,0.163762322,0.705069124,-0.140324107,0.675496689
1337,3347162,1392640,0.981,0.04,-0.03,0,0,-0.1,-35.2,6.5,27.4,0.163762322,0.705069124,-0.140324107,0.675496689
1338,3349774,1392640,0.985,0.04,-0.03,0,0,-0.1,-35.2,6.5,27.4,0.163762322,0.705069124,-0.140324107,0.675496689
1339,3351989,1392640,0.981,0.044,-0.026,0,0,-0.1,-35.2,6.5,27.4,0.163762322,0.705069124,-0.140324107,0.675496689
1340,3354902,1392640,0.985,0.04,-0.03,0,0,0,-35.2,6.5,27.4,0.163762322,0.705069124,-0.140324107,0.675496689
1341,3357271,1392650,0.988,0.04,-0.03,0,0,0,-35.2,6.5,27.4,0.163762322,0.705069124,-0.140324107,0.675496689
1342,3359810,1392650,0.988,0.04,-0.03,0,0,0,-35.2,6.5,27.4,0.163762322,0.705069124,-0.140324107,0.675496689
1343,3363164,1392650,0.988,0.04,-0.038,0.1,0,0,-35.2,6.5,27.4,0.163762322,0.705099643,-0.140324107,0.675496689
1344,3364744,1392650,0.988,0.04,-0.03,0.1,0,0,-34.9,6.6,27.5,0.163762322,0.705099643,-0.140324107,0.675496689
1345,3367376,1392660,0.988,0.04,-0.03,0,0,0,-34.9,6.6,27.5,0.163762322,0.705099643,-0.140324107,0.675496689
1346,3369542,1392660,0.985,0.04,-0.034,0,0,0,-34.9,6.6,27.5,0.163762322,0.705099643,-0.140324107,0.675496689
1347,3372921,1392660,0.985,0.04,-0.03,-0.1,0,0,-34.9,6.6,27.5,0.163762322,0.705099643,-0.140324107,0.675496689
1348,3375077,1392660,0.985,0.04,-0.034,-0.1,0,0,-36.9,5.9,27.1,0.163762322,0.705069124,-0.140324107,0.675496689
1349,3377313,1392670,0.985,0.04,-0.03,-0.1,0.1,0,-36.9,5.9,27.1,0.163762322,0.705069124,-0.140324107,0.675496689
1350,3379637,1392670,0.985,0.036,-0.03,-0.1,0.2,0,-36.9,5.9,27.1,0.163762322,0.705069124,-0.140324107,0.675496689
1351,3382887,1392670,0.981,0.04,-0.026,0,0.2,0,-36.9,5.9,27.1,0.163762322,0.705069124,-0.140324107,0.675496689
1352,3384582,1392670,0.981,0.04,-0.03,0,0.1,0,-34.5,6.1,27.1,0.163762322,0.705069124,-0.140324107,0.675496689
1353,3388688,1392680,0.985,0.04,-0.03,0.1,0,0,-34.5,6.1,27.1,0.163762322,0.705069124,-0.140324107,0.675496689
1354,3390871,1392680,0.985,0.04,-0.034,0.1,0,0.1,-34.5,6.1,27.1,0.163762322,0.705069124,-0.140324107,0.675496689
1355,3393039,1392680,0.988,0.04,-0.03,0.1,0.1,0.1,-34.5,6.1,27.1,0.163762322,0.705069124,-0.140324107,0.675496689
1356,3394631,1392680,0.985,0.044,-0.03,0,0.1,0,-34.5,6,26.7,0.163762322,0.705069124,-0.140324107,0.675527207
1357,3397327,1392690,0.988,0.044,-0.034,0,0.1,0,-34.5,6,26.7,0.163762322,0.705069124,-0.140324107,0.675527207
1358,3399613,1392690,0.988,0.04,-0.034,0,0,0,-34.5,6,26.7,0.163762322,0.705069124,-0.140324107,0.675527207
1359,3402126,1392690,0.988,0.04,-0.026,0,0,0,-34.5,6,26.7,0.163762322,0.705069124,-0.140324107,0.675527207
1360,3404997,1392690,0.981,0.036,-0.034,0,-0.1,0,-34.5,6.4,27.5,0.163762322,0.705069124,-0.140324107,0.675527207
1361,3407402,1392700,0.988,0.04,-0.034,0,0,0,-34.5,6.4,27.5,0.163762322,0.705069124,-0.140324107,0.675527207
1362,3409700,1392700,0.985,0.044,-0.03,0,0,0,-34.5,6.4,27.5,0.163762322,0.705069124,-0.140324107,0.675527207
1363,3412023,1392700,0.985,0.04,-0.03,0,0,0,-34.5,6.4,27.5,0.163762322,0.705069124,-0.140324107,0.675527207
1364,3416287,1392700,0.985,0.036,-0.03,0,0,0.1,-34.3,6.1,27.2,0.163762322,0.705069124,-0.140324107,0.675527207
1365,3417138,1392710,0.988,0.036,-0.038,-0.1,0,0,-34.3,6.1,27.2,0.163762322,0.705069124,-0.140324107,0.675527207
1366,3419627,1392710,0.985,0.04,-0.034,-0.1,0,0,-34.3,6.1,27.2,0.163762322,0.705069124,-0.140354625,0.675527207
1367,3422245,1392710,0.985,0.044,-0.034,-0.1,0,0,-34.3,6.1,27.2,0.163762322,0.705069124,-0.140354625,0.675527207
1368,3424873,1392710,0.988,0.036,-0.026,0,-0.1,0,-35.5,6,27.3,0.163762322,0.705069124,-0.140354625,0.675527207
1369,3427203,1392720,0.988,0.04,-0.03,0,0,0,-35.5,6,27.3,0.163762322,0.705069124,-0.140354625,0.675527207
1370,3431076,1392720,0.992,0.044,-0.026,0.1,0,0,-35.5,6,27.3,0.163762322,0.705069124,-0.140354625,0.675527207
1371,3433369,1392720,0.985,0.04,-0.03,0.1,0.1,0,-35.5,6,27.3,0.163762322,0.705069124,-0.140354625,0.675527207
1372,3435517,1392720,0.985,0.04,-0.03,0.1,0.1,0,-35.4,6.3,27.3,0.163762322,0.705069124,-0.140324107,0.675527207
1373,3437835,1392730,0.985,0.044,-0.026,0,0,0,-35.4,6.3,27.3,0.163762322,0.705069124,-0.140324107,0.675527207
1374,3440080,1392730,0.985,0.036,-0.03,0,0,0,-35.4,6.3,27.3,0.163762322,0.705069124,-0.140324107,0.675527207
1375,3442248,1392730,0.985,0.04,-0.03,0,0,0,-35.4,6.3,27.3,0.163762322,0.705069124,-0.140354625,0.675527207
1376,3444542,1392730,0.985,0.04,-0.038,0,0.2,0,-35.5,6.2,27,0.163762322,0.705008087,-0.140324107,0.675557726
1377,3447165,1392740,0.988,0.044,-0.03,0,0.2,0,-35.5,6.2,27,0.163762322,0.705008087,-0.140324107,0.675557726
1378,3450506,1392740,0.988,0.036,-0.03,0,0.2,0,-35.5,6.2,27,0.163762322,0.705008087,-0.140324107,0.675557726
1379,3452670,1392740,0.988,0.04,-0.034,0,0.1,-0.1,-35.5,6.2,27,0.16379284,0.705008087,-0.140324107,0.675557726
1380,3455045,1392740,0.988,0.04,-0.034,-0.1,0,-0.1,-35.5,6,27.5,0.16379284,0.705008087,-0.140324107,0.675557726
1381,3457207,1392750,0.988,0.04,-0.034,0,0,0,-35.5,6,27.5,0.16379284,0.705008087,-0.140324107,0.675557726
1382,3459748,1392750,0.988,0.036,-0.034,0,0,0,-35.5,6,27.5,0.16379284,0.705008087,-0.140324107,0.675588244
1383,3462105,1392750,0.988,0.04,-0.03,0.1,0,0,-35.5,6,27.5,0.16379284,0.705008087,-0.140324107,0.675588244
1384,3464473,1392750,0.988,0.036,-0.026,0.1,0,0,-35.5,6.6,27.5,0.16379284,0.705008087,-0.140324107,0.675588244
1385,3467821,1392760,0.988,0.036,-0.03,0.1,0,0,-35.5,6.6,27.5,0.163762322,0.705008087,-0.140324107,0.675588244
1386,3469564,1392760,0.988,0.04,-0.034,0.1,0,0,-35.5,6.6,27.5,0.163762322,0.705008087,-0.140324107,0.675588244
1387,3473135,1392760,0.985,0.04,-0.026,0,0.1,0,-35.5,6.6,27.5,0.163762322,0.705008087,-0.140324107,0.675588244
1388,3474727,1392760,0.988,0.044,-0.034,0,0.2,0,-35.4,6.1,26.2,0.163762322,0.705008087,-0.140324107,0.675588244
1389,3477150,1392770,0.985,0.04,-0.03,-0.1,0.2,0,-35.4,6.1,26.2,0.163762322,0.705008087,-0.140324107,0.675588244
1390,3479592,1392770,0.981,0.036,-0.034,-0.1,0.2,0,-35.4,6.1,26.2,0.16379284,0.704977569,-0.140324107,0.675588244
1391,3482998,1392770,0.985,0.036,-0.034,0,0,0,-35.4,6.1,26.2,0.16379284,0.704977569,-0.140324107,0.675588244
1392,3485194,1392770,0.988,0.036,-0.03,0.1,-0.1,0,-36,6.2,28,0.16379284,0.704977569,-0.140324107,0.675588244
1393,3487496,1392780,0.985,0.044,-0.034,0.1,-0.3,-0.1,-36,6.2,28,0.16379284,0.705008087,-0.140324107,0.675588244
1394,3489674,1392780,0.988,0.044,-0.034,0,-0.3,0,-36,6.2,28,0.163762322,0.705008087,-0.140324107,0.675588244
1395,3492137,1392780,0.985,0.044,-0.03,0,-0.2,-0.1,-36,6.2,28,0.163762322,0.705008087,-0.140324107,0.675588244
1396,3494448,1392780,0.988,0.04,-0.03,0.1,-0.1,-0.1,-35.6,6.3,28.2,0.16379284,0.705008087,-0.140293588,0.675557726
1397,3497921,1392790,0.988,0.04,-0.03,0.1,-0.1,-0.1,-35.6,6.3,28.2,0.16379284,0.705008087,-0.140293588,0.675557726
1398,3499676,1392790,0.988,0.04,-0.03,0,-0.1,-0.1,-35.6,6.3,28.2,0.16379284,0.705008087,-0.140293588,0.675557726
1399,3501987,1392790,0.988,0.044,-0.034,0,0,-0.1,-35.6,6.3,28.2,0.16379284,0.705008087,-0.140293588,0.675557726
1400,3505439,1392790,0.988,0.036,-0.026,0,0,0,-35.4,5.8,28.7,0.16379284,0.705008087,-0.140293588,0.675557726
1401,3507044,1392800,0.985,0.04,-0.03,0,0.1,0,-35.4,5.8,28.7,0.16379284,0.705008087,-0.140293588,0.675557726
1402,3509483,1392800,0.981,0.04,-0.034,0,0.1,0,-35.4,5.8,28.7,0.16379284,0.705008087,-0.140293588,0.675557726
1403,3512976,1392800,0.985,0.044,-0.03,0,0.1,0,-35.4,5.8,28.7,0.16379284,0.705008087,-0.140293588,0.675557726
1404,3514488,1392800,0.985,0.04,-0.038,0,0,0,-35.9,6,28.7,0.16379284,0.705008087,-0.140293588,0.675557726
1405,3516978,1392810,0.988,0.04,-0.026,0,0,0,-35.9,6,28.7,0.16379284,0.705008087,-0.140293588,0.675557726
1406,3520836,1392810,0.985,0.04,-0.03,0,0,0,-35.9,6,28.7,0.16379284,0.705008087,-0.140293588,0.675557726
1407,3523103,1392810,0.985,0.036,-0.034,0,0,0,-35.9,6,28.7,0.16379284,0.705008087,-0.140293588,0.675557726
1408,3524599,1392810,0.985,0.044,-0.03,-0.1,0,0,-35.6,6.1,25.7,0.16379284,0.705008087,-0.140293588,0.675557726
1409,3527471,1392820,0.988,0.044,-0.03,-0.1,-0.1,0.1,-35.6,6.1,25.7,0.16379284,0.705008087,-0.140293588,0.675557726
1410,3530511,1392820,0.981,0.04,-0.034,0,-0.1,0.1,-35.6,6.1,25.7,0.16379284,0.705008087,-0.140293588,0.675557726
1411,3532321,1392820,0.985,0.044,-0.03,0,-0.1,0,-35.6,6.1,25.7,0.16379284,0.705008087,-0.140293588,0.675557726
1412,3534471,1392820,0.988,0.04,-0.03,0,0,0,-35.7,5.6,26.6,0.16379284,0.705008087,-0.140293588,0.675557726
1413,3537346,1392830,0.988,0.04,-0.026,0,0.1,0,-35.7,5.6,26.6,0.16379284,0.705008087,-0.140293588,0.675557726
1414,3539681,1392830,0.981,0.044,-0.03,0,0.1,0,-35.7,5.6,26.6,0.16379284,0.705008087,-0.140293588,0.675557726
1415,3542488,1392830,0.985,0.036,-0.034,0,0.2,0,-35.7,5.6,26.6,0.16379284,0.705008087,-0.140293588,0.675557726
1416,3545238,1392830,0.985,0.044,-0.038,0,0,0,-36,5.6,26.6,0.163823359,0.704977569,-0.140293588,0.675588244
1417,3548179,1392840,0.985,0.044,-0.038,0,0,0,-36,5.6,26.6,0.163823359,0.704977569,-0.140293588,0.675588244
1418,3549622,1392840,0.985,0.04,-0.026,0,0,0,-36,5.6,26.6,0.16379284,0.704977569,-0.140293588,0.675588244
1419,3552361,1392840,0.988,0.04,-0.03,0,-0.1,0,-36,5.6,26.6,0.16379284,0.704977569,-0.140293588,0.675588244
1420,3555219,1392840,0.988,0.044,-0.026,0,-0.1,-0.1,-35.5,5.9,25.7,0.16379284,0.704977569,-0.140293588,0.675588244
1421,3557940,1392850,0.985,0.04,-0.026,0,-0.1,-0.2,-35.5,5.9,25.7,0.163823359,0.705008087,-0.140293588,0.675588244
1422,3560156,1392850,0.985,0.04,-0.026,0,0,-0.2,-35.5,5.9,25.7,0.163823359,0.705008087,-0.140293588,0.675588244
1423,3562401,1392850,0.988,0.036,-0.03,0,0,-0.2,-35.5,5.9,25.7,0.163823359,0.705008087,-0.140293588,0.675588244
1424,3565478,1392850,0.988,0.04,-0.026,0,0,0,-35.9,5.8,26,0.163823359,0.705008087,-0.140293588,0.675588244
1425,3567577,1392860,0.988,0.04,-0.034,0,0,0,-35.9,5.8,26,0.163823359,0.705008087,-0.140293588,0.675588244
1426,3569624,1392860,0.985,0.04,-0.03,0,0,0,-35.9,5.8,26,0.163823359,0.705008087,-0.140293588,0.675588244
1427,3573567,1392860,0.985,0.04,-0.038,0,0,0,-35.9,5.8,26,0.163823359,0.704977569,-0.140293588,0.675588244
1428,3575134,1392860,0.985,0.04,-0.03,0,0,0.1,-35.7,6,27.2,0.163823359,0.704977569,-0.140293588,0.675588244
1429,3578085,1392870,0.981,0.04,-0.034,0,0,0,-35.7,6,27.2,0.163823359,0.704977569,-0.140293588,0.675588244
1430,3579633,1392870,0.985,0.04,-0.034,0,0,0,-35.7,6,27.2,0.163823359,0.704977569,-0.140293588,0.675588244
1431,3582255,1392870,0.985,0.044,-0.03,0,-0.1,0,-35.7,6,27.2,0.163823359,0.704977569,-0.140293588,0.675588244
1432,3584533,1392870,0.985,0.04,-0.03,0,-0.2,-0.1,-35.3,6.2,26.9,0.163823359,0.705008087,-0.140293588,0.675588244
1433,3587886,1392880,0.988,0.04,-0.034,0,-0.3,0,-35.3,6.2,26.9,0.163823359,0.705008087,-0.140293588,0.675588244
1434,3589655,1392880,0.988,0.04,-0.038,0,-0.3,-0.1,-35.3,6.2,26.9,0.163823359,0.705008087,-0.140293588,0.675557726
1435,3592039,1392880,0.985,0.04,-0.03,0,-0.3,-0.1,-35.3,6.2,26.9,0.163823359,0.705008087,-0.140293588,0.675557726
1436,3596167,1392880,0.985,0.04,-0.03,0,-0.3,0,-35.6,5.7,27.4,0.163823359,0.705008087,-0.140293588,0.675557726
1437,3598379,1392890,0.985,0.036,-0.042,0,-0.3,0,-35.6,5.7,27.4,0.163823359,0.705038606,-0.140293588,0.675557726
1438,3600575,1392890,0.981,0.04,-0.038,0,-0.2,0,-35.6,5.7,27.4,0.163823359,0.705038606,-0.140293588,0.675557726
1439,3602108,1392890,0.985,0.044,-0.03,0,-0.1,0,-35.6,5.7,27.4,0.163823359,0.705038606,-0.140293588,0.675557726
1440,3604816,1392890,0.981,0.044,-0.026,0,0,0,-35.4,5.5,27.2,0.163823359,0.705038606,-0.140293588,0.675557726
1441,3607031,1392900,0.988,0.04,-0.026,0,0.1,0,-35.4,5.5,27.2,0.163823359,0.705038606,-0.140293588,0.675557726
1442,3610407,1392900,0.988,0.04,-0.026,0,0.1,0,-35.4,5.5,27.2,0.163823359,0.705038606,-0.140293588,0.675557726
1443,3612656,1392900,0.988,0.04,-0.03,0,0.1,0,-35.4,5.5,27.2,0.163823359,0.705038606,-0.140293588,0.675557726
1444,3614829,1392900,0.985,0.04,-0.03,0.1,0,0,-35.4,5.1,27.2,0.16379284,0.705038606,-0.140293588,0.675557726
1445,3617090,1392910,0.985,0.036,-0.034,0,0,0.1,-35.4,5.1,27.2,0.16379284,0.705038606,-0.140293588,0.675557726
1446,3619697,1392910,0.981,0.04,-0.038,0,0,0,-35.4,5.1,27.2,0.16379284,0.705038606,-0.140293588,0.675557726
1447,3622025,1392910,0.981,0.036,-0.03,0,0,0,-35.4,5.1,27.2,0.16379284,0.705038606,-0.140293588,0.675557726
1448,3626155,1392910,0.985,0.04,-0.03,0,0.1,0,-35.6,7.3,28.3,0.16379284,0.705038606,-0.140293588,0.675557726
1449,3628371,1392920,0.985,0.044,-0.034,0,0.1,0.1,-35.6,7.3,28.3,0.16379284,0.705038606,-0.140293588,0.675557726
1450,3630669,1392920,0.985,0.044,-0.03,0,0,0.1,-35.6,7.3,28.3,0.16379284,0.705008087,-0.140293588,0.675557726
1451,3632142,1392920,0.988,0.036,-0.03,-0.1,0,0,-35.6,7.3,28.3,0.16379284,0.705038606,-0.140324107,0.675557726
1452,3634741,1392920,0.985,0.04,-0.034,-0.1,0,0,-35.8,4.7,26,0.16379284,0.705008087,-0.140324107,0.675557726
1453,3636989,1392930,0.988,0.04,-0.03,-0.1,0,0,-35.8,4.7,26,0.16379284,0.705008087,-0.140324107,0.675557726
1454,3640413,1392930,0.985,0.04,-0.034,0,0,0,-35.8,4.7,26,0.16379284,0.705008087,-0.140324107,0.675557726
1455,3642155,1392930,0.988,0.036,-0.03,0,0,0,-35.8,4.7,26,0.16379284,0.705038606,-0.140324107,0.675557726
1456,3644458,1392930,0.985,0.036,-0.03,0,-0.1,0,-35.7,4.5,25.8,0.16379284,0.705008087,-0.140324107,0.675557726
1457,3647902,1392940,0.985,0.036,-0.03,0,-0.1,0,-35.7,4.5,25.8,0.16379284,0.705008087,-0.140324107,0.675557726
1458,3649564,1392940,0.985,0.04,-0.034,-0.1,-0.1,0,-35.7,4.5,25.8,0.16379284,0.705038606,-0.140324107,0.675557726
1459,3652201,1392940,0.988,0.044,-0.03,-0.1,-0.1,0,-35.7,4.5,25.8,0.16379284,0.705038606,-0.140324107,0.675557726
1460,3655292,1392940,0.988,0.044,-0.03,-0.1,-0.1,0,-35.8,4.5,25.7,0.16379284,0.705038606,-0.140324107,0.675557726
1461,3656987,1392950,0.985,0.036,-0.034,0,-0.1,-0.1,-35.8,4.5,25.7,0.16379284,0.705038606,-0.140324107,0.675557726
1462,3660519,1392950,0.988,0.04,-0.034,0,-0.1,-0.1,-35.8,4.5,25.7,0.16379284,0.705038606,-0.140324107,0.675527207
1463,3662000,1392950,0.985,0.04,-0.034,0,-0.1,0,-35.8,4.5,25.7,0.16379284,0.705038606,-0.140324107,0.675527207
1464,3665004,1392950,0.985,0.04,-0.026,0,0,0,-35.8,4.3,26,0.16379284,0.705038606,-0.140354625,0.675527207
1465,3668876,1392960,0.985,0.036,-0.03,0,0,0,-35.8,4.3,26,0.16379284,0.705038606,-0.140354625,0.675527207
1466,3671049,1392960,0.988,0.036,-0.034,0,0,0,-35.8,4.3,26,0.16379284,0.705038606,-0.140354625,0.675527207
1467,3673260,1392960,0.985,0.04,-0.03,0,0,0,-35.8,4.3,26,0.16379284,0.705038606,-0.140354625,0.675527207
1468,3675502,1392960,0.985,0.04,-0.03,0,0,0,-35.6,7.5,27.4,0.16379284,0.705038606,-0.140354625,0.675527207
1469,3677052,1392970,0.985,0.04,-0.03,0,0,0,-35.6,7.5,27.4,0.16379284,0.705038606,-0.140354625,0.675557726
1470,3679691,1392970,0.981,0.044,-0.03,0,0,0,-35.6,7.5,27.4,0.16379284,0.705038606,-0.140354625,0.675557726
1471,3683023,1392970,0.981,0.04,-0.03,0,0,0,-35.6,7.5,27.4,0.16379284,0.705038606,-0.140354625,0.675557726
1472,3684673,1392970,0.988,0.04,-0.034,0,0,0,-35.4,5.7,26.8,0.16379284,0.705038606,-0.140354625,0.675557726
1473,3687580,1392980,0.985,0.04,-0.034,0,0,0,-35.4,5.7,26.8,0.16379284,0.705038606,-0.140354625,0.675557726
1474,3689832,1392980,0.981,0.04,-0.038,0,0,0,-35.4,5.7,26.8,0.16379284,0.705038606,-0.140354625,0.675527207
1475,3692025,1392980,0.985,0.04,-0.03,0.1,0,0,-35.4,5.7,26.8,0.16379284,0.705038606,-0.140354625,0.675557726
1476,3695063,1392980,0.981,0.04,-0.034,0,0.1,0,-35.5,6.7,27.1,0.16379284,0.705038606,-0.140354625,0.675527207
1477,3698123,1392990,0.981,0.036,-0.038,0,0.1,0,-35.5,6.7,27.1,0.16379284,0.705038606,-0.140354625,0.675527207
1478,3699519,1392990,0.988,0.04,-0.026,0,0,0,-35.5,6.7,27.1,0.16379284,0.705038606,-0.140354625,0.675527207
1479,3702520,1392990,0.985,0.04,-0.034,0,0,-0.1,-35.5,6.7,27.1,0.16379284,0.705038606,-0.140354625,0.675527207
1480,3705553,1392990,0.985,0.04,-0.022,-0.1,-0.1,-0.1,-35.7,7.4,27.2,0.16379284,0.705038606,-0.140354625,0.675527207
1481,3706971,1393000,0.988,0.04,-0.034,-0.1,-0.1,0,-35.7,7.4,27.2,0.16379284,0.705038606,-0.140354625,0.675527207
1482,3710055,1393000,0.988,0.04,-0.042,0,-0.1,0,-35.7,7.4,27.2,0.16379284,0.705038606,-0.140354625,0.675527207
1483,3711968,1393000,0.985,0.04,-0.03,0,-0.1,0,-35.7,7.4,27.2,0.16379284,0.705038606,-0.140354625,0.675527207
1484,3715289,1393000,0.985,0.036,-0.03,0,0,0,-35.6,7.6,26.6,0.16379284,0.705038606,-0.140354625,0.675527207
1485,3717068,1393010,0.985,0.044,-0.03,0,0,0,-35.6,7.6,26.6,0.16379284,0.705038606,-0.140354625,0.675527207
1486,3719484,1393010,0.985,0.04,-0.034,0,0,0,-35.6,7.6,26.6,0.16379284,0.705038606,-0.140354625,0.675527207
1487,3723089,1393010,0.988,0.036,-0.03,0,0,0,-35.6,7.6,26.6,0.16379284,0.705038606,-0.140354625,0.675527207
1488,3724712,1393010,0.988,0.04,-0.03,0,-0.1,0,-35.4,5.9,27.2,0.16379284,0.705069124,-0.140354625,0.675527207
1489,3726965,1393020,0.988,0.044,-0.03,0,-0.2,0,-35.4,5.9,27.2,0.16379284,0.705069124,-0.140354625,0.675496689
1490,3729529,1393020,0.985,0.04,-0.034,0,-0.2,0,-35.4,5.9,27.2,0.16379284,0.705069124,-0.140354625,0.675496689
1491,3731992,1393020,0.988,0.04,-0.026,0,-0.1,0,-35.4,5.9,27.2,0.16379284,0.705069124,-0.140354625,0.675496689
1492,3736084,1393020,0.985,0.048,-0.03,0,-0.1,0.1,-35.3,6.5,27,0.16379284,0.705069124,-0.140354625,0.675496689
1493,3738350,1393030,0.988,0.04,-0.034,0,-0.1,0.1,-35.3,6.5,27,0.163762322,0.705069124,-0.140354625,0.675496689
1494,3740555,1393030,0.985,0.04,-0.038,0,-0.1,0,-35.3,6.5,27,0.163762322,0.705069124,-0.140354625,0.675496689
1495,3742089,1393030,0.985,0.044,-0.034,0,-0.1,0,-35.3,6.5,27,0.163762322,0.705069124,-0.140354625,0.675496689
1496,3744834,1393030,0.988,0.044,-0.03,0,-0.1,0,-35.6,5.8,27.2,0.16379284,0.705099643,-0.140324107,0.67546617
1497,3747198,1393040,0.988,0.04,-0.038,0,0,0,-35.6,5.8,27.2,0.16379284,0.705099643,-0.140324107,0.67546617
1498,3750537,1393040,0.981,0.04,-0.026,0.1,0.1,0,-35.6,5.8,27.2,0.16379284,0.705099643,-0.140324107,0.67546617
1499,3752715,1393040,0.985,0.04,-0.026,0,0.1,0,-35.6,5.8,27.2,0.16379284,0.705099643,-0.140324107,0.67546617
1500,3754531,1393040,0.988,0.04,-0.034,0,0.1,-0.1,-35.8,6.2,27,0.16379284,0.705099643,-0.140324107,0.67546617
1501,3757679,1393050,0.988,0.04,-0.03,0,0,-0.1,-35.8,6.2,27,0.16379284,0.705099643,-0.140324107,0.67546617
1502,3759919,1393050,0.985,0.04,-0.03,0,0,-0.1,-35.8,6.2,27,0.163823359,0.705099643,-0.140324107,0.67546617
1503,3762210,1393050,0.985,0.04,-0.034,0,0,0,-35.8,6.2,27,0.163823359,0.705099643,-0.140324107,0.67546617
1504,3764532,1393050,0.985,0.036,-0.03,0,0,0,-36.1,6.2,27.3,0.163823359,0.705099643,-0.140324107,0.67546617
1505,3767245,1393060,0.988,0.044,-0.03,0,0,0,-36.1,6.2,27.3,0.163823359,0.705099643,-0.140324107,0.67546617
1506,3770393,1393060,0.985,0.04,-0.026,0,0,0,-36.1,6.2,27.3,0.163823359,0.705099643,-0.140324107,0.67546617
1507,3772729,1393060,0.985,0.04,-0.034,0,0.1,0,-36.1,6.2,27.3,0.163823359,0.705099643,-0.140324107,0.67546617
1508,3774942,1393060,0.985,0.04,-0.034,0,0,0.1,-35.3,4.6,27.3,0.163823359,0.705099643,-0.140324107,0.67546617
1509,3777237,1393070,0.985,0.032,-0.034,0.1,0,0.1,-35.3,4.6,27.3,0.16379284,0.705099643,-0.140324107,0.67546617
1510,3779460,1393070,0.985,0.04,-0.026,0.1,0,0.1,-35.3,4.6,27.3,0.16379284,0.705099643,-0.140324107,0.67546617
1511,3782334,1393070,0.985,0.04,-0.03,0.1,0,0.1,-35.3,4.6,27.3,0.16379284,0.705099643,-0.140324107,0.67546617
1512,3785429,1393070,0.985,0.04,-0.034,0.1,-0.1,0,-37,7.6,27.3,0.16379284,0.705099643,-0.140324107,0.67546617
1513,3787135,1393080,0.985,0.04,-0.034,0.1,-0.1,0,-37,7.6,27.3,0.16379284,0.705099643,-0.140324107,0.67546617
1514,3789808,1393080,0.985,0.04,-0.03,0.1,-0.2,0,-37,7.6,27.3,0.16379284,0.705099643,-0.140324107,0.67546617
1515,3792931,1393080,0.988,0.04,-0.03,0,-0.3,0,-37,7.6,27.3,0.16379284,0.705099643,-0.140324107,0.67546617
1516,3794537,1393080,0.988,0.04,-0.03,0,-0.3,-0.1,-37.2,7.6,27.3,0.16379284,0.705099643,-0.140324107,0.67546617
1517,3796923,1393090,0.988,0.04,-0.03,0,-0.2,-0.1,-37.2,7.6,27.3,0.16379284,0.705099643,-0.140324107,0.67546617
1518,3799849,1393090,0.985,0.04,-0.038,0,-0.1,-0.1,-37.2,7.6,27.3,0.16379284,0.705099643,-0.140324107,0.67546617
1519,3802921,1393090,0.988,0.04,-0.03,0,0,0,-37.2,7.6,27.3,0.16379284,0.705099643,-0.140324107,0.67546617
1520,3804931,1393090,0.985,0.036,-0.034,0,0,0,-37.5,7.2,27.2,0.16379284,0.705099643,-0.140324107,0.67546617
1521,3807989,1393100,0.985,0.04,-0.034,0,0,0,-37.5,7.2,27.2,0.16379284,0.705099643,-0.140324107,0.67546617
1522,3809462,1393100,0.985,0.04,-0.03,0,0.1,0,-37.5,7.2,27.2,0.16379284,0.705099643,-0.140324107,0.67546617
1523,3812290,1393100,0.985,0.044,-0.03,0,0.1,0,-37.5,7.2,27.2,0.16379284,0.705099643,-0.140324107,0.67546617
1524,3815620,1393100,0.985,0.048,-0.034,0,0.1,0,-37.6,7.1,26.7,0.16379284,0.705099643,-0.140324107,0.67546617
1525,3817088,1393110,0.985,0.04,-0.03,0,0.1,0.1,-37.6,7.1,26.7,0.16379284,0.705099643,-0.140324107,0.67546617
1526,3820023,1393110,0.985,0.036,-0.03,0,0.1,0,-37.6,7.1,26.7,0.16379284,0.705099643,-0.140324107,0.67546617
1527,3823140,1393110,0.988,0.036,-0.034,0,0.1,0,-37.6,7.1,26.7,0.16379284,0.705099643,-0.140324107,0.67546617
1528,3824596,1393110,0.985,0.044,-0.03,0,0.1,0,-34.4,6,27,0.16379284,0.705099643,-0.140324107,0.67546617
1529,3827748,1393120,0.985,0.04,-0.03,0,0,-0.1,-34.4,6,27,0.16379284,0.705099643,-0.140324107,0.67546617
1530,3829917,1393120,0.985,0.036,-0.034,0,0,-0.2,-34.4,6,27,0.16379284,0.705099643,-0.140324107,0.67546617
1531,3832904,1393120,0.985,0.044,-0.03,0.1,-0.1,-0.2,-34.4,6,27,0.16379284,0.705099643,-0.140324107,0.67546617
1532,3835115,1393120,0.985,0.04,-0.034,0.1,-0.1,-0.1,-36.5,6,27.2,0.16379284,0.705099643,-0.140324107,0.67546617
1533,3837113,1393130,0.985,0.04,-0.034,0.1,0,0,-36.5,6,27.2,0.16379284,0.705099643,-0.140293588,0.67546617
1534,3840396,1393130,0.988,0.04,-0.03,0,0,0,-36.5,6,27.2,0.16379284,0.705099643,-0.140293588,0.67546617
1535,3842155,1393130,0.988,0.04,-0.03,0,0,0,-36.5,6,27.2,0.16379284,0.705099643,-0.140324107,0.67546617
1536,3846449,1393130,0.985,0.036,-0.034,0,0,0,-35.3,6.6,27,0.16379284,0.705099643,-0.140324107,0.67546617
1537,3848635,1393140,0.985,0.04,-0.03,0,0,0,-35.3,6.6,27,0.16379284,0.705099643,-0.140324107,0.67546617
1538,3850898,1393140,0.985,0.036,-0.03,0,0,0,-35.3,6.6,27,0.16379284,0.705099643,-0.140324107,0.67546617
1539,3852749,1393140,0.988,0.04,-0.03,0,0.1,0,-35.3,6.6,27,0.16379284,0.705099643,-0.140293588,0.675496689
1540,3855059,1393140,0.988,0.036,-0.038,0,0.1,0,-35,6.4,27.3,0.16379284,0.705099643,-0.140293588,0.675496689
1541,3857317,1393150,0.981,0.04,-0.03,0,0.2,0,-35,6.4,27.3,0.16379284,0.705099643,-0.140293588,0.675496689
1542,3859605,1393150,0.985,0.04,-0.026,0,0.2,0,-35,6.4,27.3,0.16379284,0.705069124,-0.140293588,0.675496689
1543,3863114,1393150,0.985,0.04,-0.034,0,0.2,0,-35,6.4,27.3,0.16379284,0.705069124,-0.140293588,0.675496689
1544,3865144,1393150,0.985,0.04,-0.03,0,0.1,0,-34.7,6.5,27.4,0.16379284,0.705069124,-0.140324107,0.675496689
1545,3867357,1393160,0.988,0.04,-0.03,0,0,0,-34.7,6.5,27.4,0.16379284,0.705069124,-0.140324107,0.675496689
1546,3869611,1393160,0.981,0.04,-0.042,0,-0.1,0,-34.7,6.5,27.4,0.16379284,0.705069124,-0.140324107,0.675496689
1547,3872226,1393160,0.988,0.036,-0.034,0.1,0,0,-34.7,6.5,27.4,0.16379284,0.705069124,-0.140324107,0.675496689
1548,3874754,1393160,0.988,0.04,-0.03,0.1,0,0,-35.7,6,27,0.16379284,0.705069124,-0.140324107,0.675496689
1549,3877267,1393170,0.988,0.04,-0.03,0.1,0.1,-0.1,-35.7,6,27,0.16379284,0.705069124,-0.140293588,0.675496689
1550,3880966,1393170,0.985,0.04,-0.034,0,0,-0.1,-35.7,6,27,0.16379284,0.705069124,-0.140293588,0.675496689
1551,3883365,1393170,0.988,0.04,-0.03,0,-0.1,0,-35.7,6,27,0.16379284,0.705069124,-0.140293588,0.675496689
1552,3885720,1393170,0.981,0.04,-0.03,-0.1,-0.2,0,-35.2,6.3,27.1,0.16379284,0.705069124,-0.140324107,0.675496689
1553,3887256,1393180,0.985,0.044,-0.034,0,-0.2,0,-35.2,6.3,27.1,0.16379284,0.705099643,-0.140324107,0.675496689
1554,3889789,1393180,0.981,0.04,-0.038,-0.1,-0.1,0,-35.2,6.3,27.1,0.16379284,0.705099643,-0.140324107,0.675496689
1555,3892041,1393180,0.981,0.04,-0.038,0,0,0,-35.2,6.3,27.1,0.16379284,0.705099643,-0.140324107,0.675496689
1556,3894972,1393180,0.985,0.044,-0.034,0,0.1,0,-35.5,6.1,26.8,0.16379284,0.705099643,-0.140324107,0.67546617
1557,3897298,1393190,0.981,0.036,-0.026,0,0.1,0,-35.5,6.1,26.8,0.16379284,0.705099643,-0.140324107,0.67546617
1558,3900175,1393190,0.981,0.044,-0.03,0,0,0,-35.5,6.1,26.8,0.16379284,0.705099643,-0.140324107,0.67546617
1559,3902375,1393190,0.988,0.036,-0.034,0,0,0,-35.5,6.1,26.8,0.16379284,0.705099643,-0.140324107,0.67546617
1560,3904861,1393190,0.988,0.04,-0.034,0,-0.1,0,-35.2,6.2,27.3,0.16379284,0.705099643,-0.140324107,0.67546617
1561,3907463,1393200,0.985,0.04,-0.026,0,0,-0.1,-35.2,6.2,27.3,0.16379284,0.705099643,-0.140324107,0.67546617
1562,3909831,1393200,0.985,0.036,-0.03,0,0,0,-35.2,6.2,27.3,0.16379284,0.705099643,-0.140324107,0.67546617
1563,3912093,1393200,0.992,0.036,-0.03,0,0,0,-35.2,6.2,27.3,0.163823359,0.705099643,-0.140324107,0.67546617
1564,3914689,1393200,0.988,0.04,-0.03,0,-0.1,-0.1,-35.5,6.3,27.2,0.163823359,0.705130161,-0.140324107,0.67546617
1565,3918533,1393210,0.985,0.036,-0.034,0,-0.1,-0.1,-35.5,6.3,27.2,0.163823359,0.705130161,-0.140293588,0.67546617
1566,3920631,1393210,0.988,0.036,-0.03,0,0,0,-35.5,6.3,27.2,0.163823359,0.705130161,-0.140293588,0.675435652
1567,3922291,1393210,0.985,0.036,-0.034,0,0,0,-35.5,6.3,27.2,0.163823359,0.705130161,-0.140293588,0.67546617
1568,3924622,1393210,0.985,0.04,-0.034,-0.1,0.2,0,-37,6.2,27.2,0.163823359,0.705130161,-0.140324107,0.67546617
1569,3927109,1393220,0.988,0.036,-0.034,0,0.2,0,-37,6.2,27.2,0.163823359,0.705099643,-0.140324107,0.67546617
1570,3930405,1393220,0.988,0.04,-0.03,0,0.1,0,-37,6.2,27.2,0.163823359,0.705099643,-0.140324107,0.67546617
1571,3932064,1393220,0.985,0.044,-0.034,0,0,0,-37,6.2,27.2,0.163823359,0.705099643,-0.140324107,0.67546617
1572,3934944,1393220,0.985,0.04,-0.03,0,0,0,-34.2,5.9,27.7,0.163823359,0.705099643,-0.140324107,0.67546617
1573,3937423,1393230,0.985,0.04,-0.038,0,0.1,0,-34.2,5.9,27.7,0.163823359,0.705099643,-0.140324107,0.67546617
1574,3939542,1393230,0.985,0.04,-0.026,0,0.1,0,-34.2,5.9,27.7,0.163823359,0.705099643,-0.140324107,0.67546617
1575,3942223,1393230,0.988,0.04,-0.03,0,0.2,0,-34.2,5.9,27.7,0.163823359,0.705099643,-0.140324107,0.67546617
1576,3944624,1393230,0.985,0.04,-0.03,0,0.2,0,-34.4,5.9,26.9,0.163823359,0.705069124,-0.140293588,0.675496689
1577,3948495,1393240,0.985,0.04,-0.03,0,0.1,0,-34.4,5.9,26.9,0.163823359,0.705069124,-0.140293588,0.675496689
1578,3950084,1393240,0.988,0.04,-0.03,0,0,-0.1,-34.4,5.9,26.9,0.163823359,0.705069124,-0.140293588,0.675496689
1579,3952320,1393240,0.985,0.04,-0.03,0,0,-0.1,-34.4,5.9,26.9,0.163823359,0.705069124,-0.140293588,0.675496689
1580,3955417,1393240,0.985,0.04,-0.026,0,-0.1,0,-34.4,5.7,27,0.163823359,0.705069124,-0.140293588,0.675496689
1581,3957621,1393250,0.985,0.044,-0.03,0,-0.1,-0.1,-34.4,5.7,27,0.163823359,0.705099643,-0.140293588,0.675496689
1582,3959567,1393250,0.985,0.04,-0.03,0,0,0,-34.4,5.7,27,0.163823359,0.705099643,-0.140293588,0.675496689
1583,3963721,1393250,0.981,0.04,-0.034,0,0.1,0,-34.4,5.7,27,0.163823359,0.705099643,-0.140293588,0.675496689
1584,3965897,1393250,0.985,0.04,-0.03,0,0.2,0,-34.2,6.1,27,0.163823359,0.705069124,-0.140293588,0.675496689
1585,3968245,1393260,0.985,0.04,-0.034,0,0.2,0,-34.2,6.1,27,0.163823359,0.705069124,-0.140293588,0.675496689
1586,3970447,1393260,0.985,0.04,-0.03,0,0.2,0,-34.2,6.1,27,0.163823359,0.705069124,-0.140293588,0.675496689
1587,3972176,1393260,0.988,0.036,-0.034,0,0.1,0.1,-34.2,6.1,27,0.163823359,0.705069124,-0.140293588,0.675496689
1588,3974940,1393260,0.988,0.044,-0.03,0,0,0,-35.8,5.7,27,0.163823359,0.705069124,-0.140293588,0.675496689
1589,3978175,1393270,0.985,0.048,-0.034,0,0,0,-35.8,5.7,27,0.163823359,0.705069124,-0.140293588,0.675496689
1590,3980048,1393270,0.985,0.044,-0.03,0.1,0,0,-35.8,5.7,27,0.163823359,0.705069124,-0.140293588,0.675496689
1591,3982009,1393270,0.981,0.04,-0.034,0.1,0,0,-35.8,5.7,27,0.163823359,0.705069124,-0.140293588,0.675496689
1592,3985347,1393270,0.985,0.04,-0.03,0.1,0,0,-35.3,6.1,27.2,0.163823359,0.705069124,-0.140293588,0.675496689
1593,3987345,1393280,0.988,0.044,-0.03,0,0.1,-0.1,-35.3,6.1,27.2,0.163823359,0.705069124,-0.140293588,0.675496689
1594,3989535,1393280,0.988,0.04,-0.03,0,0.1,0,-35.3,6.1,27.2,0.163823359,0.705069124,-0.140293588,0.675496689
1595,3992995,1393280,0.985,0.04,-0.034,0,0,0,-35.3,6.1,27.2,0.163823359,0.705069124,-0.140293588,0.675496689
1596,3995173,1393280,0.985,0.04,-0.03,-0.1,0,0,-35.2,5.7,27.2,0.163823359,0.705038606,-0.140293588,0.675527207
1597,3997388,1393290,0.985,0.04,-0.03,0,-0.1,-0.1,-35.2,5.7,27.2,0.163823359,0.705038606,-0.140293588,0.675527207
1598,3999639,1393290,0.985,0.04,-0.03,0,0,-0.1,-35.2,5.7,27.2,0.163823359,0.705038606,-0.140293588,0.675527207
1599,4002094,1393290,0.985,0.04,-0.034,0,0,0,-35.2,5.7,27.2,0.163823359,0.705069124,-0.140293588,0.675527207
1600,4004812,1393290,0.985,0.044,-0.038,0,0,0,-35.2,6,27,0.163823359,0.705069124,-0.140293588,0.675527207
1601,4007917,1393300,0.988,0.036,-0.034,0,0,0,-35.2,6,27,0.163823359,0.705069124,-0.140293588,0.675527207
1602,4010204,1393300,0.985,0.04,-0.034,0,0,0,-35.2,6,27,0.163823359,0.705069124,-0.140293588,0.675527207
1603,4012161,1393300,0.988,0.04,-0.034,0,-0.1,0,-35.2,6,27,0.163823359,0.705069124,-0.140293588,0.675527207
1604,4015572,1393300,0.985,0.04,-0.03,0,0,0.1,-35,6,27.2,0.163823359,0.705069124,-0.140293588,0.675527207
1605,4017108,1393310,0.985,0.04,-0.03,0,0,0,-35,6,27.2,0.163823359,0.705069124,-0.140293588,0.675527207
1606,4020116,1393310,0.988,0.04,-0.034,0,0.1,0,-35,6,27.2,0.163823359,0.705069124,-0.140293588,0.675527207
1607,4022395,1393310,0.988,0.036,-0.03,0,0.1,0,-35,6,27.2,0.163823359,0.705038606,-0.140293588,0.675527207
1608,4024523,1393310,0.985,0.036,-0.026,0,0.1,0,-35.6,6.2,26.8,0.163823359,0.705038606,-0.140293588,0.675527207
1609,4028255,1393320,0.985,0.044,-0.034,0,0,0,-35.6,6.2,26.8,0.163823359,0.705038606,-0.140293588,0.675527207
1610,4030297,1393320,0.985,0.036,-0.034,0,0,-0.1,-35.6,6.2,26.8,0.163823359,0.705038606,-0.140293588,0.675527207
1611,4032081,1393320,0.985,0.04,-0.03,0,0,-0.1,-35.6,6.2,26.8,0.163853877,0.705038606,-0.140293588,0.675527207
1612,4035607,1393320,0.985,0.04,-0.03,0,0,0,-36,5.7,27.4,0.163853877,0.705038606,-0.140293588,0.675527207
1613,4037130,1393330,0.988,0.044,-0.034,0,0,0,-36,5.7,27.4,0.163853877,0.705038606,-0.140293588,0.675527207
1614,4040381,1393330,0.985,0.04,-0.03,0,0,0,-36,5.7,27.4,0.163853877,0.705038606,-0.140293588,0.675527207
1615,4042488,1393330,0.981,0.04,-0.034,0.1,0,0,-36,5.7,27.4,0.163823359,0.705038606,-0.140293588,0.675527207
1616,4045422,1393330,0.988,0.04,-0.03,0,0,0,-35.7,5.8,28.1,0.163853877,0.705038606,-0.14026307,0.675527207
1617,4047023,1393340,0.985,0.04,-0.026,0,0,0,-35.7,5.8,28.1,0.163853877,0.705038606,-0.14026307,0.675527207
1618,4049505,1393340,0.981,0.044,-0.034,-0.1,0,0,-35.7,5.8,28.1,0.163853877,0.705038606,-0.14026307,0.675527207
1619,4052879,1393340,0.985,0.04,-0.034,-0.1,0,0.1,-35.7,5.8,28.1,0.163853877,0.705038606,-0.14026307,0.675527207
1620,4054507,1393340,0.985,0.04,-0.034,0,0,0.2,-35.5,5.8,28.5,0.163853877,0.705038606,-0.140293588,0.675527207
1621,4057630,1393350,0.985,0.04,-0.034,0,0,0.1,-35.5,5.8,28.5,0.163853877,0.705038606,-0.140293588,0.675527207
1622,4059560,1393350,0.985,0.044,-0.034,0,0,0,-35.5,5.8,28.5,0.163853877,0.705038606,-0.140293588,0.675527207
1623,4063106,1393350,0.985,0.04,-0.034,0,0,0,-35.5,5.8,28.5,0.163853877,0.705038606,-0.140293588,0.675527207
1624,4065418,1393350,0.985,0.04,-0.03,0,-0.1,0,-35.8,6.1,29.3,0.163853877,0.705038606,-0.140293588,0.675527207
1625,4067537,1393360,0.988,0.036,-0.03,0.1,-0.1,0,-35.8,6.1,29.3,0.163823359,0.705038606,-0.140293588,0.675527207
1626,4069851,1393360,0.985,0.036,-0.034,0,0,0.1,-35.8,6.1,29.3,0.163823359,0.705038606,-0.140293588,0.675527207
1627,4072015,1393360,0.985,0.04,-0.034,0,0,0,-35.8,6.1,29.3,0.163823359,0.705038606,-0.140293588,0.675527207
1628,4074541,1393360,0.985,0.04,-0.026,0,0,0,-35.6,6,25.2,0.163823359,0.705038606,-0.140293588,0.675527207
1629,4077016,1393370,0.985,0.04,-0.034,0,0,-0.1,-35.6,6,25.2,0.163823359,0.705038606,-0.140293588,0.675527207
1630,4081013,1393370,0.988,0.044,-0.03,0,-0.1,0,-35.6,6,25.2,0.163823359,0.705038606,-0.140293588,0.675527207
1631,4083274,1393370,0.985,0.044,-0.034,0,-0.1,0,-35.6,6,25.2,0.163823359,0.705069124,-0.140293588,0.675527207
1632,4085477,1393370,0.985,0.04,-0.034,0,-0.1,0,-35.6,6.4,27.5,0.163823359,0.705069124,-0.140293588,0.675527207
1633,4087717,1393380,0.988,0.036,-0.034,0,-0.1,0,-35.6,6.4,27.5,0.163823359,0.705069124,-0.140293588,0.675527207
1634,4089937,1393380,0.988,0.04,-0.03,0,-0.1,0,-35.6,6.4,27.5,0.163823359,0.705069124,-0.140293588,0.675496689
1635,4092263,1393380,0.988,0.04,-0.034,0,-0.2,0,-35.6,6.4,27.5,0.163823359,0.705069124,-0.140293588,0.675496689
1636,4094594,1393380,0.988,0.04,-0.03,0,-0.3,0,-35.5,6.1,27.6,0.163823359,0.705069124,-0.140293588,0.675496689
1637,4097734,1393390,0.988,0.04,-0.03,0,-0.2,-0.1,-35.5,6.1,27.6,0.163823359,0.705069124,-0.140293588,0.675496689
1638,4101001,1393390,0.985,0.04,-0.034,-0.1,-0.1,0,-35.5,6.1,27.6,0.163823359,0.705069124,-0.140293588,0.675496689
1639,4103033,1393390,0.985,0.036,-0.038,0,0,0,-35.5,6.1,27.6,0.163823359,0.705069124,-0.140293588,0.675496689
1640,4104875,1393390,0.981,0.04,-0.03,0,0,0,-35.8,6,27.3,0.163823359,0.705069124,-0.140293588,0.675496689
1641,4107011,1393400,0.985,0.036,-0.03,0,0.2,0,-35.8,6,27.3,0.163823359,0.705069124,-0.140293588,0.675496689
1642,4109744,1393400,0.988,0.036,-0.026,0,0.2,0,-35.8,6,27.3,0.163823359,0.705069124,-0.140293588,0.675496689
1643,4112830,1393400,0.988,0.04,-0.034,0,0.2,0,-35.8,6,27.3,0.163823359,0.705069124,-0.140293588,0.675496689
1644,4115645,1393400,0.988,0.04,-0.034,0,0.1,0,-35.4,6,26.4,0.163823359,0.705069124,-0.140293588,0.675496689
1645,4117332,1393410,0.988,0.04,-0.03,-0.1,0,0,-35.4,6,26.4,0.163823359,0.705069124,-0.140293588,0.675496689
1646,4121180,1393410,0.981,0.036,-0.034,0,0,0,-35.4,6,26.4,0.163823359,0.705069124,-0.140293588,0.675496689
1647,4121950,1393410,0.985,0.044,-0.03,0,0,0,-35.4,6,26.4,0.163823359,0.705069124,-0.140324107,0.675496689
1648,4125766,1393410,0.985,0.04,-0.026,0,0.1,0,-35.8,6,26.9,0.163823359,0.705069124,-0.140293588,0.675496689
1649,4127208,1393420,0.985,0.044,-0.042,0.1,0.1,0,-35.8,6,26.9,0.163823359,0.705069124,-0.140293588,0.675496689
1650,4129652,1393420,0.988,0.04,-0.03,0.1,0.1,0,-35.8,6,26.9,0.163823359,0.705069124,-0.140293588,0.675527207
1651,4131976,1393420,0.985,0.04,-0.026,0,0.1,-0.1,-35.8,6,26.9,0.163823359,0.705069124,-0.140293588,0.675527207
1652,4135359,1393420,0.988,0.04,-0.03,0,0,-0.1,-35.6,5.8,26.7,0.163823359,0.705069124,-0.140293588,0.675527207
1653,4137072,1393430,0.988,0.036,-0.034,0,0,-0.1,-35.6,5.8,26.7,0.163823359,0.705069124,-0.140293588,0.675527207
1654,4140502,1393430,0.985,0.04,-0.034,0,0,-0.1,-35.6,5.8,26.7,0.163823359,0.705069124,-0.140293588,0.675527207
1655,4142277,1393430,0.985,0.04,-0.038,0.1,0,0,-35.6,5.8,26.7,0.163823359,0.705069124,-0.140293588,0.675527207
1656,4144619,1393430,0.985,0.04,-0.03,0,0,0,-35.6,6.5,27,0.163823359,0.705069124,-0.140293588,0.675496689
1657,4147401,1393440,0.985,0.04,-0.03,0,0,0,-35.6,6.5,27,0.163823359,0.705069124,-0.140293588,0.675496689
1658,4149668,1393440,0.985,0.04,-0.03,0,0,0,-35.6,6.5,27,0.163823359,0.705069124,-0.140293588,0.675496689
1659,4152118,1393440,0.985,0.04,-0.038,0,0,0,-35.6,6.5,27,0.163823359,0.705069124,-0.140324107,0.675496689
1660,4154635,1393440,0.985,0.036,-0.038,0,0,0,-35.7,5.9,26.6,0.163823359,0.705069124,-0.140324107,0.675496689
1661,4158369,1393450,0.988,0.04,-0.03,0,0,0,-35.7,5.9,26.6,0.163823359,0.705069124,-0.140324107,0.675496689
1662,4160537,1393450,0.988,0.04,-0.03,0,0.1,0,-35.7,5.9,26.6,0.163823359,0.705069124,-0.140324107,0.675496689
1663,4162116,1393450,0.985,0.04,-0.03,0,0.2,0,-35.7,5.9,26.6,0.163823359,0.705069124,-0.140324107,0.675496689
1664,4164603,1393450,0.988,0.04,-0.034,0,0.2,0,-35.6,6,26.7,0.163823359,0.705069124,-0.140324107,0.675496689
1665,4167122,1393460,0.981,0.04,-0.034,0,0.2,0,-35.6,6,26.7,0.163823359,0.705069124,-0.140293588,0.675527207
1666,4170455,1393460,0.981,0.04,-0.03,0,0.2,0,-35.6,6,26.7,0.163823359,0.705069124,-0.140293588,0.675527207
1667,4172147,1393460,0.981,0.04,-0.034,0,0.1,0,-35.6,6,26.7,0.163823359,0.705038606,-0.140293588,0.675527207
1668,4175019,1393460,0.985,0.036,-0.034,0,0.1,0,-35.5,6,28,0.163823359,0.705038606,-0.140293588,0.675527207
1669,4177206,1393470,0.985,0.04,-0.034,0,0.1,0,-35.5,6,28,0.163823359,0.705038606,-0.140293588,0.675527207
1670,4179662,1393470,0.985,0.044,-0.034,0,0.1,0,-35.5,6,28,0.163823359,0.705038606,-0.140293588,0.675527207
1671,4183018,1393470,0.985,0.04,-0.03,0,0,0,-35.5,6,28,0.163823359,0.705038606,-0.140293588,0.675527207
1672,4185180,1393470,0.985,0.044,-0.03,0,0,0,-35.5,5.4,26.7,0.163823359,0.705038606,-0.140293588,0.675527207
1673,4187296,1393480,0.985,0.04,-0.034,0,0,0,-35.5,5.4,26.7,0.163823359,0.705038606,-0.140293588,0.675527207
1674,4189486,1393480,0.985,0.04,-0.03,0,0,0,-35.5,5.4,26.7,0.163823359,0.705038606,-0.140293588,0.675527207
1675,4192599,1393480,0.985,0.044,-0.034,0,0,-0.1,-35.5,5.4,26.7,0.163823359,0.705038606,-0.140293588,0.675527207
1676,4194765,1393480,0.988,0.04,-0.034,0,0,-0.1,-35.6,4.8,26.6,0.163853877,0.705038606,-0.140293588,0.675527207
1677,4198642,1393490,0.985,0.036,-0.038,0,0,-0.1,-35.6,4.8,26.6,0.163853877,0.705038606,-0.140293588,0.675527207
1678,4200922,1393490,0.981,0.04,-0.034,0,0,-0.1,-35.6,4.8,26.6,0.163853877,0.705038606,-0.140293588,0.675527207
1679,4202877,1393490,0.985,0.04,-0.03,0,0,-0.1,-35.6,4.8,26.6,0.163853877,0.705038606,-0.14026307,0.675527207
1680,4204935,1393490,0.988,0.036,-0.026,0,0,-0.1,-35.4,4.2,26.5,0.163853877,0.705038606,-0.14026307,0.675527207
1681,4207464,1393500,0.985,0.036,-0.03,0,0,-0.1,-35.4,4.2,26.5,0.163853877,0.705038606,-0.14026307,0.675527207
1682,4209640,1393500,0.988,0.044,-0.03,0,0,-0.1,-35.4,4.2,26.5,0.163853877,0.705069124,-0.14026307,0.675527207
1683,4211986,1393500,0.985,0.036,-0.034,-0.1,0,-0.1,-35.4,4.2,26.5,0.163853877,0.705069124,-0.14026307,0.675527207
1684,4214626,1393500,0.988,0.036,-0.03,-0.1,0,-0.1,-35.5,3.6,26.7,0.163853877,0.705038606,-0.14026307,0.675527207
1685,4217972,1393510,0.985,0.036,-0.034,-0.1,0.1,-0.1,-35.5,3.6,26.7,0.163853877,0.705038606,-0.14026307,0.675527207
1686,4219493,1393510,0.985,0.04,-0.03,0,0.2,0,-35.5,3.6,26.7,0.163853877,0.705038606,-0.14026307,0.675527207
1687,4222170,1393510,0.988,0.036,-0.038,0,0.2,0.1,-35.5,3.6,26.7,0.163853877,0.705038606,-0.14026307,0.675527207
1688,4225514,1393510,0.985,0.044,-0.038,0,0.2,0.1,-35.6,7.8,28.1,0.163853877,0.705038606,-0.140293588,0.675527207
1689,4227232,1393520,0.988,0.04,-0.038,0,0.2,0.1,-35.6,7.8,28.1,0.163853877,0.705038606,-0.140293588,0.675527207
1690,4229602,1393520,0.985,0.04,-0.03,0,0,0.1,-35.6,7.8,28.1,0.163853877,0.705038606,-0.140293588,0.675527207
1691,4233200,1393520,0.985,0.04,-0.034,0,-0.1,0,-35.6,7.8,28.1,0.163853877,0.705038606,-0.140293588,0.675527207
1692,4235398,1393520,0.985,0.036,-0.034,0,-0.2,0,-36,4.7,26.4,0.163853877,0.705038606,-0.140293588,0.675527207
1693,4237836,1393530,0.981,0.04,-0.03,0,-0.3,0,-36,4.7,26.4,0.163853877,0.705038606,-0.140293588,0.675527207
1694,4239873,1393530,0.985,0.04,-0.034,0.1,-0.3,0,-36,4.7,26.4,0.163853877,0.705038606,-0.140293588,0.675527207
1695,4242115,1393530,0.985,0.04,-0.03,0.1,-0.1,0,-36,4.7,26.4,0.163853877,0.705038606,-0.140293588,0.675527207
1696,4244719,1393530,0.985,0.044,-0.038,0,-0.1,0,-35.7,5.4,26.4,0.163853877,0.705038606,-0.140293588,0.675527207
1697,4248219,1393540,0.985,0.044,-0.038,0,-0.1,0,-35.7,5.4,26.4,0.163853877,0.705038606,-0.140293588,0.675527207
1698,4249805,1393540,0.988,0.044,-0.022,0,-0.1,0,-35.7,5.4,26.4,0.163853877,0.705038606,-0.140293588,0.675527207
1699,4253069,1393540,0.985,0.04,-0.038,0,0,0,-35.7,5.4,26.4,0.163853877,0.705038606,-0.140293588,0.675527207
1700,4254625,1393540,0.985,0.036,-0.026,0,0,0,-35.7,5.9,26.3,0.163853877,0.705038606,-0.140293588,0.675527207
1701,4257261,1393550,0.981,0.044,-0.026,0,0.1,0,-35.7,5.9,26.3,0.163853877,0.705038606,-0.140293588,0.675527207
1702,4261379,1393550,0.985,0.044,-0.03,0,0.1,0,-35.7,5.9,26.3,0.163853877,0.705038606,-0.140293588,0.675527207
1703,4262167,1393550,0.988,0.048,-0.034,0,0.1,0,-35.7,5.9,26.3,0.163853877,0.705038606,-0.140293588,0.675527207
1704,4265252,1393550,0.985,0.04,-0.03,0,0,0.1,-35.7,6.8,26.5,0.163853877,0.705038606,-0.140293588,0.675527207
1705,4267513,1393560,0.985,0.04,-0.03,0,0,0,-35.7,6.8,26.5,0.163853877,0.705038606,-0.140293588,0.675527207
1706,4269626,1393560,0.988,0.04,-0.026,0,0,0,-35.7,6.8,26.5,0.163853877,0.705038606,-0.140293588,0.675527207
1707,4272341,1393560,0.985,0.04,-0.026,0,0,0,-35.7,6.8,26.5,0.163853877,0.705038606,-0.140293588,0.675527207
1708,4275444,1393560,0.988,0.04,-0.03,0,-0.1,0,-35.2,6.3,27.3,0.163853877,0.705038606,-0.140293588,0.675527207
1709,4277084,1393570,0.981,0.044,-0.034,0,-0.1,0,-35.2,6.3,27.3,0.163853877,0.705038606,-0.140293588,0.675527207
1710,4279780,1393570,0.985,0.04,-0.034,0,0,0.1,-35.2,6.3,27.3,0.163823359,0.705038606,-0.140293588,0.675527207
1711,4282007,1393570,0.985,0.04,-0.026,0,0,0.1,-35.2,6.3,27.3,0.163823359,0.705038606,-0.140293588,0.675527207
1712,4285694,1393570,0.985,0.04,-0.03,0,0,0,-36,6.3,26.8,0.163823359,0.705038606,-0.140293588,0.675527207
1713,4287879,1393580,0.988,0.044,-0.03,0,-0.1,0,-36,6.3,26.8,0.163823359,0.705038606,-0.140324107,0.675527207
1714,4290172,1393580,0.988,0.04,-0.03,0,-0.2,0,-36,6.3,26.8,0.163823359,0.705069124,-0.140324107,0.675527207
1715,4292404,1393580,0.985,0.044,-0.034,0,-0.1,0,-36,6.3,26.8,0.163823359,0.705069124,-0.140324107,0.675496689
1716,4294679,1393580,0.981,0.036,-0.03,0,0,0.1,-35.6,6.9,27,0.163853877,0.705038606,-0.140293588,0.675527207
1717,4297037,1393590,0.981,0.036,-0.03,0,0,0.1,-35.6,6.9,27,0.163853877,0.705038606,-0.140293588,0.675527207
1718,4299565,1393590,0.988,0.04,-0.03,0,0,0.1,-35.6,6.9,27,0.163853877,0.705038606,-0.140293588,0.675527207
1719,4303688,1393590,0.981,0.036,-0.038,0,0,0,-35.6,6.9,27,0.163853877,0.705038606,-0.140293588,0.675527207
1720,4305898,1393590,0.981,0.04,-0.034,0,0,0,-35.4,6.9,27.2,0.163853877,0.705038606,-0.140293588,0.675527207
1721,4308218,1393600,0.988,0.04,-0.03,0,0,0,-35.4,6.9,27.2,0.163853877,0.705038606,-0.140293588,0.675527207
1722,4309742,1393600,0.988,0.036,-0.034,0,-0.1,0,-35.4,6.9,27.2,0.163853877,0.705038606,-0.140293588,0.675527207
1723,4313014,1393600,0.985,0.04,-0.034,0,-0.1,0,-35.4,6.9,27.2,0.163853877,0.705038606,-0.140293588,0.675527207
1724,4315245,1393600,0.988,0.044,-0.03,0.1,-0.1,0,-36,6.1,27.1,0.163853877,0.705069124,-0.140293588,0.675527207
1725,4317183,1393610,0.985,0.04,-0.034,0.1,-0.1,0,-36,6.1,27.1,0.163853877,0.705069124,-0.140293588,0.675496689
1726,4320472,1393610,0.988,0.04,-0.03,0.1,0,0,-36,6.1,27.1,0.163853877,0.705069124,-0.140293588,0.675496689
1727,4322141,1393610,0.988,0.04,-0.03,0,0,0,-36,6.1,27.1,0.163853877,0.705069124,-0.140293588,0.675496689
1728,4324553,1393610,0.981,0.044,-0.03,0,0,0,-35.3,5,27.2,0.163853877,0.705069124,-0.140293588,0.675496689
1729,4327899,1393620,0.981,0.04,-0.026,0,0,0,-35.3,5,27.2,0.163853877,0.705069124,-0.140293588,0.675496689
1730,4329564,1393620,0.985,0.04,-0.026,0,0.1,0,-35.3,5,27.2,0.163853877,0.705069124,-0.140293588,0.675496689
1731,4332286,1393620,0.985,0.04,-0.034,0,0.2,0,-35.3,5,27.2,0.163853877,0.705038606,-0.140293588,0.675527207
1732,4335378,1393620,0.985,0.036,-0.03,0,0.1,0,-36.2,7.1,26.8,0.163853877,0.705038606,-0.140293588,0.675527207
1733,4337577,1393630,0.985,0.04,-0.026,0,0,0,-36.2,7.1,26.8,0.163853877,0.705038606,-0.140293588,0.675527207
1734,4339772,1393630,0.985,0.04,-0.03,-0.1,-0.2,0,-36.2,7.1,26.8,0.163853877,0.705069124,-0.140293588,0.675496689
1735,4342256,1393630,0.988,0.044,-0.03,-0.1,-0.2,-0.1,-36.2,7.1,26.8,0.163853877,0.705069124,-0.140293588,0.675496689
1736,4344564,1393630,0.981,0.04,-0.03,0,-0.1,-0.1,-36.7,7.3,27.3,0.163853877,0.705038606,-0.140293588,0.675527207
1737,4348010,1393640,0.988,0.044,-0.038,0,-0.1,-0.1,-36.7,7.3,27.3,0.163853877,0.705038606,-0.140293588,0.675527207
1738,4349551,1393640,0.988,0.04,-0.038,0,-0.1,-0.1,-36.7,7.3,27.3,0.163853877,0.705038606,-0.140293588,0.675527207
1739,4352329,1393640,0.985,0.04,-0.038,0.1,0,0,-36.7,7.3,27.3,0.163853877,0.705038606,-0.140293588,0.675527207
1740,4356296,1393640,0.985,0.036,-0.03,0.1,0.1,-0.1,-37.5,7.2,27.1,0.163853877,0.705038606,-0.140293588,0.675527207
1741,4358549,1393650,0.988,0.036,-0.034,0.1,0.2,-0.1,-37.5,7.2,27.1,0.163853877,0.705038606,-0.140293588,0.675527207
1742,4360988,1393650,0.985,0.04,-0.03,0.1,0.2,-0.1,-37.5,7.2,27.1,0.163853877,0.705038606,-0.140293588,0.675527207
1743,4363184,1393650,0.985,0.036,-0.038,0,0.1,-0.1,-37.5,7.2,27.1,0.163853877,0.705038606,-0.140293588,0.675527207
1744,4365374,1393650,0.981,0.036,-0.03,0,0.1,0,-37.6,7.6,27.1,0.163853877,0.705038606,-0.14026307,0.675557726
1745,4367672,1393660,0.985,0.036,-0.026,0,0,0,-37.6,7.6,27.1,0.163853877,0.705038606,-0.14026307,0.675557726
1746,4369849,1393660,0.988,0.04,-0.026,0,0,-0.1,-37.6,7.6,27.1,0.163853877,0.705038606,-0.14026307,0.675557726
1747,4372114,1393660,0.981,0.04,-0.038,0,0,-0.1,-37.6,7.6,27.1,0.163853877,0.705038606,-0.14026307,0.675557726
1748,4374496,1393660,0.985,0.04,-0.03,0,0,0,-34.5,5.2,27.2,0.163853877,0.705038606,-0.14026307,0.675557726
1749,4376924,1393670,0.985,0.04,-0.034,0,0,0,-34.5,5.2,27.2,0.163853877,0.705038606,-0.14026307,0.675527207
1750,4380014,1393670,0.981,0.036,-0.03,0,0,0,-34.5,5.2,27.2,0.163853877,0.705038606,-0.14026307,0.675527207
1751,4383154,1393670,0.985,0.04,-0.03,-0.1,0,0,-34.5,5.2,27.2,0.163853877,0.705038606,-0.140293588,0.675527207
1752,4385428,1393670,0.988,0.04,-0.034,0,0,0,-37.2,6.6,27.6,0.163853877,0.705038606,-0.140293588,0.675527207
1753,4387394,1393680,0.985,0.044,-0.03,0.1,0,0,-37.2,6.6,27.6,0.163853877,0.705038606,-0.140293588,0.675527207
1754,4391158,1393680,0.985,0.04,-0.026,0.1,0,0,-37.2,6.6,27.6,0.163853877,0.705038606,-0.14026307,0.675527207
1755,4392801,1393680,0.985,0.04,-0.034,0.1,0.1,0,-37.2,6.6,27.6,0.163853877,0.705038606,-0.14026307,0.675527207
1756,4394831,1393680,0.985,0.04,-0.03,0,0,0,-36.4,7,27.3,0.163853877,0.705008087,-0.14026307,0.675557726
1757,4396930,1393690,0.985,0.04,-0.03,0,0,0,-36.4,7,27.3,0.163853877,0.705008087,-0.14026307,0.675557726
1758,4401175,1393690,0.985,0.044,-0.03,0,-0.1,0,-36.4,7,27.3,0.163853877,0.705008087,-0.14026307,0.675557726
1759,4402863,1393690,0.981,0.04,-0.03,0,-0.1,0,-36.4,7,27.3,0.163853877,0.705008087,-0.14026307,0.675557726
1760,4404853,1393690,0.985,0.04,-0.034,0,0,0,-36.1,6.8,27.6,0.163853877,0.705038606,-0.14026307,0.675557726
1761,4407994,1393700,0.985,0.044,-0.03,0,0,0,-36.1,6.8,27.6,0.163853877,0.705038606,-0.14026307,0.675557726
1762,4409590,1393700,0.985,0.036,-0.034,0,0,-0.1,-36.1,6.8,27.6,0.163884396,0.705038606,-0.14026307,0.675557726
1763,4412177,1393700,0.988,0.04,-0.03,0,0,-0.1,-36.1,6.8,27.6,0.163884396,0.705038606,-0.14026307,0.675557726
1764,4414533,1393700,0.988,0.04,-0.03,0,-0.1,-0.1,-35.7,7.1,27.4,0.163884396,0.705038606,-0.14026307,0.675527207
1765,4417096,1393710,0.988,0.04,-0.034,0,-0.1,0,-35.7,7.1,27.4,0.163884396,0.705038606,-0.14026307,0.675527207
1766,4419457,1393710,0.988,0.04,-0.03,0,-0.1,0,-35.7,7.1,27.4,0.163884396,0.705038606,-0.14026307,0.675527207
1767,4422553,1393710,0.985,0.04,-0.03,0,-0.1,0,-35.7,7.1,27.4,0.163884396,0.705038606,-0.14026307,0.675527207
1768,4424617,1393710,0.988,0.044,-0.026,0,-0.1,0,-35.3,6.2,27.3,0.163884396,0.705038606,-0.14026307,0.675527207
1769,4427671,1393720,0.988,0.04,-0.034,0,0,0,-35.3,6.2,27.3,0.163884396,0.705038606,-0.14026307,0.675527207
1770,4429952,1393720,0.985,0.044,-0.03,0,0,0,-35.3,6.2,27.3,0.163884396,0.705038606,-0.14026307,0.675527207
1771,4432225,1393720,0.985,0.04,-0.03,0,0,0,-35.3,6.2,27.3,0.163884396,0.705038606,-0.14026307,0.675527207
1772,4434589,1393720,0.985,0.036,-0.03,0,0,0,-35.4,6.2,27.3,0.163884396,0.705038606,-0.14026307,0.675527207
1773,4437117,1393730,0.985,0.04,-0.03,0,0,0,-35.4,6.2,27.3,0.163884396,0.705038606,-0.14026307,0.675527207
1774,4439681,1393730,0.981,0.04,-0.038,0,0,0,-35.4,6.2,27.3,0.163884396,0.705038606,-0.14026307,0.675527207
1775,4442715,1393730,0.985,0.04,-0.03,0,0,0,-35.4,6.2,27.3,0.163884396,0.705038606,-0.14026307,0.675527207
1776,4444537,1393730,0.988,0.04,-0.034,0,0,-0.1,-35.2,6,27.1,0.163853877,0.705038606,-0.14026307,0.675527207
1777,4448005,1393740,0.988,0.04,-0.034,0,0,-0.1,-35.2,6,27.1,0.163853877,0.705038606,-0.14026307,0.675527207
1778,4449535,1393740,0.985,0.04,-0.026,-0.1,-0.2,-0.1,-35.2,6,27.1,0.163884396,0.705038606,-0.14026307,0.675527207
1779,4452751,1393740,0.988,0.036,-0.034,0,-0.3,-0.1,-35.2,6,27.1,0.163884396,0.705038606,-0.14026307,0.675527207
1780,4455058,1393740,0.985,0.044,-0.03,0,-0.2,0,-35.1,6.4,27.3,0.163884396,0.705038606,-0.14026307,0.675527207
1781,4457422,1393750,0.981,0.044,-0.034,0.1,-0.1,0,-35.1,6.4,27.3,0.163884396,0.705038606,-0.14026307,0.675527207
1782,4459594,1393750,0.988,0.036,-0.03,0.1,0,0,-35.1,6.4,27.3,0.163853877,0.705038606,-0.14026307,0.675527207
1783,4462237,1393750,0.988,0.04,-0.03,0,0.1,0,-35.1,6.4,27.3,0.163853877,0.705038606,-0.14026307,0.675527207
1784,4465664,1393750,0.985,0.04,-0.038,0,0.1,0,-34.7,6.4,27,0.163884396,0.705038606,-0.14026307,0.675527207
1785,4467245,1393760,0.988,0.04,-0.03,0,0.1,0,-34.7,6.4,27,0.163884396,0.705038606,-0.14026307,0.675527207
1786,4469654,1393760,0.985,0.036,-0.026,-0.1,0,0,-34.7,6.4,27,0.163884396,0.705038606,-0.14026307,0.675527207
1787,4471985,1393760,0.985,0.04,-0.03,-0.1,0,-0.1,-34.7,6.4,27,0.163884396,0.705038606,-0.14026307,0.675527207
1788,4475565,1393760,0.985,0.04,-0.03,0,-0.1,0,-36.5,6,27.1,0.163884396,0.705038606,-0.14026307,0.675527207
1789,4477986,1393770,0.985,0.04,-0.03,0,-0.1,0,-36.5,6,27.1,0.163884396,0.705038606,-0.14026307,0.675527207
1790,4480320,1393770,0.985,0.04,-0.034,0,0,0,-36.5,6,27.1,0.163884396,0.705038606,-0.14026307,0.675527207
1791,4482519,1393770,0.988,0.04,-0.026,0,0,0,-36.5,6,27.1,0.163884396,0.705038606,-0.14026307,0.675527207
1792,4484987,1393770,0.988,0.044,-0.034,0,0,0,-34.7,6.3,27.3,0.163884396,0.705038606,-0.14026307,0.675527207
1793,4487236,1393780,0.985,0.04,-0.034,0,0.1,0,-34.7,6.3,27.3,0.163884396,0.705038606,-0.14026307,0.675527207
1794,4489805,1393780,0.985,0.04,-0.03,0,0,-0.1,-34.7,6.3,27.3,0.163884396,0.705038606,-0.14026307,0.675527207
1795,4492108,1393780,0.985,0.04,-0.03,0,0,-0.1,-34.7,6.3,27.3,0.163884396,0.705038606,-0.14026307,0.675527207
1796,4494901,1393780,0.985,0.044,-0.03,0,0,0,-34.8,6,27.4,0.163884396,0.705038606,-0.14026307,0.675527207
1797,4497153,1393790,0.985,0.04,-0.026,0,0,0,-34.8,6,27.4,0.163884396,0.705038606,-0.14026307,0.675527207
1798,4500098,1393790,0.992,0.036,-0.026,0,0.1,0,-34.8,6,27.4,0.163884396,0.705038606,-0.14026307,0.675527207
1799,4502380,1393790,0.988,0.04,-0.03,0,0.1,0,-34.8,6,27.4,0.163884396,0.705038606,-0.14026307,0.675527207
1800,4504746,1393790,0.988,0.04,-0.03,0,0.2,0,-34.7,5.9,27.5,0.163884396,0.705038606,-0.14026307,0.675527207
1801,4507565,1393800,0.985,0.044,-0.034,0,0.1,0,-34.7,5.9,27.5,0.163884396,0.705038606,-0.14026307,0.675527207
1802,4509507,1393800,0.988,0.04,-0.03,0,0.1,0,-34.7,5.9,27.5,0.163884396,0.705038606,-0.14026307,0.675527207
1803,4512856,1393800,0.981,0.04,-0.03,0,0.1,0,-34.7,5.9,27.5,0.163884396,0.705038606,-0.14026307,0.675527207
1804,4514667,1393800,0.981,0.04,-0.03,0,0,0.1,-34.7,5.7,27.3,0.163884396,0.705038606,-0.14026307,0.675527207
1805,4517101,1393810,0.985,0.04,-0.03,-0.1,0,0.1,-34.7,5.7,27.3,0.163884396,0.705038606,-0.14026307,0.675527207
1806,4519580,1393810,0.988,0.044,-0.03,-0.1,0,0,-34.7,5.7,27.3,0.163884396,0.705008087,-0.14026307,0.675557726
1807,4522954,1393810,0.981,0.036,-0.03,0,0,0,-34.7,5.7,27.3,0.163884396,0.705008087,-0.14026307,0.675527207
1808,4525139,1393810,0.985,0.044,-0.03,0,0,0,-36.4,6,27.4,0.163884396,0.705008087,-0.14026307,0.675527207
1809,4527308,1393820,0.985,0.04,-0.026,0,0,-0.1,-36.4,6,27.4,0.163884396,0.705038606,-0.14026307,0.675527207
1810,4529645,1393820,0.988,0.04,-0.034,0,0,0,-36.4,6,27.4,0.163884396,0.705038606,-0.14026307,0.675527207
1811,4532143,1393820,0.992,0.04,-0.03,0,0,-0.1,-36.4,6,27.4,0.163884396,0.705038606,-0.14026307,0.675527207
1812,4534506,1393820,0.988,0.04,-0.042,0,0,-0.1,-34.6,6,27.1,0.163884396,0.705008087,-0.14026307,0.675527207
1813,4538655,1393830,0.988,0.036,-0.03,0,0,-0.1,-34.6,6,27.1,0.163914914,0.705008087,-0.14026307,0.675527207
1814,4541012,1393830,0.988,0.04,-0.034,0,0,-0.1,-34.6,6,27.1,0.163914914,0.705038606,-0.14026307,0.675527207
1815,4543071,1393830,0.985,0.04,-0.03,0,0,0,-34.6,6,27.1,0.163884396,0.705038606,-0.14026307,0.675527207
1816,4545391,1393830,0.985,0.044,-0.026,0,0,0.2,-34.4,5.9,27.5,0.163884396,0.705038606,-0.14026307,0.675527207
1817,4547574,1393840,0.985,0.044,-0.026,0,0,0.2,-34.4,5.9,27.5,0.163884396,0.705038606,-0.14026307,0.675527207
1818,4549776,1393840,0.985,0.04,-0.034,0,0.1,0.1,-34.4,5.9,27.5,0.163884396,0.705038606,-0.14026307,0.675527207
1819,4552036,1393840,0.985,0.04,-0.03,0,0.2,0,-34.4,5.9,27.5,0.163884396,0.705038606,-0.140293588,0.675527207
1820,4554517,1393840,0.985,0.04,-0.034,0,0.2,0,-35.2,5.8,26.9,0.163884396,0.705038606,-0.140293588,0.675527207
1821,4558831,1393850,0.985,0.04,-0.034,0,0.1,0,-35.2,5.8,26.9,0.163884396,0.705038606,-0.140293588,0.675527207
1822,4561171,1393850,0.985,0.04,-0.022,0,0.1,-0.1,-35.2,5.8,26.9,0.163884396,0.705038606,-0.14026307,0.675527207
1823,4563308,1393850,0.985,0.04,-0.03,0.1,0.1,0,-35.2,5.8,26.9,0.163884396,0.705038606,-0.14026307,0.675527207
1824,4565520,1393850,0.985,0.04,-0.026,0.1,0.1,-0.1,-34.5,5.9,27.5,0.163884396,0.705038606,-0.14026307,0.675557726
1825,4567014,1393860,0.985,0.04,-0.03,0,0.1,-0.1,-34.5,5.9,27.5,0.163884396,0.705008087,-0.14026307,0.675557726
1826,4570077,1393860,0.988,0.04,-0.03,0,0.1,-0.1,-34.5,5.9,27.5,0.163884396,0.705008087,-0.14026307,0.675557726
1827,4572301,1393860,0.985,0.036,-0.03,0,0,0,-34.5,5.9,27.5,0.163884396,0.705008087,-0.14026307,0.675557726
1828,4574621,1393860,0.985,0.036,-0.034,0,0,0,-35.6,5.9,27.2,0.163884396,0.705008087,-0.14026307,0.675557726
1829,4577117,1393870,0.988,0.044,-0.038,0,-0.1,0,-35.6,5.9,27.2,0.163884396,0.705038606,-0.14026307,0.675557726
1830,4579444,1393870,0.985,0.04,-0.026,0,0,0,-35.6,5.9,27.2,0.163884396,0.705038606,-0.14026307,0.675527207
1831,4582823,1393870,0.981,0.04,-0.034,-0.1,0,0,-35.6,5.9,27.2,0.163884396,0.705038606,-0.14026307,0.675527207
1832,4584549,1393870,0.985,0.036,-0.034,-0.1,0,0,-35.2,6.2,27.2,0.163884396,0.705038606,-0.14026307,0.675527207
1833,4588046,1393880,0.988,0.04,-0.03,-0.1,0,0,-35.2,6.2,27.2,0.163884396,0.705038606,-0.14026307,0.675527207
1834,4589640,1393880,0.981,0.04,-0.03,0,-0.1,0,-35.2,6.2,27.2,0.163884396,0.705038606,-0.14026307,0.675527207
1835,4592620,1393880,0.985,0.032,-0.034,0,0,0,-35.2,6.2,27.2,0.163884396,0.705038606,-0.14026307,0.675527207
1836,4595559,1393880,0.985,0.044,-0.038,0,0.2,0,-35.5,6.1,27.3,0.163853877,0.705008087,-0.140293588,0.675557726
1837,4597037,1393890,0.985,0.044,-0.038,0,0.2,0,-35.5,6.1,27.3,0.163853877,0.705008087,-0.140293588,0.675557726
1838,4600063,1393890,0.981,0.04,-0.034,0,0.2,0,-35.5,6.1,27.3,0.163853877,0.705008087,-0.140293588,0.675557726
1839,4603014,1393890,0.985,0.04,-0.03,0,0.1,0,-35.5,6.1,27.3,0.163853877,0.705008087,-0.140293588,0.675557726
1840,4604556,1393890,0.988,0.036,-0.026,0,0.1,0,-35.5,6.3,27.7,0.163853877,0.705008087,-0.140293588,0.675557726
1841,4607019,1393900,0.985,0.044,-0.034,0,0,0,-35.5,6.3,27.7,0.163853877,0.705008087,-0.140293588,0.675557726
1842,4610516,1393900,0.985,0.04,-0.034,0,0,0,-35.5,6.3,27.7,0.163853877,0.705008087,-0.140293588,0.675557726
1843,4612042,1393900,0.985,0.044,-0.03,0,0.1,0,-35.5,6.3,27.7,0.163853877,0.705008087,-0.140293588,0.675557726
1844,4614533,1393900,0.988,0.036,-0.03,0,0.2,0,-35.2,6,28.3,0.163853877,0.705008087,-0.140293588,0.675557726
1845,4617270,1393910,0.985,0.044,-0.03,0,0.3,0,-35.2,6,28.3,0.163853877,0.704977569,-0.140293588,0.675588244
1846,4620274,1393910,0.985,0.044,-0.03,0,0.3,0,-35.2,6,28.3,0.163853877,0.704977569,-0.140293588,0.675588244
1847,4621974,1393910,0.985,0.04,-0.03,0,0.3,0,-35.2,6,28.3,0.163853877,0.704977569,-0.140293588,0.675588244
1848,4624840,1393910,0.985,0.04,-0.034,0,0.2,0,-35.5,6,25.8,0.163853877,0.704977569,-0.140293588,0.675588244
1849,4627865,1393920,0.985,0.044,-0.03,0,0.2,0,-35.5,6,25.8,0.163853877,0.704977569,-0.140293588,0.675588244
1850,4630108,1393920,0.988,0.04,-0.034,-0.1,0.1,0,-35.5,6,25.8,0.163853877,0.704977569,-0.140293588,0.675588244
1851,4633111,1393920,0.985,0.04,-0.038,-0.1,0,0,-35.5,6,25.8,0.163884396,0.704977569,-0.140293588,0.675588244
1852,4634623,1393920,0.988,0.04,-0.03,-0.1,0,-0.1,-35.4,5.5,28,0.163884396,0.704977569,-0.140293588,0.675588244
1853,4637676,1393930,0.988,0.036,-0.03,0,0,-0.1,-35.4,5.5,28,0.163884396,0.704977569,-0.140293588,0.675588244
1854,4639882,1393930,0.985,0.04,-0.034,0,0,0,-35.4,5.5,28,0.163884396,0.704977569,-0.140293588,0.675588244
1855,4642943,1393930,0.988,0.04,-0.026,0,0.1,0,-35.4,5.5,28,0.163884396,0.704977569,-0.140293588,0.675588244
1856,4644566,1393930,0.981,0.044,-0.03,0.1,0.3,0,-35.3,5.5,28.2,0.163884396,0.70494705,-0.140293588,0.675618763
1857,4647369,1393940,0.985,0.04,-0.03,0.1,0.3,0,-35.3,5.5,28.2,0.163853877,0.704916532,-0.140293588,0.675649281
1858,4650427,1393940,0.985,0.04,-0.026,0.1,0.2,0,-35.3,5.5,28.2,0.163853877,0.704916532,-0.140293588,0.675649281
1859,4652072,1393940,0.985,0.04,-0.034,0.1,0.1,0.1,-35.3,5.5,28.2,0.163853877,0.704916532,-0.140293588,0.675649281
1860,4654910,1393940,0.988,0.04,-0.03,0.1,0,0,-35.9,5.6,28.1,0.163853877,0.704916532,-0.140293588,0.675649281
1861,4658672,1393950,0.985,0.04,-0.038,0.1,0,0,-35.9,5.6,28.1,0.163853877,0.704916532,-0.140293588,0.675649281
1862,4660149,1393950,0.985,0.04,-0.034,0,0,0,-35.9,5.6,28.1,0.163853877,0.704916532,-0.140293588,0.675649281
1863,4662092,1393950,0.985,0.044,-0.034,0,0,0,-35.9,5.6,28.1,0.163853877,0.704916532,-0.140293588,0.675649281
1864,4665418,1393950,0.985,0.04,-0.034,0,0,0,-35.7,5.8,27.8,0.163853877,0.704916532,-0.140293588,0.675649281
1865,4667242,1393960,0.985,0.04,-0.034,0,0,0,-35.7,5.8,27.8,0.163853877,0.704916532,-0.140293588,0.675649281
1866,4670573,1393960,0.988,0.036,-0.034,0.1,0,0,-35.7,5.8,27.8,0.163853877,0.704916532,-0.140293588,0.675649281
1867,4672136,1393960,0.985,0.04,-0.03,0.1,-0.1,0,-35.7,5.8,27.8,0.163853877,0.704916532,-0.140293588,0.675649281
1868,4674599,1393960,0.988,0.044,-0.034,0,0,0,-35.5,6,25.9,0.163853877,0.704916532,-0.140293588,0.675649281
1869,4677348,1393970,0.985,0.04,-0.034,0,0,0,-35.5,6,25.9,0.163853877,0.704916532,-0.140293588,0.675649281
1870,4680396,1393970,0.981,0.04,-0.026,0,0.1,0,-35.5,6,25.9,0.163853877,0.704916532,-0.140293588,0.675649281
1871,4682149,1393970,0.985,0.036,-0.03,-0.1,0.1,0,-35.5,6,25.9,0.163853877,0.704916532,-0.140324107,0.675649281
1872,4685569,1393970,0.985,0.036,-0.03,0,0.1,0,-35.1,6,26.8,0.163853877,0.704916532,-0.140324107,0.675649281
1873,4687258,1393980,0.985,0.036,-0.034,0,0,0.1,-35.1,6,26.8,0.163853877,0.704916532,-0.140324107,0.675649281
1874,4689863,1393980,0.985,0.036,-0.026,0.1,0,0,-35.1,6,26.8,0.163853877,0.704916532,-0.140324107,0.675649281
1875,4692088,1393980,0.985,0.044,-0.038,0.1,0,0,-35.1,6,26.8,0.163853877,0.704916532,-0.140324107,0.675649281
1876,4696195,1393980,0.985,0.04,-0.03,0,0,-0.1,-35.7,6.2,26.5,0.163823359,0.704916532,-0.140324107,0.675649281
1877,4697657,1393990,0.985,0.04,-0.03,0,0,-0.1,-35.7,6.2,26.5,0.163823359,0.704916532,-0.140324107,0.675649281
1878,4700578,1393990,0.988,0.04,-0.034,0,0,-0.1,-35.7,6.2,26.5,0.163823359,0.704916532,-0.140324107,0.675649281
1879,4702139,1393990,0.988,0.04,-0.034,0.1,0,0,-35.7,6.2,26.5,0.163823359,0.704916532,-0.140324107,0.675649281
1880,4705263,1393990,0.985,0.04,-0.03,0.1,-0.1,-0.1,-35.1,6,27,0.163823359,0.704916532,-0.140324107,0.675649281
1881,4707419,1394000,0.988,0.04,-0.034,0,-0.2,0,-35.1,6,27,0.163823359,0.704916532,-0.140324107,0.675649281
1882,4709606,1394000,0.985,0.04,-0.03,0,-0.1,0,-35.1,6,27,0.163823359,0.704916532,-0.140324107,0.675649281
1883,4712246,1394000,0.985,0.04,-0.026,0,0,0,-35.1,6,27,0.163823359,0.704916532,-0.140324107,0.675649281
1884,4714574,1394000,0.988,0.036,-0.026,0,0,0,-35.5,5.8,26.2,0.163823359,0.704916532,-0.140324107,0.675649281
1885,4718236,1394010,0.981,0.04,-0.03,0,-0.1,0,-35.5,5.8,26.2,0.163823359,0.704916532,-0.140324107,0.675649281
1886,4720986,1394010,0.981,0.044,-0.026,0,-0.2,0,-35.5,5.8,26.2,0.163823359,0.704916532,-0.140324107,0.675649281
1887,4723237,1394010,0.985,0.04,-0.03,0,-0.3,-0.1,-35.5,5.8,26.2,0.163823359,0.70494705,-0.140324107,0.675649281
1888,4725459,1394010,0.985,0.04,-0.03,0,-0.1,-0.1,-35.5,6.2,27.2,0.163823359,0.70494705,-0.140324107,0.675618763
1889,4727016,1394020,0.988,0.036,-0.034,0,0,0,-35.5,6.2,27.2,0.163823359,0.70494705,-0.140324107,0.675618763
1890,4729430,1394020,0.985,0.036,-0.034,0,0,0.1,-35.5,6.2,27.2,0.163823359,0.70494705,-0.140324107,0.675618763
1891,4732272,1394020,0.992,0.044,-0.03,0,0,0.2,-35.5,6.2,27.2,0.163823359,0.70494705,-0.140324107,0.675649281
1892,4735389,1394020,0.988,0.044,-0.026,0,0,0.1,-35.7,5.7,27.3,0.163823359,0.70494705,-0.140324107,0.675649281
1893,4737217,1394030,0.992,0.04,-0.034,0,0,0,-35.7,5.7,27.3,0.163823359,0.70494705,-0.140324107,0.675649281
1894,4740436,1394030,0.988,0.036,-0.034,0,0,0,-35.7,5.7,27.3,0.163823359,0.70494705,-0.140324107,0.675618763
1895,4741935,1394030,0.985,0.044,-0.038,0,0,-0.1,-35.7,5.7,27.3,0.163823359,0.70494705,-0.140324107,0.675618763
1896,4744797,1394030,0.985,0.036,-0.03,0,0,-0.2,-35.6,5.8,27.1,0.163823359,0.70494705,-0.140324107,0.675618763
1897,4747870,1394040,0.985,0.036,-0.03,0,0,-0.1,-35.6,5.8,27.1,0.163823359,0.70494705,-0.140324107,0.675618763
1898,4749800,1394040,0.981,0.04,-0.034,0,0,-0.1,-35.6,5.8,27.1,0.163823359,0.70494705,-0.140324107,0.675618763
1899,4751934,1394040,0.988,0.036,-0.026,0,0,-0.1,-35.6,5.8,27.1,0.163823359,0.70494705,-0.140324107,0.675618763
1900,4754835,1394040,0.985,0.044,-0.03,0,-0.1,0,-35.7,5.6,27.5,0.163823359,0.70494705,-0.140324107,0.675618763
1901,4757808,1394050,0.988,0.04,-0.03,-0.1,-0.2,0,-35.7,5.6,27.5,0.163823359,0.70494705,-0.140324107,0.675618763
1902,4759432,1394050,0.988,0.044,-0.034,0,-0.1,0.2,-35.7,5.6,27.5,0.163823359,0.704977569,-0.140324107,0.675618763
1903,4762579,1394050,0.985,0.04,-0.034,0,0,0.2,-35.7,5.6,27.5,0.163823359,0.704977569,-0.140324107,0.675618763
1904,4765591,1394050,0.985,0.044,-0.034,0,0,0.2,-35.4,4.5,27.3,0.163823359,0.70494705,-0.140324107,0.675618763
1905,4767048,1394060,0.985,0.044,-0.03,0,0,0.1,-35.4,4.5,27.3,0.163823359,0.70494705,-0.140324107,0.675618763
1906,4770061,1394060,0.992,0.04,-0.03,0,0,0,-35.4,4.5,27.3,0.163823359,0.70494705,-0.140324107,0.675618763
1907,4773073,1394060,0.988,0.04,-0.03,0,-0.1,0,-35.4,4.5,27.3,0.163823359,0.704977569,-0.140324107,0.675618763
1908,4774516,1394060,0.988,0.04,-0.034,0,-0.1,0,-35.5,7,28.2,0.163823359,0.704977569,-0.140354625,0.675588244
1909,4777799,1394070,0.988,0.044,-0.034,0,0,0,-35.5,7,28.2,0.163823359,0.704977569,-0.140354625,0.675588244
1910,4779735,1394070,0.985,0.04,-0.026,0,0.1,0,-35.5,7,28.2,0.163823359,0.70494705,-0.140354625,0.675618763
1911,4782839,1394070,0.985,0.036,-0.034,0,0.2,0,-35.5,7,28.2,0.163823359,0.70494705,-0.140354625,0.675618763
1912,4784478,1394070,0.981,0.04,-0.034,0,0.2,0.1,-35.5,5.1,26.5,0.163823359,0.70494705,-0.140354625,0.675618763
1913,4787177,1394080,0.988,0.04,-0.034,0,0.1,0,-35.5,5.1,26.5,0.163823359,0.70494705,-0.140354625,0.675618763
1914,4790425,1394080,0.981,0.036,-0.038,0.1,0,0,-35.5,5.1,26.5,0.163823359,0.70494705,-0.140354625,0.675618763
1915,4791931,1394080,0.985,0.04,-0.03,0,0,-0.1,-35.5,5.1,26.5,0.163823359,0.70494705,-0.140324107,0.675618763
1916,4794860,1394080,0.985,0.04,-0.03,0,0,-0.2,-35.7,4.8,26.6,0.163823359,0.704977569,-0.140354625,0.675588244
1917,4797957,1394090,0.985,0.04,-0.03,-0.1,0,-0.2,-35.7,4.8,26.6,0.163823359,0.704977569,-0.140354625,0.675588244
1918,4799509,1394090,0.988,0.04,-0.026,-0.1,0,-0.2,-35.7,4.8,26.6,0.163823359,0.704977569,-0.140354625,0.675588244
1919,4802660,1394090,0.985,0.036,-0.026,0,0.1,-0.1,-35.7,4.8,26.6,0.163823359,0.704977569,-0.140354625,0.675588244
1920,4805770,1394090,0.985,0.04,-0.034,0,0,0,-35.3,5,26.5,0.163823359,0.704977569,-0.140354625,0.675588244
1921,4807167,1394100,0.988,0.04,-0.034,0.1,0,0,-35.3,5,26.5,0.163823359,0.704977569,-0.140354625,0.675588244
1922,4810174,1394100,0.988,0.044,-0.038,0,0,0,-35.3,5,26.5,0.163823359,0.704977569,-0.140354625,0.675618763
1923,4811958,1394100,0.988,0.044,-0.034,0,0,0,-35.3,5,26.5,0.163823359,0.704977569,-0.140354625,0.675618763
1924,4815494,1394100,0.985,0.044,-0.03,0,0.1,0,-35.4,4.6,26.6,0.163823359,0.70494705,-0.140354625,0.675618763
1925,4817014,1394110,0.988,0.044,-0.026,0,0.1,0,-35.4,4.6,26.6,0.163823359,0.70494705,-0.140354625,0.675618763
1926,4819845,1394110,0.985,0.04,-0.03,0,0.2,0,-35.4,4.6,26.6,0.163823359,0.70494705,-0.140354625,0.675618763
1927,4822971,1394110,0.985,0.04,-0.03,0,0.2,0,-35.4,4.6,26.6,0.163823359,0.70494705,-0.140354625,0.675618763
1928,4824495,1394110,0.985,0.044,-0.03,0,0.2,0,-35.4,4.6,26.6,0.163823359,0.70494705,-0.140354625,0.675618763
1929,4826967,1394120,0.985,0.04,-0.034,0,0.2,0,-35.4,4.6,26.6,0.163823359,0.70494705,-0.140354625,0.675618763
1930,4830517,1394120,0.985,0.04,-0.026,0,0.1,0,-35.4,4.6,26.6,0.163823359,0.70494705,-0.140354625,0.675618763
1931,4831998,1394120,0.988,0.044,-0.026,0,0,0,-35.4,4.6,26.6,0.163823359,0.70494705,-0.140354625,0.675618763
1932,4834509,1394120,0.988,0.04,-0.03,0,-0.1,0,-35.4,6.1,27,0.163823359,0.70494705,-0.140354625,0.675618763
1933,4838010,1394130,0.988,0.044,-0.038,0,-0.2,0,-35.4,6.1,27,0.163823359,0.70494705,-0.140354625,0.675618763
1934,4840290,1394130,0.988,0.04,-0.034,0,-0.1,-0.1,-35.4,6.1,27,0.163823359,0.70494705,-0.140354625,0.675618763
1935,4842538,1394130,0.985,0.04,-0.03,0,-0.1,0,-35.4,6.1,27,0.163823359,0.70494705,-0.140354625,0.675618763
1936,4844661,1394130,0.985,0.04,-0.03,0,0,0,-35.4,6.8,27.4,0.163823359,0.70494705,-0.140324107,0.675618763
1937,4847033,1394140,0.985,0.04,-0.034,0,0,0,-35.4,6.8,27.4,0.163823359,0.70494705,-0.140324107,0.675618763
1938,4849576,1394140,0.985,0.04,-0.03,0,0,0,-35.4,6.8,27.4,0.163823359,0.70494705,-0.140324107,0.675618763
1939,4853709,1394140,0.988,0.036,-0.03,0,0,0,-35.4,6.8,27.4,0.163823359,0.70494705,-0.140324107,0.675618763
1940,4856231,1394140,0.981,0.036,-0.034,0,0,0,-35.3,7,26.8,0.163823359,0.70494705,-0.140324107,0.675618763
1941,4858407,1394150,0.981,0.04,-0.034,0,0,0,-35.3,7,26.8,0.163823359,0.70494705,-0.140324107,0.675618763
1942,4860371,1394150,0.981,0.04,-0.03,0,0,0,-35.3,7,26.8,0.163823359,0.70494705,-0.140324107,0.675618763
1943,4862710,1394150,0.988,0.044,-0.026,0.1,0,0,-35.3,7,26.8,0.163823359,0.70494705,-0.140324107,0.675618763
1944,4865621,1394150,0.985,0.036,-0.03,0.1,0.1,-0.1,-35.5,7.7,27.1,0.163823359,0.70494705,-0.140324107,0.675618763
1945,4867296,1394160,0.988,0.036,-0.026,0.1,0.1,-0.1,-35.5,7.7,27.1,0.163823359,0.70494705,-0.140324107,0.675618763
1946,4869596,1394160,0.988,0.04,-0.03,0.1,0,-0.1,-35.5,7.7,27.1,0.163823359,0.70494705,-0.140324107,0.675618763
1947,4872076,1394160,0.985,0.044,-0.03,0,0,0,-35.5,7.7,27.1,0.163823359,0.70494705,-0.140324107,0.675618763
1948,4875583,1394160,0.988,0.044,-0.03,0,0,0,-35.5,7.7,27.1,0.163823359,0.70494705,-0.140324107,0.675618763
1949,4877677,1394170,0.988,0.04,-0.034,0,0,0,-35.5,7.7,27.1,0.163823359,0.70494705,-0.140324107,0.675618763
1950,4879846,1394170,0.988,0.04,-0.03,0.1,0.1,0.1,-35.5,7.7,27.1,0.163823359,0.70494705,-0.140324107,0.675618763
1951,4883297,1394170,0.988,0.036,-0.03,0.1,0.1,0.1,-35.5,7.7,27.1,0.163823359,0.70494705,-0.140324107,0.675618763
1952,4885492,1394170,0.985,0.044,-0.034,0,0.1,0,-35.5,6.2,27,0.163823359,0.70494705,-0.140324107,0.675618763
1953,4888470,1394180,0.988,0.04,-0.03,0,0,0,-35.5,6.2,27,0.163823359,0.70494705,-0.140324107,0.675618763
1954,4890811,1394180,0.988,0.04,-0.03,-0.1,-0.1,0,-35.5,6.2,27,0.163823359,0.70494705,-0.140324107,0.675618763
1955,4892877,1394180,0.988,0.04,-0.034,0,-0.3,0,-35.5,6.2,27,0.163823359,0.70494705,-0.140324107,0.675618763
1956,4894597,1394180,0.985,0.04,-0.034,0,-0.3,0,-35.8,6.4,27.2,0.163823359,0.704977569,-0.140324107,0.675618763
1957,4897252,1394190,0.985,0.04,-0.034,0,-0.1,0,-35.8,6.4,27.2,0.163823359,0.704977569,-0.140324107,0.675588244
1958,4899450,1394190,0.985,0.044,-0.03,0,0,0,-35.8,6.4,27.2,0.163823359,0.704977569,-0.140324107,0.675588244
1959,4902930,1394190,0.988,0.04,-0.03,0,0,0,-35.8,6.4,27.2,0.163823359,0.704977569,-0.140324107,0.675588244
1960,4905175,1394190,0.985,0.04,-0.038,0,0,0,-35.5,6.3,27.2,0.163823359,0.704977569,-0.140324107,0.675588244
1961,4907245,1394200,0.988,0.044,-0.026,0,0,0,-35.5,6.3,27.2,0.163823359,0.704977569,-0.140324107,0.675618763
1962,4909799,1394200,0.981,0.04,-0.026,0,0,0,-35.5,6.3,27.2,0.163823359,0.704977569,-0.140324107,0.675618763
1963,4912165,1394200,0.985,0.044,-0.038,0,-0.1,0,-35.5,6.3,27.2,0.163823359,0.704977569,-0.140324107,0.675588244
1964,4914505,1394200,0.988,0.036,-0.034,0.1,0,0,-36.2,6.5,27.2,0.163823359,0.704977569,-0.140324107,0.675588244
1965,4917938,1394210,0.988,0.044,-0.03,0,0,0,-36.2,6.5,27.2,0.163823359,0.704977569,-0.140324107,0.675618763
1966,4920068,1394210,0.985,0.04,-0.026,0.1,0,0,-36.2,6.5,27.2,0.163823359,0.704977569,-0.140324107,0.675618763
1967,4921980,1394210,0.985,0.044,-0.03,0,0,0,-36.2,6.5,27.2,0.163823359,0.704977569,-0.140324107,0.675618763
1968,4924680,1394210,0.988,0.04,-0.03,0,0,0,-36.2,6.5,27.2,0.163823359,0.704977569,-0.140324107,0.675618763
1969,4927796,1394220,0.985,0.044,-0.034,0,0,0,-36.2,6.5,27.2,0.163823359,0.704977569,-0.140324107,0.675618763
1970,4930080,1394220,0.988,0.044,-0.034,0,0.1,0,-36.2,6.5,27.2,0.163823359,0.704977569,-0.140324107,0.675618763
1971,4932235,1394220,0.985,0.04,-0.03,0,0.1,0,-36.2,6.5,27.2,0.163823359,0.704977569,-0.140324107,0.675618763
1972,4934581,1394220,0.985,0.036,-0.03,0,0.2,0,-37,7.1,27.4,0.163823359,0.70494705,-0.140324107,0.675618763
1973,4937008,1394230,0.985,0.036,-0.034,0,0.2,0.1,-37,7.1,27.4,0.163823359,0.70494705,-0.140324107,0.675618763
1974,4940545,1394230,0.981,0.04,-0.026,0,0.1,0,-37,7.1,27.4,0.163823359,0.70494705,-0.140324107,0.675618763
1975,4942307,1394230,0.985,0.04,-0.034,0,0,0,-37,7.1,27.4,0.163823359,0.70494705,-0.140324107,0.675618763
1976,4944790,1394230,0.985,0.04,-0.03,0.1,0,0,-37.3,7.5,27.3,0.16379284,0.70494705,-0.140324107,0.675649281
1977,4946955,1394240,0.985,0.036,-0.034,0.1,0,0,-37.3,7.5,27.3,0.16379284,0.70494705,-0.140324107,0.675649281
1978,4949592,1394240,0.985,0.04,-0.034,0,-0.1,0,-37.3,7.5,27.3,0.16379284,0.70494705,-0.140324107,0.675649281
1979,4953417,1394240,0.988,0.044,-0.034,0,-0.1,0,-37.3,7.5,27.3,0.16379284,0.70494705,-0.140324107,0.675649281
1980,4954935,1394240,0.988,0.036,-0.026,0,-0.2,0,-37.5,7.5,27.4,0.16379284,0.70494705,-0.140324107,0.675618763
1981,4957984,1394250,0.985,0.04,-0.034,0,-0.2,0,-37.5,7.5,27.4,0.16379284,0.70494705,-0.140324107,0.675618763
1982,4959472,1394250,0.988,0.036,-0.03,0,-0.2,0,-37.5,7.5,27.4,0.16379284,0.70494705,-0.140324107,0.675618763
1983,4962223,1394250,0.985,0.036,-0.03,0,-0.1,0,-37.5,7.5,27.4,0.16379284,0.70494705,-0.140324107,0.675618763
1984,4965477,1394250,0.985,0.04,-0.034,-0.1,-0.1,0,-36.9,7,27.2,0.16379284,0.70494705,-0.140354625,0.675618763
1985,4967191,1394260,0.985,0.044,-0.03,0,0,0,-36.9,7,27.2,0.16379284,0.70494705,-0.140354625,0.675618763
1986,4969469,1394260,0.985,0.036,-0.03,0,0,-0.1,-36.9,7,27.2,0.16379284,0.70494705,-0.140324107,0.675618763
1987,4972074,1394260,0.988,0.04,-0.026,0,0,-0.1,-36.9,7,27.2,0.16379284,0.70494705,-0.140324107,0.675618763
1988,4975499,1394260,0.988,0.036,-0.03,0,-0.1,-0.1,-36.9,7,27.2,0.16379284,0.704977569,-0.140324107,0.675618763
1989,4977165,1394270,0.985,0.04,-0.03,0,-0.1,0,-36.9,7,27.2,0.16379284,0.704977569,-0.140354625,0.675618763
1990,4980333,1394270,0.985,0.036,-0.03,0,0,0.1,-36.9,7,27.2,0.16379284,0.704977569,-0.140354625,0.675618763
1991,4981966,1394270,0.988,0.04,-0.034,0,0,0.1,-36.9,7,27.2,0.16379284,0.704977569,-0.140354625,0.675618763
1992,4984521,1394270,0.988,0.044,-0.026,0,0,0,-36.1,6.3,27.4,0.16379284,0.704977569,-0.140354625,0.675618763
1993,4988715,1394280,0.985,0.032,-0.03,0,0,0,-36.1,6.3,27.4,0.16379284,0.704977569,-0.140354625,0.675618763
1994,4990863,1394280,0.988,0.036,-0.034,0,0,0,-36.1,6.3,27.4,0.16379284,0.704977569,-0.140354625,0.675618763
1995,4993138,1394280,0.988,0.04,-0.03,0,0,0,-36.1,6.3,27.4,0.16379284,0.704977569,-0.140354625,0.675618763
1996,4995418,1394280,0.988,0.04,-0.03,0.1,0,0.1,-35.6,6,27.1,0.163762322,0.70494705,-0.140354625,0.675649281
1997,4997193,1394290,0.981,0.036,-0.034,0,0,0,-35.6,6,27.1,0.163762322,0.70494705,-0.140354625,0.675649281
1998,4999560,1394290,0.988,0.044,-0.03,0,0,0,-35.6,6,27.1,0.163762322,0.70494705,-0.140354625,0.675649281
