sample_index,elapsed_us,device_time_ms,acc_x_g,acc_y_g,acc_z_g,gyro_x_dps,gyro_y_dps,gyro_z_dps,mag_x_ut,mag_y_ut,mag_z_ut,quat_w,quat_x,quat_y,quat_z
0,3341,1240880,-0.674,-0.467,0.578,1.7,3.5,0,4.5,-7.8,-24.1,0.515518662,0.15417951,0.436017945,-0.721304971
1,6423,1240880,-0.678,-0.467,0.574,1.6,3.5,0,4.5,-7.8,-24.1,0.515488144,0.154240547,0.436017945,-0.721304971
2,7914,1240880,-0.678,-0.459,0.578,1.6,3.4,0,4.4,-7.3,-24.4,0.515427107,0.154332102,0.436078982,-0.721304971
3,10543,1240880,-0.674,-0.456,0.574,1.5,3.4,0,4.4,-7.3,-24.4,0.515396588,0.154393139,0.436078982,-0.72133549
4,13204,1240890,-0.678,-0.455,0.574,1.3,3.2,-0.1,4.4,-7.3,-24.4,0.51536607,0.154454176,0.4361095,-0.72133549
5,16476,1240890,-0.678,-0.459,0.57,1.4,3.2,-0.1,4.4,-7.3,-24.4,0.515335551,0.154515213,0.4361095,-0.72133549
6,18638,1240890,-0.678,-0.459,0.57,1.5,3,-0.1,4.4,-7.5,-24.4,0.515274514,0.15457625,0.4361095,-0.72133549
7,20260,1240890,-0.678,-0.463,0.57,1.7,2.9,-0.1,4.4,-7.5,-24.4,0.515243995,0.154637288,0.436140019,-0.72133549
8,23097,1240900,-0.682,-0.463,0.566,1.8,2.8,-0.1,4.4,-7.5,-24.4,0.515213477,0.154698325,0.436140019,-0.721366008
9,26411,1240900,-0.678,-0.467,0.566,1.8,2.5,-0.1,4.4,-7.5,-24.4,0.515182958,0.154759362,0.436140019,-0.721366008
10,27759,1240900,-0.686,-0.467,0.574,1.6,2.1,0,4.4,-8.4,-23,0.515182958,0.154972991,0.436140019,-0.721304971
11,31005,1240900,-0.686,-0.471,0.57,1.6,2.1,0,4.4,-8.4,-23,0.51515244,0.155034028,0.436140019,-0.721304971
12,33370,1240910,-0.686,-0.471,0.566,1.5,2.1,-0.1,4.4,-8.4,-23,0.51515244,0.155064547,0.436140019,-0.72133549
13,36506,1240910,-0.69,-0.467,0.567,1.4,2,-0.3,4.4,-8.4,-23,0.515121921,0.155125584,0.436140019,-0.72133549
14,37919,1240910,-0.686,-0.467,0.57,1.3,2,-0.6,5,-7.9,-22.3,0.515060884,0.155156102,0.436140019,-0.72133549
15,40944,1240910,-0.682,-0.471,0.57,1.3,1.8,-0.7,5,-7.9,-22.3,0.515030366,0.155186621,0.436140019,-0.721366008
16,43909,1240920,-0.686,-0.467,0.57,1.3,1.7,-0.9,5,-7.9,-22.3,0.514999847,0.155217139,0.436140019,-0.721396527
17,45523,1240920,-0.686,-0.471,0.57,1.5,1.5,-1,5,-7.9,-22.3,0.514969329,0.155247658,0.436140019,-0.721396527
18,48547,1240920,-0.683,-0.475,0.566,1.7,1.3,-1.1,4.2,-7.9,-21,0.51493881,0.155278176,0.436140019,-0.721427046
19,50182,1240920,-0.691,-0.479,0.57,1.9,1.2,-1.2,4.2,-7.9,-21,0.514908292,0.155308695,0.4361095,-0.721457564
20,54464,1240930,-0.687,-0.479,0.566,2,1.2,-1.4,4.2,-7.9,-21,0.514847255,0.155339213,0.4361095,-0.721488083
21,56176,1240930,-0.69,-0.479,0.582,2.2,1,-1.5,4.2,-7.9,-21,0.514816736,0.155369732,0.436078982,-0.721518601
22,57630,1240930,-0.691,-0.487,0.586,2.4,1,-1.6,4.9,-8.2,-20.1,0.514755699,0.15540025,0.436078982,-0.72154912
23,60070,1240930,-0.683,-0.487,0.578,2.7,0.9,-1.6,4.9,-8.2,-20.1,0.514725181,0.155430769,0.436017945,-0.721610157
24,62857,1240940,-0.683,-0.491,0.582,2.9,0.7,-1.5,4.9,-8.2,-20.1,0.514664144,0.155461287,0.436017945,-0.721640675
25,66509,1240940,-0.683,-0.491,0.582,3.2,0.5,-1.5,4.9,-8.2,-20.1,0.514633625,0.155491806,0.435956908,-0.721701712
26,68751,1240940,-0.683,-0.499,0.578,3.4,0.4,-1.4,4.8,-8,-20,0.514603107,0.155491806,0.435926389,-0.721732231
27,70416,1240940,-0.679,-0.495,0.582,3.6,0.2,-1.4,4.8,-8,-20,0.514572588,0.155552843,0.435865352,-0.721793268
28,73204,1240950,-0.683,-0.491,0.574,3.6,0.1,-1.5,4.8,-8,-20,0.514511551,0.155583361,0.435834834,-0.721854305
29,76190,1240950,-0.679,-0.483,0.578,3.7,0,-1.6,4.8,-8,-20,0.514481033,0.15561388,0.435773797,-0.721884823
30,77717,1240950,-0.675,-0.483,0.582,3.8,0,-1.7,4.1,-8.6,-25.2,0.514389477,0.155552843,0.435804315,-0.721976379
31,80602,1240950,-0.675,-0.483,0.582,3.8,0,-1.7,4.1,-8.6,-25.2,0.51432844,0.155583361,0.435743278,-0.722037416
32,82578,1240960,-0.671,-0.483,0.582,3.8,0.2,-1.6,4.1,-8.6,-25.2,0.514297922,0.15561388,0.43571276,-0.722067934
33,86108,1240960,-0.675,-0.479,0.586,3.8,0.2,-1.3,4.1,-8.6,-25.2,0.514267403,0.155644398,0.435651723,-0.722128971
34,87656,1240960,-0.675,-0.479,0.578,3.8,0.4,-1.1,4.3,-8.6,-22.6,0.514236885,0.155674917,0.435590686,-0.722190008
35,90160,1240960,-0.675,-0.487,0.582,3.6,0.5,-1.1,4.3,-8.6,-22.6,0.514175848,0.155705435,0.435560167,-0.722220527
36,94362,1240970,-0.671,-0.479,0.582,3.6,0.5,-1,4.3,-8.6,-22.6,0.514145329,0.155766472,0.43549913,-0.722251045
37,96333,1240970,-0.675,-0.479,0.582,3.3,0.5,-0.9,4.3,-8.6,-22.6,0.514114811,0.155796991,0.435468612,-0.722312082
38,97858,1240970,-0.671,-0.479,0.582,3.1,0.4,-0.7,4.4,-8.4,-23.5,0.514084292,0.155827509,0.435407575,-0.722342601
39,101681,1240970,-0.671,-0.479,0.582,2.7,0.3,-0.6,4.4,-8.4,-23.5,0.514084292,0.155858028,0.435377056,-0.722373119
40,103173,1240980,-0.675,-0.479,0.582,2.4,0.4,-0.5,4.4,-8.4,-23.5,0.514053774,0.155888546,0.435346538,-0.722403638
41,105371,1240980,-0.671,-0.479,0.582,1.9,0.5,-0.4,4.4,-8.4,-23.5,0.514023255,0.155919065,0.435316019,-0.722434156
42,108320,1240980,-0.671,-0.475,0.578,1.5,0.7,-0.2,4.9,-8.3,-24.2,0.514023255,0.155949583,0.435316019,-0.722434156
43,110127,1240980,-0.671,-0.479,0.582,1.1,0.9,0,4.9,-8.3,-24.2,0.513992737,0.155980102,0.435285501,-0.722434156
44,113721,1240990,-0.675,-0.483,0.582,0.8,1,0,4.9,-8.3,-24.2,0.513992737,0.15601062,0.435285501,-0.722464675
45,115442,1240990,-0.671,-0.479,0.582,0.6,1.1,0,4.9,-8.3,-24.2,0.513992737,0.156041139,0.435285501,-0.722464675
46,118599,1240990,-0.671,-0.479,0.578,0.5,1.2,0,4.8,-8.5,-24.5,0.513962218,0.156041139,0.435316019,-0.722464675
47,120171,1240990,-0.675,-0.483,0.582,0.5,1.3,0,4.8,-8.5,-24.5,0.513962218,0.156071657,0.435316019,-0.722464675
48,123132,1241000,-0.671,-0.487,0.582,0.4,1.5,0,4.8,-8.5,-24.5,0.5139317,0.156102176,0.435316019,-0.722464675
49,125985,1241000,-0.675,-0.487,0.578,0.2,1.8,0,4.8,-8.5,-24.5,0.5139317,0.156132694,0.435346538,-0.722464675
50,127670,1241000,-0.679,-0.487,0.586,-0.1,1.9,0,4.5,-8.5,-22.8,0.513840144,0.15601062,0.435407575,-0.722495193
51,130760,1241000,-0.679,-0.483,0.582,-0.1,1.9,0,4.5,-8.5,-22.8,0.513809626,0.156041139,0.435407575,-0.722495193
52,133784,1241010,-0.679,-0.479,0.574,-0.3,2,0.1,4.5,-8.5,-22.8,0.513809626,0.156071657,0.435438093,-0.722464675
53,135251,1241010,-0.675,-0.479,0.578,-0.3,2.2,0.1,4.5,-8.5,-22.8,0.513779107,0.156102176,0.435468612,-0.722464675
54,138194,1241010,-0.679,-0.475,0.582,-0.3,2.3,0,4.8,-8.8,-23.1,0.513779107,0.156132694,0.43549913,-0.722464675
55,140960,1241010,-0.679,-0.475,0.582,-0.4,2.4,-0.2,4.8,-8.8,-23.1,0.513748589,0.156163213,0.435560167,-0.722434156
56,142747,1241020,-0.678,-0.467,0.582,-0.5,2.6,-0.3,4.8,-8.8,-23.1,0.51371807,0.156193731,0.435590686,-0.722434156
57,146693,1241020,-0.678,-0.471,0.582,-0.5,2.7,-0.4,4.8,-8.8,-23.1,0.513687551,0.15622425,0.435621204,-0.722434156
58,148495,1241020,-0.674,-0.467,0.578,-0.5,2.8,-0.4,4.6,-8.5,-22.9,0.513657033,0.156285287,0.435682241,-0.722403638
59,151476,1241020,-0.674,-0.467,0.578,-0.5,2.7,-0.6,4.6,-8.5,-22.9,0.513626514,0.156315806,0.43571276,-0.722403638
60,152847,1241030,-0.674,-0.467,0.574,-0.5,2.6,-0.6,4.6,-8.5,-22.9,0.513595996,0.156346324,0.435743278,-0.722403638
61,156268,1241030,-0.675,-0.471,0.574,-0.5,2.6,-0.6,4.6,-8.5,-22.9,0.513534959,0.156346324,0.435804315,-0.722403638
62,157868,1241030,-0.682,-0.459,0.582,-0.5,2.7,-0.7,4.6,-8.3,-22.9,0.51350444,0.156376843,0.435834834,-0.722373119
63,160924,1241030,-0.678,-0.459,0.57,-0.5,2.9,-1,4.6,-8.3,-22.9,0.513473922,0.156407361,0.435865352,-0.722373119
64,162989,1241040,-0.678,-0.459,0.574,-0.7,3,-1.2,4.6,-8.3,-22.9,0.513412885,0.15643788,0.435926389,-0.722373119
65,165280,1241040,-0.678,-0.459,0.578,-0.9,3.1,-1.2,4.6,-8.3,-22.9,0.513382366,0.156468398,0.435987426,-0.722373119
66,167724,1241040,-0.682,-0.455,0.57,-0.9,3.2,-1.3,4.9,-8.5,-22.7,0.513321329,0.156468398,0.436017945,-0.722373119
67,172205,1241040,-0.678,-0.459,0.57,-1,3.2,-1.5,4.9,-8.5,-22.7,0.513290811,0.156529435,0.4361095,-0.722373119
68,172671,1241050,-0.678,-0.452,0.574,-1.1,3.2,-1.7,4.9,-8.5,-22.7,0.513229774,0.156559954,0.436170537,-0.722373119
69,176688,1241050,-0.678,-0.455,0.57,-1.2,3.2,-1.9,4.9,-8.5,-22.7,0.513168737,0.156559954,0.436231574,-0.722373119
70,178677,1241050,-0.678,-0.455,0.578,-1.3,3.1,-2.3,3.2,-8.5,-22.9,0.513168737,0.156712546,0.436201056,-0.722342601
71,180939,1241050,-0.678,-0.455,0.578,-1.3,3.1,-2.3,3.2,-8.5,-22.9,0.5131077,0.156712546,0.436292611,-0.722342601
72,183078,1241060,-0.678,-0.459,0.574,-1.3,3.1,-2.4,3.2,-8.5,-22.9,0.513046663,0.156743065,0.436353648,-0.722342601
73,185377,1241060,-0.678,-0.459,0.57,-1.2,3.2,-2.5,3.2,-8.5,-22.9,0.512985626,0.156743065,0.436414686,-0.722342601
74,187630,1241060,-0.674,-0.456,0.574,-1.1,3.1,-2.6,5.9,-8.5,-22.8,0.51289407,0.156743065,0.436475723,-0.722342601
75,191827,1241060,-0.678,-0.459,0.57,-1,3,-2.7,5.9,-8.5,-22.8,0.512833033,0.156773583,0.43653676,-0.722373119
76,193769,1241070,-0.682,-0.459,0.57,-1,2.9,-2.8,5.9,-8.5,-22.8,0.512771996,0.156773583,0.436597797,-0.722373119
77,196209,1241070,-0.682,-0.451,0.57,-1,2.9,-2.9,5.9,-8.5,-22.8,0.512680441,0.156773583,0.436658834,-0.722373119
78,198399,1241070,-0.678,-0.455,0.566,-0.9,2.8,-3.1,5.7,-9,-23.2,0.512619404,0.156773583,0.436719871,-0.722403638
79,201360,1241070,-0.678,-0.455,0.566,-0.9,2.8,-3.3,5.7,-9,-23.2,0.512558367,0.156773583,0.436750389,-0.722434156
80,203422,1241080,-0.674,-0.452,0.566,-1,2.6,-3.4,5.7,-9,-23.2,0.512466811,0.156773583,0.436811426,-0.722434156
81,205701,1241080,-0.678,-0.448,0.562,-1.1,2.5,-3.4,5.7,-9,-23.2,0.512405774,0.156773583,0.436872463,-0.722464675
82,208062,1241080,-0.678,-0.444,0.566,-1.2,2.5,-3.4,5.8,-8.7,-23,0.512314219,0.156773583,0.4369335,-0.722464675
83,210311,1241080,-0.682,-0.444,0.566,-1.3,2.5,-3.4,5.8,-8.7,-23,0.512253182,0.156773583,0.436994537,-0.722495193
84,212949,1241090,-0.678,-0.448,0.566,-1.4,2.6,-3.4,5.8,-8.7,-23,0.512161626,0.156743065,0.437055574,-0.722495193
85,215385,1241090,-0.674,-0.452,0.574,-1.6,2.6,-3.5,5.8,-8.7,-23,0.512100589,0.156743065,0.43714713,-0.722525712
86,219020,1241090,-0.682,-0.455,0.566,-1.6,2.6,-3.5,5.6,-8.4,-22.9,0.512009033,0.156743065,0.437208167,-0.722525712
87,220701,1241090,-0.682,-0.459,0.566,-1.8,2.6,-3.5,5.6,-8.4,-22.9,0.511947996,0.156712546,0.437269204,-0.72255623
88,222900,1241100,-0.682,-0.463,0.57,-1.9,2.6,-3.5,5.6,-8.4,-22.9,0.511886959,0.156712546,0.437360759,-0.72255623
89,226041,1241100,-0.686,-0.467,0.566,-2.2,2.5,-3.4,5.6,-8.4,-22.9,0.511795404,0.156682028,0.437421796,-0.722586749
90,227907,1241100,-0.69,-0.471,0.57,-2.5,2.5,-3.3,4.1,-8.6,-22.9,0.511795404,0.15683462,0.437452315,-0.722525712
91,230595,1241100,-0.69,-0.471,0.57,-2.5,2.5,-3.3,4.1,-8.6,-22.9,0.511734367,0.156804102,0.43754387,-0.722525712
92,232986,1241110,-0.686,-0.471,0.566,-2.5,2.4,-3.2,4.1,-8.6,-22.9,0.51167333,0.156804102,0.437635426,-0.722525712
93,235235,1241110,-0.69,-0.471,0.57,-2.5,2.3,-3.2,4.1,-8.6,-22.9,0.511612293,0.156773583,0.437696463,-0.722525712
94,239398,1241110,-0.69,-0.475,0.574,-2.3,2.1,-3.2,4.9,-8.5,-22.7,0.511551256,0.156743065,0.437788018,-0.722525712
95,241644,1241110,-0.691,-0.479,0.574,-2.1,2,-3.1,4.9,-8.5,-22.7,0.511490219,0.156712546,0.437849055,-0.72255623
96,243518,1241120,-0.699,-0.483,0.575,-1.8,1.8,-2.9,4.9,-8.5,-22.7,0.511429182,0.156712546,0.437910092,-0.72255623
97,245501,1241120,-0.695,-0.487,0.578,-1.6,1.7,-2.8,4.9,-8.5,-22.7,0.511368145,0.156682028,0.437971129,-0.72255623
98,248565,1241120,-0.695,-0.487,0.574,-1.4,1.5,-2.6,5.3,-8.5,-23,0.511307108,0.156682028,0.437971129,-0.722586749
99,250753,1241120,-0.695,-0.49,0.578,-1.3,1.4,-2.6,5.3,-8.5,-23,0.511246071,0.156651509,0.438062685,-0.722586749
100,252818,1241130,-0.703,-0.486,0.579,-1.1,1.3,-2.5,5.3,-8.5,-23,0.511215552,0.156620991,0.438093204,-0.722586749
101,256571,1241130,-0.703,-0.49,0.579,-1.1,1.2,-2.5,5.3,-8.5,-23,0.511154515,0.156620991,0.438123722,-0.722617267
102,258939,1241130,-0.699,-0.49,0.579,-1,1.1,-2.4,4.6,-8.4,-22.9,0.511123997,0.156590472,0.438184759,-0.722617267
103,260290,1241130,-0.699,-0.49,0.579,-0.8,0.9,-2.4,4.6,-8.4,-22.9,0.51106296,0.156590472,0.438215278,-0.722647786
104,263684,1241140,-0.703,-0.498,0.583,-0.5,0.7,-2.3,4.6,-8.4,-22.9,0.511032441,0.156559954,0.438245796,-0.722647786
105,265687,1241140,-0.703,-0.494,0.575,-0.3,0.6,-2.1,4.6,-8.4,-22.9,0.510971404,0.156559954,0.438245796,-0.722678304
106,268647,1241140,-0.699,-0.494,0.579,0,0.4,-1.9,4.3,-8.6,-22.9,0.510940886,0.156529435,0.438276315,-0.722708823
107,270792,1241140,-0.695,-0.498,0.578,0.1,0.2,-1.7,4.3,-8.6,-22.9,0.510910367,0.156529435,0.438276315,-0.722708823
108,272578,1241150,-0.691,-0.498,0.578,0.3,0,-1.6,4.3,-8.6,-22.9,0.510879849,0.156529435,0.438276315,-0.722739341
109,275760,1241150,-0.695,-0.498,0.578,0.3,-0.2,-1.4,4.3,-8.6,-22.9,0.510879849,0.156468398,0.438276315,-0.72276986
110,278805,1241150,-0.691,-0.498,0.582,0.6,-0.5,-0.7,5.5,-8.6,-22.8,0.510818812,0.156468398,0.438306833,-0.72276986
111,280302,1241150,-0.695,-0.506,0.586,0.6,-0.5,-0.7,5.5,-8.6,-22.8,0.510818812,0.156468398,0.438306833,-0.722800378
112,283323,1241160,-0.691,-0.502,0.59,0.7,-0.4,-0.5,5.5,-8.6,-22.8,0.510818812,0.156468398,0.438276315,-0.722800378
113,286374,1241160,-0.695,-0.502,0.59,0.8,-0.3,-0.2,5.5,-8.6,-22.8,0.510818812,0.156468398,0.438276315,-0.722800378
114,287928,1241160,-0.691,-0.506,0.59,0.9,-0.1,0,2.1,-8.3,-22.6,0.510818812,0.156468398,0.438245796,-0.722830897
115,290237,1241160,-0.691,-0.502,0.59,1,-0.1,0.2,2.1,-8.3,-22.6,0.510818812,0.156468398,0.438245796,-0.722830897
116,293851,1241170,-0.691,-0.498,0.586,0.9,-0.3,0.4,2.1,-8.3,-22.6,0.510818812,0.156468398,0.438215278,-0.722830897
117,295328,1241170,-0.687,-0.495,0.59,1,-0.3,0.8,2.1,-8.3,-22.6,0.510818812,0.156468398,0.438184759,-0.722830897
118,298631,1241170,-0.679,-0.499,0.594,1,-0.4,1.1,1.9,-8.1,-22.7,0.51084933,0.156529435,0.438154241,-0.722830897
119,300083,1241170,-0.679,-0.499,0.586,1.1,-0.4,1.4,1.9,-8.1,-22.7,0.510879849,0.156529435,0.438123722,-0.722830897
120,303248,1241180,-0.679,-0.495,0.59,1.2,-0.5,1.8,1.9,-8.1,-22.7,0.510910367,0.156559954,0.438093204,-0.722830897
121,306663,1241180,-0.679,-0.495,0.59,1.1,-0.5,2,1.9,-8.1,-22.7,0.510940886,0.156590472,0.438062685,-0.722800378
122,308587,1241180,-0.675,-0.491,0.586,1,-0.5,2.3,2.1,-8.3,-22.7,0.510971404,0.156620991,0.438032167,-0.722800378
123,310284,1241180,-0.679,-0.491,0.59,0.8,-0.4,2.7,2.1,-8.3,-22.7,0.511032441,0.156651509,0.437971129,-0.72276986
124,313192,1241190,-0.679,-0.483,0.586,0.7,-0.4,3,2.1,-8.3,-22.7,0.51106296,0.156682028,0.437971129,-0.722739341
125,315406,1241190,-0.675,-0.479,0.578,0.7,-0.2,3.3,2.1,-8.3,-22.7,0.511123997,0.156712546,0.437971129,-0.722708823
126,317976,1241190,-0.671,-0.471,0.582,0.6,0,3.5,2.5,-8.2,-22.6,0.511185034,0.156743065,0.437940611,-0.722678304
127,320345,1241190,-0.678,-0.471,0.582,0.4,0.2,3.6,2.5,-8.2,-22.6,0.511246071,0.156804102,0.437910092,-0.722647786
128,323649,1241200,-0.674,-0.467,0.586,0.3,0.3,3.7,2.5,-8.2,-22.6,0.511276589,0.15683462,0.437910092,-0.722617267
129,325739,1241200,-0.674,-0.463,0.586,0.1,0.3,3.8,2.5,-8.2,-22.6,0.511337626,0.156895657,0.437910092,-0.72255623
130,327937,1241200,-0.678,-0.459,0.586,-0.3,0.4,3.9,5.5,-9.8,-22.9,0.511429182,0.156926176,0.437788018,-0.72255623
131,330321,1241200,-0.678,-0.459,0.586,-0.3,0.4,3.9,5.5,-9.8,-22.9,0.511490219,0.156956694,0.437788018,-0.722495193
132,332795,1241210,-0.678,-0.459,0.582,-0.5,0.6,4.1,5.5,-9.8,-22.9,0.511551256,0.156987213,0.437788018,-0.722464675
133,336028,1241210,-0.674,-0.459,0.586,-0.6,0.9,4.1,5.5,-9.8,-22.9,0.511612293,0.15704825,0.437788018,-0.722403638
134,337931,1241210,-0.678,-0.463,0.59,-0.6,1.2,4.1,5.2,-7.1,-22.6,0.51167333,0.157109287,0.437818537,-0.722342601
135,341038,1241210,-0.682,-0.463,0.594,-0.7,1.5,4,5.2,-7.1,-22.6,0.511734367,0.157139805,0.437818537,-0.722281564
136,342798,1241220,-0.678,-0.467,0.586,-0.9,1.6,3.9,5.2,-7.1,-22.6,0.511764885,0.157200842,0.437849055,-0.722220527
137,346440,1241220,-0.682,-0.459,0.586,-1.2,1.5,3.8,5.2,-7.1,-22.6,0.511825922,0.157261879,0.437879574,-0.72215949
138,347925,1241220,-0.686,-0.459,0.574,-1.5,1.4,3.6,5.6,-7.1,-22.5,0.511886959,0.157292398,0.437910092,-0.722098453
139,350199,1241220,-0.686,-0.459,0.578,-1.6,1.4,3.5,5.6,-7.1,-22.5,0.511917478,0.157322916,0.437940611,-0.722037416
140,352893,1241230,-0.682,-0.455,0.586,-1.6,1.4,3.3,5.6,-7.1,-22.5,0.511978515,0.157353435,0.437971129,-0.721976379
141,356340,1241230,-0.674,-0.459,0.578,-1.5,1.5,3.2,5.6,-7.1,-22.5,0.512009033,0.157414472,0.437971129,-0.721915342
142,358588,1241230,-0.682,-0.455,0.582,-1.4,1.5,3.1,5.8,-6.6,-22.2,0.512039552,0.15744499,0.438032167,-0.721884823
143,360627,1241230,-0.682,-0.459,0.574,-1.3,1.4,2.9,5.8,-6.6,-22.2,0.512100589,0.15744499,0.438032167,-0.721823786
144,362772,1241240,-0.682,-0.459,0.57,-1,1.4,2.6,5.8,-6.6,-22.2,0.512131108,0.157506027,0.438062685,-0.721762749
145,365946,1241240,-0.682,-0.463,0.574,-0.8,1.6,2.3,5.8,-6.6,-22.2,0.512131108,0.157567064,0.438093204,-0.721732231
146,367629,1241240,-0.686,-0.463,0.574,-0.6,1.7,2,6,-6.7,-22.6,0.512161626,0.157597583,0.438123722,-0.721701712
147,371263,1241240,-0.678,-0.459,0.574,-0.3,1.9,1.8,6,-6.7,-22.6,0.512161626,0.157628101,0.438123722,-0.721671194
148,372864,1241250,-0.678,-0.455,0.57,-0.1,2,1.4,6,-6.7,-22.6,0.512192145,0.157689138,0.438154241,-0.721640675
149,376893,1241250,-0.678,-0.459,0.57,0,1.8,1,6,-6.7,-22.6,0.512192145,0.157719657,0.438184759,-0.721640675
150,377605,1241250,-0.678,-0.455,0.57,0.4,1.7,0.5,4.7,-8.4,-22.9,0.512253182,0.15787225,0.438062685,-0.721610157
151,380200,1241250,-0.674,-0.456,0.574,0.4,1.7,0.5,4.7,-8.4,-22.9,0.512253182,0.157902768,0.438062685,-0.721610157
152,383467,1241260,-0.678,-0.455,0.57,0.5,1.7,0.3,4.7,-8.4,-22.9,0.512222663,0.157933287,0.438062685,-0.721610157
153,385882,1241260,-0.678,-0.459,0.574,0.6,1.6,0.1,4.7,-8.4,-22.9,0.512222663,0.157994324,0.438093204,-0.721610157
154,388749,1241260,-0.674,-0.456,0.574,0.6,1.5,-0.1,4.7,-8.4,-22.9,0.512192145,0.158024842,0.438093204,-0.721610157
155,391621,1241260,-0.67,-0.467,0.582,0.5,1.6,-0.3,4.7,-8.4,-22.9,0.512161626,0.158055361,0.438093204,-0.721610157
156,393450,1241270,-0.674,-0.467,0.578,0.6,1.6,-0.5,4.7,-8.4,-22.9,0.512161626,0.158055361,0.438123722,-0.721610157
157,395367,1241270,-0.678,-0.471,0.574,0.7,1.6,-0.6,4.7,-8.4,-22.9,0.512131108,0.158085879,0.438123722,-0.721610157
158,397795,1241270,-0.674,-0.471,0.582,0.8,1.6,-0.8,4.7,-8.4,-22.9,0.512100589,0.158116398,0.438123722,-0.721640675
159,401260,1241270,-0.679,-0.479,0.574,0.9,1.5,-0.9,4.7,-8.4,-22.9,0.512039552,0.158146916,0.438123722,-0.721640675
160,403047,1241280,-0.675,-0.479,0.578,1,1.4,-1,4.7,-8.4,-22.9,0.512009033,0.158177435,0.438154241,-0.721671194
161,405346,1241280,-0.675,-0.483,0.574,1.1,1.3,-1.1,4.7,-8.4,-22.9,0.511978515,0.158207953,0.438154241,-0.721671194
162,407965,1241280,-0.675,-0.483,0.574,1.3,1.3,-1.2,4.7,-8.4,-22.9,0.511947996,0.158207953,0.438123722,-0.721701712
163,411423,1241280,-0.675,-0.483,0.578,1.4,1.3,-1.2,4.7,-8.4,-22.9,0.511917478,0.158238472,0.438123722,-0.721732231
164,413453,1241290,-0.671,-0.479,0.578,1.6,1.2,-1.2,4.7,-8.4,-22.9,0.511856441,0.15826899,0.438123722,-0.721762749
165,415230,1241290,-0.675,-0.483,0.582,1.6,1.2,-1.2,4.7,-8.4,-22.9,0.511825922,0.158299509,0.438123722,-0.721793268
166,418219,1241290,-0.667,-0.479,0.57,1.6,1.1,-1.2,4.7,-8.4,-22.9,0.511795404,0.158330027,0.438123722,-0.721793268
167,420230,1241290,-0.675,-0.475,0.574,1.5,1.1,-1.2,4.7,-8.4,-22.9,0.511764885,0.158360546,0.438093204,-0.721823786
168,422992,1241300,-0.667,-0.471,0.574,1.4,1.1,-1.1,4.7,-8.4,-22.9,0.511734367,0.158360546,0.438093204,-0.721854305
169,425499,1241300,-0.671,-0.471,0.574,1.2,1,-1.1,4.7,-8.4,-22.9,0.511703848,0.158391064,0.438093204,-0.721884823
170,428311,1241300,-0.671,-0.475,0.574,1,0.9,-0.9,4.9,-6.4,-21.7,0.51167333,0.158299509,0.438032167,-0.72194586
171,430671,1241300,-0.671,-0.475,0.57,1,0.9,-0.9,4.9,-6.4,-21.7,0.511642811,0.158330027,0.438032167,-0.721976379
172,432886,1241310,-0.675,-0.475,0.574,0.8,1,-0.8,4.9,-6.4,-21.7,0.511612293,0.158330027,0.438032167,-0.721976379
173,435336,1241310,-0.671,-0.471,0.574,0.6,1.1,-0.7,4.9,-6.4,-21.7,0.511581774,0.158360546,0.438032167,-0.721976379
174,439009,1241310,-0.675,-0.475,0.566,0.5,1.1,-0.6,4.9,-6.4,-21.7,0.511551256,0.158391064,0.438062685,-0.722006897
175,441499,1241310,-0.675,-0.471,0.578,0.3,1.2,-0.4,4.9,-6.4,-21.7,0.511551256,0.158391064,0.438062685,-0.722006897
176,444055,1241320,-0.679,-0.483,0.578,0.2,1.4,-0.3,4.9,-6.4,-21.7,0.511520737,0.158421583,0.438062685,-0.722006897
177,445462,1241320,-0.675,-0.475,0.578,0,1.5,-0.2,4.9,-6.4,-21.7,0.511490219,0.158421583,0.438093204,-0.722006897
178,447720,1241320,-0.683,-0.475,0.578,-0.2,1.5,-0.2,4.9,-6.4,-21.7,0.511490219,0.158421583,0.438123722,-0.722006897
179,450797,1241320,-0.683,-0.479,0.578,-0.3,1.4,-0.1,4.9,-6.4,-21.7,0.5114597,0.15848262,0.438123722,-0.721976379
180,452796,1241330,-0.683,-0.479,0.574,-0.3,1.3,0,4.9,-6.4,-21.7,0.5114597,0.15848262,0.438154241,-0.721976379
181,456159,1241330,-0.679,-0.479,0.574,-0.3,1.3,0,4.9,-6.4,-21.7,0.5114597,0.158513138,0.438184759,-0.721976379
182,457797,1241330,-0.679,-0.479,0.574,-0.3,1.4,0,4.9,-6.8,-24,0.511429182,0.158543657,0.438184759,-0.721976379
183,460618,1241330,-0.679,-0.479,0.574,-0.2,1.2,0,4.9,-6.8,-24,0.511429182,0.158543657,0.438215278,-0.72194586
184,462643,1241340,-0.683,-0.483,0.578,-0.1,1.1,0,4.9,-6.8,-24,0.511398663,0.158574175,0.438215278,-0.72194586
185,466159,1241340,-0.683,-0.487,0.578,0,1,0,4.9,-6.8,-24,0.511398663,0.158574175,0.438245796,-0.72194586
186,467882,1241340,-0.687,-0.487,0.574,0.2,1,0,4.9,-6.8,-24,0.511398663,0.158604694,0.438245796,-0.72194586
187,470942,1241340,-0.687,-0.487,0.574,0.4,1.1,0,4.9,-6.8,-24,0.511368145,0.158635212,0.438245796,-0.72194586
188,473000,1241350,-0.691,-0.487,0.574,0.5,1.2,0.1,4.9,-6.8,-24,0.511368145,0.158665731,0.438245796,-0.72194586
189,476349,1241350,-0.691,-0.479,0.574,0.7,1.2,0.1,4.9,-6.8,-24,0.511368145,0.158696249,0.438245796,-0.72194586
190,477934,1241350,-0.683,-0.483,0.586,1,1,0.1,4.9,-8.1,-23,0.511337626,0.158665731,0.438276315,-0.72194586
191,480475,1241350,-0.683,-0.483,0.586,1,1,0.1,4.9,-8.1,-23,0.511307108,0.158696249,0.438276315,-0.72194586
192,482992,1241360,-0.687,-0.479,0.582,1.1,1,0.1,4.9,-8.1,-23,0.511307108,0.158726768,0.438276315,-0.721976379
193,485633,1241360,-0.679,-0.479,0.578,1.2,1,0,4.9,-8.1,-23,0.511276589,0.158757286,0.438276315,-0.721976379
194,488566,1241360,-0.683,-0.483,0.586,1.4,0.9,0,4.8,-8,-23,0.511276589,0.158787805,0.438245796,-0.721976379
195,490600,1241360,-0.683,-0.487,0.578,1.6,0.7,0,4.8,-8,-23,0.511246071,0.158818323,0.438245796,-0.722006897
196,492981,1241370,-0.683,-0.487,0.582,1.6,0.7,0,4.8,-8,-23,0.511246071,0.158848842,0.438215278,-0.722006897
197,495171,1241370,-0.683,-0.483,0.582,1.7,0.9,0.2,4.8,-8,-23,0.511246071,0.158909879,0.438215278,-0.722006897
198,499308,1241370,-0.683,-0.487,0.582,1.8,1.1,0.3,4.9,-8.4,-22.9,0.511215552,0.158940397,0.438184759,-0.722037416
199,501381,1241370,-0.683,-0.483,0.582,1.8,1.3,0.3,4.9,-8.4,-22.9,0.511215552,0.158970916,0.438184759,-0.722037416
200,503628,1241380,-0.687,-0.483,0.582,2,1.3,0.3,4.9,-8.4,-22.9,0.511185034,0.159031953,0.438154241,-0.722037416
201,505822,1241380,-0.679,-0.483,0.578,2.1,1.3,0.3,4.9,-8.4,-22.9,0.511185034,0.15909299,0.438123722,-0.722067934
202,508046,1241380,-0.683,-0.483,0.582,2.2,1.2,0.4,5,-8.2,-22.5,0.511154515,0.159123508,0.438123722,-0.722067934
203,510307,1241380,-0.687,-0.479,0.582,2.4,1.2,0.4,5,-8.2,-22.5,0.511154515,0.159184545,0.438093204,-0.722098453
204,512621,1241390,-0.683,-0.483,0.582,2.4,1.3,0.5,5,-8.2,-22.5,0.511123997,0.159245582,0.438062685,-0.722098453
205,515092,1241390,-0.679,-0.483,0.578,2.3,1.5,0.5,5,-8.2,-22.5,0.511123997,0.159306619,0.438032167,-0.722098453
206,518606,1241390,-0.675,-0.479,0.578,2.3,1.5,0.6,5,-8.2,-22.5,0.511123997,0.159337138,0.437971129,-0.722128971
207,520137,1241390,-0.675,-0.471,0.578,2.2,1.5,0.7,5,-8.2,-22.5,0.511093478,0.159398175,0.437971129,-0.722128971
208,522903,1241400,-0.675,-0.479,0.582,2.2,1.6,0.7,5,-8.2,-22.5,0.511093478,0.159459212,0.437971129,-0.722128971
209,526021,1241400,-0.675,-0.475,0.582,2.2,1.7,0.7,5,-8.2,-22.5,0.51106296,0.159520249,0.437971129,-0.722128971
210,527870,1241400,-0.679,-0.483,0.586,2.3,1.9,0.7,5.1,-8.3,-21.5,0.51106296,0.159459212,0.437849055,-0.722220527
211,530262,1241400,-0.682,-0.475,0.59,2.3,1.9,0.7,5.1,-8.3,-21.5,0.51106296,0.159520249,0.437818537,-0.722251045
212,532595,1241410,-0.678,-0.475,0.59,2.3,2,0.9,5.1,-8.3,-21.5,0.511032441,0.159581286,0.437818537,-0.722251045
213,535273,1241410,-0.678,-0.475,0.586,2.2,2.3,1,5.1,-8.3,-21.5,0.511032441,0.159672842,0.437788018,-0.722251045
214,537595,1241410,-0.683,-0.479,0.582,2.1,2.4,1.1,4.9,-8.3,-21,0.511001923,0.159733879,0.437788018,-0.722251045
215,541330,1241410,-0.679,-0.483,0.586,2.1,2.5,1.1,4.9,-8.3,-21,0.511001923,0.159825434,0.437788018,-0.722251045
216,543731,1241420,-0.675,-0.479,0.59,2.3,2.6,1.1,4.9,-8.3,-21,0.510971404,0.159886471,0.4377575,-0.722251045
217,546039,1241420,-0.675,-0.483,0.59,2.5,2.6,1.1,4.9,-8.3,-21,0.510971404,0.159978027,0.4377575,-0.722251045
218,548042,1241420,-0.675,-0.491,0.59,2.7,2.6,1.1,4.7,-8.1,-21.4,0.510940886,0.160069582,0.437726981,-0.722251045
219,551766,1241420,-0.675,-0.491,0.59,3,2.7,1.2,4.7,-8.1,-21.4,0.510940886,0.160130619,0.437696463,-0.722251045
220,553874,1241430,-0.679,-0.491,0.586,3.2,2.8,1.2,4.7,-8.1,-21.4,0.510910367,0.160252693,0.437696463,-0.722251045
221,555404,1241430,-0.675,-0.491,0.59,3.4,3,1.2,4.7,-8.1,-21.4,0.510879849,0.160344249,0.437665944,-0.722281564
222,558499,1241430,-0.679,-0.491,0.582,3.5,3.1,1.2,4.8,-8.5,-21.6,0.510879849,0.160435804,0.437635426,-0.722281564
223,560364,1241430,-0.679,-0.487,0.59,3.7,3.2,1.2,4.8,-8.5,-21.6,0.51084933,0.16052736,0.437604907,-0.722281564
224,562725,1241440,-0.679,-0.483,0.59,4,3.2,1,4.8,-8.5,-21.6,0.510818812,0.160649434,0.437574389,-0.722312082
225,566092,1241440,-0.675,-0.483,0.586,4.1,3.3,0.8,4.8,-8.5,-21.6,0.510788293,0.160740989,0.43754387,-0.722312082
226,568346,1241440,-0.679,-0.479,0.59,4.3,3.3,0.6,4.8,-8.5,-21.6,0.510757775,0.160863063,0.437513352,-0.722342601
227,570528,1241440,-0.675,-0.479,0.586,4.6,3.2,0.6,4.8,-8.5,-21.6,0.510696738,0.160985137,0.437482833,-0.722373119
228,572872,1241450,-0.671,-0.483,0.589,5,3.2,0.7,4.8,-8.5,-21.6,0.510666219,0.161076693,0.437421796,-0.722403638
229,575315,1241450,-0.675,-0.483,0.586,5.3,3.3,0.7,4.8,-8.5,-21.6,0.510635701,0.161198767,0.437360759,-0.722434156
230,578804,1241450,-0.675,-0.475,0.586,5.7,3.6,0.5,4.9,-8.8,-23.1,0.510574664,0.161107212,0.437208167,-0.722586749
231,580358,1241450,-0.675,-0.475,0.586,5.7,3.6,0.5,4.9,-8.8,-23.1,0.510544145,0.161259804,0.43714713,-0.722647786
232,584095,1241460,-0.675,-0.479,0.586,5.7,3.8,0.4,4.9,-8.8,-23.1,0.510483108,0.16135136,0.437116611,-0.722678304
233,586120,1241460,-0.679,-0.479,0.586,5.8,3.9,0.2,4.9,-8.8,-23.1,0.510422071,0.161503952,0.437055574,-0.722708823
234,588051,1241460,-0.675,-0.479,0.574,5.9,4,0.2,5.1,-9,-23.7,0.510361034,0.161626026,0.436994537,-0.722739341
235,590183,1241460,-0.674,-0.467,0.582,6.1,4,0,5.1,-9,-23.7,0.510299997,0.161778619,0.436964019,-0.722800378
236,593690,1241470,-0.674,-0.471,0.582,6.3,4.1,-0.2,5.1,-9,-23.7,0.51023896,0.161900693,0.436902982,-0.722830897
237,595307,1241470,-0.678,-0.471,0.582,6.6,4.3,-0.5,5.1,-9,-23.7,0.510177923,0.162053285,0.436841945,-0.722891934
238,597855,1241470,-0.674,-0.463,0.578,6.7,4.5,-0.7,5.2,-8.6,-23.8,0.510086367,0.162175359,0.436780908,-0.722952971
239,600402,1241470,-0.678,-0.467,0.578,6.8,4.7,-1,5.2,-8.6,-23.8,0.509994812,0.162327952,0.436750389,-0.723014008
240,603444,1241480,-0.678,-0.459,0.582,6.8,4.8,-1.2,5.2,-8.6,-23.8,0.509903256,0.162450026,0.436689352,-0.723075045
241,605663,1241480,-0.682,-0.463,0.582,6.8,4.8,-1.3,5.2,-8.6,-23.8,0.509811701,0.162602618,0.436628315,-0.723136082
242,607956,1241480,-0.686,-0.463,0.582,6.9,4.9,-1.4,4.9,-8.8,-23.9,0.509720145,0.162755211,0.436597797,-0.723197119
243,610319,1241480,-0.69,-0.471,0.586,7.1,4.9,-1.5,4.9,-8.8,-23.9,0.50962859,0.162877285,0.43653676,-0.723258156
244,613720,1241490,-0.686,-0.471,0.586,7.3,5,-1.8,4.9,-8.8,-23.9,0.509537034,0.163029878,0.436475723,-0.723349712
245,615496,1241490,-0.69,-0.475,0.594,7.5,5.2,-1.9,4.9,-8.8,-23.9,0.50941496,0.16318247,0.436414686,-0.723410749
246,617692,1241490,-0.69,-0.471,0.59,7.7,5.3,-2.1,4.9,-8.8,-23.9,0.509292886,0.163304544,0.436384167,-0.723502304
247,620461,1241490,-0.69,-0.471,0.586,7.9,5.4,-2.3,4.9,-8.8,-23.9,0.509201331,0.163487655,0.43632313,-0.72359386
248,623721,1241500,-0.698,-0.475,0.59,8,5.5,-2.7,4.9,-8.8,-23.9,0.509079257,0.163640248,0.436262093,-0.723624378
249,625960,1241500,-0.698,-0.471,0.594,8.3,5.6,-3.1,4.9,-8.8,-23.9,0.508926664,0.16379284,0.436201056,-0.723776971
250,628124,1241500,-0.698,-0.475,0.598,8.9,5.5,-3.9,4.8,-8.8,-22.8,0.508835108,0.163914914,0.436017945,-0.723899045
251,630390,1241500,-0.698,-0.475,0.598,8.9,5.5,-3.9,4.8,-8.8,-22.8,0.508682516,0.164067507,0.435987426,-0.724021119
252,632824,1241510,-0.706,-0.478,0.598,9.3,5.5,-4.3,4.8,-8.8,-22.8,0.508529923,0.164220099,0.435895871,-0.724143193
253,636294,1241510,-0.706,-0.478,0.602,9.9,5.5,-4.7,4.8,-8.8,-22.8,0.508346812,0.164372692,0.435834834,-0.724265267
254,637849,1241510,-0.702,-0.486,0.606,10.5,5.6,-5.1,4.8,-8.7,-22.7,0.50819422,0.164525285,0.435743278,-0.724387341
255,640421,1241510,-0.702,-0.49,0.61,11,5.7,-5.6,4.8,-8.7,-22.7,0.508011109,0.164677877,0.435651723,-0.724539933
256,644240,1241520,-0.703,-0.502,0.606,11.6,5.8,-6,4.8,-8.7,-22.7,0.507797479,0.16483047,0.435560167,-0.724692526
257,646341,1241520,-0.699,-0.502,0.606,12.2,5.7,-6.3,4.8,-8.7,-22.7,0.507614368,0.165013581,0.435438093,-0.724875637
258,647894,1241520,-0.699,-0.51,0.614,13.1,5.6,-6.5,5.2,-8.8,-22.9,0.507400739,0.165196692,0.435316019,-0.725058748
259,650314,1241520,-0.695,-0.506,0.61,13.9,5.5,-6.8,5.2,-8.8,-22.9,0.507187109,0.165349284,0.435193945,-0.725241859
260,653181,1241530,-0.695,-0.514,0.618,14.5,5.6,-7.2,5.2,-8.8,-22.9,0.506973479,0.165532395,0.435041353,-0.72542497
261,657055,1241530,-0.703,-0.514,0.618,15,5.7,-7.7,5.2,-8.8,-22.9,0.506729331,0.165715506,0.434919279,-0.7256386
262,659349,1241530,-0.699,-0.514,0.618,15.4,6,-8.1,5.4,-9,-22.7,0.506515702,0.165929136,0.434766686,-0.725852229
263,661551,1241530,-0.691,-0.514,0.621,16,6.1,-8.3,5.4,-9,-22.7,0.506241035,0.166112247,0.434614093,-0.726065859
264,663821,1241540,-0.691,-0.518,0.625,16.8,6.2,-8.4,5.4,-9,-22.7,0.505996887,0.166325877,0.434430982,-0.726310007
265,666237,1241540,-0.691,-0.518,0.625,17.6,6.2,-8.6,5.4,-9,-22.7,0.505752739,0.166539506,0.434247871,-0.726554155
266,667815,1241540,-0.691,-0.514,0.629,18.5,6.2,-8.6,5.4,-9,-22.7,0.505478072,0.166753136,0.43406476,-0.726798303
267,670372,1241540,-0.691,-0.51,0.625,19.3,6.2,-8.7,5.4,-9,-22.7,0.505203406,0.166966765,0.433851131,-0.727042451
268,672601,1241550,-0.687,-0.514,0.633,19.8,6.2,-8.8,5.4,-9,-22.7,0.504928739,0.167210913,0.433637501,-0.727317118
269,676701,1241550,-0.683,-0.514,0.633,20.3,6.3,-9.1,5.4,-9,-22.7,0.504654073,0.167455061,0.433423872,-0.727591784
270,678973,1241550,-0.667,-0.526,0.632,21.3,6.7,-9.1,6.6,-8.9,-22.4,0.504318369,0.16748558,0.433118686,-0.727988525
271,681096,1241550,-0.671,-0.518,0.648,21.3,6.7,-9.1,6.6,-8.9,-22.4,0.504043703,0.167729728,0.432874538,-0.728263192
272,683350,1241560,-0.679,-0.522,0.648,22,6.9,-8.9,6.6,-8.9,-22.4,0.503769036,0.168004395,0.43263039,-0.728537858
273,685679,1241560,-0.671,-0.518,0.64,22.7,7.2,-8.6,6.6,-8.9,-22.4,0.503463851,0.168279061,0.432386242,-0.728812525
274,687864,1241560,-0.671,-0.514,0.644,23.2,7.5,-8.6,7.1,-8.6,-22.4,0.503189184,0.168584246,0.432111576,-0.72911771
275,690474,1241560,-0.667,-0.515,0.644,23.7,7.9,-8.6,7.1,-8.6,-22.4,0.502883999,0.168889431,0.431867428,-0.729392376
276,692831,1241570,-0.667,-0.507,0.648,24.2,8.2,-8.8,7.1,-8.6,-22.4,0.502578814,0.169164098,0.43162328,-0.729697562
277,696837,1241570,-0.667,-0.503,0.648,24.6,8.5,-9,7.1,-8.6,-22.4,0.50224311,0.16953032,0.431348613,-0.730002747
278,698376,1241570,-0.655,-0.503,0.648,25.1,8.8,-9.1,7.4,-9.6,-22.4,0.501937925,0.169835505,0.431073946,-0.730307932
279,700553,1241570,-0.651,-0.503,0.648,25.7,9.2,-9,7.4,-9.6,-22.4,0.501602222,0.170201727,0.43079928,-0.730613117
280,702851,1241580,-0.647,-0.503,0.647,26.4,9.6,-9,7.4,-9.6,-22.4,0.501266518,0.170537431,0.430524613,-0.730918302
281,705123,1241580,-0.643,-0.507,0.643,27.1,10.2,-8.9,7.4,-9.6,-22.4,0.500930815,0.170934172,0.430219428,-0.731223487
282,708014,1241580,-0.635,-0.507,0.643,27.9,10.7,-8.9,7.4,-9.1,-22.1,0.500564592,0.171330912,0.429944761,-0.731559191
283,710340,1241580,-0.631,-0.508,0.643,28.5,11.2,-8.9,7.4,-9.1,-22.1,0.500228889,0.171727653,0.429639576,-0.731864376
284,712608,1241590,-0.631,-0.5,0.639,29.2,11.8,-8.9,7.4,-9.1,-22.1,0.499862667,0.172154912,0.429334391,-0.732200079
285,716131,1241590,-0.627,-0.496,0.639,29.9,12.4,-8.9,7.4,-9.1,-22.1,0.499496445,0.172582171,0.429029206,-0.732535783
286,717755,1241590,-0.619,-0.484,0.647,30.5,13,-8.9,7.4,-9.1,-22.1,0.499099704,0.173039949,0.428693503,-0.732871487
287,720110,1241590,-0.619,-0.476,0.639,31.1,13.6,-8.9,7.4,-9.1,-22.1,0.498733482,0.173528245,0.428388318,-0.73320719
288,723093,1241600,-0.619,-0.469,0.631,31.7,14.1,-9,7.4,-9.1,-22.1,0.498336741,0.174016541,0.428083132,-0.733542894
289,725211,1241600,-0.607,-0.461,0.631,32.2,14.7,-9.1,7.4,-9.1,-22.1,0.497909482,0.174504837,0.427747429,-0.733878597
290,728525,1241600,-0.607,-0.461,0.635,33.4,16.1,-9.1,5.3,-9.9,-22.1,0.497482223,0.174748985,0.427228614,-0.734427931
291,730110,1241600,-0.607,-0.461,0.635,33.4,16.1,-9.1,5.3,-9.9,-22.1,0.497054964,0.175298318,0.426892911,-0.734763634
292,733567,1241610,-0.611,-0.465,0.627,34,17,-9,5.3,-9.9,-22.1,0.496627705,0.175847652,0.426587725,-0.735129856
293,735144,1241610,-0.603,-0.469,0.619,34.6,17.7,-8.9,5.3,-9.9,-22.1,0.496200446,0.176427503,0.426252022,-0.73546556
294,738104,1241610,-0.599,-0.473,0.611,35.2,18.2,-8.7,4.8,-10.1,-21.8,0.495742668,0.177037873,0.425916318,-0.735831782
295,740410,1241610,-0.607,-0.473,0.615,35.6,18.8,-8.6,4.8,-10.1,-21.8,0.49528489,0.177617725,0.425580615,-0.736167486
296,742684,1241620,-0.603,-0.469,0.607,36,19.6,-8.6,4.8,-10.1,-21.8,0.494827113,0.178258614,0.425244911,-0.736533708
297,746481,1241620,-0.607,-0.469,0.603,36.1,20.3,-8.7,4.8,-10.1,-21.8,0.494369335,0.178899503,0.424909207,-0.736869411
298,747836,1241620,-0.611,-0.473,0.6,36.3,21.1,-8.8,3.2,-10.2,-21.6,0.493881039,0.179540391,0.424604022,-0.737235633
299,750863,1241620,-0.615,-0.469,0.6,36.5,21.7,-9,3.2,-10.2,-21.6,0.493392743,0.180211798,0.424268319,-0.737571337
300,752567,1241630,-0.623,-0.468,0.604,36.8,22.4,-9.2,3.2,-10.2,-21.6,0.492904447,0.180883206,0.423963134,-0.737937559
301,755369,1241630,-0.623,-0.468,0.604,37.2,23.2,-9.5,3.2,-10.2,-21.6,0.492385632,0.181554613,0.423657949,-0.738273263
302,758456,1241630,-0.627,-0.472,0.6,37.9,24,-9.7,3,-10.1,-21.6,0.491836299,0.182256539,0.423322245,-0.738639485
303,760081,1241630,-0.627,-0.48,0.604,38.5,24.6,-10,3,-10.1,-21.6,0.491317484,0.182988983,0.42301706,-0.739005707
304,763007,1241640,-0.631,-0.484,0.584,39,25.1,-10.1,3,-10.1,-21.6,0.490707114,0.183721427,0.422711875,-0.739371929
305,766114,1241640,-0.631,-0.484,0.584,39.6,25.4,-10.4,3,-10.1,-21.6,0.490188299,0.184453871,0.422345653,-0.73976867
306,767794,1241640,-0.631,-0.488,0.581,40.2,25.7,-10.8,3,-10.1,-21.6,0.489608448,0.185186316,0.422040468,-0.740134892
307,770777,1241640,-0.635,-0.488,0.581,41,26.1,-11.3,3,-10.1,-21.6,0.489028596,0.185949278,0.421704764,-0.740531632
308,772883,1241650,-0.631,-0.48,0.581,41.9,26.4,-11.9,3,-10.1,-21.6,0.488418226,0.186712241,0.42136906,-0.740928373
309,776089,1241650,-0.631,-0.476,0.577,42.8,26.9,-12.6,3,-10.1,-21.6,0.487777337,0.187505722,0.421002838,-0.741355632
310,778206,1241650,-0.639,-0.468,0.565,44.5,27.5,-14.1,4.2,-9,-20.9,0.486953337,0.187719352,0.420697653,-0.742027039
311,780484,1241650,-0.639,-0.468,0.565,44.5,27.5,-14.1,4.2,-9,-20.9,0.48628193,0.188543352,0.420331431,-0.742454299
312,782882,1241660,-0.643,-0.464,0.561,45.3,27.8,-14.7,4.2,-9,-20.9,0.485580004,0.189336833,0.419965209,-0.742912076
313,785802,1241660,-0.643,-0.468,0.557,45.9,28.2,-15.4,4.2,-9,-20.9,0.484908597,0.190130314,0.419568468,-0.743369854
314,788654,1241660,-0.643,-0.464,0.554,46.5,28.5,-16,5.2,-9.2,-21,0.484176153,0.190954314,0.419202246,-0.74385815
315,790237,1241660,-0.639,-0.46,0.553,47,28.8,-16.7,5.2,-9.2,-21,0.483443709,0.191747795,0.418805506,-0.744346446
316,793185,1241670,-0.635,-0.456,0.549,47.3,29.2,-17.5,5.2,-9.2,-21,0.482711264,0.192571795,0.418408765,-0.744834742
317,795919,1241670,-0.635,-0.46,0.542,47.6,29.5,-18.4,5.2,-9.2,-21,0.481917783,0.193395795,0.418042543,-0.745353557
318,797621,1241670,-0.635,-0.449,0.545,47.7,29.8,-19.3,6.6,-9.1,-21,0.481124302,0.194189276,0.417645802,-0.745872372
319,800587,1241670,-0.635,-0.445,0.538,47.8,30,-20,6.6,-9.1,-21,0.480330821,0.195013276,0.41727958,-0.746391186
320,802756,1241680,-0.635,-0.445,0.542,47.8,30.1,-20.6,6.6,-9.1,-21,0.479506821,0.195806757,0.416882839,-0.746910001
321,805835,1241680,-0.631,-0.437,0.537,47.6,30.1,-20.9,6.6,-9.1,-21,0.47871334,0.196600238,0.416486099,-0.747428816
322,807709,1241680,-0.634,-0.433,0.534,47.4,30.1,-21.3,7.5,-9.8,-20.9,0.477858821,0.197393719,0.416150395,-0.74794763
323,811110,1241680,-0.63,-0.429,0.537,47,30.4,-21.8,7.5,-9.8,-20.9,0.477034822,0.198187201,0.415814692,-0.748466445
324,812668,1241690,-0.63,-0.425,0.53,46.4,30.6,-22.5,7.5,-9.8,-20.9,0.476180303,0.198980682,0.415448469,-0.74898526
325,815675,1241690,-0.63,-0.425,0.526,45.7,30.9,-23.1,7.5,-9.8,-20.9,0.475325785,0.199743645,0.415143284,-0.749504074
326,817831,1241690,-0.622,-0.425,0.526,45,31.1,-23.6,7.5,-9.8,-20.9,0.474471267,0.200506607,0.414807581,-0.750022889
327,820836,1241690,-0.626,-0.421,0.522,44.3,31.3,-23.9,7.5,-9.8,-20.9,0.47358623,0.20126957,0.414532914,-0.750541704
328,822603,1241700,-0.627,-0.429,0.522,43.4,31.5,-24.5,7.5,-9.8,-20.9,0.472731712,0.202002014,0.414258248,-0.751060518
329,826267,1241700,-0.623,-0.433,0.522,42.6,31.8,-24.9,7.5,-9.8,-20.9,0.471846675,0.202734458,0.413983581,-0.751548814
330,827641,1241700,-0.619,-0.433,0.518,41,32.5,-26.1,7.4,-10.5,-21,0.470870083,0.203344829,0.413861507,-0.752067629
331,830970,1241700,-0.623,-0.429,0.514,41,32.5,-26.1,7.4,-10.5,-21,0.469954527,0.204077273,0.413617359,-0.752555925
332,832762,1241710,-0.627,-0.429,0.514,40.1,32.9,-26.7,7.4,-10.5,-21,0.469038972,0.204779199,0.413434248,-0.753044221
333,835388,1241710,-0.619,-0.429,0.518,39.3,33.3,-27.4,7.4,-10.5,-21,0.468123417,0.205481124,0.413251137,-0.753532517
334,838273,1241710,-0.627,-0.429,0.514,38.6,33.6,-27.9,7.4,-10.8,-20.9,0.467177343,0.20618305,0.413068026,-0.754020814
335,841367,1241710,-0.623,-0.437,0.518,38.2,33.8,-28.2,7.4,-10.8,-20.9,0.466231269,0.206884976,0.412915433,-0.75450911
336,843635,1241720,-0.626,-0.421,0.518,37.7,33.9,-28.7,7.4,-10.8,-20.9,0.465285195,0.207556383,0.412762841,-0.754966887
337,845128,1241720,-0.631,-0.429,0.514,37.5,34.2,-29.1,7.4,-10.8,-20.9,0.464339122,0.20822779,0.412640767,-0.755455184
338,848291,1241720,-0.638,-0.421,0.506,37.2,34.5,-29.5,7.3,-10.6,-20.7,0.463362529,0.208929716,0.412518693,-0.75594348
339,850431,1241720,-0.638,-0.421,0.51,37.1,34.8,-29.9,7.3,-10.6,-20.7,0.462385937,0.209601123,0.4123661,-0.756401257
340,853435,1241730,-0.642,-0.421,0.518,36.6,35.1,-30.4,7.3,-10.6,-20.7,0.461378826,0.21027253,0.412274545,-0.756889554
341,855167,1241730,-0.65,-0.421,0.511,36,35.3,-30.8,7.3,-10.6,-20.7,0.460402234,0.210943937,0.412182989,-0.757347331
342,858243,1241730,-0.658,-0.413,0.507,35.4,35.6,-31.3,7.8,-11.4,-20.6,0.459395123,0.211615345,0.412091433,-0.757835627
343,861216,1241730,-0.662,-0.417,0.503,34.8,36,-31.7,7.8,-11.4,-20.6,0.458388012,0.212256233,0.412030396,-0.758293405
344,863324,1241740,-0.666,-0.417,0.507,34.2,36.5,-32.3,7.8,-11.4,-20.6,0.457350383,0.212927641,0.411969359,-0.758751183
345,866397,1241740,-0.686,-0.42,0.5,33.7,36.8,-32.8,7.8,-11.4,-20.6,0.456343272,0.213568529,0.411938841,-0.75920896
346,868543,1241740,-0.69,-0.42,0.5,33.3,37,-33.4,8.2,-10.3,-19.8,0.455275124,0.214209418,0.411908322,-0.759666738
347,870300,1241740,-0.686,-0.424,0.512,33.1,37.2,-34.3,8.2,-10.3,-19.8,0.454237495,0.214850307,0.411877804,-0.760155034
348,873995,1241750,-0.69,-0.424,0.508,33,37.2,-35.3,8.2,-10.3,-19.8,0.453138829,0.215491195,0.411877804,-0.760612812
349,876028,1241750,-0.698,-0.424,0.504,33.1,37.2,-35.9,8.2,-10.3,-19.8,0.452070681,0.216101566,0.411847285,-0.761101108
350,877640,1241750,-0.706,-0.416,0.496,33.2,36.9,-36.1,8.1,-13.3,-20.2,0.450910978,0.216864528,0.412060915,-0.761436811
351,881105,1241750,-0.706,-0.416,0.496,33.2,36.9,-36.1,8.1,-13.3,-20.2,0.449812311,0.217474899,0.412030396,-0.761925108
352,882549,1241760,-0.718,-0.411,0.501,33.1,36.9,-36.2,8.1,-13.3,-20.2,0.448744163,0.218085269,0.412030396,-0.762413404
353,886365,1241760,-0.726,-0.407,0.489,33.1,37,-36.7,8.1,-13.3,-20.2,0.447614978,0.218695639,0.411999878,-0.7629017
354,887937,1241760,-0.726,-0.407,0.493,33,37.2,-37.4,8.3,-13.5,-20,0.446516312,0.219306009,0.411999878,-0.763359478
355,890370,1241760,-0.734,-0.407,0.493,32.9,37.3,-38.2,8.3,-13.5,-20,0.445387127,0.219885861,0.411999878,-0.763878292
356,894280,1241770,-0.73,-0.411,0.493,32.8,37.4,-39.1,8.3,-13.5,-20,0.444227424,0.220496231,0.411999878,-0.764366588
357,896545,1241770,-0.73,-0.407,0.489,32.9,37.5,-39.9,8.3,-13.5,-20,0.443067721,0.221076083,0.411999878,-0.764854884
358,897624,1241770,-0.73,-0.411,0.489,33.1,37.5,-40.5,8.6,-13.3,-19.7,0.441877499,0.221655934,0.411999878,-0.765373699
359,900259,1241770,-0.726,-0.411,0.489,33.5,37.5,-41,8.6,-13.3,-19.7,0.440717795,0.222235786,0.411999878,-0.765892514
360,902591,1241780,-0.737,-0.403,0.486,34,37.5,-41.5,8.6,-13.3,-19.7,0.439527573,0.222815638,0.411999878,-0.766411328
361,905447,1241780,-0.741,-0.399,0.482,34.4,37.5,-42.2,8.6,-13.3,-19.7,0.438306833,0.223395489,0.411999878,-0.766930143
362,907691,1241780,-0.745,-0.395,0.486,34.7,37.5,-43,9.4,-13.3,-19.7,0.437086093,0.223975341,0.411969359,-0.767479476
363,910235,1241780,-0.745,-0.387,0.49,35.1,37.4,-43.8,9.4,-13.3,-19.7,0.435834834,0.224555193,0.411969359,-0.768028809
364,913650,1241790,-0.757,-0.383,0.494,35.5,37.3,-44.5,9.4,-13.3,-19.7,0.434583575,0.225104526,0.411938841,-0.768578143
365,915167,1241790,-0.761,-0.375,0.482,35.9,37.3,-45.1,9.4,-13.3,-19.7,0.433301798,0.225653859,0.411908322,-0.769157994
366,917956,1241790,-0.761,-0.367,0.486,36.3,37.4,-45.7,9.9,-10.6,-17.9,0.43202002,0.226233711,0.411877804,-0.769737846
367,920990,1241790,-0.769,-0.363,0.49,36.6,37.4,-46.2,9.9,-10.6,-17.9,0.430738243,0.226783044,0.411847285,-0.770317698
368,922714,1241800,-0.772,-0.355,0.494,36.6,37.3,-46.7,9.9,-10.6,-17.9,0.429425947,0.227332377,0.411816767,-0.770897549
369,926257,1241800,-0.78,-0.351,0.494,36.5,37.1,-47.1,9.9,-10.6,-17.9,0.428113651,0.22788171,0.411786248,-0.771477401
370,927716,1241800,-0.804,-0.347,0.495,36.1,36.9,-47.6,9.8,-11.9,-20.8,0.427045503,0.229346599,0.411786248,-0.771629994
371,931087,1241800,-0.808,-0.339,0.495,36.1,36.9,-47.6,9.8,-11.9,-20.8,0.425733207,0.229895932,0.41175573,-0.772209845
372,932828,1241810,-0.82,-0.342,0.503,35.8,36.9,-47.8,9.8,-11.9,-20.8,0.424420911,0.230414747,0.41175573,-0.772789697
373,936288,1241810,-0.828,-0.342,0.507,35.4,36.8,-47.8,9.8,-11.9,-20.8,0.423108615,0.230933561,0.411725211,-0.773369549
374,937750,1241810,-0.836,-0.334,0.511,35,36.6,-47.9,9.8,-11.1,-20.7,0.421796319,0.231452376,0.411725211,-0.773918882
375,940508,1241810,-0.855,-0.322,0.508,34.6,36.3,-48.1,9.8,-11.1,-20.7,0.420484024,0.231940672,0.411694693,-0.774498733
376,942898,1241820,-0.859,-0.322,0.512,34,35.9,-48.4,9.8,-11.1,-20.7,0.419141209,0.232428968,0.411694693,-0.775078585
377,945295,1241820,-0.867,-0.314,0.516,33.2,35.6,-48.8,9.8,-11.1,-20.7,0.417828913,0.232886746,0.411725211,-0.775627918
378,947609,1241820,-0.871,-0.314,0.516,32.3,35.1,-49,10.6,-10.6,-20.6,0.416486099,0.233344523,0.411725211,-0.776177252
379,951119,1241820,-0.891,-0.313,0.513,31.5,34.8,-49.2,10.6,-10.6,-20.6,0.41523484,0.233771783,0.41175573,-0.776757103
380,952773,1241830,-0.895,-0.313,0.517,30.7,34.3,-49.3,10.6,-10.6,-20.6,0.413922544,0.234199042,0.411816767,-0.777275918
381,956258,1241830,-0.903,-0.313,0.509,29.8,33.7,-49.5,10.6,-10.6,-20.6,0.41257973,0.234595782,0.411877804,-0.777825251
382,958601,1241830,-0.911,-0.321,0.502,28.8,33.1,-49.6,10.7,-11.1,-20.4,0.411328471,0.234962004,0.411938841,-0.778374584
383,960802,1241830,-0.919,-0.316,0.506,27.7,32.5,-49.7,10.7,-11.1,-20.4,0.410046693,0.235328227,0.411999878,-0.778893399
384,963059,1241840,-0.923,-0.32,0.514,26.5,31.9,-49.9,10.7,-11.1,-20.4,0.408795434,0.23566393,0.412091433,-0.779412214
385,965260,1241840,-0.923,-0.328,0.51,25.6,31.3,-50.2,10.7,-11.1,-20.4,0.407513657,0.235969115,0.412182989,-0.779931028
386,967945,1241840,-0.931,-0.328,0.51,24.9,30.9,-50.6,11,-11.9,-18.5,0.40623188,0.236243782,0.412305063,-0.780449843
387,970198,1241840,-0.939,-0.336,0.514,24.6,30.6,-51.1,11,-11.9,-18.5,0.404980621,0.236548967,0.412427137,-0.780968657
388,974412,1241850,-0.939,-0.332,0.514,24.7,30.1,-51.6,11,-11.9,-18.5,0.403698843,0.236793115,0.412518693,-0.781487472
389,975059,1241850,-0.939,-0.336,0.522,25,29.6,-52.1,11,-11.9,-18.5,0.402417066,0.237067782,0.412640767,-0.782006287
390,977602,1241850,-0.946,-0.328,0.53,25.6,29.2,-52.5,11.1,-12.1,-17.9,0.40110477,0.23731193,0.412732322,-0.78255562
391,981832,1241850,-0.954,-0.312,0.534,26.2,28.7,-53.1,11.1,-12.1,-17.9,0.399822993,0.237525559,0.412793359,-0.783104953
392,984015,1241860,-0.962,-0.308,0.55,26.7,28.1,-53.7,11.1,-12.1,-17.9,0.398510697,0.237769707,0.412854396,-0.783684805
393,985481,1241860,-0.966,-0.292,0.542,27.2,27.6,-54.1,11.1,-12.1,-17.9,0.397167882,0.238013855,0.412915433,-0.784234138
394,988552,1241860,-0.981,-0.268,0.542,27.7,27,-54.5,11.9,-12,-17.2,0.395855586,0.238227485,0.41297647,-0.78481399
395,990253,1241860,-0.985,-0.252,0.546,28.4,26.4,-54.6,11.9,-12,-17.2,0.394543291,0.238410596,0.41297647,-0.78542436
396,993794,1241870,-0.989,-0.236,0.546,29.1,25.5,-54.6,11.9,-12,-17.2,0.393230995,0.238624226,0.413006989,-0.786004212
397,995274,1241870,-1.012,-0.208,0.539,29.7,24.6,-54.6,11.9,-12,-17.2,0.391918699,0.238807337,0.41297647,-0.786614582
398,997803,1241870,-1.02,-0.188,0.535,29.9,23.5,-54.5,11.8,-11.9,-16,0.390606403,0.238959929,0.412945952,-0.787224952
399,1002031,1241870,-1.039,-0.176,0.544,29.7,22.6,-54.2,11.8,-11.9,-16,0.389324625,0.239112522,0.412915433,-0.787835322
400,1004271,1241880,-1.055,-0.152,0.532,28.8,21.8,-54,11.8,-11.9,-16,0.388042848,0.239265114,0.412884915,-0.788445692
401,1006585,1241880,-1.094,-0.128,0.518,27.2,21,-53.6,11.8,-11.9,-16,0.386791589,0.23935667,0.412884915,-0.789025544
402,1008020,1241880,-1.106,-0.116,0.522,25.2,20.3,-53.3,12,-11.6,-14.9,0.38554033,0.239448225,0.412884915,-0.789605396
403,1010311,1241880,-1.122,-0.103,0.518,22.9,19.4,-53,12,-11.6,-14.9,0.384350108,0.239478744,0.412945952,-0.790154729
404,1013023,1241890,-1.134,-0.095,0.515,20.1,18.7,-52.9,12,-11.6,-14.9,0.383159886,0.239478744,0.413006989,-0.790673544
405,1016349,1241890,-1.165,-0.091,0.516,17.3,18,-52.9,12,-11.6,-14.9,0.381969665,0.239478744,0.413159581,-0.791192358
406,1017944,1241890,-1.173,-0.083,0.516,14.6,17.4,-52.9,12.5,-11.7,-20.3,0.38084048,0.239448225,0.413312174,-0.791680654
407,1021346,1241890,-1.193,-0.066,0.516,12.3,16.8,-52.7,12.5,-11.7,-20.3,0.379711295,0.23935667,0.413525803,-0.792138432
408,1022822,1241900,-1.205,-0.07,0.528,10.2,16.1,-52.1,12.5,-11.7,-20.3,0.378612629,0.239265114,0.413739433,-0.792565691
409,1025647,1241900,-1.228,-0.054,0.545,8.7,15.3,-51.4,12.5,-11.7,-20.3,0.377544481,0.239112522,0.413983581,-0.79299295
410,1028592,1241900,-1.24,-0.057,0.553,7.5,14.3,-50.4,12.9,-11.7,-17.7,0.376476333,0.238990448,0.414258248,-0.793389691
411,1030228,1241900,-1.248,-0.053,0.565,6.9,13.3,-49.2,12.9,-11.7,-17.7,0.375469222,0.238807337,0.414502396,-0.793786431
412,1033365,1241910,-1.279,-0.056,0.601,6.8,12.4,-47.9,12.9,-11.7,-17.7,0.37449263,0.238654744,0.414716025,-0.794183172
413,1036350,1241910,-1.287,-0.048,0.612,6.9,11.3,-46.4,12.9,-11.7,-17.7,0.373516037,0.238502152,0.414929655,-0.794579913
414,1037844,1241910,-1.318,-0.032,0.637,7.3,10.4,-44.8,13,-11.8,-18.2,0.372661519,0.23831904,0.415143284,-0.794946135
415,1040936,1241910,-1.303,-0.036,0.625,7.6,9.4,-43.2,13,-11.8,-18.2,0.371776482,0.238166448,0.415295877,-0.795312357
416,1042642,1241920,-1.357,0.003,0.681,8,8.5,-42.3,13,-11.8,-18.2,0.370921964,0.237983337,0.415448469,-0.795678579
417,1046088,1241920,-1.345,0.003,0.684,8.4,7.6,-41.6,13,-11.8,-18.2,0.370067446,0.237830744,0.415570544,-0.79607532
418,1047625,1241920,-1.361,0.031,0.7,9.1,6.9,-41.3,13.3,-11.6,-19.1,0.369243446,0.237647633,0.415692618,-0.796441542
419,1050534,1241920,-1.365,0.039,0.712,10,6,-40.7,13.3,-11.6,-19.1,0.368449965,0.237464522,0.415784173,-0.796838282
420,1053867,1241930,-1.372,0.078,0.755,10.8,5.1,-39.7,13.3,-11.6,-19.1,0.367656484,0.237281411,0.41584521,-0.797235023
421,1055395,1241930,-1.395,0.103,0.724,11.5,4.1,-37.9,13.3,-11.6,-19.1,0.366893521,0.2370983,0.415875729,-0.797601245
422,1058112,1241930,-1.383,0.118,0.72,11.9,2.9,-35.6,13.5,-11.6,-19.7,0.366191595,0.236915189,0.41584521,-0.797997986
423,1061150,1241930,-1.383,0.153,0.716,11.9,1.5,-32.9,13.5,-11.6,-19.7,0.365520188,0.236732078,0.41584521,-0.798364208
424,1062984,1241940,-1.386,0.169,0.736,11.6,0.2,-30.1,13.5,-11.6,-19.7,0.364940336,0.236548967,0.415784173,-0.798699911
425,1066045,1241940,-1.386,0.173,0.716,10.7,-0.9,-27.4,13.5,-11.6,-19.7,0.364421522,0.236396374,0.415723136,-0.799035615
426,1067557,1241940,-1.378,0.189,0.696,9.4,-2.1,-25.2,13.2,-11.6,-18.1,0.363933226,0.236182745,0.415692618,-0.799310282
427,1070215,1241940,-1.386,0.216,0.689,7.9,-3.5,-23.4,13.2,-11.6,-18.1,0.363536485,0.235969115,0.415631581,-0.799584948
428,1073730,1241950,-1.394,0.24,0.673,6.2,-5,-21.5,13.2,-11.6,-18.1,0.363170263,0.235755486,0.415601062,-0.799859615
429,1075260,1241950,-1.401,0.248,0.669,4.2,-6.7,-18.7,13.2,-11.6,-18.1,0.362865078,0.235480819,0.415570544,-0.800073244
430,1078028,1241950,-1.409,0.287,0.638,1.8,-8.5,-15.5,13.4,-11.6,-17.9,0.362681967,0.235206153,0.415540025,-0.800256355
431,1081146,1241950,-1.421,0.303,0.619,-0.9,-10.5,-12.1,13.4,-11.6,-17.9,0.362559893,0.234900967,0.415540025,-0.800408948
432,1082678,1241960,-1.432,0.312,0.607,-4.2,-12.6,-9.2,13.4,-11.6,-17.9,0.362529374,0.234565264,0.415570544,-0.800500504
433,1085243,1241960,-1.432,0.315,0.604,-8.1,-14.8,-6.6,13.4,-11.6,-17.9,0.362590411,0.234199042,0.415631581,-0.800561541
434,1087993,1241960,-1.428,0.319,0.592,-12.3,-17.1,-4.5,13.3,-11.3,-17.8,0.362743004,0.233741264,0.415723136,-0.800561541
435,1091073,1241960,-1.424,0.331,0.576,-16.7,-19.7,-2.6,13.3,-11.3,-17.8,0.362956633,0.233252968,0.415875729,-0.800531022
436,1092654,1241970,-1.428,0.339,0.58,-21.4,-22.3,-1.1,13.3,-11.3,-17.8,0.3632313,0.232642598,0.416089358,-0.800469985
437,1095787,1241970,-1.424,0.355,0.58,-26.2,-24.7,0.4,13.3,-11.3,-17.8,0.363597522,0.232032228,0.416333506,-0.800347911
438,1098767,1241970,-1.439,0.386,0.576,-31,-27.3,2.1,13,-11.1,-17.8,0.3640553,0.231330302,0.41666921,-0.800195318
439,1100252,1241970,-1.443,0.402,0.568,-35.5,-29.8,4.1,13,-11.1,-17.8,0.364574114,0.230567339,0.417004913,-0.799981689
440,1103013,1241980,-1.451,0.426,0.561,-39.5,-32.5,6.1,13,-11.1,-17.8,0.365184484,0.229712821,0.417432173,-0.799737541
441,1106163,1241980,-1.454,0.453,0.545,-43.1,-35.6,7.8,13,-11.1,-17.8,0.365855892,0.228858303,0.417859432,-0.799462874
442,1107653,1241980,-1.454,0.497,0.518,-46.1,-39.1,9.1,12.9,-11.2,-18.1,0.366588336,0.22788171,0.418286691,-0.799157689
443,1110299,1241980,-1.45,0.52,0.498,-48.3,-43.2,10,12.9,-11.2,-18.1,0.367412336,0.226844081,0.418744469,-0.798852504
444,1112683,1241990,-1.45,0.528,0.482,-49.7,-47.7,10.5,12.9,-11.2,-18.1,0.368266854,0.225714896,0.419171728,-0.798547319
445,1115757,1241990,-1.438,0.539,0.466,-50.1,-52.9,10.6,12.9,-11.2,-18.1,0.369182409,0.224463637,0.419568468,-0.798272652
446,1118860,1241990,-1.418,0.547,0.45,-49.6,-58.3,10.9,11.2,-11.3,-18.5,0.370159001,0.223151341,0.419904172,-0.797997986
447,1120357,1241990,-1.418,0.527,0.45,-48.1,-63.5,11.8,11.2,-11.3,-18.5,0.371196631,0.221778008,0.420178838,-0.797784356
448,1124151,1242000,-1.418,0.523,0.442,-46.2,-68.1,13.9,11.2,-11.3,-18.5,0.372264779,0.220343638,0.42036195,-0.797570727
449,1126407,1242000,-1.426,0.5,0.462,-43.7,-71.7,17.5,11.2,-11.3,-18.5,0.373455,0.21887875,0.420453505,-0.797357097
450,1127843,1242000,-1.435,0.484,0.478,-41,-74.1,22.7,13.3,-11.2,-18.6,0.374706259,0.217474899,0.420453505,-0.797143468
451,1130476,1242000,-1.446,0.485,0.514,-38.5,-75.5,28.5,13.3,-11.2,-18.6,0.376079592,0.216101566,0.42036195,-0.796929838
452,1132564,1242010,-1.45,0.497,0.521,-36.2,-76.2,33.7,13.3,-11.2,-18.6,0.377544481,0.21478927,0.420209357,-0.79668569
453,1135594,1242010,-1.477,0.525,0.549,-34.3,-76.8,36.4,13.3,-11.2,-18.6,0.379039888,0.213507492,0.419995727,-0.796411023
454,1137852,1242010,-1.501,0.541,0.57,-32.3,-77.5,36.3,12.8,-11.2,-18.7,0.380535295,0.212225715,0.419751579,-0.796166875
455,1140157,1242010,-1.52,0.557,0.586,-30,-77.9,34.2,12.8,-11.2,-18.7,0.382000183,0.210943937,0.419476913,-0.795983764
456,1144189,1242020,-1.544,0.577,0.602,-27.1,-78.1,31.7,12.8,-11.2,-18.7,0.383373516,0.209631642,0.419141209,-0.795831172
457,1146142,1242020,-1.594,0.626,0.615,-23.4,-78.4,29.5,12.8,-11.2,-18.7,0.38471633,0.208349864,0.418744469,-0.795709098
458,1148474,1242020,-1.626,0.662,0.616,-19.1,-78.8,27.9,12.3,-11.3,-18.7,0.385998108,0.207068087,0.418286691,-0.795678579
459,1150727,1242020,-1.661,0.694,0.616,-15.1,-79.5,26.7,12.3,-11.3,-18.7,0.387249367,0.205816828,0.417767876,-0.795648061
460,1152934,1242030,-1.696,0.734,0.625,-11.9,-80.4,25.3,12.3,-11.3,-18.7,0.388500626,0.204565569,0.417188025,-0.795709098
461,1155210,1242030,-1.751,0.806,0.599,-9.9,-81.5,23.4,12.3,-11.3,-18.7,0.389690847,0.203253273,0.416547136,-0.795770135
462,1158622,1242030,-1.77,0.834,0.588,-9.2,-82.9,20.6,11.7,-11.2,-18.9,0.390850551,0.201940977,0.415936766,-0.795892209
463,1160381,1242030,-1.793,0.866,0.557,-9.4,-84.7,17.1,11.7,-11.2,-18.9,0.391949217,0.200537126,0.415295877,-0.796014283
464,1162594,1242040,-1.844,0.914,0.542,-10.5,-86.7,13.6,11.7,-11.2,-18.9,0.393017365,0.199072237,0.414685507,-0.796197394
465,1165194,1242040,-1.856,0.926,0.554,-11.9,-88.2,11,11.7,-11.2,-18.9,0.394054994,0.197485275,0.414075137,-0.796349986
466,1167897,1242040,-1.88,0.931,0.575,-13.2,-89,10,9,-11.1,-19.1,0.395092624,0.195959349,0.413495285,-0.796533097
467,1170905,1242040,-1.916,0.908,0.587,-14.2,-89,11,9,-11.1,-19.1,0.396160772,0.194372387,0.412915433,-0.79668569
468,1172665,1242050,-1.968,0.87,0.585,-15,-88.7,13.7,9,-11.1,-19.1,0.397259438,0.192846461,0.4123661,-0.796807764
469,1175019,1242050,-1.988,0.847,0.586,-15.9,-88.7,17.2,9,-11.1,-19.1,0.398419141,0.191320536,0.411786248,-0.796899319
470,1178126,1242050,-2.008,0.816,0.606,-16.9,-89.6,19.7,10.4,-11.2,-18.9,0.399639882,0.189764092,0.411236915,-0.796929838
471,1180373,1242050,-2.029,0.789,0.618,-17.7,-91.5,20.2,10.4,-11.2,-18.9,0.400860622,0.188207648,0.410626545,-0.796990875
472,1183433,1242060,-2.058,0.707,0.627,-17.9,-94,18.9,10.4,-11.2,-18.9,0.402111881,0.186590167,0.410077212,-0.797051912
473,1185172,1242060,-2.07,0.672,0.631,-16.9,-96.9,16.5,10.4,-11.2,-18.9,0.403332621,0.184911649,0.409436323,-0.797143468
474,1188420,1242060,-2.082,0.637,0.612,-14.5,-99.7,13.6,9.4,-11.2,-19.1,0.404522843,0.183172094,0.408764916,-0.79729606
475,1190215,1242060,-2.099,0.618,0.601,-10.5,-102.3,10.9,9.4,-11.2,-19.1,0.405682546,0.181371502,0.408001953,-0.79750969
476,1194210,1242070,-2.135,0.579,0.524,-4.5,-104.9,7.9,9.4,-11.2,-19.1,0.406781213,0.179601428,0.407116916,-0.797814875
477,1196332,1242070,-2.16,0.568,0.486,4.1,-107,4.5,9.4,-11.2,-19.1,0.407788324,0.177800836,0.406079287,-0.798211615
478,1197944,1242070,-2.18,0.549,0.443,16.3,-109.1,0.4,9.2,-11.6,-19.3,0.40867336,0.176061281,0.404828028,-0.798791467
479,1200317,1242070,-2.233,0.502,0.386,32.5,-110.9,-3.9,9.2,-11.6,-19.3,0.409466842,0.174382763,0.403271584,-0.799523911
480,1203080,1242080,-2.261,0.472,0.371,52.8,-112.6,-8,9.2,-11.6,-19.3,0.41010773,0.172795801,0.401379437,-0.800500504
481,1206293,1242080,-2.293,0.433,0.372,76.8,-113.9,-11.4,9.2,-11.6,-19.3,0.410626545,0.171391949,0.39906003,-0.801690725
482,1208105,1242080,-2.318,0.402,0.385,103.5,-114.8,-13.7,7.9,-12.1,-19.1,0.410992767,0.170201727,0.396252327,-0.803125095
483,1210699,1242080,-2.366,0.364,0.406,131.8,-115.2,-15.4,7.9,-12.1,-19.1,0.411236915,0.169225135,0.392986847,-0.804834132
484,1213832,1242090,-2.377,0.384,0.429,160,-115.1,-17,7.9,-12.1,-19.1,0.411328471,0.168492691,0.389202551,-0.806787317
485,1215429,1242090,-2.38,0.431,0.472,186.6,-114.7,-19.7,7.9,-12.1,-19.1,0.411267434,0.167973876,0.38492996,-0.808954131
486,1217812,1242090,-2.383,0.506,0.507,210.5,-114.2,-24.5,7.8,-12.7,-18.5,0.411023286,0.167638173,0.380291147,-0.811365093
487,1221160,1242090,-2.347,0.749,0.603,230.8,-113.4,-31.5,7.8,-12.7,-18.5,0.410534989,0.167455061,0.375286111,-0.813959166
488,1223060,1242100,-2.325,0.878,0.657,246.6,-112.4,-40.6,7.8,-12.7,-18.5,0.409833064,0.167332987,0.370036927,-0.816736351
489,1225518,1242100,-2.303,1.008,0.719,257.4,-111,-51,7.8,-12.7,-18.5,0.408856471,0.167210913,0.364635151,-0.819666128
490,1227760,1242100,-2.246,1.262,0.837,263.2,-109.6,-62.1,5.2,-13.7,-17.8,0.40766625,0.167119358,0.359172338,-0.82268746
491,1230865,1242100,-2.24,1.384,0.895,264.5,-108.4,-73.5,5.2,-13.7,-17.8,0.40623188,0.166936247,0.353709525,-0.825800348
492,1232767,1242110,-2.215,1.489,0.941,261.5,-107.6,-85.1,5.2,-13.7,-17.8,0.404553362,0.16666158,0.348368786,-0.828943754
493,1236747,1242110,-2.13,1.55,0.962,253.4,-107,-97.2,5.2,-13.7,-17.8,0.402691733,0.166203803,0.343180639,-0.832117679
494,1239121,1242110,-1.98,1.736,1.102,240.2,-106.3,-110,4.2,-14.6,-17.1,0.400585955,0.165562914,0.338267159,-0.835230567
495,1241270,1242110,-1.935,1.794,1.116,222.5,-105.5,-122.7,4.2,-14.6,-17.1,0.398327586,0.164677877,0.33375042,-0.838312937
496,1242869,1242120,-1.886,1.867,1.107,201.6,-105.1,-134.3,4.2,-14.6,-17.1,0.395916623,0.163518174,0.329599902,-0.841303751
497,1246265,1242120,-1.834,1.937,1.102,177.3,-104.9,-144.9,4.2,-14.6,-17.1,0.393353069,0.162083804,0.3259682,-0.844203009
498,1248557,1242120,-1.745,2.025,1.103,149.5,-104.6,-156.3,4.3,-14.2,-16.5,0.390697958,0.160344249,0.322855312,-0.846980193
499,1250699,1242120,-1.701,2.048,1.113,118.3,-103.6,-169.8,4.3,-14.2,-16.5,0.387859737,0.158238472,0.320383312,-0.849604785
500,1252929,1242130,-1.669,2.051,1.113,84.9,-101.5,-185.1,4.3,-14.2,-16.5,0.384838404,0.155766472,0.31858272,-0.852107303
501,1255347,1242130,-1.626,2.042,1.115,50.8,-98.7,-201.4,4.3,-14.2,-16.5,0.381603442,0.152958769,0.317484054,-0.854487747
502,1258203,1242130,-1.543,1.977,1.137,17.8,-95.9,-218.3,4.7,-14.7,-16.6,0.378154851,0.149815363,0.317087313,-0.856715598
503,1260462,1242130,-1.505,1.921,1.101,-12.8,-93.4,-235.8,4.7,-14.7,-16.6,0.374401074,0.146305734,0.317300943,-0.858882412
504,1262776,1242140,-1.455,1.845,0.998,-40.2,-91.5,-254.4,4.7,-14.7,-16.6,0.37040315,0.142521439,0.318124943,-0.860957671
505,1265222,1242140,-1.267,1.597,0.513,-63.7,-90.6,-274.3,4.7,-14.7,-16.6,0.366069521,0.138370922,0.319437239,-0.863002411
506,1267985,1242140,-1.121,1.385,0.178,-82.1,-91.2,-295.7,9.2,-15.9,-16.9,0.361369671,0.133945738,0.321146275,-0.865047151
507,1271956,1242140,-0.94,1.097,-0.098,-91.9,-94,-318.2,9.2,-15.9,-16.9,0.356303598,0.129215369,0.323038423,-0.867152928
508,1272674,1242150,-0.74,0.743,-0.243,-88.4,-98.7,-340.1,9.2,-15.9,-16.9,0.350779748,0.124240852,0.324900052,-0.869411298
509,1275353,1242150,-0.394,0.015,-0.336,-67.7,-105,-359.5,9.2,-15.9,-16.9,0.344889676,0.119205298,0.32636494,-0.871944334
510,1278733,1242150,-0.292,-0.301,-0.319,-29.8,-111.7,-374.4,8.2,-12.1,-16.6,0.338633381,0.114169744,0.327036348,-0.874813074
511,1280407,1242150,-0.201,-0.597,-0.293,21.3,-118,-384.7,8.2,-12.1,-16.6,0.332041383,0.109317301,0.326700644,-0.878078555
512,1282647,1242160,-0.143,-0.701,-0.255,81.1,-123.1,-392.1,8.2,-12.1,-16.6,0.325205237,0.104739525,0.325174718,-0.881740776
513,1286228,1242160,-0.129,-0.933,0.037,146.4,-126.5,-399.1,8.2,-12.1,-16.6,0.318094424,0.10052797,0.322367016,-0.885860775
514,1288570,1242160,-0.28,-1.31,0.316,214.9,-128.2,-407.2,10.2,-12.1,-16.2,0.310617389,0.0966521195,0.31818598,-0.890438551
515,1290647,1242160,0.022,-0.63,0.032,285.9,-133,-424.8,10.2,-12.1,-16.2,0.302682577,0.0930509354,0.312601093,-0.895504624
516,1292907,1242170,0.447,0.079,0.343,357.5,-146,-464.3,10.2,-12.1,-16.2,0.293832209,0.0893887143,0.305581835,-0.901242103
517,1295198,1242170,0.685,0.448,0.644,426.9,-167.3,-527.2,10.2,-12.1,-16.2,0.283730583,0.0853297525,0.29709769,-0.907681509
518,1297805,1242170,1.001,0.803,0.978,489.3,-191.3,-600.5,12.9,-12.7,-15,0.272133549,0.0806604205,0.287301248,-0.914792322
519,1301214,1242170,1.394,1.156,1.303,538.9,-213.4,-665.3,12.9,-12.7,-15,0.259193701,0.0754112369,0.27640614,-0.922330393
520,1302742,1242180,1.9,-1.511,-3.909,570.6,-234.3,-715.3,12.9,-12.7,-15,0.245216224,0.0695822016,0.264717551,-0.930021058
521,1305433,1242180,3.123,-6.249,-7.29,591.1,-266.8,-748.8,12.9,-12.7,-15,0.230597858,0.0629902036,0.252357555,-0.937620167
522,1307604,1242180,7.706,-8.265,0.06,669.2,-334.7,-745.1,15.4,-12.7,-14,0.21622364,0.0553910947,0.237952818,-0.945249794
523,1310937,1242180,8.001,-8.25,4.56,886.1,-456.4,-619.1,15.4,-12.7,-14,0.204687643,0.0469069491,0.218207343,-0.953032014
524,1313092,1242190,8.018,-8.261,7.821,970.7,-559.2,-304.4,15.4,-12.7,-14,0.199957274,0.0381786554,0.19574572,-0.95925779
525,1315369,1242190,8.011,-7.182,3.58,714.1,-495,75.8,15.4,-12.7,-14,0.203009125,0.0312509537,0.178563799,-0.962218085
526,1317874,1242190,7.94,-0.14,4.998,163.7,-270,254.8,12.9,-16.2,-15,0.209295938,0.0272835475,0.173741874,-0.961882382
527,1320228,1242190,4.083,3.45,5.38,-301.9,-9.8,102.3,12.9,-16.2,-15,0.211676382,0.0260933256,0.17996765,-0.960264901
528,1323658,1242200,1.239,7.979,2.005,-488.9,156,-249.2,12.9,-16.2,-15,0.206091494,0.0261238441,0.191045869,-0.959318827
529,1325934,1242200,-1.022,8.013,0.433,-484.7,257.6,-527,12.9,-16.2,-15,0.194219794,0.0271004364,0.202642903,-0.959379864
530,1328097,1242200,-3.111,8.075,-0.588,-404.7,335.9,-587.2,14.5,-14.1,-14.6,0.180669576,0.0298471023,0.212836085,-0.959746086
531,1330319,1242200,-4.002,8.093,-2.408,-315,366.4,-436.4,14.5,-14.1,-14.6,0.170018616,0.0342112491,0.22113712,-0.959685049
532,1332689,1242210,-4.109,8.096,-2.331,-254.5,329.9,-189.7,14.5,-14.1,-14.6,0.16461684,0.0393078402,0.227820673,-0.958861049
533,1335940,1242210,-3.586,7.631,-2.676,-215.2,257.6,31.7,14.5,-14.1,-14.6,0.164189581,0.0440687277,0.233222449,-0.957426679
534,1338084,1242210,-2.875,4.985,-3.222,-180,187,174.9,15,-14.9,-14.9,0.167058321,0.048219245,0.237495041,-0.955687124
535,1340384,1242210,-1.9,0.743,-1.896,-139.4,134.7,254.1,15,-14.9,-14.9,0.171819208,0.0518509476,0.240607929,-0.953856014
536,1342705,1242220,-1.509,-0.438,-0.313,-85.5,87.3,304.2,15,-14.9,-14.9,0.177770318,0.0549333171,0.242378002,-0.952146977
537,1345113,1242220,-0.452,-1.6,0.841,-6.2,36.6,343.2,15,-14.9,-14.9,0.184728538,0.0574968719,0.24222541,-0.950712607
538,1348631,1242220,-0.968,-6.31,2.38,85.9,-6.6,371.7,14.1,-16.5,-14.3,0.192358165,0.059663686,0.239936522,-0.949644459
539,1350285,1242220,-0.335,-6.6,2.087,156.7,-34.8,365.9,14.1,-16.5,-14.3,0.199896237,0.0614947966,0.236060671,-0.948942534
540,1352647,1242230,-0.579,-6.713,2.094,170.6,-45.5,301,14.1,-16.5,-14.3,0.206122013,0.0628681295,0.231910154,-0.948545793
541,1356147,1242230,-0.865,-5.829,2.435,129.8,-45.4,182.9,14.1,-16.5,-14.3,0.209967345,0.0634174627,0.228736229,-0.948423719
542,1357674,1242230,-1.064,-4.409,2.698,69.6,-34.6,55.3,13.8,-17.9,-14.4,0.211157567,0.0632953887,0.227088229,-0.948576312
543,1360167,1242230,-1.138,-1.696,2.684,24.7,-17.4,-26.9,13.8,-17.9,-14.4,0.210669271,0.0629291665,0.226538896,-0.948850978
544,1363139,1242240,-1.278,-0.589,2.383,3.9,-2.1,-50,13.8,-17.9,-14.4,0.20966216,0.0626545,0.226508377,-0.949095126
545,1366326,1242240,-1.466,0.436,2.065,-4.3,5.4,-32.3,13.8,-17.9,-14.4,0.208960234,0.0625934629,0.22666097,-0.9492172
546,1367746,1242240,-1.833,1.23,1.697,-7.1,2.5,-4.4,14.4,-13.1,-13.4,0.208868679,0.0625934629,0.226844081,-0.949186682
547,1370880,1242240,-2.156,1.155,1.632,1.6,-11.8,8,14.4,-13.1,-13.4,0.209082308,0.0623798334,0.226752525,-0.949186682
548,1373054,1242250,-2.139,1.072,1.464,23.7,-34.7,-8,14.4,-13.1,-13.4,0.20905179,0.0617389447,0.226111637,-0.949369793
549,1375328,1242250,-1.764,1.024,1.227,46.8,-58.1,-49.5,14.4,-13.1,-13.4,0.20822779,0.0604876858,0.224921415,-0.949919126
550,1378363,1242250,-1.295,-0.79,1.298,57,-71.1,-96.5,14.1,-16.2,-15.1,0.206518754,0.0588091678,0.223548082,-0.950712607
551,1381385,1242250,-0.935,-1.322,0.99,52.7,-71.3,-116.9,14.1,-16.2,-15.1,0.204382458,0.0570085757,0.222296823,-0.951597644
552,1382865,1242260,-0.56,-1.696,0.965,45.1,-66,-98,14.1,-16.2,-15.1,0.202612384,0.0553605762,0.221167638,-0.952330088
553,1385197,1242260,-0.439,-2.04,0.9,41.5,-64.7,-47.8,14.1,-16.2,-15.1,0.20187994,0.0539567248,0.220068972,-0.952818384
554,1387656,1242260,-0.44,-2.603,0.719,41.4,-68.4,11.1,14.2,-15.7,-15.2,0.202368236,0.0527665029,0.218909268,-0.953032014
555,1391121,1242260,-0.346,-2.432,0.868,42.9,-72.6,48,14.2,-15.7,-15.2,0.203680532,0.0516678365,0.217627491,-0.953123569
556,1392701,1242270,-0.338,-2.282,1.012,41.8,-73.8,48.8,14.2,-15.7,-15.2,0.204992828,0.0505691702,0.216376232,-0.953184606
557,1395138,1242270,-0.208,-1.853,1.167,37.6,-72.4,16.2,14.2,-15.7,-15.2,0.205633717,0.0492873928,0.215247047,-0.953367718
558,1398830,1242270,-0.034,-1.668,1.283,31.2,-69.2,-21.5,13.9,-15.1,-15.6,0.205481124,0.0478835414,0.214331492,-0.953672903
559,1401031,1242270,0.143,-1.456,1.305,26.4,-65.7,-46.6,13.9,-15.1,-15.6,0.204809717,0.0464186529,0.213507492,-0.954069643
560,1402663,1242280,0.29,-1.212,1.273,23.4,-62.5,-56.9,13.9,-15.1,-15.6,0.203863643,0.0449537645,0.212805567,-0.954496902
561,1406324,1242280,0.41,-0.546,1.108,20.2,-59.4,-58.5,13.9,-15.1,-15.6,0.20291757,0.043549913,0.212195196,-0.954924162
562,1407771,1242280,0.387,-0.22,1.013,15.4,-56.1,-58,13.8,-14.1,-15.4,0.201940977,0.0421765801,0.211676382,-0.955290384
563,1410152,1242280,0.355,0.075,0.92,10.3,-53,-59.3,13.8,-14.1,-15.4,0.200964385,0.0408032472,0.211279641,-0.955656606
564,1412711,1242290,0.322,0.303,0.889,6.7,-50.6,-63.3,13.8,-14.1,-15.4,0.199865719,0.0395214698,0.210974456,-0.955992309
565,1416150,1242290,0.34,0.413,0.954,5.7,-49.6,-68.7,13.8,-14.1,-15.4,0.198644978,0.0382091739,0.210699789,-0.956358531
566,1418386,1242290,0.359,0.283,1.067,6.2,-49.3,-73.5,14.4,-14.7,-13.7,0.197332682,0.0368663594,0.210394604,-0.956755272
567,1420533,1242290,0.416,0.113,1.144,5.7,-48.7,-75.7,14.4,-14.7,-13.7,0.195959349,0.035523545,0.210119938,-0.957152013
568,1422805,1242300,0.441,-0.099,1.16,1.9,-46.5,-74.7,14.4,-14.7,-13.7,0.194616535,0.0342112491,0.209936827,-0.957518235
569,1426097,1242300,0.343,-0.533,1.094,-5.4,-42.6,-72.2,14.4,-14.7,-13.7,0.193304239,0.0329599902,0.209936827,-0.95782342
570,1428347,1242300,0.244,-0.728,1.027,-14.5,-37.9,-70.2,14.2,-14.7,-15.4,0.192022462,0.0317697684,0.210119938,-0.958067568
571,1430448,1242300,0.142,-0.89,0.963,-22.4,-33,-70.1,14.2,-14.7,-15.4,0.190740684,0.0306405835,0.210516678,-0.958281198
572,1432781,1242310,0.063,-1.081,0.833,-27.7,-28.7,-71.1,14.2,-14.7,-15.4,0.18939787,0.0296334727,0.211004975,-0.958464309
573,1435132,1242310,0.087,-1.082,0.801,-30.1,-25.5,-71.9,14.2,-14.7,-15.4,0.188024537,0.0286568804,0.211584826,-0.95864742
574,1438062,1242310,0.151,-1.013,0.803,-31,-23.4,-71.4,14.3,-14.3,-15.4,0.186651204,0.0277108066,0.212195196,-0.958830531
575,1440402,1242310,0.228,-0.869,0.746,-31.6,-22.2,-69.9,14.3,-14.3,-15.4,0.18530839,0.0267952513,0.212805567,-0.958952605
576,1442762,1242320,0.342,-0.483,0.762,-31.9,-21.7,-68.6,14.3,-14.3,-15.4,0.183996094,0.025879696,0.213415937,-0.959105197
577,1445262,1242320,0.356,-0.29,0.772,-31.9,-21.8,-68.8,14.3,-14.3,-15.4,0.182683798,0.0249641408,0.214026307,-0.95925779
578,1448640,1242320,0.363,-0.137,0.764,-31.3,-22.2,-70.2,14.5,-13.9,-15.7,0.181340983,0.0240485855,0.214636677,-0.959379864
579,1450140,1242320,0.336,-0.05,0.753,-30.3,-22.5,-72.6,14.5,-13.9,-15.7,0.179906613,0.0231330302,0.215216529,-0.959532456
580,1452887,1242330,0.281,-0.006,0.738,-28.9,-22.5,-74.6,14.5,-13.9,-15.7,0.178472243,0.0221869564,0.215796381,-0.959715567
581,1456931,1242330,0.269,-0.037,0.723,-27.5,-22.1,-75.6,14.5,-13.9,-15.7,0.176976836,0.0212408826,0.216315195,-0.959898679
582,1457617,1242330,0.26,-0.103,0.735,-26.8,-21.3,-75.1,15,-13.6,-15.4,0.175542467,0.0203558458,0.21683401,-0.960051271
583,1460648,1242330,0.263,-0.17,0.751,-27.1,-20.3,-73.1,15,-13.6,-15.4,0.174138615,0.019470809,0.217352824,-0.960203864
584,1462925,1242340,0.296,-0.332,0.704,-28.4,-19.2,-70.7,15,-13.6,-15.4,0.172765282,0.0186162908,0.217902158,-0.960356456
585,1465215,1242340,0.323,-0.388,0.668,-30.2,-18.3,-68.6,15,-13.6,-15.4,0.171422468,0.017792291,0.218482009,-0.96047853
586,1468736,1242340,0.354,-0.424,0.64,-31.8,-17.8,-67.2,15.3,-13.3,-16.2,0.170110172,0.0169682913,0.219122898,-0.960570086
587,1470245,1242340,0.405,-0.433,0.576,-33.1,-17.7,-66.5,15.3,-13.3,-16.2,0.168797876,0.01617481,0.219763787,-0.96069216
588,1472747,1242350,0.425,-0.41,0.54,-33.6,-17.9,-66.4,15.3,-13.3,-16.2,0.167516099,0.0153508103,0.220435194,-0.960753197
589,1475284,1242350,0.433,-0.383,0.517,-33.2,-17.9,-66.3,15.3,-13.3,-16.2,0.166203803,0.0145268105,0.221076083,-0.960844752
590,1478661,1242350,0.465,-0.329,0.496,-31.9,-17.7,-66.1,15.3,-13.2,-14.2,0.164922025,0.0137333293,0.221716971,-0.960936308
591,1480214,1242350,0.525,-0.318,0.514,-29.6,-17.6,-65.7,15.3,-13.2,-14.2,0.163640248,0.012939848,0.222296823,-0.961027863
592,1483852,1242360,0.62,-0.348,0.558,-26.4,-17.7,-64.7,15.3,-13.2,-14.2,0.162388989,0.0121463668,0.222785119,-0.961149937
593,1485373,1242360,0.628,-0.387,0.613,-21.7,-18,-63.1,15.3,-13.2,-14.2,0.16113773,0.011383404,0.223212378,-0.961272011
594,1487720,1242360,0.576,-0.402,0.661,-15.3,-18.2,-60.6,15.4,-12.8,-13.6,0.159978027,0.0106509598,0.223487045,-0.961424604
595,1490179,1242360,0.604,-0.359,0.52,-7.5,-18.3,-57.1,15.4,-12.8,-13.6,0.158848842,0.0099795526,0.2235786,-0.961577197
596,1493124,1242370,0.631,-0.344,0.39,0.9,-18.9,-53.4,15.4,-12.8,-13.6,0.157841731,0.00930814539,0.223517563,-0.961760308
597,1495216,1242370,0.651,-0.317,0.272,10,-20.7,-50.1,15.4,-12.8,-13.6,0.156865139,0.00866725669,0.223242897,-0.962004456
598,1498745,1242370,0.855,-0.243,0.267,20.3,-24,-47.5,15.5,-13,-13.5,0.155980102,0.00799584948,0.222754601,-0.962248604
599,1500140,1242370,0.963,-0.183,0.314,31.9,-27.9,-44.8,15.5,-13,-13.5,0.155186621,0.00732444227,0.221991638,-0.962584307
600,1503125,1242380,1.09,-0.194,0.393,43.2,-31.6,-40.9,15.5,-13,-13.5,0.154454176,0.00659199805,0.220984527,-0.962920011
601,1506200,1242380,1.188,-0.247,0.363,52.5,-34,-35.1,15.5,-13,-13.5,0.153874325,0.00589007233,0.219763787,-0.963316752
602,1507720,1242380,1.4,-0.429,0.331,59.2,-35.2,-26.8,15.3,-12.8,-13.1,0.153477584,0.00521866512,0.218390454,-0.963682974
603,1510879,1242380,1.493,-0.592,0.399,63.9,-35.4,-16.4,15.3,-12.8,-13.1,0.153294473,0.00460829493,0.216925565,-0.964049196
604,1513079,1242390,1.554,-0.766,0.48,67.6,-35,-4,15.3,-12.8,-13.1,0.15335551,0.00405896176,0.21539964,-0.964384899
605,1516138,1242390,1.588,-0.944,0.577,72.1,-33.3,10.6,15.3,-12.8,-13.1,0.153752251,0.00366222114,0.21375164,-0.964690085
606,1517687,1242390,1.608,-1.199,0.679,78.4,-30.4,27.2,15.2,-13.3,-17,0.154454176,0.00341807306,0.212012085,-0.964964751
607,1520561,1242390,1.616,-1.227,0.698,85.7,-26.1,44.3,15.2,-13.3,-17,0.155491806,0.00335703604,0.210119938,-0.965208899
608,1523633,1242400,1.608,-1.215,0.703,92,-21,59.9,15.2,-13.3,-17,0.156865139,0.00350962859,0.208105716,-0.965422529
609,1525091,1242400,1.597,-1.16,0.714,96,-15.2,72.6,15.2,-13.3,-17,0.158421583,0.00384533219,0.206030457,-0.96560564
610,1528135,1242400,1.561,-0.955,0.766,98.1,-9,82.3,14.4,-13.2,-14.9,0.160222175,0.00436414686,0.203894162,-0.965758232
611,1531192,1242400,1.543,-0.828,0.797,99.3,-2.6,90.3,14.4,-13.2,-14.9,0.162114322,0.00506607257,0.201788385,-0.965880306
612,1532678,1242410,1.521,-0.722,0.824,100,3.8,97.6,14.4,-13.2,-14.9,0.164159062,0.00592059084,0.199682608,-0.965971862
613,1535559,1242410,1.496,-0.536,0.871,100.3,10.2,105,14.4,-13.2,-14.9,0.166295358,0.00695822016,0.197607349,-0.966032899
614,1538839,1242410,1.489,-0.481,0.895,99.7,16.6,112.8,14.1,-14.3,-15.5,0.168584246,0.00814844203,0.19553209,-0.966032899
615,1540256,1242410,1.482,-0.434,0.907,98.2,22.9,120.7,14.1,-14.3,-15.5,0.171025727,0.00952177496,0.193517869,-0.96600238
616,1543469,1242420,1.471,-0.398,0.923,95.4,29.4,128.3,14.1,-14.3,-15.5,0.173589282,0.0110171819,0.191595202,-0.965910825
617,1545073,1242420,1.46,-0.366,0.934,91.5,35.8,135.4,14.1,-14.3,-15.5,0.176274911,0.0126956999,0.189764092,-0.965758232
618,1548720,1242420,1.44,-0.354,0.935,86.5,42.4,141.8,14,-14.7,-15.8,0.179052095,0.0145268105,0.188055055,-0.965575121
619,1550232,1242420,1.432,-0.346,0.939,80.3,49.1,147.5,14,-14.7,-15.8,0.181920835,0.0164799951,0.18652913,-0.965300455
620,1553074,1242430,1.416,-0.342,0.943,73.4,55.9,152.2,14,-14.7,-15.8,0.18488113,0.0185552538,0.185155797,-0.964964751
621,1556093,1242430,1.381,-0.329,0.944,65.9,62.7,156.2,14,-14.7,-15.8,0.187902463,0.0207525864,0.183935057,-0.96456801
622,1557692,1242430,1.365,-0.329,0.941,58.2,69.5,159.4,13.3,-15.2,-15.5,0.190923795,0.0230719932,0.182927946,-0.964110233
623,1560870,1242430,1.353,-0.329,0.929,50.3,76.2,162.1,13.3,-15.2,-15.5,0.194006165,0.0255745109,0.182103946,-0.963591418
624,1562633,1242440,1.321,-0.336,0.911,42.3,82.6,164.5,13.3,-15.2,-15.5,0.197119053,0.0281380657,0.181463057,-0.963011567
625,1566165,1242440,1.301,-0.347,0.903,34.2,88.7,166.7,13.3,-15.2,-15.5,0.200262459,0.0308236946,0.181035798,-0.962370678
626,1567680,1242440,1.289,-0.363,0.892,26.4,94.4,168.5,12.8,-15.8,-13.6,0.203405866,0.0335703604,0.180761132,-0.961668752
627,1571147,1242440,1.269,-0.378,0.881,18.9,99.6,169.8,12.8,-15.8,-13.6,0.206549272,0.0364085818,0.180700095,-0.960905789
628,1572715,1242450,1.232,-0.44,0.863,12,104.6,170.7,12.8,-15.8,-13.6,0.209723197,0.0393383587,0.180761132,-0.96008179
629,1575721,1242450,1.208,-0.463,0.856,6,109.2,171.5,12.8,-15.8,-13.6,0.212866604,0.0423291726,0.18100528,-0.959227271
630,1578861,1242450,1.191,-0.506,0.856,0.7,113.5,172.2,12.3,-15.9,-13.2,0.21601001,0.0454115421,0.181340983,-0.958311716
631,1580253,1242450,1.179,-0.545,0.853,-4.2,117.3,173,12.3,-15.9,-13.2,0.219183935,0.0485244301,0.181798761,-0.957335124
632,1583216,1242460,1.142,-0.599,0.85,-8.8,120.9,173.8,12.3,-15.9,-13.2,0.222327342,0.0516983551,0.182378613,-0.956328013
633,1586278,1242460,1.126,-0.646,0.854,-13.3,124.2,174.5,12.3,-15.9,-13.2,0.225501267,0.0549027985,0.183080538,-0.955290384
634,1587809,1242460,1.113,-0.697,0.863,-17.7,126.9,174.8,11.8,-16,-12.6,0.228644673,0.0581377606,0.183812983,-0.954191717
635,1590882,1242460,1.097,-0.72,0.867,-22,129.2,174.8,11.8,-16,-12.6,0.231788079,0.0614642781,0.184728538,-0.953062532
636,1593001,1242470,1.088,-0.782,0.856,-25.9,131.1,174.7,11.8,-16,-12.6,0.234931486,0.0647602771,0.18570513,-0.951872311
637,1596093,1242470,1.056,-0.801,0.825,-29.5,133.1,174.4,11.8,-16,-12.6,0.238044374,0.0680562761,0.186742759,-0.950682089
638,1597803,1242470,1.019,-0.812,0.795,-33.1,134.9,174,11.5,-16.2,-12.7,0.241157262,0.0713827937,0.187871944,-0.94943083
639,1600469,1242470,0.939,-0.826,0.715,-36.7,136.9,174.1,11.5,-16.2,-12.7,0.24427015,0.0747703482,0.189092685,-0.948118534
640,1603511,1242480,0.884,-0.829,0.69,-40.2,138.7,174.9,11.5,-16.2,-12.7,0.247383038,0.0781273843,0.190374462,-0.946806238
641,1605149,1242480,0.824,-0.832,0.675,-43.4,139.8,176.1,11.5,-16.2,-12.7,0.250465407,0.0815149388,0.191717277,-0.945402387
642,1608005,1242480,0.756,-0.838,0.67,-45.7,139.9,177.3,10.9,-16.4,-12.8,0.253639332,0.0849024934,0.193121128,-0.943998535
643,1610753,1242480,0.586,-0.85,0.674,-47.1,139.4,178.6,10.9,-16.4,-12.8,0.256813257,0.0882595294,0.194524979,-0.942533647
644,1613786,1242490,0.49,-0.859,0.681,-47.8,138.5,180.2,10.9,-16.4,-12.8,0.260017701,0.0916165654,0.195928831,-0.94103824
645,1615297,1242490,0.403,-0.861,0.683,-48.1,137.2,182.5,10.9,-16.4,-12.8,0.263283181,0.094943083,0.197332682,-0.939512314
646,1618359,1242490,0.315,-0.867,0.677,-48.4,135.2,185,8.8,-17,-13,0.26657918,0.0982085635,0.198706015,-0.93795587
647,1621337,1242490,0.14,-0.895,0.659,-49,132.5,187.1,8.8,-17,-13,0.269936216,0.101443525,0.200079348,-0.936338389
648,1622794,1242500,0.049,-0.889,0.653,-49.3,129.1,188.2,8.8,-17,-13,0.273354289,0.104586932,0.201391644,-0.934720908
649,1625802,1242500,-0.049,-0.882,0.664,-48.5,125.5,188.8,8.8,-17,-13,0.276741844,0.107730338,0.202734458,-0.933103427
650,1628792,1242500,-0.203,-0.859,0.684,-45.8,122,189.7,11.8,-16.9,-13.1,0.280159917,0.110782189,0.203955199,-0.931455428
651,1630353,1242500,-0.271,-0.842,0.689,-40.9,118.3,191.4,11.8,-16.9,-13.1,0.283639027,0.113773003,0.205053865,-0.929807428
652,1633326,1242510,-0.338,-0.829,0.687,-34.7,114.2,193.5,11.8,-16.9,-13.1,0.287118137,0.116733299,0.20596942,-0.928159429
653,1636354,1242510,-0.389,-0.804,0.681,-28,109.4,195.6,11.8,-16.9,-13.1,0.290658284,0.119663076,0.206732383,-0.926511429
654,1637857,1242510,-0.487,-0.723,0.679,-21.1,104.3,197.2,10.9,-17,-12.7,0.29422895,0.122531816,0.207312235,-0.92486343
655,1640163,1242510,-0.522,-0.679,0.676,-14.3,99.2,198.3,10.9,-17,-12.7,0.297830134,0.125339518,0.207708975,-0.923245949
656,1642715,1242520,-0.553,-0.627,0.677,-7.9,93.9,198.3,10.9,-17,-12.7,0.3014008,0.128055666,0.207922605,-0.921658986
657,1645088,1242520,-0.584,-0.575,0.685,-2.4,88.8,197.2,10.9,-17,-12.7,0.304971465,0.130741295,0.208014161,-0.920102542
658,1648679,1242520,-0.63,-0.468,0.694,2.1,84,195.1,10.8,-16.8,-13,0.308511612,0.133335368,0.207953124,-0.918576617
659,1650197,1242520,-0.657,-0.413,0.706,6,79.7,192.1,10.8,-16.8,-13,0.311960204,0.135837886,0.207800531,-0.917050691
660,1652702,1242530,-0.68,-0.361,0.726,9.6,75.8,188.6,10.8,-16.8,-13,0.315378277,0.138279366,0.207586901,-0.915585803
661,1655130,1242530,-0.703,-0.309,0.746,13.2,72.7,184.9,10.8,-16.8,-13,0.318704794,0.14065981,0.207251198,-0.914151433
662,1658530,1242530,-0.729,-0.226,0.778,16.7,69.9,181.6,10.3,-18.1,-12.9,0.321939756,0.142979217,0.206854457,-0.912717063
663,1660122,1242530,-0.744,-0.179,0.786,19.7,67.5,178.4,10.3,-18.1,-12.9,0.3251442,0.145268105,0.206366161,-0.91134373
664,1663753,1242540,-0.759,-0.135,0.802,21.7,65.2,175.5,10.3,-18.1,-12.9,0.328257088,0.147495956,0.205847346,-0.909970397
665,1666001,1242540,-0.759,-0.08,0.813,22.4,63.2,172.7,10.3,-18.1,-12.9,0.331308939,0.149693289,0.205298013,-0.908627583
666,1668204,1242540,-0.75,-0.041,0.809,21.8,61.4,169.7,7.4,-17.7,-12.7,0.334330271,0.151829585,0.20474868,-0.907315287
667,1670445,1242540,-0.746,-0.002,0.797,19.6,60,166.3,7.4,-17.7,-12.7,0.337290567,0.153904843,0.204229865,-0.905972472
668,1672750,1242550,-0.741,0.029,0.781,16.1,59,161.9,7.4,-17.7,-12.7,0.340189825,0.155919065,0.203802606,-0.904660176
669,1675130,1242550,-0.74,0.084,0.765,11.3,58.7,156.4,7.4,-17.7,-12.7,0.342967009,0.157841731,0.203497421,-0.903317362
670,1678774,1242550,-0.768,0.124,0.754,0.4,59.9,142.2,7.5,-18.2,-12.6,0.345957823,0.161809137,0.20270394,-0.901669362
671,1680370,1242550,-0.768,0.124,0.754,0.4,59.9,142.2,7.5,-18.2,-12.6,0.34849086,0.163609729,0.202642903,-0.900357067
672,1682726,1242560,-0.795,0.144,0.747,-4.6,60.9,134.5,7.5,-18.2,-12.6,0.350871303,0.165379803,0.202734458,-0.899105808
673,1685193,1242560,-0.85,0.188,0.772,-9.2,62,127.3,7.5,-18.2,-12.6,0.353129673,0.167088839,0.20291757,-0.897854549
674,1687668,1242560,-0.889,0.213,0.785,-13.6,63.1,120.9,6.4,-18.5,-12.7,0.355265969,0.168767357,0.203222755,-0.896633808
675,1691275,1242560,-0.929,0.233,0.786,-18.4,64.1,115.6,6.4,-18.5,-12.7,0.357310709,0.170384838,0.203650014,-0.895413068
676,1692818,1242570,-0.968,0.262,0.794,-23.8,64.9,111,6.4,-18.5,-12.7,0.359294412,0.171941282,0.204229865,-0.894192328
677,1695449,1242570,-1.034,0.318,0.804,-30,65.4,107.2,6.4,-18.5,-12.7,0.36118656,0.173467208,0.204901273,-0.892971587
678,1697620,1242570,-1.078,0.339,0.797,-36.3,65.8,103.7,5.8,-18.4,-12.6,0.363048189,0.174932096,0.205755791,-0.891750847
679,1701695,1242570,-1.105,0.359,0.798,-42.2,65.7,100.7,5.8,-18.4,-12.6,0.364879299,0.176335948,0.206701865,-0.890499588
680,1703156,1242580,-1.164,0.38,0.807,-47.2,65.4,97.7,5.8,-18.4,-12.6,0.366679891,0.177678762,0.207770013,-0.889248329
681,1705158,1242580,-1.176,0.385,0.819,-51.4,64.8,94.2,5.8,-18.4,-12.6,0.368388928,0.178930021,0.208929716,-0.888027589
682,1707622,1242580,-1.188,0.381,0.835,-55,64,90.2,4.9,-18.5,-13,0.370067446,0.180150761,0.210150456,-0.88677633
683,1711274,1242580,-1.192,0.377,0.863,-57.8,63.1,85.9,4.9,-18.5,-13,0.371684927,0.181279946,0.211432234,-0.885586108
684,1713447,1242590,-1.208,0.35,0.894,-59.3,62.2,81.8,4.9,-18.5,-13,0.373210852,0.182378613,0.212775048,-0.884395886
685,1715483,1242590,-1.22,0.331,0.906,-59.8,61.5,78.2,4.9,-18.5,-13,0.374645222,0.18344676,0.214087344,-0.883236183
686,1717951,1242590,-1.228,0.307,0.911,-59.9,61,75.4,7.1,-19,-13.2,0.376079592,0.18448439,0.215460677,-0.882076479
687,1720446,1242590,-1.229,0.28,0.915,-61,60.7,74,7.1,-19,-13.2,0.377422407,0.185522019,0.21683401,-0.880947295
688,1723438,1242600,-1.241,0.253,0.919,-63.2,60.5,73.8,7.1,-19,-13.2,0.378826258,0.186498611,0.218237861,-0.879787591
689,1725675,1242600,-1.249,0.253,0.919,-66.3,60.3,74.2,7.1,-19,-13.2,0.380260628,0.187475204,0.21970275,-0.878597369
690,1727935,1242600,-1.253,0.253,0.923,-69.1,59.8,74.2,3.4,-18,-13.6,0.38166448,0.188390759,0.221228675,-0.877407147
691,1730232,1242600,-1.257,0.253,0.919,-71,58.8,73.4,3.4,-18,-13.6,0.383068331,0.189275796,0.222785119,-0.876216926
692,1732841,1242610,-1.261,0.277,0.908,-71.9,57.6,71.9,3.4,-18,-13.6,0.384472182,0.190130314,0.224341563,-0.875026704
693,1735148,1242610,-1.261,0.288,0.896,-72.7,56.2,69.9,3.4,-18,-13.6,0.385814997,0.190923795,0.225898007,-0.873836482
694,1738996,1242610,-1.256,0.3,0.884,-74.1,54.9,67.8,3.1,-17.8,-13.8,0.387157811,0.191686758,0.227515488,-0.872676778
695,1741201,1242610,-1.256,0.339,0.86,-76.8,53.9,65.3,3.1,-17.8,-13.8,0.388470107,0.192388684,0.229163488,-0.871517075
696,1743313,1242620,-1.252,0.355,0.849,-80.4,53.3,62.7,3.1,-17.8,-13.8,0.389721366,0.193029572,0.230872524,-0.870357372
697,1745130,1242620,-1.252,0.371,0.841,-84.9,53,59.9,3.1,-17.8,-13.8,0.390942106,0.193578906,0.232642598,-0.869197668
698,1748626,1242620,-1.255,0.39,0.841,-89.8,53.2,56.7,3.5,-17.7,-14.2,0.392132328,0.194158757,0.234595782,-0.868007447
699,1750155,1242620,-1.259,0.402,0.833,-95.1,53.6,53.2,3.5,-17.7,-14.2,0.393261513,0.194616535,0.236640522,-0.866847743
700,1753139,1242630,-1.259,0.402,0.825,-100.9,54.2,49.6,3.5,-17.7,-14.2,0.394360179,0.195043794,0.238807337,-0.865657521
701,1755112,1242630,-1.267,0.402,0.814,-107.3,54.9,45.9,3.5,-17.7,-14.2,0.395397809,0.195379498,0.241096225,-0.864467299
702,1759153,1242630,-1.271,0.406,0.814,-114.3,55.5,42,4.4,-17.8,-14.6,0.396374401,0.195684683,0.243568224,-0.863277078
703,1760685,1242630,-1.287,0.434,0.81,-121.8,56.2,37.7,4.4,-17.8,-14.6,0.397289956,0.195867794,0.246162297,-0.862056337
704,1763692,1242640,-1.298,0.458,0.81,-129.2,57.1,33,4.4,-17.8,-14.6,0.398174993,0.196020386,0.24897,-0.860805078
705,1765911,1242640,-1.31,0.47,0.819,-136.2,58.2,28.2,4.4,-17.8,-14.6,0.398968474,0.196081423,0.251899777,-0.859584338
706,1768921,1242640,-1.329,0.522,0.835,-142.4,59.2,23.1,6.9,-18.7,-15.1,0.3996704,0.196081423,0.254982147,-0.858333079
707,1770469,1242640,-1.328,0.549,0.846,-147.9,59.8,17.9,6.9,-18.7,-15.1,0.400311289,0.195989868,0.258217109,-0.85708182
708,1773088,1242650,-1.324,0.565,0.854,-152.7,60.2,12.6,6.9,-18.7,-15.1,0.400860622,0.195867794,0.261543626,-0.85586108
709,1776040,1242650,-1.324,0.577,0.854,-157,60.2,7.6,6.9,-18.7,-15.1,0.4013184,0.195654164,0.264961699,-0.854640339
710,1778975,1242650,-1.3,0.564,0.841,-160.7,60.1,3.2,6.5,-15.6,-15.4,0.40171514,0.195379498,0.268471328,-0.853419599
711,1780490,1242650,-1.289,0.544,0.829,-163.8,59.9,0,6.5,-15.6,-15.4,0.402081362,0.195074313,0.272041993,-0.852198859
712,1783173,1242660,-1.269,0.52,0.821,-166.4,59.8,-2.4,6.5,-15.6,-15.4,0.402386547,0.19470809,0.275673696,-0.850978118
713,1785467,1242660,-1.258,0.496,0.817,-168.3,59.9,-4.5,6.5,-15.6,-15.4,0.402630696,0.19431135,0.279335917,-0.849726859
714,1787590,1242660,-1.227,0.437,0.832,-169.6,60.3,-6.7,7,-14.9,-16.3,0.402874844,0.193884091,0.283028657,-0.848506119
715,1790281,1242660,-1.215,0.417,0.836,-169.7,61,-9.4,7,-14.9,-16.3,0.403027436,0.19348735,0.286751915,-0.84725486
716,1793024,1242670,-1.2,0.389,0.843,-168.8,61.9,-12.5,7,-14.9,-16.3,0.403118992,0.193060091,0.290475173,-0.84603412
717,1795364,1242670,-1.196,0.365,0.843,-166.8,62.9,-15.6,7,-14.9,-16.3,0.40314951,0.192602313,0.294167913,-0.844843898
718,1798448,1242670,-1.177,0.322,0.847,-164,63.6,-18.1,7.3,-14.6,-16.6,0.403088473,0.19226661,0.297830134,-0.843684194
719,1800267,1242670,-1.181,0.31,0.835,-160.7,64.2,-20.1,7.3,-14.6,-16.6,0.402966399,0.191900388,0.301431318,-0.84255501
720,1802761,1242680,-1.185,0.294,0.824,-157.1,64.5,-21.5,7.3,-14.6,-16.6,0.402783288,0.191564684,0.304971465,-0.841425825
721,1806621,1242680,-1.185,0.302,0.804,-153.6,64.6,-22.7,7.3,-14.6,-16.6,0.402600177,0.19122898,0.308450575,-0.840327158
722,1808117,1242680,-1.185,0.31,0.8,-150.2,64.5,-23.8,7.8,-13.9,-17.3,0.40232551,0.190954314,0.311868648,-0.839259011
723,1810339,1242680,-1.185,0.31,0.792,-147,64.2,-25.1,7.8,-13.9,-17.3,0.402050844,0.190649129,0.315225684,-0.838190863
724,1813270,1242690,-1.185,0.314,0.784,-143.6,63.8,-26.1,7.8,-13.9,-17.3,0.40171514,0.190374462,0.318521683,-0.837183752
725,1815494,1242690,-1.17,0.298,0.784,-140,63.4,-26.8,7.8,-13.9,-17.3,0.401379437,0.190130314,0.321756645,-0.836176641
726,1818265,1242690,-1.158,0.29,0.78,-136.2,62.8,-26.8,7.4,-14.8,-17.7,0.401013215,0.189886166,0.324900052,-0.83516953
727,1820153,1242690,-1.146,0.274,0.772,-132.4,62.1,-26.4,7.4,-14.8,-17.7,0.400646992,0.189672536,0.327951903,-0.834192938
728,1823609,1242700,-1.131,0.254,0.775,-128.8,61.2,-25.6,7.4,-14.8,-17.7,0.400250252,0.189489425,0.330942717,-0.833246864
729,1825462,1242700,-1.108,0.206,0.779,-125.5,60.3,-24.5,7.4,-14.8,-17.7,0.39988403,0.189306314,0.333872494,-0.83230079
730,1828321,1242700,-1.092,0.174,0.778,-122.4,59.5,-23.4,7.8,-15.2,-17.7,0.399548326,0.189153722,0.336710715,-0.831354717
731,1830400,1242700,-1.081,0.158,0.77,-119.7,58.7,-22.2,7.8,-15.2,-17.7,0.399182104,0.189001129,0.339457381,-0.830439161
732,1833222,1242710,-1.069,0.131,0.774,-117.2,58.1,-21.1,7.8,-15.2,-17.7,0.398876919,0.188879055,0.342173528,-0.829523606
733,1835407,1242710,-1.061,0.122,0.77,-115.2,57.6,-19.9,7.8,-15.2,-17.7,0.398541215,0.188756981,0.344859157,-0.828577532
734,1838764,1242710,-1.053,0.122,0.77,-113.4,57.3,-18.9,8.3,-15.7,-17.8,0.39823603,0.188665426,0.347483749,-0.827661977
735,1840395,1242710,-1.05,0.118,0.766,-111.7,57.1,-18,8.3,-15.7,-17.8,0.397930845,0.188604389,0.350077822,-0.826715903
736,1842698,1242720,-1.041,0.126,0.769,-109.9,56.6,-17.1,8.3,-15.7,-17.8,0.397656178,0.188543352,0.352610858,-0.825800348
737,1845181,1242720,-1.033,0.134,0.765,-108.1,56.1,-16.3,8.3,-15.7,-17.8,0.397350993,0.188482315,0.355113376,-0.824884793
738,1849315,1242720,-1.029,0.134,0.773,-106.5,55.4,-15.4,8.3,-16,-18.3,0.397076327,0.188421278,0.357585376,-0.823938719
739,1850193,1242720,-1.018,0.133,0.765,-105.3,54.6,-14.8,8.3,-16,-18.3,0.396832179,0.188390759,0.359996338,-0.823023164
740,1853433,1242730,-1.01,0.125,0.745,-104.4,53.9,-14.3,8.3,-16,-18.3,0.396588031,0.188329722,0.3624073,-0.822107608
741,1856127,1242730,-1.01,0.117,0.737,-103.9,53.2,-14,8.3,-16,-18.3,0.396313364,0.188268685,0.364787744,-0.821192053
742,1858247,1242730,-1.006,0.098,0.733,-103.5,52.7,-13.7,8.9,-16.1,-18.4,0.396099734,0.188207648,0.367168188,-0.820276498
743,1860157,1242730,-1.011,0.082,0.73,-103.2,52,-13.6,8.9,-16.1,-18.4,0.395855586,0.188146611,0.369518113,-0.819330424
744,1863628,1242740,-0.999,0.038,0.714,-102.6,51.6,-13.6,8.9,-16.1,-18.4,0.395611438,0.188085574,0.371837519,-0.818414869
745,1865135,1242740,-0.992,0.015,0.718,-101.6,51.1,-13.7,8.9,-16.1,-18.4,0.39536729,0.187994018,0.374156926,-0.817499313
746,1867956,1242740,-0.988,-0.004,0.71,-100.2,50.4,-13.7,9.4,-10.6,-17.5,0.395123142,0.187932981,0.376445814,-0.816583758
747,1870252,1242740,-0.965,-0.067,0.709,-98.4,49.4,-13.7,9.4,-10.6,-17.5,0.394878994,0.187841426,0.378673666,-0.815698721
748,1874306,1242750,-0.958,-0.095,0.694,-96.1,48.2,-13.4,9.4,-10.6,-17.5,0.394634846,0.187719352,0.38084048,-0.814813684
749,1877099,1242750,-0.946,-0.119,0.697,-93.4,46.9,-13,9.4,-10.6,-17.5,0.394390698,0.187688833,0.382976775,-0.813959166
750,1877920,1242750,-0.928,-0.186,0.685,-90.3,45.7,-12.5,9.4,-12.9,-20.5,0.39414655,0.187627796,0.385021516,-0.813104648
751,1880171,1242750,-0.916,-0.214,0.689,-86.8,44.7,-11.8,9.4,-12.9,-20.5,0.393902402,0.187566759,0.387005219,-0.812311167
752,1882832,1242760,-0.913,-0.246,0.693,-82.7,44,-11.2,9.4,-12.9,-20.5,0.393688772,0.187536241,0.388866848,-0.811517685
753,1885193,1242760,-0.913,-0.277,0.701,-78,43.3,-10.3,9.4,-12.9,-20.5,0.393444624,0.187536241,0.39066744,-0.810754723
754,1888772,1242760,-0.906,-0.313,0.681,-72.6,42.7,-9.4,9.8,-11.6,-20.6,0.393200476,0.187597278,0.392376476,-0.810052797
755,1890274,1242760,-0.895,-0.376,0.681,-66.3,42,-8.4,9.8,-11.6,-20.6,0.392986847,0.187688833,0.39393292,-0.80938139
756,1892830,1242770,-0.895,-0.407,0.681,-59,41.1,-7.4,9.8,-11.6,-20.6,0.392742698,0.187841426,0.39536729,-0.80877102
757,1895370,1242770,-0.892,-0.427,0.673,-50.5,40,-6.3,9.8,-11.6,-20.6,0.39249855,0.188085574,0.396618549,-0.808221686
758,1897578,1242770,-0.888,-0.451,0.669,-41.2,38.9,-5.3,10.3,-10.5,-20.5,0.392223884,0.18836024,0.397717215,-0.807763909
759,1900533,1242770,-0.896,-0.462,0.658,-31.3,37.8,-4.3,10.3,-10.5,-20.5,0.391949217,0.188695944,0.398602252,-0.807367168
760,1902946,1242780,-0.9,-0.458,0.654,-21.3,36.5,-3.5,10.3,-10.5,-20.5,0.391644032,0.189153722,0.399304178,-0.807061983
761,1905117,1242780,-0.888,-0.458,0.658,-11,35,-3,10.3,-10.5,-20.5,0.391338847,0.189642018,0.399792474,-0.806848354
762,1907853,1242780,-0.876,-0.439,0.661,-0.8,33.3,-2.6,10.3,-9.7,-20.6,0.391003143,0.190191351,0.400128178,-0.806726279
763,1911041,1242780,-0.872,-0.423,0.669,9.3,31.6,-2.2,10.3,-9.7,-20.6,0.390636921,0.19083224,0.400219733,-0.806695761
764,1913407,1242790,-0.86,-0.408,0.669,19,29.9,-1.6,10.3,-9.7,-20.6,0.390270699,0.191503647,0.400158696,-0.806726279
765,1915640,1242790,-0.847,-0.381,0.672,27.6,28.4,-1.1,10.3,-9.7,-20.6,0.389904477,0.192205573,0.399914548,-0.806878872
766,1917929,1242790,-0.834,-0.326,0.683,35,27,-0.5,10.6,-11.6,-18.9,0.389507736,0.192999054,0.399548326,-0.807061983
767,1920173,1242790,-0.834,-0.295,0.679,40.9,25.8,-0.1,10.6,-11.6,-18.9,0.389110996,0.193792535,0.399029511,-0.807306131
768,1922832,1242800,-0.83,-0.263,0.675,45.6,24.7,0.2,10.6,-11.6,-18.9,0.388683737,0.194616535,0.39844966,-0.807611316
769,1926813,1242800,-0.833,-0.236,0.679,49.1,23.5,0.9,10.6,-11.6,-18.9,0.388286996,0.195440535,0.397778253,-0.807916501
770,1929187,1242800,-0.821,-0.208,0.679,51.3,22.6,1.6,10.5,-11.4,-18.8,0.387920774,0.196295053,0.397045808,-0.808252205
771,1931343,1242800,-0.817,-0.193,0.667,52.5,21.6,2.5,10.5,-11.4,-18.8,0.387554552,0.197149571,0.396282846,-0.808587909
772,1932867,1242810,-0.813,-0.189,0.663,52.4,20.6,3.4,10.5,-11.4,-18.8,0.38718833,0.197973571,0.395519883,-0.808923612
773,1935117,1242810,-0.809,-0.181,0.655,51.4,19.7,4.4,10.5,-11.4,-18.8,0.386883145,0.198797571,0.39475692,-0.809259316
774,1937802,1242810,-0.793,-0.189,0.658,49.7,18.9,5.2,10.3,-11.4,-18.6,0.386608478,0.19962157,0.394024476,-0.809564501
775,1940179,1242810,-0.793,-0.201,0.658,47.4,18.3,6.1,10.3,-11.4,-18.6,0.386333811,0.200384533,0.39332255,-0.809839167
776,1944287,1242820,-0.789,-0.209,0.654,44.7,17.7,7.1,10.3,-11.4,-18.6,0.386120182,0.201147496,0.392651143,-0.810083316
777,1946481,1242820,-0.778,-0.237,0.642,41.8,17.2,8.2,10.3,-11.4,-18.6,0.385937071,0.201849422,0.392010254,-0.810296945
778,1948685,1242820,-0.774,-0.249,0.642,38.7,16.8,9.3,10.6,-11.9,-17.5,0.385784478,0.202581866,0.391430403,-0.810480056
779,1950873,1242820,-0.774,-0.268,0.631,35.6,16.4,10.5,10.6,-11.9,-17.5,0.385662404,0.203253273,0.390881069,-0.81060213
780,1953273,1242830,-0.767,-0.284,0.627,32.5,16,11.9,10.6,-11.9,-17.5,0.385601367,0.20392468,0.390392773,-0.810724204
781,1955520,1242830,-0.752,-0.328,0.615,29.7,15.5,13.2,10.6,-11.9,-17.5,0.385570849,0.204535051,0.389934996,-0.810785241
782,1957766,1242830,-0.748,-0.356,0.615,27.2,15.1,14.6,10.7,-12.1,-17,0.385570849,0.205175939,0.389507736,-0.810846278
783,1960340,1242830,-0.74,-0.371,0.607,25,14.6,15.8,10.7,-12.1,-17,0.385631886,0.205786309,0.389141514,-0.810846278
784,1963776,1242840,-0.737,-0.391,0.607,23.2,14.2,17.2,10.7,-12.1,-17,0.385692923,0.206366161,0.388744774,-0.810846278
785,1966041,1242840,-0.733,-0.423,0.591,21.6,13.9,18.4,10.7,-12.1,-17,0.385814997,0.206946013,0.38840907,-0.81081576
786,1968230,1242840,-0.733,-0.435,0.595,20.4,13.7,19.4,10.8,-12.3,-19.5,0.385937071,0.207525864,0.388073366,-0.810754723
787,1970572,1242840,-0.734,-0.442,0.587,19.5,13.6,20.5,10.8,-12.3,-19.5,0.386120182,0.208105716,0.387768181,-0.810693686
788,1972784,1242850,-0.73,-0.446,0.599,18.9,13.5,21.6,10.8,-12.3,-19.5,0.386303293,0.208685568,0.387432478,-0.81060213
789,1975177,1242850,-0.726,-0.443,0.591,18.5,13.5,22.6,10.8,-12.3,-19.5,0.386486404,0.209295938,0.387127293,-0.810510575
790,1977582,1242850,-0.721,-0.427,0.591,17.6,13,24,10.5,-12.1,-16.5,0.386852626,0.210303049,0.386822108,-0.81020539
791,1981740,1242850,-0.721,-0.427,0.591,17.6,13,24,10.5,-12.1,-16.5,0.387066256,0.2108829,0.386516923,-0.810083316
792,1984031,1242860,-0.717,-0.415,0.591,17.1,12.8,24.5,10.5,-12.1,-16.5,0.387310404,0.211462752,0.386211737,-0.809961241
793,1986279,1242860,-0.713,-0.411,0.59,16.5,12.6,24.9,10.5,-12.1,-16.5,0.38758507,0.212012085,0.385906552,-0.809839167
794,1988405,1242860,-0.713,-0.404,0.59,15.8,12.4,25.3,10.3,-12.4,-16.7,0.387859737,0.212591937,0.385601367,-0.809717093
795,1990650,1242860,-0.713,-0.404,0.594,14.9,12.2,25.7,10.3,-12.4,-16.7,0.388134404,0.213110752,0.385326701,-0.809564501
796,1992998,1242870,-0.709,-0.404,0.59,13.8,12.1,26.1,10.3,-12.4,-16.7,0.388439589,0.213690603,0.385082553,-0.80938139
797,1995148,1242870,-0.709,-0.408,0.59,12.8,11.8,26.4,10.3,-12.4,-16.7,0.388744774,0.214239937,0.384807886,-0.809228797
798,1997959,1242870,-0.701,-0.416,0.59,11.9,11.6,26.6,10.6,-12.2,-16.6,0.389049959,0.214758751,0.384594256,-0.809045686
799,2001062,1242870,-0.709,-0.419,0.59,11.2,11.5,26.9,10.6,-12.2,-16.6,0.389385662,0.215308084,0.384350108,-0.808862575
800,2002550,1242880,-0.706,-0.427,0.586,10.4,11.3,27.1,10.6,-12.2,-16.6,0.389721366,0.215826899,0.384136479,-0.808648946
801,2005074,1242880,-0.706,-0.435,0.579,9.8,11,27.1,10.6,-12.2,-16.6,0.39005707,0.216315195,0.383922849,-0.808465835
802,2008511,1242880,-0.706,-0.443,0.575,9.4,10.7,27.1,10.5,-12.4,-17.4,0.390392773,0.21683401,0.383739738,-0.808252205
803,2010050,1242880,-0.694,-0.447,0.567,9.2,10.2,27,10.5,-12.4,-17.4,0.390758995,0.217291787,0.383526109,-0.808038575
804,2012899,1242890,-0.694,-0.443,0.559,9.1,9.9,27,10.5,-12.4,-17.4,0.391094699,0.217780084,0.383281961,-0.807855464
805,2016014,1242890,-0.69,-0.455,0.563,9.2,9.6,26.8,10.5,-12.4,-17.4,0.391430403,0.21826838,0.383098849,-0.807641835
806,2017716,1242890,-0.69,-0.443,0.566,9.4,9.4,26.7,10.4,-12.7,-19.1,0.391796625,0.218726157,0.38288522,-0.807458724
807,2021307,1242890,-0.69,-0.428,0.555,9.8,9.1,26.4,10.4,-12.7,-19.1,0.392132328,0.219183935,0.38267159,-0.807275613
808,2022762,1242900,-0.69,-0.432,0.555,10.3,9,26,10.4,-12.7,-19.1,0.392468032,0.219672231,0.382457961,-0.807092502
809,2025194,1242900,-0.694,-0.432,0.551,10.8,8.7,25.6,10.4,-12.7,-19.1,0.392803735,0.220130009,0.382213813,-0.806909391
810,2027856,1242900,-0.686,-0.424,0.543,11.5,8,24.8,10.5,-12.7,-18.5,0.393108921,0.22092349,0.382213813,-0.806543168
811,2030923,1242900,-0.686,-0.42,0.547,11.5,8,24.8,10.5,-12.7,-18.5,0.393414106,0.221411786,0.381939146,-0.806390576
812,2032644,1242910,-0.686,-0.42,0.547,11.7,7.6,24.3,10.5,-12.7,-18.5,0.393719291,0.221839045,0.381694998,-0.806237983
813,2035415,1242910,-0.686,-0.42,0.539,11.9,7.2,23.5,10.5,-12.7,-18.5,0.394024476,0.222266305,0.381420331,-0.806085391
814,2038405,1242910,-0.686,-0.412,0.543,12,6.9,22.7,10.3,-12.8,-18.8,0.394329661,0.222693564,0.381176183,-0.805963317
815,2040172,1242910,-0.682,-0.408,0.539,12,6.6,21.9,10.3,-12.8,-18.8,0.394573809,0.223090304,0.380901517,-0.805841243
816,2042975,1242920,-0.686,-0.404,0.543,12.1,6.3,21.4,10.3,-12.8,-18.8,0.394848476,0.223487045,0.380657369,-0.805719169
817,2046087,1242920,-0.686,-0.404,0.547,12.2,6,20.8,10.3,-12.8,-18.8,0.395123142,0.223853267,0.380382702,-0.805627613
818,2047608,1242920,-0.682,-0.4,0.547,12.2,5.6,20.3,10.5,-13.1,-18.7,0.39536729,0.224250008,0.380108036,-0.805536058
819,2051225,1242920,-0.678,-0.404,0.535,12.3,5.2,19.6,10.5,-13.1,-18.7,0.395611438,0.224585711,0.379833369,-0.805444502
820,2052686,1242930,-0.674,-0.401,0.531,12.3,4.8,18.8,10.5,-13.1,-18.7,0.395825068,0.224951933,0.379589221,-0.805352947
821,2055733,1242930,-0.674,-0.401,0.539,12.2,4.3,18,10.5,-13.1,-18.7,0.396038697,0.225287637,0.379314554,-0.805261391
822,2057923,1242930,-0.674,-0.393,0.527,11.9,3.8,17.1,10.4,-12.9,-18.5,0.396252327,0.225592822,0.379039888,-0.805200354
823,2060204,1242930,-0.67,-0.393,0.527,11.6,3.4,16.4,10.4,-12.9,-18.5,0.396465957,0.225898007,0.37879574,-0.805139317
824,2063800,1242940,-0.666,-0.393,0.527,11.1,2.9,15.7,10.4,-12.9,-18.5,0.396649068,0.226172674,0.378551592,-0.80507828
825,2065286,1242940,-0.658,-0.397,0.526,10.5,2.5,15.2,10.4,-12.9,-18.5,0.396862697,0.226416822,0.378307443,-0.805017243
826,2068261,1242940,-0.658,-0.397,0.522,9.8,2,14.7,10.1,-13.2,-18.1,0.397045808,0.22666097,0.378093814,-0.804956206
827,2071253,1242940,-0.654,-0.401,0.526,8.8,1.7,14.1,10.1,-13.2,-18.1,0.397228919,0.226905118,0.377880184,-0.804895169
828,2072852,1242950,-0.65,-0.405,0.526,7.7,1.7,13.6,10.1,-13.2,-18.1,0.39741203,0.227118748,0.377666555,-0.804834132
829,2075829,1242950,-0.638,-0.417,0.542,6.5,1.7,13.1,10.1,-13.2,-18.1,0.39762566,0.227301859,0.377513962,-0.804773095
830,2078897,1242950,-0.642,-0.429,0.542,4.1,1.7,12.1,10.3,-12.5,-18,0.397747734,0.227698599,0.377636036,-0.804528947
831,2080800,1242950,-0.642,-0.429,0.542,4.1,1.7,12.1,10.3,-12.5,-18,0.397930845,0.227851192,0.377513962,-0.80446791
832,2082595,1242960,-0.642,-0.433,0.546,2.9,1.9,11.6,10.3,-12.5,-18,0.398113956,0.228003784,0.377422407,-0.804376354
833,2085282,1242960,-0.642,-0.425,0.546,1.5,2.1,11.2,10.3,-12.5,-18,0.398266549,0.228156377,0.37736137,-0.804284799
834,2088336,1242960,-0.638,-0.417,0.545,0.1,2.2,10.8,9.9,-13,-18.3,0.39844966,0.228278451,0.377330851,-0.804162725
835,2091497,1242960,-0.646,-0.417,0.553,-1.3,2.4,10.6,9.9,-13,-18.3,0.398602252,0.228400525,0.377300333,-0.804071169
836,2093439,1242970,-0.642,-0.413,0.553,-2.8,2.6,10.3,9.9,-13,-18.3,0.398785363,0.228522599,0.377330851,-0.803949095
837,2095034,1242970,-0.638,-0.405,0.565,-4.4,2.7,10.1,9.9,-13,-18.3,0.398968474,0.228614154,0.377391888,-0.803796503
838,2097932,1242970,-0.638,-0.409,0.569,-6.1,2.9,9.8,10.3,-13.1,-18.1,0.399151585,0.228675192,0.377483444,-0.80364391
839,2101009,1242970,-0.634,-0.413,0.565,-7.9,3.1,9.5,10.3,-13.1,-18.1,0.399334696,0.228736229,0.377605518,-0.803491317
840,2102544,1242980,-0.63,-0.413,0.573,-9.7,3.2,9.2,10.3,-13.1,-18.1,0.399517808,0.228797266,0.37775811,-0.803308206
841,2105455,1242980,-0.63,-0.409,0.58,-11.5,3.4,8.9,10.3,-13.1,-18.1,0.399700919,0.228827784,0.377941221,-0.803125095
842,2108571,1242980,-0.63,-0.417,0.584,-13.3,3.8,8.7,9.9,-13.1,-18,0.39988403,0.228858303,0.378154851,-0.802911466
843,2110049,1242980,-0.63,-0.421,0.584,-15.1,4.2,8.5,9.9,-13.1,-18,0.400067141,0.228858303,0.378398999,-0.802697836
844,2113668,1242990,-0.638,-0.425,0.577,-16.6,4.6,8.5,9.9,-13.1,-18,0.40028077,0.228858303,0.378704184,-0.802453688
845,2115124,1242990,-0.646,-0.433,0.585,-17.9,4.9,8.4,9.9,-13.1,-18,0.400463881,0.228858303,0.379009369,-0.80220954
846,2117976,1242990,-0.646,-0.429,0.585,-18.8,5.3,8.3,8.2,-13,-17.8,0.400677511,0.228858303,0.379345073,-0.801934874
847,2120968,1242990,-0.65,-0.429,0.589,-19.6,5.6,8.2,8.2,-13,-17.8,0.400860622,0.228858303,0.379711295,-0.801690725
848,2122653,1243000,-0.662,-0.428,0.589,-20.2,5.9,8,8.2,-13,-17.8,0.401043733,0.228858303,0.380077517,-0.801416059
849,2125539,1243000,-0.666,-0.424,0.589,-20.8,5.9,7.8,8.2,-13,-17.8,0.401257363,0.228827784,0.380443739,-0.801141392
850,2128582,1243000,-0.67,-0.416,0.593,-21.9,6,7.2,11.9,-13.3,-17.8,0.401379437,0.228797266,0.380932035,-0.800866726
851,2130214,1243000,-0.67,-0.416,0.593,-21.9,6,7.2,11.9,-13.3,-17.8,0.401562548,0.228736229,0.381328776,-0.800592059
852,2132595,1243010,-0.666,-0.412,0.593,-22.3,6.2,6.8,11.9,-13.3,-17.8,0.401745659,0.228736229,0.381725517,-0.800317392
853,2135067,1243010,-0.669,-0.405,0.593,-22.6,6.1,6.4,11.9,-13.3,-17.8,0.40192877,0.22870571,0.382152776,-0.800042726
854,2138335,1243010,-0.673,-0.404,0.597,-22.7,5.9,6,11.8,-12.7,-18.1,0.402111881,0.228644673,0.382580035,-0.799768059
855,2140215,1243010,-0.669,-0.405,0.613,-22.9,5.8,5.6,11.8,-12.7,-18.1,0.402264473,0.228583636,0.383007294,-0.799493393
856,2143896,1243020,-0.673,-0.404,0.613,-22.9,5.7,5.3,11.8,-12.7,-18.1,0.402417066,0.228553117,0.383434553,-0.799218726
857,2145910,1243020,-0.677,-0.393,0.621,-22.8,5.7,4.7,11.8,-12.7,-18.1,0.402569658,0.22849208,0.383831294,-0.798974578
858,2147642,1243020,-0.677,-0.396,0.617,-22.5,5.6,4.2,12.2,-12.8,-18,0.402722251,0.228400525,0.384258553,-0.798699911
859,2150653,1243020,-0.681,-0.392,0.609,-22.3,5.2,3.7,12.2,-12.8,-18,0.402813807,0.228339488,0.384685812,-0.798455763
860,2152887,1243030,-0.681,-0.389,0.609,-21.9,4.9,3.4,12.2,-12.8,-18,0.402966399,0.228278451,0.385082553,-0.798211615
861,2155213,1243030,-0.681,-0.392,0.601,-21.5,4.5,3,12.2,-12.8,-18,0.403088473,0.228186895,0.385479293,-0.797997986
862,2157575,1243030,-0.685,-0.392,0.601,-21,4.1,2.4,11.5,-12.6,-18,0.403210547,0.22809534,0.385876034,-0.797784356
863,2161132,1243030,-0.677,-0.397,0.597,-20.3,3.5,1.9,11.5,-12.6,-18,0.403302103,0.227973266,0.386272774,-0.797570727
864,2162659,1243040,-0.681,-0.404,0.597,-19.6,2.9,1.3,11.5,-12.6,-18,0.403393658,0.22788171,0.386608478,-0.797387616
865,2165686,1243040,-0.673,-0.408,0.597,-18.7,2.5,0.8,11.5,-12.6,-18,0.403485214,0.227759636,0.3869747,-0.797204505
866,2168810,1243040,-0.67,-0.416,0.605,-17.7,2.1,0.3,10,-12.6,-18.4,0.403576769,0.227637562,0.387279885,-0.797021393
867,2170213,1243040,-0.67,-0.412,0.601,-16.7,1.9,-0.1,10,-12.6,-18.4,0.403637806,0.227546007,0.38758507,-0.796868801
868,2173188,1243050,-0.67,-0.412,0.601,-15.9,1.5,-0.5,10,-12.6,-18.4,0.403698843,0.227423933,0.387890255,-0.796746727
869,2175444,1243050,-0.674,-0.412,0.597,-15.1,1.2,-0.9,10,-12.6,-18.4,0.403729362,0.227301859,0.388164922,-0.796624653
870,2177719,1243050,-0.673,-0.401,0.605,-13.6,0.7,-1.5,9.6,-12.6,-17.9,0.403912473,0.22727134,0.388134404,-0.796563616
871,2180010,1243050,-0.677,-0.393,0.601,-13.6,0.7,-1.5,9.6,-12.6,-17.9,0.403942991,0.227149266,0.388378552,-0.796441542
872,2182836,1243060,-0.677,-0.393,0.605,-13,0.4,-1.7,9.6,-12.6,-17.9,0.40397351,0.227027192,0.3886227,-0.796349986
873,2185997,1243060,-0.681,-0.389,0.605,-12.5,0.2,-1.7,9.6,-12.6,-17.9,0.404004028,0.226905118,0.388866848,-0.796258431
874,2187616,1243060,-0.681,-0.385,0.609,-12.2,0,-1.7,8.5,-12.5,-18.3,0.404034547,0.226783044,0.389080477,-0.796166875
875,2190275,1243060,-0.673,-0.397,0.613,-11.9,-0.3,-1.5,8.5,-12.5,-18.3,0.404065065,0.22666097,0.389294107,-0.79607532
876,2193461,1243070,-0.673,-0.4,0.617,-11.7,-0.7,-1.3,8.5,-12.5,-18.3,0.404126102,0.226538896,0.389507736,-0.795983764
877,2195387,1243070,-0.673,-0.404,0.621,-11.5,-1.1,-1.2,8.5,-12.5,-18.3,0.404156621,0.226386303,0.389690847,-0.795922727
878,2198599,1243070,-0.673,-0.416,0.617,-11.5,-1.5,-1.1,7.9,-12.5,-18,0.404217658,0.226264229,0.389873959,-0.795831172
879,2200134,1243070,-0.677,-0.416,0.629,-11.6,-1.8,-1,7.9,-12.5,-18,0.404278695,0.226111637,0.390087588,-0.795739616
880,2203236,1243080,-0.673,-0.42,0.625,-11.9,-1.9,-0.9,7.9,-12.5,-18,0.404339732,0.225959044,0.390270699,-0.795678579
881,2205474,1243080,-0.677,-0.416,0.636,-12.1,-2,-0.7,7.9,-12.5,-18,0.404400769,0.225806452,0.39045381,-0.795587024
882,2207952,1243080,-0.681,-0.412,0.633,-12.2,-2.1,-0.5,7.1,-12.8,-18.5,0.404461806,0.225653859,0.39066744,-0.795495468
883,2211541,1243080,-0.685,-0.404,0.629,-12.3,-2.3,-0.2,7.1,-12.8,-18.5,0.404553362,0.225531785,0.390850551,-0.795403912
884,2213834,1243090,-0.689,-0.4,0.633,-12.5,-2.5,0,7.1,-12.8,-18.5,0.404614399,0.225348674,0.39106418,-0.795312357
885,2216100,1243090,-0.685,-0.388,0.64,-12.7,-2.6,0.2,7.1,-12.8,-18.5,0.404705954,0.225196081,0.391247291,-0.795220801
886,2218270,1243090,-0.685,-0.392,0.64,-13,-2.8,0.4,11.7,-13,-18.6,0.404766991,0.225043489,0.391460921,-0.795098727
887,2220457,1243090,-0.685,-0.388,0.633,-13.4,-2.9,0.9,11.7,-13,-18.6,0.404919584,0.224890896,0.391644032,-0.795007172
888,2222725,1243100,-0.681,-0.385,0.636,-14,-3.2,1.3,11.7,-13,-18.6,0.405041658,0.224707785,0.391857662,-0.794885098
889,2226818,1243100,-0.689,-0.388,0.637,-14.7,-3.4,1.8,11.7,-13,-18.6,0.405163732,0.224555193,0.392071291,-0.794763024
890,2229142,1243100,-0.689,-0.392,0.64,-16.5,-3.5,2.3,8.9,-11.7,-18.4,0.405621509,0.224524674,0.391735588,-0.794701987
891,2231066,1243100,-0.689,-0.392,0.64,-16.5,-3.5,2.3,8.9,-11.7,-18.4,0.405774102,0.224341563,0.391979736,-0.794549394
892,2233427,1243110,-0.693,-0.388,0.641,-17.5,-3.5,2.6,8.9,-11.7,-18.4,0.405926695,0.224158452,0.392223884,-0.794396802
893,2236334,1243110,-0.697,-0.384,0.637,-18.4,-3.5,2.9,8.9,-11.7,-18.4,0.406109806,0.223944823,0.39249855,-0.794244209
894,2238708,1243110,-0.693,-0.38,0.641,-19.4,-3.6,3.3,9.5,-11.5,-18.9,0.406292917,0.223731193,0.392803735,-0.794061098
895,2240940,1243110,-0.701,-0.384,0.637,-20.2,-3.7,3.6,9.5,-11.5,-18.9,0.406476028,0.223517563,0.393047884,-0.793877987
896,2243129,1243120,-0.697,-0.388,0.637,-20.7,-3.9,3.8,9.5,-11.5,-18.9,0.406689657,0.223303934,0.393383587,-0.793664357
897,2245350,1243120,-0.697,-0.4,0.645,-21,-4.2,4.1,9.5,-11.5,-18.9,0.406903287,0.223090304,0.393719291,-0.793481246
898,2248039,1243120,-0.697,-0.404,0.645,-21.1,-4.3,4.3,10.3,-11.6,-18.7,0.407116916,0.222846156,0.394024476,-0.793298135
899,2250196,1243120,-0.701,-0.412,0.649,-21,-4.4,4.4,10.3,-11.6,-18.7,0.407330546,0.222632527,0.394329661,-0.793084506
900,2252758,1243130,-0.701,-0.423,0.641,-20.9,-4.5,4.7,10.3,-11.6,-18.7,0.407544176,0.222418897,0.394604328,-0.792870876
901,2255149,1243130,-0.701,-0.427,0.637,-20.5,-4.6,4.7,10.3,-11.6,-18.7,0.407757805,0.222174749,0.394909513,-0.792687765
902,2258139,1243130,-0.705,-0.423,0.645,-19.9,-4.7,4.8,11.2,-11.9,-18.7,0.408001953,0.221961119,0.395184179,-0.792504654
903,2260220,1243130,-0.705,-0.427,0.637,-19.1,-4.9,4.9,11.2,-11.9,-18.7,0.408215583,0.22174749,0.395458846,-0.792321543
904,2262686,1243140,-0.709,-0.431,0.637,-18.2,-4.9,5,11.2,-11.9,-18.7,0.408429212,0.221564379,0.395702994,-0.792138432
905,2265337,1243140,-0.705,-0.435,0.641,-17.1,-5,5.1,11.2,-11.9,-18.7,0.408642842,0.221350749,0.395916623,-0.791955321
906,2267719,1243140,-0.709,-0.435,0.637,-15.8,-5.4,5.3,10.3,-13.1,-19,0.408856471,0.221167638,0.396130253,-0.791802728
907,2270251,1243140,-0.71,-0.451,0.633,-14.5,-5.8,5.4,10.3,-13.1,-19,0.409070101,0.220984527,0.396282846,-0.791650136
908,2273668,1243150,-0.714,-0.458,0.637,-13,-6.2,5.6,10.3,-13.1,-19,0.409283731,0.220801416,0.396435438,-0.791528062
909,2275285,1243150,-0.71,-0.459,0.637,-11.5,-6.3,5.6,10.3,-13.1,-19,0.40949736,0.220648824,0.396557512,-0.791405988
910,2278327,1243150,-0.718,-0.466,0.638,-10.1,-6.5,5.6,10.6,-11.4,-18.9,0.409802545,0.220526749,0.396465957,-0.791314432
911,2280687,1243150,-0.718,-0.458,0.638,-8.7,-6.6,5.6,10.6,-11.4,-18.9,0.409985656,0.220374157,0.396526994,-0.791222877
912,2282764,1243160,-0.718,-0.458,0.638,-7.4,-6.8,5.7,10.6,-11.4,-18.9,0.410168767,0.220252083,0.396557512,-0.79116184
913,2285889,1243160,-0.718,-0.451,0.641,-6.1,-7,5.8,10.6,-11.4,-18.9,0.410382397,0.220130009,0.396588031,-0.791070284
914,2287681,1243160,-0.721,-0.443,0.638,-5.1,-7.2,6.1,9.9,-11.4,-18.8,0.410565508,0.220007935,0.396588031,-0.791009247
915,2291125,1243160,-0.725,-0.431,0.63,-4.4,-7.4,6.2,9.9,-11.4,-18.8,0.410748619,0.219885861,0.396557512,-0.79094821
916,2292724,1243170,-0.725,-0.419,0.63,-3.9,-7.6,6.4,9.9,-11.4,-18.8,0.410962249,0.219794305,0.396526994,-0.790887173
917,2296451,1243170,-0.725,-0.411,0.626,-3.6,-7.8,6.5,9.9,-11.4,-18.8,0.41114536,0.219672231,0.396496475,-0.790856655
918,2297935,1243170,-0.729,-0.407,0.622,-3.4,-8.2,6.7,10.1,-11.3,-18.8,0.411358989,0.219550157,0.396435438,-0.790795618
919,2301011,1243170,-0.721,-0.399,0.618,-3.3,-8.5,7,10.1,-11.3,-18.8,0.411572619,0.219428083,0.39640492,-0.790734581
920,2302614,1243180,-0.725,-0.399,0.618,-3.4,-8.7,7.4,10.1,-11.3,-18.8,0.411786248,0.219306009,0.396343883,-0.790704062
921,2305399,1243180,-0.721,-0.399,0.614,-3.6,-8.9,7.8,10.1,-11.3,-18.8,0.412030396,0.219183935,0.396282846,-0.790643025
922,2308465,1243180,-0.721,-0.403,0.606,-4,-8.9,8.1,10.1,-11.3,-18.8,0.412274545,0.21909238,0.396221809,-0.790551469
923,2310282,1243180,-0.717,-0.407,0.606,-4.5,-9.1,8.4,10.1,-11.3,-18.8,0.412518693,0.218939787,0.39619129,-0.790490432
924,2313731,1243190,-0.717,-0.415,0.606,-5.1,-9.1,8.6,10.1,-11.3,-18.8,0.412762841,0.218817713,0.396160772,-0.790398877
925,2315261,1243190,-0.717,-0.419,0.606,-5.6,-9.1,8.9,10.1,-11.3,-18.8,0.413006989,0.218695639,0.396130253,-0.79033784
926,2317774,1243190,-0.709,-0.419,0.606,-6,-9,9.3,10.1,-10.9,-18.9,0.413281655,0.218573565,0.396099734,-0.790246284
927,2321222,1243190,-0.713,-0.423,0.606,-6.4,-9.2,9.6,10.1,-10.9,-18.9,0.413556322,0.218420972,0.396099734,-0.79012421
928,2322737,1243200,-0.713,-0.427,0.602,-6.9,-9.3,9.9,10.1,-10.9,-18.9,0.413861507,0.218298898,0.396069216,-0.790032655
929,2325255,1243200,-0.717,-0.431,0.606,-7.3,-9.5,10.1,10.1,-10.9,-18.9,0.414136174,0.218146306,0.396069216,-0.789910581
930,2328331,1243200,-0.713,-0.435,0.606,-7.7,-9.5,10.4,10.1,-10.9,-18.9,0.414532914,0.21826838,0.395947142,-0.78972747
931,2330517,1243200,-0.714,-0.443,0.606,-8,-9.3,10.8,10.1,-10.9,-18.9,0.414868618,0.218115787,0.395947142,-0.789605396
932,2332769,1243210,-0.714,-0.439,0.606,-8.3,-9.2,11.2,10.1,-10.9,-18.9,0.415173803,0.217993713,0.395947142,-0.789483322
933,2335388,1243210,-0.722,-0.447,0.606,-8.5,-9,11.5,10.1,-10.9,-18.9,0.415509507,0.217841121,0.395947142,-0.789330729
934,2338602,1243210,-0.714,-0.451,0.614,-8.5,-8.9,11.9,10.1,-10.9,-18.9,0.415814692,0.217719047,0.39597766,-0.789208655
935,2340855,1243210,-0.718,-0.447,0.614,-8.7,-8.8,12.1,10.1,-10.9,-18.9,0.416150395,0.217596973,0.39597766,-0.789056063
936,2343008,1243220,-0.718,-0.447,0.61,-8.9,-8.7,12.5,10.1,-10.9,-18.9,0.416486099,0.217474899,0.396008179,-0.78890347
937,2345214,1243220,-0.718,-0.443,0.606,-9.1,-8.8,12.8,10.1,-10.9,-18.9,0.416821802,0.217352824,0.396008179,-0.788750877
938,2348540,1243220,-0.714,-0.447,0.606,-9.3,-8.9,13.3,10.1,-10.9,-18.9,0.417188025,0.21723075,0.396038697,-0.788598285
939,2350709,1243220,-0.714,-0.451,0.61,-9.4,-9,13.6,10.1,-10.9,-18.9,0.417523728,0.217108676,0.396038697,-0.788415174
940,2352919,1243230,-0.714,-0.443,0.61,-9.5,-9.1,13.9,10.1,-10.9,-18.9,0.41788995,0.216986602,0.396069216,-0.788262581
941,2355199,1243230,-0.706,-0.447,0.61,-9.4,-9.2,14.3,10.1,-10.9,-18.9,0.418286691,0.216864528,0.396069216,-0.78807947
942,2357727,1243230,-0.71,-0.455,0.606,-9.4,-9.3,14.8,10.1,-10.9,-18.9,0.418652913,0.216742454,0.396069216,-0.787926878
943,2361144,1243230,-0.706,-0.467,0.606,-9.4,-9.1,15.2,10.1,-10.9,-18.9,0.419049654,0.21662038,0.396099734,-0.787743767
944,2362716,1243240,-0.706,-0.463,0.606,-9.5,-9,15.6,10.1,-10.9,-18.9,0.419446394,0.216498306,0.396099734,-0.787560656
945,2365846,1243240,-0.702,-0.475,0.61,-9.4,-8.9,15.9,10.1,-10.9,-18.9,0.419843135,0.216406751,0.396099734,-0.787377544
946,2368089,1243240,-0.698,-0.475,0.602,-9.2,-8.8,16.3,9.4,-11,-17.6,0.420239875,0.216315195,0.396099734,-0.787194433
947,2370381,1243240,-0.702,-0.478,0.606,-8.9,-8.8,16.6,9.4,-11,-17.6,0.420636616,0.21622364,0.396099734,-0.787011322
948,2373549,1243250,-0.702,-0.478,0.61,-8.6,-8.7,16.9,9.4,-11,-17.6,0.421033357,0.216132084,0.396069216,-0.786797693
949,2375257,1243250,-0.698,-0.479,0.606,-8.3,-8.8,17.2,9.4,-11,-17.6,0.421460616,0.216040529,0.396069216,-0.786614582
950,2378405,1243250,-0.698,-0.479,0.602,-7.9,-8.9,17.4,9.1,-11.2,-20.6,0.421735282,0.215887936,0.396313364,-0.786400952
951,2380540,1243250,-0.698,-0.479,0.602,-7.4,-9,17.8,9.1,-11.2,-20.6,0.422132023,0.215826899,0.396282846,-0.786217841
952,2383623,1243260,-0.698,-0.479,0.602,-7,-8.9,18.1,9.1,-11.2,-20.6,0.422559282,0.215765862,0.396221809,-0.78603473
953,2385146,1243260,-0.698,-0.479,0.614,-6.7,-8.8,18.6,9.1,-11.2,-20.6,0.422986541,0.215704825,0.396160772,-0.7858211
954,2387893,1243260,-0.698,-0.479,0.61,-6.4,-8.8,18.8,9,-10.9,-20.7,0.4234138,0.215674306,0.396099734,-0.785637989
955,2391143,1243260,-0.694,-0.479,0.602,-6,-8.8,19.2,9,-10.9,-20.7,0.423871578,0.215613269,0.396038697,-0.785454878
956,2393220,1243270,-0.694,-0.475,0.598,-5.6,-8.9,19.5,9,-10.9,-20.7,0.424298837,0.215582751,0.39597766,-0.785271767
957,2395414,1243270,-0.694,-0.475,0.602,-5.3,-8.9,19.8,9,-10.9,-20.7,0.424756615,0.215552232,0.395886105,-0.785088656
958,2398580,1243270,-0.69,-0.475,0.598,-5.1,-9,20.2,8.7,-10.8,-20.7,0.425183874,0.215521714,0.395794549,-0.784905545
959,2400751,1243270,-0.69,-0.475,0.598,-5,-9,20.5,8.7,-10.8,-20.7,0.425641652,0.215491195,0.395702994,-0.784691916
960,2402940,1243280,-0.686,-0.451,0.598,-4.8,-9.1,20.9,8.7,-10.8,-20.7,0.426099429,0.215491195,0.39558092,-0.784508805
961,2406082,1243280,-0.686,-0.451,0.59,-4.7,-9,21.2,8.7,-10.8,-20.7,0.426557207,0.215460677,0.395489364,-0.784325694
962,2407928,1243280,-0.686,-0.443,0.594,-4.8,-9,21.6,8.7,-10.8,-20.7,0.427045503,0.215460677,0.395397809,-0.784112064
963,2410221,1243280,-0.686,-0.44,0.586,-5.1,-9,21.9,8.7,-10.8,-20.7,0.427503281,0.215430158,0.395275735,-0.783898434
964,2413587,1243290,-0.682,-0.436,0.594,-5.7,-8.9,22.2,8.7,-10.8,-20.7,0.427991577,0.215430158,0.395214698,-0.783684805
965,2415229,1243290,-0.682,-0.432,0.59,-6.4,-8.8,22.4,8.7,-10.8,-20.7,0.428479873,0.21539964,0.395123142,-0.783471175
966,2417685,1243290,-0.686,-0.428,0.594,-7.2,-8.6,22.5,8.6,-12,-18.6,0.428968169,0.21539964,0.395062105,-0.783227027
967,2421234,1243290,-0.682,-0.424,0.593,-7.9,-8.4,22.9,8.6,-12,-18.6,0.429486984,0.215369121,0.395001068,-0.782982879
968,2422704,1243300,-0.682,-0.432,0.597,-8.6,-8.2,23.2,8.6,-12,-18.6,0.430005799,0.215338603,0.39497055,-0.782738731
969,2425187,1243300,-0.686,-0.432,0.59,-9.4,-8,23.6,8.6,-12,-18.6,0.430524613,0.215308084,0.394940031,-0.782464064
970,2428551,1243300,-0.69,-0.428,0.582,-10.2,-7.9,23.9,8.9,-12.2,-17.9,0.431043428,0.215338603,0.394940031,-0.782158879
971,2430195,1243300,-0.69,-0.428,0.582,-10.9,-7.7,24.2,8.9,-12.2,-17.9,0.431592761,0.215338603,0.394940031,-0.781884213
972,2432778,1243310,-0.682,-0.424,0.586,-11.7,-7.7,24.3,8.9,-12.2,-17.9,0.432111576,0.215277566,0.394940031,-0.781579028
973,2435982,1243310,-0.69,-0.424,0.582,-12.6,-7.7,24.6,8.9,-12.2,-17.9,0.432660909,0.215247047,0.39497055,-0.781273843
974,2438167,1243310,-0.686,-0.424,0.582,-13.4,-7.7,24.8,8.2,-12,-17.1,0.433210242,0.215216529,0.395001068,-0.780968657
975,2440356,1243310,-0.686,-0.416,0.578,-14.4,-7.7,25,8.2,-12,-17.1,0.433790094,0.215155492,0.395062105,-0.780632954
976,2442968,1243320,-0.686,-0.416,0.582,-15.2,-7.6,25,8.2,-12,-17.1,0.434339427,0.215063936,0.395123142,-0.780327769
977,2445369,1243320,-0.686,-0.416,0.578,-16.2,-7.4,25.2,8.2,-12,-17.1,0.434919279,0.215033418,0.395214698,-0.779961547
978,2447583,1243320,-0.682,-0.412,0.578,-17.2,-7.2,25.2,8.1,-12.2,-16.6,0.43549913,0.214972381,0.395336772,-0.779625843
979,2452058,1243320,-0.682,-0.416,0.578,-18.2,-7.2,25.4,8.1,-12.2,-16.6,0.436078982,0.214880825,0.395458846,-0.779259621
980,2452847,1243330,-0.686,-0.416,0.582,-19,-7.2,25.4,8.1,-12.2,-16.6,0.436658834,0.21478927,0.39558092,-0.77886288
981,2455383,1243330,-0.686,-0.416,0.578,-19.8,-7.2,25.4,8.1,-12.2,-16.6,0.437238685,0.214697714,0.395733512,-0.778496658
982,2457636,1243330,-0.69,-0.42,0.582,-20.3,-7.4,25.6,8.1,-12.2,-16.6,0.437849055,0.214606159,0.395886105,-0.778099918
983,2460887,1243330,-0.682,-0.42,0.578,-20.8,-7.4,25.7,8.1,-12.2,-16.6,0.438428907,0.214514603,0.396038697,-0.777733695
984,2463979,1243340,-0.686,-0.424,0.578,-21,-7.4,25.8,8.1,-12.2,-16.6,0.439039277,0.214392529,0.396221809,-0.777336955
985,2465977,1243340,-0.686,-0.424,0.582,-21.1,-7.4,25.7,8.1,-12.2,-16.6,0.439649648,0.214300974,0.396374401,-0.776940214
986,2468304,1243340,-0.69,-0.428,0.578,-21.1,-7.2,25.6,8.1,-12,-18.8,0.440229499,0.2141789,0.396557512,-0.776543474
987,2470564,1243340,-0.69,-0.424,0.582,-21.1,-7.3,25.5,8.1,-12,-18.8,0.440839869,0.214087344,0.396710105,-0.776146733
988,2472815,1243350,-0.682,-0.428,0.578,-21.1,-7.4,25.4,8.1,-12,-18.8,0.441419721,0.21396527,0.396893216,-0.775749992
989,2475606,1243350,-0.686,-0.424,0.57,-20.9,-7.5,25.3,8.1,-12,-18.8,0.442030091,0.213873714,0.397045808,-0.775353252
990,2477872,1243350,-0.682,-0.42,0.582,-20.9,-7.7,25.1,8,-11.9,-19.3,0.442579424,0.213904233,0.397381512,-0.774864956
991,2480205,1243350,-0.682,-0.42,0.582,-20.8,-8,24.9,8,-11.9,-19.3,0.443159276,0.213782159,0.397534104,-0.774468215
992,2482780,1243360,-0.682,-0.424,0.578,-20.5,-8.1,24.6,8,-11.9,-19.3,0.443739128,0.213660085,0.397686697,-0.774101993
993,2486932,1243360,-0.678,-0.428,0.582,-20.1,-8.3,24.4,8,-11.9,-19.3,0.444318979,0.213538011,0.39783929,-0.773735771
994,2487746,1243360,-0.678,-0.428,0.578,-19.7,-8.4,24.1,8.3,-11.5,-20.4,0.444898831,0.213415937,0.397961364,-0.773369549
995,2490359,1243360,-0.674,-0.436,0.586,-19.1,-8.5,23.8,8.3,-11.5,-20.4,0.445448164,0.213293863,0.398113956,-0.773003327
996,2494191,1243370,-0.67,-0.436,0.581,-18.5,-8.6,23.4,8.3,-11.5,-20.4,0.446028016,0.213171789,0.39823603,-0.772637104
997,2495911,1243370,-0.67,-0.436,0.578,-17.9,-8.9,23.1,8.3,-11.5,-20.4,0.446577349,0.213019196,0.398327586,-0.772301401
998,2497790,1243370,-0.666,-0.44,0.581,-17.3,-9.2,22.8,7.3,-11.5,-21.5,0.447126682,0.212897122,0.398419141,-0.771965697
999,2500654,1243370,-0.67,-0.436,0.574,-16.7,-9.5,22.5,7.3,-11.5,-21.5,0.447645497,0.212775048,0.398510697,-0.771660512
1000,2502940,1243380,-0.666,-0.44,0.581,-16.2,-9.5,22.2,7.3,-11.5,-21.5,0.44819483,0.212652974,0.398602252,-0.771355327
1001,2505236,1243380,-0.662,-0.424,0.573,-15.8,-9.5,21.9,7.3,-11.5,-21.5,0.448713645,0.2125309,0.398663289,-0.771050142
1002,2507840,1243380,-0.666,-0.413,0.577,-15.6,-9.5,21.6,7.3,-11.5,-21.5,0.449232459,0.212408826,0.398724326,-0.770744957
1003,2511149,1243380,-0.666,-0.409,0.573,-15.5,-9.6,21.2,7.3,-11.5,-21.5,0.449751274,0.212286752,0.398785363,-0.770439772
1004,2512736,1243390,-0.662,-0.401,0.581,-15.5,-9.7,21,7.3,-11.5,-21.5,0.450270089,0.212134159,0.398876919,-0.770134587
1005,2515272,1243390,-0.662,-0.401,0.581,-15.5,-9.8,20.8,7.3,-11.5,-21.5,0.450758385,0.212012085,0.398907437,-0.769829402
1006,2518773,1243390,-0.662,-0.401,0.577,-15.6,-9.9,20.5,7.9,-11.9,-20,0.4512772,0.211859493,0.398998993,-0.769554735
1007,2521043,1243390,-0.658,-0.405,0.585,-15.8,-10.1,20.3,7.9,-11.9,-20,0.451765496,0.2117069,0.399090548,-0.76924955
1008,2522677,1243400,-0.662,-0.409,0.577,-16,-10.2,20.1,7.9,-11.9,-20,0.45228431,0.211554308,0.399151585,-0.768974883
1009,2526033,1243400,-0.658,-0.413,0.577,-16.2,-10.2,19.9,7.9,-11.9,-20,0.452772607,0.211401715,0.399243141,-0.768669698
1010,2527580,1243400,-0.662,-0.424,0.585,-16.4,-10.3,19.8,7.5,-11.1,-19.7,0.453291421,0.211157567,0.399243141,-0.76842555
1011,2530168,1243400,-0.662,-0.424,0.585,-16.5,-10.4,19.7,7.5,-11.1,-19.7,0.453779717,0.211035493,0.399334696,-0.768120365
1012,2534434,1243410,-0.662,-0.424,0.589,-16.5,-10.5,19.5,7.5,-11.1,-19.7,0.454298532,0.210852382,0.399426252,-0.767845698
1013,2536627,1243410,-0.658,-0.436,0.593,-16.5,-10.6,19.2,7.5,-11.1,-19.7,0.454786828,0.210699789,0.399487289,-0.767540513
1014,2538799,1243410,-0.662,-0.436,0.597,-16.6,-10.6,18.9,7.9,-11.9,-20.1,0.455275124,0.210516678,0.399578845,-0.767265847
1015,2540287,1243410,-0.662,-0.432,0.605,-16.6,-10.6,18.6,7.9,-11.9,-20.1,0.455732902,0.210333567,0.3996704,-0.76699118
1016,2542730,1243420,-0.67,-0.436,0.613,-16.6,-10.6,18.4,7.9,-11.9,-20.1,0.456221198,0.210150456,0.399761956,-0.766716514
1017,2545275,1243420,-0.666,-0.432,0.609,-16.5,-10.6,18.2,7.9,-11.9,-20.1,0.456709494,0.209967345,0.399853511,-0.766411328
1018,2549440,1243420,-0.666,-0.432,0.617,-16.5,-10.4,18,7.7,-11.5,-20,0.457167272,0.209784234,0.399945067,-0.766136662
1019,2550143,1243420,-0.666,-0.44,0.609,-16.6,-10.2,17.9,7.7,-11.5,-20,0.45762505,0.209601123,0.400036622,-0.765861995
1020,2552564,1243430,-0.666,-0.448,0.62,-16.8,-10.1,17.8,7.7,-11.5,-20,0.458082827,0.209418012,0.400128178,-0.765587329
1021,2556057,1243430,-0.67,-0.444,0.617,-17,-10.3,17.8,7.7,-11.5,-20,0.458571123,0.209204382,0.400219733,-0.765312662
1022,2557582,1243430,-0.67,-0.452,0.613,-17.1,-10.4,17.5,7.7,-11.5,-20,0.459028901,0.20905179,0.400341807,-0.765037996
1023,2560735,1243430,-0.666,-0.452,0.628,-17.2,-10.4,17.5,7.7,-11.5,-20,0.45945616,0.20883816,0.400433363,-0.764763329
1024,2562877,1243440,-0.67,-0.459,0.636,-17.3,-10.3,17.3,7.7,-11.5,-20,0.459944456,0.208655049,0.400524918,-0.764488662
1025,2566147,1243440,-0.67,-0.456,0.628,-17.4,-10.1,17.5,7.7,-11.5,-20,0.460402234,0.20844142,0.400646992,-0.764183477
1026,2567812,1243440,-0.67,-0.452,0.628,-17.6,-10,17.5,7.8,-11.6,-20.6,0.460860012,0.20822779,0.400769066,-0.763908811
1027,2570221,1243440,-0.674,-0.448,0.632,-18,-9.7,17.5,7.8,-11.6,-20.6,0.461317789,0.208075198,0.400860622,-0.763634144
1028,2573633,1243450,-0.678,-0.448,0.633,-18.5,-9.5,17.5,7.8,-11.6,-20.6,0.461775567,0.207892087,0.401013215,-0.763328959
1029,2575284,1243450,-0.678,-0.44,0.629,-19,-9.4,17.5,7.8,-11.6,-20.6,0.462233345,0.207678457,0.401165807,-0.763023774
1030,2578484,1243450,-0.678,-0.432,0.636,-19.5,-9.3,17.5,7.8,-11.4,-20.4,0.462691122,0.207251198,0.401257363,-0.762810144
1031,2581377,1243450,-0.682,-0.436,0.629,-20,-9.1,17.5,7.8,-11.4,-20.4,0.4631489,0.207098605,0.401409955,-0.762504959
1032,2582828,1243460,-0.681,-0.424,0.636,-20.6,-9,17.3,7.8,-11.4,-20.4,0.463606677,0.206884976,0.401593066,-0.762199774
1033,2585975,1243460,-0.678,-0.428,0.629,-21.4,-8.7,17.4,7.8,-11.4,-20.4,0.464064455,0.206671346,0.401776177,-0.761864071
1034,2588954,1243460,-0.677,-0.424,0.636,-22.1,-8.5,17.4,7.9,-11.6,-20.5,0.464552751,0.206457717,0.401959288,-0.761528367
1035,2590341,1243460,-0.681,-0.424,0.629,-22.9,-8.3,17.7,7.9,-11.6,-20.5,0.465010529,0.206244087,0.402203436,-0.761192663
1036,2593454,1243470,-0.677,-0.424,0.629,-23.7,-8.3,17.7,7.9,-11.6,-20.5,0.465498825,0.206030457,0.402417066,-0.76085696
1037,2595179,1243470,-0.681,-0.424,0.633,-24.5,-8.3,17.7,7.9,-11.6,-20.5,0.465956603,0.205786309,0.402661214,-0.760490738
1038,2597719,1243470,-0.681,-0.424,0.633,-25.2,-8.1,17.7,7.8,-11.6,-20.6,0.466444899,0.205542161,0.402905362,-0.760124516
1039,2600765,1243470,-0.685,-0.424,0.625,-25.9,-7.9,17.6,7.8,-11.6,-20.6,0.466933195,0.205298013,0.403180029,-0.759758293
1040,2603763,1243480,-0.685,-0.416,0.629,-26.3,-7.7,17.5,7.8,-11.6,-20.6,0.467390973,0.205084384,0.403454695,-0.759361553
1041,2605208,1243480,-0.685,-0.42,0.625,-26.8,-7.6,17.4,7.8,-11.6,-20.6,0.467879269,0.204809717,0.40375988,-0.758995331
1042,2608256,1243480,-0.685,-0.412,0.633,-27.1,-7.6,17.3,7.8,-11.6,-20.6,0.468337046,0.204565569,0.404034547,-0.75859859
1043,2611107,1243480,-0.685,-0.412,0.633,-27.3,-7.6,17.3,7.8,-11.6,-20.6,0.468825343,0.204321421,0.404339732,-0.758232368
1044,2612607,1243490,-0.681,-0.416,0.633,-27.3,-7.7,17.1,7.8,-11.6,-20.6,0.469313639,0.204077273,0.404644917,-0.757835627
1045,2616267,1243490,-0.681,-0.42,0.629,-27.3,-7.7,17.1,7.8,-11.6,-20.6,0.469771416,0.203802606,0.404950102,-0.757469405
1046,2617867,1243490,-0.681,-0.424,0.625,-27.1,-7.7,17,8.4,-11.1,-20.6,0.470259713,0.203558458,0.405224769,-0.757072665
1047,2620137,1243490,-0.674,-0.428,0.628,-26.8,-7.8,16.9,8.4,-11.1,-20.6,0.47071749,0.203283792,0.405529954,-0.756706442
1048,2623786,1243500,-0.674,-0.432,0.625,-26.2,-7.9,16.6,8.4,-11.1,-20.6,0.471175268,0.203039644,0.405804621,-0.75634022
1049,2625277,1243500,-0.674,-0.436,0.628,-25.4,-7.9,16.3,8.4,-11.1,-20.6,0.471633045,0.202795495,0.406048769,-0.755973998
1050,2628313,1243500,-0.682,-0.432,0.625,-24.5,-8,16,8.3,-11.1,-20.9,0.47215186,0.20209357,0.405865658,-0.75594348
1051,2630113,1243500,-0.682,-0.432,0.625,-23.3,-8.1,15.6,8.3,-11.1,-20.9,0.472579119,0.201849422,0.406109806,-0.755607776
1052,2632741,1243510,-0.682,-0.432,0.625,-22.2,-8.2,15.4,8.3,-11.1,-20.9,0.473006378,0.201605274,0.406323435,-0.755302591
1053,2635453,1243510,-0.681,-0.424,0.633,-20.9,-8.2,15.1,8.3,-11.1,-20.9,0.473403119,0.201391644,0.406506546,-0.754997406
1054,2638612,1243510,-0.677,-0.42,0.629,-19.7,-8.1,14.7,8,-11.1,-20.8,0.473830378,0.201178014,0.406689657,-0.754692221
1055,2640183,1243510,-0.677,-0.424,0.632,-18.4,-8.2,14.4,8,-11.1,-20.8,0.4741966,0.200994903,0.40684225,-0.754417554
1056,2642640,1243520,-0.677,-0.42,0.629,-17.1,-8.3,14.1,8,-11.1,-20.8,0.474593341,0.200811792,0.406964324,-0.754173406
1057,2646088,1243520,-0.681,-0.408,0.625,-16.1,-8.3,13.7,8,-11.1,-20.8,0.474959563,0.200628681,0.407086398,-0.753929258
1058,2647638,1243520,-0.677,-0.404,0.628,-15.1,-8.3,13.3,7.8,-11.3,-20.7,0.475325785,0.200415052,0.407177953,-0.75368511
1059,2650079,1243520,-0.677,-0.4,0.621,-14.2,-8.3,12.9,7.8,-11.3,-20.7,0.475661489,0.200262459,0.407269509,-0.753440962
1060,2653323,1243530,-0.677,-0.396,0.628,-13.5,-8.3,12.7,7.8,-11.3,-20.7,0.476027711,0.200109867,0.407361064,-0.753227332
1061,2655501,1243530,-0.677,-0.396,0.632,-12.9,-8.4,12.4,7.8,-11.3,-20.7,0.476363414,0.199957274,0.407422102,-0.753044221
1062,2657709,1243530,-0.685,-0.396,0.625,-12.3,-8.5,12.2,7.8,-11.3,-20.7,0.4766686,0.199774163,0.407483139,-0.752830592
1063,2660180,1243530,-0.681,-0.392,0.625,-11.7,-8.5,11.8,7.8,-11.3,-20.7,0.477004303,0.19962157,0.407544176,-0.752647481
1064,2663578,1243540,-0.681,-0.396,0.625,-11.2,-8.5,11.5,7.8,-11.3,-20.7,0.477309488,0.199438459,0.407605213,-0.75246437
1065,2665297,1243540,-0.685,-0.396,0.629,-10.8,-8.4,11.2,7.8,-11.3,-20.7,0.477614673,0.199316385,0.407635731,-0.752281259
1066,2667828,1243540,-0.685,-0.4,0.636,-10.5,-8.3,10.9,5.1,-11.1,-21,0.477919858,0.199163793,0.40766625,-0.752098148
1067,2671130,1243540,-0.685,-0.404,0.636,-10.1,-8.3,10.6,5.1,-11.1,-21,0.478225043,0.1990112,0.407696768,-0.751945555
1068,2672740,1243550,-0.689,-0.416,0.641,-9.7,-8.3,10.3,5.1,-11.1,-21,0.47849971,0.198889126,0.407727287,-0.751792962
1069,2675203,1243550,-0.689,-0.416,0.641,-9.2,-8.2,10.1,5.1,-11.1,-21,0.478774377,0.198736534,0.407757805,-0.75164037
1070,2679460,1243550,-0.693,-0.424,0.645,-8.8,-8.1,9.9,3.6,-11.4,-20.7,0.479262673,0.198461867,0.40723899,-0.751670888
1071,2681773,1243550,-0.697,-0.427,0.641,-8.4,-8,9.7,3.6,-11.4,-20.7,0.479537339,0.198339793,0.407269509,-0.751518296
1072,2684134,1243560,-0.689,-0.424,0.641,-8.1,-7.9,9.4,3.6,-11.4,-20.7,0.479781487,0.198217719,0.407269509,-0.751396222
1073,2686339,1243560,-0.693,-0.424,0.645,-7.7,-7.8,9.1,3.6,-11.4,-20.7,0.480025636,0.198095645,0.407269509,-0.751274148
1074,2687814,1243560,-0.693,-0.428,0.645,-7.3,-7.9,8.8,3.6,-10.8,-20.8,0.480300302,0.197973571,0.407269509,-0.751152074
1075,2690155,1243560,-0.693,-0.42,0.648,-6.7,-7.9,8.6,3.6,-10.8,-20.8,0.480513932,0.197851497,0.407269509,-0.75103
1076,2693440,1243570,-0.693,-0.424,0.648,-6.2,-7.8,8.5,3.6,-10.8,-20.8,0.48075808,0.197729423,0.40723899,-0.750907926
1077,2695609,1243570,-0.685,-0.42,0.644,-5.9,-7.6,8.5,3.6,-10.8,-20.8,0.481002228,0.197607349,0.407208472,-0.75081637
1078,2697842,1243570,-0.685,-0.42,0.652,-5.6,-7.5,8.5,3.7,-11,-21.1,0.481246376,0.197485275,0.407208472,-0.750694296
1079,2700822,1243570,-0.681,-0.424,0.652,-5.5,-7.5,8.5,3.7,-11,-21.1,0.481460005,0.197393719,0.407177953,-0.750602741
1080,2703858,1243580,-0.677,-0.424,0.648,-5.5,-7.3,8.4,3.7,-11,-21.1,0.481704154,0.197302164,0.407147435,-0.750480667
1081,2705348,1243580,-0.681,-0.428,0.652,-5.6,-7.2,8.3,3.7,-11,-21.1,0.481917783,0.19718009,0.407116916,-0.750389111
1082,2708357,1243580,-0.677,-0.428,0.64,-5.7,-7.1,8.3,3.7,-11,-21.1,0.482131413,0.197088534,0.407116916,-0.750267037
1083,2710558,1243580,-0.673,-0.428,0.644,-5.8,-7,8.3,3.7,-11,-21.1,0.482375561,0.196996979,0.407086398,-0.750144963
1084,2712779,1243590,-0.67,-0.436,0.636,-5.9,-6.7,8.3,3.7,-11,-21.1,0.48258919,0.196874905,0.407086398,-0.750053407
1085,2715997,1243590,-0.67,-0.436,0.64,-5.9,-6.5,8.3,3.7,-11,-21.1,0.48280282,0.196783349,0.407086398,-0.749931333
1086,2717609,1243590,-0.674,-0.436,0.64,-6,-6.4,8.5,5.6,-9.3,-21.2,0.483016449,0.196691794,0.407086398,-0.749809259
1087,2721209,1243590,-0.678,-0.432,0.629,-6,-6.2,8.5,5.6,-9.3,-21.2,0.483260598,0.196600238,0.407055879,-0.749717704
1088,2722838,1243600,-0.674,-0.44,0.628,-6,-5.9,8.5,5.6,-9.3,-21.2,0.483474227,0.196508683,0.407055879,-0.74959563
1089,2725925,1243600,-0.674,-0.432,0.632,-6,-5.5,8.5,5.6,-9.3,-21.2,0.483687857,0.196447645,0.407086398,-0.749473556
1090,2728030,1243600,-0.674,-0.428,0.632,-6.1,-5.1,8.6,6.5,-9.4,-21.1,0.483932005,0.195989868,0.406811731,-0.749565111
1091,2730340,1243600,-0.674,-0.428,0.628,-6.2,-4.9,8.6,6.5,-9.4,-21.1,0.484145634,0.195928831,0.406811731,-0.749443037
1092,2732768,1243610,-0.677,-0.424,0.625,-6.2,-4.7,8.8,6.5,-9.4,-21.1,0.484328745,0.195867794,0.40684225,-0.749320963
1093,2735582,1243610,-0.674,-0.424,0.617,-6.2,-4.4,8.8,6.5,-9.4,-21.1,0.484542375,0.195806757,0.40684225,-0.749198889
1094,2737830,1243610,-0.677,-0.42,0.617,-6.3,-4.2,8.8,7.1,-9.4,-21.1,0.484756005,0.19574572,0.406872768,-0.749046297
1095,2740934,1243610,-0.678,-0.424,0.621,-6.5,-4,8.9,7.1,-9.4,-21.1,0.484969634,0.195684683,0.406903287,-0.748924223
1096,2743857,1243620,-0.678,-0.424,0.617,-6.6,-3.9,8.9,7.1,-9.4,-21.1,0.485183264,0.195623646,0.406933805,-0.74877163
1097,2745292,1243620,-0.678,-0.428,0.617,-6.7,-3.7,8.8,7.1,-9.4,-21.1,0.485396893,0.19553209,0.406964324,-0.748649556
1098,2748413,1243620,-0.682,-0.428,0.613,-6.8,-3.5,8.8,7.5,-9.5,-20.7,0.485580004,0.19553209,0.406994842,-0.748496963
1099,2750606,1243620,-0.682,-0.436,0.613,-6.9,-3.4,8.7,7.5,-9.5,-20.7,0.485793634,0.195471053,0.407025361,-0.748374889
1100,2752612,1243630,-0.686,-0.436,0.601,-6.9,-3.3,8.6,7.5,-9.5,-20.7,0.486007263,0.195410016,0.407086398,-0.748222297
1101,2756153,1243630,-0.69,-0.439,0.605,-6.9,-3.2,8.3,7.5,-9.5,-20.7,0.486190374,0.195379498,0.407116916,-0.748100223
1102,2757662,1243630,-0.69,-0.439,0.605,-6.7,-3.1,8.2,5.8,-11.1,-21.1,0.486373486,0.195318461,0.407177953,-0.74794763
1103,2760225,1243630,-0.694,-0.443,0.602,-6.6,-3.1,8.1,5.8,-11.1,-21.1,0.486587115,0.195257424,0.407208472,-0.747825556
1104,2763727,1243640,-0.694,-0.439,0.602,-6.4,-3,8,5.8,-11.1,-21.1,0.486770226,0.195226905,0.40723899,-0.747703482
1105,2765178,1243640,-0.698,-0.439,0.598,-6.2,-3.1,7.8,5.8,-11.1,-21.1,0.486953337,0.195165868,0.407269509,-0.747581408
1106,2767812,1243640,-0.702,-0.439,0.598,-5.8,-3.2,7.7,5.9,-11.1,-20.9,0.48710593,0.19513535,0.407300027,-0.747459334
1107,2770116,1243640,-0.698,-0.439,0.594,-5.4,-3.3,7.5,5.9,-11.1,-20.9,0.487289041,0.195074313,0.407330546,-0.74733726
1108,2773468,1243650,-0.694,-0.435,0.594,-5,-3.4,7.3,5.9,-11.1,-20.9,0.487472152,0.195043794,0.407330546,-0.747215186
1109,2775190,1243650,-0.698,-0.443,0.594,-4.6,-3.6,7.1,5.9,-11.1,-20.9,0.487624744,0.194982757,0.407361064,-0.74712363
1110,2778656,1243650,-0.698,-0.439,0.59,-4.2,-3.6,7,5.6,-11.4,-21,0.487685781,0.194830164,0.407544176,-0.747032075
1111,2780159,1243650,-0.698,-0.439,0.59,-3.9,-3.6,6.8,5.6,-11.4,-21,0.487838374,0.194799646,0.407544176,-0.746940519
1112,2783076,1243660,-0.698,-0.443,0.59,-3.7,-3.6,6.7,5.6,-11.4,-21,0.488021485,0.194738609,0.407544176,-0.746848964
1113,2786149,1243660,-0.698,-0.439,0.59,-3.5,-3.6,6.5,5.6,-11.4,-21,0.488174078,0.19470809,0.407513657,-0.746757408
1114,2787768,1243660,-0.698,-0.439,0.59,-3.5,-3.8,6.5,6,-12.1,-21,0.48832667,0.194677572,0.407513657,-0.746665853
1115,2790101,1243660,-0.698,-0.443,0.586,-3.5,-3.9,6.3,6,-12.1,-21,0.488479263,0.194616535,0.407513657,-0.746604816
1116,2792580,1243670,-0.702,-0.439,0.582,-3.6,-4.1,6.2,6,-12.1,-21,0.488631855,0.194555498,0.407483139,-0.74651326
1117,2796759,1243670,-0.698,-0.439,0.586,-3.6,-4.1,6,6,-12.1,-21,0.488753929,0.194524979,0.407483139,-0.746421705
1118,2798973,1243670,-0.698,-0.439,0.582,-3.7,-4,5.7,5.5,-13.1,-21.4,0.48893704,0.194463942,0.407483139,-0.746360668
1119,2800393,1243670,-0.694,-0.439,0.578,-3.7,-4,5.6,5.5,-13.1,-21.4,0.489059114,0.194402905,0.407483139,-0.746269112
1120,2802596,1243680,-0.69,-0.443,0.574,-3.6,-4.1,5.6,5.5,-13.1,-21.4,0.489211707,0.194341868,0.40745262,-0.746208075
1121,2805066,1243680,-0.69,-0.443,0.578,-3.4,-4.1,5.6,5.5,-13.1,-21.4,0.489364299,0.19431135,0.40745262,-0.74611652
1122,2808651,1243680,-0.694,-0.439,0.57,-3.3,-4.2,5.4,5.5,-9.1,-20.5,0.489486373,0.194250313,0.407422102,-0.746055483
1123,2810110,1243680,-0.69,-0.443,0.574,-3.2,-4.3,5.4,5.5,-9.1,-20.5,0.489638966,0.194189276,0.407422102,-0.745994446
1124,2812692,1243690,-0.69,-0.439,0.574,-3.2,-4.3,5.3,5.5,-9.1,-20.5,0.48976104,0.194128239,0.407391583,-0.745933409
1125,2815717,1243690,-0.686,-0.44,0.574,-3.2,-4.4,5.3,5.5,-9.1,-20.5,0.489913633,0.194067202,0.407391583,-0.745841853
1126,2817965,1243690,-0.686,-0.44,0.574,-3.3,-4.5,5.3,5.3,-12.4,-21.6,0.490066225,0.194006165,0.407361064,-0.745780816
1127,2821000,1243690,-0.694,-0.435,0.57,-3.4,-4.6,5.3,5.3,-12.4,-21.6,0.490188299,0.193945128,0.407361064,-0.745719779
1128,2822649,1243700,-0.69,-0.432,0.574,-3.6,-4.7,5.3,5.3,-12.4,-21.6,0.490340892,0.193884091,0.407330546,-0.745658742
1129,2826253,1243700,-0.686,-0.432,0.57,-3.9,-4.7,5.1,5.3,-12.4,-21.6,0.490493484,0.193792535,0.407330546,-0.745567186
1130,2827759,1243700,-0.686,-0.432,0.574,-4.2,-4.6,5.1,5.8,-12.3,-22,0.490524003,0.19370098,0.407574694,-0.745445112
1131,2830631,1243700,-0.69,-0.432,0.57,-4.5,-4.6,5.2,5.8,-12.3,-22,0.490646077,0.193578906,0.407605213,-0.745384075
1132,2833735,1243710,-0.686,-0.428,0.566,-4.8,-4.5,5.2,5.8,-12.3,-22,0.490798669,0.193517869,0.407605213,-0.74529252
1133,2836532,1243710,-0.694,-0.428,0.57,-5.1,-4.6,5.1,5.8,-12.3,-22,0.490951262,0.193456832,0.407605213,-0.745200964
1134,2837932,1243710,-0.694,-0.432,0.57,-5.5,-4.5,5.1,5.5,-11.5,-22.1,0.491103854,0.193365276,0.407635731,-0.745139927
1135,2841127,1243710,-0.69,-0.432,0.57,-5.8,-4.4,5.1,5.5,-11.5,-22.1,0.491256447,0.193273721,0.40766625,-0.745048372
1136,2843753,1243720,-0.69,-0.428,0.57,-6.2,-4.3,5.1,5.5,-11.5,-22.1,0.49140904,0.193182165,0.407696768,-0.744956816
1137,2845493,1243720,-0.686,-0.424,0.574,-6.4,-4.4,5.1,5.5,-11.5,-22.1,0.491561632,0.193090609,0.407727287,-0.744865261
1138,2849369,1243720,-0.694,-0.428,0.578,-6.7,-4.5,5,5.7,-10.1,-21.9,0.491683706,0.192968535,0.407757805,-0.744743187
1139,2851192,1243720,-0.694,-0.424,0.574,-6.8,-4.7,5,5.7,-10.1,-21.9,0.491866817,0.19287698,0.407818842,-0.744651631
1140,2852724,1243730,-0.698,-0.42,0.582,-7.1,-4.8,5,5.7,-10.1,-21.9,0.49201941,0.192754906,0.407849361,-0.744560076
1141,2856838,1243730,-0.697,-0.416,0.582,-7.5,-4.8,4.9,5.7,-10.1,-21.9,0.492172002,0.19266335,0.407910398,-0.74446852
1142,2857744,1243730,-0.702,-0.423,0.578,-7.9,-4.8,4.8,5.6,-10.3,-20.3,0.492324595,0.192541276,0.407940916,-0.744346446
1143,2860811,1243730,-0.698,-0.42,0.574,-8.5,-5,4.7,5.6,-10.3,-20.3,0.492477187,0.192388684,0.408032472,-0.744254891
1144,2862735,1243740,-0.702,-0.423,0.574,-8.9,-5.1,4.5,5.6,-10.3,-20.3,0.49262978,0.19226661,0.408093509,-0.744132817
1145,2866628,1243740,-0.698,-0.424,0.574,-9.2,-5.3,4.5,5.6,-10.3,-20.3,0.492782373,0.192114017,0.408154546,-0.744041261
1146,2868753,1243740,-0.698,-0.431,0.574,-9.5,-5.5,4.4,5.7,-10.8,-22.3,0.492965484,0.191961425,0.408246101,-0.743919187
1147,2870316,1243740,-0.698,-0.439,0.571,-9.6,-5.7,4.3,5.7,-10.8,-22.3,0.493118076,0.191808832,0.408307138,-0.743827631
1148,2872693,1243750,-0.698,-0.439,0.574,-9.7,-5.8,4.2,5.7,-10.8,-22.3,0.493270669,0.191625721,0.408398694,-0.743705557
1149,2875293,1243750,-0.698,-0.439,0.571,-9.8,-5.9,4.1,5.7,-10.8,-22.3,0.49345378,0.191473128,0.408459731,-0.743614002
1150,2879339,1243750,-0.694,-0.439,0.57,-9.8,-5.9,3.9,5.4,-10.4,-22.2,0.493423261,0.191320536,0.408978545,-0.743369854
1151,2881468,1243750,-0.694,-0.439,0.57,-9.8,-5.9,3.6,5.4,-10.4,-22.2,0.493575854,0.191167943,0.409070101,-0.743278298
1152,2883696,1243760,-0.694,-0.439,0.578,-9.5,-5.8,3.5,5.4,-10.4,-22.2,0.493728446,0.190984832,0.409131138,-0.743156224
1153,2886705,1243760,-0.694,-0.443,0.574,-9.2,-5.8,3.4,5.4,-10.4,-22.2,0.493881039,0.19083224,0.409222694,-0.743064669
1154,2888834,1243760,-0.698,-0.447,0.578,-8.9,-5.8,3.3,5.6,-10.3,-22.2,0.494003113,0.190649129,0.409283731,-0.742973113
1155,2890388,1243760,-0.698,-0.447,0.578,-8.6,-5.9,3.2,5.6,-10.3,-22.2,0.494155705,0.190527055,0.409344768,-0.742912076
1156,2892685,1243770,-0.694,-0.447,0.582,-8.2,-5.9,3.1,5.6,-10.3,-22.2,0.494308298,0.190343944,0.409405805,-0.742820521
1157,2896085,1243770,-0.694,-0.447,0.582,-7.8,-5.9,3.1,5.6,-10.3,-22.2,0.494430372,0.190191351,0.409436323,-0.742728965
1158,2898279,1243770,-0.69,-0.447,0.59,-7.5,-5.9,3.1,5.2,-10.2,-22.3,0.494582965,0.190038759,0.40949736,-0.742667928
1159,2900537,1243770,-0.69,-0.455,0.586,-7,-5.9,3.1,5.2,-10.2,-22.3,0.494705039,0.189916684,0.409527879,-0.742576373
1160,2902672,1243780,-0.69,-0.459,0.578,-6.7,-5.9,3.3,5.2,-10.2,-22.3,0.494857631,0.189764092,0.409558397,-0.742515336
1161,2905317,1243780,-0.69,-0.459,0.586,-6.4,-6,3.3,5.2,-10.2,-22.3,0.494979705,0.189642018,0.409588916,-0.742454299
1162,2907566,1243780,-0.686,-0.455,0.59,-6.2,-6,3.4,5.2,-10.7,-22.3,0.495101779,0.189489425,0.409619434,-0.742362743
1163,2911006,1243780,-0.69,-0.455,0.59,-5.9,-5.9,3.4,5.2,-10.7,-22.3,0.495254372,0.189367351,0.409619434,-0.742301706
1164,2913277,1243790,-0.682,-0.459,0.586,-5.7,-5.8,3.4,5.2,-10.7,-22.3,0.495376446,0.189245277,0.409649953,-0.742240669
1165,2915437,1243790,-0.69,-0.455,0.582,-5.5,-5.6,3.4,5.2,-10.7,-22.3,0.49549852,0.189123203,0.409649953,-0.742179632
1166,2917745,1243790,-0.69,-0.451,0.586,-5.3,-5.5,3.5,5.5,-10.6,-20.7,0.495651112,0.189001129,0.409680471,-0.742118595
1167,2920211,1243790,-0.69,-0.451,0.586,-5.1,-5.4,3.5,5.5,-10.6,-20.7,0.495773186,0.188879055,0.409680471,-0.742057558
1168,2922662,1243800,-0.686,-0.447,0.582,-5,-5.5,3.5,5.5,-10.6,-20.7,0.49589526,0.1887875,0.409680471,-0.741996521
1169,2926781,1243800,-0.686,-0.443,0.59,-4.8,-5.6,3.7,5.5,-10.6,-20.7,0.496017335,0.188665426,0.409680471,-0.741935484
1170,2928989,1243800,-0.69,-0.443,0.59,-4.8,-5.7,3.7,5.4,-10.8,-19.3,0.495956297,0.18836024,0.410016175,-0.741874447
1171,2931285,1243800,-0.69,-0.443,0.59,-4.8,-5.7,3.8,5.4,-10.8,-19.3,0.49610889,0.188268685,0.410016175,-0.74181341
1172,2933427,1243810,-0.69,-0.439,0.59,-4.8,-5.5,3.9,5.4,-10.8,-19.3,0.496230964,0.188146611,0.410016175,-0.741752373
1173,2935752,1243810,-0.69,-0.439,0.59,-4.8,-5.5,3.9,5.4,-10.8,-19.3,0.496383557,0.188055055,0.410016175,-0.741691336
1174,2937974,1243810,-0.69,-0.439,0.59,-4.9,-5.4,3.9,5.3,-11.2,-19.5,0.496505631,0.187932981,0.410016175,-0.741630299
1175,2940228,1243810,-0.694,-0.439,0.59,-5,-5.4,3.9,5.3,-11.2,-19.5,0.496627705,0.187841426,0.410016175,-0.741538743
1176,2942850,1243820,-0.69,-0.436,0.582,-5.2,-5.5,3.9,5.3,-11.2,-19.5,0.496780297,0.187719352,0.410016175,-0.741477706
1177,2946214,1243820,-0.69,-0.436,0.586,-5.5,-5.6,3.9,5.3,-11.2,-19.5,0.496902371,0.187597278,0.410046693,-0.741416669
1178,2948478,1243820,-0.69,-0.432,0.59,-5.9,-5.6,4,5.4,-10.7,-19.6,0.497054964,0.187475204,0.410046693,-0.741355632
1179,2950708,1243820,-0.694,-0.432,0.59,-6.4,-5.5,4,5.4,-10.7,-19.6,0.497177038,0.18735313,0.410077212,-0.741264077
1180,2953000,1243830,-0.693,-0.42,0.594,-7,-5.3,4.2,5.4,-10.7,-19.6,0.49732963,0.187231056,0.41010773,-0.741172521
1181,2955223,1243830,-0.697,-0.42,0.59,-7.8,-5,4.2,5.4,-10.7,-19.6,0.497482223,0.187108982,0.410168767,-0.741080966
1182,2957781,1243830,-0.694,-0.424,0.59,-8.5,-4.8,4.1,5.2,-10.8,-23.3,0.497634816,0.186956389,0.410229804,-0.74098941
1183,2961233,1243830,-0.694,-0.424,0.59,-9.1,-4.8,4.1,5.2,-10.8,-23.3,0.497787408,0.186834315,0.41032136,-0.740867336
1184,2963491,1243840,-0.697,-0.42,0.594,-9.8,-4.8,4,5.2,-10.8,-23.3,0.497909482,0.186681722,0.410412915,-0.740775781
1185,2965732,1243840,-0.694,-0.424,0.59,-10.5,-4.8,3.9,5.2,-10.8,-23.3,0.498062075,0.18652913,0.410504471,-0.740653706
1186,2967956,1243840,-0.69,-0.42,0.594,-11.1,-4.7,3.8,5.5,-10.5,-21.6,0.498214667,0.186346019,0.410626545,-0.740531632
1187,2970254,1243840,-0.686,-0.432,0.598,-11.7,-4.6,3.8,5.5,-10.5,-21.6,0.49836726,0.186193426,0.410748619,-0.74037904
1188,2972800,1243850,-0.69,-0.432,0.598,-12.2,-4.6,3.9,5.5,-10.5,-21.6,0.498519852,0.186010315,0.410870693,-0.740256966
1189,2976214,1243850,-0.69,-0.439,0.594,-12.5,-4.5,4,5.5,-10.5,-21.6,0.498702963,0.185827204,0.411023286,-0.740134892
1190,2978508,1243850,-0.686,-0.443,0.598,-12.7,-4.5,4.1,4.8,-10.6,-22.7,0.498794519,0.185613575,0.411236915,-0.739982299
1191,2980751,1243850,-0.682,-0.447,0.605,-12.8,-4.5,4,4.8,-10.6,-22.7,0.498947111,0.185430464,0.411358989,-0.739860225
1192,2982946,1243860,-0.678,-0.455,0.609,-12.7,-4.5,3.9,4.8,-10.6,-22.7,0.499130222,0.185247353,0.411511582,-0.739707633
1193,2985152,1243860,-0.678,-0.463,0.605,-12.4,-4.6,3.7,4.8,-10.6,-22.7,0.499282815,0.185064241,0.411633656,-0.739585559
1194,2987838,1243860,-0.682,-0.467,0.605,-12,-4.6,3.6,5.3,-10.4,-23,0.499404889,0.184911649,0.411786248,-0.739432966
1195,2990102,1243860,-0.686,-0.467,0.609,-11.4,-4.5,3.6,5.3,-10.4,-23,0.499557482,0.184728538,0.411908322,-0.739310892
1196,2994230,1243870,-0.682,-0.463,0.609,-10.9,-4.2,3.6,5.3,-10.4,-23,0.499710074,0.184575945,0.411999878,-0.739188818
1197,2996431,1243870,-0.686,-0.467,0.609,-10.3,-4,3.7,5.3,-10.4,-23,0.499832148,0.184423353,0.412121952,-0.739066744
1198,2998744,1243870,-0.682,-0.455,0.601,-9.7,-3.9,3.6,5.1,-10.7,-23.4,0.499984741,0.184301279,0.412213507,-0.738975188
1199,3000873,1243870,-0.682,-0.451,0.605,-9.1,-3.9,3.7,5.1,-10.7,-23.4,0.500106815,0.184179205,0.412305063,-0.738853114
1200,3003258,1243880,-0.682,-0.444,0.609,-8.5,-3.9,3.7,5.1,-10.7,-23.4,0.500228889,0.184057131,0.412396619,-0.738761559
1201,3005449,1243880,-0.678,-0.444,0.605,-8.1,-4.1,3.8,5.1,-10.7,-23.4,0.500381481,0.183935057,0.412457656,-0.738670003
1202,3007652,1243880,-0.674,-0.432,0.597,-7.8,-4,3.8,5.1,-10.5,-21.6,0.500503555,0.183812983,0.412518693,-0.738578448
1203,3010173,1243880,-0.678,-0.428,0.601,-7.7,-3.9,3.7,5.1,-10.5,-21.6,0.500625629,0.183690909,0.41257973,-0.738456374
1204,3013656,1243890,-0.674,-0.428,0.601,-7.7,-3.7,3.5,5.1,-10.5,-21.6,0.500747703,0.183599353,0.412671285,-0.738364818
1205,3015220,1243890,-0.678,-0.424,0.601,-7.7,-3.5,3.3,5.1,-10.5,-21.6,0.500869778,0.183477279,0.412732322,-0.738273263
1206,3017702,1243890,-0.686,-0.428,0.598,-7.7,-3.3,3.3,5.4,-10.5,-21.8,0.500961333,0.183355205,0.412823878,-0.738181707
1207,3020042,1243890,-0.678,-0.432,0.597,-7.7,-3.1,3.4,5.4,-10.5,-21.8,0.501113926,0.183263649,0.412884915,-0.738090152
1208,3024264,1243900,-0.674,-0.432,0.601,-7.8,-3,3.4,5.4,-10.5,-21.8,0.501205481,0.183172094,0.41297647,-0.737998596
1209,3026494,1243900,-0.674,-0.432,0.601,-7.8,-2.8,3.5,5.4,-10.5,-21.8,0.501327555,0.18305002,0.413037507,-0.737907041
1210,3028754,1243900,-0.674,-0.44,0.601,-7.9,-2.7,3.4,5.4,-10.4,-21.7,0.501449629,0.18283639,0.413098544,-0.737846004
1211,3031016,1243900,-0.674,-0.44,0.601,-7.8,-2.7,3.4,5.4,-10.4,-21.7,0.501541185,0.182775353,0.4131901,-0.737754448
1212,3033215,1243910,-0.67,-0.44,0.601,-7.8,-2.6,3.3,5.4,-10.4,-21.7,0.501663259,0.182683798,0.413251137,-0.737662893
1213,3035461,1243910,-0.67,-0.44,0.605,-7.9,-2.5,3.2,5.4,-10.4,-21.7,0.501754814,0.182592242,0.413342692,-0.737540819
1214,3037663,1243910,-0.674,-0.436,0.601,-8.2,-2.2,3.3,5.6,-10.1,-21.7,0.501876888,0.182470168,0.413434248,-0.737449263
1215,3040119,1243910,-0.678,-0.432,0.597,-8.2,-2.2,3.2,5.6,-10.1,-21.7,0.501968444,0.182378613,0.413525803,-0.737357707
1216,3042513,1243920,-0.682,-0.436,0.601,-8.1,-2.2,3.1,5.6,-10.1,-21.7,0.502090518,0.182287057,0.413647877,-0.737266152
1217,3045956,1243920,-0.678,-0.432,0.597,-8,-2.2,3,5.6,-10.1,-21.7,0.502182073,0.182195502,0.413739433,-0.737144078
1218,3047642,1243920,-0.682,-0.436,0.601,-8,-2.2,2.9,5.4,-10.2,-21.6,0.502273629,0.182103946,0.413830988,-0.737052522
1219,3051160,1243920,-0.678,-0.436,0.597,-7.9,-2.2,2.9,5.4,-10.2,-21.6,0.502365184,0.182012391,0.413922544,-0.736960967
1220,3052723,1243930,-0.678,-0.436,0.597,-7.8,-2.2,2.9,5.4,-10.2,-21.6,0.502487259,0.181859798,0.4140141,-0.736869411
1221,3055156,1243930,-0.682,-0.44,0.594,-7.8,-2.2,2.8,5.4,-10.2,-21.6,0.502578814,0.181798761,0.414075137,-0.736777856
1222,3058702,1243930,-0.682,-0.428,0.59,-7.8,-2.2,2.6,3.3,-10.4,-21.7,0.50267037,0.181707205,0.414166692,-0.7366863
1223,3060223,1243930,-0.686,-0.428,0.594,-7.8,-2.3,2.6,3.3,-10.4,-21.7,0.502761925,0.18161565,0.414258248,-0.736594745
1224,3062720,1243940,-0.682,-0.432,0.594,-7.8,-2.3,2.6,3.3,-10.4,-21.7,0.502853481,0.181524094,0.414349803,-0.736503189
1225,3066188,1243940,-0.686,-0.432,0.594,-7.9,-2.2,2.4,3.3,-10.4,-21.7,0.502945036,0.18140202,0.414441359,-0.736411634
1226,3067742,1243940,-0.69,-0.432,0.598,-7.9,-2.2,2.2,6.7,-10,-22,0.503036592,0.181310465,0.414532914,-0.736320078
1227,3070499,1243940,-0.69,-0.432,0.594,-7.9,-2.1,2.1,6.7,-10,-22,0.503128147,0.181218909,0.414654988,-0.736228523
1228,3072688,1243950,-0.69,-0.432,0.59,-7.8,-2.1,2.1,6.7,-10,-22,0.503219703,0.181096835,0.414746544,-0.736136967
1229,3075450,1243950,-0.686,-0.432,0.594,-7.8,-2.1,2.1,6.7,-10,-22,0.50328074,0.18100528,0.414838099,-0.73607593
1230,3078445,1243950,-0.686,-0.436,0.594,-7.6,-2,2,6.5,-10.4,-21.8,0.503372295,0.180883206,0.414929655,-0.735984375
1231,3080160,1243950,-0.686,-0.436,0.594,-7.5,-2.1,1.9,6.5,-10.4,-21.8,0.503463851,0.180822169,0.41502121,-0.735892819
1232,3083702,1243960,-0.69,-0.436,0.594,-7.3,-2.1,1.9,6.5,-10.4,-21.8,0.503524888,0.180700095,0.415112766,-0.735831782
1233,3085186,1243960,-0.69,-0.436,0.598,-7.2,-2.1,1.9,6.5,-10.4,-21.8,0.503616443,0.180608539,0.415204321,-0.735740226
1234,3087958,1243960,-0.69,-0.432,0.605,-7,-2,1.9,6.8,-10,-21.8,0.50367748,0.180516984,0.415265358,-0.735648671
1235,3090947,1243960,-0.694,-0.435,0.598,-7,-2,1.9,6.8,-10,-21.8,0.503769036,0.180425428,0.415356914,-0.735587634
1236,3093920,1243970,-0.698,-0.431,0.606,-6.9,-2,1.8,6.8,-10,-21.8,0.503860591,0.180333872,0.415448469,-0.735496078
1237,3095440,1243970,-0.698,-0.435,0.598,-6.7,-2,1.8,6.8,-10,-21.8,0.503921628,0.180242317,0.415509507,-0.735435041
1238,3098668,1243970,-0.698,-0.431,0.598,-6.7,-2.1,1.7,6.9,-10.1,-21.7,0.503982665,0.180150761,0.415601062,-0.735343486
1239,3100163,1243970,-0.694,-0.432,0.59,-6.6,-2.2,1.5,6.9,-10.1,-21.7,0.504074221,0.180059206,0.415662099,-0.735282449
1240,3103304,1243980,-0.698,-0.435,0.594,-6.4,-2.4,1.5,6.9,-10.1,-21.7,0.504135258,0.17996765,0.415753655,-0.735221412
1241,3105373,1243980,-0.698,-0.443,0.602,-6.2,-2.7,1.3,6.9,-10.1,-21.7,0.504196295,0.179845576,0.415814692,-0.735160375
1242,3108726,1243980,-0.694,-0.439,0.598,-6.1,-2.8,1.3,4.5,-10.3,-21.8,0.504287851,0.179754021,0.415875729,-0.735099338
1243,3110284,1243980,-0.69,-0.447,0.594,-5.8,-2.9,1.2,4.5,-10.3,-21.8,0.504348888,0.179662465,0.415936766,-0.735068819
1244,3113259,1243990,-0.69,-0.447,0.598,-5.6,-2.9,1.2,4.5,-10.3,-21.8,0.504409925,0.17957091,0.415967284,-0.735007782
1245,3116341,1243990,-0.686,-0.447,0.598,-5.4,-2.8,1.1,4.5,-10.3,-21.8,0.50450148,0.179448836,0.416028321,-0.734946745
1246,3117744,1243990,-0.694,-0.451,0.602,-5.2,-2.9,1,4.8,-9.5,-22,0.504562517,0.17935728,0.416089358,-0.734916227
1247,3120474,1243990,-0.694,-0.451,0.602,-5,-2.8,1,4.8,-9.5,-22,0.504623554,0.179265725,0.416119877,-0.73485519
1248,3123519,1244000,-0.69,-0.451,0.598,-4.7,-2.8,0.9,4.8,-9.5,-22,0.504684591,0.179174169,0.416150395,-0.734824671
1249,3125110,1244000,-0.698,-0.451,0.598,-4.5,-2.9,1,4.8,-9.5,-22,0.504745628,0.179082614,0.416211432,-0.734763634
1250,3128754,1244000,-0.694,-0.447,0.602,-4.4,-3,1,4.4,-9.8,-21.9,0.504745628,0.178899503,0.416302988,-0.734763634
1251,3130193,1244000,-0.69,-0.447,0.605,-4.2,-3.1,1,4.4,-9.8,-21.9,0.504806665,0.178807947,0.416333506,-0.734702597
1252,3133324,1244010,-0.694,-0.447,0.61,-4,-3.1,1.1,4.4,-9.8,-21.9,0.504867702,0.17874691,0.416364025,-0.734672079
1253,3136288,1244010,-0.694,-0.455,0.606,-3.8,-2.9,1.2,4.4,-9.8,-21.9,0.504928739,0.178655354,0.416394543,-0.73464156
1254,3137812,1244010,-0.694,-0.455,0.602,-3.8,-2.9,1.3,3.6,-10,-21.7,0.504989776,0.178594317,0.416425062,-0.734611042
1255,3140995,1244010,-0.686,-0.459,0.602,-3.6,-2.8,1.4,3.6,-10,-21.7,0.505050813,0.178502762,0.41645558,-0.734550005
1256,3143026,1244020,-0.69,-0.459,0.606,-3.6,-2.8,1.5,3.6,-10,-21.7,0.50511185,0.178441725,0.41645558,-0.734519486
1257,3146107,1244020,-0.694,-0.463,0.606,-3.4,-2.8,1.5,3.6,-10,-21.7,0.505172887,0.178380688,0.416486099,-0.734488968
1258,3147978,1244020,-0.698,-0.463,0.606,-3.4,-2.8,1.6,2.4,-9.9,-22,0.505233924,0.178289132,0.416486099,-0.734458449
1259,3150818,1244020,-0.694,-0.463,0.606,-3.6,-2.7,1.7,2.4,-9.9,-22,0.505294961,0.178228095,0.416486099,-0.734397412
1260,3152556,1244030,-0.69,-0.459,0.606,-3.8,-2.7,1.8,2.4,-9.9,-22,0.505386517,0.178167058,0.416547136,-0.734366894
1261,3156108,1244030,-0.694,-0.455,0.606,-4.1,-2.7,1.8,2.4,-9.9,-22,0.505447554,0.178075503,0.416577654,-0.734305857
1262,3158098,1244030,-0.694,-0.463,0.61,-4.3,-2.9,1.8,5.8,-10.6,-22.2,0.505508591,0.178014466,0.416608173,-0.734275338
1263,3160149,1244030,-0.694,-0.459,0.606,-4.4,-3,1.9,5.8,-10.6,-22.2,0.505600146,0.17792291,0.416638691,-0.734214301
1264,3163901,1244040,-0.686,-0.459,0.605,-4.5,-3,2.1,5.8,-10.6,-22.2,0.505661184,0.177861873,0.41666921,-0.734153264
1265,3165282,1244040,-0.694,-0.459,0.61,-4.6,-3,2.2,5.8,-10.6,-22.2,0.505752739,0.177770318,0.416699728,-0.734122745
1266,3168458,1244040,-0.69,-0.463,0.613,-4.7,-3,2.3,2.6,-9.1,-21.8,0.505844295,0.177678762,0.416730247,-0.734061708
1267,3170270,1244040,-0.69,-0.459,0.609,-5,-3,2.4,2.6,-9.1,-21.8,0.50593585,0.177617725,0.416760765,-0.734000671
1268,3173936,1244050,-0.686,-0.467,0.605,-5.2,-3,2.4,2.6,-9.1,-21.8,0.506027406,0.17752617,0.416821802,-0.733939634
1269,3176229,1244050,-0.686,-0.459,0.602,-5.5,-2.8,2.6,2.6,-9.1,-21.8,0.506088443,0.177434614,0.416852321,-0.733848079
1270,3178972,1244050,-0.69,-0.459,0.602,-5.7,-2.7,2.7,2.8,-9.2,-22,0.506057924,0.177037873,0.417004913,-0.733909116
1271,3181090,1244050,-0.69,-0.459,0.602,-5.8,-2.5,2.9,2.8,-9.2,-22,0.50614948,0.176976836,0.41706595,-0.73381756
1272,3182590,1244060,-0.682,-0.459,0.598,-5.9,-2.4,2.9,2.8,-9.2,-22,0.506241035,0.176885281,0.417126988,-0.733756523
1273,3186750,1244060,-0.686,-0.455,0.605,-5.9,-2.3,3.1,2.8,-9.2,-22,0.506332591,0.176824244,0.417157506,-0.733664968
1274,3188775,1244060,-0.682,-0.455,0.597,-5.9,-2.4,3.2,3.6,-9.1,-22,0.506454665,0.176732688,0.417218543,-0.733573412
1275,3191140,1244060,-0.682,-0.451,0.601,-5.8,-2.6,3.3,3.6,-9.1,-22,0.50654622,0.176671651,0.41727958,-0.733512375
1276,3193579,1244070,-0.682,-0.451,0.597,-5.7,-2.7,3.3,3.6,-9.1,-22,0.506637776,0.176580096,0.417340617,-0.73342082
1277,3195918,1244070,-0.682,-0.444,0.597,-5.6,-2.7,3.3,3.6,-9.1,-22,0.506729331,0.176519059,0.417371136,-0.733359783
1278,3197999,1244070,-0.682,-0.447,0.597,-5.4,-2.7,3.5,4.5,-9.2,-21.8,0.506851405,0.176427503,0.417401654,-0.733268227
1279,3201231,1244070,-0.682,-0.444,0.594,-5.4,-2.6,3.6,4.5,-9.2,-21.8,0.506942961,0.176366466,0.417462691,-0.733176672
1280,3203495,1244080,-0.682,-0.436,0.597,-5.3,-2.5,3.8,4.5,-9.2,-21.8,0.507065035,0.176305429,0.41749321,-0.733115635
1281,3205604,1244080,-0.682,-0.444,0.59,-5.3,-2.5,4,4.5,-9.2,-21.8,0.50715659,0.176244392,0.417554247,-0.733024079
1282,3208081,1244080,-0.678,-0.436,0.593,-5.3,-2.5,4.1,5.1,-11.1,-22,0.507278665,0.176183355,0.417584765,-0.732932524
1283,3210137,1244080,-0.678,-0.436,0.593,-5.4,-2.5,4,5.1,-11.1,-22,0.50737022,0.176122318,0.417615284,-0.732840968
1284,3212728,1244090,-0.678,-0.424,0.589,-5.4,-2.6,3.9,5.1,-11.1,-22,0.507492294,0.176000244,0.417676321,-0.732779931
1285,3215346,1244090,-0.678,-0.428,0.593,-5.5,-2.5,3.8,5.1,-11.1,-22,0.50758385,0.175969726,0.417706839,-0.732688375
1286,3218300,1244090,-0.682,-0.432,0.594,-5.6,-2.5,3.7,5.4,-8.7,-22.1,0.507705924,0.175908689,0.417767876,-0.73259682
1287,3220229,1244090,-0.678,-0.432,0.597,-5.6,-2.5,3.7,5.4,-8.7,-22.1,0.507797479,0.175847652,0.417798395,-0.732535783
1288,3223737,1244100,-0.678,-0.444,0.597,-5.4,-2.6,3.6,5.4,-8.7,-22.1,0.507919553,0.175786615,0.417859432,-0.732444227
1289,3225978,1244100,-0.674,-0.444,0.597,-5.1,-2.7,3.4,5.4,-8.7,-22.1,0.508011109,0.175695059,0.41788995,-0.73238319
1290,3227579,1244100,-0.674,-0.452,0.593,-4.7,-2.9,3.2,4.9,-8.7,-22.2,0.508102664,0.175572985,0.41788995,-0.732322153
1291,3230777,1244100,-0.678,-0.455,0.597,-4.3,-3,2.9,4.9,-8.7,-22.2,0.50819422,0.175511948,0.417920469,-0.732261116
1292,3232964,1244110,-0.678,-0.452,0.597,-3.7,-3,2.8,4.9,-8.7,-22.2,0.508285775,0.175450911,0.417920469,-0.732230598
1293,3235175,1244110,-0.682,-0.455,0.594,-3.2,-3,2.6,4.9,-8.7,-22.2,0.508377331,0.175389874,0.417950987,-0.732169561
1294,3239553,1244110,-0.674,-0.452,0.597,-2.7,-2.8,2.4,5.1,-8.6,-22.2,0.508438368,0.175328837,0.417950987,-0.732139042
1295,3241551,1244110,-0.678,-0.452,0.597,-2.3,-2.6,2.1,5.1,-8.6,-22.2,0.508499405,0.1752678,0.417950987,-0.732108524
1296,3243652,1244120,-0.682,-0.447,0.597,-1.8,-2.6,1.8,5.1,-8.6,-22.2,0.508560442,0.175237281,0.417950987,-0.732078005
1297,3246118,1244120,-0.678,-0.448,0.597,-1.4,-2.6,1.6,5.1,-8.6,-22.2,0.508621479,0.175206763,0.417920469,-0.732047487
1298,3248523,1244120,-0.678,-0.448,0.597,-1,-2.6,1.6,5.1,-9,-22.2,0.508682516,0.175145726,0.417920469,-0.732016968
1299,3250707,1244120,-0.674,-0.444,0.601,-0.6,-2.8,1.4,5.1,-9,-22.2,0.508743553,0.175115207,0.41788995,-0.732016968
1300,3252614,1244130,-0.674,-0.44,0.597,-0.3,-3,1.1,5.1,-9,-22.2,0.508774071,0.175084689,0.417859432,-0.732016968
1301,3256088,1244130,-0.674,-0.44,0.597,-0.2,-3.2,0.9,5.1,-9,-22.2,0.508835108,0.175023652,0.417798395,-0.732016968
1302,3257933,1244130,-0.674,-0.444,0.597,-0.2,-3.1,0.7,4.7,-9.5,-22,0.508865627,0.174993133,0.417767876,-0.732016968
1303,3261042,1244130,-0.678,-0.444,0.597,-0.3,-3.1,0.5,4.7,-9.5,-22,0.508896146,0.174932096,0.417737358,-0.732016968
1304,3263236,1244140,-0.678,-0.44,0.597,-0.3,-2.9,0.4,4.7,-9.5,-22,0.508926664,0.174871059,0.417706839,-0.732016968
1305,3265460,1244140,-0.678,-0.448,0.601,-0.5,-2.8,0.3,4.7,-9.5,-22,0.508987701,0.174840541,0.417706839,-0.732016968
1306,3267662,1244140,-0.682,-0.447,0.601,-0.7,-2.6,0.3,5.2,-10.8,-22.2,0.50901822,0.174779504,0.417676321,-0.732016968
1307,3270062,1244140,-0.678,-0.44,0.601,-0.8,-2.6,0.2,5.2,-10.8,-22.2,0.509048738,0.174748985,0.417645802,-0.732016968
1308,3272956,1244150,-0.678,-0.452,0.601,-1,-2.5,0.2,5.2,-10.8,-22.2,0.509079257,0.174687948,0.417645802,-0.732016968
1309,3275157,1244150,-0.678,-0.448,0.605,-1.1,-2.4,0,5.2,-10.8,-22.2,0.509079257,0.174626911,0.417645802,-0.732016968
1310,3278527,1244150,-0.682,-0.444,0.605,-1.3,-2.3,-0.1,4.8,-11.8,-22,0.509079257,0.174382763,0.417615284,-0.732108524
1311,3280555,1244150,-0.678,-0.452,0.601,-1.4,-2.3,-0.2,4.8,-11.8,-22,0.509109775,0.174321726,0.417615284,-0.732108524
1312,3283035,1244160,-0.686,-0.459,0.598,-1.4,-2.2,-0.1,4.8,-11.8,-22,0.509109775,0.174291208,0.417615284,-0.732108524
1313,3285292,1244160,-0.682,-0.459,0.601,-1.5,-2.2,-0.2,4.8,-11.8,-22,0.509140294,0.174230171,0.417615284,-0.732108524
1314,3287687,1244160,-0.674,-0.463,0.605,-1.5,-2.3,-0.2,4.7,-12.3,-22,0.509170812,0.174169134,0.417615284,-0.732078005
1315,3290145,1244160,-0.678,-0.463,0.601,-1.4,-2.3,-0.2,4.7,-12.3,-22,0.509201331,0.174108097,0.417615284,-0.732078005
1316,3293159,1244170,-0.678,-0.467,0.601,-1.2,-2.3,-0.2,4.7,-12.3,-22,0.509201331,0.17404706,0.417615284,-0.732078005
1317,3295137,1244170,-0.67,-0.463,0.605,-1,-2.4,-0.2,4.7,-12.3,-22,0.509231849,0.174016541,0.417584765,-0.732108524
1318,3298918,1244170,-0.67,-0.467,0.601,-0.7,-2.3,-0.2,4.9,-12.5,-22.2,0.509262368,0.173955504,0.417584765,-0.732108524
1319,3300360,1244170,-0.67,-0.463,0.605,-0.5,-2.2,-0.2,4.9,-12.5,-22.2,0.509262368,0.173924986,0.417554247,-0.732108524
1320,3302735,1244180,-0.67,-0.46,0.597,-0.3,-2.1,-0.1,4.9,-12.5,-22.2,0.509292886,0.173863948,0.417554247,-0.732108524
1321,3305035,1244180,-0.67,-0.46,0.601,-0.2,-2.1,0,4.9,-12.5,-22.2,0.509323405,0.17383343,0.417523728,-0.732108524
1322,3309396,1244180,-0.67,-0.456,0.601,-0.2,-2,0,4.6,-8,-20.5,0.509323405,0.173802911,0.417523728,-0.732139042
1323,3310927,1244180,-0.67,-0.456,0.597,-0.1,-1.8,0,4.6,-8,-20.5,0.509353923,0.173772393,0.41749321,-0.732139042
1324,3313217,1244190,-0.67,-0.456,0.605,0,-1.8,0.1,4.6,-8,-20.5,0.509353923,0.173741874,0.417462691,-0.732139042
1325,3315366,1244190,-0.67,-0.448,0.597,0,-1.7,0.3,4.6,-8,-20.5,0.509384442,0.173711356,0.417462691,-0.732139042
1326,3317578,1244190,-0.67,-0.444,0.597,-0.2,-1.7,0.4,4.7,-10.3,-23.5,0.50941496,0.173680837,0.417432173,-0.732139042
1327,3321029,1244190,-0.666,-0.448,0.597,-0.3,-1.5,0.5,4.7,-10.3,-23.5,0.509445479,0.173680837,0.417432173,-0.732139042
1328,3322659,1244200,-0.67,-0.44,0.601,-0.6,-1.3,0.6,4.7,-10.3,-23.5,0.509475997,0.173650319,0.417401654,-0.732139042
1329,3325033,1244200,-0.666,-0.436,0.601,-0.9,-1.3,0.7,4.7,-10.3,-23.5,0.509506516,0.1736198,0.417401654,-0.732108524
1330,3328804,1244200,-0.67,-0.436,0.593,-1.2,-1.3,0.8,4.9,-9.2,-23.5,0.509506516,0.173436689,0.417371136,-0.732169561
1331,3330261,1244200,-0.67,-0.436,0.593,-1.4,-1.3,0.8,4.9,-9.2,-23.5,0.509537034,0.173406171,0.417371136,-0.732169561
1332,3332643,1244210,-0.666,-0.432,0.593,-1.7,-1.2,0.8,4.9,-9.2,-23.5,0.509567553,0.173375652,0.417371136,-0.732139042
1333,3336301,1244210,-0.666,-0.424,0.597,-2,-1.1,1,4.9,-9.2,-23.5,0.509598071,0.173345134,0.417401654,-0.732108524
1334,3337778,1244210,-0.666,-0.428,0.589,-2.5,-1.1,1,4.9,-8.9,-23.8,0.50962859,0.173284097,0.417432173,-0.732078005
1335,3341013,1244210,-0.662,-0.428,0.593,-2.9,-1,1.1,4.9,-8.9,-23.8,0.509659108,0.173253578,0.417462691,-0.732047487
1336,3343232,1244220,-0.666,-0.428,0.593,-3.3,-0.8,1,4.9,-8.9,-23.8,0.509720145,0.17322306,0.41749321,-0.732016968
1337,3345524,1244220,-0.67,-0.424,0.589,-3.5,-0.6,0.8,4.9,-8.9,-23.8,0.509750664,0.173162023,0.417554247,-0.731955931
1338,3347849,1244220,-0.67,-0.432,0.589,-3.7,-0.4,0.6,4.9,-8.2,-23.6,0.509781182,0.173131504,0.417584765,-0.731925413
1339,3350249,1244220,-0.674,-0.428,0.589,-3.9,-0.2,0.6,4.9,-8.2,-23.6,0.509811701,0.173070467,0.417645802,-0.731894894
1340,3353595,1244230,-0.666,-0.436,0.585,-3.9,-0.2,0.7,4.9,-8.2,-23.6,0.509811701,0.173039949,0.417706839,-0.731833857
1341,3355555,1244230,-0.674,-0.436,0.589,-4,-0.1,0.6,4.9,-8.2,-23.6,0.509842219,0.17300943,0.417767876,-0.731803339
1342,3358281,1244230,-0.674,-0.436,0.589,-3.9,0,0.4,4.4,-10.1,-22,0.509872738,0.172978912,0.417828913,-0.73177282
1343,3360513,1244230,-0.67,-0.44,0.589,-3.8,0.2,0.2,4.4,-10.1,-22,0.509903256,0.172917875,0.41788995,-0.731711783
1344,3362894,1244240,-0.674,-0.444,0.589,-3.5,0.3,0.1,4.4,-10.1,-22,0.509903256,0.172887356,0.417950987,-0.731681265
1345,3365117,1244240,-0.678,-0.444,0.59,-3.1,0.5,0,4.4,-10.1,-22,0.509903256,0.172856838,0.418012024,-0.731650746
1346,3368174,1244240,-0.682,-0.44,0.594,-2.8,0.4,0,4.6,-10.1,-22.4,0.509903256,0.172856838,0.418073061,-0.731620228
1347,3370379,1244240,-0.682,-0.436,0.597,-2.3,0.3,-0.2,4.6,-10.1,-22.4,0.509903256,0.172826319,0.41810358,-0.731620228
1348,3372928,1244250,-0.686,-0.432,0.598,-2,0.3,-0.2,4.6,-10.1,-22.4,0.509903256,0.172795801,0.418134098,-0.731589709
1349,3375544,1244250,-0.686,-0.428,0.598,-1.7,0.1,-0.4,4.6,-10.1,-22.4,0.509903256,0.172795801,0.418164617,-0.731589709
1350,3378024,1244250,-0.686,-0.424,0.601,-1.4,0.1,-0.5,4.7,-10.2,-21.7,0.509933775,0.172795801,0.418164617,-0.731559191
1351,3380302,1244250,-0.69,-0.428,0.598,-1,0,-0.7,4.7,-10.2,-21.7,0.509933775,0.172765282,0.418164617,-0.731559191
1352,3382792,1244260,-0.686,-0.428,0.598,-0.7,0,-0.9,4.7,-10.2,-21.7,0.509933775,0.172765282,0.418195135,-0.731559191
1353,3385288,1244260,-0.686,-0.428,0.598,-0.5,0,-1,4.7,-10.2,-21.7,0.509903256,0.172734764,0.418195135,-0.731589709
1354,3388433,1244260,-0.69,-0.424,0.594,-0.5,0,-1.2,4.8,-9.7,-21,0.509872738,0.172734764,0.418225654,-0.731589709
1355,3390102,1244260,-0.69,-0.436,0.602,-0.5,0,-1.3,4.8,-9.7,-21,0.509872738,0.172704245,0.418225654,-0.731589709
1356,3394863,1244270,-0.694,-0.439,0.602,-0.5,-0.1,-1.5,4.8,-9.7,-21,0.509842219,0.172673727,0.418256172,-0.731620228
1357,3395365,1244270,-0.69,-0.436,0.602,-0.3,-0.2,-1.7,4.8,-9.7,-21,0.509811701,0.172673727,0.418256172,-0.731620228
1358,3397631,1244270,-0.694,-0.439,0.598,-0.2,-0.2,-1.9,4.2,-9.9,-20.4,0.509781182,0.172643208,0.418256172,-0.731650746
1359,3402310,1244270,-0.694,-0.443,0.594,0,-0.3,-2.1,4.2,-9.9,-20.4,0.509750664,0.17261269,0.418256172,-0.731681265
1360,3402872,1244280,-0.694,-0.439,0.594,0,-0.3,-2.3,4.2,-9.9,-20.4,0.509720145,0.172582171,0.418286691,-0.731711783
1361,3405909,1244280,-0.694,-0.439,0.598,0,-0.5,-2.4,4.2,-9.9,-20.4,0.509689627,0.172551653,0.418286691,-0.731742302
1362,3407638,1244280,-0.698,-0.439,0.602,0.1,-0.6,-2.5,4.7,-9.9,-24.2,0.509659108,0.172521134,0.418286691,-0.73177282
1363,3410915,1244280,-0.698,-0.435,0.602,0.2,-0.7,-2.6,4.7,-9.9,-24.2,0.50962859,0.172490616,0.418286691,-0.731803339
1364,3412607,1244290,-0.694,-0.439,0.602,0.2,-0.7,-2.7,4.7,-9.9,-24.2,0.509598071,0.172460097,0.418256172,-0.731833857
1365,3416300,1244290,-0.694,-0.443,0.602,0.3,-0.8,-2.8,4.7,-9.9,-24.2,0.509537034,0.17239906,0.418256172,-0.731864376
1366,3417998,1244290,-0.694,-0.447,0.61,0.3,-0.9,-2.8,4.3,-10,-21,0.509506516,0.172368542,0.418256172,-0.731894894
1367,3420152,1244290,-0.694,-0.447,0.602,0.2,-1,-2.8,4.3,-10,-21,0.509475997,0.172338023,0.418256172,-0.731955931
1368,3423481,1244300,-0.686,-0.451,0.601,0.3,-1.1,-2.8,4.3,-10,-21,0.509445479,0.172307505,0.418256172,-0.73198645
1369,3425728,1244300,-0.686,-0.451,0.609,0.3,-1.1,-2.8,4.3,-10,-21,0.509384442,0.172246467,0.418256172,-0.732016968
1370,3427918,1244300,-0.69,-0.451,0.609,0.4,-1.2,-2.7,4.8,-9.7,-21.1,0.509353923,0.17218543,0.418225654,-0.732078005
1371,3430254,1244300,-0.69,-0.451,0.609,0.5,-1.2,-2.6,4.8,-9.7,-21.1,0.509323405,0.172093875,0.418225654,-0.732108524
1372,3432744,1244310,-0.686,-0.443,0.609,0.5,-1.3,-2.5,4.8,-9.7,-21.1,0.509292886,0.172093875,0.418195135,-0.732169561
1373,3436229,1244310,-0.682,-0.447,0.613,0.4,-1.4,-2.6,4.8,-9.7,-21.1,0.509262368,0.172063356,0.418195135,-0.732200079
1374,3437882,1244310,-0.682,-0.444,0.613,0.3,-1.5,-2.5,4.7,-9.9,-21.7,0.509231849,0.172002319,0.418164617,-0.732230598
1375,3440935,1244310,-0.682,-0.444,0.617,0.2,-1.5,-2.4,4.7,-9.9,-21.7,0.509201331,0.171971801,0.418164617,-0.732261116
1376,3442659,1244320,-0.682,-0.447,0.609,0,-1.4,-2.3,4.7,-9.9,-21.7,0.509170812,0.171910764,0.418164617,-0.732291635
1377,3445172,1244320,-0.678,-0.451,0.613,-0.2,-1.3,-2.1,4.7,-9.9,-21.7,0.509170812,0.171880245,0.418164617,-0.732322153
1378,3449245,1244320,-0.678,-0.448,0.613,-0.5,-1.2,-2,4.8,-9.9,-22.6,0.509140294,0.171819208,0.418164617,-0.732352672
1379,3452056,1244320,-0.674,-0.448,0.613,-0.8,-1,-1.9,4.8,-9.9,-22.6,0.509109775,0.17178869,0.418164617,-0.73238319
1380,3452446,1244330,-0.674,-0.452,0.609,-1.1,-1,-1.7,4.8,-9.9,-22.6,0.509109775,0.171727653,0.418164617,-0.73238319
1381,3456090,1244330,-0.674,-0.448,0.613,-1.4,-1.1,-1.6,4.8,-9.9,-22.6,0.509109775,0.171697134,0.418195135,-0.73238319
1382,3457893,1244330,-0.678,-0.444,0.605,-1.6,-1.2,-1.5,4.4,-9.7,-23,0.509079257,0.171636097,0.418225654,-0.73238319
1383,3461215,1244330,-0.674,-0.448,0.613,-1.8,-1.1,-1.3,4.4,-9.7,-23,0.509079257,0.17157506,0.418225654,-0.732413709
1384,3464168,1244340,-0.678,-0.444,0.609,-2,-1,-1.1,4.4,-9.7,-23,0.509079257,0.171544542,0.418256172,-0.73238319
1385,3466344,1244340,-0.674,-0.44,0.605,-2.2,-1,-0.9,4.4,-9.7,-23,0.509079257,0.171483505,0.418286691,-0.73238319
1386,3468646,1244340,-0.678,-0.44,0.609,-2.4,-1,-0.8,4.7,-9.6,-22.4,0.509109775,0.171422468,0.418317209,-0.73238319
1387,3471031,1244340,-0.678,-0.44,0.609,-2.5,-1.1,-0.7,4.7,-9.6,-22.4,0.509109775,0.171391949,0.418347728,-0.73238319
1388,3473218,1244350,-0.674,-0.44,0.605,-2.7,-1.1,-0.6,4.7,-9.6,-22.4,0.509109775,0.171330912,0.418378246,-0.732352672
1389,3475360,1244350,-0.678,-0.44,0.613,-2.8,-1.1,-0.5,4.7,-9.6,-22.4,0.509140294,0.171269875,0.418408765,-0.732352672
1390,3477758,1244350,-0.674,-0.436,0.613,-3,-1,-0.4,4.5,-9.6,-22.7,0.509170812,0.171117283,0.418317209,-0.73238319
1391,3480137,1244350,-0.674,-0.436,0.613,-3.1,-1,-0.4,4.5,-9.6,-22.7,0.509201331,0.171086764,0.418347728,-0.73238319
1392,3483203,1244360,-0.678,-0.44,0.609,-3.3,-1,-0.4,4.5,-9.6,-22.7,0.509201331,0.171025727,0.418378246,-0.732352672
1393,3486300,1244360,-0.682,-0.444,0.609,-3.3,-1,-0.5,4.5,-9.6,-22.7,0.509231849,0.17096469,0.418439283,-0.732322153
1394,3488226,1244360,-0.674,-0.444,0.613,-3.3,-1,-0.4,4.8,-9.8,-22.6,0.509231849,0.170934172,0.418439283,-0.732322153
1395,3490683,1244360,-0.678,-0.444,0.609,-3.1,-0.9,-0.4,4.8,-9.8,-22.6,0.509262368,0.170873135,0.418530839,-0.732291635
1396,3492587,1244370,-0.682,-0.447,0.609,-2.8,-0.9,-0.4,4.8,-9.8,-22.6,0.509262368,0.170812098,0.418561357,-0.732261116
1397,3495033,1244370,-0.682,-0.447,0.605,-2.6,-0.9,-0.3,4.8,-9.8,-22.6,0.509292886,0.170781579,0.418591876,-0.732261116
1398,3499171,1244370,-0.686,-0.447,0.605,-2.2,-1,-0.3,4.9,-10.1,-23,0.509292886,0.170720542,0.418622394,-0.732230598
1399,3501526,1244370,-0.682,-0.447,0.601,-1.8,-1.1,-0.4,4.9,-10.1,-23,0.509292886,0.170690023,0.418622394,-0.732230598
1400,3503604,1244380,-0.678,-0.444,0.601,-1.4,-1.1,-0.4,4.9,-10.1,-23,0.509323405,0.170628986,0.418652913,-0.732230598
1401,3505220,1244380,-0.686,-0.44,0.609,-1,-1.1,-0.4,4.9,-10.1,-23,0.509323405,0.170598468,0.418652913,-0.732230598
1402,3507674,1244380,-0.686,-0.44,0.605,-0.5,-1,-0.3,4.1,-9.7,-22.1,0.509323405,0.170567949,0.418652913,-0.732230598
1403,3511080,1244380,-0.686,-0.432,0.605,-0.2,-1.1,-0.3,4.1,-9.7,-22.1,0.509323405,0.170567949,0.418652913,-0.732230598
1404,3512637,1244390,-0.686,-0.432,0.605,0,-1.2,-0.3,4.1,-9.7,-22.1,0.509323405,0.170537431,0.418622394,-0.732261116
1405,3515103,1244390,-0.686,-0.424,0.609,0.3,-1.2,-0.4,4.1,-9.7,-22.1,0.509353923,0.170506912,0.418622394,-0.732261116
1406,3518641,1244390,-0.686,-0.424,0.601,0.6,-1.4,-0.5,5.5,-9.4,-22.1,0.509353923,0.170476394,0.418591876,-0.732291635
1407,3520894,1244390,-0.682,-0.424,0.593,0.8,-1.4,-0.5,5.5,-9.4,-22.1,0.509353923,0.170476394,0.418561357,-0.732291635
1408,3523777,1244400,-0.685,-0.42,0.605,1,-1.5,-0.5,5.5,-9.4,-22.1,0.509353923,0.170445875,0.418530839,-0.732322153
1409,3525875,1244400,-0.686,-0.424,0.601,1.1,-1.6,-0.4,5.5,-9.4,-22.1,0.509353923,0.170445875,0.41850032,-0.732352672
1410,3527759,1244400,-0.682,-0.42,0.605,1.2,-1.6,-0.6,5.3,-9.7,-22.2,0.509475997,0.170598468,0.418256172,-0.732352672
1411,3530900,1244400,-0.686,-0.424,0.605,1.1,-1.5,-0.6,5.3,-9.7,-22.2,0.509475997,0.170598468,0.418225654,-0.732352672
1412,3533041,1244410,-0.682,-0.42,0.605,1.1,-1.4,-0.8,5.3,-9.7,-22.2,0.509475997,0.170567949,0.418195135,-0.73238319
1413,3536101,1244410,-0.682,-0.424,0.605,1.1,-1.4,-0.9,5.3,-9.7,-22.2,0.509475997,0.170537431,0.418164617,-0.732413709
1414,3537835,1244410,-0.682,-0.428,0.601,1.3,-1.4,-0.9,5.3,-9.3,-22,0.509475997,0.170537431,0.418134098,-0.732444227
1415,3540310,1244410,-0.682,-0.428,0.601,1.4,-1.5,-0.9,5.3,-9.3,-22,0.509445479,0.170506912,0.41810358,-0.732474746
1416,3543817,1244420,-0.686,-0.428,0.601,1.4,-1.5,-1,5.3,-9.3,-22,0.509445479,0.170506912,0.418073061,-0.732505264
1417,3547023,1244420,-0.682,-0.428,0.609,1.4,-1.6,-1,5.3,-9.3,-22,0.509445479,0.170476394,0.418012024,-0.732535783
1418,3547892,1244420,-0.678,-0.428,0.605,1.5,-1.5,-1.2,5.6,-9.6,-22.2,0.50941496,0.170445875,0.417981506,-0.732566301
1419,3550360,1244420,-0.682,-0.428,0.601,1.5,-1.4,-1.3,5.6,-9.6,-22.2,0.50941496,0.170445875,0.417950987,-0.73259682
1420,3553621,1244430,-0.682,-0.428,0.605,1.4,-1.4,-1.4,5.6,-9.6,-22.2,0.50941496,0.170415357,0.417920469,-0.732627338
1421,3555218,1244430,-0.682,-0.432,0.605,1.4,-1.4,-1.4,5.6,-9.6,-22.2,0.509384442,0.170384838,0.41788995,-0.732657857
1422,3557550,1244430,-0.682,-0.432,0.601,1.4,-1.2,-1.5,2.8,-9.6,-22.1,0.509353923,0.170384838,0.417859432,-0.732718894
1423,3561131,1244430,-0.686,-0.436,0.601,1.5,-1.1,-1.5,2.8,-9.6,-22.1,0.509353923,0.17035432,0.417828913,-0.732749413
1424,3564143,1244440,-0.682,-0.432,0.605,1.5,-1.1,-1.5,2.8,-9.6,-22.1,0.509323405,0.17035432,0.417798395,-0.732779931
1425,3566429,1244440,-0.678,-0.444,0.601,1.6,-1,-1.5,2.8,-9.6,-22.1,0.509292886,0.170323801,0.417767876,-0.73281045
1426,3568833,1244440,-0.682,-0.436,0.609,1.7,-0.9,-1.6,5.9,-9.5,-22.2,0.509292886,0.170323801,0.417737358,-0.732840968
1427,3570941,1244440,-0.678,-0.436,0.601,1.7,-0.9,-1.6,5.9,-9.5,-22.2,0.509262368,0.170323801,0.417676321,-0.732902005
1428,3573197,1244450,-0.678,-0.436,0.597,1.7,-0.9,-1.7,5.9,-9.5,-22.2,0.509231849,0.170293283,0.417645802,-0.732932524
1429,3576282,1244450,-0.682,-0.44,0.605,1.7,-0.9,-1.7,5.9,-9.5,-22.2,0.509201331,0.170293283,0.417615284,-0.732963042
1430,3578421,1244450,-0.682,-0.44,0.601,1.9,-0.9,-1.7,6.2,-9.6,-22.4,0.509231849,0.170323801,0.417462691,-0.733024079
1431,3580547,1244450,-0.682,-0.44,0.601,1.9,-0.9,-1.7,6.2,-9.6,-22.4,0.509201331,0.170293283,0.417432173,-0.733085116
1432,3582898,1244460,-0.682,-0.44,0.601,1.9,-0.8,-1.9,6.2,-9.6,-22.4,0.509170812,0.170293283,0.417401654,-0.733115635
1433,3585058,1244460,-0.682,-0.436,0.597,1.7,-0.6,-2,6.2,-9.6,-22.4,0.509140294,0.170293283,0.417371136,-0.733146153
1434,3587838,1244460,-0.682,-0.44,0.601,1.6,-0.4,-2.1,5.8,-9.5,-22.1,0.509109775,0.170262764,0.417340617,-0.73320719
1435,3590934,1244460,-0.682,-0.444,0.601,1.6,-0.4,-2.1,5.8,-9.5,-22.1,0.509079257,0.170262764,0.417310099,-0.733237709
1436,3592930,1244470,-0.682,-0.436,0.605,1.4,-0.4,-2.1,5.8,-9.5,-22.1,0.509048738,0.170262764,0.417310099,-0.733268227
1437,3596050,1244470,-0.682,-0.444,0.605,1.3,-0.4,-2,5.8,-9.5,-22.1,0.50901822,0.170232246,0.41727958,-0.733298746
1438,3597544,1244470,-0.678,-0.444,0.597,1.2,-0.6,-1.8,6.4,-9.4,-22.1,0.508987701,0.170232246,0.417249062,-0.733359783
1439,3601133,1244470,-0.678,-0.44,0.601,1,-0.6,-1.7,6.4,-9.4,-22.1,0.508957183,0.170232246,0.417249062,-0.733390301
1440,3602737,1244480,-0.682,-0.444,0.605,0.8,-0.6,-1.6,6.4,-9.4,-22.1,0.508926664,0.170201727,0.417218543,-0.73342082
1441,3605148,1244480,-0.682,-0.444,0.601,0.5,-0.4,-1.6,6.4,-9.4,-22.1,0.508896146,0.17014069,0.417218543,-0.73342082
1442,3608402,1244480,-0.678,-0.448,0.601,0,-0.3,-1.7,4.8,-10,-22.1,0.508896146,0.17014069,0.417218543,-0.733451338
1443,3610431,1244480,-0.682,-0.447,0.601,-0.2,-0.2,-1.7,4.8,-10,-22.1,0.508865627,0.17014069,0.417218543,-0.733481857
1444,3613803,1244490,-0.678,-0.448,0.601,-0.5,-0.2,-1.7,4.8,-10,-22.1,0.508835108,0.170110172,0.417249062,-0.733481857
1445,3615875,1244490,-0.678,-0.448,0.601,-0.6,-0.2,-1.5,4.8,-10,-22.1,0.508774071,0.170079653,0.417249062,-0.733512375
1446,3618284,1244490,-0.674,-0.448,0.597,-0.7,-0.3,-1.4,4.1,-9.6,-22,0.508774071,0.170079653,0.41727958,-0.733512375
1447,3620580,1244490,-0.674,-0.448,0.601,-0.7,-0.4,-1.2,4.1,-9.6,-22,0.508774071,0.170049135,0.41727958,-0.733512375
1448,3622988,1244500,-0.678,-0.452,0.601,-0.6,-0.6,-1.1,4.1,-9.6,-22,0.508774071,0.170018616,0.41727958,-0.733512375
1449,3625666,1244500,-0.674,-0.456,0.601,-0.5,-0.5,-1,4.1,-9.6,-22,0.508774071,0.169988098,0.41727958,-0.733542894
1450,3627774,1244500,-0.678,-0.455,0.601,-0.3,-0.3,-0.9,2.7,-9.7,-21.6,0.508682516,0.169835505,0.417340617,-0.733603931
1451,3630048,1244500,-0.674,-0.456,0.601,-0.3,-0.3,-0.9,2.7,-9.7,-21.6,0.508682516,0.169804987,0.417340617,-0.733603931
1452,3632836,1244510,-0.674,-0.452,0.597,-0.2,-0.3,-0.8,2.7,-9.7,-21.6,0.508682516,0.169774468,0.417340617,-0.733603931
1453,3636807,1244510,-0.674,-0.452,0.601,0,-0.3,-0.8,2.7,-9.7,-21.6,0.508651997,0.169774468,0.417340617,-0.733634449
1454,3639171,1244510,-0.678,-0.452,0.601,0,-0.3,-0.8,2.4,-10,-22.1,0.508651997,0.169774468,0.417340617,-0.733634449
1455,3640837,1244510,-0.678,-0.448,0.597,0.3,-0.3,-0.7,2.4,-10,-22.1,0.508651997,0.16974395,0.417340617,-0.733634449
1456,3643197,1244520,-0.674,-0.44,0.601,0.5,-0.4,-0.6,2.4,-10,-22.1,0.508621479,0.16974395,0.417340617,-0.733664968
1457,3645438,1244520,-0.67,-0.444,0.605,0.7,-0.4,-0.6,2.4,-10,-22.1,0.508621479,0.16974395,0.417310099,-0.733664968
1458,3647732,1244520,-0.67,-0.444,0.605,0.7,-0.4,-0.7,1.4,-9.9,-22,0.508621479,0.16974395,0.417310099,-0.733695486
1459,3650422,1244520,-0.67,-0.436,0.601,0.6,-0.4,-0.8,1.4,-9.9,-22,0.50859096,0.169713431,0.417310099,-0.733695486
1460,3652720,1244530,-0.674,-0.432,0.601,0.6,-0.4,-0.8,1.4,-9.9,-22,0.50859096,0.169713431,0.41727958,-0.733726005
1461,3656162,1244530,-0.678,-0.432,0.597,0.7,-0.4,-0.7,1.4,-9.9,-22,0.50859096,0.169713431,0.41727958,-0.733726005
1462,3658918,1244530,-0.682,-0.428,0.605,0.7,-0.4,-0.6,6,-10.9,-22.2,0.508560442,0.169713431,0.417249062,-0.733756523
1463,3661658,1244530,-0.674,-0.428,0.605,0.7,-0.4,-0.4,6,-10.9,-22.2,0.508560442,0.169713431,0.417249062,-0.733756523
1464,3663658,1244540,-0.678,-0.432,0.601,0.5,-0.4,-0.4,6,-10.9,-22.2,0.508560442,0.169713431,0.417218543,-0.733787042
1465,3665486,1244540,-0.674,-0.428,0.601,0.3,-0.3,-0.4,6,-10.9,-22.2,0.508560442,0.169682913,0.417218543,-0.733787042
1466,3667802,1244540,-0.678,-0.432,0.597,0,-0.3,-0.6,3.1,-8.5,-22.2,0.508560442,0.169682913,0.417218543,-0.733787042
1467,3670138,1244540,-0.682,-0.428,0.601,-0.3,-0.1,-0.7,3.1,-8.5,-22.2,0.508529923,0.169682913,0.417218543,-0.73381756
1468,3673599,1244550,-0.682,-0.428,0.597,-0.6,-0.1,-0.7,3.1,-8.5,-22.2,0.508529923,0.169652394,0.417249062,-0.73381756
1469,3675329,1244550,-0.682,-0.428,0.601,-0.8,0,-0.9,3.1,-8.5,-22.2,0.508529923,0.169621876,0.417249062,-0.73381756
1470,3678863,1244550,-0.686,-0.424,0.597,-1.2,-0.1,-0.9,4.5,-8.4,-22.5,0.50859096,0.16974395,0.417157506,-0.733787042
1471,3680983,1244550,-0.678,-0.428,0.605,-1.2,-0.1,-0.9,4.5,-8.4,-22.5,0.50859096,0.169713431,0.417188025,-0.733787042
1472,3683196,1244560,-0.682,-0.436,0.601,-1.3,-0.2,-0.9,4.5,-8.4,-22.5,0.50859096,0.169682913,0.417218543,-0.733787042
1473,3685288,1244560,-0.682,-0.432,0.601,-1.2,-0.4,-0.9,4.5,-8.4,-22.5,0.508560442,0.169652394,0.417218543,-0.733787042
1474,3689392,1244560,-0.686,-0.44,0.605,-1.3,-0.4,-0.9,5,-8.3,-22.1,0.508560442,0.169621876,0.417249062,-0.733787042
1475,3691164,1244560,-0.682,-0.436,0.605,-1.6,-0.3,-0.9,5,-8.3,-22.1,0.508560442,0.169591357,0.41727958,-0.733787042
1476,3693925,1244570,-0.686,-0.432,0.605,-1.7,-0.2,-1.1,5,-8.3,-22.1,0.508560442,0.169560839,0.417310099,-0.733787042
1477,3695725,1244570,-0.686,-0.443,0.601,-1.7,-0.2,-1.2,5,-8.3,-22.1,0.508529923,0.16953032,0.417340617,-0.733787042
1478,3697730,1244570,-0.686,-0.443,0.601,-1.7,-0.3,-1.3,5.9,-8.2,-22.1,0.508529923,0.169499802,0.417371136,-0.733787042
1479,3700197,1244570,-0.686,-0.443,0.598,-1.6,-0.4,-1.5,5.9,-8.2,-22.1,0.508529923,0.169469283,0.417371136,-0.733787042
1480,3702664,1244580,-0.686,-0.443,0.601,-1.4,-0.4,-1.7,5.9,-8.2,-22.1,0.508499405,0.169408246,0.417401654,-0.733787042
1481,3705578,1244580,-0.686,-0.447,0.601,-1.1,-0.6,-1.7,5.9,-8.2,-22.1,0.508468886,0.169377728,0.417432173,-0.733787042
1482,3707820,1244580,-0.686,-0.447,0.601,-0.7,-0.7,-1.6,4.4,-10.1,-22.1,0.508468886,0.169347209,0.417432173,-0.73381756
1483,3710230,1244580,-0.678,-0.452,0.601,-0.3,-0.7,-1.5,4.4,-10.1,-22.1,0.508438368,0.169316691,0.417432173,-0.73381756
1484,3712796,1244590,-0.678,-0.448,0.601,0,-0.7,-1.5,4.4,-10.1,-22.1,0.508438368,0.169286172,0.417432173,-0.733848079
1485,3716459,1244590,-0.678,-0.444,0.605,0.2,-0.8,-1.5,4.4,-10.1,-22.1,0.508407849,0.169255654,0.417432173,-0.733878597
1486,3718547,1244590,-0.674,-0.448,0.601,0.4,-0.9,-1.5,4.3,-9.8,-22,0.508407849,0.169225135,0.417432173,-0.733909116
1487,3720150,1244590,-0.678,-0.444,0.601,0.6,-0.9,-1.4,4.3,-9.8,-22,0.508377331,0.169225135,0.417401654,-0.733909116
1488,3722687,1244600,-0.678,-0.444,0.605,0.9,-0.7,-1.4,4.3,-9.8,-22,0.508346812,0.169164098,0.417371136,-0.733939634
1489,3726492,1244600,-0.678,-0.448,0.601,1,-0.7,-1.3,4.3,-9.8,-22,0.508346812,0.169164098,0.417371136,-0.733970153
1490,3728572,1244600,-0.674,-0.444,0.601,1.1,-0.7,-1.2,4.5,-9.8,-21.9,0.508316294,0.169164098,0.417310099,-0.73403119
1491,3730139,1244600,-0.674,-0.444,0.601,1.1,-0.7,-1.2,4.5,-9.8,-21.9,0.508316294,0.16913358,0.417310099,-0.73403119
1492,3733496,1244610,-0.678,-0.444,0.601,1.1,-0.8,-1.1,4.5,-9.8,-21.9,0.508285775,0.16913358,0.41727958,-0.734061708
1493,3735036,1244610,-0.678,-0.444,0.609,1.2,-0.8,-0.8,4.5,-9.8,-21.9,0.508285775,0.16913358,0.417249062,-0.734092227
1494,3739409,1244610,-0.678,-0.44,0.613,1.2,-0.8,-0.6,4.5,-10.1,-22.2,0.508285775,0.169103061,0.417218543,-0.734122745
1495,3740116,1244610,-0.678,-0.44,0.609,1.1,-0.7,-0.4,4.5,-10.1,-22.2,0.508285775,0.169103061,0.417188025,-0.734122745
1496,3742911,1244620,-0.678,-0.432,0.609,0.9,-0.5,-0.2,4.5,-10.1,-22.2,0.508255257,0.169103061,0.417188025,-0.734153264
1497,3745300,1244620,-0.674,-0.436,0.613,0.6,-0.4,-0.2,4.5,-10.1,-22.2,0.508255257,0.169103061,0.417157506,-0.734153264
1498,3748463,1244620,-0.67,-0.436,0.605,0.4,-0.3,-0.2,4.3,-10.9,-22.3,0.508255257,0.169103061,0.417157506,-0.734153264
1499,3750609,1244620,-0.67,-0.436,0.605,0.2,-0.3,-0.2,4.3,-10.9,-22.3,0.508255257,0.169103061,0.417157506,-0.734183782
1500,3752689,1244630,-0.674,-0.44,0.609,0,-0.2,-0.1,4.3,-10.9,-22.3,0.508255257,0.169103061,0.417126988,-0.734183782
1501,3755503,1244630,-0.674,-0.444,0.609,0,-0.1,-0.1,4.3,-10.9,-22.3,0.508255257,0.169103061,0.417126988,-0.734183782
1502,3757865,1244630,-0.674,-0.448,0.609,-0.2,0,-0.1,4.7,-8.6,-22,0.508255257,0.169072542,0.417126988,-0.734183782
1503,3760674,1244630,-0.674,-0.444,0.617,-0.2,0,-0.1,4.7,-8.6,-22,0.508255257,0.169072542,0.417157506,-0.734183782
1504,3762759,1244640,-0.674,-0.448,0.617,-0.1,0.1,0,4.7,-8.6,-22,0.508255257,0.169072542,0.417157506,-0.734183782
1505,3766078,1244640,-0.674,-0.444,0.621,-0.1,0.2,0,4.7,-8.6,-22,0.508255257,0.169072542,0.417157506,-0.734183782
1506,3769103,1244640,-0.674,-0.44,0.613,-0.2,0.3,0.1,4.2,-11.1,-22.8,0.508255257,0.169103061,0.417157506,-0.734153264
1507,3770719,1244640,-0.678,-0.444,0.609,-0.2,0.4,0.2,4.2,-11.1,-22.8,0.508255257,0.169103061,0.417157506,-0.734153264
1508,3773019,1244650,-0.674,-0.444,0.613,-0.3,0.4,0.3,4.2,-11.1,-22.8,0.508255257,0.169103061,0.417188025,-0.734153264
1509,3775469,1244650,-0.674,-0.444,0.609,-0.2,0.4,0.4,4.2,-11.1,-22.8,0.508255257,0.169103061,0.417188025,-0.734153264
1510,3777749,1244650,-0.674,-0.444,0.613,-0.1,0.4,0.5,4.3,-11.3,-22.5,0.508316294,0.169072542,0.41706595,-0.734183782
1511,3781496,1244650,-0.678,-0.44,0.609,-0.1,0.4,0.5,4.3,-11.3,-22.5,0.508316294,0.169072542,0.41706595,-0.734183782
1512,3783702,1244660,-0.678,-0.444,0.609,-0.1,0.4,0.5,4.3,-11.3,-22.5,0.508316294,0.169103061,0.41706595,-0.734183782
1513,3786095,1244660,-0.678,-0.448,0.609,-0.1,0.6,0.5,4.3,-11.3,-22.5,0.508316294,0.169103061,0.41706595,-0.734153264
1514,3788307,1244660,-0.678,-0.448,0.609,0,0.6,0.5,3.8,-11.4,-22.3,0.508316294,0.169103061,0.41706595,-0.734153264
1515,3790715,1244660,-0.674,-0.444,0.609,0,0.6,0.5,3.8,-11.4,-22.3,0.508346812,0.16913358,0.417096469,-0.734153264
1516,3792855,1244670,-0.678,-0.444,0.609,0,0.6,0.5,3.8,-11.4,-22.3,0.508346812,0.16913358,0.417096469,-0.734153264
1517,3795523,1244670,-0.678,-0.44,0.605,0,0.7,0.4,3.8,-11.4,-22.3,0.508346812,0.169164098,0.417096469,-0.734122745
1518,3797576,1244670,-0.678,-0.444,0.605,0,0.8,0.3,4.2,-10.7,-22.3,0.508346812,0.169164098,0.417096469,-0.734122745
1519,3801388,1244670,-0.678,-0.448,0.601,0.1,0.9,0.2,4.2,-10.7,-22.3,0.508316294,0.169164098,0.417126988,-0.734122745
1520,3803045,1244680,-0.682,-0.447,0.605,0.2,0.9,0.1,4.2,-10.7,-22.3,0.508316294,0.169225135,0.417126988,-0.734122745
1521,3806142,1244680,-0.682,-0.444,0.605,0.3,0.9,0.1,4.2,-10.7,-22.3,0.508316294,0.169225135,0.417126988,-0.734122745
1522,3809017,1244680,-0.682,-0.447,0.601,0.3,1,0.1,4.4,-9,-20.7,0.508316294,0.169255654,0.417126988,-0.734122745
1523,3811147,1244680,-0.678,-0.444,0.601,0.4,1,0,4.4,-9,-20.7,0.508285775,0.169286172,0.417126988,-0.734122745
1524,3812704,1244690,-0.682,-0.444,0.609,0.4,1,-0.1,4.4,-9,-20.7,0.508285775,0.169316691,0.417126988,-0.734122745
1525,3816127,1244690,-0.678,-0.444,0.605,0.5,1,-0.2,4.4,-9,-20.7,0.508255257,0.169316691,0.417157506,-0.734122745
1526,3817909,1244690,-0.678,-0.448,0.609,0.7,1,-0.3,4.4,-9.8,-23.4,0.508255257,0.169347209,0.417157506,-0.734122745
1527,3821295,1244690,-0.678,-0.444,0.605,0.9,1,-0.3,4.4,-9.8,-23.4,0.508224738,0.169377728,0.417157506,-0.734122745
1528,3823293,1244700,-0.678,-0.444,0.605,1.1,1,-0.4,4.4,-9.8,-23.4,0.508224738,0.169408246,0.417126988,-0.734153264
1529,3825664,1244700,-0.674,-0.448,0.605,1.2,1,-0.4,4.4,-9.8,-23.4,0.50819422,0.169438765,0.417126988,-0.734153264
1530,3827779,1244700,-0.674,-0.448,0.601,1,0.9,-0.5,4.4,-9.1,-23.5,0.50819422,0.169377728,0.417035432,-0.734214301
1531,3830086,1244700,-0.674,-0.448,0.601,1,0.9,-0.5,4.4,-9.1,-23.5,0.508163701,0.169408246,0.417035432,-0.734244819
1532,3832680,1244710,-0.674,-0.448,0.605,1,0.9,-0.6,4.4,-9.1,-23.5,0.508133183,0.169408246,0.417035432,-0.734244819
1533,3836914,1244710,-0.674,-0.452,0.601,1,1,-0.6,4.4,-9.1,-23.5,0.508102664,0.169438765,0.417035432,-0.734244819
1534,3837536,1244710,-0.678,-0.452,0.601,1,1,-0.6,4.5,-8.7,-23.6,0.508102664,0.169469283,0.417035432,-0.734275338
1535,3841786,1244710,-0.67,-0.448,0.601,1.1,1,-0.5,4.5,-8.7,-23.6,0.508072146,0.169499802,0.417035432,-0.734275338
1536,3844105,1244720,-0.67,-0.456,0.601,1.3,0.9,-0.5,4.5,-8.7,-23.6,0.508041627,0.16953032,0.417004913,-0.734305857
1537,3846371,1244720,-0.67,-0.448,0.597,1.5,0.9,-0.5,4.5,-8.7,-23.6,0.508011109,0.16953032,0.417004913,-0.734305857
1538,3848599,1244720,-0.67,-0.448,0.601,1.6,0.8,-0.5,4.1,-9.1,-23.4,0.508011109,0.169560839,0.417004913,-0.734336375
1539,3850765,1244720,-0.67,-0.448,0.601,1.8,0.9,-0.5,4.1,-9.1,-23.4,0.50798059,0.169591357,0.416974395,-0.734366894
1540,3853071,1244730,-0.666,-0.444,0.597,1.8,0.9,-0.4,4.1,-9.1,-23.4,0.507950072,0.169621876,0.416943876,-0.734366894
1541,3856865,1244730,-0.666,-0.44,0.597,1.9,1,-0.3,4.1,-9.1,-23.4,0.507919553,0.169652394,0.416943876,-0.734397412
1542,3859013,1244730,-0.67,-0.436,0.593,1.9,1,-0.3,4.5,-9.7,-22.4,0.507919553,0.169713431,0.416913358,-0.734397412
1543,3860765,1244730,-0.67,-0.436,0.593,1.9,1,-0.3,4.5,-9.7,-22.4,0.507919553,0.169713431,0.416913358,-0.734397412
1544,3863813,1244740,-0.67,-0.44,0.593,1.9,1.2,-0.2,4.5,-9.7,-22.4,0.507858516,0.169774468,0.416882839,-0.734427931
1545,3865399,1244740,-0.67,-0.44,0.597,1.8,1,-0.1,4.5,-9.7,-22.4,0.507827998,0.169804987,0.416852321,-0.734458449
1546,3867644,1244740,-0.67,-0.436,0.597,1.6,1,-0.2,4.5,-10.2,-20.2,0.507827998,0.169835505,0.416852321,-0.734458449
1547,3870254,1244740,-0.67,-0.436,0.593,1.5,1,-0.2,4.5,-10.2,-20.2,0.507797479,0.169896542,0.416852321,-0.734488968
1548,3874494,1244750,-0.674,-0.432,0.585,1.3,1,-0.2,4.5,-10.2,-20.2,0.507797479,0.169896542,0.416821802,-0.734488968
1549,3875902,1244750,-0.674,-0.436,0.593,1.2,1,-0.3,4.5,-10.2,-20.2,0.507766961,0.169927061,0.416821802,-0.734488968
1550,3877771,1244750,-0.674,-0.428,0.589,1,0.9,-0.4,5,-9.6,-20.9,0.507766961,0.169988098,0.416791284,-0.734519486
1551,3881831,1244750,-0.674,-0.428,0.589,1,0.9,-0.4,5,-9.6,-20.9,0.507736442,0.170018616,0.416791284,-0.734519486
1552,3883149,1244760,-0.674,-0.428,0.597,0.8,0.8,-0.4,5,-9.6,-20.9,0.507736442,0.170049135,0.416791284,-0.734519486
1553,3885975,1244760,-0.674,-0.432,0.593,0.7,0.8,-0.5,5,-9.6,-20.9,0.507705924,0.170049135,0.416791284,-0.734550005
1554,3887882,1244760,-0.678,-0.44,0.593,0.6,0.8,-0.6,4.8,-9.8,-19.9,0.507675405,0.170079653,0.416791284,-0.734550005
1555,3890034,1244760,-0.678,-0.436,0.593,0.5,0.9,-0.7,4.8,-9.8,-19.9,0.507675405,0.170079653,0.416791284,-0.734550005
1556,3892724,1244770,-0.686,-0.44,0.601,0.3,1,-0.7,4.8,-9.8,-19.9,0.507644887,0.170110172,0.416821802,-0.734550005
1557,3896726,1244770,-0.682,-0.44,0.597,0.1,1,-0.7,4.8,-9.8,-19.9,0.507614368,0.170110172,0.416821802,-0.734580523
1558,3898905,1244770,-0.682,-0.436,0.594,0,1.2,-0.7,4.7,-9.9,-19.5,0.50758385,0.170110172,0.416852321,-0.734580523
1559,3900041,1244770,-0.686,-0.44,0.594,-0.1,1.2,-0.9,4.7,-9.9,-19.5,0.507553331,0.17014069,0.416852321,-0.734580523
1560,3904225,1244780,-0.69,-0.443,0.594,0,1.1,-1,4.7,-9.9,-19.5,0.507553331,0.17014069,0.416882839,-0.734580523
1561,3906377,1244780,-0.686,-0.447,0.59,0,0.9,-1.2,4.7,-9.9,-19.5,0.507522813,0.17014069,0.416882839,-0.734580523
1562,3908636,1244780,-0.686,-0.443,0.594,0,0.6,-1.4,4.5,-9.9,-24.5,0.507492294,0.17014069,0.416913358,-0.734611042
1563,3910976,1244780,-0.686,-0.451,0.59,0.2,0.6,-1.4,4.5,-9.9,-24.5,0.507461776,0.17014069,0.416913358,-0.734611042
1564,3913208,1244790,-0.682,-0.459,0.598,0.3,0.5,-1.5,4.5,-9.9,-24.5,0.507431257,0.17014069,0.416913358,-0.73464156
1565,3915358,1244790,-0.682,-0.455,0.601,0.4,0.4,-1.5,4.5,-9.9,-24.5,0.507400739,0.17014069,0.416913358,-0.734672079
1566,3917717,1244790,-0.682,-0.451,0.597,0.6,0.4,-1.6,4.6,-9.8,-21.9,0.50737022,0.17014069,0.416913358,-0.734672079
1567,3920245,1244790,-0.682,-0.459,0.598,0.8,0.4,-1.7,4.6,-9.8,-21.9,0.507309183,0.17014069,0.416913358,-0.734702597
1568,3923634,1244800,-0.682,-0.451,0.597,1.1,0.4,-1.8,4.6,-9.8,-21.9,0.507278665,0.17014069,0.416913358,-0.734733116
1569,3925984,1244800,-0.682,-0.451,0.601,1.4,0.3,-1.9,4.6,-9.8,-21.9,0.507248146,0.17014069,0.416913358,-0.734763634
1570,3928170,1244800,-0.682,-0.455,0.597,1.6,0.1,-2.1,4.5,-10,-22.6,0.50715659,0.170110172,0.416943876,-0.734794153
1571,3930480,1244800,-0.678,-0.448,0.601,1.6,0.1,-2.1,4.5,-10,-22.6,0.507126072,0.170110172,0.416913358,-0.73485519
1572,3932647,1244810,-0.678,-0.452,0.597,1.7,0,-2,4.5,-10,-22.6,0.507095553,0.170110172,0.416913358,-0.734885708
1573,3935223,1244810,-0.678,-0.452,0.601,1.9,0,-1.8,4.5,-10,-22.6,0.507065035,0.17014069,0.416882839,-0.734916227
1574,3939143,1244810,-0.682,-0.451,0.605,2,0,-1.7,4.6,-10.1,-23.3,0.507003998,0.17014069,0.416852321,-0.734946745
1575,3941366,1244810,-0.678,-0.452,0.601,1.9,-0.1,-1.6,4.6,-10.1,-23.3,0.506973479,0.17014069,0.416821802,-0.735007782
1576,3942903,1244820,-0.678,-0.455,0.601,1.7,-0.1,-1.7,4.6,-10.1,-23.3,0.506942961,0.17014069,0.416791284,-0.735038301
1577,3945201,1244820,-0.674,-0.452,0.601,1.6,0,-1.7,4.6,-10.1,-23.3,0.506912442,0.17014069,0.416791284,-0.735068819
1578,3947777,1244820,-0.674,-0.459,0.613,1.6,0,-1.6,4.2,-10.1,-23.9,0.506881924,0.17014069,0.416760765,-0.735099338
1579,3951239,1244820,-0.674,-0.456,0.613,1.5,0,-1.5,4.2,-10.1,-23.9,0.506851405,0.17014069,0.416730247,-0.735129856
1580,3953477,1244830,-0.674,-0.459,0.617,1.4,0.1,-1.3,4.2,-10.1,-23.9,0.506820887,0.17014069,0.416730247,-0.735160375
1581,3955741,1244830,-0.674,-0.456,0.609,1.3,0.2,-1.2,4.2,-10.1,-23.9,0.506790368,0.17014069,0.416699728,-0.735190893
1582,3957926,1244830,-0.678,-0.463,0.609,1.1,0.3,-1,4.3,-9.9,-22,0.50675985,0.17014069,0.416699728,-0.735190893
1583,3960171,1244830,-0.678,-0.467,0.613,1,0.4,-0.8,4.3,-9.9,-22,0.50675985,0.17014069,0.416699728,-0.735221412
1584,3962757,1244840,-0.678,-0.467,0.617,0.8,0.5,-0.7,4.3,-9.9,-22,0.506729331,0.170201727,0.416699728,-0.735221412
1585,3965254,1244840,-0.678,-0.467,0.609,0.7,0.7,-0.7,4.3,-9.9,-22,0.506698813,0.170201727,0.416699728,-0.73525193
1586,3968429,1244840,-0.67,-0.463,0.609,0.6,0.9,-0.6,5.1,-9.5,-22.4,0.506698813,0.170232246,0.416699728,-0.73525193
1587,3970273,1244840,-0.67,-0.467,0.609,0.6,0.9,-0.5,5.1,-9.5,-22.4,0.506668294,0.170232246,0.416699728,-0.73525193
1588,3972577,1244850,-0.678,-0.459,0.609,0.5,1,-0.5,5.1,-9.5,-22.4,0.506637776,0.170262764,0.416699728,-0.735282449
1589,3976705,1244850,-0.674,-0.456,0.605,0.4,1.1,-0.4,5.1,-9.5,-22.4,0.506637776,0.170293283,0.416699728,-0.735282449
1590,3978927,1244850,-0.674,-0.459,0.613,0.2,1.4,-0.2,4.7,-9.5,-22,0.50654622,0.17014069,0.416760765,-0.735343486
1591,3980430,1244850,-0.674,-0.459,0.613,0.2,1.4,-0.2,4.7,-9.5,-22,0.506515702,0.17014069,0.416760765,-0.735343486
1592,3982688,1244860,-0.674,-0.456,0.605,0.1,1.4,-0.1,4.7,-9.5,-22,0.506515702,0.17014069,0.416791284,-0.735343486
1593,3985247,1244860,-0.674,-0.452,0.605,0,1.5,0,4.7,-9.5,-22,0.506485183,0.170201727,0.416791284,-0.735343486
1594,3988651,1244860,-0.678,-0.459,0.609,-0.1,1.7,0,4.6,-9.7,-22.2,0.506485183,0.170232246,0.416821802,-0.735312967
1595,3990189,1244860,-0.678,-0.459,0.609,-0.2,1.8,0.1,4.6,-9.7,-22.2,0.506485183,0.170262764,0.416852321,-0.735312967
1596,3992654,1244870,-0.678,-0.459,0.605,-0.3,1.8,0.1,4.6,-9.7,-22.2,0.506454665,0.170293283,0.416852321,-0.735312967
1597,3996173,1244870,-0.678,-0.455,0.605,-0.2,1.9,0.1,4.6,-9.7,-22.2,0.506454665,0.170323801,0.416882839,-0.735282449
1598,3997693,1244870,-0.678,-0.451,0.605,-0.1,2,0,5.1,-9.2,-22.1,0.506424146,0.17035432,0.416913358,-0.735282449
1599,4000153,1244870,-0.678,-0.448,0.609,-0.1,2,0,5.1,-9.2,-22.1,0.506393628,0.170384838,0.416943876,-0.735282449
1600,4002538,1244880,-0.682,-0.451,0.601,-0.1,2.2,0,5.1,-9.2,-22.1,0.506393628,0.170415357,0.416974395,-0.73525193
1601,4005907,1244880,-0.678,-0.44,0.601,-0.1,2.2,0.1,5.1,-9.2,-22.1,0.506363109,0.170445875,0.417004913,-0.73525193
1602,4007672,1244880,-0.678,-0.44,0.601,-0.1,2.3,0.1,3.2,-10,-22.1,0.506363109,0.170476394,0.417035432,-0.73525193
1603,4011026,1244880,-0.682,-0.436,0.609,-0.1,2.2,0.1,3.2,-10,-22.1,0.506332591,0.170506912,0.417035432,-0.735221412
1604,4012630,1244890,-0.682,-0.444,0.597,-0.1,2.2,0.1,3.2,-10,-22.1,0.506302072,0.170537431,0.41706595,-0.735221412
1605,4015557,1244890,-0.678,-0.436,0.601,-0.3,2.2,0.1,3.2,-10,-22.1,0.506302072,0.170598468,0.417096469,-0.735221412
1606,4018623,1244890,-0.678,-0.444,0.597,-0.3,2.2,0,5.9,-9.8,-21.8,0.506271554,0.170628986,0.417126988,-0.735190893
1607,4020130,1244890,-0.678,-0.444,0.593,-0.3,2.1,-0.1,5.9,-9.8,-21.8,0.506271554,0.170659505,0.417157506,-0.735190893
1608,4023121,1244900,-0.674,-0.44,0.601,-0.1,2,-0.2,5.9,-9.8,-21.8,0.506241035,0.170659505,0.417188025,-0.735190893
1609,4025410,1244900,-0.678,-0.44,0.597,0,2,-0.2,5.9,-9.8,-21.8,0.506210517,0.170690023,0.417218543,-0.735190893
1610,4027661,1244900,-0.674,-0.44,0.597,0,2.1,-0.2,5.8,-9.6,-22.4,0.506210517,0.170751061,0.417218543,-0.735160375
1611,4030188,1244900,-0.67,-0.44,0.593,0,2.1,-0.2,5.8,-9.6,-22.4,0.506179998,0.170781579,0.417249062,-0.735160375
1612,4033648,1244910,-0.67,-0.44,0.597,0.1,2.1,-0.4,5.8,-9.6,-22.4,0.50614948,0.170812098,0.41727958,-0.735160375
1613,4035044,1244910,-0.67,-0.44,0.597,0.2,2.1,-0.5,5.8,-9.6,-22.4,0.506118961,0.170842616,0.417310099,-0.735160375
1614,4037706,1244910,-0.67,-0.448,0.605,0.4,2.3,-0.6,5.7,-9.7,-22.2,0.506088443,0.170873135,0.417310099,-0.735160375
1615,4041104,1244910,-0.67,-0.452,0.609,0.7,2.3,-0.6,5.7,-9.7,-22.2,0.506057924,0.170903653,0.417340617,-0.735160375
1616,4042694,1244920,-0.67,-0.448,0.605,1.1,2.4,-0.7,5.7,-9.7,-22.2,0.505996887,0.17096469,0.417340617,-0.735190893
1617,4045127,1244920,-0.67,-0.452,0.601,1.5,2.4,-0.7,5.7,-9.7,-22.2,0.505966369,0.171025727,0.417340617,-0.735190893
1618,4048631,1244920,-0.67,-0.456,0.605,1.8,2.3,-0.9,5.7,-9.4,-22,0.50593585,0.171056246,0.417340617,-0.735221412
1619,4051567,1244920,-0.674,-0.452,0.597,2.1,2.3,-1,5.7,-9.4,-22,0.505874813,0.171117283,0.417340617,-0.735221412
1620,4053072,1244930,-0.674,-0.452,0.601,2.5,2.1,-1.1,5.7,-9.4,-22,0.505844295,0.17117832,0.417340617,-0.73525193
1621,4056078,1244930,-0.67,-0.452,0.597,3,2,-1.1,5.7,-9.4,-22,0.505783258,0.171208838,0.417310099,-0.735312967
1622,4057583,1244930,-0.674,-0.448,0.597,3.5,1.8,-1.2,4.1,-10.2,-22,0.505722221,0.171269875,0.41727958,-0.735343486
1623,4060635,1244930,-0.674,-0.444,0.597,3.9,1.6,-1.3,4.1,-10.2,-22,0.505691702,0.171330912,0.417249062,-0.735343486
1624,4062636,1244940,-0.666,-0.444,0.593,4.2,1.5,-1.4,4.1,-10.2,-22,0.505630665,0.171391949,0.417188025,-0.735435041
1625,4065400,1244940,-0.674,-0.444,0.597,4.5,1.5,-1.5,4.1,-10.2,-22,0.505569628,0.171452986,0.417126988,-0.735496078
1626,4068608,1244940,-0.67,-0.444,0.597,4.6,1.5,-1.6,5.4,-9.7,-21.8,0.505508591,0.171514023,0.417096469,-0.735526597
1627,4070201,1244940,-0.67,-0.448,0.601,4.8,1.5,-1.6,5.4,-9.7,-21.8,0.505447554,0.17157506,0.417035432,-0.735587634
1628,4073843,1244950,-0.67,-0.452,0.597,4.9,1.5,-1.6,5.4,-9.7,-21.8,0.505386517,0.171636097,0.416974395,-0.735648671
1629,4075243,1244950,-0.67,-0.452,0.601,5.1,1.5,-1.6,5.4,-9.7,-21.8,0.50532548,0.171697134,0.416913358,-0.735709708
1630,4078320,1244950,-0.666,-0.448,0.597,5,1.5,-1.5,4.9,-9.5,-21.9,0.505233924,0.171636097,0.416852321,-0.735831782
1631,4081322,1244950,-0.67,-0.452,0.597,5,1.5,-1.5,4.9,-9.5,-21.9,0.505203406,0.171727653,0.416791284,-0.735892819
1632,4082945,1244960,-0.67,-0.456,0.597,5,1.3,-1.4,4.9,-9.5,-21.9,0.505142369,0.17178869,0.416730247,-0.735923338
1633,4085930,1244960,-0.67,-0.456,0.597,4.9,1.3,-1.4,4.9,-9.5,-21.9,0.505081332,0.171849727,0.41666921,-0.735984375
1634,4087597,1244960,-0.67,-0.452,0.601,4.7,1.3,-1.3,4.8,-9.8,-21.8,0.505020295,0.171910764,0.416638691,-0.736045412
1635,4091293,1244960,-0.67,-0.456,0.601,4.5,1.2,-1.3,4.8,-9.8,-21.8,0.504989776,0.171971801,0.416577654,-0.736106449
1636,4093254,1244970,-0.674,-0.452,0.605,4.3,1.2,-1.1,4.8,-9.8,-21.8,0.504928739,0.172032838,0.416486099,-0.736136967
1637,4096366,1244970,-0.674,-0.452,0.597,4,1.3,-1,4.8,-9.8,-21.8,0.504867702,0.172093875,0.416486099,-0.736198004
1638,4097860,1244970,-0.682,-0.447,0.597,3.8,1.5,-0.9,4.2,-9.7,-22,0.504837184,0.172093875,0.416425062,-0.736228523
1639,4100702,1244970,-0.674,-0.459,0.597,3.3,1.6,-0.9,4.2,-9.7,-22,0.504806665,0.17218543,0.416394543,-0.736259041
1640,4102428,1244980,-0.682,-0.455,0.601,3,1.7,-0.8,4.2,-9.7,-22,0.504745628,0.172246467,0.416364025,-0.73628956
1641,4105258,1244980,-0.678,-0.459,0.609,2.7,1.6,-0.8,4.2,-9.7,-22,0.50471511,0.172307505,0.416364025,-0.736320078
1642,4108292,1244980,-0.678,-0.459,0.605,2.5,1.5,-0.7,5.5,-10.3,-21.8,0.504684591,0.172338023,0.416333506,-0.736350597
1643,4109999,1244980,-0.678,-0.467,0.609,2.3,1.5,-0.6,5.5,-10.3,-21.8,0.504654073,0.17239906,0.416302988,-0.736381115
1644,4113510,1244990,-0.674,-0.463,0.601,2.1,1.5,-0.6,5.5,-10.3,-21.8,0.504623554,0.172429579,0.416302988,-0.736381115
1645,4115079,1244990,-0.678,-0.463,0.609,1.9,1.5,-0.4,5.5,-10.3,-21.8,0.504593036,0.172460097,0.416272469,-0.736411634
1646,4117921,1244990,-0.674,-0.467,0.601,1.9,1.5,-0.3,2.5,-9.7,-21.9,0.504562517,0.172521134,0.416272469,-0.736411634
1647,4120985,1244990,-0.678,-0.471,0.605,1.9,1.4,-0.2,2.5,-9.7,-21.9,0.504531999,0.172551653,0.416241951,-0.736442152
1648,4122564,1245000,-0.674,-0.467,0.605,2,1.3,-0.3,2.5,-9.7,-21.9,0.50450148,0.17261269,0.416241951,-0.736442152
1649,4125544,1245000,-0.678,-0.467,0.601,2.2,1.2,-0.2,2.5,-9.7,-21.9,0.50450148,0.172643208,0.416211432,-0.736472671
1650,4128672,1245000,-0.674,-0.459,0.605,2.4,1.3,0,2,-10,-21.9,0.504379406,0.172521134,0.416302988,-0.736533708
1651,4130142,1245000,-0.674,-0.459,0.605,2.4,1.3,0,2,-10,-21.9,0.504348888,0.172582171,0.416272469,-0.736564226
1652,4133030,1245010,-0.674,-0.452,0.601,2.3,1.4,0.1,2,-10,-21.9,0.504348888,0.17261269,0.416241951,-0.736564226
1653,4136072,1245010,-0.67,-0.448,0.601,2.4,1.5,0.1,2,-10,-21.9,0.504318369,0.172673727,0.416211432,-0.736564226
1654,4137613,1245010,-0.674,-0.448,0.593,2.3,1.5,0,2.5,-9.7,-21.6,0.504287851,0.172734764,0.416211432,-0.736594745
1655,4140576,1245010,-0.674,-0.444,0.593,2.3,1.5,0,2.5,-9.7,-21.6,0.504287851,0.172765282,0.416180914,-0.736594745
1656,4143682,1245020,-0.678,-0.44,0.597,2.2,1.5,-0.1,2.5,-9.7,-21.6,0.504257332,0.172826319,0.416150395,-0.736625263
1657,4145230,1245020,-0.678,-0.44,0.593,2.1,1.5,-0.1,2.5,-9.7,-21.6,0.504226814,0.172887356,0.416150395,-0.736655782
1658,4148165,1245020,-0.678,-0.436,0.597,1.9,1.5,-0.1,2.8,-9.9,-21.9,0.504196295,0.172917875,0.416119877,-0.736655782
1659,4151251,1245020,-0.674,-0.436,0.601,1.8,1.5,-0.1,2.8,-9.9,-21.9,0.504165777,0.172948393,0.416119877,-0.736655782
1660,4152764,1245030,-0.674,-0.432,0.597,1.6,1.7,-0.1,2.8,-9.9,-21.9,0.504165777,0.17300943,0.416119877,-0.7366863
1661,4155950,1245030,-0.674,-0.432,0.601,1.3,1.8,-0.1,2.8,-9.9,-21.9,0.504135258,0.173039949,0.416119877,-0.7366863
1662,4157635,1245030,-0.678,-0.436,0.605,1.1,1.9,-0.1,5.3,-11.5,-22,0.50410474,0.173070467,0.416119877,-0.7366863
1663,4161182,1245030,-0.674,-0.444,0.601,0.9,1.9,-0.1,5.3,-11.5,-22,0.504074221,0.173131504,0.416119877,-0.7366863
1664,4163484,1245040,-0.674,-0.44,0.597,0.8,1.9,-0.2,5.3,-11.5,-22,0.504043703,0.173162023,0.416119877,-0.7366863
1665,4165857,1245040,-0.674,-0.436,0.597,0.8,1.9,-0.3,5.3,-11.5,-22,0.504013184,0.17322306,0.416150395,-0.7366863
1666,4168057,1245040,-0.678,-0.444,0.601,0.8,1.9,-0.4,4.5,-8.8,-22.2,0.504013184,0.173253578,0.416150395,-0.736716819
1667,4170279,1245040,-0.682,-0.447,0.601,0.8,1.9,-0.4,4.5,-8.8,-22.2,0.503982665,0.173284097,0.416150395,-0.736716819
1668,4172738,1245050,-0.682,-0.451,0.601,0.8,1.8,-0.6,4.5,-8.8,-22.2,0.503952147,0.173314615,0.416180914,-0.736716819
1669,4175109,1245050,-0.682,-0.451,0.594,1,1.7,-0.6,4.5,-8.8,-22.2,0.503921628,0.173345134,0.416180914,-0.736716819
1670,4179349,1245050,-0.678,-0.452,0.601,1.8,1.5,-1,5.2,-8.8,-21.8,0.503860591,0.173345134,0.416180914,-0.736747337
1671,4181680,1245050,-0.674,-0.452,0.597,1.8,1.5,-1,5.2,-8.8,-21.8,0.503830073,0.173375652,0.416180914,-0.736777856
1672,4182893,1245060,-0.674,-0.448,0.601,2.2,1.4,-1.3,5.2,-8.8,-21.8,0.503769036,0.173436689,0.416180914,-0.736808374
1673,4186766,1245060,-0.678,-0.452,0.597,2.5,1.4,-1.5,5.2,-8.8,-21.8,0.503738517,0.173467208,0.416150395,-0.736838893
1674,4187572,1245060,-0.674,-0.444,0.601,2.7,1.5,-1.7,5.2,-8.7,-22.1,0.50367748,0.173497726,0.416119877,-0.736869411
1675,4190108,1245060,-0.678,-0.44,0.601,2.9,1.6,-1.8,5.2,-8.7,-22.1,0.503616443,0.173528245,0.416089358,-0.736930448
1676,4194318,1245070,-0.674,-0.44,0.601,3.2,1.6,-1.9,5.2,-8.7,-22.1,0.503555406,0.173589282,0.416089358,-0.736960967
1677,4196614,1245070,-0.678,-0.44,0.601,3.3,1.6,-1.9,5.2,-8.7,-22.1,0.503494369,0.1736198,0.41605884,-0.737022004
1678,4198705,1245070,-0.674,-0.444,0.605,3.5,1.5,-1.9,5.8,-8.9,-22.1,0.503433332,0.173680837,0.416028321,-0.737052522
1679,4200960,1245070,-0.678,-0.444,0.597,3.5,1.4,-1.9,5.8,-8.9,-22.1,0.503372295,0.173711356,0.415967284,-0.737113559
1680,4203205,1245080,-0.678,-0.44,0.597,3.6,1.3,-1.9,5.8,-8.9,-22.1,0.503311258,0.173772393,0.415936766,-0.737144078
1681,4205170,1245080,-0.678,-0.44,0.601,3.5,1.3,-1.8,5.8,-8.9,-22.1,0.50328074,0.173802911,0.415906247,-0.737205115
1682,4207911,1245080,-0.674,-0.444,0.597,3.6,1.2,-1.8,4.8,-9.9,-22.1,0.503219703,0.173863948,0.415875729,-0.737266152
1683,4211110,1245080,-0.678,-0.448,0.601,3.5,1,-1.8,4.8,-9.9,-22.1,0.503158666,0.173894467,0.41584521,-0.73729667
1684,4213509,1245090,-0.674,-0.444,0.601,3.3,1,-1.8,4.8,-9.9,-22.1,0.503097629,0.173924986,0.415784173,-0.737357707
1685,4215809,1245090,-0.674,-0.448,0.601,3.1,1,-1.7,4.8,-9.9,-22.1,0.50306711,0.173955504,0.415753655,-0.737388226
1686,4218038,1245090,-0.674,-0.452,0.593,2.8,1.1,-1.8,4.8,-9.9,-22.1,0.503006073,0.173986023,0.415723136,-0.737449263
1687,4220240,1245090,-0.67,-0.452,0.601,2.6,1.2,-1.8,4.8,-9.9,-22.1,0.502945036,0.17404706,0.415723136,-0.737479781
1688,4224421,1245100,-0.678,-0.448,0.601,2.4,1.2,-1.7,4.8,-9.9,-22.1,0.502914518,0.17404706,0.415692618,-0.7375103
1689,4225136,1245100,-0.678,-0.452,0.601,2.2,1.2,-1.7,4.8,-9.9,-22.1,0.502853481,0.17404706,0.415692618,-0.737540819
1690,4228084,1245100,-0.674,-0.452,0.605,2,1.2,-1.4,4.8,-9.9,-22.1,0.502761925,0.173986023,0.415723136,-0.737632374
1691,4230363,1245100,-0.674,-0.452,0.605,2,1.2,-1.4,4.8,-9.9,-22.1,0.502731407,0.174016541,0.415692618,-0.737662893
1692,4232662,1245110,-0.674,-0.452,0.601,2,1.2,-1.2,4.8,-9.9,-22.1,0.50267037,0.17404706,0.415692618,-0.737662893
1693,4235307,1245110,-0.674,-0.456,0.605,2,1.2,-1.1,4.8,-9.9,-22.1,0.502639851,0.17404706,0.415662099,-0.737693411
1694,4238634,1245110,-0.666,-0.452,0.605,2,1.3,-1,4.8,-9.9,-22.1,0.502609333,0.174108097,0.415662099,-0.73772393
1695,4240208,1245110,-0.674,-0.456,0.609,1.9,1.3,-0.9,4.8,-9.9,-22.1,0.502578814,0.174138615,0.415662099,-0.737754448
1696,4242980,1245120,-0.67,-0.463,0.605,1.7,1.3,-0.9,4.8,-9.9,-22.1,0.502548296,0.174169134,0.415631581,-0.737784967
1697,4245230,1245120,-0.67,-0.456,0.605,1.5,1.4,-0.8,4.8,-9.9,-22.1,0.502517777,0.174199652,0.415631581,-0.737784967
1698,4249281,1245120,-0.674,-0.456,0.597,1.3,1.5,-0.7,4.8,-9.9,-22.1,0.502487259,0.174230171,0.415631581,-0.737815485
1699,4251306,1245120,-0.67,-0.456,0.609,1.3,1.5,-0.6,4.8,-9.9,-22.1,0.50245674,0.174260689,0.415631581,-0.737815485
1700,4252919,1245130,-0.67,-0.46,0.609,1.3,1.5,-0.4,4.8,-9.9,-22.1,0.502426222,0.174321726,0.415631581,-0.737815485
1701,4255291,1245130,-0.674,-0.452,0.605,1.4,1.6,-0.3,4.8,-9.9,-22.1,0.502395703,0.174352245,0.415631581,-0.737846004
1702,4257911,1245130,-0.674,-0.448,0.605,1.4,1.7,-0.2,4.9,-8.2,-20.5,0.502365184,0.174382763,0.415631581,-0.737846004
1703,4261013,1245130,-0.678,-0.444,0.597,1.3,1.9,0,4.9,-8.2,-20.5,0.502334666,0.1744438,0.415631581,-0.737846004
1704,4263596,1245140,-0.678,-0.444,0.601,1.2,2,0,4.9,-8.2,-20.5,0.502334666,0.174474319,0.415631581,-0.737846004
1705,4265946,1245140,-0.678,-0.436,0.601,1.1,1.8,0.1,4.9,-8.2,-20.5,0.502304147,0.174535356,0.415631581,-0.737846004
1706,4268094,1245140,-0.678,-0.44,0.601,0.8,1.7,0,4.9,-8.2,-20.5,0.502273629,0.174565874,0.415631581,-0.737846004
1707,4270394,1245140,-0.678,-0.44,0.593,0.7,1.7,0,4.9,-8.2,-20.5,0.502273629,0.174596393,0.415631581,-0.737846004
1708,4272588,1245150,-0.674,-0.44,0.597,0.7,1.7,0,4.9,-8.2,-20.5,0.50224311,0.174626911,0.415631581,-0.737846004
1709,4275198,1245150,-0.678,-0.44,0.593,0.8,1.7,0.1,4.9,-8.2,-20.5,0.50224311,0.174687948,0.415631581,-0.737846004
1710,4278641,1245150,-0.678,-0.444,0.593,0.8,1.9,0.3,4.9,-8.2,-20.5,0.502212592,0.174718467,0.415631581,-0.737876522
1711,4280172,1245150,-0.678,-0.444,0.593,0.8,1.9,0.3,4.9,-8.2,-20.5,0.502212592,0.174748985,0.415662099,-0.737846004
1712,4282705,1245160,-0.678,-0.44,0.593,0.8,1.9,0.3,4.9,-8.2,-20.5,0.502182073,0.174810022,0.415662099,-0.737846004
1713,4285992,1245160,-0.678,-0.436,0.597,0.9,1.9,0.1,4.9,-8.2,-20.5,0.502151555,0.174840541,0.415662099,-0.737846004
1714,4287654,1245160,-0.682,-0.436,0.597,1,1.9,0,5.2,-9,-23,0.502151555,0.174871059,0.415662099,-0.737846004
1715,4290274,1245160,-0.678,-0.436,0.593,1,2,0,5.2,-9,-23,0.502121036,0.174932096,0.415662099,-0.737846004
1716,4293369,1245170,-0.678,-0.436,0.597,1,2.1,0,5.2,-9,-23,0.502090518,0.174962615,0.415692618,-0.737846004
1717,4295502,1245170,-0.686,-0.436,0.601,1.1,2.1,0,5.2,-9,-23,0.502059999,0.175023652,0.415692618,-0.737876522
1718,4297757,1245170,-0.678,-0.44,0.593,1.2,2,-0.1,5.2,-9,-23,0.502059999,0.175023652,0.415692618,-0.737876522
1719,4301575,1245170,-0.682,-0.44,0.597,1.2,1.8,-0.3,5.2,-9,-23,0.502029481,0.175115207,0.415692618,-0.737876522
1720,4303727,1245180,-0.678,-0.44,0.593,1.3,1.8,-0.4,5.2,-9,-23,0.501998962,0.175145726,0.415692618,-0.737876522
1721,4305313,1245180,-0.682,-0.44,0.597,1.4,1.8,-0.6,5.2,-9,-23,0.501968444,0.175176244,0.415692618,-0.737907041
1722,4307841,1245180,-0.682,-0.436,0.59,1.5,1.7,-0.5,5.1,-10.3,-21.9,0.501937925,0.175237281,0.415692618,-0.737907041
1723,4311257,1245180,-0.686,-0.44,0.594,1.6,1.7,-0.6,5.1,-10.3,-21.9,0.501907407,0.1752678,0.415692618,-0.737937559
1724,4313591,1245190,-0.686,-0.44,0.59,1.6,1.8,-0.6,5.1,-10.3,-21.9,0.501876888,0.175298318,0.415692618,-0.737937559
1725,4315152,1245190,-0.682,-0.44,0.594,1.7,1.9,-0.6,5.1,-10.3,-21.9,0.501815851,0.175359355,0.415662099,-0.737968078
1726,4317802,1245190,-0.682,-0.44,0.594,1.8,1.9,-0.6,5.1,-9.9,-22,0.501785333,0.175389874,0.415662099,-0.737968078
1727,4321021,1245190,-0.678,-0.444,0.593,1.9,1.8,-0.7,5.1,-9.9,-22,0.501754814,0.175450911,0.415662099,-0.737998596
1728,4322672,1245200,-0.682,-0.444,0.59,1.9,1.7,-0.8,5.1,-9.9,-22,0.501724296,0.175481429,0.415662099,-0.737998596
1729,4325217,1245200,-0.682,-0.444,0.597,1.8,1.6,-1,5.1,-9.9,-22,0.501693777,0.175511948,0.415631581,-0.738029115
1730,4328750,1245200,-0.678,-0.444,0.593,1.8,1.5,-1,5.4,-10.2,-21.3,0.501602222,0.175542467,0.415692618,-0.738029115
1731,4330319,1245200,-0.686,-0.443,0.598,1.8,1.5,-1,5.4,-10.2,-21.3,0.501571703,0.175572985,0.415692618,-0.738059633
1732,4332598,1245210,-0.686,-0.44,0.598,1.8,1.4,-0.9,5.4,-10.2,-21.3,0.501541185,0.175634022,0.415692618,-0.738090152
1733,4336192,1245210,-0.682,-0.444,0.594,1.6,1.5,-0.9,5.4,-10.2,-21.3,0.501510666,0.175664541,0.415662099,-0.738090152
1734,4337682,1245210,-0.682,-0.447,0.597,1.6,1.5,-0.9,4.8,-10.2,-20.4,0.501480148,0.175695059,0.415662099,-0.73812067
1735,4340792,1245210,-0.682,-0.447,0.594,1.5,1.5,-0.9,4.8,-10.2,-20.4,0.501449629,0.175725578,0.415662099,-0.738151189
1736,4342911,1245220,-0.678,-0.455,0.597,1.6,1.3,-0.9,4.8,-10.2,-20.4,0.501388592,0.175756096,0.415662099,-0.738151189
1737,4346160,1245220,-0.682,-0.451,0.597,1.6,1.3,-0.9,4.8,-10.2,-20.4,0.501358074,0.175786615,0.415662099,-0.738181707
1738,4347701,1245220,-0.682,-0.447,0.601,1.6,1.3,-0.9,4.8,-10.2,-20.4,0.501327555,0.175817133,0.415631581,-0.738212226
1739,4351369,1245220,-0.678,-0.452,0.597,1.6,1.3,-0.8,4.8,-10.2,-20.4,0.501297037,0.175847652,0.415631581,-0.738212226
1740,4352841,1245230,-0.682,-0.455,0.597,1.6,1.3,-0.7,4.8,-10.2,-20.4,0.501266518,0.17587817,0.415631581,-0.738242744
1741,4356090,1245230,-0.678,-0.455,0.597,1.6,1.2,-0.7,4.8,-10.2,-20.4,0.501236,0.175908689,0.415601062,-0.738242744
1742,4357607,1245230,-0.674,-0.456,0.593,1.6,1.2,-0.7,5.3,-10.2,-20.3,0.501205481,0.175939207,0.415601062,-0.738273263
1743,4360259,1245230,-0.674,-0.456,0.597,1.8,1.3,-0.6,5.3,-10.2,-20.3,0.501174963,0.175969726,0.415601062,-0.738303781
1744,4363598,1245240,-0.678,-0.455,0.601,1.8,1.3,-0.4,5.3,-10.2,-20.3,0.501144444,0.176000244,0.415570544,-0.738303781
1745,4365092,1245240,-0.682,-0.444,0.601,1.7,1.3,-0.3,5.3,-10.2,-20.3,0.501113926,0.176061281,0.415570544,-0.7383343
1746,4368163,1245240,-0.678,-0.448,0.597,1.6,1.4,-0.3,5,-10.2,-20.1,0.501113926,0.1760918,0.415570544,-0.7383343
1747,4370363,1245240,-0.678,-0.444,0.601,1.5,1.5,-0.3,5,-10.2,-20.1,0.501083407,0.176122318,0.415540025,-0.7383343
1748,4373516,1245250,-0.674,-0.44,0.609,1.5,1.5,-0.2,5,-10.2,-20.1,0.501052889,0.176183355,0.415540025,-0.738364818
1749,4375174,1245250,-0.674,-0.448,0.601,1.5,1.4,-0.1,5,-10.2,-20.1,0.50102237,0.176213874,0.415540025,-0.738364818
1750,4377583,1245250,-0.67,-0.444,0.597,1.2,1.3,0,5.2,-10.1,-21,0.500961333,0.176152837,0.415478988,-0.738425855
1751,4381075,1245250,-0.67,-0.444,0.597,1.2,1.3,0,5.2,-10.1,-21,0.500961333,0.176183355,0.415478988,-0.738425855
1752,4382650,1245260,-0.67,-0.444,0.605,1,1.3,0,5.2,-10.1,-21,0.500961333,0.176213874,0.415478988,-0.738456374
1753,4385029,1245260,-0.67,-0.448,0.601,0.7,1.2,0.1,5.2,-10.1,-21,0.500961333,0.176244392,0.415478988,-0.738456374
1754,4388489,1245260,-0.67,-0.444,0.601,0.4,1.3,0.2,4.8,-9.9,-21.2,0.500930815,0.176274911,0.415509507,-0.738425855
1755,4390260,1245260,-0.674,-0.444,0.605,0,1.4,0.2,4.8,-9.9,-21.2,0.500930815,0.176305429,0.415509507,-0.738425855
1756,4393625,1245270,-0.67,-0.448,0.605,-0.2,1.7,0.2,4.8,-9.9,-21.2,0.500930815,0.176305429,0.415540025,-0.738425855
1757,4395148,1245270,-0.67,-0.448,0.609,-0.5,2,0.3,4.8,-9.9,-21.2,0.500900296,0.176335948,0.415570544,-0.738395337
1758,4398278,1245270,-0.67,-0.448,0.597,-0.6,2.2,0.3,4.8,-9.9,-21.2,0.500900296,0.176366466,0.415601062,-0.738395337
1759,4400500,1245270,-0.67,-0.452,0.605,-0.6,2.2,0.3,4.8,-9.9,-21.2,0.500900296,0.176396985,0.415631581,-0.738364818
1760,4402784,1245280,-0.67,-0.452,0.605,-0.6,2.2,0.3,4.8,-9.9,-21.2,0.500900296,0.176396985,0.415631581,-0.738364818
1761,4405125,1245280,-0.67,-0.448,0.601,-0.6,2,0.3,4.8,-9.9,-21.2,0.500869778,0.176458022,0.415692618,-0.7383343
1762,4407652,1245280,-0.674,-0.448,0.601,-0.8,2,0.3,4.9,-9.7,-22.4,0.500869778,0.17648854,0.415723136,-0.738303781
1763,4411073,1245280,-0.678,-0.452,0.601,-0.9,2,0.1,4.9,-9.7,-22.4,0.500839259,0.176519059,0.415753655,-0.738303781
1764,4413383,1245290,-0.674,-0.44,0.597,-0.9,2.1,0.1,4.9,-9.7,-22.4,0.500839259,0.176549577,0.415814692,-0.738273263
1765,4415531,1245290,-0.674,-0.444,0.593,-0.9,2.3,0.1,4.9,-9.7,-22.4,0.500808741,0.176580096,0.41584521,-0.738242744
1766,4417754,1245290,-0.674,-0.44,0.601,-0.8,2.6,0.1,5,-9.6,-22.7,0.500808741,0.176610614,0.415875729,-0.738242744
1767,4421068,1245290,-0.678,-0.44,0.597,-0.7,2.8,0,5,-9.6,-22.7,0.500778222,0.176641133,0.415936766,-0.738212226
1768,4422627,1245300,-0.678,-0.432,0.597,-0.6,2.8,-0.1,5,-9.6,-22.7,0.500747703,0.176671651,0.415967284,-0.738212226
1769,4426031,1245300,-0.674,-0.44,0.593,-0.6,2.6,-0.2,5,-9.6,-22.7,0.500717185,0.176732688,0.415997803,-0.738181707
1770,4427770,1245300,-0.678,-0.436,0.586,-0.5,2.2,-0.2,5.3,-9.9,-22.7,0.500717185,0.17670217,0.415967284,-0.738212226
1771,4431149,1245300,-0.678,-0.436,0.597,-0.5,2.2,-0.2,5.3,-9.9,-22.7,0.500686666,0.176732688,0.416028321,-0.738212226
1772,4432716,1245310,-0.674,-0.432,0.593,-0.5,2.2,-0.2,5.3,-9.9,-22.7,0.500686666,0.176763207,0.41605884,-0.738181707
1773,4435320,1245310,-0.678,-0.432,0.593,-0.5,2.2,-0.4,5.3,-9.9,-22.7,0.500656148,0.176793725,0.416089358,-0.738181707
1774,4438677,1245310,-0.682,-0.432,0.594,-0.4,2.3,-0.5,5.1,-10.2,-22.6,0.500625629,0.176824244,0.416119877,-0.738181707
1775,4440202,1245310,-0.678,-0.432,0.59,-0.2,2.3,-0.6,5.1,-10.2,-22.6,0.500595111,0.176854762,0.416150395,-0.738181707
1776,4442635,1245320,-0.678,-0.432,0.586,0,2.3,-0.7,5.1,-10.2,-22.6,0.500564592,0.176885281,0.416180914,-0.738181707
1777,4446035,1245320,-0.682,-0.44,0.59,0,2.2,-0.7,5.1,-10.2,-22.6,0.500534074,0.176915799,0.416211432,-0.738181707
1778,4448067,1245320,-0.674,-0.448,0.593,0.1,2.1,-0.9,5.1,-10.2,-22.6,0.500473037,0.176915799,0.416241951,-0.738181707
1779,4450697,1245320,-0.678,-0.444,0.593,0.2,2.1,-0.9,5.1,-10.2,-22.6,0.500442518,0.176946318,0.416272469,-0.738181707
1780,4452673,1245330,-0.678,-0.44,0.593,0.3,2,-0.9,5.1,-10.2,-22.6,0.500412,0.176976836,0.416272469,-0.738181707
1781,4455213,1245330,-0.678,-0.436,0.597,0.4,2,-0.9,5.1,-10.2,-22.6,0.500381481,0.176976836,0.416302988,-0.738181707
1782,4459120,1245330,-0.678,-0.44,0.59,0.4,2,-0.8,5,-10.4,-21.9,0.500350963,0.177037873,0.416302988,-0.738181707
1783,4460686,1245330,-0.682,-0.432,0.59,0.4,1.9,-0.9,5,-10.4,-21.9,0.500320444,0.177068392,0.416333506,-0.738212226
1784,4462838,1245340,-0.682,-0.428,0.59,0.5,1.8,-1,5,-10.4,-21.9,0.500289926,0.17709891,0.416333506,-0.738212226
1785,4465205,1245340,-0.682,-0.428,0.59,0.5,1.7,-1.1,5,-10.4,-21.9,0.500228889,0.177129429,0.416364025,-0.738212226
1786,4467739,1245340,-0.69,-0.42,0.594,0.4,1.5,-1.2,5.4,-10.2,-21.9,0.50019837,0.177129429,0.416364025,-0.738242744
1787,4471085,1245340,-0.682,-0.424,0.59,0.4,1.5,-1.2,5.4,-10.2,-21.9,0.500167852,0.177159948,0.416394543,-0.738242744
1788,4472682,1245350,-0.686,-0.424,0.594,0.2,1.5,-1.3,5.4,-10.2,-21.9,0.500137333,0.177159948,0.416394543,-0.738242744
1789,4475384,1245350,-0.686,-0.428,0.59,0.1,1.3,-1.5,5.4,-10.2,-21.9,0.500106815,0.177190466,0.416425062,-0.738273263
1790,4477587,1245350,-0.682,-0.432,0.597,-0.2,1.2,-1.6,5.2,-10,-21.8,0.500167852,0.177373577,0.416333506,-0.738242744
1791,4480733,1245350,-0.686,-0.432,0.594,-0.2,1.2,-1.6,5.2,-10,-21.8,0.500106815,0.177373577,0.416364025,-0.738242744
1792,4482963,1245360,-0.686,-0.432,0.594,-0.5,1.2,-1.7,5.2,-10,-21.8,0.500076296,0.177373577,0.416394543,-0.738242744
1793,4485385,1245360,-0.682,-0.432,0.594,-0.7,1.1,-1.7,5.2,-10,-21.8,0.500045778,0.177373577,0.416425062,-0.738242744
1794,4487570,1245360,-0.686,-0.44,0.594,-1,0.9,-1.8,5.3,-10.2,-22.1,0.500015259,0.177373577,0.41645558,-0.738273263
1795,4491751,1245360,-0.69,-0.439,0.598,-1.1,0.9,-1.9,5.3,-10.2,-22.1,0.499984741,0.177343059,0.416486099,-0.738273263
1796,4494002,1245370,-0.686,-0.443,0.594,-1.2,0.8,-1.8,5.3,-10.2,-22.1,0.499954222,0.177343059,0.416486099,-0.738273263
1797,4496249,1245370,-0.686,-0.447,0.59,-1.2,0.8,-1.9,5.3,-10.2,-22.1,0.499923704,0.17731254,0.416577654,-0.738273263
1798,4498578,1245370,-0.686,-0.451,0.59,-1.3,0.8,-2,5.3,-10.2,-22.1,0.499862667,0.177282022,0.416608173,-0.738303781
1799,4500841,1245370,-0.682,-0.451,0.594,-1.3,0.7,-2,5.3,-10.2,-22.1,0.499832148,0.177282022,0.416638691,-0.738303781
1800,4502957,1245380,-0.686,-0.447,0.594,-1.2,0.7,-2,5.3,-10.2,-22.1,0.49980163,0.177251503,0.41666921,-0.738303781
1801,4505323,1245380,-0.686,-0.443,0.594,-1.2,0.7,-1.9,5.3,-10.2,-22.1,0.499771111,0.177251503,0.416699728,-0.738303781
1802,4507773,1245380,-0.686,-0.443,0.59,-1.2,0.6,-2,7.1,-10.5,-22.2,0.499740593,0.177220985,0.416760765,-0.7383343
1803,4510232,1245380,-0.69,-0.443,0.59,-1.3,0.6,-1.9,7.1,-10.5,-22.2,0.499710074,0.177190466,0.416791284,-0.7383343
1804,4513541,1245390,-0.69,-0.443,0.598,-1.2,0.6,-1.9,7.1,-10.5,-22.2,0.499679556,0.177159948,0.416821802,-0.7383343
1805,4515772,1245390,-0.69,-0.443,0.594,-1.2,0.7,-1.8,7.1,-10.5,-22.2,0.499649037,0.177159948,0.416852321,-0.7383343
1806,4517935,1245390,-0.686,-0.443,0.59,-1.1,0.7,-1.6,6.9,-10.4,-22,0.499618519,0.177129429,0.416882839,-0.7383343
1807,4520294,1245390,-0.682,-0.451,0.594,-1.2,0.6,-1.5,6.9,-10.4,-22,0.499588,0.177129429,0.416913358,-0.7383343
1808,4523731,1245400,-0.686,-0.443,0.594,-1.3,0.4,-1.5,6.9,-10.4,-22,0.499557482,0.17709891,0.416943876,-0.738364818
1809,4525243,1245400,-0.686,-0.436,0.598,-1.5,0.3,-1.5,6.9,-10.4,-22,0.499526963,0.177068392,0.416974395,-0.738364818
1810,4527634,1245400,-0.686,-0.44,0.59,-1.9,0.1,-1.7,6.4,-10.4,-22.1,0.499526963,0.177037873,0.417035432,-0.7383343
1811,4530221,1245400,-0.686,-0.44,0.59,-1.9,0.1,-1.7,6.4,-10.4,-22.1,0.499496445,0.176976836,0.417096469,-0.7383343
1812,4532602,1245410,-0.682,-0.436,0.586,-2.4,0.1,-1.7,6.4,-10.4,-22.1,0.499465926,0.176976836,0.417126988,-0.7383343
1813,4535121,1245410,-0.686,-0.436,0.59,-2.7,0.1,-1.6,6.4,-10.4,-22.1,0.499465926,0.176946318,0.417188025,-0.7383343
1814,4537646,1245410,-0.682,-0.432,0.59,-2.9,0.1,-1.3,6.7,-10.2,-22.1,0.499435408,0.176885281,0.417249062,-0.7383343
1815,4541227,1245410,-0.686,-0.432,0.586,-3,0,-1.2,6.7,-10.2,-22.1,0.499435408,0.176854762,0.41727958,-0.738303781
1816,4542762,1245420,-0.686,-0.44,0.59,-3.1,0,-1.1,6.7,-10.2,-22.1,0.499435408,0.176793725,0.417340617,-0.738303781
1817,4545880,1245420,-0.686,-0.44,0.59,-3.1,0,-1.1,6.7,-10.2,-22.1,0.499435408,0.176793725,0.417340617,-0.738303781
1818,4548104,1245420,-0.682,-0.436,0.59,-3.6,0,-1,6.7,-10.2,-22.1,0.499435408,0.17670217,0.417462691,-0.738242744
1819,4550639,1245420,-0.69,-0.439,0.59,-3.9,0.1,-0.9,6.7,-10.2,-22.1,0.499435408,0.176641133,0.417523728,-0.738212226
1820,4552606,1245430,-0.694,-0.435,0.594,-4.2,0.2,-1,6.7,-10.2,-22.1,0.499404889,0.176610614,0.417615284,-0.738212226
1821,4555053,1245430,-0.698,-0.439,0.594,-4.4,0.3,-1.1,6.7,-10.2,-22.1,0.499404889,0.176549577,0.417706839,-0.738181707
1822,4558221,1245430,-0.698,-0.435,0.594,-4.7,0.5,-1.3,4.6,-9.8,-21.9,0.499404889,0.17648854,0.417767876,-0.738151189
1823,4560456,1245430,-0.698,-0.431,0.586,-4.8,0.4,-1.3,4.6,-9.8,-21.9,0.499404889,0.176427503,0.417859432,-0.73812067
1824,4562704,1245440,-0.706,-0.423,0.582,-4.9,0.3,-1.2,4.6,-9.8,-21.9,0.499404889,0.176366466,0.417950987,-0.738059633
1825,4566113,1245440,-0.698,-0.431,0.586,-5,0.1,-1.2,4.6,-9.8,-21.9,0.499404889,0.176305429,0.418042543,-0.738029115
1826,4568196,1245440,-0.694,-0.428,0.582,-5,-0.1,-1.2,3.2,-10,-22,0.499404889,0.176244392,0.418134098,-0.737998596
1827,4570375,1245440,-0.698,-0.435,0.59,-5,-0.2,-1.3,3.2,-10,-22,0.499404889,0.176183355,0.418225654,-0.737968078
1828,4573485,1245450,-0.706,-0.439,0.586,-5,-0.4,-1.5,3.2,-10,-22,0.499374371,0.1760918,0.418286691,-0.737937559
1829,4575070,1245450,-0.702,-0.443,0.586,-4.9,-0.4,-1.6,3.2,-10,-22,0.499374371,0.176000244,0.418378246,-0.737937559
1830,4578443,1245450,-0.706,-0.443,0.586,-4.6,-0.5,-1.8,2.7,-10,-21.7,0.499435408,0.176152837,0.418439283,-0.737815485
1831,4580595,1245450,-0.706,-0.443,0.59,-4.6,-0.5,-1.8,2.7,-10,-21.7,0.499404889,0.1760918,0.418561357,-0.737784967
1832,4582840,1245460,-0.706,-0.443,0.586,-4.3,-0.5,-1.8,2.7,-10,-21.7,0.499404889,0.176000244,0.418622394,-0.737754448
1833,4585931,1245460,-0.714,-0.443,0.59,-4.1,-0.5,-1.8,2.7,-10,-21.7,0.499404889,0.175939207,0.418683432,-0.737754448
1834,4587742,1245460,-0.706,-0.443,0.59,-4,-0.5,-1.9,2.2,-9.6,-21.7,0.499404889,0.17587817,0.418774987,-0.73772393
1835,4591122,1245460,-0.714,-0.443,0.598,-3.8,-0.7,-1.9,2.2,-9.6,-21.7,0.499374371,0.175786615,0.418836024,-0.73772393
1836,4592713,1245470,-0.706,-0.435,0.59,-3.5,-0.9,-2,2.2,-9.6,-21.7,0.499374371,0.175725578,0.418866543,-0.73772393
1837,4595356,1245470,-0.71,-0.439,0.586,-3.2,-1,-2.1,2.2,-9.6,-21.7,0.499343852,0.175664541,0.41892758,-0.73772393
1838,4598585,1245470,-0.71,-0.439,0.59,-2.9,-1.2,-2.2,2.2,-9.6,-21.7,0.499343852,0.175572985,0.418958098,-0.73772393
1839,4600751,1245470,-0.706,-0.443,0.59,-2.6,-1.4,-2.2,2.2,-9.6,-21.7,0.499343852,0.175511948,0.419019135,-0.73772393
1840,4602941,1245480,-0.706,-0.443,0.594,-2.3,-1.7,-2.2,2.2,-9.6,-21.7,0.499313334,0.175420392,0.419049654,-0.73772393
1841,4605912,1245480,-0.702,-0.443,0.59,-2.1,-1.9,-2.3,2.2,-9.6,-21.7,0.499313334,0.175359355,0.419049654,-0.737754448
1842,4608989,1245480,-0.698,-0.443,0.594,-1.8,-1.9,-2.3,3.6,-8.8,-21.8,0.499282815,0.175298318,0.419080172,-0.737754448
1843,4611107,1245480,-0.698,-0.447,0.59,-1.6,-1.8,-2.2,3.6,-8.8,-21.8,0.499282815,0.175206763,0.419080172,-0.737784967
1844,4613426,1245490,-0.694,-0.447,0.59,-1.3,-1.8,-2.2,3.6,-8.8,-21.8,0.499282815,0.175145726,0.419110691,-0.737815485
1845,4615595,1245490,-0.694,-0.447,0.594,-1.1,-1.7,-2.1,3.6,-8.8,-21.8,0.499252297,0.175084689,0.419110691,-0.737815485
1846,4617852,1245490,-0.69,-0.443,0.59,-1,-1.6,-2,4.1,-8.9,-21.8,0.499252297,0.175023652,0.419110691,-0.737846004
1847,4620205,1245490,-0.69,-0.439,0.594,-0.8,-1.5,-2,4.1,-8.9,-21.8,0.499221778,0.174993133,0.419110691,-0.737846004
1848,4622694,1245500,-0.69,-0.439,0.602,-0.8,-1.5,-2,4.1,-8.9,-21.8,0.499221778,0.174932096,0.419110691,-0.737876522
1849,4626129,1245500,-0.686,-0.436,0.598,-0.8,-1.7,-1.9,4.1,-8.9,-21.8,0.499191259,0.174871059,0.419141209,-0.737907041
1850,4627667,1245500,-0.682,-0.432,0.59,-0.9,-1.9,-1.6,4.9,-8.8,-21.6,0.499252297,0.174901578,0.419080172,-0.737907041
1851,4630246,1245500,-0.682,-0.432,0.59,-0.9,-1.9,-1.6,4.9,-8.8,-21.6,0.499252297,0.174840541,0.419080172,-0.737907041
1852,4634377,1245510,-0.686,-0.432,0.594,-1,-2,-1.3,4.9,-8.8,-21.6,0.499252297,0.174779504,0.419080172,-0.737937559
1853,4636559,1245510,-0.682,-0.428,0.594,-1.2,-2,-1.2,4.9,-8.8,-21.6,0.499252297,0.174718467,0.419080172,-0.737937559
1854,4638033,1245510,-0.678,-0.432,0.593,-1.5,-2.1,-1.3,6.1,-9,-21.6,0.499252297,0.17465743,0.419080172,-0.737937559
1855,4640280,1245510,-0.678,-0.432,0.597,-1.8,-2,-1.3,6.1,-9,-21.6,0.499252297,0.174596393,0.419080172,-0.737937559
1856,4643289,1245520,-0.678,-0.432,0.597,-2.1,-1.8,-1.3,6.1,-9,-21.6,0.499252297,0.174535356,0.419110691,-0.737937559
1857,4645130,1245520,-0.678,-0.44,0.597,-2.4,-1.6,-1.3,6.1,-9,-21.6,0.499252297,0.174474319,0.419141209,-0.737937559
1858,4648583,1245520,-0.674,-0.44,0.601,-2.5,-1.5,-1.3,6.1,-9,-21.6,0.499252297,0.174413282,0.419171728,-0.737937559
1859,4651649,1245520,-0.678,-0.436,0.597,-2.7,-1.5,-1.3,6.1,-9,-21.6,0.499252297,0.174352245,0.419202246,-0.737937559
1860,4653872,1245530,-0.682,-0.44,0.601,-2.9,-1.5,-1.4,6.1,-9,-21.6,0.499252297,0.174260689,0.419232765,-0.737937559
1861,4655335,1245530,-0.682,-0.436,0.594,-3.2,-1.5,-1.5,6.1,-9,-21.6,0.499282815,0.174199652,0.419263283,-0.737937559
1862,4658337,1245530,-0.678,-0.444,0.601,-3.3,-1.5,-1.6,5.1,-9.5,-21.6,0.499282815,0.174108097,0.41932432,-0.737937559
1863,4661292,1245530,-0.678,-0.444,0.605,-3.3,-1.5,-1.7,5.1,-9.5,-21.6,0.499252297,0.17404706,0.419354839,-0.737907041
1864,4663433,1245540,-0.674,-0.444,0.593,-3.3,-1.5,-1.8,5.1,-9.5,-21.6,0.499252297,0.173955504,0.419415876,-0.737907041
1865,4665451,1245540,-0.674,-0.448,0.605,-3.3,-1.5,-2.1,5.1,-9.5,-21.6,0.499252297,0.173894467,0.419446394,-0.737907041
1866,4668290,1245540,-0.674,-0.448,0.605,-3.4,-1.5,-2.2,5.4,-8.9,-21.6,0.499252297,0.173802911,0.419507431,-0.737907041
1867,4669987,1245540,-0.67,-0.448,0.609,-3.3,-1.5,-2.5,5.4,-8.9,-21.6,0.499221778,0.173711356,0.41953795,-0.737907041
1868,4673644,1245550,-0.666,-0.448,0.613,-3.2,-1.3,-2.6,5.4,-8.9,-21.6,0.499221778,0.1736198,0.419598987,-0.737907041
1869,4675120,1245550,-0.674,-0.452,0.613,-3,-1,-2.6,5.4,-8.9,-21.6,0.499191259,0.173558763,0.419629505,-0.737937559
1870,4678039,1245550,-0.674,-0.452,0.605,-3,-0.6,-2.8,5.3,-9.4,-21.4,0.499191259,0.173375652,0.41953795,-0.738029115
1871,4681162,1245550,-0.674,-0.452,0.605,-3,-0.6,-2.8,5.3,-9.4,-21.4,0.499160741,0.173314615,0.419568468,-0.738029115
1872,4682659,1245560,-0.674,-0.452,0.605,-2.9,-0.7,-2.9,5.3,-9.4,-21.4,0.499130222,0.173253578,0.419629505,-0.738029115
1873,4685098,1245560,-0.67,-0.456,0.609,-2.7,-0.7,-2.9,5.3,-9.4,-21.4,0.499099704,0.173162023,0.419690542,-0.738059633
1874,4687835,1245560,-0.674,-0.456,0.609,-2.4,-0.6,-2.9,5.3,-9.9,-21.8,0.499069185,0.173070467,0.419721061,-0.738059633
1875,4691746,1245560,-0.678,-0.455,0.609,-2.1,-0.4,-3,5.3,-9.9,-21.8,0.499038667,0.173039949,0.419751579,-0.738059633
1876,4692538,1245570,-0.67,-0.463,0.597,-1.9,-0.3,-3,5.3,-9.9,-21.8,0.499008148,0.172978912,0.419812616,-0.738090152
1877,4695118,1245570,-0.674,-0.456,0.605,-1.8,-0.1,-3.1,5.3,-9.9,-21.8,0.49897763,0.172948393,0.419843135,-0.738090152
1878,4698096,1245570,-0.674,-0.456,0.605,-1.8,0,-3.1,5.1,-8.4,-21.9,0.498916593,0.172887356,0.419873653,-0.73812067
1879,4700755,1245570,-0.682,-0.455,0.601,-1.9,0.1,-3.2,5.1,-8.4,-21.9,0.498886074,0.172856838,0.41993469,-0.738151189
1880,4702587,1245580,-0.678,-0.459,0.597,-2,0.3,-3.4,5.1,-8.4,-21.9,0.498825037,0.172795801,0.419995727,-0.738151189
1881,4705903,1245580,-0.678,-0.455,0.597,-1.9,0.3,-3.5,5.1,-8.4,-21.9,0.498764,0.172734764,0.420026246,-0.738181707
1882,4708085,1245580,-0.674,-0.456,0.605,-1.8,0.4,-3.5,5.7,-11.2,-22,0.498702963,0.172704245,0.420087283,-0.738181707
1883,4710343,1245580,-0.682,-0.455,0.605,-1.7,0.4,-3.4,5.7,-11.2,-22,0.498672445,0.172643208,0.420117801,-0.738212226
1884,4714159,1245590,-0.678,-0.455,0.601,-1.8,0.4,-3.2,5.7,-11.2,-22,0.498611408,0.17261269,0.420178838,-0.738242744
1885,4715715,1245590,-0.682,-0.459,0.601,-1.9,0.4,-3.1,5.7,-11.2,-22,0.498519852,0.172582171,0.420209357,-0.738242744
1886,4718005,1245590,-0.678,-0.459,0.605,-2,0.5,-3,5,-11.9,-22.3,0.498519852,0.172521134,0.420270394,-0.738273263
1887,4720851,1245590,-0.678,-0.463,0.605,-2.1,0.5,-3,5,-11.9,-22.3,0.498458815,0.172490616,0.420331431,-0.738273263
1888,4722854,1245600,-0.678,-0.467,0.605,-2.1,0.6,-3.1,5,-11.9,-22.3,0.498428297,0.172460097,0.42036195,-0.738273263
1889,4726160,1245600,-0.678,-0.467,0.605,-2.1,0.8,-3.1,5,-11.9,-22.3,0.49836726,0.17239906,0.420392468,-0.738303781
1890,4727964,1245600,-0.674,-0.479,0.605,-1.7,0.9,-2.9,5.1,-11.3,-22,0.498306223,0.172246467,0.420453505,-0.738364818
1891,4730108,1245600,-0.671,-0.483,0.601,-1.7,0.9,-2.9,5.1,-11.3,-22,0.498245186,0.172215949,0.420484024,-0.738395337
1892,4733434,1245610,-0.674,-0.479,0.609,-1.5,0.9,-2.9,5.1,-11.3,-22,0.498214667,0.17218543,0.420545061,-0.738395337
1893,4735475,1245610,-0.667,-0.487,0.605,-1.4,0.9,-2.9,5.1,-11.3,-22,0.49815363,0.172154912,0.420575579,-0.738425855
1894,4738610,1245610,-0.663,-0.491,0.601,-1.2,0.8,-3,5.1,-11.4,-22.3,0.498092593,0.172093875,0.420636616,-0.738425855
1895,4740280,1245610,-0.663,-0.491,0.609,-0.9,0.7,-3.1,5.1,-11.4,-22.3,0.498031556,0.172093875,0.420667135,-0.738456374
1896,4743198,1245620,-0.659,-0.491,0.605,-0.6,0.8,-3.1,5.1,-11.4,-22.3,0.498001038,0.172063356,0.420697653,-0.738486892
1897,4746426,1245620,-0.659,-0.487,0.609,-0.2,0.9,-2.9,5.1,-11.4,-22.3,0.497940001,0.172063356,0.420728172,-0.738517411
1898,4748664,1245620,-0.659,-0.487,0.601,0,1,-2.6,5.1,-8.8,-20.5,0.497878964,0.172063356,0.420728172,-0.738547929
1899,4750926,1245620,-0.659,-0.479,0.601,0.3,1,-2.4,5.1,-8.8,-20.5,0.497817927,0.172063356,0.42075869,-0.738547929
1900,4753146,1245630,-0.651,-0.48,0.601,0.6,1.1,-2.3,5.1,-8.8,-20.5,0.497787408,0.172063356,0.42075869,-0.738578448
1901,4755368,1245630,-0.651,-0.484,0.601,0.7,1.1,-2.2,5.1,-8.8,-20.5,0.497726371,0.172063356,0.42075869,-0.738608966
1902,4757605,1245630,-0.647,-0.48,0.597,0.9,1.2,-2,5.2,-10.2,-23.7,0.497695853,0.172063356,0.420789209,-0.738639485
1903,4760213,1245630,-0.651,-0.48,0.597,1,1.2,-1.7,5.2,-10.2,-23.7,0.497634816,0.172093875,0.420789209,-0.738670003
1904,4762656,1245640,-0.647,-0.48,0.589,1,1.3,-1.6,5.2,-10.2,-23.7,0.497604297,0.172093875,0.420789209,-0.738700522
1905,4765968,1245640,-0.647,-0.476,0.593,1,1.5,-1.4,5.2,-10.2,-23.7,0.49754326,0.172093875,0.420789209,-0.738700522
1906,4768118,1245640,-0.647,-0.476,0.589,1,1.6,-1.2,5.2,-9.4,-23.3,0.497512741,0.172154912,0.420789209,-0.73873104
1907,4770391,1245640,-0.647,-0.468,0.585,0.8,1.8,-1.1,5.2,-9.4,-23.3,0.497482223,0.17218543,0.420819727,-0.73873104
1908,4772529,1245650,-0.651,-0.464,0.581,0.7,2,-0.9,5.2,-9.4,-23.3,0.497451704,0.172215949,0.420819727,-0.738761559
1909,4775604,1245650,-0.651,-0.46,0.581,0.4,2.3,-0.6,5.2,-9.4,-23.3,0.497390667,0.172246467,0.420850246,-0.738761559
1910,4777737,1245650,-0.654,-0.452,0.585,-0.2,2.8,-0.3,5.5,-9.4,-23.1,0.49732963,0.172154912,0.420911283,-0.738792077
1911,4781819,1245650,-0.654,-0.452,0.585,-0.2,2.8,-0.3,5.5,-9.4,-23.1,0.497299112,0.17218543,0.420941801,-0.738792077
1912,4782651,1245660,-0.658,-0.452,0.577,-0.6,2.9,-0.3,5.5,-9.4,-23.1,0.497268593,0.172246467,0.421002838,-0.738761559
1913,4785059,1245660,-0.662,-0.444,0.573,-1.1,3,-0.2,5.5,-9.4,-23.1,0.497238075,0.172276986,0.421033357,-0.738761559
1914,4788531,1245660,-0.666,-0.452,0.57,-1.4,3.1,-0.1,4.9,-9.2,-23.1,0.497207556,0.172307505,0.421094394,-0.73873104
1915,4790126,1245660,-0.67,-0.448,0.57,-1.8,3.2,-0.1,4.9,-9.2,-23.1,0.497177038,0.172338023,0.421155431,-0.738700522
1916,4792548,1245670,-0.666,-0.448,0.574,-2.2,3.3,-0.1,4.9,-9.2,-23.1,0.497146519,0.172368542,0.421246986,-0.738670003
1917,4795165,1245670,-0.67,-0.456,0.57,-2.4,3.3,-0.2,4.9,-9.2,-23.1,0.497116001,0.17239906,0.421308023,-0.738639485
1918,4798263,1245670,-0.666,-0.456,0.578,-2.5,3.3,-0.2,5.1,-9.8,-22.1,0.497116001,0.17239906,0.421399579,-0.738608966
1919,4800671,1245670,-0.67,-0.464,0.574,-2.5,3.3,-0.2,5.1,-9.8,-22.1,0.497085482,0.172429579,0.421460616,-0.738578448
1920,4803573,1245680,-0.67,-0.46,0.578,-2.6,3.4,-0.2,5.1,-9.8,-22.1,0.497054964,0.172460097,0.421552171,-0.738547929
1921,4805067,1245680,-0.67,-0.467,0.582,-2.8,3.6,-0.3,5.1,-9.8,-22.1,0.497024445,0.172490616,0.421643727,-0.738486892
1922,4807964,1245680,-0.67,-0.463,0.582,-3,3.7,-0.3,5.3,-10,-21.3,0.496993927,0.172521134,0.421735282,-0.738456374
1923,4810458,1245680,-0.67,-0.467,0.578,-3.2,3.8,-0.5,5.3,-10,-21.3,0.496963408,0.172521134,0.421826838,-0.738425855
1924,4812602,1245690,-0.667,-0.471,0.582,-3.2,3.7,-0.6,5.3,-10,-21.3,0.49693289,0.172551653,0.421918394,-0.738395337
1925,4815163,1245690,-0.674,-0.467,0.582,-3.1,3.7,-0.8,5.3,-10,-21.3,0.496902371,0.172582171,0.422009949,-0.738364818
1926,4818538,1245690,-0.675,-0.471,0.578,-2.9,3.7,-0.9,5.3,-9.8,-20.4,0.496841334,0.172582171,0.422101505,-0.7383343
1927,4820108,1245690,-0.675,-0.475,0.578,-2.8,3.9,-1,5.3,-9.8,-20.4,0.496810816,0.17261269,0.42219306,-0.738303781
1928,4822792,1245700,-0.679,-0.479,0.582,-2.7,4.1,-1.1,5.3,-9.8,-20.4,0.496780297,0.172643208,0.422284616,-0.738273263
1929,4826232,1245700,-0.682,-0.475,0.586,-2.8,4.2,-1.2,5.3,-9.8,-20.4,0.49671926,0.172673727,0.422345653,-0.738242744
1930,4828579,1245700,-0.682,-0.475,0.582,-2.8,4.2,-1.2,5.6,-10.1,-19.5,0.496566668,0.17261269,0.422589801,-0.738212226
1931,4830577,1245700,-0.682,-0.475,0.582,-2.8,4.2,-1.2,5.6,-10.1,-19.5,0.496566668,0.172643208,0.422681356,-0.738181707
1932,4832736,1245710,-0.687,-0.487,0.594,-2.7,4.2,-1.1,5.6,-10.1,-19.5,0.496505631,0.172673727,0.422772912,-0.738151189
1933,4835730,1245710,-0.687,-0.483,0.594,-2.5,4.1,-1.1,5.6,-10.1,-19.5,0.496444594,0.172704245,0.422864467,-0.73812067
1934,4837917,1245710,-0.687,-0.483,0.594,-2.4,4.1,-1.2,5.4,-10,-19.1,0.496414075,0.172734764,0.422956023,-0.738090152
1935,4841864,1245710,-0.683,-0.487,0.598,-2.4,4.2,-1.1,5.4,-10,-19.1,0.496353038,0.172765282,0.423047578,-0.738059633
1936,4844192,1245720,-0.683,-0.483,0.59,-2.5,4.1,-1,5.4,-10,-19.1,0.49632252,0.172795801,0.423139134,-0.738029115
1937,4846287,1245720,-0.687,-0.487,0.59,-2.5,4,-1,5.4,-10,-19.1,0.496261483,0.172826319,0.423230689,-0.738029115
1938,4847887,1245720,-0.683,-0.491,0.594,-2.5,3.9,-0.9,5.4,-9.7,-24.1,0.496230964,0.172856838,0.423322245,-0.737998596
1939,4852393,1245720,-0.683,-0.491,0.586,-2.4,3.7,-0.9,5.4,-9.7,-24.1,0.496200446,0.172856838,0.4234138,-0.737968078
1940,4852393,1245730,-0.683,-0.487,0.582,-2.4,3.4,-0.8,5.4,-9.7,-24.1,0.496139409,0.172887356,0.423474837,-0.737937559
1941,4855839,1245730,-0.687,-0.491,0.582,-2.3,3.4,-0.7,5.4,-9.7,-24.1,0.49610889,0.172917875,0.423566393,-0.737907041
1942,4857860,1245730,-0.687,-0.487,0.582,-2.2,3.3,-0.5,5.6,-9.7,-21.9,0.496078372,0.172948393,0.42362743,-0.737876522
1943,4860853,1245730,-0.683,-0.491,0.582,-1.9,3.3,-0.4,5.6,-9.7,-21.9,0.496047853,0.172978912,0.423718986,-0.737846004
1944,4863120,1245740,-0.683,-0.495,0.578,-1.7,3.2,-0.3,5.6,-9.7,-21.9,0.496017335,0.17300943,0.423780023,-0.737815485
1945,4865086,1245740,-0.683,-0.499,0.578,-1.5,3.2,-0.2,5.6,-9.7,-21.9,0.495986816,0.173039949,0.42384106,-0.737815485
1946,4868501,1245740,-0.687,-0.498,0.582,-1.4,3.2,-0.1,5.2,-9.9,-22.7,0.495956297,0.173070467,0.423902097,-0.737784967
1947,4870589,1245740,-0.691,-0.498,0.574,-1.3,3.1,0,5.2,-9.9,-22.7,0.495956297,0.173070467,0.423932615,-0.737754448
1948,4872921,1245750,-0.687,-0.495,0.574,-1.2,2.9,0.1,5.2,-9.9,-22.7,0.495925779,0.173131504,0.423993652,-0.73772393
1949,4875138,1245750,-0.691,-0.502,0.571,-1.2,2.8,0.1,5.2,-9.9,-22.7,0.49589526,0.173162023,0.424054689,-0.737693411
1950,4877730,1245750,-0.691,-0.494,0.571,-1.1,2.8,0.2,5.6,-10.1,-23.6,0.495712149,0.173039949,0.424390393,-0.737662893
1951,4880075,1245750,-0.691,-0.491,0.57,-1.1,2.8,0.2,5.6,-10.1,-23.6,0.495712149,0.173070467,0.42445143,-0.737632374
1952,4884232,1245760,-0.691,-0.491,0.563,-1.1,2.9,0.3,5.6,-10.1,-23.6,0.495681631,0.173131504,0.424481948,-0.737632374
1953,4886407,1245760,-0.691,-0.487,0.567,-0.9,2.8,0.3,5.6,-10.1,-23.6,0.495651112,0.173162023,0.424542985,-0.737601856
1954,4888608,1245760,-0.695,-0.479,0.567,-0.8,2.6,0.3,5.6,-9.9,-23.8,0.495651112,0.173192541,0.424573504,-0.737571337
1955,4890954,1245760,-0.691,-0.483,0.567,-0.7,2.3,0.3,5.6,-9.9,-23.8,0.495651112,0.17322306,0.424604022,-0.737540819
1956,4893092,1245770,-0.691,-0.479,0.567,-0.5,2,0.3,5.6,-9.9,-23.8,0.495620594,0.173253578,0.424634541,-0.737540819
1957,4895377,1245770,-0.691,-0.479,0.57,-0.3,1.8,0.3,5.6,-9.9,-23.8,0.495620594,0.173284097,0.424665059,-0.7375103
1958,4897640,1245770,-0.691,-0.479,0.563,-0.3,1.7,0.3,5.3,-9.7,-22.2,0.495620594,0.173314615,0.424695578,-0.7375103
1959,4901346,1245770,-0.691,-0.475,0.563,-0.3,1.4,0.3,5.3,-9.7,-22.2,0.495590075,0.173345134,0.424726096,-0.737479781
1960,4902931,1245780,-0.695,-0.479,0.563,-0.5,1.2,0.4,5.3,-9.7,-22.2,0.495590075,0.173345134,0.424726096,-0.737479781
1961,4905083,1245780,-0.687,-0.479,0.563,-0.6,1.1,0.5,5.3,-9.7,-22.2,0.495590075,0.173375652,0.424756615,-0.737479781
1962,4907651,1245780,-0.683,-0.483,0.566,-0.6,0.9,0.5,5.7,-9.6,-22.2,0.495590075,0.173375652,0.424787133,-0.737449263
1963,4911087,1245780,-0.691,-0.483,0.57,-0.6,0.8,0.5,5.7,-9.6,-22.2,0.495590075,0.173406171,0.424787133,-0.737418744
1964,4913315,1245790,-0.691,-0.479,0.57,-0.7,0.9,0.5,5.7,-9.6,-22.2,0.495590075,0.173406171,0.424817652,-0.737418744
1965,4915173,1245790,-0.702,-0.479,0.571,-0.8,0.9,0.5,5.7,-9.6,-22.2,0.495620594,0.173406171,0.42484817,-0.737388226
1966,4918624,1245790,-0.699,-0.486,0.579,-0.9,0.9,0.7,5.4,-9.9,-22.1,0.495620594,0.173436689,0.42484817,-0.737388226
1967,4919998,1245790,-0.69,-0.479,0.59,-1.1,0.9,0.9,5.4,-9.9,-22.1,0.495620594,0.173436689,0.424878689,-0.737357707
1968,4923070,1245800,-0.69,-0.479,0.598,-0.9,0.8,0.9,5.4,-9.9,-22.1,0.495651112,0.173467208,0.424909207,-0.737327189
1969,4925077,1245800,-0.686,-0.475,0.594,-0.6,0.6,0.9,5.4,-9.9,-22.1,0.495651112,0.173467208,0.424909207,-0.73729667
1970,4928249,1245800,-0.69,-0.471,0.59,-0.8,0.1,1,5.7,-9.8,-21.9,0.495620594,0.173406171,0.425000763,-0.73729667
1971,4930089,1245800,-0.69,-0.471,0.59,-0.8,0.1,1,5.7,-9.8,-21.9,0.495620594,0.173406171,0.425031281,-0.73729667
1972,4933323,1245810,-0.686,-0.467,0.594,-1.4,0,1.1,5.7,-9.8,-21.9,0.495651112,0.173406171,0.425031281,-0.737266152
1973,4935017,1245810,-0.69,-0.463,0.598,-2.2,-0.1,1.3,5.7,-9.8,-21.9,0.495681631,0.173375652,0.4250618,-0.737235633
1974,4937928,1245810,-0.69,-0.467,0.594,-2.6,0,1.6,5.5,-9.8,-22.1,0.495712149,0.173375652,0.425122837,-0.737174596
1975,4940769,1245810,-0.698,-0.467,0.598,-2.8,0,1.8,5.5,-9.8,-22.1,0.495773186,0.173345134,0.425153356,-0.737144078
1976,4942494,1245820,-0.686,-0.475,0.602,-2.7,0,2,5.5,-9.8,-22.1,0.495803705,0.173345134,0.425183874,-0.737083041
1977,4945464,1245820,-0.686,-0.471,0.605,-2.6,0.1,2.2,5.5,-9.8,-22.1,0.495834223,0.173345134,0.425214393,-0.737022004
1978,4947807,1245820,-0.686,-0.475,0.605,-2.6,0,2.2,3.7,-9.9,-22,0.49589526,0.173314615,0.425244911,-0.736991485
1979,4951465,1245820,-0.686,-0.475,0.613,-2.5,0,2.2,3.7,-9.9,-22,0.495956297,0.173314615,0.42527543,-0.736930448
1980,4952898,1245830,-0.686,-0.475,0.609,-2.4,-0.2,2.1,3.7,-9.9,-22,0.495986816,0.173314615,0.425305948,-0.73689993
1981,4955958,1245830,-0.682,-0.471,0.609,-2.2,-0.2,2.1,3.7,-9.9,-22,0.496047853,0.173314615,0.425336467,-0.736838893
1982,4957587,1245830,-0.682,-0.463,0.605,-2.1,-0.2,2.2,7.1,-9.5,-21.8,0.496078372,0.173284097,0.425366985,-0.736808374
1983,4960440,1245830,-0.686,-0.459,0.609,-2,-0.1,2.4,7.1,-9.5,-21.8,0.496139409,0.173284097,0.425397504,-0.736747337
1984,4963489,1245840,-0.682,-0.455,0.609,-1.8,-0.1,2.5,7.1,-9.5,-21.8,0.496169927,0.173284097,0.425397504,-0.736716819
1985,4965122,1245840,-0.682,-0.459,0.609,-1.7,-0.1,2.5,7.1,-9.5,-21.8,0.496230964,0.173284097,0.425428022,-0.7366863
1986,4968489,1245840,-0.682,-0.447,0.605,-1.4,-0.2,2.4,6.6,-9.5,-21.7,0.496261483,0.173314615,0.425428022,-0.736625263
1987,4970216,1245840,-0.682,-0.444,0.609,-1.2,-0.4,2.3,6.6,-9.5,-21.7,0.49632252,0.173314615,0.425428022,-0.736594745
1988,4973626,1245850,-0.678,-0.436,0.601,-1,-0.5,2.4,6.6,-9.5,-21.7,0.496353038,0.173314615,0.425428022,-0.736564226
1989,4975252,1245850,-0.678,-0.44,0.597,-1,-0.7,2.4,6.6,-9.5,-21.7,0.496414075,0.173314615,0.425428022,-0.736533708
1990,4977600,1245850,-0.678,-0.436,0.59,-1.4,-0.7,2.4,6.7,-9.8,-22,0.496566668,0.173314615,0.425244911,-0.736533708
1991,4980239,1245850,-0.678,-0.436,0.586,-1.4,-0.7,2.4,6.7,-9.8,-22,0.496627705,0.173314615,0.425244911,-0.736503189
1992,4984110,1245860,-0.678,-0.432,0.582,-1.6,-0.8,2.3,6.7,-9.8,-22,0.496658223,0.173314615,0.425244911,-0.736472671
1993,4985614,1245860,-0.678,-0.428,0.586,-1.9,-0.8,2.2,6.7,-9.8,-22,0.49671926,0.173284097,0.42527543,-0.736442152
1994,4988692,1245860,-0.678,-0.432,0.59,-2.2,-0.7,2.2,7,-9.9,-21.8,0.496780297,0.173284097,0.42527543,-0.736381115
1995,4990175,1245860,-0.682,-0.428,0.582,-2.3,-0.7,2.2,7,-9.9,-21.8,0.496810816,0.173253578,0.425305948,-0.736350597
1996,4992510,1245870,-0.678,-0.428,0.582,-2.5,-0.6,2,7,-9.9,-21.8,0.496871853,0.173253578,0.425336467,-0.736320078
1997,4995185,1245870,-0.682,-0.428,0.582,-2.6,-0.5,1.8,7,-9.9,-21.8,0.496902371,0.17322306,0.425366985,-0.736259041
1998,4998207,1245870,-0.686,-0.424,0.582,-2.9,-0.4,1.7,4.7,-9.8,-22.2,0.496963408,0.173192541,0.425397504,-0.736228523
