sample_index,elapsed_us,device_time_ms,acc_x_g,acc_y_g,acc_z_g,gyro_x_dps,gyro_y_dps,gyro_z_dps,mag_x_ut,mag_y_ut,mag_z_ut,quat_w,quat_x,quat_y,quat_z
0,3461,1375860,0.988,0.04,-0.03,-0.1,0.1,0.1,-37.1,7.2,27.1,0.163701285,0.705130161,-0.140232551,0.675496689
1,5622,1375870,0.985,0.036,-0.038,-0.1,0.2,0.1,-37.1,7.2,27.1,0.163701285,0.705130161,-0.140232551,0.675496689
2,7857,1375870,0.985,0.036,-0.034,0,0.2,0,-37.1,7.2,27.1,0.163701285,0.705099643,-0.140232551,0.675496689
3,10416,1375870,0.985,0.04,-0.03,0,0.2,0,-37.1,7.2,27.1,0.163701285,0.705099643,-0.140232551,0.675496689
4,13790,1375870,0.981,0.036,-0.034,0,0.1,0,-37.5,6.9,27.2,0.163701285,0.705099643,-0.140232551,0.675496689
5,15325,1375880,0.985,0.036,-0.03,0,0.1,0,-37.5,6.9,27.2,0.163701285,0.705099643,-0.140232551,0.675496689
6,18307,1375880,0.985,0.04,-0.03,0,0,0,-37.5,6.9,27.2,0.163701285,0.705099643,-0.140232551,0.675496689
7,21281,1375880,0.985,0.04,-0.03,0,0,0,-37.5,6.9,27.2,0.163701285,0.705099643,-0.140232551,0.675496689
8,22823,1375880,0.988,0.04,-0.034,0,0.1,0,-37.5,6.9,27.2,0.163701285,0.705069124,-0.140232551,0.675527207
9,25811,1375890,0.988,0.04,-0.03,0,0.1,0,-37.5,6.9,27.2,0.163701285,0.705069124,-0.140232551,0.675527207
10,28759,1375890,0.988,0.04,-0.026,0,0.1,0,-37.5,6.9,27.2,0.163701285,0.705069124,-0.140232551,0.675527207
11,30352,1375890,0.985,0.04,-0.03,0,0.1,0,-37.5,6.9,27.2,0.163701285,0.705069124,-0.140232551,0.675527207
12,33849,1375890,0.985,0.04,-0.034,0,0,0,-36.9,7.3,27,0.163701285,0.705069124,-0.140232551,0.675527207
13,35392,1375900,0.985,0.04,-0.034,-0.1,0,0,-36.9,7.3,27,0.163701285,0.705069124,-0.140232551,0.675527207
14,39174,1375900,0.985,0.04,-0.034,-0.1,-0.1,0,-36.9,7.3,27,0.163701285,0.705069124,-0.140232551,0.675527207
15,40802,1375900,0.981,0.036,-0.026,0,0,0,-36.9,7.3,27,0.163701285,0.705069124,-0.14026307,0.675527207
16,43750,1375900,0.988,0.04,-0.038,0,0,0,-36.8,7.5,26.8,0.163701285,0.705069124,-0.14026307,0.675527207
17,45363,1375910,0.985,0.044,-0.038,0,-0.1,0,-36.8,7.5,26.8,0.163701285,0.705069124,-0.14026307,0.675527207
18,48325,1375910,0.988,0.04,-0.038,0,0,0,-36.8,7.5,26.8,0.163701285,0.705069124,-0.14026307,0.675527207
19,51355,1375910,0.988,0.04,-0.034,0,-0.1,0,-36.8,7.5,26.8,0.163701285,0.705099643,-0.14026307,0.675527207
20,53205,1375910,0.985,0.04,-0.034,0,-0.1,-0.1,-36.4,7.1,27.1,0.163701285,0.705099643,-0.140232551,0.675527207
21,56542,1375920,0.985,0.04,-0.034,0,-0.1,0,-36.4,7.1,27.1,0.163701285,0.705099643,-0.140232551,0.675527207
22,57995,1375920,0.988,0.036,-0.03,0,-0.1,0,-36.4,7.1,27.1,0.163701285,0.705099643,-0.140232551,0.675527207
23,61049,1375920,0.985,0.04,-0.03,0,0,0,-36.4,7.1,27.1,0.163701285,0.705099643,-0.140232551,0.675527207
24,62848,1375920,0.981,0.04,-0.03,0,0,0,-35.5,7.3,27.2,0.163701285,0.705099643,-0.140232551,0.675527207
25,67101,1375930,0.981,0.036,-0.042,0,0.1,0,-35.5,7.3,27.2,0.163701285,0.705099643,-0.140232551,0.675527207
26,68697,1375930,0.981,0.04,-0.034,0,0.1,-0.1,-35.5,7.3,27.2,0.163701285,0.705099643,-0.140232551,0.675527207
27,70744,1375930,0.985,0.04,-0.034,0,0.1,0,-35.5,7.3,27.2,0.163701285,0.705099643,-0.140232551,0.675527207
28,74572,1375930,0.985,0.04,-0.034,0,0.1,0,-35.5,7.3,27.2,0.163701285,0.705099643,-0.14026307,0.675496689
29,76921,1375940,0.985,0.04,-0.034,0,0.1,0,-35.5,7.3,27.2,0.163701285,0.705099643,-0.14026307,0.675496689
30,79019,1375940,0.981,0.036,-0.034,0,0.1,0.1,-35.5,7.3,27.2,0.163701285,0.705099643,-0.14026307,0.675527207
31,80519,1375940,0.985,0.04,-0.034,0,0,0,-35.5,7.3,27.2,0.163701285,0.705099643,-0.14026307,0.675527207
32,83539,1375940,0.985,0.044,-0.03,0,0,0,-35.5,5.9,27,0.163701285,0.705099643,-0.14026307,0.675527207
33,86524,1375950,0.985,0.036,-0.034,0,0.1,0,-35.5,5.9,27,0.163701285,0.705099643,-0.14026307,0.675527207
34,88818,1375950,0.985,0.04,-0.03,0,0.1,-0.1,-35.5,5.9,27,0.163701285,0.705099643,-0.14026307,0.675527207
35,90408,1375950,0.988,0.04,-0.03,0,0.1,-0.1,-35.5,5.9,27,0.163701285,0.705099643,-0.14026307,0.675527207
36,93274,1375950,0.988,0.04,-0.038,0,0.1,-0.1,-35.4,5.8,27.2,0.163701285,0.705099643,-0.140232551,0.675527207
37,95576,1375960,0.988,0.04,-0.026,0,0.1,0,-35.4,5.8,27.2,0.163701285,0.705099643,-0.140232551,0.675527207
38,98457,1375960,0.988,0.044,-0.034,0,0.2,0,-35.4,5.8,27.2,0.163701285,0.705069124,-0.140232551,0.675527207
39,101415,1375960,0.985,0.04,-0.03,0,0.1,0,-35.4,5.8,27.2,0.163701285,0.705069124,-0.140232551,0.675527207
40,102983,1375960,0.985,0.044,-0.034,0,0.1,0,-34.8,6,27.5,0.163701285,0.705069124,-0.140232551,0.675527207
41,105941,1375970,0.985,0.036,-0.03,0,0.1,0,-34.8,6,27.5,0.163701285,0.705069124,-0.140232551,0.675527207
42,108904,1375970,0.981,0.044,-0.034,0.1,0.1,0.1,-34.8,6,27.5,0.163701285,0.705069124,-0.140232551,0.675527207
43,110526,1375970,0.981,0.044,-0.034,0.1,0.1,0,-34.8,6,27.5,0.163701285,0.705069124,-0.140232551,0.675527207
44,113379,1375970,0.985,0.044,-0.03,0,0,0,-35,5.6,27,0.163701285,0.705069124,-0.140232551,0.675557726
45,116474,1375980,0.988,0.04,-0.03,0,0,-0.1,-35,5.6,27,0.163701285,0.705069124,-0.140232551,0.675557726
46,117907,1375980,0.981,0.04,-0.034,0,0,0,-35,5.6,27,0.163701285,0.705069124,-0.140232551,0.675557726
47,120926,1375980,0.985,0.04,-0.042,0,0.1,0,-35,5.6,27,0.163701285,0.705069124,-0.140232551,0.675557726
48,123875,1375980,0.985,0.04,-0.038,0,0.1,0.1,-35,5.6,27,0.163701285,0.705069124,-0.140232551,0.675527207
49,125357,1375990,0.985,0.04,-0.038,0,0.1,0.1,-35,5.6,27,0.163701285,0.705069124,-0.140232551,0.675527207
50,128475,1375990,0.985,0.04,-0.034,0,0,0,-35,5.6,27,0.163701285,0.705069124,-0.140232551,0.675527207
51,131474,1375990,0.988,0.044,-0.034,0,0,0,-35,5.6,27,0.163701285,0.705069124,-0.140232551,0.675527207
52,132993,1375990,0.981,0.044,-0.034,0,-0.1,0,-34.3,6,27.4,0.163701285,0.705069124,-0.140232551,0.675527207
53,135866,1376000,0.988,0.04,-0.03,0,-0.1,0,-34.3,6,27.4,0.163701285,0.705069124,-0.140232551,0.675527207
54,138882,1376000,0.988,0.04,-0.034,0,-0.2,0,-34.3,6,27.4,0.163701285,0.705099643,-0.140232551,0.675527207
55,140427,1376000,0.985,0.044,-0.034,0,-0.1,-0.1,-34.3,6,27.4,0.163701285,0.705099643,-0.140232551,0.675527207
56,143430,1376000,0.985,0.044,-0.03,0,0,0,-34.1,6,27.2,0.163701285,0.705099643,-0.140232551,0.675527207
57,146574,1376010,0.985,0.044,-0.03,0.1,0,0,-34.1,6,27.2,0.163701285,0.705099643,-0.140232551,0.675527207
58,148029,1376010,0.981,0.036,-0.034,0.1,0,0,-34.1,6,27.2,0.163701285,0.705099643,-0.140232551,0.675527207
59,150996,1376010,0.981,0.036,-0.03,0,0.1,0,-34.1,6,27.2,0.163701285,0.705099643,-0.140232551,0.675527207
60,154032,1376010,0.985,0.04,-0.034,0,0,0,-34.5,6.4,27.4,0.163701285,0.705099643,-0.140232551,0.675527207
61,155515,1376020,0.992,0.044,-0.034,0.1,0,0,-34.5,6.4,27.4,0.163701285,0.705099643,-0.140232551,0.675527207
62,158495,1376020,0.985,0.04,-0.026,0.1,0,0,-34.5,6.4,27.4,0.163701285,0.705099643,-0.140232551,0.675527207
63,161463,1376020,0.988,0.036,-0.034,0,0.1,0,-34.5,6.4,27.4,0.163701285,0.705099643,-0.140232551,0.675527207
64,162919,1376020,0.988,0.04,-0.034,0,0.2,0,-34.2,6,27.4,0.163701285,0.705069124,-0.140232551,0.675527207
65,166009,1376030,0.985,0.044,-0.034,0,0.2,0,-34.2,6,27.4,0.163701285,0.705069124,-0.140232551,0.675527207
66,168291,1376030,0.981,0.04,-0.034,0,0.2,0,-34.2,6,27.4,0.163701285,0.705069124,-0.140232551,0.675557726
67,170507,1376030,0.985,0.04,-0.038,0,0,-0.1,-34.2,6,27.4,0.163701285,0.705069124,-0.140232551,0.675557726
68,173078,1376030,0.985,0.04,-0.034,0,-0.2,-0.1,-34.2,6,27.4,0.163701285,0.705099643,-0.140232551,0.675527207
69,176552,1376040,0.985,0.04,-0.038,0,-0.2,-0.1,-34.2,6,27.4,0.163701285,0.705099643,-0.140232551,0.675496689
70,178141,1376040,0.985,0.04,-0.03,0,-0.2,0,-34.2,6,27.4,0.163701285,0.705099643,-0.140232551,0.675496689
71,180986,1376040,0.988,0.04,-0.03,0,-0.1,0,-34.2,6,27.4,0.163701285,0.705099643,-0.140232551,0.675496689
72,183371,1376040,0.985,0.04,-0.034,0,-0.1,0,-33.9,6,27.1,0.163701285,0.705130161,-0.140232551,0.675496689
73,186243,1376050,0.988,0.044,-0.034,0,-0.2,0,-33.9,6,27.1,0.163701285,0.705130161,-0.140232551,0.675496689
74,188233,1376050,0.985,0.04,-0.034,0,-0.2,0,-33.9,6,27.1,0.163701285,0.705130161,-0.140232551,0.675496689
75,190517,1376050,0.985,0.044,-0.03,0,-0.2,0,-33.9,6,27.1,0.163701285,0.705130161,-0.140232551,0.675496689
76,193643,1376050,0.985,0.04,-0.03,-0.1,-0.1,0,-34.5,5.7,27.1,0.163701285,0.705130161,-0.140232551,0.675496689
77,196616,1376060,0.985,0.036,-0.038,-0.1,0,0.1,-34.5,5.7,27.1,0.163701285,0.705130161,-0.140232551,0.675496689
78,198784,1376060,0.988,0.036,-0.03,-0.1,0.1,0,-34.5,5.7,27.1,0.163701285,0.705130161,-0.140232551,0.675496689
79,201061,1376060,0.988,0.044,-0.03,0,0.2,0,-34.5,5.7,27.1,0.163701285,0.705130161,-0.140232551,0.675496689
80,204043,1376060,0.988,0.04,-0.034,0,0.2,0,-34.3,6.2,26.8,0.163701285,0.705130161,-0.140232551,0.675496689
81,206311,1376070,0.985,0.04,-0.03,0,0,0,-34.3,6.2,26.8,0.163701285,0.705130161,-0.140232551,0.675496689
82,208531,1376070,0.985,0.04,-0.026,0,-0.1,0,-34.3,6.2,26.8,0.163701285,0.705130161,-0.140232551,0.675496689
83,211450,1376070,0.985,0.04,-0.034,0,-0.2,0,-34.3,6.2,26.8,0.163701285,0.705130161,-0.140232551,0.675496689
84,213788,1376070,0.981,0.04,-0.03,0,-0.1,0,-34,6.1,27,0.163701285,0.705130161,-0.140232551,0.675496689
85,216112,1376080,0.985,0.04,-0.038,0,0,0,-34,6.1,27,0.163701285,0.705130161,-0.140232551,0.675496689
86,218341,1376080,0.985,0.044,-0.03,0,0.1,-0.1,-34,6.1,27,0.163701285,0.705130161,-0.140232551,0.675496689
87,220491,1376080,0.988,0.036,-0.034,0,0.1,-0.1,-34,6.1,27,0.163701285,0.705130161,-0.140232551,0.675496689
88,223144,1376080,0.988,0.044,-0.038,0.1,0,0,-34,6.1,27,0.163701285,0.705130161,-0.140232551,0.675496689
89,225421,1376090,0.988,0.044,-0.034,0.1,0,0,-34,6.1,27,0.163701285,0.705130161,-0.140232551,0.675496689
90,228725,1376090,0.988,0.04,-0.038,0.1,-0.1,0,-34,6.1,27,0.163701285,0.705130161,-0.140232551,0.675496689
91,230389,1376090,0.988,0.04,-0.034,0,-0.1,0,-34,6.1,27,0.163701285,0.705130161,-0.140232551,0.675496689
92,233817,1376090,0.985,0.04,-0.034,-0.1,0,0,-35.3,5.5,26.6,0.163701285,0.705130161,-0.140232551,0.675496689
93,235446,1376100,0.981,0.044,-0.034,-0.1,0,0,-35.3,5.5,26.6,0.163701285,0.705130161,-0.140232551,0.67546617
94,237845,1376100,0.985,0.036,-0.034,-0.1,-0.1,0,-35.3,5.5,26.6,0.163701285,0.705130161,-0.140232551,0.67546617
95,241147,1376100,0.981,0.04,-0.03,-0.1,-0.1,0,-35.3,5.5,26.6,0.163701285,0.705130161,-0.140232551,0.67546617
96,242801,1376100,0.985,0.036,-0.034,0,-0.1,0,-35.3,5.8,26.8,0.163701285,0.705130161,-0.140232551,0.67546617
97,245669,1376110,0.985,0.044,-0.03,0,0,0,-35.3,5.8,26.8,0.163701285,0.705130161,-0.140232551,0.67546617
98,248499,1376110,0.985,0.04,-0.038,0,0,0,-35.3,5.8,26.8,0.163701285,0.705130161,-0.140232551,0.67546617
99,250363,1376110,0.988,0.04,-0.034,0,0,0,-35.3,5.8,26.8,0.163701285,0.705130161,-0.140232551,0.67546617
100,253806,1376110,0.985,0.04,-0.03,0,0,0,-35.2,5.9,27,0.163701285,0.705130161,-0.140232551,0.67546617
101,255450,1376120,0.988,0.04,-0.034,0,-0.1,-0.1,-35.2,5.9,27,0.163701285,0.705130161,-0.140232551,0.67546617
102,258525,1376120,0.988,0.036,-0.038,0,-0.1,-0.1,-35.2,5.9,27,0.163701285,0.705130161,-0.140232551,0.67546617
103,260299,1376120,0.988,0.044,-0.03,0,-0.1,-0.1,-35.2,5.9,27,0.163731803,0.705130161,-0.140232551,0.67546617
104,263798,1376120,0.985,0.04,-0.034,0,-0.1,-0.1,-35.3,6.1,27.1,0.163731803,0.705130161,-0.140232551,0.67546617
105,265455,1376130,0.985,0.036,-0.03,0.1,0,0,-35.3,6.1,27.1,0.163731803,0.70516068,-0.140232551,0.67546617
106,268325,1376130,0.985,0.04,-0.03,0.1,-0.1,0,-35.3,6.1,27.1,0.163701285,0.70516068,-0.140232551,0.67546617
107,271419,1376130,0.988,0.04,-0.026,0.1,-0.1,0,-35.3,6.1,27.1,0.163701285,0.70516068,-0.140232551,0.67546617
108,273571,1376130,0.988,0.036,-0.03,0,-0.1,0.2,-35.3,6.1,27.1,0.163701285,0.705130161,-0.140232551,0.675496689
109,275772,1376140,0.988,0.036,-0.03,0,-0.1,0.2,-35.3,6.1,27.1,0.163701285,0.705130161,-0.140232551,0.675496689
110,278009,1376140,0.985,0.04,-0.03,0,-0.1,0.2,-35.3,6.1,27.1,0.163701285,0.705130161,-0.140232551,0.675496689
111,280409,1376140,0.988,0.036,-0.038,0,-0.1,0,-35.3,6.1,27.1,0.163701285,0.705130161,-0.140232551,0.67546617
112,283208,1376140,0.988,0.04,-0.038,0,-0.1,-0.1,-35.3,6,27.6,0.163701285,0.705130161,-0.140232551,0.67546617
113,286191,1376150,0.985,0.044,-0.034,0,-0.1,-0.1,-35.3,6,27.6,0.163701285,0.705130161,-0.140232551,0.67546617
114,287889,1376150,0.988,0.04,-0.034,0,0,-0.1,-35.3,6,27.6,0.163701285,0.705130161,-0.140232551,0.67546617
115,290555,1376150,0.988,0.04,-0.034,0,0,0,-35.3,6,27.6,0.163701285,0.705130161,-0.140232551,0.67546617
116,292955,1376150,0.985,0.04,-0.03,0,0.1,0,-35.5,6,28,0.163701285,0.705130161,-0.140232551,0.67546617
117,295383,1376160,0.988,0.04,-0.034,-0.1,0.1,0,-35.5,6,28,0.163701285,0.705130161,-0.140232551,0.67546617
118,298991,1376160,0.985,0.04,-0.03,0,0.1,0,-35.5,6,28,0.163701285,0.705130161,-0.140232551,0.67546617
119,301021,1376160,0.985,0.048,-0.034,0.1,0.1,-0.1,-35.5,6,28,0.163701285,0.705130161,-0.140232551,0.67546617
120,302790,1376160,0.985,0.036,-0.038,0.1,0,0,-35.4,5.9,28,0.163701285,0.705130161,-0.140232551,0.67546617
121,306470,1376170,0.985,0.04,-0.034,0,-0.1,0,-35.4,5.9,28,0.163701285,0.705130161,-0.140232551,0.67546617
122,307888,1376170,0.985,0.04,-0.034,0,-0.1,0,-35.4,5.9,28,0.163701285,0.705130161,-0.140232551,0.67546617
123,310341,1376170,0.981,0.044,-0.038,0,-0.1,0,-35.4,5.9,28,0.163701285,0.705130161,-0.140232551,0.67546617
124,314558,1376170,0.988,0.044,-0.034,0,0,-0.1,-35.2,5.9,28.1,0.163701285,0.705130161,-0.140232551,0.67546617
125,315307,1376180,0.988,0.04,-0.034,0,0,-0.1,-35.2,5.9,28.1,0.163701285,0.705130161,-0.140232551,0.67546617
126,318601,1376180,0.992,0.036,-0.034,0,0,0,-35.2,5.9,28.1,0.163701285,0.705130161,-0.140232551,0.67546617
127,320649,1376180,0.985,0.04,-0.03,0,0,0,-35.2,5.9,28.1,0.163701285,0.705130161,-0.140232551,0.67546617
128,323050,1376180,0.981,0.04,-0.042,0,0,-0.1,-35.2,5.9,28.1,0.163701285,0.705130161,-0.140232551,0.67546617
129,325460,1376190,0.981,0.04,-0.038,0,0,-0.1,-35.2,5.9,28.1,0.163701285,0.705130161,-0.140232551,0.67546617
130,329496,1376190,0.985,0.04,-0.038,0,0,-0.1,-35.2,5.9,28.1,0.163701285,0.705130161,-0.140232551,0.67546617
131,331909,1376190,0.988,0.036,-0.034,0,0,-0.1,-35.2,5.9,28.1,0.163701285,0.705130161,-0.140232551,0.67546617
132,334215,1376190,0.992,0.04,-0.034,0,0,-0.1,-35.3,5.8,26.7,0.163701285,0.70516068,-0.140232551,0.67546617
133,336524,1376200,0.985,0.04,-0.03,0,0,0,-35.3,5.8,26.7,0.163701285,0.70516068,-0.140232551,0.67546617
134,338805,1376200,0.988,0.044,-0.034,0,0,0,-35.3,5.8,26.7,0.163701285,0.70516068,-0.140232551,0.67546617
135,340906,1376200,0.981,0.04,-0.038,0.1,0,0,-35.3,5.8,26.7,0.163701285,0.70516068,-0.140232551,0.67546617
136,343223,1376200,0.985,0.04,-0.026,0.1,0,0,-35.3,5.9,26.2,0.163701285,0.70516068,-0.140232551,0.67546617
137,345513,1376210,0.988,0.036,-0.034,0,-0.1,0,-35.3,5.9,26.2,0.163701285,0.70516068,-0.140232551,0.67546617
138,348041,1376210,0.985,0.04,-0.038,0,-0.1,0,-35.3,5.9,26.2,0.163701285,0.70516068,-0.140232551,0.67546617
139,351464,1376210,0.988,0.036,-0.038,0,-0.1,0,-35.3,5.9,26.2,0.163701285,0.70516068,-0.140232551,0.67546617
140,353081,1376210,0.988,0.04,-0.034,0,0,0,-34.9,5.9,25.7,0.163701285,0.70516068,-0.140232551,0.67546617
141,355399,1376220,0.988,0.044,-0.034,0,0,0,-34.9,5.9,25.7,0.163701285,0.70516068,-0.140232551,0.67546617
142,357837,1376220,0.985,0.036,-0.03,0,0,0,-34.9,5.9,25.7,0.163701285,0.70516068,-0.140232551,0.67546617
143,362184,1376220,0.988,0.044,-0.03,0,0,0,-34.9,5.9,25.7,0.163701285,0.70516068,-0.140232551,0.67546617
144,364316,1376220,0.981,0.04,-0.034,0,-0.1,0,-35.3,5.7,25.8,0.163701285,0.70516068,-0.140232551,0.67546617
145,366643,1376230,0.988,0.036,-0.034,-0.1,-0.1,-0.1,-35.3,5.7,25.8,0.163701285,0.70516068,-0.140232551,0.675435652
146,368944,1376230,0.985,0.036,-0.034,-0.1,-0.1,-0.1,-35.3,5.7,25.8,0.163701285,0.70516068,-0.140232551,0.675435652
147,371199,1376230,0.981,0.04,-0.034,0,0,-0.1,-35.3,5.7,25.8,0.163701285,0.70516068,-0.140232551,0.675435652
148,373502,1376230,0.985,0.04,-0.038,0,0,0,-35.3,5.7,25.8,0.163701285,0.70516068,-0.140232551,0.675435652
149,375420,1376240,0.985,0.04,-0.038,0,0,0,-35.3,5.7,25.8,0.163701285,0.70516068,-0.140232551,0.675435652
150,378050,1376240,0.985,0.044,-0.034,0.1,0,0,-35.3,5.7,25.8,0.163701285,0.70516068,-0.140232551,0.675435652
151,380283,1376240,0.985,0.044,-0.03,0.1,0.1,0,-35.3,5.7,25.8,0.163701285,0.70516068,-0.140232551,0.675435652
152,383611,1376240,0.988,0.04,-0.034,0,0.2,0,-35.3,5.8,27.2,0.163701285,0.70516068,-0.140232551,0.675435652
153,385507,1376250,0.988,0.04,-0.034,0,0.1,0.1,-35.3,5.8,27.2,0.163670766,0.70516068,-0.140232551,0.675435652
154,387862,1376250,0.988,0.04,-0.03,0,0,0,-35.3,5.8,27.2,0.163670766,0.70516068,-0.140232551,0.675435652
155,391431,1376250,0.981,0.04,-0.034,0,-0.1,-0.1,-35.3,5.8,27.2,0.163670766,0.70516068,-0.140232551,0.675435652
156,393837,1376250,0.985,0.036,-0.034,-0.1,0,-0.1,-35.3,5.8,27.2,0.163701285,0.70516068,-0.140232551,0.675435652
157,396056,1376260,0.985,0.04,-0.034,-0.1,0,-0.1,-35.3,5.8,27.2,0.163701285,0.70516068,-0.140232551,0.675435652
158,398821,1376260,0.985,0.04,-0.034,0,0,0,-35.3,5.8,27.2,0.163701285,0.70516068,-0.140232551,0.675435652
159,400550,1376260,0.985,0.04,-0.034,0,0,0,-35.3,5.8,27.2,0.163701285,0.70516068,-0.140232551,0.675435652
160,402973,1376260,0.985,0.04,-0.038,0,0,0,-35.3,5.8,27.2,0.163701285,0.70516068,-0.140232551,0.675435652
161,406542,1376270,0.985,0.044,-0.03,0,0,0,-35.3,5.8,27.2,0.163701285,0.70516068,-0.140232551,0.675435652
162,408567,1376270,0.988,0.044,-0.034,0.1,0.1,0,-35.3,5.8,27.2,0.163701285,0.70516068,-0.140232551,0.675435652
163,410454,1376270,0.985,0.04,-0.034,0,0.1,0,-35.3,5.8,27.2,0.163701285,0.70516068,-0.140232551,0.675435652
164,414259,1376270,0.985,0.04,-0.034,0,0,0,-35.3,5.8,27.2,0.163701285,0.70516068,-0.140232551,0.675435652
165,416554,1376280,0.988,0.04,-0.03,0,0,0,-35.3,5.8,27.2,0.163701285,0.70516068,-0.140232551,0.675435652
166,418764,1376280,0.988,0.036,-0.038,0,0,0,-35.3,5.8,27.2,0.163701285,0.70516068,-0.140232551,0.675435652
167,420337,1376280,0.988,0.044,-0.034,0,0,0,-35.3,5.8,27.2,0.163701285,0.70516068,-0.140232551,0.675435652
168,423820,1376280,0.988,0.04,-0.034,0,0.1,0,-35.3,5.8,27.2,0.163670766,0.70516068,-0.140232551,0.675435652
169,426070,1376290,0.988,0.04,-0.034,0,0.1,0,-35.3,5.8,27.2,0.163670766,0.70516068,-0.140232551,0.675435652
170,428362,1376290,0.988,0.04,-0.03,0,0.2,0,-35.3,5.8,27.2,0.163670766,0.70516068,-0.140232551,0.675435652
171,430605,1376290,0.985,0.04,-0.03,0,0.1,0,-35.3,5.8,27.2,0.163670766,0.70516068,-0.140232551,0.675435652
172,432884,1376290,0.985,0.044,-0.038,0,0,0,-35.3,7,28.2,0.163701285,0.70516068,-0.140232551,0.675435652
173,435618,1376300,0.985,0.036,-0.034,0,0,0,-35.3,7,28.2,0.163701285,0.70516068,-0.140232551,0.675435652
174,438782,1376300,0.985,0.04,-0.034,0,0,0.1,-35.3,7,28.2,0.163670766,0.70516068,-0.14026307,0.675435652
175,440268,1376300,0.985,0.04,-0.034,0,0,0.1,-35.3,7,28.2,0.163670766,0.70516068,-0.14026307,0.675435652
176,443329,1376300,0.981,0.04,-0.034,0,0,0.1,-35.3,7,28.2,0.163670766,0.70516068,-0.14026307,0.675435652
177,445832,1376310,0.985,0.04,-0.034,0,0.1,0,-35.3,7,28.2,0.163670766,0.70516068,-0.14026307,0.67546617
178,448950,1376310,0.988,0.04,-0.03,0,0.2,0,-35.3,7,28.2,0.163670766,0.70516068,-0.14026307,0.67546617
179,450421,1376310,0.988,0.04,-0.038,0,0.1,0,-35.3,7,28.2,0.163670766,0.70516068,-0.14026307,0.67546617
180,454452,1376310,0.988,0.04,-0.03,0,0,-0.1,-35.3,7,28.2,0.163670766,0.70516068,-0.14026307,0.67546617
181,456569,1376320,0.985,0.044,-0.03,-0.1,-0.1,-0.1,-35.3,7,28.2,0.163701285,0.70516068,-0.14026307,0.67546617
182,458792,1376320,0.988,0.04,-0.042,-0.1,-0.1,-0.1,-35.3,7,28.2,0.163701285,0.70516068,-0.14026307,0.675435652
183,460333,1376320,0.985,0.04,-0.034,0,-0.1,0,-35.3,7,28.2,0.163701285,0.70516068,-0.14026307,0.675435652
184,462912,1376320,0.985,0.044,-0.038,0,0,0,-35.3,7,28.2,0.163701285,0.70516068,-0.14026307,0.675435652
185,467045,1376330,0.985,0.036,-0.034,0,0,0,-35.3,7,28.2,0.163701285,0.70516068,-0.14026307,0.675435652
186,467894,1376330,0.985,0.04,-0.034,0.1,0,0,-35.3,7,28.2,0.163701285,0.70516068,-0.14026307,0.675435652
187,470317,1376330,0.985,0.036,-0.038,0,0,0,-35.3,7,28.2,0.163701285,0.70516068,-0.14026307,0.675435652
188,474550,1376330,0.988,0.036,-0.034,0,0.1,0,-35.3,7,28.2,0.163670766,0.705191198,-0.14026307,0.675405133
189,476763,1376340,0.985,0.04,-0.038,0,0.1,0,-35.3,7,28.2,0.163670766,0.705191198,-0.14026307,0.675435652
190,478993,1376340,0.985,0.04,-0.03,0,0.1,0,-35.3,7,28.2,0.163670766,0.705191198,-0.14026307,0.675435652
191,481175,1376340,0.981,0.036,-0.034,0,0,0,-35.3,7,28.2,0.163670766,0.705191198,-0.14026307,0.675435652
192,483503,1376340,0.981,0.044,-0.03,0,-0.1,0,-35.4,7.2,27.4,0.163670766,0.705191198,-0.14026307,0.675435652
193,485793,1376350,0.985,0.044,-0.03,0,-0.3,0,-35.4,7.2,27.4,0.163670766,0.705191198,-0.14026307,0.675405133
194,488010,1376350,0.988,0.04,-0.034,0,-0.3,0,-35.4,7.2,27.4,0.163670766,0.705191198,-0.14026307,0.675405133
195,490285,1376350,0.985,0.04,-0.038,0,-0.2,0,-35.4,7.2,27.4,0.163670766,0.705191198,-0.14026307,0.675405133
196,493183,1376350,0.988,0.04,-0.03,0,-0.1,0,-35.3,5.6,27,0.163670766,0.705191198,-0.14026307,0.675405133
197,495579,1376360,0.985,0.044,-0.034,0,-0.1,-0.1,-35.3,5.6,27,0.163670766,0.705221717,-0.14026307,0.675405133
198,498075,1376360,0.985,0.036,-0.038,0,0,-0.1,-35.3,5.6,27,0.163670766,0.705221717,-0.14026307,0.675405133
199,501048,1376360,0.988,0.04,-0.034,0,0,-0.1,-35.3,5.6,27,0.163670766,0.705221717,-0.14026307,0.675405133
200,502729,1376360,0.985,0.036,-0.03,0,0,0,-35.4,6.4,26.4,0.163670766,0.705221717,-0.14026307,0.675405133
201,505364,1376370,0.988,0.04,-0.026,0,-0.1,0,-35.4,6.4,26.4,0.163670766,0.705221717,-0.14026307,0.675405133
202,507834,1376370,0.985,0.044,-0.038,0,0,0,-35.4,6.4,26.4,0.163670766,0.705221717,-0.14026307,0.675405133
203,510401,1376370,0.985,0.044,-0.034,0,0,0,-35.4,6.4,26.4,0.163670766,0.705221717,-0.14026307,0.675405133
204,513715,1376370,0.985,0.04,-0.03,0,0,0,-35.2,7.3,26.7,0.163670766,0.705221717,-0.14026307,0.675405133
205,515926,1376380,0.985,0.048,-0.034,0,0,0,-35.2,7.3,26.7,0.163670766,0.705221717,-0.14026307,0.675405133
206,518047,1376380,0.985,0.04,-0.026,0,-0.1,-0.1,-35.2,7.3,26.7,0.163670766,0.705221717,-0.14026307,0.675405133
207,520537,1376380,0.985,0.04,-0.038,0,-0.1,0,-35.2,7.3,26.7,0.163670766,0.705221717,-0.14026307,0.675374615
208,523407,1376380,0.985,0.036,-0.034,-0.1,-0.3,0,-35.4,7.2,26.6,0.163701285,0.705221717,-0.140232551,0.675374615
209,525602,1376390,0.985,0.036,-0.034,-0.1,-0.3,0,-35.4,7.2,26.6,0.163701285,0.705221717,-0.140232551,0.675374615
210,528770,1376390,0.985,0.04,-0.034,-0.1,-0.3,0,-35.4,7.2,26.6,0.163701285,0.705221717,-0.14026307,0.675374615
211,530803,1376390,0.988,0.04,-0.038,-0.1,-0.2,0,-35.4,7.2,26.6,0.163701285,0.705221717,-0.14026307,0.675374615
212,533143,1376390,0.988,0.04,-0.034,-0.1,-0.1,0,-35.5,5.7,27,0.163701285,0.705221717,-0.14026307,0.675374615
213,535602,1376400,0.985,0.036,-0.034,0,-0.1,0,-35.5,5.7,27,0.163701285,0.705221717,-0.14026307,0.675374615
214,537890,1376400,0.988,0.044,-0.034,0,-0.1,0,-35.5,5.7,27,0.163701285,0.705252235,-0.14026307,0.675374615
215,540717,1376400,0.988,0.044,-0.034,0,0,0,-35.5,5.7,27,0.163701285,0.705252235,-0.14026307,0.675374615
216,543942,1376400,0.985,0.044,-0.034,0,0,0,-35.5,5.7,27.1,0.163701285,0.705252235,-0.14026307,0.675374615
217,546242,1376410,0.985,0.04,-0.034,0,0,0,-35.5,5.7,27.1,0.163701285,0.705252235,-0.14026307,0.675374615
218,548463,1376410,0.985,0.04,-0.038,0,0,0,-35.5,5.7,27.1,0.163701285,0.705252235,-0.14026307,0.675374615
219,550617,1376410,0.985,0.036,-0.038,0,0,0,-35.5,5.7,27.1,0.163701285,0.705252235,-0.14026307,0.675374615
220,552902,1376410,0.985,0.04,-0.03,-0.1,0,0,-35.6,6,27.4,0.163701285,0.705252235,-0.14026307,0.675374615
221,555418,1376420,0.985,0.036,-0.034,0,0,0,-35.6,6,27.4,0.163701285,0.705252235,-0.14026307,0.675374615
222,558051,1376420,0.985,0.04,-0.034,0,0,0,-35.6,6,27.4,0.163701285,0.705252235,-0.14026307,0.675374615
223,561188,1376420,0.985,0.04,-0.034,0,0,0,-35.6,6,27.4,0.163701285,0.705252235,-0.14026307,0.675374615
224,562945,1376420,0.985,0.04,-0.038,0.1,0,0.1,-35.7,6.2,27.2,0.163701285,0.705252235,-0.14026307,0.675374615
225,565486,1376430,0.988,0.044,-0.034,0,0,-0.1,-35.7,6.2,27.2,0.163701285,0.705252235,-0.14026307,0.675374615
226,568579,1376430,0.988,0.036,-0.034,0,0,-0.1,-35.7,6.2,27.2,0.163701285,0.705252235,-0.14026307,0.675374615
227,570813,1376430,0.985,0.044,-0.03,0,0,-0.1,-35.7,6.2,27.2,0.163701285,0.705252235,-0.14026307,0.675344096
228,573098,1376430,0.985,0.04,-0.034,0,0,0,-36,6,27.4,0.163701285,0.705252235,-0.14026307,0.675344096
229,575334,1376440,0.985,0.04,-0.034,0,0,0,-36,6,27.4,0.163701285,0.705252235,-0.14026307,0.675344096
230,578503,1376440,0.985,0.036,-0.038,-0.1,0.1,0,-36,6,27.4,0.163701285,0.705252235,-0.14026307,0.675344096
231,580439,1376440,0.985,0.04,-0.034,-0.1,0.2,0,-36,6,27.4,0.163731803,0.705252235,-0.14026307,0.675344096
232,583509,1376440,0.985,0.036,-0.03,-0.1,0.1,0,-34.9,4.5,27.2,0.163731803,0.705252235,-0.14026307,0.675344096
233,585508,1376450,0.988,0.036,-0.03,0,0,0,-34.9,4.5,27.2,0.163731803,0.705252235,-0.14026307,0.675344096
234,588784,1376450,0.988,0.04,-0.034,0,-0.1,0,-34.9,4.5,27.2,0.163731803,0.705252235,-0.14026307,0.675344096
235,590995,1376450,0.988,0.04,-0.038,-0.1,-0.1,0,-34.9,4.5,27.2,0.163731803,0.705252235,-0.14026307,0.675344096
236,593245,1376450,0.985,0.04,-0.034,-0.1,-0.3,0,-36.6,6.9,27.3,0.163731803,0.705252235,-0.14026307,0.675344096
237,595521,1376460,0.985,0.04,-0.038,0,-0.3,0,-36.6,6.9,27.3,0.163731803,0.705252235,-0.14026307,0.675344096
238,597863,1376460,0.988,0.036,-0.03,0,-0.1,0,-36.6,6.9,27.3,0.163731803,0.705252235,-0.14026307,0.675344096
239,600367,1376460,0.985,0.04,-0.03,0.1,0,0,-36.6,6.9,27.3,0.163731803,0.705252235,-0.14026307,0.675344096
240,604284,1376460,0.985,0.044,-0.034,0.1,0,0,-37.3,7.1,26.6,0.163701285,0.705252235,-0.14026307,0.675344096
241,606420,1376470,0.985,0.04,-0.03,0.1,0.1,0,-37.3,7.1,26.6,0.163701285,0.705252235,-0.14026307,0.675344096
242,607903,1376470,0.985,0.04,-0.034,0.1,0.1,0,-37.3,7.1,26.6,0.163701285,0.705252235,-0.14026307,0.675344096
243,610317,1376470,0.985,0.036,-0.026,0,0,0,-37.3,7.1,26.6,0.163701285,0.705252235,-0.14026307,0.675344096
244,613329,1376470,0.985,0.04,-0.03,0,0,0,-37.4,7.1,26.7,0.163701285,0.705252235,-0.14026307,0.675344096
245,615421,1376480,0.985,0.036,-0.034,0,0,0,-37.4,7.1,26.7,0.163701285,0.705252235,-0.14026307,0.675344096
246,618080,1376480,0.981,0.04,-0.038,0,0.1,-0.1,-37.4,7.1,26.7,0.163731803,0.705252235,-0.14026307,0.675344096
247,620527,1376480,0.981,0.036,-0.034,0,0.1,-0.1,-37.4,7.1,26.7,0.163731803,0.705252235,-0.14026307,0.675344096
248,623553,1376480,0.981,0.04,-0.034,0,0,-0.1,-37.4,6.8,26.7,0.163701285,0.705252235,-0.140293588,0.675344096
249,625484,1376490,0.985,0.04,-0.034,0,0,-0.1,-37.4,6.8,26.7,0.163701285,0.705252235,-0.140293588,0.675344096
250,628080,1376490,0.988,0.04,-0.03,0,0,0,-37.4,6.8,26.7,0.163701285,0.705252235,-0.14026307,0.675344096
251,631727,1376490,0.988,0.04,-0.03,0,0,0,-37.4,6.8,26.7,0.163701285,0.705252235,-0.14026307,0.675344096
252,634052,1376490,0.988,0.036,-0.034,0,0,0,-34.6,5.7,27,0.163701285,0.705252235,-0.140293588,0.675344096
253,636324,1376500,0.988,0.044,-0.038,0,0,0,-34.6,5.7,27,0.163701285,0.705252235,-0.140293588,0.675344096
254,638179,1376500,0.988,0.04,-0.034,0.1,0,0,-34.6,5.7,27,0.163701285,0.705252235,-0.14026307,0.675344096
255,640527,1376500,0.988,0.04,-0.034,0.1,0.1,0,-34.6,5.7,27,0.163701285,0.705252235,-0.14026307,0.675344096
256,643895,1376500,0.985,0.04,-0.038,0.1,0.1,0,-36.2,6.1,27.1,0.163701285,0.705252235,-0.14026307,0.675344096
257,646060,1376510,0.985,0.04,-0.038,0.1,0.1,0,-36.2,6.1,27.1,0.163701285,0.705252235,-0.14026307,0.675344096
258,648214,1376510,0.981,0.04,-0.034,0,0.1,0,-36.2,6.1,27.1,0.163701285,0.705252235,-0.14026307,0.675344096
259,651400,1376510,0.985,0.04,-0.03,0,0.1,0,-36.2,6.1,27.1,0.163701285,0.705252235,-0.14026307,0.675344096
260,653346,1376510,0.981,0.036,-0.034,0,0,0,-35.5,6.4,27.2,0.163701285,0.705252235,-0.14026307,0.675344096
261,656343,1376520,0.988,0.04,-0.038,0,0,0,-35.5,6.4,27.2,0.163701285,0.705252235,-0.14026307,0.675344096
262,658612,1376520,0.985,0.044,-0.034,0,-0.1,0,-35.5,6.4,27.2,0.163701285,0.705252235,-0.14026307,0.675344096
263,660374,1376520,0.985,0.04,-0.034,-0.1,-0.1,0,-35.5,6.4,27.2,0.163701285,0.705252235,-0.14026307,0.675344096
264,662815,1376520,0.985,0.04,-0.034,-0.1,0,0,-35,6.2,27.3,0.163701285,0.705252235,-0.14026307,0.675344096
265,667013,1376530,0.985,0.04,-0.03,0,0,0,-35,6.2,27.3,0.163701285,0.705252235,-0.140293588,0.675344096
266,669292,1376530,0.985,0.032,-0.034,0,0,-0.1,-35,6.2,27.3,0.163701285,0.705252235,-0.140293588,0.675344096
267,671499,1376530,0.985,0.036,-0.03,0,0,-0.1,-35,6.2,27.3,0.163701285,0.705252235,-0.14026307,0.675344096
268,673061,1376530,0.985,0.04,-0.034,0,0,-0.1,-34.6,6,27.4,0.163670766,0.705221717,-0.140293588,0.675374615
269,675342,1376540,0.985,0.04,-0.034,0,-0.1,0,-34.6,6,27.4,0.163670766,0.705252235,-0.140293588,0.675374615
270,678619,1376540,0.985,0.04,-0.038,0,-0.2,0,-34.6,6,27.4,0.163670766,0.705252235,-0.140293588,0.675344096
271,681019,1376540,0.985,0.04,-0.034,0,-0.1,0,-34.6,6,27.4,0.163670766,0.705252235,-0.140293588,0.675344096
272,683218,1376540,0.985,0.04,-0.03,0,-0.1,0,-35.4,5.7,27.1,0.163670766,0.705252235,-0.140293588,0.675344096
273,685465,1376550,0.985,0.032,-0.03,0,0,0,-35.4,5.7,27.1,0.163670766,0.705252235,-0.140293588,0.675344096
274,688080,1376550,0.985,0.04,-0.034,0,0,0,-35.4,5.7,27.1,0.163670766,0.705252235,-0.140293588,0.675344096
275,691750,1376550,0.985,0.036,-0.026,0,0,-0.1,-35.4,5.7,27.1,0.163670766,0.705252235,-0.140293588,0.675344096
276,694002,1376550,0.985,0.04,-0.03,-0.1,0,-0.1,-35,6.2,27.5,0.163670766,0.705252235,-0.140293588,0.675344096
277,696440,1376560,0.981,0.04,-0.03,-0.1,0.1,-0.1,-35,6.2,27.5,0.163701285,0.705252235,-0.140293588,0.675344096
278,698469,1376560,0.981,0.036,-0.034,0,0.1,-0.1,-35,6.2,27.5,0.163701285,0.705252235,-0.140293588,0.675344096
279,701482,1376560,0.988,0.04,-0.038,0,0.1,-0.1,-35,6.2,27.5,0.163701285,0.705252235,-0.140293588,0.675344096
280,703739,1376560,0.985,0.044,-0.034,0,0,0,-35.5,6,27.4,0.163701285,0.705252235,-0.140293588,0.675344096
281,706014,1376570,0.985,0.036,-0.038,0,-0.1,0,-35.5,6,27.4,0.163701285,0.705252235,-0.140293588,0.675344096
282,707878,1376570,0.985,0.04,-0.038,0.1,-0.3,0,-35.5,6,27.4,0.163701285,0.705252235,-0.140293588,0.675344096
283,710503,1376570,0.985,0.04,-0.03,0,-0.4,0,-35.5,6,27.4,0.163670766,0.705252235,-0.140293588,0.675344096
284,713706,1376570,0.985,0.04,-0.034,0,-0.3,-0.1,-35,5.9,27.3,0.163670766,0.705252235,-0.140293588,0.675344096
285,715495,1376580,0.985,0.04,-0.03,0,-0.1,0,-35,5.9,27.3,0.163670766,0.705252235,-0.140293588,0.675344096
286,717796,1376580,0.992,0.036,-0.034,-0.1,0,0,-35,5.9,27.3,0.163701285,0.705252235,-0.140293588,0.675344096
287,721288,1376580,0.988,0.04,-0.038,0,0,0,-35,5.9,27.3,0.163701285,0.705252235,-0.140324107,0.675344096
288,723430,1376580,0.985,0.04,-0.038,0,0,0.1,-35.1,5.8,27,0.163670766,0.705252235,-0.140324107,0.675344096
289,725690,1376590,0.985,0.04,-0.038,0,0,0.1,-35.1,5.8,27,0.163670766,0.705252235,-0.140324107,0.675344096
290,727931,1376590,0.988,0.036,-0.034,0,0,0,-35.1,5.8,27,0.163670766,0.705252235,-0.140324107,0.675344096
291,731145,1376590,0.985,0.04,-0.03,0,-0.1,0,-35.1,5.8,27,0.163670766,0.705282754,-0.140324107,0.675313578
292,733043,1376590,0.985,0.04,-0.034,0,0,-0.1,-36.7,5.9,27,0.163670766,0.705282754,-0.140324107,0.675313578
293,736343,1376600,0.985,0.04,-0.034,0,0,-0.1,-36.7,5.9,27,0.163670766,0.705282754,-0.140324107,0.675313578
294,738099,1376600,0.985,0.04,-0.03,0,0.1,0,-36.7,5.9,27,0.163670766,0.705252235,-0.140324107,0.675313578
295,740403,1376600,0.985,0.036,-0.03,-0.1,0.2,0,-36.7,5.9,27,0.163670766,0.705252235,-0.140324107,0.675344096
296,742794,1376600,0.981,0.044,-0.026,-0.2,0.1,0,-33.9,5.8,27.3,0.163670766,0.705252235,-0.140324107,0.675344096
297,746316,1376610,0.985,0.036,-0.034,-0.1,0,0,-33.9,5.8,27.3,0.163670766,0.705252235,-0.140324107,0.675344096
298,748469,1376610,0.985,0.04,-0.03,-0.1,0,0,-33.9,5.8,27.3,0.163670766,0.705252235,-0.140324107,0.675344096
299,750341,1376610,0.988,0.044,-0.03,0,0,0,-33.9,5.8,27.3,0.163701285,0.705252235,-0.140324107,0.675344096
300,752731,1376610,0.985,0.04,-0.03,0,0.1,0,-33.6,6.1,27.2,0.163701285,0.705252235,-0.140324107,0.675344096
301,756228,1376620,0.985,0.044,-0.034,0,0.1,0,-33.6,6.1,27.2,0.163701285,0.705252235,-0.140324107,0.675344096
302,758195,1376620,0.985,0.04,-0.034,0,0.1,0,-33.6,6.1,27.2,0.163701285,0.705252235,-0.140324107,0.675344096
303,760437,1376620,0.988,0.044,-0.038,0,0.1,0,-33.6,6.1,27.2,0.163670766,0.705252235,-0.140324107,0.675344096
304,763829,1376620,0.988,0.044,-0.034,0,0.1,0.1,-34.2,5.6,27.4,0.163670766,0.705252235,-0.140324107,0.675344096
305,766178,1376630,0.988,0.044,-0.034,0,0,0.1,-34.2,5.6,27.4,0.163670766,0.705252235,-0.140324107,0.675344096
306,767817,1376630,0.988,0.04,-0.034,0,0,0.1,-34.2,5.6,27.4,0.163670766,0.705252235,-0.140324107,0.675344096
307,770951,1376630,0.988,0.04,-0.034,0,-0.1,0,-34.2,5.6,27.4,0.163670766,0.705252235,-0.140324107,0.675344096
308,772954,1376630,0.988,0.044,-0.03,0,0,0,-33.8,5.7,27.4,0.163701285,0.705252235,-0.140324107,0.675344096
309,775301,1376640,0.985,0.04,-0.034,-0.1,0.1,0,-33.8,5.7,27.4,0.163701285,0.705252235,-0.140324107,0.675344096
310,778779,1376640,0.985,0.04,-0.034,-0.1,0.1,0,-33.8,5.7,27.4,0.163701285,0.705252235,-0.140324107,0.675344096
311,780389,1376640,0.985,0.04,-0.03,-0.1,0.2,0,-33.8,5.7,27.4,0.163701285,0.705252235,-0.140324107,0.675344096
312,783069,1376640,0.985,0.036,-0.026,0,0.1,0,-35.6,6,27.2,0.163701285,0.705252235,-0.140324107,0.675344096
313,786178,1376650,0.985,0.04,-0.038,0,0,-0.1,-35.6,6,27.2,0.163701285,0.705252235,-0.140324107,0.675344096
314,788373,1376650,0.988,0.036,-0.03,0,-0.1,-0.1,-35.6,6,27.2,0.163701285,0.705252235,-0.140324107,0.675344096
315,790633,1376650,0.988,0.04,-0.034,0,-0.3,-0.1,-35.6,6,27.2,0.163701285,0.705252235,-0.140324107,0.675344096
316,793017,1376650,0.981,0.04,-0.03,0,-0.3,0,-34.5,6.1,27.1,0.163701285,0.705252235,-0.140324107,0.675313578
317,795434,1376660,0.985,0.04,-0.034,0,-0.3,0,-34.5,6.1,27.1,0.163701285,0.705252235,-0.140324107,0.675313578
318,798790,1376660,0.988,0.044,-0.03,0.1,-0.1,0.1,-34.5,6.1,27.1,0.163701285,0.705252235,-0.140324107,0.675313578
319,800604,1376660,0.985,0.044,-0.034,0,0,0,-34.5,6.1,27.1,0.163701285,0.705282754,-0.140324107,0.675313578
320,802919,1376660,0.988,0.044,-0.042,0,0,0,-35,5.7,27.3,0.163701285,0.705282754,-0.140324107,0.675313578
321,806422,1376670,0.988,0.044,-0.026,0,-0.1,0,-35,5.7,27.3,0.163701285,0.705282754,-0.140324107,0.675313578
322,808735,1376670,0.988,0.04,-0.034,0,-0.1,0,-35,5.7,27.3,0.163701285,0.705282754,-0.140324107,0.675313578
323,810493,1376670,0.988,0.04,-0.03,0,0,0,-35,5.7,27.3,0.163701285,0.705282754,-0.140324107,0.675313578
324,813352,1376670,0.981,0.036,-0.034,0,0,0,-34.9,6.2,27.3,0.163701285,0.705282754,-0.140324107,0.675313578
325,815295,1376680,0.981,0.036,-0.034,0,0.1,0,-34.9,6.2,27.3,0.163701285,0.705282754,-0.140324107,0.675313578
326,819138,1376680,0.985,0.044,-0.034,0,0.1,0,-34.9,6.2,27.3,0.163701285,0.705282754,-0.140324107,0.675313578
327,821350,1376680,0.985,0.04,-0.038,0,0.1,0,-34.9,6.2,27.3,0.163701285,0.705282754,-0.140324107,0.675313578
328,822985,1376680,0.985,0.036,-0.034,0,0.1,0,-34.7,5.9,27.2,0.163701285,0.705282754,-0.140324107,0.675313578
329,825742,1376690,0.988,0.036,-0.034,-0.1,0.1,-0.1,-34.7,5.9,27.2,0.163701285,0.705282754,-0.140324107,0.675313578
330,828818,1376690,0.988,0.04,-0.03,-0.1,0,-0.1,-34.7,5.9,27.2,0.163701285,0.705282754,-0.140324107,0.675313578
331,830478,1376690,0.988,0.04,-0.026,-0.1,0,0,-34.7,5.9,27.2,0.163701285,0.705282754,-0.140324107,0.675313578
332,833493,1376690,0.985,0.04,-0.03,-0.1,0,0,-35.2,5.8,26.7,0.163701285,0.705282754,-0.140324107,0.675313578
333,835712,1376700,0.985,0.04,-0.034,-0.1,0,-0.1,-35.2,5.8,26.7,0.163701285,0.705282754,-0.140324107,0.675313578
334,838130,1376700,0.985,0.04,-0.034,0,0,-0.1,-35.2,5.8,26.7,0.163701285,0.705282754,-0.140324107,0.675313578
335,840547,1376700,0.981,0.04,-0.03,0,0,-0.1,-35.2,5.8,26.7,0.163701285,0.705282754,-0.140324107,0.675313578
336,843820,1376700,0.981,0.04,-0.03,0.1,0,-0.1,-35.2,6,27.2,0.163701285,0.705282754,-0.140324107,0.675313578
337,845633,1376710,0.985,0.048,-0.038,0.1,0,-0.1,-35.2,6,27.2,0.163701285,0.705282754,-0.140324107,0.675313578
338,848872,1376710,0.985,0.036,-0.034,0,0,-0.1,-35.2,6,27.2,0.163701285,0.705282754,-0.140324107,0.675313578
339,851092,1376710,0.985,0.04,-0.03,0,0,-0.1,-35.2,6,27.2,0.163731803,0.705282754,-0.140324107,0.675313578
340,852891,1376710,0.985,0.044,-0.034,0,0.1,0,-35.3,6.4,28.3,0.163731803,0.705282754,-0.140324107,0.675313578
341,856781,1376720,0.985,0.04,-0.026,0,0.1,0,-35.3,6.4,28.3,0.163731803,0.705282754,-0.140324107,0.675313578
342,858841,1376720,0.985,0.04,-0.03,0,0.1,0,-35.3,6.4,28.3,0.163731803,0.705282754,-0.140324107,0.675313578
343,861021,1376720,0.985,0.04,-0.042,0,0.1,0,-35.3,6.4,28.3,0.163731803,0.705282754,-0.140324107,0.675313578
344,863304,1376720,0.985,0.036,-0.034,0,0,0,-35.3,6.1,28.3,0.163731803,0.705282754,-0.140324107,0.675313578
345,865504,1376730,0.981,0.04,-0.03,0,0,0,-35.3,6.1,28.3,0.163731803,0.705282754,-0.140324107,0.675313578
346,868570,1376730,0.985,0.036,-0.034,0,0,0,-35.3,6.1,28.3,0.163731803,0.705282754,-0.140324107,0.675313578
347,870469,1376730,0.988,0.036,-0.034,0,0,0,-35.3,6.1,28.3,0.163701285,0.705282754,-0.140324107,0.675313578
348,873489,1376730,0.988,0.044,-0.022,0,0,0,-35.4,6.3,28.9,0.163701285,0.705252235,-0.140354625,0.675313578
349,875786,1376740,0.988,0.044,-0.022,0,0,0,-35.4,6.3,28.9,0.163701285,0.705252235,-0.140354625,0.675313578
350,877867,1376740,0.985,0.04,-0.03,0,0,0,-35.4,6.3,28.9,0.163701285,0.705252235,-0.140354625,0.675313578
351,881538,1376740,0.988,0.04,-0.034,0.1,-0.1,-0.1,-35.4,6.3,28.9,0.163701285,0.705252235,-0.140354625,0.675313578
352,883058,1376740,0.988,0.044,-0.03,0.2,-0.1,0,-35.5,5.9,25.4,0.163670766,0.705282754,-0.140354625,0.675313578
353,885787,1376750,0.988,0.044,-0.034,0.1,-0.1,0,-35.5,5.9,25.4,0.163670766,0.705282754,-0.140354625,0.675313578
354,888394,1376750,0.985,0.04,-0.034,0,0,0,-35.5,5.9,25.4,0.163670766,0.705282754,-0.140354625,0.675313578
355,890507,1376750,0.985,0.044,-0.034,-0.1,0,0,-35.5,5.9,25.4,0.163670766,0.705282754,-0.140354625,0.675313578
356,892902,1376750,0.981,0.04,-0.034,-0.1,0,0,-35,6,27.5,0.163670766,0.705282754,-0.140354625,0.675313578
357,896232,1376760,0.981,0.04,-0.034,-0.1,0,0,-35,6,27.5,0.163670766,0.705282754,-0.140354625,0.675313578
358,898427,1376760,0.985,0.04,-0.038,0,0,0.1,-35,6,27.5,0.163670766,0.705282754,-0.140354625,0.675313578
359,900664,1376760,0.988,0.04,-0.034,0,0,0,-35,6,27.5,0.163670766,0.705282754,-0.140354625,0.675313578
360,904033,1376760,0.988,0.04,-0.03,0,0,0,-35.3,5.8,27.2,0.163670766,0.705252235,-0.140354625,0.675313578
361,906377,1376770,0.985,0.04,-0.038,0,0,0,-35.3,5.8,27.2,0.163670766,0.705252235,-0.140354625,0.675313578
362,908681,1376770,0.985,0.04,-0.034,0,-0.1,0,-35.3,5.8,27.2,0.163670766,0.705282754,-0.140354625,0.675313578
363,910879,1376770,0.981,0.04,-0.038,0,-0.2,0,-35.3,5.8,27.2,0.163670766,0.705282754,-0.140354625,0.675313578
364,913966,1376770,0.981,0.04,-0.038,0,-0.2,0,-35.3,5.8,27.2,0.163670766,0.705282754,-0.140354625,0.675313578
365,916128,1376780,0.985,0.04,-0.03,0.1,-0.3,-0.1,-35.2,5.9,26.8,0.163670766,0.705282754,-0.140354625,0.675313578
366,919107,1376780,0.981,0.04,-0.038,0.1,-0.2,-0.1,-35.2,5.9,26.8,0.163670766,0.705282754,-0.140354625,0.675313578
367,921281,1376780,0.985,0.04,-0.034,0,0,-0.1,-35.2,5.9,26.8,0.163670766,0.705282754,-0.140354625,0.675283059
368,923043,1376780,0.988,0.04,-0.026,-0.1,0.1,0,-35.5,6,26.2,0.163670766,0.705313272,-0.140354625,0.675283059
369,925334,1376790,0.988,0.04,-0.03,-0.1,0.1,0,-35.5,6,26.2,0.163670766,0.705313272,-0.140354625,0.675283059
370,928742,1376790,0.985,0.036,-0.03,-0.1,0.1,0,-35.5,6,26.2,0.163670766,0.705313272,-0.140354625,0.675283059
371,930342,1376790,0.988,0.036,-0.038,0,0,0,-35.5,6,26.2,0.163670766,0.705313272,-0.140354625,0.675283059
372,933504,1376790,0.985,0.044,-0.034,0,0,0,-35.4,6.1,26.6,0.163670766,0.705313272,-0.140354625,0.675283059
373,935612,1376800,0.985,0.04,-0.038,0,0,0,-35.4,6.1,26.6,0.163670766,0.705313272,-0.140354625,0.675283059
374,938851,1376800,0.981,0.036,-0.038,0,0,-0.1,-35.4,6.1,26.6,0.163670766,0.705313272,-0.140354625,0.675283059
375,941120,1376800,0.981,0.036,-0.03,0,0,-0.1,-35.4,6.1,26.6,0.163701285,0.705313272,-0.140354625,0.675283059
376,943193,1376800,0.985,0.044,-0.034,0,0,-0.1,-35.4,6,26.3,0.163701285,0.705313272,-0.140354625,0.675283059
377,945629,1376810,0.988,0.04,-0.034,0.1,0,0,-35.4,6,26.3,0.163701285,0.705313272,-0.140354625,0.675283059
378,948727,1376810,0.988,0.04,-0.042,0.1,0,-0.1,-35.4,6,26.3,0.163701285,0.705313272,-0.140354625,0.675283059
379,950258,1376810,0.985,0.036,-0.038,0,0,-0.1,-35.4,6,26.3,0.163701285,0.705313272,-0.140354625,0.675283059
380,954169,1376810,0.988,0.044,-0.034,0,0,-0.1,-35.7,6.2,26.6,0.163701285,0.705313272,-0.140354625,0.675283059
381,956455,1376820,0.985,0.036,-0.03,0,0,0,-35.7,6.2,26.6,0.163701285,0.705313272,-0.140354625,0.675283059
382,958035,1376820,0.988,0.04,-0.034,0,0,0,-35.7,6.2,26.6,0.163701285,0.705313272,-0.140354625,0.675283059
383,960481,1376820,0.985,0.04,-0.03,0,-0.1,0,-35.7,6.2,26.6,0.163701285,0.705313272,-0.140354625,0.675283059
384,963876,1376820,0.981,0.044,-0.034,0,0,0,-35.6,5.6,26.1,0.163701285,0.705313272,-0.140354625,0.675283059
385,965373,1376830,0.981,0.036,-0.026,0,0,0,-35.6,5.6,26.1,0.163701285,0.705313272,-0.140354625,0.675283059
386,968148,1376830,0.985,0.036,-0.03,0,0,0,-35.6,5.6,26.1,0.163701285,0.705313272,-0.140354625,0.675283059
387,970358,1376830,0.985,0.04,-0.038,0,0.1,0,-35.6,5.6,26.1,0.163701285,0.705313272,-0.140354625,0.675283059
388,974495,1376830,0.988,0.04,-0.038,0,0.1,0,-35.4,5.9,26.5,0.163701285,0.705282754,-0.140354625,0.675283059
389,976042,1376840,0.985,0.04,-0.034,0,0.1,0,-35.4,5.9,26.5,0.163701285,0.705282754,-0.140354625,0.675283059
390,978280,1376840,0.988,0.04,-0.038,0.1,0,0,-35.4,5.9,26.5,0.163701285,0.705282754,-0.140354625,0.675283059
391,981516,1376840,0.988,0.036,-0.038,0,0,-0.1,-35.4,5.9,26.5,0.163701285,0.705282754,-0.140354625,0.675283059
392,983365,1376840,0.988,0.036,-0.038,0,-0.1,0,-35.2,6,27.9,0.163701285,0.705282754,-0.140354625,0.675283059
393,985438,1376850,0.992,0.04,-0.026,0,-0.1,-0.1,-35.2,6,27.9,0.163701285,0.705282754,-0.140354625,0.675283059
394,989351,1376850,0.985,0.04,-0.03,0,-0.1,-0.1,-35.2,6,27.9,0.163701285,0.705313272,-0.140354625,0.675283059
395,991621,1376850,0.985,0.04,-0.034,0,-0.1,0,-35.2,6,27.9,0.163701285,0.705313272,-0.140354625,0.675283059
396,993901,1376850,0.985,0.04,-0.034,0,-0.1,0,-35.6,5.4,26.2,0.163701285,0.705313272,-0.140354625,0.675283059
397,996183,1376860,0.981,0.044,-0.03,0,-0.1,0,-35.6,5.4,26.2,0.163701285,0.705313272,-0.140354625,0.675283059
398,998411,1376860,0.985,0.04,-0.03,0,0,0,-35.6,5.4,26.2,0.163701285,0.705313272,-0.140354625,0.675283059
399,1000711,1376860,0.981,0.04,-0.034,0,0,-0.1,-35.6,5.4,26.2,0.163701285,0.705313272,-0.140354625,0.675283059
400,1002941,1376860,0.985,0.036,-0.03,0.1,0,-0.1,-35.7,4.7,26.2,0.163701285,0.705313272,-0.140354625,0.675283059
401,1005615,1376870,0.988,0.036,-0.03,0.1,-0.1,-0.1,-35.7,4.7,26.2,0.163701285,0.705313272,-0.140354625,0.675283059
402,1009704,1376870,0.985,0.036,-0.034,0,-0.1,-0.1,-35.7,4.7,26.2,0.163701285,0.705313272,-0.140354625,0.675283059
403,1010409,1376870,0.988,0.044,-0.034,0,-0.1,0,-35.7,4.7,26.2,0.163701285,0.705313272,-0.140354625,0.675252541
404,1013056,1376870,0.985,0.04,-0.034,0,0,0,-35.5,4.2,26.5,0.163701285,0.705313272,-0.140354625,0.675252541
405,1015377,1376880,0.985,0.04,-0.034,0,0,0,-35.5,4.2,26.5,0.163701285,0.705313272,-0.140354625,0.675252541
406,1018734,1376880,0.985,0.04,-0.034,0,0,0,-35.5,4.2,26.5,0.163701285,0.705313272,-0.140354625,0.675252541
407,1020914,1376880,0.985,0.04,-0.034,0,0,0,-35.5,4.2,26.5,0.163701285,0.705313272,-0.140354625,0.675252541
408,1023561,1376880,0.988,0.04,-0.034,0.1,0,0,-35.7,3.2,25.9,0.163701285,0.705313272,-0.140324107,0.675252541
409,1025404,1376890,0.988,0.036,-0.034,0.1,0,0,-35.7,3.2,25.9,0.163701285,0.705313272,-0.140324107,0.675252541
410,1027858,1376890,0.985,0.036,-0.03,0.1,0,0,-35.7,3.2,25.9,0.163701285,0.705313272,-0.140324107,0.675252541
411,1031312,1376890,0.985,0.044,-0.034,0,0,0,-35.7,3.2,25.9,0.163701285,0.705313272,-0.140324107,0.675252541
412,1032953,1376890,-1.704,-0.262,0.11,0,0,0,-35.1,6,27.9,0.163701285,0.705313272,-0.140324107,0.675252541
413,1035311,1376900,-0.428,-1.248,-1.247,-0.3,2.5,0.2,-35.1,6,27.9,0.163701285,0.705282754,-0.140324107,0.675313578
414,1039472,1376900,3.058,-1.66,-2.802,-10.3,45.7,2.3,-35.1,6,27.9,0.163975951,0.70455031,-0.140354625,0.675984985
415,1041688,1376900,0.82,-0.939,-8.007,-21.9,155,-0.2,-35.1,6,27.9,0.164799951,0.702200385,-0.140110477,0.678304392
416,1043995,1376900,4.375,2.273,-8.128,0.8,285.7,-10.8,-36.5,3,25.7,0.165807062,0.69798883,-0.138889737,0.68263802
417,1046086,1376910,4.677,3.531,-8.125,82.4,349.4,-28.2,-36.5,3,25.7,0.166020692,0.693136387,-0.13595996,0.688070315
418,1047982,1376910,-0.238,7.711,8.046,196.2,291.9,-41.9,-36.5,3,25.7,0.164555803,0.689565722,-0.131351665,0.692892239
419,1050227,1376910,5.474,-4.813,7.899,227.8,142.8,-40.9,-36.5,3,25.7,0.162144841,0.688344981,-0.126773888,0.695547349
420,1054446,1376910,7.199,-7.583,2.896,92,-61.2,-21.3,-38,4.6,25.1,0.1609241,0.689657277,-0.125278481,0.694784387
421,1056591,1376920,-4.872,4.259,8.202,-102.2,-215.3,7.1,-38,4.6,25.1,0.1617481,0.692526017,-0.127689444,0.691305277
422,1059030,1376920,-5.072,-0.936,6.103,-194.5,-196.1,21.7,-38,4.6,25.1,0.163823359,0.69472335,-0.131626331,0.687856685
423,1061194,1376920,-2.226,-3.633,-0.588,-148.9,-19,16.7,-38,4.6,25.1,0.165776543,0.694418165,-0.134189886,0.687185278
424,1062820,1376920,-0.134,-2.298,-1.109,-79.5,136.5,2.5,-37.3,4.1,26.2,0.167332987,0.692068239,-0.13492233,0.689046907
425,1065581,1376930,1.303,0.862,0.752,-47.6,124.7,-5.8,-37.3,4.1,26.2,0.168523209,0.690054018,-0.135105441,0.690755943
426,1068722,1376930,0.72,-0.68,-1.297,-14.7,3.2,-8.8,-37.3,4.1,26.2,0.168889431,0.689962462,-0.135166478,0.690725425
427,1070274,1376930,-0.083,-1.359,-1.979,21.6,-79.4,-9.3,-37.3,4.1,26.2,0.168462172,0.691274758,-0.134983367,0.689565722
428,1072882,1376930,-0.827,-0.72,-0.66,16.9,20.5,-2.7,-36.9,5.3,26.8,0.16830958,0.69103061,-0.134617145,0.689901425
429,1075446,1376940,-0.075,-0.038,-0.878,16.9,20.5,-2.7,-36.9,5.3,26.8,0.168156987,0.690786462,-0.134250923,0.690267647
430,1078533,1376940,0.624,0.508,0.077,5,82.2,0.8,-36.9,5.3,26.8,0.16830958,0.689565722,-0.133884701,0.691518906
431,1081314,1376940,1.496,0.651,2.157,5.5,67.5,3,-36.9,5.3,26.8,0.168370617,0.688558611,-0.133610034,0.692556536
432,1082841,1376940,3.46,-0.267,0.487,6.8,-18.5,4.1,-37.1,6.6,27.5,0.168156987,0.688863796,-0.133640553,0.692312387
433,1085537,1376950,1.919,0.123,-0.044,0.6,-112.1,4.3,-37.1,6.6,27.5,0.167760247,0.690542314,-0.134098331,0.690633869
434,1088535,1376950,0.461,0.829,0.411,-4.5,-139.2,3.2,-37.1,6.6,27.5,0.167363506,0.692617573,-0.134739219,0.688528092
435,1091392,1376950,0.397,0.254,-2.026,1.1,-80.5,0.9,-37.1,6.6,27.5,0.167088839,0.693807794,-0.134983367,0.68733787
436,1092982,1376950,0.428,-0.241,-1.786,11.9,14.1,-1.2,-36.8,6.5,27.6,0.166966765,0.693655202,-0.134769738,0.687582018
437,1095494,1376960,0.445,-0.294,-0.76,13.1,74.3,-1.6,-36.8,6.5,27.6,0.167027802,0.692587054,-0.134281442,0.688741722
438,1097770,1376960,0.789,-0.119,-0.254,3.1,71.4,-0.1,-36.8,6.5,27.6,0.167180395,0.691518906,-0.133976257,0.68980987
439,1101185,1376960,1.334,-0.407,-0.228,-7.5,26.7,2.1,-36.8,6.5,27.6,0.167332987,0.691091647,-0.134006775,0.69020661
440,1102745,1376960,1.21,-0.268,-0.118,-12,-23.1,3.8,-37.4,6.7,27.5,0.167394024,0.691366314,-0.134342479,0.689840388
441,1106473,1376970,1.086,0.122,-0.12,-10.1,-50.4,4.6,-37.4,6.7,27.5,0.167332987,0.692098758,-0.134739219,0.689046907
442,1108654,1376970,0.88,0.218,-0.137,-4.1,-46.5,4.4,-37.4,6.7,27.5,0.167180395,0.692770165,-0.135044404,0.6883755
443,1110280,1376970,0.969,0.194,-0.089,3.1,-23.4,3.5,-37.4,6.7,27.5,0.167027802,0.693105869,-0.13513596,0.688039796
444,1113912,1376970,1.121,0.228,-0.023,7.3,-0.6,2.6,-37,6.9,27.6,0.16687521,0.693136387,-0.135074923,0.688039796
445,1115322,1376980,1.219,0.247,0.126,6.2,9.1,1.9,-37,6.9,27.6,0.166753136,0.693014313,-0.134983367,0.688222907
446,1118369,1376980,1.261,0.062,0.14,2.2,6.5,1.5,-37,6.9,27.6,0.166722617,0.692922758,-0.134952849,0.688314463
447,1121396,1376980,1.222,0.094,0.095,-1.9,-0.6,1.3,-37,6.9,27.6,0.166753136,0.692922758,-0.134983367,0.688314463
448,1122884,1376980,1.079,0.151,0.409,-4.7,-5.8,0.8,-36.9,6.4,27.8,0.166783654,0.692983795,-0.135105441,0.688222907
449,1126767,1376990,1.059,0.048,0.343,-4.7,-5.8,0.8,-36.9,6.4,27.8,0.166814173,0.69307535,-0.135196997,0.688100833
450,1128990,1376990,0.997,0.037,0.27,-3.5,-3.7,0.6,-36.9,6.4,27.8,0.166844691,0.693105869,-0.135288553,0.688039796
451,1131135,1376990,0.9,0.065,0.242,-2.3,-0.9,0.4,-36.9,6.4,27.8,0.16687521,0.693105869,-0.135319071,0.688039796
452,1133031,1376990,0.841,0.05,0.072,-1.4,2,0.3,-36.4,5.5,27.7,0.166905728,0.69307535,-0.13534959,0.688070315
453,1135953,1377000,0.895,0.009,-0.219,-0.7,5.2,0.1,-36.4,5.5,27.7,0.166936247,0.692983795,-0.13534959,0.688131352
454,1139012,1377000,0.977,0.04,-0.151,-0.4,7,0,-36.4,5.5,27.7,0.166936247,0.692892239,-0.135319071,0.688253426
455,1140367,1377000,1.059,0.067,-0.009,-0.4,5.8,0.1,-36.4,5.5,27.7,0.166966765,0.692800684,-0.135319071,0.688314463
456,1143393,1377000,1.101,0.008,0.032,-0.7,1.4,0.3,-37,7,27.5,0.166997284,0.692770165,-0.135319071,0.688344981
457,1146654,1377010,1.035,-0.03,-0.027,-0.9,-3.5,0.4,-37,7,27.5,0.166966765,0.692831202,-0.13534959,0.688283944
458,1148174,1377010,0.949,-0.01,-0.068,-1.2,-6.1,0.4,-37,7,27.5,0.166966765,0.692892239,-0.135410627,0.688192389
459,1151175,1377010,0.903,0.005,-0.106,-1.2,-4.6,0.3,-37,7,27.5,0.166966765,0.692983795,-0.135441145,0.688131352
460,1152716,1377010,0.953,0.021,-0.041,-0.6,-0.7,0.2,-37.6,6.8,27.2,0.166966765,0.692983795,-0.135441145,0.688100833
461,1155362,1377020,1.016,0.088,0.082,0.2,2.1,0.2,-37.6,6.8,27.2,0.166966765,0.692953276,-0.135441145,0.68816187
462,1158422,1377020,1.047,0.115,0.19,1,1.8,0.3,-37.6,6.8,27.2,0.166966765,0.692922758,-0.135441145,0.688192389
463,1161422,1377020,1.036,0.056,0.183,1.5,-1,0.4,-37.6,6.8,27.2,0.166936247,0.692953276,-0.135410627,0.68816187
464,1162944,1377020,0.993,0.033,0.118,1.5,-3.6,0.4,-38.2,6.9,27.3,0.16687521,0.693014313,-0.135410627,0.688131352
465,1166354,1377030,0.957,0.021,0.041,1,-4,0.3,-38.2,6.9,27.3,0.166844691,0.69307535,-0.135410627,0.688070315
466,1167910,1377030,0.938,0.021,0.01,0.5,-1.9,0.2,-38.2,6.9,27.3,0.166844691,0.693105869,-0.135410627,0.688039796
467,1170383,1377030,0.938,0.021,0.01,0.5,-1.9,0.2,-38.2,6.9,27.3,0.166844691,0.693105869,-0.135410627,0.688039796
468,1174344,1377030,0.938,0.021,0.01,0.5,-1.9,0.2,-38.2,6.9,27.3,0.166844691,0.693105869,-0.135410627,0.688039796
469,1176478,1377040,0.977,0.048,-0.041,0.2,1.2,0.1,-38.6,7,27.7,0.166814173,0.693044832,-0.135410627,0.688100833
470,1177943,1377040,0.977,0.06,-0.03,0,-0.3,0.2,-38.6,7,27.7,0.166814173,0.693044832,-0.135410627,0.688100833
471,1180886,1377040,0.977,0.06,-0.03,0,-0.3,0.2,-38.6,7,27.7,0.166814173,0.693044832,-0.135410627,0.688100833
472,1182838,1377040,0.977,0.06,-0.03,0,-0.3,0.2,-38.6,7,27.7,0.166814173,0.693044832,-0.135410627,0.688100833
473,1187066,1377050,0.977,0.009,-0.049,-1.2,-1.8,0.9,-36.6,5.9,27.6,0.166814173,0.693105869,-0.135502182,0.688009278
474,1189415,1377050,0.977,0.009,-0.049,-1.2,-1.8,0.9,-36.6,5.9,27.6,0.166814173,0.693105869,-0.135502182,0.688009278
475,1191455,1377050,0.977,0.009,-0.049,-1.2,-1.8,0.9,-36.6,5.9,27.6,0.166814173,0.693105869,-0.135502182,0.688009278
476,1193074,1377050,0.957,-0.01,-0.06,-1.3,-1.3,1.5,-36.7,6,27.9,0.166783654,0.693136387,-0.135624256,0.687948241
477,1195304,1377060,0.949,-0.017,-0.048,-1.2,-1.2,1.6,-36.7,6,27.9,0.166783654,0.693166906,-0.135685293,0.687948241
478,1199675,1377060,0.946,-0.017,-0.044,-1.2,-1.2,1.8,-36.7,6,27.9,0.166783654,0.693166906,-0.13574633,0.687917722
479,1201832,1377060,0.942,-0.006,-0.009,-1.1,-1.3,2,-36.7,6,27.9,0.166753136,0.693166906,-0.135776849,0.687917722
480,1203955,1377060,0.946,0.009,0.037,-0.8,-1.5,2.1,-36.7,6,28.2,0.166722617,0.693197424,-0.135837886,0.687887204
481,1205271,1377070,0.973,0.017,0.107,-0.5,-2,2.2,-36.7,6,28.2,0.166692099,0.693197424,-0.135898923,0.687856685
482,1208737,1377070,0.993,0.021,0.149,-0.2,-2.8,2.1,-36.7,6,28.2,0.16666158,0.693258461,-0.135929441,0.687826167
483,1210320,1377070,0.989,0.037,0.165,-0.1,-3.5,2.1,-36.7,6,28.2,0.166631062,0.69328898,-0.13595996,0.68776513
484,1213187,1377070,0.989,0.037,0.165,-0.1,-3.5,2.1,-36.7,6,28.2,0.166631062,0.69328898,-0.13595996,0.68776513
485,1216696,1377080,0.989,0.037,0.165,-0.1,-3.5,2.1,-36.7,6,28.2,0.166631062,0.69328898,-0.13595996,0.68776513
486,1218225,1377080,0.954,0.053,0.091,-0.4,-3.2,2.1,-38.7,6.1,27.9,0.166508988,0.693441572,-0.136143071,0.687643056
487,1222094,1377080,0.954,0.053,0.091,-0.4,-3.2,2.1,-38.7,6.1,27.9,0.166508988,0.693441572,-0.136143071,0.687643056
488,1223449,1377080,0.942,0.092,-0.017,-0.8,-2.7,2.1,-38.2,6.5,28.4,0.166600543,0.69307535,-0.136112552,0.687978759
489,1226623,1377090,0.946,0.072,-0.025,-0.8,-2.7,2.1,-38.2,6.5,28.4,0.166570025,0.693105869,-0.136143071,0.687948241
490,1228237,1377090,0.953,0.045,-0.033,-1.4,-3.9,2.2,-38.2,6.5,28.4,0.166570025,0.693166906,-0.136234626,0.687887204
491,1231946,1377090,0.973,0.021,-0.061,-2.5,-6,2.3,-38.2,6.5,28.4,0.166539506,0.693227943,-0.136326182,0.687795648
492,1233606,1377090,0.965,0.052,-0.021,-3.8,-8.2,2.4,-36.3,6.2,27.9,0.166539506,0.693350017,-0.136448256,0.687673574
493,1235884,1377100,0.965,0.056,0.001,-4.7,-9.9,2.4,-36.3,6.2,27.9,0.166539506,0.693472091,-0.136600848,0.687520981
494,1238100,1377100,0.965,0.056,0.001,-4.7,-9.9,2.4,-36.3,6.2,27.9,0.166539506,0.693472091,-0.136600848,0.687520981
495,1240291,1377100,1,0.048,0.023,-4.7,-11.2,2.5,-36.3,6.2,27.9,0.166539506,0.693746757,-0.136875515,0.687154759
496,1242731,1377100,1.008,0.052,0.043,-4.5,-11.8,2.6,-36.6,6.2,28,0.166539506,0.69389935,-0.137028108,0.686971648
497,1246504,1377110,1.012,0.048,0.047,-4.5,-12.5,2.6,-36.6,6.2,28,0.166539506,0.694051943,-0.1371807,0.686788537
498,1248101,1377110,1.008,0.044,0.078,-4.4,-13,2.6,-36.6,6.2,28,0.166508988,0.694235054,-0.137333293,0.686574908
499,1250348,1377110,0.989,0.045,0.122,-4.2,-12.9,2.5,-36.6,6.2,28,0.166508988,0.694418165,-0.137485885,0.686391797
500,1252973,1377110,0.981,0.041,0.102,-4,-12.1,2.4,-36.3,6.1,28.1,0.166508988,0.694570757,-0.137638478,0.686208686
501,1255254,1377120,0.977,0.041,0.091,-3.7,-11.5,2.3,-36.3,6.1,28.1,0.166478469,0.69472335,-0.137760552,0.686025575
502,1258533,1377120,0.981,0.076,0.126,-3.5,-11.2,2.1,-36.3,6.1,28.1,0.166478469,0.694875942,-0.137913144,0.685842463
503,1260479,1377120,0.993,0.076,0.161,-3.1,-11.6,1.9,-36.3,6.1,28.1,0.166447951,0.695028535,-0.1380047,0.685659352
504,1263778,1377120,1.012,0.068,0.168,-2.8,-12.3,1.6,-36.1,6.3,27.9,0.166447951,0.695181127,-0.138126774,0.685476241
505,1265416,1377130,0.966,0.084,0.189,-2.6,-13.4,1.4,-36.1,6.3,27.9,0.166417432,0.695364238,-0.138248848,0.685262612
506,1268890,1377130,1.001,0.127,0.176,-2.5,-14.5,1.2,-36.1,6.3,27.9,0.166386914,0.695577868,-0.138340403,0.685048982
507,1271121,1377130,1.028,0.123,0.191,-2.3,-15.6,0.9,-36.1,6.3,27.9,0.166356395,0.695822016,-0.138462477,0.684804834
508,1274147,1377130,0.829,0.097,0.232,-2.1,-18,0.4,-36,5.9,28.1,0.166570025,0.695638905,-0.138340403,0.684926908
509,1276397,1377140,0.957,0.064,-0.041,-2.1,-18,0.4,-36,5.9,28.1,0.166539506,0.695913572,-0.138431959,0.684652242
510,1278651,1377140,0.883,0.061,0.011,-2.3,-19.4,0.4,-36,5.9,28.1,0.166539506,0.696188238,-0.138554033,0.684347056
511,1280784,1377140,0.907,0.073,0.112,-2.2,-20.1,0.3,-36,5.9,28.1,0.166478469,0.696493423,-0.138676107,0.684041871
512,1283783,1377140,0.856,0.05,0.122,-2,-19,0.4,-37,6,27.7,0.166447951,0.69676809,-0.138767663,0.683736686
513,1285430,1377150,0.821,-0.004,0.025,-1.6,-16.9,0.4,-37,6,27.7,0.166417432,0.697012238,-0.138859218,0.683492538
514,1288738,1377150,0.813,0,0.045,-1.3,-14.9,0.5,-37,6,27.7,0.166386914,0.697225867,-0.138950774,0.68324839
515,1290929,1377150,0.845,-0.001,0.036,-1.2,-14.2,0.5,-37,6,27.7,0.166356395,0.697439497,-0.139011811,0.683034761
516,1293056,1377150,0.918,-0.025,0.018,-1,-15,0.6,-35.2,6.2,27.8,0.166325877,0.697653127,-0.139103366,0.682821131
517,1296147,1377160,0.957,-0.021,0.013,-0.8,-17.3,0.5,-35.2,6.2,27.8,0.166234321,0.697897275,-0.139194922,0.682546464
518,1298167,1377160,0.996,-0.018,0.008,-0.7,-20.1,0.5,-35.2,6.2,27.8,0.166203803,0.69820246,-0.139286477,0.682241279
519,1300415,1377160,1.031,-0.006,-0.008,-0.4,-22.7,0.4,-35.2,6.2,27.8,0.166142766,0.698538163,-0.139378033,0.681875057
520,1302769,1377160,1.07,-0.007,-0.048,0,-24.2,0.2,-35,5.7,27.7,0.166081729,0.698904386,-0.139469588,0.681508835
521,1306035,1377170,1.07,-0.003,-0.072,0.7,-24.3,0.2,-35,5.7,27.7,0.165990173,0.699240089,-0.139561144,0.681142613
522,1307724,1377170,1.082,0.008,-0.107,1.5,-23.5,0.2,-35,5.7,27.7,0.165868099,0.699606311,-0.139622181,0.680806909
523,1310809,1377170,1.082,0.027,-0.154,2.3,-22.1,0.1,-35,5.7,27.7,0.165776543,0.699942015,-0.139652699,0.680471206
524,1313927,1377170,1.07,0.035,-0.178,3,-20.5,0,-35.2,6,27.6,0.165654469,0.7002472,-0.139683218,0.680166021
525,1315280,1377180,1.058,0.035,-0.216,3.6,-18.8,0,-35.2,6,27.6,0.165562914,0.700552385,-0.139713736,0.679891354
526,1318326,1377180,1.054,0.051,-0.248,4.1,-17,-0.1,-35.2,6,27.6,0.16544084,0.700827052,-0.139713736,0.679647206
527,1321315,1377180,1.035,0.051,-0.282,4.3,-15.2,-0.1,-35.2,6,27.6,0.165318766,0.7010712,-0.139683218,0.679403058
528,1322927,1377180,1.027,0.055,-0.317,3.9,-12.2,-0.2,-34.5,6,27.2,0.165196692,0.701406903,-0.139683218,0.679097873
529,1325924,1377190,1.027,0.055,-0.317,3.9,-12.2,-0.2,-34.5,6,27.2,0.165105136,0.701590014,-0.139683218,0.678914762
530,1327751,1377190,1.035,0.067,-0.333,3.7,-11,-0.2,-34.5,6,27.2,0.165013581,0.701773125,-0.139652699,0.678762169
531,1330925,1377190,1.035,0.071,-0.333,3.4,-10.1,-0.1,-34.5,6,27.2,0.164952544,0.701925718,-0.139652699,0.678609577
532,1332861,1377190,1.039,0.075,-0.337,3.1,-9.4,0,-37,5.9,27.3,0.164860988,0.70207831,-0.139622181,0.678487503
533,1336434,1377200,1.042,0.075,-0.334,2.7,-8.6,0.1,-37,5.9,27.3,0.164799951,0.702230903,-0.139622181,0.678365429
534,1338124,1377200,1.05,0.079,-0.31,2.3,-7.8,0.2,-37,5.9,27.3,0.164738914,0.702352977,-0.139622181,0.678243355
535,1341203,1377200,1.05,0.079,-0.295,1.9,-6.6,0.2,-37,5.9,27.3,0.164677877,0.702444533,-0.139622181,0.678151799
536,1342882,1377200,1.054,0.079,-0.279,1.5,-5.2,0.2,-34.6,5.4,26.8,0.164647359,0.702536088,-0.139622181,0.678090762
537,1346421,1377210,1.054,0.075,-0.24,1,-3.7,0.1,-34.6,5.4,26.8,0.16461684,0.702597125,-0.139622181,0.678029725
538,1348018,1377210,1.05,0.075,-0.22,0.7,-2.3,0,-34.6,5.4,26.8,0.164586322,0.702627644,-0.139622181,0.677999207
539,1351071,1377210,1.047,0.071,-0.185,0.3,-0.9,0,-34.6,5.4,26.8,0.164586322,0.702658162,-0.139622181,0.677968688
540,1354644,1377210,1.035,0.059,-0.165,0,0.2,0,-34.4,5.8,27.4,0.164586322,0.702627644,-0.139622181,0.677999207
541,1356305,1377220,1.019,0.06,-0.117,-0.2,1.5,0.1,-34.4,5.8,27.4,0.164586322,0.702627644,-0.139622181,0.677999207
542,1357830,1377220,1.008,0.052,-0.093,-0.6,2.5,0.1,-34.4,5.8,27.4,0.164586322,0.702566607,-0.139622181,0.678060244
543,1360342,1377220,0.996,0.048,-0.077,-0.9,3.5,0.1,-34.4,5.8,27.4,0.16461684,0.702536088,-0.139622181,0.678090762
544,1363863,1377220,0.977,0.036,-0.037,-1.1,4.2,0,-34.4,5.8,27.2,0.164647359,0.702444533,-0.139622181,0.678151799
545,1366114,1377230,0.965,0.033,-0.014,-1.4,4.7,0,-34.4,5.8,27.2,0.164677877,0.702383496,-0.139622181,0.678243355
546,1368263,1377230,0.969,0.037,-0.002,-1.7,4.9,0,-34.4,5.8,27.2,0.164738914,0.70229194,-0.139622181,0.678304392
547,1370585,1377230,0.961,0.029,0.005,-1.9,4.7,0,-34.4,5.8,27.2,0.164769433,0.702230903,-0.139652699,0.678365429
548,1372881,1377230,0.965,0.029,0.025,-2,4.1,0.1,-34.6,5.5,27.5,0.164799951,0.702139348,-0.139683218,0.678456984
549,1375537,1377240,0.969,0.029,0.028,-2,4.1,0.1,-34.6,5.5,27.5,0.164860988,0.70207831,-0.139683218,0.678518021
550,1378911,1377240,0.969,0.025,0.036,-1.8,3.8,0.1,-34.6,5.5,27.5,0.164891507,0.701986755,-0.139713736,0.67854854
551,1380662,1377240,0.973,0.025,0.048,-1.6,3.5,0,-34.6,5.5,27.5,0.164922025,0.701956236,-0.139713736,0.678609577
552,1383253,1377240,0.969,0.029,0.052,-1.4,3,0,-35.5,6.1,27.4,0.164952544,0.701895199,-0.139713736,0.678640095
553,1385445,1377250,0.973,0.029,0.048,-1,2.6,0,-35.5,6.1,27.4,0.164983062,0.701834162,-0.139744255,0.678701132
554,1388894,1377250,0.977,0.029,0.056,-0.8,2.3,-0.1,-35.5,6.1,27.4,0.165013581,0.701803644,-0.139744255,0.678731651
555,1391009,1377250,0.961,0.033,0.052,-0.6,2.1,-0.1,-35.5,6.1,27.4,0.165013581,0.701773125,-0.139744255,0.678762169
556,1393538,1377250,0.957,0.037,0.052,-0.3,2,-0.1,-35.7,5.9,27.7,0.165044099,0.701742607,-0.139713736,0.678792688
557,1395640,1377260,0.954,0.037,0.048,-0.1,1.8,0,-35.7,5.9,27.7,0.165044099,0.701712088,-0.139713736,0.678792688
558,1398180,1377260,0.95,0.041,0.041,0.1,1.3,0,-35.7,5.9,27.7,0.165044099,0.701712088,-0.139713736,0.678823206
559,1400643,1377260,0.946,0.037,0.037,0.1,0.7,0,-35.7,5.9,27.7,0.165044099,0.70168157,-0.139713736,0.678853725
560,1403903,1377260,0.946,0.037,0.029,0.2,0.1,0,-36,5.6,27.2,0.165044099,0.70168157,-0.139713736,0.678853725
561,1405568,1377270,0.95,0.041,0.025,0.2,-0.5,0,-36,5.6,27.2,0.165044099,0.70168157,-0.139713736,0.678823206
562,1408028,1377270,0.965,0.037,0.021,0.3,-1.2,0.1,-36,5.6,27.2,0.165013581,0.701712088,-0.139713736,0.678823206
563,1410522,1377270,0.977,0.04,0.012,0.4,-1.8,0.1,-36,5.6,27.2,0.165013581,0.701742607,-0.139713736,0.678792688
564,1413996,1377270,0.989,0.036,0.012,0.3,-2.4,0.1,-35.9,5.9,27.6,0.164983062,0.701773125,-0.139713736,0.678762169
565,1416293,1377280,1,0.044,0,0.3,-2.9,0,-35.9,5.9,27.6,0.164983062,0.701834162,-0.139713736,0.678701132
566,1419122,1377280,1.008,0.04,-0.003,0.3,-3.4,0,-35.9,5.9,27.6,0.164952544,0.701864681,-0.139744255,0.678670614
567,1421338,1377280,1.008,0.04,-0.011,0.3,-3.6,0,-35.9,5.9,27.6,0.164952544,0.701925718,-0.139744255,0.678609577
568,1423525,1377280,0.996,0.044,-0.03,0.4,-3.1,0.2,-35.9,6.1,28.3,0.164952544,0.701895199,-0.139744255,0.678640095
569,1426493,1377290,0.992,0.044,-0.038,0.4,-3.1,0.2,-35.9,6.1,28.3,0.164922025,0.701956236,-0.139744255,0.678609577
570,1428782,1377290,0.992,0.044,-0.046,0.5,-2.5,0.2,-35.9,6.1,28.3,0.164891507,0.701986755,-0.139744255,0.678579058
571,1430973,1377290,0.985,0.04,-0.053,0.5,-2.1,0.1,-35.9,6.1,28.3,0.164891507,0.702017273,-0.139744255,0.67854854
572,1434035,1377290,0.977,0.04,-0.053,0.4,-1.9,0,-35.5,6,26.1,0.164860988,0.702047792,-0.139744255,0.678518021
573,1436251,1377300,0.977,0.036,-0.073,0.3,-1.8,0,-35.5,6,26.1,0.164860988,0.70207831,-0.139744255,0.678487503
574,1438541,1377300,0.977,0.04,-0.081,0.2,-1.9,0,-35.5,6,26.1,0.164860988,0.702108829,-0.139744255,0.678456984
575,1440575,1377300,0.981,0.04,-0.081,0.1,-2,0,-35.5,6,26.1,0.16483047,0.702139348,-0.139744255,0.678426466
576,1443966,1377300,0.988,0.036,-0.081,0.1,-2.3,0,-35.5,6.2,28.2,0.16483047,0.702169866,-0.139774773,0.678395947
577,1445976,1377310,0.996,0.04,-0.089,0.2,-2.4,0,-35.5,6.2,28.2,0.16483047,0.702200385,-0.139774773,0.67833491
578,1448003,1377310,1,0.04,-0.089,0.4,-2.6,0,-35.5,6.2,28.2,0.164799951,0.702261422,-0.139774773,0.678304392
579,1450590,1377310,1.004,0.04,-0.085,0.4,-2.6,0,-35.5,6.2,28.2,0.164799951,0.70229194,-0.139774773,0.678273873
580,1453711,1377310,1.004,0.04,-0.085,0.4,-2.6,0,-35.5,6.2,28.2,0.164799951,0.70229194,-0.139774773,0.678273873
581,1455336,1377320,1.016,0.048,-0.082,0.3,-2.1,0,-35.5,6,28.2,0.164769433,0.702352977,-0.139774773,0.678212836
582,1457710,1377320,1.016,0.052,-0.082,0.2,-1.7,0,-35.5,6,28.2,0.164738914,0.702383496,-0.139774773,0.678182318
583,1461171,1377320,1.012,0.052,-0.074,0.2,-1.2,0,-35.5,6,28.2,0.164738914,0.702414014,-0.139774773,0.678151799
584,1462748,1377320,1.004,0.048,-0.07,0.2,-0.6,-0.1,-35.9,5.6,25.9,0.164738914,0.702414014,-0.139774773,0.678151799
585,1465829,1377330,0.996,0.044,-0.066,0.1,0,-0.1,-35.9,5.6,25.9,0.164738914,0.702414014,-0.139774773,0.678151799
586,1468768,1377330,0.992,0.044,-0.054,0.1,0.5,0,-35.9,5.6,25.9,0.164738914,0.702414014,-0.139774773,0.678151799
587,1470797,1377330,0.981,0.04,-0.049,0,0.9,0.1,-35.9,5.6,25.9,0.164738914,0.702383496,-0.139774773,0.678182318
588,1473497,1377330,0.973,0.033,-0.049,-0.3,1.2,0.1,-35.6,5.8,28.2,0.164738914,0.702536088,-0.139805292,0.678029725
589,1475623,1377340,0.973,0.033,-0.049,-0.3,1.2,0.1,-35.6,5.8,28.2,0.164738914,0.70250557,-0.139805292,0.678060244
590,1477887,1377340,0.973,0.029,-0.037,-0.4,1.1,0.1,-35.6,5.8,28.2,0.164738914,0.702475051,-0.139805292,0.678060244
591,1481097,1377340,0.973,0.036,-0.033,-0.4,0.9,0.1,-35.6,5.8,28.2,0.164738914,0.702475051,-0.139805292,0.678090762
592,1482901,1377340,0.977,0.036,-0.03,-0.3,0.7,0.1,-35.6,5.9,25.8,0.164738914,0.702444533,-0.139805292,0.678090762
593,1485509,1377350,0.981,0.04,-0.026,-0.3,0.4,0,-35.6,5.9,25.8,0.164769433,0.702444533,-0.139805292,0.678090762
594,1488885,1377350,0.996,0.04,-0.019,-0.2,0.1,0,-35.6,5.9,25.8,0.164769433,0.702444533,-0.13983581,0.678090762
595,1491641,1377350,0.992,0.04,-0.011,-0.1,0,0,-35.6,5.9,25.8,0.164769433,0.702444533,-0.13983581,0.678090762
596,1494017,1377350,0.996,0.04,-0.011,-0.1,0,0,-35.5,5.6,27.2,0.164769433,0.702444533,-0.13983581,0.678090762
597,1496294,1377360,0.996,0.044,-0.011,0,0.1,0,-35.5,5.6,27.2,0.164769433,0.702444533,-0.13983581,0.678090762
598,1498582,1377360,0.992,0.04,-0.007,0,0.2,0,-35.5,5.6,27.2,0.164769433,0.702444533,-0.13983581,0.678090762
599,1500705,1377360,0.989,0.048,-0.007,-0.1,0.4,0,-35.5,5.6,27.2,0.164769433,0.702444533,-0.13983581,0.678121281
600,1502761,1377360,0.985,0.04,-0.002,-0.1,0.6,0,-35.8,5.7,26.3,0.164769433,0.702414014,-0.13983581,0.678121281
601,1505524,1377370,0.973,0.037,-0.01,-0.1,0.7,0,-35.8,5.7,26.3,0.164769433,0.702414014,-0.13983581,0.678121281
602,1508069,1377370,0.965,0.041,-0.01,0,0.8,0,-35.8,5.7,26.3,0.164799951,0.702414014,-0.13983581,0.678151799
603,1510586,1377370,0.969,0.041,-0.01,-0.1,0.7,0,-35.8,5.7,26.3,0.164799951,0.702383496,-0.13983581,0.678151799
604,1513206,1377370,0.965,0.037,-0.014,-0.1,0.6,0,-35.6,5.8,26.2,0.164799951,0.702383496,-0.13983581,0.678151799
605,1515603,1377380,0.969,0.037,-0.014,-0.1,0.2,0.1,-35.6,5.8,26.2,0.164799951,0.702383496,-0.13983581,0.678182318
606,1517955,1377380,0.977,0.04,-0.018,0,0,0.1,-35.6,5.8,26.2,0.164799951,0.702383496,-0.13983581,0.678182318
607,1520882,1377380,0.981,0.036,-0.014,0,-0.3,0.1,-35.6,5.8,26.2,0.164799951,0.702383496,-0.13983581,0.678151799
608,1523021,1377380,0.988,0.036,-0.022,0.1,-0.7,0,-36,5.5,25.8,0.164799951,0.702322459,-0.13983581,0.678212836
609,1525504,1377390,0.988,0.036,-0.022,0.1,-1,0,-36,5.5,25.8,0.164769433,0.702352977,-0.13983581,0.678182318
610,1528792,1377390,0.996,0.04,-0.026,0.1,-1.2,0,-36,5.5,25.8,0.164769433,0.702383496,-0.13983581,0.678182318
611,1530714,1377390,0.996,0.04,-0.026,0.1,-1.2,0,-36,5.5,25.8,0.164769433,0.702383496,-0.13983581,0.678151799
612,1533159,1377390,0.996,0.044,-0.03,0.1,-1,0,-35.8,6,27.5,0.164769433,0.702414014,-0.13983581,0.678151799
613,1535386,1377400,0.992,0.04,-0.034,0.2,-0.6,0.2,-35.8,6,27.5,0.164738914,0.702414014,-0.13983581,0.678121281
614,1538084,1377400,0.992,0.04,-0.03,0.2,-0.3,0.2,-35.8,6,27.5,0.164738914,0.702414014,-0.13983581,0.678121281
615,1541911,1377400,0.981,0.052,-0.038,0.2,-0.1,0.2,-35.8,6,27.5,0.164738914,0.702414014,-0.13983581,0.678121281
616,1544220,1377400,0.977,0.048,-0.034,0.1,-0.1,0,-35.7,5.7,26.9,0.164738914,0.702414014,-0.13983581,0.678121281
617,1546563,1377410,0.981,0.04,-0.042,0,-0.1,0,-35.7,5.7,26.9,0.164738914,0.702414014,-0.13983581,0.678121281
618,1548536,1377410,0.981,0.036,-0.042,0,-0.2,0,-35.7,5.7,26.9,0.164738914,0.702444533,-0.13983581,0.678121281
619,1550801,1377410,0.981,0.036,-0.042,0,-0.2,0,-35.7,5.7,26.9,0.164738914,0.702444533,-0.13983581,0.678121281
620,1552970,1377410,0.985,0.036,-0.042,0,-0.1,0,-35.5,5.6,26.9,0.164738914,0.702444533,-0.13983581,0.678121281
621,1555358,1377420,0.988,0.036,-0.042,0,-0.2,0,-35.5,5.6,26.9,0.164738914,0.702444533,-0.13983581,0.678121281
622,1558361,1377420,0.996,0.04,-0.034,0,-0.3,0,-35.5,5.6,26.9,0.164738914,0.702444533,-0.13983581,0.678090762
623,1562114,1377420,0.992,0.04,-0.034,0,-0.4,0,-35.5,5.6,26.9,0.164738914,0.702444533,-0.139866329,0.678090762
624,1564248,1377420,0.996,0.04,-0.046,0.1,-0.6,0,-35.9,5,27.1,0.164738914,0.702475051,-0.139866329,0.678090762
625,1566387,1377430,0.996,0.04,-0.038,0.1,-0.6,-0.1,-35.9,5,27.1,0.164708396,0.702475051,-0.139866329,0.678090762
626,1568441,1377430,0.988,0.04,-0.034,0.1,-0.4,-0.1,-35.9,5,27.1,0.164708396,0.702475051,-0.13983581,0.678060244
627,1570439,1377430,0.988,0.036,-0.038,0.1,-0.3,-0.1,-35.9,5,27.1,0.164708396,0.702475051,-0.13983581,0.678060244
628,1573446,1377430,0.988,0.04,-0.034,0,-0.3,-0.1,-35.4,5.1,27.4,0.164708396,0.702566607,-0.139866329,0.677968688
629,1576356,1377440,0.988,0.04,-0.038,0,-0.2,-0.1,-35.4,5.1,27.4,0.164708396,0.702566607,-0.139866329,0.677968688
630,1578730,1377440,0.985,0.04,-0.026,0,-0.1,-0.1,-35.4,5.1,27.4,0.164708396,0.702566607,-0.139866329,0.677968688
631,1581589,1377440,0.981,0.036,-0.03,0,0,0,-35.4,5.1,27.4,0.164708396,0.702566607,-0.139866329,0.677968688
632,1583833,1377440,0.985,0.04,-0.034,0,0.1,0,-35.8,7.2,28.3,0.164708396,0.702566607,-0.139866329,0.677968688
633,1585526,1377450,0.981,0.036,-0.03,0,0.1,0,-35.8,7.2,28.3,0.164708396,0.702566607,-0.139866329,0.677968688
634,1587891,1377450,0.985,0.04,-0.03,0,0.1,0,-35.8,7.2,28.3,0.164708396,0.702566607,-0.139866329,0.677968688
635,1590465,1377450,0.988,0.036,-0.038,0,0,0,-35.8,7.2,28.3,0.164708396,0.702566607,-0.139866329,0.677968688
636,1592835,1377450,0.985,0.04,-0.034,0,0,0,-36,4.3,26.4,0.164708396,0.702566607,-0.139866329,0.677968688
637,1596265,1377460,0.988,0.04,-0.03,0,0,0,-36,4.3,26.4,0.164708396,0.702566607,-0.139866329,0.677968688
638,1597869,1377460,0.988,0.04,-0.026,0,0,0,-36,4.3,26.4,0.164708396,0.702566607,-0.139866329,0.677968688
639,1600986,1377460,0.992,0.044,-0.026,0,0,0,-36,4.3,26.4,0.164708396,0.702566607,-0.139866329,0.677968688
640,1603263,1377460,0.992,0.036,-0.03,0,0,0,-35.8,4.5,26.3,0.164708396,0.702566607,-0.139866329,0.677999207
641,1605429,1377470,0.985,0.04,-0.022,0,0,0,-35.8,4.5,26.3,0.164677877,0.702566607,-0.139866329,0.677999207
642,1608823,1377470,0.985,0.044,-0.03,0,0,0,-35.8,4.5,26.3,0.164677877,0.702566607,-0.139866329,0.677999207
643,1610318,1377470,0.985,0.04,-0.026,0,0,0,-35.8,4.5,26.3,0.164677877,0.702566607,-0.139866329,0.677999207
644,1612846,1377470,0.985,0.044,-0.026,0,0.1,0,-35.8,4.4,26.4,0.164677877,0.702566607,-0.139866329,0.677999207
645,1616319,1377480,0.981,0.04,-0.026,0,0.1,0,-35.8,4.4,26.4,0.164677877,0.702566607,-0.139866329,0.677999207
646,1617890,1377480,0.981,0.04,-0.026,0,0.1,0,-35.8,4.4,26.4,0.164677877,0.702566607,-0.139866329,0.677999207
647,1620318,1377480,0.985,0.04,-0.03,0,0,-0.1,-35.8,4.4,26.4,0.164677877,0.702566607,-0.139866329,0.677999207
648,1623777,1377480,0.985,0.04,-0.026,0,0,0,-36,4.6,25.9,0.164708396,0.702566607,-0.139866329,0.677968688
649,1625320,1377490,0.985,0.04,-0.026,0,0,0,-36,4.6,25.9,0.164708396,0.702566607,-0.139866329,0.677968688
650,1627834,1377490,0.985,0.036,-0.03,0,0,0,-36,4.6,25.9,0.164708396,0.702566607,-0.139866329,0.677968688
651,1630924,1377490,0.985,0.036,-0.03,0,-0.1,0,-36,4.6,25.9,0.164708396,0.702566607,-0.139866329,0.677968688
652,1633086,1377490,0.985,0.04,-0.03,0,-0.1,0,-35.5,7.1,27.6,0.164708396,0.702566607,-0.139866329,0.677968688
653,1635323,1377500,0.988,0.036,-0.026,0,-0.1,0,-35.5,7.1,27.6,0.164708396,0.702597125,-0.139866329,0.677968688
654,1637925,1377500,0.988,0.044,-0.034,0,-0.1,0,-35.5,7.1,27.6,0.164708396,0.702597125,-0.139866329,0.677968688
655,1640446,1377500,0.985,0.04,-0.034,0.1,-0.2,0,-35.5,7.1,27.6,0.164677877,0.702597125,-0.139866329,0.677968688
656,1643714,1377500,0.988,0.04,-0.03,0,-0.3,0,-35.6,5.9,27.2,0.164677877,0.702597125,-0.139866329,0.677968688
657,1645406,1377510,0.988,0.04,-0.034,0,-0.2,0,-35.6,5.9,27.2,0.164677877,0.702597125,-0.139866329,0.677938169
658,1648841,1377510,0.988,0.04,-0.026,-0.1,-0.2,0,-35.6,5.9,27.2,0.164677877,0.702597125,-0.139866329,0.677938169
659,1650452,1377510,0.988,0.04,-0.03,-0.1,-0.1,-0.1,-35.6,5.9,27.2,0.164677877,0.702597125,-0.139866329,0.677938169
660,1652928,1377510,0.988,0.04,-0.03,0,-0.1,-0.1,-35.9,6.7,27.1,0.164677877,0.702597125,-0.139866329,0.677938169
661,1655277,1377520,0.985,0.04,-0.03,0,0,-0.1,-35.9,6.7,27.1,0.164708396,0.702597125,-0.139866329,0.677938169
662,1658677,1377520,0.985,0.04,-0.026,0,-0.1,-0.1,-35.9,6.7,27.1,0.164708396,0.702597125,-0.139866329,0.677938169
663,1660424,1377520,0.988,0.04,-0.026,0,-0.1,-0.1,-35.9,6.7,27.1,0.164708396,0.702597125,-0.139866329,0.677938169
664,1664642,1377520,0.988,0.04,-0.03,0.1,-0.2,-0.1,-35.7,6.9,27,0.164677877,0.702627644,-0.139866329,0.677938169
665,1666399,1377530,0.985,0.044,-0.03,0.1,-0.1,-0.1,-35.7,6.9,27,0.164677877,0.702627644,-0.139866329,0.677938169
666,1668783,1377530,0.981,0.04,-0.026,0.1,-0.1,0,-35.7,6.9,27,0.164677877,0.702627644,-0.139866329,0.677938169
667,1671078,1377530,0.981,0.04,-0.03,0.1,-0.1,0,-35.7,6.9,27,0.164677877,0.702627644,-0.139866329,0.677938169
668,1673358,1377530,0.985,0.04,-0.03,0,-0.1,0,-35.7,7.3,27.5,0.164677877,0.702658162,-0.139866329,0.677877132
669,1675486,1377540,0.985,0.04,-0.03,0,-0.2,0,-35.7,7.3,27.5,0.164677877,0.702658162,-0.139866329,0.677877132
670,1678108,1377540,0.985,0.036,-0.03,0,-0.2,0,-35.7,7.3,27.5,0.164677877,0.702688681,-0.139866329,0.677877132
671,1682141,1377540,0.985,0.04,-0.03,0,-0.1,-0.1,-35.7,7.3,27.5,0.164677877,0.702688681,-0.139866329,0.677877132
672,1682866,1377540,0.985,0.044,-0.034,0.1,-0.1,0,-35.7,5.7,27.2,0.164677877,0.702688681,-0.139866329,0.677877132
673,1686671,1377550,0.992,0.04,-0.038,0.1,-0.2,0,-35.7,5.7,27.2,0.164677877,0.702688681,-0.139866329,0.677877132
674,1688876,1377550,0.985,0.04,-0.034,0.1,-0.1,0.1,-35.7,5.7,27.2,0.164677877,0.702688681,-0.139866329,0.677877132
675,1691139,1377550,0.985,0.04,-0.03,0.1,-0.1,0.1,-35.7,5.7,27.2,0.164677877,0.702688681,-0.139866329,0.677877132
676,1693448,1377550,0.988,0.044,-0.03,0,0,0.1,-35.9,6.1,27.2,0.164677877,0.702688681,-0.139866329,0.677877132
677,1695634,1377560,0.988,0.044,-0.034,0,-0.1,0,-35.9,6.1,27.2,0.164647359,0.702688681,-0.139866329,0.677877132
678,1697884,1377560,0.985,0.04,-0.034,0,-0.1,0,-35.9,6.1,27.2,0.164677877,0.702688681,-0.139866329,0.677846614
679,1700244,1377560,0.988,0.04,-0.03,0,-0.1,-0.1,-35.9,6.1,27.2,0.164677877,0.702688681,-0.139866329,0.677846614
680,1703622,1377560,0.985,0.044,-0.03,0,0,-0.1,-35.9,6.2,27,0.164677877,0.702688681,-0.139866329,0.677846614
681,1705226,1377570,0.985,0.04,-0.022,0,0,0,-35.9,6.2,27,0.164677877,0.702688681,-0.139866329,0.677846614
682,1707827,1377570,0.981,0.04,-0.026,-0.1,0,0,-35.9,6.2,27,0.164677877,0.702688681,-0.139866329,0.677846614
683,1711787,1377570,0.985,0.036,-0.034,-0.1,0,0,-35.9,6.2,27,0.164677877,0.702688681,-0.139866329,0.677846614
684,1713948,1377570,0.985,0.044,-0.03,-0.1,0,0,-35.9,6.5,27.3,0.164677877,0.702688681,-0.139866329,0.677846614
685,1715454,1377580,0.985,0.04,-0.034,-0.1,0,0,-35.9,6.5,27.3,0.164677877,0.702688681,-0.139866329,0.677846614
686,1718553,1377580,0.985,0.04,-0.03,0,-0.1,0,-35.9,6.5,27.3,0.164677877,0.702688681,-0.139866329,0.677846614
687,1720231,1377580,0.988,0.036,-0.034,0,-0.2,0,-35.9,6.5,27.3,0.164677877,0.702688681,-0.139866329,0.677846614
688,1723652,1377580,0.985,0.036,-0.034,0,-0.3,0,-37.1,6.2,27.4,0.164647359,0.702780236,-0.139866329,0.677785577
689,1725315,1377590,0.988,0.04,-0.03,0,-0.3,0,-37.1,6.2,27.4,0.164647359,0.702780236,-0.139866329,0.677755058
690,1729238,1377590,0.988,0.04,-0.038,0,-0.3,0,-37.1,6.2,27.4,0.164647359,0.702780236,-0.139866329,0.677755058
691,1731394,1377590,0.985,0.044,-0.03,0,-0.2,0,-37.1,6.2,27.4,0.164647359,0.702780236,-0.139866329,0.677755058
692,1732935,1377590,0.988,0.044,-0.034,0,0,0,-34.5,4.6,27.3,0.164647359,0.702780236,-0.139866329,0.677755058
693,1735377,1377600,0.985,0.044,-0.03,0,0,0,-34.5,4.6,27.3,0.164647359,0.702780236,-0.139866329,0.677755058
694,1738483,1377600,0.985,0.036,-0.03,0,0,0,-34.5,4.6,27.3,0.164647359,0.702780236,-0.139866329,0.677755058
695,1740672,1377600,0.981,0.04,-0.034,0,0,-0.1,-34.5,4.6,27.3,0.164647359,0.702780236,-0.139866329,0.677755058
696,1742907,1377600,0.985,0.04,-0.026,0,0,0,-37,7.2,27.4,0.164647359,0.702780236,-0.139866329,0.677755058
697,1745564,1377610,0.981,0.036,-0.03,0,-0.1,0,-37,7.2,27.4,0.164647359,0.702780236,-0.139866329,0.677755058
698,1749667,1377610,0.985,0.04,-0.03,0,-0.1,0.1,-37,7.2,27.4,0.164647359,0.702780236,-0.139866329,0.677755058
699,1750165,1377610,0.985,0.04,-0.03,0,-0.2,0,-37,7.2,27.4,0.164647359,0.702810755,-0.139866329,0.677755058
700,1753408,1377610,0.985,0.036,-0.038,0,-0.3,0,-37.4,7.6,27.3,0.164647359,0.702810755,-0.139866329,0.677755058
701,1755221,1377620,0.988,0.04,-0.03,0,-0.3,0,-37.4,7.6,27.3,0.164647359,0.702810755,-0.139866329,0.677755058
702,1758422,1377620,0.988,0.04,-0.034,0,-0.3,0,-37.4,7.6,27.3,0.164647359,0.702810755,-0.139866329,0.67772454
703,1760581,1377620,0.992,0.04,-0.026,-0.1,-0.2,0,-37.4,7.6,27.3,0.164647359,0.702810755,-0.139866329,0.67772454
704,1762894,1377620,0.992,0.04,-0.034,0,-0.1,0,-37.5,7.1,27.4,0.164647359,0.702810755,-0.139866329,0.67772454
705,1765535,1377630,0.988,0.04,-0.03,0,0,0,-37.5,7.1,27.4,0.164647359,0.702810755,-0.139927366,0.67772454
706,1768594,1377630,0.988,0.04,-0.03,0,0,0,-37.5,7.1,27.4,0.164647359,0.702810755,-0.139927366,0.67772454
707,1770834,1377630,0.985,0.04,-0.03,0,0,0.1,-37.5,7.1,27.4,0.164647359,0.702810755,-0.139927366,0.67772454
708,1773001,1377630,0.981,0.04,-0.034,0,0.1,0.1,-37.2,7.4,27.2,0.16461684,0.702871792,-0.139927366,0.677694021
709,1775363,1377640,0.981,0.04,-0.034,0,0.1,0,-37.2,7.4,27.2,0.16461684,0.702871792,-0.139927366,0.677694021
710,1778493,1377640,0.985,0.044,-0.034,0,0.1,0,-37.2,7.4,27.2,0.16461684,0.702871792,-0.139927366,0.677694021
711,1780696,1377640,0.985,0.04,-0.034,0,0.1,0,-37.2,7.4,27.2,0.16461684,0.702841273,-0.139927366,0.677694021
712,1782904,1377640,0.985,0.044,-0.03,0,0.1,0,-34.9,5.9,27.7,0.16461684,0.702841273,-0.139927366,0.677694021
713,1786143,1377650,0.981,0.04,-0.03,-0.1,0.2,0,-34.9,5.9,27.7,0.16461684,0.702841273,-0.139927366,0.677694021
714,1787802,1377650,0.988,0.04,-0.03,-0.1,0.1,0,-34.9,5.9,27.7,0.16461684,0.702841273,-0.139927366,0.677694021
715,1790463,1377650,0.985,0.04,-0.03,-0.1,0,0,-34.9,5.9,27.7,0.16461684,0.702841273,-0.139927366,0.677694021
716,1792899,1377650,0.988,0.04,-0.034,0,-0.1,0,-35.8,6.2,26.9,0.16461684,0.702841273,-0.139927366,0.677694021
717,1796081,1377660,0.988,0.04,-0.03,0,-0.2,0,-35.8,6.2,26.9,0.16461684,0.702841273,-0.139927366,0.677694021
718,1797886,1377660,0.988,0.04,-0.034,0,-0.2,0,-35.8,6.2,26.9,0.16461684,0.702841273,-0.139927366,0.677694021
719,1800295,1377660,0.988,0.04,-0.03,0,-0.1,-0.1,-35.8,6.2,26.9,0.16461684,0.702871792,-0.139927366,0.677694021
720,1803682,1377660,0.988,0.044,-0.034,0,0,-0.1,-35.4,5.8,27,0.16461684,0.702871792,-0.139927366,0.677694021
721,1805588,1377670,0.985,0.044,-0.034,0,0,-0.1,-35.4,5.8,27,0.16461684,0.702871792,-0.139927366,0.677694021
722,1807851,1377670,0.981,0.04,-0.026,0,0,-0.1,-35.4,5.8,27,0.16461684,0.702871792,-0.139927366,0.677694021
723,1811205,1377670,0.985,0.044,-0.038,0,0,0,-35.4,5.8,27,0.16461684,0.702871792,-0.139927366,0.677694021
724,1813390,1377670,0.985,0.04,-0.034,0,0,0.1,-34.9,6.2,27.6,0.16461684,0.702871792,-0.139927366,0.677694021
725,1815641,1377680,0.985,0.036,-0.03,0,0,0.1,-34.9,6.2,27.6,0.16461684,0.702871792,-0.139927366,0.677694021
726,1817901,1377680,0.981,0.036,-0.026,0,0,0,-34.9,6.2,27.6,0.16461684,0.702871792,-0.139927366,0.677694021
727,1820491,1377680,0.985,0.04,-0.03,0,0,0,-34.9,6.2,27.6,0.16461684,0.702871792,-0.139927366,0.677694021
728,1823837,1377680,0.988,0.036,-0.03,0,0,0,-34.7,6.1,27.4,0.164586322,0.70290231,-0.139957884,0.677663503
729,1825455,1377690,0.988,0.036,-0.03,0,0,0,-34.7,6.1,27.4,0.164586322,0.70290231,-0.139957884,0.677663503
730,1827955,1377690,0.985,0.04,-0.026,0,-0.1,0,-34.7,6.1,27.4,0.164586322,0.70290231,-0.139957884,0.677663503
731,1831289,1377690,0.988,0.036,-0.026,0,-0.2,0.1,-34.7,6.1,27.4,0.164586322,0.70290231,-0.139957884,0.677632984
732,1832956,1377690,0.992,0.04,-0.03,0,-0.2,0,-36,6,27.4,0.164586322,0.70290231,-0.139957884,0.677632984
733,1835337,1377700,0.988,0.04,-0.026,0,-0.1,0,-36,6,27.4,0.164586322,0.70290231,-0.139957884,0.677632984
734,1837904,1377700,0.985,0.04,-0.022,0.1,0,0,-36,6,27.4,0.164586322,0.70290231,-0.139957884,0.677632984
735,1840354,1377700,0.988,0.036,-0.026,0,0,0,-36,6,27.4,0.164586322,0.70290231,-0.139957884,0.677632984
736,1843788,1377700,0.985,0.044,-0.034,0,-0.1,0,-35.7,6.2,27,0.164555803,0.70290231,-0.139957884,0.677632984
737,1845580,1377710,0.985,0.04,-0.034,0,-0.1,0,-35.7,6.2,27,0.164555803,0.70290231,-0.139957884,0.677632984
738,1847932,1377710,0.985,0.04,-0.026,0,0,0,-35.7,6.2,27,0.164555803,0.70290231,-0.139957884,0.677632984
739,1851223,1377710,0.981,0.036,-0.03,0,0.1,0.1,-35.7,6.2,27,0.164555803,0.70290231,-0.139957884,0.677632984
740,1853051,1377710,0.985,0.04,-0.034,0,0.1,0.2,-35.2,5.8,27.2,0.164555803,0.70290231,-0.139957884,0.677632984
741,1856729,1377720,0.985,0.04,-0.03,0,0.2,0.2,-35.2,5.8,27.2,0.164555803,0.70290231,-0.139957884,0.677632984
742,1858939,1377720,0.981,0.036,-0.034,0,0.1,0.1,-35.2,5.8,27.2,0.164555803,0.70290231,-0.139957884,0.677663503
743,1860532,1377720,0.985,0.04,-0.038,0,0,0,-35.2,5.8,27.2,0.164555803,0.70290231,-0.139988403,0.677663503
744,1863104,1377720,0.988,0.04,-0.03,0,0,0,-35.4,5.7,27.1,0.164555803,0.70290231,-0.139988403,0.677663503
745,1865510,1377730,0.988,0.04,-0.03,0,-0.1,-0.1,-35.4,5.7,27.1,0.164555803,0.70290231,-0.139957884,0.677632984
746,1867792,1377730,0.985,0.044,-0.042,0,-0.2,-0.1,-35.4,5.7,27.1,0.164555803,0.70290231,-0.139957884,0.677632984
747,1870918,1377730,0.988,0.036,-0.034,0,-0.1,0,-35.4,5.7,27.1,0.164555803,0.70290231,-0.139957884,0.677632984
748,1872777,1377730,0.988,0.044,-0.034,0.1,0,0.1,-35.4,5.9,27,0.164525285,0.702993866,-0.139988403,0.677571947
749,1876987,1377740,0.988,0.04,-0.034,0.1,0,0.1,-35.4,5.9,27,0.164525285,0.702993866,-0.139988403,0.677571947
750,1879220,1377740,0.985,0.044,-0.03,0,0,0.2,-35.4,5.9,27,0.164525285,0.702993866,-0.139988403,0.677571947
751,1881346,1377740,0.988,0.04,-0.038,0,0.1,0.1,-35.4,5.9,27,0.164525285,0.702993866,-0.139988403,0.677571947
752,1882914,1377740,0.985,0.04,-0.034,0,0.1,0,-37.1,5.7,27.3,0.164525285,0.702993866,-0.139988403,0.677571947
753,1885572,1377750,0.985,0.04,-0.03,0,0.1,0,-37.1,5.7,27.3,0.164525285,0.702993866,-0.139988403,0.677571947
754,1888652,1377750,0.988,0.04,-0.03,0,0.1,0,-37.1,5.7,27.3,0.164525285,0.702963347,-0.139988403,0.677571947
755,1890941,1377750,0.985,0.04,-0.03,0,0,0,-37.1,5.7,27.3,0.164525285,0.702963347,-0.139988403,0.677571947
756,1893049,1377750,0.981,0.036,-0.034,0,0,0,-34.1,6,26.9,0.164525285,0.702963347,-0.139988403,0.677571947
757,1895390,1377760,0.985,0.036,-0.03,0,-0.1,0,-34.1,6,26.9,0.164525285,0.702993866,-0.139988403,0.677571947
758,1897793,1377760,0.985,0.036,-0.03,0,-0.1,0,-34.1,6,26.9,0.164525285,0.702993866,-0.139988403,0.677571947
759,1901247,1377760,0.985,0.04,-0.03,0,-0.1,-0.1,-34.1,6,26.9,0.164525285,0.702993866,-0.139988403,0.677571947
760,1902778,1377760,0.985,0.04,-0.03,0,-0.1,-0.1,-34.2,6,27.1,0.164525285,0.702993866,-0.139988403,0.677571947
761,1905862,1377770,0.985,0.044,-0.03,0,-0.1,-0.1,-34.2,6,27.1,0.164525285,0.702993866,-0.139988403,0.677571947
762,1908792,1377770,0.985,0.04,-0.026,0,0,-0.1,-34.2,6,27.1,0.164525285,0.702993866,-0.139988403,0.677571947
763,1910377,1377770,0.985,0.04,-0.03,0,0,-0.1,-34.2,6,27.1,0.164525285,0.702993866,-0.139988403,0.677571947
764,1913437,1377770,0.988,0.04,-0.034,0.1,0,-0.2,-34,5.4,27,0.164525285,0.702993866,-0.139988403,0.677571947
765,1916443,1377780,0.981,0.04,-0.03,0.1,0,-0.1,-34,5.4,27,0.164525285,0.702993866,-0.139988403,0.677571947
766,1917925,1377780,0.985,0.04,-0.034,0,0,-0.1,-34,5.4,27,0.164525285,0.702993866,-0.139988403,0.677571947
767,1920817,1377780,0.981,0.036,-0.03,0,0,-0.1,-34,5.4,27,0.164525285,0.702993866,-0.139988403,0.677571947
768,1922795,1377780,0.988,0.04,-0.034,0,-0.1,0,-34.2,5.7,27.1,0.164494766,0.703054903,-0.139988403,0.67751091
769,1926109,1377790,0.988,0.04,-0.034,0,-0.1,0,-34.2,5.7,27.1,0.164494766,0.703054903,-0.139988403,0.67751091
770,1927898,1377790,0.985,0.036,-0.034,0,0,0,-34.2,5.7,27.1,0.164494766,0.703054903,-0.140018921,0.67751091
771,1930607,1377790,0.988,0.04,-0.034,0,-0.1,0,-34.2,5.7,27.1,0.164494766,0.703054903,-0.140018921,0.677480392
772,1933725,1377790,0.988,0.036,-0.034,0,-0.2,0,-35.5,6,27.2,0.164494766,0.703054903,-0.140018921,0.677480392
773,1935479,1377800,0.985,0.04,-0.026,0,-0.2,0,-35.5,6,27.2,0.164494766,0.703054903,-0.140018921,0.677480392
774,1938898,1377800,0.985,0.04,-0.034,0,-0.1,-0.1,-35.5,6,27.2,0.164494766,0.703054903,-0.140018921,0.677480392
775,1940291,1377800,0.985,0.04,-0.026,-0.1,0,-0.1,-35.5,6,27.2,0.164494766,0.703054903,-0.140018921,0.677480392
776,1943411,1377800,0.985,0.04,-0.026,-0.1,0,-0.2,-35.7,5.9,27.3,0.164525285,0.703054903,-0.140018921,0.677480392
777,1946304,1377810,0.985,0.044,-0.03,0,0,-0.1,-35.7,5.9,27.3,0.164525285,0.703054903,-0.140018921,0.677480392
778,1947872,1377810,0.985,0.036,-0.034,0,0,-0.1,-35.7,5.9,27.3,0.164525285,0.703054903,-0.139988403,0.677480392
779,1950903,1377810,0.985,0.036,-0.03,0,0,0,-35.7,5.9,27.3,0.164525285,0.703054903,-0.139988403,0.677480392
780,1953866,1377810,0.985,0.04,-0.034,0,0,0,-35.5,6,27.1,0.164525285,0.703054903,-0.139988403,0.677480392
781,1955407,1377820,0.985,0.04,-0.034,0,0,-0.1,-35.5,6,27.1,0.164525285,0.703054903,-0.139988403,0.677480392
782,1957881,1377820,0.985,0.04,-0.03,0,0,-0.1,-35.5,6,27.1,0.164525285,0.703054903,-0.139988403,0.677480392
783,1961339,1377820,0.988,0.044,-0.03,-0.1,0,-0.1,-35.5,6,27.1,0.164525285,0.703054903,-0.139988403,0.677480392
784,1962791,1377820,0.985,0.036,-0.03,0,-0.1,0,-36,5.8,27.1,0.164525285,0.703085421,-0.139988403,0.677480392
785,1965886,1377830,0.985,0.044,-0.034,0,-0.1,0,-36,5.8,27.1,0.164525285,0.703085421,-0.139988403,0.677480392
786,1968881,1377830,0.988,0.04,-0.026,0,-0.1,0,-36,5.8,27.1,0.164525285,0.703085421,-0.140018921,0.677480392
787,1970458,1377830,0.988,0.04,-0.038,0,0,0,-36,5.8,27.1,0.164525285,0.703085421,-0.139988403,0.677480392
788,1973439,1377830,0.985,0.036,-0.026,0,0,0,-35.5,5.9,27.7,0.164494766,0.703146458,-0.140018921,0.677419355
789,1976428,1377840,0.985,0.036,-0.026,0,0,0,-35.5,5.9,27.7,0.164494766,0.703146458,-0.140018921,0.677419355
790,1977893,1377840,0.988,0.036,-0.034,0,-0.1,0,-35.5,5.9,27.7,0.164494766,0.703146458,-0.140018921,0.677388836
791,1980896,1377840,0.981,0.04,-0.026,0,-0.2,0,-35.5,5.9,27.7,0.164494766,0.703146458,-0.140018921,0.677388836
792,1983829,1377840,0.981,0.04,-0.03,0,-0.3,0,-35.8,6.1,26.5,0.164494766,0.703146458,-0.140018921,0.677388836
793,1985460,1377850,0.981,0.036,-0.038,0,-0.3,0,-35.8,6.1,26.5,0.164494766,0.703146458,-0.140018921,0.677388836
794,1987906,1377850,0.985,0.04,-0.034,0,-0.1,0,-35.8,6.1,26.5,0.164494766,0.703146458,-0.140018921,0.677388836
795,1991373,1377850,0.985,0.04,-0.034,0,0,0,-35.8,6.1,26.5,0.164494766,0.703146458,-0.140018921,0.677388836
796,1992869,1377850,0.981,0.044,-0.03,0.1,0,0,-35.5,5.9,27.7,0.164494766,0.703146458,-0.140018921,0.677388836
797,1995929,1377860,0.985,0.04,-0.03,0.1,0,0,-35.5,5.9,27.7,0.164494766,0.703146458,-0.140018921,0.677388836
798,1998870,1377860,0.988,0.044,-0.03,0,-0.1,-0.1,-35.5,5.9,27.7,0.164494766,0.703146458,-0.140018921,0.677388836
799,2000386,1377860,0.985,0.04,-0.034,0,-0.3,-0.1,-35.5,5.9,27.7,0.164494766,0.703176977,-0.140018921,0.677388836
800,2002985,1377860,0.988,0.044,-0.026,0,-0.2,0,-35.5,5.6,28.4,0.164494766,0.703176977,-0.140018921,0.677388836
801,2006366,1377870,0.988,0.04,-0.034,0,-0.1,0,-35.5,5.6,28.4,0.164494766,0.703176977,-0.140018921,0.677358318
802,2007863,1377870,0.985,0.036,-0.03,0,-0.1,-0.1,-35.5,5.6,28.4,0.164494766,0.703176977,-0.140018921,0.677358318
803,2010880,1377870,0.985,0.036,-0.03,0,0,0,-35.5,5.6,28.4,0.164494766,0.703176977,-0.140018921,0.677358318
804,2013946,1377870,0.985,0.044,-0.03,0,0,0,-35.2,6,28.8,0.164494766,0.703176977,-0.140018921,0.677358318
805,2016221,1377880,0.985,0.036,-0.03,0,0,0,-35.2,6,28.8,0.164494766,0.703176977,-0.140018921,0.677358318
806,2018427,1377880,0.985,0.04,-0.03,0,0,0,-35.2,6,28.8,0.164494766,0.703176977,-0.140018921,0.677358318
807,2021392,1377880,0.985,0.04,-0.034,0,0,0,-35.2,6,28.8,0.164494766,0.703176977,-0.140018921,0.677358318
808,2022885,1377880,0.988,0.036,-0.034,0,0,0,-35.3,5.9,29.2,0.164494766,0.703207495,-0.140018921,0.677327799
809,2025966,1377890,0.985,0.036,-0.03,0,0,0,-35.3,5.9,29.2,0.164494766,0.703207495,-0.140018921,0.677327799
810,2028858,1377890,0.985,0.036,-0.03,0,-0.1,0,-35.3,5.9,29.2,0.164494766,0.703207495,-0.140018921,0.677327799
811,2030415,1377890,0.985,0.04,-0.026,0,-0.2,0,-35.3,5.9,29.2,0.164494766,0.703238014,-0.140018921,0.677327799
812,2033548,1377890,0.985,0.04,-0.03,0,-0.3,0,-35.8,5.8,25.5,0.164494766,0.703238014,-0.14004944,0.677297281
813,2036448,1377900,0.988,0.036,-0.034,0,-0.3,0,-35.8,5.8,25.5,0.164494766,0.703238014,-0.14004944,0.677297281
814,2037903,1377900,0.985,0.044,-0.034,0,-0.2,0,-35.8,5.8,25.5,0.164494766,0.703238014,-0.14004944,0.677297281
815,2041036,1377900,0.985,0.044,-0.03,0,-0.1,0,-35.8,5.8,25.5,0.164494766,0.703238014,-0.14004944,0.677297281
816,2043905,1377900,0.988,0.044,-0.022,0,-0.1,0,-35.8,6,27.8,0.164494766,0.703238014,-0.14004944,0.677297281
817,2045380,1377910,0.985,0.04,-0.034,0,-0.1,0,-35.8,6,27.8,0.164494766,0.703238014,-0.14004944,0.677297281
818,2048435,1377910,0.985,0.04,-0.022,0,0,-0.1,-35.8,6,27.8,0.164494766,0.703238014,-0.14004944,0.677297281
819,2050345,1377910,0.981,0.04,-0.03,0,0,-0.1,-35.8,6,27.8,0.164494766,0.703238014,-0.14004944,0.677297281
820,2053724,1377910,0.981,0.04,-0.034,0.1,0.1,-0.1,-35.7,6,27.2,0.164494766,0.703238014,-0.14004944,0.677297281
821,2055453,1377920,0.985,0.036,-0.026,0.1,0,0,-35.7,6,27.2,0.164494766,0.703238014,-0.14004944,0.677297281
822,2057775,1377920,0.985,0.036,-0.038,0.1,0,0,-35.7,6,27.2,0.164494766,0.703238014,-0.14004944,0.677297281
823,2061270,1377920,0.985,0.036,-0.034,0.1,0,0,-35.7,6,27.2,0.164494766,0.703238014,-0.14004944,0.677297281
824,2062845,1377920,0.985,0.036,-0.03,0.1,0,0,-35.7,6,26.4,0.164494766,0.703238014,-0.140018921,0.677297281
825,2065755,1377930,0.988,0.044,-0.03,0,0,0,-35.7,6,26.4,0.164494766,0.703238014,-0.140018921,0.677297281
826,2067972,1377930,0.988,0.044,-0.03,0,-0.1,0,-35.7,6,26.4,0.164494766,0.703238014,-0.140018921,0.677297281
827,2070484,1377930,0.988,0.04,-0.034,0,-0.1,0,-35.7,6,26.4,0.164494766,0.703268532,-0.14004944,0.677297281
828,2072747,1377930,0.985,0.036,-0.034,0,0,-0.1,-35.7,5.5,26.2,0.164494766,0.703299051,-0.140018921,0.677236244
829,2076367,1377940,0.985,0.036,-0.034,0,0,-0.1,-35.7,5.5,26.2,0.164494766,0.703299051,-0.140018921,0.677236244
830,2078472,1377940,0.985,0.04,-0.022,0,0,-0.1,-35.7,5.5,26.2,0.164494766,0.703299051,-0.140018921,0.677236244
831,2080721,1377940,0.981,0.04,-0.03,0,0,-0.1,-35.7,5.5,26.2,0.164494766,0.703299051,-0.140018921,0.677236244
832,2082951,1377940,0.985,0.044,-0.03,0,0,-0.1,-35.7,5.9,27.1,0.164494766,0.703299051,-0.140018921,0.677236244
833,2085606,1377950,0.985,0.044,-0.03,0,0,-0.1,-35.7,5.9,27.1,0.164494766,0.703299051,-0.140018921,0.677236244
834,2087936,1377950,0.981,0.04,-0.03,0,0,0,-35.7,5.9,27.1,0.164494766,0.703299051,-0.140018921,0.677236244
835,2091294,1377950,0.985,0.04,-0.034,0,0,0,-35.7,5.9,27.1,0.164494766,0.703299051,-0.140018921,0.677236244
836,2093527,1377950,0.981,0.04,-0.03,-0.1,-0.1,0,-35.6,6.2,27.5,0.164494766,0.703299051,-0.140018921,0.677236244
837,2095759,1377960,0.985,0.04,-0.026,-0.1,-0.1,0,-35.6,6.2,27.5,0.164494766,0.703299051,-0.140018921,0.677236244
838,2097946,1377960,0.985,0.044,-0.034,-0.1,-0.2,0,-35.6,6.2,27.5,0.164494766,0.703299051,-0.140018921,0.677236244
839,2100759,1377960,0.988,0.044,-0.03,0,-0.3,-0.1,-35.6,6.2,27.5,0.164494766,0.703299051,-0.14004944,0.677236244
840,2102910,1377960,0.992,0.04,-0.03,0,-0.1,-0.2,-35.5,5.7,27.2,0.164494766,0.703299051,-0.140018921,0.677236244
841,2106257,1377970,0.988,0.036,-0.034,0.1,0,-0.1,-35.5,5.7,27.2,0.164494766,0.703329569,-0.140018921,0.677205725
842,2108121,1377970,0.988,0.04,-0.03,0.1,0,-0.1,-35.5,5.7,27.2,0.164494766,0.703329569,-0.140018921,0.677236244
843,2110287,1377970,0.985,0.04,-0.034,0.1,0,0,-35.5,5.7,27.2,0.164494766,0.703329569,-0.140018921,0.677236244
844,2113781,1377970,0.985,0.04,-0.026,0,-0.1,0,-35.6,6,27,0.164494766,0.703329569,-0.140018921,0.677205725
845,2115495,1377980,0.985,0.036,-0.034,0,-0.1,0,-35.6,6,27,0.164494766,0.703329569,-0.140018921,0.677205725
846,2118336,1377980,0.988,0.04,-0.026,0,-0.1,0,-35.6,6,27,0.164494766,0.703329569,-0.140018921,0.677205725
847,2121291,1377980,0.981,0.036,-0.03,0,0,-0.1,-35.6,6,27,0.164494766,0.703329569,-0.140018921,0.677205725
848,2122751,1377980,0.981,0.044,-0.038,0.1,0.2,0.1,-35.7,5.4,26.9,0.164464248,0.703329569,-0.14004944,0.677205725
849,2125642,1377990,0.981,0.044,-0.038,0.1,0.2,0.1,-35.7,5.4,26.9,0.164464248,0.703329569,-0.14004944,0.677205725
850,2128752,1377990,0.981,0.04,-0.038,0.1,0.2,0.1,-35.7,5.4,26.9,0.164464248,0.703329569,-0.14004944,0.677205725
851,2130244,1377990,0.985,0.036,-0.034,0.1,0.1,0.2,-35.7,5.4,26.9,0.164464248,0.703329569,-0.14004944,0.677236244
852,2133122,1377990,0.981,0.04,-0.03,0,0,0,-35.6,6.5,28.4,0.164464248,0.703329569,-0.14004944,0.677236244
853,2136295,1378000,0.988,0.04,-0.034,0,-0.2,0,-35.6,6.5,28.4,0.164464248,0.703329569,-0.14004944,0.677205725
854,2137801,1378000,0.985,0.04,-0.034,0,-0.3,0,-35.6,6.5,28.4,0.164464248,0.703329569,-0.14004944,0.677205725
855,2140794,1378000,0.988,0.04,-0.034,0,-0.1,0,-35.6,6.5,28.4,0.164464248,0.703329569,-0.14004944,0.677205725
856,2142886,1378000,0.988,0.04,-0.03,0.1,0,0,-35.4,4.6,25.9,0.164433729,0.703329569,-0.14004944,0.677205725
857,2145786,1378010,0.985,0.04,-0.038,0.1,0,0,-35.4,4.6,25.9,0.164433729,0.703329569,-0.14004944,0.677205725
858,2148754,1378010,0.992,0.044,-0.034,0.1,0,0,-35.4,4.6,25.9,0.164433729,0.703329569,-0.14004944,0.677205725
859,2150379,1378010,0.988,0.048,-0.034,0.1,0.1,0,-35.4,4.6,25.9,0.164433729,0.703329569,-0.14004944,0.677205725
860,2153428,1378010,0.985,0.04,-0.034,0.1,0.2,0,-35.6,4.3,26.3,0.164433729,0.703329569,-0.14004944,0.677205725
861,2156537,1378020,0.985,0.04,-0.03,0,0.3,0,-35.6,4.3,26.3,0.164433729,0.703329569,-0.14004944,0.677236244
862,2158057,1378020,0.981,0.04,-0.026,0,0.3,0,-35.6,4.3,26.3,0.164433729,0.703329569,-0.14004944,0.677236244
863,2161015,1378020,0.981,0.036,-0.026,0,0.2,0,-35.6,4.3,26.3,0.164433729,0.703299051,-0.14004944,0.677236244
864,2162757,1378020,0.988,0.036,-0.026,0,0.2,0,-35.3,3.7,26,0.164433729,0.703299051,-0.14004944,0.677236244
865,2165481,1378030,0.985,0.036,-0.03,0,0.2,0,-35.3,3.7,26,0.164433729,0.703299051,-0.14004944,0.677236244
866,2168582,1378030,0.981,0.04,-0.026,0,0,0,-35.3,3.7,26,0.164433729,0.703299051,-0.14004944,0.677236244
867,2171577,1378030,0.981,0.036,-0.03,0,-0.1,0,-35.3,3.7,26,0.164433729,0.703299051,-0.14004944,0.677236244
868,2173168,1378030,0.985,0.036,-0.03,0,-0.2,0,-35.4,4.1,26,0.164403211,0.703299051,-0.140079958,0.677236244
869,2176186,1378040,0.988,0.04,-0.03,0,-0.2,0,-35.4,4.1,26,0.164403211,0.703299051,-0.140079958,0.677236244
870,2177859,1378040,0.992,0.04,-0.03,0,0,0,-35.4,4.1,26,0.164403211,0.703299051,-0.140079958,0.677236244
871,2180562,1378040,0.988,0.04,-0.034,0,0.1,0,-35.4,4.1,26,0.164403211,0.703299051,-0.140079958,0.677236244
872,2183587,1378040,0.988,0.04,-0.034,0,0,0,-35.5,7.4,27.7,0.164403211,0.703299051,-0.140079958,0.677236244
873,2185279,1378050,0.988,0.044,-0.034,0,-0.1,0,-35.5,7.4,27.7,0.164403211,0.703299051,-0.140079958,0.677236244
874,2188008,1378050,0.981,0.044,-0.03,0,-0.2,-0.1,-35.5,7.4,27.7,0.164403211,0.703329569,-0.140079958,0.677236244
875,2191088,1378050,0.985,0.044,-0.034,0,-0.1,-0.1,-35.5,7.4,27.7,0.164403211,0.703329569,-0.140079958,0.677236244
876,2192791,1378050,0.985,0.036,-0.026,0,0,0,-35.2,5.7,26.8,0.164403211,0.703329569,-0.140079958,0.677236244
877,2195849,1378060,0.985,0.036,-0.034,0,0.2,0,-35.2,5.7,26.8,0.164403211,0.703299051,-0.140079958,0.677236244
878,2197716,1378060,0.988,0.044,-0.026,0,0.2,0,-35.2,5.7,26.8,0.164403211,0.703299051,-0.140079958,0.677236244
879,2200394,1378060,0.985,0.036,-0.034,0.1,0.1,0,-35.2,5.7,26.8,0.164403211,0.703299051,-0.140079958,0.677236244
880,2203413,1378060,0.985,0.04,-0.026,0,0,0,-35.6,6.2,26.8,0.164403211,0.703299051,-0.140079958,0.677236244
881,2206797,1378070,0.985,0.04,-0.03,0,0,0,-35.6,6.2,26.8,0.164403211,0.703299051,-0.140079958,0.677236244
882,2208407,1378070,0.985,0.04,-0.03,0,0,0,-35.6,6.2,26.8,0.164403211,0.703299051,-0.140079958,0.677236244
883,2211385,1378070,0.988,0.036,-0.034,0,0,0,-35.6,6.2,26.8,0.164403211,0.703299051,-0.140079958,0.677236244
884,2212893,1378070,0.988,0.04,-0.03,0,0,0,-35.4,7.2,26.7,0.164403211,0.703299051,-0.140079958,0.677236244
885,2215898,1378080,0.985,0.04,-0.03,0,0,0,-35.4,7.2,26.7,0.164403211,0.703299051,-0.140079958,0.677236244
886,2219054,1378080,0.988,0.04,-0.03,0.1,0,0,-35.4,7.2,26.7,0.164403211,0.703299051,-0.140079958,0.677236244
887,2220495,1378080,0.988,0.04,-0.03,0,0,0,-35.4,7.2,26.7,0.164403211,0.703299051,-0.140079958,0.677236244
888,2223607,1378080,0.988,0.04,-0.034,0,0.1,0,-35.4,7.3,26.6,0.164403211,0.703329569,-0.140079958,0.677205725
889,2225529,1378090,0.988,0.04,-0.026,0,0.1,0,-35.4,7.3,26.6,0.164403211,0.703329569,-0.140079958,0.677205725
890,2228666,1378090,0.985,0.04,-0.026,-0.1,0.1,0,-35.4,7.3,26.6,0.164403211,0.703329569,-0.140079958,0.677205725
891,2230289,1378090,0.985,0.036,-0.026,-0.1,0,-0.1,-35.4,7.3,26.6,0.164403211,0.703329569,-0.140079958,0.677205725
892,2232863,1378090,0.988,0.044,-0.03,0,-0.1,-0.1,-35.4,7.3,26.6,0.164403211,0.703329569,-0.140079958,0.677205725
893,2236284,1378100,0.985,0.036,-0.03,0,-0.2,-0.1,-35.4,7.3,26.6,0.164403211,0.703329569,-0.140079958,0.677205725
894,2237930,1378100,0.981,0.036,-0.034,0,-0.1,0,-35.4,7.3,26.6,0.164403211,0.703329569,-0.140079958,0.677205725
895,2240265,1378100,0.988,0.04,-0.038,0,-0.1,0,-35.4,7.3,26.6,0.164403211,0.703329569,-0.140079958,0.677205725
896,2243011,1378100,0.988,0.036,-0.026,0.1,0,0,-35.5,6.5,27.2,0.164403211,0.703329569,-0.140079958,0.677205725
897,2245373,1378110,0.985,0.036,-0.034,0.1,0,0,-35.5,6.5,27.2,0.164403211,0.703329569,-0.140079958,0.677205725
898,2248350,1378110,0.985,0.04,-0.026,0.1,0,0,-35.5,6.5,27.2,0.164403211,0.703329569,-0.140079958,0.677205725
899,2251388,1378110,0.985,0.04,-0.034,0,0.1,0,-35.5,6.5,27.2,0.164403211,0.703329569,-0.140079958,0.677205725
900,2253680,1378110,0.985,0.04,-0.03,0,0.2,0,-35.5,6,27.1,0.164403211,0.703329569,-0.140079958,0.677205725
901,2255775,1378120,0.981,0.04,-0.03,0,0.1,0,-35.5,6,27.1,0.164403211,0.703329569,-0.140079958,0.677205725
902,2258752,1378120,0.985,0.036,-0.03,0,0.1,0,-35.5,6,27.1,0.164403211,0.703329569,-0.140079958,0.677205725
903,2260674,1378120,0.981,0.04,-0.03,0,0.1,0,-35.5,6,27.1,0.164403211,0.703329569,-0.140079958,0.677236244
904,2262903,1378120,0.981,0.036,-0.026,0,0.1,0,-36.2,5.9,26.8,0.164403211,0.703329569,-0.140079958,0.677236244
905,2266271,1378130,0.985,0.04,-0.03,0,0,0,-36.2,5.9,26.8,0.164403211,0.703329569,-0.140079958,0.677236244
906,2268136,1378130,0.988,0.04,-0.03,0,0,0,-36.2,5.9,26.8,0.164403211,0.703329569,-0.140079958,0.677236244
907,2270273,1378130,0.985,0.04,-0.03,0,0,0,-36.2,5.9,26.8,0.164403211,0.703329569,-0.140079958,0.677236244
908,2272729,1378130,0.988,0.044,-0.034,0.1,0,0.2,-36,6.1,26.8,0.164372692,0.703329569,-0.140110477,0.677205725
909,2276366,1378140,0.988,0.044,-0.034,0.1,0,0.2,-36,6.1,26.8,0.164372692,0.703329569,-0.140110477,0.677205725
910,2278726,1378140,0.985,0.044,-0.034,0.1,0,0.1,-36,6.1,26.8,0.164372692,0.703329569,-0.140110477,0.677205725
911,2280434,1378140,0.985,0.044,-0.03,0,0,0,-36,6.1,26.8,0.164372692,0.703329569,-0.140110477,0.677205725
912,2282837,1378140,0.985,0.044,-0.03,0,0,0,-36,6.1,26.8,0.164372692,0.703329569,-0.140110477,0.677205725
913,2285287,1378150,0.988,0.044,-0.026,0,0,0,-36,6.1,26.8,0.164372692,0.703329569,-0.140110477,0.677205725
914,2288773,1378150,0.988,0.04,-0.026,-0.1,0,0,-36,6.1,26.8,0.164372692,0.703329569,-0.140110477,0.677205725
915,2290557,1378150,0.985,0.04,-0.03,-0.1,0,0,-36,6.1,26.8,0.164372692,0.703329569,-0.140110477,0.677205725
916,2293020,1378150,0.985,0.044,-0.026,0,0.1,0,-36.8,7.4,27.4,0.164372692,0.703329569,-0.140110477,0.677205725
917,2295329,1378160,0.985,0.048,-0.03,0,0.1,0,-36.8,7.4,27.4,0.164372692,0.703329569,-0.140110477,0.677205725
918,2299365,1378160,0.988,0.036,-0.026,0,0.1,-0.1,-36.8,7.4,27.4,0.164372692,0.703329569,-0.140110477,0.677236244
919,2301014,1378160,0.985,0.044,-0.03,0,0,-0.1,-36.8,7.4,27.4,0.164372692,0.703329569,-0.140110477,0.677236244
920,2302902,1378160,0.981,0.036,-0.03,0,0,0,-37.2,7.3,27,0.164372692,0.703329569,-0.140110477,0.677236244
921,2305620,1378170,0.985,0.036,-0.03,0,0,0,-37.2,7.3,27,0.164372692,0.703329569,-0.140110477,0.677236244
922,2308758,1378170,0.992,0.044,-0.026,0,0,-0.2,-37.2,7.3,27,0.164372692,0.703329569,-0.140110477,0.677236244
923,2310316,1378170,0.988,0.036,-0.03,0,0,-0.3,-37.2,7.3,27,0.164403211,0.703329569,-0.140079958,0.677236244
924,2313843,1378170,0.985,0.04,-0.034,0,0.1,-0.2,-37.7,7.4,27.3,0.164403211,0.703329569,-0.140079958,0.677236244
925,2315580,1378180,0.985,0.04,-0.03,0.1,0.1,-0.1,-37.7,7.4,27.3,0.164403211,0.703329569,-0.140079958,0.677236244
926,2318169,1378180,0.985,0.04,-0.034,0.1,0.1,-0.1,-37.7,7.4,27.3,0.164403211,0.703329569,-0.140079958,0.677236244
927,2321113,1378180,0.988,0.04,-0.026,0,0,0,-37.7,7.4,27.3,0.164403211,0.703329569,-0.140079958,0.677236244
928,2323208,1378180,0.988,0.036,-0.034,0,-0.1,0,-38,7.4,27.5,0.164372692,0.703360088,-0.140079958,0.677175207
929,2326280,1378190,0.981,0.044,-0.03,0,-0.1,0,-38,7.4,27.5,0.164372692,0.703360088,-0.140079958,0.677175207
930,2328038,1378190,0.985,0.04,-0.026,0,-0.1,0,-38,7.4,27.5,0.164372692,0.703360088,-0.140079958,0.677175207
931,2331109,1378190,0.981,0.04,-0.038,0,-0.1,0,-38,7.4,27.5,0.164372692,0.703360088,-0.140079958,0.677175207
932,2333892,1378190,0.985,0.04,-0.026,0,-0.1,0,-38,7.4,27.5,0.164372692,0.703390606,-0.140079958,0.677175207
933,2336183,1378200,0.988,0.04,-0.03,0.1,0,-0.1,-38,7.4,27.5,0.164372692,0.703390606,-0.140079958,0.677175207
934,2337989,1378200,0.988,0.04,-0.034,0,0.1,-0.1,-38,7.4,27.5,0.164372692,0.703360088,-0.140079958,0.677175207
935,2340816,1378200,0.988,0.044,-0.03,0,0.1,0,-38,7.4,27.5,0.164372692,0.703360088,-0.140079958,0.677175207
936,2343134,1378200,0.988,0.044,-0.034,0,0,0,-36.5,6.5,27.1,0.164372692,0.703360088,-0.140079958,0.677175207
937,2345464,1378210,0.985,0.04,-0.034,0,0,0,-36.5,6.5,27.1,0.164372692,0.703360088,-0.140079958,0.677175207
938,2347766,1378210,0.985,0.04,-0.034,0,0.1,0,-36.5,6.5,27.1,0.164372692,0.703360088,-0.140079958,0.677175207
939,2350816,1378210,0.985,0.04,-0.034,0,0.1,0,-36.5,6.5,27.1,0.164372692,0.703360088,-0.140079958,0.677175207
940,2352859,1378210,0.985,0.04,-0.034,0,0.1,-0.1,-35.9,6.5,27.4,0.164372692,0.703360088,-0.140079958,0.677175207
941,2355898,1378220,0.981,0.036,-0.034,0,0,-0.1,-35.9,6.5,27.4,0.164403211,0.703360088,-0.140079958,0.677175207
942,2358801,1378220,0.981,0.036,-0.034,0,0,-0.1,-35.9,6.5,27.4,0.164403211,0.703360088,-0.140079958,0.677175207
943,2360342,1378220,0.981,0.044,-0.03,0,0,-0.1,-35.9,6.5,27.4,0.164403211,0.703360088,-0.140079958,0.677175207
944,2363392,1378220,0.985,0.036,-0.026,0,0,-0.1,-35,6.2,27.2,0.164403211,0.703360088,-0.140079958,0.677175207
945,2366321,1378230,0.985,0.04,-0.026,0,0,0,-35,6.2,27.2,0.164403211,0.703360088,-0.140079958,0.677175207
946,2367848,1378230,0.988,0.036,-0.03,0,-0.1,0,-35,6.2,27.2,0.164403211,0.703360088,-0.140079958,0.677175207
947,2370863,1378230,0.988,0.044,-0.034,0,-0.1,0,-35,6.2,27.2,0.164403211,0.703360088,-0.140079958,0.677175207
948,2372905,1378230,0.988,0.04,-0.038,0,-0.1,0,-34.6,6.1,27.3,0.164372692,0.703390606,-0.140079958,0.677175207
949,2376702,1378240,0.988,0.036,-0.038,0,-0.1,0,-34.6,6.1,27.3,0.164372692,0.703390606,-0.140079958,0.677175207
950,2378856,1378240,0.985,0.044,-0.03,0,-0.1,0,-34.6,6.1,27.3,0.164372692,0.703390606,-0.140079958,0.677175207
951,2380364,1378240,0.988,0.04,-0.034,0.1,-0.2,0,-34.6,6.1,27.3,0.164372692,0.703390606,-0.140079958,0.677175207
952,2383381,1378240,0.985,0.04,-0.026,0.1,-0.2,0,-34.6,6.1,27.3,0.164372692,0.703390606,-0.140079958,0.677144688
953,2386459,1378250,0.988,0.04,-0.026,0,-0.1,-0.1,-34.6,6.1,27.3,0.164372692,0.703390606,-0.140079958,0.677144688
954,2387980,1378250,0.988,0.036,-0.026,0,-0.1,0,-34.6,6.1,27.3,0.164372692,0.703390606,-0.140079958,0.677144688
955,2390534,1378250,0.981,0.04,-0.034,-0.1,-0.1,0,-34.6,6.1,27.3,0.164372692,0.703390606,-0.140079958,0.677144688
956,2393968,1378250,0.981,0.036,-0.03,0,0,0,-35.7,6,26.9,0.164372692,0.703390606,-0.140079958,0.677144688
957,2396127,1378260,0.985,0.04,-0.034,0,0,-0.1,-35.7,6,26.9,0.164372692,0.703390606,-0.140079958,0.677144688
958,2398088,1378260,0.988,0.04,-0.03,0,-0.1,-0.1,-35.7,6,26.9,0.164372692,0.703390606,-0.140079958,0.677144688
959,2400366,1378260,0.985,0.04,-0.03,0.1,-0.1,-0.1,-35.7,6,26.9,0.164372692,0.703390606,-0.140079958,0.677144688
960,2402746,1378260,0.988,0.04,-0.026,0.1,-0.1,-0.1,-35.6,5.6,26.9,0.164372692,0.703421125,-0.140079958,0.677144688
961,2406055,1378270,0.988,0.04,-0.034,0.1,-0.1,0,-35.6,5.6,26.9,0.164372692,0.703421125,-0.140079958,0.677144688
962,2408212,1378270,0.988,0.04,-0.03,0.1,-0.2,0,-35.6,5.6,26.9,0.164372692,0.703421125,-0.140079958,0.677144688
963,2410618,1378270,0.988,0.036,-0.026,0,-0.3,0.1,-35.6,5.6,26.9,0.164372692,0.703421125,-0.140079958,0.677144688
964,2413018,1378270,0.988,0.04,-0.03,0,-0.2,0,-35.7,6,27,0.164372692,0.703421125,-0.140079958,0.67711417
965,2415706,1378280,0.985,0.04,-0.026,0,-0.1,0,-35.7,6,27,0.164372692,0.703421125,-0.140079958,0.67711417
966,2417722,1378280,0.985,0.044,-0.03,0,0,0,-35.7,6,27,0.164372692,0.703421125,-0.140079958,0.67711417
967,2421147,1378280,0.985,0.036,-0.03,0,0.1,0,-35.7,6,27,0.164372692,0.703421125,-0.140079958,0.67711417
968,2422900,1378280,0.985,0.044,-0.026,0,0.1,0,-35.4,6,27,0.164372692,0.703421125,-0.140079958,0.67711417
969,2425266,1378290,0.985,0.044,-0.026,0,0.1,0,-35.4,6,27,0.164372692,0.703421125,-0.140079958,0.67711417
970,2428708,1378290,0.985,0.04,-0.03,0,0,0.1,-35.4,6,27,0.164372692,0.703421125,-0.140079958,0.67711417
971,2430721,1378290,0.985,0.04,-0.034,0,0,0,-35.4,6,27,0.164372692,0.703421125,-0.140110477,0.67711417
972,2433851,1378290,0.988,0.036,-0.038,0,-0.1,0,-35.4,6,27,0.164372692,0.703421125,-0.140110477,0.67711417
973,2435317,1378300,0.985,0.036,-0.038,0,0,-0.1,-35.4,6,27,0.164372692,0.703421125,-0.140079958,0.67711417
974,2438166,1378300,0.985,0.04,-0.03,0.1,0,-0.1,-35.4,6,27,0.164372692,0.703421125,-0.140079958,0.67711417
975,2441292,1378300,0.981,0.04,-0.03,0.1,0,0,-35.4,6,27,0.164372692,0.703421125,-0.140079958,0.67711417
976,2442846,1378300,0.985,0.04,-0.026,0.1,0,0,-34.2,5.7,27.1,0.164372692,0.703421125,-0.140079958,0.67711417
977,2445600,1378310,0.985,0.04,-0.034,0,0,0.1,-34.2,5.7,27.1,0.164372692,0.703421125,-0.140079958,0.67711417
978,2448640,1378310,0.988,0.04,-0.03,0,0,0.1,-34.2,5.7,27.1,0.164342174,0.703421125,-0.140079958,0.67711417
979,2450594,1378310,0.988,0.048,-0.03,0,-0.1,0.1,-34.2,5.7,27.1,0.164342174,0.703421125,-0.140079958,0.67711417
980,2452884,1378310,0.988,0.04,-0.038,0.1,0,0.1,-34,5.9,27.2,0.164342174,0.703421125,-0.140079958,0.67711417
981,2456282,1378320,0.985,0.04,-0.03,0.1,0,0,-34,5.9,27.2,0.164342174,0.703421125,-0.140079958,0.67711417
982,2458171,1378320,0.985,0.036,-0.034,0,0.1,0,-34,5.9,27.2,0.164342174,0.703421125,-0.140079958,0.67711417
983,2460359,1378320,0.988,0.036,-0.034,0,0.1,-0.1,-34,5.9,27.2,0.164342174,0.703421125,-0.140079958,0.67711417
984,2463596,1378320,0.985,0.036,-0.03,0,0.1,0,-33.9,6.3,27.2,0.164342174,0.703421125,-0.140079958,0.67711417
985,2465399,1378330,0.985,0.04,-0.034,0,0,0,-33.9,6.3,27.2,0.164342174,0.703421125,-0.140079958,0.677144688
986,2468470,1378330,0.988,0.032,-0.034,0,0,0,-33.9,6.3,27.2,0.164342174,0.703421125,-0.140079958,0.677144688
987,2470353,1378330,0.985,0.04,-0.034,0,0,0,-33.9,6.3,27.2,0.164342174,0.703421125,-0.140079958,0.677144688
988,2474563,1378330,0.988,0.04,-0.026,0,0,0,-34.1,6,27,0.164281137,0.703482162,-0.140140996,0.677083651
989,2476466,1378340,0.988,0.04,-0.034,0,0,0,-34.1,6,27,0.164281137,0.703482162,-0.140140996,0.677083651
990,2479117,1378340,0.985,0.036,-0.034,0,0,0,-34.1,6,27,0.164281137,0.703482162,-0.140140996,0.677083651
991,2481223,1378340,0.985,0.04,-0.03,0,0,0,-34.1,6,27,0.164281137,0.703482162,-0.140140996,0.677083651
992,2483340,1378340,0.988,0.044,-0.038,0,0.1,0,-34.1,6,27,0.164281137,0.703482162,-0.140140996,0.677083651
993,2485553,1378350,0.985,0.04,-0.022,0,0,-0.1,-34.1,6,27,0.164281137,0.703482162,-0.140140996,0.677083651
994,2487808,1378350,0.985,0.036,-0.034,0,0,-0.1,-34.1,6,27,0.164281137,0.703482162,-0.140140996,0.677083651
995,2491284,1378350,0.988,0.036,-0.034,0,0,-0.1,-34.1,6,27,0.164281137,0.703482162,-0.140140996,0.677083651
996,2492921,1378350,0.988,0.036,-0.03,0,0.1,-0.1,-35,6.1,27,0.164281137,0.703482162,-0.140140996,0.677083651
997,2496805,1378360,0.985,0.036,-0.034,-0.1,0.1,-0.1,-35,6.1,27,0.164281137,0.703451643,-0.140140996,0.677083651
998,2498846,1378360,0.985,0.04,-0.034,-0.1,0.1,-0.1,-35,6.1,27,0.164281137,0.703451643,-0.140110477,0.677083651
999,2501120,1378360,0.985,0.044,-0.034,-0.1,0,-0.1,-35,6.1,27,0.164281137,0.703451643,-0.140110477,0.677083651
1000,2502938,1378360,0.985,0.036,-0.034,0,0,-0.1,-35.1,6.1,27,0.164281137,0.703451643,-0.140110477,0.677083651
1001,2505305,1378370,0.985,0.04,-0.034,0,0,0,-35.1,6.1,27,0.164281137,0.703451643,-0.140110477,0.677083651
1002,2509365,1378370,0.985,0.04,-0.026,0,0,0,-35.1,6.1,27,0.164281137,0.703451643,-0.140140996,0.677083651
1003,2511562,1378370,0.988,0.04,-0.03,0,0,0,-35.1,6.1,27,0.164281137,0.703482162,-0.140140996,0.677083651
1004,2513551,1378370,0.988,0.036,-0.03,0,0,0.1,-35.5,6.3,27,0.164281137,0.703451643,-0.140140996,0.677083651
1005,2515858,1378380,0.985,0.036,-0.034,0,0,0.2,-35.5,6.3,27,0.164281137,0.703451643,-0.140140996,0.677083651
1006,2518134,1378380,0.988,0.044,-0.026,0,0,0.1,-35.5,6.3,27,0.164281137,0.703451643,-0.140140996,0.677083651
1007,2520310,1378380,0.985,0.04,-0.026,0,0,0,-35.5,6.3,27,0.164281137,0.703451643,-0.140140996,0.677083651
1008,2522854,1378380,0.985,0.04,-0.03,0,0,0,-35.1,6.1,27.1,0.164281137,0.703482162,-0.140140996,0.677083651
1009,2525442,1378390,0.985,0.036,-0.03,0,0,0,-35.1,6.1,27.1,0.164281137,0.703482162,-0.140140996,0.677083651
1010,2527717,1378390,0.985,0.04,-0.038,0,0,0,-35.1,6.1,27.1,0.164281137,0.703482162,-0.140140996,0.677083651
1011,2531858,1378390,0.985,0.036,-0.026,0,0.1,0.1,-35.1,6.1,27.1,0.164281137,0.703482162,-0.140140996,0.677083651
1012,2533890,1378390,0.981,0.04,-0.026,0,0,0,-35.1,6.1,27.1,0.164281137,0.703482162,-0.140140996,0.677083651
1013,2536153,1378400,0.985,0.04,-0.026,0,0,0,-35.1,6.1,27.1,0.164281137,0.703482162,-0.140140996,0.677083651
1014,2538371,1378400,0.981,0.04,-0.034,0,0,0.1,-35.1,6.1,27.1,0.164281137,0.703482162,-0.140140996,0.677083651
1015,2540625,1378400,0.985,0.04,-0.034,0,0,0.2,-35.1,6.1,27.1,0.164281137,0.703482162,-0.140140996,0.677083651
1016,2542869,1378400,0.988,0.04,-0.03,0,0,0.1,-35.6,6.1,27.8,0.164281137,0.703482162,-0.140171514,0.677083651
1017,2546323,1378410,0.985,0.04,-0.034,0,0,0,-35.6,6.1,27.8,0.164281137,0.703482162,-0.140171514,0.677083651
1018,2547844,1378410,0.985,0.04,-0.03,0,-0.1,0,-35.6,6.1,27.8,0.164281137,0.703482162,-0.140171514,0.677083651
1019,2550391,1378410,0.985,0.044,-0.034,0,-0.2,0,-35.6,6.1,27.8,0.164281137,0.703482162,-0.140171514,0.677083651
1020,2552744,1378410,0.988,0.04,-0.038,0,-0.3,-0.1,-35.5,6,28.3,0.164281137,0.703482162,-0.140171514,0.677083651
1021,2556836,1378420,0.988,0.04,-0.03,0.1,-0.2,-0.1,-35.5,6,28.3,0.164281137,0.703482162,-0.140140996,0.677083651
1022,2559102,1378420,0.985,0.04,-0.034,0,-0.1,-0.1,-35.5,6,28.3,0.164281137,0.703482162,-0.140140996,0.677083651
1023,2561331,1378420,0.985,0.04,-0.034,0,0,-0.1,-35.5,6,28.3,0.164281137,0.703482162,-0.140140996,0.677083651
1024,2562902,1378420,0.981,0.036,-0.026,0,0,-0.2,-35.5,6.1,28.9,0.164281137,0.703482162,-0.140140996,0.677053133
1025,2566136,1378430,0.985,0.04,-0.034,0,0,-0.1,-35.5,6.1,28.9,0.164281137,0.703482162,-0.140140996,0.677053133
1026,2567815,1378430,0.988,0.04,-0.03,0,0,-0.1,-35.5,6.1,28.9,0.164281137,0.703482162,-0.140140996,0.677053133
1027,2571215,1378430,0.988,0.04,-0.034,0,0.1,0,-35.5,6.1,28.9,0.164281137,0.703482162,-0.140140996,0.677083651
1028,2572749,1378430,0.985,0.04,-0.03,-0.1,0.1,0,-35.4,5.8,29.5,0.164250618,0.70351268,-0.140171514,0.677053133
1029,2575690,1378440,0.985,0.04,-0.03,-0.1,0.1,0,-35.4,5.8,29.5,0.164250618,0.70351268,-0.140171514,0.677053133
1030,2577959,1378440,0.988,0.04,-0.026,0,0,0,-35.4,5.8,29.5,0.164250618,0.70351268,-0.140171514,0.677053133
1031,2580221,1378440,0.988,0.044,-0.03,0,0,0,-35.4,5.8,29.5,0.164250618,0.70351268,-0.140171514,0.677053133
1032,2582965,1378440,0.985,0.048,-0.03,0,0,0,-35.4,5.8,29.5,0.164250618,0.70351268,-0.140171514,0.677053133
1033,2585295,1378450,0.988,0.044,-0.034,0,0,0,-35.4,5.8,29.5,0.164250618,0.70351268,-0.140171514,0.677053133
1034,2587939,1378450,0.985,0.036,-0.038,0,0,0,-35.4,5.8,29.5,0.164250618,0.70351268,-0.140171514,0.677053133
1035,2590871,1378450,0.985,0.036,-0.034,0,-0.1,-0.1,-35.4,5.8,29.5,0.164250618,0.70351268,-0.140171514,0.677053133
1036,2593071,1378450,0.985,0.044,-0.026,0,0,-0.1,-35.7,6.1,27.7,0.164250618,0.70351268,-0.140171514,0.677053133
1037,2595374,1378460,0.985,0.036,-0.03,0,0,-0.1,-35.7,6.1,27.7,0.164281137,0.70351268,-0.140171514,0.677053133
1038,2598113,1378460,0.985,0.04,-0.03,0,0,-0.1,-35.7,6.1,27.7,0.164281137,0.70351268,-0.140171514,0.677053133
1039,2600235,1378460,0.988,0.04,-0.038,0,0,-0.1,-35.7,6.1,27.7,0.164281137,0.70351268,-0.140171514,0.677053133
1040,2603498,1378460,0.985,0.04,-0.034,0,0,-0.1,-35.7,6,27.4,0.164281137,0.70351268,-0.140171514,0.677053133
1041,2606165,1378470,0.985,0.04,-0.03,-0.1,0,0,-35.7,6,27.4,0.164281137,0.70351268,-0.140171514,0.677053133
1042,2607902,1378470,0.985,0.036,-0.026,-0.1,-0.1,0,-35.7,6,27.4,0.164281137,0.70351268,-0.140171514,0.677022614
1043,2611665,1378470,0.988,0.044,-0.03,-0.1,-0.1,0,-35.7,6,27.4,0.164281137,0.70351268,-0.140171514,0.677022614
1044,2613818,1378470,0.988,0.044,-0.03,0,-0.1,0,-35.6,6,27.1,0.164281137,0.70351268,-0.140171514,0.677022614
1045,2615272,1378480,0.981,0.036,-0.03,0,-0.1,0.1,-35.6,6,27.1,0.164281137,0.70351268,-0.140171514,0.677022614
1046,2619045,1378480,0.985,0.036,-0.03,0,-0.1,0,-35.6,6,27.1,0.164281137,0.70351268,-0.140171514,0.677022614
1047,2620395,1378480,0.985,0.04,-0.03,0,-0.2,0,-35.6,6,27.1,0.164281137,0.703543199,-0.140171514,0.677022614
1048,2623629,1378480,0.981,0.044,-0.03,0,-0.1,0,-35.8,6,26.1,0.164250618,0.703543199,-0.140202033,0.676992096
1049,2625394,1378490,0.985,0.04,-0.03,0,-0.2,0,-35.8,6,26.1,0.164250618,0.703543199,-0.140202033,0.676992096
1050,2627947,1378490,0.988,0.04,-0.034,0,-0.2,0,-35.8,6,26.1,0.164250618,0.703573717,-0.140202033,0.676992096
1051,2631101,1378490,0.981,0.04,-0.034,0,-0.1,0,-35.8,6,26.1,0.164250618,0.703573717,-0.140202033,0.676992096
1052,2632877,1378490,0.985,0.04,-0.038,0,0,0,-35.8,6,26.1,0.164250618,0.703573717,-0.140202033,0.676992096
1053,2636403,1378500,0.985,0.036,-0.03,0,0,0,-35.8,6,26.1,0.164250618,0.703573717,-0.140202033,0.676992096
1054,2637924,1378500,0.985,0.04,-0.03,0,0,0,-35.8,6,26.1,0.164250618,0.703573717,-0.140202033,0.676992096
1055,2640437,1378500,0.988,0.044,-0.03,0,0,0,-35.8,6,26.1,0.164250618,0.703573717,-0.140202033,0.676992096
1056,2644006,1378500,0.988,0.04,-0.034,0,0,-0.1,-35.4,6.2,26.8,0.164250618,0.703573717,-0.140202033,0.676992096
1057,2646134,1378510,0.988,0.04,-0.03,0,0,-0.1,-35.4,6.2,26.8,0.164250618,0.703573717,-0.140171514,0.676992096
1058,2647819,1378510,0.988,0.044,-0.03,0,0,-0.1,-35.4,6.2,26.8,0.164250618,0.703573717,-0.140171514,0.676992096
1059,2650667,1378510,0.985,0.04,-0.03,0,0,0,-35.4,6.2,26.8,0.164250618,0.703573717,-0.140171514,0.676992096
1060,2652994,1378510,0.992,0.036,-0.034,0,0,0,-35.4,6.2,26.8,0.164250618,0.703573717,-0.140171514,0.676992096
1061,2655293,1378520,0.988,0.044,-0.034,0,0,0,-35.4,6.2,26.8,0.164250618,0.703573717,-0.140171514,0.676992096
1062,2659032,1378520,0.988,0.04,-0.026,0,0,-0.1,-35.4,6.2,26.8,0.164250618,0.703573717,-0.140171514,0.676992096
1063,2661258,1378520,0.985,0.04,-0.034,0.1,0,-0.1,-35.4,6.2,26.8,0.164250618,0.703573717,-0.140171514,0.676992096
1064,2663796,1378520,0.985,0.044,-0.034,0.1,0.1,-0.1,-35.4,6.2,26.8,0.164250618,0.703573717,-0.140171514,0.676992096
1065,2665972,1378530,0.985,0.04,-0.034,0.1,0.1,0,-35.4,6.2,26.8,0.164250618,0.703573717,-0.140171514,0.676992096
1066,2667931,1378530,0.985,0.04,-0.03,0,0,0,-35.4,6.2,26.8,0.164250618,0.703573717,-0.140171514,0.676992096
1067,2671874,1378530,0.985,0.04,-0.034,0,0.1,0,-35.4,6.2,26.8,0.164281137,0.703573717,-0.140171514,0.676992096
1068,2673992,1378530,0.985,0.04,-0.03,0,0,-0.1,-35.4,6.2,26.8,0.164281137,0.703604236,-0.140171514,0.676931059
1069,2675661,1378540,0.988,0.04,-0.034,0.1,0,-0.1,-35.4,6.2,26.8,0.164281137,0.703604236,-0.140171514,0.676931059
1070,2677806,1378540,0.988,0.04,-0.03,0.1,0,0,-35.4,6.2,26.8,0.164250618,0.703604236,-0.140171514,0.676931059
1071,2681069,1378540,0.985,0.04,-0.034,0.1,0,0,-35.4,6.2,26.8,0.164250618,0.703604236,-0.140171514,0.676931059
1072,2683302,1378540,0.985,0.04,-0.03,0,-0.1,0,-35.4,6.2,26.8,0.164250618,0.703604236,-0.140171514,0.676931059
1073,2685675,1378550,0.985,0.04,-0.034,0,-0.1,0,-35.4,6.2,26.8,0.164250618,0.703604236,-0.140171514,0.676931059
1074,2688317,1378550,0.985,0.044,-0.034,0,-0.1,0,-35.4,6.2,26.8,0.164250618,0.703604236,-0.140171514,0.676931059
1075,2690509,1378550,0.985,0.04,-0.026,0,-0.1,0,-35.4,6.2,26.8,0.164250618,0.703604236,-0.140171514,0.676931059
1076,2692863,1378550,0.985,0.04,-0.034,0,-0.1,0,-35.6,6.4,28.1,0.164250618,0.703634754,-0.140171514,0.676931059
1077,2695361,1378560,0.985,0.04,-0.03,0,0,0,-35.6,6.4,28.1,0.164250618,0.703634754,-0.140171514,0.676931059
1078,2698658,1378560,0.985,0.036,-0.03,0,0,0,-35.6,6.4,28.1,0.164250618,0.703634754,-0.140171514,0.676931059
1079,2700902,1378560,0.985,0.04,-0.026,0,0,0,-35.6,6.4,28.1,0.164250618,0.703634754,-0.140171514,0.676931059
1080,2703248,1378560,0.981,0.044,-0.034,0,0,0,-35.6,6.4,28.1,0.164250618,0.703604236,-0.140171514,0.676931059
1081,2705550,1378570,0.985,0.04,-0.03,0,0,0,-35.6,6.4,28.1,0.164250618,0.703604236,-0.140171514,0.676931059
1082,2708395,1378570,0.985,0.04,-0.026,0,0,0,-35.6,6.4,28.1,0.164250618,0.703634754,-0.140171514,0.676931059
1083,2710543,1378570,0.988,0.04,-0.03,0,-0.1,0,-35.6,6.4,28.1,0.164250618,0.703634754,-0.140171514,0.676931059
1084,2712875,1378570,0.988,0.04,-0.03,0,-0.1,0,-35.6,6.4,28.1,0.164250618,0.703634754,-0.140171514,0.676931059
1085,2716649,1378580,0.985,0.044,-0.034,0,0,0,-35.6,6.4,28.1,0.164250618,0.703634754,-0.140171514,0.676931059
1086,2719009,1378580,0.985,0.044,-0.034,-0.1,0,-0.1,-35.6,6.4,28.1,0.164250618,0.703634754,-0.140171514,0.676931059
1087,2721554,1378580,0.988,0.04,-0.034,-0.1,0,-0.1,-35.6,6.4,28.1,0.164250618,0.703634754,-0.140171514,0.676931059
1088,2724066,1378580,0.985,0.04,-0.03,0,0,0,-35.6,6.4,28.1,0.164281137,0.703665273,-0.140140996,0.676870022
1089,2726542,1378590,0.985,0.04,-0.03,0,0,0,-35.6,6.4,28.1,0.164281137,0.703665273,-0.140140996,0.676870022
1090,2728497,1378590,0.981,0.04,-0.026,0,0,0.2,-35.6,6.4,28.1,0.164281137,0.703665273,-0.140140996,0.676870022
1091,2730365,1378590,0.985,0.032,-0.026,0,-0.1,0,-35.6,6.4,28.1,0.164281137,0.703695791,-0.140140996,0.676870022
1092,2732842,1378590,0.985,0.04,-0.034,0,0,0,-35.6,6.4,28.1,0.164281137,0.703695791,-0.140140996,0.676870022
1093,2736880,1378600,0.985,0.04,-0.034,0,0,-0.1,-35.6,6.4,28.1,0.164281137,0.703695791,-0.140140996,0.676870022
1094,2738851,1378600,0.981,0.04,-0.03,0,0.1,-0.2,-35.6,6.4,28.1,0.164281137,0.703695791,-0.140140996,0.676870022
1095,2740504,1378600,0.988,0.04,-0.03,0,0.1,-0.1,-35.6,6.4,28.1,0.164281137,0.703665273,-0.140140996,0.676870022
1096,2743937,1378600,0.988,0.04,-0.034,0,0.1,-0.1,-35.5,7.6,27.8,0.164281137,0.703665273,-0.140140996,0.676870022
1097,2746389,1378610,0.988,0.04,-0.034,-0.1,0.1,0,-35.5,7.6,27.8,0.164281137,0.703665273,-0.140140996,0.676870022
1098,2748562,1378610,0.981,0.04,-0.03,-0.1,0,0,-35.5,7.6,27.8,0.164281137,0.703665273,-0.140140996,0.676870022
1099,2750687,1378610,0.985,0.048,-0.03,0,0,0.1,-35.5,7.6,27.8,0.164281137,0.703665273,-0.140140996,0.676870022
1100,2752960,1378610,0.985,0.04,-0.034,0,0,0,-35.7,5.4,26.7,0.164281137,0.703665273,-0.140140996,0.676870022
1101,2755636,1378620,0.985,0.04,-0.034,0,0,0,-35.7,5.4,26.7,0.164281137,0.703665273,-0.140140996,0.676870022
1102,2757943,1378620,0.985,0.044,-0.03,0,0,0,-35.7,5.4,26.7,0.164281137,0.703665273,-0.140140996,0.676870022
1103,2761296,1378620,0.985,0.044,-0.03,0.1,0,0,-35.7,5.4,26.7,0.164281137,0.703665273,-0.140140996,0.676870022
1104,2762899,1378620,0.985,0.044,-0.034,0.1,0.2,0.1,-35.6,5.5,26.5,0.164281137,0.703665273,-0.140140996,0.676870022
1105,2765452,1378630,0.985,0.036,-0.034,0.1,0.3,0.1,-35.6,5.5,26.5,0.164281137,0.703665273,-0.140140996,0.67690054
1106,2768630,1378630,0.985,0.036,-0.026,0.1,0.3,0,-35.6,5.5,26.5,0.164281137,0.703665273,-0.140140996,0.67690054
1107,2770889,1378630,0.985,0.032,-0.026,0,0.2,0,-35.6,5.5,26.5,0.164281137,0.703665273,-0.140140996,0.67690054
1108,2773080,1378630,0.985,0.04,-0.034,0,0.2,-0.1,-35.6,6,26.5,0.164250618,0.703665273,-0.140171514,0.67690054
1109,2775325,1378640,0.985,0.04,-0.034,0,0.2,-0.1,-35.6,6,26.5,0.164250618,0.703665273,-0.140171514,0.67690054
1110,2778089,1378640,0.981,0.04,-0.034,0,0.2,0,-35.6,6,26.5,0.164250618,0.703665273,-0.140171514,0.67690054
1111,2782093,1378640,0.985,0.044,-0.03,0,0.2,-0.1,-35.6,6,26.5,0.164250618,0.703665273,-0.140171514,0.67690054
1112,2782823,1378640,0.992,0.04,-0.026,0.1,0.2,0,-35.4,7,26.6,0.164250618,0.703665273,-0.140171514,0.67690054
1113,2786610,1378650,0.988,0.04,-0.03,0.1,0.1,-0.1,-35.4,7,26.6,0.164250618,0.703665273,-0.140171514,0.67690054
1114,2788545,1378650,0.988,0.04,-0.034,0,0,0,-35.4,7,26.6,0.164250618,0.703665273,-0.140171514,0.67690054
1115,2790833,1378650,0.985,0.036,-0.034,0,-0.1,0,-35.4,7,26.6,0.164250618,0.703665273,-0.140171514,0.67690054
1116,2792818,1378650,0.985,0.044,-0.034,-0.1,-0.1,0,-35.7,6.1,27,0.164250618,0.703665273,-0.140171514,0.67690054
1117,2795410,1378660,0.985,0.044,-0.03,-0.1,0,0,-35.7,6.1,27,0.164250618,0.703665273,-0.140171514,0.67690054
1118,2799555,1378660,0.985,0.036,-0.03,0,0,0,-35.7,6.1,27,0.164250618,0.703665273,-0.140171514,0.67690054
1119,2801787,1378660,0.985,0.036,-0.034,0,0,0,-35.7,6.1,27,0.164250618,0.703665273,-0.140171514,0.67690054
1120,2803968,1378660,0.985,0.04,-0.034,0,0,0,-35.6,6.1,27.4,0.164250618,0.703665273,-0.140171514,0.67690054
1121,2805540,1378670,0.988,0.04,-0.034,0,0,0,-35.6,6.1,27.4,0.164250618,0.703665273,-0.140171514,0.67690054
1122,2807820,1378670,0.985,0.04,-0.034,0,0,0,-35.6,6.1,27.4,0.164250618,0.703665273,-0.140171514,0.67690054
1123,2810318,1378670,0.988,0.044,-0.03,0,0,0,-35.6,6.1,27.4,0.164250618,0.703665273,-0.140171514,0.67690054
1124,2813469,1378670,0.992,0.04,-0.03,0,0,0,-35.5,6,27.7,0.164250618,0.703634754,-0.140171514,0.67690054
1125,2815825,1378680,0.985,0.044,-0.026,0,0,0,-35.5,6,27.7,0.164250618,0.703634754,-0.140171514,0.67690054
1126,2818027,1378680,0.988,0.04,-0.034,0,-0.1,0,-35.5,6,27.7,0.164250618,0.703665273,-0.140171514,0.67690054
1127,2820374,1378680,0.988,0.044,-0.03,0,-0.1,0,-35.5,6,27.7,0.164250618,0.703665273,-0.140171514,0.67690054
1128,2823734,1378680,0.988,0.04,-0.03,0,-0.2,0,-35.3,6.2,27.6,0.164250618,0.703665273,-0.140171514,0.676870022
1129,2825626,1378690,0.985,0.04,-0.034,0.1,-0.3,0,-35.3,6.2,27.6,0.164250618,0.703665273,-0.140171514,0.676870022
1130,2827920,1378690,0.988,0.04,-0.026,0.1,-0.2,0,-35.3,6.2,27.6,0.164250618,0.703695791,-0.140140996,0.676870022
1131,2831269,1378690,0.981,0.04,-0.026,0.1,-0.1,0,-35.3,6.2,27.6,0.164250618,0.703695791,-0.140140996,0.676870022
1132,2832838,1378690,0.985,0.04,-0.03,0.1,0,0,-35.7,5.9,27.5,0.164250618,0.703695791,-0.140140996,0.676870022
1133,2837029,1378700,0.985,0.032,-0.034,0,0.1,0,-35.7,5.9,27.5,0.164250618,0.703695791,-0.140140996,0.676870022
1134,2839321,1378700,0.985,0.036,-0.038,0,0,0,-35.7,5.9,27.5,0.164250618,0.703695791,-0.140140996,0.676870022
1135,2841523,1378700,0.985,0.036,-0.034,0,-0.1,0,-35.7,5.9,27.5,0.164250618,0.703695791,-0.140140996,0.676870022
1136,2843771,1378700,0.985,0.04,-0.026,0,-0.3,0,-35.3,4.8,27.4,0.164250618,0.703695791,-0.140140996,0.676870022
1137,2845369,1378710,0.985,0.044,-0.03,0,-0.2,0,-35.3,4.8,27.4,0.164250618,0.703695791,-0.140140996,0.676870022
1138,2848083,1378710,0.985,0.048,-0.038,0,-0.1,0,-35.3,4.8,27.4,0.164250618,0.703695791,-0.140140996,0.676870022
1139,2850318,1378710,0.988,0.04,-0.034,0,0,0,-35.3,4.8,27.4,0.164250618,0.703695791,-0.140140996,0.676870022
1140,2853499,1378710,0.981,0.04,-0.03,0,0,0,-36.7,7.4,27.3,0.164250618,0.703695791,-0.140171514,0.676870022
1141,2855685,1378720,0.985,0.044,-0.03,0,0.1,0,-36.7,7.4,27.3,0.164250618,0.703695791,-0.140171514,0.676870022
1142,2857910,1378720,0.992,0.044,-0.03,0,0.1,0,-36.7,7.4,27.3,0.164250618,0.703695791,-0.140171514,0.676870022
1143,2860508,1378720,0.985,0.044,-0.034,0,0,0,-36.7,7.4,27.3,0.164250618,0.703695791,-0.140171514,0.676870022
1144,2862840,1378720,0.985,0.04,-0.022,0,0,0,-37.1,7.1,27.4,0.164250618,0.703695791,-0.140171514,0.676870022
1145,2866995,1378730,0.985,0.04,-0.03,0,0,0,-37.1,7.1,27.4,0.164250618,0.703695791,-0.140171514,0.676870022
1146,2869195,1378730,0.981,0.04,-0.026,0,0,0,-37.1,7.1,27.4,0.164250618,0.703695791,-0.140171514,0.676870022
1147,2870929,1378730,0.985,0.04,-0.03,0,0,0,-37.1,7.1,27.4,0.164250618,0.703695791,-0.140171514,0.676870022
1148,2872873,1378730,0.985,0.04,-0.03,0,0,0,-37.5,7.2,27.5,0.164250618,0.703665273,-0.140171514,0.676870022
1149,2876038,1378740,0.985,0.04,-0.03,0,0,0,-37.5,7.2,27.5,0.164250618,0.703665273,-0.140171514,0.676870022
1150,2877943,1378740,0.988,0.04,-0.03,0,0,-0.1,-37.5,7.2,27.5,0.164250618,0.703665273,-0.140140996,0.676870022
1151,2880285,1378740,0.985,0.04,-0.034,0.1,0.1,0,-37.5,7.2,27.5,0.164250618,0.703665273,-0.140140996,0.676870022
1152,2883770,1378740,0.988,0.04,-0.034,0.1,0.2,0,-37.8,6.9,27.2,0.164250618,0.703665273,-0.140140996,0.67690054
1153,2885339,1378750,0.988,0.04,-0.034,0.1,0.1,0,-37.8,6.9,27.2,0.164250618,0.703665273,-0.140140996,0.67690054
1154,2887779,1378750,0.988,0.044,-0.034,0.1,0.1,0,-37.8,6.9,27.2,0.164250618,0.703665273,-0.140140996,0.67690054
1155,2891271,1378750,0.988,0.04,-0.03,0.1,0,0,-37.8,6.9,27.2,0.164250618,0.703665273,-0.140140996,0.67690054
1156,2892851,1378750,0.985,0.04,-0.022,0,0,0,-34.3,5.1,27.2,0.164250618,0.703665273,-0.140140996,0.67690054
1157,2895463,1378760,0.988,0.036,-0.03,0,-0.1,0,-34.3,5.1,27.2,0.164250618,0.703665273,-0.140140996,0.67690054
1158,2898857,1378760,0.985,0.04,-0.034,0,0,0,-34.3,5.1,27.2,0.164250618,0.703665273,-0.140140996,0.67690054
1159,2900405,1378760,0.985,0.036,-0.038,0,0,0,-34.3,5.1,27.2,0.164250618,0.703665273,-0.140140996,0.67690054
1160,2903490,1378760,0.988,0.044,-0.026,0,0,0,-36.9,6.8,27.3,0.164250618,0.703665273,-0.140140996,0.67690054
1161,2905331,1378770,0.981,0.04,-0.038,0,0,0,-36.9,6.8,27.3,0.164250618,0.703665273,-0.140140996,0.67690054
1162,2908748,1378770,0.985,0.04,-0.03,0,0,0.1,-36.9,6.8,27.3,0.164250618,0.703665273,-0.140140996,0.67690054
1163,2910346,1378770,0.985,0.04,-0.034,0,0.1,0.1,-36.9,6.8,27.3,0.164250618,0.703665273,-0.140140996,0.67690054
1164,2912752,1378770,0.985,0.04,-0.026,0,0.1,0.1,-36.8,6.5,27.5,0.164250618,0.703665273,-0.140140996,0.67690054
1165,2916263,1378780,0.988,0.04,-0.03,0,0.1,0,-36.8,6.5,27.5,0.164250618,0.703665273,-0.140140996,0.67690054
1166,2917775,1378780,0.985,0.04,-0.026,0,0.1,0,-36.8,6.5,27.5,0.164250618,0.703665273,-0.140140996,0.67690054
1167,2920996,1378780,0.988,0.036,-0.026,0,0,0,-36.8,6.5,27.5,0.164250618,0.703665273,-0.140140996,0.67690054
1168,2922711,1378780,0.985,0.036,-0.026,0,0,0,-36,6.2,27.2,0.164250618,0.703634754,-0.140171514,0.676931059
1169,2926284,1378790,0.985,0.036,-0.026,0,0,0,-36,6.2,27.2,0.164250618,0.703634754,-0.140171514,0.676931059
1170,2928071,1378790,0.985,0.044,-0.026,0,0.1,0,-36,6.2,27.2,0.164250618,0.703634754,-0.140171514,0.676931059
1171,2930361,1378790,0.988,0.036,-0.034,0,0.1,0,-36,6.2,27.2,0.164250618,0.703634754,-0.140171514,0.676931059
1172,2933761,1378790,0.985,0.04,-0.03,0,0.3,0,-35.6,6.6,27.4,0.164250618,0.703634754,-0.140171514,0.676931059
1173,2935373,1378800,0.985,0.044,-0.03,0,0.4,0,-35.6,6.6,27.4,0.164250618,0.703634754,-0.140171514,0.676931059
1174,2938523,1378800,0.985,0.04,-0.034,0,0.3,0,-35.6,6.6,27.4,0.164250618,0.703604236,-0.140171514,0.676931059
1175,2941582,1378800,0.985,0.04,-0.03,0,0.1,0,-35.6,6.6,27.4,0.164250618,0.703604236,-0.140171514,0.676931059
1176,2943845,1378800,0.985,0.04,-0.03,0,0,0,-35.3,5.9,27.2,0.164250618,0.703604236,-0.140171514,0.676931059
1177,2945433,1378810,0.985,0.04,-0.034,0,-0.1,0,-35.3,5.9,27.2,0.164250618,0.703604236,-0.140171514,0.676931059
1178,2948329,1378810,0.985,0.044,-0.026,0,-0.1,0.1,-35.3,5.9,27.2,0.164220099,0.703604236,-0.140171514,0.676931059
1179,2951344,1378810,0.985,0.04,-0.03,0,-0.1,0.1,-35.3,5.9,27.2,0.164220099,0.703634754,-0.140171514,0.676931059
1180,2952964,1378810,0.985,0.036,-0.034,0,-0.1,0,-35.6,6,26.9,0.164220099,0.703634754,-0.140171514,0.676931059
1181,2955945,1378820,0.985,0.036,-0.034,0,-0.1,0,-35.6,6,26.9,0.164220099,0.703634754,-0.140171514,0.676931059
1182,2958835,1378820,0.985,0.04,-0.03,0,0,0,-35.6,6,26.9,0.164220099,0.703634754,-0.140171514,0.676931059
1183,2960418,1378820,0.985,0.04,-0.034,0,0,0,-35.6,6,26.9,0.164220099,0.703634754,-0.140171514,0.676931059
1184,2963357,1378820,0.985,0.04,-0.03,0,0,0,-35.4,6.2,27.3,0.164220099,0.703634754,-0.140171514,0.676931059
1185,2966284,1378830,0.988,0.04,-0.026,0,0.1,0,-35.4,6.2,27.3,0.164220099,0.703634754,-0.140171514,0.676931059
1186,2967962,1378830,0.985,0.044,-0.03,0,0.1,0,-35.4,6.2,27.3,0.164220099,0.703634754,-0.140171514,0.676931059
1187,2970381,1378830,0.985,0.04,-0.026,0,0.1,0,-35.4,6.2,27.3,0.164220099,0.703604236,-0.140171514,0.676931059
1188,2973897,1378830,0.981,0.04,-0.026,0,0.2,0,-35.7,6.4,27.2,0.164250618,0.703604236,-0.140140996,0.676961577
1189,2975417,1378840,0.981,0.04,-0.03,0,0.2,0,-35.7,6.4,27.2,0.164250618,0.703604236,-0.140140996,0.676961577
1190,2978449,1378840,0.988,0.036,-0.034,0,0.1,0,-35.7,6.4,27.2,0.164250618,0.703604236,-0.140140996,0.676961577
1191,2981318,1378840,0.985,0.04,-0.034,0,0.1,0,-35.7,6.4,27.2,0.164250618,0.703604236,-0.140140996,0.676961577
1192,2982871,1378840,0.981,0.044,-0.03,0,0.1,0,-35.6,6.3,27.2,0.164250618,0.703604236,-0.140140996,0.676961577
1193,2985363,1378850,0.988,0.04,-0.034,0,0,0,-35.6,6.3,27.2,0.164250618,0.703604236,-0.140140996,0.676961577
1194,2988936,1378850,0.985,0.04,-0.026,0,0,0,-35.6,6.3,27.2,0.164250618,0.703604236,-0.140140996,0.676961577
1195,2990893,1378850,0.985,0.036,-0.03,0,0,0.1,-35.6,6.3,27.2,0.164250618,0.703604236,-0.140171514,0.676961577
1196,2993148,1378850,0.985,0.036,-0.034,0,0.1,0.1,-36.4,6.2,27.2,0.164250618,0.703604236,-0.140171514,0.676961577
1197,2996570,1378860,0.981,0.044,-0.038,0,0.1,0.1,-36.4,6.2,27.2,0.164250618,0.703604236,-0.140171514,0.676961577
1198,2998853,1378860,0.985,0.04,-0.038,0,0,0.1,-36.4,6.2,27.2,0.164250618,0.703604236,-0.140171514,0.676961577
1199,3000304,1378860,0.981,0.036,-0.034,0,0,0.1,-36.4,6.2,27.2,0.164250618,0.703604236,-0.140171514,0.676961577
1200,3004085,1378860,0.988,0.04,-0.03,0,-0.1,0,-34.6,6.1,26.8,0.164250618,0.703604236,-0.140171514,0.676961577
1201,3006349,1378870,0.985,0.04,-0.034,0,-0.1,0,-34.6,6.1,26.8,0.164250618,0.703604236,-0.140171514,0.676961577
1202,3007836,1378870,0.988,0.04,-0.034,0,-0.2,0,-34.6,6.1,26.8,0.164250618,0.703604236,-0.140171514,0.676961577
1203,3010401,1378870,0.985,0.04,-0.03,0,-0.1,0,-34.6,6.1,26.8,0.164250618,0.703604236,-0.140171514,0.676961577
1204,3013823,1378870,0.985,0.044,-0.03,0,0,0,-34.7,6,27.2,0.164250618,0.703604236,-0.140171514,0.676961577
1205,3015342,1378880,0.985,0.044,-0.034,0,0.1,0,-34.7,6,27.2,0.164250618,0.703604236,-0.140171514,0.676961577
1206,3019128,1378880,0.988,0.04,-0.034,0,0.1,0,-34.7,6,27.2,0.164250618,0.703604236,-0.140171514,0.676961577
1207,3021345,1378880,0.985,0.036,-0.034,0,0.1,0,-34.7,6,27.2,0.164250618,0.703604236,-0.140171514,0.676961577
1208,3022799,1378880,0.985,0.04,-0.026,0,0,0,-34.6,6,26.7,0.164250618,0.703665273,-0.140171514,0.67690054
1209,3025883,1378890,0.985,0.04,-0.026,0,0,0,-34.6,6,26.7,0.164250618,0.703665273,-0.140171514,0.67690054
1210,3028872,1378890,0.988,0.04,-0.026,-0.1,-0.1,0,-34.6,6,26.7,0.164250618,0.703665273,-0.140171514,0.67690054
1211,3030354,1378890,0.985,0.04,-0.034,-0.1,-0.1,0,-34.6,6,26.7,0.164250618,0.703665273,-0.140171514,0.67690054
1212,3033432,1378890,0.985,0.04,-0.03,0,-0.1,0,-34.2,6.3,27,0.164250618,0.703665273,-0.140171514,0.67690054
1213,3036324,1378900,0.988,0.04,-0.03,0,-0.1,-0.1,-34.2,6.3,27,0.164250618,0.703665273,-0.140171514,0.67690054
1214,3037805,1378900,0.985,0.04,-0.03,0.1,-0.1,-0.1,-34.2,6.3,27,0.164250618,0.703665273,-0.140171514,0.67690054
1215,3040861,1378900,0.985,0.04,-0.026,0,-0.1,0,-34.2,6.3,27,0.164250618,0.703665273,-0.140171514,0.67690054
1216,3043979,1378900,0.985,0.04,-0.026,0,-0.1,0,-36.3,6,27.2,0.164250618,0.703665273,-0.140171514,0.67690054
1217,3045423,1378910,0.988,0.044,-0.03,0,0,0,-36.3,6,27.2,0.164250618,0.703665273,-0.140171514,0.67690054
1218,3048332,1378910,0.985,0.04,-0.034,0,0,0,-36.3,6,27.2,0.164250618,0.703665273,-0.140171514,0.67690054
1219,3050757,1378910,0.985,0.036,-0.034,0,0,-0.1,-36.3,6,27.2,0.164250618,0.703665273,-0.140171514,0.67690054
1220,3052931,1378910,0.985,0.04,-0.03,0,0,0,-34.9,5.8,27.2,0.164250618,0.703665273,-0.140171514,0.67690054
1221,3055939,1378920,0.985,0.044,-0.03,0,0,0,-34.9,5.8,27.2,0.164250618,0.703665273,-0.140171514,0.67690054
1222,3057807,1378920,0.985,0.04,-0.03,0,0.1,0,-34.9,5.8,27.2,0.164250618,0.703665273,-0.140171514,0.67690054
1223,3061143,1378920,0.988,0.044,-0.038,0,0,-0.1,-34.9,5.8,27.2,0.164250618,0.703665273,-0.140171514,0.67690054
1224,3062794,1378920,0.985,0.04,-0.038,0,0,0,-35.1,5.8,26.7,0.164250618,0.703665273,-0.140171514,0.67690054
1225,3065634,1378930,0.985,0.04,-0.038,0,-0.1,0,-35.1,5.8,26.7,0.164250618,0.703665273,-0.140171514,0.67690054
1226,3068704,1378930,0.985,0.04,-0.034,0,0,0,-35.1,5.8,26.7,0.164250618,0.703665273,-0.140171514,0.67690054
1227,3070298,1378930,0.981,0.04,-0.034,0,0,0,-35.1,5.8,26.7,0.164250618,0.703665273,-0.140171514,0.67690054
1228,3073146,1378930,0.985,0.04,-0.034,-0.1,0,0,-34.8,5.9,26.9,0.164250618,0.703756829,-0.140171514,0.676808985
1229,3076174,1378940,0.985,0.04,-0.034,-0.1,0,0,-34.8,5.9,26.9,0.164250618,0.703756829,-0.140202033,0.676808985
1230,3078425,1378940,0.985,0.04,-0.03,-0.1,-0.1,0.1,-34.8,5.9,26.9,0.164250618,0.703756829,-0.140202033,0.676808985
1231,3081328,1378940,0.988,0.044,-0.034,-0.1,-0.1,0.1,-34.8,5.9,26.9,0.164250618,0.703756829,-0.140202033,0.676808985
1232,3082961,1378940,0.985,0.04,-0.026,0,-0.1,0,-34.7,6,27.2,0.164250618,0.703756829,-0.140202033,0.676808985
1233,3085921,1378950,0.985,0.04,-0.034,0,-0.1,0,-34.7,6,27.2,0.164250618,0.703756829,-0.140202033,0.676747948
1234,3088825,1378950,0.981,0.04,-0.03,0,-0.2,0,-34.7,6,27.2,0.164250618,0.703756829,-0.140202033,0.676747948
1235,3090275,1378950,0.981,0.036,-0.038,0,-0.1,0,-34.7,6,27.2,0.164250618,0.703756829,-0.140202033,0.676747948
1236,3093413,1378950,0.981,0.04,-0.034,0,0,0,-35.6,6,27.2,0.164250618,0.703756829,-0.140202033,0.676747948
1237,3095578,1378960,0.985,0.036,-0.026,0,0.1,0,-35.6,6,27.2,0.164250618,0.703756829,-0.140202033,0.676747948
1238,3098707,1378960,0.985,0.04,-0.034,0,0.1,0,-35.6,6,27.2,0.164250618,0.703756829,-0.140202033,0.676747948
1239,3100306,1378960,0.985,0.04,-0.03,0,0.1,0,-35.6,6,27.2,0.164250618,0.703756829,-0.140202033,0.676808985
1240,3103116,1378960,0.985,0.04,-0.03,0,0,0,-35.5,5.9,27.3,0.164250618,0.703756829,-0.140202033,0.676808985
1241,3106890,1378970,0.985,0.04,-0.03,0,0,0.1,-35.5,5.9,27.3,0.164220099,0.703756829,-0.140202033,0.676808985
1242,3108359,1378970,0.988,0.044,-0.03,0,0,0.1,-35.5,5.9,27.3,0.164220099,0.703756829,-0.140202033,0.676808985
1243,3111293,1378970,0.988,0.04,-0.034,0,0,0.1,-35.5,5.9,27.3,0.164220099,0.703756829,-0.140202033,0.676808985
1244,3112795,1378970,0.985,0.04,-0.038,0,0.1,0,-35.5,5.6,27.5,0.164220099,0.703756829,-0.140202033,0.676808985
1245,3115831,1378980,0.988,0.044,-0.034,0,0.1,0,-35.5,5.6,27.5,0.164220099,0.703756829,-0.140202033,0.676808985
1246,3118807,1378980,0.985,0.04,-0.034,0,0,-0.1,-35.5,5.6,27.5,0.164220099,0.703756829,-0.140202033,0.676808985
1247,3120536,1378980,0.988,0.04,-0.03,0,0,-0.1,-35.5,5.6,27.5,0.164220099,0.703756829,-0.140202033,0.676808985
1248,3123228,1378980,0.988,0.044,-0.034,0,0.1,0,-35.6,6,27.9,0.164220099,0.703787347,-0.140202033,0.676747948
1249,3126290,1378990,0.985,0.04,-0.03,0,0.1,0,-35.6,6,27.9,0.164220099,0.703787347,-0.140202033,0.676747948
1250,3127866,1378990,0.988,0.04,-0.026,0,0.1,0.1,-35.6,6,27.9,0.164220099,0.703787347,-0.140202033,0.676747948
1251,3130822,1378990,0.985,0.036,-0.03,0,0.1,0.1,-35.6,6,27.9,0.164220099,0.703787347,-0.140202033,0.676747948
1252,3133791,1378990,0.988,0.044,-0.03,-0.1,0,0.1,-35.6,6,28.5,0.164220099,0.703787347,-0.140202033,0.676747948
1253,3135462,1379000,0.985,0.044,-0.03,-0.1,0.1,0.1,-35.6,6,28.5,0.164220099,0.703787347,-0.140202033,0.676747948
1254,3138150,1379000,0.985,0.04,-0.038,0,0.1,0,-35.6,6,28.5,0.164220099,0.703787347,-0.140232551,0.676747948
1255,3141288,1379000,0.985,0.04,-0.03,0,0.1,0,-35.6,6,28.5,0.164220099,0.703787347,-0.140202033,0.676747948
1256,3142701,1379000,0.985,0.04,-0.03,0,0,0,-35.4,6,25.5,0.164220099,0.703787347,-0.140202033,0.676747948
1257,3145652,1379010,0.988,0.04,-0.03,0,-0.1,0,-35.4,6,25.5,0.164220099,0.703787347,-0.140202033,0.676747948
1258,3148581,1379010,0.988,0.04,-0.026,0,-0.1,0,-35.4,6,25.5,0.164220099,0.703787347,-0.140202033,0.676747948
1259,3151636,1379010,0.985,0.04,-0.03,0,-0.1,0,-35.4,6,25.5,0.164220099,0.703787347,-0.140202033,0.676747948
1260,3153028,1379010,0.988,0.044,-0.03,0,-0.1,0,-35.4,5.9,27.7,0.164220099,0.703787347,-0.140202033,0.676747948
1261,3156851,1379020,0.985,0.044,-0.026,0,-0.1,0,-35.4,5.9,27.7,0.164220099,0.703787347,-0.140202033,0.676747948
1262,3158316,1379020,0.985,0.036,-0.034,0,0,0,-35.4,5.9,27.7,0.164220099,0.703787347,-0.140202033,0.676747948
1263,3161309,1379020,0.985,0.036,-0.03,0,0,0,-35.4,5.9,27.7,0.164220099,0.703787347,-0.140202033,0.676747948
1264,3162775,1379020,0.985,0.044,-0.034,0,0,0,-35.3,6,28.2,0.164220099,0.703787347,-0.140202033,0.676747948
1265,3165768,1379030,0.985,0.04,-0.03,0,0,0,-35.3,6,28.2,0.164220099,0.703787347,-0.140202033,0.676747948
1266,3168770,1379030,0.985,0.04,-0.03,0,0,0,-35.3,6,28.2,0.164220099,0.703787347,-0.140202033,0.676747948
1267,3170332,1379030,0.985,0.044,-0.034,0,0,0,-35.3,6,28.2,0.164220099,0.703787347,-0.140202033,0.676747948
1268,3173208,1379030,0.988,0.044,-0.03,-0.1,0,0.1,-35.3,5.8,27.7,0.164250618,0.703817866,-0.140202033,0.676717429
1269,3176063,1379040,0.988,0.044,-0.03,-0.1,0,0.1,-35.3,5.8,27.7,0.164250618,0.703817866,-0.140202033,0.676717429
1270,3177824,1379040,0.985,0.04,-0.026,0,0,0.1,-35.3,5.8,27.7,0.164250618,0.703817866,-0.140202033,0.676717429
1271,3180521,1379040,0.988,0.044,-0.034,0,0,0,-35.3,5.8,27.7,0.164250618,0.703817866,-0.140202033,0.676717429
1272,3183606,1379040,0.985,0.044,-0.03,0,0,0,-35.2,6,27.5,0.164250618,0.703817866,-0.140202033,0.676717429
1273,3185204,1379050,0.985,0.044,-0.034,0,0,0,-35.2,6,27.5,0.164250618,0.703817866,-0.140202033,0.676717429
1274,3188248,1379050,0.988,0.04,-0.03,0,0,0.1,-35.2,6,27.5,0.164250618,0.703817866,-0.140202033,0.676717429
1275,3191308,1379050,0.985,0.036,-0.034,0,0,0.1,-35.2,6,27.5,0.164250618,0.703817866,-0.140202033,0.676717429
1276,3192768,1379050,0.985,0.04,-0.034,0,0,0.1,-35.5,5.8,26.6,0.164220099,0.703817866,-0.140202033,0.676717429
1277,3195451,1379060,0.985,0.04,-0.03,-0.1,0,0,-35.5,5.8,26.6,0.164250618,0.703817866,-0.140232551,0.676717429
1278,3199449,1379060,0.988,0.036,-0.034,-0.1,0,0,-35.5,5.8,26.6,0.164250618,0.703817866,-0.140232551,0.676717429
1279,3201663,1379060,0.988,0.04,-0.03,-0.1,0,0,-35.5,5.8,26.6,0.164250618,0.703817866,-0.140232551,0.676717429
1280,3203982,1379060,0.985,0.036,-0.038,0,-0.1,0,-35.5,5.9,26.8,0.164250618,0.703817866,-0.140232551,0.676717429
1281,3206164,1379070,0.985,0.04,-0.034,0,-0.2,0,-35.5,5.9,26.8,0.164250618,0.703848384,-0.140232551,0.676717429
1282,3208417,1379070,0.985,0.04,-0.03,0,-0.2,0,-35.5,5.9,26.8,0.164250618,0.703848384,-0.140232551,0.676686911
1283,3210794,1379070,0.992,0.04,-0.034,0,-0.1,-0.1,-35.5,5.9,26.8,0.164250618,0.703848384,-0.140232551,0.676686911
1284,3213037,1379070,0.985,0.04,-0.03,0,0,-0.1,-35.8,6,26.6,0.164250618,0.703848384,-0.140232551,0.676686911
1285,3215353,1379080,0.988,0.04,-0.026,0,0,-0.1,-35.8,6,26.6,0.164250618,0.703848384,-0.140202033,0.676686911
1286,3219139,1379080,0.992,0.04,-0.03,0.1,0.1,-0.1,-35.8,6,26.6,0.164250618,0.703848384,-0.140202033,0.676686911
1287,3221547,1379080,0.988,0.04,-0.026,0.1,0.1,0,-35.8,6,26.6,0.164250618,0.703848384,-0.140202033,0.676717429
1288,3223607,1379080,0.985,0.04,-0.03,0,0.1,0,-35.3,6,26.4,0.164250618,0.703817866,-0.140202033,0.676717429
1289,3225919,1379090,0.985,0.04,-0.03,0,0.1,0,-35.3,6,26.4,0.164250618,0.703817866,-0.140202033,0.676717429
1290,3228064,1379090,0.985,0.048,-0.03,0,0.1,0,-35.3,6,26.4,0.164250618,0.703817866,-0.140202033,0.676717429
1291,3230659,1379090,0.981,0.04,-0.022,0,0.1,0,-35.3,6,26.4,0.164250618,0.703817866,-0.140202033,0.676717429
1292,3232948,1379090,0.981,0.04,-0.026,0,0.1,0,-35.7,6,26.2,0.164250618,0.703817866,-0.140202033,0.676717429
1293,3236241,1379100,0.981,0.044,-0.034,0,0,0,-35.7,6,26.2,0.164250618,0.703817866,-0.140202033,0.676717429
1294,3238095,1379100,0.985,0.04,-0.034,0,0,0,-35.7,6,26.2,0.164250618,0.703817866,-0.140202033,0.676717429
1295,3240485,1379100,0.988,0.036,-0.03,0,0,-0.1,-35.7,6,26.2,0.164250618,0.703817866,-0.140202033,0.676717429
1296,3243623,1379100,0.985,0.04,-0.03,0,0,-0.1,-35.7,5.9,27.6,0.164250618,0.703817866,-0.140202033,0.676717429
1297,3245899,1379110,0.985,0.036,-0.034,0,0,0,-35.7,5.9,27.6,0.164250618,0.703817866,-0.140202033,0.676717429
1298,3248080,1379110,0.985,0.044,-0.03,0,0,0,-35.7,5.9,27.6,0.164250618,0.703817866,-0.140202033,0.676717429
1299,3250535,1379110,0.985,0.044,-0.03,0,0,0,-35.7,5.9,27.6,0.164250618,0.703817866,-0.140202033,0.676717429
1300,3252782,1379110,0.985,0.04,-0.034,0,0,0,-35.7,5.8,27,0.164250618,0.703817866,-0.140202033,0.676717429
1301,3256954,1379120,0.988,0.04,-0.038,0,0,-0.1,-35.7,5.8,27,0.164250618,0.703817866,-0.140202033,0.676717429
1302,3258754,1379120,0.988,0.04,-0.026,0,-0.1,-0.1,-35.7,5.8,27,0.164250618,0.703817866,-0.140202033,0.676717429
1303,3260744,1379120,0.988,0.04,-0.03,0,0,-0.1,-35.7,5.8,27,0.164250618,0.703817866,-0.140202033,0.676717429
1304,3263004,1379120,0.985,0.04,-0.03,0,0,0,-35.6,5.4,27,0.164250618,0.703817866,-0.140202033,0.676717429
1305,3265963,1379130,0.985,0.036,-0.03,0,0,0,-35.6,5.4,27,0.164250618,0.703817866,-0.140202033,0.676717429
1306,3267825,1379130,0.988,0.032,-0.034,0,0,0,-35.6,5.4,27,0.164250618,0.703817866,-0.140202033,0.676717429
1307,3270553,1379130,0.985,0.04,-0.026,0,0,0,-35.6,5.4,27,0.164250618,0.703817866,-0.140202033,0.676717429
1308,3273722,1379130,0.985,0.04,-0.034,0,0,0,-35.3,5.1,27.2,0.164220099,0.703817866,-0.140232551,0.676717429
1309,3275758,1379140,0.985,0.04,-0.03,0,0,0,-35.3,5.1,27.2,0.164220099,0.703817866,-0.140232551,0.676717429
1310,3278007,1379140,0.985,0.04,-0.03,0,0,0,-35.3,5.1,27.2,0.164220099,0.703817866,-0.140232551,0.676717429
1311,3281787,1379140,0.985,0.04,-0.03,0,0,0,-35.3,5.1,27.2,0.164220099,0.703817866,-0.140232551,0.676717429
1312,3282894,1379140,0.988,0.036,-0.03,0,0,0,-35.2,4.1,26.7,0.164220099,0.703817866,-0.140232551,0.676717429
1313,3285816,1379150,0.988,0.036,-0.034,0,0,-0.1,-35.2,4.1,26.7,0.164220099,0.703817866,-0.140232551,0.676717429
1314,3287963,1379150,0.985,0.04,-0.03,0,0,-0.2,-35.2,4.1,26.7,0.164220099,0.703817866,-0.140232551,0.676717429
1315,3290868,1379150,0.985,0.04,-0.03,0,0,-0.1,-35.2,4.1,26.7,0.164220099,0.703817866,-0.140232551,0.676717429
1316,3293225,1379150,0.977,0.036,-0.03,0,0,-0.1,-35.6,7.5,28.3,0.164220099,0.703817866,-0.140232551,0.676717429
1317,3295486,1379160,0.981,0.044,-0.03,0,0,0,-35.6,7.5,28.3,0.164250618,0.703817866,-0.140232551,0.676717429
1318,3297767,1379160,0.981,0.036,-0.034,0,0,0,-35.6,7.5,28.3,0.164250618,0.703817866,-0.140232551,0.676717429
1319,3301345,1379160,0.985,0.04,-0.03,0,0.1,0,-35.6,7.5,28.3,0.164250618,0.703817866,-0.140232551,0.676717429
1320,3303102,1379160,0.985,0.036,-0.03,0,0.1,0,-35,4.9,26.5,0.164220099,0.703817866,-0.140202033,0.676717429
1321,3306519,1379170,0.985,0.044,-0.03,0,0,0,-35,4.9,26.5,0.164220099,0.703817866,-0.140202033,0.676717429
1322,3308562,1379170,0.985,0.04,-0.034,0,-0.1,-0.1,-35,4.9,26.5,0.164250618,0.703817866,-0.140202033,0.676717429
1323,3311199,1379170,0.985,0.04,-0.03,0,-0.1,-0.1,-35,4.9,26.5,0.164250618,0.703817866,-0.140202033,0.676717429
1324,3313053,1379170,0.985,0.036,-0.034,0,-0.1,-0.1,-35.7,4.5,26,0.164250618,0.703817866,-0.140202033,0.676717429
1325,3315634,1379180,0.988,0.044,-0.03,0,0,0,-35.7,4.5,26,0.164250618,0.703817866,-0.140202033,0.676717429
1326,3318125,1379180,0.985,0.04,-0.026,0,0,0,-35.7,4.5,26,0.164250618,0.703817866,-0.140202033,0.676717429
1327,3321998,1379180,0.988,0.04,-0.038,0,0,0,-35.7,4.5,26,0.164250618,0.703817866,-0.140202033,0.676717429
1328,3323800,1379180,0.985,0.04,-0.026,-0.1,0,0.1,-35.6,5.1,26,0.164220099,0.703848384,-0.140232551,0.676686911
1329,3326058,1379190,0.985,0.04,-0.026,-0.1,0,0.1,-35.6,5.1,26,0.164220099,0.703848384,-0.140232551,0.676686911
1330,3328061,1379190,0.981,0.04,-0.034,-0.1,0.1,0.1,-35.6,5.1,26,0.164220099,0.703848384,-0.140232551,0.676686911
1331,3330288,1379190,0.985,0.04,-0.026,0,0.3,0,-35.6,5.1,26,0.164220099,0.703848384,-0.140232551,0.676686911
1332,3333418,1379190,0.985,0.044,-0.026,0,0.2,0,-35.3,5.4,26,0.164220099,0.703848384,-0.140232551,0.676686911
1333,3335716,1379200,0.985,0.04,-0.034,0,0.1,0,-35.3,5.4,26,0.164220099,0.703848384,-0.140232551,0.676686911
1334,3337878,1379200,0.985,0.04,-0.03,0,0.1,0,-35.3,5.4,26,0.164220099,0.703848384,-0.140232551,0.676686911
1335,3341425,1379200,0.985,0.04,-0.034,0,0.1,0,-35.3,5.4,26,0.164220099,0.703848384,-0.140232551,0.676717429
1336,3343041,1379200,0.985,0.044,-0.034,0,0.1,0,-35.5,7.1,27.4,0.164220099,0.703817866,-0.140232551,0.676717429
1337,3345360,1379210,0.988,0.04,-0.03,0,0,0,-35.5,7.1,27.4,0.164220099,0.703817866,-0.140232551,0.676717429
1338,3347721,1379210,0.985,0.04,-0.026,0,-0.2,0,-35.5,7.1,27.4,0.164220099,0.703848384,-0.140232551,0.676717429
1339,3351120,1379210,0.985,0.036,-0.03,0.1,-0.3,0,-35.5,7.1,27.4,0.164220099,0.703848384,-0.140232551,0.676686911
1340,3352974,1379210,0.988,0.04,-0.03,0,-0.3,0,-35.8,6.3,27.4,0.164220099,0.703848384,-0.140232551,0.676686911
1341,3356118,1379220,0.985,0.04,-0.03,0,-0.1,0,-35.8,6.3,27.4,0.164220099,0.703848384,-0.140232551,0.676686911
1342,3358264,1379220,0.985,0.036,-0.026,0,0,0,-35.8,6.3,27.4,0.164220099,0.703848384,-0.140232551,0.676686911
1343,3360457,1379220,0.985,0.044,-0.034,0,0,0,-35.8,6.3,27.4,0.164220099,0.703848384,-0.140232551,0.676686911
1344,3362811,1379220,0.985,0.036,-0.03,0,0.1,0,-35.7,6.8,26.7,0.164220099,0.703848384,-0.140232551,0.676686911
1345,3365535,1379230,0.988,0.04,-0.03,0,0.1,-0.1,-35.7,6.8,26.7,0.164220099,0.703848384,-0.140232551,0.676686911
1346,3368789,1379230,0.985,0.044,-0.026,0,0,0,-35.7,6.8,26.7,0.164220099,0.703848384,-0.140232551,0.676686911
1347,3370293,1379230,0.985,0.044,-0.03,0,0,0,-35.7,6.8,26.7,0.164220099,0.703848384,-0.140232551,0.676686911
1348,3373485,1379230,0.985,0.044,-0.03,-0.1,0,0,-35.7,6.8,26.7,0.164250618,0.703848384,-0.140202033,0.676686911
1349,3375711,1379240,0.985,0.044,-0.03,-0.1,0,0,-35.7,6.8,26.7,0.164250618,0.703848384,-0.140202033,0.676686911
1350,3377701,1379240,0.985,0.036,-0.03,-0.1,0,0,-35.7,6.8,26.7,0.164250618,0.703848384,-0.140202033,0.676686911
1351,3381421,1379240,0.985,0.044,-0.038,-0.1,-0.3,0,-35.7,6.8,26.7,0.164250618,0.703848384,-0.140232551,0.676686911
1352,3383641,1379240,0.985,0.044,-0.034,0,-0.4,0,-35.8,6.7,26.8,0.164250618,0.703848384,-0.140232551,0.676686911
1353,3385371,1379250,0.988,0.036,-0.034,0,-0.3,0,-35.8,6.7,26.8,0.164250618,0.703878903,-0.140232551,0.676686911
1354,3389037,1379250,0.988,0.04,-0.026,0.1,-0.3,0,-35.8,6.7,26.8,0.164250618,0.703878903,-0.140232551,0.676656392
1355,3391331,1379250,0.988,0.04,-0.026,0.1,-0.1,0,-35.8,6.7,26.8,0.164250618,0.703878903,-0.140232551,0.676656392
1356,3393515,1379250,0.985,0.044,-0.034,0.1,-0.1,0,-35.4,5.6,27.1,0.164250618,0.703878903,-0.140202033,0.676656392
1357,3395633,1379260,0.981,0.04,-0.03,0.1,0,0,-35.4,5.6,27.1,0.164250618,0.703878903,-0.140202033,0.676656392
1358,3397878,1379260,0.985,0.036,-0.03,0,0.1,0,-35.4,5.6,27.1,0.164250618,0.703878903,-0.140202033,0.676656392
1359,3400216,1379260,0.985,0.04,-0.03,-0.1,0.1,0,-35.4,5.6,27.1,0.164250618,0.703878903,-0.140202033,0.676656392
1360,3402784,1379260,0.985,0.04,-0.03,-0.1,0,-0.1,-35.3,6.6,27.1,0.164250618,0.703878903,-0.140202033,0.676656392
1361,3406068,1379270,0.981,0.04,-0.026,0,0,-0.1,-35.3,6.6,27.1,0.164250618,0.703878903,-0.140202033,0.676656392
1362,3408250,1379270,0.981,0.04,-0.034,0,0,-0.1,-35.3,6.6,27.1,0.164250618,0.703878903,-0.140202033,0.676656392
1363,3410481,1379270,0.981,0.04,-0.03,0.1,0,-0.1,-35.3,6.6,27.1,0.164250618,0.703878903,-0.140202033,0.676656392
1364,3413585,1379270,0.985,0.036,-0.034,0,0,-0.1,-36,6.3,26.9,0.164250618,0.703878903,-0.140202033,0.676656392
1365,3415318,1379280,0.988,0.04,-0.03,0,0,0,-36,6.3,26.9,0.164250618,0.703878903,-0.140202033,0.676656392
1366,3418847,1379280,0.988,0.044,-0.034,0,0,0,-36,6.3,26.9,0.164250618,0.703878903,-0.140202033,0.676656392
1367,3420320,1379280,0.988,0.04,-0.03,0,0.1,0.1,-36,6.3,26.9,0.164250618,0.703878903,-0.140202033,0.676656392
1368,3423135,1379280,0.988,0.048,-0.034,0.1,0.1,0.2,-36.8,6.8,27.4,0.164250618,0.703909421,-0.140202033,0.676625874
1369,3426221,1379290,0.988,0.04,-0.034,0.1,0.1,0.2,-36.8,6.8,27.4,0.164220099,0.703909421,-0.140232551,0.676656392
1370,3428089,1379290,0.985,0.04,-0.034,0,0.1,0.2,-36.8,6.8,27.4,0.164220099,0.703878903,-0.140232551,0.676656392
1371,3431115,1379290,0.985,0.04,-0.034,0,0.2,0.1,-36.8,6.8,27.4,0.164220099,0.703878903,-0.140232551,0.676656392
1372,3432894,1379290,0.985,0.04,-0.026,0,0.3,0,-37.2,6.5,27,0.164220099,0.703878903,-0.140232551,0.676656392
1373,3435646,1379300,0.985,0.04,-0.03,0,0.3,0,-37.2,6.5,27,0.164220099,0.703878903,-0.140232551,0.676656392
1374,3438792,1379300,0.985,0.044,-0.034,0,0.1,0,-37.2,6.5,27,0.164220099,0.703878903,-0.140232551,0.676656392
1375,3440378,1379300,0.985,0.032,-0.034,0,0.1,0,-37.2,6.5,27,0.164220099,0.703878903,-0.140232551,0.676656392
1376,3443525,1379300,0.981,0.04,-0.03,0,0.1,0,-34.7,4.7,27.2,0.164220099,0.703878903,-0.140232551,0.676686911
1377,3446480,1379310,0.985,0.04,-0.034,0.1,0.1,0,-34.7,4.7,27.2,0.164220099,0.703878903,-0.140232551,0.676686911
1378,3447831,1379310,0.985,0.036,-0.034,0.1,0,-0.1,-34.7,4.7,27.2,0.164220099,0.703878903,-0.140232551,0.676686911
1379,3451020,1379310,0.985,0.044,-0.034,0,-0.1,-0.1,-34.7,4.7,27.2,0.164220099,0.703878903,-0.140232551,0.676686911
1380,3452856,1379310,0.985,0.04,-0.038,0,-0.1,0,-37.1,7.3,27.5,0.164220099,0.703878903,-0.140232551,0.676656392
1381,3456116,1379320,0.985,0.036,-0.03,0,-0.1,0,-37.1,7.3,27.5,0.164220099,0.703878903,-0.140232551,0.676656392
1382,3457872,1379320,0.988,0.036,-0.034,0,-0.1,0.1,-37.1,7.3,27.5,0.164220099,0.703878903,-0.140232551,0.676656392
1383,3461152,1379320,0.988,0.036,-0.026,0,0,0,-37.1,7.3,27.5,0.164220099,0.703878903,-0.140232551,0.676656392
1384,3463056,1379320,0.988,0.04,-0.034,0,0.1,0,-37.2,7.4,27.2,0.164220099,0.703878903,-0.140232551,0.676656392
1385,3465435,1379330,0.985,0.044,-0.03,0,0.2,0,-37.2,7.4,27.2,0.164220099,0.703878903,-0.140232551,0.676686911
1386,3468854,1379330,0.985,0.04,-0.03,0,0.3,0,-37.2,7.4,27.2,0.164220099,0.703878903,-0.140232551,0.676686911
1387,3470971,1379330,0.981,0.036,-0.03,0,0.3,0,-37.2,7.4,27.2,0.164220099,0.703848384,-0.140232551,0.676686911
1388,3473168,1379330,0.981,0.04,-0.03,0,0.2,0,-37,7.3,27.2,0.164220099,0.703878903,-0.140232551,0.676656392
1389,3475548,1379340,0.981,0.04,-0.03,0,0.1,0,-37,7.3,27.2,0.164220099,0.703878903,-0.140232551,0.676656392
1390,3478117,1379340,0.988,0.04,-0.03,0,0.1,0,-37,7.3,27.2,0.164220099,0.703878903,-0.140232551,0.676656392
1391,3481238,1379340,0.988,0.036,-0.03,0,0,-0.1,-37,7.3,27.2,0.164220099,0.703878903,-0.140232551,0.676656392
1392,3483437,1379340,0.985,0.036,-0.034,0,0,-0.1,-36.3,7.1,27.3,0.164220099,0.703878903,-0.140232551,0.676656392
1393,3485473,1379350,0.985,0.04,-0.026,0,-0.1,-0.1,-36.3,7.1,27.3,0.164220099,0.703878903,-0.140232551,0.676656392
1394,3487902,1379350,0.985,0.04,-0.03,0,-0.2,-0.1,-36.3,7.1,27.3,0.164220099,0.703878903,-0.140232551,0.676656392
1395,3492065,1379350,0.988,0.048,-0.034,0,-0.2,-0.1,-36.3,7.1,27.3,0.164250618,0.703878903,-0.140232551,0.676656392
1396,3494459,1379350,0.985,0.044,-0.03,0,-0.2,-0.1,-35.2,6.1,27.2,0.164250618,0.703878903,-0.140232551,0.676656392
1397,3496354,1379360,0.988,0.04,-0.03,0,-0.1,0,-35.2,6.1,27.2,0.164250618,0.703878903,-0.140232551,0.676656392
1398,3497969,1379360,0.985,0.04,-0.026,0,0,0,-35.2,6.1,27.2,0.164250618,0.703878903,-0.140232551,0.676656392
1399,3500823,1379360,0.988,0.04,-0.034,0,0,0,-35.2,6.1,27.2,0.164250618,0.703878903,-0.140232551,0.676656392
1400,3502908,1379360,0.985,0.04,-0.03,0,0.1,0,-35.4,5.7,27,0.164250618,0.703878903,-0.140232551,0.676656392
1401,3506967,1379370,0.981,0.04,-0.034,0,0.2,0,-35.4,5.7,27,0.164250618,0.703878903,-0.140232551,0.676656392
1402,3507763,1379370,0.985,0.04,-0.03,0,0.3,0,-35.4,5.7,27,0.164250618,0.703878903,-0.140232551,0.676656392
1403,3510380,1379370,0.985,0.04,-0.03,0,0.3,0,-35.4,5.7,27,0.164250618,0.703878903,-0.140232551,0.676656392
1404,3513773,1379370,0.985,0.04,-0.038,0,0.3,0.1,-35.3,6.5,27,0.164250618,0.703878903,-0.140232551,0.676686911
1405,3516174,1379380,0.985,0.04,-0.03,0,0.1,0.1,-35.3,6.5,27,0.164250618,0.703848384,-0.140232551,0.676686911
1406,3518655,1379380,0.985,0.044,-0.03,0,0,0.1,-35.3,6.5,27,0.164250618,0.703848384,-0.140232551,0.676686911
1407,3521002,1379380,0.985,0.04,-0.03,0,0,0,-35.3,6.5,27,0.164250618,0.703848384,-0.140232551,0.676686911
1408,3522957,1379380,0.985,0.044,-0.03,0,0,0,-34.7,5.7,26.6,0.164250618,0.703878903,-0.140232551,0.676656392
1409,3526682,1379390,0.985,0.044,-0.03,0,0,-0.1,-34.7,5.7,26.6,0.164250618,0.703909421,-0.140232551,0.676625874
1410,3528986,1379390,0.988,0.044,-0.026,0.1,0,0,-34.7,5.7,26.6,0.164250618,0.703909421,-0.140232551,0.676625874
1411,3531212,1379390,0.988,0.036,-0.026,0.1,0,0,-34.7,5.7,26.6,0.164250618,0.703909421,-0.140202033,0.676625874
1412,3533382,1379390,0.985,0.04,-0.034,0,0.1,0,-34.9,5.7,26.8,0.164250618,0.703878903,-0.140202033,0.676656392
1413,3535619,1379400,0.985,0.04,-0.026,0,0.3,0,-34.9,5.7,26.8,0.164250618,0.703878903,-0.140202033,0.676656392
1414,3538797,1379400,0.981,0.04,-0.034,0,0.4,0,-34.9,5.7,26.8,0.164250618,0.703878903,-0.140202033,0.676656392
1415,3541148,1379400,0.981,0.04,-0.026,0,0.4,-0.1,-34.9,5.7,26.8,0.164250618,0.703878903,-0.140202033,0.676656392
1416,3543230,1379400,0.985,0.04,-0.034,0,0.4,-0.1,-36.1,6,27.2,0.164250618,0.703878903,-0.140202033,0.676656392
1417,3545478,1379410,0.985,0.04,-0.03,0,0.2,-0.1,-36.1,6,27.2,0.164250618,0.703878903,-0.140202033,0.676656392
1418,3547887,1379410,0.985,0.044,-0.026,0,0,-0.1,-36.1,6,27.2,0.164250618,0.703878903,-0.140202033,0.676656392
1419,3550363,1379410,0.985,0.04,-0.034,0,-0.1,-0.1,-36.1,6,27.2,0.164250618,0.703878903,-0.140202033,0.676656392
1420,3554332,1379410,0.985,0.04,-0.022,0,-0.2,0,-34.9,6.1,27.1,0.164250618,0.703878903,-0.140202033,0.676656392
1421,3556745,1379420,0.985,0.04,-0.03,0,-0.2,0,-34.9,6.1,27.1,0.164250618,0.703878903,-0.140202033,0.676656392
1422,3558874,1379420,0.988,0.036,-0.03,0,-0.3,0,-34.9,6.1,27.1,0.164250618,0.703878903,-0.140202033,0.676656392
1423,3560511,1379420,0.985,0.036,-0.034,0,-0.2,0,-34.9,6.1,27.1,0.164250618,0.703878903,-0.140202033,0.676656392
1424,3562860,1379420,0.988,0.036,-0.034,-0.1,-0.2,0,-34.9,6.4,27.5,0.164250618,0.703878903,-0.140202033,0.676656392
1425,3566135,1379430,0.985,0.044,-0.034,0,-0.1,0.1,-34.9,6.4,27.5,0.164250618,0.703878903,-0.140232551,0.676656392
1426,3568286,1379430,0.981,0.04,-0.026,0,0,0.1,-34.9,6.4,27.5,0.164250618,0.703878903,-0.140232551,0.676656392
1427,3570431,1379430,0.988,0.044,-0.034,0,0.1,0,-34.9,6.4,27.5,0.164250618,0.703878903,-0.140232551,0.676656392
1428,3572774,1379430,0.988,0.036,-0.034,0,0.1,0,-34.9,6.1,27.7,0.164250618,0.703909421,-0.140202033,0.676625874
1429,3575380,1379440,0.985,0.036,-0.03,0,0.1,0,-34.9,6.1,27.7,0.164250618,0.703909421,-0.140202033,0.676625874
1430,3578781,1379440,0.985,0.044,-0.03,0,0.1,0,-34.9,6.1,27.7,0.164250618,0.703909421,-0.140202033,0.676625874
1431,3581103,1379440,0.988,0.04,-0.03,0,0,0,-34.9,6.1,27.7,0.164250618,0.703909421,-0.140202033,0.676625874
1432,3583353,1379440,0.985,0.04,-0.034,0,0,0,-34.5,6.1,27.2,0.164250618,0.703909421,-0.140202033,0.676625874
1433,3585495,1379450,0.988,0.04,-0.026,0,0.1,0,-34.5,6.1,27.2,0.164250618,0.703909421,-0.140202033,0.676625874
1434,3588107,1379450,0.988,0.048,-0.034,0,0.3,0,-34.5,6.1,27.2,0.164250618,0.703909421,-0.140202033,0.676625874
1435,3591427,1379450,0.988,0.04,-0.03,0,0.3,0,-34.5,6.1,27.2,0.164250618,0.703909421,-0.140202033,0.676625874
1436,3592961,1379450,0.985,0.04,-0.03,0,0.1,0,-36.6,6,27.2,0.164250618,0.703909421,-0.140202033,0.676625874
1437,3596072,1379460,0.988,0.04,-0.03,0,0,0,-36.6,6,27.2,0.164250618,0.703909421,-0.140202033,0.676625874
1438,3597866,1379460,0.985,0.04,-0.03,0,-0.2,0,-36.6,6,27.2,0.164250618,0.703909421,-0.140202033,0.676625874
1439,3600293,1379460,0.985,0.044,-0.038,0,-0.2,0,-36.6,6,27.2,0.164250618,0.703909421,-0.140202033,0.676625874
1440,3603455,1379460,0.985,0.04,-0.026,0,-0.1,0,-34.6,5.8,26.9,0.164250618,0.703909421,-0.140202033,0.676625874
1441,3605576,1379470,0.985,0.044,-0.03,0,0,0,-34.6,5.8,26.9,0.164250618,0.703909421,-0.140202033,0.676625874
1442,3607895,1379470,0.981,0.04,-0.03,0,0,0,-34.6,5.8,26.9,0.164250618,0.703909421,-0.140202033,0.676625874
1443,3610503,1379470,0.985,0.044,-0.038,0,0,-0.1,-34.6,5.8,26.9,0.164250618,0.703909421,-0.140202033,0.676625874
1444,3613900,1379470,0.988,0.04,-0.034,0,0,-0.1,-34.6,6.1,27,0.164250618,0.703909421,-0.140202033,0.676625874
1445,3615315,1379480,0.985,0.04,-0.03,0,0,0,-34.6,6.1,27,0.164250618,0.703909421,-0.140202033,0.676625874
1446,3618424,1379480,0.988,0.04,-0.03,0,0,0,-34.6,6.1,27,0.164250618,0.703909421,-0.140202033,0.676625874
1447,3620581,1379480,0.988,0.04,-0.026,0,0,0,-34.6,6.1,27,0.164250618,0.703909421,-0.140202033,0.676625874
1448,3622884,1379480,0.988,0.04,-0.026,0,0.1,0,-34.6,5.8,27,0.164250618,0.703909421,-0.140202033,0.676625874
1449,3626214,1379490,0.988,0.044,-0.034,0,0.2,0,-34.6,5.8,27,0.164250618,0.703909421,-0.140202033,0.676625874
1450,3627980,1379490,0.985,0.044,-0.034,0,0.2,0,-34.6,5.8,27,0.164250618,0.703909421,-0.140202033,0.676625874
1451,3630285,1379490,0.985,0.04,-0.034,0,0.2,0,-34.6,5.8,27,0.164250618,0.703909421,-0.140202033,0.676625874
1452,3633770,1379490,0.988,0.044,-0.03,0,0.2,0,-34.5,5.8,27.1,0.164250618,0.703909421,-0.140202033,0.676625874
1453,3636063,1379500,0.985,0.04,-0.038,0,0.1,0.1,-34.5,5.8,27.1,0.164250618,0.703909421,-0.140202033,0.676625874
1454,3637860,1379500,0.988,0.04,-0.034,0,0,0,-34.5,5.8,27.1,0.164250618,0.703909421,-0.140202033,0.676625874
1455,3640476,1379500,0.985,0.04,-0.03,0.1,0,0,-34.5,5.8,27.1,0.164250618,0.703909421,-0.140202033,0.676625874
1456,3642934,1379500,0.985,0.04,-0.03,0.1,0,0,-35.5,5.9,27.2,0.164250618,0.703909421,-0.140202033,0.676625874
1457,3646279,1379510,0.985,0.04,-0.03,0,0,0,-35.5,5.9,27.2,0.164250618,0.703909421,-0.140202033,0.676625874
1458,3648481,1379510,0.981,0.04,-0.03,0,0,0,-35.5,5.9,27.2,0.164250618,0.703909421,-0.140202033,0.676625874
1459,3650687,1379510,0.981,0.04,-0.034,0,0,0,-35.5,5.9,27.2,0.164250618,0.703909421,-0.140202033,0.676625874
1460,3652930,1379510,0.985,0.04,-0.03,0,0,0,-35.6,6.1,27,0.164250618,0.703909421,-0.140202033,0.676625874
1461,3657047,1379520,0.981,0.04,-0.03,0,0,0.1,-35.6,6.1,27,0.164250618,0.703909421,-0.140202033,0.676625874
1462,3659504,1379520,0.981,0.044,-0.034,0,0,0,-35.6,6.1,27,0.164250618,0.703909421,-0.140232551,0.676625874
1463,3661758,1379520,0.985,0.04,-0.03,0,0,0,-35.6,6.1,27,0.164250618,0.703909421,-0.140232551,0.676625874
1464,3663958,1379520,0.992,0.04,-0.03,0,0,-0.1,-35.6,5.9,27,0.164250618,0.703909421,-0.140232551,0.676625874
1465,3665481,1379530,0.988,0.044,-0.03,0,0,-0.1,-35.6,5.9,27,0.164250618,0.703909421,-0.140232551,0.676625874
1466,3667786,1379530,0.988,0.04,-0.034,-0.1,0,-0.1,-35.6,5.9,27,0.164250618,0.703909421,-0.140232551,0.676625874
1467,3670342,1379530,0.988,0.04,-0.03,0,0,0,-35.6,5.9,27,0.164250618,0.703909421,-0.140232551,0.676625874
1468,3673441,1379530,0.988,0.04,-0.034,0,0,0,-35.7,6.2,27.5,0.164250618,0.703909421,-0.140202033,0.676625874
1469,3675309,1379540,0.988,0.04,-0.034,0.1,0,0,-35.7,6.2,27.5,0.164250618,0.703909421,-0.140202033,0.676625874
1470,3678615,1379540,0.985,0.04,-0.03,0.1,0,0,-35.7,6.2,27.5,0.164250618,0.703909421,-0.140202033,0.676625874
1471,3680824,1379540,0.985,0.036,-0.03,0.2,-0.1,-0.1,-35.7,6.2,27.5,0.164250618,0.703909421,-0.140202033,0.676625874
1472,3683102,1379540,0.985,0.044,-0.034,0.1,0,-0.1,-35.4,6.4,27.8,0.164250618,0.703909421,-0.140202033,0.676625874
1473,3685404,1379550,0.981,0.044,-0.03,0.1,0,0,-35.4,6.4,27.8,0.164250618,0.70393994,-0.140202033,0.676625874
1474,3687933,1379550,0.988,0.04,-0.038,0,0,0,-35.4,6.4,27.8,0.164250618,0.70393994,-0.140202033,0.676625874
1475,3691282,1379550,0.988,0.04,-0.026,0,0,0,-35.4,6.4,27.8,0.164250618,0.70393994,-0.140202033,0.676595355
1476,3692833,1379550,0.985,0.04,-0.034,0,-0.1,0,-35.3,5.9,26.1,0.164250618,0.70393994,-0.140202033,0.676595355
1477,3695464,1379560,0.985,0.036,-0.034,0,-0.1,0,-35.3,5.9,26.1,0.164250618,0.70393994,-0.140202033,0.676595355
1478,3697782,1379560,0.981,0.04,-0.03,0,0,0,-35.3,5.9,26.1,0.164250618,0.70393994,-0.140202033,0.676595355
1479,3701251,1379560,0.985,0.04,-0.038,0,0,0,-35.3,5.9,26.1,0.164250618,0.70393994,-0.140202033,0.676595355
1480,3702831,1379560,0.988,0.04,-0.034,0,0,0,-35.4,5.7,28,0.164250618,0.70393994,-0.140202033,0.676595355
1481,3705336,1379570,0.985,0.04,-0.034,0,0.1,0,-35.4,5.7,28,0.164250618,0.70393994,-0.140202033,0.676595355
1482,3708688,1379570,0.985,0.04,-0.034,0,0.1,-0.1,-35.4,5.7,28,0.164250618,0.70393994,-0.140202033,0.676625874
1483,3710583,1379570,0.985,0.04,-0.03,0,0.1,-0.1,-35.4,5.7,28,0.164250618,0.703909421,-0.140202033,0.676625874
1484,3712800,1379570,0.985,0.044,-0.034,0,0.1,-0.1,-35.5,5.8,28.2,0.164250618,0.703909421,-0.140202033,0.676625874
1485,3716198,1379580,0.981,0.04,-0.03,0,0.1,-0.1,-35.5,5.8,28.2,0.164250618,0.703909421,-0.140202033,0.676625874
1486,3717937,1379580,0.981,0.044,-0.03,0,0.1,0,-35.5,5.8,28.2,0.164250618,0.703909421,-0.140202033,0.676625874
1487,3721374,1379580,0.985,0.04,-0.03,0,0.1,0,-35.5,5.8,28.2,0.164250618,0.703909421,-0.140202033,0.676625874
1488,3722886,1379580,0.985,0.036,-0.034,0,0,0.2,-35.9,6,28.4,0.164281137,0.70393994,-0.140171514,0.676595355
1489,3726018,1379590,0.985,0.04,-0.03,0,0.1,0.1,-35.9,6,28.4,0.164281137,0.70393994,-0.140171514,0.676595355
1490,3727766,1379590,0.988,0.04,-0.034,0,0,0,-35.9,6,28.4,0.164281137,0.70393994,-0.140171514,0.676595355
1491,3731261,1379590,0.988,0.04,-0.03,0,0,0,-35.9,6,28.4,0.164281137,0.70393994,-0.140171514,0.676595355
1492,3733503,1379590,0.988,0.04,-0.03,0,-0.1,-0.1,-36,6,28.4,0.164281137,0.70393994,-0.140171514,0.676595355
1493,3735697,1379600,0.988,0.04,-0.026,0,-0.2,0,-36,6,28.4,0.164281137,0.70393994,-0.140171514,0.676595355
1494,3737797,1379600,0.985,0.04,-0.034,0,-0.2,0,-36,6,28.4,0.164281137,0.70393994,-0.140171514,0.676595355
1495,3742021,1379600,0.981,0.04,-0.03,0,-0.1,0,-36,6,28.4,0.164281137,0.70393994,-0.140171514,0.676595355
1496,3744466,1379600,0.985,0.04,-0.034,0,-0.1,0,-35.7,5.8,25.3,0.164281137,0.70393994,-0.140171514,0.676595355
1497,3746549,1379610,0.985,0.036,-0.034,0,-0.1,0,-35.7,5.8,25.3,0.164281137,0.70393994,-0.140171514,0.676595355
1498,3747992,1379610,0.981,0.044,-0.026,0,-0.1,0,-35.7,5.8,25.3,0.164281137,0.70393994,-0.140171514,0.676564837
1499,3751292,1379610,0.985,0.036,-0.038,0,-0.1,-0.1,-35.7,5.8,25.3,0.164281137,0.703970458,-0.140171514,0.676564837
1500,3752764,1379610,0.981,0.04,-0.026,0,0,-0.1,-35,6,26.8,0.164281137,0.703970458,-0.140171514,0.676564837
1501,3755310,1379620,0.988,0.04,-0.03,0,-0.1,-0.1,-35,6,26.8,0.164281137,0.703970458,-0.140171514,0.676564837
1502,3758738,1379620,0.985,0.036,-0.034,0,-0.1,0,-35,6,26.8,0.164281137,0.703970458,-0.140171514,0.676564837
1503,3760269,1379620,0.985,0.044,-0.03,0,-0.2,0,-35,6,26.8,0.164281137,0.703970458,-0.140171514,0.676564837
1504,3762872,1379620,0.985,0.04,-0.03,0,-0.1,0,-35.2,5.9,26.7,0.164281137,0.703970458,-0.140171514,0.676564837
1505,3766297,1379630,0.985,0.04,-0.03,0,0,0,-35.2,5.9,26.7,0.164281137,0.703970458,-0.140171514,0.676564837
1506,3768564,1379630,0.985,0.044,-0.026,0,0.1,0,-35.2,5.9,26.7,0.164281137,0.703970458,-0.140171514,0.676564837
1507,3771461,1379630,0.988,0.04,-0.034,0,0.1,0,-35.2,5.9,26.7,0.164281137,0.703970458,-0.140171514,0.676564837
1508,3773439,1379630,0.985,0.036,-0.034,0,0.1,0,-35.9,5.8,25.8,0.164281137,0.703970458,-0.140171514,0.676564837
1509,3775742,1379640,0.988,0.04,-0.038,0,0.1,0,-35.9,5.8,25.8,0.164281137,0.703970458,-0.140171514,0.676564837
1510,3777778,1379640,0.985,0.036,-0.034,0,0.1,0,-35.9,5.8,25.8,0.164281137,0.703970458,-0.140171514,0.676564837
1511,3781367,1379640,0.988,0.04,-0.03,0,0,0,-35.9,5.8,25.8,0.164281137,0.703970458,-0.140171514,0.676564837
1512,3783004,1379640,0.985,0.036,-0.034,0,0,0.1,-35.5,5.5,25.5,0.164281137,0.703970458,-0.140171514,0.676564837
1513,3785608,1379650,0.988,0.04,-0.026,0,-0.1,0,-35.5,5.5,25.5,0.164281137,0.703970458,-0.140171514,0.676564837
1514,3787880,1379650,0.985,0.04,-0.038,0,-0.1,0,-35.5,5.5,25.5,0.164281137,0.703970458,-0.140171514,0.676564837
1515,3791141,1379650,0.985,0.04,-0.03,0,-0.1,0,-35.5,5.5,25.5,0.164281137,0.703970458,-0.140171514,0.676564837
1516,3792831,1379650,0.985,0.04,-0.034,0,0,0,-35.5,6.1,27.4,0.164281137,0.703970458,-0.140171514,0.676564837
1517,3795338,1379660,0.985,0.044,-0.034,0,0,0,-35.5,6.1,27.4,0.164281137,0.703970458,-0.140171514,0.676564837
1518,3798727,1379660,0.985,0.044,-0.034,0,0,0.1,-35.5,6.1,27.4,0.164281137,0.703970458,-0.140202033,0.676564837
1519,3800327,1379660,0.988,0.036,-0.034,0,0,0.1,-35.5,6.1,27.4,0.164281137,0.703970458,-0.140202033,0.676564837
1520,3802820,1379660,0.985,0.04,-0.038,0,0,0.1,-35.5,6.1,26.6,0.164281137,0.703970458,-0.140202033,0.676564837
1521,3806422,1379670,0.985,0.04,-0.034,0,0,0.1,-35.5,6.1,26.6,0.164281137,0.703970458,-0.140202033,0.676564837
1522,3807956,1379670,0.985,0.04,-0.034,0,0.1,0,-35.5,6.1,26.6,0.164281137,0.703970458,-0.140202033,0.676564837
1523,3810270,1379670,0.985,0.036,-0.038,0,0.1,0,-35.5,6.1,26.6,0.164281137,0.703970458,-0.140202033,0.676564837
1524,3812842,1379670,0.988,0.044,-0.026,0.1,0.2,0,-35.4,5.9,27.1,0.164250618,0.70393994,-0.140202033,0.676564837
1525,3816281,1379680,0.988,0.04,-0.026,0.1,0.2,0,-35.4,5.9,27.1,0.164250618,0.70393994,-0.140202033,0.676595355
1526,3817802,1379680,0.985,0.04,-0.034,0.1,0.1,0,-35.4,5.9,27.1,0.164250618,0.70393994,-0.140202033,0.676595355
1527,3820262,1379680,0.985,0.04,-0.03,0.1,0,0,-35.4,5.9,27.1,0.164250618,0.70393994,-0.140202033,0.676595355
1528,3823667,1379680,0.988,0.036,-0.026,0,-0.1,0,-35.4,5.9,27.1,0.164281137,0.70393994,-0.140171514,0.676595355
1529,3825288,1379690,0.988,0.036,-0.026,0,-0.1,0,-35.4,5.9,27.1,0.164281137,0.70393994,-0.140171514,0.676595355
1530,3828457,1379690,0.985,0.036,-0.038,0,-0.1,0,-35.4,5.9,27.1,0.164281137,0.703970458,-0.140171514,0.676564837
1531,3831395,1379690,0.985,0.032,-0.03,0,-0.1,0,-35.4,5.9,27.1,0.164281137,0.703970458,-0.140171514,0.676564837
1532,3832890,1379690,0.981,0.036,-0.022,0,0,0,-35.3,5.1,27.1,0.164250618,0.703970458,-0.140171514,0.676564837
1533,3835963,1379700,0.981,0.04,-0.034,0,0,0,-35.3,5.1,27.1,0.164250618,0.703970458,-0.140171514,0.676564837
1534,3838862,1379700,0.988,0.04,-0.034,0,0,0,-35.3,5.1,27.1,0.164250618,0.703970458,-0.140171514,0.676564837
1535,3840407,1379700,0.985,0.04,-0.038,0.1,0,-0.1,-35.3,5.1,27.1,0.164250618,0.703970458,-0.140171514,0.676564837
1536,3843365,1379700,0.988,0.036,-0.034,0,0,0,-35.7,6.8,28.3,0.164250618,0.703970458,-0.140171514,0.676564837
1537,3846275,1379710,0.988,0.04,-0.034,0,-0.1,0,-35.7,6.8,28.3,0.164250618,0.703970458,-0.140171514,0.676564837
1538,3848015,1379710,0.988,0.044,-0.03,0,-0.1,0,-35.7,6.8,28.3,0.164250618,0.703970458,-0.140171514,0.676564837
1539,3850398,1379710,0.988,0.04,-0.026,0,-0.1,0.1,-35.7,6.8,28.3,0.164250618,0.703970458,-0.140171514,0.676564837
1540,3853771,1379710,0.985,0.04,-0.03,-0.1,-0.1,0,-35.4,4.6,26.2,0.164250618,0.703970458,-0.140171514,0.676564837
1541,3855379,1379720,0.985,0.036,-0.034,-0.1,-0.1,0,-35.4,4.6,26.2,0.164250618,0.703970458,-0.140202033,0.676564837
1542,3857763,1379720,0.985,0.04,-0.034,-0.1,0,0,-35.4,4.6,26.2,0.164281137,0.703970458,-0.140202033,0.676564837
1543,3860839,1379720,0.981,0.044,-0.022,0,0,0,-35.4,4.6,26.2,0.164281137,0.703970458,-0.140202033,0.676564837
1544,3862759,1379720,0.981,0.04,-0.034,0,0,0,-35.2,4.2,25.8,0.164281137,0.703970458,-0.140202033,0.676564837
1545,3866242,1379730,0.985,0.04,-0.03,0,0,0,-35.2,4.2,25.8,0.164250618,0.703970458,-0.140202033,0.676564837
1546,3867895,1379730,0.985,0.036,-0.034,0,0.1,0,-35.2,4.2,25.8,0.164250618,0.703970458,-0.140202033,0.676564837
1547,3870678,1379730,0.985,0.04,-0.034,0,0.2,0,-35.2,4.2,25.8,0.164250618,0.703970458,-0.140202033,0.676564837
1548,3873694,1379730,0.985,0.04,-0.034,0,0.3,0,-35.4,4.1,26.2,0.164250618,0.704000977,-0.140202033,0.676534318
1549,3875406,1379740,0.985,0.04,-0.03,0,0.3,0,-35.4,4.1,26.2,0.164250618,0.704000977,-0.140202033,0.676534318
1550,3878391,1379740,0.985,0.036,-0.026,0,0.2,0,-35.4,4.1,26.2,0.164250618,0.703970458,-0.140202033,0.676564837
1551,3881252,1379740,0.985,0.04,-0.03,0,0.1,0,-35.4,4.1,26.2,0.164250618,0.703970458,-0.140202033,0.676564837
1552,3882841,1379740,0.981,0.044,-0.03,0,0.1,0,-35.2,4.1,26.2,0.164250618,0.703970458,-0.140202033,0.676564837
1553,3885845,1379750,0.988,0.044,-0.034,0,0.1,0,-35.2,4.1,26.2,0.164250618,0.703970458,-0.140202033,0.676564837
1554,3888709,1379750,0.988,0.04,-0.034,0,0.1,0,-35.2,4.1,26.2,0.164250618,0.703970458,-0.140202033,0.676564837
1555,3890299,1379750,0.985,0.04,-0.03,0,0,0,-35.2,4.1,26.2,0.164250618,0.703970458,-0.140202033,0.676564837
1556,3893127,1379750,0.985,0.04,-0.026,0,0,0,-35.6,7.7,27.5,0.164250618,0.703970458,-0.140202033,0.676564837
1557,3895558,1379760,0.985,0.04,-0.026,0,0,0,-35.6,7.7,27.5,0.164250618,0.703970458,-0.140202033,0.676564837
1558,3897918,1379760,0.985,0.04,-0.034,0,0,0,-35.6,7.7,27.5,0.164250618,0.703970458,-0.140202033,0.676564837
1559,3902007,1379760,0.988,0.048,-0.034,0,0.1,0,-35.6,7.7,27.5,0.164250618,0.703970458,-0.140202033,0.676564837
1560,3904175,1379760,0.985,0.04,-0.026,0,0.1,0.1,-35.5,6.1,27.4,0.164250618,0.703970458,-0.140202033,0.676564837
1561,3906343,1379770,0.985,0.044,-0.034,0,0.2,0.1,-35.5,6.1,27.4,0.164250618,0.703970458,-0.140202033,0.676564837
1562,3907864,1379770,0.988,0.044,-0.026,0,0.1,0,-35.5,6.1,27.4,0.164250618,0.703970458,-0.140202033,0.676564837
1563,3910944,1379770,0.985,0.04,-0.026,0,0,0,-35.5,6.1,27.4,0.164250618,0.703970458,-0.140202033,0.676564837
1564,3912779,1379770,0.981,0.036,-0.03,0,0,0,-35.5,7,27,0.164250618,0.703970458,-0.140202033,0.676564837
1565,3916225,1379780,0.988,0.04,-0.03,0,0,0,-35.5,7,27,0.164250618,0.703970458,-0.140202033,0.676564837
1566,3917759,1379780,0.988,0.036,-0.034,0,0.1,0,-35.5,7,27,0.164250618,0.703970458,-0.140202033,0.676564837
1567,3920432,1379780,0.981,0.04,-0.038,0,0.2,0,-35.5,7,27,0.164250618,0.703970458,-0.140202033,0.676564837
1568,3923478,1379780,0.988,0.04,-0.026,0,0,0,-35.5,7.6,27,0.164220099,0.704000977,-0.140232551,0.676534318
1569,3925928,1379790,0.985,0.036,-0.03,0,0,0,-35.5,7.6,27,0.164220099,0.704000977,-0.140232551,0.676534318
1570,3927992,1379790,0.985,0.04,-0.03,0.1,0,0,-35.5,7.6,27,0.164220099,0.704000977,-0.140232551,0.676534318
1571,3930332,1379790,0.985,0.044,-0.03,0,-0.1,-0.1,-35.5,7.6,27,0.164220099,0.704000977,-0.140232551,0.676534318
1572,3933109,1379790,0.985,0.036,-0.03,0,0,-0.1,-35.5,7.6,27.2,0.164220099,0.704000977,-0.140232551,0.676534318
1573,3935311,1379800,0.985,0.04,-0.034,0,0,0,-35.5,7.6,27.2,0.164220099,0.704000977,-0.140232551,0.676534318
1574,3938564,1379800,0.985,0.04,-0.03,0,0,0,-35.5,7.6,27.2,0.164220099,0.704000977,-0.140232551,0.676534318
1575,3940978,1379800,0.985,0.04,-0.034,0,0,0,-35.5,7.6,27.2,0.164220099,0.704000977,-0.140232551,0.676534318
1576,3943363,1379800,0.988,0.04,-0.034,0,0,0,-35.5,5.7,27.1,0.164220099,0.704000977,-0.140232551,0.676534318
1577,3945601,1379810,0.988,0.036,-0.03,-0.1,0.1,0,-35.5,5.7,27.1,0.164220099,0.704000977,-0.140232551,0.676534318
1578,3947888,1379810,0.985,0.04,-0.034,-0.1,0.1,0,-35.5,5.7,27.1,0.164220099,0.704000977,-0.140232551,0.676534318
1579,3951285,1379810,0.981,0.04,-0.038,-0.1,0.1,0,-35.5,5.7,27.1,0.164220099,0.704000977,-0.140232551,0.676534318
1580,3953550,1379810,0.988,0.044,-0.03,0,0,0,-35.5,6.5,27.6,0.164220099,0.704000977,-0.140232551,0.676534318
1581,3955776,1379820,0.985,0.036,-0.03,0,0,0,-35.5,6.5,27.6,0.164220099,0.704000977,-0.140232551,0.676534318
1582,3957876,1379820,0.985,0.04,-0.034,0,0,0,-35.5,6.5,27.6,0.164220099,0.704000977,-0.140232551,0.676534318
1583,3961066,1379820,0.985,0.04,-0.034,0,0.1,0,-35.5,6.5,27.6,0.164220099,0.703970458,-0.140232551,0.676534318
1584,3962841,1379820,0.988,0.036,-0.03,0,0.1,0,-35.7,6.4,27.5,0.164220099,0.703970458,-0.140232551,0.676564837
1585,3966263,1379830,0.985,0.04,-0.03,0,0.1,0,-35.7,6.4,27.5,0.164220099,0.703970458,-0.140232551,0.676564837
1586,3967812,1379830,0.985,0.04,-0.03,0,0.2,0,-35.7,6.4,27.5,0.164220099,0.703970458,-0.140232551,0.676564837
1587,3970365,1379830,0.981,0.04,-0.034,0,0.1,0,-35.7,6.4,27.5,0.164220099,0.703970458,-0.140232551,0.676564837
1588,3973740,1379830,0.985,0.04,-0.03,0,0,0,-36.2,6.3,27,0.164220099,0.704000977,-0.14026307,0.676534318
1589,3975492,1379840,0.985,0.04,-0.03,0,0,0,-36.2,6.3,27,0.164220099,0.704000977,-0.14026307,0.676534318
1590,3977833,1379840,0.988,0.036,-0.034,0,0,0,-36.2,6.3,27,0.164220099,0.704000977,-0.14026307,0.676534318
1591,3980915,1379840,0.988,0.04,-0.038,0,0,0,-36.2,6.3,27,0.164220099,0.704000977,-0.14026307,0.676534318
1592,3982756,1379840,0.988,0.04,-0.034,0,-0.1,-0.1,-36.5,6.2,27.5,0.164220099,0.704000977,-0.14026307,0.676534318
1593,3986071,1379850,0.988,0.04,-0.034,0,-0.1,-0.1,-36.5,6.2,27.5,0.164220099,0.704000977,-0.14026307,0.676534318
1594,3987971,1379850,0.985,0.044,-0.034,0,-0.1,-0.1,-36.5,6.2,27.5,0.164220099,0.704000977,-0.14026307,0.676534318
1595,3990277,1379850,0.985,0.04,-0.03,0,0,0,-36.5,6.2,27.5,0.164220099,0.704000977,-0.14026307,0.676534318
1596,3993702,1379850,0.985,0.04,-0.03,0,0,0,-34.9,4.6,27.4,0.164220099,0.704000977,-0.14026307,0.676534318
1597,3995899,1379860,0.985,0.036,-0.026,0,0,0,-34.9,4.6,27.4,0.164220099,0.704000977,-0.14026307,0.676534318
1598,3998125,1379860,0.981,0.04,-0.038,0,0.1,0,-34.9,4.6,27.4,0.164220099,0.704000977,-0.14026307,0.676534318
1599,4000389,1379860,0.985,0.044,-0.026,0,0.1,0,-34.9,4.6,27.4,0.164220099,0.704000977,-0.14026307,0.676534318
1600,4004093,1379860,0.985,0.04,-0.034,0,0.1,0,-37,7.4,27.2,0.164220099,0.704000977,-0.14026307,0.676534318
1601,4005599,1379870,0.988,0.04,-0.034,0,0.1,-0.1,-37,7.4,27.2,0.164220099,0.704000977,-0.14026307,0.676534318
1602,4008690,1379870,0.985,0.04,-0.03,0,0,-0.1,-37,7.4,27.2,0.164220099,0.704000977,-0.140232551,0.676534318
1603,4010366,1379870,0.981,0.036,-0.03,0,0,-0.1,-37,7.4,27.2,0.164220099,0.704000977,-0.140232551,0.676534318
1604,4013919,1379870,0.985,0.044,-0.038,0,0.1,-0.1,-37.3,7.3,27.2,0.164220099,0.703970458,-0.140232551,0.676534318
1605,4015332,1379880,0.985,0.036,-0.034,0,0.1,-0.1,-37.3,7.3,27.2,0.164220099,0.703970458,-0.140232551,0.676534318
1606,4018398,1379880,0.985,0.04,-0.03,0,0.1,0,-37.3,7.3,27.2,0.164220099,0.703970458,-0.140232551,0.676564837
1607,4021424,1379880,0.992,0.044,-0.03,0,0,0,-37.3,7.3,27.2,0.164220099,0.703970458,-0.140232551,0.676564837
1608,4023585,1379880,0.988,0.04,-0.03,0.1,0,0,-37.1,7.3,27.3,0.164220099,0.704031495,-0.140232551,0.6765038
1609,4025375,1379890,0.985,0.044,-0.034,0.1,0,0,-37.1,7.3,27.3,0.164220099,0.704031495,-0.140232551,0.6765038
1610,4027723,1379890,0.985,0.04,-0.038,0.1,0,0,-37.1,7.3,27.3,0.164220099,0.704031495,-0.140232551,0.6765038
1611,4031176,1379890,0.985,0.04,-0.034,0,0.1,0,-37.1,7.3,27.3,0.164220099,0.704031495,-0.140232551,0.6765038
1612,4032831,1379890,0.981,0.04,-0.03,0,0.1,0,-37.3,7.3,27.2,0.164220099,0.704000977,-0.140232551,0.676534318
1613,4036466,1379900,0.985,0.04,-0.03,0,0,0,-37.3,7.3,27.2,0.164220099,0.704000977,-0.140232551,0.676534318
1614,4037856,1379900,0.981,0.036,-0.026,0,0,0,-37.3,7.3,27.2,0.164220099,0.704000977,-0.140232551,0.676534318
1615,4040929,1379900,0.985,0.04,-0.034,0,-0.1,0,-37.3,7.3,27.2,0.164220099,0.704000977,-0.140232551,0.676534318
1616,4042812,1379900,0.988,0.036,-0.03,0.1,-0.1,0,-34.7,5.6,27.2,0.164220099,0.704031495,-0.140232551,0.6765038
1617,4046298,1379910,0.985,0.04,-0.03,0.1,0,0,-34.7,5.6,27.2,0.164220099,0.704031495,-0.140232551,0.6765038
1618,4047819,1379910,0.988,0.048,-0.038,0.1,0,0,-34.7,5.6,27.2,0.164220099,0.704031495,-0.140232551,0.6765038
1619,4050372,1379910,0.988,0.04,-0.034,0,0,0,-34.7,5.6,27.2,0.164220099,0.704031495,-0.140232551,0.6765038
1620,4053861,1379910,0.988,0.044,-0.03,0,0,0,-36.3,6.2,27.6,0.164220099,0.704031495,-0.140232551,0.6765038
1621,4055467,1379920,0.988,0.04,-0.03,0,0,-0.1,-36.3,6.2,27.6,0.164220099,0.704031495,-0.140232551,0.6765038
1622,4057941,1379920,0.988,0.04,-0.034,0,0,-0.1,-36.3,6.2,27.6,0.164220099,0.704031495,-0.140232551,0.6765038
1623,4061298,1379920,0.981,0.036,-0.026,0,0.1,-0.2,-36.3,6.2,27.6,0.164220099,0.704031495,-0.140232551,0.6765038
1624,4062850,1379920,0.981,0.04,-0.03,0,0.1,-0.1,-35.5,6.2,27.2,0.164220099,0.704031495,-0.140202033,0.6765038
1625,4065336,1379930,0.985,0.04,-0.034,0,0.2,-0.1,-35.5,6.2,27.2,0.164220099,0.704000977,-0.140202033,0.676534318
1626,4067718,1379930,0.985,0.04,-0.026,0,0.2,0,-35.5,6.2,27.2,0.164220099,0.704000977,-0.140202033,0.676534318
1627,4071111,1379930,0.985,0.036,-0.03,0,0.1,0,-35.5,6.2,27.2,0.164220099,0.704000977,-0.140202033,0.676534318
1628,4072815,1379930,0.985,0.04,-0.03,0,0.1,0,-35.2,6.4,27.7,0.164220099,0.704000977,-0.140232551,0.676534318
1629,4075343,1379940,0.988,0.04,-0.03,0,0.1,0,-35.2,6.4,27.7,0.164220099,0.704000977,-0.140232551,0.676534318
1630,4078620,1379940,0.985,0.04,-0.038,0,0.2,0,-35.2,6.4,27.7,0.164220099,0.704000977,-0.140232551,0.676534318
1631,4080340,1379940,0.981,0.04,-0.034,0,0.2,0,-35.2,6.4,27.7,0.164220099,0.704000977,-0.140232551,0.676534318
1632,4082714,1379940,0.988,0.04,-0.034,0,0.2,0,-34.6,6.2,27.2,0.164220099,0.704000977,-0.140232551,0.676534318
1633,4086141,1379950,0.985,0.04,-0.034,0,0.2,0,-34.6,6.2,27.2,0.164220099,0.704000977,-0.140232551,0.676534318
1634,4087875,1379950,0.985,0.04,-0.03,0,0.1,0,-34.6,6.2,27.2,0.164220099,0.704000977,-0.140232551,0.676534318
1635,4092088,1379950,0.985,0.04,-0.034,0,0,0,-34.6,6.2,27.2,0.164220099,0.704000977,-0.140232551,0.676534318
1636,4094464,1379950,0.985,0.04,-0.034,0,0,0,-35.8,6.1,27.1,0.164220099,0.704000977,-0.140232551,0.676534318
1637,4096652,1379960,0.985,0.04,-0.03,0.1,0,0,-35.8,6.1,27.1,0.164220099,0.704000977,-0.140232551,0.676564837
1638,4098839,1379960,0.988,0.044,-0.026,0.1,0,0,-35.8,6.1,27.1,0.164220099,0.704000977,-0.140232551,0.676564837
1639,4100369,1379960,0.985,0.036,-0.03,0.1,0,-0.1,-35.8,6.1,27.1,0.164220099,0.704000977,-0.140202033,0.676534318
1640,4102934,1379960,0.981,0.04,-0.03,0.1,0,-0.1,-34.9,5.8,26.9,0.164220099,0.704000977,-0.140202033,0.676534318
1641,4106315,1379970,0.985,0.044,-0.03,0,0,-0.1,-34.9,5.8,26.9,0.164220099,0.704000977,-0.140202033,0.676534318
1642,4107864,1379970,0.981,0.04,-0.03,0,-0.1,-0.1,-34.9,5.8,26.9,0.164220099,0.704000977,-0.140202033,0.676534318
1643,4110392,1379970,0.988,0.044,-0.034,0,-0.1,0,-34.9,5.8,26.9,0.164220099,0.704000977,-0.140202033,0.676534318
1644,4113934,1379970,0.988,0.044,-0.026,0,-0.1,0,-35.2,5.7,27.1,0.164220099,0.704000977,-0.140202033,0.676534318
1645,4116184,1379980,0.985,0.04,-0.03,0,-0.1,0.1,-35.2,5.7,27.1,0.164220099,0.704000977,-0.140202033,0.676534318
1646,4118382,1379980,0.985,0.04,-0.034,-0.1,-0.1,0.1,-35.2,5.7,27.1,0.164220099,0.704000977,-0.140202033,0.676534318
1647,4120561,1379980,0.985,0.04,-0.034,-0.1,-0.1,0,-35.2,5.7,27.1,0.164220099,0.704000977,-0.140232551,0.676534318
1648,4122818,1379980,0.988,0.036,-0.03,-0.1,-0.1,-0.1,-35.5,6.1,26.9,0.164220099,0.704031495,-0.140202033,0.6765038
1649,4125870,1379990,0.988,0.036,-0.03,-0.1,-0.1,-0.1,-35.5,6.1,26.9,0.164220099,0.704031495,-0.140202033,0.6765038
1650,4128828,1379990,0.985,0.04,-0.03,-0.1,0,-0.1,-35.5,6.1,26.9,0.164220099,0.704031495,-0.140202033,0.6765038
1651,4130321,1379990,0.985,0.036,-0.034,0,0,0,-35.5,6.1,26.9,0.164220099,0.704031495,-0.140232551,0.6765038
1652,4132887,1379990,0.985,0.036,-0.03,0,0.1,0,-35.2,6,26.8,0.164220099,0.704031495,-0.140232551,0.6765038
1653,4136308,1380000,0.988,0.04,-0.026,0,0.1,0,-35.2,6,26.8,0.164220099,0.704031495,-0.140232551,0.6765038
1654,4137840,1380000,0.985,0.04,-0.026,0,0,0,-35.2,6,26.8,0.164220099,0.704031495,-0.140232551,0.6765038
1655,4140866,1380000,0.985,0.04,-0.034,0.1,0,0,-35.2,6,26.8,0.164220099,0.704031495,-0.140202033,0.6765038
1656,4142851,1380000,0.988,0.04,-0.026,0.1,0,0,-36.7,5.9,27.3,0.164220099,0.704031495,-0.140202033,0.6765038
1657,4145306,1380010,0.985,0.044,-0.03,0.1,0,0,-36.7,5.9,27.3,0.164220099,0.704031495,-0.140202033,0.6765038
1658,4148731,1380010,0.985,0.04,-0.034,0.1,-0.1,0,-36.7,5.9,27.3,0.164220099,0.704031495,-0.140202033,0.6765038
1659,4150271,1380010,0.985,0.036,-0.03,0,0,0,-36.7,5.9,27.3,0.164220099,0.704031495,-0.140202033,0.6765038
1660,4153412,1380010,0.988,0.036,-0.034,0,0,0,-34.5,6.2,27.2,0.164220099,0.704031495,-0.140202033,0.6765038
1661,4156432,1380020,0.988,0.044,-0.034,0,0,-0.1,-34.5,6.2,27.2,0.164220099,0.704031495,-0.140202033,0.6765038
1662,4157937,1380020,0.985,0.036,-0.03,0,0,-0.1,-34.5,6.2,27.2,0.164220099,0.704031495,-0.140202033,0.6765038
1663,4160413,1380020,0.988,0.04,-0.03,0,0,-0.1,-34.5,6.2,27.2,0.164220099,0.704031495,-0.140202033,0.6765038
1664,4162703,1380020,0.988,0.044,-0.026,0,-0.1,-0.1,-34.4,5.8,27.1,0.164220099,0.704031495,-0.140202033,0.6765038
1665,4166334,1380030,0.985,0.04,-0.034,0,-0.1,-0.1,-34.4,5.8,27.1,0.164220099,0.704031495,-0.140202033,0.6765038
1666,4167956,1380030,0.985,0.04,-0.03,0,-0.2,-0.1,-34.4,5.8,27.1,0.164220099,0.704031495,-0.140202033,0.6765038
1667,4170581,1380030,0.981,0.036,-0.03,0,-0.1,-0.1,-34.4,5.8,27.1,0.164220099,0.704062014,-0.140202033,0.6765038
1668,4172738,1380030,0.985,0.04,-0.03,0,0,0.1,-34.2,6,27.5,0.164220099,0.704062014,-0.140202033,0.676473281
1669,4176294,1380040,0.985,0.04,-0.03,0,0,0.1,-34.2,6,27.5,0.164220099,0.704062014,-0.140202033,0.676473281
1670,4177832,1380040,0.988,0.036,-0.03,0,0.1,0.1,-34.2,6,27.5,0.164220099,0.704062014,-0.140202033,0.6765038
1671,4180354,1380040,0.988,0.044,-0.026,0,0.1,0,-34.2,6,27.5,0.164220099,0.704062014,-0.140202033,0.6765038
1672,4183775,1380040,0.985,0.04,-0.022,0,0,0,-34.4,5.7,26.6,0.164220099,0.704062014,-0.140202033,0.6765038
1673,4185244,1380050,0.985,0.036,-0.034,0,-0.1,0,-34.4,5.7,26.6,0.164220099,0.704062014,-0.140202033,0.6765038
1674,4188543,1380050,0.985,0.04,-0.026,0,-0.1,0,-34.4,5.7,26.6,0.164220099,0.704062014,-0.140202033,0.676473281
1675,4190794,1380050,0.985,0.036,-0.03,0,-0.1,0,-34.4,5.7,26.6,0.164220099,0.704062014,-0.140202033,0.676473281
1676,4193095,1380050,0.985,0.044,-0.038,0,0,0,-35.9,5.9,27.4,0.164220099,0.704062014,-0.140202033,0.676473281
1677,4195288,1380060,0.988,0.04,-0.034,0,0,0,-35.9,5.9,27.4,0.164220099,0.704062014,-0.140202033,0.676473281
1678,4198664,1380060,0.985,0.04,-0.026,0,0.2,0,-35.9,5.9,27.4,0.164220099,0.704062014,-0.140202033,0.6765038
1679,4200246,1380060,0.985,0.04,-0.034,0,0.2,0,-35.9,5.9,27.4,0.164220099,0.704062014,-0.140202033,0.6765038
1680,4203807,1380060,0.985,0.04,-0.034,-0.1,0.2,0,-35.1,6.3,27.2,0.164220099,0.704031495,-0.140202033,0.6765038
1681,4205337,1380070,0.985,0.04,-0.034,0,0.1,0,-35.1,6.3,27.2,0.164220099,0.704031495,-0.140202033,0.6765038
1682,4208684,1380070,0.985,0.036,-0.03,0,0,0,-35.1,6.3,27.2,0.164220099,0.704031495,-0.140202033,0.6765038
1683,4210370,1380070,0.988,0.04,-0.03,0,0,0,-35.1,6.3,27.2,0.164220099,0.704031495,-0.140202033,0.6765038
1684,4212826,1380070,0.985,0.04,-0.038,0,0,-0.1,-34.9,6.5,27.5,0.164220099,0.704031495,-0.140202033,0.6765038
1685,4217044,1380080,0.981,0.036,-0.034,0,0,-0.1,-34.9,6.5,27.5,0.164220099,0.704031495,-0.140202033,0.6765038
1686,4219268,1380080,0.988,0.044,-0.034,0,-0.1,-0.1,-34.9,6.5,27.5,0.164220099,0.704031495,-0.140202033,0.6765038
1687,4221438,1380080,0.985,0.04,-0.034,0,-0.2,0,-34.9,6.5,27.5,0.164220099,0.704062014,-0.140202033,0.676473281
1688,4222912,1380080,0.985,0.04,-0.03,0,-0.1,0,-35.5,6.7,27.2,0.164189581,0.704092532,-0.140232551,0.676412244
1689,4225896,1380090,0.985,0.036,-0.03,0,-0.1,0,-35.5,6.7,27.2,0.164189581,0.704092532,-0.140232551,0.676412244
1690,4227724,1380090,0.988,0.04,-0.03,0,0,0,-35.5,6.7,27.2,0.164189581,0.704092532,-0.140232551,0.676412244
1691,4231167,1380090,0.985,0.036,-0.038,0,0.1,0,-35.5,6.7,27.2,0.164189581,0.704092532,-0.140232551,0.676442763
1692,4232833,1380090,0.988,0.04,-0.03,0,0.1,0,-35.4,6.7,27.2,0.164189581,0.704092532,-0.140232551,0.676442763
1693,4235578,1380100,0.988,0.04,-0.026,0.1,0,0,-35.4,6.7,27.2,0.164189581,0.704092532,-0.140232551,0.676442763
1694,4238799,1380100,0.985,0.036,-0.034,0.1,0,0,-35.4,6.7,27.2,0.164189581,0.704092532,-0.140232551,0.676442763
1695,4240437,1380100,0.981,0.04,-0.03,0.1,0.1,0,-35.4,6.7,27.2,0.164189581,0.704092532,-0.140232551,0.676442763
1696,4243127,1380100,0.985,0.04,-0.026,0,0.1,0,-35.7,5.7,27,0.164189581,0.704092532,-0.140202033,0.676442763
1697,4246646,1380110,0.985,0.04,-0.03,0,0.2,0,-35.7,5.7,27,0.164189581,0.704092532,-0.140202033,0.676442763
1698,4248227,1380110,0.985,0.04,-0.026,-0.1,0.2,0,-35.7,5.7,27,0.164189581,0.704092532,-0.140232551,0.676442763
1699,4250545,1380110,0.985,0.04,-0.034,-0.1,0,0,-35.7,5.7,27,0.164189581,0.704092532,-0.140232551,0.676442763
1700,4253578,1380110,0.985,0.044,-0.034,0,-0.1,0,-35.7,5.7,28,0.164189581,0.704092532,-0.140232551,0.676442763
1701,4255347,1380120,0.988,0.04,-0.026,0,-0.3,-0.1,-35.7,5.7,28,0.164189581,0.704092532,-0.140232551,0.676442763
1702,4258622,1380120,0.988,0.04,-0.034,-0.1,-0.3,-0.1,-35.7,5.7,28,0.164189581,0.704092532,-0.140232551,0.676442763
1703,4260540,1380120,0.981,0.04,-0.034,-0.1,-0.2,0,-35.7,5.7,28,0.164189581,0.704092532,-0.140232551,0.676412244
1704,4263998,1380120,0.985,0.04,-0.034,-0.1,-0.1,0,-35.7,6.2,28.3,0.164220099,0.704092532,-0.140232551,0.676412244
1705,4266173,1380130,0.985,0.044,-0.034,0,0,0,-35.7,6.2,28.3,0.164220099,0.704092532,-0.140232551,0.676412244
1706,4267690,1380130,0.985,0.04,-0.03,0,0,0,-35.7,6.2,28.3,0.164220099,0.704092532,-0.140232551,0.676412244
1707,4270664,1380130,0.981,0.04,-0.034,0,0,0,-35.7,6.2,28.3,0.164220099,0.704092532,-0.140232551,0.676412244
1708,4273538,1380130,0.985,0.04,-0.034,0,0,-0.1,-35.3,6,29.1,0.164220099,0.704153569,-0.140232551,0.676381726
1709,4275279,1380140,0.985,0.04,-0.034,0,0,-0.1,-35.3,6,29.1,0.164220099,0.704153569,-0.140232551,0.676381726
1710,4277949,1380140,0.985,0.04,-0.034,0,0,-0.1,-35.3,6,29.1,0.164220099,0.704153569,-0.140232551,0.676381726
1711,4280873,1380140,0.988,0.04,-0.03,0,0,-0.1,-35.3,6,29.1,0.164220099,0.704153569,-0.140232551,0.676381726
1712,4282684,1380140,0.985,0.04,-0.03,0,0,0,-35.2,6,29,0.164220099,0.704153569,-0.140232551,0.676381726
1713,4285424,1380150,0.988,0.036,-0.026,0,0.1,0,-35.2,6,29,0.164220099,0.704153569,-0.140232551,0.676381726
1714,4288490,1380150,0.988,0.04,-0.038,0,0,0,-35.2,6,29,0.164220099,0.704153569,-0.140232551,0.676381726
1715,4291456,1380150,0.988,0.036,-0.042,0,0,0,-35.2,6,29,0.164220099,0.704153569,-0.140232551,0.676381726
1716,4293041,1380150,0.985,0.036,-0.026,0,0,0,-35.5,6,25.2,0.164220099,0.704153569,-0.140232551,0.676381726
1717,4296026,1380160,0.985,0.04,-0.026,0,0,0.1,-35.5,6,25.2,0.164220099,0.704153569,-0.140232551,0.676381726
1718,4298359,1380160,0.985,0.044,-0.026,0,0,0,-35.5,6,25.2,0.164220099,0.704153569,-0.140232551,0.676381726
1719,4300454,1380160,0.988,0.036,-0.03,0,0,0,-35.5,6,25.2,0.164220099,0.704153569,-0.140232551,0.676381726
1720,4303552,1380160,0.985,0.044,-0.03,0,0,-0.1,-35.7,5.7,27.9,0.164220099,0.704153569,-0.140232551,0.676381726
1721,4305385,1380170,0.981,0.04,-0.03,0,0,0,-35.7,5.7,27.9,0.164220099,0.704153569,-0.140232551,0.676381726
1722,4308819,1380170,0.981,0.036,-0.034,0.1,-0.1,0,-35.7,5.7,27.9,0.164220099,0.704153569,-0.140232551,0.676381726
1723,4311060,1380170,0.981,0.04,-0.038,0.1,-0.1,0.1,-35.7,5.7,27.9,0.164220099,0.704153569,-0.140232551,0.676381726
1724,4313269,1380170,0.985,0.04,-0.03,0,0,-0.1,-35.3,5.7,27.5,0.164220099,0.704153569,-0.140232551,0.676381726
1725,4315487,1380180,0.985,0.048,-0.034,0,0,-0.1,-35.3,5.7,27.5,0.164220099,0.704153569,-0.140232551,0.676381726
1726,4318891,1380180,0.988,0.04,-0.034,0,0,-0.2,-35.3,5.7,27.5,0.164220099,0.704153569,-0.140232551,0.676381726
1727,4321217,1380180,0.985,0.04,-0.034,0,0,-0.1,-35.3,5.7,27.5,0.164220099,0.704153569,-0.140232551,0.676381726
1728,4323442,1380180,0.988,0.044,-0.03,0,0.1,-0.1,-35.3,5.7,26.9,0.164250618,0.704184088,-0.140202033,0.676351207
1729,4325725,1380190,0.988,0.044,-0.03,0,0.1,-0.1,-35.3,5.7,26.9,0.164250618,0.704184088,-0.140202033,0.676351207
1730,4328046,1380190,0.988,0.04,-0.026,0,0,0,-35.3,5.7,26.9,0.164250618,0.704184088,-0.140202033,0.676351207
1731,4330512,1380190,0.985,0.044,-0.026,0,0,0.1,-35.3,5.7,26.9,0.164250618,0.704184088,-0.140202033,0.676351207
1732,4333200,1380190,0.985,0.04,-0.034,0,0,0,-35.3,6,26.7,0.164250618,0.704184088,-0.140202033,0.676351207
1733,4336290,1380200,0.985,0.04,-0.03,0,0.1,0,-35.3,6,26.7,0.164250618,0.704184088,-0.140202033,0.676351207
1734,4338540,1380200,0.985,0.04,-0.034,0.1,0.1,-0.1,-35.3,6,26.7,0.164250618,0.704184088,-0.140202033,0.676351207
1735,4340717,1380200,0.985,0.036,-0.03,0.1,0.1,-0.1,-35.3,6,26.7,0.164250618,0.704184088,-0.140202033,0.676351207
1736,4343069,1380200,0.981,0.04,-0.034,0,0,-0.1,-35.6,6.2,26.6,0.164250618,0.704184088,-0.140202033,0.676351207
1737,4345627,1380210,0.988,0.044,-0.026,0,-0.1,-0.1,-35.6,6.2,26.6,0.164250618,0.704184088,-0.140202033,0.676351207
1738,4347909,1380210,0.981,0.036,-0.038,0,-0.1,-0.2,-35.6,6.2,26.6,0.164250618,0.704184088,-0.140202033,0.676351207
1739,4351941,1380210,0.988,0.036,-0.026,0,-0.1,-0.2,-35.6,6.2,26.6,0.164250618,0.704184088,-0.140202033,0.676351207
1740,4354348,1380210,0.988,0.04,-0.034,0.1,-0.1,-0.1,-35.7,5.9,27.1,0.164250618,0.704184088,-0.140202033,0.676351207
1741,4357034,1380220,0.988,0.036,-0.038,0.1,0,-0.1,-35.7,5.9,27.1,0.164250618,0.704184088,-0.140202033,0.676351207
1742,4359396,1380220,0.988,0.04,-0.026,0.1,0,0,-35.7,5.9,27.1,0.164250618,0.704184088,-0.140171514,0.676351207
1743,4361119,1380220,0.988,0.044,-0.034,0,0,0,-35.7,5.9,27.1,0.164250618,0.704184088,-0.140171514,0.676351207
1744,4362858,1380220,0.988,0.04,-0.03,0.1,0,0,-35.7,5.9,27.1,0.164250618,0.704184088,-0.140171514,0.676351207
1745,4365615,1380230,0.985,0.044,-0.03,0,0,0,-35.7,5.9,27.1,0.164250618,0.704184088,-0.140171514,0.676351207
1746,4367855,1380230,0.988,0.048,-0.03,0,0,-0.1,-35.7,5.9,27.1,0.164250618,0.704184088,-0.140171514,0.676351207
1747,4371944,1380230,0.988,0.04,-0.034,0,0.1,-0.1,-35.7,5.9,27.1,0.164250618,0.704184088,-0.140171514,0.676351207
1748,4374131,1380230,0.985,0.036,-0.034,0,0.2,-0.1,-35.7,6.2,26.8,0.164281137,0.704214606,-0.140140996,0.676320688
1749,4376597,1380240,0.985,0.04,-0.026,0,0.2,-0.1,-35.7,6.2,26.8,0.164281137,0.704184088,-0.140140996,0.676320688
1750,4378755,1380240,0.985,0.044,-0.03,0,0.3,0,-35.7,6.2,26.8,0.164281137,0.704184088,-0.140140996,0.676351207
1751,4381015,1380240,0.981,0.04,-0.038,0,0.3,0,-35.7,6.2,26.8,0.164281137,0.704184088,-0.140140996,0.676351207
1752,4383459,1380240,0.988,0.036,-0.03,0,0.2,0,-35.5,5.5,26.7,0.164281137,0.704184088,-0.140140996,0.676351207
1753,4385458,1380250,0.988,0.04,-0.03,0,0.1,0,-35.5,5.5,26.7,0.164281137,0.704184088,-0.140140996,0.676351207
1754,4387887,1380250,0.985,0.044,-0.034,0,0,0,-35.5,5.5,26.7,0.164281137,0.704184088,-0.140140996,0.676351207
1755,4391865,1380250,0.985,0.04,-0.026,0,-0.1,0,-35.5,5.5,26.7,0.164281137,0.704184088,-0.140140996,0.676351207
1756,4394172,1380250,0.985,0.04,-0.038,0,-0.1,0,-35.3,6.4,28.1,0.164281137,0.704184088,-0.140140996,0.676351207
1757,4396562,1380260,0.985,0.036,-0.034,0,-0.2,0,-35.3,6.4,28.1,0.164281137,0.704184088,-0.140140996,0.676351207
1758,4398602,1380260,0.985,0.036,-0.038,0,-0.2,0,-35.3,6.4,28.1,0.164281137,0.704184088,-0.140140996,0.676351207
1759,4401377,1380260,0.988,0.04,-0.03,0,-0.2,0,-35.3,6.4,28.1,0.164281137,0.704184088,-0.140140996,0.676320688
1760,4403108,1380260,0.988,0.036,-0.034,0,-0.2,0,-35.8,4.9,26.1,0.164281137,0.704214606,-0.140140996,0.676320688
1761,4405331,1380270,0.985,0.044,-0.03,0,-0.1,0,-35.8,4.9,26.1,0.164281137,0.704214606,-0.140140996,0.676320688
1762,4409154,1380270,0.981,0.04,-0.034,0,-0.1,0,-35.8,4.9,26.1,0.164281137,0.704214606,-0.140140996,0.676320688
1763,4411212,1380270,0.985,0.036,-0.03,0,0,0,-35.8,4.9,26.1,0.164281137,0.704214606,-0.140140996,0.676320688
1764,4413434,1380270,0.988,0.036,-0.03,0,0,0,-35.5,4.6,26.4,0.164281137,0.704214606,-0.140171514,0.676320688
1765,4415685,1380280,0.985,0.036,-0.03,0,-0.1,0,-35.5,4.6,26.4,0.164281137,0.704214606,-0.140171514,0.676320688
1766,4418724,1380280,0.981,0.04,-0.026,0,-0.1,0,-35.5,4.6,26.4,0.164281137,0.704214606,-0.140171514,0.676320688
1767,4420255,1380280,0.985,0.036,-0.034,0,-0.1,0,-35.5,4.6,26.4,0.164281137,0.704214606,-0.140171514,0.676320688
1768,4423126,1380280,0.985,0.04,-0.026,0,0,0,-35.7,3.5,26.3,0.164250618,0.704214606,-0.140202033,0.676320688
1769,4426137,1380290,0.985,0.04,-0.026,0,0,0,-35.7,3.5,26.3,0.164250618,0.704214606,-0.140202033,0.676320688
1770,4427825,1380290,0.988,0.04,-0.03,0,0,0,-35.7,3.5,26.3,0.164250618,0.704214606,-0.140202033,0.676320688
1771,4430634,1380290,0.988,0.036,-0.026,0,0,0.1,-35.7,3.5,26.3,0.164250618,0.704214606,-0.140202033,0.676320688
1772,4433631,1380290,0.988,0.04,-0.03,0,0,0,-35.5,3.7,26.2,0.164250618,0.704214606,-0.140202033,0.676320688
1773,4435217,1380300,0.985,0.036,-0.034,0.1,0.1,0,-35.5,3.7,26.2,0.164250618,0.704214606,-0.140202033,0.676320688
1774,4437921,1380300,0.988,0.04,-0.03,0.1,0.1,0,-35.5,3.7,26.2,0.164220099,0.704214606,-0.140202033,0.676320688
1775,4441309,1380300,0.981,0.04,-0.034,0,0.1,0,-35.5,3.7,26.2,0.164250618,0.704214606,-0.140202033,0.676320688
1776,4442985,1380300,0.981,0.04,-0.034,0,0.1,0,-35.7,7.4,27.8,0.164250618,0.704184088,-0.140202033,0.676320688
1777,4445788,1380310,0.985,0.04,-0.03,-0.1,0,-0.1,-35.7,7.4,27.8,0.164250618,0.704184088,-0.140202033,0.676320688
1778,4448817,1380310,0.981,0.044,-0.03,-0.2,0,-0.1,-35.7,7.4,27.8,0.164250618,0.704184088,-0.140202033,0.676320688
1779,4450541,1380310,0.985,0.044,-0.03,-0.1,0,-0.1,-35.7,7.4,27.8,0.164250618,0.704184088,-0.140202033,0.676320688
1780,4452861,1380310,0.985,0.04,-0.026,-0.1,0,0,-36,5.5,26.7,0.164250618,0.704184088,-0.140202033,0.676320688
1781,4456162,1380320,0.988,0.04,-0.03,0,-0.1,0,-36,5.5,26.7,0.164250618,0.704184088,-0.140202033,0.676320688
1782,4458006,1380320,0.985,0.04,-0.03,0,-0.1,0.1,-36,5.5,26.7,0.164250618,0.704214606,-0.140202033,0.676320688
1783,4461016,1380320,0.985,0.036,-0.034,0,0,0.1,-36,5.5,26.7,0.164250618,0.704214606,-0.140202033,0.676320688
1784,4462846,1380320,0.985,0.044,-0.034,0,0,0.1,-35.5,5.9,26.9,0.164250618,0.704214606,-0.140202033,0.676320688
1785,4465914,1380330,0.981,0.036,-0.034,0,0,0,-35.5,5.9,26.9,0.164250618,0.704184088,-0.140202033,0.676320688
1786,4468196,1380330,0.988,0.04,-0.03,0,0.1,0,-35.5,5.9,26.9,0.164250618,0.704184088,-0.140202033,0.676320688
1787,4470583,1380330,0.988,0.036,-0.034,0,0.1,0,-35.5,5.9,26.9,0.164250618,0.704184088,-0.140202033,0.676320688
1788,4473080,1380330,0.985,0.044,-0.03,0,0.1,0,-35.7,6.5,26.7,0.164220099,0.704214606,-0.140232551,0.676320688
1789,4475312,1380340,0.985,0.044,-0.03,0,0,0,-35.7,6.5,26.7,0.164220099,0.704214606,-0.140232551,0.67629017
1790,4479363,1380340,0.981,0.044,-0.038,0,0,0,-35.7,6.5,26.7,0.164220099,0.704214606,-0.140232551,0.67629017
1791,4481574,1380340,0.988,0.04,-0.026,0,0,0,-35.7,6.5,26.7,0.164220099,0.704214606,-0.140232551,0.67629017
1792,4483829,1380340,0.985,0.04,-0.034,0,-0.1,0,-35.7,7,26.5,0.164220099,0.704214606,-0.140232551,0.67629017
1793,4485352,1380350,0.985,0.04,-0.034,0,-0.1,0,-35.7,7,26.5,0.164220099,0.704214606,-0.140232551,0.67629017
1794,4487812,1380350,0.985,0.036,-0.034,0,-0.1,0,-35.7,7,26.5,0.164220099,0.704214606,-0.140232551,0.67629017
1795,4491337,1380350,0.985,0.044,-0.03,0.1,0,0,-35.7,7,26.5,0.164220099,0.704214606,-0.140232551,0.67629017
1796,4492763,1380350,0.988,0.044,-0.03,0.1,0,0.1,-35.7,7,26.5,0.164220099,0.704214606,-0.140232551,0.67629017
1797,4495894,1380360,0.985,0.04,-0.034,0.1,0,0.2,-35.7,7,26.5,0.164220099,0.704245125,-0.140232551,0.67629017
1798,4497679,1380360,0.988,0.04,-0.038,0,-0.1,0.1,-35.7,7,26.5,0.164220099,0.704245125,-0.140232551,0.67629017
1799,4500566,1380360,0.988,0.044,-0.026,0,-0.1,0,-35.7,7,26.5,0.164220099,0.704245125,-0.140232551,0.67629017
1800,4503687,1380360,0.985,0.04,-0.034,0,-0.2,0,-35.8,6.5,27.2,0.164220099,0.704245125,-0.140232551,0.67629017
1801,4505347,1380370,0.988,0.04,-0.03,0,-0.1,0,-35.8,6.5,27.2,0.164220099,0.704245125,-0.140232551,0.67629017
1802,4508012,1380370,0.985,0.036,-0.034,0,-0.1,0,-35.8,6.5,27.2,0.164220099,0.704245125,-0.140232551,0.67629017
1803,4510477,1380370,0.985,0.04,-0.03,-0.1,-0.1,0,-35.8,6.5,27.2,0.164220099,0.704245125,-0.140232551,0.67629017
1804,4512888,1380370,0.985,0.036,-0.026,-0.1,-0.1,0,-35.8,6.7,27.5,0.164220099,0.704245125,-0.140232551,0.67629017
1805,4516088,1380380,0.985,0.04,-0.03,0,0,0,-35.8,6.7,27.5,0.164220099,0.704245125,-0.140232551,0.676259651
1806,4517739,1380380,0.985,0.048,-0.03,0,0,0,-35.8,6.7,27.5,0.164220099,0.704245125,-0.140232551,0.67629017
1807,4521351,1380380,0.988,0.04,-0.03,0,0.1,0.1,-35.8,6.7,27.5,0.164220099,0.704245125,-0.140232551,0.67629017
1808,4522944,1380380,0.985,0.04,-0.03,0,0.1,0,-35.7,6.6,27,0.164220099,0.704245125,-0.140232551,0.67629017
1809,4525988,1380390,0.988,0.04,-0.026,0,0.1,0,-35.7,6.6,27,0.164220099,0.704245125,-0.140232551,0.67629017
1810,4527676,1380390,0.985,0.04,-0.03,0,0.1,0,-35.7,6.6,27,0.164220099,0.704214606,-0.140232551,0.67629017
1811,4530969,1380390,0.985,0.036,-0.03,0,0.1,0,-35.7,6.6,27,0.164220099,0.704214606,-0.140232551,0.67629017
1812,4533024,1380390,0.992,0.036,-0.026,0,0.1,0,-35.4,7,27.4,0.164220099,0.704214606,-0.140232551,0.67629017
1813,4535715,1380400,0.988,0.04,-0.03,0,0,0,-35.4,7,27.4,0.164220099,0.704214606,-0.140232551,0.67629017
1814,4537765,1380400,0.985,0.04,-0.034,0,0,0,-35.4,7,27.4,0.164220099,0.704214606,-0.140232551,0.67629017
1815,4541070,1380400,0.985,0.044,-0.026,0,0,0,-35.4,7,27.4,0.164220099,0.704214606,-0.140232551,0.67629017
1816,4542964,1380400,0.981,0.04,-0.026,-0.1,0,0,-35.4,7,27.4,0.164220099,0.704214606,-0.140232551,0.676320688
1817,4546168,1380410,0.988,0.04,-0.026,-0.1,0,0,-35.4,7,27.4,0.164220099,0.704214606,-0.140232551,0.67629017
1818,4548542,1380410,0.988,0.044,-0.03,-0.1,-0.1,0,-35.4,7,27.4,0.164220099,0.704214606,-0.14026307,0.67629017
1819,4550680,1380410,0.985,0.036,-0.034,0,-0.1,0,-35.4,7,27.4,0.164220099,0.704214606,-0.14026307,0.67629017
1820,4552880,1380410,0.985,0.048,-0.03,0,0,0,-36,7.1,27.3,0.164220099,0.704214606,-0.14026307,0.67629017
1821,4555946,1380420,0.985,0.044,-0.026,0,0.1,-0.1,-36,7.1,27.3,0.164220099,0.704214606,-0.140232551,0.67629017
1822,4558041,1380420,0.988,0.04,-0.038,0,0.1,0,-36,7.1,27.3,0.164220099,0.704214606,-0.140232551,0.67629017
1823,4560405,1380420,0.985,0.04,-0.026,0,0.1,0,-36,7.1,27.3,0.164220099,0.704214606,-0.140232551,0.67629017
1824,4562855,1380420,0.988,0.04,-0.026,0,0.1,0,-37,6.6,26.6,0.164220099,0.704214606,-0.140232551,0.676320688
1825,4566872,1380430,0.988,0.04,-0.034,0,0,0,-37,6.6,26.6,0.164220099,0.704214606,-0.140232551,0.676320688
1826,4568665,1380430,0.988,0.036,-0.03,0,-0.1,-0.1,-37,6.6,26.6,0.164220099,0.704214606,-0.140232551,0.67629017
1827,4570641,1380430,0.988,0.04,-0.026,0,-0.1,-0.1,-37,6.6,26.6,0.164220099,0.704214606,-0.140232551,0.67629017
1828,4573697,1380430,0.981,0.04,-0.026,0,0,-0.1,-37.6,6.9,27.2,0.164220099,0.704214606,-0.14026307,0.676320688
1829,4575559,1380440,0.981,0.04,-0.026,0,0.1,0,-37.6,6.9,27.2,0.164220099,0.704214606,-0.14026307,0.676320688
1830,4577688,1380440,0.985,0.036,-0.03,0,0.2,0,-37.6,6.9,27.2,0.164220099,0.704214606,-0.14026307,0.676320688
1831,4581910,1380440,0.985,0.04,-0.03,0,0.2,0.2,-37.6,6.9,27.2,0.164220099,0.704184088,-0.14026307,0.676320688
1832,4583477,1380440,0.988,0.04,-0.03,0,0.1,0.1,-37.5,6.8,27.2,0.164220099,0.704184088,-0.14026307,0.676320688
1833,4585351,1380450,0.985,0.044,-0.03,0,0,0,-37.5,6.8,27.2,0.164220099,0.704184088,-0.14026307,0.676320688
1834,4588211,1380450,0.988,0.036,-0.038,0,0.1,0,-37.5,6.8,27.2,0.164220099,0.704184088,-0.14026307,0.676320688
1835,4590454,1380450,0.988,0.04,-0.034,0,0.1,-0.1,-37.5,6.8,27.2,0.164220099,0.704184088,-0.14026307,0.676320688
1836,4592715,1380450,0.985,0.04,-0.026,0,0.1,0,-37.5,6.8,27.2,0.164220099,0.704184088,-0.14026307,0.676320688
1837,4596444,1380460,0.985,0.04,-0.038,0,0.1,0,-37.5,6.8,27.2,0.164220099,0.704184088,-0.14026307,0.676320688
1838,4597882,1380460,0.985,0.04,-0.038,0,0.1,0,-37.5,6.8,27.2,0.164220099,0.704184088,-0.14026307,0.676351207
1839,4600991,1380460,0.988,0.036,-0.034,0,0.1,0,-37.5,6.8,27.2,0.164220099,0.704184088,-0.14026307,0.676351207
1840,4603092,1380460,0.985,0.044,-0.026,0,0.1,0,-36.7,6.8,27.3,0.164220099,0.704184088,-0.14026307,0.676351207
1841,4606981,1380470,0.985,0.04,-0.034,0,0.1,0,-36.7,6.8,27.3,0.164220099,0.704184088,-0.14026307,0.676351207
1842,4609189,1380470,0.981,0.04,-0.034,0.1,0,0,-36.7,6.8,27.3,0.164220099,0.704184088,-0.14026307,0.676351207
1843,4611271,1380470,0.985,0.036,-0.03,0,0,0,-36.7,6.8,27.3,0.164220099,0.704184088,-0.14026307,0.676351207
1844,4612880,1380470,0.988,0.04,-0.034,0,0,0,-36.8,6.8,27,0.164220099,0.704184088,-0.14026307,0.676351207
1845,4615593,1380480,0.985,0.04,-0.026,0,0,0,-36.8,6.8,27,0.164220099,0.704184088,-0.14026307,0.676351207
1846,4617698,1380480,0.985,0.036,-0.034,0,-0.1,0,-36.8,6.8,27,0.164220099,0.704184088,-0.14026307,0.676351207
1847,4620146,1380480,0.985,0.04,-0.034,0,-0.1,0,-36.8,6.8,27,0.164220099,0.704184088,-0.14026307,0.676351207
1848,4623324,1380480,0.988,0.044,-0.03,0,-0.1,0,-36.2,6.5,27.2,0.164220099,0.704214606,-0.14026307,0.676320688
1849,4625613,1380490,0.988,0.044,-0.03,0,0,0,-36.2,6.5,27.2,0.164220099,0.704214606,-0.14026307,0.676320688
1850,4628003,1380490,0.985,0.04,-0.034,0,0,0,-36.2,6.5,27.2,0.164220099,0.704214606,-0.14026307,0.676320688
1851,4630605,1380490,0.985,0.04,-0.026,0,0,0,-36.2,6.5,27.2,0.164220099,0.704214606,-0.14026307,0.676320688
1852,4633897,1380490,0.988,0.04,-0.03,0,0,0,-35.2,6.5,27.2,0.164220099,0.704214606,-0.14026307,0.676320688
1853,4636105,1380500,0.985,0.04,-0.026,0,0,0,-35.2,6.5,27.2,0.164220099,0.704214606,-0.14026307,0.676320688
1854,4638305,1380500,0.985,0.04,-0.022,0,-0.1,0,-35.2,6.5,27.2,0.164220099,0.704214606,-0.14026307,0.676320688
1855,4640579,1380500,0.985,0.04,-0.03,0,-0.1,0,-35.2,6.5,27.2,0.164220099,0.704214606,-0.14026307,0.676320688
1856,4643168,1380500,0.985,0.04,-0.03,0,-0.1,0,-35.2,6.5,27.2,0.164220099,0.704214606,-0.14026307,0.676320688
1857,4645337,1380510,0.985,0.036,-0.034,0,0,0,-35.2,6.5,27.2,0.164220099,0.704214606,-0.14026307,0.676320688
1858,4648379,1380510,0.985,0.044,-0.034,0,0.1,0,-35.2,6.5,27.2,0.164220099,0.704214606,-0.14026307,0.676320688
1859,4650309,1380510,0.988,0.044,-0.03,0,0.2,0,-35.2,6.5,27.2,0.164220099,0.704214606,-0.14026307,0.676320688
1860,4654596,1380510,0.985,0.044,-0.026,0,0.1,0,-35.5,6.1,27.5,0.164220099,0.704184088,-0.14026307,0.676320688
1861,4656827,1380520,0.985,0.04,-0.026,0,0,0,-35.5,6.1,27.5,0.164220099,0.704184088,-0.14026307,0.676320688
1862,4659047,1380520,0.985,0.04,-0.03,0,0,0,-35.5,6.1,27.5,0.164220099,0.704184088,-0.14026307,0.676320688
1863,4661240,1380520,0.985,0.036,-0.03,0,0,0,-35.5,6.1,27.5,0.164220099,0.704184088,-0.14026307,0.676320688
1864,4662849,1380520,0.985,0.04,-0.03,0,0,0,-35.3,6,27.3,0.164220099,0.704184088,-0.14026307,0.676320688
1865,4665250,1380530,0.981,0.044,-0.03,0,0,0,-35.3,6,27.3,0.164220099,0.704184088,-0.14026307,0.676320688
1866,4668637,1380530,0.981,0.04,-0.03,0,0.1,0,-35.3,6,27.3,0.164220099,0.704184088,-0.14026307,0.676320688
1867,4670469,1380530,0.985,0.04,-0.03,0,0.1,-0.1,-35.3,6,27.3,0.164220099,0.704184088,-0.14026307,0.676320688
1868,4674118,1380530,0.985,0.036,-0.03,0,0.1,0,-35.1,6.4,27.6,0.164220099,0.704184088,-0.14026307,0.676320688
1869,4677104,1380540,0.988,0.04,-0.034,0,0,0,-35.1,6.4,27.6,0.164220099,0.704184088,-0.14026307,0.676320688
1870,4677960,1380540,0.981,0.04,-0.034,0,0,0,-35.1,6.4,27.6,0.164220099,0.704184088,-0.14026307,0.676320688
1871,4681620,1380540,0.985,0.04,-0.026,0,0,0,-35.1,6.4,27.6,0.164220099,0.704184088,-0.14026307,0.676320688
1872,4683710,1380540,0.981,0.04,-0.03,0,0,0,-35.3,5.9,26.9,0.164220099,0.704184088,-0.14026307,0.676320688
1873,4685881,1380550,0.985,0.036,-0.03,-0.1,0,0,-35.3,5.9,26.9,0.164220099,0.704184088,-0.14026307,0.676320688
1874,4688064,1380550,0.985,0.044,-0.03,0,0,0,-35.3,5.9,26.9,0.164220099,0.704184088,-0.14026307,0.676320688
1875,4690348,1380550,0.985,0.04,-0.034,0,0,0,-35.3,5.9,26.9,0.164220099,0.704184088,-0.14026307,0.676320688
1876,4694338,1380550,0.985,0.036,-0.034,0,0,0,-35.3,5.9,26.9,0.164220099,0.704184088,-0.14026307,0.676320688
1877,4697023,1380560,0.985,0.04,-0.026,0,0,0,-35.3,5.9,26.9,0.164220099,0.704184088,-0.14026307,0.676320688
1878,4699468,1380560,0.981,0.036,-0.03,0.1,-0.1,0,-35.3,5.9,26.9,0.164220099,0.704214606,-0.14026307,0.676320688
1879,4701703,1380560,0.988,0.032,-0.034,0,-0.1,0,-35.3,5.9,26.9,0.164220099,0.704214606,-0.14026307,0.676320688
1880,4704175,1380560,0.985,0.04,-0.03,0,-0.1,0,-34.2,5.7,27.2,0.164220099,0.704214606,-0.14026307,0.676320688
1881,4706410,1380570,0.988,0.04,-0.034,-0.1,0,-0.1,-34.2,5.7,27.2,0.164220099,0.704214606,-0.14026307,0.676320688
1882,4707869,1380570,0.988,0.036,-0.03,-0.1,0,0,-34.2,5.7,27.2,0.164250618,0.704214606,-0.14026307,0.676320688
1883,4710437,1380570,0.985,0.036,-0.034,-0.1,0,0,-34.2,5.7,27.2,0.164250618,0.704214606,-0.14026307,0.676320688
1884,4713899,1380570,0.981,0.04,-0.034,0,0,0,-34.2,6,27.4,0.164250618,0.704214606,-0.14026307,0.676320688
1885,4716175,1380580,0.985,0.04,-0.03,0,0,0,-34.2,6,27.4,0.164250618,0.704214606,-0.14026307,0.676320688
1886,4718387,1380580,0.985,0.04,-0.038,0,0.1,-0.1,-34.2,6,27.4,0.164250618,0.704214606,-0.14026307,0.676320688
1887,4720335,1380580,0.985,0.04,-0.034,0,0.1,-0.1,-34.2,6,27.4,0.164250618,0.704214606,-0.14026307,0.676320688
1888,4722914,1380580,0.985,0.036,-0.034,0.1,0.1,-0.1,-34.5,5.7,27.5,0.164220099,0.704245125,-0.14026307,0.67629017
1889,4727018,1380590,0.985,0.036,-0.034,0,0,0,-34.5,5.7,27.5,0.164220099,0.704245125,-0.14026307,0.67629017
1890,4727769,1380590,0.988,0.036,-0.034,0,0,0,-34.5,5.7,27.5,0.164220099,0.704245125,-0.14026307,0.67629017
1891,4731563,1380590,0.988,0.044,-0.03,0,0,0.1,-34.5,5.7,27.5,0.164220099,0.704245125,-0.14026307,0.67629017
1892,4733933,1380590,0.985,0.04,-0.03,0,-0.1,0.1,-34.4,6.2,27.5,0.164220099,0.704245125,-0.14026307,0.676259651
1893,4736391,1380600,0.988,0.04,-0.03,0,-0.1,0,-34.4,6.2,27.5,0.164220099,0.704245125,-0.14026307,0.676259651
1894,4737960,1380600,0.988,0.04,-0.03,0,0,0,-34.4,6.2,27.5,0.164220099,0.704245125,-0.14026307,0.676259651
1895,4740476,1380600,0.988,0.036,-0.034,0,0,0,-34.4,6.2,27.5,0.164220099,0.704245125,-0.14026307,0.676259651
1896,4742678,1380600,0.981,0.04,-0.038,0,0,0,-34.4,6.2,27.5,0.164220099,0.704245125,-0.14026307,0.676259651
1897,4746241,1380610,0.985,0.04,-0.03,0,0,0,-34.4,6.2,27.5,0.164220099,0.704245125,-0.14026307,0.676259651
1898,4747867,1380610,0.988,0.04,-0.03,0,-0.1,0,-34.4,6.2,27.5,0.164220099,0.704245125,-0.14026307,0.676259651
1899,4750492,1380610,0.985,0.04,-0.026,0,-0.1,0,-34.4,6.2,27.5,0.164220099,0.704245125,-0.14026307,0.676259651
1900,4752771,1380610,0.981,0.04,-0.034,0,-0.1,0,-34.7,5.5,27,0.164220099,0.704245125,-0.14026307,0.676259651
1901,4756408,1380620,0.985,0.04,-0.034,0,0,0,-34.7,5.5,27,0.164220099,0.704245125,-0.14026307,0.676259651
1902,4758789,1380620,0.985,0.032,-0.034,0,0,0,-34.7,5.5,27,0.164220099,0.704245125,-0.14026307,0.676259651
1903,4761134,1380620,0.985,0.04,-0.034,0,0,0,-34.7,5.5,27,0.164220099,0.704245125,-0.14026307,0.676259651
1904,4763499,1380620,0.988,0.044,-0.03,0,0,0,-34.6,5.9,27.3,0.164220099,0.704245125,-0.14026307,0.676259651
1905,4765726,1380630,0.988,0.036,-0.03,0,0,0,-34.6,5.9,27.3,0.164220099,0.704245125,-0.14026307,0.676259651
1906,4768076,1380630,0.985,0.04,-0.026,0,0,0,-34.6,5.9,27.3,0.164220099,0.704245125,-0.14026307,0.676259651
1907,4770716,1380630,0.992,0.044,-0.034,0,-0.1,0,-34.6,5.9,27.3,0.164220099,0.704245125,-0.14026307,0.676259651
1908,4773100,1380630,0.988,0.04,-0.03,0,0,0,-34.4,6.3,27.2,0.164250618,0.704275643,-0.14026307,0.676259651
1909,4775592,1380640,0.988,0.04,-0.03,-0.1,0,0,-34.4,6.3,27.2,0.164250618,0.704275643,-0.14026307,0.676259651
1910,4777802,1380640,0.985,0.032,-0.034,-0.1,0,0,-34.4,6.3,27.2,0.164250618,0.704275643,-0.14026307,0.676259651
1911,4781321,1380640,0.988,0.044,-0.03,0,0,0,-34.4,6.3,27.2,0.164250618,0.704245125,-0.14026307,0.676259651
1912,4784298,1380640,0.985,0.04,-0.03,0,0,0,-34.6,5.6,27,0.164250618,0.704245125,-0.14026307,0.676259651
1913,4786227,1380650,0.985,0.04,-0.026,0,0,0,-34.6,5.6,27,0.164250618,0.704245125,-0.14026307,0.676259651
1914,4788449,1380650,0.988,0.036,-0.03,0,0,0,-34.6,5.6,27,0.164250618,0.704245125,-0.14026307,0.676259651
1915,4790445,1380650,0.988,0.036,-0.03,0,0,0,-34.6,5.6,27,0.164250618,0.704245125,-0.14026307,0.676259651
1916,4792717,1380650,0.985,0.036,-0.034,0,0,0,-34.6,5.6,27,0.164250618,0.704275643,-0.14026307,0.676259651
1917,4795311,1380660,0.988,0.044,-0.034,0,0,0,-34.6,5.6,27,0.164250618,0.704275643,-0.14026307,0.676259651
1918,4798664,1380660,0.985,0.036,-0.03,0,0.1,0,-34.6,5.6,27,0.164250618,0.704245125,-0.14026307,0.676259651
1919,4800538,1380660,0.985,0.044,-0.03,0,0.1,0,-34.6,5.6,27,0.164250618,0.704245125,-0.14026307,0.676259651
1920,4802863,1380660,0.985,0.04,-0.034,0,0.1,0,-35.7,5.7,27.3,0.164250618,0.704245125,-0.14026307,0.676259651
1921,4806201,1380670,0.985,0.036,-0.03,0,0,0,-35.7,5.7,27.3,0.164250618,0.704245125,-0.14026307,0.676259651
1922,4807718,1380670,0.988,0.04,-0.03,0.1,0,0,-35.7,5.7,27.3,0.164250618,0.704245125,-0.14026307,0.676259651
1923,4810380,1380670,0.985,0.04,-0.026,0.1,0,0,-35.7,5.7,27.3,0.164250618,0.704245125,-0.14026307,0.676259651
1924,4813569,1380670,0.988,0.036,-0.03,0,0.1,-0.1,-35.6,6.1,27.1,0.164250618,0.704245125,-0.14026307,0.676259651
1925,4815794,1380680,0.988,0.04,-0.034,0,0.1,-0.1,-35.6,6.1,27.1,0.164250618,0.704245125,-0.14026307,0.676259651
1926,4817714,1380680,0.985,0.04,-0.03,0,0.1,0,-35.6,6.1,27.1,0.164250618,0.704245125,-0.14026307,0.676259651
1927,4821229,1380680,0.985,0.04,-0.026,0,0,0,-35.6,6.1,27.1,0.164250618,0.704245125,-0.14026307,0.676259651
1928,4822765,1380680,0.988,0.04,-0.026,0,-0.1,0,-35.7,6,27.7,0.164220099,0.704245125,-0.14026307,0.676259651
1929,4825255,1380690,0.985,0.044,-0.034,0,-0.1,0,-35.7,6,27.7,0.164220099,0.704245125,-0.14026307,0.676259651
1930,4828749,1380690,0.985,0.044,-0.026,0,-0.1,0,-35.7,6,27.7,0.164220099,0.704245125,-0.14026307,0.676259651
1931,4830539,1380690,0.985,0.036,-0.034,0,-0.1,0,-35.7,6,27.7,0.164220099,0.704245125,-0.140293588,0.676259651
1932,4832780,1380690,0.985,0.04,-0.03,0,0,0.1,-35.7,5.9,28.4,0.164220099,0.704245125,-0.140293588,0.676259651
1933,4836150,1380700,0.985,0.036,-0.026,0,0,0.1,-35.7,5.9,28.4,0.164220099,0.704245125,-0.140293588,0.676259651
1934,4837981,1380700,0.985,0.04,-0.038,0,0,0,-35.7,5.9,28.4,0.164220099,0.704245125,-0.140293588,0.676259651
1935,4840971,1380700,0.985,0.04,-0.03,0,-0.1,0,-35.7,5.9,28.4,0.164220099,0.704245125,-0.140293588,0.676259651
1936,4842780,1380700,0.988,0.036,-0.034,0,-0.1,0,-35.7,5.9,28.4,0.164220099,0.704245125,-0.140293588,0.676259651
1937,4846324,1380710,0.985,0.036,-0.034,0,-0.1,0,-35.7,5.9,28.4,0.164220099,0.704245125,-0.140293588,0.676259651
1938,4847861,1380710,0.988,0.044,-0.026,0,-0.1,-0.1,-35.7,5.9,28.4,0.164220099,0.704275643,-0.140293588,0.676259651
1939,4850527,1380710,0.985,0.04,-0.034,0,0,-0.1,-35.7,5.9,28.4,0.164220099,0.704275643,-0.140293588,0.676259651
1940,4852763,1380710,0.988,0.04,-0.026,0,-0.1,0,-35.2,6.1,28,0.164220099,0.704275643,-0.140293588,0.676259651
1941,4856187,1380720,0.988,0.04,-0.026,0,-0.1,0,-35.2,6.1,28,0.164220099,0.704275643,-0.140293588,0.676229133
1942,4857720,1380720,0.988,0.04,-0.034,0,-0.1,0,-35.2,6.1,28,0.164220099,0.704275643,-0.140293588,0.676229133
1943,4861058,1380720,0.981,0.04,-0.026,0,0,0,-35.2,6.1,28,0.164220099,0.704275643,-0.140293588,0.676229133
1944,4862883,1380720,0.985,0.044,-0.034,0,0,0,-35.4,6,27.8,0.164220099,0.704275643,-0.140293588,0.676229133
1945,4867041,1380730,0.981,0.036,-0.034,0,0,0,-35.4,6,27.8,0.164220099,0.704275643,-0.140293588,0.676229133
1946,4868847,1380730,0.985,0.036,-0.034,-0.1,0,0,-35.4,6,27.8,0.164220099,0.704275643,-0.140293588,0.676229133
1947,4870476,1380730,0.981,0.044,-0.03,-0.1,0,0,-35.4,6,27.8,0.164220099,0.704275643,-0.140293588,0.676229133
1948,4872749,1380730,0.985,0.036,-0.03,0,0.1,0,-35.5,6,28,0.164220099,0.704306162,-0.140293588,0.676229133
1949,4875276,1380740,0.985,0.036,-0.03,0,0.1,0,-35.5,6,28,0.164220099,0.704306162,-0.140293588,0.676229133
1950,4878440,1380740,0.985,0.036,-0.034,0,0,0,-35.5,6,28,0.164220099,0.704275643,-0.140293588,0.676229133
1951,4880330,1380740,0.985,0.04,-0.034,0,0,0,-35.5,6,28,0.164220099,0.704306162,-0.140293588,0.676229133
1952,4883376,1380740,0.988,0.04,-0.03,0,-0.1,0,-35.5,5.9,27.7,0.164220099,0.704306162,-0.140293588,0.676198614
1953,4886310,1380750,0.988,0.04,-0.034,0,-0.1,0,-35.5,5.9,27.7,0.164220099,0.704306162,-0.140293588,0.676198614
1954,4887877,1380750,0.988,0.04,-0.03,0,-0.1,0,-35.5,5.9,27.7,0.164220099,0.704306162,-0.140293588,0.676198614
1955,4890364,1380750,0.985,0.044,-0.026,0,-0.1,0,-35.5,5.9,27.7,0.164220099,0.704306162,-0.140293588,0.676198614
1956,4892746,1380750,0.985,0.04,-0.034,0,0,0,-35.5,5.9,27.7,0.164220099,0.704306162,-0.140293588,0.676198614
1957,4896067,1380760,0.988,0.04,-0.034,0.1,0,0,-35.5,5.9,27.7,0.164220099,0.704306162,-0.140293588,0.676198614
1958,4897878,1380760,0.985,0.04,-0.034,0.1,0,0,-35.5,5.9,27.7,0.164220099,0.704306162,-0.140293588,0.676198614
1959,4902033,1380760,0.985,0.044,-0.03,0,0,0,-35.5,5.9,27.7,0.164220099,0.704306162,-0.140293588,0.676198614
1960,4904409,1380760,0.985,0.04,-0.038,-0.1,0,0,-36,5.9,26.8,0.164220099,0.704306162,-0.140293588,0.676198614
1961,4906566,1380770,0.985,0.036,-0.038,-0.1,0,0,-36,5.9,26.8,0.164220099,0.704306162,-0.140293588,0.676198614
1962,4908283,1380770,0.985,0.044,-0.022,0,-0.1,0.1,-36,5.9,26.8,0.164220099,0.704306162,-0.140293588,0.676198614
1963,4910487,1380770,0.985,0.036,-0.034,0,-0.3,0.1,-36,5.9,26.8,0.164220099,0.704306162,-0.140293588,0.676198614
1964,4912826,1380770,0.985,0.036,-0.034,0,-0.3,0,-35.6,5.7,26.6,0.164220099,0.704306162,-0.140293588,0.676198614
1965,4915300,1380780,0.985,0.04,-0.03,0,-0.3,0,-35.6,5.7,26.6,0.164220099,0.70433668,-0.140293588,0.676168096
1966,4918729,1380780,0.988,0.04,-0.034,0,-0.1,0,-35.6,5.7,26.6,0.164220099,0.70433668,-0.140293588,0.676168096
1967,4920223,1380780,0.985,0.04,-0.03,0,0,0,-35.6,5.7,26.6,0.164220099,0.70433668,-0.140293588,0.676168096
1968,4923187,1380780,0.988,0.04,-0.034,0,0.1,0,-35.7,5.9,26.2,0.164189581,0.70433668,-0.140324107,0.676168096
1969,4926261,1380790,0.988,0.04,-0.034,0,0.1,0,-35.7,5.9,26.2,0.164189581,0.70433668,-0.140324107,0.676168096
1970,4927757,1380790,0.988,0.04,-0.034,0,0,0,-35.7,5.9,26.2,0.164189581,0.70433668,-0.140324107,0.676168096
1971,4930338,1380790,0.985,0.032,-0.03,0,0,0,-35.7,5.9,26.2,0.164189581,0.70433668,-0.140324107,0.676168096
1972,4933738,1380790,0.985,0.04,-0.026,-0.1,0,0,-35.7,5.9,26.2,0.164189581,0.70433668,-0.140324107,0.676168096
1973,4935942,1380800,0.985,0.036,-0.03,0,0,0,-35.7,5.9,26.2,0.164189581,0.70433668,-0.140324107,0.676168096
1974,4937773,1380800,0.985,0.04,-0.034,0,0,0,-35.7,5.9,26.2,0.164189581,0.70433668,-0.140324107,0.676168096
1975,4940358,1380800,0.981,0.044,-0.038,0,0,0,-35.7,5.9,26.2,0.164189581,0.70433668,-0.140324107,0.676168096
1976,4943815,1380800,0.985,0.04,-0.026,0,0,0,-35.7,5.9,26.2,0.164189581,0.70433668,-0.140324107,0.676168096
1977,4946187,1380810,0.988,0.04,-0.034,0.1,-0.1,0,-35.7,5.9,26.2,0.164189581,0.70433668,-0.140324107,0.676168096
1978,4948968,1380810,0.985,0.04,-0.034,0.1,-0.1,0,-35.7,5.9,26.2,0.164189581,0.70433668,-0.140324107,0.676168096
1979,4951261,1380810,0.988,0.04,-0.03,0,-0.1,0,-35.7,5.9,26.2,0.164189581,0.70433668,-0.140324107,0.676168096
1980,4952815,1380810,0.988,0.04,-0.03,0,0,0,-35.7,5.9,27.3,0.164189581,0.70433668,-0.140324107,0.676168096
1981,4955551,1380820,0.985,0.036,-0.038,0,0,0.1,-35.7,5.9,27.3,0.164189581,0.70433668,-0.140324107,0.676168096
1982,4958782,1380820,0.985,0.04,-0.03,0,0,0,-35.7,5.9,27.3,0.164189581,0.70433668,-0.140324107,0.676168096
1983,4961022,1380820,0.981,0.04,-0.034,0,0,0,-35.7,5.9,27.3,0.164189581,0.70433668,-0.140324107,0.676168096
1984,4962894,1380820,0.985,0.044,-0.034,0,-0.1,0,-35.7,5.9,27.3,0.164189581,0.70433668,-0.140324107,0.676168096
1985,4965613,1380830,0.985,0.036,-0.034,0,-0.1,0,-35.7,5.9,27.3,0.164189581,0.70433668,-0.140324107,0.676168096
1986,4967927,1380830,0.985,0.044,-0.03,0,0,0,-35.7,5.9,27.3,0.164189581,0.70433668,-0.140324107,0.676168096
1987,4971051,1380830,0.985,0.044,-0.03,0,0,0,-35.7,5.9,27.3,0.164189581,0.70433668,-0.140324107,0.676168096
1988,4972848,1380830,0.985,0.04,-0.03,-0.1,0,0,-35.7,5.9,27.3,0.164189581,0.704367199,-0.140324107,0.676137577
1989,4976221,1380840,0.985,0.04,-0.03,-0.1,0,0,-35.7,5.9,27.3,0.164189581,0.704367199,-0.140324107,0.676137577
1990,4977806,1380840,0.981,0.036,-0.03,-0.1,-0.1,0,-35.7,5.9,27.3,0.164189581,0.704367199,-0.140324107,0.676137577
1991,4980349,1380840,0.981,0.036,-0.038,0,-0.1,0,-35.7,5.9,27.3,0.164189581,0.704367199,-0.140324107,0.676137577
1992,4983756,1380840,0.985,0.04,-0.034,0,0,-0.1,-35.7,5.9,27.3,0.164189581,0.704367199,-0.140324107,0.676137577
1993,4985335,1380850,0.985,0.044,-0.03,0,-0.1,0,-35.7,5.9,27.3,0.164220099,0.704367199,-0.140324107,0.676137577
1994,4988679,1380850,0.988,0.04,-0.038,0,0,0,-35.7,5.9,27.3,0.164189581,0.704367199,-0.140324107,0.676137577
1995,4990815,1380850,0.985,0.044,-0.034,0,0,0.1,-35.7,5.9,27.3,0.164189581,0.704367199,-0.140324107,0.676137577
1996,4992956,1380850,0.985,0.04,-0.034,0,0,0.1,-35.7,5.9,27.3,0.164189581,0.704367199,-0.140324107,0.676137577
1997,4995446,1380860,0.985,0.036,-0.034,0,0.1,0,-35.7,5.9,27.3,0.164189581,0.704367199,-0.140324107,0.676137577
1998,4997733,1380860,0.985,0.04,-0.034,0,0.1,-0.1,-35.7,5.9,27.3,0.164189581,0.704367199,-0.140324107,0.676137577
