sample_index,elapsed_us,device_time_ms,acc_x_g,acc_y_g,acc_z_g,gyro_x_dps,gyro_y_dps,gyro_z_dps,mag_x_ut,mag_y_ut,mag_z_ut,quat_w,quat_x,quat_y,quat_z
0,2918,1639790,0.985,0.032,-0.03,0,0,0,-34.8,5.2,26.1,0.159581286,0.70638142,-0.137028108,0.675801874
1,5127,1639800,0.985,0.04,-0.038,0.1,0.1,0,-34.8,5.2,26.1,0.159581286,0.70638142,-0.137028108,0.675801874
2,7354,1639800,0.988,0.04,-0.038,0.1,0.1,0,-34.8,5.2,26.1,0.159581286,0.70638142,-0.137028108,0.675801874
3,9959,1639800,0.988,0.04,-0.034,0.1,0.1,0,-35,5.1,26.2,0.159581286,0.70638142,-0.137028108,0.675801874
4,12199,1639800,0.988,0.04,-0.034,0,0.1,0,-35,5.1,26.2,0.159581286,0.70638142,-0.137028108,0.675801874
5,15542,1639810,0.985,0.04,-0.026,0,0.1,0,-35,5.1,26.2,0.159581286,0.70638142,-0.137028108,0.675832392
6,17107,1639810,0.985,0.04,-0.034,0,0.1,0,-35,5.1,26.2,0.159581286,0.70638142,-0.137028108,0.675832392
7,19971,1639810,0.985,0.04,-0.038,0,0,0,-34.8,5.9,25.8,0.159581286,0.70638142,-0.137028108,0.675832392
8,23016,1639810,0.985,0.04,-0.038,0,-0.1,0,-34.8,5.9,25.8,0.159581286,0.70638142,-0.137028108,0.675801874
9,24752,1639820,0.988,0.04,-0.034,0,-0.3,0,-34.8,5.9,25.8,0.159581286,0.70638142,-0.137028108,0.675801874
10,27462,1639820,0.988,0.04,-0.034,0,-0.2,0,-34.8,5.9,25.8,0.159581286,0.70638142,-0.137028108,0.675801874
11,30657,1639820,0.985,0.04,-0.034,0,-0.1,0,-34.7,7,27.3,0.159581286,0.70638142,-0.137028108,0.675801874
12,32724,1639820,0.988,0.04,-0.034,0,0,0,-34.7,7,27.3,0.159581286,0.706411939,-0.137028108,0.675801874
13,35800,1639830,0.981,0.04,-0.034,0,0,-0.1,-34.7,7,27.3,0.159581286,0.706411939,-0.137028108,0.675801874
14,37324,1639830,0.985,0.04,-0.03,0,0,-0.1,-34.7,7,27.3,0.159581286,0.70638142,-0.137028108,0.675801874
15,40362,1639830,0.985,0.04,-0.03,0,-0.1,-0.1,-34.9,6.2,27,0.159611805,0.70638142,-0.136997589,0.675801874
16,43317,1639830,0.981,0.04,-0.042,0,-0.1,-0.1,-34.9,6.2,27,0.159611805,0.70638142,-0.136997589,0.675801874
17,44798,1639840,0.985,0.036,-0.038,0.1,-0.1,-0.1,-34.9,6.2,27,0.159611805,0.70638142,-0.136997589,0.675801874
18,47659,1639840,0.981,0.04,-0.034,0.1,0,-0.1,-34.9,6.2,27,0.159611805,0.70638142,-0.136997589,0.675801874
19,50782,1639840,0.985,0.036,-0.038,0.1,0,0,-34.4,6.5,26.9,0.159611805,0.70638142,-0.136997589,0.675801874
20,52496,1639840,0.988,0.036,-0.034,0.1,0,0,-34.4,6.5,26.9,0.159611805,0.70638142,-0.136997589,0.675801874
21,54896,1639850,0.985,0.032,-0.038,0.1,-0.1,0,-34.4,6.5,26.9,0.159611805,0.706411939,-0.136997589,0.675801874
22,58272,1639850,0.988,0.04,-0.034,0,-0.2,0,-34.4,6.5,26.9,0.159611805,0.706411939,-0.136997589,0.675801874
23,59925,1639850,0.985,0.036,-0.038,0,-0.2,0,-35.1,6.7,26.9,0.159611805,0.706411939,-0.136997589,0.675801874
24,62569,1639850,0.988,0.036,-0.034,0,-0.2,0,-35.1,6.7,26.9,0.159611805,0.706411939,-0.136997589,0.675801874
25,64782,1639860,0.981,0.044,-0.03,0,-0.2,0,-35.1,6.7,26.9,0.159611805,0.706411939,-0.136997589,0.675801874
26,68461,1639860,0.985,0.044,-0.034,-0.1,-0.3,0,-35.1,6.7,26.9,0.159611805,0.706411939,-0.136997589,0.675771355
27,70680,1639860,0.985,0.04,-0.034,0,-0.1,0,-34.6,6.8,27,0.159611805,0.706411939,-0.136997589,0.675771355
28,72934,1639860,0.985,0.04,-0.038,0,-0.1,0,-34.6,6.8,27,0.159611805,0.706411939,-0.136997589,0.675771355
29,75123,1639870,0.985,0.04,-0.034,0,0.1,0,-34.6,6.8,27,0.159611805,0.706411939,-0.136997589,0.675771355
30,77408,1639870,0.988,0.04,-0.03,0,0.2,-0.1,-34.6,6.8,27,0.159611805,0.706411939,-0.136997589,0.675771355
31,80005,1639870,0.988,0.04,-0.038,0,0.2,-0.1,-34.7,5,26.9,0.159611805,0.706411939,-0.136997589,0.675801874
32,82362,1639870,0.985,0.036,-0.034,0,0.1,0,-34.7,5,26.9,0.159611805,0.706411939,-0.136997589,0.675801874
33,84903,1639880,0.988,0.044,-0.038,0,0,0,-34.7,5,26.9,0.159611805,0.706411939,-0.136997589,0.675801874
34,88956,1639880,0.985,0.044,-0.042,0.1,0,0,-34.7,5,26.9,0.159611805,0.706411939,-0.136997589,0.675801874
35,91331,1639880,0.985,0.036,-0.038,0,-0.1,0.1,-34.9,6.8,27.1,0.159611805,0.706442457,-0.136936552,0.675740837
36,93536,1639880,0.985,0.04,-0.038,0,-0.1,0.1,-34.9,6.8,27.1,0.159611805,0.706442457,-0.136997589,0.675740837
37,95769,1639890,0.988,0.04,-0.034,0,0,0,-34.9,6.8,27.1,0.159611805,0.706442457,-0.136997589,0.675740837
38,97835,1639890,0.988,0.04,-0.038,0,0,0,-34.9,6.8,27.1,0.159611805,0.706442457,-0.136997589,0.675740837
39,100089,1639890,0.988,0.044,-0.034,0,0.1,0,-35.5,6.8,26.9,0.159611805,0.706442457,-0.136997589,0.675740837
40,102511,1639890,0.988,0.044,-0.03,0,0.2,0,-35.5,6.8,26.9,0.159611805,0.706442457,-0.136936552,0.675740837
41,104768,1639900,0.988,0.04,-0.034,0,0.1,-0.1,-35.5,6.8,26.9,0.159611805,0.706442457,-0.136936552,0.675740837
42,108271,1639900,0.988,0.04,-0.03,0,0.1,-0.1,-35.5,6.8,26.9,0.159611805,0.706442457,-0.136936552,0.675771355
43,109882,1639900,0.985,0.036,-0.038,0,0.1,-0.1,-36.5,7,27,0.159611805,0.706442457,-0.136936552,0.675771355
44,112838,1639900,0.988,0.04,-0.03,0,0.1,-0.1,-36.5,7,27,0.159611805,0.706442457,-0.136936552,0.675771355
45,115831,1639910,0.985,0.04,-0.038,-0.1,0.1,-0.1,-36.5,7,27,0.159611805,0.706442457,-0.136936552,0.675771355
46,117412,1639910,0.985,0.04,-0.038,0,0.2,-0.1,-36.5,7,27,0.159611805,0.706442457,-0.136936552,0.675771355
47,120365,1639910,0.988,0.04,-0.034,0,0.1,-0.1,-36.9,7.1,27.2,0.159642323,0.706442457,-0.136936552,0.675771355
48,123361,1639910,0.988,0.036,-0.034,0,0,0,-36.9,7.1,27.2,0.159642323,0.706442457,-0.136936552,0.675771355
49,124848,1639920,0.988,0.036,-0.034,0,-0.1,0,-36.9,7.1,27.2,0.159642323,0.706442457,-0.136936552,0.675771355
50,128875,1639920,0.985,0.04,-0.034,0,-0.1,0,-36.9,7.1,27.2,0.159642323,0.706442457,-0.136936552,0.675771355
51,130963,1639920,0.988,0.04,-0.042,0.1,-0.1,0,-33.7,5.1,26.9,0.159611805,0.706442457,-0.136936552,0.675771355
52,133324,1639920,0.988,0.044,-0.038,0.1,-0.1,0,-33.7,5.1,26.9,0.159611805,0.706442457,-0.136936552,0.675771355
53,135701,1639930,0.988,0.04,-0.038,0.1,-0.1,0,-33.7,5.1,26.9,0.159611805,0.706442457,-0.136936552,0.675771355
54,137780,1639930,0.988,0.04,-0.034,0.1,0,0.1,-33.7,5.1,26.9,0.159611805,0.706442457,-0.136936552,0.675771355
55,139988,1639930,0.985,0.044,-0.034,0,0,0.1,-36.2,7.1,26.9,0.159611805,0.706472976,-0.136936552,0.675710318
56,142182,1639930,0.985,0.044,-0.034,0,0,0.1,-36.2,7.1,26.9,0.159611805,0.706472976,-0.136936552,0.675710318
57,144806,1639940,0.985,0.04,-0.03,0,0,0,-36.2,7.1,26.9,0.159611805,0.706472976,-0.136936552,0.675710318
58,148484,1639940,0.985,0.04,-0.038,0,0.1,0,-36.2,7.1,26.9,0.159611805,0.706472976,-0.136936552,0.675740837
59,150279,1639940,0.981,0.04,-0.034,-0.1,0,0,-36.6,7.5,26.9,0.159611805,0.706472976,-0.136936552,0.675740837
60,152221,1639940,0.985,0.04,-0.026,-0.1,-0.1,0,-36.6,7.5,26.9,0.159611805,0.706472976,-0.136936552,0.675710318
61,155073,1639950,0.985,0.04,-0.038,-0.1,-0.2,0,-36.6,7.5,26.9,0.159611805,0.706472976,-0.136936552,0.675710318
62,157358,1639950,0.985,0.044,-0.03,0,-0.1,0,-36.6,7.5,26.9,0.159611805,0.706472976,-0.136936552,0.675710318
63,159633,1639950,0.988,0.04,-0.03,0.1,0,-0.1,-36.4,7.4,27.2,0.159611805,0.706472976,-0.136936552,0.675710318
64,162956,1639950,0.985,0.04,-0.038,0.1,0.1,-0.1,-36.4,7.4,27.2,0.159611805,0.706472976,-0.136936552,0.675710318
65,164876,1639960,0.988,0.036,-0.034,0,0.2,0,-36.4,7.4,27.2,0.159611805,0.706472976,-0.136936552,0.675710318
66,167344,1639960,0.988,0.036,-0.034,0,0.2,0,-36.4,7.4,27.2,0.159611805,0.706472976,-0.136936552,0.675710318
67,170817,1639960,0.985,0.036,-0.03,-0.1,0.1,0.2,-36,7.4,27.2,0.159611805,0.706472976,-0.136936552,0.675740837
68,172609,1639960,0.985,0.04,-0.034,0,0,0.2,-36,7.4,27.2,0.159611805,0.706472976,-0.136936552,0.675740837
69,174690,1639970,0.985,0.044,-0.038,0,0,0.1,-36,7.4,27.2,0.159611805,0.706472976,-0.136936552,0.675740837
70,177565,1639970,0.981,0.036,-0.034,0,0.1,0,-36,7.4,27.2,0.159611805,0.706472976,-0.136936552,0.675740837
71,179705,1639970,0.985,0.036,-0.038,0,0.1,0,-34.2,5.9,27,0.159611805,0.706472976,-0.136936552,0.675740837
72,183490,1639970,0.988,0.04,-0.042,0,0,0,-34.2,5.9,27,0.159611805,0.706472976,-0.136936552,0.675740837
73,185676,1639980,0.985,0.04,-0.038,0,0,0,-34.2,5.9,27,0.159611805,0.706472976,-0.136936552,0.675740837
74,187172,1639980,0.988,0.044,-0.038,0,0,0,-34.2,5.9,27,0.159611805,0.706472976,-0.136936552,0.675740837
75,189814,1639980,0.988,0.04,-0.034,0,-0.1,0,-35,6.2,27.2,0.159611805,0.706503494,-0.136936552,0.6756798
76,193840,1639980,0.988,0.04,-0.038,0,-0.1,0,-35,6.2,27.2,0.159611805,0.706503494,-0.136936552,0.6756798
77,196158,1639990,0.988,0.04,-0.042,0,-0.3,0,-35,6.2,27.2,0.159611805,0.706503494,-0.136936552,0.6756798
78,198220,1639990,0.985,0.04,-0.034,0,-0.2,0,-35,6.2,27.2,0.159611805,0.706503494,-0.136936552,0.6756798
79,200022,1639990,0.988,0.04,-0.038,0,-0.1,0,-34.7,6.1,26.8,0.159611805,0.706534013,-0.136936552,0.6756798
80,203156,1639990,0.985,0.04,-0.038,0,0,0,-34.7,6.1,26.8,0.159611805,0.706534013,-0.136936552,0.6756798
81,205002,1640000,0.985,0.044,-0.034,0,0,0,-34.7,6.1,26.8,0.159611805,0.706534013,-0.136936552,0.6756798
82,207584,1640000,0.988,0.04,-0.034,0,0,0,-34.7,6.1,26.8,0.159611805,0.706534013,-0.136936552,0.6756798
83,209943,1640000,0.985,0.04,-0.03,0,0,0,-34.6,6,27.1,0.159611805,0.706534013,-0.136936552,0.6756798
84,212183,1640000,0.988,0.036,-0.03,0,-0.1,0,-34.6,6,27.1,0.159611805,0.706534013,-0.136936552,0.6756798
85,214644,1640010,0.985,0.04,-0.038,0,0,-0.1,-34.6,6,27.1,0.159611805,0.706534013,-0.136936552,0.6756798
86,218870,1640010,0.985,0.044,-0.038,0,0,0,-34.6,6,27.1,0.159611805,0.706534013,-0.136936552,0.6756798
87,221199,1640010,0.988,0.04,-0.034,0,0,0,-34.5,6,27.2,0.159611805,0.706534013,-0.136936552,0.6756798
88,223422,1640010,0.985,0.044,-0.034,0,0,0,-34.5,6,27.2,0.159611805,0.706534013,-0.136936552,0.6756798
89,224900,1640020,0.988,0.036,-0.03,0,0,0,-34.5,6,27.2,0.159611805,0.706534013,-0.136936552,0.6756798
90,227106,1640020,0.985,0.036,-0.034,0,-0.1,-0.1,-34.5,6,27.2,0.159611805,0.706534013,-0.136936552,0.6756798
91,229708,1640020,0.985,0.04,-0.034,0,-0.1,-0.1,-35.1,6.2,27,0.159611805,0.706534013,-0.136936552,0.6756798
92,233086,1640020,0.981,0.04,-0.03,0,0,-0.1,-35.1,6.2,27,0.159611805,0.706534013,-0.136936552,0.6756798
93,234616,1640030,0.985,0.04,-0.038,0,0.1,0,-35.1,6.2,27,0.159611805,0.706534013,-0.136936552,0.6756798
94,237141,1640030,0.988,0.04,-0.038,0,0.2,0,-35.1,6.2,27,0.159611805,0.706534013,-0.136936552,0.6756798
95,240658,1640030,0.985,0.044,-0.034,0,0.1,0,-34.5,5.7,26.9,0.159642323,0.706534013,-0.136936552,0.6756798
96,242177,1640030,0.988,0.036,-0.034,0,0,0,-34.5,5.7,26.9,0.159642323,0.706534013,-0.136936552,0.6756798
97,244556,1640040,0.985,0.04,-0.042,0.1,0,0,-34.5,5.7,26.9,0.159642323,0.706534013,-0.136936552,0.6756798
98,247334,1640040,0.985,0.04,-0.034,0.1,-0.1,0,-34.5,5.7,26.9,0.159642323,0.706534013,-0.136936552,0.6756798
99,250338,1640040,0.985,0.036,-0.03,0,-0.1,0,-34.5,6,27,0.159611805,0.706534013,-0.136936552,0.6756798
100,253315,1640040,0.985,0.04,-0.042,0,0,0,-34.5,6,27,0.159611805,0.706534013,-0.136936552,0.6756798
101,254833,1640050,0.985,0.04,-0.042,0,0,0,-34.5,6,27,0.159611805,0.706534013,-0.136936552,0.6756798
102,257704,1640050,0.988,0.036,-0.034,0,0,0,-34.5,6,27,0.159611805,0.706534013,-0.136936552,0.6756798
103,259599,1640050,0.985,0.04,-0.038,0,0.1,0,-34.6,6,26.7,0.159642323,0.706534013,-0.136936552,0.6756798
104,263122,1640050,0.981,0.04,-0.034,0,0.2,0,-34.6,6,26.7,0.159611805,0.706534013,-0.136936552,0.6756798
105,264808,1640060,0.985,0.044,-0.038,0,0.1,0,-34.6,6,26.7,0.159611805,0.706503494,-0.136936552,0.6756798
106,267407,1640060,0.985,0.04,-0.03,0.1,0,0,-34.6,6,26.7,0.159611805,0.706503494,-0.136936552,0.6756798
107,270486,1640060,0.985,0.04,-0.042,0,0,0,-34.3,6.1,26.7,0.159611805,0.706503494,-0.136936552,0.6756798
108,272102,1640060,0.985,0.036,-0.042,0,-0.1,0,-34.3,6.1,26.7,0.159611805,0.706534013,-0.136936552,0.6756798
109,274725,1640070,0.985,0.036,-0.042,0,-0.1,0,-34.3,6.1,26.7,0.159611805,0.706534013,-0.136936552,0.6756798
110,277868,1640070,0.985,0.036,-0.034,0,-0.1,-0.1,-34.3,6.1,26.7,0.159611805,0.706534013,-0.136936552,0.6756798
111,279842,1640070,0.985,0.032,-0.038,0,-0.1,-0.1,-36,6.1,27,0.159642323,0.706534013,-0.136936552,0.6756798
112,282873,1640070,0.988,0.04,-0.034,0,-0.1,0,-36,6.1,27,0.159642323,0.706534013,-0.136936552,0.6756798
113,284588,1640080,0.985,0.036,-0.038,0,0,0,-36,6.1,27,0.159642323,0.706534013,-0.136936552,0.6756798
114,287378,1640080,0.981,0.04,-0.038,0,0.1,0,-36,6.1,27,0.159642323,0.706534013,-0.136936552,0.6756798
115,289626,1640080,0.985,0.04,-0.03,0,0.2,0,-33.4,6.5,26.9,0.159611805,0.706534013,-0.136997589,0.675649281
116,292472,1640080,0.985,0.04,-0.03,0,0.3,0.1,-33.4,6.5,26.9,0.159611805,0.706534013,-0.136997589,0.675649281
117,295534,1640090,0.988,0.04,-0.03,0,0.3,0,-33.4,6.5,26.9,0.159611805,0.706534013,-0.136997589,0.6756798
118,297087,1640090,0.985,0.04,-0.038,0,0.2,0,-33.4,6.5,26.9,0.159611805,0.706534013,-0.136997589,0.6756798
119,299850,1640090,0.981,0.044,-0.034,0,0.1,0,-33.7,6.3,26.6,0.159611805,0.706534013,-0.136997589,0.6756798
120,302858,1640090,0.985,0.04,-0.03,0,0,-0.1,-33.7,6.3,26.6,0.159611805,0.706534013,-0.136997589,0.6756798
121,304601,1640100,0.985,0.036,-0.038,0,0,-0.1,-33.7,6.3,26.6,0.159611805,0.706534013,-0.136997589,0.6756798
122,308101,1640100,0.988,0.04,-0.034,0,-0.1,-0.1,-33.7,6.3,26.6,0.159611805,0.706534013,-0.136997589,0.6756798
123,309620,1640100,0.985,0.032,-0.038,0,-0.1,-0.1,-33.5,6.2,26.8,0.159611805,0.706534013,-0.136997589,0.6756798
124,312466,1640100,0.988,0.036,-0.034,-0.1,-0.2,0,-33.5,6.2,26.8,0.159611805,0.706534013,-0.136997589,0.675649281
125,315798,1640110,0.988,0.04,-0.038,-0.1,-0.1,0,-33.5,6.2,26.8,0.159611805,0.706534013,-0.136997589,0.675649281
126,317844,1640110,0.985,0.04,-0.034,-0.1,0,0,-33.5,6.2,26.8,0.159611805,0.706534013,-0.136997589,0.675649281
127,320109,1640110,0.988,0.04,-0.03,0,0,0,-33.9,6.2,26.8,0.159611805,0.706534013,-0.136997589,0.675649281
128,322330,1640110,0.985,0.04,-0.034,0,0,-0.1,-33.9,6.2,26.8,0.159611805,0.706534013,-0.136997589,0.675649281
129,325322,1640120,0.985,0.036,-0.03,0,0,-0.1,-33.9,6.2,26.8,0.159611805,0.706534013,-0.136997589,0.675649281
130,328192,1640120,0.985,0.04,-0.034,0,0,0,-33.9,6.2,26.8,0.159611805,0.706534013,-0.136997589,0.675649281
131,329796,1640120,0.985,0.04,-0.038,0.1,-0.1,0,-34.7,6,26.9,0.159611805,0.706534013,-0.136997589,0.675649281
132,332796,1640120,0.985,0.032,-0.034,0,-0.1,0,-34.7,6,26.9,0.159611805,0.706534013,-0.136997589,0.675649281
133,335830,1640130,0.985,0.036,-0.03,0,-0.1,0.1,-34.7,6,26.9,0.159611805,0.706534013,-0.136997589,0.675649281
134,337293,1640130,0.985,0.044,-0.03,0.1,-0.1,0,-34.7,6,26.9,0.159611805,0.706534013,-0.136997589,0.675649281
135,340299,1640130,0.985,0.04,-0.034,0,0,-0.1,-34.8,6.2,26.8,0.159611805,0.706534013,-0.136997589,0.6756798
136,343375,1640130,0.985,0.04,-0.03,0,-0.1,-0.1,-34.8,6.2,26.8,0.159611805,0.706534013,-0.136997589,0.6756798
137,344738,1640140,0.988,0.036,-0.038,0,-0.1,0,-34.8,6.2,26.8,0.159611805,0.706534013,-0.136997589,0.6756798
138,347823,1640140,0.985,0.04,-0.03,0,-0.1,0.2,-34.8,6.2,26.8,0.159611805,0.706534013,-0.136997589,0.675649281
139,350860,1640140,0.985,0.036,-0.034,-0.1,-0.1,0.1,-34.5,6.3,26.6,0.159611805,0.706534013,-0.136997589,0.675649281
140,352307,1640140,0.985,0.04,-0.038,-0.1,-0.1,0,-34.5,6.3,26.6,0.159611805,0.706534013,-0.136997589,0.675649281
141,354892,1640150,0.977,0.04,-0.034,-0.2,0,-0.1,-34.5,6.3,26.6,0.159611805,0.706534013,-0.136997589,0.675649281
142,358261,1640150,0.985,0.04,-0.03,-0.1,0.1,-0.1,-34.5,6.3,26.6,0.159611805,0.706534013,-0.136997589,0.675649281
143,359726,1640150,0.985,0.036,-0.038,-0.1,0.2,0,-34.7,6.2,26.7,0.159611805,0.706534013,-0.136997589,0.675649281
144,362273,1640150,0.992,0.04,-0.038,0,0.1,0,-34.7,6.2,26.7,0.159611805,0.706534013,-0.136997589,0.675649281
145,364678,1640160,0.988,0.044,-0.034,0,0,0,-34.7,6.2,26.7,0.159611805,0.706534013,-0.137028108,0.675649281
146,368074,1640160,0.985,0.044,-0.038,0,-0.1,0,-34.7,6.2,26.7,0.159611805,0.706534013,-0.137028108,0.675649281
147,369766,1640160,0.985,0.036,-0.034,0,-0.1,0,-35.2,6,27.3,0.159611805,0.706534013,-0.137028108,0.675649281
148,372350,1640160,0.988,0.036,-0.026,0,-0.1,-0.1,-35.2,6,27.3,0.159611805,0.706534013,-0.136997589,0.675649281
149,375550,1640170,0.988,0.04,-0.034,0,0,-0.1,-35.2,6,27.3,0.159611805,0.706534013,-0.136997589,0.675649281
150,377740,1640170,0.988,0.044,-0.034,0,0,-0.1,-35.2,6,27.3,0.159611805,0.706534013,-0.136997589,0.675649281
151,380068,1640170,0.988,0.04,-0.042,0,0.1,0,-34.8,6.2,26.1,0.159611805,0.706534013,-0.136997589,0.675649281
152,382396,1640170,0.985,0.04,-0.03,0,0.1,0,-34.8,6.2,26.1,0.159611805,0.706534013,-0.136997589,0.675649281
153,385427,1640180,0.985,0.04,-0.034,0,0.1,0.1,-34.8,6.2,26.1,0.159611805,0.706534013,-0.136997589,0.675649281
154,387104,1640180,0.985,0.036,-0.03,0,0.1,0.2,-34.8,6.2,26.1,0.159611805,0.706534013,-0.137028108,0.6756798
155,389902,1640180,0.981,0.036,-0.042,0,0.1,0,-34.7,6,27.7,0.159611805,0.706503494,-0.136997589,0.6756798
156,392926,1640180,0.981,0.04,-0.034,0,0,0,-34.7,6,27.7,0.159611805,0.706503494,-0.137028108,0.6756798
157,394667,1640190,0.985,0.04,-0.042,0,0,0,-34.7,6,27.7,0.159611805,0.706503494,-0.137028108,0.6756798
158,397202,1640190,0.985,0.036,-0.034,0,0,0,-34.7,6,27.7,0.159611805,0.706503494,-0.137028108,0.6756798
159,400609,1640190,0.988,0.04,-0.038,0,0,0,-34.6,6.2,27.9,0.159611805,0.706503494,-0.137028108,0.6756798
160,402517,1640190,0.985,0.04,-0.034,0,0.1,0,-34.6,6.2,27.9,0.159611805,0.706503494,-0.137028108,0.6756798
161,405804,1640200,0.988,0.036,-0.034,0,0.1,0,-34.6,6.2,27.9,0.159611805,0.706503494,-0.137028108,0.6756798
162,407351,1640200,0.988,0.044,-0.03,0,0,0,-34.6,6.2,27.9,0.159611805,0.706503494,-0.137028108,0.6756798
163,410356,1640200,0.988,0.044,-0.03,0,0,0,-34.7,6.2,28.3,0.159611805,0.706503494,-0.137028108,0.6756798
164,413414,1640200,0.985,0.04,-0.034,0,-0.1,0,-34.7,6.2,28.3,0.159611805,0.706503494,-0.137028108,0.6756798
165,414874,1640210,0.988,0.036,-0.042,0,0,0,-34.7,6.2,28.3,0.159611805,0.706503494,-0.137028108,0.6756798
166,417846,1640210,0.985,0.044,-0.03,0,0,0,-34.7,6.2,28.3,0.159611805,0.706503494,-0.137028108,0.6756798
167,420995,1640210,0.988,0.044,-0.03,0,0.1,0,-34.6,6.1,28.5,0.159611805,0.706503494,-0.137028108,0.6756798
168,423097,1640210,0.988,0.044,-0.03,0,0.1,0,-34.6,6.1,28.5,0.159611805,0.706503494,-0.137028108,0.6756798
169,424606,1640220,0.981,0.04,-0.03,0,0,-0.1,-34.6,6.1,28.5,0.159611805,0.706503494,-0.136997589,0.6756798
170,427413,1640220,0.985,0.04,-0.03,0,0,-0.1,-34.6,6.1,28.5,0.159611805,0.706503494,-0.136997589,0.6756798
171,430514,1640220,0.985,0.036,-0.034,0,0,-0.1,-35,6,25.1,0.159611805,0.706503494,-0.136997589,0.6756798
172,432862,1640220,0.985,0.036,-0.038,0,0.1,-0.1,-35,6,25.1,0.159611805,0.706503494,-0.136997589,0.6756798
173,435052,1640230,0.988,0.04,-0.038,0,0.1,0,-35,6,25.1,0.159611805,0.706503494,-0.136997589,0.6756798
174,437341,1640230,0.988,0.044,-0.034,0,0.2,0,-35,6,25.1,0.159611805,0.706503494,-0.136997589,0.6756798
175,439911,1640230,0.988,0.04,-0.038,0,0.2,0,-34.6,6.4,27.3,0.159611805,0.706503494,-0.136997589,0.6756798
176,442090,1640230,0.988,0.04,-0.038,0,0.1,-0.1,-34.6,6.4,27.3,0.159611805,0.706503494,-0.136997589,0.6756798
177,445116,1640240,0.985,0.036,-0.034,0,0,-0.1,-34.6,6.4,27.3,0.159611805,0.706503494,-0.136997589,0.6756798
178,447462,1640240,0.985,0.036,-0.034,0.1,-0.1,-0.1,-34.6,6.4,27.3,0.159611805,0.706503494,-0.136997589,0.6756798
179,449643,1640240,0.985,0.036,-0.038,0.1,-0.2,-0.1,-34.6,6,26.7,0.159611805,0.706503494,-0.136997589,0.6756798
180,452723,1640240,0.988,0.04,-0.034,0.1,-0.3,-0.1,-34.6,6,26.7,0.159611805,0.706503494,-0.136997589,0.6756798
181,454969,1640250,0.988,0.04,-0.042,0.1,-0.3,-0.1,-34.6,6,26.7,0.159611805,0.706534013,-0.136997589,0.6756798
182,457995,1640250,0.988,0.04,-0.034,0,-0.1,-0.1,-34.6,6,26.7,0.159611805,0.706534013,-0.136997589,0.6756798
183,459964,1640250,0.985,0.04,-0.03,0,0,-0.1,-34.7,6,26.4,0.159611805,0.706534013,-0.136997589,0.6756798
184,463334,1640250,0.988,0.044,-0.038,-0.1,0,0,-34.7,6,26.4,0.159611805,0.706534013,-0.136997589,0.6756798
185,465513,1640260,0.985,0.04,-0.034,0,0,0,-34.7,6,26.4,0.159611805,0.706534013,-0.136997589,0.6756798
186,467795,1640260,0.985,0.036,-0.034,0,0,0,-34.7,6,26.4,0.159611805,0.706534013,-0.136997589,0.6756798
187,469907,1640260,0.985,0.036,-0.034,0,0,0,-34.8,6.2,25.7,0.159642323,0.706534013,-0.136997589,0.6756798
188,472288,1640260,0.985,0.036,-0.034,0,0,0,-34.8,6.2,25.7,0.159642323,0.706534013,-0.136997589,0.6756798
189,474789,1640270,0.985,0.036,-0.034,0,0,0,-34.8,6.2,25.7,0.159642323,0.706534013,-0.136997589,0.6756798
190,477969,1640270,0.985,0.036,-0.034,0,0,0,-34.8,6.2,25.7,0.159611805,0.706534013,-0.136997589,0.6756798
191,480328,1640270,0.985,0.036,-0.03,0,0.1,0,-34.8,6,27,0.159611805,0.706534013,-0.136997589,0.6756798
192,482239,1640270,0.985,0.04,-0.034,0,0.1,0,-34.8,6,27,0.159611805,0.706534013,-0.136997589,0.6756798
193,484870,1640280,0.985,0.036,-0.038,0,0.1,0,-34.8,6,27,0.159611805,0.706503494,-0.136997589,0.6756798
194,488563,1640280,0.985,0.04,-0.034,0,0.1,0,-34.8,6,27,0.159611805,0.706503494,-0.136997589,0.6756798
195,490731,1640280,0.985,0.04,-0.034,0,0.1,0,-34.8,6,27,0.159611805,0.706503494,-0.136997589,0.6756798
196,493128,1640280,0.988,0.04,-0.03,0,0.1,-0.1,-35,6.1,26.7,0.159611805,0.706503494,-0.136997589,0.6756798
197,495861,1640290,0.985,0.04,-0.03,0.1,0,-0.1,-35,6.1,26.7,0.159611805,0.706503494,-0.136997589,0.6756798
198,497298,1640290,0.985,0.036,-0.034,0,0,-0.1,-35,6.1,26.7,0.159611805,0.706503494,-0.136997589,0.6756798
199,500628,1640290,0.988,0.04,-0.034,0,-0.1,-0.1,-34.4,6.1,27.1,0.159611805,0.706503494,-0.136997589,0.6756798
200,502928,1640290,0.981,0.04,-0.034,0,0,-0.1,-34.4,6.1,27.1,0.159611805,0.706503494,-0.136997589,0.6756798
201,505299,1640300,0.988,0.036,-0.046,0,0,0,-34.4,6.1,27.1,0.159611805,0.706503494,-0.136997589,0.6756798
202,508232,1640300,0.992,0.036,-0.03,0,0.1,0,-34.4,6.1,27.1,0.159611805,0.706503494,-0.136997589,0.6756798
203,510580,1640300,0.988,0.04,-0.034,0,0.1,0,-34.9,6.1,27,0.159611805,0.706503494,-0.136997589,0.6756798
204,513567,1640300,0.981,0.04,-0.03,0,0.1,0,-34.9,6.1,27,0.159611805,0.706503494,-0.136997589,0.675710318
205,515867,1640310,0.985,0.036,-0.038,0,0.1,0,-34.9,6.1,27,0.159611805,0.706503494,-0.136997589,0.675710318
206,518259,1640310,0.985,0.044,-0.03,0,0,0,-34.9,6.1,27,0.159611805,0.706503494,-0.136997589,0.675710318
207,520215,1640310,0.988,0.04,-0.026,0,0,0,-34.5,5.9,27.5,0.159611805,0.706503494,-0.136997589,0.675710318
208,522503,1640310,0.992,0.036,-0.03,0,0,0,-34.5,5.9,27.5,0.159611805,0.706503494,-0.136997589,0.675710318
209,524901,1640320,0.985,0.044,-0.03,0,0,0,-34.5,5.9,27.5,0.159611805,0.706503494,-0.136997589,0.675710318
210,527219,1640320,0.985,0.036,-0.03,0,0,-0.1,-34.5,5.9,27.5,0.159611805,0.706503494,-0.136997589,0.675710318
211,529958,1640320,0.988,0.04,-0.034,0,0,-0.1,-35,6.7,27.9,0.159611805,0.706503494,-0.136997589,0.675710318
212,532342,1640320,0.988,0.04,-0.03,0,-0.1,-0.1,-35,6.7,27.9,0.159611805,0.706503494,-0.136997589,0.675710318
213,534892,1640330,0.985,0.04,-0.034,0,0,-0.1,-35,6.7,27.9,0.159611805,0.706503494,-0.136997589,0.6756798
214,538894,1640330,0.985,0.04,-0.034,0.1,0,0,-35,6.7,27.9,0.159611805,0.706503494,-0.136997589,0.6756798
215,540545,1640330,0.985,0.04,-0.034,0.1,0,0,-35,6.7,27.9,0.159611805,0.706503494,-0.136997589,0.6756798
216,542191,1640330,0.985,0.036,-0.034,0.1,0.1,-0.1,-34.5,5.1,26,0.159642323,0.706472976,-0.136936552,0.675710318
217,544664,1640340,0.988,0.044,-0.034,0,0.1,0,-34.5,5.1,26,0.159642323,0.706472976,-0.136936552,0.675710318
218,548050,1640340,0.985,0.04,-0.034,0,0,0,-34.5,5.1,26,0.159642323,0.706472976,-0.136936552,0.675710318
219,549698,1640340,0.985,0.044,-0.038,0,-0.1,0,-35.1,4,25.8,0.159642323,0.706472976,-0.136936552,0.675710318
220,553275,1640340,0.985,0.04,-0.034,0,-0.1,0,-35.1,4,25.8,0.159642323,0.706472976,-0.136936552,0.675710318
221,555448,1640350,0.985,0.036,-0.034,0,-0.1,0,-35.1,4,25.8,0.159642323,0.706472976,-0.136936552,0.675710318
222,557699,1640350,0.985,0.036,-0.034,0,0,-0.1,-35.1,4,25.8,0.159642323,0.706472976,-0.136936552,0.675710318
223,560016,1640350,0.985,0.044,-0.034,0,0.1,-0.1,-34.5,3.9,25.9,0.159642323,0.706472976,-0.136936552,0.675710318
224,562338,1640350,0.988,0.04,-0.034,0,0.1,0,-34.5,3.9,25.9,0.159642323,0.706472976,-0.136936552,0.675710318
225,564760,1640360,0.988,0.04,-0.026,0,0,0,-34.5,3.9,25.9,0.159642323,0.706472976,-0.136936552,0.675710318
226,568225,1640360,0.985,0.04,-0.034,0.1,0,0.1,-34.5,3.9,25.9,0.159642323,0.706472976,-0.136936552,0.675710318
227,569733,1640360,0.985,0.044,-0.038,0,0,0.1,-34.4,4.1,26.1,0.159642323,0.706472976,-0.136936552,0.675710318
228,572290,1640360,0.985,0.04,-0.034,0,0.1,0,-34.4,4.1,26.1,0.159642323,0.706472976,-0.136936552,0.675710318
229,575761,1640370,0.988,0.04,-0.038,-0.1,0.1,0,-34.4,4.1,26.1,0.159642323,0.706472976,-0.136936552,0.675710318
230,577245,1640370,0.985,0.04,-0.034,-0.1,0,-0.1,-34.4,4.1,26.1,0.159642323,0.706472976,-0.136936552,0.675710318
231,579764,1640370,0.985,0.044,-0.034,0,0,-0.1,-34.8,7.6,27.2,0.159642323,0.706472976,-0.136936552,0.675710318
232,583239,1640370,0.985,0.04,-0.03,0,0,-0.1,-34.8,7.6,27.2,0.159642323,0.706472976,-0.136936552,0.675710318
233,584695,1640380,0.985,0.036,-0.034,0,0,0,-34.8,7.6,27.2,0.159642323,0.706472976,-0.136936552,0.675710318
234,587219,1640380,0.988,0.036,-0.03,0,0,0,-34.8,7.6,27.2,0.159642323,0.706472976,-0.136936552,0.675710318
235,590718,1640380,0.985,0.036,-0.034,0,-0.1,0,-34.6,5.3,26.6,0.159642323,0.706442457,-0.136936552,0.675740837
236,592202,1640380,0.985,0.036,-0.034,0,-0.1,0,-34.6,5.3,26.6,0.159642323,0.706442457,-0.136936552,0.675740837
237,595203,1640390,0.985,0.04,-0.03,0,-0.1,0,-34.6,5.3,26.6,0.159642323,0.706442457,-0.136936552,0.675740837
238,598186,1640390,0.988,0.04,-0.038,0,0,-0.1,-34.6,5.3,26.6,0.159642323,0.706442457,-0.136936552,0.675740837
239,600360,1640390,0.985,0.036,-0.038,0,-0.1,0,-34.6,6.2,26.8,0.159642323,0.706442457,-0.136936552,0.675740837
240,602433,1640390,0.988,0.04,-0.034,0,0,0,-34.6,6.2,26.8,0.159642323,0.706442457,-0.136936552,0.675740837
241,605404,1640400,0.988,0.032,-0.034,0,0,0,-34.6,6.2,26.8,0.159642323,0.706442457,-0.136936552,0.675740837
242,607176,1640400,0.985,0.044,-0.038,0,0,0,-34.6,6.2,26.8,0.159642323,0.706472976,-0.136936552,0.675740837
243,610703,1640400,0.985,0.04,-0.038,0,0,0,-34.8,7.1,26.5,0.159642323,0.706472976,-0.136936552,0.675740837
244,612219,1640400,0.981,0.036,-0.034,0,0,0,-34.8,7.1,26.5,0.159642323,0.706472976,-0.136936552,0.675740837
245,614722,1640410,0.985,0.04,-0.03,0,0,0,-34.8,7.1,26.5,0.159642323,0.706472976,-0.136936552,0.675740837
246,618116,1640410,0.981,0.036,-0.03,0,0,0,-34.8,7.1,26.5,0.159642323,0.706472976,-0.136936552,0.675740837
247,619721,1640410,0.985,0.036,-0.034,0,0,0,-34.6,7.6,26.7,0.159642323,0.706442457,-0.136936552,0.675740837
248,622696,1640410,0.988,0.036,-0.034,0,0,0,-34.6,7.6,26.7,0.159642323,0.706472976,-0.136936552,0.675740837
249,625697,1640420,0.985,0.036,-0.034,0,-0.1,0,-34.6,7.6,26.7,0.159642323,0.706472976,-0.136936552,0.675740837
250,627256,1640420,0.988,0.036,-0.034,0,-0.1,0,-34.6,7.6,26.7,0.159642323,0.706472976,-0.136936552,0.675740837
251,630020,1640420,0.988,0.04,-0.034,0,-0.1,0,-34.7,6.2,26.8,0.159642323,0.706472976,-0.136936552,0.675740837
252,633201,1640420,0.985,0.04,-0.038,0,-0.1,0,-34.7,6.2,26.8,0.159642323,0.706472976,-0.136936552,0.675710318
253,634814,1640430,0.988,0.04,-0.03,0,-0.2,0,-34.7,6.2,26.8,0.159642323,0.706472976,-0.136936552,0.675710318
254,637559,1640430,0.988,0.036,-0.03,0,-0.1,0,-34.7,6.2,26.8,0.159642323,0.706472976,-0.136936552,0.675710318
255,639787,1640430,0.985,0.04,-0.034,0,0,0,-34.5,6,26.9,0.159642323,0.706442457,-0.136936552,0.675740837
256,642242,1640430,0.985,0.04,-0.03,0,0.1,0,-34.5,6,26.9,0.159642323,0.706442457,-0.136936552,0.675740837
257,645431,1640440,0.985,0.04,-0.03,0,0.3,0,-34.5,6,26.9,0.159642323,0.706442457,-0.136936552,0.675740837
258,647209,1640440,0.985,0.04,-0.03,0,0.3,-0.1,-34.5,6,26.9,0.159642323,0.706442457,-0.136936552,0.675740837
259,650435,1640440,0.988,0.04,-0.034,0,0.2,-0.1,-34.6,6,27,0.159642323,0.706442457,-0.136936552,0.675740837
260,652537,1640440,0.985,0.036,-0.034,0,0.1,-0.1,-34.6,6,27,0.159672842,0.706442457,-0.136936552,0.675740837
261,654744,1640450,0.985,0.036,-0.038,0,0.1,-0.1,-34.6,6,27,0.159672842,0.706442457,-0.136936552,0.675740837
262,657331,1640450,0.981,0.036,-0.034,0,0,0,-34.6,6,27,0.159672842,0.706442457,-0.136936552,0.675740837
263,660904,1640450,0.981,0.036,-0.03,0,0,0,-34.9,5.9,26.8,0.159672842,0.706442457,-0.136936552,0.675740837
264,663035,1640450,0.985,0.036,-0.042,0,0,0,-34.9,5.9,26.8,0.159672842,0.706442457,-0.136936552,0.675740837
265,665321,1640460,0.988,0.036,-0.03,0,0,0,-34.9,5.9,26.8,0.159672842,0.706442457,-0.136936552,0.675740837
266,667449,1640460,0.985,0.036,-0.038,0,0.1,0.2,-34.9,5.9,26.8,0.159642323,0.706442457,-0.136936552,0.675771355
267,671376,1640460,0.988,0.04,-0.034,0,0.2,0,-35.3,6.1,26.7,0.159642323,0.706442457,-0.136936552,0.675771355
268,672276,1640460,0.988,0.036,-0.03,0,0.2,0,-35.3,6.1,26.7,0.159642323,0.706442457,-0.136936552,0.675771355
269,675284,1640470,0.988,0.04,-0.038,0,0.2,0,-35.3,6.1,26.7,0.159672842,0.706411939,-0.136936552,0.675771355
270,677768,1640470,0.985,0.04,-0.038,0,0.1,0,-35.3,6.1,26.7,0.159672842,0.706411939,-0.136936552,0.675771355
271,679853,1640470,0.988,0.04,-0.026,0,0,0,-34.3,4.8,27,0.159672842,0.706411939,-0.136936552,0.675771355
272,682322,1640470,0.985,0.036,-0.034,0,0,0,-34.3,4.8,27,0.159672842,0.706411939,-0.136936552,0.675771355
273,685795,1640480,0.985,0.04,-0.034,0,0,-0.1,-34.3,4.8,27,0.159672842,0.706411939,-0.136936552,0.675771355
274,687973,1640480,0.985,0.04,-0.034,0,-0.1,-0.1,-34.3,4.8,27,0.159672842,0.706411939,-0.136936552,0.675771355
275,690212,1640480,0.988,0.04,-0.034,0,-0.1,0,-35.9,7.1,27.2,0.159672842,0.706411939,-0.136936552,0.675801874
276,693193,1640480,0.988,0.036,-0.03,0,-0.1,0,-35.9,7.1,27.2,0.159672842,0.706411939,-0.136936552,0.675771355
277,695440,1640490,0.985,0.04,-0.034,0,-0.1,-0.1,-35.9,7.1,27.2,0.159672842,0.706411939,-0.136936552,0.675771355
278,697865,1640490,0.988,0.036,-0.03,0,0,0,-35.9,7.1,27.2,0.159672842,0.706411939,-0.136936552,0.675771355
279,699732,1640490,0.988,0.04,-0.03,0.1,0,0,-36.7,7.2,27.2,0.159672842,0.706411939,-0.136936552,0.675771355
280,703199,1640490,0.988,0.04,-0.038,0,0,0,-36.7,7.2,27.2,0.159672842,0.706411939,-0.136936552,0.675771355
281,705006,1640500,0.981,0.036,-0.034,0,0,0,-36.7,7.2,27.2,0.159672842,0.706411939,-0.136936552,0.675771355
282,707217,1640500,0.985,0.036,-0.034,0,0.1,-0.1,-36.7,7.2,27.2,0.159672842,0.706411939,-0.136936552,0.675801874
283,710686,1640500,0.985,0.04,-0.038,0,0.2,-0.1,-36.9,7.3,26.9,0.159672842,0.706411939,-0.136936552,0.675801874
284,712953,1640500,0.985,0.04,-0.03,-0.1,0.1,0,-36.9,7.3,26.9,0.159672842,0.706411939,-0.136936552,0.675801874
285,715214,1640510,0.992,0.04,-0.026,0,0,0,-36.9,7.3,26.9,0.159672842,0.706411939,-0.136936552,0.675801874
286,718152,1640510,0.985,0.04,-0.03,0,0,0,-36.9,7.3,26.9,0.159672842,0.706411939,-0.136936552,0.675801874
287,719774,1640510,0.985,0.04,-0.034,0,0,0,-37,7.5,27.2,0.159672842,0.706411939,-0.136936552,0.675801874
288,722179,1640510,0.981,0.036,-0.038,0,0,-0.1,-37,7.5,27.2,0.159672842,0.706411939,-0.136936552,0.675801874
289,725315,1640520,0.981,0.036,-0.034,0,-0.1,-0.1,-37,7.5,27.2,0.159672842,0.706411939,-0.136936552,0.675801874
290,727606,1640520,0.981,0.032,-0.042,0.1,-0.1,-0.1,-37,7.5,27.2,0.159672842,0.706411939,-0.136936552,0.675771355
291,729918,1640520,0.985,0.036,-0.038,0.2,-0.1,0,-34,5.6,27.1,0.159672842,0.706411939,-0.136936552,0.675771355
292,732226,1640520,0.981,0.036,-0.026,0.2,0,0.1,-34,5.6,27.1,0.159672842,0.706411939,-0.136936552,0.675771355
293,734674,1640530,0.988,0.04,-0.038,0.1,0,0.2,-34,5.6,27.1,0.159672842,0.706411939,-0.136936552,0.675771355
294,738278,1640530,0.985,0.04,-0.034,0.1,0.1,0.3,-34,5.6,27.1,0.159672842,0.706411939,-0.136936552,0.675801874
295,740435,1640530,0.981,0.036,-0.038,0,0.1,0,-36.1,6.5,26.8,0.159642323,0.706411939,-0.136936552,0.675801874
296,742629,1640530,0.981,0.036,-0.038,0,0.1,0,-36.1,6.5,26.8,0.159642323,0.706411939,-0.136936552,0.675801874
297,744985,1640540,0.992,0.04,-0.034,0,0,-0.1,-36.1,6.5,26.8,0.159642323,0.706411939,-0.136936552,0.675801874
298,747449,1640540,0.988,0.04,-0.034,0,-0.1,-0.1,-36.1,6.5,26.8,0.159642323,0.706411939,-0.136936552,0.675801874
299,749841,1640540,0.981,0.036,-0.034,0,0,0,-35.6,6.5,26.6,0.159642323,0.706411939,-0.136936552,0.675801874
300,754033,1640540,0.985,0.04,-0.03,0,0,0,-35.6,6.5,26.6,0.159642323,0.706411939,-0.136936552,0.675801874
301,754856,1640550,0.988,0.04,-0.034,0.1,0.1,0,-35.6,6.5,26.6,0.159642323,0.706411939,-0.136936552,0.675801874
302,757293,1640550,0.988,0.032,-0.038,0.1,0.1,0,-35.6,6.5,26.6,0.159642323,0.70638142,-0.136936552,0.675801874
303,759919,1640550,0.985,0.04,-0.034,0,0.1,0,-35,6.5,26.5,0.159642323,0.70638142,-0.136936552,0.675801874
304,762303,1640550,0.988,0.04,-0.03,-0.1,0.1,0,-35,6.5,26.5,0.159642323,0.70638142,-0.136936552,0.675801874
305,766343,1640560,0.985,0.04,-0.034,0,0.2,0,-35,6.5,26.5,0.159642323,0.70638142,-0.136936552,0.675801874
306,768551,1640560,0.988,0.044,-0.034,0,0.1,0,-35,6.5,26.5,0.159642323,0.70638142,-0.136936552,0.675801874
307,770810,1640560,0.981,0.036,-0.03,0.1,0,0,-34.5,6.7,26.7,0.159642323,0.70638142,-0.136936552,0.675832392
308,772280,1640560,0.985,0.04,-0.034,0.1,-0.1,0,-34.5,6.7,26.7,0.159642323,0.70638142,-0.136936552,0.675801874
309,775232,1640570,0.985,0.036,-0.038,0.1,-0.1,0,-34.5,6.7,26.7,0.159642323,0.70638142,-0.136936552,0.675801874
310,778238,1640570,0.988,0.036,-0.034,0,-0.1,0,-34.5,6.7,26.7,0.159642323,0.70638142,-0.136936552,0.675801874
311,779722,1640570,0.985,0.04,-0.034,0,-0.1,0,-34.5,6.7,26.7,0.159642323,0.70638142,-0.136936552,0.675801874
312,782748,1640570,0.985,0.04,-0.034,0,-0.1,0,-34.5,6.7,26.7,0.159642323,0.70638142,-0.136936552,0.675801874
313,785729,1640580,0.988,0.04,-0.042,0,-0.1,0,-34.5,6.7,26.7,0.159642323,0.70638142,-0.136936552,0.675801874
314,787322,1640580,0.988,0.048,-0.034,0,-0.1,-0.1,-34.5,6.7,26.7,0.159642323,0.70638142,-0.136936552,0.675801874
315,790832,1640580,0.985,0.04,-0.042,0,0,-0.1,-34.8,6.3,26.8,0.159672842,0.706411939,-0.136936552,0.675771355
316,792302,1640580,0.985,0.036,-0.034,0,0,-0.1,-34.8,6.3,26.8,0.159672842,0.706411939,-0.136936552,0.675771355
317,795506,1640590,0.985,0.04,-0.03,0,0,0,-34.8,6.3,26.8,0.159672842,0.706411939,-0.136936552,0.675771355
318,797162,1640590,0.981,0.04,-0.034,0,0,0,-34.8,6.3,26.8,0.159672842,0.706411939,-0.136936552,0.675771355
319,800513,1640590,0.988,0.044,-0.038,0,0,0.1,-35,6.2,26.8,0.159672842,0.706411939,-0.136936552,0.675771355
320,802242,1640590,0.985,0.04,-0.038,0.1,0.1,0.2,-35,6.2,26.8,0.159672842,0.706411939,-0.136936552,0.675771355
321,805846,1640600,0.985,0.044,-0.03,0,0.2,0.2,-35,6.2,26.8,0.159642323,0.706411939,-0.136936552,0.675801874
322,807644,1640600,0.988,0.036,-0.034,0,0,0,-35,6.2,26.8,0.159642323,0.706411939,-0.136936552,0.675801874
323,809841,1640600,0.985,0.036,-0.038,-0.1,0,0,-34.7,6.3,27,0.159672842,0.706411939,-0.136936552,0.675801874
324,812235,1640600,0.985,0.04,-0.038,-0.1,-0.1,-0.2,-34.7,6.3,27,0.159672842,0.706411939,-0.136936552,0.675771355
325,814886,1640610,0.985,0.04,-0.034,-0.1,0,-0.1,-34.7,6.3,27,0.159672842,0.706411939,-0.136936552,0.675771355
326,818102,1640610,0.985,0.036,-0.038,-0.1,0,-0.1,-34.7,6.3,27,0.159672842,0.706411939,-0.136936552,0.675771355
327,820378,1640610,0.981,0.04,-0.034,-0.1,0,0,-34.7,6.5,27.1,0.159672842,0.706411939,-0.136936552,0.675771355
328,822515,1640610,0.985,0.04,-0.034,-0.1,0,0,-34.7,6.5,27.1,0.159672842,0.706411939,-0.136936552,0.675771355
329,824969,1640620,0.985,0.036,-0.034,-0.1,-0.1,0,-34.7,6.5,27.1,0.159672842,0.706411939,-0.136936552,0.675771355
330,828028,1640620,0.985,0.04,-0.038,-0.1,-0.1,0,-34.7,6.5,27.1,0.159672842,0.706411939,-0.136936552,0.675771355
331,830256,1640620,0.985,0.032,-0.034,0,0,-0.1,-34.7,6.5,27.1,0.159672842,0.706411939,-0.136936552,0.675771355
332,832413,1640620,0.985,0.036,-0.038,0,0,0,-34.7,6.5,27.1,0.159672842,0.706411939,-0.136936552,0.675771355
333,836416,1640630,0.988,0.036,-0.038,0,0,0,-34.7,6.5,27.1,0.159672842,0.706411939,-0.136936552,0.675771355
334,837234,1640630,0.988,0.036,-0.038,0.1,0.1,0,-34.7,6.5,27.1,0.159672842,0.706411939,-0.136936552,0.675771355
335,840903,1640630,0.988,0.04,-0.034,0,0.1,0,-33.2,6,27,0.159642323,0.706442457,-0.136936552,0.675771355
336,843160,1640630,0.985,0.036,-0.03,0,0.1,0,-33.2,6,27,0.159642323,0.706411939,-0.136936552,0.675771355
337,845470,1640640,0.988,0.04,-0.042,0,0,0,-33.2,6,27,0.159642323,0.706411939,-0.136936552,0.675771355
338,847905,1640640,0.992,0.04,-0.038,0,0,0,-33.2,6,27,0.159642323,0.706442457,-0.136936552,0.675771355
339,850053,1640640,0.985,0.036,-0.034,0,-0.1,0,-33.1,6,26.9,0.159642323,0.706442457,-0.136936552,0.675771355
340,852236,1640640,0.985,0.04,-0.038,0,-0.1,0.1,-33.1,6,26.9,0.159642323,0.706442457,-0.136936552,0.675771355
341,854656,1640650,0.985,0.044,-0.034,-0.1,-0.2,0,-33.1,6,26.9,0.159642323,0.706442457,-0.136936552,0.675771355
342,857237,1640650,0.988,0.044,-0.034,-0.1,-0.2,0,-33.1,6,26.9,0.159642323,0.706442457,-0.136936552,0.675771355
343,861485,1640650,0.988,0.04,-0.034,-0.1,-0.2,0,-33.2,6,26.7,0.159642323,0.706442457,-0.136997589,0.675740837
344,862313,1640650,0.985,0.04,-0.034,-0.1,-0.1,0,-33.2,6,26.7,0.159642323,0.706442457,-0.136997589,0.675740837
345,864633,1640660,0.988,0.04,-0.034,0,-0.1,0,-33.2,6,26.7,0.159642323,0.706442457,-0.136997589,0.675740837
346,868119,1640660,0.988,0.044,-0.034,0,0,0,-33.2,6,26.7,0.159642323,0.706442457,-0.136997589,0.675740837
347,870307,1640660,0.985,0.04,-0.03,0,0,-0.1,-33.3,6.5,27.1,0.159642323,0.706442457,-0.136997589,0.675740837
348,872385,1640660,0.985,0.044,-0.034,0.1,0.1,-0.1,-33.3,6.5,27.1,0.159642323,0.706442457,-0.136997589,0.675740837
349,876249,1640670,0.985,0.04,-0.042,0.1,0.1,-0.1,-33.3,6.5,27.1,0.159642323,0.706442457,-0.136936552,0.675740837
350,878369,1640670,0.985,0.04,-0.038,0,0,0,-33.3,6.5,27.1,0.159642323,0.706442457,-0.136936552,0.675740837
351,880557,1640670,0.981,0.04,-0.026,0,0,0,-33.3,6.5,27.1,0.159642323,0.706442457,-0.136936552,0.675740837
352,882983,1640670,0.985,0.04,-0.034,0,0,0,-33.3,6.5,27.1,0.159642323,0.706442457,-0.136997589,0.675740837
353,885137,1640680,0.985,0.036,-0.03,0,0,0,-33.3,6.5,27.1,0.159642323,0.706442457,-0.136936552,0.675740837
354,887478,1640680,0.981,0.036,-0.038,0,0,-0.1,-33.3,6.5,27.1,0.159642323,0.706442457,-0.136936552,0.675740837
355,889872,1640680,0.985,0.044,-0.038,0,-0.1,0,-34.5,6,26.7,0.159642323,0.706411939,-0.136997589,0.675771355
356,893024,1640680,0.985,0.044,-0.038,0,-0.1,0,-34.5,6,26.7,0.159642323,0.706411939,-0.136997589,0.675771355
357,895112,1640690,0.988,0.036,-0.03,-0.1,0,0,-34.5,6,26.7,0.159642323,0.706411939,-0.136997589,0.675771355
358,897227,1640690,0.985,0.036,-0.03,0,-0.1,0,-34.5,6,26.7,0.159642323,0.706411939,-0.136997589,0.675771355
359,900760,1640690,0.988,0.04,-0.034,0,-0.1,-0.1,-34.7,6,27,0.159642323,0.706411939,-0.136997589,0.675771355
360,902362,1640690,0.988,0.04,-0.034,0,-0.1,0,-34.7,6,27,0.159642323,0.706442457,-0.136997589,0.675771355
361,905318,1640700,0.988,0.04,-0.034,0,-0.1,0,-34.7,6,27,0.159642323,0.706442457,-0.136997589,0.675771355
362,907483,1640700,0.985,0.036,-0.034,0,0,0,-34.7,6,27,0.159642323,0.706442457,-0.136997589,0.675771355
363,909794,1640700,0.988,0.04,-0.03,0,0,0,-34.4,6.2,27,0.159642323,0.706442457,-0.136997589,0.675771355
364,912388,1640700,0.981,0.036,-0.034,0,-0.1,0,-34.4,6.2,27,0.159642323,0.706442457,-0.136997589,0.675740837
365,914730,1640710,0.985,0.04,-0.034,0,-0.3,0,-34.4,6.2,27,0.159642323,0.706442457,-0.136997589,0.675740837
366,918837,1640710,0.988,0.04,-0.03,0,-0.2,0,-34.4,6.2,27,0.159642323,0.706442457,-0.136997589,0.675740837
367,920669,1640710,0.988,0.04,-0.034,0,-0.1,0,-34.4,6,27,0.159642323,0.706442457,-0.136997589,0.675740837
368,922239,1640710,0.985,0.036,-0.038,0,0,0,-34.4,6,27,0.159642323,0.706442457,-0.136997589,0.675740837
369,925800,1640720,0.981,0.044,-0.038,-0.1,0,0,-34.4,6,27,0.159642323,0.706442457,-0.136997589,0.675740837
370,928758,1640720,0.985,0.04,-0.038,-0.1,-0.1,0,-34.4,6,27,0.159672842,0.706442457,-0.136997589,0.675740837
371,929733,1640720,0.985,0.036,-0.042,0,0,0,-34.4,6,27,0.159672842,0.706442457,-0.136997589,0.675740837
372,933856,1640720,0.988,0.04,-0.034,0,-0.1,0,-34.4,6,27,0.159672842,0.706442457,-0.136997589,0.675740837
373,936074,1640730,0.985,0.04,-0.03,0,0,0,-34.4,6,27,0.159672842,0.706442457,-0.136997589,0.675740837
374,938409,1640730,0.985,0.036,-0.03,0,0,0,-34.4,6,27,0.159672842,0.706442457,-0.136997589,0.675740837
375,940749,1640730,0.988,0.036,-0.034,0.1,0,0,-35.1,6.6,26.9,0.159642323,0.706442457,-0.137028108,0.675740837
376,942832,1640730,0.988,0.036,-0.034,0.1,0,0,-35.1,6.6,26.9,0.159642323,0.706442457,-0.136997589,0.675740837
377,944757,1640740,0.985,0.036,-0.038,0,0,0,-35.1,6.6,26.9,0.159642323,0.706442457,-0.136997589,0.675740837
378,948059,1640740,0.985,0.04,-0.03,0,0,-0.1,-35.1,6.6,26.9,0.159642323,0.706442457,-0.136997589,0.675740837
379,949703,1640740,0.985,0.04,-0.03,0,0,-0.1,-34.9,6.5,27.4,0.159642323,0.706442457,-0.136997589,0.675740837
380,952333,1640740,0.985,0.036,-0.034,0.1,0.1,0,-34.9,6.5,27.4,0.159642323,0.706442457,-0.136997589,0.675740837
381,955716,1640750,0.985,0.036,-0.034,0,0.1,0,-34.9,6.5,27.4,0.159642323,0.706442457,-0.136997589,0.675740837
382,957891,1640750,0.985,0.04,-0.038,0,0.1,0,-34.9,6.5,27.4,0.159642323,0.706442457,-0.136997589,0.675740837
383,960157,1640750,0.988,0.04,-0.034,0,0,0,-35.2,6.4,27.5,0.159642323,0.706442457,-0.136997589,0.675740837
384,962393,1640750,0.981,0.036,-0.03,0,0,0,-35.2,6.4,27.5,0.159642323,0.706442457,-0.136997589,0.675740837
385,964701,1640760,0.988,0.036,-0.034,0,-0.1,0,-35.2,6.4,27.5,0.159642323,0.706442457,-0.136997589,0.675740837
386,967399,1640760,0.985,0.044,-0.03,0,-0.1,0,-35.2,6.4,27.5,0.159642323,0.706442457,-0.136997589,0.675740837
387,970770,1640760,0.985,0.036,-0.034,0,-0.3,0,-34.9,6,28.2,0.159642323,0.706442457,-0.137028108,0.675740837
388,972953,1640760,0.985,0.04,-0.038,0,-0.3,0,-34.9,6,28.2,0.159642323,0.706442457,-0.137028108,0.675740837
389,975219,1640770,0.985,0.04,-0.034,0,-0.3,0,-34.9,6,28.2,0.159642323,0.706472976,-0.137028108,0.675740837
390,977400,1640770,0.985,0.036,-0.034,0,-0.2,0,-34.9,6,28.2,0.159642323,0.706472976,-0.137028108,0.675710318
391,979716,1640770,0.985,0.036,-0.042,0,-0.1,0,-34.9,6,28.2,0.159642323,0.706472976,-0.137028108,0.675710318
392,982312,1640770,0.985,0.036,-0.034,0,0,0,-34.9,6,28.2,0.159642323,0.706472976,-0.137028108,0.675710318
393,985696,1640780,0.988,0.04,-0.034,0,0.1,0,-34.9,6,28.2,0.159642323,0.706472976,-0.137028108,0.675740837
394,987350,1640780,0.981,0.036,-0.038,0,0.1,0,-34.9,6,28.2,0.159642323,0.706442457,-0.137028108,0.675740837
395,989728,1640780,0.988,0.04,-0.034,0,-0.1,0,-34.7,5.9,27.5,0.159611805,0.706472976,-0.137058626,0.675710318
396,993197,1640780,0.988,0.044,-0.038,0,-0.1,0,-34.7,5.9,27.5,0.159611805,0.706472976,-0.137058626,0.675710318
397,994733,1640790,0.981,0.036,-0.03,0,-0.2,0,-34.7,5.9,27.5,0.159611805,0.706472976,-0.137058626,0.675710318
398,997736,1640790,0.985,0.04,-0.034,0,-0.1,0,-34.7,5.9,27.5,0.159611805,0.706472976,-0.137058626,0.675710318
399,1000699,1640790,0.988,0.04,-0.034,0,0,0,-34.8,5.7,27.8,0.159611805,0.706472976,-0.137058626,0.675710318
400,1002238,1640790,0.988,0.04,-0.034,0,0.2,0,-34.8,5.7,27.8,0.159611805,0.706472976,-0.137058626,0.675710318
401,1005173,1640800,0.988,0.036,-0.034,0,0.2,0,-34.8,5.7,27.8,0.159611805,0.706472976,-0.137058626,0.675710318
402,1007149,1640800,0.988,0.04,-0.042,0,0.2,0,-34.8,5.7,27.8,0.159611805,0.706472976,-0.137058626,0.675710318
403,1010532,1640800,0.985,0.04,-0.03,0,0.1,0,-35,5.8,27.7,0.159611805,0.706472976,-0.137058626,0.675710318
404,1012218,1640800,0.988,0.036,-0.026,-0.1,0,0,-35,5.8,27.7,0.159611805,0.706472976,-0.137058626,0.675710318
405,1015729,1640810,0.985,0.04,-0.034,-0.1,0,0,-35,5.8,27.7,0.159611805,0.706472976,-0.137058626,0.675710318
406,1017259,1640810,0.985,0.044,-0.034,-0.1,0,0,-35,5.8,27.7,0.159611805,0.706472976,-0.137058626,0.675710318
407,1020067,1640810,0.985,0.036,-0.03,0,0,0,-34.5,5.7,27.6,0.159642323,0.706472976,-0.137058626,0.675710318
408,1023144,1640810,0.988,0.036,-0.034,0,0,0,-34.5,5.7,27.6,0.159642323,0.706472976,-0.137058626,0.675710318
409,1024686,1640820,0.985,0.04,-0.03,0,0,0,-34.5,5.7,27.6,0.159642323,0.706472976,-0.137058626,0.675710318
410,1027858,1640820,0.985,0.044,-0.038,0,0.1,-0.1,-34.5,5.7,27.6,0.159642323,0.706472976,-0.137058626,0.675710318
411,1029658,1640820,0.985,0.036,-0.034,0,0.1,-0.1,-34.5,5.7,27.6,0.159642323,0.706472976,-0.137058626,0.675710318
412,1032503,1640820,0.988,0.036,-0.03,0,0.1,-0.1,-34.5,5.7,27.6,0.159642323,0.706472976,-0.137058626,0.675710318
413,1035645,1640830,0.985,0.04,-0.034,0,0.1,-0.1,-34.5,5.7,27.6,0.159642323,0.706472976,-0.137058626,0.675710318
414,1037279,1640830,0.985,0.04,-0.034,-0.1,0.1,-0.1,-34.5,5.7,27.6,0.159642323,0.706442457,-0.137058626,0.675710318
415,1039706,1640830,0.985,0.044,-0.034,0,0.1,0,-34.8,6.1,26.6,0.159642323,0.706442457,-0.137058626,0.675740837
416,1042626,1640830,0.985,0.044,-0.034,0,0.1,0,-34.8,6.1,26.6,0.159642323,0.706442457,-0.137058626,0.675740837
417,1044841,1640840,0.985,0.04,-0.038,0.1,0.1,0,-34.8,6.1,26.6,0.159642323,0.706442457,-0.137058626,0.675740837
418,1047912,1640840,0.988,0.04,-0.034,0,0.1,0,-34.8,6.1,26.6,0.159642323,0.706442457,-0.137058626,0.675740837
419,1049657,1640840,0.985,0.036,-0.03,0,0,0,-34.6,6.2,26.2,0.159642323,0.706442457,-0.137058626,0.675740837
420,1053167,1640840,0.988,0.036,-0.034,-0.1,-0.1,0,-34.6,6.2,26.2,0.159642323,0.706442457,-0.137058626,0.675740837
421,1054706,1640850,0.985,0.044,-0.03,-0.1,-0.2,0,-34.6,6.2,26.2,0.159642323,0.706442457,-0.137058626,0.675740837
422,1057746,1640850,0.985,0.04,-0.034,-0.1,-0.1,0,-34.6,6.2,26.2,0.159642323,0.706442457,-0.137058626,0.675740837
423,1060837,1640850,0.985,0.04,-0.038,0,0,0,-34.5,6.2,26.1,0.159642323,0.706442457,-0.137058626,0.675740837
424,1062430,1640850,0.981,0.04,-0.03,0,0,0,-34.5,6.2,26.1,0.159642323,0.706442457,-0.137058626,0.675740837
425,1064662,1640860,0.985,0.04,-0.038,0,-0.1,0,-34.5,6.2,26.1,0.159642323,0.706442457,-0.137058626,0.675740837
426,1067828,1640860,0.985,0.04,-0.03,0,-0.1,0,-34.5,6.2,26.1,0.159642323,0.706442457,-0.137058626,0.675740837
427,1070017,1640860,0.988,0.04,-0.034,0,-0.1,0,-34.1,6.3,25.8,0.159642323,0.706442457,-0.137058626,0.675740837
428,1072945,1640860,0.985,0.04,-0.03,0,-0.1,0,-34.1,6.3,25.8,0.159642323,0.706442457,-0.137058626,0.675740837
429,1074787,1640870,0.985,0.036,-0.038,0.1,0,0,-34.1,6.3,25.8,0.159642323,0.706442457,-0.137058626,0.675740837
430,1078180,1640870,0.985,0.036,-0.026,0.1,0,0,-34.1,6.3,25.8,0.159642323,0.706442457,-0.137058626,0.675740837
431,1079799,1640870,0.981,0.036,-0.034,0,0,0,-34.1,6.3,25.8,0.159642323,0.706442457,-0.137058626,0.675740837
432,1082945,1640870,0.981,0.04,-0.042,0,-0.1,0,-34.1,6.3,25.8,0.159642323,0.706442457,-0.137058626,0.675740837
433,1086000,1640880,0.988,0.04,-0.038,0,0,-0.1,-34.1,6.3,25.8,0.159642323,0.706442457,-0.137058626,0.675740837
434,1087348,1640880,0.985,0.04,-0.038,0,0,0,-34.1,6.3,25.8,0.159642323,0.706442457,-0.137058626,0.675740837
435,1090356,1640880,0.988,0.04,-0.038,0.1,0,0,-34.7,6,26.4,0.159611805,0.706472976,-0.137058626,0.675710318
436,1092154,1640880,0.988,0.04,-0.034,0.1,0,0,-34.7,6,26.4,0.159611805,0.706472976,-0.137058626,0.675710318
437,1095650,1640890,0.988,0.04,-0.034,0,0,0,-34.7,6,26.4,0.159611805,0.706472976,-0.137058626,0.675710318
438,1097128,1640890,0.985,0.04,-0.034,0,0,0,-34.7,6,26.4,0.159611805,0.706472976,-0.137058626,0.675710318
439,1100244,1640890,0.985,0.04,-0.03,0,-0.1,0,-34.9,5.6,26.6,0.159611805,0.706472976,-0.137058626,0.675710318
440,1103182,1640890,0.981,0.04,-0.038,0,0,0,-34.9,5.6,26.6,0.159611805,0.706472976,-0.137058626,0.6756798
441,1104729,1640900,0.985,0.044,-0.034,0,0,0,-34.9,5.6,26.6,0.159642323,0.706472976,-0.137058626,0.6756798
442,1107906,1640900,0.985,0.04,-0.042,0,0,0,-34.9,5.6,26.6,0.159642323,0.706472976,-0.137058626,0.6756798
443,1110706,1640900,0.988,0.04,-0.034,0,-0.1,-0.1,-34.8,5.1,26.8,0.159642323,0.706503494,-0.137058626,0.6756798
444,1112281,1640900,0.988,0.044,-0.034,0,-0.1,-0.1,-34.8,5.1,26.8,0.159642323,0.706503494,-0.137058626,0.6756798
445,1115265,1640910,0.988,0.04,-0.042,0,-0.1,0,-34.8,5.1,26.8,0.159642323,0.706503494,-0.137058626,0.6756798
446,1117153,1640910,0.985,0.04,-0.03,0,0,0,-34.8,5.1,26.8,0.159642323,0.706503494,-0.137058626,0.6756798
447,1120645,1640910,0.985,0.04,-0.034,0,0,0,-34.9,4.5,26.5,0.159642323,0.706503494,-0.137058626,0.6756798
448,1122306,1640910,0.985,0.036,-0.03,0,0,0,-34.9,4.5,26.5,0.159642323,0.706503494,-0.137058626,0.6756798
449,1125743,1640920,0.981,0.04,-0.034,0,0,0,-34.9,4.5,26.5,0.159642323,0.706503494,-0.137058626,0.6756798
450,1127349,1640920,0.985,0.04,-0.03,0,0,0,-34.9,4.5,26.5,0.159642323,0.706503494,-0.137058626,0.6756798
451,1129657,1640920,0.988,0.036,-0.034,0,0.1,0,-34.9,4.5,26.5,0.159642323,0.706503494,-0.137058626,0.6756798
452,1132301,1640920,0.988,0.04,-0.038,0.1,0.2,0,-34.9,4.5,26.5,0.159611805,0.706472976,-0.137058626,0.6756798
453,1135472,1640930,0.988,0.04,-0.03,0,0.2,0,-34.9,4.5,26.5,0.159611805,0.706472976,-0.137058626,0.675710318
454,1137203,1640930,0.985,0.036,-0.03,0,0.2,0,-34.9,4.5,26.5,0.159611805,0.706472976,-0.137058626,0.675710318
455,1139590,1640930,0.981,0.036,-0.038,0,0,0.1,-35.2,4.6,25.6,0.159611805,0.706472976,-0.137058626,0.675710318
456,1142367,1640930,0.985,0.04,-0.034,0,0,0.1,-35.2,4.6,25.6,0.159611805,0.706472976,-0.137058626,0.675710318
457,1145522,1640940,0.985,0.04,-0.03,0,-0.1,0,-35.2,4.6,25.6,0.159611805,0.706472976,-0.137058626,0.675710318
458,1147717,1640940,0.985,0.04,-0.03,0,0,0,-35.2,4.6,25.6,0.159611805,0.706472976,-0.137058626,0.675710318
459,1149983,1640940,0.985,0.036,-0.034,0,0,0,-35.2,4.5,25.5,0.159611805,0.706472976,-0.137058626,0.675710318
460,1152253,1640940,0.985,0.04,-0.034,0,0.1,0,-35.2,4.5,25.5,0.159611805,0.706472976,-0.137058626,0.675710318
461,1154718,1640950,0.985,0.04,-0.038,0,0.1,0,-35.2,4.5,25.5,0.159611805,0.706442457,-0.137058626,0.675710318
462,1158170,1640950,0.985,0.04,-0.034,0,0,0,-35.2,4.5,25.5,0.159611805,0.706442457,-0.137058626,0.675740837
463,1159679,1640950,0.988,0.044,-0.034,0,0,0,-35.2,5.1,25.6,0.159611805,0.706442457,-0.137058626,0.675710318
464,1162834,1640950,0.988,0.036,-0.034,0,-0.1,0,-35.2,5.1,25.6,0.159611805,0.706472976,-0.137058626,0.675710318
465,1164891,1640960,0.992,0.04,-0.034,0,-0.1,0,-35.2,5.1,25.6,0.159611805,0.706472976,-0.137058626,0.675710318
466,1167177,1640960,0.985,0.04,-0.03,0,0,0.1,-35.2,5.1,25.6,0.159611805,0.706472976,-0.137058626,0.675710318
467,1171121,1640960,0.985,0.04,-0.034,0,0,0.2,-35,5.1,25.8,0.159611805,0.706472976,-0.137058626,0.675710318
468,1173293,1640960,0.988,0.036,-0.034,0,0.1,0.1,-35,5.1,25.8,0.159611805,0.706472976,-0.137058626,0.675710318
469,1174886,1640970,0.988,0.04,-0.034,0,0,0,-35,5.1,25.8,0.159611805,0.706442457,-0.137058626,0.675710318
470,1177152,1640970,0.985,0.04,-0.034,0,0,0,-35,5.1,25.8,0.159611805,0.706442457,-0.137058626,0.675740837
471,1179714,1640970,0.985,0.036,-0.038,0,0.1,-0.1,-35,5.1,25.8,0.159611805,0.706442457,-0.137058626,0.675740837
472,1183101,1640970,0.985,0.036,-0.034,0,0.1,0,-35,5.1,25.8,0.159611805,0.706442457,-0.137058626,0.675740837
473,1184651,1640980,0.988,0.032,-0.038,0,0.1,0,-35,5.1,25.8,0.159611805,0.706442457,-0.137058626,0.675740837
474,1187874,1640980,0.985,0.036,-0.042,0,0.1,-0.1,-35,5.1,25.8,0.159611805,0.706442457,-0.137058626,0.675740837
475,1190171,1640980,0.985,0.04,-0.034,0,0.1,-0.1,-34.5,6.6,27,0.159581286,0.706472976,-0.137089145,0.675710318
476,1192433,1640980,0.985,0.04,-0.034,0,0.2,-0.1,-34.5,6.6,27,0.159581286,0.706472976,-0.137089145,0.675710318
477,1194756,1640990,0.988,0.044,-0.038,0,0.1,0,-34.5,6.6,27,0.159581286,0.706472976,-0.137089145,0.675710318
478,1197212,1640990,0.988,0.036,-0.034,0,0.1,0,-34.5,6.6,27,0.159581286,0.706472976,-0.137089145,0.675710318
479,1200694,1640990,0.985,0.04,-0.038,0,0.1,0,-35,7,26.9,0.159581286,0.706442457,-0.137089145,0.675740837
480,1202490,1640990,0.992,0.04,-0.03,0.1,0.1,0,-35,7,26.9,0.159581286,0.706442457,-0.137089145,0.675740837
481,1204855,1641000,0.988,0.04,-0.042,0.1,0,-0.1,-35,7,26.9,0.159581286,0.706442457,-0.137089145,0.675740837
482,1207463,1641000,0.988,0.04,-0.026,0.1,-0.1,-0.1,-35,7,26.9,0.159581286,0.706472976,-0.137089145,0.675740837
483,1210733,1641000,0.988,0.04,-0.03,0,-0.2,0,-34.8,7.3,27.1,0.159581286,0.706472976,-0.137089145,0.675710318
484,1212253,1641000,0.985,0.036,-0.034,0,-0.1,0,-34.8,7.3,27.1,0.159581286,0.706472976,-0.137089145,0.675710318
485,1214818,1641010,0.988,0.04,-0.034,0,0,0,-34.8,7.3,27.1,0.159581286,0.706472976,-0.137089145,0.675710318
486,1218249,1641010,0.985,0.04,-0.034,0,0.1,0,-34.8,7.3,27.1,0.159581286,0.706472976,-0.137089145,0.675710318
487,1219757,1641010,0.985,0.04,-0.038,0,0.2,0,-34.7,8,27.2,0.159581286,0.706472976,-0.137089145,0.675740837
488,1222837,1641010,0.988,0.04,-0.034,0,0.1,0,-34.7,8,27.2,0.159550768,0.706442457,-0.137089145,0.675740837
489,1225859,1641020,0.985,0.04,-0.034,0,0.1,0,-34.7,8,27.2,0.159581286,0.706442457,-0.137089145,0.675740837
490,1227374,1641020,0.981,0.04,-0.038,0,0,0,-34.7,8,27.2,0.159581286,0.706442457,-0.137089145,0.675740837
491,1229704,1641020,0.985,0.036,-0.038,0,0,0,-34.7,8,27.2,0.159581286,0.706442457,-0.137089145,0.675740837
492,1232135,1641020,0.988,0.036,-0.034,0,0,0,-34.7,8,27.2,0.159550768,0.706442457,-0.137089145,0.675740837
493,1235634,1641030,0.988,0.04,-0.034,0,0,0,-34.7,8,27.2,0.159550768,0.706442457,-0.137089145,0.675740837
494,1237179,1641030,0.992,0.04,-0.034,0,0,0,-34.7,8,27.2,0.159550768,0.706442457,-0.137089145,0.675740837
495,1239691,1641030,0.988,0.036,-0.034,0,0,0,-34.8,5.7,26.7,0.159550768,0.706442457,-0.137089145,0.675740837
496,1243161,1641030,0.985,0.04,-0.038,0,0,0,-34.8,5.7,26.7,0.159550768,0.706442457,-0.137089145,0.675740837
497,1244680,1641040,0.985,0.04,-0.03,0,0.1,0,-34.8,5.7,26.7,0.159550768,0.706442457,-0.137089145,0.675740837
498,1247185,1641040,0.985,0.036,-0.03,0,0,0,-34.8,5.7,26.7,0.159550768,0.706442457,-0.137089145,0.675740837
499,1250652,1641040,0.985,0.04,-0.038,0,0,-0.1,-34.8,5.7,26.7,0.159550768,0.706442457,-0.137089145,0.675740837
500,1252172,1641040,0.981,0.032,-0.034,0,0,0,-34.8,5.7,26.7,0.159550768,0.706442457,-0.137089145,0.675740837
501,1254639,1641050,0.985,0.036,-0.038,0,0,0,-34.8,5.7,26.7,0.159550768,0.706442457,-0.137089145,0.675740837
502,1258139,1641050,0.985,0.036,-0.03,0.1,0,0,-34.8,5.7,26.7,0.159550768,0.706442457,-0.137089145,0.675740837
503,1259588,1641050,0.985,0.04,-0.034,0.1,-0.1,-0.1,-34.8,5.7,26.7,0.159550768,0.706472976,-0.137089145,0.675740837
504,1262687,1641050,0.981,0.036,-0.038,0,0,-0.1,-34.8,5.7,26.7,0.159550768,0.706472976,-0.137089145,0.675740837
505,1265653,1641060,0.985,0.044,-0.038,0,0,0,-34.8,5.7,26.7,0.159550768,0.706472976,-0.137089145,0.675740837
506,1267175,1641060,0.988,0.04,-0.034,0,0,0,-34.8,5.7,26.7,0.159550768,0.706472976,-0.137089145,0.675740837
507,1269627,1641060,0.981,0.04,-0.034,0,0,-0.1,-34.8,5.7,26.7,0.159550768,0.706472976,-0.137089145,0.675740837
508,1273136,1641060,0.988,0.04,-0.034,0,0,-0.1,-34.8,5.7,26.7,0.159550768,0.706472976,-0.137089145,0.675740837
509,1274682,1641070,0.985,0.04,-0.038,0.1,0,-0.1,-34.8,5.7,26.7,0.159550768,0.706472976,-0.137089145,0.675740837
510,1277219,1641070,0.985,0.04,-0.034,0.1,-0.1,0,-34.8,5.7,26.7,0.159550768,0.706472976,-0.137089145,0.675740837
511,1280578,1641070,0.985,0.04,-0.034,0,-0.2,0,-34.8,5.7,26.7,0.159550768,0.706472976,-0.137089145,0.675710318
512,1282192,1641070,0.985,0.04,-0.038,0,-0.2,0,-34.8,5.7,26.7,0.159550768,0.706472976,-0.137089145,0.675710318
513,1284612,1641080,0.988,0.04,-0.034,0,-0.1,0,-34.8,5.7,26.7,0.159550768,0.706472976,-0.137089145,0.675710318
514,1288047,1641080,0.985,0.04,-0.038,0,-0.1,-0.1,-34.8,5.7,26.7,0.159550768,0.706472976,-0.137089145,0.675710318
515,1289830,1641080,0.988,0.044,-0.034,0,0,-0.1,-33.7,4.9,27,0.159581286,0.706503494,-0.137058626,0.675710318
516,1292156,1641080,0.985,0.04,-0.034,0,0,0,-33.7,4.9,27,0.159581286,0.706503494,-0.137058626,0.675710318
517,1295649,1641090,0.985,0.04,-0.042,0,0,0,-33.7,4.9,27,0.159581286,0.706503494,-0.137058626,0.675710318
518,1297909,1641090,0.985,0.036,-0.042,0,0,0,-33.7,4.9,27,0.159581286,0.706472976,-0.137058626,0.675710318
519,1300150,1641090,0.988,0.032,-0.034,0,0.1,0,-33.7,4.9,27,0.159581286,0.706472976,-0.137058626,0.675710318
520,1302304,1641090,0.985,0.04,-0.034,-0.1,0.1,0,-33.7,4.9,27,0.159581286,0.706472976,-0.137058626,0.675710318
521,1304858,1641100,0.988,0.04,-0.038,-0.1,0.1,-0.1,-33.7,4.9,27,0.159581286,0.706472976,-0.137058626,0.675710318
522,1307114,1641100,0.988,0.04,-0.034,-0.1,0,0,-33.7,4.9,27,0.159581286,0.706472976,-0.137089145,0.675710318
523,1310635,1641100,0.988,0.04,-0.034,0,0,0,-33.7,4.9,27,0.159581286,0.706472976,-0.137089145,0.675710318
524,1312187,1641100,0.985,0.04,-0.038,0,0,0,-33.7,4.9,27,0.159581286,0.706472976,-0.137089145,0.675710318
525,1314845,1641110,0.988,0.04,-0.034,0,0,0,-33.7,4.9,27,0.159581286,0.706472976,-0.137089145,0.675710318
526,1318174,1641110,0.985,0.036,-0.038,0.1,0.1,0,-33.7,4.9,27,0.159581286,0.706472976,-0.137089145,0.675710318
527,1319705,1641110,0.985,0.04,-0.034,0.1,0.1,0,-33.7,4.9,27,0.159581286,0.706472976,-0.137058626,0.675710318
528,1322303,1641110,0.985,0.036,-0.038,0,0.1,0,-33.7,4.9,27,0.159581286,0.706472976,-0.137058626,0.675710318
529,1325454,1641120,0.985,0.036,-0.034,0,0.1,0,-33.7,4.9,27,0.159581286,0.706472976,-0.137058626,0.675710318
530,1327121,1641120,0.988,0.036,-0.042,0,0,0,-33.7,4.9,27,0.159581286,0.706472976,-0.137058626,0.675710318
531,1330746,1641120,0.985,0.044,-0.034,0,0,0,-33.7,4.9,27,0.159581286,0.706472976,-0.137089145,0.675710318
532,1332408,1641120,0.985,0.04,-0.034,0,0,0,-33.7,4.9,27,0.159581286,0.706472976,-0.137089145,0.675710318
533,1335589,1641130,0.988,0.04,-0.038,0,0,0,-33.7,4.9,27,0.159581286,0.706472976,-0.137089145,0.675710318
534,1337223,1641130,0.985,0.04,-0.034,0,0.1,0,-33.7,4.9,27,0.159581286,0.706472976,-0.137089145,0.675710318
535,1340872,1641130,0.988,0.036,-0.03,0,0.2,-0.1,-34.3,6.2,27,0.159611805,0.706472976,-0.137058626,0.675710318
536,1342609,1641130,0.988,0.036,-0.03,0,0.1,0,-34.3,6.2,27,0.159611805,0.706472976,-0.137058626,0.675710318
537,1344855,1641140,0.988,0.036,-0.038,0,0,0,-34.3,6.2,27,0.159611805,0.706472976,-0.137058626,0.675710318
538,1347584,1641140,0.985,0.044,-0.038,0,0,0,-34.3,6.2,27,0.159611805,0.706472976,-0.137058626,0.675710318
539,1350614,1641140,0.985,0.04,-0.034,0,0,0,-34.3,6.2,27,0.159611805,0.706472976,-0.137058626,0.675710318
540,1352108,1641140,0.985,0.04,-0.026,0,0.1,0,-34.3,6.2,27,0.159611805,0.706472976,-0.137058626,0.675710318
541,1355169,1641150,0.985,0.04,-0.03,0.1,0.1,0,-34.3,6.2,27,0.159611805,0.706472976,-0.137058626,0.675710318
542,1357231,1641150,0.985,0.044,-0.034,0,0.1,0,-34.3,6.2,27,0.159611805,0.706472976,-0.137058626,0.675710318
543,1361269,1641150,0.992,0.036,-0.03,0,0.1,0,-34.3,6.2,27,0.159611805,0.706472976,-0.137058626,0.675740837
544,1363354,1641150,0.985,0.04,-0.03,0,0.2,0,-34.3,6.2,27,0.159611805,0.706442457,-0.137058626,0.675740837
545,1365510,1641160,0.985,0.036,-0.03,0,0.2,0,-34.3,6.2,27,0.159611805,0.706442457,-0.137058626,0.675740837
546,1367495,1641160,0.985,0.04,-0.03,0,0.1,0,-34.3,6.2,27,0.159611805,0.706442457,-0.137058626,0.675740837
547,1369822,1641160,0.985,0.04,-0.03,0,0.1,0,-34.2,6.2,26.9,0.159611805,0.706442457,-0.137058626,0.675740837
548,1372051,1641160,0.981,0.04,-0.034,0,0.1,0,-34.2,6.2,26.9,0.159611805,0.706442457,-0.137058626,0.675740837
549,1375846,1641170,0.985,0.036,-0.038,0,0,0,-34.2,6.2,26.9,0.159611805,0.706442457,-0.137028108,0.675740837
550,1377507,1641170,0.985,0.04,-0.038,0,0,0,-34.2,6.2,26.9,0.159611805,0.706442457,-0.137028108,0.675740837
551,1379875,1641170,0.988,0.044,-0.034,0,0,0,-34.2,6.2,26.9,0.159611805,0.706442457,-0.137028108,0.675740837
552,1382083,1641170,0.985,0.036,-0.03,0,0,0,-34.2,6.2,26.9,0.159611805,0.706442457,-0.137028108,0.675740837
553,1384872,1641180,0.988,0.036,-0.038,0,0,0,-34.2,6.2,26.9,0.159611805,0.706442457,-0.137028108,0.675740837
554,1388502,1641180,0.985,0.04,-0.038,0,-0.1,0,-34.2,6.2,26.9,0.159611805,0.706442457,-0.137028108,0.675740837
555,1390932,1641180,0.988,0.044,-0.034,0,-0.1,0,-35.4,6,27,0.159611805,0.706442457,-0.137028108,0.675740837
556,1392448,1641180,0.985,0.036,-0.034,0,0,0,-35.4,6,27,0.159611805,0.706442457,-0.137028108,0.675740837
557,1394649,1641190,0.988,0.04,-0.034,0,0,0,-35.4,6,27,0.159611805,0.706442457,-0.137058626,0.675740837
558,1398663,1641190,0.985,0.04,-0.034,0,0,0,-35.4,6,27,0.159611805,0.706442457,-0.137058626,0.675740837
559,1400958,1641190,0.985,0.036,-0.03,0,0,0,-34.5,6,26.9,0.159611805,0.706442457,-0.137058626,0.675740837
560,1403241,1641190,0.985,0.04,-0.038,0,0,0,-34.5,6,26.9,0.159611805,0.706442457,-0.137058626,0.675740837
561,1405456,1641200,0.981,0.036,-0.038,0,0,0,-34.5,6,26.9,0.159611805,0.706442457,-0.137058626,0.675740837
562,1407683,1641200,0.985,0.036,-0.034,0,0,0,-34.5,6,26.9,0.159611805,0.706442457,-0.137058626,0.675740837
563,1410086,1641200,0.988,0.04,-0.034,0,0,0,-34,6.3,27,0.159611805,0.706442457,-0.137058626,0.675740837
564,1412242,1641200,0.985,0.04,-0.034,0,0,0,-34,6.3,27,0.159611805,0.706442457,-0.137058626,0.675740837
565,1416008,1641210,0.981,0.036,-0.038,0,0,0,-34,6.3,27,0.159611805,0.706442457,-0.137058626,0.675740837
566,1417615,1641210,0.992,0.04,-0.034,0,0.1,0.1,-34,6.3,27,0.159611805,0.706442457,-0.137058626,0.675740837
567,1419856,1641210,0.981,0.04,-0.038,-0.1,0.1,0,-34.7,6.2,26.9,0.159611805,0.706442457,-0.137058626,0.675740837
568,1422111,1641210,0.985,0.04,-0.034,0,0.2,0,-34.7,6.2,26.9,0.159611805,0.706442457,-0.137058626,0.675740837
569,1425553,1641220,0.988,0.04,-0.034,0,0.2,0,-34.7,6.2,26.9,0.159611805,0.706442457,-0.137058626,0.675740837
570,1427177,1641220,0.981,0.04,-0.034,0,0.1,0,-34.7,6.2,26.9,0.159611805,0.706442457,-0.137058626,0.675740837
571,1429948,1641220,0.985,0.04,-0.038,0,0,0,-34.3,6.1,27.1,0.159611805,0.706442457,-0.137058626,0.675740837
572,1433113,1641220,0.985,0.036,-0.038,0,0,0,-34.3,6.1,27.1,0.159611805,0.706442457,-0.137058626,0.675740837
573,1435351,1641230,0.981,0.04,-0.038,0,0,0,-34.3,6.1,27.1,0.159611805,0.706442457,-0.137058626,0.675740837
574,1437666,1641230,0.985,0.04,-0.034,0,0,0,-34.3,6.1,27.1,0.159611805,0.706442457,-0.137058626,0.675740837
575,1439675,1641230,0.985,0.04,-0.034,0,-0.1,0,-36.2,5.9,26.7,0.159611805,0.706472976,-0.137058626,0.675710318
576,1442793,1641230,0.985,0.04,-0.034,0,-0.1,0,-36.2,5.9,26.7,0.159611805,0.706472976,-0.137058626,0.675710318
577,1445789,1641240,0.988,0.04,-0.034,0,-0.1,0,-36.2,5.9,26.7,0.159611805,0.706472976,-0.137058626,0.675710318
578,1447335,1641240,0.985,0.04,-0.026,0,0,0,-36.2,5.9,26.7,0.159611805,0.706472976,-0.137058626,0.675710318
579,1450803,1641240,0.985,0.044,-0.034,0,0,0,-33.7,6.2,26.7,0.159611805,0.706472976,-0.137058626,0.675710318
580,1452352,1641240,0.981,0.036,-0.03,0,0,0,-33.7,6.2,26.7,0.159611805,0.706472976,-0.137058626,0.675710318
581,1455310,1641250,0.985,0.036,-0.034,0,0,0,-33.7,6.2,26.7,0.159611805,0.706472976,-0.137058626,0.675710318
582,1457039,1641250,0.981,0.036,-0.034,0,0,0.1,-33.7,6.2,26.7,0.159611805,0.706472976,-0.137058626,0.675710318
583,1460374,1641250,0.981,0.04,-0.034,0,0,0,-33.2,6,26.7,0.159611805,0.706472976,-0.137058626,0.675710318
584,1462331,1641250,0.985,0.032,-0.034,0,0.1,0,-33.2,6,26.7,0.159611805,0.706472976,-0.137058626,0.675740837
585,1465631,1641260,0.981,0.04,-0.03,0,0,0,-33.2,6,26.7,0.159611805,0.706472976,-0.137058626,0.675740837
586,1467202,1641260,0.988,0.04,-0.038,0,0,-0.1,-33.2,6,26.7,0.159611805,0.706472976,-0.137058626,0.675710318
587,1469551,1641260,0.988,0.044,-0.03,0,0,-0.1,-33.4,6.9,27,0.159611805,0.706472976,-0.137058626,0.675710318
588,1472439,1641260,0.988,0.036,-0.034,0,0,0,-33.4,6.9,27,0.159611805,0.706472976,-0.137058626,0.675710318
589,1475503,1641270,0.981,0.044,-0.034,0,0,0,-33.4,6.9,27,0.159611805,0.706472976,-0.137058626,0.675710318
590,1477104,1641270,0.985,0.04,-0.03,0,0.1,0,-33.4,6.9,27,0.159611805,0.706442457,-0.137058626,0.675710318
591,1479969,1641270,0.985,0.036,-0.03,-0.1,0,0,-33.3,6.3,27,0.159611805,0.706442457,-0.137058626,0.675710318
592,1483822,1641270,0.985,0.036,-0.03,-0.1,0,0,-33.3,6.3,27,0.159642323,0.706442457,-0.137058626,0.675710318
593,1485359,1641280,0.988,0.04,-0.03,0,-0.1,0,-33.3,6.3,27,0.159642323,0.706472976,-0.137058626,0.675710318
594,1487572,1641280,0.988,0.044,-0.034,0,-0.1,0,-33.3,6.3,27,0.159642323,0.706472976,-0.137058626,0.675710318
595,1490653,1641280,0.985,0.036,-0.034,0,-0.1,0,-34.8,6,27,0.159642323,0.706442457,-0.137058626,0.675740837
596,1492084,1641280,0.985,0.036,-0.034,0,-0.1,0.1,-34.8,6,27,0.159642323,0.706442457,-0.137058626,0.675740837
597,1494990,1641290,0.988,0.036,-0.038,0,0,0.2,-34.8,6,27,0.159642323,0.706442457,-0.137058626,0.675740837
598,1498079,1641290,0.988,0.044,-0.034,-0.1,0,0.1,-34.8,6,27,0.159642323,0.706442457,-0.137058626,0.675740837
599,1499755,1641290,0.988,0.036,-0.038,0,-0.1,0,-34.7,6.1,27,0.159642323,0.706442457,-0.137058626,0.675740837
600,1503367,1641290,0.985,0.04,-0.034,0,-0.1,0,-34.7,6.1,27,0.159642323,0.706442457,-0.137058626,0.675740837
601,1504763,1641300,0.981,0.036,-0.03,0,-0.1,0,-34.7,6.1,27,0.159642323,0.706442457,-0.137058626,0.675740837
602,1507862,1641300,0.985,0.04,-0.034,0,-0.1,0,-34.7,6.1,27,0.159642323,0.706442457,-0.137058626,0.675740837
603,1510009,1641300,0.985,0.04,-0.038,0,-0.1,-0.2,-34.6,6.2,26.7,0.159642323,0.706442457,-0.137058626,0.675740837
604,1513459,1641300,0.985,0.04,-0.034,0.1,-0.1,-0.2,-34.6,6.2,26.7,0.159642323,0.706442457,-0.137058626,0.675740837
605,1515814,1641310,0.988,0.036,-0.034,0.1,-0.1,-0.2,-34.6,6.2,26.7,0.159642323,0.706442457,-0.137058626,0.675740837
606,1517280,1641310,0.988,0.04,-0.034,0.1,-0.1,0,-34.6,6.2,26.7,0.159642323,0.706442457,-0.137058626,0.675740837
607,1521225,1641310,0.985,0.04,-0.034,0.1,-0.1,0,-34.6,6,27.3,0.159642323,0.706442457,-0.137058626,0.675740837
608,1523533,1641310,0.985,0.036,-0.03,0,-0.1,0,-34.6,6,27.3,0.159642323,0.706442457,-0.137058626,0.675710318
609,1525700,1641320,0.985,0.04,-0.034,0.1,0,0,-34.6,6,27.3,0.159611805,0.706442457,-0.137058626,0.675740837
610,1527833,1641320,0.985,0.04,-0.038,0.1,0,0,-34.6,6,27.3,0.159611805,0.706442457,-0.137028108,0.675740837
611,1529726,1641320,0.985,0.04,-0.034,0.1,0,0,-34.7,6.4,27.5,0.159611805,0.706472976,-0.137028108,0.675710318
612,1533077,1641320,0.985,0.036,-0.038,0,0,0,-34.7,6.4,27.5,0.159611805,0.706472976,-0.137028108,0.675710318
613,1534742,1641330,0.988,0.04,-0.038,0,0,0,-34.7,6.4,27.5,0.159611805,0.706472976,-0.137028108,0.675710318
614,1537713,1641330,0.981,0.04,-0.038,0.1,0,0,-34.7,6.4,27.5,0.159611805,0.706472976,-0.137028108,0.675710318
615,1539720,1641330,0.985,0.04,-0.034,0.1,0,0,-34.9,6,26.3,0.159611805,0.706472976,-0.137028108,0.675710318
616,1544032,1641330,0.985,0.04,-0.034,0.1,0,0,-34.9,6,26.3,0.159611805,0.706472976,-0.137028108,0.675710318
617,1546112,1641340,0.988,0.04,-0.034,0,0,0,-34.9,6,26.3,0.159611805,0.706472976,-0.137028108,0.675710318
618,1547752,1641340,0.988,0.04,-0.034,0,0,0,-34.9,6,26.3,0.159611805,0.706472976,-0.137028108,0.675710318
619,1549912,1641340,0.985,0.044,-0.038,0,0,0,-34.4,6.2,27.8,0.159611805,0.706472976,-0.137028108,0.675710318
620,1552108,1641340,0.985,0.044,-0.034,0,0,0,-34.4,6.2,27.8,0.159611805,0.706472976,-0.137028108,0.675710318
621,1555646,1641350,0.988,0.032,-0.03,0,0,0,-34.4,6.2,27.8,0.159611805,0.706472976,-0.137028108,0.675710318
622,1558047,1641350,0.985,0.04,-0.038,0,0,0,-34.4,6.2,27.8,0.159611805,0.706472976,-0.137028108,0.675710318
623,1560270,1641350,0.985,0.04,-0.038,0.1,0.1,0,-34.5,5.7,28.7,0.159611805,0.706472976,-0.137028108,0.675710318
624,1562399,1641350,0.985,0.04,-0.03,0.1,0.1,0,-34.5,5.7,28.7,0.159611805,0.706472976,-0.137028108,0.675710318
625,1565863,1641360,0.985,0.04,-0.034,0.1,0.1,0,-34.5,5.7,28.7,0.159611805,0.706472976,-0.137028108,0.675710318
626,1567506,1641360,0.985,0.036,-0.03,0,0,0,-34.5,5.7,28.7,0.159611805,0.706472976,-0.137028108,0.675710318
627,1570508,1641360,0.988,0.036,-0.038,0,0,0,-34.3,6.2,28.8,0.159611805,0.706472976,-0.137028108,0.675710318
628,1572234,1641360,0.988,0.04,-0.038,0,0,0,-34.3,6.2,28.8,0.159611805,0.706472976,-0.137028108,0.675710318
629,1575402,1641370,0.985,0.04,-0.034,0,0,0,-34.3,6.2,28.8,0.159611805,0.706472976,-0.137028108,0.675710318
630,1577158,1641370,0.988,0.04,-0.038,0,0,0,-34.3,6.2,28.8,0.159611805,0.706472976,-0.137028108,0.675710318
631,1580010,1641370,0.988,0.04,-0.034,-0.1,0,0,-34.4,5.9,28.9,0.159611805,0.706472976,-0.137028108,0.675710318
632,1582424,1641370,0.985,0.036,-0.034,-0.1,0,0,-34.4,5.9,28.9,0.159611805,0.706472976,-0.137058626,0.675710318
633,1584641,1641380,0.981,0.04,-0.045,-0.1,0,0,-34.4,5.9,28.9,0.159611805,0.706472976,-0.137058626,0.675710318
634,1587545,1641380,0.985,0.04,-0.034,-0.1,0,0,-34.4,5.9,28.9,0.159611805,0.706472976,-0.137058626,0.675710318
635,1590543,1641380,0.981,0.044,-0.03,0,0,0,-34.6,6.1,25,0.159611805,0.706503494,-0.137058626,0.6756798
636,1592262,1641380,0.988,0.04,-0.034,-0.1,0,0,-34.6,6.1,25,0.159611805,0.706503494,-0.137058626,0.6756798
637,1595963,1641390,0.988,0.04,-0.03,0,0,0,-34.6,6.1,25,0.159611805,0.706503494,-0.137058626,0.6756798
638,1597881,1641390,0.988,0.04,-0.034,0,0,0,-34.6,6.1,25,0.159611805,0.706503494,-0.137058626,0.6756798
639,1599641,1641390,0.988,0.036,-0.034,0,0,0,-34.9,6.1,26.6,0.159611805,0.706503494,-0.137058626,0.6756798
640,1603240,1641390,0.985,0.04,-0.034,0,-0.1,0,-34.9,6.1,26.6,0.159611805,0.706503494,-0.137058626,0.6756798
641,1604927,1641400,0.985,0.04,-0.038,0,-0.2,0,-34.9,6.1,26.6,0.159611805,0.706503494,-0.137058626,0.6756798
642,1607206,1641400,0.985,0.04,-0.03,0,-0.1,0,-34.9,6.1,26.6,0.159611805,0.706503494,-0.137058626,0.6756798
643,1610363,1641400,0.397,-0.02,0,0.1,-0.1,0,-34.8,5.8,26.7,0.159611805,0.706503494,-0.137058626,0.6756798
644,1613455,1641400,-2.826,-0.339,-0.092,-1.2,7.3,-0.5,-34.8,5.8,26.7,0.159672842,0.70638142,-0.137028108,0.675771355
645,1615646,1641410,1.201,-0.56,-6.21,-2.6,70.2,-6.9,-34.8,5.8,26.7,0.160008545,0.70537431,-0.136722922,0.676839503
646,1617224,1641410,-1.671,1.459,-6.888,8.3,191.6,-21.6,-34.8,5.8,26.7,0.160771508,0.702627644,-0.135593738,0.679738762
647,1619913,1641410,3.009,2.451,-8.085,39.2,279,-39.6,-34.9,6,25.3,0.161595508,0.698721274,-0.133426923,0.683980834
648,1622325,1641410,4.758,2.845,-7.859,76.8,221,-48.3,-34.9,6,25.3,0.161778619,0.695822016,-0.130771813,0.687368389
649,1625446,1641420,7.128,-0.571,7.835,69.3,35.3,-41.2,-34.9,6,25.3,0.161442915,0.695669424,-0.128971221,0.687978759
650,1627680,1641420,5.413,-5.374,4.804,-5.9,-128.3,-18.7,-34.9,6,25.3,0.161442915,0.697622608,-0.129215369,0.685934019
651,1629941,1641420,-0.383,1.014,6.086,-77.7,-131,4.2,-35.9,6.6,24.9,0.162205878,0.699301126,-0.130924406,0.683736686
652,1632089,1641420,-3.045,3.105,8.147,-90.5,1.3,17.9,-35.9,6.6,24.9,0.163304544,0.698904386,-0.132541887,0.683553575
653,1634769,1641430,0.418,-3.508,6.312,-56.8,127.6,19.6,-35.9,6.6,24.9,0.164250618,0.696737571,-0.133243812,0.685415204
654,1637952,1641430,1.07,-0.261,6.361,-27.4,143.3,14.2,-35.9,6.6,24.9,0.164891507,0.694448683,-0.133335368,0.6875515
655,1640954,1641430,-2.229,-1.227,-0.618,-15,78.7,6,-36.6,6.6,27.3,0.165257729,0.693197424,-0.133365886,0.688711203
656,1643230,1641430,-2.229,-1.227,-0.618,-15,78.7,6,-36.6,6.6,27.3,0.165623951,0.691946165,-0.133396405,0.689901425
657,1645441,1641440,-0.365,-0.112,-1.738,0.3,26.7,-3,-36.6,6.6,27.3,0.165746025,0.691549425,-0.133274331,0.690298166
658,1647310,1641440,0.498,-0.119,-1.742,11.4,5.5,-8.9,-36.6,6.6,27.3,0.165715506,0.691518906,-0.132938627,0.690359203
659,1651358,1641440,0.525,-0.997,-1.368,13.3,-15.8,-8.5,-36.2,7.1,26.8,0.165593432,0.691824091,-0.132663961,0.690145573
660,1653029,1641440,0.465,-0.864,-0.262,9.3,-40.6,-3.3,-36.2,7.1,26.8,0.165379803,0.692495499,-0.132602924,0.689535203
661,1655074,1641450,0.798,-0.193,0.113,0.4,-46.8,3.5,-36.2,7.1,26.8,0.165196692,0.693197424,-0.132816553,0.688833277
662,1658187,1641450,1.083,-0.253,0.891,-6,-30.8,8.6,-36.2,7.1,26.8,0.165074618,0.693594165,-0.133152257,0.688406018
663,1659585,1641450,1.266,-0.345,0.851,-4.6,-11.6,10,-36,7,27.2,0.164952544,0.693746757,-0.133426923,0.688222907
664,1662641,1641450,1.009,0.419,0.159,1.5,-3.1,8.1,-36,7,27.2,0.164799951,0.693777276,-0.133548997,0.688222907
665,1665803,1641460,0.857,0.377,0.246,7.6,-1.2,4.7,-36,7,27.2,0.16461684,0.693807794,-0.13348796,0.688253426
666,1668041,1641460,1.071,0.473,-0.026,12.7,1.2,1.2,-36,7,27.2,0.164403211,0.693807794,-0.133335368,0.688314463
667,1669626,1641460,1.478,0.357,-0.83,15.6,2.4,-1.2,-35.9,6.8,27.1,0.164189581,0.693838313,-0.133030183,0.6883755
668,1673208,1641460,1.201,0.269,-0.888,13.5,-0.9,-2.3,-35.9,6.8,27.1,0.16400647,0.69389935,-0.132816553,0.688406018
669,1674746,1641470,1.112,0.341,-0.905,7.8,-6,-2.2,-35.9,6.8,27.1,0.163914914,0.694021424,-0.132694479,0.688314463
670,1678470,1641470,1.12,0.227,-0.677,1.8,-6.7,-1.6,-35.9,6.8,27.1,0.163884396,0.694143498,-0.132663961,0.688222907
671,1680023,1641470,1.423,-0.102,-0.604,-2.8,-4,-0.7,-36.2,6.5,27.4,0.163914914,0.694204535,-0.132724998,0.68816187
672,1682110,1641470,1.455,0.012,-0.413,-5.1,-4,0.1,-36.2,6.5,27.4,0.16400647,0.694235054,-0.132816553,0.688070315
673,1685392,1641480,1.357,0.036,-0.426,-4.6,-7.1,0.8,-36.2,6.5,27.4,0.164036988,0.694326609,-0.132908109,0.687948241
674,1687080,1641480,1.082,0.24,-0.269,-1.5,-8.5,1.3,-36.2,6.5,27.4,0.16400647,0.694448683,-0.132999664,0.687826167
675,1690431,1641480,0.981,0.328,-0.046,6.8,1.8,1.3,-36.1,7.1,28.5,0.163884396,0.694448683,-0.132908109,0.687887204
676,1692243,1641480,0.907,0.234,0.081,6.8,1.8,1.3,-36.1,7.1,28.5,0.163762322,0.694448683,-0.132816553,0.687917722
677,1694657,1641490,0.849,0.133,0.189,7.5,7.4,1,-36.1,7.1,28.5,0.163670766,0.694357128,-0.132694479,0.688070315
678,1698098,1641490,0.83,0.058,0.346,5.3,9.8,0.9,-36.1,7.1,28.5,0.163609729,0.694204535,-0.132602924,0.688222907
679,1699821,1641490,0.876,-0.047,0.345,1.7,9.1,0.6,-36.2,5.2,26.6,0.163579211,0.694082461,-0.132541887,0.6883755
680,1702256,1641490,0.95,-0.032,0.429,-1.3,6.3,0.3,-36.2,5.2,26.6,0.163609729,0.693990905,-0.132541887,0.688467055
681,1706313,1641500,1.11,0.06,0.463,-2.7,2.4,0,-36.2,5.2,26.6,0.163670766,0.693929868,-0.132572405,0.688467055
682,1708828,1641500,1.125,0.06,0.341,-2.6,-1.5,-0.3,-36.2,5.2,26.6,0.163701285,0.693960387,-0.132602924,0.688467055
683,1710867,1641500,1.086,0.119,0.228,-1.5,-4,-0.4,-36.3,4.4,26.6,0.163731803,0.694021424,-0.132633442,0.688406018
684,1712345,1641500,1.02,0.131,0.105,-0.3,-4.1,-0.6,-36.3,4.4,26.6,0.163731803,0.694082461,-0.132663961,0.688344981
685,1715576,1641510,0.926,-0.006,-0.142,0.7,-1.8,-0.7,-36.3,4.4,26.6,0.163731803,0.69411298,-0.132633442,0.688314463
686,1717359,1641510,0.91,-0.013,-0.118,1,1.1,-0.5,-36.3,4.4,26.6,0.163731803,0.694082461,-0.132602924,0.688314463
687,1719976,1641510,0.907,-0.009,-0.016,0.4,2.9,-0.3,-36,4.6,26.7,0.163731803,0.694051943,-0.132602924,0.6883755
688,1723341,1641510,0.977,0.005,0.016,-0.4,2.5,-0.1,-36,4.6,26.7,0.163731803,0.694021424,-0.132572405,0.688406018
689,1725391,1641520,0.992,0.005,-0.034,-0.6,0.6,0,-36,4.6,26.7,0.163762322,0.693990905,-0.132602924,0.688406018
690,1727735,1641520,0.992,0.036,-0.089,-0.3,-1.4,0.2,-36,4.6,26.7,0.163762322,0.694021424,-0.132602924,0.688406018
691,1729951,1641520,0.992,0.083,-0.128,0.3,-2.3,0.3,-36.5,4.5,26.8,0.163731803,0.694051943,-0.132633442,0.6883755
692,1732209,1641520,0.992,0.044,-0.14,1.2,-1.8,0.3,-36.5,4.5,26.8,0.163701285,0.694082461,-0.132602924,0.688344981
693,1736033,1641530,0.992,0.052,-0.046,1.8,-0.7,0.4,-36.5,4.5,26.8,0.163670766,0.69411298,-0.132602924,0.688344981
694,1738237,1641530,0.996,0.08,0.031,1.9,-0.2,0.3,-36.5,4.5,26.8,0.163640248,0.69411298,-0.132572405,0.688344981
695,1740479,1641530,0.989,0.06,0.079,1.2,-0.1,0.2,-35.8,8.1,28,0.163609729,0.69411298,-0.132572405,0.688344981
696,1742688,1641530,0.977,0.056,0.063,1.2,-0.1,0.2,-35.8,8.1,28,0.163579211,0.69411298,-0.132541887,0.688344981
697,1744873,1641540,0.977,0.048,0.024,0.8,0,0.1,-35.8,8.1,28,0.163579211,0.69411298,-0.132541887,0.688344981
698,1749028,1641540,0.977,0.037,0.009,0.5,0.4,0,-35.8,8.1,28,0.163548692,0.69411298,-0.132511368,0.688344981
699,1749903,1641540,0.981,0.056,-0.081,0.3,0.6,-0.1,-35.8,6.1,27.2,0.163548692,0.69411298,-0.132511368,0.6883755
700,1752310,1641540,0.977,0.048,-0.065,0.2,0.5,-0.1,-35.8,6.1,27.2,0.163548692,0.69411298,-0.132511368,0.6883755
701,1755090,1641550,0.981,0.04,-0.061,0.2,0.3,-0.2,-35.8,6.1,27.2,0.163548692,0.69411298,-0.132511368,0.6883755
702,1757963,1641550,1,0.052,-0.023,0.2,0,-0.2,-35.8,6.1,27.2,0.163548692,0.69411298,-0.13248085,0.6883755
703,1760150,1641550,0.996,0.04,-0.019,0.1,-0.4,-0.2,-35.9,6.5,27.3,0.163548692,0.69411298,-0.13248085,0.6883755
704,1762450,1641550,0.988,0.032,-0.022,0,-0.7,0,-35.9,6.5,27.3,0.163548692,0.69411298,-0.13248085,0.688344981
705,1764964,1641560,0.977,0.052,-0.01,-0.3,-0.8,0.2,-35.9,6.5,27.3,0.163548692,0.694143498,-0.132511368,0.688344981
706,1767289,1641560,0.965,0.037,-0.021,-0.4,-0.7,0.3,-35.9,6.5,27.3,0.163548692,0.694143498,-0.132511368,0.688344981
707,1771370,1641560,0.969,0.021,-0.014,-0.5,-0.6,0.5,-36,7.1,26.8,0.163548692,0.694143498,-0.132541887,0.688314463
708,1773639,1641560,0.977,0.029,-0.006,-0.5,-0.6,0.5,-36,7.1,26.8,0.163548692,0.694143498,-0.132541887,0.688314463
709,1775908,1641570,1,0.028,-0.015,-0.6,-0.8,0.6,-36,7.1,26.8,0.163548692,0.694174017,-0.132572405,0.688314463
710,1777540,1641570,1,0.036,-0.003,-0.5,-1.1,0.6,-36,7.1,26.8,0.163548692,0.694174017,-0.132602924,0.688283944
711,1779867,1641570,1.004,0.048,0.023,-0.3,-1.3,0.5,-36,7.7,27.2,0.163548692,0.694204535,-0.132633442,0.688253426
712,1782414,1641570,1,0.048,0.035,0,-1.5,0.5,-36,7.7,27.2,0.163518174,0.694204535,-0.132633442,0.688253426
713,1785717,1641580,0.977,0.049,0.11,0.2,-1.4,0.6,-36,7.7,27.2,0.163518174,0.694235054,-0.132633442,0.688222907
714,1787201,1641580,0.977,0.056,0.134,0.3,-1.2,0.8,-36,7.7,27.2,0.163487655,0.694265572,-0.132663961,0.688222907
715,1790197,1641580,0.985,0.056,0.118,0.2,-0.5,0.9,-36.1,6.2,27.5,0.163609729,0.693807794,-0.132541887,0.688650166
716,1793283,1641580,0.989,0.06,0.083,0.2,-0.5,0.9,-36.1,6.2,27.5,0.163609729,0.693807794,-0.132541887,0.688650166
717,1794974,1641590,0.993,0.06,0.031,0.1,-0.3,0.9,-36.1,6.2,27.5,0.163579211,0.693807794,-0.132572405,0.688650166
718,1797964,1641590,0.992,0.056,-0.007,0.2,-0.2,0.8,-36.1,6.2,27.5,0.163579211,0.693807794,-0.132572405,0.688650166
719,1799655,1641590,0.996,0.048,-0.05,0.1,-0.4,0.8,-35.7,6.8,27.7,0.163548692,0.693807794,-0.132572405,0.688650166
720,1802490,1641590,0.984,0.024,-0.104,0,-0.5,0.7,-35.7,6.8,27.7,0.163548692,0.693838313,-0.132602924,0.688650166
721,1804861,1641600,0.973,0.009,-0.123,-0.4,-0.6,0.6,-35.7,6.8,27.7,0.163518174,0.693838313,-0.132602924,0.688619648
722,1807092,1641600,0.977,0.021,-0.12,-0.7,-0.6,0.5,-35.7,6.8,27.7,0.163518174,0.693838313,-0.132633442,0.688619648
723,1810333,1641600,0.977,0.024,-0.124,-0.7,-0.4,0.6,-36,6.5,27.3,0.163548692,0.693838313,-0.132663961,0.688619648
724,1812476,1641600,0.984,0.028,-0.1,-0.5,-0.3,0.6,-36,6.5,27.3,0.163518174,0.693838313,-0.132694479,0.688619648
725,1815493,1641610,0.981,0.04,-0.053,-0.3,-0.4,0.8,-36,6.5,27.3,0.163518174,0.693838313,-0.132694479,0.688619648
726,1817208,1641610,0.985,0.04,-0.018,-0.1,-0.7,0.9,-36,6.5,27.3,0.163518174,0.693838313,-0.132724998,0.688589129
727,1820041,1641610,0.989,0.036,0.028,0,-0.8,0.9,-35.9,6.8,27.7,0.163487655,0.693868831,-0.132724998,0.688589129
728,1823612,1641610,0.989,0.044,0.051,0,-1,0.8,-35.9,6.8,27.7,0.163487655,0.693868831,-0.132755516,0.688589129
729,1825872,1641620,0.989,0.044,0.063,0.1,-1,0.8,-35.9,6.8,27.7,0.163457137,0.69389935,-0.132755516,0.688558611
730,1827349,1641620,0.989,0.04,0.067,0.1,-1,0.8,-35.9,6.8,27.7,0.163426618,0.69389935,-0.132786035,0.688558611
731,1829676,1641620,0.996,0.056,0.063,0.4,-0.7,0.8,-36.5,6.6,27.9,0.163426618,0.69389935,-0.132786035,0.688558611
732,1833349,1641620,0.993,0.064,0.039,0.5,-0.6,0.7,-36.5,6.6,27.9,0.1633961,0.693929868,-0.132786035,0.688528092
733,1835678,1641630,0.992,0.056,0.02,0.5,-0.6,0.6,-36.5,6.6,27.9,0.163365581,0.693929868,-0.132786035,0.688528092
734,1837867,1641630,0.985,0.052,0,0.4,-0.5,0.5,-36.5,6.6,27.9,0.163365581,0.693929868,-0.132816553,0.688528092
735,1840027,1641630,0.988,0.028,-0.022,-0.1,-0.6,0.6,-35.5,5.2,27.4,0.163518174,0.693716239,-0.132663961,0.688741722
736,1842368,1641630,0.988,0.028,-0.022,-0.1,-0.6,0.6,-35.5,5.2,27.4,0.163518174,0.693746757,-0.132663961,0.688711203
737,1844798,1641640,0.992,0.021,-0.03,-0.6,-0.9,0.8,-35.5,5.2,27.4,0.163487655,0.693746757,-0.132694479,0.688711203
738,1847135,1641640,0.985,0.009,-0.018,-1,-1.3,0.8,-35.5,5.2,27.4,0.163487655,0.693746757,-0.132724998,0.688680685
739,1851001,1641640,0.985,0.005,-0.01,-1.1,-1.8,0.9,-37.2,7.6,27.4,0.163487655,0.693777276,-0.132755516,0.688650166
740,1853096,1641640,0.985,0.013,-0.018,-1.2,-2.1,1,-37.2,7.6,27.4,0.163487655,0.693807794,-0.132816553,0.688619648
741,1854873,1641650,0.985,0.017,-0.002,-0.9,-2.2,1.1,-37.2,7.6,27.4,0.163487655,0.693838313,-0.132847072,0.688589129
742,1857468,1641650,0.985,0.025,0.004,-0.6,-2.2,1.3,-37.2,7.6,27.4,0.163457137,0.693868831,-0.13287759,0.688558611
743,1861270,1641650,0.989,0.032,0.004,-0.3,-2.2,1.3,-37.8,8,27.5,0.163457137,0.69389935,-0.132908109,0.688528092
744,1863113,1641650,0.985,0.036,0.012,0,-2.3,1.4,-37.8,8,27.5,0.163426618,0.693929868,-0.132969146,0.688467055
745,1864697,1641660,0.981,0.037,0.024,0,-2.4,1.3,-37.8,8,27.5,0.1633961,0.693960387,-0.132969146,0.688467055
746,1867371,1641660,0.981,0.033,0.024,-0.1,-2.6,1.1,-37.8,8,27.5,0.163365581,0.693990905,-0.132999664,0.688436537
747,1871459,1641660,0.977,0.041,0.028,-0.4,-2.6,1.1,-38.2,7.9,27.5,0.163304544,0.694021424,-0.133030183,0.688406018
748,1873704,1641660,0.989,0.04,0.039,-0.6,-2.7,1.3,-38.2,7.9,27.5,0.163304544,0.694051943,-0.13309122,0.6883755
749,1875943,1641670,0.989,0.033,0.039,-0.9,-2.8,1.5,-38.2,7.9,27.5,0.163304544,0.694082461,-0.133121738,0.688314463
750,1878222,1641670,0.981,0.037,0.051,-0.9,-3.2,1.5,-38.2,7.9,27.5,0.163304544,0.694143498,-0.133182775,0.688283944
751,1880423,1641670,0.989,0.04,0.047,-0.9,-3.8,1.6,-38.4,8.1,27.6,0.163274026,0.694174017,-0.133243812,0.688222907
752,1882351,1641670,0.985,0.04,0.044,-1,-4.3,1.5,-38.4,8.1,27.6,0.163243507,0.694235054,-0.133304849,0.68816187
753,1885118,1641680,0.981,0.04,0.036,-1.1,-4.7,1.6,-38.4,8.1,27.6,0.163243507,0.694296091,-0.133335368,0.688100833
754,1888282,1641680,0.981,0.04,0.028,-1.2,-5,1.6,-38.4,8.1,27.6,0.163212989,0.694357128,-0.133426923,0.688009278
755,1890523,1641680,0.969,0.045,0.028,-1.6,-6.3,2,-34.7,5.7,27.7,0.163243507,0.694143498,-0.133426923,0.688253426
756,1893473,1641680,0.961,0.037,0.029,-1.6,-6.3,2,-34.7,5.7,27.7,0.163243507,0.694204535,-0.133518479,0.68816187
757,1895766,1641690,0.977,0.029,0.036,-1.9,-7,2.2,-34.7,5.7,27.7,0.163212989,0.694296091,-0.133610034,0.688039796
758,1897991,1641690,0.965,0.021,0.025,-2.2,-7.7,2.3,-34.7,5.7,27.7,0.16318247,0.694418165,-0.13370159,0.687917722
759,1900181,1641690,0.969,0.029,0.036,-2.7,-8.6,2.3,-36.9,7.1,27.6,0.163151952,0.69450972,-0.133823664,0.687795648
760,1902490,1641690,0.938,0.037,0.049,-2.8,-9.3,2.4,-36.9,7.1,27.6,0.163151952,0.694631794,-0.13391522,0.687643056
761,1904758,1641700,0.942,0.037,0.033,-2.8,-9.9,2.2,-36.9,7.1,27.6,0.163121433,0.694784387,-0.134006775,0.687520981
762,1907363,1641700,0.942,0.029,0.072,-2.9,-10.4,2.1,-36.9,7.1,27.6,0.163090915,0.694906461,-0.134159368,0.68733787
763,1910574,1641700,0.969,0.025,0.079,-3,-10.9,1.9,-36.3,7,27.9,0.163090915,0.695059053,-0.134281442,0.687185278
764,1912937,1641700,0.946,0.037,0.072,-3.3,-11.6,1.8,-36.3,7,27.9,0.163090915,0.695211646,-0.134372997,0.687002167
765,1915126,1641710,0.961,0.053,0.076,-3.2,-12.3,1.6,-36.3,7,27.9,0.163060396,0.695394757,-0.134495071,0.686819056
766,1917439,1641710,0.954,0.053,0.135,-3,-12.8,1.5,-36.3,7,27.9,0.163060396,0.695577868,-0.134617145,0.686605426
767,1919707,1641710,0.985,0.041,0.13,-2.7,-13.2,1.2,-35.5,6.9,27.9,0.163029878,0.695760979,-0.134739219,0.686391797
768,1922311,1641710,0.989,0.041,0.137,-2.8,-13.7,1,-35.5,6.9,27.9,0.163029878,0.69594409,-0.134830775,0.686178167
769,1924666,1641720,0.973,0.061,0.185,-3,-14.3,1,-35.5,6.9,27.9,0.162999359,0.696127201,-0.134952849,0.685964537
770,1927245,1641720,1.078,0.064,0.182,-2.9,-14.6,1.1,-35.5,6.9,27.9,0.162999359,0.696340831,-0.135074923,0.685750908
771,1929999,1641720,0.931,0.061,0.249,-2.7,-14.8,1.2,-34.9,6.8,27.7,0.162968841,0.69655446,-0.135166478,0.68550676
772,1932182,1641720,0.911,0.049,0.14,-2.4,-15.4,1.3,-34.9,6.8,27.7,0.162938322,0.69676809,-0.135288553,0.685262612
773,1935518,1641730,0.95,0.064,0.064,-2,-16.8,1.2,-34.9,6.8,27.7,0.162907804,0.697012238,-0.135380108,0.685018464
774,1937747,1641730,0.942,0.073,0.139,-1.6,-18.3,1,-34.9,6.8,27.7,0.162846767,0.697286905,-0.135502182,0.684743797
775,1939945,1641730,0.876,0.038,0.055,0,-17.4,0.5,-35.3,6.4,27.6,0.162938322,0.697195349,-0.135441145,0.684835353
776,1942230,1641730,0.86,0.046,0.047,0,-17.4,0.5,-35.3,6.4,27.6,0.162877285,0.697439497,-0.135502182,0.684560686
777,1944753,1641740,0.845,0.054,0.064,0.6,-15.1,0.4,-35.3,6.4,27.6,0.162816248,0.697653127,-0.135563219,0.684347056
778,1947716,1641740,0.852,0.053,0.056,1.1,-13,0.3,-35.3,6.4,27.6,0.162755211,0.697866756,-0.135593738,0.684133427
779,1950001,1641740,0.876,0.041,0.031,1.6,-12.2,0.4,-35,6.4,27.9,0.162694174,0.698049867,-0.135624256,0.683950316
780,1953248,1641740,0.926,0.041,0.026,1.9,-13.5,0.4,-35,6.4,27.9,0.162602618,0.698263497,-0.135654775,0.683767205
781,1954740,1641750,0.957,0.045,0.025,1.9,-16.1,0.4,-35,6.4,27.9,0.162541581,0.698507645,-0.135685293,0.683523057
782,1957249,1641750,0.973,0.048,0.016,1.8,-18.9,0.4,-35,6.4,27.9,0.162450026,0.698782311,-0.13574633,0.68324839
783,1959654,1641750,1.004,0.06,-0.015,1.8,-20.9,0.3,-34.9,6.3,27.7,0.162327952,0.699118015,-0.135776849,0.682943205
784,1962225,1641750,1.016,0.056,-0.031,2,-21.9,0.2,-34.9,6.3,27.7,0.162236396,0.699453719,-0.135837886,0.682607501
785,1965642,1641760,1.027,0.048,-0.059,2.3,-22.2,0.1,-34.9,6.3,27.7,0.162144841,0.699789422,-0.135898923,0.682271798
786,1967894,1641760,1.043,0.048,-0.083,2.4,-21.9,0,-34.9,6.3,27.7,0.162022767,0.700125126,-0.135929441,0.681936094
787,1970157,1641760,1.047,0.04,-0.138,2.4,-21.4,0,-34.8,6.1,27.5,0.161931211,0.700460829,-0.13595996,0.681630909
788,1972331,1641760,1.054,0.043,-0.158,2.2,-20.8,0,-34.8,6.1,27.5,0.161839656,0.700766015,-0.136020997,0.681325724
789,1974796,1641770,1.054,0.035,-0.189,1.9,-20.2,0.1,-34.8,6.1,27.5,0.1617481,0.7010712,-0.136051515,0.681020539
790,1977143,1641770,1.046,0.032,-0.22,1.7,-19.1,0.1,-34.8,6.1,27.5,0.161656545,0.701376385,-0.136082034,0.680715354
791,1980598,1641770,1.046,0.035,-0.275,1.5,-17.9,0.1,-34.9,6.1,27.2,0.161595508,0.701651051,-0.136143071,0.680440687
792,1982208,1641770,1.046,0.035,-0.29,1.3,-16.6,0.1,-34.9,6.1,27.2,0.161503952,0.701895199,-0.136173589,0.680196539
793,1985031,1641780,1.031,0.02,-0.294,1.2,-15.2,0.2,-34.9,6.1,27.2,0.161442915,0.702108829,-0.136204108,0.67998291
794,1987116,1641780,1.038,0.004,-0.294,1.1,-13.8,0.2,-34.9,6.1,27.2,0.16135136,0.702322459,-0.136265145,0.67976928
795,1990229,1641780,1.05,0.039,-0.302,0.8,-11.1,0,-36.1,5.9,27,0.161259804,0.702688681,-0.136326182,0.679403058
796,1992416,1641780,1.05,0.039,-0.302,0.8,-11.1,0,-36.1,5.9,27,0.161229286,0.702841273,-0.1363567,0.679219947
797,1994687,1641790,1.05,0.047,-0.326,1.1,-10,-0.1,-36.1,5.9,27,0.161168249,0.702993866,-0.1363567,0.679097873
798,1997267,1641790,1.058,0.063,-0.33,1.7,-8.9,-0.3,-36.1,5.9,27,0.16113773,0.703146458,-0.136387219,0.67894528
799,2000723,1641790,1.054,0.075,-0.299,2.2,-7.7,-0.3,-33.8,6.2,26.8,0.161076693,0.703268532,-0.1363567,0.678823206
800,2002235,1641790,1.054,0.079,-0.283,2.5,-6.2,-0.2,-33.8,6.2,26.8,0.161015656,0.703360088,-0.1363567,0.678762169
801,2005281,1641800,1.046,0.083,-0.255,2.5,-4.5,0,-33.8,6.2,26.8,0.160985137,0.703451643,-0.136326182,0.678670614
802,2008284,1641800,1.043,0.075,-0.239,2.4,-2.9,0,-33.8,6.2,26.8,0.1609241,0.70351268,-0.136295663,0.678640095
803,2009762,1641800,1.039,0.083,-0.212,2,-1.4,0,-33.6,6,26.9,0.160893582,0.703543199,-0.136265145,0.678640095
804,2012901,1641800,1.031,0.091,-0.192,1.6,-0.1,0.1,-33.6,6,26.9,0.160863063,0.703543199,-0.136234626,0.678640095
805,2014585,1641810,1.008,0.075,-0.14,1.3,1,0.2,-33.6,6,26.9,0.160832545,0.70351268,-0.136234626,0.678640095
806,2018154,1641810,1.004,0.071,-0.121,0.9,2,0.3,-33.6,6,26.9,0.160832545,0.70351268,-0.136204108,0.678701132
807,2019685,1641810,0.992,0.072,-0.101,0.4,2.9,0.3,-33.8,6,27.3,0.160832545,0.703451643,-0.136204108,0.678731651
808,2022587,1641810,0.985,0.06,-0.061,0,3.5,0.3,-33.8,6,27.3,0.160832545,0.703390606,-0.136204108,0.678792688
809,2025679,1641820,0.977,0.056,-0.038,-0.4,4,0.2,-33.8,6,27.3,0.160863063,0.703329569,-0.136173589,0.678853725
810,2027116,1641820,0.973,0.052,-0.022,-0.8,4.2,0.1,-33.8,6,27.3,0.160863063,0.703268532,-0.136173589,0.678914762
811,2030197,1641820,0.969,0.052,-0.006,-1.2,4.3,0,-33.8,6.2,26.9,0.160893582,0.703207495,-0.136204108,0.678975799
812,2033195,1641820,0.969,0.041,0.017,-1.4,4.2,0,-33.8,6.2,26.9,0.1609241,0.703146458,-0.136204108,0.679036836
813,2034735,1641830,0.969,0.041,0.024,-1.7,4,0,-33.8,6.2,26.9,0.160985137,0.703054903,-0.136204108,0.679097873
814,2037949,1641830,0.973,0.041,0.024,-1.8,3.7,0,-33.8,6.2,26.9,0.161015656,0.702993866,-0.136234626,0.67915891
815,2039816,1641830,0.973,0.033,0.028,-1.9,3,0,-35.8,6.1,27.2,0.161076693,0.70290231,-0.136234626,0.679250465
816,2043266,1641830,0.981,0.029,0.032,-1.9,3,0,-35.8,6.1,27.2,0.161107212,0.702841273,-0.136234626,0.679280984
817,2044772,1641840,0.977,0.033,0.036,-1.9,2.7,0.2,-35.8,6.1,27.2,0.16113773,0.702810755,-0.136265145,0.679311502
818,2047203,1641840,0.969,0.025,0.04,-1.8,2.4,0.2,-35.8,6.1,27.2,0.161168249,0.702749718,-0.136295663,0.679342021
819,2050732,1641840,0.965,0.025,0.036,-1.5,2.1,0.2,-34,6,27.6,0.161198767,0.702719199,-0.136326182,0.679372539
820,2052272,1641840,0.965,0.021,0.04,-1.3,1.8,0.2,-34,6,27.6,0.161229286,0.702688681,-0.136326182,0.679403058
821,2056158,1641850,0.961,0.017,0.036,-1,1.6,0,-34,6,27.6,0.161229286,0.702658162,-0.136326182,0.679433576
822,2057787,1641850,0.957,0.021,0.037,-0.6,1.3,0,-34,6,27.6,0.161259804,0.702627644,-0.1363567,0.679464095
823,2060573,1641850,0.957,0.025,0.037,-0.3,0.9,0.1,-34,6.3,27.5,0.161259804,0.702627644,-0.1363567,0.679464095
824,2062259,1641850,0.961,0.029,0.029,0.1,0.5,0.2,-34,6.3,27.5,0.161259804,0.702627644,-0.1363567,0.679464095
825,2065713,1641860,0.965,0.033,0.025,0.4,0.1,0.3,-34,6.3,27.5,0.161259804,0.702597125,-0.1363567,0.679494613
826,2067247,1641860,0.969,0.045,0.024,0.7,-0.3,0.2,-34,6.3,27.5,0.161229286,0.702627644,-0.1363567,0.679464095
827,2070299,1641860,0.973,0.044,0.024,0.8,-0.8,0.2,-34.1,6.5,27.4,0.161198767,0.702627644,-0.136326182,0.679464095
828,2072487,1641860,0.981,0.048,0.02,0.8,-1.3,0,-34.1,6.5,27.4,0.161198767,0.702658162,-0.136326182,0.679464095
829,2074754,1641870,0.985,0.048,0.008,0.8,-1.7,0,-34.1,6.5,27.4,0.161168249,0.702688681,-0.136326182,0.679433576
830,2078677,1641870,0.985,0.048,-0.003,0.7,-2,0,-34.1,6.5,27.4,0.161168249,0.702719199,-0.136326182,0.679403058
831,2080324,1641870,0.985,0.048,-0.006,0.7,-2.3,0,-33.9,6.3,27.1,0.16113773,0.702749718,-0.136326182,0.679372539
832,2082131,1641870,0.988,0.048,-0.018,0.6,-2.6,0,-33.9,6.3,27.1,0.16113773,0.702810755,-0.136326182,0.679311502
833,2085820,1641880,0.981,0.044,-0.03,0.5,-2.7,0,-33.9,6.3,27.1,0.161107212,0.702841273,-0.136326182,0.679280984
834,2087956,1641880,0.981,0.044,-0.042,0.4,-2.7,0,-33.9,6.3,27.1,0.161076693,0.702871792,-0.136326182,0.679250465
835,2090167,1641880,0.981,0.044,-0.042,0.4,-2.7,0,-33.9,6.3,27.1,0.161076693,0.702871792,-0.136326182,0.679250465
836,2092286,1641880,0.984,0.032,-0.065,0.2,-2.6,0,-35.1,6,26.8,0.161107212,0.702963347,-0.136295663,0.67915891
837,2095304,1641890,0.988,0.032,-0.061,0.2,-2.5,0,-35.1,6,26.8,0.161076693,0.702993866,-0.136295663,0.679128391
838,2098306,1641890,0.984,0.036,-0.073,0.2,-2.5,0,-35.1,6,26.8,0.161076693,0.703054903,-0.136295663,0.679097873
839,2099797,1641890,0.996,0.036,-0.085,0.2,-2.6,0,-34.7,6.1,26.9,0.161076693,0.703085421,-0.136326182,0.679036836
840,2102919,1641890,1,0.044,-0.081,0.3,-2.6,0.1,-34.7,6.1,26.9,0.161046175,0.70311594,-0.136326182,0.679006317
841,2104673,1641900,1.004,0.036,-0.081,0.2,-2.5,0,-34.7,6.1,26.9,0.161046175,0.703146458,-0.136326182,0.678975799
842,2108134,1641900,1.004,0.044,-0.078,0.2,-2.3,0,-34.7,6.1,26.9,0.161015656,0.703207495,-0.136326182,0.67894528
843,2109669,1641900,1.004,0.044,-0.085,0.2,-1.9,0,-34.7,5.9,27.2,0.161015656,0.703238014,-0.136326182,0.678914762
844,2112754,1641900,1.008,0.048,-0.086,0.3,-1.6,0,-34.7,5.9,27.2,0.161015656,0.703238014,-0.136326182,0.678884243
845,2114668,1641910,1.004,0.044,-0.081,0.3,-1.3,0,-34.7,5.9,27.2,0.160985137,0.703268532,-0.136326182,0.678853725
846,2118153,1641910,1,0.044,-0.085,0.2,-1,0,-34.7,5.9,27.2,0.160985137,0.703299051,-0.136326182,0.678853725
847,2119809,1641910,0.992,0.044,-0.081,0.2,-0.7,0.1,-35.2,5.9,27.9,0.160985137,0.703299051,-0.136326182,0.678823206
848,2122737,1641910,0.992,0.044,-0.077,0.2,-0.3,0.1,-35.2,5.9,27.9,0.160954619,0.703299051,-0.136326182,0.678823206
849,2125571,1641920,0.988,0.04,-0.073,0.2,0,0,-35.2,5.9,27.9,0.160954619,0.703299051,-0.136326182,0.678823206
850,2127272,1641920,0.988,0.04,-0.061,0.2,0.1,0,-35.2,5.9,27.9,0.160954619,0.703299051,-0.136326182,0.678823206
851,2130198,1641920,0.985,0.044,-0.061,0.1,0.1,0,-35.3,6.2,28.8,0.160954619,0.703299051,-0.136326182,0.678853725
852,2132320,1641920,0.985,0.044,-0.057,0.1,0.1,-0.1,-35.3,6.2,28.8,0.160954619,0.703299051,-0.136326182,0.678853725
853,2135206,1641930,0.992,0.04,-0.046,0,0.1,0,-35.3,6.2,28.8,0.160954619,0.703299051,-0.136326182,0.678853725
854,2138107,1641930,0.988,0.044,-0.042,0,0.1,0,-35.3,6.2,28.8,0.160954619,0.703299051,-0.136326182,0.678853725
855,2139741,1641930,0.992,0.04,-0.034,-0.1,0.2,0,-35,6,25.5,0.160954619,0.703421125,-0.136326182,0.678701132
856,2142173,1641930,0.992,0.04,-0.034,-0.1,0.4,0,-35,6,25.5,0.160954619,0.703421125,-0.136326182,0.678731651
857,2145625,1641940,0.988,0.04,-0.034,-0.2,0.6,0,-35,6,25.5,0.160954619,0.703421125,-0.1363567,0.678731651
858,2147359,1641940,0.985,0.04,-0.018,-0.3,0.6,0,-35,6,25.5,0.160954619,0.703390606,-0.1363567,0.678731651
859,2149731,1641940,0.981,0.04,-0.026,-0.3,0.6,0,-34.7,6.2,27.5,0.160954619,0.703390606,-0.1363567,0.678762169
860,2152748,1641940,0.985,0.036,-0.022,-0.3,0.7,0,-34.7,6.2,27.5,0.160985137,0.703360088,-0.1363567,0.678762169
861,2154599,1641950,0.981,0.036,-0.018,-0.3,0.6,0.1,-34.7,6.2,27.5,0.160985137,0.703360088,-0.1363567,0.678762169
862,2158200,1641950,0.981,0.036,-0.014,-0.2,0.5,0.1,-34.7,6.2,27.5,0.160985137,0.703360088,-0.1363567,0.678762169
863,2159747,1641950,0.977,0.036,-0.014,-0.2,0.3,0,-35,6.3,28,0.160985137,0.703329569,-0.1363567,0.678792688
864,2162342,1641950,0.977,0.04,-0.014,-0.3,0.2,0,-35,6.3,28,0.160985137,0.703329569,-0.1363567,0.678792688
865,2165726,1641960,0.985,0.04,-0.018,-0.2,0.1,0,-35,6.3,28,0.160985137,0.703329569,-0.1363567,0.678792688
866,2167267,1641960,0.981,0.036,-0.014,-0.1,0.1,0,-35,6.3,28,0.160985137,0.703329569,-0.136387219,0.678792688
867,2169727,1641960,0.985,0.036,-0.022,0,0,0,-35.1,6.1,27.9,0.160985137,0.703329569,-0.136387219,0.678792688
868,2173260,1641960,0.985,0.04,-0.014,0,0,0,-35.1,6.1,27.9,0.160985137,0.703329569,-0.136387219,0.678792688
869,2174798,1641970,0.988,0.04,-0.014,0.1,-0.1,0,-35.1,6.1,27.9,0.160985137,0.703329569,-0.136387219,0.678792688
870,2177200,1641970,0.985,0.04,-0.018,0.1,-0.1,0,-35.1,6.1,27.9,0.160985137,0.703329569,-0.136387219,0.678792688
871,2180393,1641970,0.988,0.04,-0.018,0.1,-0.1,0,-35,6,27.3,0.160985137,0.703329569,-0.136387219,0.678792688
872,2182214,1641970,0.985,0.04,-0.022,0.1,0,0,-35,6,27.3,0.160985137,0.703329569,-0.1363567,0.678792688
873,2185696,1641980,0.981,0.04,-0.018,0.1,0,0,-35,6,27.3,0.160985137,0.703329569,-0.1363567,0.678792688
874,2187969,1641980,0.981,0.044,-0.022,0.2,0,-0.1,-35,6,27.3,0.160985137,0.703360088,-0.1363567,0.678792688
875,2190123,1641980,0.981,0.044,-0.022,0.2,0,-0.1,-35,6,27.3,0.160985137,0.703360088,-0.1363567,0.678792688
876,2192406,1641980,0.981,0.04,-0.03,0.1,-0.2,-0.1,-34.7,6.2,25.9,0.160985137,0.703299051,-0.136326182,0.678823206
877,2194959,1641990,0.985,0.044,-0.03,0.1,-0.4,0,-34.7,6.2,25.9,0.160985137,0.703299051,-0.136326182,0.678823206
878,2197192,1641990,0.985,0.04,-0.038,0.1,-0.5,0,-34.7,6.2,25.9,0.160985137,0.703329569,-0.136326182,0.678823206
879,2200713,1641990,0.988,0.04,-0.034,0.1,-0.6,0.1,-34.7,5.7,26.5,0.160985137,0.703329569,-0.136326182,0.678792688
880,2202270,1641990,0.985,0.04,-0.034,0.1,-0.6,0,-34.7,5.7,26.5,0.160985137,0.703329569,-0.136326182,0.678792688
881,2204897,1642000,0.988,0.04,-0.038,0.1,-0.7,0,-34.7,5.7,26.5,0.160954619,0.703360088,-0.136326182,0.678792688
882,2207245,1642000,0.988,0.04,-0.038,0.1,-0.7,0,-34.7,5.7,26.5,0.160954619,0.703360088,-0.1363567,0.678762169
883,2210627,1642000,0.992,0.048,-0.046,0.1,-0.6,0.1,-34.5,6.4,26.7,0.160954619,0.703360088,-0.1363567,0.678762169
884,2212094,1642000,0.988,0.04,-0.046,0.1,-0.4,0,-34.5,6.4,26.7,0.160954619,0.703390606,-0.1363567,0.678762169
885,2214604,1642010,0.992,0.044,-0.046,0.1,-0.3,0,-34.5,6.4,26.7,0.160954619,0.703390606,-0.1363567,0.678762169
886,2217942,1642010,0.988,0.04,-0.038,0.1,-0.1,0,-34.5,6.4,26.7,0.160954619,0.703390606,-0.1363567,0.678762169
887,2220103,1642010,0.985,0.04,-0.038,0,0,0,-34.3,5.9,25.9,0.160954619,0.703390606,-0.1363567,0.678762169
888,2222271,1642010,0.985,0.04,-0.042,0,0,0,-34.3,5.9,25.9,0.160954619,0.703390606,-0.1363567,0.678762169
889,2226075,1642020,0.981,0.044,-0.042,0.1,-0.1,0,-34.3,5.9,25.9,0.160954619,0.703390606,-0.1363567,0.678762169
890,2228377,1642020,0.988,0.036,-0.046,0.1,-0.2,0,-34.3,5.9,25.9,0.160954619,0.703390606,-0.1363567,0.678731651
891,2229851,1642020,0.988,0.032,-0.042,0.1,-0.3,0,-34.6,5.9,26.4,0.1609241,0.703390606,-0.1363567,0.678731651
892,2232072,1642020,0.981,0.036,-0.038,0,-0.1,0,-34.6,5.9,26.4,0.1609241,0.703390606,-0.1363567,0.678731651
893,2235822,1642030,0.988,0.036,-0.038,0,-0.1,0,-34.6,5.9,26.4,0.1609241,0.703390606,-0.1363567,0.678731651
894,2237383,1642030,0.988,0.04,-0.042,0,0,0,-34.6,5.9,26.4,0.1609241,0.703390606,-0.1363567,0.678731651
895,2239712,1642030,0.988,0.04,-0.038,0.1,-0.1,0,-34.8,5.9,27.4,0.160863063,0.70351268,-0.136417737,0.678609577
896,2242173,1642030,0.988,0.044,-0.046,0.1,0,0,-34.8,5.9,27.4,0.160863063,0.70351268,-0.136387219,0.678609577
897,2245728,1642040,0.988,0.036,-0.038,0,0,0,-34.8,5.9,27.4,0.160863063,0.70351268,-0.136387219,0.678609577
898,2247901,1642040,0.988,0.036,-0.034,0,0,0,-34.8,5.9,27.4,0.160863063,0.70351268,-0.136417737,0.678609577
899,2250222,1642040,0.988,0.044,-0.034,0,0,0,-34.8,5.8,26.6,0.160863063,0.70351268,-0.136417737,0.678609577
900,2252326,1642040,0.981,0.04,-0.034,0,0,0,-34.8,5.8,26.6,0.160863063,0.70351268,-0.136417737,0.678609577
901,2255314,1642050,0.988,0.036,-0.034,0,0,0,-34.8,5.8,26.6,0.160863063,0.70351268,-0.136417737,0.678609577
902,2258314,1642050,0.988,0.04,-0.03,0,0,0,-34.8,5.8,26.6,0.160863063,0.70351268,-0.136387219,0.678609577
903,2259795,1642050,0.985,0.036,-0.03,0,-0.1,0,-35.1,5.8,26.1,0.160863063,0.703543199,-0.136387219,0.678609577
904,2262885,1642050,0.988,0.036,-0.03,0,-0.1,0,-35.1,5.8,26.1,0.160863063,0.703543199,-0.136387219,0.678609577
905,2265874,1642060,0.988,0.036,-0.03,0,-0.1,0,-35.1,5.8,26.1,0.160863063,0.703543199,-0.136387219,0.678609577
906,2267360,1642060,0.988,0.036,-0.034,0,-0.1,0,-35.1,5.8,26.1,0.160863063,0.703543199,-0.136417737,0.678609577
907,2269736,1642060,0.988,0.044,-0.034,0,-0.1,0,-34.7,4.8,26.7,0.160863063,0.703543199,-0.136417737,0.678609577
908,2273451,1642060,0.985,0.04,-0.038,0,-0.1,0,-34.7,4.8,26.7,0.160863063,0.703543199,-0.136417737,0.678609577
909,2274825,1642070,0.985,0.032,-0.034,0,0,0,-34.7,4.8,26.7,0.160863063,0.703543199,-0.136387219,0.678609577
910,2277884,1642070,0.985,0.04,-0.03,0.1,0.1,-0.1,-34.7,4.8,26.7,0.160863063,0.703543199,-0.136387219,0.678609577
911,2280088,1642070,0.985,0.04,-0.026,0,0.1,-0.1,-35,4.1,26.3,0.160863063,0.703543199,-0.136387219,0.678609577
912,2282297,1642070,0.988,0.036,-0.026,0,0,-0.2,-35,4.1,26.3,0.160863063,0.703543199,-0.136387219,0.678609577
913,2284663,1642080,0.985,0.04,-0.026,0.1,-0.1,-0.2,-35,4.1,26.3,0.160863063,0.703543199,-0.136387219,0.678609577
914,2287313,1642080,0.988,0.04,-0.03,0.1,-0.1,-0.1,-35,4.1,26.3,0.160863063,0.703543199,-0.136387219,0.678609577
915,2291420,1642080,0.988,0.04,-0.03,0.1,-0.1,-0.1,-35,4.1,26.3,0.160863063,0.703543199,-0.136387219,0.678609577
916,2293647,1642080,0.985,0.04,-0.03,0,-0.1,0,-35.1,7.4,28.1,0.160863063,0.703543199,-0.136387219,0.678579058
917,2295844,1642090,0.985,0.04,-0.034,0,-0.1,0,-35.1,7.4,28.1,0.160863063,0.703543199,-0.136387219,0.678579058
918,2297365,1642090,0.981,0.036,-0.03,0,0,0,-35.1,7.4,28.1,0.160863063,0.703543199,-0.136387219,0.678579058
919,2299818,1642090,0.985,0.036,-0.034,0,0,0,-35,4.4,25.9,0.160863063,0.703543199,-0.136387219,0.678579058
920,2302576,1642090,0.985,0.04,-0.03,0,0,0,-35,4.4,25.9,0.160863063,0.703543199,-0.136387219,0.678579058
921,2305584,1642100,0.988,0.044,-0.034,0.1,0,0.1,-35,4.4,25.9,0.160863063,0.703543199,-0.136387219,0.678579058
922,2307115,1642100,0.985,0.04,-0.034,0.1,-0.1,0.1,-35,4.4,25.9,0.160863063,0.703543199,-0.136387219,0.678579058
923,2309669,1642100,0.988,0.04,-0.034,0,0,0.1,-34.9,4.3,26,0.160832545,0.703543199,-0.136387219,0.678579058
924,2313127,1642100,0.988,0.044,-0.034,0,0,0,-34.9,4.3,26,0.160832545,0.703543199,-0.136387219,0.678579058
925,2314641,1642110,0.988,0.04,-0.034,0,0,0,-34.9,4.3,26,0.160832545,0.703543199,-0.136387219,0.678579058
926,2317136,1642110,0.981,0.044,-0.034,0,-0.1,0,-34.9,4.3,26,0.160832545,0.703543199,-0.136387219,0.678579058
927,2320067,1642110,0.985,0.036,-0.038,0,-0.1,0.1,-35,4.4,25.6,0.160832545,0.703573717,-0.136417737,0.678579058
928,2322356,1642110,0.985,0.04,-0.034,0,-0.1,0,-35,4.4,25.6,0.160832545,0.703573717,-0.136417737,0.678579058
929,2324629,1642120,0.988,0.036,-0.034,0.1,-0.1,0,-35,4.4,25.6,0.160832545,0.703573717,-0.136417737,0.678579058
930,2327141,1642120,0.985,0.04,-0.038,0.1,-0.1,0,-35,4.4,25.6,0.160832545,0.703573717,-0.136417737,0.678579058
931,2330614,1642120,0.985,0.036,-0.034,0,-0.3,-0.1,-35,5,25.8,0.160832545,0.703573717,-0.136387219,0.678579058
932,2332209,1642120,0.988,0.04,-0.034,0,-0.3,-0.2,-35,5,25.8,0.160832545,0.703573717,-0.136387219,0.678579058
933,2334791,1642130,0.988,0.04,-0.038,0,-0.3,-0.1,-35,5,25.8,0.160832545,0.703573717,-0.136387219,0.67854854
934,2337700,1642130,0.985,0.04,-0.034,0,-0.3,0,-35,5,25.8,0.160832545,0.703604236,-0.136387219,0.67854854
935,2340359,1642130,0.985,0.04,-0.034,0,-0.3,0,-35,5,25.8,0.160832545,0.703604236,-0.136387219,0.67854854
936,2342699,1642130,0.988,0.044,-0.042,0,0,0.2,-34.9,7.3,26.8,0.160802026,0.703695791,-0.136448256,0.678456984
937,2344933,1642140,0.988,0.04,-0.026,0,0,0.1,-34.9,7.3,26.8,0.160802026,0.703695791,-0.136448256,0.678456984
938,2347329,1642140,0.985,0.04,-0.034,0,0.1,0,-34.9,7.3,26.8,0.160802026,0.703695791,-0.136448256,0.678456984
939,2350728,1642140,0.988,0.044,-0.034,0,0.1,0,-35,6.2,26.9,0.160802026,0.703695791,-0.136448256,0.678456984
940,2353048,1642140,0.988,0.04,-0.034,0,0.1,0,-35,6.2,26.9,0.160802026,0.703695791,-0.136448256,0.678456984
941,2355236,1642150,0.985,0.04,-0.03,0,0.1,0.1,-35,6.2,26.9,0.160802026,0.703695791,-0.136448256,0.678456984
942,2357485,1642150,0.985,0.04,-0.034,0,0,0.1,-35,6.2,26.9,0.160802026,0.703665273,-0.136448256,0.678456984
943,2359769,1642150,0.981,0.04,-0.034,0,0,0,-35.2,6.8,27.1,0.160802026,0.703665273,-0.136448256,0.678456984
944,2362293,1642150,0.988,0.044,-0.026,0,-0.1,0,-35.2,6.8,27.1,0.160802026,0.703695791,-0.136448256,0.678456984
945,2364705,1642160,0.985,0.04,-0.034,0,-0.3,0,-35.2,6.8,27.1,0.160802026,0.703695791,-0.136448256,0.678456984
946,2368908,1642160,0.988,0.036,-0.03,0,-0.4,0,-35.2,6.8,27.1,0.160771508,0.703695791,-0.136448256,0.678456984
947,2371165,1642160,0.985,0.04,-0.042,0,-0.3,0,-34.8,7.2,27.1,0.160771508,0.703695791,-0.136448256,0.678456984
948,2373056,1642160,0.988,0.04,-0.042,0.1,-0.2,0.2,-34.8,7.2,27.1,0.160771508,0.703695791,-0.136448256,0.678456984
949,2375293,1642170,0.988,0.044,-0.034,0.1,-0.3,0.1,-34.8,7.2,27.1,0.160771508,0.703695791,-0.136448256,0.678426466
950,2377493,1642170,0.988,0.04,-0.03,0.1,-0.4,0,-34.8,7.2,27.1,0.160771508,0.70372631,-0.136448256,0.678426466
951,2379728,1642170,0.988,0.048,-0.034,0.1,-0.3,0,-34.7,7.6,27,0.160771508,0.70372631,-0.136448256,0.678426466
952,2382891,1642170,0.985,0.04,-0.038,0.1,-0.2,0,-34.7,7.6,27,0.160771508,0.70372631,-0.136448256,0.678426466
953,2384621,1642180,0.988,0.04,-0.03,0.1,0,0,-34.7,7.6,27,0.160771508,0.70372631,-0.136448256,0.678426466
954,2388067,1642180,0.988,0.04,-0.034,0.1,0.1,0,-34.7,7.6,27,0.160771508,0.70372631,-0.136448256,0.678426466
955,2389562,1642180,0.985,0.04,-0.034,0,0.2,0,-34.9,5.6,26.9,0.160771508,0.703817866,-0.136448256,0.67833491
956,2392317,1642180,0.985,0.04,-0.034,0,0.2,0,-34.9,5.6,26.9,0.160771508,0.703787347,-0.136448256,0.67833491
957,2395454,1642190,0.985,0.036,-0.038,0,0.1,0,-34.9,5.6,26.9,0.160771508,0.703787347,-0.136448256,0.67833491
958,2397215,1642190,0.981,0.036,-0.038,0,0.1,0,-34.9,5.6,26.9,0.160771508,0.703787347,-0.136448256,0.67833491
959,2400747,1642190,0.988,0.04,-0.03,0,0,0,-35,6.5,26.7,0.160771508,0.703787347,-0.136448256,0.678365429
960,2402267,1642190,0.988,0.036,-0.026,0,0,0,-35,6.5,26.7,0.160771508,0.703787347,-0.136448256,0.678365429
961,2405251,1642200,0.988,0.04,-0.034,0,-0.1,0.1,-35,6.5,26.7,0.160771508,0.703787347,-0.136448256,0.67833491
962,2408290,1642200,0.985,0.04,-0.026,0,-0.1,0.1,-35,6.5,26.7,0.160740989,0.703787347,-0.136448256,0.67833491
963,2409803,1642200,0.985,0.04,-0.034,0,-0.1,0.1,-35,6,26.7,0.160740989,0.703787347,-0.136448256,0.67833491
964,2412933,1642200,0.985,0.04,-0.03,0,-0.1,0,-35,6,26.7,0.160740989,0.703817866,-0.136448256,0.67833491
965,2414565,1642210,0.988,0.044,-0.03,0.1,0,0,-35,6,26.7,0.160740989,0.703817866,-0.136448256,0.67833491
966,2417315,1642210,0.992,0.044,-0.03,0,0,0,-35,6,26.7,0.160740989,0.703817866,-0.136448256,0.67833491
967,2420427,1642210,0.988,0.04,-0.03,0,0.1,0,-35.8,6.4,26.7,0.160740989,0.703787347,-0.136448256,0.67833491
968,2422081,1642210,0.981,0.04,-0.03,0,0.1,0,-35.8,6.4,26.7,0.160740989,0.703787347,-0.136448256,0.67833491
969,2424878,1642220,0.985,0.04,-0.034,0,0.1,0,-35.8,6.4,26.7,0.160740989,0.703787347,-0.136448256,0.67833491
970,2428680,1642220,0.985,0.04,-0.034,0.1,0,0,-35.8,6.4,26.7,0.160740989,0.703787347,-0.136448256,0.67833491
971,2430926,1642220,0.981,0.036,-0.034,0,0,0,-36.5,6.6,26.7,0.160740989,0.703787347,-0.136448256,0.67833491
972,2432339,1642220,0.985,0.036,-0.034,0,-0.1,0,-36.5,6.6,26.7,0.160740989,0.703787347,-0.136448256,0.67833491
973,2435578,1642230,0.985,0.04,-0.03,0,-0.1,0.1,-36.5,6.6,26.7,0.160740989,0.703817866,-0.136448256,0.67833491
974,2437345,1642230,0.988,0.04,-0.03,0,-0.1,0.1,-36.5,6.6,26.7,0.160740989,0.703817866,-0.136448256,0.67833491
975,2440563,1642230,0.988,0.04,-0.03,0,-0.1,0.1,-36.5,6.6,26.7,0.160740989,0.703817866,-0.136448256,0.67833491
976,2442679,1642230,0.988,0.04,-0.034,0,-0.1,0,-33.8,4.8,26.9,0.160710471,0.703848384,-0.136478774,0.678304392
977,2445605,1642240,0.992,0.04,-0.026,0,-0.1,0,-33.8,4.8,26.9,0.160710471,0.703848384,-0.136478774,0.678273873
978,2447202,1642240,0.992,0.044,-0.026,0,0,0,-33.8,4.8,26.9,0.160710471,0.703848384,-0.136478774,0.678273873
979,2450319,1642240,0.988,0.04,-0.034,0,0,0.1,-36.5,7.1,27.3,0.160710471,0.703848384,-0.136478774,0.678273873
980,2452556,1642240,0.985,0.04,-0.042,0,0,0.2,-36.5,7.1,27.3,0.160710471,0.703848384,-0.136478774,0.678304392
981,2454667,1642250,0.988,0.044,-0.03,0,0,0,-36.5,7.1,27.3,0.160710471,0.703848384,-0.136509293,0.678304392
982,2458105,1642250,0.985,0.044,-0.038,0,0,0,-36.5,7.1,27.3,0.160710471,0.703848384,-0.136509293,0.678304392
983,2459788,1642250,0.981,0.04,-0.03,0,0,0,-36.7,7.4,26.9,0.160710471,0.703848384,-0.136478774,0.678304392
984,2463197,1642250,0.985,0.036,-0.034,0,-0.1,0,-36.7,7.4,26.9,0.160710471,0.703848384,-0.136478774,0.678273873
985,2464871,1642260,0.985,0.036,-0.03,-0.1,-0.1,0,-36.7,7.4,26.9,0.160710471,0.703848384,-0.136509293,0.678273873
986,2467868,1642260,0.985,0.04,-0.038,0,-0.1,0,-36.7,7.4,26.9,0.160710471,0.703878903,-0.136509293,0.678273873
987,2469633,1642260,0.985,0.036,-0.034,0,0,0.1,-36.5,7,26.9,0.160710471,0.703878903,-0.136509293,0.678273873
988,2473634,1642260,0.985,0.04,-0.038,0,0,0.1,-36.5,7,26.9,0.160710471,0.703878903,-0.136509293,0.678273873
989,2475899,1642270,0.988,0.04,-0.03,0,-0.1,0,-36.5,7,26.9,0.160679952,0.703878903,-0.136509293,0.678273873
990,2477609,1642270,0.988,0.04,-0.034,0,-0.3,0,-36.5,7,26.9,0.160679952,0.703878903,-0.136509293,0.678273873
991,2479718,1642270,0.985,0.04,-0.03,0,-0.3,0,-36,7.3,27.1,0.160679952,0.703878903,-0.136509293,0.678273873
992,2482366,1642270,0.985,0.044,-0.03,0,-0.1,0,-36,7.3,27.1,0.160679952,0.703878903,-0.136509293,0.678273873
993,2485280,1642280,0.988,0.04,-0.03,0.1,0,0,-36,7.3,27.1,0.160679952,0.703878903,-0.136509293,0.678273873
994,2488501,1642280,0.985,0.044,-0.03,0.1,0.1,0,-36,7.3,27.1,0.160679952,0.703878903,-0.136509293,0.678273873
995,2490635,1642280,0.985,0.044,-0.03,0.1,0.1,0,-36,7.3,27.1,0.160679952,0.703878903,-0.136509293,0.678273873
996,2492305,1642280,0.985,0.044,-0.026,0,0,0,-34.2,5.8,26.8,0.160710471,0.703909421,-0.136478774,0.678243355
997,2494644,1642290,0.981,0.04,-0.034,0,0,0,-34.2,5.8,26.8,0.160710471,0.703909421,-0.136478774,0.678243355
998,2497713,1642290,0.985,0.036,-0.034,0,0,0,-34.2,5.8,26.8,0.160710471,0.703909421,-0.136478774,0.678243355
999,2499961,1642290,0.981,0.036,-0.038,0,0,0,-35.1,6.3,26.9,0.160710471,0.703909421,-0.136478774,0.678243355
1000,2502237,1642290,0.985,0.04,-0.03,-0.1,0,0,-35.1,6.3,26.9,0.160710471,0.703909421,-0.136509293,0.678243355
1001,2506609,1642300,0.988,0.04,-0.026,0,0,0.1,-35.1,6.3,26.9,0.160710471,0.703909421,-0.136509293,0.678243355
1002,2507539,1642300,0.988,0.04,-0.042,0,0,0.1,-35.1,6.3,26.9,0.160710471,0.703909421,-0.136509293,0.678243355
1003,2509670,1642300,0.988,0.04,-0.03,0,0,0,-34.5,6.4,27.1,0.160710471,0.703909421,-0.136509293,0.678243355
1004,2513189,1642300,0.992,0.044,-0.034,0,-0.1,0,-34.5,6.4,27.1,0.160710471,0.703909421,-0.136509293,0.678243355
1005,2515093,1642310,0.985,0.04,-0.03,0,-0.2,0,-34.5,6.4,27.1,0.160710471,0.703909421,-0.136509293,0.678243355
1006,2518522,1642310,0.985,0.04,-0.034,0,-0.2,0,-34.5,6.4,27.1,0.160710471,0.703909421,-0.136509293,0.678243355
1007,2520859,1642310,0.985,0.036,-0.03,0,-0.1,0,-34.5,6,27.1,0.160679952,0.703909421,-0.136509293,0.678243355
1008,2523206,1642310,0.981,0.036,-0.038,0,-0.1,0,-34.5,6,27.1,0.160679952,0.703909421,-0.136509293,0.678243355
1009,2525430,1642320,0.985,0.04,-0.038,0,0,0,-34.5,6,27.1,0.160679952,0.703909421,-0.136509293,0.678243355
1010,2527580,1642320,0.985,0.04,-0.03,0,0,0,-34.5,6,27.1,0.160679952,0.703909421,-0.136509293,0.678243355
1011,2529962,1642320,0.988,0.04,-0.034,0,0,0.2,-34,6.1,27.1,0.160679952,0.703909421,-0.136509293,0.678243355
1012,2532248,1642320,0.988,0.04,-0.03,0,0,0.2,-34,6.1,27.1,0.160679952,0.703909421,-0.136509293,0.678243355
1013,2534729,1642330,0.985,0.036,-0.03,0,-0.1,0.2,-34,6.1,27.1,0.160679952,0.703909421,-0.136509293,0.678243355
1014,2538078,1642330,0.985,0.04,-0.034,0,-0.3,0,-34,6.1,27.1,0.160679952,0.703909421,-0.136509293,0.678212836
1015,2539644,1642330,0.985,0.04,-0.034,0,-0.3,0,-34,6.1,27.1,0.160679952,0.703909421,-0.136509293,0.678212836
1016,2542155,1642330,0.985,0.04,-0.034,0,-0.3,0,-35.3,6.2,27,0.160649434,0.703970458,-0.136539811,0.678151799
1017,2545279,1642340,0.988,0.04,-0.03,0,-0.2,0,-35.3,6.2,27,0.160649434,0.703970458,-0.136539811,0.678151799
1018,2548368,1642340,0.988,0.04,-0.03,0,-0.1,0,-35.3,6.2,27,0.160679952,0.703970458,-0.136539811,0.678151799
1019,2550005,1642340,0.985,0.036,-0.038,0,0,0,-34.8,6,27.4,0.160679952,0.703970458,-0.136539811,0.678151799
1020,2553889,1642340,0.988,0.044,-0.03,0,0,0,-34.8,6,27.4,0.160679952,0.703970458,-0.136539811,0.678151799
1021,2555979,1642350,0.985,0.04,-0.026,0,0,0,-34.8,6,27.4,0.160679952,0.703970458,-0.136539811,0.678151799
1022,2558263,1642350,0.985,0.036,-0.034,0,0.1,0,-34.8,6,27.4,0.160679952,0.703970458,-0.136539811,0.678151799
1023,2559775,1642350,0.985,0.048,-0.03,0,0,0,-34.9,6,27.5,0.160679952,0.703970458,-0.136539811,0.678151799
1024,2562806,1642350,0.985,0.04,-0.038,0,0,0,-34.9,6,27.5,0.160679952,0.703970458,-0.136539811,0.678151799
1025,2565826,1642360,0.981,0.04,-0.042,0,-0.1,0,-34.9,6,27.5,0.160679952,0.703970458,-0.136539811,0.678151799
1026,2567295,1642360,0.985,0.044,-0.026,0,-0.1,0,-34.9,6,27.5,0.160679952,0.703970458,-0.136539811,0.678151799
1027,2569694,1642360,0.985,0.04,-0.038,0,-0.2,0,-34.7,6.1,27.2,0.160679952,0.704000977,-0.136539811,0.678151799
1028,2572949,1642360,0.988,0.036,-0.034,0.1,-0.2,0,-34.7,6.1,27.2,0.160649434,0.704000977,-0.136539811,0.678151799
1029,2575020,1642370,0.988,0.04,-0.034,0.1,-0.1,0,-34.7,6.1,27.2,0.160649434,0.704000977,-0.136539811,0.678151799
1030,2577343,1642370,0.988,0.036,-0.034,0,0,0,-34.7,6.1,27.2,0.160649434,0.704000977,-0.136539811,0.678151799
1031,2580490,1642370,0.992,0.044,-0.034,0,0,0,-34.4,6.1,27.2,0.160649434,0.704000977,-0.136539811,0.678151799
1032,2582750,1642370,0.985,0.04,-0.038,0,0,0,-34.4,6.1,27.2,0.160649434,0.704000977,-0.136539811,0.678151799
1033,2584912,1642380,0.985,0.036,-0.03,0,0,0.1,-34.4,6.1,27.2,0.160649434,0.704000977,-0.136539811,0.678151799
1034,2587183,1642380,0.985,0.044,-0.034,0.1,0,0.1,-34.4,6.1,27.2,0.160649434,0.704000977,-0.136539811,0.678151799
1035,2589777,1642380,0.985,0.044,-0.034,0.1,0,0.1,-34.4,6.1,27.2,0.160649434,0.704000977,-0.136539811,0.678151799
1036,2593204,1642380,0.985,0.036,-0.042,0.1,0.1,0,-36.3,5.9,27,0.160649434,0.704062014,-0.136539811,0.678090762
1037,2594763,1642390,0.988,0.036,-0.03,0,0.1,0,-36.3,5.9,27,0.160649434,0.704062014,-0.136539811,0.678090762
1038,2597283,1642390,0.988,0.04,-0.03,0,0,0,-36.3,5.9,27,0.160649434,0.704062014,-0.136539811,0.678090762
1039,2600377,1642390,0.988,0.036,-0.046,0,0,0,-33.9,6.2,27,0.160649434,0.704062014,-0.136539811,0.678090762
1040,2602253,1642390,0.985,0.04,-0.038,0,-0.1,0,-33.9,6.2,27,0.160649434,0.704062014,-0.136539811,0.678060244
1041,2605262,1642400,0.988,0.04,-0.026,0,0,0,-33.9,6.2,27,0.160649434,0.704062014,-0.136539811,0.678060244
1042,2607237,1642400,0.985,0.036,-0.03,0,0,0,-33.9,6.2,27,0.160649434,0.704062014,-0.136539811,0.678060244
1043,2610704,1642400,0.988,0.036,-0.03,0,0,0,-33.6,6.5,27,0.160649434,0.704062014,-0.136539811,0.678060244
1044,2612191,1642400,0.985,0.036,-0.03,0,-0.1,0,-33.6,6.5,27,0.160649434,0.704062014,-0.136539811,0.678060244
1045,2614733,1642410,0.985,0.048,-0.038,0,-0.1,0,-33.6,6.5,27,0.160649434,0.704062014,-0.136539811,0.678060244
1046,2618036,1642410,0.985,0.04,-0.034,0,-0.1,0,-33.6,6.5,27,0.160649434,0.704062014,-0.136539811,0.678060244
1047,2619721,1642410,0.985,0.04,-0.034,0,-0.1,0,-33.8,6.3,27.2,0.160649434,0.704092532,-0.136539811,0.678060244
1048,2623283,1642410,0.985,0.044,-0.038,0,-0.1,0,-33.8,6.3,27.2,0.160649434,0.704092532,-0.136539811,0.678060244
1049,2624873,1642420,0.985,0.044,-0.026,0,-0.2,0,-33.8,6.3,27.2,0.160649434,0.704092532,-0.136539811,0.678060244
1050,2627236,1642420,0.981,0.044,-0.034,0,-0.2,0,-33.8,6.3,27.2,0.160649434,0.704092532,-0.136539811,0.678060244
1051,2629726,1642420,0.985,0.04,-0.034,0,-0.1,0,-34.4,5.9,26.8,0.160649434,0.704092532,-0.136539811,0.678060244
1052,2632875,1642420,0.985,0.044,-0.03,0.1,0,0,-34.4,5.9,26.8,0.160649434,0.704092532,-0.136539811,0.678060244
1053,2635196,1642430,0.985,0.04,-0.034,0,0,0.1,-34.4,5.9,26.8,0.160649434,0.704092532,-0.136539811,0.678060244
1054,2637396,1642430,0.985,0.04,-0.034,0,0,0.1,-34.4,5.9,26.8,0.160649434,0.704092532,-0.136539811,0.678060244
1055,2639632,1642430,0.985,0.04,-0.038,0,-0.3,0,-34.8,5.8,26.8,0.160649434,0.704153569,-0.136539811,0.677999207
1056,2642226,1642430,0.981,0.04,-0.038,0,-0.3,0,-34.8,5.8,26.8,0.160649434,0.704153569,-0.136539811,0.677999207
1057,2645542,1642440,0.988,0.036,-0.03,0,-0.3,0,-34.8,5.8,26.8,0.160649434,0.704153569,-0.136539811,0.677968688
1058,2647243,1642440,0.988,0.044,-0.03,0,-0.3,0,-34.8,5.8,26.8,0.160649434,0.704153569,-0.136539811,0.677968688
1059,2650804,1642440,0.988,0.04,-0.034,0,0,0,-34.9,6.3,27.3,0.160649434,0.704153569,-0.136539811,0.677968688
1060,2652339,1642440,0.985,0.04,-0.03,0,0.1,0,-34.9,6.3,27.3,0.160649434,0.704153569,-0.136539811,0.677968688
1061,2654800,1642450,0.988,0.04,-0.034,0,0.2,0,-34.9,6.3,27.3,0.160649434,0.704153569,-0.136539811,0.677968688
1062,2657072,1642450,0.981,0.04,-0.034,0,0.3,0,-34.9,6.3,27.3,0.160649434,0.704153569,-0.136539811,0.677999207
1063,2660571,1642450,0.985,0.044,-0.026,0,0.3,0,-35.1,6.2,27.1,0.160649434,0.704153569,-0.136539811,0.677999207
1064,2662275,1642450,0.981,0.036,-0.03,0.1,0.1,0,-35.1,6.2,27.1,0.160649434,0.704153569,-0.136539811,0.677999207
1065,2665814,1642460,0.985,0.04,-0.034,0.1,0,0,-35.1,6.2,27.1,0.160649434,0.704153569,-0.136539811,0.677999207
1066,2667311,1642460,0.985,0.036,-0.034,0.1,-0.1,0,-35.1,6.2,27.1,0.160649434,0.704153569,-0.136539811,0.677999207
1067,2669675,1642460,0.985,0.036,-0.034,0.1,-0.1,0,-34.6,5.9,27.4,0.160649434,0.704153569,-0.136539811,0.677999207
1068,2673475,1642460,0.985,0.04,-0.042,0,0,0.1,-34.6,5.9,27.4,0.160649434,0.704153569,-0.136539811,0.677999207
1069,2674985,1642470,0.985,0.036,-0.038,0,0,0.2,-34.6,5.9,27.4,0.160618915,0.704153569,-0.136539811,0.677999207
1070,2677291,1642470,0.988,0.044,-0.034,0,0,0.1,-34.6,5.9,27.4,0.160618915,0.704153569,-0.136539811,0.677999207
1071,2680825,1642470,0.988,0.04,-0.03,0,0,0,-35.1,6.2,28,0.160618915,0.704153569,-0.136539811,0.677999207
1072,2682378,1642470,0.988,0.04,-0.034,0,0,0,-35.1,6.2,28,0.160618915,0.704153569,-0.136539811,0.677999207
1073,2685375,1642480,0.988,0.04,-0.034,0,0.1,0,-35.1,6.2,28,0.160618915,0.704153569,-0.136539811,0.677999207
1074,2687249,1642480,0.988,0.036,-0.03,0,0.1,0,-35.1,6.2,28,0.160618915,0.704153569,-0.136539811,0.677999207
1075,2690712,1642480,0.985,0.04,-0.034,0,0.2,0,-35.2,6.1,26.3,0.160618915,0.704184088,-0.13657033,0.677968688
1076,2692203,1642480,0.985,0.04,-0.034,0,0.2,0,-35.2,6.1,26.3,0.160618915,0.704184088,-0.13657033,0.677968688
1077,2696090,1642490,0.985,0.036,-0.03,0,0.2,0,-35.2,6.1,26.3,0.160618915,0.704184088,-0.13657033,0.677968688
1078,2697558,1642490,0.981,0.04,-0.03,0,0.1,0,-35.2,6.1,26.3,0.160618915,0.704184088,-0.13657033,0.677968688
1079,2699595,1642490,0.985,0.04,-0.038,0,0.1,0,-34.9,6,27.7,0.160618915,0.704184088,-0.13657033,0.677968688
1080,2702634,1642490,0.981,0.036,-0.038,0,0,0,-34.9,6,27.7,0.160618915,0.704184088,-0.13657033,0.677968688
1081,2704664,1642500,0.981,0.04,-0.03,0,-0.1,0,-34.9,6,27.7,0.160618915,0.704184088,-0.13657033,0.677968688
1082,2707532,1642500,0.988,0.04,-0.034,0,-0.3,0,-34.9,6,27.7,0.160618915,0.704184088,-0.13657033,0.677968688
1083,2710618,1642500,0.988,0.04,-0.03,0,-0.3,-0.1,-34.6,6,28.1,0.160618915,0.704184088,-0.13657033,0.677968688
1084,2712191,1642500,0.985,0.04,-0.034,0,-0.1,0,-34.6,6,28.1,0.160618915,0.704184088,-0.13657033,0.677938169
1085,2714895,1642510,0.985,0.04,-0.034,0,-0.1,0,-34.6,6,28.1,0.160618915,0.704184088,-0.13657033,0.677938169
1086,2717806,1642510,0.985,0.04,-0.034,0,0,0,-34.6,6,28.1,0.160618915,0.704184088,-0.13657033,0.677938169
1087,2720588,1642510,0.985,0.04,-0.042,0,0,0,-34.8,6,28.4,0.160618915,0.704184088,-0.13657033,0.677938169
1088,2722171,1642510,0.985,0.04,-0.042,0,0,0,-34.8,6,28.4,0.160618915,0.704184088,-0.13657033,0.677938169
1089,2725139,1642520,0.988,0.036,-0.034,0,0,0,-34.8,6,28.4,0.160618915,0.704184088,-0.13657033,0.677938169
1090,2728114,1642520,0.985,0.04,-0.034,0,0,0,-34.8,6,28.4,0.160618915,0.704184088,-0.13657033,0.677938169
1091,2729682,1642520,0.988,0.04,-0.026,0,0,0,-34.9,5.8,28.5,0.160618915,0.704184088,-0.13657033,0.677938169
1092,2732654,1642520,0.985,0.04,-0.03,0,-0.1,-0.1,-34.9,5.8,28.5,0.160618915,0.704184088,-0.13657033,0.677938169
1093,2735663,1642530,0.988,0.04,-0.03,-0.1,0,-0.1,-34.9,5.8,28.5,0.160618915,0.704184088,-0.13657033,0.677938169
1094,2737174,1642530,0.985,0.04,-0.038,-0.1,0,0,-34.9,5.8,28.5,0.160618915,0.704184088,-0.13657033,0.677938169
1095,2739698,1642530,0.981,0.036,-0.034,0,0,0.1,-34.8,6,25.3,0.160618915,0.704214606,-0.13657033,0.677907651
1096,2743210,1642530,0.981,0.036,-0.034,0,0,0.1,-34.8,6,25.3,0.160618915,0.704214606,-0.136600848,0.677907651
1097,2745129,1642540,0.985,0.04,-0.034,0,-0.1,0,-34.8,6,25.3,0.160618915,0.704214606,-0.136600848,0.677907651
1098,2747320,1642540,0.988,0.036,-0.034,0,0,0,-34.8,6,25.3,0.160618915,0.704214606,-0.136600848,0.677907651
1099,2749950,1642540,0.985,0.04,-0.038,0,0.1,0,-34.6,5.8,27,0.160618915,0.704214606,-0.136600848,0.677907651
1100,2753775,1642540,0.988,0.044,-0.026,0,0.1,0,-34.6,5.8,27,0.160618915,0.704214606,-0.13657033,0.677907651
1101,2755900,1642550,0.985,0.04,-0.034,0.1,0.1,0,-34.6,5.8,27,0.160618915,0.704214606,-0.13657033,0.677907651
1102,2757511,1642550,0.988,0.044,-0.038,0,0.2,0,-34.6,5.8,27,0.160618915,0.704214606,-0.13657033,0.677907651
1103,2759782,1642550,0.985,0.044,-0.03,0,0.3,0,-34.7,6.4,26.8,0.160618915,0.704214606,-0.13657033,0.677938169
1104,2763497,1642550,0.992,0.04,-0.026,0,0.2,0,-34.7,6.4,26.8,0.160618915,0.704214606,-0.13657033,0.677938169
1105,2765685,1642560,0.985,0.04,-0.042,0,0.1,0,-34.7,6.4,26.8,0.160618915,0.704214606,-0.13657033,0.677938169
1106,2767355,1642560,0.981,0.044,-0.03,0,0,0,-34.7,6.4,26.8,0.160618915,0.704214606,-0.13657033,0.677938169
1107,2769995,1642560,0.985,0.04,-0.034,0,0,0,-34.6,6,26,0.160618915,0.704214606,-0.13657033,0.677938169
1108,2772564,1642560,0.988,0.044,-0.034,0,0,0,-34.6,6,26,0.160618915,0.704214606,-0.13657033,0.677938169
1109,2774864,1642570,0.985,0.04,-0.03,0.1,0,0,-34.6,6,26,0.160618915,0.704214606,-0.13657033,0.677938169
1110,2777475,1642570,0.985,0.036,-0.038,0.1,-0.1,0,-34.6,6,26,0.160618915,0.704214606,-0.13657033,0.677938169
1111,2779674,1642570,0.988,0.04,-0.034,0,-0.1,0,-34.6,6.3,25.4,0.160618915,0.704214606,-0.13657033,0.677938169
1112,2783097,1642570,0.985,0.036,-0.038,0,-0.1,0.1,-34.6,6.3,25.4,0.160618915,0.704214606,-0.13657033,0.677938169
1113,2784905,1642580,0.988,0.04,-0.034,0,-0.1,0.2,-34.6,6.3,25.4,0.160618915,0.704214606,-0.136600848,0.677938169
1114,2787461,1642580,0.988,0.04,-0.034,0,0,0,-34.6,6.3,25.4,0.160618915,0.704214606,-0.136600848,0.677938169
1115,2791453,1642580,0.988,0.04,-0.03,-0.1,-0.1,-0.1,-35,5.9,26.8,0.160588397,0.704275643,-0.136600848,0.677846614
1116,2792179,1642580,0.985,0.044,-0.038,-0.1,-0.1,-0.1,-35,5.9,26.8,0.160588397,0.704275643,-0.136600848,0.677846614
1117,2796191,1642590,0.985,0.048,-0.03,-0.1,0,-0.1,-35,5.9,26.8,0.160588397,0.704275643,-0.136600848,0.677846614
1118,2797197,1642590,0.985,0.04,-0.034,0,0,-0.1,-35,5.9,26.8,0.160588397,0.704275643,-0.136600848,0.677846614
1119,2799718,1642590,0.985,0.04,-0.034,0,0.1,-0.1,-35.1,6.2,26.8,0.160588397,0.704275643,-0.136600848,0.677846614
1120,2802746,1642590,0.985,0.04,-0.038,0,0.1,0,-35.1,6.2,26.8,0.160588397,0.704275643,-0.136600848,0.677846614
1121,2805841,1642600,0.981,0.04,-0.03,0,0,0,-35.1,6.2,26.8,0.160588397,0.704275643,-0.136600848,0.677846614
1122,2807404,1642600,0.988,0.04,-0.03,0,0,0.1,-35.1,6.2,26.8,0.160588397,0.704275643,-0.136600848,0.677846614
1123,2810766,1642600,0.985,0.04,-0.038,0,-0.1,0.1,-34.9,6.2,26.5,0.160588397,0.704275643,-0.136631367,0.677846614
1124,2812245,1642600,0.988,0.04,-0.03,0,-0.1,0,-34.9,6.2,26.5,0.160588397,0.704275643,-0.136631367,0.677846614
1125,2815268,1642610,0.985,0.044,-0.03,0,0,0,-34.9,6.2,26.5,0.160588397,0.704275643,-0.136631367,0.677846614
1126,2818292,1642610,0.985,0.04,-0.034,0,0,-0.1,-34.9,6.2,26.5,0.160588397,0.704275643,-0.136631367,0.677846614
1127,2819882,1642610,0.988,0.04,-0.034,0,0,0,-35.4,6.3,27.2,0.160588397,0.704275643,-0.136600848,0.677846614
1128,2823020,1642610,0.988,0.04,-0.03,0,0,0,-35.4,6.3,27.2,0.160588397,0.704275643,-0.136600848,0.677846614
1129,2825826,1642620,0.985,0.044,-0.034,0,0,0,-35.4,6.3,27.2,0.160588397,0.704275643,-0.136600848,0.677846614
1130,2827354,1642620,0.985,0.04,-0.038,0,0,0,-35.4,6.3,27.2,0.160588397,0.704275643,-0.136600848,0.677846614
1131,2830818,1642620,0.985,0.04,-0.038,0,0,0,-35.1,6.1,26.7,0.160588397,0.704275643,-0.136600848,0.677846614
1132,2832402,1642620,0.985,0.04,-0.034,0.1,0,0,-35.1,6.1,26.7,0.160588397,0.704275643,-0.136600848,0.677846614
1133,2835561,1642630,0.985,0.044,-0.038,0.1,0,0,-35.1,6.1,26.7,0.160588397,0.704275643,-0.136600848,0.677846614
1134,2837028,1642630,0.988,0.04,-0.034,0.1,0,0.1,-35.1,6.1,26.7,0.160588397,0.704275643,-0.136600848,0.677846614
1135,2840403,1642630,0.985,0.036,-0.03,0,0,0.2,-35,6.7,27.7,0.160588397,0.704367199,-0.136600848,0.677755058
1136,2843493,1642630,0.988,0.04,-0.03,0,0,0.2,-35,6.7,27.7,0.160588397,0.704367199,-0.136600848,0.677755058
1137,2844971,1642640,0.988,0.036,-0.034,0,0,0.1,-35,6.7,27.7,0.160557878,0.704367199,-0.136631367,0.677755058
1138,2847211,1642640,0.985,0.044,-0.034,0.1,0,0,-35,6.7,27.7,0.160557878,0.704367199,-0.136600848,0.677755058
1139,2850740,1642640,0.985,0.036,-0.03,0,0,0,-34.7,5.1,26,0.160557878,0.704367199,-0.136600848,0.677755058
1140,2852254,1642640,0.985,0.04,-0.034,0,0,0,-34.7,5.1,26,0.160557878,0.704367199,-0.136631367,0.677755058
1141,2855395,1642650,0.985,0.036,-0.034,0,0,0,-34.7,5.1,26,0.160557878,0.704367199,-0.136631367,0.677755058
1142,2857646,1642650,0.985,0.04,-0.03,0,0,0,-34.7,5.1,26,0.160557878,0.704367199,-0.136631367,0.677755058
1143,2859651,1642650,0.985,0.036,-0.034,0,0,0,-34.8,4.2,26.1,0.160557878,0.704367199,-0.136631367,0.677755058
1144,2862889,1642650,0.981,0.04,-0.034,0,0,0,-34.8,4.2,26.1,0.160557878,0.704367199,-0.136631367,0.677755058
1145,2865772,1642660,0.985,0.04,-0.026,0,0,0,-34.8,4.2,26.1,0.160557878,0.704367199,-0.136631367,0.677755058
1146,2867121,1642660,0.985,0.04,-0.03,0,0,0,-34.8,4.2,26.1,0.160557878,0.704367199,-0.136631367,0.677755058
1147,2870085,1642660,0.985,0.036,-0.034,0,0,0,-35,3.7,26,0.160557878,0.704367199,-0.136631367,0.677755058
1148,2873139,1642660,0.985,0.044,-0.034,0,0,0,-35,3.7,26,0.160557878,0.704367199,-0.136631367,0.677785577
1149,2874714,1642670,0.988,0.04,-0.034,0.1,0,0,-35,3.7,26,0.160557878,0.704367199,-0.136631367,0.677785577
1150,2877572,1642670,0.985,0.04,-0.026,0.1,0,0,-35,3.7,26,0.160557878,0.704367199,-0.136631367,0.677785577
1151,2880570,1642670,0.981,0.04,-0.034,0.1,0,0,-34.8,3.6,25.9,0.160557878,0.704367199,-0.136631367,0.677785577
1152,2882055,1642670,0.985,0.04,-0.034,0,0,0,-34.8,3.6,25.9,0.160557878,0.704367199,-0.136631367,0.677785577
1153,2885281,1642680,0.985,0.04,-0.034,0,0,0,-34.8,3.6,25.9,0.160557878,0.704367199,-0.136631367,0.677785577
1154,2888073,1642680,0.985,0.036,-0.034,0,0,-0.1,-34.8,3.6,25.9,0.160557878,0.704367199,-0.136631367,0.677785577
1155,2889618,1642680,0.988,0.04,-0.03,-0.1,0,-0.1,-34.9,7.9,27.6,0.16052736,0.704428236,-0.136631367,0.67772454
1156,2892628,1642680,0.988,0.04,-0.03,-0.1,0,-0.1,-34.9,7.9,27.6,0.16052736,0.704428236,-0.136631367,0.67772454
1157,2894671,1642690,0.985,0.036,-0.038,-0.1,0,-0.1,-34.9,7.9,27.6,0.160557878,0.704428236,-0.136631367,0.67772454
1158,2898019,1642690,0.988,0.04,-0.034,0,0.1,0,-34.9,7.9,27.6,0.160557878,0.704428236,-0.136631367,0.67772454
1159,2900773,1642690,0.985,0.04,-0.03,0,0.1,0,-34.7,5.2,26.4,0.160557878,0.704428236,-0.136631367,0.67772454
1160,2902278,1642690,0.985,0.036,-0.034,0.1,0.1,0,-34.7,5.2,26.4,0.160557878,0.704397717,-0.136631367,0.67772454
1161,2905112,1642700,0.985,0.036,-0.034,0.1,0.2,0,-34.7,5.2,26.4,0.16052736,0.704397717,-0.136631367,0.67772454
1162,2907295,1642700,0.988,0.04,-0.034,0,0.2,0,-34.7,5.2,26.4,0.16052736,0.704397717,-0.136631367,0.67772454
1163,2911160,1642700,0.988,0.04,-0.042,0,0.1,0,-34.5,5.9,26.3,0.16052736,0.704397717,-0.136631367,0.67772454
1164,2912616,1642700,0.988,0.04,-0.038,0,0.1,0,-34.5,5.9,26.3,0.160557878,0.704397717,-0.136631367,0.67772454
1165,2915549,1642710,0.985,0.04,-0.042,0,0,0,-34.5,5.9,26.3,0.160557878,0.704397717,-0.136631367,0.67772454
1166,2917299,1642710,0.988,0.036,-0.034,0,-0.1,0,-34.5,5.9,26.3,0.160557878,0.704397717,-0.136631367,0.67772454
1167,2919953,1642710,0.992,0.044,-0.042,0,-0.2,-0.1,-34.7,7,27,0.160557878,0.704397717,-0.136631367,0.67772454
1168,2922142,1642710,0.985,0.04,-0.038,0,-0.2,-0.1,-34.7,7,27,0.160557878,0.704397717,-0.136631367,0.67772454
1169,2925874,1642720,0.985,0.04,-0.034,0,-0.1,0,-34.7,7,27,0.160557878,0.704397717,-0.136631367,0.67772454
1170,2927938,1642720,0.988,0.04,-0.03,-0.1,-0.1,0,-34.7,7,27,0.160557878,0.704428236,-0.136631367,0.67772454
1171,2930019,1642720,0.985,0.04,-0.03,-0.1,0,0,-34.7,7.6,26.5,0.160557878,0.704428236,-0.136631367,0.67772454
1172,2932415,1642720,0.985,0.04,-0.034,-0.1,0.1,0,-34.7,7.6,26.5,0.160557878,0.704397717,-0.136631367,0.67772454
1173,2934748,1642730,0.988,0.04,-0.034,0,0.2,0,-34.7,7.6,26.5,0.160557878,0.704397717,-0.136631367,0.67772454
1174,2937509,1642730,0.985,0.036,-0.042,0,0.2,0,-34.7,7.6,26.5,0.160557878,0.704397717,-0.136631367,0.67772454
1175,2941457,1642730,0.985,0.036,-0.034,0.1,0.1,0,-34.9,6.3,26.9,0.16052736,0.704458754,-0.136661885,0.677663503
1176,2942152,1642730,0.985,0.04,-0.03,0.1,0.1,0,-34.9,6.3,26.9,0.16052736,0.704458754,-0.136661885,0.677663503
1177,2945829,1642740,0.988,0.036,-0.034,0,0,-0.1,-34.9,6.3,26.9,0.16052736,0.704458754,-0.136631367,0.677663503
1178,2948170,1642740,0.988,0.04,-0.03,0,0,-0.1,-34.9,6.3,26.9,0.16052736,0.704458754,-0.136631367,0.677663503
1179,2949915,1642740,0.985,0.04,-0.034,0,0,-0.1,-34.7,6.3,27,0.16052736,0.704458754,-0.136631367,0.677663503
1180,2952288,1642740,0.985,0.044,-0.038,0,0,0,-34.7,6.3,27,0.16052736,0.704458754,-0.136631367,0.677663503
1181,2954989,1642750,0.988,0.04,-0.042,0,0.1,0,-34.7,6.3,27,0.16052736,0.704458754,-0.136631367,0.677663503
1182,2957250,1642750,0.988,0.04,-0.038,0,0.1,0.1,-34.7,6.3,27,0.16052736,0.704458754,-0.136631367,0.677663503
1183,2961381,1642750,0.985,0.036,-0.038,0,0.1,0.2,-35,6.3,27.2,0.16052736,0.704458754,-0.136631367,0.677694021
1184,2963590,1642750,0.985,0.04,-0.03,0,0.1,0.2,-35,6.3,27.2,0.16052736,0.704458754,-0.136661885,0.677694021
1185,2965748,1642760,0.988,0.044,-0.03,0,0.1,0,-35,6.3,27.2,0.16052736,0.704458754,-0.136661885,0.677694021
1186,2967233,1642760,0.985,0.04,-0.034,0,0.1,0,-35,6.3,27.2,0.16052736,0.704458754,-0.136631367,0.677694021
1187,2970300,1642760,0.985,0.044,-0.038,0,0.1,0,-34.9,6.6,27.2,0.16052736,0.704458754,-0.136631367,0.677694021
1188,2973273,1642760,0.985,0.036,-0.038,0,0.1,0,-34.9,6.6,27.2,0.16052736,0.704458754,-0.136631367,0.677694021
1189,2974725,1642770,0.985,0.044,-0.034,0,0,0,-34.9,6.6,27.2,0.16052736,0.704458754,-0.136631367,0.677694021
1190,2977238,1642770,0.988,0.036,-0.026,0.1,-0.1,0,-34.9,6.6,27.2,0.16052736,0.704458754,-0.136631367,0.677694021
1191,2980628,1642770,0.988,0.04,-0.03,0.1,0,0,-34.7,6.5,27.1,0.16052736,0.704458754,-0.136631367,0.677694021
1192,2982213,1642770,0.988,0.04,-0.038,0.1,0,0,-34.7,6.5,27.1,0.16052736,0.704458754,-0.136631367,0.677694021
1193,2984753,1642780,0.985,0.036,-0.03,0.1,0,0,-34.7,6.5,27.1,0.16052736,0.704458754,-0.136631367,0.677694021
1194,2988931,1642780,0.988,0.04,-0.03,0,-0.1,0,-34.7,6.5,27.1,0.16052736,0.704458754,-0.136631367,0.677694021
1195,2991229,1642780,0.988,0.04,-0.03,0,-0.1,0,-34.7,6.5,27.1,0.16052736,0.704458754,-0.136631367,0.677694021
1196,2993415,1642780,0.985,0.044,-0.03,0,-0.2,-0.1,-34.6,4.8,27,0.160496841,0.704489273,-0.136661885,0.677632984
1197,2994888,1642790,0.985,0.04,-0.034,0,-0.1,-0.1,-34.6,4.8,27,0.160496841,0.704489273,-0.136661885,0.677632984
1198,2997137,1642790,0.985,0.04,-0.034,0,0.1,-0.1,-34.6,4.8,27,0.160496841,0.704489273,-0.136661885,0.677632984
1199,2999815,1642790,0.985,0.04,-0.03,0.1,0.1,0,-36.1,7.6,27.3,0.160496841,0.704489273,-0.136661885,0.677632984
1200,3002195,1642790,0.985,0.04,-0.034,0,0.2,0,-36.1,7.6,27.3,0.160496841,0.704489273,-0.136661885,0.677663503
1201,3005303,1642800,0.985,0.04,-0.034,-0.1,0.1,0,-36.1,7.6,27.3,0.160496841,0.704489273,-0.136661885,0.677663503
1202,3008280,1642800,0.981,0.036,-0.03,-0.1,0,0,-36.1,7.6,27.3,0.16052736,0.704489273,-0.136661885,0.677663503
1203,3010506,1642800,0.985,0.036,-0.038,-0.1,0,0,-36.7,7.6,27.1,0.16052736,0.704489273,-0.136661885,0.677663503
1204,3012839,1642800,0.985,0.036,-0.034,0,0,0,-36.7,7.6,27.1,0.16052736,0.704489273,-0.136661885,0.677663503
1205,3014863,1642810,0.988,0.036,-0.034,0,-0.1,0,-36.7,7.6,27.1,0.16052736,0.704489273,-0.136661885,0.677663503
1206,3018068,1642810,0.985,0.04,-0.03,0,-0.1,0,-36.7,7.6,27.1,0.16052736,0.704489273,-0.136661885,0.677663503
1207,3020279,1642810,0.985,0.04,-0.03,0.1,-0.1,0.1,-37.2,7.6,27,0.160496841,0.704489273,-0.136661885,0.677632984
1208,3022398,1642810,0.988,0.044,-0.038,0.1,-0.1,0,-37.2,7.6,27,0.160496841,0.704489273,-0.136661885,0.677632984
1209,3024661,1642820,0.985,0.04,-0.034,0.1,-0.1,0.1,-37.2,7.6,27,0.160496841,0.704489273,-0.136661885,0.677632984
1210,3027343,1642820,0.988,0.036,-0.034,0.1,0,0.1,-37.2,7.6,27,0.160496841,0.704489273,-0.136661885,0.677632984
1211,3029588,1642820,0.985,0.04,-0.034,0,0,0,-37.2,7.7,27.5,0.160496841,0.704489273,-0.136661885,0.677632984
1212,3032944,1642820,0.988,0.044,-0.038,0,0,0,-37.2,7.7,27.5,0.160496841,0.704489273,-0.136661885,0.677632984
1213,3034879,1642830,0.981,0.04,-0.034,0,0.1,0,-37.2,7.7,27.5,0.160496841,0.704489273,-0.136661885,0.677663503
1214,3037943,1642830,0.985,0.04,-0.034,0,0,0,-37.2,7.7,27.5,0.160496841,0.704489273,-0.136661885,0.677663503
1215,3039818,1642830,0.985,0.04,-0.034,0,0,0,-33.7,5.5,27.1,0.160496841,0.70455031,-0.136661885,0.677571947
1216,3043217,1642830,0.985,0.04,-0.034,0,0,0,-33.7,5.5,27.1,0.160496841,0.70455031,-0.136661885,0.677571947
1217,3044652,1642840,0.985,0.04,-0.038,0,0,0,-33.7,5.5,27.1,0.160496841,0.70455031,-0.136661885,0.677571947
1218,3047059,1642840,0.985,0.036,-0.03,0,0.1,0,-33.7,5.5,27.1,0.160496841,0.70455031,-0.136661885,0.677571947
1219,3050642,1642840,0.988,0.036,-0.034,0,0,0,-36,7.3,26.9,0.160496841,0.70455031,-0.136661885,0.677571947
1220,3052209,1642840,0.981,0.04,-0.038,0,0,0,-36,7.3,26.9,0.160496841,0.70455031,-0.136661885,0.677571947
1221,3055841,1642850,0.988,0.044,-0.034,0,0,0,-36,7.3,26.9,0.160496841,0.70455031,-0.136661885,0.677571947
1222,3057360,1642850,0.985,0.04,-0.034,0,0,0,-36,7.3,26.9,0.160496841,0.70455031,-0.136661885,0.677571947
1223,3059680,1642850,0.985,0.04,-0.034,0,0,0,-35.4,6.9,26.7,0.160496841,0.70455031,-0.136661885,0.677571947
1224,3062295,1642850,0.985,0.044,-0.038,0,-0.1,0,-35.4,6.9,26.7,0.160496841,0.70455031,-0.136661885,0.677571947
1225,3065681,1642860,0.985,0.044,-0.034,0,-0.1,0,-35.4,6.9,26.7,0.160496841,0.70455031,-0.136661885,0.677571947
1226,3067350,1642860,0.985,0.04,-0.038,0,0,0,-35.4,6.9,26.7,0.160496841,0.70455031,-0.136661885,0.677571947
1227,3069686,1642860,0.981,0.04,-0.03,0.1,0,0,-34.9,7.1,26.8,0.160496841,0.70455031,-0.136661885,0.677571947
1228,3073127,1642860,0.985,0.04,-0.034,0.1,0.1,0,-34.9,7.1,26.8,0.160496841,0.70455031,-0.136661885,0.677571947
1229,3074694,1642870,0.985,0.04,-0.03,0,0,0,-34.9,7.1,26.8,0.160496841,0.70455031,-0.136661885,0.677571947
1230,3077966,1642870,0.985,0.04,-0.03,0,0,0,-34.9,7.1,26.8,0.160496841,0.70455031,-0.136661885,0.677571947
1231,3079735,1642870,0.985,0.04,-0.03,0,0.1,0,-34.3,6.8,26.7,0.160496841,0.70455031,-0.136661885,0.677602466
1232,3083149,1642870,0.985,0.04,-0.038,0,0.1,0,-34.3,6.8,26.7,0.160496841,0.70455031,-0.136661885,0.677602466
1233,3084738,1642880,0.988,0.04,-0.034,0,0.1,0,-34.3,6.8,26.7,0.160496841,0.70455031,-0.136661885,0.677602466
1234,3087254,1642880,0.988,0.04,-0.034,0,0.1,0,-34.3,6.8,26.7,0.160496841,0.70455031,-0.136661885,0.677602466
1235,3090603,1642880,0.988,0.04,-0.034,0,0.1,0,-34.3,6.8,26.7,0.160496841,0.70455031,-0.136661885,0.677602466
1236,3092253,1642880,0.988,0.036,-0.038,0,-0.1,0,-34.3,6.8,26.7,0.160496841,0.704611347,-0.136661885,0.677541429
1237,3094766,1642890,0.985,0.04,-0.034,0,-0.1,0.1,-34.3,6.8,26.7,0.160466323,0.704611347,-0.136661885,0.677541429
1238,3098091,1642890,0.985,0.04,-0.034,0,-0.1,0.1,-34.3,6.8,26.7,0.160466323,0.704611347,-0.136661885,0.677541429
1239,3099623,1642890,0.988,0.036,-0.03,0,-0.1,0,-34.8,6,27.1,0.160466323,0.704611347,-0.136692404,0.677541429
1240,3102759,1642890,0.985,0.036,-0.03,0.1,-0.1,0,-34.8,6,27.1,0.160466323,0.704611347,-0.136661885,0.677541429
1241,3104587,1642900,0.985,0.04,-0.034,0.1,-0.1,0,-34.8,6,27.1,0.160466323,0.704611347,-0.136661885,0.677541429
1242,3108129,1642900,0.988,0.04,-0.03,0,0,-0.1,-34.8,6,27.1,0.160466323,0.704611347,-0.136661885,0.67751091
1243,3109645,1642900,0.981,0.04,-0.038,0,0,-0.2,-34.6,5.8,26.7,0.160466323,0.704611347,-0.136661885,0.67751091
1244,3112186,1642900,0.985,0.04,-0.03,-0.1,0,-0.2,-34.6,5.8,26.7,0.160466323,0.704611347,-0.136661885,0.67751091
1245,3115636,1642910,0.981,0.044,-0.034,-0.1,0,-0.1,-34.6,5.8,26.7,0.160496841,0.704611347,-0.136661885,0.67751091
1246,3117151,1642910,0.988,0.036,-0.034,0,0,0,-34.6,5.8,26.7,0.160496841,0.704611347,-0.136661885,0.67751091
1247,3119721,1642910,0.985,0.04,-0.026,0,0,0,-34.7,6,26.6,0.160496841,0.704611347,-0.136661885,0.67751091
1248,3123154,1642910,0.985,0.036,-0.03,0,0.1,0,-34.7,6,26.6,0.160496841,0.704611347,-0.136661885,0.67751091
1249,3124653,1642920,0.988,0.04,-0.034,0,0.1,0,-34.7,6,26.6,0.160496841,0.704611347,-0.136661885,0.67751091
1250,3127382,1642920,0.988,0.044,-0.034,0,0.1,0.1,-34.7,6,26.6,0.160496841,0.704611347,-0.136661885,0.677541429
1251,3129779,1642920,0.988,0.04,-0.03,0,0,0.1,-34.7,6.1,27,0.160466323,0.704611347,-0.136661885,0.677541429
1252,3132198,1642920,0.988,0.04,-0.03,0.1,-0.1,0,-34.7,6.1,27,0.160466323,0.704611347,-0.136661885,0.677541429
1253,3135726,1642930,0.985,0.04,-0.03,0,-0.2,0,-34.7,6.1,27,0.160466323,0.704611347,-0.136661885,0.67751091
1254,3137276,1642930,0.985,0.044,-0.042,0,-0.3,0,-34.7,6.1,27,0.160466323,0.704611347,-0.136661885,0.67751091
1255,3140621,1642930,0.985,0.04,-0.038,0,-0.3,0,-34.7,6.1,27,0.160466323,0.704672384,-0.136661885,0.677480392
1256,3142851,1642930,0.985,0.04,-0.034,0,-0.2,0,-34.7,6.1,27,0.160466323,0.704672384,-0.136661885,0.677480392
1257,3145040,1642940,0.985,0.04,-0.03,0,-0.1,0,-34.7,6.1,27,0.160466323,0.704672384,-0.136661885,0.677449873
1258,3147406,1642940,0.988,0.04,-0.034,0.1,0,0,-34.7,6.1,27,0.160466323,0.704672384,-0.136661885,0.677449873
1259,3149761,1642940,0.988,0.04,-0.03,0,0,0,-33.5,6.4,27.3,0.160466323,0.704672384,-0.136661885,0.677449873
1260,3153905,1642940,0.985,0.048,-0.038,0,0,0,-33.5,6.4,27.3,0.160466323,0.704672384,-0.136661885,0.677449873
1261,3154672,1642950,0.985,0.04,-0.034,-0.1,-0.1,0,-33.5,6.4,27.3,0.160466323,0.704672384,-0.136661885,0.677449873
1262,3157190,1642950,0.988,0.04,-0.038,-0.1,-0.1,0,-33.5,6.4,27.3,0.160466323,0.704672384,-0.136661885,0.677449873
1263,3160463,1642950,0.985,0.036,-0.034,0,0,0,-33.8,6.2,27.2,0.160466323,0.704672384,-0.136661885,0.677449873
1264,3162131,1642950,0.988,0.036,-0.034,0,0,0,-33.8,6.2,27.2,0.160466323,0.704672384,-0.136661885,0.677449873
1265,3164871,1642960,0.985,0.04,-0.034,0,0,0,-33.8,6.2,27.2,0.160466323,0.704672384,-0.136661885,0.677449873
1266,3168040,1642960,0.988,0.036,-0.034,0,0.1,0.1,-33.8,6.2,27.2,0.160466323,0.704672384,-0.136661885,0.677449873
1267,3170253,1642960,0.985,0.036,-0.034,0,0,0.1,-33.7,6.1,27.2,0.160466323,0.704672384,-0.136661885,0.677449873
1268,3172628,1642960,0.988,0.036,-0.03,0,0,0,-33.7,6.1,27.2,0.160466323,0.704672384,-0.136661885,0.677449873
1269,3174880,1642970,0.985,0.04,-0.03,0,0,0,-33.7,6.1,27.2,0.160466323,0.704672384,-0.136661885,0.677449873
1270,3177220,1642970,0.985,0.04,-0.034,0,0.1,0,-33.7,6.1,27.2,0.160466323,0.704672384,-0.136661885,0.677449873
1271,3179776,1642970,0.981,0.04,-0.034,0,0.2,0,-33.6,6.6,27.1,0.160466323,0.704672384,-0.136661885,0.677480392
1272,3183132,1642970,0.985,0.032,-0.03,0,0.2,0,-33.6,6.6,27.1,0.160466323,0.704672384,-0.136661885,0.677480392
1273,3184707,1642980,0.981,0.044,-0.03,0.1,0.1,0,-33.6,6.6,27.1,0.160466323,0.704672384,-0.136661885,0.677480392
1274,3187268,1642980,0.988,0.04,-0.03,0.1,0,0,-33.6,6.6,27.1,0.160466323,0.704672384,-0.136661885,0.677480392
1275,3190486,1642980,0.985,0.044,-0.034,0.1,-0.2,0,-33.6,6.6,27.1,0.160466323,0.704672384,-0.136661885,0.677449873
1276,3192266,1642980,0.985,0.044,-0.034,0,-0.3,0,-33.6,6.6,27.1,0.160466323,0.704672384,-0.136661885,0.677449873
1277,3195636,1642990,0.988,0.036,-0.03,0,-0.2,-0.1,-33.6,6.6,27.1,0.160466323,0.704702902,-0.136661885,0.677449873
1278,3197192,1642990,0.985,0.04,-0.034,-0.1,-0.1,-0.1,-33.6,6.6,27.1,0.160466323,0.704702902,-0.136692404,0.677449873
1279,3200394,1642990,0.985,0.044,-0.042,-0.1,-0.1,-0.1,-34.3,5.9,26.7,0.160466323,0.704702902,-0.136692404,0.677449873
1280,3203250,1642990,0.988,0.044,-0.034,0,-0.1,-0.1,-34.3,5.9,26.7,0.160466323,0.704702902,-0.136692404,0.677449873
1281,3204838,1643000,0.985,0.04,-0.034,0.1,-0.1,-0.1,-34.3,5.9,26.7,0.160466323,0.704702902,-0.136661885,0.677419355
1282,3207783,1643000,0.988,0.04,-0.034,0.1,-0.1,0,-34.3,5.9,26.7,0.160466323,0.704702902,-0.136661885,0.677419355
1283,3209628,1643000,0.985,0.044,-0.042,0.1,-0.1,0,-34,5.8,26.9,0.160466323,0.704702902,-0.136661885,0.677419355
1284,3213093,1643000,0.985,0.044,-0.03,0,0,0,-34,5.8,26.9,0.160466323,0.704702902,-0.136661885,0.677419355
1285,3214740,1643010,0.988,0.04,-0.03,0,0,0,-34,5.8,26.9,0.160466323,0.704702902,-0.136661885,0.677419355
1286,3218271,1643010,0.985,0.04,-0.034,0,0,-0.1,-34,5.8,26.9,0.160466323,0.704702902,-0.136661885,0.677419355
1287,3219785,1643010,0.985,0.04,-0.03,0,0,-0.1,-34.5,5.8,27.1,0.160466323,0.704702902,-0.136661885,0.677419355
1288,3222798,1643010,0.985,0.044,-0.03,0,0,0,-34.5,5.8,27.1,0.160466323,0.704702902,-0.136661885,0.677419355
1289,3225774,1643020,0.981,0.04,-0.026,0,0,0,-34.5,5.8,27.1,0.160466323,0.704702902,-0.136661885,0.677419355
1290,3227264,1643020,0.981,0.04,-0.038,0,0,0,-34.5,5.8,27.1,0.160466323,0.704702902,-0.136661885,0.677419355
1291,3230382,1643020,0.985,0.04,-0.034,0,0,0,-34.6,6.1,27.4,0.160466323,0.704702902,-0.136661885,0.677419355
1292,3233277,1643020,0.988,0.04,-0.034,0,0.1,0,-34.6,6.1,27.4,0.160466323,0.704702902,-0.136661885,0.677419355
1293,3234774,1643030,0.985,0.036,-0.03,0,0.1,0,-34.6,6.1,27.4,0.160466323,0.704702902,-0.136661885,0.677419355
1294,3237919,1643030,0.985,0.04,-0.034,0,0.1,0,-34.6,6.1,27.4,0.160466323,0.704702902,-0.136661885,0.677419355
1295,3239616,1643030,0.981,0.04,-0.034,0,0.1,0,-34.6,6.1,27.4,0.160435804,0.704733421,-0.136692404,0.677388836
1296,3243138,1643030,0.985,0.036,-0.034,0,0.1,0,-34.6,6.1,27.4,0.160435804,0.704733421,-0.136692404,0.677388836
1297,3244863,1643040,0.988,0.036,-0.046,0,0.1,-0.1,-34.6,6.1,27.4,0.160466323,0.704733421,-0.136692404,0.677388836
1298,3248341,1643040,0.985,0.04,-0.034,0,0.2,-0.1,-34.6,6.1,27.4,0.160466323,0.704733421,-0.136692404,0.677388836
1299,3249803,1643040,0.985,0.04,-0.026,0,0.2,0,-34.6,6.2,27.2,0.160466323,0.704733421,-0.136661885,0.677419355
1300,3252889,1643040,0.985,0.036,-0.034,0.1,0.1,0,-34.6,6.2,27.2,0.160466323,0.704733421,-0.136661885,0.677419355
1301,3255883,1643050,0.985,0.036,-0.038,0,0.1,-0.1,-34.6,6.2,27.2,0.160466323,0.704733421,-0.136661885,0.677419355
1302,3257422,1643050,0.988,0.04,-0.034,0,0,0,-34.6,6.2,27.2,0.160466323,0.704733421,-0.136661885,0.677419355
1303,3260804,1643050,0.988,0.04,-0.03,0,0,0,-34.7,6.3,27.2,0.160466323,0.704733421,-0.136661885,0.677419355
1304,3262214,1643050,0.988,0.04,-0.034,0,0,0.1,-34.7,6.3,27.2,0.160466323,0.704733421,-0.136661885,0.677419355
1305,3265275,1643060,0.985,0.036,-0.03,0,0,0.1,-34.7,6.3,27.2,0.160466323,0.704733421,-0.136661885,0.677419355
1306,3268192,1643060,0.985,0.04,-0.038,0,0,0.1,-34.7,6.3,27.2,0.160466323,0.704733421,-0.136692404,0.677419355
1307,3269782,1643060,0.985,0.044,-0.038,0,0,0,-35,6.2,28.1,0.160466323,0.704733421,-0.136692404,0.677419355
1308,3272836,1643060,0.985,0.04,-0.034,0,-0.1,0,-35,6.2,28.1,0.160466323,0.704733421,-0.136692404,0.677419355
1309,3275793,1643070,0.985,0.044,-0.034,0,-0.1,0,-35,6.2,28.1,0.160435804,0.704733421,-0.136692404,0.677419355
1310,3277634,1643070,0.988,0.044,-0.034,0,-0.1,0,-35,6.2,28.1,0.160435804,0.704733421,-0.136692404,0.677419355
1311,3279975,1643070,0.988,0.036,-0.034,0,0,0,-34.6,6.2,28.5,0.160435804,0.704733421,-0.136692404,0.677419355
1312,3282212,1643070,0.985,0.036,-0.03,0,0,-0.1,-34.6,6.2,28.5,0.160466323,0.704733421,-0.136692404,0.677419355
1313,3285207,1643080,0.985,0.04,-0.034,0,0,-0.1,-34.6,6.2,28.5,0.160466323,0.704733421,-0.136692404,0.677419355
1314,3288096,1643080,0.985,0.04,-0.038,0,0,0,-34.6,6.2,28.5,0.160466323,0.704733421,-0.136692404,0.677419355
1315,3289660,1643080,0.981,0.04,-0.034,0,0,-0.1,-34.6,6.2,28.5,0.160435804,0.704763939,-0.136722922,0.677358318
1316,3292690,1643080,0.985,0.044,-0.038,0,0,-0.1,-34.6,6.2,28.5,0.160435804,0.704763939,-0.136722922,0.677358318
1317,3295672,1643090,0.988,0.04,-0.038,0,0,-0.1,-34.6,6.2,28.5,0.160435804,0.704763939,-0.136722922,0.677358318
1318,3297149,1643090,0.988,0.044,-0.042,0,-0.1,0,-34.6,6.2,28.5,0.160435804,0.704794458,-0.136722922,0.677358318
1319,3300130,1643090,0.985,0.04,-0.038,0,-0.1,0,-34.5,6.2,27.6,0.160435804,0.704794458,-0.136722922,0.677358318
1320,3303157,1643090,0.988,0.032,-0.034,0.1,0,0,-34.5,6.2,27.6,0.160435804,0.704794458,-0.136722922,0.677358318
1321,3304686,1643100,0.985,0.04,-0.034,0,0,0.1,-34.5,6.2,27.6,0.160435804,0.704794458,-0.136722922,0.677358318
1322,3307320,1643100,0.985,0.04,-0.034,0,0,0.1,-34.5,6.2,27.6,0.160435804,0.704794458,-0.136722922,0.677358318
1323,3310430,1643100,0.988,0.04,-0.03,0,-0.1,0,-35,6.2,28.1,0.160435804,0.704794458,-0.136722922,0.677358318
1324,3312180,1643100,0.985,0.044,-0.034,0,-0.1,0,-35,6.2,28.1,0.160435804,0.704794458,-0.136722922,0.677358318
1325,3315690,1643110,0.981,0.036,-0.03,0,0,0,-35,6.2,28.1,0.160435804,0.704794458,-0.136722922,0.677358318
1326,3317168,1643110,0.985,0.036,-0.034,0.1,0.1,0,-35,6.2,28.1,0.160435804,0.704794458,-0.136722922,0.677358318
1327,3320481,1643110,0.981,0.036,-0.03,0,0.1,0,-34.7,6.2,28.2,0.160374767,0.704794458,-0.136722922,0.677358318
1328,3322839,1643110,0.988,0.036,-0.03,0,0,0,-34.7,6.2,28.2,0.160435804,0.704794458,-0.136722922,0.677358318
1329,3325088,1643120,0.985,0.04,-0.03,0,0,0,-34.7,6.2,28.2,0.160435804,0.704794458,-0.136722922,0.677358318
1330,3327263,1643120,0.988,0.036,-0.034,0,0,0,-34.7,6.2,28.2,0.160435804,0.704794458,-0.136722922,0.677358318
1331,3329608,1643120,0.985,0.036,-0.03,0,-0.1,-0.1,-35,6.3,27.8,0.160435804,0.704794458,-0.136722922,0.677358318
1332,3333124,1643120,0.988,0.04,-0.034,0,-0.1,0,-35,6.3,27.8,0.160435804,0.704794458,-0.136722922,0.677358318
1333,3334626,1643130,0.985,0.04,-0.034,0,-0.1,0,-35,6.3,27.8,0.160435804,0.704794458,-0.136722922,0.677358318
1334,3337653,1643130,0.985,0.04,-0.038,-0.1,0,0,-35,6.3,27.8,0.160435804,0.704794458,-0.136722922,0.677327799
1335,3339696,1643130,0.985,0.04,-0.034,0,0.1,0,-35,6.3,27.8,0.160374767,0.704824976,-0.136722922,0.677297281
1336,3342307,1643130,0.985,0.04,-0.034,0,0.1,0,-35,6.3,27.8,0.160374767,0.704824976,-0.136722922,0.677297281
1337,3345416,1643140,0.985,0.036,-0.038,0,0.1,0,-35,6.3,27.8,0.160374767,0.704824976,-0.136722922,0.677297281
1338,3347055,1643140,0.988,0.04,-0.034,0,0.1,0,-35,6.3,27.8,0.160374767,0.704824976,-0.136722922,0.677297281
1339,3349694,1643140,0.985,0.036,-0.034,0,0,0,-35.1,6.1,26.7,0.160374767,0.704824976,-0.136722922,0.677297281
1340,3352806,1643140,0.985,0.036,-0.03,0,0,0,-35.1,6.1,26.7,0.160374767,0.704824976,-0.136722922,0.677297281
1341,3355926,1643150,0.988,0.044,-0.034,0,0,0,-35.1,6.1,26.7,0.160374767,0.704824976,-0.136722922,0.677297281
1342,3357368,1643150,0.988,0.036,-0.034,0,0,0,-35.1,6.1,26.7,0.160374767,0.704824976,-0.136722922,0.677297281
1343,3360518,1643150,0.988,0.04,-0.034,0,0,0,-34.7,6,26.4,0.160374767,0.704824976,-0.136722922,0.677297281
1344,3363342,1643150,0.985,0.044,-0.042,0,-0.1,-0.1,-34.7,6,26.4,0.160374767,0.704824976,-0.136722922,0.677297281
1345,3364941,1643160,0.985,0.04,-0.034,0.1,-0.2,-0.2,-34.7,6,26.4,0.160374767,0.704824976,-0.136722922,0.677297281
1346,3367215,1643160,0.981,0.036,-0.038,0,-0.2,-0.1,-34.7,6,26.4,0.160374767,0.704824976,-0.136722922,0.677297281
1347,3370636,1643160,0.988,0.044,-0.03,0,0,0,-34.8,5.9,26,0.160374767,0.704824976,-0.136722922,0.677297281
1348,3372196,1643160,0.985,0.04,-0.038,0,0,0,-34.8,5.9,26,0.160374767,0.704824976,-0.136722922,0.677297281
1349,3375229,1643170,0.985,0.036,-0.034,0,0,0,-34.8,5.9,26,0.160374767,0.704824976,-0.136722922,0.677297281
1350,3378225,1643170,0.985,0.044,-0.03,0,0,0,-34.8,5.9,26,0.160374767,0.704824976,-0.136722922,0.677297281
1351,3379718,1643170,0.985,0.04,-0.03,0,0,0,-34.7,6,25.9,0.160374767,0.704824976,-0.136722922,0.677297281
1352,3382470,1643170,0.985,0.036,-0.03,-0.1,-0.1,0,-34.7,6,25.9,0.160374767,0.704824976,-0.136722922,0.677297281
1353,3384708,1643180,0.981,0.04,-0.034,-0.1,0,0,-34.7,6,25.9,0.160374767,0.704824976,-0.136753441,0.677297281
1354,3388054,1643180,0.988,0.04,-0.034,0,0,0,-34.7,6,25.9,0.160374767,0.704824976,-0.136753441,0.677297281
1355,3390310,1643180,0.988,0.04,-0.034,0,0,-0.1,-34.7,6,25.9,0.160374767,0.704855495,-0.136753441,0.677266762
1356,3392256,1643180,0.985,0.04,-0.03,0,-0.1,-0.1,-34.7,6,25.9,0.160374767,0.704855495,-0.136753441,0.677266762
1357,3395435,1643190,0.985,0.04,-0.034,0,-0.1,0,-34.7,6,25.9,0.160374767,0.704855495,-0.136753441,0.677266762
1358,3397376,1643190,0.985,0.04,-0.038,0,-0.1,0,-34.7,6,25.9,0.160374767,0.704855495,-0.136753441,0.677266762
1359,3399553,1643190,0.988,0.036,-0.03,0,0,0,-35,6,26.7,0.160374767,0.704855495,-0.136753441,0.677266762
1360,3402941,1643190,0.985,0.036,-0.042,0,0.1,0,-35,6,26.7,0.160374767,0.704855495,-0.136753441,0.677266762
1361,3404525,1643200,0.985,0.04,-0.034,0.1,0.1,0,-35,6,26.7,0.160374767,0.704855495,-0.136753441,0.677266762
1362,3407517,1643200,0.985,0.04,-0.03,0,0.1,0,-35,6,26.7,0.160374767,0.704855495,-0.136753441,0.677266762
1363,3410574,1643200,0.985,0.044,-0.034,0,0.1,0,-35,5.6,26.4,0.160374767,0.704855495,-0.136753441,0.677266762
1364,3412144,1643200,0.985,0.036,-0.03,0,0.1,0.1,-35,5.6,26.4,0.160374767,0.704855495,-0.136753441,0.677266762
1365,3414954,1643210,0.988,0.04,-0.034,0,0.2,0.1,-35,5.6,26.4,0.160374767,0.704855495,-0.136753441,0.677266762
1366,3418019,1643210,0.981,0.036,-0.034,0,0.2,0,-35,5.6,26.4,0.160374767,0.704855495,-0.136753441,0.677297281
1367,3420228,1643210,0.985,0.04,-0.03,-0.1,0.1,0,-35,5,26.5,0.160374767,0.704855495,-0.136753441,0.677297281
1368,3422460,1643210,0.985,0.04,-0.034,-0.1,0.1,0,-35,5,26.5,0.160374767,0.704824976,-0.136753441,0.677297281
1369,3424626,1643220,0.985,0.036,-0.03,-0.1,0,-0.1,-35,5,26.5,0.160374767,0.704824976,-0.136753441,0.677297281
1370,3427711,1643220,0.988,0.04,-0.034,0,-0.1,-0.1,-35,5,26.5,0.160374767,0.704855495,-0.136753441,0.677266762
1371,3430630,1643220,0.988,0.04,-0.038,0,-0.2,-0.1,-34.9,4.2,26.2,0.160435804,0.704855495,-0.136753441,0.677266762
1372,3432315,1643220,0.985,0.04,-0.034,0,-0.3,-0.1,-34.9,4.2,26.2,0.160435804,0.704855495,-0.136753441,0.677266762
1373,3435164,1643230,0.988,0.04,-0.034,0,-0.1,-0.1,-34.9,4.2,26.2,0.160435804,0.704855495,-0.136753441,0.677266762
1374,3438260,1643230,0.985,0.04,-0.034,0,0,-0.1,-34.9,4.2,26.2,0.160435804,0.704855495,-0.136753441,0.677266762
1375,3439688,1643230,0.988,0.036,-0.034,0,0.1,0,-34.9,4.2,26.2,0.160374767,0.704916532,-0.136753441,0.677205725
1376,3442658,1643230,0.985,0.036,-0.034,0,0.1,0,-34.9,4.2,26.2,0.160374767,0.704916532,-0.136753441,0.677205725
1377,3446136,1643240,0.985,0.036,-0.038,0,0,0,-34.9,4.2,26.2,0.160374767,0.704916532,-0.136753441,0.677205725
1378,3447724,1643240,0.981,0.036,-0.034,0,-0.1,0,-34.9,4.2,26.2,0.160374767,0.704916532,-0.136753441,0.677205725
1379,3449947,1643240,0.988,0.04,-0.034,0,-0.1,-0.1,-34.9,4.7,25.5,0.160435804,0.704916532,-0.136753441,0.677205725
1380,3453014,1643240,0.988,0.036,-0.034,0,0.1,0,-34.9,4.7,25.5,0.160435804,0.704916532,-0.136753441,0.677205725
1381,3454836,1643250,0.981,0.04,-0.038,0,0.3,0,-34.9,4.7,25.5,0.160435804,0.704916532,-0.136753441,0.677205725
1382,3458078,1643250,0.988,0.044,-0.03,0,0.3,0.1,-34.9,4.7,25.5,0.160435804,0.704886013,-0.136753441,0.677236244
1383,3459742,1643250,0.985,0.036,-0.03,0,0.1,0.1,-34.8,5,26,0.160374767,0.704886013,-0.136753441,0.677236244
1384,3462437,1643250,0.985,0.04,-0.034,0,-0.1,0,-34.8,5,26,0.160374767,0.704886013,-0.136753441,0.677236244
1385,3465400,1643260,0.988,0.04,-0.03,-0.1,-0.1,0,-34.8,5,26,0.160374767,0.704886013,-0.136753441,0.677205725
1386,3467643,1643260,0.985,0.04,-0.042,-0.1,-0.1,-0.1,-34.8,5,26,0.160435804,0.704916532,-0.136753441,0.677205725
1387,3470571,1643260,0.985,0.04,-0.03,-0.1,0,-0.1,-34.6,4.7,25.9,0.160435804,0.704916532,-0.136753441,0.677205725
1388,3472938,1643260,0.985,0.036,-0.034,0,0,0,-34.6,4.7,25.9,0.160435804,0.704916532,-0.136753441,0.677205725
1389,3474832,1643270,0.985,0.04,-0.034,0,0,0,-34.6,4.7,25.9,0.160435804,0.704916532,-0.136753441,0.677205725
1390,3477827,1643270,0.988,0.04,-0.034,0.1,0.1,0,-34.6,4.7,25.9,0.160435804,0.704886013,-0.136753441,0.677205725
1391,3479653,1643270,0.985,0.04,-0.038,0,0.1,0,-34.5,5.2,25.8,0.160435804,0.704886013,-0.136753441,0.677236244
1392,3483177,1643270,0.985,0.04,-0.042,0,0.1,-0.1,-34.5,5.2,25.8,0.160435804,0.704886013,-0.136753441,0.677236244
1393,3484687,1643280,0.981,0.04,-0.034,0,0.1,0,-34.5,5.2,25.8,0.160435804,0.704886013,-0.136753441,0.677236244
1394,3487600,1643280,0.988,0.04,-0.034,0,0.1,-0.1,-34.5,5.2,25.8,0.160435804,0.704886013,-0.136753441,0.677236244
1395,3490687,1643280,0.988,0.04,-0.034,0,0.1,-0.1,-34.5,5.2,25.8,0.160435804,0.704886013,-0.136753441,0.677236244
1396,3492261,1643280,0.985,0.036,-0.038,0,0,-0.1,-34.5,5.2,25.8,0.160435804,0.704977569,-0.136753441,0.677144688
1397,3494796,1643290,0.985,0.04,-0.034,0,-0.1,0,-34.5,5.2,25.8,0.160435804,0.704977569,-0.136753441,0.677144688
1398,3498411,1643290,0.992,0.04,-0.034,0,-0.1,0,-34.5,5.2,25.8,0.160435804,0.704977569,-0.136753441,0.677144688
1399,3499880,1643290,0.988,0.044,-0.026,0,-0.1,0,-34.8,6.5,26.9,0.160435804,0.704977569,-0.136753441,0.677144688
1400,3502732,1643290,0.988,0.044,-0.03,0,0,0,-34.8,6.5,26.9,0.160435804,0.704977569,-0.136753441,0.677144688
1401,3504572,1643300,0.988,0.04,-0.034,0,0,0,-34.8,6.5,26.9,0.160435804,0.704977569,-0.136753441,0.677144688
1402,3507917,1643300,0.985,0.04,-0.034,0,0.1,0,-34.8,6.5,26.9,0.160435804,0.704977569,-0.136753441,0.677144688
1403,3509610,1643300,0.985,0.04,-0.026,0,0.1,0,-35,7,26.8,0.160435804,0.704977569,-0.136753441,0.677144688
1404,3512321,1643300,0.981,0.04,-0.034,0,0.1,0,-35,7,26.8,0.160435804,0.704977569,-0.136753441,0.677144688
1405,3515523,1643310,0.985,0.04,-0.034,0,0.1,0,-35,7,26.8,0.160435804,0.70494705,-0.136753441,0.677144688
1406,3517237,1643310,0.985,0.04,-0.034,0,0.1,0,-35,7,26.8,0.160435804,0.70494705,-0.136753441,0.677144688
1407,3520025,1643310,0.988,0.04,-0.034,0,0,-0.1,-35.1,7.1,26.7,0.160435804,0.70494705,-0.136753441,0.677144688
1408,3523090,1643310,0.988,0.044,-0.03,0,0,0,-35.1,7.1,26.7,0.160435804,0.70494705,-0.136753441,0.677144688
1409,3524670,1643320,0.988,0.036,-0.026,0,-0.1,0,-35.1,7.1,26.7,0.160435804,0.704977569,-0.136753441,0.677144688
1410,3527475,1643320,0.988,0.044,-0.034,0,-0.1,0,-35.1,7.1,26.7,0.160435804,0.704977569,-0.136753441,0.677144688
1411,3530572,1643320,0.985,0.044,-0.034,0,-0.1,0,-34.8,7.4,26.6,0.160435804,0.704977569,-0.136753441,0.677144688
1412,3532219,1643320,0.985,0.04,-0.03,0,0,0,-34.8,7.4,26.6,0.160435804,0.704977569,-0.136753441,0.677144688
1413,3535091,1643330,0.988,0.04,-0.034,0,0,0,-34.8,7.4,26.6,0.160435804,0.704977569,-0.136753441,0.677144688
1414,3538082,1643330,0.988,0.04,-0.03,0,0,0,-34.8,7.4,26.6,0.160435804,0.704977569,-0.136753441,0.677144688
1415,3539793,1643330,0.988,0.044,-0.034,0,0.1,0,-34.8,7.4,26.6,0.160435804,0.704977569,-0.136753441,0.677144688
1416,3543339,1643330,0.988,0.044,-0.03,0,0.3,0,-34.8,7.4,26.6,0.160435804,0.704977569,-0.136753441,0.677144688
1417,3544806,1643340,0.988,0.04,-0.026,0,0.3,-0.1,-34.8,7.4,26.6,0.160435804,0.704977569,-0.136753441,0.677144688
1418,3547392,1643340,0.988,0.04,-0.03,0,0.2,-0.1,-34.8,7.4,26.6,0.160435804,0.704977569,-0.136722922,0.677144688
1419,3549584,1643340,0.985,0.04,-0.034,0,0.1,0,-34.7,5.8,27,0.160435804,0.704977569,-0.136722922,0.677144688
1420,3553137,1643340,0.985,0.04,-0.03,0,0,0,-34.7,5.8,27,0.160435804,0.704977569,-0.136722922,0.677144688
1421,3555268,1643350,0.985,0.036,-0.034,0,0,0,-34.7,5.8,27,0.160435804,0.704977569,-0.136722922,0.677144688
1422,3557293,1643350,0.985,0.036,-0.03,0,-0.1,0,-34.7,5.8,27,0.160435804,0.704977569,-0.136753441,0.677144688
1423,3559990,1643350,0.988,0.04,-0.03,0,0,0,-34.7,5.8,27,0.160435804,0.704977569,-0.136722922,0.677144688
1424,3562287,1643350,0.988,0.04,-0.034,0,0,-0.1,-34.7,5.8,27,0.160435804,0.704977569,-0.136722922,0.677144688
1425,3565714,1643360,0.992,0.04,-0.038,0,0.1,-0.1,-34.7,5.8,27,0.160435804,0.704977569,-0.136722922,0.677144688
1426,3567265,1643360,0.988,0.04,-0.034,0,0.1,0,-34.7,5.8,27,0.160435804,0.704977569,-0.136722922,0.677144688
1427,3569863,1643360,0.985,0.04,-0.038,0,0,0,-34.7,5.8,27,0.160435804,0.704977569,-0.136722922,0.677144688
1428,3572214,1643360,0.988,0.04,-0.034,0,0,0.1,-34.7,5.8,27,0.160435804,0.704977569,-0.136722922,0.677144688
1429,3574737,1643370,0.988,0.044,-0.038,0,0,0,-34.7,5.8,27,0.160435804,0.70494705,-0.136722922,0.677144688
1430,3578749,1643370,0.985,0.04,-0.034,-0.1,0,0,-34.7,5.8,27,0.160435804,0.70494705,-0.136753441,0.677144688
1431,3580729,1643370,0.985,0.044,-0.038,0,0,0,-34.7,5.8,27,0.160435804,0.70494705,-0.136753441,0.677144688
1432,3583002,1643370,0.981,0.036,-0.034,0,0,0,-34.7,5.8,27,0.160435804,0.70494705,-0.136753441,0.677144688
1433,3585242,1643380,0.985,0.036,-0.034,0,0,0,-34.7,5.8,27,0.160435804,0.70494705,-0.136753441,0.677144688
1434,3587596,1643380,0.985,0.04,-0.034,0,0.1,0,-34.7,5.8,27,0.160435804,0.70494705,-0.136753441,0.677144688
1435,3589765,1643380,0.985,0.04,-0.034,0,0.1,0,-34.7,5.8,27,0.160435804,0.70494705,-0.136753441,0.677144688
1436,3592465,1643380,0.985,0.04,-0.038,0,0.1,0,-34.7,5.8,27,0.160435804,0.705008087,-0.136753441,0.67711417
1437,3595719,1643390,0.985,0.04,-0.03,0,0,0,-34.7,5.8,27,0.160435804,0.705008087,-0.136753441,0.67711417
1438,3597232,1643390,0.985,0.04,-0.034,0,0,0,-34.7,5.8,27,0.160435804,0.705008087,-0.136753441,0.67711417
1439,3600112,1643390,0.988,0.04,-0.03,0,0,0,-33.9,4.8,26.7,0.160435804,0.704977569,-0.136753441,0.67711417
1440,3602182,1643390,0.988,0.04,-0.034,0,0,0,-33.9,4.8,26.7,0.160435804,0.704977569,-0.136753441,0.67711417
1441,3606029,1643400,0.988,0.044,-0.038,0,0,-0.1,-33.9,4.8,26.7,0.160435804,0.704977569,-0.136753441,0.67711417
1442,3608398,1643400,0.992,0.04,-0.034,0,0,-0.1,-33.9,4.8,26.7,0.160435804,0.705008087,-0.136753441,0.67711417
1443,3610549,1643400,0.985,0.036,-0.026,0.1,0,-0.2,-33.9,4.8,26.7,0.160435804,0.705008087,-0.136753441,0.67711417
1444,3612215,1643400,0.988,0.04,-0.034,0,0,-0.1,-33.9,4.8,26.7,0.160435804,0.705008087,-0.136753441,0.67711417
1445,3614962,1643410,0.992,0.04,-0.038,0,0,0,-33.9,4.8,26.7,0.160435804,0.705008087,-0.136753441,0.67711417
1446,3617682,1643410,0.985,0.04,-0.034,-0.1,0.1,0,-33.9,4.8,26.7,0.160435804,0.704977569,-0.136753441,0.67711417
1447,3619750,1643410,0.988,0.036,-0.03,-0.1,0.1,0,-33.9,4.8,26.7,0.160435804,0.704977569,-0.136753441,0.67711417
1448,3622975,1643410,0.985,0.04,-0.026,0,0.1,0.1,-33.9,4.8,26.7,0.160435804,0.704977569,-0.136753441,0.677144688
1449,3625067,1643420,0.985,0.04,-0.03,0,0.1,0.1,-33.9,4.8,26.7,0.160435804,0.704977569,-0.136753441,0.677144688
1450,3627290,1643420,0.981,0.04,-0.034,0,0,0.1,-33.9,4.8,26.7,0.160435804,0.704977569,-0.136753441,0.677144688
1451,3629836,1643420,0.985,0.04,-0.042,0.1,0,0,-33.9,4.8,26.7,0.160435804,0.704977569,-0.136753441,0.677144688
1452,3632513,1643420,0.988,0.044,-0.034,0.1,0,0,-33.9,4.8,26.7,0.160435804,0.704977569,-0.136753441,0.677144688
1453,3635527,1643430,0.988,0.044,-0.034,0.1,0,0,-33.9,4.8,26.7,0.160435804,0.704977569,-0.136753441,0.677144688
1454,3637273,1643430,0.988,0.04,-0.03,0.1,0.1,0,-33.9,4.8,26.7,0.160435804,0.704977569,-0.136753441,0.677144688
1455,3640531,1643430,0.985,0.044,-0.034,0,0.1,0,-33.9,4.8,26.7,0.160435804,0.705038606,-0.136722922,0.677083651
1456,3642118,1643430,0.985,0.044,-0.034,0,0.1,0,-33.9,4.8,26.7,0.160435804,0.705008087,-0.136722922,0.677083651
1457,3644945,1643440,0.985,0.036,-0.038,0,0,0,-33.9,4.8,26.7,0.160435804,0.705008087,-0.136722922,0.677083651
1458,3647232,1643440,0.985,0.044,-0.038,0,0,0,-33.9,4.8,26.7,0.160435804,0.705008087,-0.136722922,0.67711417
1459,3651000,1643440,0.985,0.044,-0.038,0,0,0,-34.3,5.9,26.9,0.160435804,0.705008087,-0.136722922,0.67711417
1460,3653381,1643440,0.985,0.04,-0.034,0,0,0,-34.3,5.9,26.9,0.160435804,0.705008087,-0.136722922,0.677083651
1461,3655632,1643450,0.985,0.036,-0.034,0,-0.1,0,-34.3,5.9,26.9,0.160435804,0.705008087,-0.136722922,0.677083651
1462,3657757,1643450,0.988,0.044,-0.034,0,-0.1,0,-34.3,5.9,26.9,0.160435804,0.705038606,-0.136722922,0.677083651
1463,3660004,1643450,0.985,0.044,-0.038,0,-0.1,0,-34.3,5.9,26.9,0.160435804,0.705038606,-0.136722922,0.677083651
1464,3663100,1643450,0.988,0.032,-0.034,0,-0.1,0,-34.3,5.9,26.9,0.160435804,0.705038606,-0.136722922,0.677083651
1465,3664780,1643460,0.988,0.04,-0.026,0,-0.1,0.1,-34.3,5.9,26.9,0.160435804,0.705038606,-0.136722922,0.677083651
1466,3668250,1643460,0.988,0.04,-0.034,0,0,0.1,-34.3,5.9,26.9,0.160435804,0.705038606,-0.136722922,0.677083651
1467,3669950,1643460,0.988,0.04,-0.03,0,0,0,-34.3,5.9,26.9,0.160435804,0.705038606,-0.136753441,0.677083651
1468,3673860,1643460,0.988,0.04,-0.03,0,0,0,-34.3,5.9,26.9,0.160435804,0.705038606,-0.136753441,0.677083651
1469,3676284,1643470,0.985,0.036,-0.026,0,0.1,0,-34.3,5.9,26.9,0.160435804,0.705038606,-0.136753441,0.677083651
1470,3678395,1643470,0.985,0.044,-0.026,0,0.2,0,-34.3,5.9,26.9,0.160435804,0.705008087,-0.136753441,0.677083651
1471,3680729,1643470,0.985,0.04,-0.038,0,0.3,-0.1,-34.3,5.9,26.9,0.160435804,0.705008087,-0.136753441,0.677083651
1472,3682981,1643470,0.981,0.04,-0.034,0,0.2,-0.1,-34.3,5.9,26.9,0.160435804,0.705008087,-0.136722922,0.67711417
1473,3685240,1643480,0.981,0.04,-0.026,0.1,0.1,0,-34.3,5.9,26.9,0.160435804,0.705008087,-0.136722922,0.67711417
1474,3687249,1643480,0.985,0.044,-0.03,0,0,0,-34.3,5.9,26.9,0.160435804,0.705008087,-0.136722922,0.67711417
1475,3689646,1643480,0.985,0.036,-0.034,0,-0.1,0,-34.3,5.9,26.9,0.160435804,0.705038606,-0.136722922,0.677083651
1476,3692391,1643480,0.985,0.04,-0.038,0,-0.1,0,-34.3,5.9,26.9,0.160466323,0.705038606,-0.136722922,0.677083651
1477,3695950,1643490,0.985,0.04,-0.034,0,-0.1,0,-34.3,5.9,26.9,0.160466323,0.705038606,-0.136722922,0.677083651
1478,3697834,1643490,0.988,0.04,-0.03,0,-0.1,-0.1,-34.3,5.9,26.9,0.160466323,0.705038606,-0.136722922,0.677083651
1479,3699827,1643490,0.988,0.044,-0.03,0,-0.1,0,-34.8,6,26.8,0.160466323,0.705038606,-0.136722922,0.677083651
1480,3703268,1643490,0.988,0.044,-0.038,0,-0.1,0,-34.8,6,26.8,0.160466323,0.705038606,-0.136722922,0.677083651
1481,3705357,1643500,0.988,0.044,-0.034,0,-0.1,0,-34.8,6,26.8,0.160466323,0.705038606,-0.136722922,0.677053133
1482,3707725,1643500,0.988,0.044,-0.038,0,0,0,-34.8,6,26.8,0.160466323,0.705038606,-0.136722922,0.677053133
1483,3710067,1643500,0.988,0.044,-0.038,0,0.1,0,-34.4,6.2,27,0.160466323,0.705038606,-0.136722922,0.677083651
1484,3712349,1643500,0.985,0.04,-0.034,0,0.2,0,-34.4,6.2,27,0.160466323,0.705038606,-0.136722922,0.677083651
1485,3714749,1643510,0.981,0.036,-0.038,0,0.1,0,-34.4,6.2,27,0.160466323,0.705038606,-0.136722922,0.677083651
1486,3717198,1643510,0.985,0.044,-0.034,0,0,0,-34.4,6.2,27,0.160466323,0.705038606,-0.136722922,0.677083651
1487,3721335,1643510,0.985,0.044,-0.034,-0.1,0,0,-34.7,6.6,26.9,0.160466323,0.705038606,-0.136722922,0.677083651
1488,3723512,1643510,0.981,0.04,-0.034,-0.1,-0.1,0,-34.7,6.6,26.9,0.160466323,0.705038606,-0.136753441,0.677083651
1489,3725731,1643520,0.985,0.036,-0.034,0,-0.1,0,-34.7,6.6,26.9,0.160466323,0.705038606,-0.136753441,0.677083651
1490,3728079,1643520,0.988,0.036,-0.038,0,-0.1,-0.1,-34.7,6.6,26.9,0.160466323,0.705038606,-0.136753441,0.677053133
1491,3730252,1643520,0.988,0.044,-0.034,0,-0.1,-0.1,-34.6,6.4,26.8,0.160466323,0.705038606,-0.136753441,0.677053133
1492,3732513,1643520,0.988,0.036,-0.038,-0.1,0,0,-34.6,6.4,26.8,0.160466323,0.705038606,-0.136753441,0.677053133
1493,3734755,1643530,0.985,0.04,-0.034,-0.1,0,0,-34.6,6.4,26.8,0.160466323,0.705038606,-0.136753441,0.677053133
1494,3737418,1643530,0.981,0.044,-0.034,0,0,0.2,-34.6,6.4,26.8,0.160466323,0.705038606,-0.136753441,0.677053133
1495,3739546,1643530,0.985,0.044,-0.03,0,0.1,0,-34.5,6.1,26.5,0.160466323,0.705099643,-0.136753441,0.677022614
1496,3742980,1643530,0.985,0.04,-0.034,0,0.1,0,-34.5,6.1,26.5,0.160466323,0.705069124,-0.136753441,0.677022614
1497,3744706,1643540,0.985,0.04,-0.038,0,0.1,-0.1,-34.5,6.1,26.5,0.160466323,0.705069124,-0.136753441,0.677022614
1498,3747094,1643540,0.985,0.04,-0.03,0,0.1,0,-34.5,6.1,26.5,0.160466323,0.705069124,-0.136722922,0.677022614
1499,3750444,1643540,0.985,0.036,-0.034,0,0,0,-36.2,5.9,26.9,0.160466323,0.705069124,-0.136722922,0.677022614
1500,3752484,1643540,0.981,0.04,-0.03,0,0,0,-36.2,5.9,26.9,0.160466323,0.705069124,-0.136722922,0.677022614
1501,3754593,1643550,0.985,0.04,-0.038,0,0,0,-36.2,5.9,26.9,0.160466323,0.705069124,-0.136722922,0.677022614
1502,3758240,1643550,0.985,0.036,-0.034,0,0,0,-36.2,5.9,26.9,0.160466323,0.705069124,-0.136722922,0.677022614
1503,3759829,1643550,0.985,0.044,-0.038,0,-0.1,0,-33.4,5.5,27.1,0.160466323,0.705069124,-0.136722922,0.677022614
1504,3763573,1643550,0.988,0.04,-0.03,0,-0.2,0,-33.4,5.5,27.1,0.160466323,0.705099643,-0.136722922,0.677022614
1505,3765065,1643560,0.988,0.04,-0.038,0,-0.2,-0.1,-33.4,5.5,27.1,0.160466323,0.705099643,-0.136722922,0.677022614
1506,3767919,1643560,0.985,0.04,-0.034,0,-0.1,-0.1,-33.4,5.5,27.1,0.160466323,0.705099643,-0.136722922,0.677022614
1507,3769937,1643560,0.985,0.04,-0.034,0,-0.1,0,-33.6,6,27,0.160466323,0.705099643,-0.136722922,0.677022614
1508,3772807,1643560,0.985,0.04,-0.03,0,0,0,-33.6,6,27,0.160466323,0.705099643,-0.136722922,0.677022614
1509,3774587,1643570,0.985,0.04,-0.03,0.1,0,0,-33.6,6,27,0.160466323,0.705099643,-0.136722922,0.677022614
1510,3777381,1643570,0.988,0.036,-0.034,0.1,0.1,0,-33.6,6,27,0.160466323,0.705099643,-0.136722922,0.677022614
1511,3780403,1643570,0.985,0.044,-0.03,0,0,0,-33.2,6.2,27.2,0.160466323,0.705099643,-0.136722922,0.677022614
1512,3782220,1643570,0.985,0.04,-0.034,0,0,0,-33.2,6.2,27.2,0.160466323,0.705099643,-0.136722922,0.677022614
1513,3784923,1643580,0.981,0.036,-0.034,0,-0.1,0,-33.2,6.2,27.2,0.160466323,0.705099643,-0.136722922,0.677022614
1514,3788218,1643580,0.988,0.036,-0.03,0,-0.1,0,-33.2,6.2,27.2,0.160466323,0.705099643,-0.136722922,0.677022614
1515,3790293,1643580,0.985,0.04,-0.038,0,-0.1,0,-33.3,5.9,27,0.160466323,0.705099643,-0.136753441,0.676992096
1516,3792221,1643580,0.985,0.04,-0.038,0,-0.1,0,-33.3,5.9,27,0.160466323,0.705099643,-0.136753441,0.676992096
1517,3794896,1643590,0.988,0.04,-0.034,0,-0.1,0,-33.3,5.9,27,0.160466323,0.705130161,-0.136753441,0.676992096
1518,3798797,1643590,0.985,0.04,-0.03,0,-0.1,0,-33.3,5.9,27,0.160466323,0.705130161,-0.136753441,0.676992096
1519,3800888,1643590,0.992,0.04,-0.034,0,0,0,-35.1,6.1,27,0.160466323,0.705130161,-0.136753441,0.676992096
1520,3802567,1643590,0.985,0.04,-0.034,0,0,0,-35.1,6.1,27,0.160466323,0.705130161,-0.136753441,0.676992096
1521,3805354,1643600,0.988,0.036,-0.034,0,0,0,-35.1,6.1,27,0.160466323,0.705130161,-0.136753441,0.676992096
1522,3807698,1643600,0.988,0.036,-0.03,0,0,0,-35.1,6.1,27,0.160466323,0.705130161,-0.136753441,0.676992096
1523,3810051,1643600,0.985,0.044,-0.034,0.1,0,0,-34.7,6,26.9,0.160466323,0.705130161,-0.136753441,0.676992096
1524,3812378,1643600,0.985,0.04,-0.034,0,0,0,-34.7,6,26.9,0.160466323,0.705130161,-0.136753441,0.676992096
1525,3815451,1643610,0.985,0.04,-0.03,0,0,0,-34.7,6,26.9,0.160466323,0.705130161,-0.136753441,0.676992096
1526,3817495,1643610,0.988,0.036,-0.038,0,0,0,-34.7,6,26.9,0.160466323,0.705130161,-0.136753441,0.676992096
1527,3820494,1643610,0.981,0.04,-0.038,0,0,0.1,-34.5,6.2,27.2,0.160466323,0.705130161,-0.136753441,0.676992096
1528,3822208,1643610,0.981,0.036,-0.034,0,0,0.1,-34.5,6.2,27.2,0.160435804,0.705130161,-0.136753441,0.676992096
1529,3824614,1643620,0.985,0.04,-0.03,0.1,0,0.1,-34.5,6.2,27.2,0.160435804,0.705130161,-0.136753441,0.676992096
1530,3827104,1643620,0.988,0.04,-0.034,0.1,0,0,-34.5,6.2,27.2,0.160435804,0.705130161,-0.136753441,0.676992096
1531,3830504,1643620,0.988,0.04,-0.026,0.1,0,0,-34.5,6,26.9,0.160435804,0.705130161,-0.136753441,0.676992096
1532,3832643,1643620,0.988,0.04,-0.034,0,0,0,-34.5,6,26.9,0.160435804,0.705130161,-0.136753441,0.676992096
1533,3834813,1643630,0.985,0.032,-0.03,0,0.1,-0.1,-34.5,6,26.9,0.160435804,0.705130161,-0.136753441,0.676992096
1534,3838596,1643630,0.988,0.036,-0.034,-0.1,0.1,-0.1,-34.5,6,26.9,0.160435804,0.705099643,-0.136753441,0.676992096
1535,3840818,1643630,0.988,0.036,-0.034,0,0,0,-34.7,6,27.3,0.160435804,0.705099643,-0.136783959,0.676992096
1536,3842243,1643630,0.988,0.04,-0.034,0,0,0,-34.7,6,27.3,0.160435804,0.705099643,-0.136783959,0.676992096
1537,3844703,1643640,0.988,0.036,-0.03,0,0,0,-34.7,6,27.3,0.160435804,0.705099643,-0.136783959,0.676992096
1538,3847944,1643640,0.988,0.04,-0.03,0.1,0,0.1,-34.7,6,27.3,0.160374767,0.705099643,-0.136783959,0.676992096
1539,3849629,1643640,0.988,0.04,-0.03,0.1,0,0.1,-34.7,6.1,26.7,0.160374767,0.705099643,-0.136783959,0.676992096
1540,3852117,1643640,0.985,0.04,-0.03,0,0,0,-34.7,6.1,26.7,0.160374767,0.705099643,-0.136783959,0.676992096
1541,3856555,1643650,0.981,0.044,-0.034,0,0.1,0,-34.7,6.1,26.7,0.160374767,0.705099643,-0.136783959,0.676992096
1542,3858556,1643650,0.988,0.04,-0.034,0,0.1,0,-34.7,6.1,26.7,0.160374767,0.705099643,-0.136783959,0.676992096
1543,3860975,1643650,0.985,0.036,-0.034,0,0.2,0,-34.7,6.5,26.8,0.160374767,0.705099643,-0.136783959,0.677022614
1544,3863348,1643650,0.985,0.044,-0.03,0,0.1,0,-34.7,6.5,26.8,0.160374767,0.705099643,-0.136783959,0.677022614
1545,3865300,1643660,0.988,0.04,-0.034,0,0,0,-34.7,6.5,26.8,0.160374767,0.705099643,-0.136783959,0.677022614
1546,3867551,1643660,0.988,0.04,-0.038,0,0,0,-34.7,6.5,26.8,0.160374767,0.705099643,-0.136783959,0.677022614
1547,3869813,1643660,0.985,0.036,-0.038,0,-0.1,0,-35,5.6,27.9,0.160374767,0.705099643,-0.136783959,0.677022614
1548,3872196,1643660,0.988,0.044,-0.042,0,0,0,-35,5.6,27.9,0.160374767,0.705099643,-0.136783959,0.677022614
1549,3874751,1643670,0.988,0.04,-0.034,0,0,0,-35,5.6,27.9,0.160374767,0.705099643,-0.136783959,0.677022614
1550,3878657,1643670,0.985,0.036,-0.03,0,0.1,0,-35,5.6,27.9,0.160374767,0.705099643,-0.136783959,0.677022614
1551,3880250,1643670,0.985,0.036,-0.034,0,0.1,0,-34.7,6,28.1,0.160374767,0.705099643,-0.136783959,0.677022614
1552,3882021,1643670,0.985,0.04,-0.034,0,0.1,-0.1,-34.7,6,28.1,0.160435804,0.705099643,-0.136783959,0.677022614
1553,3885498,1643680,0.985,0.04,-0.034,0,0.1,-0.1,-34.7,6,28.1,0.160435804,0.705099643,-0.136783959,0.677022614
1554,3887116,1643680,0.988,0.044,-0.034,0,0.1,0,-34.7,6,28.1,0.160435804,0.705099643,-0.136783959,0.677022614
1555,3889814,1643680,0.985,0.036,-0.034,0,-0.1,0,-35,5.7,28.2,0.160435804,0.705130161,-0.136783959,0.676992096
1556,3892886,1643680,0.985,0.036,-0.03,0,-0.1,0,-35,5.7,28.2,0.160435804,0.705130161,-0.136783959,0.676961577
1557,3894621,1643690,0.985,0.04,-0.026,0,0,0,-35,5.7,28.2,0.160435804,0.705130161,-0.136783959,0.676961577
1558,3897025,1643690,0.988,0.048,-0.03,0,0,-0.1,-35,5.7,28.2,0.160435804,0.705130161,-0.136783959,0.676961577
1559,3900562,1643690,0.985,0.036,-0.034,0,0,-0.1,-35,6,25.1,0.160435804,0.705130161,-0.136783959,0.676961577
1560,3902159,1643690,0.988,0.04,-0.03,0,0,0,-35,6,25.1,0.160435804,0.705130161,-0.136783959,0.676961577
1561,3905663,1643700,0.985,0.036,-0.034,0,0,0,-35,6,25.1,0.160435804,0.705130161,-0.136783959,0.676961577
1562,3907233,1643700,0.985,0.04,-0.038,0,0.2,0.1,-35,6,25.1,0.160435804,0.705130161,-0.136783959,0.676992096
1563,3910349,1643700,0.988,0.04,-0.038,0,0.4,0,-35.4,6.1,27.2,0.160435804,0.705130161,-0.136783959,0.676992096
1564,3912131,1643700,0.985,0.036,-0.034,0,0.4,-0.1,-35.4,6.1,27.2,0.160435804,0.705099643,-0.136783959,0.676992096
1565,3914956,1643710,0.985,0.036,-0.03,0,0.4,-0.1,-35.4,6.1,27.2,0.160435804,0.705099643,-0.136783959,0.676992096
1566,3918270,1643710,0.985,0.036,-0.038,0,0.2,0,-35.4,6.1,27.2,0.160435804,0.705099643,-0.136783959,0.676992096
1567,3919976,1643710,0.988,0.044,-0.03,0,0.1,0,-35,6.4,26.8,0.160435804,0.705099643,-0.136783959,0.676992096
1568,3922281,1643710,0.985,0.04,-0.034,0,0,0,-35,6.4,26.8,0.160435804,0.705099643,-0.136783959,0.676992096
1569,3924689,1643720,0.985,0.036,-0.038,0,0,0,-35,6.4,26.8,0.160435804,0.705099643,-0.136783959,0.676992096
1570,3928138,1643720,0.985,0.04,-0.038,0,0,0,-35,6.4,26.8,0.160435804,0.705099643,-0.136783959,0.676992096
1571,3930431,1643720,0.985,0.04,-0.038,0,0,0,-35.5,6.1,26.5,0.160435804,0.705099643,-0.136783959,0.676992096
1572,3932333,1643720,0.985,0.04,-0.034,0.1,-0.1,0,-35.5,6.1,26.5,0.160435804,0.705099643,-0.136783959,0.676992096
1573,3934958,1643730,0.985,0.044,-0.046,0,-0.1,0,-35.5,6.1,26.5,0.160435804,0.705099643,-0.136783959,0.676992096
1574,3937284,1643730,0.985,0.048,-0.034,0,0,0,-35.5,6.1,26.5,0.160435804,0.705099643,-0.136783959,0.676992096
1575,3941373,1643730,0.988,0.044,-0.03,0,0,0,-34.8,6.3,26,0.160466323,0.705191198,-0.136753441,0.67690054
1576,3942166,1643730,0.988,0.044,-0.03,0,0,0,-34.8,6.3,26,0.160466323,0.705191198,-0.136753441,0.67690054
1577,3944708,1643740,0.985,0.04,-0.03,0,0,0,-34.8,6.3,26,0.160466323,0.705191198,-0.136753441,0.67690054
1578,3948960,1643740,0.985,0.036,-0.03,0,0,0,-34.8,6.3,26,0.160466323,0.705191198,-0.136753441,0.67690054
1579,3949618,1643740,0.985,0.04,-0.034,0,-0.1,0,-34.8,6,26.6,0.160466323,0.705221717,-0.136753441,0.67690054
1580,3952201,1643740,0.985,0.036,-0.038,0,-0.1,-0.1,-34.8,6,26.6,0.160466323,0.705221717,-0.136753441,0.67690054
1581,3956306,1643750,0.985,0.04,-0.03,0,0,0,-34.8,6,26.6,0.160466323,0.705221717,-0.136753441,0.67690054
1582,3958524,1643750,0.985,0.036,-0.03,0,0,0,-34.8,6,26.6,0.160466323,0.705221717,-0.136753441,0.67690054
1583,3960786,1643750,0.985,0.036,-0.034,0,0,0,-34.5,6,26.4,0.160466323,0.705221717,-0.136753441,0.67690054
1584,3962917,1643750,0.981,0.04,-0.042,0,0,0,-34.5,6,26.4,0.160466323,0.705221717,-0.136753441,0.67690054
1585,3965140,1643760,0.985,0.04,-0.034,0,0,0,-34.5,6,26.4,0.160466323,0.705221717,-0.136753441,0.67690054
1586,3967431,1643760,0.985,0.04,-0.03,0,-0.1,0,-34.5,6,26.4,0.160466323,0.705221717,-0.136753441,0.676870022
1587,3969794,1643760,0.988,0.04,-0.038,0,-0.1,0,-34.6,5.5,26.4,0.160466323,0.705221717,-0.136753441,0.676870022
1588,3972327,1643760,0.985,0.04,-0.034,0,-0.1,0,-34.6,5.5,26.4,0.160466323,0.705221717,-0.136753441,0.676870022
1589,3976367,1643770,0.985,0.04,-0.03,0,0,0,-34.6,5.5,26.4,0.160466323,0.705221717,-0.136753441,0.676870022
1590,3978750,1643770,0.985,0.036,-0.03,0,0,0,-34.6,5.5,26.4,0.160466323,0.705221717,-0.136753441,0.676870022
1591,3980405,1643770,0.985,0.04,-0.042,0,0,0,-34.5,5.7,26.6,0.160466323,0.705221717,-0.136753441,0.676870022
1592,3982978,1643770,0.985,0.044,-0.038,-0.1,0,0,-34.5,5.7,26.6,0.160466323,0.705221717,-0.136753441,0.676870022
1593,3985175,1643780,0.985,0.04,-0.038,-0.1,-0.1,0,-34.5,5.7,26.6,0.160466323,0.705221717,-0.136753441,0.676870022
1594,3987473,1643780,0.988,0.04,-0.034,0,-0.2,0,-34.5,5.7,26.6,0.160466323,0.705221717,-0.136753441,0.676870022
1595,3989864,1643780,0.985,0.04,-0.034,0.1,-0.1,-0.1,-34.9,5.5,26.3,0.160466323,0.705313272,-0.136753441,0.676808985
1596,3992292,1643780,0.988,0.04,-0.034,0.1,-0.1,-0.1,-34.9,5.5,26.3,0.160466323,0.705313272,-0.136753441,0.676808985
1597,3995703,1643790,0.985,0.04,-0.034,0.1,0,0,-34.9,5.5,26.3,0.160466323,0.705313272,-0.136753441,0.676808985
1598,3998480,1643790,0.988,0.036,-0.034,0,0.1,0,-34.9,5.5,26.3,0.160466323,0.705313272,-0.136753441,0.676808985
1599,4000851,1643790,0.985,0.044,-0.034,0,0,0,-34.9,6.3,27.7,0.160466323,0.705313272,-0.136753441,0.676808985
1600,4003191,1643790,0.988,0.044,-0.038,0,0,0.1,-34.9,6.3,27.7,0.160466323,0.705313272,-0.136753441,0.676808985
1601,4005185,1643800,0.988,0.04,-0.034,0,0,0.1,-34.9,6.3,27.7,0.160466323,0.705313272,-0.136753441,0.676808985
1602,4007565,1643800,0.985,0.04,-0.03,0,0.1,0,-34.9,6.3,27.7,0.160466323,0.705282754,-0.136753441,0.676808985
1603,4009799,1643800,0.985,0.04,-0.03,0,0.2,0,-34.7,5.6,26.3,0.160466323,0.705282754,-0.136753441,0.676808985
1604,4013247,1643800,0.988,0.04,-0.038,0.1,0.1,0,-34.7,5.6,26.3,0.160466323,0.705282754,-0.136753441,0.676808985
1605,4014784,1643810,0.988,0.04,-0.03,0.1,0,0,-34.7,5.6,26.3,0.160466323,0.705282754,-0.136753441,0.676808985
1606,4017201,1643810,0.981,0.044,-0.034,0,0,-0.1,-34.7,5.6,26.3,0.160466323,0.705282754,-0.136753441,0.676808985
1607,4020995,1643810,0.985,0.04,-0.03,0,0,-0.2,-34.3,4.8,26.1,0.160466323,0.705282754,-0.136753441,0.676808985
1608,4023211,1643810,0.985,0.044,-0.03,0,0,-0.2,-34.3,4.8,26.1,0.160466323,0.705282754,-0.136753441,0.676808985
1609,4024803,1643820,0.985,0.04,-0.034,0,0,-0.1,-34.3,4.8,26.1,0.160466323,0.705282754,-0.136753441,0.676808985
1610,4027486,1643820,0.985,0.036,-0.03,0,0,0,-34.3,4.8,26.1,0.160466323,0.705282754,-0.136753441,0.676808985
1611,4029592,1643820,0.988,0.036,-0.034,0,-0.1,0,-34.4,4.3,26.5,0.160466323,0.705282754,-0.136753441,0.676808985
1612,4033048,1643820,0.988,0.04,-0.034,0,-0.1,0,-34.4,4.3,26.5,0.160466323,0.705282754,-0.136753441,0.676808985
1613,4034761,1643830,0.988,0.04,-0.034,0,-0.1,0,-34.4,4.3,26.5,0.160466323,0.705282754,-0.136753441,0.676808985
1614,4037319,1643830,0.985,0.044,-0.03,0,-0.2,0,-34.4,4.3,26.5,0.160466323,0.705313272,-0.136753441,0.676808985
1615,4040465,1643830,0.985,0.036,-0.034,0,-0.1,0,-34.3,3.6,26.4,0.160466323,0.705313272,-0.136753441,0.676747948
1616,4042212,1643830,0.988,0.044,-0.034,0,-0.1,0,-34.3,3.6,26.4,0.160466323,0.705313272,-0.136753441,0.676747948
1617,4045640,1643840,0.985,0.036,-0.038,0,-0.1,0,-34.3,3.6,26.4,0.160466323,0.705313272,-0.136753441,0.676747948
1618,4047191,1643840,0.985,0.04,-0.038,0,-0.2,0,-34.3,3.6,26.4,0.160435804,0.705343791,-0.136753441,0.676747948
1619,4049614,1643840,0.985,0.04,-0.03,0,-0.1,0,-34.8,7.7,27.9,0.160435804,0.705343791,-0.136753441,0.676747948
1620,4052430,1643840,0.988,0.044,-0.03,0,0,-0.1,-34.8,7.7,27.9,0.160435804,0.705343791,-0.136753441,0.676747948
1621,4055392,1643850,0.985,0.04,-0.034,0,0,-0.1,-34.8,7.7,27.9,0.160466323,0.705343791,-0.136753441,0.676747948
1622,4057124,1643850,0.988,0.036,-0.034,0,0.1,0,-34.8,7.7,27.9,0.160466323,0.705343791,-0.136753441,0.676747948
1623,4060757,1643850,0.988,0.04,-0.034,0,0.1,0,-34.7,5.3,25.8,0.160435804,0.705343791,-0.136753441,0.676747948
1624,4062220,1643850,0.985,0.036,-0.03,0,0,0,-34.7,5.3,25.8,0.160435804,0.705343791,-0.136753441,0.676747948
1625,4064617,1643860,0.985,0.04,-0.026,0,0,0,-34.7,5.3,25.8,0.160435804,0.705343791,-0.136753441,0.676747948
1626,4067597,1643860,0.981,0.04,-0.03,-0.1,0,0,-34.7,5.3,25.8,0.160466323,0.705343791,-0.136753441,0.676747948
1627,4070706,1643860,0.988,0.04,-0.034,-0.1,0,0,-34.6,5.3,25.6,0.160466323,0.705343791,-0.136753441,0.676747948
1628,4072117,1643860,0.985,0.04,-0.03,0,0,0.1,-34.6,5.3,25.6,0.160466323,0.705343791,-0.136753441,0.676747948
1629,4075175,1643870,0.988,0.044,-0.03,0,0,0,-34.6,5.3,25.6,0.160466323,0.705313272,-0.136753441,0.676747948
1630,4078716,1643870,0.985,0.044,-0.026,0,0,0,-34.6,5.3,25.6,0.160466323,0.705313272,-0.136753441,0.676747948
1631,4080899,1643870,0.985,0.044,-0.03,0,0,0,-34.5,6.3,26,0.160466323,0.705313272,-0.136753441,0.676747948
1632,4082385,1643870,0.985,0.036,-0.03,0,0,0,-34.5,6.3,26,0.160466323,0.705313272,-0.136753441,0.676747948
1633,4085501,1643880,0.981,0.036,-0.034,0,0,0.1,-34.5,6.3,26,0.160466323,0.705313272,-0.136753441,0.676747948
1634,4087209,1643880,0.985,0.036,-0.034,0,0,0,-34.5,6.3,26,0.160466323,0.705313272,-0.136753441,0.676747948
1635,4090698,1643880,0.985,0.036,-0.034,0,0,0,-34.5,6.3,26,0.160466323,0.705313272,-0.136753441,0.676747948
1636,4092211,1643880,0.985,0.036,-0.03,0,0.1,0,-34.2,6.7,26.2,0.160435804,0.705313272,-0.136783959,0.676747948
1637,4094867,1643890,0.988,0.04,-0.03,0,0.1,0,-34.2,6.7,26.2,0.160435804,0.705313272,-0.136783959,0.676747948
1638,4098160,1643890,0.985,0.044,-0.026,0,0.1,0,-34.2,6.7,26.2,0.160435804,0.705313272,-0.136783959,0.676747948
1639,4099758,1643890,0.988,0.036,-0.034,0,0,0,-34.8,6.4,26.9,0.160435804,0.705313272,-0.136783959,0.676747948
1640,4102501,1643890,0.988,0.044,-0.034,0,0,0.1,-34.8,6.4,26.9,0.160435804,0.705313272,-0.136783959,0.676747948
1641,4104626,1643900,0.988,0.044,-0.03,0,0,0.1,-34.8,6.4,26.9,0.160435804,0.705313272,-0.136783959,0.676747948
1642,4108691,1643900,0.988,0.044,-0.034,0.1,0,0,-34.8,6.4,26.9,0.160435804,0.705313272,-0.136783959,0.676747948
1643,4110304,1643900,0.985,0.036,-0.034,0,0.1,0,-34.4,6.5,26.4,0.160435804,0.705313272,-0.136783959,0.676747948
1644,4112413,1643900,0.988,0.04,-0.034,0,0.1,0,-34.4,6.5,26.4,0.160435804,0.705313272,-0.136783959,0.676747948
1645,4114694,1643910,0.988,0.04,-0.034,0,0.1,0,-34.4,6.5,26.4,0.160435804,0.705313272,-0.136783959,0.676747948
1646,4117393,1643910,0.985,0.036,-0.038,0,0.1,0,-34.4,6.5,26.4,0.160435804,0.705313272,-0.136783959,0.676747948
1647,4119634,1643910,0.985,0.036,-0.038,0,0.1,0,-34.8,6.3,26.8,0.160435804,0.705313272,-0.136783959,0.676747948
1648,4123147,1643910,0.985,0.036,-0.034,0,0,-0.1,-34.8,6.3,26.8,0.160435804,0.705313272,-0.136783959,0.676747948
1649,4124640,1643920,0.985,0.036,-0.034,0,0,0,-34.8,6.3,26.8,0.160435804,0.705313272,-0.136783959,0.676747948
1650,4127270,1643920,0.985,0.04,-0.034,0,0,-0.1,-34.8,6.3,26.8,0.160435804,0.705313272,-0.136783959,0.676747948
1651,4130761,1643920,0.985,0.044,-0.034,0,0,0,-34.6,6.2,26.7,0.160435804,0.705313272,-0.136783959,0.676747948
1652,4132195,1643920,0.985,0.04,-0.026,0,0.1,-0.1,-34.6,6.2,26.7,0.160435804,0.705313272,-0.136783959,0.676747948
1653,4135362,1643930,0.988,0.04,-0.03,0,0.1,0,-34.6,6.2,26.7,0.160435804,0.705313272,-0.136783959,0.676808985
1654,4138358,1643930,0.985,0.04,-0.038,0,0.3,0,-34.6,6.2,26.7,0.160435804,0.705313272,-0.136753441,0.676808985
1655,4139777,1643930,0.985,0.04,-0.038,0,0.3,0,-34.6,6.2,26.7,0.160435804,0.705313272,-0.136753441,0.676808985
1656,4142784,1643930,0.985,0.044,-0.026,0,0.1,0,-34.3,6.6,26.7,0.160435804,0.705313272,-0.136753441,0.676808985
1657,4144593,1643940,0.981,0.04,-0.042,0,0.1,0,-34.3,6.6,26.7,0.160435804,0.705313272,-0.136753441,0.676808985
1658,4148057,1643940,0.985,0.04,-0.026,0,0,0,-34.3,6.6,26.7,0.160435804,0.705282754,-0.136753441,0.676808985
1659,4149712,1643940,0.988,0.036,-0.034,0,0,0,-34.6,5,26.9,0.160435804,0.705282754,-0.136753441,0.676808985
1660,4152525,1643940,0.981,0.044,-0.038,-0.1,0,0,-34.6,5,26.9,0.160435804,0.705282754,-0.136753441,0.676808985
1661,4154744,1643950,0.985,0.036,-0.03,0,0,0,-34.6,5,26.9,0.160435804,0.705282754,-0.136753441,0.676808985
1662,4157792,1643950,0.985,0.04,-0.034,0,0,0,-34.6,5,26.9,0.160435804,0.705282754,-0.136753441,0.676808985
1663,4160829,1643950,0.985,0.04,-0.034,0,0,0,-35.5,7,27,0.160435804,0.705282754,-0.136753441,0.676808985
1664,4162277,1643950,0.985,0.04,-0.034,0,0,0,-35.5,7,27,0.160435804,0.705282754,-0.136753441,0.676808985
1665,4165327,1643960,0.988,0.04,-0.03,-0.1,0,0,-35.5,7,27,0.160435804,0.705282754,-0.136753441,0.676808985
1666,4167116,1643960,0.988,0.04,-0.038,-0.1,0,-0.1,-35.5,7,27,0.160466323,0.705282754,-0.136753441,0.676808985
1667,4169782,1643960,0.985,0.04,-0.034,0,0,0,-36.1,6.8,27.2,0.160466323,0.705282754,-0.136753441,0.676808985
1668,4172591,1643960,0.992,0.04,-0.034,0,0,0,-36.1,6.8,27.2,0.160466323,0.705282754,-0.136753441,0.676808985
1669,4174876,1643970,0.988,0.044,-0.03,0,-0.1,0,-36.1,6.8,27.2,0.160466323,0.705282754,-0.136753441,0.676808985
1670,4177687,1643970,0.981,0.04,-0.03,0,0,0,-36.1,6.8,27.2,0.160466323,0.705282754,-0.136753441,0.676808985
1671,4179724,1643970,0.985,0.044,-0.034,0,0,0,-36.9,6.9,27.2,0.160466323,0.705282754,-0.136753441,0.676808985
1672,4183101,1643970,0.985,0.04,-0.038,-0.1,0,0,-36.9,6.9,27.2,0.160466323,0.705282754,-0.136753441,0.676808985
1673,4184714,1643980,0.988,0.036,-0.03,-0.1,0,-0.1,-36.9,6.9,27.2,0.160466323,0.705282754,-0.136783959,0.676747948
1674,4187223,1643980,0.988,0.044,-0.03,-0.1,0,-0.1,-36.9,6.9,27.2,0.160466323,0.705282754,-0.136783959,0.676747948
1675,4189757,1643980,0.985,0.044,-0.038,0,0,0,-37.1,7.1,27.5,0.160466323,0.705313272,-0.136753441,0.676747948
1676,4193093,1643980,0.985,0.04,-0.034,0,0,0,-37.1,7.1,27.5,0.160466323,0.705313272,-0.136753441,0.676747948
1677,4194693,1643990,0.985,0.036,-0.038,0,-0.1,0,-37.1,7.1,27.5,0.160466323,0.705313272,-0.136753441,0.676747948
1678,4198891,1643990,0.985,0.036,-0.034,-0.1,0,0,-37.1,7.1,27.5,0.160466323,0.705313272,-0.136753441,0.676747948
1679,4199716,1643990,0.988,0.04,-0.034,0,0,0,-33.7,5.1,26.8,0.160466323,0.705313272,-0.136783959,0.676747948
1680,4202343,1643990,0.988,0.036,-0.038,0,0,0.1,-33.7,5.1,26.8,0.160466323,0.705313272,-0.136783959,0.676747948
1681,4206427,1644000,0.988,0.044,-0.034,0,0,0,-33.7,5.1,26.8,0.160466323,0.705313272,-0.136783959,0.676747948
1682,4208677,1644000,0.985,0.044,-0.034,0,0,0,-33.7,5.1,26.8,0.160466323,0.705313272,-0.136783959,0.676747948
1683,4210804,1644000,0.988,0.044,-0.038,0,-0.1,-0.1,-36.5,7.1,26.9,0.160466323,0.705313272,-0.136783959,0.676747948
1684,4212986,1644000,0.988,0.04,-0.026,0,-0.1,-0.1,-36.5,7.1,26.9,0.160496841,0.705313272,-0.136783959,0.676747948
1685,4215324,1644010,0.988,0.04,-0.03,0,0,0,-36.5,7.1,26.9,0.160496841,0.705313272,-0.136783959,0.676747948
1686,4217527,1644010,0.981,0.036,-0.03,0,0.1,-0.1,-36.5,7.1,26.9,0.160496841,0.705313272,-0.136783959,0.676747948
1687,4219802,1644010,0.977,0.044,-0.03,0,0.2,-0.1,-36,6.8,27.1,0.160496841,0.705313272,-0.136753441,0.676747948
1688,4222174,1644010,0.981,0.036,-0.034,0,0.1,-0.1,-36,6.8,27.1,0.160496841,0.705313272,-0.136753441,0.676747948
1689,4226230,1644020,0.981,0.044,-0.03,-0.1,0,0,-36,6.8,27.1,0.160496841,0.705313272,-0.136753441,0.676747948
1690,4228442,1644020,0.981,0.04,-0.03,-0.1,0,0,-36,6.8,27.1,0.160496841,0.705313272,-0.136783959,0.676747948
1691,4230656,1644020,0.985,0.04,-0.034,0,0,0,-35.2,6.9,27.1,0.160496841,0.705313272,-0.136783959,0.676747948
1692,4232909,1644020,0.985,0.036,-0.03,0,0.1,0,-35.2,6.9,27.1,0.160496841,0.705313272,-0.136783959,0.676747948
1693,4235219,1644030,0.988,0.044,-0.03,0.1,0,-0.1,-35.2,6.9,27.1,0.160496841,0.705313272,-0.136753441,0.676747948
1694,4237488,1644030,0.985,0.04,-0.034,0.1,0,-0.1,-35.2,6.9,27.1,0.160496841,0.705313272,-0.136753441,0.676747948
1695,4239741,1644030,0.988,0.04,-0.034,0.1,-0.1,-0.1,-34.8,6.8,27,0.160496841,0.705313272,-0.136753441,0.676747948
1696,4242279,1644030,0.988,0.04,-0.034,0,0,0,-34.8,6.8,27,0.160496841,0.705313272,-0.136753441,0.676747948
1697,4246388,1644040,0.988,0.04,-0.038,0,0,0,-34.8,6.8,27,0.160496841,0.705313272,-0.136753441,0.676747948
1698,4248699,1644040,0.985,0.04,-0.034,0,0,0,-34.8,6.8,27,0.160496841,0.705313272,-0.136753441,0.676747948
1699,4251008,1644040,0.985,0.04,-0.034,0,0,0,-34.6,6,26.9,0.160496841,0.705313272,-0.136753441,0.676747948
1700,4253158,1644040,0.988,0.04,-0.034,0,0,-0.1,-34.6,6,26.9,0.160496841,0.705313272,-0.136753441,0.676747948
1701,4254712,1644050,0.985,0.04,-0.042,0,0,-0.1,-34.6,6,26.9,0.160496841,0.705313272,-0.136753441,0.676747948
1702,4257249,1644050,0.988,0.04,-0.038,0,0,0,-34.6,6,26.9,0.160496841,0.705313272,-0.136753441,0.676747948
1703,4260643,1644050,0.981,0.04,-0.038,0,0,0,-34.8,6.2,27.1,0.160496841,0.705313272,-0.136753441,0.676747948
1704,4262164,1644050,0.988,0.04,-0.038,0,0,0,-34.8,6.2,27.1,0.160496841,0.705313272,-0.136753441,0.676747948
1705,4264696,1644060,0.981,0.044,-0.034,0,0,0,-34.8,6.2,27.1,0.160496841,0.705313272,-0.136753441,0.676747948
1706,4267086,1644060,0.985,0.036,-0.038,0,-0.1,0,-34.8,6.2,27.1,0.160496841,0.705313272,-0.136753441,0.676747948
1707,4270410,1644060,0.988,0.04,-0.034,0,-0.1,0,-34.7,6.2,27,0.160496841,0.705313272,-0.136753441,0.676747948
1708,4272118,1644060,0.985,0.04,-0.03,0,-0.2,0,-34.7,6.2,27,0.160496841,0.705313272,-0.136753441,0.676747948
1709,4275569,1644070,0.988,0.04,-0.034,0,-0.1,0,-34.7,6.2,27,0.160496841,0.705313272,-0.136783959,0.676747948
1710,4277194,1644070,0.988,0.044,-0.03,0,-0.1,0,-34.7,6.2,27,0.160496841,0.705313272,-0.136783959,0.676747948
1711,4279706,1644070,0.992,0.044,-0.034,0,-0.1,0,-34.9,6.2,26.7,0.160496841,0.705313272,-0.136783959,0.676747948
1712,4283868,1644070,0.988,0.044,-0.03,0,-0.1,0,-34.9,6.2,26.7,0.160496841,0.705313272,-0.136783959,0.676747948
1713,4286192,1644080,0.985,0.036,-0.042,0,-0.1,0,-34.9,6.2,26.7,0.160496841,0.705313272,-0.136783959,0.676747948
1714,4288426,1644080,0.985,0.044,-0.034,0,-0.1,0.1,-34.9,6.2,26.7,0.160496841,0.705343791,-0.136783959,0.676747948
1715,4290739,1644080,0.985,0.032,-0.034,0,0,0,-34.5,6,27.2,0.160496841,0.70537431,-0.136783959,0.676717429
1716,4292956,1644080,0.985,0.032,-0.034,0,0,0,-34.5,6,27.2,0.160496841,0.70537431,-0.136783959,0.676717429
1717,4295188,1644090,0.985,0.036,-0.034,0,0.1,0,-34.5,6,27.2,0.160496841,0.70537431,-0.136783959,0.676717429
1718,4297383,1644090,0.985,0.04,-0.026,0,0.3,0,-34.5,6,27.2,0.160496841,0.70537431,-0.136753441,0.676717429
1719,4300416,1644090,0.985,0.04,-0.03,0,0.3,0,-36,6,27,0.160496841,0.705343791,-0.136753441,0.676717429
1720,4302133,1644090,0.988,0.04,-0.03,0,0.3,0,-36,6,27,0.160496841,0.705343791,-0.136753441,0.676717429
1721,4305624,1644100,0.988,0.04,-0.042,0,0.1,0.1,-36,6,27,0.160496841,0.705343791,-0.136753441,0.676717429
1722,4307154,1644100,0.985,0.04,-0.038,0,0,0,-36,6,27,0.160496841,0.705343791,-0.136783959,0.676717429
1723,4310158,1644100,0.985,0.04,-0.042,0,-0.2,0,-33.8,6.3,27.2,0.160496841,0.705343791,-0.136783959,0.676717429
1724,4313125,1644100,0.985,0.04,-0.038,0,-0.3,0,-33.8,6.3,27.2,0.160496841,0.705343791,-0.136783959,0.676717429
1725,4314690,1644110,0.985,0.04,-0.034,0,-0.3,0,-33.8,6.3,27.2,0.160496841,0.70537431,-0.136783959,0.676717429
1726,4317327,1644110,0.985,0.044,-0.038,0,-0.3,0,-33.8,6.3,27.2,0.160496841,0.70537431,-0.136783959,0.676717429
1727,4320651,1644110,0.988,0.044,-0.034,0,-0.1,0,-34.5,6,26.8,0.160496841,0.70537431,-0.136783959,0.676717429
1728,4322325,1644110,0.985,0.04,-0.03,0,0,0,-34.5,6,26.8,0.160496841,0.70537431,-0.136783959,0.676717429
1729,4324753,1644120,0.988,0.04,-0.034,0,0,0,-34.5,6,26.8,0.160496841,0.70537431,-0.136783959,0.676717429
1730,4327055,1644120,0.985,0.04,-0.042,0,0,0,-34.5,6,26.8,0.160496841,0.70537431,-0.136783959,0.676717429
1731,4330677,1644120,0.985,0.04,-0.038,0,0,0,-34.4,6.2,27,0.160496841,0.70537431,-0.136783959,0.676717429
1732,4332062,1644120,0.981,0.044,-0.03,0,0.1,0,-34.4,6.2,27,0.160496841,0.70537431,-0.136783959,0.676717429
1733,4335103,1644130,0.985,0.04,-0.038,0,0.3,0,-34.4,6.2,27,0.160496841,0.70537431,-0.136783959,0.676717429
1734,4338233,1644130,0.985,0.036,-0.038,0,0.3,0,-34.4,6.2,27,0.160496841,0.705343791,-0.136783959,0.676717429
1735,4339645,1644130,0.985,0.04,-0.038,0,0.2,0,-34.4,6.2,27.1,0.160496841,0.705404828,-0.136783959,0.676686911
1736,4342577,1644130,0.988,0.04,-0.03,0,0,0,-34.4,6.2,27.1,0.160496841,0.705404828,-0.136783959,0.676686911
1737,4345671,1644140,0.988,0.04,-0.026,0,-0.1,-0.1,-34.4,6.2,27.1,0.160496841,0.705404828,-0.136783959,0.676686911
1738,4347116,1644140,0.985,0.036,-0.03,0,-0.1,0,-34.4,6.2,27.1,0.160496841,0.705404828,-0.136783959,0.676686911
1739,4350224,1644140,0.988,0.036,-0.042,0,0,0,-36,5.9,26.9,0.160496841,0.705404828,-0.136783959,0.676686911
1740,4352088,1644140,0.988,0.036,-0.03,0,0,0,-36,5.9,26.9,0.160496841,0.705404828,-0.136783959,0.676686911
1741,4355213,1644150,0.985,0.036,-0.034,0,0,0,-36,5.9,26.9,0.160496841,0.705404828,-0.136783959,0.676686911
1742,4358271,1644150,0.988,0.04,-0.034,0,0,0,-36,5.9,26.9,0.160496841,0.705404828,-0.136783959,0.676686911
1743,4359751,1644150,0.985,0.04,-0.034,0,-0.1,-0.1,-33.8,5.9,27,0.160496841,0.705404828,-0.136783959,0.676656392
1744,4362749,1644150,0.988,0.036,-0.034,-0.1,-0.1,-0.1,-33.8,5.9,27,0.160496841,0.705404828,-0.136783959,0.676656392
1745,4364633,1644160,0.985,0.04,-0.03,0,-0.1,-0.1,-33.8,5.9,27,0.160496841,0.705404828,-0.136783959,0.676656392
1746,4368097,1644160,0.985,0.036,-0.03,0,0,-0.1,-33.8,5.9,27,0.160496841,0.705404828,-0.136783959,0.676656392
1747,4369614,1644160,0.985,0.044,-0.034,0,0,0,-33.5,6.4,26.6,0.160496841,0.705404828,-0.136783959,0.676656392
1748,4372718,1644160,0.988,0.04,-0.034,0,0.1,0,-33.5,6.4,26.6,0.160496841,0.705404828,-0.136783959,0.676656392
1749,4374525,1644170,0.981,0.04,-0.034,0,0.1,0,-33.5,6.4,26.6,0.160496841,0.705404828,-0.136783959,0.676656392
1750,4378073,1644170,0.985,0.036,-0.034,0,0.1,0,-33.5,6.4,26.6,0.160496841,0.705404828,-0.136783959,0.676656392
1751,4379657,1644170,0.985,0.04,-0.034,0,0,0,-33.9,6.1,27,0.160496841,0.705404828,-0.136783959,0.676656392
1752,4382229,1644170,0.985,0.04,-0.034,0,0,0,-33.9,6.1,27,0.160496841,0.705404828,-0.136783959,0.676656392
1753,4385702,1644180,0.985,0.04,-0.038,0,-0.2,0,-33.9,6.1,27,0.160496841,0.705404828,-0.136783959,0.676656392
1754,4387984,1644180,0.988,0.04,-0.034,0,-0.3,0.1,-33.9,6.1,27,0.160496841,0.705404828,-0.136783959,0.676656392
1755,4390220,1644180,0.988,0.04,-0.034,0,-0.3,0.1,-33.9,6.1,27,0.160496841,0.705404828,-0.136783959,0.676656392
1756,4392360,1644180,0.985,0.044,-0.03,0,-0.1,0.2,-33.7,6.3,27,0.160496841,0.705465865,-0.136814478,0.676625874
1757,4395840,1644190,0.988,0.036,-0.034,0,0,0.1,-33.7,6.3,27,0.160496841,0.705465865,-0.136814478,0.676625874
1758,4397368,1644190,0.981,0.04,-0.038,0,0,0,-33.7,6.3,27,0.160496841,0.705465865,-0.136814478,0.676625874
1759,4399578,1644190,0.985,0.044,-0.03,0,0.1,0,-34.8,6,26.7,0.160496841,0.705435347,-0.136814478,0.676625874
1760,4402216,1644190,0.985,0.04,-0.03,-0.1,0,0,-34.8,6,26.7,0.160496841,0.705435347,-0.136814478,0.676625874
1761,4405836,1644200,0.985,0.04,-0.038,0,0,0,-34.8,6,26.7,0.160496841,0.705435347,-0.136814478,0.676625874
1762,4408014,1644200,0.985,0.04,-0.03,0,0,0,-34.8,6,26.7,0.160496841,0.705435347,-0.136814478,0.676625874
1763,4410334,1644200,0.985,0.04,-0.03,0,0.1,0,-34.7,5.9,26.9,0.160496841,0.705435347,-0.136814478,0.676625874
1764,4413310,1644200,0.985,0.036,-0.034,0,0,0,-34.7,5.9,26.9,0.160496841,0.705435347,-0.136814478,0.676625874
1765,4414866,1644210,0.985,0.036,-0.034,0,0,0,-34.7,5.9,26.9,0.160496841,0.705435347,-0.136814478,0.676625874
1766,4418357,1644210,0.988,0.04,-0.03,0.1,-0.1,0,-34.7,5.9,26.9,0.160496841,0.705435347,-0.136814478,0.676625874
1767,4419863,1644210,0.985,0.04,-0.038,0.1,0,0,-34.6,6.5,27.5,0.160496841,0.705435347,-0.136814478,0.676625874
1768,4422883,1644210,0.988,0.044,-0.03,0,0,0,-34.6,6.5,27.5,0.160496841,0.705435347,-0.136814478,0.676625874
1769,4424513,1644220,0.985,0.036,-0.03,0,0.1,0,-34.6,6.5,27.5,0.160496841,0.705435347,-0.136814478,0.676625874
1770,4427337,1644220,0.985,0.04,-0.034,0,0.1,0,-34.6,6.5,27.5,0.160496841,0.705435347,-0.136814478,0.676625874
1771,4431102,1644220,0.988,0.044,-0.03,0,0,0,-34.7,6.5,27.8,0.160496841,0.705435347,-0.136814478,0.676625874
1772,4432598,1644220,0.988,0.04,-0.03,0,0,-0.1,-34.7,6.5,27.8,0.160496841,0.705435347,-0.136814478,0.676625874
1773,4435724,1644230,0.988,0.044,-0.034,0.1,0,0,-34.7,6.5,27.8,0.160496841,0.705435347,-0.136814478,0.676625874
1774,4437625,1644230,0.988,0.036,-0.042,0,0,-0.1,-34.7,6.5,27.8,0.160496841,0.705435347,-0.136814478,0.676625874
1775,4440721,1644230,0.988,0.04,-0.03,0,-0.1,0,-34.7,6.2,27.8,0.160496841,0.705465865,-0.136783959,0.676595355
1776,4442233,1644230,0.988,0.04,-0.03,0,-0.1,0,-34.7,6.2,27.8,0.160496841,0.705465865,-0.136783959,0.676595355
1777,4445213,1644240,0.981,0.04,-0.034,0,0,0,-34.7,6.2,27.8,0.160496841,0.705465865,-0.136783959,0.676595355
1778,4447016,1644240,0.985,0.04,-0.038,0,0.1,0,-34.7,6.2,27.8,0.160496841,0.705465865,-0.136783959,0.676595355
1779,4451332,1644240,0.988,0.04,-0.034,0.1,0.1,0,-34.7,6,25.5,0.160496841,0.705465865,-0.136783959,0.676595355
1780,4452847,1644240,0.988,0.044,-0.038,0.1,0.1,0,-34.7,6,25.5,0.160496841,0.705465865,-0.136783959,0.676595355
1781,4456172,1644250,0.988,0.036,-0.038,0.1,0,0,-34.7,6,25.5,0.160496841,0.705465865,-0.136783959,0.676595355
1782,4457686,1644250,0.985,0.04,-0.034,0.1,0,0,-34.7,6,25.5,0.160496841,0.705465865,-0.136783959,0.676595355
1783,4461402,1644250,0.988,0.04,-0.038,0.1,0,0,-34.9,6,27.8,0.160496841,0.705465865,-0.136783959,0.676595355
1784,4462902,1644250,0.988,0.04,-0.038,0,0,0,-34.9,6,27.8,0.160496841,0.705465865,-0.136783959,0.676595355
1785,4464647,1644260,0.988,0.04,-0.03,0,0,0,-34.9,6,27.8,0.160496841,0.705465865,-0.136783959,0.676595355
1786,4468097,1644260,0.988,0.044,-0.034,0,0,0,-34.9,6,27.8,0.160496841,0.705465865,-0.136783959,0.676595355
1787,4469641,1644260,0.985,0.04,-0.038,0,0,0,-34.9,6.3,27.8,0.160496841,0.705465865,-0.136783959,0.676595355
1788,4472654,1644260,0.981,0.04,-0.03,0,0,0,-34.9,6.3,27.8,0.160496841,0.705465865,-0.136783959,0.676595355
1789,4475597,1644270,0.985,0.04,-0.03,0,0.1,0,-34.9,6.3,27.8,0.160496841,0.705465865,-0.136783959,0.676595355
1790,4477292,1644270,0.988,0.04,-0.034,0,0,0,-34.9,6.3,27.8,0.160496841,0.705465865,-0.136783959,0.676595355
1791,4481038,1644270,0.988,0.04,-0.038,0,0,0,-35,6.2,27.7,0.160496841,0.705465865,-0.136783959,0.676595355
1792,4482556,1644270,0.981,0.04,-0.03,0,0,0,-35,6.2,27.7,0.160496841,0.705465865,-0.136783959,0.676595355
1793,4485322,1644280,0.985,0.04,-0.03,0,0,0,-35,6.2,27.7,0.160496841,0.705465865,-0.136783959,0.676595355
1794,4487094,1644280,0.988,0.04,-0.034,0,0,0,-35,6.2,27.7,0.160496841,0.705465865,-0.136783959,0.676595355
1795,4490735,1644280,0.988,0.04,-0.034,0,0,0,-35,6.2,27.7,0.160496841,0.705465865,-0.136783959,0.676595355
1796,4492194,1644280,0.985,0.04,-0.034,0,0,0,-34.7,6.4,28,0.160496841,0.705496384,-0.136783959,0.676595355
1797,4495230,1644290,0.985,0.036,-0.034,0,0,0,-34.7,6.4,28,0.160496841,0.705496384,-0.136783959,0.676595355
1798,4497058,1644290,0.985,0.044,-0.034,0,-0.1,0,-34.7,6.4,28,0.160496841,0.705496384,-0.136783959,0.676595355
1799,4500489,1644290,0.988,0.044,-0.042,0,-0.1,0,-34.9,6,25.6,0.160496841,0.705496384,-0.136783959,0.676595355
1800,4502255,1644290,0.988,0.044,-0.034,0,0,0,-34.9,6,25.6,0.160496841,0.705496384,-0.136783959,0.676564837
1801,4506409,1644300,0.988,0.036,-0.034,0,0,0,-34.9,6,25.6,0.160496841,0.705496384,-0.136783959,0.676564837
1802,4508759,1644300,0.988,0.036,-0.026,0,0.1,0,-34.9,6,25.6,0.160496841,0.705496384,-0.136783959,0.676595355
1803,4511090,1644300,0.988,0.036,-0.038,0,0.1,-0.1,-34.7,6,26.8,0.160496841,0.705496384,-0.136783959,0.676595355
1804,4513218,1644300,0.981,0.036,-0.034,0,0.1,-0.1,-34.7,6,26.8,0.160496841,0.705496384,-0.136783959,0.676595355
1805,4514786,1644310,0.985,0.04,-0.034,0,0.1,-0.1,-34.7,6,26.8,0.160496841,0.705496384,-0.136783959,0.676595355
1806,4517316,1644310,0.985,0.04,-0.03,0,0.1,-0.1,-34.7,6,26.8,0.160496841,0.705496384,-0.136783959,0.676595355
1807,4521463,1644310,0.981,0.036,-0.034,0,0,-0.1,-34.9,6.2,26.1,0.160496841,0.705496384,-0.136783959,0.676595355
1808,4522162,1644310,0.985,0.036,-0.034,0,0,0,-34.9,6.2,26.1,0.160496841,0.705496384,-0.136783959,0.676595355
1809,4524835,1644320,0.985,0.032,-0.038,0,0,0,-34.9,6.2,26.1,0.160496841,0.705496384,-0.136783959,0.676595355
1810,4528233,1644320,0.988,0.04,-0.034,0,0,0,-34.9,6.2,26.1,0.160496841,0.705496384,-0.136783959,0.676595355
1811,4529815,1644320,0.981,0.036,-0.034,0,0,0,-35,6,25.7,0.160496841,0.705496384,-0.136783959,0.676595355
1812,4532365,1644320,0.988,0.044,-0.038,0,0,0,-35,6,25.7,0.160496841,0.705496384,-0.136783959,0.676595355
1813,4535765,1644330,0.988,0.04,-0.034,0,0,0,-35,6,25.7,0.160496841,0.705496384,-0.136783959,0.676595355
1814,4538098,1644330,0.985,0.04,-0.034,0,0.1,-0.1,-35,6,25.7,0.160496841,0.705496384,-0.136783959,0.676595355
1815,4539878,1644330,0.985,0.04,-0.038,0,0.1,0,-35,5.5,25.2,0.160496841,0.705526902,-0.136783959,0.676564837
1816,4543111,1644330,0.985,0.04,-0.038,0,0.3,0,-35,5.5,25.2,0.160496841,0.705496384,-0.136783959,0.676564837
1817,4545477,1644340,0.981,0.044,-0.038,0.1,0.3,0,-35,5.5,25.2,0.160496841,0.705496384,-0.136783959,0.676564837
1818,4547568,1644340,0.985,0.04,-0.034,0.1,0.1,0,-35,5.5,25.2,0.160496841,0.705496384,-0.136783959,0.676564837
1819,4549743,1644340,0.985,0.04,-0.042,0,0,0,-34.7,6.1,27.1,0.160496841,0.705496384,-0.136783959,0.676564837
1820,4552916,1644340,0.981,0.044,-0.034,0,-0.1,0,-34.7,6.1,27.1,0.160496841,0.705496384,-0.136783959,0.676564837
1821,4555097,1644350,0.985,0.04,-0.034,-0.1,-0.1,0,-34.7,6.1,27.1,0.160496841,0.705496384,-0.136783959,0.676564837
1822,4557401,1644350,0.981,0.044,-0.034,0,0,0,-34.7,6.1,27.1,0.160496841,0.705496384,-0.136783959,0.676564837
1823,4559794,1644350,0.985,0.04,-0.03,0,0,0,-34.7,6,26.6,0.160496841,0.705496384,-0.136783959,0.676564837
1824,4563393,1644350,0.985,0.036,-0.038,0,0,0,-34.7,6,26.6,0.160496841,0.705496384,-0.136783959,0.676564837
1825,4564681,1644360,0.985,0.044,-0.03,0,0,0,-34.7,6,26.6,0.160496841,0.705496384,-0.136783959,0.676564837
1826,4568183,1644360,0.988,0.04,-0.03,0,0,0,-34.7,6,26.6,0.160496841,0.705496384,-0.136783959,0.676564837
1827,4570564,1644360,0.988,0.04,-0.03,0,0,0,-35,5.9,27,0.160496841,0.705496384,-0.136783959,0.676564837
1828,4573060,1644360,0.988,0.04,-0.034,0,0,0.1,-35,5.9,27,0.160496841,0.705496384,-0.136783959,0.676564837
1829,4574822,1644370,0.985,0.044,-0.034,0,0,0,-35,5.9,27,0.160496841,0.705496384,-0.136783959,0.676564837
1830,4578247,1644370,0.988,0.04,-0.03,0,0,0,-35,5.9,27,0.160496841,0.705496384,-0.136783959,0.676564837
1831,4580152,1644370,0.985,0.04,-0.034,0,0,0,-35,5.7,26.8,0.160496841,0.705496384,-0.136783959,0.676564837
1832,4582283,1644370,0.981,0.04,-0.034,0,0.1,0,-35,5.7,26.8,0.160496841,0.705496384,-0.136783959,0.676564837
1833,4585336,1644380,0.988,0.04,-0.034,0,0.1,-0.1,-35,5.7,26.8,0.160496841,0.705496384,-0.136783959,0.676564837
1834,4588229,1644380,0.985,0.04,-0.03,0,0.1,-0.1,-35,5.7,26.8,0.160496841,0.705496384,-0.136783959,0.676564837
1835,4590419,1644380,0.985,0.04,-0.03,0,0.1,-0.1,-35,5.7,26.8,0.160496841,0.705496384,-0.136783959,0.676564837
1836,4592768,1644380,0.985,0.04,-0.03,0.1,0,-0.1,-35,5,26.7,0.160496841,0.705496384,-0.136783959,0.676564837
1837,4594911,1644390,0.985,0.036,-0.03,0.1,0,-0.1,-35,5,26.7,0.160496841,0.705496384,-0.136783959,0.676564837
1838,4597539,1644390,0.985,0.04,-0.038,0.1,0.1,-0.1,-35,5,26.7,0.160496841,0.705496384,-0.136783959,0.676564837
1839,4599810,1644390,0.985,0.04,-0.042,0,0,-0.1,-34.9,7.3,28.3,0.160496841,0.705496384,-0.136783959,0.676564837
1840,4602159,1644390,0.988,0.04,-0.034,0,0,-0.1,-34.9,7.3,28.3,0.160496841,0.705496384,-0.136783959,0.676564837
1841,4606112,1644400,0.988,0.036,-0.034,0,-0.1,0,-34.9,7.3,28.3,0.160496841,0.705496384,-0.136783959,0.676564837
1842,4608468,1644400,0.988,0.04,-0.03,0,-0.1,0,-34.9,7.3,28.3,0.160496841,0.705496384,-0.136783959,0.676564837
1843,4610746,1644400,0.988,0.04,-0.03,0,-0.1,0,-34.9,7.3,28.3,0.160496841,0.705496384,-0.136783959,0.676564837
1844,4613130,1644400,0.988,0.04,-0.03,0,0,0,-34.9,4.6,25.5,0.160496841,0.705496384,-0.136783959,0.676564837
1845,4615484,1644410,0.988,0.04,-0.038,0,0.1,0,-34.9,4.6,25.5,0.160496841,0.705496384,-0.136783959,0.676564837
1846,4617301,1644410,0.985,0.04,-0.034,0,0.1,0.1,-34.9,4.6,25.5,0.160496841,0.705496384,-0.136783959,0.676564837
1847,4619790,1644410,0.988,0.04,-0.03,-0.1,0,0.1,-35,6.9,26,0.160496841,0.705496384,-0.136783959,0.676564837
1848,4622167,1644410,0.985,0.036,-0.034,-0.1,-0.1,0,-35,6.9,26,0.160496841,0.705496384,-0.136783959,0.676564837
1849,4626164,1644420,0.985,0.04,-0.038,-0.1,-0.1,0,-35,6.9,26,0.160496841,0.705496384,-0.136783959,0.676564837
1850,4628407,1644420,0.985,0.04,-0.034,-0.1,-0.1,0,-35,6.9,26,0.160496841,0.705496384,-0.136783959,0.676564837
1851,4630643,1644420,0.988,0.04,-0.03,0,-0.1,0,-34.7,4.4,25.6,0.160496841,0.705496384,-0.136783959,0.676564837
1852,4632299,1644420,0.988,0.044,-0.026,0,-0.1,0,-34.7,4.4,25.6,0.160496841,0.705526902,-0.136783959,0.676564837
1853,4634765,1644430,0.985,0.04,-0.03,0,-0.1,0,-34.7,4.4,25.6,0.160496841,0.705526902,-0.136783959,0.676564837
1854,4638089,1644430,0.985,0.04,-0.03,0,-0.1,-0.1,-34.7,4.4,25.6,0.160496841,0.705526902,-0.136783959,0.676564837
1855,4639719,1644430,0.985,0.04,-0.03,0,-0.1,-0.1,-34.7,4.4,25.6,0.160496841,0.705526902,-0.136783959,0.676564837
1856,4643048,1644430,0.985,0.04,-0.03,0,0,-0.1,-34.9,4.6,26.1,0.16052736,0.705496384,-0.136783959,0.676564837
1857,4645270,1644440,0.988,0.04,-0.038,0,0,0,-34.9,4.6,26.1,0.16052736,0.705496384,-0.136783959,0.676564837
1858,4647620,1644440,0.985,0.044,-0.042,0,0,0,-34.9,4.6,26.1,0.16052736,0.705496384,-0.136783959,0.676564837
1859,4649819,1644440,0.981,0.04,-0.038,0,0,0,-34.9,7.4,27.1,0.16052736,0.705496384,-0.136783959,0.676564837
1860,4652365,1644440,0.985,0.044,-0.038,0,0,0,-34.9,7.4,27.1,0.16052736,0.705496384,-0.136783959,0.676564837
1861,4654638,1644450,0.985,0.04,-0.03,0,0.1,0,-34.9,7.4,27.1,0.16052736,0.705496384,-0.136783959,0.676595355
1862,4657984,1644450,0.981,0.04,-0.038,0,0,0,-34.9,7.4,27.1,0.16052736,0.705496384,-0.136783959,0.676595355
1863,4659602,1644450,0.988,0.036,-0.038,0,0,0,-34.7,6.3,26.5,0.16052736,0.705496384,-0.136783959,0.676595355
1864,4662340,1644450,0.985,0.036,-0.034,0,-0.1,0,-34.7,6.3,26.5,0.16052736,0.705496384,-0.136783959,0.676595355
1865,4664622,1644460,0.988,0.04,-0.03,0,-0.1,0,-34.7,6.3,26.5,0.16052736,0.705496384,-0.136783959,0.676564837
1866,4667930,1644460,0.988,0.04,-0.034,0,0,0,-34.7,6.3,26.5,0.16052736,0.705496384,-0.136783959,0.676564837
1867,4669740,1644460,0.988,0.04,-0.042,0,0,-0.1,-34.7,7.4,26.5,0.16052736,0.705496384,-0.136783959,0.676564837
1868,4673177,1644460,0.988,0.044,-0.03,0,0,-0.1,-34.7,7.4,26.5,0.16052736,0.705496384,-0.136783959,0.676564837
1869,4674756,1644470,0.985,0.04,-0.03,0,0,-0.1,-34.7,7.4,26.5,0.16052736,0.705496384,-0.136753441,0.676564837
1870,4677307,1644470,0.988,0.04,-0.034,0,0,-0.1,-34.7,7.4,26.5,0.16052736,0.705496384,-0.136753441,0.676564837
1871,4680702,1644470,0.988,0.04,-0.03,0,0.1,-0.1,-34.4,7.8,26.2,0.16052736,0.705496384,-0.136753441,0.676564837
1872,4682203,1644470,0.985,0.04,-0.038,0,0.1,0,-34.4,7.8,26.2,0.16052736,0.705496384,-0.136753441,0.676564837
1873,4685301,1644480,0.985,0.044,-0.03,0,0.2,0,-34.4,7.8,26.2,0.16052736,0.705496384,-0.136753441,0.676595355
1874,4687440,1644480,0.985,0.036,-0.034,-0.1,0.1,0,-34.4,7.8,26.2,0.16052736,0.705496384,-0.136753441,0.676595355
1875,4689755,1644480,0.985,0.04,-0.034,0,0,0,-35,7.6,26.4,0.16052736,0.705496384,-0.136783959,0.676564837
1876,4692982,1644480,0.985,0.04,-0.03,0,0,0,-35,7.6,26.4,0.16052736,0.705496384,-0.136783959,0.676564837
1877,4694761,1644490,0.985,0.044,-0.03,0.1,0,0,-35,7.6,26.4,0.16052736,0.705496384,-0.136783959,0.676564837
1878,4697230,1644490,0.988,0.044,-0.03,0.1,-0.1,0,-35,7.6,26.4,0.16052736,0.705496384,-0.136753441,0.676564837
1879,4700525,1644490,0.988,0.04,-0.03,0.1,-0.1,0,-34.8,5.8,26.8,0.16052736,0.705496384,-0.136753441,0.676564837
1880,4702355,1644490,0.988,0.04,-0.034,0,-0.1,0,-34.8,5.8,26.8,0.16052736,0.705496384,-0.136753441,0.676564837
1881,4705713,1644500,0.988,0.04,-0.03,0,-0.1,0,-34.8,5.8,26.8,0.16052736,0.705496384,-0.136753441,0.676564837
1882,4707207,1644500,0.985,0.032,-0.034,0,-0.1,0,-34.8,5.8,26.8,0.16052736,0.705496384,-0.136753441,0.676564837
1883,4709779,1644500,0.985,0.04,-0.034,0,-0.1,0,-34.7,5.8,27.1,0.16052736,0.705496384,-0.136753441,0.676564837
1884,4712056,1644500,0.981,0.036,-0.034,0,0,0,-34.7,5.8,27.1,0.16052736,0.705496384,-0.136753441,0.676564837
1885,4715537,1644510,0.985,0.036,-0.042,0,0,0,-34.7,5.8,27.1,0.16052736,0.705496384,-0.136753441,0.676564837
1886,4717676,1644510,0.988,0.04,-0.034,0,0.1,0,-34.7,5.8,27.1,0.16052736,0.705496384,-0.136753441,0.676564837
1887,4719976,1644510,0.985,0.036,-0.034,-0.1,0.1,0,-35.2,6,27.1,0.16052736,0.705496384,-0.136753441,0.676564837
1888,4723289,1644510,0.985,0.032,-0.03,-0.1,0,0,-35.2,6,27.1,0.16052736,0.705496384,-0.136753441,0.676564837
1889,4724729,1644520,0.985,0.048,-0.03,-0.1,0,0,-35.2,6,27.1,0.16052736,0.705496384,-0.136783959,0.676564837
1890,4727877,1644520,0.981,0.036,-0.034,0,0,0,-35.2,6,27.1,0.16052736,0.705496384,-0.136783959,0.676564837
1891,4729557,1644520,0.985,0.04,-0.038,0,-0.1,0,-35.2,6.3,26.9,0.16052736,0.705496384,-0.136783959,0.676564837
1892,4733129,1644520,0.985,0.036,-0.03,0,-0.1,0,-35.2,6.3,26.9,0.16052736,0.705496384,-0.136783959,0.676564837
1893,4734638,1644530,0.985,0.04,-0.038,0,-0.1,0,-35.2,6.3,26.9,0.16052736,0.705496384,-0.136783959,0.676564837
1894,4737132,1644530,0.988,0.036,-0.034,0,0,0,-35.2,6.3,26.9,0.16052736,0.705496384,-0.136783959,0.676564837
1895,4740634,1644530,0.992,0.044,-0.034,0,0,0,-35.8,6.7,26.9,0.160496841,0.705526902,-0.136814478,0.676534318
1896,4742142,1644530,0.992,0.044,-0.034,0,0,0,-35.8,6.7,26.9,0.160496841,0.705526902,-0.136814478,0.676534318
1897,4745961,1644540,0.985,0.04,-0.03,0,0,0,-35.8,6.7,26.9,0.160496841,0.705526902,-0.136814478,0.676534318
1898,4748198,1644540,0.988,0.036,-0.034,0,0,0,-35.8,6.7,26.9,0.160496841,0.705526902,-0.136814478,0.676534318
1899,4750174,1644540,0.988,0.044,-0.03,0,0,0,-34.2,4.6,26.8,0.160496841,0.705526902,-0.136814478,0.676534318
1900,4752145,1644540,0.985,0.04,-0.03,0,0.1,0,-34.2,4.6,26.8,0.160496841,0.705526902,-0.136814478,0.676534318
1901,4755349,1644550,0.985,0.04,-0.034,0,0.1,0,-34.2,4.6,26.8,0.160496841,0.705526902,-0.136814478,0.676534318
1902,4757195,1644550,0.985,0.04,-0.03,0,0.1,0,-34.2,4.6,26.8,0.160496841,0.705526902,-0.136814478,0.676534318
1903,4760639,1644550,0.988,0.036,-0.03,0,0.1,0,-36.2,7.3,27,0.160496841,0.705526902,-0.136814478,0.676534318
1904,4762149,1644550,0.981,0.04,-0.034,0,0.1,-0.1,-36.2,7.3,27,0.160496841,0.705526902,-0.136814478,0.676534318
1905,4764719,1644560,0.988,0.04,-0.03,0,0.1,0,-36.2,7.3,27,0.160496841,0.705526902,-0.136814478,0.676534318
1906,4768097,1644560,0.988,0.04,-0.034,0,0,0,-36.2,7.3,27,0.160496841,0.705526902,-0.136814478,0.676534318
1907,4769622,1644560,0.985,0.04,-0.042,0,0,0.2,-36.6,7.4,26.9,0.160496841,0.705526902,-0.136814478,0.676534318
1908,4772030,1644560,0.988,0.036,-0.034,0,-0.1,0.1,-36.6,7.4,26.9,0.160496841,0.705526902,-0.136814478,0.676534318
1909,4775639,1644570,0.985,0.044,-0.038,0,-0.1,0.1,-36.6,7.4,26.9,0.160496841,0.705526902,-0.136814478,0.676534318
1910,4777806,1644570,0.985,0.04,-0.038,0,0,0,-36.6,7.4,26.9,0.160496841,0.705526902,-0.136814478,0.676534318
1911,4780059,1644570,0.988,0.04,-0.034,0,0,0,-36.5,7.5,26.9,0.160496841,0.705526902,-0.136814478,0.676534318
1912,4782306,1644570,0.985,0.044,-0.03,0,0,-0.1,-36.5,7.5,26.9,0.160496841,0.705526902,-0.136814478,0.676534318
1913,4784589,1644580,0.985,0.04,-0.034,0,0,-0.1,-36.5,7.5,26.9,0.160496841,0.705526902,-0.136814478,0.676534318
1914,4787114,1644580,0.988,0.044,-0.034,0,0,-0.1,-36.5,7.5,26.9,0.160496841,0.705526902,-0.136814478,0.676534318
1915,4790526,1644580,0.988,0.04,-0.038,-0.1,0,0,-36.6,7.3,26.6,0.16052736,0.705526902,-0.136783959,0.676534318
1916,4792039,1644580,0.988,0.04,-0.026,-0.1,0,0,-36.6,7.3,26.6,0.16052736,0.705526902,-0.136783959,0.676534318
1917,4794531,1644590,0.988,0.04,-0.03,-0.1,0,0,-36.6,7.3,26.6,0.16052736,0.705526902,-0.136783959,0.6765038
1918,4798042,1644590,0.985,0.036,-0.03,0,0,0,-36.6,7.3,26.6,0.16052736,0.705526902,-0.136783959,0.6765038
1919,4799690,1644590,0.985,0.04,-0.038,0,0.1,0,-33.9,6.2,27.1,0.16052736,0.705526902,-0.136783959,0.676534318
1920,4802760,1644590,0.985,0.044,-0.034,0,0.1,0,-33.9,6.2,27.1,0.16052736,0.705526902,-0.136783959,0.676534318
1921,4805708,1644600,0.985,0.04,-0.03,0,0,0,-33.9,6.2,27.1,0.16052736,0.705526902,-0.136783959,0.676534318
1922,4807217,1644600,0.985,0.044,-0.038,0,0,0,-33.9,6.2,27.1,0.16052736,0.705526902,-0.136783959,0.676534318
1923,4810646,1644600,0.988,0.036,-0.034,0,0,0,-35.8,6.2,26.9,0.16052736,0.705526902,-0.136783959,0.676534318
1924,4812767,1644600,0.988,0.04,-0.034,0,0,0.1,-35.8,6.2,26.9,0.16052736,0.705526902,-0.136783959,0.676534318
1925,4814927,1644610,0.992,0.04,-0.034,0,0,0.1,-35.8,6.2,26.9,0.16052736,0.705526902,-0.136783959,0.676534318
1926,4817945,1644610,0.985,0.036,-0.042,0,0,0,-35.8,6.2,26.9,0.16052736,0.705526902,-0.136783959,0.676534318
1927,4819609,1644610,0.985,0.036,-0.03,0,0,0,-35,6.3,26.8,0.16052736,0.705526902,-0.136783959,0.676534318
1928,4822616,1644610,0.985,0.04,-0.038,0,0,-0.1,-35,6.3,26.8,0.16052736,0.705526902,-0.136783959,0.676534318
1929,4825611,1644620,0.985,0.036,-0.034,0.1,0,-0.1,-35,6.3,26.8,0.16052736,0.705526902,-0.136783959,0.676534318
1930,4827205,1644620,0.988,0.04,-0.03,0.1,0,0,-35,6.3,26.8,0.16052736,0.705526902,-0.136783959,0.676534318
1931,4830065,1644620,0.988,0.04,-0.042,0.1,0,0,-34.5,6.1,26.5,0.16052736,0.705526902,-0.136783959,0.676534318
1932,4833082,1644620,0.988,0.04,-0.038,0.1,0,0,-34.5,6.1,26.5,0.16052736,0.705526902,-0.136783959,0.676534318
1933,4834619,1644630,0.985,0.04,-0.034,0,0.1,0,-34.5,6.1,26.5,0.16052736,0.705526902,-0.136783959,0.676534318
1934,4837646,1644630,0.985,0.036,-0.038,0,0,0,-34.5,6.1,26.5,0.16052736,0.705526902,-0.136783959,0.676534318
1935,4840681,1644630,0.985,0.04,-0.03,0,-0.1,0,-34.3,6.5,26.7,0.160496841,0.705587939,-0.136814478,0.676473281
1936,4842855,1644630,0.981,0.04,-0.034,0,-0.1,0,-34.3,6.5,26.7,0.160496841,0.705587939,-0.136814478,0.676473281
1937,4844914,1644640,0.985,0.036,-0.038,0,-0.1,0,-34.3,6.5,26.7,0.160496841,0.705587939,-0.136814478,0.676473281
1938,4847180,1644640,0.988,0.04,-0.034,0,0,0,-34.3,6.5,26.7,0.160496841,0.705587939,-0.136814478,0.676473281
1939,4851135,1644640,0.985,0.044,-0.034,0,0,-0.1,-35.1,5.9,26.8,0.160496841,0.705587939,-0.136814478,0.676473281
1940,4852713,1644640,0.988,0.04,-0.034,0,0.1,-0.1,-35.1,5.9,26.8,0.160496841,0.705587939,-0.136814478,0.676473281
1941,4855595,1644650,0.985,0.04,-0.03,0,0.3,0,-35.1,5.9,26.8,0.160496841,0.705587939,-0.136814478,0.676473281
1942,4857363,1644650,0.985,0.04,-0.03,0,0.3,0,-35.1,5.9,26.8,0.160496841,0.705587939,-0.136814478,0.676473281
1943,4859619,1644650,0.985,0.04,-0.034,0,0.3,0,-34.7,6,27.2,0.160496841,0.705587939,-0.136814478,0.676473281
1944,4863172,1644650,0.985,0.044,-0.034,0,0.1,0,-34.7,6,27.2,0.160496841,0.705587939,-0.136814478,0.676473281
1945,4864638,1644660,0.985,0.044,-0.03,0,0,0.1,-34.7,6,27.2,0.160496841,0.705587939,-0.136814478,0.676473281
1946,4867223,1644660,0.985,0.044,-0.034,0,-0.1,0.1,-34.7,6,27.2,0.160496841,0.705587939,-0.136814478,0.676473281
1947,4870683,1644660,0.988,0.044,-0.038,0,-0.1,0,-34.9,6.2,27.5,0.160496841,0.705587939,-0.136814478,0.676473281
1948,4872920,1644660,0.985,0.04,-0.03,0,0,0,-34.9,6.2,27.5,0.160496841,0.705587939,-0.136814478,0.676473281
1949,4874686,1644670,0.992,0.04,-0.03,0,0.1,0,-34.9,6.2,27.5,0.160496841,0.705587939,-0.136814478,0.676473281
1950,4877232,1644670,0.988,0.036,-0.034,0,0.1,0,-34.9,6.2,27.5,0.160496841,0.705587939,-0.136814478,0.676473281
1951,4879565,1644670,0.988,0.036,-0.042,0,0.1,0,-34.6,6.1,27.5,0.160496841,0.705587939,-0.136814478,0.676473281
1952,4883051,1644670,0.985,0.044,-0.03,0,0,0,-34.6,6.1,27.5,0.160496841,0.705587939,-0.136814478,0.676473281
1953,4885264,1644680,0.985,0.04,-0.034,0,0,0,-34.6,6.1,27.5,0.160496841,0.705587939,-0.136814478,0.676473281
1954,4887421,1644680,0.985,0.04,-0.034,0,0,0,-34.6,6.1,27.5,0.160496841,0.705587939,-0.136814478,0.676473281
1955,4889718,1644680,0.985,0.04,-0.034,0,0,0,-34.6,6.1,27.5,0.160496841,0.705587939,-0.136814478,0.676473281
1956,4892328,1644680,0.985,0.04,-0.034,0,0.1,-0.1,-35,6.2,27.3,0.160496841,0.705618458,-0.136814478,0.676442763
1957,4895579,1644690,0.988,0.04,-0.034,0,0,-0.2,-35,6.2,27.3,0.160496841,0.705618458,-0.136814478,0.676442763
1958,4897198,1644690,0.985,0.04,-0.038,0,0,-0.2,-35,6.2,27.3,0.160496841,0.705618458,-0.136814478,0.676442763
1959,4899674,1644690,0.988,0.036,-0.034,0,0,-0.1,-36,6,27,0.160496841,0.705618458,-0.136814478,0.676442763
1960,4903105,1644690,0.988,0.04,-0.034,0,0,-0.1,-36,6,27,0.160496841,0.705618458,-0.136814478,0.676442763
1961,4904641,1644700,0.985,0.04,-0.03,0,0,0,-36,6,27,0.160496841,0.705618458,-0.136814478,0.676442763
1962,4907174,1644700,0.985,0.04,-0.034,0,0,0,-36,6,27,0.160496841,0.705618458,-0.136814478,0.676442763
1963,4910597,1644700,0.981,0.036,-0.03,0,0.1,0,-33.6,6.3,27.2,0.160496841,0.705587939,-0.136814478,0.676473281
1964,4912331,1644700,0.981,0.04,-0.034,0,0.1,0,-33.6,6.3,27.2,0.160496841,0.705587939,-0.136814478,0.676473281
1965,4914742,1644710,0.985,0.04,-0.034,0,0.1,0,-33.6,6.3,27.2,0.160496841,0.705587939,-0.136814478,0.676473281
1966,4918271,1644710,0.988,0.04,-0.03,0,0,0,-33.6,6.3,27.2,0.160496841,0.705587939,-0.136814478,0.676473281
1967,4919793,1644710,0.988,0.04,-0.03,0,0,0,-33.9,6.3,27.1,0.160496841,0.705587939,-0.136814478,0.676473281
1968,4922413,1644710,0.988,0.04,-0.034,0,-0.1,0,-33.9,6.3,27.1,0.160496841,0.705587939,-0.136814478,0.676473281
1969,4925682,1644720,0.985,0.036,-0.026,0,-0.1,0,-33.9,6.3,27.1,0.160496841,0.705587939,-0.136814478,0.676473281
1970,4927178,1644720,0.985,0.036,-0.038,0,-0.2,0,-33.9,6.3,27.1,0.160496841,0.705587939,-0.136814478,0.676442763
1971,4930202,1644720,0.985,0.036,-0.03,0,-0.2,0,-33.5,6.3,26.7,0.160496841,0.705618458,-0.136814478,0.676442763
1972,4932470,1644720,0.988,0.04,-0.03,0,-0.1,0,-33.5,6.3,26.7,0.160496841,0.705618458,-0.136814478,0.676442763
1973,4934694,1644730,0.988,0.044,-0.03,0,0,0,-33.5,6.3,26.7,0.160496841,0.705618458,-0.136814478,0.676442763
1974,4937218,1644730,0.985,0.04,-0.042,0,0,0,-33.5,6.3,26.7,0.160496841,0.705618458,-0.136814478,0.676442763
1975,4940673,1644730,0.988,0.04,-0.034,0,-0.1,0,-33.5,6.2,27.3,0.160496841,0.705618458,-0.136814478,0.676442763
1976,4942240,1644730,0.988,0.04,-0.03,0,-0.1,0,-33.5,6.2,27.3,0.160496841,0.705618458,-0.136814478,0.676442763
1977,4944790,1644740,0.988,0.036,-0.038,0,-0.1,0,-33.5,6.2,27.3,0.160496841,0.705618458,-0.136814478,0.676442763
1978,4948194,1644740,0.985,0.04,-0.038,0,-0.1,0,-33.5,6.2,27.3,0.160496841,0.705618458,-0.136814478,0.676412244
1979,4949748,1644740,0.985,0.032,-0.034,0,0,0,-35,6.2,26.8,0.160496841,0.705618458,-0.136814478,0.676412244
1980,4953058,1644740,0.985,0.044,-0.034,0,0,0,-35,6.2,26.8,0.160496841,0.705618458,-0.136814478,0.676412244
1981,4954918,1644750,0.985,0.044,-0.034,0,0.1,0,-35,6.2,26.8,0.160496841,0.705618458,-0.136814478,0.676442763
1982,4958403,1644750,0.981,0.036,-0.034,0,0.2,0,-35,6.2,26.8,0.160496841,0.705618458,-0.136814478,0.676442763
1983,4960003,1644750,0.988,0.04,-0.034,0,0.3,0,-34.5,5.9,27.4,0.160496841,0.705618458,-0.136814478,0.676442763
1984,4962266,1644750,0.981,0.04,-0.034,0,0.3,0,-34.5,5.9,27.4,0.160496841,0.705618458,-0.136814478,0.676442763
1985,4964829,1644760,0.985,0.044,-0.038,0,0.1,0,-34.5,5.9,27.4,0.160496841,0.705618458,-0.136814478,0.676442763
1986,4967352,1644760,0.988,0.04,-0.03,0,-0.1,0,-34.5,5.9,27.4,0.160496841,0.705618458,-0.136814478,0.676442763
1987,4970535,1644760,0.988,0.036,-0.038,0,-0.2,0,-34.6,6.2,27.2,0.160496841,0.705618458,-0.136814478,0.676442763
1988,4972294,1644760,0.988,0.036,-0.026,0.1,-0.3,0,-34.6,6.2,27.2,0.160496841,0.705618458,-0.136814478,0.676442763
1989,4974717,1644770,0.985,0.04,-0.038,0.1,-0.2,0,-34.6,6.2,27.2,0.160496841,0.705618458,-0.136814478,0.676442763
1990,4977126,1644770,0.988,0.036,-0.034,0,-0.1,-0.1,-34.6,6.2,27.2,0.160496841,0.705618458,-0.136814478,0.676412244
1991,4981517,1644770,0.985,0.04,-0.03,0,0,-0.1,-34.4,5.8,27.2,0.160496841,0.705618458,-0.136814478,0.676412244
1992,4983735,1644770,0.985,0.036,-0.03,0,0,-0.1,-34.4,5.8,27.2,0.160496841,0.705618458,-0.136814478,0.676412244
1993,4985892,1644780,0.985,0.04,-0.026,0,0,0,-34.4,5.8,27.2,0.160496841,0.705618458,-0.136814478,0.676412244
1994,4988217,1644780,0.985,0.04,-0.03,0,0,0,-34.4,5.8,27.2,0.160496841,0.705618458,-0.136814478,0.676412244
1995,4990542,1644780,0.981,0.04,-0.038,0,0.2,0,-34.3,6.2,27.2,0.160496841,0.705587939,-0.136814478,0.676473281
1996,4992439,1644780,0.985,0.044,-0.038,0,0.2,0,-34.3,6.2,27.2,0.160496841,0.705587939,-0.136814478,0.676473281
1997,4994768,1644790,0.985,0.04,-0.034,0,0.2,0.1,-34.3,6.2,27.2,0.160496841,0.705587939,-0.136814478,0.676473281
1998,4997356,1644790,0.988,0.04,-0.034,0,0.1,0.1,-34.3,6.2,27.2,0.160496841,0.705587939,-0.136814478,0.676473281
