sample_index,elapsed_us,device_time_ms,acc_x_g,acc_y_g,acc_z_g,gyro_x_dps,gyro_y_dps,gyro_z_dps,mag_x_ut,mag_y_ut,mag_z_ut,quat_w,quat_x,quat_y,quat_z
0,2723,597230,0.968,0.249,0.14,-1.5,0,0,-12.2,-33.9,8.1,0.642323069,-0.191778314,-0.619556261,-0.408307138
1,4930,597230,0.968,0.245,0.144,-1.8,0,0,-12.2,-33.9,8.1,0.642323069,-0.191778314,-0.619556261,-0.408337657
2,7504,597230,0.96,0.245,0.144,-1.9,0.1,0,-12.2,-33.9,8.1,0.642323069,-0.191808832,-0.619525742,-0.408337657
3,11856,597240,0.96,0.245,0.14,-2.1,0.2,0.1,-12.2,-33.9,8.1,0.642323069,-0.191839351,-0.619495224,-0.408368175
4,13951,597240,0.964,0.249,0.14,-2.2,0.2,0.2,-11.9,-33.9,8.1,0.642323069,-0.191869869,-0.619495224,-0.408398694
5,15267,597240,0.96,0.241,0.14,-2.3,0.2,0.3,-11.9,-33.9,8.1,0.642323069,-0.191900388,-0.619464705,-0.408429212
6,17593,597240,0.96,0.241,0.14,-2.4,0.2,0.5,-11.9,-33.9,8.1,0.64229255,-0.191961425,-0.619434187,-0.408459731
7,19923,597250,0.964,0.245,0.136,-2.4,0.2,0.6,-11.9,-33.9,8.1,0.64229255,-0.191991943,-0.619403668,-0.408490249
8,23822,597250,0.964,0.245,0.136,-2.4,0.2,0.6,-11.9,-33.9,8.1,0.64229255,-0.191991943,-0.619403668,-0.408490249
9,25866,597250,0.956,0.237,0.144,-2.6,0.2,0.9,-12.4,-33,10,0.642262032,-0.19226661,-0.619464705,-0.408368175
10,28966,597250,0.96,0.241,0.14,-2.6,0.2,0.9,-12.4,-33,10,0.642262032,-0.192327647,-0.619434187,-0.408368175
11,31197,597260,0.956,0.241,0.144,-2.4,0.1,1.1,-12.4,-33,10,0.642262032,-0.192388684,-0.619403668,-0.408398694
12,33656,597260,0.96,0.245,0.144,-2.4,0.1,1.1,-12.2,-34.8,8,0.642262032,-0.192419202,-0.61937315,-0.408398694
13,35822,597260,0.96,0.245,0.144,-2.3,0,1.3,-12.2,-34.8,8,0.642262032,-0.192480239,-0.619342631,-0.408429212
14,37746,597260,0.96,0.245,0.14,-2.3,0,1.3,-12.2,-34.8,8,0.642262032,-0.192541276,-0.619312113,-0.408429212
15,41020,597270,0.96,0.249,0.144,-1.9,0.1,1.4,-12.2,-34.8,8,0.642262032,-0.192571795,-0.619312113,-0.408429212
16,43256,597270,0.964,0.249,0.148,-1.9,0.1,1.4,-11.9,-34.6,7.9,0.642262032,-0.192602313,-0.619281594,-0.408459731
17,45374,597270,0.968,0.245,0.144,-1.9,0.3,1.4,-11.9,-34.6,7.9,0.64229255,-0.19266335,-0.619251076,-0.408459731
18,48477,597270,0.964,0.245,0.148,-1.9,0.3,1.4,-11.9,-34.6,7.9,0.64229255,-0.192693869,-0.619220557,-0.408459731
19,51467,597280,0.964,0.249,0.148,-1.9,0.3,1.2,-11.9,-34.6,7.9,0.64229255,-0.192754906,-0.619190039,-0.408490249
20,52776,597280,0.964,0.245,0.152,-1.9,0.3,1.2,-11.8,-34.2,7.7,0.64229255,-0.192785424,-0.61915952,-0.408490249
21,56001,597280,0.968,0.245,0.152,-1.8,0.3,0.7,-11.8,-34.2,7.7,0.64229255,-0.192815943,-0.619129002,-0.408490249
22,59198,597280,0.964,0.245,0.148,-1.8,0.3,0.7,-11.8,-34.2,7.7,0.642323069,-0.192846461,-0.619098483,-0.408520768
23,61172,597290,0.964,0.241,0.144,-1.8,0.3,1,-11.8,-34.2,7.7,0.642323069,-0.19287698,-0.619098483,-0.408520768
24,64032,597290,0.964,0.241,0.148,-1.8,0.3,1,-12,-34.5,7.9,0.642323069,-0.192938017,-0.619067965,-0.408551286
25,66008,597290,0.964,0.241,0.144,-1.6,0.3,1.4,-12,-34.5,7.9,0.642323069,-0.192968535,-0.619037446,-0.408551286
26,67647,597290,0.964,0.241,0.152,-1.6,0.3,1.4,-12,-34.5,7.9,0.642353587,-0.192999054,-0.619006928,-0.408551286
27,71813,597300,0.96,0.241,0.148,-1.6,0.3,1.5,-12,-34.5,7.9,0.642353587,-0.193060091,-0.618976409,-0.408551286
28,73958,597300,0.96,0.241,0.148,-1.6,0.3,1.5,-12,-34.5,7.9,0.642353587,-0.193060091,-0.618976409,-0.408551286
29,75374,597300,0.96,0.237,0.144,-1.8,0.1,1.6,-12.2,-33.3,9.9,0.642384106,-0.193334758,-0.618976409,-0.408368175
30,79828,597300,0.964,0.241,0.148,-1.9,0.2,1.6,-12.2,-33.3,9.9,0.642384106,-0.193395795,-0.618945891,-0.408368175
31,80055,597310,0.964,0.241,0.148,-1.9,0.2,1.6,-12.2,-33.3,9.9,0.642384106,-0.193395795,-0.618945891,-0.408368175
32,84099,597310,0.964,0.241,0.148,-1.9,0.2,1.6,-12.2,-33.3,9.9,0.642384106,-0.193395795,-0.618945891,-0.408368175
33,86784,597310,0.956,0.241,0.14,-1.8,0.1,1.9,-12.2,-34.3,7.9,0.642414624,-0.193548387,-0.618884854,-0.408398694
34,89021,597310,0.96,0.241,0.14,-1.8,0.1,1.7,-12.2,-34.3,7.9,0.642445143,-0.193578906,-0.618854335,-0.408398694
35,91429,597320,0.956,0.241,0.14,-1.7,0.2,1.6,-12.2,-34.3,7.9,0.642445143,-0.193639943,-0.618823817,-0.408398694
36,93182,597320,0.956,0.237,0.144,-1.7,0.3,1.5,-12.5,-34.4,8.1,0.642445143,-0.193670461,-0.618793298,-0.408398694
37,95357,597320,0.956,0.241,0.144,-1.7,0.4,1.6,-12.5,-34.4,8.1,0.642475661,-0.19370098,-0.61876278,-0.408398694
38,97619,597320,0.956,0.245,0.144,-1.6,0.4,1.7,-12.5,-34.4,8.1,0.642475661,-0.193762017,-0.618732261,-0.408398694
39,101407,597330,0.948,0.237,0.144,-1.5,0.3,1.8,-12.5,-34.4,8.1,0.64250618,-0.193792535,-0.618701743,-0.408398694
40,102916,597330,0.956,0.237,0.148,-1.3,0.3,1.8,-12.6,-34.2,7.9,0.64250618,-0.193823054,-0.618671224,-0.408368175
41,105115,597330,0.956,0.241,0.144,-1.2,0.4,1.7,-12.6,-34.2,7.9,0.642536699,-0.193884091,-0.618671224,-0.408368175
42,108907,597330,0.956,0.241,0.14,-1.2,0.4,1.5,-12.6,-34.2,7.9,0.642536699,-0.193914609,-0.618640706,-0.408368175
43,110844,597340,0.952,0.237,0.148,-1.2,0.3,1.4,-12.6,-34.2,7.9,0.642567217,-0.193945128,-0.618610187,-0.408368175
44,112610,597340,0.948,0.245,0.148,-1.2,0.2,1.4,-12.5,-34.3,8.1,0.642567217,-0.193975646,-0.618610187,-0.408368175
45,115096,597340,0.952,0.237,0.144,-1.2,0.1,1.5,-12.5,-34.3,8.1,0.642567217,-0.194006165,-0.618579669,-0.408368175
46,117505,597340,0.956,0.241,0.144,-1.2,0.1,1.7,-12.5,-34.3,8.1,0.642597736,-0.194067202,-0.61854915,-0.408368175
47,120834,597350,0.944,0.241,0.148,-1.2,0,1.9,-12.5,-34.3,8.1,0.642597736,-0.19409772,-0.61854915,-0.408337657
48,122607,597350,0.944,0.241,0.148,-1.2,0,1.9,-12.5,-34.3,8.1,0.642597736,-0.19409772,-0.61854915,-0.408337657
49,126263,597350,0.948,0.245,0.148,-1.1,-0.1,2,-12.6,-33.7,9.6,0.642597736,-0.19431135,-0.618579669,-0.408185064
50,128631,597350,0.948,0.245,0.152,-1.1,-0.1,2,-12.6,-33.7,9.6,0.642597736,-0.194372387,-0.61854915,-0.408185064
51,130236,597360,0.948,0.249,0.144,-1.1,-0.2,1.9,-12.6,-33.7,9.6,0.642628254,-0.194402905,-0.61854915,-0.408154546
52,132503,597360,0.944,0.249,0.148,-0.9,-0.2,1.8,-12.3,-34.5,7.8,0.642628254,-0.194463942,-0.618518632,-0.408154546
53,136677,597360,0.948,0.249,0.144,-0.8,-0.2,1.7,-12.3,-34.5,7.8,0.642628254,-0.194494461,-0.618518632,-0.408154546
54,138705,597360,0.948,0.249,0.144,-0.6,-0.1,1.8,-12.3,-34.5,7.8,0.642658773,-0.194524979,-0.618488113,-0.408124027
55,141156,597370,0.952,0.253,0.148,-0.6,-0.1,1.7,-12.3,-34.5,7.8,0.642658773,-0.194555498,-0.618488113,-0.408093509
56,143371,597370,0.952,0.245,0.152,-0.5,-0.2,1.6,-12.2,-34.1,8,0.642658773,-0.194555498,-0.618488113,-0.408093509
57,145410,597370,0.952,0.245,0.144,-0.5,-0.3,1.4,-12.2,-34.1,8,0.642689291,-0.194616535,-0.618488113,-0.40806299
58,147567,597370,0.956,0.245,0.152,-0.5,-0.3,1.3,-12.2,-34.1,8,0.642689291,-0.194647053,-0.618457595,-0.40806299
59,151014,597380,0.956,0.245,0.144,-0.6,-0.2,1.2,-12.2,-34.1,8,0.642689291,-0.194677572,-0.618457595,-0.40806299
60,153683,597380,0.956,0.245,0.148,-0.6,-0.2,1.2,-12,-33.9,7.4,0.642689291,-0.19470809,-0.618457595,-0.408032472
61,156077,597380,0.952,0.249,0.144,-0.5,-0.4,1.1,-12,-33.9,7.4,0.642689291,-0.194738609,-0.618457595,-0.408032472
62,158113,597380,0.956,0.241,0.152,-0.5,-0.4,1.1,-12,-33.9,7.4,0.642689291,-0.194769127,-0.618457595,-0.408032472
63,160057,597390,0.956,0.245,0.148,-0.6,-0.5,1.1,-12,-33.9,7.4,0.642689291,-0.194799646,-0.618457595,-0.408001953
64,162407,597390,0.952,0.237,0.148,-0.7,-0.5,1.1,-12.2,-34.2,7.7,0.642689291,-0.194830164,-0.618427076,-0.408001953
65,165867,597390,0.96,0.241,0.148,-0.7,-0.6,1,-12.2,-34.2,7.7,0.642689291,-0.194860683,-0.618427076,-0.408001953
66,167953,597390,0.956,0.241,0.148,-0.5,-0.7,1,-12.2,-34.2,7.7,0.642689291,-0.194891202,-0.618427076,-0.407971435
67,171696,597400,0.956,0.241,0.148,-0.4,-0.8,1,-12.2,-34.2,7.7,0.642689291,-0.19492172,-0.618457595,-0.407971435
68,173455,597400,0.956,0.241,0.148,-0.4,-0.8,1,-12.2,-34.2,7.7,0.642689291,-0.19492172,-0.618457595,-0.407971435
69,174969,597400,0.96,0.241,0.148,-0.1,-1,1,-12.4,-34,9.9,0.642658773,-0.19513535,-0.618518632,-0.407788324
70,178826,597400,0.956,0.241,0.152,-0.2,-1.2,0.9,-12.4,-34,9.9,0.642658773,-0.19513535,-0.618518632,-0.407788324
71,181181,597410,0.956,0.241,0.148,-0.2,-1.3,0.9,-12.4,-34,9.9,0.642628254,-0.195165868,-0.61854915,-0.407757805
72,183258,597410,0.952,0.237,0.148,-0.4,-1.4,0.9,-11.8,-34,7.5,0.642628254,-0.195196387,-0.61854915,-0.407757805
73,185301,597410,0.952,0.241,0.152,-0.4,-1.5,0.9,-11.8,-34,7.5,0.642597736,-0.195257424,-0.618579669,-0.407727287
74,187788,597410,0.956,0.241,0.148,-0.4,-1.5,1,-11.8,-34,7.5,0.642597736,-0.195287942,-0.618579669,-0.407727287
75,191717,597420,0.956,0.241,0.152,-0.4,-1.5,1,-11.8,-34,7.5,0.642567217,-0.195318461,-0.618579669,-0.407696768
76,194418,597420,0.956,0.241,0.152,-0.4,-1.5,0.9,-12,-33.8,7.8,0.642567217,-0.195348979,-0.618610187,-0.407696768
77,197045,597420,0.96,0.241,0.148,-0.4,-1.4,0.9,-12,-33.8,7.8,0.642567217,-0.195379498,-0.618610187,-0.407696768
78,198658,597420,0.96,0.237,0.152,-0.3,-1.4,1,-12,-33.8,7.8,0.642536699,-0.195410016,-0.618640706,-0.40766625
79,201385,597430,0.956,0.245,0.156,-0.4,-1.4,1.1,-12,-33.8,7.8,0.642536699,-0.195440535,-0.618640706,-0.407635731
80,203989,597430,0.956,0.245,0.156,-0.4,-1.4,1.1,-12,-33.8,7.8,0.642536699,-0.195440535,-0.618640706,-0.407635731
81,206676,597430,0.96,0.241,0.152,-0.5,-1.5,1.1,-12.3,-33.5,8.1,0.64250618,-0.19553209,-0.618671224,-0.407605213
82,208422,597430,0.956,0.245,0.148,-0.6,-1.6,1.2,-12.3,-33.5,8.1,0.64250618,-0.19553209,-0.618671224,-0.407605213
83,211126,597440,0.96,0.245,0.152,-0.7,-1.8,1.2,-12.3,-33.5,8.1,0.642475661,-0.195593127,-0.618701743,-0.407574694
84,212793,597440,0.96,0.241,0.148,-0.8,-1.8,1.2,-11.9,-33.6,8,0.642445143,-0.195654164,-0.618701743,-0.407574694
85,215124,597440,0.96,0.245,0.148,-0.9,-1.9,1.1,-11.9,-33.6,8,0.642445143,-0.195684683,-0.618732261,-0.407574694
86,217753,597440,0.96,0.245,0.148,-0.8,-1.9,1.1,-11.9,-33.6,8,0.642414624,-0.19574572,-0.618732261,-0.407544176
87,221491,597450,0.96,0.245,0.152,-0.7,-1.9,1,-11.9,-33.6,8,0.642414624,-0.195776238,-0.61876278,-0.407544176
88,223779,597450,0.96,0.245,0.152,-0.7,-1.9,1,-11.9,-33.6,8,0.642414624,-0.195776238,-0.61876278,-0.407544176
89,226058,597450,0.96,0.245,0.148,-0.5,-1.8,0.9,-12.2,-33.9,9.4,0.642323069,-0.195989868,-0.618854335,-0.407391583
90,228020,597450,0.96,0.245,0.148,-0.5,-1.8,0.9,-12.2,-33.9,9.4,0.642323069,-0.195989868,-0.618854335,-0.407391583
91,229884,597460,0.968,0.245,0.148,-0.5,-1.7,0.7,-12.2,-33.9,9.4,0.64229255,-0.196050905,-0.618884854,-0.407361064
92,233949,597460,0.96,0.241,0.148,-0.5,-1.7,0.6,-12.3,-34.1,8,0.64229255,-0.196081423,-0.618884854,-0.407361064
93,236264,597460,0.96,0.241,0.148,-0.5,-1.7,0.6,-12.3,-34.1,8,0.642262032,-0.196111942,-0.618915372,-0.407361064
94,238340,597460,0.96,0.245,0.148,-0.5,-1.8,0.7,-12.3,-34.1,8,0.642231513,-0.19614246,-0.618915372,-0.407330546
95,240466,597470,0.96,0.245,0.14,-0.5,-1.8,0.6,-12.3,-34.1,8,0.642231513,-0.196172979,-0.618945891,-0.407330546
96,242839,597470,0.96,0.241,0.148,-0.6,-1.9,0.6,-12.6,-33.9,7.7,0.642200995,-0.196234016,-0.618976409,-0.407330546
97,244988,597470,0.96,0.237,0.148,-0.6,-2,0.5,-12.6,-33.9,7.7,0.642170476,-0.196264534,-0.618976409,-0.407330546
98,247498,597470,0.964,0.237,0.152,-0.6,-2,0.5,-12.6,-33.9,7.7,0.642139958,-0.196295053,-0.619006928,-0.407300027
99,251880,597480,0.96,0.241,0.14,-0.6,-1.9,0.4,-12.6,-33.9,7.7,0.642109439,-0.196325571,-0.619037446,-0.407300027
100,254108,597480,0.956,0.241,0.152,-0.7,-1.8,0.4,-12.1,-33.8,7.9,0.642109439,-0.19635609,-0.619037446,-0.407300027
101,256410,597480,0.96,0.241,0.152,-0.8,-1.6,0.4,-12.1,-33.8,7.9,0.642078921,-0.196386608,-0.619067965,-0.407300027
102,258300,597480,0.96,0.245,0.156,-0.7,-1.7,0.4,-12.1,-33.8,7.9,0.642048402,-0.196417127,-0.619067965,-0.407300027
103,260880,597490,0.964,0.241,0.155,-0.7,-1.8,0.3,-12.1,-33.8,7.9,0.642017884,-0.196447645,-0.619098483,-0.407300027
104,262878,597490,0.96,0.245,0.156,-0.6,-1.9,0.2,-12.4,-33.7,8.1,0.641987365,-0.196478164,-0.619098483,-0.407300027
105,265109,597490,0.96,0.241,0.152,-0.6,-2,0.2,-12.4,-33.7,8.1,0.641956847,-0.196508683,-0.619129002,-0.407269509
106,268720,597490,0.96,0.241,0.156,-0.5,-2.1,0.2,-12.4,-33.7,8.1,0.641956847,-0.196508683,-0.61915952,-0.407269509
107,270989,597500,0.96,0.237,0.152,-0.4,-2.1,0.3,-12.4,-33.7,8.1,0.641926328,-0.19656972,-0.619190039,-0.407269509
108,273256,597500,0.96,0.237,0.152,-0.4,-2.1,0.3,-12.4,-33.7,8.1,0.641926328,-0.19656972,-0.619190039,-0.407269509
109,275351,597500,0.96,0.245,0.152,-0.5,-2.1,0.4,-12.4,-34.2,9.2,0.64189581,-0.196783349,-0.619220557,-0.407147435
110,277532,597500,0.96,0.245,0.148,-0.6,-2.1,0.4,-12.4,-34.2,9.2,0.641865291,-0.196813868,-0.619220557,-0.407116916
111,280005,597510,0.956,0.245,0.156,-0.8,-2.2,0.5,-12.4,-34.2,9.2,0.641834773,-0.196844386,-0.619251076,-0.407116916
112,283118,597510,0.956,0.241,0.152,-0.8,-2.2,0.5,-12.5,-34.6,7.8,0.641804254,-0.196905423,-0.619281594,-0.407116916
113,284862,597510,0.96,0.245,0.148,-0.8,-2.2,0.5,-12.5,-34.6,7.8,0.641773736,-0.196935942,-0.619281594,-0.407116916
114,287521,597510,0.956,0.245,0.152,-0.7,-2.2,0.5,-12.5,-34.6,7.8,0.641743217,-0.19696646,-0.619312113,-0.407116916
115,290877,597520,0.952,0.245,0.148,-0.7,-2.3,0.4,-12.5,-34.6,7.8,0.641712699,-0.196996979,-0.619342631,-0.407086398
116,292538,597520,0.948,0.245,0.152,-0.8,-2.3,0.6,-12.4,-34,7.8,0.641712699,-0.197058016,-0.61937315,-0.407086398
117,295305,597520,0.952,0.245,0.148,-1,-2.3,0.7,-12.4,-34,7.8,0.64168218,-0.197088534,-0.61937315,-0.407086398
118,298148,597520,0.952,0.245,0.144,-1.1,-2.4,0.9,-12.4,-34,7.8,0.641651662,-0.197149571,-0.619403668,-0.407086398
119,300554,597530,0.952,0.249,0.152,-1.2,-2.4,0.9,-12.4,-34,7.8,0.641590625,-0.197210608,-0.619434187,-0.407055879
120,302889,597530,0.956,0.249,0.148,-1.2,-2.4,0.9,-12.2,-34.5,7.9,0.641590625,-0.197241127,-0.619434187,-0.407055879
121,304891,597530,0.948,0.249,0.144,-1.2,-2.3,0.9,-12.2,-34.5,7.9,0.641560106,-0.197302164,-0.619464705,-0.407055879
122,309233,597530,0.948,0.253,0.148,-1.2,-2.3,0.9,-12.2,-34.5,7.9,0.641529588,-0.197363201,-0.619495224,-0.407055879
123,311407,597540,0.952,0.253,0.144,-1.1,-2.4,0.7,-12.2,-34.5,7.9,0.641499069,-0.197393719,-0.619495224,-0.407055879
124,313677,597540,0.956,0.249,0.152,-1,-2.4,0.8,-12.3,-33.9,8.1,0.641468551,-0.197454756,-0.619525742,-0.407025361
125,315169,597540,0.952,0.245,0.148,-0.9,-2.5,0.9,-12.3,-33.9,8.1,0.641438032,-0.197485275,-0.619556261,-0.407025361
126,317598,597540,0.956,0.249,0.148,-0.8,-2.6,1,-12.3,-33.9,8.1,0.641407514,-0.197546312,-0.619556261,-0.406994842
127,321156,597550,0.956,0.249,0.148,-0.7,-2.6,0.9,-12.3,-33.9,8.1,0.641376995,-0.197607349,-0.619586779,-0.406994842
128,322639,597550,0.956,0.249,0.148,-0.7,-2.6,0.9,-12.3,-33.9,8.1,0.641376995,-0.197607349,-0.619586779,-0.406994842
129,325041,597550,0.96,0.249,0.148,-0.4,-2.1,0.5,-12.4,-34.1,8.9,0.64128544,-0.197698904,-0.619678335,-0.406933805
130,327464,597550,0.964,0.249,0.152,-0.3,-2,0.3,-12.4,-34.1,8.9,0.641254921,-0.197729423,-0.619708853,-0.406933805
131,331614,597560,0.96,0.249,0.148,-0.3,-2.1,0,-12.4,-34.1,8.9,0.641224403,-0.197759941,-0.619739372,-0.406903287
132,333603,597560,0.96,0.249,0.148,-0.3,-2.2,0,-12.5,-33.9,8.3,0.641193884,-0.19779046,-0.61976989,-0.406903287
133,336067,597560,0.96,0.245,0.148,-0.4,-2.2,0,-12.5,-33.9,8.3,0.641163366,-0.19779046,-0.619800409,-0.406903287
134,338313,597560,0.964,0.245,0.148,-0.4,-2.2,-0.2,-12.5,-33.9,8.3,0.641132847,-0.197820978,-0.619830927,-0.406903287
135,340268,597570,0.964,0.237,0.148,-0.4,-2.2,-0.2,-12.5,-33.9,8.3,0.641102329,-0.197851497,-0.619861446,-0.406903287
136,342435,597570,0.964,0.241,0.144,-0.5,-2.2,-0.2,-12.1,-34.2,8.7,0.64107181,-0.197882015,-0.619861446,-0.406903287
137,345403,597570,0.964,0.237,0.148,-0.6,-2.2,-0.2,-12.1,-34.2,8.7,0.641041292,-0.197912534,-0.619891964,-0.406903287
138,348566,597570,0.964,0.241,0.152,-0.7,-2.4,-0.1,-12.1,-34.2,8.7,0.641010773,-0.197943052,-0.619922483,-0.406903287
139,349910,597580,0.968,0.233,0.144,-0.7,-2.5,0,-12.1,-34.2,8.7,0.640949736,-0.197973571,-0.619953001,-0.406903287
140,354098,597580,0.964,0.237,0.148,-0.6,-2.7,0,-12.2,-33.8,9.1,0.640919218,-0.198004089,-0.61998352,-0.406903287
141,356530,597580,0.968,0.237,0.144,-0.6,-2.7,0,-12.2,-33.8,9.1,0.640888699,-0.198034608,-0.620014039,-0.406903287
142,358315,597580,0.964,0.241,0.144,-0.7,-2.6,0,-12.2,-33.8,9.1,0.640827662,-0.198065126,-0.620044557,-0.406903287
143,361015,597590,0.96,0.241,0.144,-0.7,-2.6,0.2,-12.2,-33.8,9.1,0.640797143,-0.198095645,-0.620075076,-0.406903287
144,362881,597590,0.96,0.241,0.144,-0.6,-2.5,0.3,-12.2,-33.8,8.8,0.640766625,-0.198126164,-0.620105594,-0.406872768
145,365240,597590,0.96,0.245,0.144,-0.6,-2.5,0.5,-12.2,-33.8,8.8,0.640736106,-0.198187201,-0.620136113,-0.406872768
146,367511,597590,0.96,0.241,0.144,-0.6,-2.5,0.6,-12.2,-33.8,8.8,0.640705588,-0.198217719,-0.620166631,-0.406872768
147,370663,597600,0.96,0.241,0.144,-0.6,-2.7,0.6,-12.2,-33.8,8.8,0.640675069,-0.198248238,-0.62019715,-0.40684225
148,374294,597600,0.96,0.241,0.144,-0.6,-2.7,0.6,-12.2,-33.8,8.8,0.640675069,-0.198248238,-0.62019715,-0.40684225
149,376179,597600,0.964,0.249,0.148,-0.5,-2.7,0.7,-12.4,-34.1,8.7,0.640583514,-0.198461867,-0.620319224,-0.406720176
150,378760,597600,0.964,0.253,0.144,-0.4,-2.7,0.7,-12.4,-34.1,8.7,0.640552995,-0.198461867,-0.620349742,-0.406720176
151,380327,597610,0.96,0.253,0.148,-0.3,-2.7,0.7,-12.4,-34.1,8.7,0.640522477,-0.198522904,-0.620380261,-0.406689657
152,384025,597610,0.956,0.253,0.148,-0.2,-2.6,0.5,-12.4,-34.1,8.7,0.640491958,-0.198583941,-0.620410779,-0.406689657
153,386313,597610,0.96,0.261,0.148,-0.1,-2.5,0.3,-12.4,-34.1,8.7,0.64046144,-0.19861446,-0.620441298,-0.406659139
154,388072,597610,0.96,0.261,0.144,-0.1,-2.4,0.3,-12.4,-34.1,8.7,0.640430921,-0.198644978,-0.620471816,-0.406659139
155,390295,597620,0.956,0.261,0.148,-0.1,-2.4,0.1,-12.4,-34.1,8.7,0.640400403,-0.198644978,-0.620502335,-0.40662862
156,392601,597620,0.952,0.257,0.148,0,-2.4,0.1,-12.4,-34.1,8.7,0.640369884,-0.198675497,-0.620532853,-0.40662862
157,395811,597620,0.956,0.257,0.144,0,-2.4,0,-12.4,-34.1,8.7,0.640339366,-0.198706015,-0.620563372,-0.40662862
158,397831,597620,0.952,0.264,0.152,0,-2.4,-0.1,-12.4,-34.1,8.7,0.640278329,-0.198706015,-0.62059389,-0.406598102
159,400159,597630,0.952,0.264,0.152,0,-2.4,-0.1,-12.4,-34.1,8.7,0.640278329,-0.198706015,-0.62059389,-0.406598102
160,403722,597630,0.952,0.265,0.144,0,-2.4,0.1,-12.4,-34.1,8.7,0.640217292,-0.198767052,-0.620685446,-0.406598102
161,405100,597630,0.956,0.268,0.152,0,-2.4,0.1,-12.4,-34.1,8.7,0.640186773,-0.198797571,-0.620715964,-0.406567583
162,409157,597630,0.956,0.264,0.152,0.1,-2.5,0.1,-12.4,-34.1,8.7,0.640156255,-0.198797571,-0.620746483,-0.406567583
163,411729,597640,0.956,0.264,0.152,0.1,-2.5,0,-12.4,-34.1,8.7,0.640125736,-0.198828089,-0.620777001,-0.406537065
164,413577,597640,0.956,0.264,0.148,0.3,-2.5,0,-12.4,-34.1,8.7,0.640095218,-0.198858608,-0.62080752,-0.406537065
165,416239,597640,0.956,0.264,0.152,0.2,-2.5,-0.1,-12.4,-34.1,8.7,0.640064699,-0.198858608,-0.620868557,-0.406506546
166,418632,597640,0.956,0.265,0.144,0.1,-2.5,-0.2,-12.4,-34.1,8.7,0.640034181,-0.198889126,-0.620899075,-0.406506546
167,420840,597650,0.96,0.264,0.148,0,-2.5,-0.2,-12.4,-34.1,8.7,0.639973144,-0.198889126,-0.620929594,-0.406506546
168,424285,597650,0.96,0.264,0.148,0,-2.5,-0.2,-12.4,-34.1,8.7,0.639973144,-0.198889126,-0.620929594,-0.406506546
169,426194,597650,0.96,0.257,0.144,-0.1,-2.5,-0.2,-12.4,-34.1,8.7,0.639820551,-0.198797571,-0.621082186,-0.406598102
170,428407,597650,0.96,0.261,0.14,-0.2,-2.5,-0.4,-12.4,-34.1,8.7,0.639790033,-0.198828089,-0.621112705,-0.406567583
171,431107,597660,0.956,0.253,0.148,-0.4,-2.5,-0.5,-12.4,-34.1,8.7,0.639728996,-0.198858608,-0.621143223,-0.406598102
172,432727,597660,0.956,0.253,0.144,-0.6,-2.6,-0.5,-12.4,-34.1,8.7,0.639698477,-0.198858608,-0.621173742,-0.406598102
173,435218,597660,0.96,0.257,0.14,-0.8,-2.5,-0.4,-12.4,-34.1,8.7,0.639667959,-0.198889126,-0.62120426,-0.406598102
174,438309,597660,0.956,0.257,0.144,-1.1,-2.5,-0.5,-12.4,-34.1,8.7,0.639606922,-0.198919645,-0.621234779,-0.406598102
175,440304,597670,0.96,0.249,0.144,-1.3,-2.5,-0.6,-12.4,-34.1,8.7,0.639576403,-0.198950163,-0.621265297,-0.40662862
176,442814,597670,0.96,0.261,0.136,-1.4,-2.6,-0.7,-12.4,-34.1,8.7,0.639515366,-0.198980682,-0.621295816,-0.406659139
177,445013,597670,0.96,0.257,0.14,-1.5,-2.6,-0.7,-12.4,-34.1,8.7,0.639454329,-0.199041719,-0.621326334,-0.406659139
178,448711,597670,0.96,0.257,0.14,-1.7,-2.6,-0.7,-12.4,-34.1,8.7,0.639423811,-0.199072237,-0.621356853,-0.406689657
179,451026,597680,0.96,0.249,0.136,-1.8,-2.6,-0.6,-12.4,-34.1,8.7,0.639362774,-0.199102756,-0.621356853,-0.406720176
180,453506,597680,0.964,0.253,0.14,-1.9,-2.6,-0.6,-12.4,-34.1,8.7,0.639301737,-0.199163793,-0.621387371,-0.406720176
181,455059,597680,0.96,0.257,0.144,-2.1,-2.5,-0.5,-12.4,-34.1,8.7,0.639271218,-0.199194311,-0.62141789,-0.406720176
182,458150,597680,0.96,0.257,0.136,-2.2,-2.4,-0.4,-12.4,-34.1,8.7,0.639210181,-0.199255348,-0.62141789,-0.406781213
183,460082,597690,0.956,0.257,0.136,-2.4,-2.3,-0.3,-12.4,-34.1,8.7,0.639179662,-0.199285867,-0.621448408,-0.406811731
184,463892,597690,0.964,0.265,0.136,-2.6,-2.3,-0.2,-12.4,-34.1,8.7,0.639118625,-0.199346904,-0.621448408,-0.40684225
185,466217,597690,0.96,0.265,0.14,-2.6,-2.4,-0.1,-12.4,-34.1,8.7,0.639088107,-0.199407941,-0.621448408,-0.406872768
186,468701,597690,0.96,0.265,0.132,-2.7,-2.4,-0.1,-12.4,-34.1,8.7,0.63902707,-0.199438459,-0.621478927,-0.406903287
187,471453,597700,0.964,0.265,0.136,-2.7,-2.5,-0.3,-12.4,-34.1,8.7,0.638996551,-0.199530015,-0.621478927,-0.406933805
188,473982,597700,0.964,0.265,0.136,-2.7,-2.5,-0.3,-12.4,-34.1,8.7,0.638996551,-0.199530015,-0.621478927,-0.406933805
189,475900,597700,0.964,0.265,0.136,-2.6,-2.5,-0.6,-12.3,-33.9,8.7,0.638721885,-0.199530015,-0.621692557,-0.407025361
190,478817,597700,0.968,0.268,0.14,-2.6,-2.4,-0.7,-12.3,-33.9,8.7,0.638660848,-0.199591052,-0.621692557,-0.407055879
191,481499,597710,0.968,0.268,0.14,-2.8,-2.3,-0.7,-12.3,-33.9,8.7,0.638630329,-0.19962157,-0.621723075,-0.407116916
192,484385,597710,0.96,0.269,0.136,-3,-2.3,-0.7,-12.3,-33.9,8.7,0.638569292,-0.199682608,-0.621723075,-0.407147435
193,486786,597710,0.968,0.268,0.136,-3,-2.4,-0.6,-12.3,-33.9,8.7,0.638508255,-0.199743645,-0.621723075,-0.407177953
194,489701,597710,0.968,0.268,0.136,-3,-2.4,-0.4,-12.3,-33.9,8.7,0.638477737,-0.199804682,-0.621723075,-0.40723899
195,490068,597720,0.964,0.268,0.14,-3,-2.3,-0.4,-12.3,-33.9,8.7,0.6384167,-0.199865719,-0.621753594,-0.407269509
196,492748,597720,0.964,0.268,0.136,-3,-2.2,-0.5,-12.3,-33.9,8.7,0.638355663,-0.199896237,-0.621753594,-0.407300027
197,496299,597720,0.964,0.272,0.132,-2.9,-2.1,-0.6,-12.3,-33.9,8.7,0.638325144,-0.199957274,-0.621753594,-0.407330546
198,497871,597720,0.968,0.268,0.132,-2.9,-2,-0.5,-12.3,-33.9,8.7,0.638264107,-0.200018311,-0.621753594,-0.407391583
199,500344,597730,0.968,0.268,0.132,-2.9,-1.9,-0.5,-12.3,-33.9,8.7,0.638233589,-0.20004883,-0.621753594,-0.407422102
200,502638,597730,0.964,0.269,0.132,-3.1,-1.9,-0.5,-12.3,-33.9,8.7,0.638172552,-0.200109867,-0.621753594,-0.40745262
201,505818,597730,0.96,0.269,0.132,-3.2,-1.8,-0.6,-12.3,-33.9,8.7,0.638142033,-0.200170904,-0.621753594,-0.407513657
202,507975,597730,0.96,0.265,0.132,-3.2,-1.8,-0.6,-12.3,-33.9,8.7,0.638080996,-0.200231941,-0.621753594,-0.407544176
203,510379,597740,0.96,0.265,0.132,-3.1,-1.7,-0.8,-12.3,-33.9,8.7,0.638050478,-0.200262459,-0.621753594,-0.407605213
204,512436,597740,0.968,0.265,0.132,-3.1,-1.7,-0.8,-12.3,-33.9,8.7,0.637989441,-0.200323496,-0.621753594,-0.407635731
205,516263,597740,0.964,0.265,0.132,-3.2,-1.6,-1,-12.3,-33.9,8.7,0.637958922,-0.200354015,-0.621753594,-0.407696768
206,518805,597740,0.968,0.268,0.132,-3.2,-1.5,-1,-12.3,-33.9,8.7,0.637897885,-0.200415052,-0.621753594,-0.407757805
207,520912,597750,0.968,0.261,0.132,-3.3,-1.5,-1,-12.3,-33.9,8.7,0.637867367,-0.200415052,-0.621753594,-0.407788324
208,523245,597750,0.968,0.261,0.132,-3.3,-1.5,-1,-12.3,-33.9,8.7,0.637867367,-0.200415052,-0.621753594,-0.407788324
209,525213,597750,0.964,0.265,0.132,-3.2,-1.7,-0.9,-12,-34.4,7.7,0.6375927,-0.200476089,-0.621936705,-0.407910398
210,527562,597750,0.968,0.261,0.132,-3.2,-1.7,-0.8,-12,-34.4,7.7,0.637562181,-0.200537126,-0.621936705,-0.407971435
211,530682,597760,0.968,0.261,0.132,-3.3,-1.6,-0.8,-12,-34.4,7.7,0.637531663,-0.200598163,-0.621936705,-0.408001953
212,532682,597760,0.968,0.265,0.132,-3.4,-1.6,-0.7,-12,-34.4,7.7,0.637470626,-0.200628681,-0.621936705,-0.40806299
213,535888,597760,0.964,0.265,0.132,-3.5,-1.6,-0.7,-12,-34.4,7.7,0.637440107,-0.200689718,-0.621936705,-0.408093509
214,538866,597760,0.964,0.265,0.132,-3.5,-1.5,-0.6,-12,-34.4,7.7,0.63737907,-0.200750755,-0.621936705,-0.408154546
215,541188,597770,0.964,0.265,0.132,-3.5,-1.5,-0.4,-12,-34.4,7.7,0.637348552,-0.200811792,-0.621906186,-0.408215583
216,543587,597770,0.964,0.261,0.132,-3.5,-1.4,-0.2,-12,-34.4,7.7,0.637318033,-0.200872829,-0.621906186,-0.408246101
217,545138,597770,0.96,0.269,0.136,-3.6,-1.3,-0.2,-12,-34.4,7.7,0.637256996,-0.200933866,-0.621906186,-0.408307138
218,547519,597770,0.96,0.269,0.132,-3.5,-1.3,-0.2,-12,-34.4,7.7,0.637226478,-0.200994903,-0.621875668,-0.408337657
219,551485,597780,0.96,0.269,0.132,-3.4,-1.4,-0.4,-12,-34.4,7.7,0.637195959,-0.201025422,-0.621875668,-0.408398694
220,553774,597780,0.96,0.268,0.14,-3.3,-1.4,-0.5,-12,-34.4,7.7,0.637165441,-0.201086459,-0.621875668,-0.408429212
221,555998,597780,0.96,0.272,0.136,-3.3,-1.4,-0.5,-12,-34.4,7.7,0.637104404,-0.201147496,-0.621845149,-0.408490249
222,558015,597780,0.956,0.269,0.136,-3.3,-1.3,-0.4,-12,-34.4,7.7,0.637073885,-0.201208533,-0.621845149,-0.408520768
223,560494,597790,0.96,0.269,0.136,-3.4,-1.1,-0.4,-12,-34.4,7.7,0.637043367,-0.201239051,-0.621845149,-0.408581805
224,562460,597790,0.956,0.269,0.132,-3.4,-1.2,-0.4,-12,-34.4,7.7,0.637012848,-0.201300089,-0.621814631,-0.408642842
225,565905,597790,0.956,0.269,0.136,-3.5,-1.4,-0.5,-12,-34.4,7.7,0.63698233,-0.201361126,-0.621814631,-0.40867336
226,568298,597790,0.952,0.265,0.14,-3.5,-1.6,-0.5,-12,-34.4,7.7,0.636921293,-0.201391644,-0.621814631,-0.408734397
227,569937,597800,0.952,0.269,0.136,-3.5,-1.7,-0.5,-12,-34.4,7.7,0.636890774,-0.201452681,-0.621814631,-0.408764916
228,573278,597800,0.952,0.269,0.136,-3.5,-1.7,-0.5,-12,-34.4,7.7,0.636890774,-0.201452681,-0.621814631,-0.408764916
229,575264,597800,0.952,0.269,0.14,-3.4,-1.6,-0.8,-12.2,-34.3,7.4,0.636677145,-0.201452681,-0.621906186,-0.408948027
230,577544,597800,0.956,0.268,0.144,-3.5,-1.5,-1.1,-12.2,-34.3,7.4,0.636616108,-0.201513718,-0.621906186,-0.409009064
231,580691,597810,0.948,0.269,0.14,-3.5,-1.5,-1.1,-12.2,-34.3,7.4,0.636585589,-0.201544237,-0.621906186,-0.409070101
232,582707,597810,0.948,0.269,0.14,-3.6,-1.5,-1.1,-12.2,-34.3,7.4,0.636524552,-0.201605274,-0.621906186,-0.40910062
233,585036,597810,0.948,0.272,0.144,-3.6,-1.7,-0.9,-12.2,-34.3,7.4,0.636463515,-0.201666311,-0.621906186,-0.409161657
234,588310,597810,0.948,0.269,0.14,-3.6,-1.9,-0.7,-12.2,-34.3,7.4,0.636432997,-0.201727348,-0.621906186,-0.409222694
235,591566,597820,0.952,0.269,0.14,-3.5,-2,-0.6,-12.2,-34.3,7.4,0.63637196,-0.201788385,-0.621906186,-0.409283731
236,593819,597820,0.952,0.276,0.144,-3.2,-2,-0.5,-12.2,-34.3,7.4,0.636341441,-0.201818903,-0.621906186,-0.409314249
237,596117,597820,0.952,0.276,0.137,-3,-2,-0.5,-12.2,-34.3,7.4,0.636280404,-0.20187994,-0.621906186,-0.409344768
238,598138,597820,0.96,0.28,0.14,-2.7,-2,-0.4,-12.2,-34.3,7.4,0.636249886,-0.201940977,-0.621906186,-0.409375286
239,599971,597830,0.96,0.28,0.14,-2.6,-2.2,-0.3,-12.2,-34.3,7.4,0.636188849,-0.201971496,-0.621906186,-0.409405805
240,603789,597830,0.96,0.28,0.14,-2.5,-2.3,-0.1,-12.2,-34.3,7.4,0.63615833,-0.202032533,-0.621936705,-0.409436323
241,606108,597830,0.96,0.284,0.136,-2.5,-2.3,0,-12.2,-34.3,7.4,0.636097293,-0.20209357,-0.621936705,-0.409466842
242,608074,597830,0.96,0.288,0.137,-2.6,-2.3,0.1,-12.2,-34.3,7.4,0.636066774,-0.202154607,-0.621936705,-0.40949736
243,611233,597840,0.964,0.292,0.144,-2.6,-2.4,0.1,-12.2,-34.3,7.4,0.636036256,-0.202215644,-0.621936705,-0.40949736
244,613530,597840,0.964,0.292,0.144,-2.6,-2.5,0.1,-12.2,-34.3,7.4,0.635975219,-0.202276681,-0.621967223,-0.409527879
245,615847,597840,0.968,0.284,0.144,-2.6,-2.7,0,-12.2,-34.3,7.4,0.6359447,-0.202337718,-0.621967223,-0.409558397
246,617957,597840,0.964,0.284,0.144,-2.7,-2.8,-0.1,-12.2,-34.3,7.4,0.635883663,-0.202368236,-0.621997742,-0.409588916
247,622331,597850,0.964,0.288,0.148,-2.9,-3,-0.2,-12.2,-34.3,7.4,0.635822626,-0.202459792,-0.621997742,-0.409619434
248,622850,597850,0.964,0.288,0.148,-2.9,-3,-0.2,-12.2,-34.3,7.4,0.635822626,-0.202459792,-0.621997742,-0.409619434
249,625323,597850,0.96,0.284,0.16,-3.5,-3.3,-0.5,-11.9,-34.3,6.9,0.635608997,-0.202429273,-0.622119816,-0.409833064
250,627583,597850,0.956,0.284,0.148,-3.9,-3.5,-0.8,-11.9,-34.3,6.9,0.635517441,-0.20249031,-0.622119816,-0.409863582
251,630800,597860,0.956,0.284,0.148,-4.4,-3.7,-1.2,-11.9,-34.3,6.9,0.635456404,-0.202581866,-0.622150334,-0.409924619
252,632899,597860,0.956,0.28,0.16,-5.1,-4,-1.5,-11.9,-34.3,6.9,0.635364849,-0.202673421,-0.622150334,-0.410016175
253,635075,597860,0.944,0.265,0.156,-5.9,-4.2,-1.9,-11.9,-34.3,6.9,0.635242775,-0.202764977,-0.622180853,-0.41010773
254,638199,597860,0.944,0.257,0.16,-6.9,-4.4,-2.3,-11.9,-34.3,6.9,0.635151219,-0.202856532,-0.622180853,-0.410199286
255,640926,597870,0.944,0.257,0.16,-6.9,-4.4,-2.3,-11.9,-34.3,6.9,0.635151219,-0.202856532,-0.622180853,-0.410199286
256,642430,597870,0.944,0.257,0.16,-6.9,-4.4,-2.3,-11.9,-34.3,6.9,0.635151219,-0.202856532,-0.622180853,-0.410199286
257,645293,597870,0.932,0.237,0.172,-9.4,-5,-3.1,-11.9,-34.3,6.9,0.634754479,-0.203222755,-0.622211371,-0.410626545
258,648060,597870,0.925,0.233,0.172,-9.7,-5.2,-3.1,-11.9,-34.3,6.9,0.634601886,-0.203344829,-0.622211371,-0.410779138
259,651320,597880,0.925,0.225,0.176,-9.8,-5.5,-3,-11.9,-34.3,6.9,0.634449293,-0.20352794,-0.622211371,-0.41093173
260,653473,597880,0.921,0.225,0.18,-9.8,-5.7,-2.8,-11.9,-34.3,6.9,0.634296701,-0.203680532,-0.622211371,-0.411084323
261,654945,597880,0.925,0.21,0.175,-9.7,-5.9,-2.7,-11.9,-34.3,6.9,0.634144108,-0.203833125,-0.622211371,-0.411206397
262,657900,597880,0.921,0.217,0.179,-9.4,-6.1,-2.5,-11.9,-34.3,6.9,0.634022034,-0.203985717,-0.622211371,-0.411358989
263,660975,597890,0.925,0.213,0.171,-9,-6.1,-2.2,-11.9,-34.3,6.9,0.633869442,-0.204107791,-0.62224189,-0.411481063
264,663820,597890,0.925,0.217,0.168,-8.5,-6.1,-1.7,-11.9,-34.3,6.9,0.633716849,-0.204260384,-0.62224189,-0.411603137
265,665961,597890,0.929,0.217,0.175,-8,-6.3,-1,-11.9,-34.3,6.9,0.633594775,-0.204412976,-0.622272408,-0.411694693
266,668746,597890,0.925,0.221,0.172,-7.4,-6.5,-0.5,-11.9,-34.3,6.9,0.633472701,-0.204565569,-0.622302927,-0.41175573
267,671016,597900,0.925,0.225,0.164,-6.7,-6.6,-0.1,-11.9,-34.3,6.9,0.633350627,-0.204718162,-0.622333445,-0.411847285
268,673753,597900,0.925,0.225,0.164,-6.7,-6.6,-0.1,-11.9,-34.3,6.9,0.633350627,-0.204718162,-0.622333445,-0.411847285
269,675929,597900,0.932,0.233,0.164,-5.5,-6.6,0.4,-11.8,-34.5,7,0.633228553,-0.205053865,-0.622302927,-0.411908322
270,678281,597900,0.929,0.245,0.16,-4.8,-6.7,0.6,-11.8,-34.5,7,0.633106479,-0.205175939,-0.622363964,-0.411938841
271,681094,597910,0.929,0.249,0.16,-4.1,-6.8,0.9,-11.8,-34.5,7,0.633014924,-0.205298013,-0.622394482,-0.411938841
272,683290,597910,0.929,0.261,0.16,-3.3,-6.9,1.2,-11.8,-34.5,7,0.632923368,-0.205450606,-0.622455519,-0.411938841
273,685605,597910,0.929,0.265,0.16,-2.5,-7.2,1.5,-11.8,-34.5,7,0.632831812,-0.20557268,-0.622516556,-0.411938841
274,687641,597910,0.932,0.28,0.16,-1.7,-7.3,1.8,-11.8,-34.5,7,0.632740257,-0.205664235,-0.622608112,-0.411877804
275,691615,597920,0.936,0.28,0.153,-0.9,-7.6,2,-11.8,-34.5,7,0.632648701,-0.205786309,-0.622699667,-0.411847285
276,692899,597920,0.936,0.292,0.16,-0.2,-7.8,2,-11.8,-34.5,7,0.632557146,-0.205877865,-0.622791223,-0.411786248
277,696020,597920,0.929,0.3,0.161,0.4,-8.1,2,-11.8,-34.5,7,0.63246559,-0.20596942,-0.622913297,-0.411725211
278,697443,597920,0.929,0.308,0.165,0.9,-8.3,2,-11.8,-34.5,7,0.632374035,-0.206060976,-0.623004852,-0.411633656
279,700404,597930,0.925,0.308,0.161,1.4,-8.4,2.2,-11.8,-34.5,7,0.632282479,-0.206152532,-0.623126926,-0.4115421
280,703513,597930,0.925,0.308,0.161,1.7,-8.6,2.5,-11.8,-34.5,7,0.632190924,-0.206244087,-0.623249001,-0.411450545
281,704980,597930,0.944,0.308,0.157,1.7,-8.8,2.9,-11.8,-34.5,7,0.632099368,-0.206335643,-0.623371075,-0.411328471
282,707901,597930,0.936,0.308,0.157,2,-8.8,3.1,-11.8,-34.5,7,0.632007813,-0.206427198,-0.623523667,-0.411236915
283,710960,597940,0.936,0.312,0.157,2.6,-8.5,3.5,-11.8,-34.5,7,0.631946776,-0.206518754,-0.623645741,-0.411114841
284,712518,597940,0.94,0.312,0.161,3.7,-8,4.1,-11.8,-34.5,7,0.631885739,-0.206610309,-0.623767815,-0.410962249
285,715290,597940,0.928,0.308,0.173,5,-7.3,4.9,-11.8,-34.5,7,0.63185522,-0.206671346,-0.623889889,-0.410779138
286,718524,597940,0.917,0.319,0.181,6.2,-6.4,5.8,-11.8,-34.5,7,0.63185522,-0.206701865,-0.624011963,-0.410596026
287,720017,597950,0.917,0.319,0.181,6.2,-6.4,5.8,-11.8,-34.5,7,0.63185522,-0.206701865,-0.624011963,-0.410596026
288,722941,597950,0.917,0.319,0.181,6.2,-6.4,5.8,-11.8,-34.5,7,0.63185522,-0.206701865,-0.624011963,-0.410596026
289,726033,597950,0.909,0.328,0.169,6,-5.2,6.4,-11.9,-34.4,7.2,0.63185522,-0.206488235,-0.624256111,-0.41032136
290,727518,597950,0.917,0.331,0.169,4.5,-5.7,5.5,-11.9,-34.4,7.2,0.63185522,-0.206549272,-0.624347667,-0.410168767
291,730345,597960,0.921,0.327,0.169,2.6,-6.5,4.3,-11.9,-34.4,7.2,0.631824702,-0.206610309,-0.624439222,-0.410046693
292,733176,597960,0.925,0.323,0.169,0.8,-7.3,3.1,-11.9,-34.4,7.2,0.631763665,-0.206732383,-0.624530778,-0.409955138
293,736233,597960,0.925,0.32,0.157,-0.7,-8.3,2,-11.9,-34.4,7.2,0.631641591,-0.206823939,-0.624622333,-0.409894101
294,737576,597960,0.936,0.32,0.153,-1.8,-9.3,1.1,-11.9,-34.4,7.2,0.631519517,-0.206946013,-0.624744407,-0.409863582
295,740629,597970,0.944,0.316,0.149,-2.5,-10.4,0.3,-11.9,-34.4,7.2,0.631366924,-0.207098605,-0.624866482,-0.409863582
296,743704,597970,0.944,0.312,0.145,-2.7,-11.3,-0.1,-11.9,-34.4,7.2,0.631214331,-0.207220679,-0.624988556,-0.409833064
297,745197,597970,0.948,0.312,0.145,-2.3,-12,-0.1,-11.9,-34.4,7.2,0.63103122,-0.207373272,-0.625141148,-0.409802545
298,748147,597970,0.948,0.312,0.149,-1.6,-12.4,0.2,-11.9,-34.4,7.2,0.630848109,-0.207495346,-0.625293741,-0.409772027
299,751215,597980,0.956,0.312,0.141,-0.9,-12.9,1,-11.9,-34.4,7.2,0.630695517,-0.207647938,-0.625446333,-0.40971099
300,752676,597980,0.96,0.316,0.141,-0.5,-13.6,1.7,-11.9,-34.4,7.2,0.630512406,-0.207800531,-0.625629444,-0.409649953
301,755763,597980,0.964,0.312,0.141,-0.4,-14.3,2.3,-11.9,-34.4,7.2,0.630329295,-0.207953124,-0.625812555,-0.409558397
302,758866,597980,0.968,0.315,0.141,-0.5,-14.9,2.6,-11.9,-34.4,7.2,0.630146184,-0.208136235,-0.625965148,-0.409466842
303,761199,597990,0.972,0.319,0.137,-0.9,-15.3,2.8,-11.9,-34.4,7.2,0.629963073,-0.208319346,-0.626178777,-0.409344768
304,763372,597990,0.972,0.312,0.133,-1.6,-15.6,3.1,-11.9,-34.4,7.2,0.629779962,-0.208532975,-0.626361888,-0.409253212
305,765485,597990,0.979,0.312,0.133,-2.3,-15.8,3.2,-11.9,-34.4,7.2,0.629566332,-0.208746605,-0.626545,-0.409192175
306,768746,597990,0.979,0.308,0.133,-3.1,-15.9,3.2,-11.9,-34.4,7.2,0.629383221,-0.208990753,-0.626728111,-0.40910062
307,770216,598000,0.979,0.308,0.133,-4,-15.8,2.8,-11.9,-34.4,7.2,0.629169591,-0.209204382,-0.626911222,-0.409039583
308,772671,598000,0.979,0.308,0.133,-4,-15.8,2.8,-11.9,-34.4,7.2,0.629169591,-0.209204382,-0.626911222,-0.409039583
309,775723,598000,1.026,0.307,0.128,-6.6,-14.6,1.4,-11.6,-34.1,7.6,0.628650777,-0.209540086,-0.627216407,-0.409192175
310,777646,598000,1.022,0.303,0.128,-8.3,-13.4,0.9,-11.6,-34.1,7.6,0.628437147,-0.209784234,-0.627338481,-0.409222694
311,779980,598010,1.003,0.292,0.128,-10.2,-11.4,1.3,-11.6,-34.1,7.6,0.628223518,-0.210028382,-0.627399518,-0.409314249
312,782615,598010,0.987,0.288,0.128,-12.4,-8.8,2.7,-11.6,-34.1,7.6,0.628070925,-0.210333567,-0.627399518,-0.409405805
313,785217,598010,0.968,0.269,0.128,-14.7,-6.2,4.7,-11.6,-34.1,7.6,0.627979369,-0.210638752,-0.627307962,-0.40949736
314,787491,598010,0.972,0.265,0.128,-16.9,-4,6.3,-11.6,-34.1,7.6,0.627887814,-0.211004975,-0.627185888,-0.409619434
315,789942,598020,0.96,0.261,0.128,-18.6,-2.5,7.1,-11.6,-34.1,7.6,0.627826777,-0.211371197,-0.627033296,-0.409772027
316,794454,598020,0.921,0.238,0.133,-19.8,-1.8,7.4,-11.6,-34.1,7.6,0.627796258,-0.211767937,-0.626850185,-0.409924619
317,796801,598020,0.897,0.214,0.133,-20.8,-2,7.3,-11.6,-34.1,7.6,0.627735221,-0.212134159,-0.626636555,-0.41010773
318,798960,598020,0.901,0.21,0.129,-21.4,-3.1,7.2,-11.6,-34.1,7.6,0.627643666,-0.212591937,-0.626453444,-0.410290841
319,801109,598030,0.894,0.195,0.129,-21.7,-5,6.7,-11.6,-34.1,7.6,0.62755211,-0.213019196,-0.626300851,-0.410473952
320,803246,598030,0.933,0.19,0.132,-21.1,-7.5,5.2,-11.6,-34.1,7.6,0.627399518,-0.213446455,-0.626209296,-0.410626545
321,805395,598030,0.952,0.194,0.128,-19.5,-10.4,2.8,-11.6,-34.1,7.6,0.627185888,-0.213873714,-0.626148259,-0.410840175
322,807583,598030,0.968,0.198,0.127,-16.8,-13.2,0.2,-11.6,-34.1,7.6,0.626911222,-0.214209418,-0.626178777,-0.410992767
323,810720,598040,0.98,0.206,0.135,-13.9,-15.7,-1.5,-11.6,-34.1,7.6,0.626636555,-0.214514603,-0.626270333,-0.41114536
324,812865,598040,0.979,0.209,0.139,-10.8,-17.7,-1.9,-11.6,-34.1,7.6,0.62633137,-0.214819788,-0.626422926,-0.411236915
325,815064,598040,0.987,0.213,0.147,-8.3,-19.3,-0.7,-11.6,-34.1,7.6,0.625965148,-0.215063936,-0.626636555,-0.411267434
326,818265,598040,0.999,0.221,0.155,-6.4,-20.4,1.4,-11.6,-34.1,7.6,0.625721,-0.215369121,-0.626850185,-0.411236915
327,820314,598050,1.003,0.228,0.159,-5.3,-21.1,3.7,-11.6,-34.1,7.6,0.625415815,-0.215674306,-0.627063814,-0.41114536
328,822533,598050,1.003,0.228,0.159,-5.3,-21.1,3.7,-11.6,-34.1,7.6,0.625415815,-0.215674306,-0.627063814,-0.41114536
329,825681,598050,1.014,0.24,0.166,-4.4,-21.4,7.1,-11.7,-34.4,7.8,0.624988556,-0.216437269,-0.627460555,-0.410870693
330,827942,598050,1.007,0.252,0.163,-4.2,-20.8,7.9,-11.7,-34.4,7.8,0.624744407,-0.216772973,-0.627674184,-0.410718101
331,830129,598060,1.003,0.268,0.163,-3.9,-19.8,8.1,-11.7,-34.4,7.8,0.624530778,-0.217108676,-0.627857295,-0.410565508
332,833230,598060,0.995,0.276,0.155,-3.8,-18.1,7.7,-11.7,-34.4,7.8,0.624317148,-0.21744438,-0.628040407,-0.410412915
333,835373,598060,0.987,0.288,0.148,-3.6,-16.2,6.7,-11.7,-34.4,7.8,0.624164556,-0.217719047,-0.628192999,-0.410290841
334,837644,598060,0.976,0.292,0.136,-3.3,-14,5.5,-11.7,-34.4,7.8,0.623981445,-0.217993713,-0.628315073,-0.410199286
335,840781,598070,0.968,0.304,0.133,-2.9,-11.9,4.2,-11.7,-34.4,7.8,0.623859371,-0.218176824,-0.628437147,-0.410138249
336,842940,598070,0.96,0.308,0.133,-2.2,-10.1,3.4,-11.7,-34.4,7.8,0.623737297,-0.218359935,-0.628528703,-0.410077212
337,845086,598070,0.956,0.316,0.129,-1.4,-8.8,2.9,-11.7,-34.4,7.8,0.623645741,-0.218482009,-0.628620258,-0.410016175
338,848335,598070,0.96,0.312,0.129,0,-7.8,2.7,-11.7,-34.4,7.8,0.623554186,-0.218604083,-0.628711814,-0.409924619
339,850326,598080,0.964,0.324,0.129,1.9,-7.2,2.7,-11.7,-34.4,7.8,0.623493149,-0.21866512,-0.628833888,-0.409833064
340,852582,598080,0.964,0.324,0.125,4.3,-6.9,2.8,-11.7,-34.4,7.8,0.623432112,-0.218726157,-0.628955962,-0.40971099
341,855821,598080,0.976,0.327,0.129,7.1,-6.4,3,-11.7,-34.4,7.8,0.623401593,-0.218726157,-0.629078036,-0.409527879
342,858889,598080,0.983,0.327,0.129,10.1,-5.9,3.1,-11.7,-34.4,7.8,0.623401593,-0.21866512,-0.629230628,-0.409314249
343,861262,598090,0.987,0.323,0.125,12.9,-5.3,3,-11.7,-34.4,7.8,0.623432112,-0.218604083,-0.629413739,-0.409070101
344,863428,598090,0.987,0.327,0.129,15.6,-4.7,2.5,-11.7,-34.4,7.8,0.62346263,-0.218451491,-0.62959685,-0.408795434
345,865831,598090,0.999,0.319,0.121,17.9,-3.8,1.6,-11.7,-34.4,7.8,0.623493149,-0.21826838,-0.62981048,-0.408520768
346,867770,598090,0.999,0.315,0.128,20,-2.8,0.5,-11.7,-34.4,7.8,0.623554186,-0.217993713,-0.63002411,-0.408215583
347,870008,598100,1.003,0.307,0.124,21.8,-1.7,-0.6,-11.7,-34.4,7.8,0.623645741,-0.217749565,-0.630237739,-0.407910398
348,873179,598100,1.003,0.307,0.124,21.8,-1.7,-0.6,-11.7,-34.4,7.8,0.623645741,-0.217749565,-0.630237739,-0.407910398
349,875204,598100,1.022,0.307,0.108,25.6,0,-2.4,-11.3,-34.2,8.6,0.623737297,-0.216711936,-0.630787072,-0.407513657
350,878370,598100,1.023,0.304,0.1,27.5,0.6,-3,-11.3,-34.2,8.6,0.623828852,-0.216284677,-0.63103122,-0.407177953
351,880757,598110,1.003,0.296,0.085,29.3,1,-3.2,-11.3,-34.2,8.6,0.623950926,-0.215826899,-0.631305887,-0.406811731
352,882753,598110,1.038,0.3,0.061,30.8,1.4,-3.2,-11.3,-34.2,8.6,0.624103519,-0.215369121,-0.631580554,-0.406445509
353,885011,598110,1.05,0.3,0.045,32,1.7,-3.1,-11.3,-34.2,8.6,0.624256111,-0.214850307,-0.63185522,-0.406048769
354,888321,598110,1.042,0.293,0.037,33,2,-2.7,-11.3,-34.2,8.6,0.624408704,-0.214362011,-0.632129887,-0.405652028
355,890233,598120,0.996,0.274,0.022,33.9,2.3,-1.5,-11.3,-34.2,8.6,0.624591815,-0.213843196,-0.632404553,-0.40519425
356,892554,598120,0.949,0.255,0.007,34.7,2.4,1,-11.3,-34.2,8.6,0.624774926,-0.213385418,-0.63267922,-0.404705954
357,895969,598120,0.89,0.236,0.004,34.7,2.4,4.3,-11.3,-34.2,8.6,0.625019074,-0.212927641,-0.632923368,-0.40418714
358,898239,598120,0.867,0.233,-0.01,33.7,2,6.8,-11.3,-34.2,8.6,0.625263222,-0.212561419,-0.633167516,-0.403637806
359,900358,598130,0.898,0.213,-0.034,31.5,1.1,6.6,-11.3,-34.2,8.6,0.625476852,-0.212195196,-0.633381146,-0.403118992
360,902558,598130,0.933,0.201,-0.047,28.2,0,3.3,-11.3,-34.2,8.6,0.625629444,-0.211859493,-0.633625294,-0.402691733
361,905687,598130,0.953,0.181,-0.048,24.1,-1.3,-2.4,-11.3,-34.2,8.6,0.625721,-0.211523789,-0.633869442,-0.402386547
362,907815,598130,0.969,0.133,-0.025,19.6,-2,-8.6,-11.3,-34.2,8.6,0.625690481,-0.211157567,-0.63411359,-0.402203436
363,911033,598140,0.972,0.098,-0.018,15.6,-2.1,-13,-11.3,-34.2,8.6,0.625629444,-0.210760826,-0.634327219,-0.402172918
364,913394,598140,0.996,0.074,-0.007,12.3,-2.1,-14.7,-11.3,-34.2,8.6,0.625537889,-0.210425123,-0.634540849,-0.402172918
365,915764,598140,1.011,0.07,0.004,9.7,-2.7,-14.1,-11.3,-34.2,8.6,0.625415815,-0.210119938,-0.63472396,-0.402233955
366,917872,598140,1.054,0.065,0.046,7.3,-4.1,-12,-11.3,-34.2,8.6,0.625263222,-0.20987579,-0.634907071,-0.402264473
367,920104,598150,1.05,0.033,0.05,4.4,-5.9,-8.8,-11.3,-34.2,8.6,0.625141148,-0.209753716,-0.635059664,-0.402294992
368,923308,598150,1.05,0.033,0.05,4.4,-5.9,-8.8,-11.3,-34.2,8.6,0.625141148,-0.209753716,-0.635059664,-0.402294992
369,925481,598150,1.066,-0.036,0.029,-6.6,-10,0.1,-11.5,-34.1,9.5,0.624835963,-0.210394604,-0.635242775,-0.402142399
370,928298,598150,1.078,-0.06,0.028,-13.6,-12.3,4.9,-11.5,-34.1,9.5,0.624652852,-0.210730308,-0.635273293,-0.402233955
371,931368,598160,1.09,-0.06,0.028,-19.5,-14.6,8.9,-11.5,-34.1,9.5,0.624439222,-0.211249123,-0.635242775,-0.402294992
372,933665,598160,1.113,-0.08,0.016,-23.1,-16.6,12,-11.5,-34.1,9.5,0.624195074,-0.211890011,-0.635212256,-0.402386547
373,935842,598160,1.113,-0.111,-0.003,-24.4,-17.9,14.6,-11.5,-34.1,9.5,0.623981445,-0.212591937,-0.635181738,-0.402447584
374,938381,598160,1.105,-0.134,-0.011,-23.6,-18.3,17.5,-11.5,-34.1,9.5,0.623767815,-0.213324381,-0.635151219,-0.402447584
375,940776,598170,1.098,-0.138,-0.011,-20.6,-17.8,20.3,-11.5,-34.1,9.5,0.623584704,-0.214026307,-0.635120701,-0.402356029
376,942906,598170,1.121,-0.107,0.004,-15,-16.5,22.2,-12,-34,9.2,0.623493149,-0.214697714,-0.635090182,-0.402203436
377,945044,598170,1.125,-0.072,0.008,-7,-14.7,22.8,-12,-34,9.2,0.62346263,-0.215216529,-0.635120701,-0.401898251
378,948237,598170,1.113,-0.056,0.008,2.3,-12.8,22,-12,-34,9.2,0.62346263,-0.215613269,-0.635212256,-0.401532029
379,950303,598180,1.101,-0.036,0.005,11.5,-11,20.7,-12,-34,9.2,0.623554186,-0.215857418,-0.635364849,-0.401013215
380,952591,598180,1.086,-0.001,-0.005,19,-9.4,20.1,-11.8,-33.7,9.5,0.623706778,-0.215948973,-0.635578478,-0.400433363
381,955776,598180,1.082,0.01,-0.009,24.4,-8.3,20.5,-11.8,-33.7,9.5,0.623859371,-0.215979492,-0.635822626,-0.399792474
382,957854,598180,1.082,0.018,-0.013,28.3,-7.6,21.9,-11.8,-33.7,9.5,0.624103519,-0.215948973,-0.636066774,-0.39906003
383,962393,598190,1.074,0.042,-0.02,31.6,-7.2,23.4,-11.8,-33.7,9.5,0.624347667,-0.215918455,-0.636310923,-0.398266549
384,962666,598190,1.07,0.054,-0.02,34.9,-7,24.4,-11.8,-33.7,9.5,0.624622333,-0.215826899,-0.636616108,-0.39741203
385,966791,598190,1.066,0.062,-0.02,38.6,-6.8,25,-11.8,-33.7,9.5,0.624927519,-0.215735343,-0.636921293,-0.396496475
386,969046,598190,1.062,0.073,-0.023,42.5,-6.7,25.2,-11.8,-33.7,9.5,0.625263222,-0.215552232,-0.637256996,-0.395519883
387,971230,598200,1.055,0.082,-0.035,46.5,-6.6,25,-11.8,-33.7,9.5,0.625598926,-0.215308084,-0.637623218,-0.394512772
388,973654,598200,1.055,0.082,-0.035,46.5,-6.6,25,-11.8,-33.7,9.5,0.625598926,-0.215308084,-0.637623218,-0.394512772
389,975863,598200,1.047,0.086,-0.047,54,-6.4,23.9,-11.9,-33.5,10.1,0.626300851,-0.215063936,-0.638630329,-0.39188818
390,977836,598200,1.043,0.102,-0.054,57.4,-6.2,23,-11.9,-33.5,10.1,0.626697592,-0.214636677,-0.639088107,-0.390728477
391,980029,598210,1.039,0.106,-0.058,60.6,-5.8,22.1,-11.9,-33.5,10.1,0.627094333,-0.2141789,-0.639606922,-0.389568773
392,983278,598210,1.039,0.098,-0.062,63.6,-5.5,21.2,-11.9,-33.5,10.5,0.627491073,-0.213660085,-0.640125736,-0.388348033
393,985312,598210,1.035,0.106,-0.062,66.4,-4.9,20.5,-11.9,-33.5,10.5,0.627887814,-0.213080233,-0.640644551,-0.387127293
394,987557,598210,1.039,0.098,-0.066,68.8,-4.3,19.8,-11.9,-33.5,10.5,0.628315073,-0.212439344,-0.641193884,-0.385845515
395,991290,598220,1.039,0.09,-0.066,70.9,-3.5,19,-11.9,-33.5,10.5,0.628772851,-0.211767937,-0.641743217,-0.384594256
396,993515,598220,1.043,0.074,-0.062,72.5,-2.7,18.1,-12,-33.5,10.7,0.62920011,-0.211035493,-0.642323069,-0.383281961
397,994918,598220,1.047,0.051,-0.055,73.8,-1.9,17.1,-12,-33.5,10.7,0.629657888,-0.210303049,-0.642872402,-0.382030702
398,998552,598220,1.047,0.027,-0.047,74.8,-1,16.3,-12,-33.5,10.7,0.630146184,-0.209509568,-0.643452254,-0.380748924
399,1000036,598230,1.047,0.003,-0.044,75.5,-0.1,15.8,-12,-33.5,10.7,0.630603961,-0.208685568,-0.644001587,-0.379467147
400,1003429,598230,1.055,-0.012,-0.044,76.1,1,15.7,-12.2,-33.1,10.8,0.631092257,-0.207861568,-0.64455092,-0.378185369
401,1005085,598230,1.063,-0.051,-0.037,76.5,2.2,16.1,-12.2,-33.1,10.8,0.631611072,-0.20700705,-0.645069735,-0.376903592
402,1009228,598230,1.07,-0.067,-0.045,76.9,3.2,17,-12.2,-33.1,10.8,0.632129887,-0.206152532,-0.645588549,-0.375591296
403,1011379,598240,1.074,-0.082,-0.049,77.4,4.1,18.5,-12.2,-33.1,10.8,0.632709738,-0.205298013,-0.646076846,-0.374279
404,1013734,598240,1.074,-0.09,-0.049,77.9,4.9,20.4,-12.2,-33.1,10.8,0.63328959,-0.204474013,-0.646534623,-0.372905667
405,1015623,598240,1.082,-0.11,-0.065,78.6,5.4,22.9,-12.2,-33.1,10.8,0.63389996,-0.203680532,-0.646992401,-0.371501816
406,1018475,598240,1.078,-0.106,-0.073,79.8,5.6,25.7,-12.2,-33.1,10.8,0.634540849,-0.202887051,-0.647450179,-0.370036927
407,1020161,598250,1.086,-0.102,-0.077,81.7,5.8,28.6,-12.2,-33.1,10.8,0.635212256,-0.202124088,-0.647907956,-0.368511002
408,1023034,598250,1.086,-0.102,-0.077,81.7,5.8,28.6,-12.2,-33.1,10.8,0.635212256,-0.202124088,-0.647907956,-0.368511002
409,1026720,598250,1.078,-0.094,-0.092,87.1,6,33.9,-12.5,-32.4,11.7,0.636829737,-0.20187994,-0.648976104,-0.363933226
410,1028322,598250,1.078,-0.078,-0.1,90.2,5.9,36.4,-12.5,-32.4,11.7,0.6375927,-0.201116977,-0.6494644,-0.362163152
411,1029907,598260,1.078,-0.074,-0.104,93.5,5.9,38.6,-12.5,-32.4,11.7,0.6384167,-0.200292978,-0.649952696,-0.360332041
412,1033656,598260,1.071,-0.066,-0.111,96.8,5.6,40.7,-12.2,-31.4,12.5,0.639240699,-0.199499496,-0.650440992,-0.358409375
413,1035921,598260,1.067,-0.058,-0.115,100.1,5.3,42.6,-12.2,-31.4,12.5,0.640064699,-0.198644978,-0.650959807,-0.356425672
414,1038496,598260,1.067,-0.058,-0.107,103.2,4.9,44.1,-12.2,-31.4,12.5,0.640919218,-0.19779046,-0.65150914,-0.354350414
415,1041321,598270,1.063,-0.058,-0.115,106,4.6,45.2,-12.2,-31.4,12.5,0.641804254,-0.196935942,-0.652058473,-0.352244636
416,1043189,598270,1.063,-0.058,-0.115,108.6,4.7,46,-12.2,-31.4,12.5,0.642689291,-0.196020386,-0.652638325,-0.350077822
417,1046516,598270,1.059,-0.062,-0.111,111.1,4.9,46.6,-12.2,-31.4,12.5,0.643574328,-0.195074313,-0.653218177,-0.347849971
418,1048526,598270,1.055,-0.065,-0.115,113.4,5.2,47,-12.2,-31.4,12.5,0.644489883,-0.194128239,-0.653798029,-0.345591601
419,1051722,598280,1.055,-0.069,-0.123,115.6,5.7,47.4,-12.2,-31.4,12.5,0.645435957,-0.193121128,-0.65437788,-0.343302713
420,1053196,598280,1.051,-0.069,-0.123,117.6,6.5,47.7,-12.2,-31.4,12.5,0.646382031,-0.192114017,-0.654957732,-0.340983306
421,1056690,598280,1.055,-0.077,-0.127,119.5,7.4,48.1,-12.2,-31.4,12.5,0.647328104,-0.191045869,-0.655537584,-0.338602863
422,1057969,598280,1.051,-0.077,-0.131,121.2,8.2,48.4,-12.2,-31.4,12.5,0.648304697,-0.189977721,-0.656117435,-0.336222419
423,1061406,598290,1.055,-0.089,-0.135,122.8,9,48.8,-12.2,-31.4,12.5,0.649311808,-0.188879055,-0.656697287,-0.333811457
424,1062661,598290,1.055,-0.081,-0.139,124.2,9.4,49.5,-12.2,-31.4,12.5,0.650318918,-0.187719352,-0.657216102,-0.331369976
425,1064908,598290,1.059,-0.089,-0.135,125.7,9.5,50.5,-12.2,-31.4,12.5,0.651326029,-0.186620685,-0.657826472,-0.328897977
426,1068609,598290,1.063,-0.081,-0.155,127.2,9.6,51.7,-12.2,-31.4,12.5,0.652363659,-0.185491501,-0.658375805,-0.32636494
427,1070340,598300,1.059,-0.081,-0.154,128.7,9.8,52.7,-12.2,-31.4,12.5,0.653401288,-0.184331797,-0.658925138,-0.323801386
428,1072798,598300,1.059,-0.081,-0.154,128.7,9.8,52.7,-12.2,-31.4,12.5,0.653401288,-0.184331797,-0.658925138,-0.323801386
429,1074962,598300,1.063,-0.076,-0.17,131.4,10.6,54.4,-13.5,-30.3,14,0.65520188,-0.183690909,-0.660695212,-0.316873684
430,1078640,598300,1.067,-0.072,-0.186,133,11.2,55.2,-13.5,-30.3,14,0.656270028,-0.182500687,-0.661244545,-0.314188055
431,1081242,598310,1.067,-0.068,-0.19,134.5,11.9,55.8,-13.5,-30.3,14,0.657338176,-0.181310465,-0.661763359,-0.311502426
432,1083411,598310,1.071,-0.068,-0.198,136.4,12.6,56.4,-13.5,-30.3,14,0.65846736,-0.180089724,-0.662282174,-0.308786279
433,1085352,598310,1.079,-0.068,-0.209,138.4,13.4,56.9,-13.5,-30.3,14,0.659566027,-0.178807947,-0.662800989,-0.306009095
434,1087545,598310,1.079,-0.06,-0.213,140.7,14.2,57.4,-13.5,-30.3,14,0.660695212,-0.17752617,-0.663289285,-0.303201392
435,1091610,598320,1.083,-0.056,-0.217,143.2,15,57.7,-13.5,-30.3,14,0.661854915,-0.176213874,-0.6638081,-0.30036317
436,1093831,598320,1.091,-0.048,-0.233,145.5,15.8,58,-13.5,-30.3,14,0.663014618,-0.174840541,-0.664296396,-0.297463912
437,1095058,598320,1.095,-0.045,-0.233,147.8,16.7,58.2,-13.5,-30.3,14,0.66420484,-0.173436689,-0.664784692,-0.294534135
438,1098193,598320,1.102,-0.041,-0.245,149.8,17.5,58.4,-13.5,-30.3,14,0.665395062,-0.172002319,-0.665272988,-0.29157384
439,1101321,598330,1.106,-0.037,-0.249,151.6,18.2,58.8,-13.5,-30.3,14,0.666615802,-0.170537431,-0.665761284,-0.288583026
440,1102927,598330,1.118,-0.021,-0.257,153.3,18.8,59.2,-13.5,-30.3,14,0.667806024,-0.169042024,-0.666219062,-0.285561693
441,1106310,598330,1.122,-0.017,-0.26,155,19.3,59.6,-13.5,-30.3,14,0.669026765,-0.167516099,-0.66667684,-0.282509842
442,1108310,598330,1.13,-0.005,-0.257,156.6,19.8,60,-13.5,-30.3,14,0.670247505,-0.165990173,-0.667134617,-0.279427473
443,1110593,598340,1.134,0.001,-0.26,158.1,20.3,60.3,-13.5,-30.3,14,0.671498764,-0.164433729,-0.667561876,-0.276314585
444,1112450,598340,1.134,0.005,-0.264,159.4,20.7,60.6,-13.5,-30.3,14,0.672719504,-0.162846767,-0.668019654,-0.273171178
445,1115492,598340,1.138,0.009,-0.26,160.6,21.1,60.9,-13.5,-30.3,14,0.673970763,-0.161259804,-0.668446913,-0.269997253
446,1117554,598340,1.142,0.017,-0.26,161.7,21.7,61,-13.5,-30.3,14,0.675191504,-0.159642323,-0.668843654,-0.266853847
447,1121567,598350,1.157,0.029,-0.264,162.8,22.3,61.2,-13.5,-30.3,14,0.676442763,-0.157994324,-0.669240394,-0.263649403
448,1123747,598350,1.157,0.029,-0.264,162.8,22.3,61.2,-13.5,-30.3,14,0.676442763,-0.157994324,-0.669240394,-0.263649403
449,1125172,598350,1.161,0.04,-0.264,165.4,23.2,61.4,-15.1,-27.7,16.8,0.67894528,-0.154637288,-0.670033876,-0.257148961
450,1127575,598350,1.169,0.044,-0.268,167.1,23.6,61.2,-15.1,-27.7,16.8,0.680196539,-0.152928251,-0.670400098,-0.25388348
451,1130004,598360,1.181,0.048,-0.261,168.8,24.1,61,-15.1,-27.7,16.8,0.681447798,-0.151188696,-0.67076632,-0.250587481
452,1134645,598360,1.184,0.06,-0.265,170.5,24.7,60.6,-15.1,-27.7,16.8,0.682699057,-0.149388104,-0.671132542,-0.247260964
453,1134903,598360,1.188,0.06,-0.269,173.8,25.9,59.8,-15.1,-27.7,16.8,0.683980834,-0.147526475,-0.671468245,-0.243903928
454,1138271,598360,1.192,0.068,-0.272,173.8,25.9,59.8,-15.1,-27.7,16.8,0.685232093,-0.145664846,-0.671803949,-0.240546892
455,1140614,598370,1.196,0.068,-0.269,175.3,26.6,59.4,-15.1,-27.7,16.8,0.686483352,-0.143772698,-0.672139653,-0.237159337
456,1142592,598370,1.192,0.072,-0.268,176.7,27.3,59.1,-15.1,-27.7,16.8,0.687734611,-0.141819514,-0.672444838,-0.233771783
457,1145948,598370,1.192,0.076,-0.288,177.9,28.1,58.9,-15.1,-27.7,16.8,0.68898587,-0.139927366,-0.672750023,-0.23035371
458,1147817,598370,1.2,0.083,-0.288,178.6,28.8,59,-15.1,-27.7,16.8,0.690237129,-0.137913144,-0.673024689,-0.226935636
459,1150074,598380,1.2,0.095,-0.288,179.2,29.5,59.3,-15.1,-27.7,16.8,0.691518906,-0.13595996,-0.673299356,-0.223517563
460,1153819,598380,1.192,0.096,-0.299,179.5,30.3,59.7,-15.1,-27.7,16.8,0.692770165,-0.134006775,-0.673512986,-0.220068972
461,1155321,598380,1.177,0.1,-0.315,179.5,31,59.7,-15.1,-27.7,16.8,0.694051943,-0.131992553,-0.673726615,-0.216589862
462,1157578,598380,1.173,0.1,-0.315,178.9,32.2,59.6,-15.1,-27.7,16.8,0.695303201,-0.13000885,-0.673909726,-0.213171789
463,1161563,598390,1.173,0.1,-0.323,177.5,34.6,59.1,-15.1,-27.7,16.8,0.696584979,-0.128025147,-0.6740318,-0.209753716
464,1163997,598390,1.173,0.108,-0.326,177.5,34.6,59.1,-15.1,-27.7,16.8,0.697866756,-0.126041444,-0.674153874,-0.206335643
465,1166345,598390,1.157,0.116,-0.326,179,35.8,60.6,-15.1,-27.7,16.8,0.699148534,-0.124057741,-0.67424543,-0.202887051
466,1168544,598390,1.161,0.124,-0.326,179,35.8,60.6,-15.1,-27.7,16.8,0.700430311,-0.122043519,-0.674306467,-0.199407941
467,1171077,598400,1.153,0.136,-0.326,182.5,36.1,63.8,-15.1,-27.7,16.8,0.701712088,-0.120029298,-0.674398022,-0.195837275
468,1172636,598400,1.153,0.136,-0.326,182.5,36.1,63.8,-15.1,-27.7,16.8,0.701712088,-0.120029298,-0.674398022,-0.195837275
469,1175006,598400,1.13,0.151,-0.309,183.4,36.6,66.1,-16.9,-23.7,20,0.704275643,-0.116031373,-0.674459059,-0.188604389
470,1178331,598400,1.126,0.151,-0.313,183.4,36.6,66.1,-16.9,-23.7,20,0.705557421,-0.11404767,-0.674489578,-0.185003204
471,1180937,598410,1.114,0.159,-0.313,180.5,37.3,65.7,-16.9,-23.7,20,0.706808679,-0.112094485,-0.674459059,-0.18140202
472,1182595,598410,1.095,0.163,-0.301,180.5,37.3,65.7,-16.9,-23.7,20,0.708059938,-0.110110782,-0.674428541,-0.177831355
473,1186953,598410,1.091,0.179,-0.293,175.6,37.1,63.2,-16.9,-23.7,20,0.70925016,-0.108188116,-0.674398022,-0.174352245
474,1189090,598410,1.071,0.179,-0.281,175.6,37.1,63.2,-16.9,-23.7,20,0.710440382,-0.10626545,-0.674336985,-0.170873135
475,1191358,598420,1.036,0.195,-0.276,169.1,36.3,58.5,-16.9,-23.7,20,0.711600085,-0.104373302,-0.67424543,-0.167577136
476,1193851,598420,1.04,0.195,-0.276,169.1,36.3,58.5,-16.9,-23.7,20,0.71272927,-0.102450636,-0.674184393,-0.164250618
477,1196093,598420,1.028,0.203,-0.272,160.4,33.1,52.9,-16.9,-23.7,20,0.713736381,-0.100619526,-0.674092837,-0.16113773
478,1197799,598420,1.032,0.215,-0.272,160.4,33.1,52.9,-16.9,-23.7,20,0.71477401,-0.0987884152,-0.6740318,-0.158024842
479,1200112,598430,1.032,0.234,-0.26,154.9,26.5,50,-16.9,-23.7,20,0.715659047,-0.0970183416,-0.6740318,-0.155034028
480,1203361,598430,1.044,0.246,-0.264,153.7,22.9,49.7,-16.9,-23.7,20,0.716483047,-0.0952787866,-0.674092837,-0.152043214
481,1205964,598430,1.048,0.261,-0.256,153.5,19.9,49.9,-16.9,-23.7,20,0.71724601,-0.0935392315,-0.674184393,-0.149021882
482,1207767,598430,1.126,0.308,-0.268,153.6,17.9,50.1,-16.9,-23.7,20,0.718008972,-0.091830195,-0.674306467,-0.146031068
483,1210327,598440,1.122,0.312,-0.268,154.5,17.4,50.8,-16.9,-23.7,20,0.718710898,-0.09009064,-0.674398022,-0.142979217
484,1213696,598440,1.13,0.32,-0.272,156.5,18.8,52.9,-16.9,-23.7,20,0.719473861,-0.0883510849,-0.674489578,-0.139866329
485,1215964,598440,1.161,0.339,-0.28,160.1,22.6,57.4,-16.9,-23.7,20,0.720267342,-0.0866115299,-0.674520096,-0.136661885
486,1217707,598440,1.223,0.381,-0.269,165.8,29.2,64.9,-16.9,-23.7,20,0.721213416,-0.0848719749,-0.674428541,-0.133274331
487,1220909,598450,1.149,0.397,-0.232,172.8,38.8,75.2,-16.9,-23.7,20,0.722312082,-0.0831629383,-0.674153874,-0.12961211
488,1224384,598450,1.149,0.397,-0.232,172.8,38.8,75.2,-16.9,-23.7,20,0.722312082,-0.0831629383,-0.674153874,-0.12961211
489,1226210,598450,1.102,0.429,-0.2,186.4,64.2,95.8,-18.4,-19.1,22.2,0.725150304,-0.0796838282,-0.673024689,-0.121555223
490,1228530,598450,1.125,0.421,-0.196,191.3,77.1,100.1,-18.4,-19.1,22.2,0.726889859,-0.0779747917,-0.672139653,-0.117282632
491,1230100,598460,1.113,0.44,-0.169,195.5,89.5,99.3,-18.4,-19.1,22.2,0.728782006,-0.0760826441,-0.671040986,-0.112979522
492,1232418,598460,1.051,0.46,-0.12,199.6,102.2,95.9,-17.8,-17.4,22.7,0.730826746,-0.0740684225,-0.66972869,-0.108706931
493,1236701,598460,1.008,0.432,-0.089,204.2,115.2,91.6,-17.8,-17.4,22.7,0.733054598,-0.0718710898,-0.668202765,-0.104464858
494,1238619,598460,0.89,0.456,-0.024,209.3,128.1,87,-17.8,-17.4,22.7,0.735435041,-0.0694906461,-0.666493728,-0.100192267
495,1241083,598470,0.945,0.475,-0.032,214.9,139.5,81.5,-17.8,-17.4,22.7,0.737968078,-0.0669270913,-0.664601581,-0.0959807123
496,1242869,598470,0.878,0.472,0.003,221,149.2,75.5,-17.8,-17.4,22.7,0.740592669,-0.0641499069,-0.662526322,-0.091769158
497,1247417,598470,0.89,0.479,0.034,227.4,156.7,68.9,-17.8,-17.4,22.7,0.743278298,-0.061159093,-0.660359508,-0.0875881222
498,1247669,598470,0.796,0.479,0.118,234.1,162.9,62.6,-17.8,-17.4,22.7,0.746055483,-0.0579546495,-0.658040101,-0.0834070864
499,1251590,598480,0.784,0.487,0.138,240.8,167.8,57,-17.8,-17.4,22.7,0.748863186,-0.0545365764,-0.655659658,-0.0792565691
500,1253678,598480,0.784,0.486,0.201,247.4,171.4,52.4,-17.8,-17.4,22.7,0.751670888,-0.0509659108,-0.653218177,-0.0750450148
501,1255302,598480,0.733,0.466,0.229,253.8,173.7,49,-17.8,-17.4,22.7,0.75450911,-0.0472121342,-0.650715659,-0.0708334605
502,1257606,598480,0.709,0.485,0.28,259.9,174.8,46.7,-17.8,-17.4,22.7,0.757316813,-0.0433057649,-0.648182623,-0.0664998321
503,1259958,598490,0.685,0.496,0.344,265.5,174.5,45.2,-17.8,-17.4,22.7,0.760063478,-0.0393078402,-0.645619068,-0.0621967223
504,1262471,598490,0.658,0.516,0.368,270.2,172.2,43.8,-17.8,-17.4,22.7,0.762779626,-0.0351878414,-0.643086032,-0.0578020569
505,1264994,598490,0.568,0.497,0.408,273,168.2,42.6,-17.8,-17.4,22.7,0.765373699,-0.0310678426,-0.640583514,-0.0534073916
506,1269321,598490,0.595,0.512,0.431,273.9,162.6,41.5,-17.8,-17.4,22.7,0.767876217,-0.0268562883,-0.638142033,-0.0489822077
507,1271618,598500,0.669,0.519,0.418,272.5,155.6,40.3,-17.8,-17.4,22.7,0.770226142,-0.0227057711,-0.635792108,-0.0446180609
508,1273523,598500,0.65,0.515,0.446,269.2,147.9,38.9,-21.2,-13.3,22.5,0.772423475,-0.0185552538,-0.633533738,-0.0402844325
509,1276159,598500,0.618,0.515,0.451,264,140.4,37.9,-21.2,-13.3,22.5,0.774498733,-0.0145268105,-0.631366924,-0.0360423597
510,1278375,598500,0.662,0.523,0.407,256.9,133.4,37.5,-21.2,-13.3,22.5,0.7764214,-0.0105899228,-0.629291665,-0.0319223609
511,1280347,598510,0.595,0.473,0.384,247.4,126.7,37.3,-21.2,-13.3,22.5,0.778221992,-0.00683614612,-0.627277444,-0.0279244362
512,1283666,598510,0.603,0.477,0.372,235.3,120,36.5,-21.2,-13.3,22.5,0.779931028,-0.00326548051,-0.625385296,-0.0241096225
513,1285841,598510,0.717,0.496,0.316,220.6,112.7,34.1,-21.2,-13.3,22.5,0.781487472,6.1037019e-05,-0.623554186,-0.0205084384
514,1287840,598510,0.791,0.48,0.338,203.7,104.8,29.8,-21.2,-13.3,22.5,0.782921842,0.00317392499,-0.621845149,-0.0172124393
515,1291605,598520,0.814,0.502,0.388,185.6,97.4,24.1,-21.2,-13.3,22.5,0.784203619,0.00604266488,-0.620258187,-0.0142826624
516,1294038,598520,0.911,0.508,0.445,167.2,90.9,18.3,-20.7,-10.6,22.5,0.78542436,0.0086977752,-0.61876278,-0.0117191076
517,1296141,598520,0.97,0.514,0.531,149.5,84.9,13.9,-20.7,-10.6,22.5,0.786553545,0.0110782189,-0.61732841,-0.00943021943
518,1298362,598520,0.922,0.428,0.769,131.7,79.3,11.9,-20.7,-10.6,22.5,0.787560656,0.0132145146,-0.615985595,-0.00744651631
519,1300365,598530,0.949,0.395,0.905,111.8,75.2,12.6,-20.7,-10.6,22.5,0.788567766,0.0149845882,-0.614734336,-0.00567644276
520,1302686,598530,0.917,0.334,1.046,86.5,74.1,16,-21.2,-10.6,22.1,0.78951384,0.016235847,-0.613452559,-0.00424207282
521,1304962,598530,0.733,0.103,1.199,53.7,75.3,21.8,-21.2,-10.6,22.1,0.790520951,0.0169072542,-0.612170782,-0.00311288797
522,1307516,598530,0.705,0.019,1.281,13.9,77.1,29.3,-21.2,-10.6,22.1,0.791528062,0.0167241432,-0.610858486,-0.00238044374
523,1311205,598540,0.658,-0.098,1.362,-28.1,77.7,36.8,-21.2,-10.6,22.1,0.792565691,0.0157475509,-0.609515671,-0.00210577715
524,1313537,598540,0.525,-0.286,1.429,-66.7,75.9,42.2,-21.2,-10.6,22.1,0.79360332,0.0140690329,-0.608233894,-0.00222785119
525,1315186,598540,0.509,-0.511,1.532,-95.3,71.3,44.3,-21.2,-10.6,22.1,0.794579913,0.0118106632,-0.606982635,-0.00271614734
526,1317578,598540,0.412,-0.66,1.599,-108.7,64.6,43.3,-21.2,-10.6,22.1,0.795464949,0.00936918241,-0.605883969,-0.00338755455
527,1320956,598550,0.322,-0.777,1.654,-103.5,56.8,40.2,-21.2,-10.6,22.1,0.796258431,0.00704977569,-0.604876858,-0.00402844325
528,1323235,598550,0.322,-0.777,1.654,-103.5,56.8,40.2,-21.2,-10.6,22.1,0.796258431,0.00704977569,-0.604876858,-0.00402844325
529,1325251,598550,0.048,-0.967,1.695,-36.4,39.3,32.2,-21.2,-10.2,21.3,0.797418134,0.00415051729,-0.603350932,-0.00436414686
530,1327559,598550,0.103,-0.869,1.68,21.2,27.4,28.7,-21.2,-10.2,21.3,0.797784356,0.00415051729,-0.602893155,-0.00357066561
531,1330038,598560,0.142,-0.759,1.634,88,12.9,28.2,-21.2,-10.2,21.3,0.797936949,0.00531022065,-0.602649007,-0.0019226661
532,1333693,598560,0.225,-0.455,1.444,155.9,-2.5,33.8,-21.4,-9.1,21.9,0.79790643,0.00756859035,-0.602710044,0.000701925718
533,1335085,598560,0.225,-0.28,1.309,216.4,-15.9,47.5,-21.4,-9.1,21.9,0.797631764,0.0107119968,-0.60298471,0.00436414686
534,1338338,598560,0.226,-0.117,1.158,263.6,-23.4,67.5,-21.4,-9.1,21.9,0.797235023,0.0144047365,-0.603381451,0.0090029603
535,1341651,598570,0.164,0.212,0.89,296.3,-23.6,89.6,-21.4,-9.1,21.9,0.796807764,0.0184026612,-0.603747673,0.014435255
536,1344025,598570,0.164,0.395,0.763,316.7,-17.2,109,-21.7,-7.6,22.1,0.796411023,0.022461623,-0.603961303,0.0205084384
537,1346301,598570,0.157,0.565,0.632,327.8,-7.3,122.4,-21.7,-7.6,22.1,0.79607532,0.0265511032,-0.603991821,0.0269478439
538,1348350,598570,0.173,0.704,0.516,331.5,2.5,128.7,-21.7,-7.6,22.1,0.795800653,0.030610065,-0.60380871,0.0335703604
539,1350407,598580,0.165,1.02,0.371,328.5,9.4,128.3,-21.7,-7.6,22.1,0.795587024,0.0346079897,-0.603473006,0.04013184
540,1352641,598580,0.173,1.17,0.318,318.9,11.3,122.3,-21.4,-5.5,22.6,0.795373394,0.0385448775,-0.603076266,0.0464186529
541,1355800,598580,0.287,1.261,0.223,301.3,6.6,111.4,-21.4,-5.5,22.6,0.795068209,0.0422681356,-0.602740562,0.0523392438
542,1358781,598580,0.631,1.438,0.152,275.2,-5,96,-21.4,-5.5,22.6,0.794610431,0.0458082827,-0.60258797,0.0576189459
543,1360123,598590,0.72,1.492,0.151,241.7,-21.8,77.5,-21.4,-5.5,22.6,0.794000061,0.0490127262,-0.602740562,0.0621356853
544,1362468,598590,0.783,1.499,0.17,202.6,-40.3,58.2,-21.4,-5.5,22.6,0.793145543,0.0517899106,-0.60319834,0.0657673879
545,1364922,598590,0.849,1.486,0.2,157.3,-57.2,39.8,-21.4,-5.5,22.6,0.79216895,0.0540787988,-0.60402234,0.0684530168
546,1368607,598590,1.04,1.376,0.305,103.8,-71.6,22.2,-21.4,-5.5,22.6,0.791039766,0.0556962798,-0.605121006,0.0701315348
547,1370880,598600,1.134,1.275,0.369,41.1,-83.5,3.9,-21.4,-5.5,22.6,0.789880062,0.056428724,-0.606494339,0.0706198309
548,1373321,598600,1.134,1.275,0.369,41.1,-83.5,3.9,-21.4,-5.5,22.6,0.789880062,0.056428724,-0.606494339,0.0706198309
549,1375238,598600,1.391,0.946,0.442,-103.2,-99.3,-35.4,-20.9,-6.2,22.6,0.787591174,0.0551774651,-0.60994293,0.067751091
550,1377536,598600,1.399,0.831,0.464,-177,-102,-53.2,-20.9,-6.2,22.6,0.786492508,0.0529801325,-0.611896115,0.0643635365
551,1380736,598610,1.388,0.706,0.451,-247.1,-100.9,-67.1,-20.9,-6.2,22.6,0.785515915,0.049775689,-0.613879818,0.0597857601
552,1382777,598610,1.368,0.589,0.423,-310.8,-97,-76,-20.5,-7.6,22.9,0.784630879,0.0455946532,-0.615863521,0.0542313913
553,1385037,598610,1.318,0.324,0.338,-365.6,-91.7,-80,-20.5,-7.6,22.9,0.783837397,0.0405285806,-0.617755669,0.0478530229
554,1388321,598610,1.283,0.234,0.318,-408.7,-86.9,-79.6,-20.5,-7.6,22.9,0.783074435,0.0346995453,-0.619586779,0.0408948027
555,1390292,598620,1.213,0.165,0.322,-437.9,-83.3,-76,-20.5,-7.6,22.9,0.782311472,0.0283211768,-0.621295816,0.0336008789
556,1392631,598620,1.19,0.071,0.286,-452.7,-81.3,-70.4,-20.2,-9.4,22.8,0.781487472,0.0216071047,-0.622943815,0.0262153996
557,1395851,598620,1.171,-0.025,0.231,-454.6,-80.6,-64,-20.2,-9.4,22.8,0.780602435,0.0147709586,-0.624530778,0.0189214759
558,1397903,598620,1.089,-0.028,0.256,-445.6,-80,-57.8,-20.2,-9.4,22.8,0.779656362,0.00799584948,-0.626026185,0.0118411817
559,1401351,598630,1.046,-0.059,0.252,-429.3,-78.6,-53,-20.2,-9.4,22.8,0.778618732,0.00143436995,-0.627430036,0.00503555406
560,1403574,598630,1.034,-0.085,0.193,-410.1,-75.5,-51.4,-20.2,-11.6,22.7,0.777581103,-0.00479140599,-0.628742332,-0.00140385144
561,1405041,598630,1.019,-0.081,0.205,-391.6,-71.2,-54.3,-20.2,-11.6,22.7,0.776543474,-0.0106814783,-0.629871517,-0.00769066439
562,1407459,598630,1.003,-0.093,0.198,-375.1,-66.1,-61.8,-20.2,-11.6,22.7,0.775505844,-0.0162053285,-0.630970183,-0.0138859218
563,1411170,598640,0.984,-0.108,0.178,-360.8,-60.2,-72.5,-20.2,-11.6,22.7,0.774498733,-0.0213324381,-0.63185522,-0.0200201422
564,1413447,598640,0.949,-0.147,0.159,-348.8,-54,-85.1,-20.2,-11.6,22.7,0.773522141,-0.0260628071,-0.632648701,-0.0262459181
565,1414967,598640,0.933,-0.166,0.143,-338.5,-48.1,-99,-20.2,-11.6,22.7,0.772576067,-0.0303964354,-0.633320109,-0.0325937681
566,1418160,598640,0.902,-0.185,0.147,-329.4,-43.1,-113.5,-20.2,-11.6,22.7,0.771660512,-0.0344553972,-0.633869442,-0.0390331736
567,1421401,598650,0.894,-0.248,0.127,-321.2,-39.6,-128.5,-20.2,-11.6,22.7,0.770744957,-0.0381176183,-0.634327219,-0.0456251717
568,1423597,598650,0.906,-0.267,0.115,-313.9,-37.4,-143.7,-20.1,-14.6,22,0.769798883,-0.0414441359,-0.634754479,-0.0523392438
569,1425891,598650,0.926,-0.31,0.091,-307.7,-36,-158.9,-20.1,-14.6,22,0.768822291,-0.0444654683,-0.635120701,-0.0592364269
570,1428901,598650,0.933,-0.303,0.106,-302.1,-34.5,-173.1,-20.1,-14.6,22,0.76781518,-0.0471510971,-0.635456404,-0.0662862026
571,1431096,598660,0.949,-0.382,0.117,-296.7,-32.4,-184.9,-20.1,-14.6,22,0.766747032,-0.0495925779,-0.635761589,-0.0734580523
572,1432557,598660,0.961,-0.409,0.112,-291.8,-30.2,-193.3,-19.3,-16.9,20.9,0.765678884,-0.0518509476,-0.635975219,-0.0807214576
573,1435744,598660,0.972,-0.452,0.112,-287.7,-28.9,-197.8,-19.3,-16.9,20.9,0.764580218,-0.0539872433,-0.63615833,-0.0879848628
574,1437768,598660,1.012,-0.492,0.114,-284.2,-28.9,-198.7,-19.3,-16.9,20.9,0.763451033,-0.0560014649,-0.636310923,-0.0952177496
575,1440098,598670,1.035,-0.508,0.106,-280.4,-29.9,-196.4,-19.3,-16.9,20.9,0.762260811,-0.0580156865,-0.636463515,-0.102328562
576,1442578,598670,1.039,-0.547,0.113,-275.6,-32.2,-190.5,-18.8,-18.3,21,0.761009552,-0.0600299081,-0.636585589,-0.109286782
577,1446169,598670,1.066,-0.575,0.097,-268.4,-35.9,-180.8,-18.8,-18.3,21,0.759727775,-0.0620441298,-0.6367687,-0.115970336
578,1447608,598670,1.102,-0.622,0.056,-257.7,-41.3,-167.7,-18.8,-18.3,21,0.758354442,-0.0640583514,-0.637012848,-0.122257149
579,1450686,598680,1.11,-0.637,0.033,-242.5,-47.8,-151.8,-18.8,-18.3,21,0.756920072,-0.06613361,-0.637348552,-0.128086184
580,1453691,598680,1.133,-0.664,-0.01,-222.7,-54.3,-133.4,-18.5,-19.6,20.1,0.755455184,-0.0680867946,-0.63780633,-0.133304849
581,1456008,598680,1.134,-0.64,-0.057,-198.6,-59.1,-113.8,-18.5,-19.6,20.1,0.754020814,-0.0699179052,-0.638386181,-0.137852107
582,1458068,598680,1.153,-0.605,-0.069,-170.9,-60.8,-93.4,-18.5,-19.6,20.1,0.752616962,-0.0716574602,-0.638996551,-0.141666921
583,1459909,598690,1.137,-0.518,-0.067,-141,-58.9,-72.9,-18.5,-19.6,20.1,0.751335185,-0.0731223487,-0.63963744,-0.14474929
584,1464325,598690,1.047,-0.479,-0.038,-111.4,-53.2,-52,-18.5,-19.6,20.1,0.750236518,-0.0744041261,-0.64024781,-0.147068697
585,1466551,598690,0.906,-0.376,0.012,-83.7,-45,-30.9,-18.5,-19.6,20.1,0.749382,-0.0754722739,-0.640766625,-0.14865566
586,1468838,598690,0.875,-0.332,0.037,-58.6,-36.6,-10.6,-18.5,-19.6,20.1,0.748741111,-0.0764183477,-0.641193884,-0.149601733
587,1470983,598700,0.824,-0.281,0.05,-35.2,-30.5,8.2,-18.5,-19.6,20.1,0.748283334,-0.077211829,-0.641560106,-0.149906919
588,1473317,598700,0.824,-0.281,0.05,-35.2,-30.5,8.2,-18.5,-19.6,20.1,0.748283334,-0.077211829,-0.641560106,-0.149906919
589,1475749,598700,0.769,-0.194,0.056,10.6,-29.9,40.4,-18.8,-19.9,20,0.747672964,-0.0783410138,-0.642384106,-0.148777734
590,1477763,598700,0.726,-0.143,0.081,35.1,-33.4,52.2,-18.8,-19.9,20,0.747428816,-0.0786156804,-0.642963958,-0.147373882
591,1480088,598710,0.671,-0.103,0.098,60.9,-37,60.1,-18.8,-19.9,20,0.747215186,-0.0785851619,-0.643665883,-0.145451216
592,1482525,598710,0.636,-0.051,0.079,87.1,-39.7,63.5,-18.4,-19.4,20.9,0.747001556,-0.0781884213,-0.644459365,-0.143131809
593,1486338,598710,0.585,-0.012,0.096,112.3,-41.5,62.4,-18.4,-19.4,20.9,0.746787927,-0.0773644215,-0.645405438,-0.140476699
594,1488691,598710,0.578,0.031,0.085,135.8,-42.4,57.1,-18.4,-19.4,20.9,0.746604816,-0.0760826441,-0.646412549,-0.137546922
595,1490840,598720,0.589,0.105,0.063,157.2,-42.9,48.6,-18.4,-19.4,20.9,0.746391186,-0.0743125706,-0.647480697,-0.134464553
596,1493908,598720,0.578,0.161,0.044,176.4,-42.7,37.9,-18.6,-18.7,21.2,0.746177557,-0.0721152379,-0.6486404,-0.131290628
597,1496236,598720,0.57,0.227,0.057,193.2,-41.4,26.1,-18.6,-18.7,21.2,0.745963927,-0.0694296091,-0.649800104,-0.128055666
598,1498518,598720,0.566,0.302,0.069,207.3,-38.8,14.5,-18.6,-18.7,21.2,0.745780816,-0.0664082766,-0.650990326,-0.124820704
599,1500707,598730,0.609,0.415,0.054,217.9,-35.5,3.8,-18.6,-18.7,21.2,0.745567186,-0.0630207221,-0.652150029,-0.12161626
600,1503761,598730,0.64,0.489,0.062,223.7,-32.2,-5.1,-18.4,-17.7,22.2,0.745414594,-0.0593585009,-0.653279214,-0.118472854
601,1506060,598730,0.628,0.552,0.091,224,-29.1,-11.7,-18.4,-17.7,22.2,0.745231483,-0.0556352428,-0.654316843,-0.115421003
602,1508024,598730,0.624,0.603,0.095,219.1,-25.9,-16,-18.4,-17.7,22.2,0.74507889,-0.0519119846,-0.655323954,-0.112521744
603,1511287,598740,0.718,0.677,0.067,210,-23,-18.2,-18.4,-17.7,22.2,0.744956816,-0.0483108005,-0.656208991,-0.109775079
604,1513422,598740,0.71,0.759,0.115,198.7,-20.2,-19.1,-18.4,-17.7,22.2,0.744804224,-0.0448316904,-0.657032991,-0.107242042
605,1514873,598740,0.682,0.852,0.156,186.2,-17.6,-19.4,-18.4,-17.7,22.2,0.74468215,-0.0415356914,-0.657765435,-0.104861599
606,1517883,598740,0.733,0.849,0.116,172.3,-15.9,-19,-18.4,-17.7,22.2,0.744560076,-0.0385448775,-0.658436842,-0.102694784
607,1520061,598750,0.772,0.887,0.139,156.4,-15.2,-18,-18.4,-17.7,22.2,0.744438002,-0.0357676931,-0.659047212,-0.100680563
608,1523224,598750,0.772,0.887,0.139,156.4,-15.2,-18,-18.4,-17.7,22.2,0.744438002,-0.0357676931,-0.659047212,-0.100680563
609,1525238,598750,0.728,1.016,0.236,121.5,-14.9,-15.7,-18.6,-16.8,22.7,0.744132817,-0.0311288797,-0.66011536,-0.0974761193
610,1528196,598750,0.716,1.016,0.248,103,-14.9,-14.7,-18.6,-16.8,22.7,0.743949705,-0.0292977691,-0.660603656,-0.0962248604
611,1531248,598760,0.701,1,0.24,82.3,-16.1,-13.6,-18.6,-16.8,22.7,0.743736076,-0.0277718436,-0.661030915,-0.0952482681
612,1532569,598760,0.689,0.969,0.232,59.6,-18.9,-12.7,-18.3,-16.5,23.2,0.743461409,-0.0266731773,-0.661488693,-0.0945768609
613,1535674,598760,0.666,0.887,0.208,36.9,-23,-13.4,-18.3,-16.5,23.2,0.743125706,-0.025879696,-0.661946471,-0.0942411573
614,1537862,598760,0.705,0.832,0.179,16,-27.7,-16.6,-18.3,-16.5,23.2,0.742698447,-0.0254829554,-0.662434767,-0.0942716758
615,1540332,598770,0.756,0.781,0.158,-1.1,-32.2,-22.5,-18.3,-16.5,23.2,0.742179632,-0.0252388073,-0.662953581,-0.0946378979
616,1542535,598770,0.787,0.741,0.153,-13.7,-35.6,-30.3,-18.3,-16.7,23.2,0.74159978,-0.0250862148,-0.663533433,-0.0953093051
617,1545027,598770,0.823,0.655,0.151,-21.6,-37.2,-38.4,-18.3,-16.7,23.2,0.740958892,-0.0249641408,-0.664113285,-0.0962248604
618,1549008,598770,0.831,0.619,0.147,-26.3,-36.4,-45.3,-18.3,-16.7,23.2,0.740348521,-0.0247810297,-0.664662618,-0.0973235267
619,1551388,598780,0.846,0.588,0.138,-29.9,-33.9,-50.1,-18.3,-16.7,23.2,0.739707633,-0.0246589557,-0.665181433,-0.0985442671
620,1553735,598780,0.874,0.529,0.133,-33.6,-30.7,-52.5,-18.3,-16.9,23,0.739127781,-0.0245063631,-0.665608692,-0.099856563
621,1555474,598780,0.897,0.501,0.132,-38.3,-28,-52.7,-18.3,-16.9,23,0.738608966,-0.0244148076,-0.666005432,-0.101260414
622,1558463,598780,0.917,0.485,0.12,-43.9,-26.4,-51.2,-18.3,-16.9,23,0.738090152,-0.0244148076,-0.666371654,-0.102694784
623,1560985,598790,0.944,0.489,0.12,-50,-26.3,-47.8,-18.3,-16.9,23,0.737571337,-0.0245979186,-0.666707358,-0.104190191
624,1562934,598790,0.968,0.461,0.123,-56.7,-27.8,-42.7,-18.3,-16.9,23,0.737022004,-0.0249641408,-0.667043062,-0.105685598
625,1565225,598790,0.975,0.449,0.123,-64.1,-30.9,-35.7,-18.3,-16.9,23,0.736442152,-0.0255134739,-0.667409284,-0.107181005
626,1567497,598790,0.975,0.43,0.118,-72.7,-36.1,-27.2,-18.3,-16.9,23,0.735831782,-0.0263679922,-0.667836543,-0.108645894
627,1569999,598800,1.034,0.405,0.105,-82.2,-43.4,-18.4,-18.3,-16.9,23,0.735099338,-0.0275582141,-0.668355358,-0.110110782
628,1572489,598800,1.034,0.405,0.105,-82.2,-43.4,-18.4,-18.3,-16.9,23,0.735099338,-0.0275582141,-0.668355358,-0.110110782
629,1576990,598800,1.108,0.362,0.088,-100.4,-62.3,-4.5,-17.7,-17.3,23.5,0.733146153,-0.0302743614,-0.669820246,-0.1134373
630,1578816,598800,1.136,0.377,0.115,-107.4,-72.3,-0.3,-17.7,-17.3,23.5,0.732016968,-0.0321970275,-0.670705283,-0.114963225
631,1581291,598810,1.171,0.372,0.149,-112.9,-82.1,2.3,-17.7,-17.3,23.5,0.730735191,-0.0342112491,-0.671712394,-0.116519669
632,1583532,598810,1.178,0.375,0.157,-118.6,-91.9,4.2,-17.4,-18.1,23.1,0.729331339,-0.0364085818,-0.672841578,-0.118106632
633,1585193,598810,1.19,0.375,0.169,-126.5,-102.6,6,-17.4,-18.1,23.1,0.727713858,-0.0387890255,-0.674184393,-0.11978515
634,1589505,598810,1.241,0.32,0.105,-137.4,-114.7,7.7,-17.4,-18.1,23.1,0.725943785,-0.0413830988,-0.675618763,-0.121585742
635,1591609,598820,1.269,0.301,0.076,-150.2,-127.7,9.2,-17.4,-18.1,23.1,0.723929563,-0.0442213202,-0.677236244,-0.123538926
636,1593505,598820,1.288,0.301,0.08,-162.2,-139.8,9.7,-16.8,-18.6,23.2,0.721732231,-0.0473342082,-0.679006317,-0.125644704
637,1595042,598820,1.284,0.3,0.104,-170.4,-149.1,9.2,-16.8,-18.6,23.2,0.719351787,-0.0505691702,-0.680867946,-0.127872555
638,1597443,598820,1.37,0.292,0.039,-174.4,-154.7,7.9,-16.8,-18.6,23.2,0.716879788,-0.0538346507,-0.682790613,-0.130161443
639,1599994,598830,1.37,0.292,0.039,-174.4,-154.7,7.9,-16.8,-18.6,23.2,0.716879788,-0.0538346507,-0.682790613,-0.130161443
640,1603416,598830,1.37,0.292,0.039,-174.4,-154.7,7.9,-16.8,-18.6,23.2,0.716879788,-0.0538346507,-0.682790613,-0.130161443
641,1605524,598830,1.437,0.289,-0.027,-169.9,-154,3.8,-16.6,-19.5,23.2,0.70925016,-0.0634784997,-0.688528092,-0.137089145
642,1608314,598830,1.445,0.281,-0.047,-164.7,-147.9,4.6,-16.6,-19.5,23.2,0.706808679,-0.0665608692,-0.690328684,-0.139286477
643,1610845,598840,1.445,0.277,-0.047,-157.3,-137.9,5.9,-16.6,-19.5,23.2,0.704519791,-0.0694906461,-0.691946165,-0.141361736
644,1612905,598840,1.437,0.277,-0.051,-147.5,-123.7,6.6,-16.6,-19.5,23.2,0.702444533,-0.0722373119,-0.693380535,-0.14331492
645,1616508,598840,1.363,0.305,-0.006,-135,-105.7,6.2,-16.6,-19.5,23.2,0.700643941,-0.0747398297,-0.694570757,-0.145084994
646,1618830,598840,1.296,0.337,0.029,-121.4,-85.6,4.1,-16.6,-19.5,23.2,0.699148534,-0.0769066439,-0.695486312,-0.146702475
647,1620928,598850,1.253,0.36,0.058,-108.8,-65.6,0.4,-16.6,-19.5,23.2,0.697958312,-0.0787987915,-0.696127201,-0.148258919
648,1622484,598850,1.253,0.36,0.058,-108.8,-65.6,0.4,-16.6,-19.5,23.2,0.697958312,-0.0787987915,-0.696127201,-0.148258919
649,1626505,598850,1.187,0.404,0.044,-96.1,-36.3,-9.8,-15.9,-20.7,22.7,0.696279794,-0.0818506424,-0.696798608,-0.15131077
650,1628812,598850,1.163,0.405,0.033,-96.6,-29,-14.6,-15.9,-20.7,22.7,0.695608386,-0.0831934568,-0.696951201,-0.152958769
651,1631171,598860,1.152,0.401,0.029,-99.5,-25.6,-18,-15.9,-20.7,22.7,0.694998016,-0.0845057527,-0.697042756,-0.154698325
652,1633362,598860,1.132,0.39,0.006,-102.9,-23.9,-20.4,-16,-20.9,22.8,0.694357128,-0.0858180486,-0.697103793,-0.156529435
653,1635317,598860,1.124,0.382,-0.001,-105.5,-22.6,-22.2,-16,-20.9,22.8,0.693746757,-0.0871608631,-0.697103793,-0.158421583
654,1637597,598860,1.113,0.375,-0.001,-107,-20.9,-24,-16,-20.9,22.8,0.693136387,-0.088473159,-0.697103793,-0.160374767
655,1640989,598870,1.089,0.363,-0.009,-107.9,-18.7,-26.1,-16,-20.9,22.8,0.692556536,-0.0897854549,-0.697073275,-0.162327952
656,1642562,598870,1.085,0.352,-0.02,-108.5,-16.2,-28.2,-15.3,-21.6,22.1,0.691976684,-0.0910672323,-0.696981719,-0.164433729
657,1646606,598870,1.074,0.348,-0.024,-109.3,-13.8,-30.6,-15.3,-21.6,22.1,0.691457869,-0.0922879727,-0.696859645,-0.166508988
658,1648731,598870,1.085,0.352,-0.017,-110.8,-12,-33.1,-15.3,-21.6,22.1,0.690908536,-0.093508713,-0.696707053,-0.168675802
659,1650910,598880,1.07,0.348,-0.024,-112.9,-11,-35.6,-15.3,-21.6,22.1,0.690389721,-0.0946989349,-0.696523942,-0.170903653
660,1652544,598880,1.07,0.34,-0.036,-115.9,-10.6,-37.7,-15.6,-22.3,21.8,0.689840388,-0.0959196753,-0.696279794,-0.17322306
661,1655285,598880,1.066,0.329,-0.048,-119.8,-11,-39.5,-15.6,-22.3,21.8,0.689260537,-0.0971709342,-0.696127201,-0.175603504
662,1657608,598880,1.062,0.329,-0.044,-124.4,-12,-40.8,-15.6,-22.3,21.8,0.688680685,-0.0984527116,-0.695913572,-0.178075503
663,1661578,598890,1.082,0.305,-0.068,-129.6,-13.8,-41.8,-15.6,-22.3,21.8,0.688009278,-0.0998260445,-0.695699942,-0.180669576
664,1663661,598890,1.086,0.301,-0.072,-135,-16,-42.2,-15.6,-22.3,21.8,0.687307352,-0.101290933,-0.695486312,-0.183294168
665,1665180,598890,1.094,0.298,-0.092,-140.4,-18.3,-42.4,-15.6,-22.3,21.8,0.686544389,-0.102816858,-0.695303201,-0.186040834
666,1667392,598890,1.109,0.263,-0.12,-145.7,-20.6,-42,-15.6,-22.3,21.8,0.685720389,-0.104434339,-0.695089572,-0.188818018
667,1671405,598900,1.109,0.266,-0.116,-150,-22.2,-41,-15.6,-22.3,21.8,0.684865871,-0.106143376,-0.694906461,-0.191625721
668,1673426,598900,1.109,0.266,-0.116,-150,-22.2,-41,-15.6,-22.3,21.8,0.684865871,-0.106143376,-0.694906461,-0.191625721
669,1676227,598900,1.113,0.262,-0.112,-154.9,-23,-36.9,-15.2,-23.7,20.8,0.683126316,-0.109805597,-0.694448683,-0.197363201
670,1678534,598900,1.125,0.274,-0.112,-156.3,-22.8,-34.5,-15.2,-23.7,20.8,0.682241279,-0.111697745,-0.694204535,-0.200201422
671,1680652,598910,1.125,0.274,-0.112,-156.3,-22.8,-34.5,-15.2,-23.7,20.8,0.682241279,-0.111697745,-0.694204535,-0.200201422
672,1683530,598910,1.133,0.243,-0.12,-161.4,-23.3,-28.7,-15.2,-24.4,20.3,0.680501724,-0.115726188,-0.693624683,-0.205816828
673,1685776,598910,1.145,0.219,-0.137,-165.7,-24.6,-25.7,-15.2,-24.4,20.3,0.679586169,-0.117923521,-0.693319498,-0.208655049
674,1687869,598910,1.141,0.204,-0.141,-170.3,-26.2,-23.3,-15.2,-24.4,20.3,0.678640095,-0.120212409,-0.692983795,-0.211493271
675,1690024,598920,1.157,0.18,-0.161,-174.4,-27.8,-22.6,-15.2,-24.4,20.3,0.677632984,-0.122562334,-0.692648091,-0.214392529
676,1693275,598920,1.168,0.176,-0.169,-177,-28.7,-23.6,-14.9,-25.3,19.8,0.676625874,-0.124973296,-0.692281869,-0.217352824
677,1695289,598920,1.188,0.172,-0.165,-177.4,-28.4,-26.2,-14.9,-25.3,19.8,0.675588244,-0.127323222,-0.691946165,-0.220343638
678,1697604,598920,1.196,0.156,-0.17,-175.7,-26.8,-29.3,-14.9,-25.3,19.8,0.674550615,-0.12961211,-0.691579943,-0.223334452
679,1700773,598930,1.207,0.148,-0.166,-172.4,-23.9,-32.1,-14.9,-25.3,19.8,0.673543504,-0.131778924,-0.691152684,-0.226355785
680,1702838,598930,1.188,0.148,-0.138,-167.9,-20,-33.5,-15.2,-25.8,19.5,0.672566912,-0.133823664,-0.690725425,-0.22931608
681,1705011,598930,1.18,0.144,-0.13,-162.7,-15.9,-33.9,-15.2,-25.8,19.5,0.671681875,-0.135776849,-0.690237129,-0.232215339
682,1707988,598930,1.176,0.148,-0.122,-157,-11.7,-33.4,-15.2,-25.8,19.5,0.670857875,-0.137638478,-0.689718314,-0.235023041
683,1711172,598940,1.156,0.16,-0.102,-150.9,-7.7,-32.6,-15.2,-25.8,19.5,0.670125431,-0.139408551,-0.689138462,-0.237769707
684,1713545,598940,1.101,0.191,-0.07,-144.9,-4,-31.4,-15.2,-25.8,19.5,0.669454024,-0.141056551,-0.688528092,-0.240394299
685,1715670,598940,1.078,0.207,-0.061,-139.3,-1,-30.3,-15.2,-25.8,19.5,0.668843654,-0.142643513,-0.687917722,-0.242927335
686,1718461,598940,1.066,0.215,-0.045,-134.8,1.1,-29.6,-15.2,-25.8,19.5,0.668294321,-0.144169439,-0.687276833,-0.245338298
687,1721248,598950,1.039,0.235,-0.033,-131.7,2.3,-29.3,-15.2,-25.8,19.5,0.667744987,-0.145634327,-0.686635945,-0.247779778
688,1723507,598950,1.039,0.235,-0.033,-131.7,2.3,-29.3,-15.2,-25.8,19.5,0.667744987,-0.145634327,-0.686635945,-0.247779778
689,1725309,598950,1.015,0.247,-0.032,-127.5,2.3,-29.2,-15,-27.4,18.2,0.666493728,-0.148380993,-0.68550676,-0.252540666
690,1729008,598950,1.004,0.255,-0.024,-124.9,1.7,-29,-15,-27.4,18.2,0.665944395,-0.149754326,-0.68489639,-0.254860073
691,1731203,598960,0.992,0.274,-0.02,-121.3,1.1,-28.8,-15,-27.4,18.2,0.665425581,-0.15109714,-0.684286019,-0.257087924
692,1733437,598960,0.98,0.278,-0.023,-116.7,0.5,-28.5,-15.2,-27.9,17.9,0.664876247,-0.152348399,-0.683706168,-0.259254738
693,1734885,598960,0.968,0.29,-0.027,-111.5,0,-28.1,-15.2,-27.9,17.9,0.664326914,-0.153538621,-0.683187353,-0.261329997
694,1738193,598960,0.964,0.314,-0.027,-106.2,-0.4,-27.4,-15.2,-27.9,17.9,0.6638081,-0.154667806,-0.682668538,-0.263283181
695,1740987,598970,0.957,0.326,-0.026,-101.2,-0.4,-26.9,-15.2,-27.9,17.9,0.663319803,-0.155735954,-0.682180242,-0.265205847
696,1742336,598970,0.953,0.33,-0.034,-96.7,0.1,-26.4,-14.9,-28.1,17,0.662831507,-0.156743065,-0.681722465,-0.267006439
697,1745544,598970,0.957,0.342,-0.042,-93.2,1.4,-25.9,-14.9,-28.1,17,0.66237373,-0.157719657,-0.681234169,-0.268776513
698,1748430,598970,0.921,0.377,-0.025,-90.6,3.2,-25.6,-14.9,-28.1,17,0.661976989,-0.158604694,-0.680745872,-0.270516068
699,1749837,598980,0.914,0.374,-0.033,-88.8,5.4,-25.9,-14.9,-28.1,17,0.661580248,-0.159489731,-0.680227058,-0.272225105
700,1753004,598980,0.914,0.389,-0.029,-87.8,7.6,-26.3,-14.6,-28.5,16.7,0.661244545,-0.16031373,-0.679677725,-0.273903623
701,1756013,598980,0.882,0.413,-0.024,-87.7,9.4,-27.2,-14.6,-28.5,16.7,0.660908841,-0.161107212,-0.679128391,-0.275673696
702,1757640,598980,0.878,0.429,-0.032,-88.8,10.6,-28.4,-14.6,-28.5,16.7,0.660573138,-0.161931211,-0.678518021,-0.277413251
703,1760804,598990,0.878,0.437,-0.024,-91,10.9,-30.1,-14.6,-28.5,16.7,0.660237434,-0.162724693,-0.677938169,-0.279244362
704,1763533,598990,0.89,0.445,-0.035,-94.7,10.4,-32.2,-14.6,-28.5,16.7,0.659840693,-0.163548692,-0.677297281,-0.281136509
705,1764902,598990,0.91,0.444,-0.04,-99.8,8.9,-34.4,-14.6,-28.5,16.7,0.659413434,-0.164403211,-0.676686911,-0.283150731
706,1767747,598990,0.91,0.444,-0.04,-99.8,8.9,-34.4,-14.6,-28.5,16.7,0.659413434,-0.164403211,-0.676686911,-0.283150731
707,1770772,599000,0.91,0.444,-0.04,-99.8,8.9,-34.4,-14.6,-28.5,16.7,0.659413434,-0.164403211,-0.676686911,-0.283150731
708,1773370,599000,0.91,0.444,-0.04,-99.8,8.9,-34.4,-14.6,-28.5,16.7,0.659413434,-0.164403211,-0.676686911,-0.283150731
709,1776473,599000,0.945,0.354,-0.081,-126.5,2.1,-38.7,-14.6,-29,16.1,0.656605731,-0.168187506,-0.674398022,-0.292733543
710,1777706,599000,0.953,0.339,-0.081,-131,1.6,-39.2,-14.6,-29,16.1,0.655903806,-0.169499802,-0.673665578,-0.295236061
711,1780572,599010,0.957,0.323,-0.085,-134,1.5,-39.8,-14.6,-29,16.1,0.655171361,-0.170812098,-0.672933134,-0.297799615
712,1783453,599010,0.957,0.292,-0.089,-135.7,1.5,-40.2,-14.5,-29.7,15.2,0.654408399,-0.172154912,-0.672170171,-0.30036317
713,1784862,599010,0.953,0.284,-0.093,-136.9,1.5,-40.2,-14.5,-29.7,15.2,0.653675954,-0.173497726,-0.671407208,-0.302957244
714,1787830,599010,0.953,0.272,-0.09,-138,1.4,-39.9,-14.5,-29.7,15.2,0.652882473,-0.174871059,-0.670613727,-0.305551317
715,1790721,599020,0.953,0.256,-0.086,-138.9,1.1,-39.3,-14.5,-29.7,15.2,0.65211951,-0.176274911,-0.669820246,-0.30814539
716,1793562,599020,0.953,0.244,-0.09,-139.8,0.5,-38.3,-14.4,-30.3,15.1,0.651326029,-0.177709281,-0.669026765,-0.310739463
717,1794891,599020,0.953,0.237,-0.09,-140.8,-0.1,-37.3,-14.4,-30.3,15.1,0.650532548,-0.179143651,-0.668202765,-0.313303018
718,1797991,599020,0.949,0.233,-0.09,-141.9,-1.1,-36.1,-14.4,-30.3,15.1,0.649708548,-0.180639058,-0.667409284,-0.315897092
719,1800828,599030,0.949,0.229,-0.086,-143,-2.1,-35.1,-14.4,-30.3,15.1,0.64885403,-0.182164983,-0.666585284,-0.318460646
720,1803775,599030,0.949,0.221,-0.094,-144.1,-3.4,-34.1,-14.2,-30.4,13.9,0.647999512,-0.183751946,-0.665761284,-0.321024201
721,1805115,599030,0.949,0.217,-0.098,-145,-4.8,-33.2,-14.2,-30.4,13.9,0.647114475,-0.185338908,-0.664937284,-0.323587756
722,1808002,599030,0.949,0.213,-0.098,-145.8,-6.5,-32.2,-14.2,-30.4,13.9,0.64619892,-0.186986908,-0.664113285,-0.326120792
723,1811021,599040,0.941,0.217,-0.094,-146.3,-8.1,-31.3,-14.2,-30.4,13.9,0.645252846,-0.188634907,-0.663319803,-0.328653829
724,1812476,599040,0.941,0.213,-0.098,-146.1,-9.4,-30.4,-14.2,-30.4,13.9,0.644276254,-0.190343944,-0.662526322,-0.331156346
725,1815569,599040,0.941,0.213,-0.098,-145.6,-10.5,-29.6,-14.2,-30.4,13.9,0.643299661,-0.192022462,-0.661732841,-0.333628346
726,1818195,599040,0.938,0.221,-0.106,-144.7,-11.3,-28.8,-14.2,-30.4,13.9,0.642323069,-0.193731498,-0.660969878,-0.336069826
727,1821098,599050,0.938,0.217,-0.11,-143.6,-12,-28.2,-14.2,-30.4,13.9,0.641346477,-0.195410016,-0.660206915,-0.338480789
728,1822582,599050,0.938,0.217,-0.11,-143.6,-12,-28.2,-14.2,-30.4,13.9,0.641346477,-0.195410016,-0.660206915,-0.338480789
729,1825700,599050,0.942,0.221,-0.113,-141.2,-12.7,-27.6,-13.8,-31.8,13.2,0.638660848,-0.198828089,-0.659443953,-0.342997528
730,1827735,599050,0.949,0.229,-0.11,-139.8,-12.7,-27.9,-13.8,-31.8,13.2,0.637653737,-0.200476089,-0.65868099,-0.345347453
731,1830747,599060,0.945,0.229,-0.11,-138.2,-12.4,-28.4,-13.8,-31.8,13.2,0.636677145,-0.202063051,-0.657948546,-0.347697378
732,1832422,599060,0.938,0.233,-0.101,-136.6,-12,-29,-13.8,-32.3,12.2,0.635670034,-0.203650014,-0.657185583,-0.349986267
733,1835666,599060,0.941,0.237,-0.105,-135.3,-11.6,-29.5,-13.8,-32.3,12.2,0.634662923,-0.205175939,-0.656453139,-0.352275155
734,1837465,599060,0.945,0.245,-0.098,-134.6,-11.2,-29.9,-13.8,-32.3,12.2,0.633655812,-0.206701865,-0.655720695,-0.354594562
735,1841446,599070,0.945,0.245,-0.098,-134.7,-11.2,-30.1,-13.8,-32.3,12.2,0.63267922,-0.20822779,-0.654957732,-0.35688345
736,1843269,599070,0.945,0.241,-0.102,-135.7,-11.2,-30.3,-13.9,-32.6,11.9,0.631641591,-0.209753716,-0.654194769,-0.359172338
737,1846724,599070,0.953,0.233,-0.106,-137.5,-11.6,-30.4,-13.9,-32.6,11.9,0.630603961,-0.21131016,-0.653401288,-0.361491745
738,1848511,599070,0.965,0.225,-0.114,-139.9,-12.2,-30.8,-13.9,-32.6,11.9,0.629535813,-0.212897122,-0.652607807,-0.363872188
739,1850107,599080,0.961,0.233,-0.106,-142.4,-13.1,-31.2,-13.9,-32.6,11.9,0.628437147,-0.214484085,-0.651814325,-0.366252632
740,1853446,599080,0.965,0.209,-0.106,-145,-14.1,-31.6,-13.7,-33.2,11.1,0.627307962,-0.216162603,-0.650990326,-0.368694113
741,1855419,599080,0.965,0.205,-0.102,-147.4,-15.4,-31.7,-13.7,-33.2,11.1,0.626148259,-0.217841121,-0.650166326,-0.371135594
742,1857785,599080,0.965,0.201,-0.095,-149.8,-17,-31.7,-13.7,-33.2,11.1,0.624927519,-0.219580676,-0.649311808,-0.373607593
743,1859865,599090,0.969,0.19,-0.103,-152.3,-19.3,-31.4,-13.7,-33.2,11.1,0.623645741,-0.221350749,-0.648487808,-0.376110111
744,1863592,599090,0.984,0.177,-0.095,-154.9,-22.1,-31,-13.7,-33.2,11.1,0.622333445,-0.223212378,-0.647663808,-0.378612629
745,1864988,599090,0.992,0.162,-0.099,-157.4,-25.3,-30.6,-13.7,-33.2,11.1,0.620960112,-0.225135044,-0.646839808,-0.381115146
746,1868416,599090,1.004,0.158,-0.1,-159.7,-28.6,-30.4,-13.7,-33.2,11.1,0.619495224,-0.227088229,-0.646046327,-0.383648183
747,1870118,599100,1.016,0.146,-0.092,-161.5,-31.5,-30.1,-13.7,-33.2,11.1,0.617999817,-0.229102451,-0.645283364,-0.386181219
748,1874045,599100,1.016,0.146,-0.092,-161.5,-31.5,-30.1,-13.7,-33.2,11.1,0.617999817,-0.229102451,-0.645283364,-0.386181219
749,1875977,599100,1.043,0.122,-0.109,-163.9,-35.9,-29.2,-12.8,-33.3,9.6,0.614368114,-0.23383282,-0.644398328,-0.390606403
750,1877870,599100,1.051,0.106,-0.121,-164.5,-37.2,-28.8,-12.8,-33.3,9.6,0.612750633,-0.235938597,-0.643635365,-0.393108921
751,1880227,599110,1.055,0.079,-0.113,-164.6,-37.6,-28.5,-12.8,-33.3,9.6,0.611133152,-0.238074892,-0.642872402,-0.395611438
752,1882524,599110,1.067,0.067,-0.125,-163.6,-36.9,-28.6,-12.6,-33.8,9,0.609485153,-0.24018067,-0.642109439,-0.398083438
753,1884921,599110,1.082,0.063,-0.13,-161,-35.1,-29.3,-12.6,-33.8,9,0.60789819,-0.242194891,-0.641315958,-0.400555437
754,1888496,599110,1.098,0.055,-0.122,-157.1,-32.2,-30.5,-12.6,-33.8,9,0.606341746,-0.244148076,-0.640522477,-0.402966399
755,1890262,599120,1.102,0.047,-0.13,-152,-28.2,-32.3,-12.6,-33.8,9,0.604846339,-0.245948668,-0.639728996,-0.405377361
756,1893463,599120,1.11,0.043,-0.126,-146.2,-23.2,-33.8,-12.3,-34.5,8.1,0.603442488,-0.247596667,-0.638935514,-0.407727287
757,1894848,599120,1.11,0.043,-0.13,-140,-17.7,-35,-12.3,-34.5,8.1,0.602130192,-0.249122593,-0.638111515,-0.410046693
758,1898625,599120,1.055,0.059,-0.102,-133.5,-12,-35.3,-12.3,-34.5,8.1,0.600909452,-0.250465407,-0.637256996,-0.412305063
759,1900078,599130,1.047,0.071,-0.098,-127,-6.8,-35,-12.3,-34.5,8.1,0.599810785,-0.251716666,-0.636402478,-0.414502396
760,1902514,599130,1.043,0.082,-0.09,-121.1,-2.7,-33.6,-12,-34.1,7.5,0.598803674,-0.25287637,-0.635517441,-0.416608173
761,1905883,599130,1.047,0.106,-0.097,-116.3,-0.6,-31.6,-12,-34.1,7.5,0.597857601,-0.253944517,-0.634632405,-0.418622394
762,1907567,599130,1.047,0.114,-0.105,-113.4,-0.3,-29.6,-12,-34.1,7.5,0.596942045,-0.255043184,-0.633777886,-0.420575579
763,1911501,599140,1.051,0.114,-0.093,-112.1,-1.1,-28.1,-12,-34.1,7.5,0.596057009,-0.256111332,-0.632923368,-0.422498245
764,1912975,599140,1.055,0.122,-0.101,-111.9,-2.2,-27.4,-12,-34.1,7.5,0.595141453,-0.257209998,-0.63206885,-0.424359874
765,1916660,599140,1.067,0.118,-0.105,-111.9,-3.2,-27.4,-12,-34.1,7.5,0.594225898,-0.258278146,-0.631214331,-0.426252022
766,1918513,599140,1.07,0.118,-0.105,-111.9,-3.9,-27.7,-12,-34.1,7.5,0.593279824,-0.259407331,-0.630390332,-0.428144169
767,1920103,599150,1.07,0.122,-0.101,-111.3,-4.3,-28,-12,-34.1,7.5,0.592303232,-0.260505997,-0.629566332,-0.430005799
768,1922549,599150,1.07,0.122,-0.101,-111.3,-4.3,-28,-12,-34.1,7.5,0.592303232,-0.260505997,-0.629566332,-0.430005799
769,1925345,599150,1.086,0.121,-0.102,-108.9,-4.6,-28.5,-11.6,-34.8,6.5,0.590197455,-0.263191626,-0.628315073,-0.433088168
770,1927510,599150,1.09,0.121,-0.102,-107.4,-4.5,-28.7,-11.6,-34.8,6.5,0.589251381,-0.264229255,-0.627521592,-0.43488876
771,1930863,599160,1.086,0.117,-0.094,-105.8,-4.4,-28.7,-11.6,-34.8,6.5,0.588305307,-0.265236366,-0.626728111,-0.436689352
772,1932920,599160,1.098,0.121,-0.09,-104.3,-4.4,-28.4,-11.5,-35.1,5.8,0.587359233,-0.266243477,-0.625965148,-0.438459426
773,1936705,599160,1.102,0.121,-0.086,-102.9,-4.5,-28.1,-11.5,-35.1,5.8,0.586443678,-0.267220069,-0.625202185,-0.440198981
774,1939034,599160,1.098,0.121,-0.082,-101.7,-4.8,-27.6,-11.5,-35.1,5.8,0.585497604,-0.268166143,-0.624439222,-0.441877499
775,1941409,599170,1.102,0.117,-0.082,-100.6,-4.9,-27,-11.5,-35.1,5.8,0.584582049,-0.269142735,-0.62367626,-0.443586535
776,1943747,599170,1.102,0.113,-0.075,-99.8,-5,-26.5,-11,-35.5,5.1,0.583666494,-0.270119327,-0.622943815,-0.445265053
777,1946189,599170,1.109,0.117,-0.079,-99.4,-4.9,-26.4,-11,-35.5,5.1,0.582781457,-0.271065401,-0.622180853,-0.446913053
778,1948548,599170,1.102,0.117,-0.071,-99,-4.9,-26.4,-11,-35.5,5.1,0.581865902,-0.272011475,-0.621448408,-0.448561052
779,1950225,599180,1.094,0.109,-0.071,-98.5,-4.7,-26.5,-11,-35.5,5.1,0.580950346,-0.272957549,-0.620685446,-0.450209052
780,1952335,599180,1.098,0.113,-0.063,-98,-4.3,-26.7,-11.1,-35.3,4.8,0.580034791,-0.273873104,-0.619953001,-0.451857051
781,1955952,599180,1.082,0.109,-0.063,-97.2,-3.8,-26.8,-11.1,-35.3,4.8,0.579149754,-0.274758141,-0.619190039,-0.453474532
782,1958003,599180,1.078,0.109,-0.062,-96.2,-3.4,-27,-11.1,-35.3,4.8,0.578234199,-0.275643178,-0.618457595,-0.455092013
783,1959879,599190,1.07,0.109,-0.051,-95,-3.1,-27,-11.1,-35.3,4.8,0.577349162,-0.276528214,-0.617694632,-0.456709494
784,1963417,599190,1.07,0.105,-0.047,-93.5,-3.1,-26.6,-11.1,-35.3,4.8,0.576494644,-0.277382733,-0.616962188,-0.458265938
785,1964908,599190,1.07,0.113,-0.043,-91.8,-3.1,-26.1,-11.1,-35.3,4.8,0.575640126,-0.278206732,-0.616260262,-0.459822382
786,1968428,599190,1.055,0.113,-0.031,-89.9,-3.3,-25.5,-11.1,-35.3,4.8,0.574785607,-0.279030732,-0.615527818,-0.461317789
787,1970237,599200,1.055,0.113,-0.023,-88,-3.3,-25.1,-11.1,-35.3,4.8,0.573931089,-0.279824213,-0.61485641,-0.462813196
788,1973283,599200,1.055,0.113,-0.023,-88,-3.3,-25.1,-11.1,-35.3,4.8,0.573931089,-0.279824213,-0.61485641,-0.462813196
789,1974928,599200,1.047,0.117,-0.019,-84.3,-2.8,-25,-10.4,-35.7,3.5,0.572313608,-0.282235176,-0.613757744,-0.464796899
790,1978398,599200,1.043,0.121,-0.011,-82.5,-2.5,-25.1,-10.4,-35.7,3.5,0.571520127,-0.28296762,-0.613116855,-0.466200751
791,1980190,599210,1.039,0.117,-0.007,-80.9,-2.3,-25.5,-10.4,-35.7,3.5,0.570726646,-0.283669546,-0.612475967,-0.467574084
792,1983586,599210,1.039,0.12,-0.003,-79.2,-2,-26,-10,-35.9,3.1,0.569933164,-0.284310434,-0.611865596,-0.468947417
793,1985417,599210,1.031,0.117,0.004,-77.6,-1.6,-26.6,-10,-35.9,3.1,0.569170202,-0.284951323,-0.611255226,-0.470290231
794,1987679,599210,1.031,0.12,0.008,-75.9,-0.9,-27.1,-10,-35.9,3.1,0.568407239,-0.285531175,-0.610644856,-0.471633045
795,1989960,599220,1.027,0.12,0.008,-74.3,-0.3,-27.5,-10,-35.9,3.1,0.567644276,-0.286080508,-0.610065004,-0.47297586
796,1993662,599220,1.015,0.124,0.016,-72.7,0.3,-27.8,-9.7,-35.9,2.5,0.566911832,-0.286629841,-0.609485153,-0.474288156
797,1995792,599220,1.011,0.128,0.016,-71.2,1,-27.9,-9.7,-35.9,2.5,0.566179388,-0.287118137,-0.608905301,-0.475569933
798,1997604,599220,1,0.136,0.028,-69.9,1.9,-28,-9.7,-35.9,2.5,0.565477462,-0.287575915,-0.608325449,-0.476882229
799,2001210,599230,0.992,0.136,0.028,-68.8,2.5,-27.7,-9.7,-35.9,2.5,0.564806055,-0.288033692,-0.607745598,-0.478133488
800,2002840,599230,0.984,0.148,0.033,-67.7,2.8,-27.5,-9.8,-36.2,2.7,0.564104129,-0.28849147,-0.607196265,-0.479384747
801,2005032,599230,0.98,0.152,0.033,-66.7,2.8,-27.1,-9.8,-36.2,2.7,0.56346324,-0.288918729,-0.606616413,-0.480636006
802,2008699,599230,0.976,0.152,0.037,-66,2.7,-26.6,-9.8,-36.2,2.7,0.562791833,-0.289345988,-0.60606708,-0.481856746
803,2009943,599240,0.968,0.16,0.037,-65.4,2.4,-25.9,-9.8,-36.2,2.7,0.562120426,-0.289773247,-0.605517747,-0.483046968
804,2013235,599240,0.957,0.137,0.037,-64.8,2.1,-25.3,-9.8,-36.2,2.7,0.561479537,-0.290200507,-0.604968413,-0.48423719
805,2015426,599240,0.96,0.144,0.033,-63.8,1.7,-24.7,-9.8,-36.2,2.7,0.560838649,-0.290658284,-0.60441908,-0.485396893
806,2017523,599240,0.964,0.16,0.037,-61.9,1.3,-24.8,-9.8,-36.2,2.7,0.56019776,-0.291055025,-0.603900266,-0.486526078
807,2020307,599250,0.964,0.16,0.041,-59,0.8,-25.7,-9.8,-36.2,2.7,0.559556871,-0.291421247,-0.603411969,-0.487624744
808,2023439,599250,0.964,0.16,0.041,-59,0.8,-25.7,-9.8,-36.2,2.7,0.559556871,-0.291421247,-0.603411969,-0.487624744
809,2024855,599250,0.976,0.183,0.045,-51.4,0.2,-29.3,-9.7,-36.6,2.2,0.558336131,-0.292245247,-0.602740562,-0.489364299
810,2027828,599250,0.98,0.191,0.045,-47.9,0.1,-30.8,-9.7,-36.6,2.2,0.557725761,-0.292428358,-0.602404859,-0.49037141
811,2030949,599260,0.988,0.199,0.053,-45.3,0.3,-31.3,-9.7,-36.6,2.2,0.557084872,-0.29258095,-0.602130192,-0.491378521
812,2032358,599260,0.988,0.207,0.057,-43.9,0.7,-30.8,-9.6,-36.2,2,0.55650502,-0.292703024,-0.601825007,-0.492324595
813,2035692,599260,0.988,0.207,0.061,-43.8,1.2,-29.2,-9.6,-36.2,2,0.555925169,-0.292825098,-0.601519822,-0.493270669
814,2037585,599260,0.988,0.21,0.057,-44.7,1.6,-26.9,-9.6,-36.2,2,0.555345317,-0.293008209,-0.601214637,-0.494186224
815,2041302,599270,0.98,0.207,0.053,-46.3,1.8,-24.3,-9.6,-36.2,2,0.554826502,-0.293221839,-0.600848415,-0.495101779
816,2044022,599270,0.976,0.195,0.053,-48.2,2.1,-21.8,-9.2,-36.5,1.7,0.554307688,-0.293496506,-0.600421155,-0.496017335
817,2046164,599270,0.972,0.195,0.057,-50.3,2.4,-19.4,-9.2,-36.5,1.7,0.553819391,-0.293832209,-0.599993896,-0.49693289
818,2048285,599270,0.964,0.175,0.061,-52,2.9,-17.5,-9.2,-36.5,1.7,0.553331095,-0.294198431,-0.5995056,-0.497848445
819,2051433,599280,0.964,0.179,0.053,-53.3,3.3,-16.4,-9.2,-36.5,1.7,0.552842799,-0.294595172,-0.598986785,-0.498764
820,2052712,599280,0.96,0.172,0.053,-53.9,3.4,-15.9,-9,-36.3,1.4,0.552354503,-0.294991913,-0.598437452,-0.499679556
821,2055711,599280,0.964,0.172,0.057,-53.9,3.5,-16.2,-9,-36.3,1.4,0.551896725,-0.295388653,-0.597918638,-0.500595111
822,2058778,599280,0.964,0.164,0.049,-53.7,3.3,-16.8,-9,-36.3,1.4,0.551408429,-0.295785394,-0.597399823,-0.501510666
823,2060119,599290,0.972,0.16,0.053,-53.4,3.1,-17.5,-9,-36.3,1.4,0.550889615,-0.296151616,-0.596881008,-0.50245674
824,2062380,599290,0.972,0.16,0.053,-53.3,2.8,-17.9,-9,-36.3,1.4,0.550401318,-0.296548357,-0.596392712,-0.503372295
825,2066450,599290,0.98,0.152,0.048,-53.1,2.7,-18.3,-9,-36.3,1.4,0.549882504,-0.296914579,-0.595904416,-0.504318369
826,2068569,599290,0.98,0.148,0.044,-53,2.6,-18.5,-9,-36.3,1.4,0.549363689,-0.297280801,-0.595385601,-0.505233924
827,2070949,599300,0.984,0.144,0.044,-52.6,2.8,-18.6,-9,-36.3,1.4,0.548875393,-0.297616504,-0.594897305,-0.50614948
828,2073335,599300,0.984,0.144,0.044,-52.6,2.8,-18.6,-9,-36.3,1.4,0.548875393,-0.297616504,-0.594897305,-0.50614948
829,2075197,599300,0.996,0.128,0.044,-51,3.3,-17.9,-8.5,-36.9,0.2,0.54811243,-0.299233985,-0.593951231,-0.50715659
830,2078784,599300,0.992,0.128,0.06,-49.7,3.6,-17.4,-8.5,-36.9,0.2,0.547624134,-0.299569689,-0.593462935,-0.508041627
831,2080943,599310,0.992,0.124,0.052,-48.3,3.9,-16.5,-8.5,-36.9,0.2,0.547196875,-0.299874874,-0.593005158,-0.508865627
832,2082858,599310,0.992,0.12,0.056,-46.8,4.1,-15.8,-7.9,-36.7,0.5,0.546769616,-0.300180059,-0.592516861,-0.509689627
833,2085754,599310,0.996,0.12,0.063,-45.1,4.4,-14.9,-7.9,-36.7,0.5,0.546342357,-0.300485244,-0.592059084,-0.510483108
834,2089340,599310,0.996,0.12,0.063,-43.2,4.7,-14.1,-7.9,-36.7,0.5,0.545976135,-0.300759911,-0.591631825,-0.511246071
835,2091735,599320,0.992,0.116,0.063,-41.3,4.8,-13.3,-7.9,-36.7,0.5,0.545609912,-0.301034577,-0.591204566,-0.511978515
836,2093824,599320,0.996,0.124,0.067,-39.3,4.9,-12.5,-7.8,-37,-0.1,0.545274209,-0.301248207,-0.590777306,-0.512649922
837,2096229,599320,0.992,0.12,0.071,-37.3,4.9,-11.8,-7.8,-37,-0.1,0.544969024,-0.301522874,-0.590380566,-0.513321329
838,2098379,599320,0.992,0.124,0.067,-35.4,4.9,-10.9,-7.8,-37,-0.1,0.544663839,-0.301736503,-0.589983825,-0.5139317
839,2100338,599330,0.992,0.124,0.071,-33.3,5,-10.1,-7.8,-37,-0.1,0.544389172,-0.301950133,-0.589617603,-0.514511551
840,2102621,599330,0.992,0.128,0.079,-31.3,5,-9.2,-7.8,-37,0,0.544145024,-0.302163762,-0.589281899,-0.515060884
841,2106393,599330,0.992,0.128,0.079,-29.1,5.2,-8.3,-7.8,-37,0,0.543931394,-0.302316355,-0.588946196,-0.515579699
842,2108457,599330,0.992,0.132,0.079,-26.8,5.3,-7.3,-7.8,-37,0,0.543748283,-0.302499466,-0.588610492,-0.516037477
843,2110854,599340,0.984,0.14,0.083,-24.5,5.5,-6.3,-7.8,-37,0,0.543595691,-0.302652058,-0.588305307,-0.516464736
844,2112816,599340,0.988,0.147,0.083,-22.3,5.8,-5.4,-7.8,-37,0,0.543443098,-0.302774133,-0.588030641,-0.516861476
845,2115278,599340,0.984,0.147,0.084,-20.3,6,-4.6,-7.8,-37,0,0.543351543,-0.302896207,-0.587755974,-0.517227699
846,2118600,599340,0.98,0.151,0.088,-18.4,6.1,-3.9,-7.8,-37,0,0.543259987,-0.302987762,-0.587511826,-0.517532884
847,2120878,599350,0.98,0.159,0.084,-16.5,6,-3.1,-7.8,-37,0,0.54319895,-0.303079318,-0.587267678,-0.517838069
848,2122936,599350,0.98,0.159,0.084,-16.5,6,-3.1,-7.8,-37,0,0.54319895,-0.303079318,-0.587267678,-0.517838069
849,2125053,599350,0.98,0.163,0.084,-13.6,5.6,-2.1,-7.9,-37,0,0.543748283,-0.304849391,-0.586565752,-0.517014069
850,2128395,599350,0.984,0.171,0.092,-12.3,5.4,-1.6,-7.9,-37,0,0.543717765,-0.304910428,-0.586382641,-0.517227699
851,2130603,599360,0.98,0.171,0.092,-11,5.2,-1.1,-7.9,-37,0,0.543687246,-0.304971465,-0.58619953,-0.51741081
852,2133694,599360,0.972,0.163,0.08,-9.7,5,-0.7,-8,-36.9,-0.3,0.543687246,-0.305001984,-0.586046937,-0.517563402
853,2135929,599360,0.968,0.167,0.088,-8.4,4.9,-0.3,-8,-36.9,-0.3,0.543687246,-0.305063021,-0.585894345,-0.517715995
854,2137943,599360,0.968,0.167,0.092,-7,4.5,0,-8,-36.9,-0.3,0.543687246,-0.305093539,-0.585741752,-0.517838069
855,2139866,599370,0.972,0.167,0.084,-5.3,4.1,0,-8,-36.9,-0.3,0.543717765,-0.305093539,-0.585650197,-0.517929624
856,2142500,599370,0.968,0.148,0.084,-3.2,3.5,-0.3,-7.9,-36.8,-0.3,0.543748283,-0.305093539,-0.585558641,-0.517990661
857,2147265,599370,0.964,0.14,0.084,-0.9,3,-0.7,-7.9,-36.8,-0.3,0.543748283,-0.305063021,-0.585528123,-0.518051698
858,2147566,599370,0.964,0.14,0.088,1.7,2.5,-1.5,-7.9,-36.8,-0.3,0.543778802,-0.305001984,-0.585528123,-0.518051698
859,2149995,599380,0.976,0.155,0.084,5.1,1.9,-2.4,-7.9,-36.8,-0.3,0.54380932,-0.30487991,-0.585558641,-0.51802118
860,2152468,599380,0.972,0.163,0.076,9.2,1.2,-3.6,-7.9,-36.9,-0.2,0.543870357,-0.304696799,-0.585680715,-0.517960143
861,2156968,599380,0.98,0.179,0.076,13.5,0.6,-4.8,-7.9,-36.9,-0.2,0.543900876,-0.304483169,-0.585863826,-0.517838069
862,2159736,599380,0.98,0.191,0.088,17.4,0.3,-5.5,-7.9,-36.9,-0.2,0.543931394,-0.304177984,-0.586107974,-0.517685476
863,2160137,599390,0.988,0.206,0.084,20.3,0.5,-5.4,-7.9,-36.9,-0.2,0.54402295,-0.303872799,-0.586352123,-0.517502365
864,2162855,599390,0.98,0.222,0.092,22.2,1.1,-4.3,-7.9,-36.9,-0.2,0.544145024,-0.303537095,-0.586626789,-0.517288736
865,2165145,599390,0.98,0.214,0.092,23,1.8,-2.2,-7.9,-36.9,-0.2,0.544297617,-0.303201392,-0.586870937,-0.517014069
866,2168924,599390,0.972,0.214,0.092,22.6,2.6,0.6,-7.9,-36.9,-0.2,0.544480728,-0.302926725,-0.587084567,-0.516739402
867,2171345,599400,0.964,0.246,0.089,21.4,3.1,3.5,-7.9,-36.9,-0.2,0.544724876,-0.302682577,-0.587267678,-0.516434217
868,2173490,599400,0.964,0.246,0.089,21.4,3.1,3.5,-7.9,-36.9,-0.2,0.544724876,-0.302682577,-0.587267678,-0.516434217
869,2175226,599400,0.952,0.238,0.097,18.3,3.4,8.1,-8,-36.7,0,0.545335246,-0.302957244,-0.587542344,-0.515335551
870,2177624,599400,0.948,0.238,0.093,16.6,3.2,9.8,-8,-36.7,0,0.545579394,-0.30283517,-0.5876339,-0.515030366
871,2179958,599410,0.937,0.234,0.097,14.6,2.8,11,-8,-36.7,0,0.54585406,-0.302774133,-0.587694937,-0.514725181
872,2182456,599410,0.937,0.234,0.097,12.7,2.3,11.7,-8.2,-37,0.2,0.546098209,-0.302743614,-0.587725455,-0.514450514
873,2186124,599410,0.937,0.234,0.093,11,1.7,11.5,-8.2,-37,0.2,0.546311838,-0.302743614,-0.587755974,-0.514175848
874,2188732,599410,0.941,0.238,0.093,10.1,1.1,10.7,-8.2,-37,0.2,0.546525468,-0.302743614,-0.587786493,-0.5139317
875,2190882,599420,0.945,0.234,0.089,9.7,0.4,9.4,-8.2,-37,0.2,0.546708579,-0.302743614,-0.587817011,-0.513687551
876,2192770,599420,0.945,0.226,0.093,9.7,-0.1,8.1,-8.2,-37,0,0.546861171,-0.302743614,-0.587878048,-0.513473922
877,2195159,599420,0.948,0.23,0.089,10,-0.3,7.1,-8.2,-37,0,0.546983245,-0.302713095,-0.587939085,-0.513260292
878,2198322,599420,0.945,0.226,0.089,10.7,-0.2,6.6,-8.2,-37,0,0.547135838,-0.302652058,-0.588030641,-0.513016144
879,2200341,599430,0.948,0.222,0.089,11.6,0.2,6.3,-8.2,-37,0,0.54728843,-0.30262154,-0.588122196,-0.512802515
880,2202651,599430,0.948,0.226,0.085,12.7,0.8,6.3,-8.3,-36.7,0.4,0.547441023,-0.302529984,-0.588213752,-0.512558367
881,2206101,599430,0.948,0.23,0.085,13.8,1.3,6.3,-8.3,-36.7,0.4,0.547624134,-0.302438429,-0.588305307,-0.512314219
882,2207559,599430,0.945,0.226,0.093,14.7,1.6,6.4,-8.3,-36.7,0.4,0.547807245,-0.302316355,-0.588396863,-0.51207007
883,2210786,599440,0.948,0.226,0.093,15.6,1.9,6.4,-8.3,-36.7,0.4,0.548020875,-0.302194281,-0.588518937,-0.511795404
884,2213773,599440,0.952,0.222,0.089,16.2,2.1,6.4,-8.3,-36.7,0.4,0.548234504,-0.302072207,-0.588641011,-0.511520737
885,2215102,599440,0.952,0.23,0.089,16.6,2.2,6.2,-8.3,-36.7,0.4,0.548417615,-0.301919614,-0.588732566,-0.511246071
886,2218291,599440,0.952,0.226,0.089,16.8,2.2,6,-8.3,-36.7,0.4,0.548631245,-0.301767022,-0.58885464,-0.510971404
887,2221249,599450,0.952,0.222,0.081,16.9,2.1,5.7,-8.3,-36.7,0.4,0.548844874,-0.301614429,-0.589007233,-0.510727256
888,2222594,599450,0.952,0.222,0.081,16.9,2.1,5.7,-8.3,-36.7,0.4,0.548844874,-0.301614429,-0.589007233,-0.510727256
889,2225814,599450,0.956,0.222,0.089,17.2,2.1,5.4,-8.3,-37.4,0.3,0.549272134,-0.301675466,-0.589342936,-0.509811701
890,2228735,599450,0.952,0.238,0.093,17.3,2.1,5.6,-8.3,-37.4,0.3,0.549485763,-0.301522874,-0.589465011,-0.509537034
891,2230065,599460,0.948,0.23,0.085,17.4,2.1,5.8,-8.3,-37.4,0.3,0.549699393,-0.301370281,-0.589587085,-0.509262368
892,2233123,599460,0.948,0.23,0.085,17.5,2.1,6,-8.4,-37.5,0.6,0.549882504,-0.301217689,-0.589709159,-0.508987701
893,2235915,599460,0.956,0.23,0.093,17.6,2.2,6.1,-8.4,-37.5,0.6,0.550096133,-0.301065096,-0.589861751,-0.508682516
894,2237468,599460,0.956,0.234,0.093,17.7,2.2,6.2,-8.4,-37.5,0.6,0.550309763,-0.300881985,-0.589983825,-0.508407849
895,2240406,599470,0.956,0.23,0.093,17.8,2.3,6.3,-8.4,-37.5,0.6,0.550553911,-0.300729392,-0.590105899,-0.508102664
896,2242616,599470,0.956,0.238,0.093,18,2.4,6.3,-8.6,-37.3,0.8,0.550767541,-0.3005768,-0.590227973,-0.507827998
897,2245785,599470,0.96,0.238,0.097,18.1,2.5,6.4,-8.6,-37.3,0.8,0.55098117,-0.300424207,-0.590350047,-0.507522813
898,2248789,599470,0.96,0.238,0.101,18.3,2.6,6.4,-8.6,-37.3,0.8,0.551225318,-0.300241096,-0.59050264,-0.507217627
899,2251078,599480,0.964,0.234,0.093,18.6,2.5,6.4,-8.6,-37.3,0.8,0.551438948,-0.300057985,-0.590624714,-0.506912442
900,2252475,599480,0.964,0.238,0.097,18.7,2.5,6.3,-8.6,-37.2,0.7,0.551652577,-0.299905393,-0.590746788,-0.506637776
901,2255308,599480,0.964,0.234,0.097,19.1,2.4,6.3,-8.6,-37.2,0.7,0.551896725,-0.299722282,-0.59089938,-0.506332591
902,2258594,599480,0.964,0.234,0.104,19.3,2.4,6.2,-8.6,-37.2,0.7,0.552110355,-0.299539171,-0.591051973,-0.505996887
903,2259931,599490,0.964,0.238,0.097,19.5,2.4,6.2,-8.6,-37.2,0.7,0.552354503,-0.299356059,-0.591204566,-0.505691702
904,2263185,599490,0.972,0.237,0.104,19.7,2.5,6.3,-8.6,-37.2,0.7,0.552568133,-0.299172948,-0.59132664,-0.505386517
905,2266366,599490,0.968,0.237,0.108,20.1,2.7,6.2,-8.6,-37.2,0.7,0.552812281,-0.298989837,-0.591479232,-0.505050813
906,2267743,599490,0.968,0.238,0.104,20.5,2.9,6.1,-8.6,-37.2,0.7,0.553056429,-0.298776208,-0.591631825,-0.504745628
907,2271035,599500,0.964,0.238,0.105,21.1,3,5.9,-8.6,-37.2,0.7,0.553300577,-0.298562578,-0.591784417,-0.504409925
908,2272529,599500,0.964,0.238,0.105,21.1,3,5.9,-8.6,-37.2,0.7,0.553300577,-0.298562578,-0.591784417,-0.504409925
909,2274915,599500,0.968,0.237,0.112,22.5,3,6.2,-8.4,-37.1,1.2,0.553880428,-0.298440504,-0.592120121,-0.503463851
910,2279346,599500,0.964,0.241,0.116,22.5,3,6.2,-8.4,-37.1,1.2,0.554124577,-0.298196356,-0.592303232,-0.503128147
911,2281640,599510,0.964,0.241,0.109,22.9,2.9,6.2,-8.4,-37.1,1.2,0.554368725,-0.297982727,-0.592486343,-0.502792444
912,2283870,599510,0.968,0.241,0.105,23.4,2.9,6.1,-8.7,-37.4,1,0.554643391,-0.297738578,-0.592669454,-0.502426222
913,2286163,599510,0.968,0.241,0.108,24.3,3,6.1,-8.7,-37.4,1,0.554918058,-0.29749443,-0.592852565,-0.502059999
914,2288338,599510,0.968,0.249,0.109,24.3,3,6.1,-8.7,-37.4,1,0.555162206,-0.297250282,-0.593035676,-0.501693777
915,2290382,599520,0.968,0.249,0.105,24.6,3.2,6.1,-8.7,-37.4,1,0.555436872,-0.296975616,-0.593218787,-0.501297037
916,2292615,599520,0.964,0.249,0.105,24.9,3.3,6.2,-8.7,-37.1,1,0.555711539,-0.296731468,-0.593401898,-0.500930815
917,2296016,599520,0.968,0.253,0.105,25.6,3.4,6.2,-8.7,-37.1,1,0.555986206,-0.296456801,-0.593615528,-0.500534074
918,2297551,599520,0.964,0.253,0.105,25.6,3.4,6.2,-8.7,-37.1,1,0.556260872,-0.296182134,-0.593798639,-0.500167852
919,2300820,599530,0.968,0.257,0.105,26.2,3.3,6.4,-8.7,-37.1,1,0.556566057,-0.295907468,-0.594012268,-0.499771111
920,2302813,599530,0.968,0.261,0.109,26.2,3.3,6.4,-8.4,-37.4,1.1,0.556840724,-0.29566332,-0.594225898,-0.499374371
921,2305014,599530,0.968,0.269,0.109,26.9,3,6.6,-8.4,-37.4,1.1,0.55711539,-0.295388653,-0.594439528,-0.498947111
922,2307975,599530,0.964,0.269,0.101,26.9,3,6.6,-8.4,-37.4,1.1,0.557420576,-0.295113987,-0.594653157,-0.498519852
923,2309918,599540,0.968,0.269,0.105,27.2,2.9,6.7,-8.4,-37.4,1.1,0.557695242,-0.294808802,-0.594866787,-0.498123112
924,2314314,599540,0.968,0.269,0.105,27.2,2.9,6.7,-8.4,-37.4,1.1,0.557969909,-0.294534135,-0.595080416,-0.497726371
925,2316510,599540,0.968,0.273,0.109,27,2.9,6.8,-8.4,-37.4,1.1,0.558275094,-0.294289987,-0.595294046,-0.497299112
926,2318758,599540,0.972,0.269,0.105,27,2.9,6.8,-8.4,-37.4,1.1,0.55854976,-0.29401532,-0.595507675,-0.496871853
927,2320974,599550,0.968,0.277,0.105,26.8,2.6,6.7,-8.4,-37.4,1.1,0.558824427,-0.293740654,-0.595721305,-0.496475112
928,2323370,599550,0.968,0.277,0.105,26.8,2.6,6.7,-8.4,-37.4,1.1,0.558824427,-0.293740654,-0.595721305,-0.496475112
929,2325291,599550,0.968,0.277,0.105,26.7,2.2,6.5,-8.8,-37.3,1.4,0.559251686,-0.293221839,-0.596331675,-0.495590075
930,2327596,599550,0.968,0.281,0.109,26.7,2.2,6.5,-8.8,-37.3,1.4,0.559526353,-0.292947172,-0.596545305,-0.495162816
931,2330891,599560,0.964,0.285,0.109,26.7,2.3,6.1,-8.8,-37.3,1.4,0.559770501,-0.292672506,-0.596758934,-0.494766076
932,2332919,599560,0.964,0.285,0.113,26.7,2.3,6.1,-8.5,-37,1.8,0.560045167,-0.292397839,-0.597003082,-0.494369335
933,2335209,599560,0.968,0.281,0.109,26.4,2.5,5.6,-8.5,-37,1.8,0.560319834,-0.292123173,-0.597216712,-0.493972594
934,2337525,599560,0.968,0.281,0.109,26.4,2.6,5.4,-8.5,-37,1.8,0.560563982,-0.291848506,-0.597430342,-0.493575854
935,2340844,599570,0.964,0.285,0.105,26.5,2.6,5.4,-8.5,-37,1.8,0.560838649,-0.29157384,-0.597643971,-0.493179113
936,2342832,599570,0.964,0.285,0.113,26.7,2.6,5.3,-9,-36.9,1.7,0.561082797,-0.291299173,-0.597857601,-0.492782373
937,2345122,599570,0.968,0.285,0.109,26.8,2.6,5.1,-9,-36.9,1.7,0.561357463,-0.290993988,-0.598101749,-0.492385632
938,2347446,599570,0.964,0.28,0.121,26.8,2.7,5,-9,-36.9,1.7,0.561601611,-0.290688803,-0.598315378,-0.491988891
939,2349961,599580,0.964,0.277,0.117,26.8,2.6,4.8,-9,-36.9,1.7,0.561876278,-0.290414136,-0.598529008,-0.491592151
940,2352431,599580,0.964,0.281,0.117,26.8,2.6,4.6,-8.9,-36.9,1.8,0.562120426,-0.290108951,-0.598773156,-0.49119541
941,2356641,599580,0.964,0.265,0.113,26.8,2.6,4.1,-8.9,-36.9,1.8,0.562364574,-0.289803766,-0.598986785,-0.490798669
942,2358800,599580,0.964,0.261,0.117,27.1,2.7,3.3,-8.9,-36.9,1.8,0.562608722,-0.289498581,-0.599230934,-0.490432447
943,2361066,599590,0.96,0.253,0.113,28.1,3.1,2.3,-8.9,-36.9,1.8,0.56285287,-0.289132359,-0.599475082,-0.490066225
944,2363207,599590,0.956,0.265,0.117,29.7,3.5,1,-8.9,-36.9,1.8,0.563097018,-0.288766137,-0.599749748,-0.489669485
945,2366000,599590,0.952,0.273,0.117,31.7,4,0,-8.9,-36.9,1.8,0.563371685,-0.288308359,-0.600024415,-0.489272744
946,2367491,599590,0.952,0.281,0.121,33.5,4.5,-0.7,-8.9,-36.9,1.8,0.563615833,-0.287850581,-0.6003296,-0.488876003
947,2370747,599600,0.952,0.292,0.121,34.6,5.1,-0.4,-8.9,-36.9,1.8,0.5638905,-0.287362285,-0.600634785,-0.488479263
948,2372719,599600,0.952,0.292,0.121,34.6,5.1,-0.4,-8.9,-36.9,1.8,0.5638905,-0.287362285,-0.600634785,-0.488479263
949,2375015,599600,0.94,0.3,0.125,34,5.9,2.2,-8.8,-36.9,2.3,0.564470351,-0.286263619,-0.601245155,-0.487746818
950,2378611,599600,0.933,0.3,0.129,32.3,6,4,-8.8,-36.9,2.3,0.564775536,-0.28583636,-0.601489303,-0.487319559
951,2380931,599610,0.929,0.3,0.129,30.2,5.8,5.5,-8.8,-36.9,2.3,0.56511124,-0.285500656,-0.601702933,-0.486861782
952,2382815,599610,0.929,0.3,0.126,27.8,5.2,6.6,-9,-37,1.8,0.565416425,-0.285164953,-0.601886044,-0.486465041
953,2385097,599610,0.925,0.297,0.129,25.5,4.4,6.6,-9,-37,1.8,0.56572161,-0.284890286,-0.602069155,-0.4860683
954,2387554,599610,0.929,0.293,0.129,23.5,3.7,6,-9,-37,1.8,0.565965758,-0.284646138,-0.602221747,-0.485702078
955,2391765,599620,0.933,0.289,0.129,22,3.1,4.7,-9,-37,1.8,0.566209906,-0.28440199,-0.602404859,-0.485396893
956,2394021,599620,0.936,0.289,0.129,21.1,2.7,3.3,-8.9,-36.9,2.5,0.566393017,-0.284157842,-0.602526933,-0.485091708
957,2396243,599620,0.937,0.289,0.125,20.6,2.5,2.3,-8.9,-36.9,2.5,0.566576128,-0.283913694,-0.602740562,-0.484786523
958,2398477,599620,0.936,0.285,0.129,20.5,2.7,1.7,-8.9,-36.9,2.5,0.566759239,-0.283639027,-0.602923673,-0.484511856
959,2400499,599630,0.936,0.281,0.129,20.7,3,1.7,-8.9,-36.9,2.5,0.566942351,-0.28336436,-0.603076266,-0.48423719
960,2402645,599630,0.937,0.285,0.125,20.9,3.5,1.8,-9.2,-36.8,2.1,0.56715598,-0.283120212,-0.603259377,-0.483962523
961,2405002,599630,0.937,0.281,0.117,21.1,3.8,2.1,-9.2,-36.8,2.1,0.567339091,-0.282845546,-0.603411969,-0.483687857
962,2407440,599630,0.933,0.285,0.121,21.2,4.1,2.2,-9.2,-36.8,2.1,0.567552721,-0.282540361,-0.603564562,-0.48341319
963,2411396,599640,0.94,0.281,0.129,21.1,4.3,2.3,-9.2,-36.8,2.1,0.56776635,-0.282265694,-0.603717154,-0.483108005
964,2413591,599640,0.94,0.281,0.125,21.1,4.4,2.4,-9.2,-36.8,2.1,0.56797998,-0.281991028,-0.603869747,-0.482833338
965,2415879,599640,0.936,0.285,0.129,20.9,4.4,2.4,-9.2,-36.8,2.1,0.568193609,-0.281716361,-0.60402234,-0.482558672
966,2417938,599640,0.936,0.285,0.129,20.7,4.5,2.2,-9.2,-36.8,2.1,0.568407239,-0.281441694,-0.604174932,-0.482284005
967,2421941,599650,0.94,0.288,0.129,20.6,4.6,2,-9.2,-36.8,2.1,0.568620869,-0.281167028,-0.604327525,-0.482009339
968,2424286,599650,0.94,0.288,0.129,20.6,4.6,2,-9.2,-36.8,2.1,0.568620869,-0.281167028,-0.604327525,-0.482009339
969,2426425,599650,0.94,0.289,0.125,20.5,4.5,1.8,-9.5,-36.9,2.6,0.569017609,-0.28031251,-0.604571673,-0.481765191
970,2428695,599650,0.944,0.285,0.125,20.5,4.4,1.7,-9.5,-36.9,2.6,0.56920072,-0.280037843,-0.604724265,-0.481490524
971,2430983,599660,0.944,0.285,0.129,20.5,4.5,1.6,-9.5,-36.9,2.6,0.56941435,-0.279763176,-0.604876858,-0.481246376
972,2433352,599660,0.948,0.288,0.129,20.5,4.5,1.5,-9.4,-37.1,2.7,0.569597461,-0.27948851,-0.60502945,-0.480941191
973,2435238,599660,0.944,0.289,0.125,20.3,4.6,1.4,-9.4,-37.1,2.7,0.56981109,-0.279183325,-0.605151524,-0.480697043
974,2437598,599660,0.948,0.288,0.125,20.2,4.5,1.4,-9.4,-37.1,2.7,0.57002472,-0.278908658,-0.605304117,-0.480452895
975,2440909,599670,0.948,0.292,0.129,20,4.3,1.5,-9.4,-37.1,2.7,0.570207831,-0.278633992,-0.605456709,-0.480208747
976,2442975,599670,0.952,0.288,0.129,20,4.2,1.4,-9.6,-37,2.5,0.570390942,-0.278359325,-0.605609302,-0.47993408
977,2445002,599670,0.948,0.292,0.129,19.9,4.2,1.3,-9.6,-37,2.5,0.570574053,-0.278084658,-0.605761895,-0.479689932
978,2447671,599670,0.952,0.284,0.133,19.8,4.2,1.1,-9.6,-37,2.5,0.570787683,-0.277809992,-0.605914487,-0.479445784
979,2451615,599680,0.956,0.288,0.129,19.7,4.2,1,-9.6,-37,2.5,0.570970794,-0.277535325,-0.606036561,-0.479171117
980,2453804,599680,0.952,0.277,0.129,19.5,4.1,0.9,-9.3,-37,3.1,0.571153905,-0.277260659,-0.606189154,-0.478926969
981,2456132,599680,0.952,0.281,0.129,19.4,4,0.9,-9.3,-37,3.1,0.571337016,-0.276985992,-0.606341746,-0.478682821
982,2458091,599680,0.956,0.284,0.129,19.3,4.1,0.9,-9.3,-37,3.1,0.571520127,-0.276711325,-0.606494339,-0.478438673
983,2460257,599690,0.952,0.284,0.129,19.2,4.2,0.9,-9.3,-37,3.1,0.571703238,-0.276436659,-0.606616413,-0.478225043
984,2462585,599690,0.956,0.284,0.129,19.1,4.3,0.8,-9.3,-37,3.1,0.571886349,-0.276161992,-0.606769005,-0.477980895
985,2466622,599690,0.952,0.281,0.125,19.1,4.3,0.8,-9.3,-37,3.1,0.57206946,-0.275856807,-0.606921598,-0.477736747
986,2468785,599690,0.956,0.284,0.129,19,4.3,0.8,-9.3,-37,3.1,0.572222053,-0.275612659,-0.607043672,-0.477492599
987,2470343,599700,0.96,0.28,0.129,18.8,4.3,0.8,-9.3,-37,3.1,0.572405164,-0.275368511,-0.607196265,-0.47727897
988,2472709,599700,0.96,0.28,0.129,18.8,4.3,0.8,-9.3,-37,3.1,0.572405164,-0.275368511,-0.607196265,-0.47727897
989,2474974,599700,0.964,0.28,0.129,18.8,4.5,0.8,-9,-37.1,2.8,0.572771386,-0.274605548,-0.607379376,-0.477004303
990,2478869,599700,0.964,0.284,0.125,18.8,4.5,0.8,-9,-37.1,2.8,0.572954497,-0.274330882,-0.607531968,-0.476760155
991,2481239,599710,0.972,0.276,0.124,18.9,4.4,0.9,-9,-37.1,2.8,0.573137608,-0.274056215,-0.607654042,-0.476516007
992,2482762,599710,0.964,0.28,0.129,18.9,4.3,1,-9.1,-36.9,2.6,0.573320719,-0.273781549,-0.607806635,-0.476302377
993,2485107,599710,0.96,0.277,0.125,18.9,4.1,1,-9.1,-36.9,2.6,0.57350383,-0.2735374,-0.607928709,-0.476058229
994,2488352,599710,0.964,0.276,0.129,18.9,4,0.8,-9.1,-36.9,2.6,0.573686941,-0.273262734,-0.608081301,-0.475814081
995,2490379,599720,0.964,0.273,0.125,19,3.9,0.7,-9.1,-36.9,2.6,0.573870052,-0.272988067,-0.608233894,-0.475569933
996,2492668,599720,0.968,0.272,0.128,19,3.7,0.8,-9.6,-37.5,2.6,0.574022645,-0.272713401,-0.608355968,-0.475325785
997,2494935,599720,0.964,0.273,0.128,19.1,3.4,1,-9.6,-37.5,2.6,0.574205756,-0.272469253,-0.60850856,-0.475081637
998,2497495,599720,0.964,0.28,0.125,19.1,3.2,1.3,-9.6,-37.5,2.6,0.574358348,-0.272225105,-0.608661153,-0.474837489
999,2502043,599730,0.96,0.28,0.125,19.1,3,1.3,-9.6,-37.5,2.6,0.574541459,-0.271950438,-0.608813746,-0.474593341
1000,2504579,599730,0.956,0.277,0.125,19.2,2.9,1.4,-9.7,-37.3,3.1,0.57472457,-0.27170629,-0.608966338,-0.474318674
1001,2507211,599730,0.96,0.273,0.125,19.2,2.8,1.4,-9.7,-37.3,3.1,0.574877163,-0.271462142,-0.609118931,-0.474074526
1002,2507663,599730,0.956,0.284,0.125,19.2,2.6,1.3,-9.7,-37.3,3.1,0.575029756,-0.271187475,-0.609271523,-0.47379986
1003,2510263,599740,0.964,0.284,0.129,19.4,2.5,1.3,-9.7,-37.3,3.1,0.575182348,-0.270943327,-0.609454634,-0.473555712
1004,2512851,599740,0.96,0.288,0.125,19.5,2.4,1.2,-9.7,-37.3,3.1,0.575365459,-0.270699179,-0.609607227,-0.473281045
1005,2515038,599740,0.956,0.296,0.125,19.7,2.3,1.4,-9.7,-37.3,3.1,0.575518052,-0.270455031,-0.609759819,-0.473006378
1006,2519193,599740,0.956,0.296,0.129,19.7,2.1,1.6,-9.7,-37.3,3.1,0.575701163,-0.270180364,-0.60994293,-0.47276223
1007,2520844,599750,0.952,0.288,0.125,19.7,2.1,1.6,-9.7,-37.3,3.1,0.575853755,-0.269936216,-0.610095523,-0.472487564
1008,2523375,599750,0.952,0.288,0.125,19.7,2.1,1.6,-9.7,-37.3,3.1,0.575853755,-0.269936216,-0.610095523,-0.472487564
1009,2525198,599750,0.952,0.296,0.129,19.5,2,1.8,-9.4,-36.8,3,0.576128422,-0.26905118,-0.610400708,-0.472273934
1010,2527589,599750,0.952,0.296,0.129,19.5,1.9,1.8,-9.4,-36.8,3,0.576281014,-0.26883755,-0.610553301,-0.472029786
1011,2530681,599760,0.956,0.296,0.129,19.4,1.9,1.8,-9.4,-36.8,3,0.576433607,-0.268593402,-0.610705893,-0.471755119
1012,2532787,599760,0.952,0.296,0.129,19.3,1.8,1.9,-9.2,-37,3.4,0.5765862,-0.268349254,-0.610889004,-0.471480453
1013,2535127,599760,0.952,0.296,0.129,19.3,1.8,1.8,-9.2,-37,3.4,0.576769311,-0.268105106,-0.611041597,-0.471175268
1014,2537417,599760,0.956,0.296,0.121,19.3,1.8,1.7,-9.2,-37,3.4,0.576921903,-0.267860958,-0.611224708,-0.47093112
1015,2540236,599770,0.956,0.296,0.129,19.2,1.7,1.4,-9.2,-37,3.4,0.577074496,-0.26761681,-0.6113773,-0.470656453
1016,2542638,599770,0.952,0.296,0.129,19.2,1.7,1.2,-9.2,-36.7,3.2,0.57719657,-0.267372662,-0.611560411,-0.470412305
1017,2545781,599770,0.952,0.3,0.129,19.3,1.7,1.1,-9.2,-36.7,3.2,0.577349162,-0.267128513,-0.611713004,-0.470137638
1018,2547745,599770,0.96,0.296,0.129,19.5,1.8,1.1,-9.2,-36.7,3.2,0.577501755,-0.266884365,-0.611896115,-0.46989349
1019,2550205,599780,0.956,0.296,0.129,19.7,1.9,1,-9.2,-36.7,3.2,0.577654347,-0.266640217,-0.612048708,-0.469618824
1020,2553335,599780,0.96,0.296,0.129,19.9,2.1,1,-9.3,-37,3.2,0.57780694,-0.266365551,-0.612231819,-0.469344157
1021,2555397,599780,0.956,0.296,0.129,20,2.1,0.9,-9.3,-37,3.2,0.577959532,-0.266090884,-0.61241493,-0.469069491
1022,2557679,599780,0.964,0.296,0.129,20.1,2.1,0.8,-9.3,-37,3.2,0.578112125,-0.265846736,-0.612567522,-0.468825343
1023,2560779,599790,0.96,0.296,0.129,20.2,2.1,0.6,-9.3,-37,3.2,0.578264718,-0.265572069,-0.612750633,-0.468550676
1024,2562890,599790,0.964,0.296,0.129,20.3,2,0.5,-9.3,-37,3.2,0.57841731,-0.265297403,-0.612933744,-0.468276009
1025,2565097,599790,0.964,0.3,0.129,20.3,2.1,0.6,-9.3,-37,3.2,0.578569903,-0.265053255,-0.613116855,-0.468001343
1026,2568327,599790,0.964,0.296,0.133,20.3,2.1,0.9,-9.3,-37,3.2,0.578722495,-0.264778588,-0.613299966,-0.467726676
1027,2570737,599800,0.964,0.3,0.133,20.3,2.2,1.2,-9.3,-37,3.2,0.578905606,-0.264503922,-0.613452559,-0.46745201
1028,2573309,599800,0.964,0.3,0.133,20.3,2.2,1.2,-9.3,-37,3.2,0.578905606,-0.264503922,-0.613452559,-0.46745201
1029,2575202,599800,0.964,0.3,0.129,19.9,2.3,1.3,-9.4,-36.7,3.8,0.579210791,-0.263618885,-0.613696707,-0.467268899
1030,2578349,599800,0.964,0.3,0.129,19.7,2.3,1.2,-9.4,-36.7,3.8,0.579363384,-0.263374737,-0.6138493,-0.466994232
1031,2580427,599810,0.964,0.3,0.129,19.6,2.3,1.2,-9.4,-36.7,3.8,0.579515976,-0.26310007,-0.614032411,-0.466719565
1032,2582923,599810,0.964,0.304,0.129,19.4,2.3,1.3,-9.4,-36.4,3.8,0.579699087,-0.262855922,-0.614185003,-0.466475417
1033,2585197,599810,0.964,0.304,0.129,19.1,2.4,1.3,-9.4,-36.4,3.8,0.57985168,-0.262611774,-0.614337596,-0.466200751
1034,2587478,599810,0.968,0.296,0.129,18.7,2.4,1.3,-9.4,-36.4,3.8,0.580004273,-0.262367626,-0.614490188,-0.465956603
1035,2591349,599820,0.968,0.304,0.129,18.3,2.5,1.2,-9.4,-36.4,3.8,0.580156865,-0.262123478,-0.614642781,-0.465712455
1036,2593698,599820,0.964,0.3,0.129,18.1,2.6,1.1,-9.3,-36.8,4.2,0.580309458,-0.26187933,-0.614795373,-0.465468307
1037,2595861,599820,0.968,0.3,0.129,17.8,2.6,0.9,-9.3,-36.8,4.2,0.580431532,-0.261635182,-0.614917447,-0.465224158
1038,2597949,599820,0.964,0.304,0.129,17.6,2.5,0.9,-9.3,-36.8,4.2,0.580584124,-0.261421552,-0.61507004,-0.46498001
1039,2600167,599830,0.964,0.3,0.129,17.3,2.5,0.9,-9.3,-36.8,4.2,0.580736717,-0.261177404,-0.615222633,-0.464766381
1040,2602468,599830,0.964,0.296,0.129,17,2.5,1,-9.5,-36.9,3.9,0.580858791,-0.260933256,-0.615344707,-0.464522233
1041,2605381,599830,0.96,0.304,0.125,16.6,2.6,1,-9.5,-36.9,3.9,0.581011383,-0.260719626,-0.615466781,-0.464308603
1042,2608719,599830,0.964,0.3,0.129,16.2,2.7,1,-9.5,-36.9,3.9,0.581163976,-0.260505997,-0.615588855,-0.464094974
1043,2610946,599840,0.964,0.3,0.129,15.7,2.8,0.8,-9.5,-36.9,3.9,0.58128605,-0.260292367,-0.615710929,-0.463881344
1044,2613978,599840,0.964,0.296,0.129,15.5,2.7,0.6,-9.5,-36.9,3.9,0.581438643,-0.260078738,-0.615833003,-0.463698233
1045,2615716,599840,0.96,0.3,0.129,15.2,2.7,0.3,-9.5,-36.9,3.9,0.581560717,-0.259865108,-0.615955077,-0.463484603
1046,2617820,599840,0.964,0.304,0.125,15.1,2.8,0.2,-9.5,-36.9,3.9,0.581682791,-0.25962096,-0.616077151,-0.463301492
1047,2621413,599850,0.964,0.304,0.129,14.8,2.9,0.1,-9.5,-36.9,3.9,0.581804865,-0.259407331,-0.616168706,-0.463118381
1048,2623641,599850,0.964,0.304,0.129,14.8,2.9,0.1,-9.5,-36.9,3.9,0.581804865,-0.259407331,-0.616168706,-0.463118381
1049,2625985,599850,0.964,0.304,0.125,14.1,3,0,-9.7,-36.8,4.2,0.582018494,-0.258461257,-0.61629078,-0.463240455
1050,2627442,599850,0.964,0.3,0.125,14,2.8,-0.1,-9.7,-36.8,4.2,0.582140568,-0.258247627,-0.616382336,-0.463087863
1051,2630285,599860,0.96,0.3,0.129,13.8,2.6,-0.3,-9.7,-36.8,4.2,0.582232124,-0.258064516,-0.61650441,-0.462904752
1052,2633630,599860,0.96,0.296,0.129,13.7,2.5,-0.5,-9.6,-36.3,4,0.582354198,-0.257850887,-0.616595965,-0.462752159
1053,2635788,599860,0.96,0.304,0.129,13.6,2.5,-0.7,-9.6,-36.3,4,0.582445753,-0.257637257,-0.616718039,-0.462569048
1054,2637872,599860,0.968,0.296,0.129,13.3,2.6,-0.7,-9.6,-36.3,4,0.582567827,-0.257423627,-0.616809595,-0.462416456
1055,2640099,599870,0.96,0.296,0.129,13.2,2.8,-0.7,-9.6,-36.3,4,0.582659383,-0.257209998,-0.616931669,-0.462263863
1056,2642700,599870,0.96,0.292,0.129,13,2.9,-0.8,-9.7,-36.2,4.7,0.582750938,-0.256996368,-0.617023225,-0.462141789
1057,2646230,599870,0.964,0.292,0.129,12.9,3,-0.9,-9.7,-36.2,4.7,0.582873012,-0.256813257,-0.61711478,-0.461989196
1058,2648415,599870,0.96,0.3,0.129,12.9,3,-0.9,-9.7,-36.2,4.7,0.582964568,-0.256599628,-0.617206336,-0.461836604
1059,2651918,599880,0.956,0.3,0.129,12.9,3,-0.7,-9.7,-36.2,4.7,0.583086642,-0.256385998,-0.617297891,-0.461684011
1060,2654251,599880,0.96,0.296,0.133,12.7,3,-0.6,-9.7,-36.4,4.6,0.583178198,-0.256172369,-0.617389447,-0.461531419
1061,2656479,599880,0.964,0.296,0.129,12.6,3.1,-0.6,-9.7,-36.4,4.6,0.583300272,-0.255989257,-0.617481002,-0.461409345
1062,2658772,599880,0.96,0.296,0.129,12.4,3.2,-0.7,-9.7,-36.4,4.6,0.583391827,-0.255775628,-0.617572558,-0.461256752
1063,2660945,599890,0.96,0.296,0.129,12.2,3.3,-0.7,-9.7,-36.4,4.6,0.583513901,-0.255592517,-0.617664113,-0.461134678
1064,2663250,599890,0.956,0.304,0.129,12.1,3.3,-0.6,-9.7,-36.4,4.6,0.583605457,-0.255378887,-0.617755669,-0.460982086
1065,2665320,599890,0.956,0.296,0.129,11.9,3.4,-0.5,-9.7,-36.4,4.6,0.583727531,-0.255195776,-0.617816706,-0.460860012
1066,2667637,599890,0.952,0.296,0.129,11.7,3.4,-0.4,-9.7,-36.4,4.6,0.583819086,-0.255012665,-0.617908261,-0.460707419
1067,2670013,599900,0.956,0.3,0.129,11.5,3.5,-0.3,-9.7,-36.4,4.6,0.58394116,-0.254829554,-0.617969298,-0.460585345
1068,2672381,599900,0.956,0.3,0.129,11.5,3.5,-0.3,-9.7,-36.4,4.6,0.58394116,-0.254829554,-0.617969298,-0.460585345
1069,2675974,599900,0.948,0.296,0.129,11.2,3.6,-0.3,-9.7,-36.5,4.1,0.58415479,-0.254066591,-0.617999817,-0.460707419
1070,2677399,599900,0.948,0.296,0.129,10.9,3.6,-0.4,-9.7,-36.5,4.1,0.584246345,-0.25388348,-0.618060854,-0.460585345
1071,2680255,599910,0.948,0.296,0.129,10.6,3.7,-0.5,-9.7,-36.5,4.1,0.584368419,-0.253700369,-0.618121891,-0.460463271
1072,2683796,599910,0.952,0.292,0.129,10.2,3.9,-0.7,-9.2,-36.7,3.5,0.584459975,-0.253517258,-0.618152409,-0.460341197
1073,2686183,599910,0.948,0.292,0.125,9.8,4,-0.7,-9.2,-36.7,3.5,0.584551531,-0.253334147,-0.618243965,-0.460249641
1074,2689313,599910,0.948,0.288,0.129,9.3,4.2,-0.9,-9.2,-36.7,3.5,0.584673605,-0.253151036,-0.618274483,-0.460158086
1075,2691308,599920,0.948,0.288,0.125,9,4.3,-1.2,-9.2,-36.7,3.5,0.58476516,-0.252998444,-0.61833552,-0.46006653
1076,2693487,599920,0.956,0.284,0.121,8.7,4.4,-1.4,-9.5,-36.4,3.7,0.584856716,-0.252815332,-0.618366039,-0.460005493
1077,2695713,599920,0.952,0.284,0.125,8.4,4.5,-1.5,-9.5,-36.4,3.7,0.584948271,-0.252632221,-0.618396558,-0.459944456
1078,2697705,599920,0.948,0.285,0.125,8.2,4.5,-1.6,-9.5,-36.4,3.7,0.585039827,-0.252418592,-0.618427076,-0.459852901
1079,2700115,599930,0.952,0.288,0.125,8.2,4.5,-1.5,-9.5,-36.4,3.7,0.585131382,-0.252296518,-0.618457595,-0.459791864
1080,2703087,599930,0.956,0.288,0.125,8.1,4.5,-1.4,-9.8,-36.3,3.6,0.585222938,-0.252113407,-0.618488113,-0.459730827
1081,2705881,599930,0.952,0.284,0.125,8.1,4.5,-1.2,-9.8,-36.3,3.6,0.585314493,-0.251960814,-0.618518632,-0.45966979
1082,2708935,599930,0.956,0.284,0.129,7.9,4.4,-1.2,-9.8,-36.3,3.6,0.585406049,-0.251777703,-0.61854915,-0.459608753
1083,2710560,599940,0.952,0.288,0.129,7.9,4.4,-1.2,-9.8,-36.3,3.6,0.585497604,-0.251625111,-0.618579669,-0.459517197
1084,2712569,599940,0.952,0.292,0.129,7.7,4.3,-1.1,-9.8,-36.3,3.6,0.58558916,-0.251472518,-0.618610187,-0.45945616
1085,2715671,599940,0.952,0.292,0.129,7.7,4.2,-1.1,-9.8,-36.3,3.6,0.585680715,-0.251319926,-0.618640706,-0.459395123
1086,2718508,599940,0.952,0.292,0.129,7.7,4.2,-1.1,-9.8,-36.3,3.6,0.585772271,-0.251167333,-0.618671224,-0.459334086
1087,2719934,599950,0.952,0.296,0.129,7.7,4.2,-1,-9.8,-36.3,3.6,0.585863826,-0.25101474,-0.618701743,-0.459273049
1088,2723086,599950,0.952,0.296,0.129,7.7,4.2,-1,-9.8,-36.3,3.6,0.585863826,-0.25101474,-0.618701743,-0.459273049
1089,2725204,599950,0.956,0.3,0.129,7.7,4,-0.8,-9.7,-36.7,4.1,0.586077456,-0.25040437,-0.618640706,-0.459425642
1090,2727467,599950,0.956,0.296,0.133,7.7,4,-0.8,-9.7,-36.7,4.1,0.586169012,-0.250251778,-0.618671224,-0.459334086
1091,2730297,599960,0.956,0.3,0.133,7.6,4,-0.7,-9.7,-36.7,4.1,0.586260567,-0.250099185,-0.618701743,-0.459273049
1092,2733301,599960,0.948,0.304,0.133,7.7,4.2,-0.9,-9.5,-36.1,4.3,0.586352123,-0.249946593,-0.618732261,-0.459212012
1093,2736137,599960,0.96,0.3,0.133,7.7,4.3,-1,-9.5,-36.1,4.3,0.58641316,-0.249763482,-0.618732261,-0.459150975
1094,2737473,599960,0.96,0.3,0.129,7.8,4.4,-1.1,-9.5,-36.1,4.3,0.586504715,-0.249610889,-0.61876278,-0.45905942
1095,2740617,599970,0.96,0.304,0.129,7.7,4.4,-1,-9.5,-36.1,4.3,0.586596271,-0.249458296,-0.618793298,-0.458998383
1096,2742624,599970,0.956,0.3,0.133,7.6,4.5,-1,-9.4,-36.4,4.4,0.586687826,-0.249305704,-0.618823817,-0.458937346
1097,2745768,599970,0.964,0.296,0.133,7.4,4.5,-1,-9.4,-36.4,4.4,0.5868099,-0.249153111,-0.618854335,-0.458876308
1098,2748533,599970,0.96,0.292,0.129,7.4,4.6,-0.9,-9.4,-36.4,4.4,0.586901456,-0.249000519,-0.618854335,-0.458815271
1099,2750055,599980,0.96,0.296,0.129,7.3,4.7,-0.8,-9.4,-36.4,4.4,0.586993011,-0.248847926,-0.618884854,-0.458754234
1100,2753269,599980,0.96,0.296,0.129,7.3,4.7,-0.7,-9.5,-36.1,3.9,0.587084567,-0.248695334,-0.618915372,-0.458693197
1101,2756235,599980,0.96,0.3,0.129,7.2,4.7,-0.6,-9.5,-36.1,3.9,0.587176122,-0.248542741,-0.618915372,-0.45863216
1102,2757683,599980,0.96,0.296,0.129,7.1,4.5,-0.4,-9.5,-36.1,3.9,0.587267678,-0.248390149,-0.618945891,-0.458571123
1103,2760806,599990,0.96,0.296,0.129,7.1,4.5,-0.4,-9.5,-36.1,3.9,0.587267678,-0.248390149,-0.618945891,-0.458571123
1104,2763792,599990,0.96,0.296,0.129,7.1,4.5,-0.4,-9.5,-36.1,3.9,0.587267678,-0.248390149,-0.618945891,-0.458571123
1105,2765210,599990,0.96,0.3,0.129,6.9,3.8,0,-9.5,-36.1,3.9,0.587542344,-0.247993408,-0.618976409,-0.458357494
1106,2768229,599990,0.956,0.3,0.133,6.8,3.7,0.4,-9.5,-36.1,3.9,0.5876339,-0.247871334,-0.619006928,-0.458265938
1107,2771287,600000,0.956,0.304,0.129,6.6,3.5,0.7,-9.5,-36.1,3.9,0.587725455,-0.247779778,-0.619037446,-0.458174383
1108,2772691,600000,0.956,0.304,0.129,6.6,3.5,0.7,-9.5,-36.1,3.9,0.587725455,-0.247779778,-0.619037446,-0.458174383
1109,2775861,600000,0.952,0.308,0.133,6.3,3,1.2,-9.7,-36.1,4.6,0.587908567,-0.247260964,-0.618976409,-0.458326975
1110,2778837,600000,0.952,0.304,0.133,6.2,2.8,1.5,-9.7,-36.1,4.6,0.588000122,-0.247169408,-0.618976409,-0.45823542
1111,2780210,600010,0.948,0.308,0.129,6,2.6,1.9,-9.7,-36.1,4.6,0.588091678,-0.247077853,-0.619006928,-0.458143864
1112,2783550,600010,0.948,0.312,0.129,6.1,2.4,2.3,-9.5,-36.2,4.9,0.588183233,-0.247016816,-0.619006928,-0.45802179
1113,2785894,600010,0.948,0.308,0.133,6.1,2.3,2.5,-9.5,-36.2,4.9,0.588274789,-0.246955779,-0.619037446,-0.457930235
1114,2787887,600010,0.952,0.308,0.133,6.2,2.2,2.9,-9.5,-36.2,4.9,0.588366344,-0.246894742,-0.619037446,-0.457808161
1115,2790136,600020,0.948,0.312,0.133,6.2,2,3.2,-9.5,-36.2,4.9,0.5884579,-0.246833705,-0.619067965,-0.457716605
1116,2793199,600020,0.948,0.32,0.133,6.3,1.9,3.6,-9.5,-35.8,4.6,0.588549455,-0.246772668,-0.619098483,-0.457594531
1117,2796183,600020,0.948,0.316,0.133,6.5,1.9,3.9,-9.5,-35.8,4.6,0.588641011,-0.246711631,-0.619098483,-0.457441939
1118,2797532,600020,0.948,0.316,0.129,6.6,2,4.1,-9.5,-35.8,4.6,0.588763085,-0.246681112,-0.619129002,-0.457319864
1119,2801489,600030,0.948,0.316,0.133,6.9,2,4.2,-9.5,-35.8,4.6,0.58885464,-0.246620075,-0.61915952,-0.45719779
1120,2802816,600030,0.952,0.32,0.133,6.9,2.1,4,-9.7,-36,5,0.588976714,-0.246559038,-0.61915952,-0.457045198
1121,2805757,600030,0.952,0.316,0.133,6.9,2.2,3.5,-9.7,-36,5,0.58906827,-0.246498001,-0.619190039,-0.456923124
1122,2808736,600030,0.952,0.324,0.133,6.8,2.5,2.8,-9.7,-36,5,0.589190344,-0.246436964,-0.619220557,-0.45680105
1123,2810135,600040,0.944,0.316,0.133,6.8,2.9,2,-9.7,-36,5,0.589281899,-0.24631489,-0.619220557,-0.456709494
1124,2812414,600040,0.944,0.324,0.133,6.8,3.2,1.5,-9.7,-36,5,0.589373455,-0.246223334,-0.619251076,-0.456617939
1125,2815343,600040,0.94,0.316,0.133,6.6,3.3,1.2,-9.7,-36,5,0.589465011,-0.246131779,-0.619251076,-0.456526383
1126,2817688,600040,0.94,0.32,0.133,6.4,3.2,1.2,-9.7,-36,5,0.589556566,-0.246040223,-0.619281594,-0.456434828
1127,2820780,600050,0.944,0.312,0.133,5.9,2.9,1.4,-9.7,-36,5,0.589648122,-0.245948668,-0.619281594,-0.456343272
1128,2822383,600050,0.944,0.312,0.133,5.9,2.9,1.4,-9.7,-36,5,0.589648122,-0.245948668,-0.619281594,-0.456343272
1129,2825917,600050,0.948,0.308,0.133,4.5,2.2,1.8,-9.8,-36.4,4.8,0.58967864,-0.245277261,-0.619281594,-0.456678976
1130,2827334,600050,0.948,0.3,0.129,3.9,2,1.7,-9.8,-36.4,4.8,0.589739677,-0.245216224,-0.619281594,-0.456617939
1131,2830346,600060,0.952,0.304,0.129,3.4,1.9,1.6,-9.8,-36.4,4.8,0.589800714,-0.245185705,-0.619281594,-0.456556902
1132,2833287,600060,0.952,0.296,0.129,3.1,1.7,1.4,-10,-36.1,4.4,0.589861751,-0.245124668,-0.619281594,-0.456495865
1133,2834846,600060,0.952,0.292,0.129,2.9,1.5,1.4,-10,-36.1,4.4,0.589922788,-0.24509415,-0.619281594,-0.456465346
1134,2837693,600060,0.956,0.296,0.129,2.9,1.4,1.4,-10,-36.1,4.4,0.589983825,-0.245063631,-0.619281594,-0.456404309
1135,2840838,600070,0.956,0.288,0.129,2.8,1.4,1.4,-10,-36.1,4.4,0.590014344,-0.245033113,-0.619281594,-0.456373791
1136,2843681,600070,0.952,0.292,0.129,2.6,1.4,1.5,-9.9,-36.1,4.9,0.590075381,-0.245002594,-0.619281594,-0.456312754
1137,2845161,600070,0.952,0.288,0.129,2.3,1.4,1.6,-9.9,-36.1,4.9,0.590105899,-0.245002594,-0.619281594,-0.456251717
1138,2848261,600070,0.952,0.288,0.129,1.9,1.4,1.6,-9.9,-36.1,4.9,0.590166936,-0.244972076,-0.619281594,-0.456221198
1139,2851250,600080,0.952,0.288,0.129,1.5,1.4,1.7,-9.9,-36.1,4.9,0.590197455,-0.244972076,-0.619251076,-0.45619068
1140,2852665,600080,0.952,0.284,0.129,1.3,1.4,1.9,-9.8,-35.8,4.7,0.590258492,-0.244941557,-0.619251076,-0.456160161
1141,2855802,600080,0.952,0.284,0.129,1.2,1.4,1.8,-9.8,-35.8,4.7,0.59028901,-0.244941557,-0.619220557,-0.456129643
1142,2858848,600080,0.956,0.28,0.129,1.1,1.6,1.7,-9.8,-35.8,4.7,0.590350047,-0.244941557,-0.619190039,-0.456099124
1143,2860210,600090,0.956,0.284,0.129,1,1.6,1.8,-9.8,-35.8,4.7,0.590380566,-0.244941557,-0.619190039,-0.456068606
1144,2863173,600090,0.956,0.284,0.129,0.9,1.4,2,-9.8,-35.8,4.7,0.590441603,-0.244941557,-0.61915952,-0.456038087
1145,2866400,600090,0.96,0.284,0.129,1,1.2,2.2,-9.8,-35.8,4.7,0.590472121,-0.244941557,-0.61915952,-0.456007569
1146,2868562,600090,0.956,0.288,0.129,1,1,2.4,-9.8,-35.8,4.7,0.590533158,-0.244941557,-0.619129002,-0.455946532
1147,2869976,600100,0.956,0.292,0.133,1,0.9,2.6,-9.8,-35.8,4.7,0.590563677,-0.244972076,-0.619129002,-0.455916013
1148,2873151,600100,0.956,0.292,0.133,1,0.9,2.6,-9.8,-35.8,4.7,0.590563677,-0.244972076,-0.619129002,-0.455916013
1149,2875155,600100,0.952,0.292,0.129,0.7,0.6,2.8,-9.7,-36.1,5.4,0.590716269,-0.244788965,-0.618945891,-0.456038087
1150,2878328,600100,0.96,0.292,0.125,0.6,0.5,2.9,-9.7,-36.1,5.4,0.590746788,-0.244819483,-0.618915372,-0.456007569
1151,2881171,600110,0.956,0.288,0.129,0.4,0.5,2.9,-9.7,-36.1,5.4,0.590807825,-0.244850002,-0.618915372,-0.455946532
1152,2882584,600110,0.952,0.296,0.133,0.4,0.6,2.8,-9.6,-36,5.3,0.590807825,-0.24488052,-0.618884854,-0.455916013
1153,2886641,600110,0.956,0.292,0.129,0.6,0.5,2.7,-9.6,-36,5.3,0.590868862,-0.24488052,-0.618884854,-0.455885495
1154,2888804,600110,0.952,0.292,0.129,0.7,0.4,2.6,-9.6,-36,5.3,0.590929899,-0.244911039,-0.618854335,-0.455824458
1155,2891026,600120,0.952,0.292,0.129,0.7,0.4,2.6,-9.6,-36,5.3,0.590929899,-0.244911039,-0.618854335,-0.455824458
1156,2893263,600120,0.956,0.292,0.129,0.8,0.4,2.4,-9.9,-36.1,5.4,0.590990936,-0.244941557,-0.618854335,-0.455763421
1157,2896374,600120,0.956,0.292,0.129,0.8,0.4,2.4,-9.9,-36.1,5.4,0.590990936,-0.244941557,-0.618854335,-0.455763421
1158,2898457,600120,0.96,0.292,0.129,0.7,0.4,2.4,-9.9,-36.1,5.4,0.591051973,-0.244972076,-0.618823817,-0.455671865
1159,2901157,600130,0.956,0.3,0.129,0.7,0.4,2.2,-9.9,-36.1,5.4,0.591082492,-0.245002594,-0.618823817,-0.455641346
1160,2902690,600130,0.96,0.296,0.129,0.7,0.4,2,-9.6,-35.8,5.3,0.59111301,-0.245002594,-0.618793298,-0.455610828
1161,2905799,600130,0.96,0.296,0.129,0.8,0.4,1.8,-9.6,-35.8,5.3,0.591143529,-0.245033113,-0.618793298,-0.455549791
1162,2907328,600130,0.956,0.296,0.129,0.8,0.5,1.6,-9.6,-35.8,5.3,0.591174047,-0.245033113,-0.618793298,-0.455549791
1163,2910307,600140,0.96,0.296,0.129,0.8,0.5,1.5,-9.6,-35.8,5.3,0.591204566,-0.245033113,-0.618793298,-0.455519272
1164,2912575,600140,0.96,0.296,0.129,0.7,0.5,1.6,-9.6,-35.8,5.3,0.591235084,-0.245033113,-0.61876278,-0.455488754
1165,2915807,600140,0.96,0.296,0.129,0.7,0.5,1.6,-9.6,-35.8,5.3,0.591235084,-0.245033113,-0.61876278,-0.455488754
1166,2917803,600140,0.96,0.296,0.129,0.5,0.5,1.5,-9.6,-35.8,5.3,0.591265603,-0.245063631,-0.61876278,-0.455427717
1167,2920886,600150,0.96,0.288,0.129,0.3,0.5,1.2,-9.6,-35.8,5.3,0.591296121,-0.245063631,-0.618732261,-0.455427717
1168,2923727,600150,0.96,0.288,0.129,0.3,0.5,1.2,-9.6,-35.8,5.3,0.591296121,-0.245063631,-0.618732261,-0.455427717
1169,2925186,600150,0.96,0.292,0.129,0,0.6,0.9,-10.1,-36.1,5.3,0.59132664,-0.244819483,-0.618640706,-0.455641346
1170,2927507,600150,0.956,0.292,0.133,0,0.6,0.8,-10.1,-36.1,5.3,0.591357158,-0.244819483,-0.618640706,-0.455641346
1171,2930479,600160,0.96,0.292,0.129,-0.1,0.7,0.7,-10.1,-36.1,5.3,0.591357158,-0.244819483,-0.618610187,-0.455610828
1172,2933473,600160,0.96,0.288,0.129,-0.2,0.7,0.6,-9.8,-36.3,5.2,0.591387677,-0.244819483,-0.618610187,-0.455610828
1173,2934891,600160,0.96,0.288,0.129,-0.2,0.7,0.4,-9.8,-36.3,5.2,0.591387677,-0.244819483,-0.618579669,-0.455610828
1174,2937848,600160,0.96,0.288,0.129,-0.2,0.7,0.4,-9.8,-36.3,5.2,0.591387677,-0.244819483,-0.618579669,-0.455610828
1175,2940150,600170,0.96,0.288,0.133,-0.4,0.8,0.1,-9.8,-36.3,5.2,0.591418195,-0.244819483,-0.61854915,-0.455641346
1176,2943280,600170,0.96,0.284,0.133,-0.5,0.8,0,-9.7,-36,5.4,0.591418195,-0.244819483,-0.61854915,-0.455641346
1177,2946334,600170,0.964,0.28,0.132,-0.5,1,-0.1,-9.7,-36,5.4,0.591448714,-0.244819483,-0.618518632,-0.455671865
1178,2948433,600170,0.956,0.288,0.133,-0.5,1,-0.3,-9.7,-36,5.4,0.591448714,-0.244819483,-0.618518632,-0.455671865
1179,2950634,600180,0.96,0.284,0.129,-0.5,1.2,-0.5,-9.7,-36,5.4,0.591448714,-0.244819483,-0.618488113,-0.455702383
1180,2953655,600180,0.956,0.28,0.129,-0.5,1.3,-0.5,-10.2,-36.1,5.5,0.591448714,-0.244788965,-0.618457595,-0.455732902
1181,2954998,600180,0.956,0.28,0.133,-0.6,1.4,-0.5,-10.2,-36.1,5.5,0.591479232,-0.244788965,-0.618457595,-0.455763421
1182,2957989,600180,0.96,0.276,0.129,-0.7,1.4,-0.4,-10.2,-36.1,5.5,0.591479232,-0.244758446,-0.618427076,-0.455763421
1183,2961132,600190,0.956,0.28,0.133,-0.9,1.5,-0.4,-10.2,-36.1,5.5,0.591479232,-0.244758446,-0.618396558,-0.455793939
1184,2962452,600190,0.96,0.276,0.132,-0.9,1.5,-0.4,-10.2,-36.1,5.5,0.591509751,-0.244758446,-0.618366039,-0.455824458
1185,2965769,600190,0.964,0.276,0.132,-1,1.5,-0.6,-10.2,-36.1,5.5,0.591509751,-0.244727927,-0.61833552,-0.455854976
1186,2967894,600190,0.96,0.273,0.129,-1,1.5,-0.6,-10.2,-36.1,5.5,0.591509751,-0.244727927,-0.618305002,-0.455885495
1187,2970018,600200,0.964,0.269,0.132,-1.1,1.6,-0.7,-10.2,-36.1,5.5,0.591540269,-0.244727927,-0.618274483,-0.455916013
1188,2973217,600200,0.964,0.269,0.132,-1.1,1.6,-0.7,-10.2,-36.1,5.5,0.591540269,-0.244727927,-0.618274483,-0.455916013
1189,2976196,600200,0.964,0.28,0.132,-1.2,2,-0.9,-9.7,-36.2,4.7,0.591692862,-0.244636372,-0.618060854,-0.456068606
1190,2977530,600200,0.964,0.273,0.128,-1.3,2.1,-0.9,-9.7,-36.2,4.7,0.591692862,-0.244636372,-0.617999817,-0.456129643
1191,2980670,600210,0.964,0.273,0.128,-1.6,2.3,-1,-9.7,-36.2,4.7,0.59172338,-0.244605853,-0.617969298,-0.456160161
1192,2983773,600210,0.964,0.273,0.128,-1.8,2.4,-1,-10,-36.3,4.8,0.59172338,-0.244605853,-0.61793878,-0.456221198
1193,2985341,600210,0.964,0.273,0.128,-1.9,2.4,-1,-10,-36.3,4.8,0.591753899,-0.244575335,-0.617877743,-0.456282235
1194,2987490,600210,0.964,0.272,0.132,-1.9,2.3,-1,-10,-36.3,4.8,0.591753899,-0.244575335,-0.617847224,-0.456312754
1195,2990593,600220,0.964,0.273,0.128,-1.8,2.1,-1.1,-10,-36.3,4.8,0.591753899,-0.244544816,-0.617786187,-0.456373791
1196,2993616,600220,0.96,0.273,0.132,-1.6,2.1,-1.2,-9.8,-36.2,5.1,0.591753899,-0.244544816,-0.617755669,-0.456434828
1197,2996143,600220,0.964,0.269,0.128,-1.7,2.2,-1.4,-9.8,-36.2,5.1,0.591784417,-0.244514298,-0.61772515,-0.456465346
1198,2998105,600220,0.964,0.273,0.128,-1.9,2.2,-1.6,-9.8,-36.2,5.1,0.591784417,-0.244514298,-0.617694632,-0.456526383
1199,3001923,600230,0.964,0.269,0.128,-2.2,2.2,-1.6,-9.8,-36.2,5.1,0.591784417,-0.244483779,-0.617633595,-0.456617939
1200,3004079,600230,0.96,0.273,0.129,-2.4,2.2,-1.6,-10.1,-36,5.3,0.591784417,-0.244483779,-0.617603076,-0.456678976
1201,3005735,600230,0.96,0.269,0.132,-2.5,2.2,-1.7,-10.1,-36,5.3,0.591784417,-0.244453261,-0.617542039,-0.456740013
1202,3007743,600230,0.96,0.273,0.129,-2.5,2.3,-1.8,-10.1,-36,5.3,0.591784417,-0.244453261,-0.617511521,-0.45680105
1203,3010774,600240,0.96,0.276,0.129,-2.6,2.2,-1.7,-10.1,-36,5.3,0.591784417,-0.244422742,-0.617450484,-0.456892605
1204,3013941,600240,0.96,0.273,0.132,-2.6,2.2,-1.6,-9.7,-36,5,0.591784417,-0.244422742,-0.617419965,-0.456953642
1205,3016165,600240,0.956,0.269,0.129,-2.7,2.2,-1.6,-9.7,-36,5,0.591784417,-0.244422742,-0.617358928,-0.457014679
1206,3018412,600240,0.96,0.269,0.128,-2.9,2.2,-1.8,-9.7,-36,5,0.591784417,-0.244361705,-0.61732841,-0.457106235
1207,3020338,600250,0.96,0.269,0.128,-2.9,2.2,-1.8,-9.7,-36,5,0.591784417,-0.244361705,-0.61732841,-0.457106235
1208,3023354,600250,0.96,0.276,0.129,-2.9,2.2,-1.9,-9.7,-36,5,0.591753899,-0.244361705,-0.617267373,-0.457167272
1209,3026256,600250,0.96,0.276,0.132,-2.6,2.3,-2.1,-10.2,-36.6,5.6,0.591875973,-0.244361705,-0.617053743,-0.457350383
1210,3027668,600250,0.96,0.276,0.129,-2.5,2.5,-2.1,-10.2,-36.6,5.6,0.591875973,-0.244331187,-0.616992706,-0.457441939
1211,3030720,600260,0.96,0.276,0.132,-2.5,2.6,-2,-10.2,-36.6,5.6,0.591875973,-0.244331187,-0.616931669,-0.457502976
1212,3033580,600260,0.956,0.273,0.133,-2.4,2.6,-2,-9.7,-35.8,5.6,0.591875973,-0.244300668,-0.616901151,-0.457564013
1213,3035082,600260,0.956,0.28,0.133,-2.3,2.6,-2,-9.7,-35.8,5.6,0.591875973,-0.24427015,-0.616840114,-0.457655568
1214,3038193,600260,0.96,0.276,0.129,-2.1,2.5,-2.1,-9.7,-35.8,5.6,0.591875973,-0.244239631,-0.616809595,-0.457716605
1215,3041084,600270,0.956,0.277,0.129,-2,2.5,-2.1,-9.7,-35.8,5.6,0.591875973,-0.244209113,-0.616779077,-0.457777642
1216,3042395,600270,0.956,0.276,0.133,-1.9,2.5,-2.2,-10,-36.2,5.7,0.591875973,-0.244178594,-0.616718039,-0.457869198
1217,3046523,600270,0.964,0.272,0.132,-1.8,2.5,-2.2,-10,-36.2,5.7,0.591875973,-0.244148076,-0.616687521,-0.457930235
1218,3048752,600270,0.964,0.276,0.132,-1.7,2.4,-2,-10,-36.2,5.7,0.591906491,-0.244117557,-0.616657002,-0.457991272
1219,3049970,600280,0.96,0.28,0.133,-1.6,2.3,-1.8,-10,-36.2,5.7,0.591906491,-0.244087039,-0.616595965,-0.458052309
1220,3052783,600280,0.96,0.28,0.133,-1.3,2.3,-1.5,-9.9,-36.1,6.1,0.591906491,-0.244087039,-0.616565447,-0.458113346
1221,3055384,600280,0.964,0.284,0.136,-1,2.4,-1.3,-9.9,-36.1,6.1,0.591906491,-0.24405652,-0.616534928,-0.458143864
1222,3058341,600280,0.96,0.284,0.133,-0.7,2.5,-1.2,-9.9,-36.1,6.1,0.59193701,-0.244026002,-0.61650441,-0.458174383
1223,3061502,600290,0.96,0.28,0.133,-0.5,2.4,-0.9,-9.9,-36.1,6.1,0.591967528,-0.243995483,-0.616473891,-0.458204901
1224,3063051,600290,0.964,0.284,0.136,-0.4,2.4,-0.9,-9.8,-36.2,4.7,0.591967528,-0.243964965,-0.616443373,-0.45823542
1225,3066131,600290,0.96,0.284,0.133,-0.2,2.3,-0.8,-9.8,-36.2,4.7,0.591998047,-0.243934446,-0.616412854,-0.458265938
1226,3067476,600290,0.964,0.284,0.133,-0.1,2.1,-0.6,-9.8,-36.2,4.7,0.592028565,-0.243903928,-0.616382336,-0.458296457
1227,3071551,600300,0.96,0.284,0.14,0,2.1,-0.5,-9.8,-36.2,4.7,0.592059084,-0.243873409,-0.616351817,-0.458326975
1228,3073665,600300,0.96,0.284,0.14,0,2.1,-0.5,-9.8,-36.2,4.7,0.592059084,-0.243873409,-0.616351817,-0.458326975
1229,3075788,600300,0.96,0.276,0.136,0.4,2.1,-0.2,-9.9,-36.3,6,0.592181158,-0.243690298,-0.616199225,-0.458449049
1230,3077383,600300,0.96,0.276,0.136,0.4,2.1,-0.1,-9.9,-36.3,6,0.592211676,-0.24365978,-0.616199225,-0.458449049
1231,3080889,600310,0.964,0.284,0.144,0.4,2.1,0,-9.9,-36.3,6,0.592242195,-0.243629261,-0.616168706,-0.458449049
1232,3082368,600310,0.96,0.28,0.136,0.3,2.1,0,-10,-36,5.5,0.592272713,-0.243598743,-0.616138188,-0.458479568
1233,3084920,600310,0.96,0.28,0.136,0.3,2,-0.1,-10,-36,5.5,0.592272713,-0.243598743,-0.616107669,-0.458479568
1234,3088761,600310,0.96,0.28,0.136,0.3,2,-0.1,-10,-36,5.5,0.592272713,-0.243598743,-0.616107669,-0.458479568
1235,3090954,600320,0.956,0.276,0.133,0.3,2.1,-0.1,-10,-36,5.5,0.59233375,-0.243537706,-0.616077151,-0.458510086
1236,3093363,600320,0.956,0.276,0.133,0.3,2.1,-0.1,-10,-36,5.5,0.59233375,-0.243537706,-0.616077151,-0.458510086
1237,3095314,600320,0.956,0.272,0.136,0.1,2.1,0.2,-9.6,-35.9,6,0.592394787,-0.243476669,-0.616016114,-0.458510086
1238,3099348,600320,0.952,0.269,0.136,0,1.9,0.4,-9.6,-35.9,6,0.592425306,-0.243476669,-0.615985595,-0.458510086
1239,3101693,600330,0.952,0.269,0.136,0,1.9,0.4,-9.6,-35.9,6,0.592425306,-0.243476669,-0.615985595,-0.458510086
1240,3103742,600330,0.952,0.269,0.136,-0.4,2,0.6,-9.8,-35.6,6.3,0.592486343,-0.24344615,-0.615924558,-0.458540605
1241,3106293,600330,0.956,0.269,0.132,-0.6,2,0.7,-9.8,-35.6,6.3,0.59254738,-0.24344615,-0.61589404,-0.458540605
1242,3108107,600330,0.956,0.269,0.132,-0.6,2,0.7,-9.8,-35.6,6.3,0.59254738,-0.24344615,-0.61589404,-0.458540605
1243,3110228,600340,0.956,0.269,0.132,-0.6,2,0.7,-9.8,-35.6,6.3,0.59254738,-0.24344615,-0.61589404,-0.458540605
1244,3112599,600340,0.956,0.273,0.129,-0.7,2,1.3,-9.8,-36,4.2,0.592638936,-0.243476669,-0.615771966,-0.458540605
1245,3115982,600340,0.952,0.273,0.133,-0.9,2,1.4,-9.8,-36,4.2,0.592669454,-0.243476669,-0.615741447,-0.458540605
1246,3117735,600340,0.952,0.273,0.133,-1,1.9,1.2,-9.8,-36,4.2,0.592699973,-0.243476669,-0.61568041,-0.458571123
1247,3122083,600350,0.952,0.277,0.133,-1.2,1.9,1.3,-9.8,-36,4.2,0.592730491,-0.243507187,-0.615649892,-0.458571123
1248,3122464,600350,0.952,0.277,0.133,-1.2,1.9,1.3,-9.8,-36,4.2,0.592730491,-0.243507187,-0.615649892,-0.458571123
1249,3125002,600350,0.952,0.277,0.133,-1.2,1.9,1.3,-9.8,-36,4.2,0.592730491,-0.243507187,-0.615649892,-0.458571123
1250,3129236,600350,0.952,0.277,0.133,-1,1.7,1.8,-10.2,-35.7,5.7,0.592913602,-0.243568224,-0.615436262,-0.458601642
1251,3131683,600360,0.956,0.284,0.133,-1,1.8,1.7,-10.2,-35.7,5.7,0.592944121,-0.243568224,-0.615375225,-0.458601642
1252,3133858,600360,0.952,0.284,0.133,-1.2,1.9,1.5,-9.8,-36,5.6,0.592974639,-0.243598743,-0.615344707,-0.458601642
1253,3136090,600360,0.948,0.277,0.133,-1.2,2,1.4,-9.8,-36,5.6,0.593035676,-0.243598743,-0.61528367,-0.45863216
1254,3138312,600360,0.952,0.277,0.133,-1.3,1.9,1.2,-9.8,-36,5.6,0.593066195,-0.243629261,-0.615253151,-0.45863216
1255,3140154,600370,0.944,0.281,0.133,-1.3,1.7,1.2,-9.8,-36,5.6,0.593096713,-0.243629261,-0.615192114,-0.45863216
1256,3142489,600370,0.952,0.277,0.133,-1.2,1.6,1.2,-10,-35.9,5.7,0.593096713,-0.24365978,-0.615161596,-0.458662679
1257,3146471,600370,0.948,0.277,0.133,-1.2,1.6,1.2,-10,-35.9,5.7,0.593127232,-0.24365978,-0.615131077,-0.458662679
1258,3148592,600370,0.952,0.273,0.133,-1.2,1.6,1.2,-10,-35.9,5.7,0.59315775,-0.243690298,-0.615100558,-0.458662679
1259,3151643,600380,0.948,0.273,0.133,-1.1,1.6,1.2,-10,-35.9,5.7,0.593188269,-0.243690298,-0.615039521,-0.458693197
1260,3154186,600380,0.948,0.273,0.133,-1.1,1.6,1.2,-10,-35.9,5.7,0.593188269,-0.243690298,-0.615039521,-0.458693197
1261,3156227,600380,0.952,0.277,0.133,-0.9,1.6,1.1,-10,-36.2,5.9,0.593249306,-0.243720817,-0.614978484,-0.458693197
1262,3158216,600380,0.952,0.277,0.133,-0.9,1.6,1.1,-10,-36.2,5.9,0.593249306,-0.243720817,-0.614978484,-0.458693197
1263,3160738,600390,0.956,0.273,0.133,-0.6,1.7,0.7,-10,-36.2,5.9,0.593310343,-0.243720817,-0.614917447,-0.458723716
1264,3162756,600390,0.948,0.273,0.133,-0.4,1.7,0.7,-9.9,-36,3.6,0.593340861,-0.243720817,-0.614886929,-0.458723716
1265,3166663,600390,0.952,0.277,0.133,-0.2,1.7,0.9,-9.9,-36,3.6,0.59337138,-0.243720817,-0.61485641,-0.458723716
1266,3168901,600390,0.948,0.273,0.133,-0.1,1.7,1.1,-9.9,-36,3.6,0.593401898,-0.243720817,-0.614825892,-0.458723716
1267,3171154,600400,0.948,0.273,0.133,-0.1,1.7,1.1,-9.9,-36,3.6,0.593401898,-0.243720817,-0.614825892,-0.458723716
1268,3172934,600400,0.952,0.28,0.133,0,1.7,1.2,-9.9,-36,3.6,0.593432417,-0.243720817,-0.614795373,-0.458693197
1269,3175258,600400,0.952,0.28,0.133,0.3,1.4,1.1,-9.9,-36,5.4,0.593554491,-0.24365978,-0.614642781,-0.458754234
1270,3177588,600400,0.952,0.277,0.133,0.6,1.2,1.2,-9.9,-36,5.4,0.593585009,-0.24365978,-0.614642781,-0.458723716
1271,3181540,600410,0.952,0.28,0.137,0.6,0.9,1.3,-9.9,-36,5.4,0.593615528,-0.24365978,-0.614612262,-0.458723716
1272,3183936,600410,0.952,0.28,0.137,0.6,0.9,1.3,-9.9,-36,5.4,0.593615528,-0.24365978,-0.614612262,-0.458723716
1273,3186227,600410,0.952,0.28,0.137,0.6,0.9,1.3,-9.9,-36,5.4,0.593615528,-0.24365978,-0.614612262,-0.458723716
1274,3188387,600410,0.948,0.28,0.133,0.6,0.3,1.7,-10,-36.3,6.1,0.593707083,-0.243690298,-0.614612262,-0.45863216
1275,3190285,600420,0.952,0.28,0.137,0.7,0.3,1.6,-10,-36.3,6.1,0.593737602,-0.243690298,-0.614581744,-0.458601642
1276,3192647,600420,0.952,0.28,0.137,0.8,0.4,1.7,-10.1,-36.2,5.9,0.59376812,-0.243690298,-0.614581744,-0.458571123
1277,3194953,600420,0.96,0.288,0.133,0.9,0.3,1.7,-10.1,-36.2,5.9,0.593798639,-0.243690298,-0.614581744,-0.458540605
1278,3197485,600420,0.952,0.284,0.133,0.9,0.1,1.8,-10.1,-36.2,5.9,0.593829157,-0.243720817,-0.614581744,-0.458510086
1279,3200201,600430,0.952,0.284,0.137,1,0,1.9,-10.1,-36.2,5.9,0.593829157,-0.243720817,-0.614581744,-0.458449049
1280,3202813,600430,0.952,0.284,0.137,1.1,0,1.9,-9.8,-35.7,5.9,0.593859676,-0.243720817,-0.614581744,-0.458418531
1281,3205107,600430,0.948,0.28,0.133,1.1,0,2,-9.8,-35.7,5.9,0.593890194,-0.243751335,-0.614581744,-0.458388012
1282,3207444,600430,0.948,0.28,0.133,1.1,0,2,-9.8,-35.7,5.9,0.593890194,-0.243751335,-0.614581744,-0.458388012
1283,3211940,600440,0.952,0.28,0.133,0.9,0.1,2,-9.8,-35.7,5.9,0.593951231,-0.243781854,-0.614581744,-0.458296457
1284,3213784,600440,0.952,0.28,0.133,0.9,0.2,2,-9.7,-36,3.7,0.59398175,-0.243781854,-0.614551225,-0.458265938
1285,3216123,600440,0.952,0.28,0.133,0.8,0.3,2.2,-9.7,-36,3.7,0.594012268,-0.243812372,-0.614551225,-0.45823542
1286,3218283,600440,0.952,0.277,0.133,0.8,0.3,2.3,-9.7,-36,3.7,0.594042787,-0.243812372,-0.614551225,-0.458174383
1287,3220305,600450,0.952,0.277,0.133,0.9,0.1,2.3,-9.7,-36,3.7,0.594073305,-0.243842891,-0.614551225,-0.458143864
1288,3222611,600450,0.952,0.277,0.133,0.9,0.1,2.3,-9.7,-36,3.7,0.594073305,-0.243842891,-0.614551225,-0.458143864
1289,3224915,600450,0.952,0.277,0.133,0.9,0.1,2.3,-9.7,-36,3.7,0.594073305,-0.243842891,-0.614551225,-0.458143864
1290,3227481,600450,0.952,0.28,0.133,0.5,-0.1,2.2,-10.2,-36.2,6.1,0.594164861,-0.243812372,-0.614490188,-0.458113346
1291,3231839,600460,0.948,0.284,0.133,0.2,-0.1,2.1,-10.2,-36.2,6.1,0.594195379,-0.243842891,-0.61445967,-0.458082827
1292,3234161,600460,0.948,0.288,0.133,0,-0.2,2.1,-10.2,-35.9,5.8,0.594195379,-0.243873409,-0.61445967,-0.458052309
1293,3236306,600460,0.948,0.284,0.129,-0.1,-0.3,2.1,-10.2,-35.9,5.8,0.594225898,-0.243903928,-0.61445967,-0.45802179
1294,3238527,600460,0.948,0.277,0.133,-0.2,-0.4,2.1,-10.2,-35.9,5.8,0.594225898,-0.243934446,-0.61445967,-0.457991272
1295,3240067,600470,0.952,0.28,0.133,-0.4,-0.4,2.1,-10.2,-35.9,5.8,0.594256417,-0.243995483,-0.614429151,-0.457960753
1296,3243303,600470,0.952,0.28,0.133,-0.7,-0.4,2.1,-10.2,-35.9,5.8,0.594256417,-0.244026002,-0.614429151,-0.457960753
1297,3246307,600470,0.948,0.284,0.133,-0.9,-0.5,2.1,-10.2,-35.9,5.8,0.594286935,-0.24405652,-0.614398633,-0.457930235
1298,3248631,600470,0.948,0.28,0.133,-1.2,-0.6,1.8,-10.2,-35.9,5.8,0.594286935,-0.244117557,-0.614398633,-0.457930235
1299,3250168,600480,0.94,0.281,0.133,-1.2,-0.6,1.5,-10.2,-35.9,5.8,0.594286935,-0.244148076,-0.614398633,-0.457930235
1300,3252518,600480,0.944,0.281,0.133,-1.5,-0.5,1.2,-9.9,-35.8,5.6,0.594286935,-0.244209113,-0.614368114,-0.457930235
1301,3255781,600480,0.944,0.277,0.133,-1.6,-0.4,1.1,-9.9,-35.8,5.6,0.594256417,-0.244239631,-0.614368114,-0.457930235
1302,3257775,600480,0.94,0.281,0.133,-1.8,-0.3,1.1,-9.9,-35.8,5.6,0.594256417,-0.244300668,-0.614337596,-0.457930235
1303,3260965,600490,0.94,0.281,0.133,-1.9,-0.3,1,-9.9,-35.8,5.6,0.594256417,-0.244331187,-0.614307077,-0.457930235
1304,3262459,600490,0.94,0.277,0.133,-1.9,-0.2,0.9,-10.1,-36.1,3.6,0.594256417,-0.244361705,-0.614307077,-0.457960753
1305,3264870,600490,0.944,0.277,0.133,-1.9,-0.2,0.7,-10.1,-36.1,3.6,0.594256417,-0.244422742,-0.61424604,-0.457960753
1306,3269266,600490,0.94,0.281,0.133,-1.9,-0.1,0.6,-10.1,-36.1,3.6,0.594256417,-0.244453261,-0.61424604,-0.457991272
1307,3271656,600500,0.94,0.281,0.133,-2.1,0,0.4,-10.1,-36.1,3.6,0.594225898,-0.244483779,-0.614215522,-0.45802179
1308,3273769,600500,0.94,0.281,0.133,-2.1,0,0.4,-10.1,-36.1,3.6,0.594225898,-0.244483779,-0.614215522,-0.45802179
1309,3276008,600500,0.94,0.281,0.133,-2.1,0,0.4,-10.1,-36.1,3.6,0.594225898,-0.244483779,-0.614215522,-0.45802179
1310,3277561,600500,0.94,0.285,0.133,-2.1,0,0,-9.8,-36,5.5,0.594195379,-0.244453261,-0.614123966,-0.458204901
1311,3280830,600510,0.94,0.277,0.133,-2.1,0,-0.1,-9.8,-36,5.5,0.594195379,-0.244483779,-0.614123966,-0.45823542
1312,3284026,600510,0.944,0.277,0.129,-2,0,-0.4,-10.3,-35.9,5.6,0.594164861,-0.244514298,-0.614093448,-0.458265938
1313,3286256,600510,0.944,0.273,0.133,-2.1,-0.1,-0.6,-10.3,-35.9,5.6,0.594164861,-0.244514298,-0.614062929,-0.458296457
1314,3288429,600510,0.944,0.273,0.133,-2.2,-0.1,-0.7,-10.3,-35.9,5.6,0.594134342,-0.244544816,-0.614062929,-0.458326975
1315,3290838,600520,0.944,0.273,0.133,-2.2,-0.1,-0.7,-10.3,-35.9,5.6,0.594134342,-0.244544816,-0.614062929,-0.458326975
1316,3292780,600520,0.94,0.269,0.133,-2.2,0,-0.6,-9.7,-36,5.7,0.594103824,-0.244605853,-0.614032411,-0.458418531
1317,3295111,600520,0.948,0.273,0.129,-2.3,0,-0.7,-9.7,-36,5.7,0.594073305,-0.244605853,-0.614001892,-0.458449049
1318,3298355,600520,0.944,0.273,0.133,-2.4,0,-0.8,-9.7,-36,5.7,0.594042787,-0.244636372,-0.614001892,-0.458510086
1319,3300712,600530,0.948,0.273,0.133,-2.5,-0.1,-0.7,-9.7,-36,5.7,0.594012268,-0.24466689,-0.613971374,-0.458540605
1320,3302714,600530,0.948,0.269,0.129,-2.5,-0.3,-0.6,-10.1,-36,5.1,0.594012268,-0.244697409,-0.613940855,-0.458571123
1321,3305060,600530,0.948,0.269,0.129,-2.5,-0.3,-0.6,-10.1,-36,5.1,0.594012268,-0.244697409,-0.613940855,-0.458571123
1322,3307400,600530,0.952,0.269,0.133,-2.3,-0.3,-0.5,-10.1,-36,5.1,0.593951231,-0.244727927,-0.613910337,-0.458662679
1323,3312108,600540,0.952,0.277,0.133,-2.1,-0.3,-0.5,-10.1,-36,5.1,0.593920713,-0.244758446,-0.613910337,-0.458693197
1324,3312431,600540,0.952,0.277,0.133,-1.9,-0.4,-0.4,-9.9,-35.9,3.6,0.593920713,-0.244788965,-0.613879818,-0.458723716
1325,3315798,600540,0.948,0.277,0.133,-1.9,-0.5,-0.3,-9.9,-35.9,3.6,0.593890194,-0.244819483,-0.613879818,-0.458754234
1326,3317748,600540,0.952,0.277,0.133,-1.9,-0.6,-0.2,-9.9,-35.9,3.6,0.593859676,-0.244850002,-0.613879818,-0.458784753
1327,3320014,600550,0.956,0.273,0.133,-1.9,-0.7,-0.2,-9.9,-35.9,3.6,0.593859676,-0.24488052,-0.6138493,-0.458784753
1328,3322643,600550,0.956,0.273,0.133,-1.9,-0.7,-0.2,-9.9,-35.9,3.6,0.593859676,-0.24488052,-0.6138493,-0.458784753
1329,3326202,600550,0.96,0.28,0.133,-1.7,-0.9,-0.4,-9.7,-36.2,4.9,0.593829157,-0.24488052,-0.613818781,-0.458906827
1330,3328483,600550,0.96,0.276,0.129,-1.4,-0.9,-0.4,-9.7,-36.2,4.9,0.593798639,-0.24488052,-0.613818781,-0.458937346
1331,3330946,600560,0.96,0.28,0.129,-1.2,-0.9,-0.4,-9.7,-36.2,4.9,0.59376812,-0.244911039,-0.613818781,-0.458937346
1332,3332914,600560,0.96,0.28,0.129,-1,-1,-0.3,-10.1,-35.7,5.2,0.593737602,-0.244941557,-0.613818781,-0.458967864
1333,3335267,600560,0.964,0.284,0.133,-0.8,-1.1,-0.3,-10.1,-35.7,5.2,0.593707083,-0.244941557,-0.613818781,-0.458967864
1334,3339133,600560,0.96,0.28,0.129,-0.7,-1.1,-0.3,-10.1,-35.7,5.2,0.593707083,-0.244972076,-0.6138493,-0.458967864
1335,3341406,600570,0.96,0.28,0.129,-0.7,-1.1,-0.3,-10.1,-35.7,5.2,0.593707083,-0.244972076,-0.6138493,-0.458967864
1336,3344103,600570,0.964,0.28,0.129,-0.7,-1.1,-0.5,-9.9,-35.9,5.2,0.593646046,-0.245002594,-0.6138493,-0.458998383
1337,3346206,600570,0.964,0.28,0.129,-0.7,-1.2,-0.4,-9.9,-35.9,5.2,0.593615528,-0.245002594,-0.613879818,-0.458998383
1338,3348486,600570,0.964,0.28,0.129,-0.6,-1.2,-0.5,-9.9,-35.9,5.2,0.593585009,-0.245033113,-0.613879818,-0.458998383
1339,3350800,600580,0.964,0.284,0.133,-0.5,-1.3,-0.4,-9.9,-35.9,5.2,0.593585009,-0.245033113,-0.613910337,-0.459028901
1340,3352773,600580,0.964,0.284,0.133,-0.5,-1.3,-0.4,-9.9,-35.9,5.2,0.593585009,-0.245033113,-0.613910337,-0.459028901
1341,3355055,600580,0.964,0.288,0.129,-0.5,-1.4,-0.3,-9.8,-36,4.8,0.593523972,-0.245063631,-0.613940855,-0.459028901
1342,3357574,600580,0.96,0.284,0.133,-0.5,-1.5,-0.4,-9.8,-36,4.8,0.593493454,-0.24509415,-0.613940855,-0.459028901
1343,3361777,600590,0.964,0.284,0.133,-0.5,-1.6,-0.3,-9.8,-36,4.8,0.593462935,-0.245124668,-0.613971374,-0.459028901
1344,3364027,600590,0.964,0.288,0.133,-0.7,-1.6,-0.2,-9.9,-36.2,4.3,0.593432417,-0.245124668,-0.613971374,-0.459028901
1345,3366197,600590,0.964,0.288,0.133,-0.7,-1.6,-0.2,-9.9,-36.2,4.3,0.593432417,-0.245124668,-0.613971374,-0.459028901
1346,3368389,600590,0.964,0.288,0.133,-0.7,-1.6,-0.2,-9.9,-36.2,4.3,0.593432417,-0.245124668,-0.613971374,-0.459028901
1347,3370388,600600,0.96,0.284,0.133,-1,-1.7,-0.1,-9.9,-36.2,4.3,0.593340861,-0.245216224,-0.614032411,-0.45905942
1348,3373670,600600,0.96,0.284,0.133,-1,-1.7,-0.1,-9.9,-36.2,4.3,0.593340861,-0.245216224,-0.614032411,-0.45905942
1349,3375015,600600,0.956,0.288,0.133,-1.2,-2,-0.4,-10,-35.9,5.4,0.593249306,-0.245185705,-0.614032411,-0.459181494
1350,3378330,600600,0.956,0.288,0.133,-1.2,-2,-0.5,-10,-35.9,5.4,0.593218787,-0.245216224,-0.614062929,-0.459181494
1351,3380327,600610,0.96,0.296,0.133,-1.2,-1.9,-0.5,-10,-35.9,5.4,0.59315775,-0.245246742,-0.614062929,-0.459181494
1352,3383625,600610,0.96,0.296,0.133,-1.2,-1.9,-0.5,-10,-35.9,5.4,0.59315775,-0.245246742,-0.614062929,-0.459181494
1353,3385040,600610,0.96,0.296,0.133,-1.2,-1.9,-0.5,-10,-35.9,5.4,0.59315775,-0.245246742,-0.614062929,-0.459181494
1354,3388298,600610,0.96,0.288,0.133,-1.5,-1.9,-0.6,-9.9,-35.7,5.3,0.593066195,-0.245338298,-0.614123966,-0.459242531
1355,3390287,600620,0.956,0.292,0.133,-1.8,-1.9,-0.6,-9.9,-35.7,5.3,0.593005158,-0.245338298,-0.614123966,-0.459273049
1356,3392594,600620,0.956,0.288,0.133,-1.8,-1.7,-0.7,-10.1,-35.6,5.3,0.592974639,-0.245399335,-0.614123966,-0.459273049
1357,3395681,600620,0.956,0.288,0.133,-1.9,-1.4,-0.8,-10.1,-35.6,5.3,0.592944121,-0.245429853,-0.614154485,-0.459303568
1358,3398655,600620,0.956,0.288,0.133,-1.9,-1.4,-0.8,-10.1,-35.6,5.3,0.592944121,-0.245429853,-0.614154485,-0.459303568
1359,3400085,600630,0.948,0.284,0.133,-1.8,-1.2,-0.9,-10.1,-35.6,5.3,0.592852565,-0.245460372,-0.614154485,-0.459364605
1360,3403329,600630,0.952,0.288,0.133,-2,-1.3,-1,-9.8,-36.1,5.3,0.592822047,-0.24549089,-0.614154485,-0.459425642
1361,3405277,600630,0.952,0.284,0.133,-2.1,-1.3,-1.2,-9.8,-36.1,5.3,0.592791528,-0.245521409,-0.614154485,-0.45945616
1362,3407594,600630,0.952,0.288,0.133,-2.3,-1.2,-1.2,-9.8,-36.1,5.3,0.592730491,-0.245551927,-0.614154485,-0.45945616
1363,3410802,600640,0.952,0.288,0.133,-2.5,-1.1,-1.3,-9.8,-36.1,5.3,0.592699973,-0.245582446,-0.614154485,-0.459547716
1364,3413362,600640,0.952,0.284,0.133,-2.6,-1,-1.3,-9.9,-36.2,4.7,0.592638936,-0.245582446,-0.614154485,-0.459578234
1365,3415279,600640,0.956,0.288,0.133,-2.7,-1,-1.3,-9.9,-36.2,4.7,0.592608417,-0.245612964,-0.614123966,-0.459639271
1366,3417710,600640,0.956,0.284,0.133,-2.9,-0.9,-1.4,-9.9,-36.2,4.7,0.592577898,-0.245643483,-0.614123966,-0.45966979
1367,3421541,600650,0.952,0.28,0.133,-3,-0.9,-1.5,-9.9,-36.2,4.7,0.592516861,-0.245674001,-0.614123966,-0.459730827
1368,3423689,600650,0.952,0.28,0.133,-3,-0.9,-1.5,-9.9,-36.2,4.7,0.592516861,-0.245674001,-0.614123966,-0.459730827
1369,3425992,600650,0.956,0.28,0.133,-3.3,-0.6,-1.9,-9.6,-36.2,5,0.592425306,-0.245612964,-0.614062929,-0.459974975
1370,3428321,600650,0.956,0.276,0.133,-3.3,-0.6,-1.9,-9.6,-36.2,5,0.592364269,-0.245643483,-0.614032411,-0.460036012
1371,3430244,600660,0.96,0.284,0.133,-3.7,-0.3,-1.8,-9.6,-36.2,5,0.59233375,-0.245643483,-0.614032411,-0.460127567
1372,3432575,600660,0.956,0.284,0.133,-3.7,-0.3,-1.8,-9.9,-36.2,4.9,0.592303232,-0.245674001,-0.614001892,-0.460188604
1373,3435829,600660,0.96,0.28,0.129,-4,-0.2,-1.6,-9.9,-36.2,4.9,0.592242195,-0.24570452,-0.613971374,-0.46028016
1374,3437815,600660,0.952,0.277,0.133,-4,-0.2,-1.6,-9.9,-36.2,4.9,0.592211676,-0.245765557,-0.613940855,-0.460341197
1375,3440039,600670,0.956,0.28,0.133,-4.2,-0.3,-1.8,-9.9,-36.2,4.9,0.592150639,-0.245796075,-0.613910337,-0.460432752
1376,3443290,600670,0.96,0.284,0.133,-4.2,-0.3,-1.8,-9.9,-36.1,4.9,0.592120121,-0.245826594,-0.613879818,-0.460493789
1377,3445269,600670,0.956,0.28,0.133,-4.2,-0.3,-1.8,-9.9,-36.1,4.9,0.592059084,-0.245857112,-0.6138493,-0.460585345
1378,3447578,600670,0.956,0.276,0.133,-4.2,-0.3,-1.8,-9.9,-36.1,4.9,0.592028565,-0.245887631,-0.613818781,-0.460646382
1379,3450906,600680,0.96,0.273,0.132,-4.3,-0.3,-2.1,-9.9,-36.1,4.9,0.591967528,-0.245918149,-0.613788263,-0.460737938
1380,3452790,600680,0.956,0.28,0.133,-4.3,-0.3,-2.1,-9.9,-36.2,4.6,0.59193701,-0.245948668,-0.613788263,-0.460829493
1381,3455118,600680,0.956,0.276,0.133,-4.4,-0.1,-2.2,-9.9,-36.2,4.6,0.591875973,-0.245979186,-0.613757744,-0.460921049
1382,3458057,600680,0.96,0.28,0.133,-4.4,-0.1,-2.2,-9.9,-36.2,4.6,0.591814936,-0.246009705,-0.613727226,-0.461012604
1383,3461199,600690,0.952,0.28,0.133,-4.4,-0.2,-2.2,-9.9,-36.2,4.6,0.591784417,-0.246040223,-0.613696707,-0.461073641
1384,3462659,600690,0.952,0.28,0.133,-4.4,-0.2,-2.2,-9.9,-36.2,5,0.59172338,-0.246070742,-0.613666189,-0.461165197
1385,3465029,600690,0.956,0.276,0.133,-4.3,-0.1,-2.2,-9.9,-36.2,5,0.591692862,-0.24610126,-0.61363567,-0.461256752
1386,3467517,600690,0.956,0.28,0.129,-4.2,0,-2.2,-9.9,-36.2,5,0.591631825,-0.246131779,-0.613605152,-0.461348308
1387,3471346,600700,0.956,0.273,0.133,-4.2,0,-2.1,-9.9,-36.2,5,0.591601306,-0.246131779,-0.613574633,-0.461409345
1388,3473426,600700,0.956,0.273,0.133,-4.2,0,-2.1,-9.9,-36.2,5,0.591601306,-0.246131779,-0.613574633,-0.461409345
1389,3475472,600700,0.956,0.28,0.133,-4.1,0,-2.2,-10.4,-36.1,5.5,0.591540269,-0.246131779,-0.613452559,-0.461653493
1390,3477618,600700,0.956,0.28,0.133,-4,0,-2.1,-10.4,-36.1,5.5,0.591479232,-0.246162297,-0.61342204,-0.461745048
1391,3480852,600710,0.96,0.284,0.133,-4,0,-1.9,-10.4,-36.1,5.5,0.591448714,-0.246192816,-0.613391522,-0.461806085
1392,3482881,600710,0.956,0.284,0.133,-4,0,-1.8,-9.7,-35.9,4.9,0.591418195,-0.246223334,-0.613361003,-0.461897641
1393,3485111,600710,0.956,0.28,0.133,-4.1,0,-1.8,-9.7,-35.9,4.9,0.591357158,-0.246253853,-0.613330485,-0.461989196
1394,3488369,600710,0.956,0.284,0.129,-4.2,0,-1.9,-9.7,-35.9,4.9,0.59132664,-0.246284371,-0.613299966,-0.462050233
1395,3490332,600720,0.952,0.28,0.133,-4.4,0,-2.2,-9.7,-35.9,4.9,0.591265603,-0.24631489,-0.613269448,-0.462141789
1396,3492663,600720,0.952,0.28,0.133,-4.4,0,-2.4,-10.1,-36.1,4.6,0.591235084,-0.24631489,-0.613238929,-0.462233345
1397,3495075,600720,0.952,0.28,0.133,-4.4,0,-2.4,-10.1,-36.1,4.6,0.591235084,-0.24631489,-0.613238929,-0.462233345
1398,3497663,600720,0.956,0.284,0.133,-4.3,0,-2.1,-10.1,-36.1,4.6,0.591143529,-0.246375927,-0.613177892,-0.462416456
1399,3501374,600730,0.956,0.276,0.133,-4.2,0,-2.1,-10.1,-36.1,4.6,0.591082492,-0.246406446,-0.613147374,-0.462508011
1400,3503559,600730,0.956,0.28,0.133,-4.2,0,-2.1,-10.3,-35.8,5.3,0.591051973,-0.246436964,-0.613116855,-0.462569048
1401,3505730,600730,0.956,0.28,0.133,-4.2,0,-2.2,-10.3,-35.8,5.3,0.590990936,-0.246467483,-0.613086337,-0.462660604
1402,3507861,600730,0.956,0.284,0.129,-4.3,0,-2.1,-10.3,-35.8,5.3,0.590960417,-0.246467483,-0.613055818,-0.462752159
1403,3511224,600740,0.956,0.284,0.129,-4.3,0,-2.1,-10.3,-35.8,5.3,0.590960417,-0.246467483,-0.613055818,-0.462752159
1404,3513613,600740,0.952,0.28,0.133,-4.1,0,-2.1,-10.2,-36.1,4.9,0.590868862,-0.24652852,-0.612994781,-0.462904752
1405,3515770,600740,0.956,0.28,0.133,-4,0,-2.2,-10.2,-36.1,4.9,0.590807825,-0.246559038,-0.612964263,-0.462996307
1406,3517805,600740,0.956,0.276,0.133,-4,-0.1,-2.2,-10.2,-36.1,4.9,0.590777306,-0.246589557,-0.612933744,-0.463087863
1407,3520121,600750,0.96,0.284,0.133,-4.1,-0.1,-2,-10.2,-36.1,4.9,0.590716269,-0.246620075,-0.612903226,-0.463179418
1408,3522626,600750,0.96,0.284,0.133,-4.1,-0.1,-2,-10.2,-36.1,4.9,0.590716269,-0.246620075,-0.612903226,-0.463179418
1409,3526747,600750,0.956,0.284,0.129,-4.3,-0.1,-2,-9.8,-36,5.1,0.590655232,-0.246589557,-0.612781152,-0.463362529
1410,3528305,600750,0.956,0.28,0.133,-4.3,0,-2,-9.8,-36,5.1,0.590624714,-0.246620075,-0.612750633,-0.463484603
1411,3530427,600760,0.956,0.28,0.133,-4.3,0,-2,-9.8,-36,5.1,0.590563677,-0.246650594,-0.612720115,-0.463576159
1412,3532750,600760,0.96,0.284,0.133,-4.3,0,-1.9,-9.7,-36.3,5,0.590533158,-0.246681112,-0.612689596,-0.463637196
1413,3534984,600760,0.96,0.284,0.133,-4.4,-0.1,-1.9,-9.7,-36.3,5,0.590472121,-0.246711631,-0.612659078,-0.463728751
1414,3537413,600760,0.956,0.28,0.133,-4.4,-0.1,-2,-9.7,-36.3,5,0.590441603,-0.246742149,-0.612628559,-0.463820307
1415,3541145,600770,0.952,0.281,0.129,-4.4,-0.2,-2.1,-9.7,-36.3,5,0.590380566,-0.246772668,-0.612598041,-0.463911863
1416,3543394,600770,0.952,0.281,0.129,-4.4,-0.2,-2.3,-9.9,-36.1,5.2,0.590350047,-0.246803186,-0.612567522,-0.464003418
1417,3545866,600770,0.952,0.281,0.129,-4.4,-0.2,-2.3,-9.9,-36.1,5.2,0.590350047,-0.246803186,-0.612567522,-0.464003418
1418,3547681,600770,0.956,0.277,0.129,-4.4,0,-2.4,-9.9,-36.1,5.2,0.590227973,-0.246864223,-0.612506485,-0.464156011
1419,3550025,600780,0.956,0.28,0.129,-4.4,-0.1,-2.2,-9.9,-36.1,5.2,0.590197455,-0.246894742,-0.612475967,-0.464247566
1420,3552513,600780,0.956,0.28,0.133,-4.6,-0.1,-2.2,-10.1,-35.9,5.2,0.590136418,-0.24692526,-0.612445448,-0.464339122
1421,3554929,600780,0.96,0.276,0.132,-4.7,-0.3,-2.2,-10.1,-35.9,5.2,0.590075381,-0.246955779,-0.61241493,-0.464430677
1422,3559285,600780,0.96,0.276,0.132,-4.8,-0.2,-2.3,-10.1,-35.9,5.2,0.590044862,-0.246986297,-0.612384411,-0.464522233
1423,3561852,600790,0.96,0.273,0.132,-4.7,-0.2,-2.3,-10.1,-35.9,5.2,0.589983825,-0.247016816,-0.612353893,-0.464613788
1424,3564422,600790,0.956,0.273,0.129,-4.7,-0.2,-2.5,-9.4,-36.2,4.8,0.589922788,-0.247047334,-0.612323374,-0.464705344
1425,3566827,600790,0.96,0.276,0.132,-4.5,-0.1,-2.5,-9.4,-36.2,4.8,0.589861751,-0.247077853,-0.612292856,-0.464827418
1426,3569147,600790,0.96,0.273,0.132,-4.4,0,-2.6,-9.4,-36.2,4.8,0.589831233,-0.247108371,-0.612262337,-0.464918973
1427,3571661,600800,0.96,0.276,0.129,-4.3,-0.1,-2.5,-9.4,-36.2,4.8,0.589770196,-0.24713889,-0.612231819,-0.465010529
1428,3573850,600800,0.96,0.276,0.129,-4.3,-0.1,-2.5,-9.4,-36.2,4.8,0.589770196,-0.24713889,-0.612231819,-0.465010529
1429,3576060,600800,0.96,0.273,0.132,-4.4,-0.2,-2.5,-9.7,-36.2,4.4,0.589709159,-0.247230445,-0.612109745,-0.465132603
1430,3578334,600800,0.96,0.269,0.128,-4.5,-0.2,-2.4,-9.7,-36.2,4.4,0.58967864,-0.247260964,-0.612079226,-0.465224158
1431,3580386,600810,0.964,0.269,0.128,-4.4,-0.3,-2.3,-9.7,-36.2,4.4,0.589617603,-0.247291482,-0.612079226,-0.465315714
1432,3582438,600810,0.96,0.276,0.132,-4.4,-0.4,-2.2,-9.8,-36,4.8,0.589556566,-0.247291482,-0.612048708,-0.46540727
1433,3584914,600810,0.956,0.273,0.129,-4.3,-0.4,-2.1,-9.8,-36,4.8,0.589495529,-0.247352519,-0.612018189,-0.465498825
1434,3588465,600810,0.956,0.273,0.129,-4.3,-0.4,-2.1,-9.8,-36,4.8,0.589495529,-0.247352519,-0.612018189,-0.465498825
1435,3589910,600820,0.956,0.273,0.129,-4.3,-0.4,-2.1,-9.8,-36,4.8,0.589495529,-0.247352519,-0.612018189,-0.465498825
1436,3592706,600820,0.956,0.273,0.129,-4.3,-0.4,-2.1,-9.8,-36,4.8,0.589495529,-0.247352519,-0.612018189,-0.465498825
1437,3595996,600820,0.96,0.28,0.133,-3.8,-0.6,-1.6,-9.4,-36.2,4.8,0.589312418,-0.247474593,-0.611926634,-0.46580401
1438,3597523,600820,0.96,0.28,0.133,-3.8,-0.7,-1.6,-9.4,-36.2,4.8,0.589281899,-0.247505112,-0.611896115,-0.465865047
1439,3600755,600830,0.956,0.28,0.133,-3.8,-0.7,-1.6,-9.4,-36.2,4.8,0.589220862,-0.24753563,-0.611865596,-0.465926084
1440,3602764,600830,0.952,0.28,0.133,-3.7,-0.7,-1.6,-9.6,-36.2,4.6,0.589190344,-0.247596667,-0.611865596,-0.465987121
1441,3605049,600830,0.956,0.277,0.129,-3.6,-0.7,-1.5,-9.6,-36.2,4.6,0.589129307,-0.247627186,-0.611835078,-0.466048158
1442,3607963,600830,0.948,0.28,0.133,-3.5,-0.8,-1.5,-9.6,-36.2,4.6,0.58906827,-0.247657704,-0.611804559,-0.466109195
1443,3611183,600840,0.952,0.28,0.133,-3.4,-0.8,-1.5,-9.6,-36.2,4.6,0.589037751,-0.247688223,-0.611804559,-0.466170232
1444,3613461,600840,0.952,0.28,0.133,-3.3,-0.8,-1.4,-9.8,-36.5,4.5,0.589007233,-0.247718741,-0.611774041,-0.466231269
1445,3615652,600840,0.952,0.28,0.133,-3.2,-0.7,-1.4,-9.8,-36.5,4.5,0.588946196,-0.24774926,-0.611774041,-0.466292306
1446,3617762,600840,0.952,0.284,0.129,-3.1,-0.7,-1.4,-9.8,-36.5,4.5,0.588915677,-0.247779778,-0.611743522,-0.466353343
1447,3620049,600850,0.956,0.276,0.133,-3,-0.6,-1.3,-9.8,-36.5,4.5,0.58885464,-0.247810297,-0.611743522,-0.46641438
1448,3623211,600850,0.956,0.276,0.133,-3,-0.6,-1.3,-9.8,-36.5,4.5,0.58885464,-0.247810297,-0.611743522,-0.46641438
1449,3625259,600850,0.956,0.28,0.133,-3,-0.5,-1.3,-10,-36.7,4.7,0.588793603,-0.247840815,-0.611682485,-0.466536454
1450,3627538,600850,0.956,0.277,0.129,-3,-0.4,-1.3,-10,-36.7,4.7,0.588763085,-0.247871334,-0.611682485,-0.466597491
1451,3630711,600860,0.956,0.277,0.129,-3,-0.3,-1.5,-10,-36.7,4.7,0.588732566,-0.247871334,-0.611651967,-0.466658528
1452,3632786,600860,0.952,0.273,0.133,-2.9,-0.3,-1.5,-9.6,-36.3,4.6,0.588702048,-0.247901852,-0.611621448,-0.466719565
1453,3635174,600860,0.952,0.281,0.129,-2.8,-0.3,-1.7,-9.6,-36.3,4.6,0.588671529,-0.247932371,-0.611621448,-0.466780602
1454,3637476,600860,0.96,0.276,0.129,-2.8,-0.4,-1.7,-9.6,-36.3,4.6,0.588610492,-0.247932371,-0.61159093,-0.466841639
1455,3641607,600870,0.964,0.28,0.129,-2.8,-0.4,-1.7,-9.6,-36.3,4.6,0.588579974,-0.247962889,-0.61159093,-0.466902676
1456,3643702,600870,0.956,0.28,0.129,-2.9,-0.4,-1.6,-9.8,-36.5,4.6,0.588549455,-0.247962889,-0.611560411,-0.466963713
1457,3646380,600870,0.956,0.28,0.133,-2.9,-0.3,-1.5,-9.8,-36.5,4.6,0.588518937,-0.247993408,-0.611560411,-0.466994232
1458,3648660,600870,0.956,0.276,0.133,-2.9,-0.3,-1.4,-9.8,-36.5,4.6,0.5884579,-0.248023927,-0.611529893,-0.467055269
1459,3650944,600880,0.956,0.276,0.133,-2.8,-0.3,-1.3,-9.8,-36.5,4.6,0.588427381,-0.248054445,-0.611529893,-0.467116306
1460,3652773,600880,0.96,0.28,0.133,-2.7,-0.4,-1.1,-9.8,-36.2,4.6,0.588396863,-0.248054445,-0.611499374,-0.467177343
1461,3655160,600880,0.956,0.28,0.133,-2.7,-0.4,-1,-9.8,-36.2,4.6,0.588366344,-0.248084964,-0.611499374,-0.467207862
1462,3657531,600880,0.952,0.284,0.133,-2.8,-0.4,-0.9,-9.8,-36.2,4.6,0.588335826,-0.248115482,-0.611468856,-0.467268899
1463,3660084,600890,0.956,0.284,0.129,-2.9,-0.4,-0.9,-9.8,-36.2,4.6,0.588305307,-0.248146001,-0.611438337,-0.467268899
1464,3662734,600890,0.956,0.284,0.129,-3,-0.3,-0.9,-9.8,-36.4,4.6,0.588274789,-0.248176519,-0.611438337,-0.467360454
1465,3665121,600890,0.952,0.284,0.133,-3,-0.4,-0.9,-9.8,-36.4,4.6,0.58824427,-0.248207038,-0.611407819,-0.467421491
1466,3668042,600890,0.956,0.284,0.133,-3.2,-0.5,-0.9,-9.8,-36.4,4.6,0.588213752,-0.248237556,-0.6113773,-0.46745201
1467,3670299,600900,0.956,0.288,0.133,-3.2,-0.6,-0.8,-9.8,-36.4,4.6,0.588183233,-0.248268075,-0.6113773,-0.467513047
1468,3672435,600900,0.956,0.288,0.133,-3.2,-0.6,-0.8,-9.8,-36.4,4.6,0.588183233,-0.248268075,-0.6113773,-0.467513047
1469,3676188,600900,0.96,0.288,0.133,-3.2,-0.9,-0.4,-9.6,-36.1,5,0.588091678,-0.248268075,-0.611316263,-0.467665639
1470,3678488,600900,0.956,0.284,0.133,-3.2,-1,-0.2,-9.6,-36.1,5,0.588061159,-0.24835963,-0.611316263,-0.467696158
1471,3680364,600910,0.96,0.292,0.133,-3,-0.9,-0.2,-9.6,-36.1,5,0.588030641,-0.248390149,-0.611285745,-0.467726676
1472,3682541,600910,0.96,0.284,0.133,-3,-0.8,-0.1,-9.6,-36.4,4.1,0.588000122,-0.248451186,-0.611285745,-0.467787713
1473,3686011,600910,0.964,0.292,0.133,-2.9,-0.6,0,-9.6,-36.4,4.1,0.587969604,-0.248481704,-0.611255226,-0.467818232
1474,3687690,600910,0.968,0.292,0.133,-2.9,-0.5,0.2,-9.6,-36.4,4.1,0.587939085,-0.248542741,-0.611224708,-0.46784875
1475,3690112,600920,0.96,0.288,0.133,-2.9,-0.3,0.2,-9.6,-36.4,4.1,0.587939085,-0.24857326,-0.611194189,-0.467879269
1476,3694119,600920,0.968,0.288,0.132,-3,-0.1,0.1,-9.5,-36.5,4.4,0.587908567,-0.248634297,-0.611163671,-0.467909787
1477,3696019,600920,0.964,0.292,0.133,-2.9,0,0,-9.5,-36.5,4.4,0.587908567,-0.248664815,-0.611133152,-0.467970824
1478,3698336,600920,0.964,0.288,0.133,-2.7,0,0,-9.5,-36.5,4.4,0.587878048,-0.248695334,-0.611102634,-0.468001343
1479,3700392,600930,0.964,0.288,0.129,-2.6,0,-0.1,-9.5,-36.5,4.4,0.587878048,-0.248725852,-0.611072115,-0.468031861
1480,3702665,600930,0.964,0.288,0.133,-2.7,0,-0.2,-9.7,-36.3,4.5,0.58784753,-0.248756371,-0.611072115,-0.46806238
1481,3706239,600930,0.968,0.284,0.132,-2.9,0,-0.3,-9.7,-36.3,4.5,0.58784753,-0.248786889,-0.611041597,-0.468123417
1482,3707755,600930,0.964,0.28,0.129,-3,0,-0.5,-9.7,-36.3,4.5,0.587817011,-0.248817408,-0.611011078,-0.468153935
1483,3710297,600940,0.964,0.28,0.129,-3.2,0,-0.5,-9.7,-36.3,4.5,0.587786493,-0.248847926,-0.61098056,-0.468214972
1484,3712400,600940,0.96,0.276,0.132,-3.3,0,-0.6,-9.9,-36.3,4.5,0.587755974,-0.248878445,-0.610950041,-0.468276009
1485,3715078,600940,0.964,0.272,0.132,-3.5,0,-0.5,-9.9,-36.3,4.5,0.587755974,-0.248939482,-0.610919523,-0.468337046
1486,3717673,600940,0.964,0.269,0.132,-3.6,0,-0.6,-9.9,-36.3,4.5,0.587725455,-0.24897,-0.610889004,-0.468367565
1487,3719890,600950,0.964,0.273,0.128,-3.6,0,-0.5,-9.9,-36.3,4.5,0.587694937,-0.249000519,-0.610827967,-0.468428602
1488,3723588,600950,0.964,0.273,0.128,-3.6,0,-0.5,-9.9,-36.3,4.5,0.587694937,-0.249000519,-0.610827967,-0.468428602
1489,3725847,600950,0.96,0.265,0.128,-3.5,-0.1,-0.4,-8.9,-36.4,4.3,0.587694937,-0.24918363,-0.610736412,-0.468489639
1490,3728646,600950,0.964,0.269,0.124,-3.4,-0.1,-0.4,-8.9,-36.4,4.3,0.587664418,-0.249214148,-0.610705893,-0.468520157
1491,3730914,600960,0.964,0.269,0.128,-3.3,0,-0.3,-8.9,-36.4,4.3,0.5876339,-0.249244667,-0.610675375,-0.468581194
1492,3733103,600960,0.96,0.261,0.128,-3.1,0.2,-0.3,-9.4,-36.1,4.5,0.5876339,-0.249244667,-0.610644856,-0.468642232
1493,3735207,600960,0.96,0.269,0.128,-3,0.4,-0.4,-9.4,-36.1,4.5,0.587603381,-0.249305704,-0.610614338,-0.46867275
1494,3738078,600960,0.956,0.273,0.133,-2.8,0.5,-0.3,-9.4,-36.1,4.5,0.587603381,-0.249336222,-0.610583819,-0.468733787
1495,3740837,600970,0.964,0.272,0.132,-2.7,0.6,-0.3,-9.4,-36.1,4.5,0.587572863,-0.249366741,-0.610553301,-0.468764306
1496,3742313,600970,0.96,0.269,0.128,-2.6,0.6,-0.3,-9.1,-36.3,4.4,0.587572863,-0.249366741,-0.610522782,-0.468825343
1497,3745299,600970,0.96,0.269,0.132,-2.5,0.7,-0.4,-9.1,-36.3,4.4,0.587572863,-0.249397259,-0.610461745,-0.468855861
1498,3747487,600970,0.964,0.272,0.132,-2.3,0.7,-0.5,-9.1,-36.3,4.4,0.587542344,-0.249427778,-0.610431227,-0.46888638
1499,3750628,600980,0.964,0.272,0.132,-2.1,0.6,-0.5,-9.1,-36.3,4.4,0.587542344,-0.249427778,-0.610431227,-0.468947417
1500,3752725,600980,0.956,0.277,0.129,-2,0.5,-0.4,-9.1,-36.2,4.3,0.587542344,-0.249427778,-0.610400708,-0.468977935
1501,3755612,600980,0.96,0.276,0.132,-1.9,0.5,-0.3,-9.1,-36.2,4.3,0.587542344,-0.249458296,-0.610339671,-0.469008454
1502,3758222,600980,0.96,0.273,0.132,-1.9,0.5,0,-9.1,-36.2,4.3,0.587542344,-0.249488815,-0.610339671,-0.469038972
1503,3761150,600990,0.956,0.284,0.133,-1.9,0.4,0.1,-9.1,-36.2,4.3,0.587511826,-0.249488815,-0.610309153,-0.469069491
1504,3763520,600990,0.96,0.276,0.132,-1.9,0.2,0.2,-10.5,-36.4,4.5,0.587511826,-0.249519333,-0.610278634,-0.469100009
1505,3765657,600990,0.956,0.284,0.133,-1.8,0.2,0.3,-10.5,-36.4,4.5,0.587511826,-0.249549852,-0.610278634,-0.469100009
1506,3767750,600990,0.956,0.288,0.133,-1.6,0.1,0.5,-10.5,-36.4,4.5,0.587511826,-0.24958037,-0.610248115,-0.469130528
1507,3770625,601000,0.952,0.288,0.133,-1.6,0,0.5,-10.5,-36.4,4.5,0.587511826,-0.249610889,-0.610217597,-0.469130528
1508,3773444,601000,0.952,0.288,0.133,-1.6,0,0.5,-10.5,-36.4,4.5,0.587511826,-0.249610889,-0.610217597,-0.469130528
1509,3776151,601000,0.952,0.292,0.133,-1.7,0.2,0.6,-8.9,-36.2,4.3,0.587511826,-0.249610889,-0.610187078,-0.469222083
1510,3777480,601000,0.952,0.288,0.133,-1.8,0.3,0.6,-8.9,-36.2,4.3,0.587511826,-0.249641408,-0.61015656,-0.469222083
1511,3780666,601010,0.952,0.292,0.133,-1.9,0.5,0.5,-8.9,-36.2,4.3,0.587511826,-0.249671926,-0.610126041,-0.469222083
1512,3782301,601010,0.952,0.292,0.129,-1.9,0.5,0.4,-9,-36.4,4.3,0.587511826,-0.249702445,-0.610095523,-0.46928312
1513,3785916,601010,0.948,0.292,0.129,-1.8,0.5,0.3,-9,-36.4,4.3,0.587511826,-0.249732963,-0.610065004,-0.469313639
1514,3788083,601010,0.948,0.288,0.133,-1.8,0.6,0.3,-9,-36.4,4.3,0.587511826,-0.249732963,-0.610034486,-0.469313639
1515,3791105,601020,0.948,0.292,0.129,-1.8,0.5,0.3,-9,-36.4,4.3,0.587511826,-0.249763482,-0.610003967,-0.469344157
1516,3793118,601020,0.952,0.288,0.129,-1.9,0.5,0.2,-8.7,-35.8,4.7,0.587511826,-0.249794,-0.609973449,-0.469374676
1517,3796026,601020,0.952,0.284,0.133,-1.9,0.5,0,-8.7,-35.8,4.7,0.587511826,-0.249824519,-0.60994293,-0.469405194
1518,3797637,601020,0.952,0.284,0.133,-2,0.6,0,-8.7,-35.8,4.7,0.587511826,-0.249824519,-0.609912412,-0.469435713
1519,3800817,601030,0.948,0.288,0.133,-2,0.7,-0.1,-8.7,-35.8,4.7,0.587511826,-0.249855037,-0.609881893,-0.469466231
1520,3803041,601030,0.948,0.288,0.133,-2,0.6,-0.2,-8.8,-36.1,4.7,0.587481307,-0.249855037,-0.609851375,-0.46949675
1521,3805894,601030,0.948,0.284,0.133,-2,0.6,-0.2,-8.8,-36.1,4.7,0.587481307,-0.249885556,-0.609820856,-0.469527268
1522,3807387,601030,0.948,0.288,0.133,-2.1,0.6,-0.2,-8.8,-36.1,4.7,0.587481307,-0.249885556,-0.609790338,-0.469557787
1523,3810496,601040,0.948,0.284,0.133,-2.3,0.6,-0.2,-8.8,-36.1,4.7,0.587481307,-0.249916074,-0.609759819,-0.469618824
1524,3813361,601040,0.948,0.284,0.133,-2.4,0.5,-0.1,-10.5,-36.4,4.4,0.587481307,-0.249946593,-0.609729301,-0.469649342
1525,3816292,601040,0.948,0.28,0.133,-2.5,0.4,-0.1,-10.5,-36.4,4.4,0.587450789,-0.249977111,-0.609698782,-0.469679861
1526,3817677,601040,0.948,0.277,0.133,-2.6,0.4,-0.1,-10.5,-36.4,4.4,0.587450789,-0.25000763,-0.609668264,-0.469710379
1527,3820864,601050,0.948,0.28,0.133,-2.7,0.4,-0.1,-10.5,-36.4,4.4,0.587450789,-0.25000763,-0.609637745,-0.469771416
1528,3823653,601050,0.948,0.28,0.133,-2.7,0.4,-0.1,-10.5,-36.4,4.4,0.587450789,-0.25000763,-0.609637745,-0.469771416
1529,3825098,601050,0.948,0.277,0.133,-2.8,0.4,-0.5,-9.3,-36,4,0.58742027,-0.250038148,-0.609576708,-0.46989349
1530,3828276,601050,0.948,0.28,0.133,-2.9,0.4,-0.5,-9.3,-36,4,0.587389752,-0.250068667,-0.60954619,-0.469924009
1531,3831120,601060,0.948,0.277,0.133,-2.9,0.4,-0.4,-9.3,-36,4,0.587389752,-0.250099185,-0.609515671,-0.469985046
1532,3832662,601060,0.952,0.277,0.133,-3,0.4,-0.2,-9.1,-36.1,4.3,0.587359233,-0.250129704,-0.609485153,-0.470015564
1533,3835737,601060,0.948,0.28,0.133,-2.9,0.5,-0.1,-9.1,-36.1,4.3,0.587359233,-0.250160222,-0.609454634,-0.470076601
1534,3838511,601060,0.952,0.277,0.133,-2.7,0.6,0,-9.1,-36.1,4.3,0.587359233,-0.250190741,-0.609393597,-0.47010712
1535,3839965,601070,0.956,0.28,0.133,-2.6,0.7,0,-9.1,-36.1,4.3,0.587328715,-0.250221259,-0.609363079,-0.470137638
1536,3843786,601070,0.952,0.28,0.133,-2.6,0.7,-0.1,-9.1,-36.4,4.1,0.587328715,-0.250221259,-0.60933256,-0.470198675
1537,3845113,601070,0.952,0.28,0.133,-2.5,0.5,-0.3,-9.1,-36.4,4.1,0.587328715,-0.250251778,-0.609302042,-0.470229194
1538,3848449,601070,0.952,0.281,0.129,-2.4,0.4,-0.5,-9.1,-36.4,4.1,0.587298196,-0.250282296,-0.609271523,-0.470259713
1539,3850508,601080,0.956,0.276,0.133,-2.3,0.4,-0.6,-9.1,-36.4,4.1,0.587298196,-0.250282296,-0.609241005,-0.47032075
1540,3853539,601080,0.952,0.277,0.133,-2.2,0.3,-0.7,-9,-36.4,4.4,0.587298196,-0.250312815,-0.609210486,-0.470351268
1541,3855083,601080,0.956,0.28,0.129,-2.2,0.3,-0.7,-9,-36.4,4.4,0.587267678,-0.250312815,-0.609210486,-0.470381787
1542,3857363,601080,0.956,0.28,0.129,-2.1,0.2,-0.9,-9,-36.4,4.4,0.587237159,-0.250343333,-0.609179968,-0.470442824
1543,3859798,601090,0.96,0.276,0.129,-2.1,0.1,-0.8,-9,-36.4,4.4,0.587237159,-0.250343333,-0.609149449,-0.470473342
1544,3863272,601090,0.956,0.276,0.133,-2.2,0,-0.8,-10.4,-36.3,4.2,0.587206641,-0.250373852,-0.609149449,-0.470503861
1545,3866309,601090,0.956,0.276,0.133,-2.2,0,-0.7,-10.4,-36.3,4.2,0.587206641,-0.25040437,-0.609118931,-0.470564898
1546,3868310,601090,0.96,0.276,0.132,-2.1,0,-0.7,-10.4,-36.3,4.2,0.587176122,-0.25040437,-0.609088412,-0.470595416
1547,3871125,601100,0.96,0.28,0.129,-2.1,0.1,-0.7,-10.4,-36.3,4.2,0.587145604,-0.250434889,-0.609088412,-0.470625935
1548,3872687,601100,0.96,0.28,0.129,-2.1,0.1,-0.7,-10.4,-36.3,4.2,0.587145604,-0.250434889,-0.609088412,-0.470625935
1549,3875839,601100,0.956,0.28,0.133,-2.2,0.2,-0.7,-8.2,-36.1,4.5,0.587115085,-0.250465407,-0.609057894,-0.470686972
1550,3877356,601100,0.96,0.276,0.129,-2.2,0.2,-0.7,-8.2,-36.1,4.5,0.587115085,-0.250465407,-0.609027375,-0.47071749
1551,3880121,601110,0.96,0.276,0.132,-2.2,0.1,-0.7,-8.2,-36.1,4.5,0.587084567,-0.250526444,-0.608996857,-0.470778527
1552,3883283,601110,0.956,0.273,0.133,-2.2,0,-0.7,-8.2,-36.3,4.4,0.587084567,-0.250556963,-0.608966338,-0.470809046
1553,3886451,601110,0.96,0.273,0.132,-2.2,-0.1,-0.7,-8.2,-36.3,4.4,0.587054048,-0.250556963,-0.608966338,-0.470839564
1554,3888524,601110,0.96,0.273,0.132,-2.2,-0.1,-0.7,-8.2,-36.3,4.4,0.58702353,-0.250587481,-0.60893582,-0.470900601
1555,3889831,601120,0.96,0.273,0.132,-2.1,0,-0.8,-8.2,-36.3,4.4,0.586993011,-0.250618,-0.60893582,-0.47093112
1556,3892969,601120,0.96,0.276,0.132,-2,0,-0.7,-8.3,-36,4.5,0.586993011,-0.250618,-0.608905301,-0.470961638
1557,3895844,601120,0.956,0.273,0.133,-1.9,0.1,-0.6,-8.3,-36,4.5,0.586962493,-0.250648518,-0.608905301,-0.470992157
1558,3897304,601120,0.956,0.273,0.129,-1.9,0.1,-0.5,-8.3,-36,4.5,0.586962493,-0.250648518,-0.608874783,-0.471022675
1559,3900300,601130,0.96,0.273,0.129,-1.9,0.2,-0.5,-8.3,-36,4.5,0.586901456,-0.250679037,-0.608844264,-0.471053194
1560,3903240,601130,0.96,0.273,0.129,-1.7,0.1,-0.4,-8.5,-36.4,4.5,0.586901456,-0.250679037,-0.608844264,-0.471083712
1561,3906164,601130,0.956,0.273,0.133,-1.5,0,-0.3,-8.5,-36.4,4.5,0.586901456,-0.250709555,-0.608813746,-0.471114231
1562,3907703,601130,0.956,0.276,0.133,-1.3,0,-0.2,-8.5,-36.4,4.5,0.586901456,-0.250709555,-0.608813746,-0.471144749
1563,3910663,601140,0.96,0.273,0.132,-1.2,0,-0.3,-8.5,-36.4,4.5,0.586901456,-0.250709555,-0.608783227,-0.471175268
1564,3913679,601140,0.96,0.276,0.132,-1.2,0.1,-0.4,-10.4,-36.3,4.3,0.586901456,-0.250740074,-0.608783227,-0.471175268
1565,3914978,601140,0.964,0.276,0.129,-1.2,0.2,-0.4,-10.4,-36.3,4.3,0.586870937,-0.250740074,-0.608783227,-0.471175268
1566,3918049,601140,0.952,0.28,0.133,-1.2,0.1,-0.4,-10.4,-36.3,4.3,0.586870937,-0.250740074,-0.608752709,-0.471236305
1567,3921013,601150,0.956,0.277,0.129,-1.1,0,-0.3,-10.4,-36.3,4.3,0.586870937,-0.250770592,-0.608752709,-0.471266823
1568,3922486,601150,0.956,0.277,0.129,-1.1,0,-0.3,-10.4,-36.3,4.3,0.586870937,-0.250770592,-0.608752709,-0.471266823
1569,3925282,601150,0.956,0.28,0.129,-1.1,-0.1,0,-8.8,-36.1,4,0.586840419,-0.250831629,-0.608752709,-0.471236305
1570,3928460,601150,0.956,0.276,0.133,-1.2,-0.1,0,-8.8,-36.1,4,0.586840419,-0.250862148,-0.608752709,-0.471236305
1571,3929945,601160,0.956,0.284,0.129,-1.2,-0.1,-0.1,-8.8,-36.1,4,0.5868099,-0.250862148,-0.60872219,-0.471266823
1572,3933256,601160,0.956,0.284,0.133,-1.2,-0.1,-0.1,-8.8,-36.2,4.2,0.5868099,-0.250892666,-0.60872219,-0.471266823
1573,3935041,601160,0.956,0.28,0.133,-1.1,-0.1,-0.2,-8.8,-36.2,4.2,0.5868099,-0.250892666,-0.60872219,-0.471297342
1574,3937439,601160,0.952,0.284,0.133,-1.1,0,-0.1,-8.8,-36.2,4.2,0.5868099,-0.250923185,-0.608691671,-0.47132786
1575,3940727,601170,0.952,0.288,0.133,-1.1,0,0,-8.8,-36.2,4.2,0.586779382,-0.250923185,-0.608691671,-0.47132786
1576,3942671,601170,0.956,0.288,0.133,-1.1,-0.1,0,-8.8,-36.5,4.2,0.586779382,-0.250953703,-0.608691671,-0.471358379
1577,3945873,601170,0.956,0.284,0.133,-1.2,-0.2,-0.1,-8.8,-36.5,4.2,0.586779382,-0.250953703,-0.608661153,-0.471358379
1578,3947760,601170,0.96,0.28,0.133,-1.2,-0.2,-0.1,-8.8,-36.5,4.2,0.586748863,-0.250984222,-0.608661153,-0.471388897
1579,3951059,601180,0.956,0.288,0.133,-1.2,-0.1,-0.2,-8.8,-36.5,4.2,0.586748863,-0.250984222,-0.608661153,-0.471388897
1580,3953303,601180,0.956,0.284,0.133,-1.2,0,-0.2,-8.7,-36.2,4.3,0.586748863,-0.25101474,-0.608630634,-0.471419416
1581,3955724,601180,0.952,0.288,0.133,-1.1,0,-0.2,-8.7,-36.2,4.3,0.586718345,-0.25101474,-0.608630634,-0.471449934
1582,3957555,601180,0.956,0.288,0.133,-1.1,0,-0.2,-8.7,-36.2,4.3,0.586718345,-0.25101474,-0.608630634,-0.471449934
1583,3959982,601190,0.956,0.28,0.133,-1.2,0,-0.3,-8.7,-36.2,4.3,0.586718345,-0.251045259,-0.608600116,-0.471480453
1584,3962921,601190,0.952,0.284,0.133,-1.3,0,-0.5,-10.3,-36.3,4.4,0.586687826,-0.251045259,-0.608600116,-0.471510971
1585,3965121,601190,0.956,0.276,0.133,-1.5,0,-0.6,-10.3,-36.3,4.4,0.586687826,-0.251045259,-0.608600116,-0.47154149
1586,3969024,601190,0.956,0.28,0.133,-1.4,-0.1,-0.7,-10.3,-36.3,4.4,0.586657308,-0.251075777,-0.608569597,-0.471572008
1587,3970330,601200,0.956,0.28,0.133,-1.5,-0.1,-0.8,-10.3,-36.3,4.4,0.586626789,-0.251075777,-0.608569597,-0.471602527
1588,3973549,601200,0.956,0.28,0.133,-1.5,-0.1,-0.8,-10.3,-36.3,4.4,0.586626789,-0.251075777,-0.608569597,-0.471602527
1589,3976507,601200,0.956,0.276,0.133,-1.6,0,-0.9,-8.7,-36.2,4.1,0.586596271,-0.251106296,-0.608569597,-0.471633045
1590,3978035,601200,0.952,0.273,0.133,-1.6,0,-0.8,-8.7,-36.2,4.1,0.586565752,-0.251106296,-0.608539079,-0.471694082
1591,3981109,601210,0.952,0.273,0.133,-1.9,0,-0.8,-8.7,-36.2,4.1,0.586565752,-0.251136814,-0.608539079,-0.471724601
1592,3983349,601210,0.952,0.269,0.133,-2.1,-0.1,-0.7,-9,-36.1,4.3,0.586535234,-0.251136814,-0.60850856,-0.471755119
1593,3986302,601210,0.952,0.277,0.133,-2.1,-0.3,-0.7,-9,-36.1,4.3,0.586504715,-0.251167333,-0.60850856,-0.471785638
1594,3987745,601210,0.948,0.273,0.133,-2.1,-0.3,-0.6,-9,-36.1,4.3,0.586474197,-0.251197851,-0.608478042,-0.471816156
1595,3990964,601220,0.948,0.273,0.133,-2,-0.2,-0.7,-9,-36.1,4.3,0.586474197,-0.251197851,-0.608478042,-0.471877194
1596,3992407,601220,0.952,0.277,0.133,-1.9,-0.1,-0.6,-9,-36.1,4.3,0.586443678,-0.25122837,-0.608478042,-0.471907712
1597,3996325,601220,0.952,0.277,0.133,-1.8,-0.2,-0.4,-9,-36.1,4.3,0.58641316,-0.251258889,-0.608447523,-0.471938231
1598,3998654,601220,0.948,0.281,0.129,-1.8,-0.2,-0.1,-9,-36.1,4.3,0.58641316,-0.251258889,-0.608447523,-0.471938231
1599,4000959,601230,0.952,0.277,0.133,-1.8,-0.3,0,-9,-36.1,4.3,0.586382641,-0.251289407,-0.608417005,-0.471968749
1600,4003048,601230,0.952,0.277,0.133,-1.8,-0.3,0,-8.8,-36.1,4,0.586382641,-0.251319926,-0.608417005,-0.471999268
1601,4005281,601230,0.952,0.28,0.133,-1.6,-0.3,0,-8.8,-36.1,4,0.586352123,-0.251350444,-0.608386486,-0.472029786
1602,4007552,601230,0.952,0.284,0.133,-1.3,-0.2,-0.1,-8.8,-36.1,4,0.586352123,-0.251350444,-0.608386486,-0.472029786
1603,4010173,601240,0.956,0.28,0.133,-1.2,0,-0.1,-8.8,-36.1,4,0.586352123,-0.251380963,-0.608386486,-0.472060305
1604,4012763,601240,0.956,0.284,0.133,-1,0,-0.2,-10,-36.5,4.3,0.586352123,-0.251380963,-0.608355968,-0.472060305
1605,4015097,601240,0.956,0.28,0.133,-1,0.1,-0.2,-10,-36.5,4.3,0.586321604,-0.251411481,-0.608355968,-0.472090823
1606,4018790,601240,0.956,0.28,0.133,-0.9,0.1,-0.1,-10,-36.5,4.3,0.586321604,-0.251411481,-0.608355968,-0.472090823
1607,4020235,601250,0.952,0.284,0.133,-0.7,0.1,-0.1,-10,-36.5,4.3,0.586321604,-0.251411481,-0.608325449,-0.472121342
1608,4022478,601250,0.952,0.284,0.133,-0.7,0.1,-0.1,-10,-36.5,4.3,0.586321604,-0.251411481,-0.608325449,-0.472121342
1609,4026105,601250,0.956,0.28,0.129,-0.4,0.1,-0.2,-8.4,-36.7,3.7,0.586291086,-0.251411481,-0.608325449,-0.47215186
1610,4028362,601250,0.956,0.28,0.133,-0.4,0,-0.2,-8.4,-36.7,3.7,0.586291086,-0.251411481,-0.608325449,-0.47215186
1611,4030310,601260,0.952,0.28,0.133,-0.4,0,-0.3,-8.4,-36.7,3.7,0.586291086,-0.251411481,-0.608325449,-0.47215186
1612,4032933,601260,0.952,0.28,0.133,-0.4,-0.2,-0.3,-9.2,-36.2,3.9,0.586291086,-0.251411481,-0.608325449,-0.47215186
1613,4035251,601260,0.956,0.288,0.133,-0.4,-0.2,-0.2,-9.2,-36.2,3.9,0.586260567,-0.251411481,-0.608325449,-0.472182379
1614,4038465,601260,0.952,0.284,0.133,-0.4,-0.2,-0.2,-9.2,-36.2,3.9,0.586260567,-0.251442,-0.608325449,-0.472182379
1615,4040119,601270,0.952,0.281,0.129,-0.4,-0.1,-0.3,-9.2,-36.2,3.9,0.586260567,-0.251442,-0.608325449,-0.472182379
1616,4043510,601270,0.956,0.276,0.133,-0.3,0,-0.4,-8.8,-36.3,3.9,0.586260567,-0.251442,-0.608325449,-0.472212897
1617,4045908,601270,0.952,0.28,0.133,-0.4,0,-0.5,-8.8,-36.3,3.9,0.586230049,-0.251442,-0.608325449,-0.472212897
1618,4047875,601270,0.952,0.28,0.133,-0.5,0,-0.5,-8.8,-36.3,3.9,0.586230049,-0.251442,-0.608325449,-0.472212897
1619,4050062,601280,0.956,0.277,0.129,-0.7,0,-0.3,-8.8,-36.3,3.9,0.586230049,-0.251442,-0.608325449,-0.472243416
1620,4053978,601280,0.956,0.277,0.129,-0.8,0,-0.1,-9.4,-36.2,4.2,0.586230049,-0.251442,-0.608325449,-0.472243416
1621,4055502,601280,0.956,0.284,0.129,-0.9,0,-0.1,-9.4,-36.2,4.2,0.58619953,-0.251442,-0.608294931,-0.472273934
1622,4059155,601280,0.952,0.281,0.129,-0.9,0,-0.1,-9.4,-36.2,4.2,0.58619953,-0.251472518,-0.608294931,-0.472273934
1623,4060942,601290,0.952,0.284,0.129,-0.8,0,-0.2,-9.4,-36.2,4.2,0.58619953,-0.251472518,-0.608294931,-0.472304453
1624,4062820,601290,0.956,0.284,0.133,-0.7,0,-0.1,-9.8,-36.4,4.1,0.58619953,-0.251472518,-0.608294931,-0.472304453
1625,4066509,601290,0.952,0.28,0.133,-0.7,-0.1,-0.1,-9.8,-36.4,4.1,0.586169012,-0.251472518,-0.608294931,-0.472304453
1626,4068165,601290,0.956,0.284,0.129,-0.7,-0.2,-0.1,-9.8,-36.4,4.1,0.586169012,-0.251503037,-0.608264412,-0.472334971
1627,4069909,601300,0.956,0.284,0.133,-0.7,-0.2,0,-9.8,-36.4,4.1,0.586169012,-0.251503037,-0.608264412,-0.472334971
1628,4073810,601300,0.956,0.284,0.133,-0.7,-0.2,0,-9.8,-36.4,4.1,0.586169012,-0.251503037,-0.608264412,-0.472334971
1629,4076403,601300,0.948,0.288,0.129,-0.5,-0.2,0.1,-8.9,-36.5,4.5,0.586107974,-0.251503037,-0.608294931,-0.472334971
1630,4078765,601300,0.952,0.288,0.129,-0.4,-0.3,0.1,-8.9,-36.5,4.5,0.586107974,-0.251533555,-0.608294931,-0.47236549
1631,4080981,601310,0.96,0.288,0.133,-0.4,-0.5,0.2,-8.9,-36.5,4.5,0.586107974,-0.251533555,-0.608294931,-0.472334971
1632,4083263,601310,0.952,0.288,0.133,-0.4,-0.7,0.3,-8.8,-36.4,4.2,0.586107974,-0.251564074,-0.608294931,-0.472334971
1633,4085270,601310,0.956,0.288,0.133,-0.5,-1,0.4,-8.8,-36.4,4.2,0.586077456,-0.251564074,-0.608325449,-0.472334971
1634,4087522,601310,0.952,0.288,0.133,-0.5,-1.1,0.4,-8.8,-36.4,4.2,0.586077456,-0.251594592,-0.608325449,-0.472334971
1635,4090748,601320,0.952,0.288,0.133,-0.5,-1.3,0.4,-8.8,-36.4,4.2,0.586046937,-0.251625111,-0.608325449,-0.472334971
1636,4092744,601320,0.952,0.292,0.133,-0.4,-1.3,0.4,-9.1,-36.8,4.3,0.586046937,-0.251655629,-0.608325449,-0.472334971
1637,4095021,601320,0.952,0.296,0.133,-0.4,-1.3,0.5,-9.1,-36.8,4.3,0.586016419,-0.251686148,-0.608355968,-0.472304453
1638,4098577,601320,0.948,0.288,0.129,-0.3,-1.3,0.5,-9.1,-36.8,4.3,0.586016419,-0.251716666,-0.608355968,-0.472304453
1639,4100029,601330,0.952,0.292,0.133,-0.4,-1.2,0.6,-9.1,-36.8,4.3,0.586016419,-0.251747185,-0.608355968,-0.472304453
1640,4103227,601330,0.956,0.288,0.129,-0.4,-1,0.5,-8.8,-36.8,4.2,0.5859859,-0.251747185,-0.608355968,-0.472304453
1641,4106283,601330,0.956,0.292,0.133,-0.4,-0.9,0.5,-8.8,-36.8,4.2,0.5859859,-0.251777703,-0.608386486,-0.472273934
1642,4108606,601330,0.956,0.288,0.133,-0.4,-0.7,0.4,-8.8,-36.8,4.2,0.5859859,-0.251808222,-0.608386486,-0.472273934
1643,4110078,601340,0.956,0.288,0.129,-0.4,-0.5,0.4,-8.8,-36.8,4.2,0.585955382,-0.251808222,-0.608386486,-0.472273934
1644,4113965,601340,0.952,0.292,0.133,-0.4,-0.5,0.4,-9.8,-36.6,4.3,0.585955382,-0.25183874,-0.608386486,-0.472273934
1645,4116389,601340,0.956,0.284,0.133,-0.4,-0.5,0.4,-9.8,-36.6,4.3,0.585955382,-0.25183874,-0.608386486,-0.472273934
1646,4118278,601340,0.96,0.288,0.133,-0.4,-0.5,0.4,-9.8,-36.6,4.3,0.585955382,-0.251869259,-0.608386486,-0.472273934
1647,4119938,601350,0.956,0.288,0.133,-0.4,-0.5,0.4,-9.8,-36.6,4.3,0.585955382,-0.251869259,-0.608386486,-0.472273934
1648,4122555,601350,0.956,0.288,0.133,-0.4,-0.5,0.4,-9.8,-36.6,4.3,0.585955382,-0.251869259,-0.608386486,-0.472273934
1649,4126822,601350,0.956,0.288,0.133,-0.1,-0.5,0.5,-9.3,-36.7,4.5,0.585894345,-0.25183874,-0.608417005,-0.472304453
1650,4129345,601350,0.952,0.288,0.133,-0.1,-0.7,0.7,-9.3,-36.7,4.5,0.585894345,-0.251869259,-0.608417005,-0.472304453
1651,4131384,601360,0.956,0.288,0.129,-0.2,-0.7,0.7,-9.3,-36.7,4.5,0.585894345,-0.251899777,-0.608417005,-0.472273934
1652,4133593,601360,0.96,0.288,0.133,-0.4,-0.8,0.8,-9.5,-36.2,4.1,0.585863826,-0.251899777,-0.608417005,-0.472273934
1653,4135191,601360,0.96,0.288,0.133,-0.5,-0.8,0.8,-9.5,-36.2,4.1,0.585863826,-0.251930296,-0.608447523,-0.472273934
1654,4137476,601360,0.96,0.292,0.129,-0.4,-0.9,0.8,-9.5,-36.2,4.1,0.585863826,-0.251960814,-0.608447523,-0.472243416
1655,4141448,601370,0.96,0.292,0.133,-0.3,-0.8,0.8,-9.5,-36.2,4.1,0.585863826,-0.251991333,-0.608447523,-0.472243416
1656,4143693,601370,0.956,0.284,0.133,-0.2,-0.8,0.8,-9.3,-36.3,3.9,0.585863826,-0.252021851,-0.608447523,-0.472243416
1657,4145985,601370,0.956,0.284,0.133,-0.2,-0.8,0.9,-9.3,-36.3,3.9,0.585863826,-0.25205237,-0.608447523,-0.472212897
1658,4148466,601370,0.956,0.288,0.133,-0.3,-0.8,1.1,-9.3,-36.3,3.9,0.585863826,-0.252082888,-0.608447523,-0.472212897
1659,4150244,601380,0.956,0.288,0.133,-0.5,-0.8,1.3,-9.3,-36.3,3.9,0.585863826,-0.252113407,-0.608447523,-0.472182379
1660,4152582,601380,0.96,0.284,0.133,-0.7,-0.9,1.3,-9.6,-36.5,4.1,0.585833308,-0.252143925,-0.608447523,-0.472182379
1661,4156077,601380,0.96,0.288,0.133,-0.7,-0.9,1.3,-9.6,-36.5,4.1,0.585833308,-0.252174444,-0.608447523,-0.47215186
1662,4157808,601380,0.96,0.288,0.129,-0.7,-1,1.3,-9.6,-36.5,4.1,0.585833308,-0.252204962,-0.608447523,-0.47215186
1663,4159972,601390,0.956,0.284,0.133,-0.7,-1,1.3,-9.6,-36.5,4.1,0.585833308,-0.252265999,-0.608447523,-0.47215186
1664,4162400,601390,0.964,0.288,0.133,-0.9,-0.9,1.3,-9.7,-36.6,4.2,0.585833308,-0.252296518,-0.608417005,-0.472121342
1665,4166405,601390,0.964,0.288,0.129,-0.9,-0.8,1.3,-9.7,-36.6,4.2,0.585833308,-0.252327036,-0.608417005,-0.472121342
1666,4168962,601390,0.96,0.288,0.133,-0.9,-0.8,1.2,-9.7,-36.6,4.2,0.585833308,-0.252357555,-0.608417005,-0.472121342
1667,4170841,601400,0.964,0.288,0.129,-0.9,-0.8,1.3,-9.7,-36.6,4.2,0.585833308,-0.252418592,-0.608417005,-0.472090823
1668,4172988,601400,0.964,0.288,0.129,-0.9,-0.8,1.3,-9.7,-36.6,4.2,0.585833308,-0.252418592,-0.608417005,-0.472090823
1669,4175128,601400,0.964,0.292,0.129,-0.7,-1,1.2,-9.2,-36.4,4.2,0.585772271,-0.252418592,-0.608447523,-0.472090823
1670,4177344,601400,0.964,0.292,0.129,-0.7,-1,1.1,-9.2,-36.4,4.2,0.585741752,-0.252479629,-0.608447523,-0.472090823
1671,4180855,601410,0.964,0.284,0.133,-0.7,-1,1.1,-9.2,-36.4,4.2,0.585741752,-0.252510147,-0.608447523,-0.472090823
1672,4182357,601410,0.964,0.288,0.133,-0.7,-1,1.2,-9.2,-36.5,4,0.585741752,-0.252540666,-0.608447523,-0.472060305
1673,4185243,601410,0.964,0.284,0.133,-0.6,-1,1.3,-9.2,-36.5,4,0.585741752,-0.252571184,-0.608447523,-0.472060305
1674,4188585,601410,0.964,0.288,0.133,-0.5,-0.9,1.3,-9.2,-36.5,4,0.585741752,-0.252601703,-0.608447523,-0.472029786
1675,4190202,601420,0.968,0.284,0.132,-0.5,-0.8,1.2,-9.2,-36.5,4,0.585741752,-0.25266274,-0.608447523,-0.472029786
1676,4192478,601420,0.964,0.28,0.132,-0.6,-0.7,1.2,-9.3,-36.7,4.2,0.585741752,-0.252693258,-0.608447523,-0.472029786
1677,4195066,601420,0.964,0.288,0.133,-0.7,-0.7,1.2,-9.3,-36.7,4.2,0.585741752,-0.252723777,-0.608447523,-0.471999268
1678,4197720,601420,0.96,0.288,0.129,-0.7,-0.7,1.1,-9.3,-36.7,4.2,0.585741752,-0.252754295,-0.608447523,-0.471999268
1679,4201560,601430,0.96,0.28,0.133,-0.7,-0.7,1.2,-9.3,-36.7,4.2,0.585741752,-0.252784814,-0.608447523,-0.471999268
1680,4203615,601430,0.964,0.284,0.129,-0.8,-0.7,1.2,-9.5,-36.5,3.9,0.585711234,-0.252815332,-0.608417005,-0.471968749
1681,4205187,601430,0.96,0.284,0.133,-0.9,-0.7,1.3,-9.5,-36.5,3.9,0.585711234,-0.252845851,-0.608417005,-0.471968749
1682,4208411,601430,0.964,0.284,0.129,-1,-0.7,1.4,-9.5,-36.5,3.9,0.585711234,-0.25287637,-0.608417005,-0.471968749
1683,4210927,601440,0.96,0.284,0.133,-1,-0.7,1.3,-9.5,-36.5,3.9,0.585711234,-0.252937407,-0.608417005,-0.471968749
1684,4213004,601440,0.96,0.284,0.133,-1,-0.7,1.3,-9.7,-36.6,4.1,0.585711234,-0.252967925,-0.608386486,-0.471938231
1685,4214849,601440,0.964,0.28,0.129,-1,-0.6,1.2,-9.7,-36.6,4.1,0.585711234,-0.252998444,-0.608386486,-0.471938231
1686,4218635,601440,0.96,0.284,0.133,-1.1,-0.5,1.1,-9.7,-36.6,4.1,0.585711234,-0.253028962,-0.608386486,-0.471938231
1687,4220965,601450,0.964,0.284,0.133,-1.2,-0.4,1.1,-9.7,-36.6,4.1,0.585711234,-0.253089999,-0.608355968,-0.471938231
1688,4223362,601450,0.964,0.284,0.133,-1.2,-0.4,1.1,-9.7,-36.6,4.1,0.585711234,-0.253089999,-0.608355968,-0.471938231
1689,4225465,601450,0.96,0.28,0.129,-1.2,-0.4,0.9,-10,-36.2,4.2,0.585680715,-0.253120518,-0.608355968,-0.471938231
1690,4227683,601450,0.96,0.284,0.129,-1.2,-0.4,0.8,-10,-36.2,4.2,0.585680715,-0.253151036,-0.608355968,-0.471968749
1691,4230025,601460,0.96,0.284,0.133,-1.2,-0.4,0.7,-10,-36.2,4.2,0.585680715,-0.253181555,-0.608355968,-0.471968749
1692,4232498,601460,0.964,0.284,0.129,-1.2,-0.4,0.6,-10.1,-36.5,3.8,0.585680715,-0.253212073,-0.608325449,-0.471968749
1693,4236127,601460,0.96,0.276,0.129,-1.2,-0.3,0.8,-10.1,-36.5,3.8,0.585680715,-0.253242592,-0.608325449,-0.471968749
1694,4238329,601460,0.964,0.28,0.129,-1.3,-0.3,0.8,-10.1,-36.5,3.8,0.585650197,-0.25327311,-0.608294931,-0.471968749
1695,4240448,601470,0.964,0.284,0.129,-1.5,-0.2,0.9,-10.1,-36.5,3.8,0.585650197,-0.253303629,-0.608294931,-0.471968749
1696,4243535,601470,0.96,0.288,0.133,-1.3,-0.1,0.8,-9.9,-35.9,4.3,0.585650197,-0.253334147,-0.608264412,-0.471999268
1697,4245146,601470,0.96,0.284,0.129,-1.3,0,0.8,-9.9,-35.9,4.3,0.585650197,-0.253364666,-0.608264412,-0.471999268
1698,4247461,601470,0.96,0.284,0.129,-1.3,0,0.8,-9.9,-35.9,4.3,0.585650197,-0.253395184,-0.608233894,-0.471999268
1699,4251742,601480,0.956,0.284,0.133,-1.4,0,0.8,-9.9,-35.9,4.3,0.585650197,-0.253425703,-0.608203375,-0.471999268
1700,4253279,601480,0.956,0.284,0.129,-1.5,0,0.9,-9.8,-36.5,4,0.585650197,-0.253456221,-0.608203375,-0.472029786
1701,4255522,601480,0.96,0.288,0.133,-1.6,-0.2,0.9,-9.8,-36.5,4,0.585650197,-0.25348674,-0.608172857,-0.472029786
1702,4257540,601480,0.96,0.288,0.129,-1.6,-0.2,0.9,-9.8,-36.5,4,0.585650197,-0.253517258,-0.608142338,-0.472029786
1703,4261543,601490,0.956,0.292,0.129,-1.7,-0.2,0.9,-9.8,-36.5,4,0.585650197,-0.253578295,-0.608142338,-0.472029786
1704,4264239,601490,0.956,0.292,0.129,-1.7,-0.2,1,-9.2,-36.4,4.2,0.585650197,-0.253608814,-0.60811182,-0.472060305
1705,4265903,601490,0.956,0.296,0.129,-1.8,-0.2,1,-9.2,-36.4,4.2,0.585650197,-0.253639332,-0.608081301,-0.472060305
1706,4267340,601490,0.956,0.288,0.133,-1.8,-0.2,1,-9.2,-36.4,4.2,0.585650197,-0.253700369,-0.608081301,-0.472060305
1707,4271090,601500,0.956,0.288,0.133,-1.8,-0.1,0.9,-9.2,-36.4,4.2,0.585650197,-0.253730888,-0.608050783,-0.472090823
1708,4272632,601500,0.956,0.288,0.133,-1.8,-0.1,0.9,-9.2,-36.4,4.2,0.585650197,-0.253730888,-0.608050783,-0.472090823
1709,4274920,601500,0.96,0.288,0.129,-2,0.2,0.6,-10.2,-36.4,4.4,0.585558641,-0.253669851,-0.608081301,-0.472212897
1710,4278956,601500,0.956,0.288,0.133,-2.1,0.3,0.6,-10.2,-36.4,4.4,0.585558641,-0.253700369,-0.608050783,-0.472243416
1711,4281557,601510,0.956,0.292,0.129,-2.1,0.5,0.6,-10.2,-36.4,4.4,0.585558641,-0.253730888,-0.608020264,-0.472243416
1712,4283639,601510,0.956,0.288,0.133,-2.1,0.5,0.6,-10.3,-36.1,4.8,0.585558641,-0.253761406,-0.607959227,-0.472273934
1713,4286269,601510,0.96,0.288,0.133,-2.1,0.5,0.5,-10.3,-36.1,4.8,0.585558641,-0.253791925,-0.607928709,-0.472304453
1714,4287569,601510,0.956,0.288,0.133,-2.1,0.6,0.3,-10.3,-36.1,4.8,0.585558641,-0.253822443,-0.60789819,-0.472334971
1715,4291540,601520,0.96,0.284,0.133,-2.1,0.7,0.1,-10.3,-36.1,4.8,0.585558641,-0.253822443,-0.607867672,-0.47236549
1716,4293212,601520,0.956,0.28,0.129,-2,0.8,0.1,-10.5,-36.3,4.7,0.585558641,-0.253852962,-0.607837153,-0.472396008
1717,4296637,601520,0.956,0.28,0.133,-2,0.7,0,-10.5,-36.3,4.7,0.585558641,-0.25388348,-0.607806635,-0.472426527
1718,4298498,601520,0.96,0.284,0.133,-2.1,0.7,0,-10.5,-36.3,4.7,0.585558641,-0.25388348,-0.607776116,-0.472457045
1719,4301094,601530,0.96,0.28,0.129,-2.1,0.7,0,-10.5,-36.3,4.7,0.585558641,-0.253913999,-0.607745598,-0.472487564
1720,4302568,601530,0.96,0.28,0.129,-2.2,0.8,0,-10.6,-36.4,4.8,0.585558641,-0.253944517,-0.607715079,-0.472518082
1721,4306497,601530,0.96,0.276,0.132,-2.2,0.8,0,-10.6,-36.4,4.8,0.585558641,-0.253944517,-0.607684561,-0.472548601
1722,4307934,601530,0.96,0.273,0.132,-2.3,0.9,0,-10.6,-36.4,4.8,0.585558641,-0.253975036,-0.607654042,-0.472579119
1723,4309956,601540,0.96,0.276,0.129,-2.3,1,0,-10.6,-36.4,4.8,0.585558641,-0.254005554,-0.607593005,-0.472640156
1724,4312555,601540,0.96,0.273,0.132,-2.3,0.9,0,-9.5,-36.3,3.8,0.585558641,-0.254005554,-0.607562487,-0.472670675
1725,4315508,601540,0.956,0.28,0.133,-2.3,0.7,0.1,-9.5,-36.3,3.8,0.585558641,-0.254036073,-0.607531968,-0.472701193
1726,4318546,601540,0.96,0.276,0.129,-2.3,0.7,0,-9.5,-36.3,3.8,0.585558641,-0.254066591,-0.60750145,-0.472731712
1727,4320177,601550,0.964,0.269,0.128,-2.3,0.7,0,-9.5,-36.3,3.8,0.585558641,-0.25409711,-0.607470931,-0.47276223
1728,4322442,601550,0.964,0.269,0.128,-2.3,0.7,0,-9.5,-36.3,3.8,0.585558641,-0.25409711,-0.607470931,-0.47276223
1729,4326535,601550,0.96,0.273,0.129,-2.4,0.7,-0.1,-10.1,-36.8,4,0.585528123,-0.254188665,-0.607409894,-0.472792749
1730,4328302,601550,0.956,0.273,0.129,-2.3,0.7,0,-10.1,-36.8,4,0.585528123,-0.254219184,-0.607379376,-0.472823267
1731,4331682,601560,0.956,0.273,0.133,-2.4,0.7,0,-10.1,-36.8,4,0.585528123,-0.254249702,-0.607348857,-0.472853786
1732,4333597,601560,0.956,0.273,0.133,-2.5,0.8,0,-10.4,-36.3,3.6,0.585528123,-0.254249702,-0.607318339,-0.472884304
1733,4335093,601560,0.956,0.273,0.129,-2.7,0.8,0,-10.4,-36.3,3.6,0.585528123,-0.254280221,-0.607257302,-0.472945341
1734,4337622,601560,0.956,0.277,0.129,-2.9,0.8,0,-10.4,-36.3,3.6,0.585528123,-0.254310739,-0.607226783,-0.47297586
1735,4341079,601570,0.96,0.273,0.129,-2.9,0.7,0,-10.4,-36.3,3.6,0.585497604,-0.254341258,-0.607196265,-0.473006378
1736,4342588,601570,0.964,0.273,0.128,-2.9,0.7,0,-10.9,-36.5,4.1,0.585497604,-0.254371776,-0.607135228,-0.473067415
1737,4346799,601570,0.956,0.273,0.129,-2.9,0.7,0.1,-10.9,-36.5,4.1,0.585497604,-0.254371776,-0.607104709,-0.473097934
1738,4348591,601570,0.96,0.273,0.129,-3,0.7,0,-10.9,-36.5,4.1,0.585497604,-0.254432814,-0.60707419,-0.473128452
1739,4350727,601580,0.96,0.273,0.129,-3,0.7,0,-10.9,-36.5,4.1,0.585497604,-0.254463332,-0.607013153,-0.473189489
1740,4352415,601580,0.956,0.269,0.129,-3,0.7,0,-10.7,-36.7,3.9,0.585467086,-0.254493851,-0.606982635,-0.473250526
1741,4355070,601580,0.956,0.277,0.129,-2.9,0.7,0,-10.7,-36.7,3.9,0.585467086,-0.254524369,-0.606952116,-0.473281045
1742,4357432,601580,0.956,0.277,0.129,-2.9,0.6,0,-10.7,-36.7,3.9,0.585467086,-0.254554888,-0.606891079,-0.473311563
1743,4361570,601590,0.96,0.276,0.129,-2.8,0.5,0.1,-10.7,-36.7,3.9,0.585467086,-0.254585406,-0.606860561,-0.4733726
1744,4363575,601590,0.952,0.273,0.133,-2.7,0.5,0.2,-9,-36.5,4,0.585436567,-0.254646443,-0.606830042,-0.473403119
1745,4365921,601590,0.956,0.28,0.133,-2.6,0.4,0.3,-9,-36.5,4,0.585436567,-0.254676962,-0.606799524,-0.473433638
1746,4368058,601590,0.96,0.273,0.132,-2.6,0.4,0.2,-9,-36.5,4,0.585436567,-0.25470748,-0.606769005,-0.473464156
1747,4371089,601600,0.956,0.28,0.133,-2.6,0.3,0.2,-9,-36.5,4,0.585436567,-0.254737999,-0.606738487,-0.473494675
1748,4372702,601600,0.956,0.28,0.133,-2.6,0.3,0.2,-9,-36.5,4,0.585436567,-0.254737999,-0.606738487,-0.473494675
1749,4374977,601600,0.956,0.28,0.133,-2.4,0.3,0.1,-10.7,-36.6,4.2,0.585406049,-0.254799036,-0.60667745,-0.473555712
1750,4377534,601600,0.956,0.28,0.133,-2.4,0.4,0.1,-10.7,-36.6,4.2,0.585406049,-0.254829554,-0.606646931,-0.47358623
1751,4381009,601610,0.952,0.277,0.133,-2.3,0.5,0.1,-10.7,-36.6,4.2,0.585406049,-0.254860073,-0.606616413,-0.473616749
1752,4384273,601610,0.956,0.28,0.129,-2.4,0.6,0.2,-10.5,-36.5,4,0.585406049,-0.254890591,-0.606585894,-0.473647267
1753,4386373,601610,0.952,0.281,0.129,-2.4,0.7,0.2,-10.5,-36.5,4,0.585406049,-0.25492111,-0.606555376,-0.473677786
1754,4389038,601610,0.952,0.277,0.133,-2.4,0.7,0.2,-10.5,-36.5,4,0.585406049,-0.254951628,-0.606524857,-0.473708304
1755,4390637,601620,0.956,0.277,0.129,-2.3,0.8,0.1,-10.5,-36.5,4,0.585406049,-0.254951628,-0.606494339,-0.473738823
1756,4392370,601620,0.952,0.277,0.133,-2.3,0.8,0.1,-10.7,-35.9,4.2,0.585406049,-0.254982147,-0.606433302,-0.473769341
1757,4395004,601620,0.956,0.276,0.133,-2.1,0.7,0.2,-10.7,-35.9,4.2,0.585406049,-0.255012665,-0.606402783,-0.47379986
1758,4398261,601620,0.956,0.277,0.129,-2.1,0.7,0.1,-10.7,-35.9,4.2,0.585406049,-0.255043184,-0.606372265,-0.473830378
1759,4400243,601630,0.96,0.276,0.129,-2,0.8,0.1,-10.7,-35.9,4.2,0.585406049,-0.255043184,-0.606341746,-0.473860897
1760,4404138,601630,0.956,0.273,0.133,-1.9,0.8,0,-10.7,-36.3,3.7,0.585406049,-0.255073702,-0.606311228,-0.473891415
1761,4406510,601630,0.956,0.273,0.129,-1.9,0.8,0,-10.7,-36.3,3.7,0.585406049,-0.255073702,-0.606280709,-0.473921934
1762,4407883,601630,0.956,0.273,0.133,-1.9,0.7,0,-10.7,-36.3,3.7,0.585406049,-0.255104221,-0.606250191,-0.473952452
1763,4410605,601640,0.956,0.273,0.133,-1.8,0.6,0,-10.7,-36.3,3.7,0.585406049,-0.255104221,-0.606219672,-0.473982971
1764,4412763,601640,0.96,0.269,0.128,-1.8,0.4,0,-9.1,-36.7,3.8,0.58537553,-0.255134739,-0.606189154,-0.474013489
1765,4416452,601640,0.956,0.273,0.133,-1.8,0.4,0.1,-9.1,-36.7,3.8,0.58537553,-0.255165258,-0.606189154,-0.474044008
1766,4418143,601640,0.956,0.276,0.133,-1.8,0.4,0.2,-9.1,-36.7,3.8,0.58537553,-0.255165258,-0.606158635,-0.474074526
1767,4421927,601650,0.956,0.276,0.133,-1.8,0.5,0.3,-9.1,-36.7,3.8,0.58537553,-0.255195776,-0.606128117,-0.474074526
1768,4424772,601650,0.956,0.276,0.133,-1.8,0.5,0.3,-9.1,-36.7,3.8,0.58537553,-0.255195776,-0.606128117,-0.474074526
1769,4425153,601650,0.96,0.273,0.129,-1.9,0.7,0.4,-10.9,-36.4,4.1,0.58537553,-0.25531785,-0.606097598,-0.474074526
1770,4427437,601650,0.956,0.273,0.133,-1.9,0.6,0.3,-10.9,-36.4,4.1,0.58537553,-0.25531785,-0.60606708,-0.474105045
1771,4430269,601660,0.96,0.269,0.128,-1.8,0.5,0.3,-10.9,-36.4,4.1,0.58537553,-0.255348369,-0.606036561,-0.474135563
1772,4432525,601660,0.96,0.273,0.132,-1.8,0.5,0.3,-10.6,-36.5,3.9,0.58537553,-0.255378887,-0.606006043,-0.474135563
1773,4436414,601660,0.96,0.273,0.132,-1.8,0.6,0.4,-10.6,-36.5,3.9,0.58537553,-0.255409406,-0.605975524,-0.474166082
1774,4438613,601660,0.96,0.269,0.132,-1.9,0.6,0.5,-10.6,-36.5,3.9,0.58537553,-0.255409406,-0.605945006,-0.4741966
1775,4440178,601670,0.96,0.269,0.128,-1.9,0.6,0.6,-10.6,-36.5,3.9,0.585406049,-0.255439924,-0.605914487,-0.474227119
1776,4442577,601670,0.96,0.269,0.128,-1.9,0.6,0.7,-10.8,-37,3.8,0.585406049,-0.255470443,-0.605883969,-0.474227119
1777,4445789,601670,0.96,0.273,0.129,-2,0.6,0.6,-10.8,-37,3.8,0.585406049,-0.255500961,-0.60585345,-0.474257637
1778,4448731,601670,0.952,0.273,0.129,-2.1,0.5,0.5,-10.8,-37,3.8,0.585406049,-0.25553148,-0.605792413,-0.474288156
1779,4451505,601680,0.956,0.269,0.129,-2.1,0.4,0.6,-10.8,-37,3.8,0.585406049,-0.255561998,-0.605761895,-0.474318674
1780,4453204,601680,0.952,0.265,0.132,-2.1,0.2,0.6,-10.3,-36.2,3.4,0.585406049,-0.255592517,-0.605731376,-0.474318674
1781,4454956,601680,0.956,0.269,0.132,-2,0,0.8,-10.3,-36.2,3.4,0.585406049,-0.255653554,-0.605731376,-0.474349193
1782,4458126,601680,0.952,0.273,0.129,-2,-0.1,0.9,-10.3,-36.2,3.4,0.585406049,-0.255684072,-0.605700858,-0.474349193
1783,4460880,601690,0.956,0.273,0.133,-1.9,-0.2,0.9,-10.3,-36.2,3.4,0.585406049,-0.255714591,-0.605670339,-0.474379711
1784,4462747,601690,0.952,0.269,0.133,-1.9,-0.1,0.9,-9,-36.8,3.8,0.58537553,-0.255745109,-0.605639821,-0.474379711
1785,4464985,601690,0.948,0.269,0.133,-1.8,-0.1,1,-9,-36.8,3.8,0.58537553,-0.255806146,-0.605639821,-0.474379711
1786,4469077,601690,0.948,0.277,0.133,-1.8,-0.2,1.1,-9,-36.8,3.8,0.58537553,-0.255836665,-0.605609302,-0.47441023
1787,4471229,601700,0.948,0.277,0.133,-1.7,-0.2,1.2,-9,-36.8,3.8,0.58537553,-0.255867183,-0.605578784,-0.47441023
1788,4473449,601700,0.948,0.277,0.133,-1.7,-0.2,1.2,-9,-36.8,3.8,0.58537553,-0.255867183,-0.605578784,-0.47441023
1789,4475362,601700,0.948,0.277,0.133,-1.6,0,1,-10.8,-36,4.5,0.58537553,-0.255958739,-0.605548265,-0.47441023
1790,4477707,601700,0.948,0.277,0.133,-1.6,0,1,-10.8,-36,4.5,0.58537553,-0.256019776,-0.605517747,-0.47441023
1791,4479916,601710,0.952,0.277,0.133,-1.6,0.1,1,-10.8,-36,4.5,0.58537553,-0.256050295,-0.605517747,-0.47441023
1792,4482497,601710,0.956,0.273,0.133,-1.5,0.2,0.9,-10.6,-35.8,4.4,0.58537553,-0.256080813,-0.605487228,-0.474440748
1793,4486894,601710,0.952,0.273,0.133,-1.5,0.3,0.8,-10.6,-35.8,4.4,0.585406049,-0.256111332,-0.605456709,-0.474440748
1794,4489144,601710,0.952,0.269,0.129,-1.5,0.2,0.6,-10.6,-35.8,4.4,0.585406049,-0.256111332,-0.605426191,-0.474440748
1795,4491296,601720,0.952,0.269,0.129,-1.4,0.2,0.4,-10.6,-35.8,4.4,0.585406049,-0.25614185,-0.605426191,-0.474471267
1796,4493749,601720,0.952,0.269,0.129,-1.4,0.3,0.1,-10.2,-36,4.2,0.585406049,-0.256172369,-0.605395672,-0.474501785
1797,4495839,601720,0.952,0.261,0.129,-1.3,0.4,0.1,-10.2,-36,4.2,0.58537553,-0.256172369,-0.605365154,-0.474501785
1798,4498507,601720,0.952,0.265,0.129,-1.3,0.5,0,-10.2,-36,4.2,0.58537553,-0.256202887,-0.605365154,-0.474532304
1799,4499866,601730,0.956,0.261,0.128,-1.2,0.6,0,-10.2,-36,4.2,0.585406049,-0.256202887,-0.605334635,-0.474562822
1800,4502971,601730,0.96,0.257,0.128,-1,0.7,-0.2,-10,-35.8,4.4,0.585406049,-0.256202887,-0.605304117,-0.474562822
1801,4504983,601730,0.956,0.257,0.132,-0.9,0.6,-0.2,-10,-35.8,4.4,0.585406049,-0.256202887,-0.605304117,-0.474593341
1802,4508150,601730,0.952,0.261,0.132,-0.9,0.4,0,-10,-35.8,4.4,0.585406049,-0.256202887,-0.605273598,-0.474593341
1803,4510601,601740,0.956,0.257,0.132,-0.9,0.2,0,-10,-35.8,4.4,0.585406049,-0.256233406,-0.605273598,-0.474623859
1804,4513981,601740,0.956,0.261,0.128,-0.7,0.1,0.2,-8.7,-37.1,3.7,0.585406049,-0.256233406,-0.60524308,-0.474623859
1805,4516698,601740,0.956,0.261,0.132,-0.6,0.1,0.2,-8.7,-37.1,3.7,0.585406049,-0.256233406,-0.60524308,-0.474623859
1806,4518209,601740,0.956,0.261,0.132,-0.5,0.2,0.3,-8.7,-37.1,3.7,0.585406049,-0.256263924,-0.60524308,-0.474623859
1807,4521752,601750,0.96,0.261,0.132,-0.4,0,0.5,-8.7,-37.1,3.7,0.585406049,-0.256263924,-0.605212561,-0.474623859
1808,4523531,601750,0.96,0.261,0.132,-0.4,0,0.5,-8.7,-37.1,3.7,0.585406049,-0.256263924,-0.605212561,-0.474623859
1809,4525327,601750,0.956,0.265,0.132,-0.1,-0.1,1.2,-10.7,-36.1,3.6,0.585467086,-0.256477554,-0.605182043,-0.474471267
1810,4527310,601750,0.96,0.261,0.132,-0.1,-0.1,1.2,-10.7,-36.1,3.6,0.585467086,-0.256477554,-0.605182043,-0.474471267
1811,4530031,601760,0.96,0.269,0.132,0,-0.3,1.4,-10.7,-36.1,3.6,0.585497604,-0.256508072,-0.605182043,-0.474440748
1812,4534161,601760,0.956,0.265,0.132,0.1,-0.4,1.5,-10.4,-35.7,3.8,0.585497604,-0.256538591,-0.605182043,-0.47441023
1813,4536082,601760,0.964,0.269,0.132,0.6,-0.4,1.8,-10.4,-35.7,3.8,0.585528123,-0.256538591,-0.605182043,-0.474379711
1814,4537886,601760,0.968,0.268,0.132,0.6,-0.4,1.8,-10.4,-35.7,3.8,0.585528123,-0.256569109,-0.605182043,-0.474349193
1815,4541387,601770,0.964,0.269,0.132,0.7,-0.4,1.8,-10.4,-35.7,3.8,0.585558641,-0.256599628,-0.605182043,-0.474318674
1816,4543927,601770,0.968,0.272,0.132,0.9,-0.5,1.9,-10.7,-35.7,4,0.585558641,-0.256599628,-0.605212561,-0.474257637
1817,4546347,601770,0.964,0.276,0.132,1.1,-0.6,2,-10.7,-35.7,4,0.58558916,-0.256630146,-0.605212561,-0.474227119
1818,4548534,601770,0.968,0.276,0.132,1.4,-0.7,1.9,-10.7,-35.7,4,0.585619678,-0.256660665,-0.605212561,-0.474166082
1819,4550789,601780,0.968,0.28,0.132,1.6,-0.6,1.8,-10.7,-35.7,4,0.585619678,-0.256660665,-0.60524308,-0.474135563
1820,4552772,601780,0.972,0.276,0.132,1.8,-0.5,1.8,-10.4,-35.8,3.8,0.585650197,-0.256660665,-0.60524308,-0.474074526
1821,4554995,601780,0.968,0.28,0.132,1.7,-0.5,1.9,-10.4,-35.8,3.8,0.585680715,-0.256660665,-0.605273598,-0.474013489
1822,4557551,601780,0.968,0.28,0.132,1.7,-0.4,2,-10.4,-35.8,3.8,0.585711234,-0.256691183,-0.605273598,-0.473982971
1823,4559837,601790,0.972,0.284,0.132,1.5,-0.2,1.8,-10.4,-35.8,3.8,0.585711234,-0.256691183,-0.605273598,-0.473921934
1824,4563140,601790,0.972,0.284,0.132,1.5,-0.2,1.8,-10.4,-35.8,3.8,0.585711234,-0.256691183,-0.605273598,-0.473921934
1825,4566974,601790,0.968,0.276,0.132,1.2,-0.2,1.7,-9.1,-37.1,3.8,0.585772271,-0.256721702,-0.605304117,-0.473830378
1826,4567368,601790,0.964,0.276,0.132,1.2,-0.2,1.7,-9.1,-37.1,3.8,0.585802789,-0.256721702,-0.605304117,-0.47379986
1827,4570823,601800,0.964,0.276,0.132,0.7,-0.2,1.7,-9.1,-37.1,3.8,0.585802789,-0.256721702,-0.605304117,-0.473769341
1828,4572710,601800,0.964,0.276,0.132,0.7,-0.2,1.7,-9.1,-37.1,3.8,0.585802789,-0.256721702,-0.605304117,-0.473769341
1829,4575626,601800,0.968,0.265,0.128,0.1,-0.1,1.5,-10.1,-35.4,3.7,0.585802789,-0.256782739,-0.605334635,-0.473708304
1830,4578807,601800,0.964,0.273,0.128,0.1,-0.1,1.5,-10.1,-35.4,3.7,0.585833308,-0.256813257,-0.605334635,-0.473677786
1831,4580086,601810,0.964,0.265,0.128,-0.1,-0.1,1.2,-10.1,-35.4,3.7,0.585833308,-0.256813257,-0.605334635,-0.473677786
1832,4583002,601810,0.96,0.265,0.128,-0.1,-0.1,1.2,-9.9,-35.4,3.9,0.585863826,-0.256843776,-0.605304117,-0.473647267
1833,4586525,601810,0.96,0.261,0.132,-0.3,-0.1,1.1,-9.9,-35.4,3.9,0.585863826,-0.256874294,-0.605304117,-0.473647267
1834,4588032,601810,0.956,0.261,0.128,-0.3,-0.1,1.1,-9.9,-35.4,3.9,0.585863826,-0.256874294,-0.605304117,-0.473616749
1835,4591043,601820,0.956,0.261,0.128,-0.7,0.1,1.1,-9.9,-35.4,3.9,0.585863826,-0.256904813,-0.605273598,-0.473616749
1836,4592430,601820,0.96,0.261,0.128,-0.7,0.1,1.1,-10.1,-35.7,4,0.585894345,-0.256935331,-0.605273598,-0.473616749
1837,4596617,601820,0.956,0.265,0.128,-0.5,0.5,0.9,-10.1,-35.7,4,0.585894345,-0.256935331,-0.60524308,-0.473616749
1838,4598115,601820,0.96,0.261,0.128,-0.5,0.6,0.8,-10.1,-35.7,4,0.585924863,-0.25696585,-0.60524308,-0.473616749
1839,4601358,601830,0.96,0.265,0.132,-0.4,0.6,0.7,-10.1,-35.7,4,0.585924863,-0.25696585,-0.605212561,-0.473616749
1840,4603700,601830,0.96,0.261,0.132,-0.4,0.7,0.6,-9.6,-35.3,3.6,0.585955382,-0.25696585,-0.605182043,-0.473616749
1841,4606056,601830,0.96,0.265,0.128,-0.3,0.8,0.6,-9.6,-35.3,3.6,0.585955382,-0.25696585,-0.605182043,-0.473616749
1842,4607767,601830,0.964,0.261,0.132,-0.2,0.8,0.6,-9.6,-35.3,3.6,0.5859859,-0.25696585,-0.605151524,-0.473616749
1843,4611216,601840,0.96,0.265,0.128,-0.2,0.8,0.4,-9.6,-35.3,3.6,0.5859859,-0.25696585,-0.605151524,-0.473616749
1844,4613536,601840,0.96,0.261,0.128,-0.1,0.9,0.6,-9.5,-37.3,3.7,0.586016419,-0.25696585,-0.605121006,-0.473616749
1845,4615118,601840,0.964,0.265,0.132,-0.2,0.9,0.6,-9.5,-37.3,3.7,0.586016419,-0.25696585,-0.605121006,-0.473616749
1846,4617576,601840,0.964,0.265,0.132,-0.2,1.1,0.6,-9.5,-37.3,3.7,0.586046937,-0.25696585,-0.605090487,-0.473616749
1847,4621453,601850,0.964,0.261,0.132,-0.2,1.1,0.5,-9.5,-37.3,3.7,0.586077456,-0.25696585,-0.605059969,-0.473616749
1848,4623333,601850,0.964,0.261,0.132,-0.2,1.1,0.5,-9.5,-37.3,3.7,0.586077456,-0.25696585,-0.605059969,-0.473616749
1849,4625866,601850,0.96,0.261,0.128,-0.2,1.5,0.2,-9.7,-35.8,4,0.586138493,-0.257057405,-0.60502945,-0.473555712
1850,4627724,601850,0.96,0.261,0.132,-0.2,1.7,0.1,-9.7,-35.8,4,0.586138493,-0.257057405,-0.604998932,-0.473555712
1851,4630098,601860,0.96,0.265,0.132,-0.2,1.9,0.1,-9.7,-35.8,4,0.586169012,-0.257026887,-0.604968413,-0.47358623
1852,4632450,601860,0.964,0.265,0.128,-0.2,1.9,0.1,-9.7,-35.7,3.8,0.58619953,-0.257026887,-0.604937895,-0.47358623
1853,4636128,601860,0.964,0.261,0.124,-0.1,2.1,0.2,-9.7,-35.7,3.8,0.586230049,-0.256996368,-0.604907376,-0.473616749
1854,4638296,601860,0.968,0.265,0.128,0,2.1,0.3,-9.7,-35.7,3.8,0.586260567,-0.256996368,-0.604876858,-0.473616749
1855,4641722,601870,0.964,0.265,0.128,0.1,2.2,0.4,-9.7,-35.7,3.8,0.586291086,-0.25696585,-0.604846339,-0.473616749
1856,4643577,601870,0.972,0.265,0.128,0.3,2.2,0.5,-9.6,-35.5,3.9,0.586352123,-0.256935331,-0.604815821,-0.473616749
1857,4645013,601870,0.968,0.265,0.124,0.4,2.2,0.5,-9.6,-35.5,3.9,0.586382641,-0.256935331,-0.604785302,-0.473616749
1858,4648978,601870,0.972,0.265,0.128,0.6,2.1,0.7,-9.6,-35.5,3.9,0.58641316,-0.256904813,-0.604785302,-0.473616749
1859,4651392,601880,0.972,0.265,0.128,0.8,1.9,0.9,-9.6,-35.5,3.9,0.586443678,-0.256874294,-0.604754784,-0.47358623
1860,4653337,601880,0.972,0.269,0.128,0.9,1.7,1.1,-9.5,-35.3,4,0.586504715,-0.256874294,-0.604724265,-0.47358623
1861,4654998,601880,0.976,0.272,0.128,1.1,1.6,1,-9.5,-35.3,4,0.586535234,-0.256843776,-0.604724265,-0.473555712
1862,4657586,601880,0.976,0.272,0.124,1.2,1.6,0.8,-9.5,-35.3,4,0.586565752,-0.256813257,-0.604693747,-0.473555712
1863,4661323,601890,0.976,0.268,0.128,1.3,1.7,0.8,-9.5,-35.3,4,0.586626789,-0.256813257,-0.604693747,-0.473525193
1864,4663277,601890,0.979,0.272,0.128,1.3,1.7,0.7,-9.3,-36.9,3.5,0.586657308,-0.256782739,-0.604663228,-0.473494675
1865,4664889,601890,0.979,0.268,0.124,1.3,1.8,0.8,-9.3,-36.9,3.5,0.586687826,-0.25675222,-0.604663228,-0.473494675
1866,4669069,601890,0.979,0.272,0.124,1.2,1.8,0.9,-9.3,-36.9,3.5,0.586748863,-0.256721702,-0.604663228,-0.473464156
1867,4671453,601900,0.979,0.272,0.128,1.2,1.9,1,-9.3,-36.9,3.5,0.586779382,-0.256721702,-0.60463271,-0.473464156
1868,4673565,601900,0.979,0.272,0.128,1.2,1.9,1,-9.3,-36.9,3.5,0.586779382,-0.256721702,-0.60463271,-0.473464156
1869,4676016,601900,0.979,0.268,0.128,1.1,2,0.9,-9.7,-35.6,4.3,0.586840419,-0.256721702,-0.604663228,-0.473342082
1870,4677557,601900,0.976,0.276,0.124,1,2,0.9,-9.7,-35.6,4.3,0.586870937,-0.256721702,-0.60463271,-0.473342082
1871,4681426,601910,0.976,0.276,0.124,1,2,0.9,-9.7,-35.6,4.3,0.586870937,-0.256721702,-0.60463271,-0.473342082
1872,4684505,601910,0.972,0.269,0.128,0.9,2,1,-10,-36.1,4.2,0.586962493,-0.256660665,-0.604571673,-0.473311563
1873,4684891,601910,0.968,0.269,0.124,0.9,1.9,1.2,-10,-36.1,4.2,0.586993011,-0.256660665,-0.604571673,-0.473281045
1874,4687522,601910,0.968,0.273,0.124,1,1.9,1.2,-10,-36.1,4.2,0.587054048,-0.256630146,-0.604541154,-0.473281045
1875,4691942,601920,0.968,0.272,0.128,1,1.9,1.3,-10,-36.1,4.2,0.587084567,-0.256630146,-0.604510636,-0.473250526
1876,4694217,601920,0.964,0.269,0.124,1.1,1.9,1.3,-10.1,-36.2,4.5,0.587145604,-0.256599628,-0.604480117,-0.473220008
1877,4696453,601920,0.968,0.273,0.117,1.1,1.9,1.5,-10.1,-36.2,4.5,0.587206641,-0.256599628,-0.604480117,-0.473189489
1878,4698595,601920,0.972,0.28,0.117,1.3,1.9,1.7,-10.1,-36.2,4.5,0.587237159,-0.256569109,-0.604449599,-0.473189489
1879,4701298,601930,0.98,0.284,0.113,1.4,1.9,2,-10.1,-36.2,4.5,0.587298196,-0.256569109,-0.60441908,-0.473128452
1880,4703662,601930,0.976,0.284,0.113,1.4,2,2.2,-10,-35.8,4.3,0.587359233,-0.256538591,-0.60441908,-0.473097934
1881,4705374,601930,0.987,0.296,0.109,1.5,2,2.3,-10,-35.8,4.3,0.58742027,-0.256538591,-0.604388562,-0.473067415
1882,4707753,601930,0.991,0.296,0.097,1.7,2.2,2.4,-10,-35.8,4.3,0.587481307,-0.256538591,-0.604358043,-0.473036897
1883,4710329,601940,0.995,0.3,0.093,2,2.4,2.4,-10,-35.8,4.3,0.587542344,-0.256508072,-0.604327525,-0.47297586
1884,4713994,601940,0.999,0.304,0.097,2.3,2.5,2.6,-9.9,-36.6,3.8,0.5876339,-0.256477554,-0.604297006,-0.472914823
1885,4715843,601940,1.011,0.316,0.089,2.4,2.6,2.8,-9.9,-36.6,3.8,0.587694937,-0.256477554,-0.604297006,-0.472884304
1886,4718271,601940,1.015,0.316,0.085,2.6,2.6,3,-9.9,-36.6,3.8,0.587786493,-0.256447035,-0.604266488,-0.472823267
1887,4720231,601950,1.019,0.324,0.081,2.7,2.8,3.1,-9.9,-36.6,3.8,0.587878048,-0.256416517,-0.604235969,-0.47276223
1888,4722464,601950,1.019,0.324,0.081,2.7,2.8,3.1,-9.9,-36.6,3.8,0.587878048,-0.256416517,-0.604235969,-0.47276223
1889,4726640,601950,1.03,0.327,0.073,2.9,3.1,3,-9.6,-35.9,4,0.587878048,-0.256324961,-0.604388562,-0.472579119
1890,4728774,601950,1.034,0.327,0.073,2.8,3.3,2.9,-9.6,-35.9,4,0.587969604,-0.256324961,-0.604358043,-0.472548601
1891,4730992,601960,1.038,0.331,0.077,2.7,3.6,2.7,-9.6,-35.9,4,0.588061159,-0.256294443,-0.604327525,-0.472487564
1892,4733235,601960,1.042,0.331,0.077,2.6,3.7,2.7,-9.7,-36,4,0.588152715,-0.256263924,-0.604297006,-0.472426527
1893,4735277,601960,1.042,0.327,0.085,2.4,4,2.8,-9.7,-36,4,0.58824427,-0.256233406,-0.604235969,-0.472396008
1894,4737515,601960,1.042,0.331,0.089,2.2,4.3,2.9,-9.7,-36,4,0.588335826,-0.256172369,-0.604205451,-0.472334971
1895,4740787,601970,1.034,0.327,0.089,1.9,4.7,3,-9.7,-36,4,0.5884579,-0.25614185,-0.604144414,-0.472304453
1896,4742748,601970,1.03,0.327,0.093,1.4,5.1,3,-9.8,-36.3,3.9,0.588549455,-0.256111332,-0.604052858,-0.472273934
1897,4746433,601970,1.023,0.319,0.097,0.9,5.7,2.8,-9.8,-36.3,3.9,0.588671529,-0.256080813,-0.603991821,-0.472273934
1898,4748334,601970,1.026,0.315,0.097,0.3,6.4,2.6,-9.8,-36.3,3.9,0.588793603,-0.256050295,-0.603900266,-0.472243416
1899,4750711,601980,1.015,0.308,0.108,-0.1,7.2,2.4,-9.8,-36.3,3.9,0.588915677,-0.256019776,-0.603778191,-0.472273934
1900,4752657,601980,1.019,0.3,0.108,-0.7,8.1,2.1,-10.3,-36.3,4,0.589037751,-0.255958739,-0.603656117,-0.472304453
1901,4754878,601980,1.015,0.296,0.112,-1.3,8.9,1.7,-10.3,-36.3,4,0.589159825,-0.255897702,-0.603534043,-0.472334971
1902,4757899,601980,1.007,0.288,0.108,-1.9,9.7,1.2,-10.3,-36.3,4,0.589281899,-0.255867183,-0.603350932,-0.472396008
1903,4761153,601990,0.999,0.276,0.108,-2.5,10.6,0.7,-10.3,-36.3,4,0.589434492,-0.255775628,-0.60319834,-0.472487564
1904,4763425,601990,0.995,0.265,0.108,-3.1,11.4,0.2,-9.8,-36.4,3.6,0.589556566,-0.255714591,-0.603015229,-0.472579119
1905,4765688,601990,0.999,0.261,0.104,-3.6,12,0,-9.8,-36.4,3.6,0.589709159,-0.255623035,-0.602832118,-0.472701193
1906,4767641,601990,0.991,0.245,0.104,-4,12.5,-0.3,-9.8,-36.4,3.6,0.589831233,-0.255561998,-0.602618488,-0.472823267
1907,4770838,602000,0.991,0.241,0.108,-4.2,13,-0.5,-9.8,-36.4,3.6,0.589983825,-0.255470443,-0.602404859,-0.47297586
1908,4773304,602000,0.991,0.241,0.108,-4.2,13,-0.5,-9.8,-36.4,3.6,0.589983825,-0.255470443,-0.602404859,-0.47297586
1909,4774866,602000,0.98,0.222,0.1,-4.3,13.9,-0.9,-10,-36.3,3.5,0.590227973,-0.255378887,-0.602069155,-0.473128452
1910,4777361,602000,0.976,0.222,0.096,-4.2,14.2,-1,-10,-36.3,3.5,0.590380566,-0.255256813,-0.601855525,-0.473311563
1911,4780988,602010,0.976,0.218,0.1,-4,14.6,-1.2,-10,-36.3,3.5,0.590533158,-0.255165258,-0.601611377,-0.473464156
1912,4783291,602010,0.972,0.222,0.1,-3.4,14.9,-1.3,-9.7,-36.4,3.2,0.590716269,-0.255012665,-0.601397748,-0.47358623
1913,4785266,602010,0.956,0.222,0.104,-2.7,15.2,-1.3,-9.7,-36.4,3.2,0.590868862,-0.254890591,-0.601184118,-0.473738823
1914,4787600,602010,0.944,0.222,0.109,-1.9,15.4,-1.2,-9.7,-36.4,3.2,0.591051973,-0.254737999,-0.600970489,-0.473860897
1915,4790068,602020,0.944,0.226,0.109,-1,15.4,-1,-9.7,-36.4,3.2,0.591235084,-0.254585406,-0.600756859,-0.473982971
1916,4792344,602020,0.941,0.226,0.113,-0.4,15.2,-0.5,-9.7,-36.4,3.7,0.591418195,-0.254432814,-0.600573748,-0.474074526
1917,4796800,602020,0.929,0.23,0.113,0.2,14.8,0.1,-9.7,-36.4,3.7,0.591631825,-0.254249702,-0.600360118,-0.474166082
1918,4798918,602020,0.925,0.234,0.117,0.8,14.2,0.8,-9.7,-36.4,3.7,0.591814936,-0.254127628,-0.600207526,-0.4741966
1919,4801328,602030,0.925,0.234,0.117,0.8,14.2,0.8,-9.7,-36.4,3.7,0.591814936,-0.254127628,-0.600207526,-0.4741966
1920,4803697,602030,0.925,0.234,0.117,0.8,14.2,0.8,-9.7,-36.4,3.7,0.591814936,-0.254127628,-0.600207526,-0.4741966
1921,4805937,602030,0.913,0.25,0.129,2.7,13.2,1.7,-9.8,-36.5,3.7,0.592425306,-0.253669851,-0.59971923,-0.474288156
1922,4807858,602030,0.913,0.246,0.129,3.2,13,1.7,-9.8,-36.5,3.7,0.592638936,-0.253517258,-0.599566637,-0.474288156
1923,4810430,602040,0.909,0.254,0.129,3.6,13.1,1.7,-9.8,-36.5,3.7,0.592852565,-0.253364666,-0.599414045,-0.474288156
1924,4813281,602040,0.901,0.258,0.133,3.8,13.2,1.6,-10,-36.2,3.8,0.593066195,-0.253181555,-0.599291971,-0.474288156
1925,4815379,602040,0.905,0.254,0.133,4.1,13.5,1.3,-10,-36.2,3.8,0.593279824,-0.253028962,-0.599139378,-0.474288156
1926,4817620,602040,0.905,0.257,0.133,4.2,13.7,0.7,-10,-36.2,3.8,0.593493454,-0.252845851,-0.599017304,-0.474318674
1927,4820736,602050,0.901,0.254,0.133,4.2,13.9,0,-10,-36.2,3.8,0.593707083,-0.252632221,-0.598864711,-0.474318674
1928,4822858,602050,0.901,0.254,0.133,4.2,13.9,0,-10,-36.2,3.8,0.593707083,-0.252632221,-0.598864711,-0.474318674
1929,4825074,602050,0.905,0.25,0.137,4.1,14.2,-1.1,-9.6,-36.1,3.9,0.594073305,-0.252235481,-0.598620563,-0.474379711
1930,4828280,602050,0.909,0.246,0.133,4,14.1,-1.6,-9.6,-36.1,3.9,0.594256417,-0.251991333,-0.598498489,-0.474440748
1931,4830364,602060,0.913,0.238,0.133,3.7,14.1,-2.1,-9.6,-36.1,3.9,0.594439528,-0.251777703,-0.598376415,-0.474501785
1932,4832640,602060,0.917,0.234,0.133,3.5,14.1,-2.6,-9.7,-36.1,3.6,0.594622639,-0.251533555,-0.598223823,-0.474562822
1933,4834825,602060,0.917,0.234,0.133,3.6,13.9,-2.8,-9.7,-36.1,3.6,0.59480575,-0.251319926,-0.598101749,-0.474623859
1934,4837824,602060,0.925,0.226,0.132,4,13.5,-2.6,-9.7,-36.1,3.6,0.594958342,-0.251106296,-0.597979675,-0.474684896
1935,4840071,602070,0.921,0.226,0.133,4.5,13,-2.2,-9.7,-36.1,3.6,0.595141453,-0.250862148,-0.597888119,-0.474715415
1936,4843300,602070,0.925,0.226,0.136,5,12.5,-1.7,-9.5,-36.3,3.7,0.595324564,-0.250648518,-0.597766045,-0.474745933
1937,4845316,602070,0.925,0.226,0.132,5.4,11.9,-1.3,-9.5,-36.3,3.7,0.595477157,-0.250434889,-0.59767449,-0.474745933
1938,4847609,602070,0.929,0.226,0.132,6,11.1,-1,-9.5,-36.3,3.7,0.595660268,-0.250221259,-0.597613453,-0.474745933
1939,4849824,602080,0.933,0.23,0.14,6.4,10.3,-0.7,-9.5,-36.3,3.7,0.59581286,-0.250038148,-0.597552416,-0.474745933
1940,4852813,602080,0.929,0.237,0.14,6.8,9.6,-0.4,-10.3,-36.1,4.1,0.595965453,-0.249824519,-0.597491379,-0.474715415
1941,4855126,602080,0.929,0.237,0.14,7.1,9,0,-10.3,-36.1,4.1,0.596148564,-0.249641408,-0.597430342,-0.474654378
1942,4858211,602080,0.933,0.241,0.144,7.4,8.6,0.3,-10.3,-36.1,4.1,0.596301157,-0.249458296,-0.597399823,-0.474593341
1943,4861524,602090,0.933,0.241,0.144,7.6,8.2,0.5,-10.3,-36.1,4.1,0.596453749,-0.249244667,-0.597369304,-0.474532304
1944,4863726,602090,0.933,0.245,0.152,7.9,7.9,0.5,-10,-36.2,3.9,0.596606342,-0.249122593,-0.597338786,-0.474471267
1945,4865999,602090,0.94,0.241,0.148,8.1,7.6,0.5,-10,-36.2,3.9,0.596758934,-0.248939482,-0.597338786,-0.47441023
1946,4868237,602090,0.936,0.249,0.152,8.3,7.6,0.4,-10,-36.2,3.9,0.596911527,-0.248756371,-0.597308267,-0.474318674
1947,4870326,602100,0.936,0.249,0.16,8.6,7.5,0.3,-10,-36.2,3.9,0.597033601,-0.24857326,-0.597308267,-0.474257637
1948,4872555,602100,0.936,0.249,0.16,8.6,7.5,0.3,-10,-36.2,3.9,0.597033601,-0.24857326,-0.597308267,-0.474257637
1949,4875689,602100,0.94,0.245,0.16,9,7.6,-0.1,-10.2,-35.7,3.9,0.597369304,-0.248268075,-0.597277749,-0.474044008
1950,4878717,602100,0.94,0.237,0.152,9.3,7.8,-0.3,-10.2,-35.7,3.9,0.597521897,-0.248054445,-0.597277749,-0.473952452
1951,4880164,602110,0.94,0.233,0.16,9.6,8,-0.7,-10.2,-35.7,3.9,0.59767449,-0.247840815,-0.597277749,-0.473891415
1952,4883298,602110,0.944,0.229,0.156,9.8,8.3,-1.2,-10,-36,4.3,0.597796564,-0.247596667,-0.597277749,-0.47379986
1953,4886287,602110,0.94,0.225,0.152,10.1,8.5,-1.6,-10,-36,4.3,0.597949156,-0.247383038,-0.597277749,-0.473738823
1954,4887600,602110,0.94,0.229,0.156,10.4,8.7,-2,-10,-36,4.3,0.598101749,-0.247108371,-0.597308267,-0.473677786
1955,4890792,602120,0.944,0.217,0.152,10.6,8.9,-2.2,-10,-36,4.3,0.598254341,-0.246864223,-0.597308267,-0.473616749
1956,4893791,602120,0.944,0.221,0.159,10.8,9,-2.6,-10.1,-36.1,4.2,0.598406934,-0.246589557,-0.597308267,-0.47358623
1957,4896087,602120,0.94,0.218,0.148,10.9,9.2,-2.9,-10.1,-36.1,4.2,0.598559526,-0.24631489,-0.597308267,-0.473525193
1958,4897444,602120,0.944,0.217,0.152,11,9.2,-3.3,-10.1,-36.1,4.2,0.598712119,-0.246040223,-0.597338786,-0.473464156
1959,4900521,602130,0.94,0.21,0.152,11,9.2,-3.6,-10.1,-36.1,4.2,0.598834193,-0.245735038,-0.597338786,-0.473403119
1960,4903329,602130,0.94,0.21,0.152,11.1,9,-4,-10.1,-35.8,4.3,0.598986785,-0.245460372,-0.597369304,-0.4733726
1961,4904848,602130,0.94,0.21,0.148,11.1,8.9,-4.5,-10.1,-35.8,4.3,0.59910886,-0.245155187,-0.597369304,-0.473342082
1962,4907691,602130,0.937,0.21,0.144,11.1,8.6,-4.8,-10.1,-35.8,4.3,0.599230934,-0.244850002,-0.597399823,-0.473311563
1963,4910837,602140,0.933,0.21,0.148,11.1,8.1,-5,-10.1,-35.8,4.3,0.599353008,-0.244544816,-0.59746086,-0.473281045
1964,4912397,602140,0.933,0.206,0.148,11,7.5,-4.9,-9.9,-35.9,4.1,0.599444563,-0.24427015,-0.597491379,-0.473220008
1965,4915310,602140,0.933,0.21,0.148,11,6.7,-4.8,-9.9,-35.9,4.1,0.599536119,-0.243995483,-0.597552416,-0.473189489
1966,4917714,602140,0.929,0.21,0.148,11,6,-4.4,-9.9,-35.9,4.1,0.599627674,-0.243720817,-0.597613453,-0.473128452
1967,4919917,602150,0.929,0.206,0.152,11.2,5.3,-4.1,-9.9,-35.9,4.1,0.59971923,-0.243476669,-0.59767449,-0.473067415
1968,4922775,602150,0.929,0.206,0.152,11.2,5.3,-4.1,-9.9,-35.9,4.1,0.59971923,-0.243476669,-0.59767449,-0.473067415
1969,4925842,602150,0.921,0.214,0.168,11.6,3.9,-3.6,-10.2,-36.7,3.8,0.600024415,-0.243385113,-0.597766045,-0.472609638
1970,4928621,602150,0.913,0.214,0.164,12,3.1,-3.5,-10.2,-36.7,3.8,0.60011597,-0.243140965,-0.597857601,-0.472487564
1971,4930148,602160,0.909,0.218,0.168,12.6,2.3,-3.2,-10.2,-36.7,3.8,0.600177007,-0.242927335,-0.597979675,-0.472396008
1972,4933208,602160,0.909,0.222,0.168,13.2,1.6,-3,-9.7,-36.4,4.2,0.600238044,-0.242683187,-0.598101749,-0.472273934
1973,4936101,602160,0.905,0.222,0.176,13.7,1.1,-2.9,-9.7,-36.4,4.2,0.600299081,-0.242469558,-0.598254341,-0.472121342
1974,4937466,602160,0.897,0.226,0.176,14.3,0.7,-2.8,-9.7,-36.4,4.2,0.600360118,-0.24222541,-0.598406934,-0.471999268
1975,4940747,602170,0.901,0.229,0.188,14.8,0.5,-2.5,-9.7,-36.4,4.2,0.600390637,-0.241981262,-0.598559526,-0.471816156
1976,4942607,602170,0.901,0.229,0.188,15.4,0.5,-2.4,-9.9,-36.3,4,0.600482192,-0.241737114,-0.598712119,-0.471663564
1977,4945640,602170,0.901,0.229,0.199,16,0.7,-2.6,-9.9,-36.3,4,0.600543229,-0.241492965,-0.59889523,-0.471480453
1978,4948650,602170,0.893,0.233,0.196,16.6,1.1,-3,-9.9,-36.3,4,0.600604266,-0.241218299,-0.599078341,-0.47132786
1979,4950032,602180,0.901,0.229,0.199,17.4,1.5,-3.4,-9.9,-36.3,4,0.600665304,-0.240943632,-0.599261452,-0.471144749
1980,4953013,602180,0.897,0.233,0.2,18.2,1.8,-3.6,-10.1,-36.3,4.5,0.600756859,-0.240638447,-0.599414045,-0.470961638
1981,4956038,602180,0.897,0.229,0.203,18.8,2.1,-3.9,-10.1,-36.3,4.5,0.600848415,-0.240302744,-0.599627674,-0.470778527
1982,4957496,602180,0.897,0.229,0.2,19.2,2.3,-4,-10.1,-36.3,4.5,0.60093997,-0.239997559,-0.599810785,-0.470595416
1983,4960935,602190,0.901,0.225,0.203,19.4,2.5,-4.4,-10.1,-36.3,4.5,0.601031526,-0.239631336,-0.599993896,-0.470412305
1984,4962778,602190,0.901,0.225,0.211,19.4,2.7,-4.8,-9.8,-35.6,4.5,0.601123081,-0.239295633,-0.600177007,-0.470229194
1985,4965981,602190,0.901,0.221,0.203,19.3,2.7,-5.5,-9.8,-35.6,4.5,0.601184118,-0.238929411,-0.600360118,-0.470076601
1986,4968679,602190,0.905,0.213,0.203,19.1,2.6,-6.1,-9.8,-35.6,4.5,0.601275674,-0.238593707,-0.600573748,-0.46989349
1987,4970179,602200,0.913,0.217,0.195,19.1,2.4,-6.6,-9.8,-35.6,4.5,0.601336711,-0.238227485,-0.600756859,-0.469771416
1988,4973421,602200,0.913,0.217,0.195,19.1,2.4,-6.6,-9.8,-35.6,4.5,0.601336711,-0.238227485,-0.600756859,-0.469771416
1989,4976252,602200,0.917,0.209,0.203,19.5,1.7,-7.3,-10.4,-36.2,4.5,0.601825007,-0.237647633,-0.600756859,-0.469405194
1990,4977675,602200,0.917,0.209,0.195,19.7,1.4,-7.5,-10.4,-36.2,4.5,0.601886044,-0.237281411,-0.600970489,-0.469222083
1991,4980684,602210,0.925,0.209,0.195,19.7,1.2,-7.6,-10.4,-36.2,4.5,0.601916562,-0.236915189,-0.601214637,-0.469100009
1992,4983820,602210,0.925,0.213,0.195,19.7,0.8,-7.5,-9.8,-36.4,4.4,0.601947081,-0.236548967,-0.601428266,-0.468947417
1993,4985175,602210,0.932,0.213,0.191,19.7,0.2,-7.5,-9.8,-36.4,4.4,0.601977599,-0.236182745,-0.601672414,-0.468794824
1994,4988317,602210,0.932,0.209,0.199,19.5,-0.4,-7.4,-9.8,-36.4,4.4,0.602008118,-0.235847041,-0.601916562,-0.468642232
1995,4991287,602220,0.932,0.217,0.195,19.4,-1.2,-7.3,-9.8,-36.4,4.4,0.602008118,-0.235480819,-0.60216071,-0.46845912
1996,4993648,602220,0.936,0.217,0.187,19.1,-2.2,-6.9,-10.1,-36.6,4.5,0.602008118,-0.235175634,-0.602435377,-0.468306528
1997,4996087,602220,0.936,0.221,0.187,18.8,-3.2,-6.4,-10.1,-36.6,4.5,0.602008118,-0.234870449,-0.602710044,-0.468123417
1998,4998000,602220,0.94,0.229,0.187,18.5,-4.1,-5.9,-10.1,-36.6,4.5,0.601977599,-0.234595782,-0.60298471,-0.467940306
