sample_index,elapsed_us,device_time_ms,acc_x_g,acc_y_g,acc_z_g,gyro_x_dps,gyro_y_dps,gyro_z_dps,mag_x_ut,mag_y_ut,mag_z_ut,quat_w,quat_x,quat_y,quat_z
0,4610,1852430,-0.545,-0.588,0.606,0.5,2.3,-1.8,8.5,-8.7,-22,0.441267129,0.0962553789,0.437025056,-0.777794733
1,7634,1852430,-0.541,-0.584,0.61,0.3,2.4,-1.8,8.5,-8.7,-22,0.441206091,0.0962858974,0.437025056,-0.777825251
2,9176,1852440,-0.537,-0.584,0.614,0,2.4,-1.7,8.5,-8.7,-22,0.441175573,0.0962858974,0.437055574,-0.777825251
3,12943,1852440,-0.537,-0.584,0.61,0,2.5,-1.7,8.5,-8.7,-22,0.441114536,0.0963469344,0.437086093,-0.77785577
4,14400,1852440,-0.533,-0.585,0.61,-0.2,2.6,-1.6,8.5,-8.7,-22,0.441053499,0.0963469344,0.437116611,-0.77785577
5,17282,1852440,-0.537,-0.588,0.602,-0.3,2.7,-1.7,8.5,-8.7,-22,0.440992462,0.0963774529,0.43714713,-0.77785577
6,19104,1852450,-0.537,-0.592,0.606,-0.5,2.7,-1.7,8.5,-8.7,-22,0.440961943,0.0964079714,0.437208167,-0.77785577
7,21694,1852450,-0.537,-0.592,0.606,-0.5,2.7,-1.7,8.5,-8.7,-22,0.440961943,0.0964079714,0.437208167,-0.77785577
8,24917,1852450,-0.533,-0.6,0.606,-0.4,2.9,-2,9.5,-9.5,-22,0.440870388,0.096499527,0.437177648,-0.777916807
9,27825,1852450,-0.533,-0.596,0.613,-0.2,3.1,-2,9.5,-9.5,-22,0.440809351,0.0965300455,0.437238685,-0.777916807
10,29129,1852460,-0.533,-0.604,0.606,0,3.2,-2.1,9.5,-9.5,-22,0.440748314,0.096560564,0.437269204,-0.777916807
11,32374,1852460,-0.529,-0.596,0.613,0,3.2,-2.3,9.5,-9.5,-22,0.440656758,0.0965910825,0.437299722,-0.777947325
12,35200,1852460,-0.537,-0.596,0.606,0,3.2,-2.3,9.5,-9.5,-22,0.440595721,0.096621601,0.437330241,-0.777947325
13,36876,1852460,-0.529,-0.596,0.606,0.1,3.2,-2.4,9.5,-9.5,-22,0.440534684,0.0966521195,0.437360759,-0.777977844
14,39249,1852470,-0.533,-0.596,0.606,0.2,3.1,-2.5,9.5,-9.5,-22,0.440443129,0.096682638,0.437391278,-0.778008362
15,42081,1852470,-0.529,-0.596,0.606,0.4,3.2,-2.6,9.5,-9.5,-22,0.440382092,0.0967131565,0.437421796,-0.778008362
16,45000,1852470,-0.533,-0.596,0.606,0.6,3.2,-2.8,9.5,-9.5,-22,0.440290536,0.096743675,0.437452315,-0.778038881
17,46613,1852470,-0.537,-0.592,0.606,0.9,3.1,-2.9,9.5,-9.5,-22,0.440198981,0.0967741935,0.437482833,-0.778069399
18,49693,1852480,-0.537,-0.588,0.602,1.1,2.9,-2.9,9.5,-9.5,-22,0.440137944,0.0968352306,0.437482833,-0.778099918
19,52731,1852480,-0.537,-0.584,0.602,1.1,2.8,-3,9.5,-9.5,-22,0.440046388,0.0968657491,0.437513352,-0.778160955
20,54127,1852480,-0.541,-0.58,0.602,1.1,2.8,-3,9.5,-9.5,-22,0.439924314,0.0968962676,0.437513352,-0.778191473
21,57741,1852480,-0.541,-0.58,0.602,1.1,2.9,-3,9.5,-9.5,-22,0.439893796,0.0969267861,0.43754387,-0.778221992
22,59196,1852490,-0.537,-0.584,0.602,1,2.8,-3.1,9.5,-9.5,-22,0.43980224,0.0969573046,0.43754387,-0.77825251
23,62212,1852490,-0.537,-0.584,0.606,1,2.7,-3.2,9.5,-9.5,-22,0.439710685,0.0969573046,0.437574389,-0.778283029
24,65306,1852490,-0.541,-0.588,0.598,0.8,2.7,-3.3,9.5,-9.5,-22,0.439619129,0.0969878231,0.437574389,-0.778313547
25,66878,1852490,-0.541,-0.588,0.606,0.7,2.8,-3.4,9.5,-9.5,-22,0.439558092,0.0970183416,0.437604907,-0.778313547
26,69430,1852500,-0.537,-0.596,0.602,0.5,2.9,-3.5,9.5,-9.5,-22,0.439466536,0.0970488601,0.437635426,-0.778374584
27,71578,1852500,-0.537,-0.596,0.602,0.5,2.9,-3.5,9.5,-9.5,-22,0.439466536,0.0970488601,0.437635426,-0.778374584
28,74197,1852500,-0.533,-0.596,0.602,0.5,2.8,-3.7,8.7,-7.3,-21.9,0.439313944,0.0971404157,0.437604907,-0.77846614
29,77471,1852500,-0.537,-0.588,0.602,0.6,2.9,-3.7,8.7,-7.3,-21.9,0.439222388,0.0971404157,0.437635426,-0.778496658
30,79484,1852510,-0.533,-0.588,0.602,0.8,2.9,-3.7,8.7,-7.3,-21.9,0.439130833,0.0971709342,0.437665944,-0.778527177
31,82572,1852510,-0.537,-0.596,0.606,0.9,2.7,-3.7,9.1,-7.3,-22.1,0.439039277,0.0972014527,0.437665944,-0.778588214
32,84091,1852510,-0.537,-0.588,0.606,1.1,2.6,-3.7,9.1,-7.3,-22.1,0.438947722,0.0972014527,0.437696463,-0.778618732
33,86923,1852510,-0.537,-0.596,0.606,1.2,2.4,-3.6,9.1,-7.3,-22.1,0.438856166,0.0972319712,0.437696463,-0.778649251
34,90150,1852520,-0.533,-0.596,0.606,1.3,2.4,-3.6,9.1,-7.3,-22.1,0.438764611,0.0972624897,0.437696463,-0.778710288
35,91611,1852520,-0.537,-0.592,0.614,1.4,2.4,-3.4,8.9,-7.7,-22.3,0.438703574,0.0972624897,0.437696463,-0.778740806
36,94689,1852520,-0.537,-0.6,0.61,1.6,2.3,-3.4,8.9,-7.7,-22.3,0.438612018,0.0972624897,0.437726981,-0.778801843
37,96824,1852520,-0.537,-0.604,0.606,1.6,2.2,-3.4,8.9,-7.7,-22.3,0.438520463,0.0973235267,0.437726981,-0.778832362
38,99976,1852530,-0.537,-0.604,0.61,1.6,2.1,-3.4,8.9,-7.7,-22.3,0.438428907,0.0973540452,0.437726981,-0.77886288
39,102288,1852530,-0.533,-0.604,0.61,1.6,2,-3.4,8.8,-8,-22.3,0.43836787,0.0973540452,0.437726981,-0.778923917
40,104422,1852530,-0.533,-0.608,0.614,1.6,1.9,-3.6,8.8,-8,-22.3,0.438276315,0.0973845637,0.437726981,-0.778954436
41,107590,1852530,-0.538,-0.612,0.614,1.7,1.8,-3.6,8.8,-8,-22.3,0.438184759,0.0973845637,0.437696463,-0.779015473
42,109702,1852540,-0.534,-0.612,0.614,1.8,1.9,-3.5,8.8,-8,-22.3,0.438093204,0.0974150822,0.437696463,-0.77907651
43,112203,1852540,-0.534,-0.612,0.617,1.9,1.9,-3.5,8.8,-8,-22.3,0.438032167,0.0974150822,0.437696463,-0.779107028
44,114236,1852540,-0.533,-0.604,0.613,1.9,1.9,-3.4,8.8,-8,-22.3,0.437940611,0.0974456008,0.437696463,-0.779168065
45,116688,1852540,-0.538,-0.612,0.614,1.9,1.8,-3.4,8.8,-8,-22.3,0.437849055,0.0974456008,0.437665944,-0.779198584
46,120302,1852550,-0.533,-0.608,0.617,1.8,1.7,-3.4,8.8,-8,-22.3,0.437788018,0.0974761193,0.437665944,-0.779259621
47,122581,1852550,-0.533,-0.608,0.617,1.8,1.7,-3.4,8.8,-8,-22.3,0.437788018,0.0974761193,0.437665944,-0.779259621
48,124175,1852550,-0.533,-0.604,0.61,1.7,1.5,-3.5,9.4,-9.8,-21.9,0.437604907,0.0974150822,0.437604907,-0.779381695
49,126677,1852550,-0.529,-0.604,0.613,1.6,1.5,-3.5,9.4,-9.8,-21.9,0.43754387,0.0974150822,0.437604907,-0.779442732
50,130862,1852560,-0.533,-0.6,0.613,1.7,1.4,-3.5,9.4,-9.8,-21.9,0.437452315,0.0974456008,0.437574389,-0.779473251
51,133098,1852560,-0.529,-0.6,0.613,1.9,1.3,-3.4,8.9,-10.4,-22,0.437391278,0.0974456008,0.437574389,-0.779534288
52,135624,1852560,-0.529,-0.6,0.613,2,1.1,-3.5,8.9,-10.4,-22,0.437299722,0.0974456008,0.437574389,-0.779595325
53,137339,1852560,-0.533,-0.604,0.613,2.3,1,-3.4,8.9,-10.4,-22,0.437238685,0.0974456008,0.43754387,-0.779625843
54,139183,1852570,-0.529,-0.596,0.625,2.4,1,-3.4,8.9,-10.4,-22,0.43714713,0.0974761193,0.437513352,-0.77968688
55,142300,1852570,-0.533,-0.592,0.617,2.4,1.1,-3.3,8.6,-11.1,-21.7,0.437086093,0.0974761193,0.437482833,-0.779747917
56,144442,1852570,-0.529,-0.592,0.617,2.3,1.2,-3.3,8.6,-11.1,-21.7,0.436994537,0.0974761193,0.437482833,-0.779808954
57,148326,1852570,-0.529,-0.592,0.613,1.9,1.2,-3.3,8.6,-11.1,-21.7,0.4369335,0.0975066378,0.437452315,-0.779839473
58,150002,1852580,-0.533,-0.592,0.61,1.6,1.2,-3.4,8.6,-11.1,-21.7,0.436872463,0.0975066378,0.437452315,-0.77990051
59,151672,1852580,-0.529,-0.585,0.613,1.3,1.2,-3.5,8.6,-11.4,-21.6,0.436780908,0.0975066378,0.437452315,-0.779931028
60,155252,1852580,-0.533,-0.585,0.61,1.1,1.2,-3.5,8.6,-11.4,-21.6,0.436719871,0.0975066378,0.437452315,-0.779992065
61,157703,1852580,-0.533,-0.588,0.61,0.9,1,-3.6,8.6,-11.4,-21.6,0.436628315,0.0974761193,0.437452315,-0.780022584
62,159729,1852590,-0.533,-0.592,0.602,0.9,1,-3.6,8.6,-11.4,-21.6,0.436567278,0.0974761193,0.437452315,-0.780053102
63,162008,1852590,-0.537,-0.584,0.606,0.8,1,-3.6,8.6,-11.4,-21.6,0.436506241,0.0974761193,0.437452315,-0.780114139
64,164217,1852590,-0.533,-0.577,0.606,0.9,1,-3.6,8.6,-11.4,-21.6,0.436414686,0.0974761193,0.437452315,-0.780144658
65,166761,1852590,-0.537,-0.58,0.606,0.9,1.2,-3.5,8.6,-11.4,-21.6,0.436353648,0.0974456008,0.437452315,-0.780175176
66,169390,1852600,-0.537,-0.584,0.606,0.8,1.2,-3.5,8.6,-11.4,-21.6,0.436262093,0.0974456008,0.437452315,-0.780236213
67,172793,1852600,-0.537,-0.584,0.606,0.8,1.2,-3.5,8.6,-11.4,-21.6,0.436262093,0.0974456008,0.437452315,-0.780236213
68,174952,1852600,-0.537,-0.577,0.61,0.7,1.3,-3.5,9,-9.1,-23.3,0.436170537,0.0975066378,0.437360759,-0.780327769
69,176835,1852600,-0.537,-0.584,0.61,0.6,1.2,-3.4,9,-9.1,-23.3,0.4361095,0.0975066378,0.437360759,-0.780358287
70,179752,1852610,-0.541,-0.58,0.606,0.7,1.2,-3.4,9,-9.1,-23.3,0.436017945,0.0975066378,0.437360759,-0.780388806
71,181656,1852610,-0.537,-0.584,0.602,0.8,1.2,-3.5,8.6,-8.2,-23.3,0.435956908,0.0975066378,0.437391278,-0.780449843
72,185203,1852610,-0.537,-0.584,0.606,0.9,1.2,-3.6,8.6,-8.2,-23.3,0.435895871,0.0975066378,0.437391278,-0.780480361
73,186995,1852610,-0.537,-0.592,0.602,1,1.2,-3.7,8.6,-8.2,-23.3,0.435804315,0.0975066378,0.437391278,-0.78051088
74,189245,1852620,-0.541,-0.592,0.606,1.2,1,-3.7,8.6,-8.2,-23.3,0.435743278,0.0974761193,0.437391278,-0.780571917
75,192097,1852620,-0.537,-0.592,0.606,1.4,0.9,-3.7,9.1,-7.7,-23.5,0.435651723,0.0974761193,0.437360759,-0.780602435
76,194201,1852620,-0.533,-0.592,0.606,1.6,0.8,-3.6,9.1,-7.7,-23.5,0.435590686,0.0974761193,0.437360759,-0.780663472
77,196753,1852620,-0.537,-0.596,0.606,1.9,0.8,-3.6,9.1,-7.7,-23.5,0.43549913,0.0974761193,0.437330241,-0.780724509
78,200703,1852630,-0.533,-0.592,0.598,2.2,0.7,-3.7,9.1,-7.7,-23.5,0.435438093,0.0974761193,0.437330241,-0.780755028
79,203350,1852630,-0.537,-0.588,0.602,2.5,0.7,-3.9,9,-7.2,-23.7,0.435346538,0.0974761193,0.437299722,-0.780816065
80,205627,1852630,-0.541,-0.58,0.602,2.8,0.7,-4.1,9,-7.2,-23.7,0.435254982,0.0974761193,0.437269204,-0.78090762
81,207801,1852630,-0.537,-0.584,0.606,3,0.6,-4.1,9,-7.2,-23.7,0.435193945,0.0974761193,0.437208167,-0.780968657
82,210058,1852640,-0.537,-0.584,0.602,3.1,0.6,-4.1,9,-7.2,-23.7,0.43510239,0.0974761193,0.437177648,-0.781029695
83,211753,1852640,-0.541,-0.584,0.602,3.4,0.6,-4.1,9,-7.2,-23.7,0.435010834,0.0974761193,0.43714713,-0.781090732
84,214585,1852640,-0.541,-0.58,0.606,3.5,0.7,-4.1,9,-7.2,-23.7,0.434919279,0.0974761193,0.437086093,-0.781182287
85,216823,1852640,-0.537,-0.577,0.606,3.6,0.7,-4.2,9,-7.2,-23.7,0.434858242,0.0975066378,0.437055574,-0.781243324
86,220353,1852650,-0.537,-0.577,0.602,3.6,0.7,-4.3,9,-7.2,-23.7,0.434766686,0.0975066378,0.436994537,-0.781304361
87,221845,1852650,-0.537,-0.577,0.602,3.6,0.7,-4.3,9,-7.2,-23.7,0.434766686,0.0975066378,0.436994537,-0.781304361
88,224652,1852650,-0.541,-0.58,0.602,3.7,0.6,-4.4,8.9,-8.5,-22.2,0.434705649,0.0976897488,0.436719871,-0.781487472
89,226649,1852650,-0.541,-0.58,0.602,3.7,0.6,-4.3,8.9,-8.5,-22.2,0.434614093,0.0976897488,0.436689352,-0.781548509
90,229242,1852660,-0.537,-0.584,0.602,3.7,0.6,-4.2,8.9,-8.5,-22.2,0.434522538,0.0977202673,0.436628315,-0.781609546
91,232683,1852660,-0.541,-0.588,0.602,3.6,0.7,-4.2,9,-8.7,-21.5,0.434430982,0.0977202673,0.436597797,-0.781701102
92,234506,1852660,-0.537,-0.588,0.602,3.3,0.7,-4.2,9,-8.7,-21.5,0.434369945,0.0977202673,0.43653676,-0.781762139
93,236810,1852660,-0.537,-0.588,0.606,3,0.8,-4.3,9,-8.7,-21.5,0.43427839,0.0977202673,0.436506241,-0.781823176
94,240166,1852670,-0.541,-0.584,0.606,2.6,0.8,-4.3,9,-8.7,-21.5,0.434186834,0.0977202673,0.436475723,-0.781914731
95,241754,1852670,-0.545,-0.592,0.602,2.5,1,-4.3,8.6,-9,-20.9,0.43406476,0.0977202673,0.436445204,-0.781975768
96,244854,1852670,-0.545,-0.596,0.598,2.4,1.1,-4.3,8.6,-9,-20.9,0.434003723,0.0977202673,0.436445204,-0.782036805
97,247181,1852670,-0.541,-0.596,0.602,2.3,1.2,-4.4,8.6,-9,-20.9,0.433912168,0.0977202673,0.436414686,-0.782097842
98,249432,1852680,-0.545,-0.596,0.606,2.2,1.2,-4.4,8.6,-9,-20.9,0.433820612,0.0977202673,0.436414686,-0.782158879
99,251767,1852680,-0.541,-0.596,0.594,2.2,1.3,-4.4,9.2,-8.8,-20,0.433729057,0.0977202673,0.436384167,-0.782219916
100,254301,1852680,-0.549,-0.596,0.598,2.2,1.3,-4.2,9.2,-8.8,-20,0.433637501,0.0977202673,0.436353648,-0.782280953
101,257313,1852680,-0.541,-0.596,0.598,2.2,1.3,-4.1,9.2,-8.8,-20,0.433545946,0.0977202673,0.436353648,-0.78234199
102,259430,1852690,-0.545,-0.6,0.594,2.3,1.3,-4.1,9.2,-8.8,-20,0.43345439,0.0977507859,0.43632313,-0.782372509
103,263254,1852690,-0.541,-0.6,0.602,2.4,1.3,-4.1,9.2,-8.8,-20,0.433362835,0.0977507859,0.43632313,-0.782433546
104,265427,1852690,-0.545,-0.596,0.594,2.5,1.4,-4.1,9.2,-8.8,-20,0.433271279,0.0977507859,0.436292611,-0.782494583
105,267795,1852690,-0.549,-0.596,0.598,2.5,1.5,-3.9,9.2,-8.8,-20,0.433179724,0.0977507859,0.436262093,-0.78255562
106,270053,1852700,-0.545,-0.604,0.594,2.6,1.6,-3.8,9.2,-8.8,-20,0.433088168,0.0977507859,0.436262093,-0.782616657
107,272158,1852700,-0.545,-0.604,0.594,2.6,1.6,-3.8,9.2,-8.8,-20,0.433088168,0.0977507859,0.436262093,-0.782616657
108,274168,1852700,-0.545,-0.604,0.594,2.8,1.6,-3.6,8.9,-8.8,-20.5,0.432966094,0.0979338969,0.436262093,-0.782677694
109,276630,1852700,-0.545,-0.608,0.598,2.8,1.6,-3.4,8.9,-8.8,-20.5,0.432874538,0.0979644154,0.436231574,-0.782738731
110,280072,1852710,-0.545,-0.608,0.598,2.8,1.6,-3.4,8.9,-8.8,-20.5,0.432782983,0.0979644154,0.436201056,-0.782799768
111,282258,1852710,-0.542,-0.608,0.594,2.7,1.6,-3.4,9.1,-9,-20.6,0.432721946,0.0979949339,0.436170537,-0.782860805
112,284446,1852710,-0.538,-0.608,0.598,2.7,1.7,-3.5,9.1,-9,-20.6,0.43263039,0.0980254524,0.436140019,-0.782891324
113,286762,1852710,-0.541,-0.604,0.598,2.7,1.8,-3.3,9.1,-9,-20.6,0.432538835,0.0980559709,0.436140019,-0.782952361
114,289357,1852720,-0.538,-0.612,0.602,2.6,1.8,-3.1,9.1,-9,-20.6,0.432477798,0.0980559709,0.4361095,-0.783013398
115,292687,1852720,-0.546,-0.612,0.598,2.5,1.7,-2.9,8.9,-8.6,-20.9,0.432386242,0.0980864895,0.436078982,-0.783074435
116,294246,1852720,-0.542,-0.608,0.598,2.4,1.7,-2.7,8.9,-8.6,-20.9,0.432325205,0.098117008,0.436078982,-0.783104953
117,296966,1852720,-0.541,-0.604,0.594,2.3,1.6,-2.5,8.9,-8.6,-20.9,0.432264168,0.0981475265,0.436017945,-0.783135472
118,300195,1852730,-0.541,-0.604,0.598,2.2,1.7,-2.3,8.9,-8.6,-20.9,0.432203131,0.098178045,0.436017945,-0.783196509
119,302352,1852730,-0.542,-0.608,0.598,1.8,1.8,-2.1,9.1,-8.7,-21.9,0.432111576,0.0982085635,0.436017945,-0.783227027
120,304566,1852730,-0.538,-0.604,0.59,1.5,1.9,-1.9,9.1,-8.7,-21.9,0.432081057,0.098239082,0.436017945,-0.783257546
121,306892,1852730,-0.542,-0.604,0.586,1.2,2,-1.7,9.1,-8.7,-21.9,0.432050539,0.098239082,0.436017945,-0.783288064
122,309233,1852740,-0.541,-0.6,0.598,1,2,-1.5,9.1,-8.7,-21.9,0.431989502,0.098300119,0.436017945,-0.783288064
123,312024,1852740,-0.545,-0.604,0.594,0.8,2,-1.4,9.1,-8.7,-21.9,0.431928465,0.0983306375,0.436017945,-0.783318583
124,315083,1852740,-0.545,-0.6,0.59,0.5,2,-1.2,9.1,-8.7,-21.9,0.431897946,0.098361156,0.436017945,-0.783318583
125,317268,1852740,-0.549,-0.596,0.587,0.3,2,-1.1,9.1,-8.7,-21.9,0.431867428,0.0983916746,0.436017945,-0.783349101
126,319282,1852750,-0.545,-0.6,0.59,0,2.1,-1,9.1,-8.7,-21.9,0.431806391,0.0983916746,0.436078982,-0.783349101
127,321610,1852750,-0.545,-0.6,0.59,0,2.1,-1,9.1,-8.7,-21.9,0.431806391,0.0983916746,0.436078982,-0.783349101
128,324913,1852750,-0.545,-0.596,0.586,-0.1,2.3,-0.7,9,-8.7,-22.6,0.431775872,0.0986358226,0.436262093,-0.783227027
129,327064,1852750,-0.545,-0.596,0.594,-0.2,2.2,-0.6,9,-8.7,-22.6,0.431745354,0.0986663411,0.436292611,-0.783227027
130,329397,1852760,-0.545,-0.6,0.586,-0.4,2.2,-0.5,9,-8.7,-22.6,0.431714835,0.0986968596,0.43632313,-0.783227027
131,331833,1852760,-0.545,-0.6,0.59,-0.5,2.2,-0.4,9.2,-9,-22.9,0.431684317,0.0986968596,0.436353648,-0.783227027
132,334288,1852760,-0.549,-0.596,0.59,-0.6,2.3,-0.4,9.2,-9,-22.9,0.431653798,0.0987273782,0.436384167,-0.783227027
133,337439,1852760,-0.541,-0.596,0.586,-0.8,2.3,-0.5,9.2,-9,-22.9,0.43162328,0.0987273782,0.436445204,-0.783227027
134,339674,1852770,-0.541,-0.6,0.594,-0.9,2.3,-0.5,9.2,-9,-22.9,0.431592761,0.0987884152,0.436475723,-0.783196509
135,341775,1852770,-0.541,-0.596,0.586,-1,2.2,-0.5,9.1,-8.7,-22.7,0.431562243,0.0988189337,0.436506241,-0.783196509
136,345825,1852770,-0.541,-0.596,0.582,-1.1,2.1,-0.4,9.1,-8.7,-22.7,0.431531724,0.0988494522,0.43653676,-0.783196509
137,346886,1852770,-0.541,-0.596,0.59,-1.2,2,-0.4,9.1,-8.7,-22.7,0.431501205,0.0988494522,0.436597797,-0.78316599
138,349467,1852780,-0.545,-0.604,0.59,-1.4,2,-0.4,9.1,-8.7,-22.7,0.431470687,0.0988799707,0.436628315,-0.78316599
139,351612,1852780,-0.545,-0.588,0.586,-1.4,2.1,-0.5,9.2,-8.7,-22.6,0.431470687,0.0988799707,0.436689352,-0.783135472
140,354730,1852780,-0.545,-0.592,0.583,-1.3,2.3,-0.5,9.2,-8.7,-22.6,0.431440168,0.0989104892,0.436719871,-0.783135472
141,356876,1852780,-0.545,-0.592,0.586,-1.2,2.5,-0.6,9.2,-8.7,-22.6,0.43140965,0.0989410077,0.436780908,-0.783135472
142,359137,1852790,-0.545,-0.596,0.586,-1.3,2.5,-0.6,9.2,-8.7,-22.6,0.431379131,0.0989715262,0.436811426,-0.783104953
143,362677,1852790,-0.545,-0.596,0.59,-1.3,2.3,-0.6,9.2,-8.7,-22.6,0.431318094,0.0989715262,0.436872463,-0.783104953
144,365150,1852790,-0.549,-0.592,0.587,-1.2,2.2,-0.5,9.2,-8.7,-22.6,0.431318094,0.0990020447,0.436902982,-0.783074435
145,368018,1852790,-0.545,-0.596,0.586,-1.2,2,-0.5,9.2,-8.7,-22.6,0.431287576,0.0990325632,0.436964019,-0.783074435
146,370364,1852800,-0.545,-0.6,0.59,-1.1,1.8,-0.5,9.2,-8.7,-22.6,0.431257057,0.0990325632,0.436994537,-0.783074435
147,372630,1852800,-0.545,-0.6,0.59,-1.1,1.8,-0.5,9.2,-8.7,-22.6,0.431257057,0.0990325632,0.436994537,-0.783074435
148,374863,1852800,-0.545,-0.6,0.59,-1.1,1.8,-0.5,9.7,-8.7,-22.1,0.431226539,0.0992156743,0.437177648,-0.782952361
149,377093,1852800,-0.545,-0.604,0.59,-1.2,2,-0.5,9.7,-8.7,-22.1,0.43119602,0.0992767113,0.437208167,-0.782952361
150,379333,1852810,-0.541,-0.604,0.594,-1.2,2.3,-0.6,9.7,-8.7,-22.1,0.431165502,0.0992767113,0.437269204,-0.782921842
151,382232,1852810,-0.542,-0.608,0.59,-1.1,2.3,-0.6,9.4,-8.7,-22.2,0.431134983,0.0993072298,0.437299722,-0.782921842
152,384554,1852810,-0.542,-0.612,0.594,-1.1,2.1,-0.5,9.4,-8.7,-22.2,0.431134983,0.0993377483,0.437360759,-0.782891324
153,386832,1852810,-0.542,-0.612,0.594,-1.1,2,-0.4,9.4,-8.7,-22.2,0.431104465,0.0993682669,0.437391278,-0.782891324
154,389140,1852820,-0.545,-0.608,0.598,-0.9,2,-0.3,9.4,-8.7,-22.2,0.431073946,0.0993682669,0.437421796,-0.782891324
155,392634,1852820,-0.538,-0.608,0.594,-0.8,2,-0.4,9.2,-8.7,-22,0.431043428,0.0993987854,0.437452315,-0.782891324
156,394839,1852820,-0.542,-0.608,0.59,-0.8,2,-0.4,9.2,-8.7,-22,0.431012909,0.0994293039,0.437482833,-0.782860805
157,397022,1852820,-0.542,-0.608,0.594,-0.6,1.9,-0.2,9.2,-8.7,-22,0.431012909,0.0994598224,0.437513352,-0.782860805
158,399276,1852830,-0.538,-0.608,0.594,-0.6,1.8,-0.1,9.2,-8.7,-22,0.430982391,0.0994598224,0.43754387,-0.782860805
159,403412,1852830,-0.538,-0.612,0.598,-0.5,1.8,-0.1,9.4,-8.6,-22.1,0.430951872,0.0994903409,0.437574389,-0.782830287
160,404148,1852830,-0.538,-0.608,0.598,-0.6,1.7,0,9.4,-8.6,-22.1,0.430951872,0.0995208594,0.437604907,-0.782830287
161,407870,1852830,-0.542,-0.608,0.594,-0.7,1.6,0.1,9.4,-8.6,-22.1,0.430951872,0.0995513779,0.437635426,-0.782830287
162,410075,1852840,-0.538,-0.604,0.594,-0.8,1.6,0.4,9.4,-8.6,-22.1,0.430921354,0.0995818964,0.437665944,-0.782799768
163,411686,1852840,-0.541,-0.6,0.602,-1.1,1.6,0.5,9.4,-8.6,-22.1,0.430921354,0.0995818964,0.437696463,-0.782799768
164,414201,1852840,-0.538,-0.608,0.594,-1.3,1.7,0.5,9.4,-8.6,-22.1,0.430921354,0.0996124149,0.437726981,-0.78276925
165,417675,1852840,-0.538,-0.604,0.594,-1.5,1.7,0.5,9.4,-8.6,-22.1,0.430921354,0.0996429334,0.437788018,-0.782738731
166,419209,1852850,-0.534,-0.604,0.598,-1.7,1.7,0.6,9.4,-8.6,-22.1,0.430921354,0.0996429334,0.437818537,-0.782708213
167,422328,1852850,-0.534,-0.604,0.598,-1.7,1.7,0.6,9.4,-8.6,-22.1,0.430921354,0.0996429334,0.437818537,-0.782708213
168,425312,1852850,-0.537,-0.6,0.598,-2,1.7,0.8,10.6,-8.7,-21.5,0.430921354,0.0997039705,0.437940611,-0.782647176
169,426819,1852850,-0.534,-0.604,0.598,-2.1,1.7,0.8,10.6,-8.7,-21.5,0.430921354,0.0997039705,0.437971129,-0.782616657
170,429868,1852860,-0.53,-0.604,0.59,-2.2,1.6,0.9,10.6,-8.7,-21.5,0.430921354,0.0997039705,0.438062685,-0.782586138
171,431751,1852860,-0.534,-0.604,0.594,-2.4,1.4,1,11,-8.8,-21.3,0.430921354,0.0997039705,0.438093204,-0.782525101
172,435178,1852860,-0.533,-0.604,0.602,-2.6,1.4,1.1,11,-8.8,-21.3,0.430951872,0.0997650075,0.438154241,-0.782494583
173,436750,1852860,-0.53,-0.604,0.598,-2.8,1.3,1.2,11,-8.8,-21.3,0.430951872,0.0997650075,0.438215278,-0.782464064
174,439258,1852870,-0.538,-0.604,0.594,-3.1,1.4,1.3,11,-8.8,-21.3,0.430982391,0.0997650075,0.438276315,-0.782403027
175,442646,1852870,-0.537,-0.6,0.598,-3.4,1.4,1.3,10.8,-8.6,-21.5,0.430982391,0.0997650075,0.43836787,-0.782372509
176,444268,1852870,-0.53,-0.6,0.594,-3.7,1.6,1.2,10.8,-8.6,-21.5,0.431012909,0.099795526,0.438428907,-0.782311472
177,446889,1852870,-0.533,-0.6,0.602,-3.9,1.7,1.1,10.8,-8.6,-21.5,0.431012909,0.099795526,0.438520463,-0.782219916
178,449186,1852880,-0.533,-0.604,0.602,-3.9,1.7,1.3,10.8,-8.6,-21.5,0.431012909,0.099795526,0.4385815,-0.782189398
179,452548,1852880,-0.537,-0.604,0.598,-3.9,1.7,1.4,11,-8.7,-21.3,0.431043428,0.099795526,0.438673055,-0.782158879
180,454170,1852880,-0.537,-0.604,0.606,-3.9,1.6,1.6,11,-8.7,-21.3,0.431073946,0.099795526,0.438764611,-0.782097842
181,456725,1852880,-0.537,-0.604,0.606,-3.8,1.4,1.7,11,-8.7,-21.3,0.431073946,0.0998260445,0.438825648,-0.782036805
182,460142,1852890,-0.534,-0.608,0.602,-3.8,1.3,1.6,11,-8.7,-21.3,0.431104465,0.0998260445,0.438917203,-0.781975768
183,461707,1852890,-0.53,-0.604,0.598,-3.8,1.3,1.6,9.1,-8.4,-22,0.431134983,0.0998260445,0.43897824,-0.781914731
184,464196,1852890,-0.538,-0.612,0.61,-3.9,1.3,1.6,9.1,-8.4,-22,0.431165502,0.0998260445,0.439039277,-0.781853694
185,467555,1852890,-0.537,-0.604,0.602,-3.9,1.2,1.6,9.1,-8.4,-22,0.43119602,0.0998260445,0.439130833,-0.781823176
186,469191,1852900,-0.533,-0.604,0.602,-3.7,1.2,1.4,9.1,-8.4,-22,0.43119602,0.0998260445,0.43919187,-0.781762139
187,471581,1852900,-0.533,-0.604,0.602,-3.7,1.2,1.4,9.1,-8.4,-22,0.43119602,0.0998260445,0.43919187,-0.781762139
188,475085,1852900,-0.542,-0.612,0.602,-3.2,1.1,1.4,8.4,-8.7,-21.7,0.431257057,0.0997650075,0.439283425,-0.781701102
189,476719,1852900,-0.541,-0.604,0.598,-3,1.1,1.3,8.4,-8.7,-21.7,0.431257057,0.0997650075,0.439344462,-0.781640065
190,479930,1852910,-0.537,-0.604,0.606,-2.9,1.1,1.1,8.4,-8.7,-21.7,0.431287576,0.0997650075,0.439405499,-0.781609546
191,481624,1852910,-0.537,-0.604,0.598,-2.9,1.3,1.1,7.4,-8.9,-21.9,0.431287576,0.0997650075,0.439466536,-0.781579028
192,485155,1852910,-0.537,-0.604,0.598,-2.9,1.3,1.3,7.4,-8.9,-21.9,0.431318094,0.099795526,0.439527573,-0.781517991
193,486709,1852910,-0.541,-0.604,0.606,-2.8,1.2,1.4,7.4,-8.9,-21.9,0.431318094,0.099795526,0.43958861,-0.781487472
194,489152,1852920,-0.541,-0.6,0.606,-2.6,1,1.4,7.4,-8.9,-21.9,0.431348613,0.099795526,0.439619129,-0.781426435
195,492541,1852920,-0.541,-0.604,0.598,-2.5,0.9,1.3,6.3,-9,-21.8,0.431379131,0.099795526,0.439680166,-0.781395917
196,494134,1852920,-0.541,-0.604,0.602,-2.3,0.8,1.3,6.3,-9,-21.8,0.431379131,0.0998260445,0.439710685,-0.781365398
197,497125,1852920,-0.541,-0.608,0.602,-2.2,0.7,1.3,6.3,-9,-21.8,0.43140965,0.0998260445,0.439771722,-0.78133488
198,499480,1852930,-0.537,-0.604,0.61,-2,0.6,1.3,6.3,-9,-21.8,0.431440168,0.0998260445,0.43980224,-0.781304361
199,501599,1852930,-0.538,-0.608,0.606,-1.9,0.6,1.3,5.5,-8.8,-21.8,0.431440168,0.0998260445,0.439832759,-0.781273843
200,505131,1852930,-0.542,-0.612,0.598,-1.8,0.6,1.2,5.5,-8.8,-21.8,0.431470687,0.0998260445,0.439863277,-0.781243324
201,506607,1852930,-0.538,-0.612,0.602,-1.8,0.6,1.3,5.5,-8.8,-21.8,0.431501205,0.0998260445,0.439924314,-0.781212806
202,509073,1852940,-0.538,-0.608,0.606,-1.8,0.7,1.2,5.5,-8.8,-21.8,0.431501205,0.099856563,0.439924314,-0.781182287
203,512565,1852940,-0.538,-0.612,0.61,-1.8,0.7,1.3,10.4,-9.8,-21.8,0.431531724,0.099856563,0.439985351,-0.781151769
204,514221,1852940,-0.541,-0.608,0.606,-1.7,0.6,1.3,10.4,-9.8,-21.8,0.431531724,0.099856563,0.44001587,-0.78112125
205,516792,1852940,-0.541,-0.608,0.606,-1.7,0.6,1.3,10.4,-9.8,-21.8,0.431562243,0.099856563,0.440046388,-0.781090732
206,520152,1852950,-0.541,-0.604,0.606,-1.6,0.6,1.3,10.4,-9.8,-21.8,0.431592761,0.0998870815,0.440076907,-0.781060213
207,521623,1852950,-0.541,-0.604,0.606,-1.6,0.6,1.3,10.4,-9.8,-21.8,0.431592761,0.0998870815,0.440076907,-0.781060213
208,524597,1852950,-0.538,-0.608,0.602,-1.4,0.8,1.4,7.2,-7.3,-21.9,0.431653798,0.0998870815,0.440046388,-0.781029695
209,527642,1852950,-0.538,-0.612,0.606,-1.2,0.8,1.4,7.2,-7.3,-21.9,0.431653798,0.0998870815,0.440076907,-0.780999176
210,529152,1852960,-0.538,-0.612,0.606,-1.1,0.7,1.4,7.2,-7.3,-21.9,0.431684317,0.0999176,0.440107425,-0.780968657
211,531715,1852960,-0.534,-0.612,0.606,-1,0.6,1.4,8.3,-7,-21.5,0.431714835,0.0999176,0.440137944,-0.780938139
212,535074,1852960,-0.542,-0.616,0.606,-0.9,0.5,1.4,8.3,-7,-21.5,0.431714835,0.0999481185,0.440137944,-0.780938139
213,536626,1852960,-0.538,-0.612,0.606,-0.9,0.6,1.6,8.3,-7,-21.5,0.431745354,0.0999481185,0.440168462,-0.78090762
214,539686,1852970,-0.542,-0.612,0.606,-0.9,0.7,1.7,8.3,-7,-21.5,0.431775872,0.099978637,0.440168462,-0.780877102
215,542567,1852970,-0.546,-0.616,0.598,-1,0.9,1.9,8.9,-7.4,-21.5,0.431806391,0.100009156,0.440198981,-0.780846583
216,544105,1852970,-0.542,-0.616,0.606,-1.1,1.1,1.9,8.9,-7.4,-21.5,0.431836909,0.100009156,0.440229499,-0.780816065
217,546612,1852970,-0.542,-0.612,0.61,-1.1,1.1,1.9,8.9,-7.4,-21.5,0.431836909,0.100039674,0.440260018,-0.780785546
218,550001,1852980,-0.541,-0.608,0.602,-0.9,1.2,2,8.9,-7.4,-21.5,0.431867428,0.100070193,0.440290536,-0.780755028
219,551652,1852980,-0.542,-0.612,0.606,-0.7,1.2,2.2,9.6,-7.1,-21.9,0.431897946,0.10013123,0.440290536,-0.780724509
220,554531,1852980,-0.542,-0.612,0.598,-0.6,1.2,2.2,9.6,-7.1,-21.9,0.431928465,0.100161748,0.440321055,-0.780693991
221,557364,1852980,-0.546,-0.616,0.602,-0.5,1.2,2.3,9.6,-7.1,-21.9,0.431958983,0.100192267,0.440351573,-0.780663472
222,559096,1852990,-0.541,-0.608,0.606,-0.5,1.2,2.3,9.6,-7.1,-21.9,0.431989502,0.100192267,0.440351573,-0.780632954
223,561869,1852990,-0.542,-0.612,0.606,-0.6,1.2,2.5,9.1,-9.4,-22.1,0.43202002,0.100283822,0.440382092,-0.780602435
224,564722,1852990,-0.545,-0.612,0.606,-0.7,1.3,2.7,9.1,-9.4,-22.1,0.432050539,0.100314341,0.440382092,-0.780541398
225,567736,1852990,-0.541,-0.608,0.606,-0.9,1.4,2.9,9.1,-9.4,-22.1,0.432081057,0.100375378,0.44041261,-0.78051088
226,569226,1853000,-0.545,-0.608,0.606,-1.1,1.6,3,9.1,-9.4,-22.1,0.432111576,0.100405896,0.440443129,-0.780480361
227,573032,1853000,-0.545,-0.608,0.606,-1.1,1.6,3,9.1,-9.4,-22.1,0.432111576,0.100405896,0.440443129,-0.780480361
228,575373,1853000,-0.545,-0.608,0.606,-1.2,1.7,2.9,8.9,-8.2,-21.8,0.432203131,0.100466933,0.440443129,-0.780419324
229,577668,1853000,-0.538,-0.608,0.606,-1,1.8,2.8,8.9,-8.2,-21.8,0.432264168,0.10052797,0.440473647,-0.780388806
230,579878,1853010,-0.541,-0.604,0.606,-1,1.9,2.9,8.9,-8.2,-21.8,0.432294687,0.100558489,0.440504166,-0.780327769
231,582020,1853010,-0.541,-0.608,0.606,-1,2,3,9.1,-8.2,-21.9,0.432325205,0.100619526,0.440534684,-0.78029725
232,584650,1853010,-0.541,-0.604,0.606,-1.1,2,3,9.1,-8.2,-21.9,0.432355724,0.100680563,0.440565203,-0.780266732
233,586853,1853010,-0.542,-0.612,0.606,-1.2,2,3,9.1,-8.2,-21.9,0.432386242,0.100680563,0.440595721,-0.780205695
234,589441,1853020,-0.538,-0.608,0.606,-1.2,2,3.1,9.1,-8.2,-21.9,0.432416761,0.100772118,0.44062624,-0.780175176
235,591912,1853020,-0.541,-0.608,0.606,-1.2,1.9,3.1,9.2,-8.2,-21.7,0.432477798,0.100833155,0.440656758,-0.780114139
236,595729,1853020,-0.541,-0.604,0.606,-1.2,2,3.1,9.2,-8.2,-21.7,0.432508316,0.100894192,0.440687277,-0.780083621
237,598014,1853020,-0.541,-0.604,0.606,-1.2,2.3,3,9.2,-8.2,-21.7,0.432538835,0.100955229,0.440717795,-0.780022584
238,600160,1853030,-0.545,-0.604,0.606,-1.3,2.5,3,9.2,-8.2,-21.7,0.432569353,0.101016266,0.440748314,-0.779961547
239,601948,1853030,-0.542,-0.608,0.598,-1.3,2.7,2.9,9.1,-8.4,-22,0.432599872,0.101077303,0.440809351,-0.779931028
240,604333,1853030,-0.542,-0.608,0.598,-1.3,2.5,3,9.1,-8.4,-22,0.43263039,0.10113834,0.440839869,-0.779869991
241,608481,1853030,-0.537,-0.604,0.598,-1.2,2.5,3,9.1,-8.4,-22,0.432660909,0.101168859,0.440870388,-0.779839473
242,609237,1853040,-0.541,-0.604,0.594,-1.1,2.5,2.9,9.1,-8.4,-22,0.432691427,0.101260414,0.440931425,-0.779778436
243,612822,1853040,-0.546,-0.608,0.594,-1.1,2.5,2.8,9.1,-7.6,-21.6,0.432691427,0.101321451,0.440961943,-0.779747917
244,614400,1853040,-0.545,-0.604,0.59,-1.2,2.4,2.8,9.1,-7.6,-21.6,0.432721946,0.10135197,0.440992462,-0.779717399
245,617009,1853040,-0.541,-0.6,0.594,-1.2,2.3,2.8,9.1,-7.6,-21.6,0.432752464,0.101413007,0.44102298,-0.779656362
246,620085,1853050,-0.545,-0.6,0.594,-1.2,2.5,2.7,9.1,-7.6,-21.6,0.432782983,0.101474044,0.441084017,-0.779625843
247,621749,1853050,-0.545,-0.6,0.594,-1.2,2.5,2.7,9.1,-7.6,-21.6,0.432782983,0.101474044,0.441084017,-0.779625843
248,624598,1853050,-0.545,-0.6,0.586,-1.2,2.9,2.3,9.2,-10.4,-22,0.43284402,0.101626637,0.441145054,-0.779534288
249,626729,1853050,-0.549,-0.6,0.59,-1.1,3,2.3,9.2,-10.4,-22,0.43284402,0.101657155,0.441206091,-0.779473251
250,630807,1853060,-0.545,-0.596,0.59,-1,2.9,2.4,9.2,-10.4,-22,0.432874538,0.101748711,0.44123661,-0.779442732
251,632932,1853060,-0.545,-0.6,0.59,-0.9,2.8,2.4,9,-11.1,-22.4,0.432874538,0.101809748,0.441267129,-0.779412214
252,635437,1853060,-0.542,-0.604,0.586,-0.9,2.8,2.3,9,-11.1,-22.4,0.432905057,0.101870785,0.441297647,-0.779381695
253,637703,1853060,-0.542,-0.608,0.59,-0.7,2.6,2.3,9,-11.1,-22.4,0.432905057,0.101931822,0.441358684,-0.779320658
254,640013,1853070,-0.546,-0.608,0.586,-0.6,2.5,2.2,9,-11.1,-22.4,0.432935575,0.101992859,0.441389203,-0.779290139
255,642101,1853070,-0.546,-0.608,0.59,-0.4,2.3,2.1,9.1,-11.1,-21.7,0.432935575,0.102053896,0.441389203,-0.779259621
256,645147,1853070,-0.546,-0.608,0.586,-0.3,2.3,2,9.1,-11.1,-21.7,0.432935575,0.102114933,0.441419721,-0.779229102
257,647199,1853070,-0.545,-0.604,0.586,-0.3,2.3,1.9,9.1,-11.1,-21.7,0.432966094,0.102145451,0.44145024,-0.779229102
258,649358,1853080,-0.545,-0.604,0.586,-0.3,2.4,1.9,9.1,-11.1,-21.7,0.432966094,0.102206488,0.441480758,-0.779198584
259,652761,1853080,-0.546,-0.604,0.583,-0.3,2.4,1.9,8.7,-10.6,-21.9,0.432966094,0.102267525,0.441511277,-0.779168065
260,654380,1853080,-0.545,-0.6,0.59,-0.2,2.4,1.8,8.7,-10.6,-21.9,0.432996612,0.102328562,0.441511277,-0.779137547
261,657052,1853080,-0.545,-0.596,0.583,-0.1,2.4,1.7,8.7,-10.6,-21.9,0.432996612,0.102389599,0.441541795,-0.779107028
262,659210,1853090,-0.545,-0.596,0.586,0,2.4,1.6,8.7,-10.6,-21.9,0.432996612,0.102450636,0.441572314,-0.779107028
263,662676,1853090,-0.549,-0.604,0.59,0,2.3,1.6,9.1,-7.2,-20.4,0.432996612,0.102511673,0.441572314,-0.77907651
264,664952,1853090,-0.546,-0.604,0.583,0.1,2.3,1.7,9.1,-7.2,-20.4,0.432996612,0.102542192,0.441602832,-0.779045991
265,667178,1853090,-0.542,-0.604,0.582,0.2,2.2,1.6,9.1,-7.2,-20.4,0.433027131,0.102603229,0.441602832,-0.779045991
266,669486,1853100,-0.542,-0.608,0.582,0.2,2,1.5,9.1,-7.2,-20.4,0.433027131,0.102633747,0.441633351,-0.779015473
267,671794,1853100,-0.542,-0.608,0.582,0.2,2,1.5,9.1,-7.2,-20.4,0.433027131,0.102633747,0.441633351,-0.779015473
268,674306,1853100,-0.538,-0.612,0.586,0.2,1.7,1.7,8.8,-8.8,-23.3,0.433027131,0.102755821,0.441724906,-0.778954436
269,677362,1853100,-0.542,-0.608,0.586,0.1,1.8,1.7,8.8,-8.8,-23.3,0.433027131,0.102816858,0.441724906,-0.778923917
270,679317,1853110,-0.538,-0.612,0.586,0.1,1.8,1.7,8.8,-8.8,-23.3,0.433027131,0.102847377,0.441724906,-0.778923917
271,681747,1853110,-0.546,-0.612,0.575,0,1.8,1.6,9.1,-7.5,-23.1,0.433057649,0.102908414,0.441755425,-0.778893399
272,684158,1853110,-0.538,-0.608,0.586,0.1,1.7,1.6,9.1,-7.5,-23.1,0.433057649,0.102938932,0.441755425,-0.778893399
273,687352,1853110,-0.534,-0.608,0.586,0.1,1.5,1.7,9.1,-7.5,-23.1,0.433088168,0.102999969,0.441785943,-0.77886288
274,689723,1853120,-0.542,-0.608,0.586,0.2,1.5,1.7,9.1,-7.5,-23.1,0.433088168,0.103030488,0.441785943,-0.778832362
275,691859,1853120,-0.538,-0.608,0.582,0.4,1.4,1.7,9.2,-7,-23.5,0.433088168,0.103091525,0.441785943,-0.778832362
276,694152,1853120,-0.542,-0.604,0.586,0.5,1.3,1.7,9.2,-7,-23.5,0.433118686,0.103122044,0.441785943,-0.778801843
277,696824,1853120,-0.538,-0.604,0.582,0.5,1.1,1.7,9.2,-7,-23.5,0.433149205,0.103183081,0.441785943,-0.778801843
278,700924,1853130,-0.538,-0.604,0.582,0.4,0.9,1.8,9.2,-7,-23.5,0.433149205,0.103213599,0.441785943,-0.778771325
279,703183,1853130,-0.546,-0.604,0.583,0.3,0.9,1.9,9,-7.4,-23.1,0.433179724,0.103244118,0.441785943,-0.778771325
280,705443,1853130,-0.538,-0.604,0.582,0.3,0.9,1.9,9,-7.4,-23.1,0.433210242,0.103274636,0.441785943,-0.778740806
281,707699,1853130,-0.534,-0.604,0.582,0.2,0.8,1.9,9,-7.4,-23.1,0.433240761,0.103335673,0.441785943,-0.778740806
282,709943,1853140,-0.542,-0.604,0.582,0.1,0.9,2,9,-7.4,-23.1,0.433240761,0.103366192,0.441785943,-0.778710288
283,712224,1853140,-0.545,-0.6,0.579,0,0.8,2.1,9.3,-8.4,-21.7,0.433271279,0.10339671,0.441785943,-0.778679769
284,714444,1853140,-0.538,-0.6,0.582,-0.1,0.7,2.1,9.3,-8.4,-21.7,0.433301798,0.103427229,0.441785943,-0.778679769
285,716707,1853140,-0.537,-0.6,0.586,-0.3,0.4,2,9.3,-8.4,-21.7,0.433332316,0.103457747,0.441785943,-0.778649251
286,719367,1853150,-0.538,-0.604,0.59,-0.4,0.3,1.9,9.3,-8.4,-21.7,0.433362835,0.103488266,0.441785943,-0.778618732
287,723371,1853150,-0.538,-0.604,0.59,-0.4,0.3,1.9,9.3,-8.4,-21.7,0.433362835,0.103488266,0.441785943,-0.778618732
288,725600,1853150,-0.541,-0.6,0.582,-0.9,0.1,1.7,9.5,-8.7,-21.8,0.433393353,0.103457747,0.44184698,-0.778557695
289,727798,1853150,-0.541,-0.6,0.586,-0.9,0.1,1.7,9.5,-8.7,-21.8,0.433423872,0.103457747,0.441877499,-0.778557695
290,729316,1853160,-0.542,-0.604,0.582,-1,0,1.7,9.5,-8.7,-21.8,0.43345439,0.103457747,0.441877499,-0.778527177
291,733176,1853160,-0.545,-0.6,0.586,-1.1,0,1.6,9.4,-8,-20.8,0.433484909,0.103457747,0.441877499,-0.778496658
292,735420,1853160,-0.545,-0.604,0.594,-1.2,0,1.6,9.4,-8,-20.8,0.433515427,0.103488266,0.441877499,-0.77846614
293,737671,1853160,-0.545,-0.604,0.586,-1.2,0,1.5,9.4,-8,-20.8,0.433545946,0.103488266,0.441938536,-0.778435621
294,739167,1853170,-0.546,-0.608,0.586,-1.2,0,1.4,9.4,-8,-20.8,0.433576464,0.103488266,0.441938536,-0.778405103
295,741662,1853170,-0.542,-0.604,0.586,-1.3,0,1.5,9.4,-8.1,-20.1,0.433606983,0.103488266,0.441969054,-0.778374584
296,745962,1853170,-0.542,-0.608,0.59,-1.4,-0.1,1.5,9.4,-8.1,-20.1,0.433637501,0.103488266,0.441999573,-0.778313547
297,748198,1853170,-0.541,-0.604,0.59,-1.4,-0.1,1.5,9.4,-8.1,-20.1,0.43366802,0.103488266,0.441999573,-0.778313547
298,750438,1853180,-0.546,-0.612,0.59,-1.4,-0.2,1.4,9.4,-8.1,-20.1,0.433698538,0.103488266,0.442030091,-0.778313547
299,752714,1853180,-0.542,-0.616,0.586,-1.1,-0.4,1.3,9.2,-8.2,-19.4,0.433729057,0.103457747,0.442030091,-0.778283029
300,754886,1853180,-0.542,-0.612,0.59,-1.1,-0.4,1.3,9.2,-8.2,-19.4,0.433759575,0.103457747,0.44206061,-0.77825251
301,757261,1853180,-0.542,-0.616,0.586,-1,-0.5,1.2,9.2,-8.2,-19.4,0.433790094,0.103457747,0.44206061,-0.778221992
302,759392,1853190,-0.542,-0.616,0.59,-0.8,-0.5,1.1,9.2,-8.2,-19.4,0.433820612,0.103457747,0.44206061,-0.778221992
303,761943,1853190,-0.542,-0.612,0.59,-0.7,-0.4,1.1,9.2,-8.3,-23.9,0.433851131,0.103457747,0.442091128,-0.778191473
304,764219,1853190,-0.546,-0.612,0.594,-0.5,-0.4,1.1,9.2,-8.3,-23.9,0.433851131,0.103457747,0.442091128,-0.778191473
305,767598,1853190,-0.542,-0.612,0.59,-0.3,-0.4,1.2,9.2,-8.3,-23.9,0.433881649,0.103457747,0.442091128,-0.778160955
306,769176,1853200,-0.538,-0.604,0.594,-0.2,-0.6,1.2,9.2,-8.3,-23.9,0.433912168,0.103457747,0.44206061,-0.778160955
307,771702,1853200,-0.538,-0.604,0.594,-0.2,-0.6,1.2,9.2,-8.3,-23.9,0.433912168,0.103457747,0.44206061,-0.778160955
308,775858,1853200,-0.538,-0.604,0.59,0.1,-0.7,1.1,8.9,-8.8,-20.9,0.433942686,0.103366192,0.44206061,-0.778160955
309,778221,1853200,-0.541,-0.596,0.598,0.1,-0.7,1.1,8.9,-8.8,-20.9,0.433973205,0.103366192,0.44206061,-0.778160955
310,780346,1853210,-0.545,-0.596,0.59,0,-0.5,1.1,8.9,-8.8,-20.9,0.433973205,0.103366192,0.442030091,-0.778160955
311,781925,1853210,-0.541,-0.592,0.59,0,-0.3,1.1,8.9,-8.7,-21.2,0.434003723,0.103366192,0.442030091,-0.778130436
312,784236,1853210,-0.541,-0.596,0.594,-0.1,-0.4,1,8.9,-8.7,-21.2,0.434034242,0.103366192,0.442030091,-0.778130436
313,786778,1853210,-0.541,-0.592,0.594,-0.2,-0.6,0.9,8.9,-8.7,-21.2,0.43406476,0.103366192,0.442030091,-0.778130436
314,790894,1853220,-0.549,-0.596,0.598,-0.2,-0.7,0.9,8.9,-8.7,-21.2,0.43406476,0.103366192,0.442030091,-0.778099918
315,793279,1853220,-0.545,-0.596,0.598,-0.3,-0.9,0.9,8.9,-8.7,-21.9,0.43406476,0.103335673,0.442030091,-0.778099918
316,795396,1853220,-0.549,-0.596,0.594,-0.4,-0.8,0.8,8.9,-8.7,-21.9,0.434125797,0.103335673,0.442030091,-0.778099918
317,796940,1853220,-0.549,-0.596,0.594,-0.5,-0.6,0.7,8.9,-8.7,-21.9,0.434156316,0.103335673,0.442030091,-0.778069399
318,800943,1853230,-0.545,-0.604,0.598,-0.7,-0.6,0.6,8.9,-8.7,-21.9,0.434156316,0.103305155,0.442030091,-0.778069399
319,803238,1853230,-0.549,-0.596,0.59,-0.9,-0.7,0.6,8.7,-8.9,-22.8,0.434186834,0.103305155,0.442030091,-0.778038881
320,805404,1853230,-0.545,-0.596,0.594,-0.9,-0.7,0.6,8.7,-8.9,-22.8,0.434217353,0.103305155,0.442030091,-0.778038881
321,807690,1853230,-0.553,-0.6,0.591,-0.9,-0.7,0.5,8.7,-8.9,-22.8,0.434217353,0.103274636,0.44206061,-0.778008362
322,809714,1853240,-0.545,-0.6,0.594,-0.9,-0.6,0.4,8.7,-8.9,-22.8,0.434247871,0.103244118,0.44206061,-0.778008362
323,811700,1853240,-0.553,-0.596,0.591,-0.8,-0.6,0.2,9.1,-8.7,-22.1,0.434247871,0.103244118,0.44206061,-0.778008362
324,814206,1853240,-0.545,-0.596,0.594,-0.6,-0.6,0,9.1,-8.7,-22.1,0.43427839,0.103213599,0.44206061,-0.778008362
325,818471,1853240,-0.549,-0.596,0.594,-0.5,-0.6,0,9.1,-8.7,-22.1,0.43427839,0.103213599,0.44206061,-0.777977844
326,820735,1853250,-0.545,-0.6,0.598,-0.3,-0.6,-0.1,9.1,-8.7,-22.1,0.43427839,0.103183081,0.442091128,-0.777977844
327,822955,1853250,-0.545,-0.6,0.598,-0.3,-0.6,-0.1,9.1,-8.7,-22.1,0.43427839,0.103183081,0.442091128,-0.777977844
328,825183,1853250,-0.549,-0.6,0.598,0,-1,-0.3,8.6,-8.4,-22.2,0.434308908,0.103183081,0.441999573,-0.778008362
329,826718,1853250,-0.549,-0.608,0.59,0,-1,-0.3,8.6,-8.4,-22.2,0.434308908,0.103122044,0.441999573,-0.778008362
330,829293,1853260,-0.545,-0.6,0.59,0.1,-1.2,-0.5,8.6,-8.4,-22.2,0.434339427,0.103122044,0.441969054,-0.778038881
331,833146,1853260,-0.549,-0.604,0.594,0.2,-1.2,-0.6,8.8,-8.9,-22.5,0.434339427,0.103122044,0.441969054,-0.778038881
332,835440,1853260,-0.545,-0.604,0.598,0.3,-1,-0.6,8.8,-8.9,-22.5,0.434308908,0.103091525,0.441938536,-0.778038881
333,837671,1853260,-0.545,-0.604,0.598,0.4,-0.9,-0.6,8.8,-8.9,-22.5,0.434308908,0.103091525,0.441938536,-0.778069399
334,839422,1853270,-0.545,-0.6,0.594,0.4,-0.9,-0.6,8.8,-8.9,-22.5,0.434308908,0.103061007,0.441877499,-0.778069399
335,841714,1853270,-0.549,-0.6,0.602,0.4,-0.9,-0.6,8.5,-8.9,-22.3,0.434308908,0.103030488,0.441877499,-0.778099918
336,844322,1853270,-0.549,-0.6,0.594,0.5,-0.9,-0.7,8.5,-8.9,-22.3,0.434308908,0.103030488,0.441877499,-0.778099918
337,847677,1853270,-0.545,-0.6,0.598,0.5,-1,-0.7,8.5,-8.9,-22.3,0.434308908,0.102999969,0.441877499,-0.778130436
338,849536,1853280,-0.545,-0.6,0.598,0.6,-1.1,-0.7,8.5,-8.9,-22.3,0.434308908,0.102969451,0.44184698,-0.778130436
339,851753,1853280,-0.549,-0.604,0.602,0.5,-1,-0.8,8.7,-8.9,-22,0.434308908,0.102969451,0.441816462,-0.778160955
340,854335,1853280,-0.541,-0.604,0.602,0.5,-1,-0.8,8.7,-8.9,-22,0.434308908,0.102938932,0.441816462,-0.778160955
341,856555,1853280,-0.541,-0.604,0.602,0.4,-1,-0.7,8.7,-8.9,-22,0.43427839,0.102908414,0.441785943,-0.778191473
342,860047,1853290,-0.549,-0.608,0.598,0.2,-0.9,-0.8,8.7,-8.9,-22,0.43427839,0.102908414,0.441785943,-0.778191473
343,861784,1853290,-0.545,-0.604,0.598,0.2,-0.9,-0.8,8.3,-8.6,-22.1,0.43427839,0.102877895,0.441755425,-0.778191473
344,864085,1853290,-0.545,-0.604,0.594,0.2,-0.9,-0.8,8.3,-8.6,-22.1,0.43427839,0.102847377,0.441755425,-0.778221992
345,866593,1853290,-0.546,-0.608,0.594,0.2,-0.9,-0.7,8.3,-8.6,-22.1,0.43427839,0.102816858,0.441755425,-0.778221992
346,870047,1853300,-0.541,-0.6,0.594,0.1,-0.7,-0.7,8.3,-8.6,-22.1,0.434247871,0.102816858,0.441724906,-0.77825251
347,871690,1853300,-0.541,-0.6,0.594,0.1,-0.7,-0.7,8.3,-8.6,-22.1,0.434247871,0.102816858,0.441724906,-0.77825251
348,874300,1853300,-0.545,-0.6,0.594,0.1,-0.7,-0.6,9.6,-8.6,-21.8,0.434247871,0.102725303,0.441694388,-0.778283029
349,876604,1853300,-0.546,-0.608,0.594,0.1,-0.7,-0.6,9.6,-8.6,-21.8,0.434247871,0.102725303,0.441694388,-0.778283029
350,880505,1853310,-0.541,-0.6,0.594,0.2,-0.6,-0.6,9.6,-8.6,-21.8,0.434247871,0.102694784,0.441663869,-0.778313547
351,882652,1853310,-0.541,-0.604,0.59,0.4,-0.6,-0.5,9.7,-8.7,-22.1,0.434217353,0.102694784,0.441663869,-0.778313547
352,884816,1853310,-0.542,-0.608,0.594,0.5,-0.7,-0.4,9.7,-8.7,-22.1,0.434217353,0.102633747,0.441633351,-0.778313547
353,886990,1853310,-0.542,-0.608,0.598,0.6,-0.6,-0.4,9.7,-8.7,-22.1,0.434217353,0.102633747,0.441633351,-0.778313547
354,889401,1853320,-0.545,-0.604,0.602,0.6,-0.5,-0.4,9.7,-8.7,-22.1,0.434217353,0.102633747,0.441602832,-0.778313547
355,891575,1853320,-0.542,-0.612,0.598,0.5,-0.3,-0.4,9.4,-8.6,-21.6,0.434217353,0.102633747,0.441602832,-0.778374584
356,894160,1853320,-0.542,-0.608,0.594,0.5,-0.1,-0.4,9.4,-8.6,-21.6,0.434217353,0.102633747,0.441602832,-0.778374584
357,898300,1853320,-0.545,-0.604,0.598,0.5,0,-0.4,9.4,-8.6,-21.6,0.434186834,0.102633747,0.441572314,-0.778374584
358,900296,1853330,-0.545,-0.604,0.594,0.5,0.1,-0.4,9.4,-8.6,-21.6,0.434186834,0.102633747,0.441572314,-0.778405103
359,902059,1853330,-0.545,-0.604,0.598,0.7,0.1,-0.1,9.6,-8.5,-22.3,0.434186834,0.102633747,0.441572314,-0.778405103
360,904396,1853330,-0.545,-0.604,0.59,0.7,0.1,-0.1,9.6,-8.5,-22.3,0.434186834,0.102633747,0.441572314,-0.778405103
361,906633,1853330,-0.542,-0.608,0.594,0.7,0.1,-0.1,9.6,-8.5,-22.3,0.434186834,0.102633747,0.441541795,-0.778405103
362,909163,1853340,-0.545,-0.604,0.594,0.7,0.1,-0.2,9.6,-8.5,-22.3,0.434156316,0.102694784,0.441541795,-0.778435621
363,912834,1853340,-0.545,-0.6,0.59,0.6,0,-0.4,7.4,-8.7,-21.5,0.434156316,0.102694784,0.441511277,-0.778435621
364,915144,1853340,-0.541,-0.6,0.594,0.5,0,-0.6,7.4,-8.7,-21.5,0.434156316,0.102694784,0.441511277,-0.778435621
365,917377,1853340,-0.542,-0.604,0.586,0.5,0.1,-0.7,7.4,-8.7,-21.5,0.434125797,0.102694784,0.441511277,-0.77846614
366,919615,1853350,-0.537,-0.6,0.594,0.5,0.2,-0.7,7.4,-8.7,-21.5,0.434125797,0.102694784,0.441511277,-0.77846614
367,921834,1853350,-0.537,-0.6,0.594,0.5,0.2,-0.7,7.4,-8.7,-21.5,0.434125797,0.102694784,0.441511277,-0.77846614
368,924174,1853350,-0.541,-0.596,0.59,0.8,0.3,-0.8,10.3,-8.8,-21.7,0.43406476,0.102633747,0.441480758,-0.778527177
369,926736,1853350,-0.541,-0.6,0.582,0.8,0.3,-0.8,10.3,-8.8,-21.7,0.434034242,0.102633747,0.44145024,-0.778527177
370,930411,1853360,-0.541,-0.592,0.594,0.9,0.3,-0.9,10.3,-8.8,-21.7,0.434034242,0.102633747,0.44145024,-0.778557695
371,932644,1853360,-0.541,-0.604,0.59,1,0.3,-1.1,10.7,-8.5,-21.5,0.434003723,0.102633747,0.44145024,-0.778588214
372,934866,1853360,-0.537,-0.6,0.59,1.2,0.2,-1.4,10.7,-8.5,-21.5,0.433973205,0.102633747,0.441419721,-0.778588214
373,937165,1853360,-0.537,-0.596,0.59,1.3,0.1,-1.5,10.7,-8.5,-21.5,0.433942686,0.102633747,0.441389203,-0.778618732
374,939466,1853370,-0.541,-0.6,0.594,1.3,0.1,-1.6,10.7,-8.5,-21.5,0.433912168,0.102633747,0.441389203,-0.778649251
375,941690,1853370,-0.534,-0.6,0.586,1.3,0.2,-1.7,10.7,-8.1,-21.8,0.433881649,0.102633747,0.441358684,-0.778679769
376,944991,1853370,-0.537,-0.6,0.586,1.3,0.2,-1.7,10.7,-8.1,-21.8,0.433851131,0.102633747,0.441358684,-0.778710288
377,947097,1853370,-0.538,-0.604,0.59,1.3,0.3,-1.8,10.7,-8.1,-21.8,0.433790094,0.102633747,0.441328166,-0.778740806
378,949414,1853380,-0.538,-0.604,0.59,1.3,0.4,-1.8,10.7,-8.1,-21.8,0.433759575,0.102633747,0.441328166,-0.778771325
379,951702,1853380,-0.538,-0.6,0.582,1.4,0.6,-2.1,10.5,-8.4,-21.6,0.433729057,0.102694784,0.441297647,-0.778801843
380,955029,1853380,-0.537,-0.6,0.586,1.4,0.6,-2.1,10.5,-8.4,-21.6,0.43366802,0.102694784,0.441297647,-0.778832362
381,957308,1853380,-0.542,-0.604,0.579,1.5,0.5,-2.2,10.5,-8.4,-21.6,0.433637501,0.102694784,0.441267129,-0.77886288
382,959292,1853390,-0.538,-0.604,0.586,1.6,0.5,-2.3,10.5,-8.4,-21.6,0.433576464,0.102694784,0.441267129,-0.778923917
383,962275,1853390,-0.53,-0.604,0.586,1.6,0.4,-2.5,9.3,-8.6,-22,0.433515427,0.102694784,0.44123661,-0.778954436
384,964094,1853390,-0.534,-0.6,0.586,1.6,0.2,-2.5,9.3,-8.6,-22,0.433484909,0.102694784,0.44123661,-0.778984954
385,966768,1853390,-0.534,-0.6,0.586,1.6,0.1,-2.6,9.3,-8.6,-22,0.433423872,0.102633747,0.441206091,-0.779015473
386,969925,1853400,-0.53,-0.612,0.586,1.7,0.2,-2.6,9.3,-8.6,-22,0.433362835,0.102633747,0.441175573,-0.77907651
387,972555,1853400,-0.53,-0.612,0.586,1.7,0.2,-2.6,9.3,-8.6,-22,0.433362835,0.102633747,0.441175573,-0.77907651
388,974205,1853400,-0.53,-0.608,0.586,1.9,0.3,-2.6,7.6,-8.6,-22.2,0.433210242,0.102542192,0.441175573,-0.779198584
389,977366,1853400,-0.53,-0.612,0.59,1.9,0.3,-2.6,7.6,-8.6,-22.2,0.433149205,0.102542192,0.441145054,-0.779229102
390,980980,1853410,-0.526,-0.612,0.586,1.9,0.3,-2.5,7.6,-8.6,-22.2,0.433088168,0.102542192,0.441114536,-0.779259621
391,982637,1853410,-0.534,-0.616,0.586,1.8,0.4,-2.5,6.2,-8.2,-21.9,0.433057649,0.102542192,0.441114536,-0.779320658
392,984134,1853410,-0.53,-0.608,0.59,1.7,0.5,-2.5,6.2,-8.2,-21.9,0.432996612,0.102542192,0.441084017,-0.779351176
393,986868,1853410,-0.534,-0.604,0.582,1.6,0.7,-2.5,6.2,-8.2,-21.9,0.432935575,0.102542192,0.441084017,-0.779381695
394,989836,1853420,-0.534,-0.6,0.586,1.4,0.9,-2.6,6.2,-8.2,-21.9,0.432874538,0.102542192,0.441053499,-0.779442732
395,991718,1853420,-0.538,-0.604,0.586,1.3,0.8,-2.8,5.7,-8.6,-22.1,0.432813501,0.102542192,0.441053499,-0.779473251
396,995220,1853420,-0.534,-0.6,0.59,1.2,0.7,-2.9,5.7,-8.6,-22.1,0.432752464,0.102542192,0.441053499,-0.779503769
397,996750,1853420,-0.534,-0.608,0.59,1.3,0.5,-2.8,5.7,-8.6,-22.1,0.432691427,0.102542192,0.44102298,-0.779534288
398,999135,1853430,-0.538,-0.604,0.594,1.4,0.4,-2.8,5.7,-8.6,-22.1,0.432660909,0.102511673,0.44102298,-0.779595325
399,1001675,1853430,-0.538,-0.604,0.59,1.3,0.4,-2.7,5.4,-8.7,-22.1,0.432599872,0.102511673,0.44102298,-0.779625843
400,1005005,1853430,-0.538,-0.608,0.586,1.3,0.4,-2.7,5.4,-8.7,-22.1,0.432538835,0.102511673,0.440992462,-0.779656362
401,1006712,1853430,-0.538,-0.6,0.582,1.2,0.5,-2.8,5.4,-8.7,-22.1,0.432477798,0.102511673,0.440992462,-0.77968688
402,1010293,1853440,-0.541,-0.6,0.586,1,0.7,-2.9,5.4,-8.7,-22.1,0.432416761,0.102511673,0.440992462,-0.779747917
403,1011893,1853440,-0.545,-0.604,0.59,0.9,0.7,-3.2,10.7,-9.8,-21.8,0.432355724,0.102481155,0.440992462,-0.779778436
404,1014390,1853440,-0.538,-0.6,0.582,0.8,0.6,-3.4,10.7,-9.8,-21.8,0.432294687,0.102481155,0.440992462,-0.779808954
405,1017494,1853440,-0.538,-0.604,0.582,0.6,0.4,-3.6,10.7,-9.8,-21.8,0.43223365,0.102450636,0.440992462,-0.779839473
406,1019322,1853450,-0.538,-0.6,0.582,0.5,0,-3.6,10.7,-9.8,-21.8,0.432172613,0.102420118,0.440992462,-0.77990051
407,1021778,1853450,-0.538,-0.6,0.582,0.5,0,-3.6,10.7,-9.8,-21.8,0.432172613,0.102420118,0.440992462,-0.77990051
408,1025249,1853450,-0.546,-0.604,0.583,0.5,0,-3.9,7.3,-7.3,-21.9,0.431989502,0.102328562,0.441053499,-0.779961547
409,1027381,1853450,-0.538,-0.604,0.575,0.5,0,-3.9,7.3,-7.3,-21.9,0.431928465,0.102298044,0.441053499,-0.779992065
410,1029777,1853460,-0.538,-0.604,0.582,0.6,0.1,-3.9,7.3,-7.3,-21.9,0.431867428,0.102267525,0.441053499,-0.780053102
411,1031837,1853460,-0.534,-0.612,0.586,0.9,0.1,-3.8,8.2,-7.3,-21.7,0.431806391,0.102237007,0.441053499,-0.780083621
412,1034182,1853460,-0.534,-0.604,0.598,0.9,0.1,-3.8,8.2,-7.3,-21.7,0.431714835,0.102206488,0.44102298,-0.780114139
413,1037607,1853460,-0.534,-0.608,0.59,1,0,-3.7,8.2,-7.3,-21.7,0.431653798,0.102145451,0.44102298,-0.780175176
414,1039840,1853470,-0.53,-0.604,0.59,0.9,0,-3.7,8.2,-7.3,-21.7,0.431592761,0.102145451,0.44102298,-0.780205695
415,1042104,1853470,-0.538,-0.604,0.582,0.8,0,-3.7,9.5,-7,-21.7,0.431531724,0.102145451,0.44102298,-0.780266732
416,1044635,1853470,-0.534,-0.608,0.594,0.5,0.2,-3.6,9.5,-7,-21.7,0.431470687,0.102114933,0.44102298,-0.78029725
417,1047010,1853470,-0.538,-0.612,0.598,0.2,0.4,-3.6,9.5,-7,-21.7,0.431379131,0.102084414,0.44102298,-0.780327769
418,1049175,1853480,-0.53,-0.608,0.594,0,0.5,-3.4,9.5,-7,-21.7,0.431318094,0.102053896,0.44102298,-0.780358287
419,1051748,1853480,-0.53,-0.608,0.598,0.1,0.5,-3.4,10.3,-7.4,-21.3,0.431257057,0.102023377,0.441053499,-0.780388806
420,1056122,1853480,-0.534,-0.612,0.606,0.2,0.5,-3.4,10.3,-7.4,-21.3,0.43119602,0.102023377,0.441053499,-0.780449843
421,1056911,1853480,-0.534,-0.612,0.602,0.3,0.6,-3.4,10.3,-7.4,-21.3,0.431134983,0.101992859,0.441053499,-0.780480361
422,1059500,1853490,-0.533,-0.604,0.602,0.3,0.6,-3.4,10.3,-7.4,-21.3,0.431073946,0.10196234,0.441053499,-0.78051088
423,1062016,1853490,-0.53,-0.604,0.606,0.1,0.7,-3.3,9.2,-9.4,-21.9,0.431012909,0.10196234,0.441084017,-0.780541398
424,1064196,1853490,-0.538,-0.608,0.598,-0.2,1,-3.2,9.2,-9.4,-21.9,0.430951872,0.101931822,0.441114536,-0.780571917
425,1066849,1853490,-0.538,-0.608,0.598,-0.7,1.2,-3.2,9.2,-9.4,-21.9,0.430860317,0.101931822,0.441145054,-0.780571917
426,1069958,1853500,-0.541,-0.604,0.594,-1,1.5,-3.2,9.2,-9.4,-21.9,0.43079928,0.101901303,0.441175573,-0.780602435
427,1071744,1853500,-0.541,-0.604,0.594,-1,1.5,-3.2,9.2,-9.4,-21.9,0.43079928,0.101901303,0.441175573,-0.780602435
428,1074508,1853500,-0.538,-0.612,0.606,-1.2,2.4,-3.2,9.1,-7.9,-21.7,0.430646687,0.101840266,0.44123661,-0.780663472
429,1077581,1853500,-0.534,-0.608,0.598,-1.2,2.4,-3.2,9.1,-7.9,-21.7,0.43058565,0.101840266,0.441267129,-0.780663472
430,1079894,1853510,-0.538,-0.612,0.606,-0.9,2.3,-3.2,9.1,-7.9,-21.7,0.430494095,0.101840266,0.441328166,-0.780693991
431,1082901,1853510,-0.538,-0.616,0.606,-0.5,2.3,-3.2,8.9,-8.1,-21.9,0.430433058,0.101840266,0.441358684,-0.780724509
432,1085167,1853510,-0.538,-0.62,0.606,-0.1,2.3,-3.3,8.9,-8.1,-21.9,0.430341502,0.101840266,0.441389203,-0.780724509
433,1087433,1853510,-0.542,-0.616,0.61,0.2,2.4,-3.4,8.9,-8.1,-21.9,0.430249947,0.101870785,0.441419721,-0.780755028
434,1090385,1853520,-0.542,-0.616,0.602,0.5,2.6,-3.3,8.9,-8.1,-21.9,0.430158391,0.101870785,0.44145024,-0.780785546
435,1092989,1853520,-0.542,-0.612,0.602,0.9,2.7,-3.3,9.2,-8.4,-21.8,0.430097354,0.101901303,0.44145024,-0.780846583
436,1095291,1853520,-0.545,-0.612,0.61,1.1,2.7,-3.3,9.2,-8.4,-21.8,0.430005799,0.101931822,0.441480758,-0.780877102
437,1097517,1853520,-0.55,-0.616,0.606,1.2,2.7,-3.4,9.2,-8.4,-21.8,0.429914243,0.10196234,0.441480758,-0.78090762
438,1099814,1853530,-0.541,-0.608,0.61,1.3,2.8,-3.6,9.2,-8.4,-21.8,0.429822687,0.101992859,0.441511277,-0.780938139
439,1102471,1853530,-0.538,-0.608,0.606,1.6,2.9,-3.9,9.2,-9.1,-21.9,0.429731132,0.102023377,0.441511277,-0.780999176
440,1104254,1853530,-0.537,-0.604,0.602,2.1,2.9,-4.1,9.2,-9.1,-21.9,0.429609058,0.102053896,0.441511277,-0.781060213
441,1106773,1853530,-0.537,-0.604,0.598,2.5,2.7,-4.2,9.2,-9.1,-21.9,0.429517502,0.102084414,0.441511277,-0.781090732
442,1110242,1853540,-0.541,-0.6,0.594,2.7,2.6,-4.2,9.2,-9.1,-21.9,0.429395428,0.102114933,0.441480758,-0.781151769
443,1111809,1853540,-0.545,-0.596,0.59,2.8,2.7,-4.2,9.2,-7.3,-21.5,0.429303873,0.102145451,0.441480758,-0.781212806
444,1114863,1853540,-0.545,-0.596,0.586,2.7,2.9,-4.2,9.2,-7.3,-21.5,0.429181799,0.102145451,0.44145024,-0.781273843
445,1116788,1853540,-0.541,-0.6,0.586,2.5,3.2,-4.2,9.2,-7.3,-21.5,0.429090243,0.102206488,0.44145024,-0.78133488
446,1119222,1853550,-0.541,-0.592,0.59,2.4,3.5,-4.6,9.2,-7.3,-21.5,0.428968169,0.102237007,0.44145024,-0.781395917
447,1123405,1853550,-0.541,-0.592,0.59,2.4,3.5,-4.6,9.2,-7.3,-21.5,0.428968169,0.102237007,0.44145024,-0.781395917
448,1125567,1853550,-0.549,-0.596,0.59,2.7,3.9,-5.1,8.8,-10,-21.9,0.428724021,0.102389599,0.44145024,-0.781517991
449,1127805,1853550,-0.549,-0.596,0.587,2.7,3.9,-5.1,8.8,-10,-21.9,0.428601947,0.102420118,0.44145024,-0.781579028
450,1129345,1853560,-0.549,-0.592,0.59,2.7,3.8,-5.3,8.8,-10,-21.9,0.428479873,0.102450636,0.44145024,-0.781670583
451,1131715,1853560,-0.553,-0.596,0.583,2.8,3.7,-5.6,8.7,-10.2,-22.1,0.42832728,0.102511673,0.44145024,-0.78173162
452,1134928,1853560,-0.553,-0.604,0.583,2.7,3.6,-6,8.7,-10.2,-22.1,0.428174688,0.102542192,0.44145024,-0.781792657
453,1136709,1853560,-0.545,-0.6,0.59,2.5,3.5,-6.3,8.7,-10.2,-22.1,0.428022095,0.102542192,0.44145024,-0.781884213
454,1140129,1853570,-0.534,-0.6,0.59,2.5,3.6,-6.6,8.7,-10.2,-22.1,0.427869503,0.10257271,0.44145024,-0.78194525
455,1141723,1853570,-0.533,-0.596,0.594,2.6,3.7,-7.1,9.2,-10.3,-22,0.42771691,0.102603229,0.44145024,-0.782036805
456,1144776,1853570,-0.533,-0.596,0.586,2.8,3.6,-7.6,9.2,-10.3,-22,0.427533799,0.102603229,0.441480758,-0.782128361
457,1146628,1853570,-0.538,-0.6,0.571,2.6,3.5,-7.9,9.2,-10.3,-22,0.427381207,0.102603229,0.441480758,-0.782219916
458,1150102,1853580,-0.538,-0.612,0.578,2.2,3.4,-8,9.2,-10.3,-22,0.427198096,0.102633747,0.441480758,-0.782311472
459,1151859,1853580,-0.542,-0.608,0.586,1.8,3.6,-7.9,9.6,-10.2,-22.1,0.427014985,0.102633747,0.441511277,-0.782403027
460,1154120,1853580,-0.534,-0.612,0.59,1.5,4.2,-7.9,9.6,-10.2,-22.1,0.426831874,0.102633747,0.441541795,-0.782464064
461,1157608,1853580,-0.542,-0.62,0.594,1.6,4.7,-7.9,9.6,-10.2,-22.1,0.426648762,0.102633747,0.441572314,-0.78255562
462,1159233,1853590,-0.538,-0.62,0.59,1.8,5.2,-7.7,9.6,-10.2,-22.1,0.426465651,0.102694784,0.441602832,-0.782647176
463,1162171,1853590,-0.538,-0.62,0.594,1.9,5.5,-7.6,9.3,-7.6,-20.3,0.426252022,0.102725303,0.441633351,-0.782708213
464,1165083,1853590,-0.542,-0.616,0.59,1.9,5.6,-7.6,9.3,-7.6,-20.3,0.426099429,0.102755821,0.441663869,-0.782799768
465,1166743,1853590,-0.538,-0.616,0.594,1.7,5.7,-7.6,9.3,-7.6,-20.3,0.4258858,0.102816858,0.441724906,-0.782860805
466,1169586,1853600,-0.538,-0.62,0.598,1.7,6,-7.8,9.3,-7.6,-20.3,0.425702689,0.102847377,0.441755425,-0.782952361
467,1172650,1853600,-0.538,-0.62,0.598,1.7,6,-7.8,9.3,-7.6,-20.3,0.425702689,0.102847377,0.441755425,-0.782952361
468,1174167,1853600,-0.538,-0.616,0.594,2.2,6.5,-8.3,9.6,-8.6,-23.1,0.425244911,0.102908414,0.441877499,-0.783104953
469,1176865,1853600,-0.546,-0.612,0.598,2.5,6.5,-8.5,9.6,-8.6,-23.1,0.425031281,0.102969451,0.441877499,-0.783196509
470,1179932,1853610,-0.546,-0.612,0.594,2.8,6.5,-8.7,9.6,-8.6,-23.1,0.424817652,0.102999969,0.441938536,-0.783288064
471,1181834,1853610,-0.557,-0.608,0.587,2.8,6.6,-8.7,10.2,-7.8,-23.4,0.424604022,0.103061007,0.441969054,-0.78337962
472,1185393,1853610,-0.557,-0.608,0.595,2.5,6.8,-8.7,10.2,-7.8,-23.4,0.424390393,0.103122044,0.441999573,-0.783471175
473,1186880,1853610,-0.557,-0.608,0.591,2.3,7,-8.5,10.2,-7.8,-23.4,0.424146245,0.103183081,0.44206061,-0.783562731
474,1190087,1853620,-0.554,-0.612,0.591,2.3,7.1,-8.3,10.2,-7.8,-23.4,0.423932615,0.103244118,0.442091128,-0.783654286
475,1191648,1853620,-0.55,-0.62,0.587,2.5,6.9,-8.2,9.7,-7.4,-23.1,0.423718986,0.103305155,0.442121647,-0.783745842
476,1194910,1853620,-0.546,-0.627,0.59,2.7,6.6,-8.3,9.7,-7.4,-23.1,0.423505356,0.103366192,0.442152165,-0.783837397
477,1196978,1853620,-0.55,-0.635,0.587,3.1,6.3,-8.6,9.7,-7.4,-23.1,0.423291726,0.103427229,0.442182684,-0.783928953
478,1199313,1853630,-0.546,-0.627,0.594,3.5,6.1,-9.2,9.7,-7.4,-23.1,0.423078097,0.103457747,0.442213202,-0.784020508
479,1201974,1853630,-0.542,-0.631,0.594,4,5.9,-9.6,9.9,-7,-23.4,0.422833949,0.103518784,0.442213202,-0.784142582
480,1204153,1853630,-0.542,-0.628,0.598,4.3,5.9,-10,9.9,-7,-23.4,0.422589801,0.103549303,0.442213202,-0.784264657
481,1207620,1853630,-0.542,-0.624,0.594,4.5,6,-10.1,9.9,-7,-23.4,0.422345653,0.10361034,0.442213202,-0.784386731
482,1209804,1853640,-0.55,-0.627,0.594,4.5,6.2,-10,9.9,-7,-23.4,0.422132023,0.103671377,0.442213202,-0.784508805
483,1212033,1853640,-0.558,-0.627,0.595,4.5,6.4,-9.7,9.6,-8.7,-21.6,0.421887875,0.103732414,0.442213202,-0.784630879
484,1214266,1853640,-0.562,-0.627,0.595,4.5,6.7,-9.3,9.6,-8.7,-21.6,0.421643727,0.103793451,0.442213202,-0.784752953
485,1217028,1853640,-0.558,-0.627,0.599,4.7,6.8,-9,9.6,-8.7,-21.6,0.421399579,0.103854488,0.442213202,-0.784844508
486,1219180,1853650,-0.558,-0.627,0.595,5,6.8,-8.9,9.6,-8.7,-21.6,0.421185949,0.103946043,0.442213202,-0.784966582
487,1221871,1853650,-0.558,-0.627,0.595,5,6.8,-8.9,9.6,-8.7,-21.6,0.421185949,0.103946043,0.442213202,-0.784966582
488,1225189,1853650,-0.562,-0.627,0.595,5.7,6.6,-9,10.1,-8.2,-21.7,0.420697653,0.104098636,0.442243721,-0.785180212
489,1226760,1853650,-0.562,-0.635,0.599,5.9,6.5,-9.3,10.1,-8.2,-21.7,0.420484024,0.10422071,0.442243721,-0.785302286
490,1230096,1853660,-0.566,-0.627,0.591,6.2,6.4,-9.4,10.1,-8.2,-21.7,0.420239875,0.104281747,0.442213202,-0.785454878
491,1232391,1853660,-0.566,-0.639,0.595,6.6,6.4,-9.4,10,-8.8,-21.1,0.419995727,0.104373302,0.442182684,-0.785576952
492,1234576,1853660,-0.558,-0.639,0.587,7,6.1,-9.4,10,-8.8,-21.1,0.419751579,0.104464858,0.442121647,-0.785729545
493,1236778,1853660,-0.562,-0.647,0.583,7.3,5.9,-9.5,10,-8.8,-21.1,0.41953795,0.104525895,0.442091128,-0.785851619
494,1239271,1853670,-0.566,-0.639,0.583,7.6,5.9,-9.5,10,-8.8,-21.1,0.419293802,0.104586932,0.442030091,-0.786004212
495,1242012,1853670,-0.562,-0.643,0.579,7.8,5.8,-9.5,10.1,-8.3,-19.8,0.419049654,0.104678488,0.441969054,-0.786126286
496,1245126,1853670,-0.562,-0.647,0.587,8,5.9,-9.5,10.1,-8.3,-19.8,0.418805506,0.104770043,0.441877499,-0.786309397
497,1246691,1853670,-0.566,-0.643,0.583,8.1,6,-9.6,10.1,-8.3,-19.8,0.418561357,0.104861599,0.44184698,-0.786461989
498,1249387,1853680,-0.562,-0.639,0.583,8.2,6.2,-9.6,10.1,-8.3,-19.8,0.418317209,0.104953154,0.441785943,-0.786614582
499,1252623,1853680,-0.558,-0.643,0.583,8.4,6.4,-9.6,10.3,-8.4,-19,0.418073061,0.10504471,0.441724906,-0.786767174
500,1254324,1853680,-0.562,-0.643,0.579,8.7,6.4,-9.5,10.3,-8.4,-19,0.417828913,0.105136265,0.441633351,-0.786919767
501,1256662,1853680,-0.558,-0.643,0.583,9.1,6.4,-9.5,10.3,-8.4,-19,0.417584765,0.105258339,0.441572314,-0.787102878
502,1260143,1853690,-0.562,-0.647,0.575,9.5,6.4,-9.6,10.3,-8.4,-19,0.417340617,0.105349895,0.441480758,-0.78725547
503,1261882,1853690,-0.554,-0.647,0.571,9.9,6.3,-9.7,9.8,-8.6,-23.7,0.41706595,0.10544145,0.441389203,-0.787438581
504,1264107,1853690,-0.558,-0.643,0.579,10.4,6.2,-9.7,9.8,-8.6,-23.7,0.416821802,0.105563524,0.441297647,-0.787591174
505,1267646,1853690,-0.558,-0.647,0.575,10.7,6.2,-9.8,9.8,-8.6,-23.7,0.416577654,0.105685598,0.441175573,-0.787774285
506,1269129,1853700,-0.55,-0.655,0.579,11,6.1,-9.9,9.8,-8.6,-23.7,0.416302988,0.105777154,0.441084017,-0.787957396
507,1271694,1853700,-0.55,-0.655,0.579,11,6.1,-9.9,9.8,-8.6,-23.7,0.416302988,0.105777154,0.441084017,-0.787957396
508,1275130,1853700,-0.546,-0.663,0.583,11.7,6.1,-9.7,10.3,-8.5,-20.4,0.415662099,0.105990783,0.441267129,-0.788171026
509,1276658,1853700,-0.546,-0.655,0.591,12.1,6.3,-9.6,10.3,-8.5,-20.4,0.415387432,0.106112857,0.441145054,-0.788384655
510,1279748,1853710,-0.538,-0.659,0.594,12.4,6.6,-9.6,10.3,-8.5,-20.4,0.415143284,0.10626545,0.440992462,-0.788567766
511,1281609,1853710,-0.534,-0.659,0.598,12.8,7,-9.6,10.5,-9.1,-20.6,0.414868618,0.106387524,0.440870388,-0.788750877
512,1285151,1853710,-0.538,-0.655,0.606,13.1,7.3,-9.6,10.5,-9.1,-20.6,0.414593951,0.106540117,0.440717795,-0.788964507
513,1286683,1853710,-0.538,-0.651,0.598,13.3,7.5,-9.8,10.5,-9.1,-20.6,0.414319285,0.106692709,0.440595721,-0.789147618
514,1289252,1853720,-0.538,-0.643,0.594,13.5,7.7,-9.8,10.5,-9.1,-20.6,0.414044618,0.10687582,0.440443129,-0.789361248
515,1293332,1853720,-0.53,-0.64,0.602,13.6,7.9,-9.8,10.3,-8.5,-21.3,0.413769951,0.107028413,0.440321055,-0.789574877
516,1295698,1853720,-0.53,-0.632,0.606,13.7,8,-9.5,10.3,-8.5,-21.3,0.413495285,0.107211524,0.440168462,-0.789757988
517,1297919,1853720,-0.53,-0.632,0.613,13.7,8.2,-9.2,10.3,-8.5,-21.3,0.413220618,0.107394635,0.44001587,-0.789971618
518,1300140,1853730,-0.526,-0.632,0.613,13.7,8.5,-8.9,10.3,-8.5,-21.3,0.41297647,0.107577746,0.439893796,-0.790154729
519,1301781,1853730,-0.534,-0.628,0.617,13.7,8.7,-8.7,10.3,-8.7,-22.3,0.412701804,0.107760857,0.439741203,-0.79033784
520,1304964,1853730,-0.53,-0.628,0.617,13.6,9.1,-8.5,10.3,-8.7,-22.3,0.412427137,0.107943968,0.439619129,-0.790520951
521,1306887,1853730,-0.534,-0.628,0.621,13.3,9.4,-8.5,10.3,-8.7,-22.3,0.41215247,0.108157598,0.439497055,-0.790704062
522,1309279,1853740,-0.53,-0.624,0.621,13,9.9,-8.4,10.3,-8.7,-22.3,0.411877804,0.108371227,0.439374981,-0.790887173
523,1312265,1853740,-0.534,-0.628,0.625,12.7,10.4,-8.2,10.3,-8.9,-21.8,0.411603137,0.108584857,0.439252907,-0.791070284
524,1314419,1853740,-0.534,-0.624,0.621,12.3,10.8,-8,10.3,-8.9,-21.8,0.411328471,0.108798486,0.439161351,-0.791222877
525,1316710,1853740,-0.534,-0.62,0.621,11.9,11.1,-7.9,10.3,-8.9,-21.8,0.411084323,0.108981597,0.439069796,-0.791375469
526,1319377,1853750,-0.53,-0.62,0.625,11.6,11.4,-7.9,10.3,-8.9,-21.8,0.410809656,0.109256264,0.439008759,-0.791528062
527,1323480,1853750,-0.53,-0.62,0.625,11.6,11.4,-7.9,10.3,-8.9,-21.8,0.410809656,0.109256264,0.439008759,-0.791528062
528,1324147,1853750,-0.53,-0.62,0.621,11,11.9,-7.8,10.6,-8.7,-21.8,0.410229804,0.109561449,0.438734092,-0.791924802
529,1327301,1853750,-0.53,-0.62,0.617,10.7,12.1,-7.8,10.6,-8.7,-21.8,0.409955138,0.109805597,0.438673055,-0.792077395
530,1329411,1853760,-0.526,-0.616,0.613,10.7,12.3,-7.9,10.6,-8.7,-21.8,0.409680471,0.110019227,0.438612018,-0.792229987
531,1331812,1853760,-0.522,-0.62,0.617,10.6,12.5,-8,10.4,-8.7,-21.7,0.409405805,0.110263375,0.438550981,-0.79238258
532,1334507,1853760,-0.526,-0.616,0.613,10.7,12.7,-8.2,10.4,-8.7,-21.7,0.40910062,0.110507523,0.438520463,-0.792504654
533,1336690,1853760,-0.522,-0.62,0.609,10.8,12.9,-8.3,10.4,-8.7,-21.7,0.408795434,0.110751671,0.438459426,-0.792657247
534,1340079,1853770,-0.522,-0.624,0.609,11,13.2,-8.4,10.4,-8.7,-21.7,0.408520768,0.110995819,0.438398389,-0.792809839
535,1341987,1853770,-0.522,-0.62,0.598,11,13.5,-8.5,10.3,-9.2,-21.7,0.408215583,0.111239967,0.43836787,-0.792962432
536,1344183,1853770,-0.522,-0.624,0.594,10.8,13.8,-8.5,10.3,-9.2,-21.7,0.407910398,0.111484115,0.438306833,-0.793115024
537,1347595,1853770,-0.522,-0.628,0.594,10.7,14,-8.5,10.3,-9.2,-21.7,0.407605213,0.111758782,0.438276315,-0.793237098
538,1349506,1853780,-0.518,-0.628,0.582,10.5,14.1,-8.5,10.3,-9.2,-21.7,0.407269509,0.11200293,0.438245796,-0.793389691
539,1351806,1853780,-0.522,-0.628,0.566,10.4,14.2,-8.7,10.7,-8.7,-21.3,0.406964324,0.112247078,0.438215278,-0.793542283
540,1354633,1853780,-0.522,-0.624,0.566,10.5,14.5,-8.7,10.7,-8.7,-21.3,0.406659139,0.112521744,0.438184759,-0.793664357
541,1356693,1853780,-0.518,-0.616,0.57,10.7,14.5,-8.9,10.7,-8.7,-21.3,0.406323435,0.112796411,0.438123722,-0.79381695
542,1360104,1853790,-0.514,-0.616,0.566,10.7,14.7,-9.3,10.7,-8.7,-21.3,0.405987732,0.113040559,0.438093204,-0.793939024
543,1361725,1853790,-0.514,-0.601,0.558,10.4,14.8,-9.7,10.1,-9,-21.1,0.405652028,0.113284707,0.438093204,-0.794122135
544,1364270,1853790,-0.514,-0.593,0.566,9.8,15,-10.1,10.1,-9,-21.1,0.405316324,0.113559374,0.438062685,-0.794274728
545,1367691,1853790,-0.518,-0.589,0.558,9.1,15.2,-10.2,10.1,-9,-21.1,0.404980621,0.113803522,0.438062685,-0.794396802
546,1369845,1853800,-0.514,-0.581,0.562,8.4,15.6,-10.4,10.1,-9,-21.1,0.404614399,0.11404767,0.438093204,-0.794549394
547,1372092,1853800,-0.514,-0.581,0.562,8.4,15.6,-10.4,10.1,-9,-21.1,0.404614399,0.11404767,0.438093204,-0.794549394
548,1374277,1853800,-0.517,-0.565,0.574,6.8,16.4,-10.7,11.9,-8.7,-20.9,0.403881954,0.114505448,0.438215278,-0.794763024
549,1376677,1853800,-0.513,-0.565,0.582,6,16.6,-10.8,11.9,-8.7,-20.9,0.403515732,0.114749596,0.438276315,-0.794885098
550,1379182,1853810,-0.517,-0.565,0.59,5.2,16.9,-11,11.9,-8.7,-20.9,0.40314951,0.114993744,0.43836787,-0.795007172
551,1382662,1853810,-0.513,-0.573,0.589,4.3,17.1,-11,11.8,-8.7,-21.1,0.402783288,0.115207373,0.438489944,-0.795098727
552,1384173,1853810,-0.513,-0.577,0.593,3.2,17.2,-11.2,11.8,-8.7,-21.1,0.402417066,0.115421003,0.438612018,-0.795159764
553,1386923,1853810,-0.513,-0.577,0.597,1.9,17.5,-11.3,11.8,-8.7,-21.1,0.402050844,0.115634632,0.438764611,-0.79525132
554,1390175,1853820,-0.517,-0.585,0.601,0.7,18,-11.6,11.8,-8.7,-21.1,0.401684622,0.115817743,0.438917203,-0.795312357
555,1391785,1853820,-0.517,-0.589,0.597,-0.4,18.5,-11.8,11.9,-8.9,-21.1,0.401287881,0.116061892,0.439130833,-0.795373394
556,1394178,1853820,-0.525,-0.593,0.602,-1.4,18.9,-12.2,11.9,-8.9,-21.1,0.400921659,0.116245003,0.439344462,-0.795403912
557,1396649,1853820,-0.521,-0.597,0.601,-2,19.3,-12.5,11.9,-8.9,-21.1,0.400524918,0.116458632,0.43958861,-0.795464949
558,1399977,1853830,-0.518,-0.605,0.609,-2.3,19.8,-12.9,11.9,-8.9,-21.1,0.400097659,0.116641743,0.439832759,-0.795495468
559,1402042,1853830,-0.513,-0.597,0.609,-2.3,20.4,-13.2,12.2,-8.5,-21,0.3996704,0.116855373,0.440076907,-0.795525987
560,1404329,1853830,-0.518,-0.605,0.617,-2.1,20.9,-13.6,12.2,-8.5,-21,0.399243141,0.117069002,0.440351573,-0.795587024
561,1406965,1853830,-0.51,-0.605,0.625,-1.7,21.2,-13.9,12.2,-8.5,-21,0.398815882,0.117282632,0.440595721,-0.795617542
562,1409092,1853840,-0.517,-0.601,0.629,-1.4,21.5,-14.2,12.2,-8.5,-21,0.398358104,0.11752678,0.440839869,-0.795678579
563,1412611,1853840,-0.509,-0.601,0.628,-1,21.9,-14.6,9.9,-8.8,-20.8,0.397900327,0.11774041,0.441084017,-0.795739616
564,1414326,1853840,-0.51,-0.605,0.632,-0.6,22.4,-14.7,9.9,-8.8,-20.8,0.39741203,0.117984558,0.441328166,-0.795800653
565,1416595,1853840,-0.505,-0.601,0.632,0,22.9,-15,9.9,-8.8,-20.8,0.396954253,0.118259224,0.441572314,-0.795892209
566,1419706,1853850,-0.502,-0.605,0.632,0.6,23,-15.2,9.9,-8.8,-20.8,0.396465957,0.118503372,0.441785943,-0.795953246
567,1421669,1853850,-0.502,-0.605,0.632,0.6,23,-15.2,9.9,-8.8,-20.8,0.396465957,0.118503372,0.441785943,-0.795953246
568,1425167,1853850,-0.51,-0.609,0.609,2.7,23.3,-15.6,13.1,-9,-20.5,0.395458846,0.118930631,0.441999573,-0.796258431
569,1426709,1853850,-0.514,-0.612,0.601,3.8,23.5,-15.9,13.1,-9,-20.5,0.394940031,0.119235817,0.442182684,-0.796380505
570,1429765,1853860,-0.518,-0.608,0.594,5.1,23.8,-16.2,13.1,-9,-20.5,0.394421216,0.119541002,0.442335276,-0.796502579
571,1432672,1853860,-0.518,-0.608,0.594,6.3,24.1,-16.6,13.6,-8.9,-20.4,0.393871883,0.119846187,0.442487869,-0.796655171
572,1434126,1853860,-0.522,-0.608,0.586,7.8,24.4,-16.7,13.6,-8.9,-20.4,0.39332255,0.12018189,0.442609943,-0.796807764
573,1437273,1853860,-0.526,-0.608,0.578,9.4,24.6,-16.9,13.6,-8.9,-20.4,0.392773217,0.120517594,0.442701498,-0.796990875
574,1440197,1853870,-0.53,-0.6,0.57,11,24.7,-17.1,13.6,-8.9,-20.4,0.392193365,0.120883816,0.442762535,-0.797173986
575,1441726,1853870,-0.53,-0.593,0.566,12.3,24.8,-17.3,13.7,-8.6,-20.6,0.391644032,0.121250038,0.442793054,-0.797357097
576,1444712,1853870,-0.541,-0.58,0.551,13.5,25,-17.4,13.7,-8.6,-20.6,0.39106418,0.121646779,0.442823572,-0.797570727
577,1446577,1853870,-0.541,-0.577,0.547,14.6,25.3,-17.7,13.7,-8.6,-20.6,0.39045381,0.122043519,0.442823572,-0.797814875
578,1449940,1853880,-0.545,-0.565,0.543,15.7,25.6,-18.1,13.7,-8.6,-20.6,0.38984344,0.12244026,0.442823572,-0.798059023
579,1451636,1853880,-0.545,-0.561,0.536,16.7,25.8,-18.6,13.4,-8.5,-20.3,0.38923307,0.122837001,0.442793054,-0.798303171
580,1454268,1853880,-0.549,-0.553,0.532,17.5,25.8,-18.9,13.4,-8.5,-20.3,0.388592181,0.12326426,0.442762535,-0.798547319
581,1457292,1853880,-0.549,-0.549,0.532,18.1,25.8,-19.3,13.4,-8.5,-20.3,0.387981811,0.123691519,0.442732017,-0.798821986
582,1459083,1853890,-0.553,-0.549,0.524,18.5,25.8,-19.7,13.4,-8.5,-20.3,0.387310404,0.12408826,0.44267098,-0.799096652
583,1462531,1853890,-0.553,-0.549,0.532,18.7,25.9,-20,12.2,-9.1,-20.5,0.386669515,0.124515519,0.442609943,-0.799371319
584,1464237,1853890,-0.553,-0.541,0.524,18.7,26.1,-20.4,12.2,-9.1,-20.5,0.385998108,0.124942778,0.442579424,-0.799676504
585,1467758,1853890,-0.557,-0.541,0.528,18.5,26.2,-20.8,12.2,-9.1,-20.5,0.385357219,0.125339518,0.442518387,-0.79995117
586,1469427,1853900,-0.557,-0.545,0.528,18.1,26.3,-21.2,12.2,-9.1,-20.5,0.384655293,0.125736259,0.442487869,-0.800225837
587,1471826,1853900,-0.557,-0.545,0.528,18.1,26.3,-21.2,12.2,-9.1,-20.5,0.384655293,0.125736259,0.442487869,-0.800225837
588,1475259,1853900,-0.561,-0.56,0.544,16.8,26.4,-22.1,11.3,-8.8,-20.4,0.383342998,0.126682333,0.44245735,-0.800744652
589,1477658,1853900,-0.565,-0.564,0.544,16,26.4,-22.7,11.3,-8.8,-20.4,0.38267159,0.127079073,0.44245735,-0.8009888
590,1479215,1853910,-0.569,-0.564,0.556,15,26.4,-23.2,11.3,-8.8,-20.4,0.381969665,0.127445296,0.442487869,-0.801263466
591,1481688,1853910,-0.569,-0.572,0.556,13.8,26.4,-23.6,10.5,-8.9,-20.8,0.38123722,0.127780999,0.442518387,-0.801538133
592,1485141,1853910,-0.573,-0.576,0.564,12.6,26.4,-24,10.5,-8.9,-20.8,0.380535295,0.128116703,0.442579424,-0.801751762
593,1486649,1853910,-0.577,-0.584,0.572,11.4,26.5,-24.3,10.5,-8.9,-20.8,0.379833369,0.128452406,0.44267098,-0.801995911
594,1489150,1853920,-0.581,-0.58,0.572,10.3,26.7,-24.7,10.5,-8.9,-20.8,0.379100925,0.128757591,0.442793054,-0.802240059
595,1492607,1853920,-0.581,-0.583,0.58,9.3,26.9,-25.1,9.7,-9,-20.6,0.37836848,0.129062777,0.442915128,-0.802453688
596,1494185,1853920,-0.581,-0.587,0.583,8.6,27.1,-25.6,9.7,-9,-20.6,0.377636036,0.129367962,0.443067721,-0.802667318
597,1497135,1853920,-0.581,-0.583,0.591,8.2,27.3,-25.9,9.7,-9,-20.6,0.376903592,0.129673147,0.443220313,-0.802911466
598,1500168,1853930,-0.577,-0.58,0.591,7.8,27.4,-26.2,9.7,-9,-20.6,0.376140629,0.129947813,0.443372906,-0.803125095
599,1501695,1853930,-0.581,-0.58,0.595,7.5,27.6,-26.4,9.7,-9.1,-20.6,0.375408185,0.130252998,0.443556017,-0.803308206
600,1504172,1853930,-0.581,-0.576,0.603,7.3,27.6,-26.6,9.7,-9.1,-20.6,0.374645222,0.130527665,0.443708609,-0.803521836
601,1506611,1853930,-0.589,-0.575,0.603,7.3,27.5,-26.9,9.7,-9.1,-20.6,0.37388226,0.130802332,0.44389172,-0.803735466
602,1509938,1853940,-0.593,-0.579,0.599,7.4,27.3,-27.3,9.7,-9.1,-20.6,0.373119297,0.131076998,0.444074831,-0.803949095
603,1511648,1853940,-0.593,-0.583,0.599,7.7,27.1,-27.6,14.6,-10,-20,0.372356334,0.131351665,0.444227424,-0.804193243
604,1514390,1853940,-0.597,-0.579,0.596,8,26.8,-28,14.6,-10,-20,0.371562853,0.131626331,0.444380016,-0.804406873
605,1517482,1853940,-0.601,-0.583,0.596,8.2,26.5,-28.3,14.6,-10,-20,0.37079989,0.131870479,0.444532609,-0.804651021
606,1519803,1853950,-0.601,-0.583,0.6,8.2,26.3,-28.5,14.6,-10,-20,0.370006409,0.132145146,0.444685202,-0.804895169
607,1521870,1853950,-0.601,-0.583,0.6,8.2,26.3,-28.5,14.6,-10,-20,0.370006409,0.132145146,0.444685202,-0.804895169
608,1524973,1853950,-0.601,-0.595,0.588,7.6,26,-28.7,11.5,-7.7,-20.2,0.36854152,0.132755516,0.444898831,-0.805322428
609,1527081,1853950,-0.601,-0.599,0.588,7.4,25.8,-28.8,11.5,-7.7,-20.2,0.367748039,0.132999664,0.445051424,-0.805566576
610,1529348,1853960,-0.601,-0.607,0.572,7.4,25.6,-28.9,11.5,-7.7,-20.2,0.366985076,0.133213294,0.445234535,-0.805780206
611,1532077,1853960,-0.597,-0.611,0.568,7.6,25.4,-29,12.4,-7.5,-20.1,0.366191595,0.133426923,0.445387127,-0.806024354
612,1534173,1853960,-0.601,-0.611,0.568,8.1,25.2,-29.1,12.4,-7.5,-20.1,0.365428632,0.133671072,0.445509201,-0.806268502
613,1538163,1853960,-0.609,-0.61,0.565,8.6,25.2,-29.3,12.4,-7.5,-20.1,0.364635151,0.133884701,0.445661794,-0.80651265
614,1540248,1853970,-0.621,-0.61,0.549,9.1,25.2,-29.4,12.4,-7.5,-20.1,0.36384167,0.134128849,0.445783868,-0.806756798
615,1541756,1853970,-0.625,-0.614,0.55,9.4,25.1,-29.5,13.4,-7.4,-20.4,0.363048189,0.134342479,0.445905942,-0.807000946
616,1544600,1853970,-0.625,-0.61,0.546,9.9,25.1,-29.5,13.4,-7.4,-20.4,0.362254707,0.134586627,0.445997497,-0.807275613
617,1547811,1853970,-0.629,-0.606,0.542,10.5,25,-29.5,13.4,-7.4,-20.4,0.361461226,0.134830775,0.446119572,-0.807519761
618,1549307,1853980,-0.633,-0.602,0.546,11.4,24.8,-29.5,13.4,-7.4,-20.4,0.360667745,0.135074923,0.446180609,-0.807794427
619,1552584,1853980,-0.641,-0.602,0.55,12.5,24.7,-29.5,14.6,-7.6,-19.8,0.359843745,0.135319071,0.446241646,-0.808069094
620,1554646,1853980,-0.645,-0.602,0.55,13.8,24.4,-29.4,14.6,-7.6,-19.8,0.359080782,0.135563219,0.446272164,-0.808374279
621,1556926,1853980,-0.653,-0.59,0.55,15,24.3,-29.2,14.6,-7.6,-19.8,0.358287301,0.135837886,0.446302683,-0.808679464
622,1559369,1853990,-0.657,-0.586,0.554,15.9,24.1,-28.9,14.6,-7.6,-19.8,0.35749382,0.136082034,0.446302683,-0.808984649
623,1562829,1853990,-0.656,-0.582,0.554,16.7,23.8,-28.5,14,-9.1,-19.9,0.356700339,0.1363567,0.446272164,-0.809289834
624,1564389,1853990,-0.656,-0.574,0.558,17,23.3,-28,14,-9.1,-19.9,0.355906858,0.136631367,0.446241646,-0.809625538
625,1566614,1853990,-0.668,-0.554,0.574,17,22.8,-27.4,14,-9.1,-19.9,0.355174413,0.136906034,0.446180609,-0.809930723
626,1569400,1854000,-0.672,-0.546,0.578,16.8,22.4,-26.9,14,-9.1,-19.9,0.354411451,0.1371807,0.44615009,-0.810235908
627,1572663,1854000,-0.672,-0.546,0.578,16.8,22.4,-26.9,14,-9.1,-19.9,0.354411451,0.1371807,0.44615009,-0.810235908
628,1574153,1854000,-0.687,-0.522,0.582,15.6,21.8,-26.2,14.2,-8,-19.4,0.353526414,0.138889737,0.445875423,-0.810480056
629,1576787,1854000,-0.695,-0.522,0.59,14.7,21.5,-25.8,14.2,-8,-19.4,0.352824488,0.139133885,0.445844905,-0.810754723
630,1579903,1854010,-0.699,-0.518,0.59,13.4,21.2,-25.3,14.2,-8,-19.4,0.352122562,0.139378033,0.445844905,-0.811029389
631,1582203,1854010,-0.707,-0.51,0.598,11.9,21.2,-24.9,14,-8,-19.1,0.351420637,0.139591662,0.445875423,-0.811273537
632,1585172,1854010,-0.722,-0.486,0.61,10.3,21.1,-24.5,14,-8,-19.1,0.350749229,0.139805292,0.44593646,-0.811487167
633,1586673,1854010,-0.726,-0.478,0.61,8.4,20.8,-24.3,14,-8,-19.1,0.350077822,0.140018921,0.446028016,-0.811700797
634,1590246,1854020,-0.726,-0.466,0.622,6.2,20.5,-24.2,14,-8,-19.1,0.349467452,0.140202033,0.44615009,-0.811883908
635,1591628,1854020,-0.729,-0.45,0.626,3.5,20.2,-24.4,14.5,-8.3,-19.1,0.348826563,0.140324107,0.446302683,-0.8120365
636,1594471,1854020,-0.733,-0.434,0.626,0.6,20,-24.4,14.5,-8.3,-19.1,0.348185675,0.140446181,0.446516312,-0.812158574
637,1597539,1854020,-0.737,-0.43,0.626,-2.4,19.8,-24.2,14.5,-8.3,-19.1,0.347575304,0.140568255,0.446790979,-0.81225013
638,1600631,1854030,-0.741,-0.422,0.638,-5.3,19.4,-23.6,14.5,-8.3,-19.1,0.346964934,0.140629292,0.447096164,-0.812341685
639,1602406,1854030,-0.741,-0.426,0.642,-8.1,19,-23.1,14.7,-8.6,-19,0.346415601,0.140690329,0.447462386,-0.812372204
640,1604023,1854030,-0.757,-0.438,0.666,-10.6,18.7,-22.6,14.7,-8.6,-19,0.345835749,0.140720847,0.447859127,-0.812372204
641,1606879,1854030,-0.765,-0.445,0.674,-13,18.4,-22,14.7,-8.6,-19,0.345316935,0.140720847,0.448316904,-0.812372204
642,1609729,1854040,-0.781,-0.449,0.682,-15.2,18.1,-21.3,14.7,-8.6,-19,0.34479812,0.140720847,0.448774682,-0.812311167
643,1611500,1854040,-0.805,-0.46,0.691,-17.3,17.8,-20.6,14.7,-7.2,-19.2,0.344309824,0.140690329,0.449293497,-0.81225013
644,1614386,1854040,-0.817,-0.46,0.691,-19.3,17.4,-19.9,14.7,-7.2,-19.2,0.343852046,0.14065981,0.449812311,-0.812158574
645,1617350,1854040,-0.832,-0.456,0.687,-21.4,16.8,-19.2,14.7,-7.2,-19.2,0.343424787,0.140629292,0.450392163,-0.8120365
646,1619270,1854050,-0.84,-0.444,0.684,-23.8,16,-18.6,14.7,-7.2,-19.2,0.342997528,0.140537736,0.450972015,-0.811883908
647,1622625,1854050,-0.872,-0.431,0.653,-29.9,14.5,-17.6,14.8,-9.5,-19.7,0.342631306,0.140385144,0.451643422,-0.811670278
648,1624329,1854050,-0.884,-0.423,0.638,-29.9,14.5,-17.6,14.8,-9.5,-19.7,0.342265084,0.14026307,0.452375866,-0.811487167
649,1627927,1854050,-0.904,-0.415,0.631,-33.7,13.8,-17.4,14.8,-9.5,-19.7,0.34192938,0.140079958,0.45310831,-0.8112125
650,1629504,1854060,-0.911,-0.403,0.615,-37.6,13.1,-17,14.8,-9.5,-19.7,0.341624195,0.139866329,0.45393231,-0.810937834
651,1631726,1854060,-0.943,-0.406,0.612,-41.5,12.4,-16.5,14.8,-9.9,-19.5,0.34131901,0.139622181,0.454817347,-0.81060213
652,1634453,1854060,-0.963,-0.41,0.593,-45,11.6,-15.7,14.8,-9.9,-19.5,0.341074862,0.139316996,0.455732902,-0.810235908
653,1636715,1854060,-0.983,-0.409,0.586,-48.1,10.9,-14.6,14.8,-9.9,-19.5,0.340861232,0.139011811,0.456709494,-0.809839167
654,1639358,1854070,-1.003,-0.401,0.579,-50.5,10.1,-13.2,14.8,-9.9,-19.5,0.340678121,0.138676107,0.457747124,-0.809411908
655,1643436,1854070,-1.042,-0.369,0.576,-52.6,9.4,-11.6,15.2,-9.8,-19.9,0.340525529,0.138340403,0.458754234,-0.808923612
656,1645655,1854070,-1.062,-0.345,0.572,-54.3,8.8,-10.3,15.2,-9.8,-19.9,0.340433973,0.1380047,0.459822382,-0.808435316
657,1647904,1854070,-1.077,-0.324,0.569,-55.7,8.2,-9.1,15.2,-9.8,-19.9,0.340311899,0.137638478,0.46089053,-0.807916501
658,1650190,1854080,-1.112,-0.288,0.566,-57,7.3,-8.2,15.2,-9.8,-19.9,0.340281381,0.137241737,0.461989196,-0.807397687
659,1652411,1854080,-1.12,-0.276,0.57,-58.4,6.2,-7.2,15.2,-9.3,-20.1,0.340281381,0.136844996,0.463087863,-0.806848354
660,1654811,1854080,-1.136,-0.268,0.582,-60,4.7,-5.9,15.2,-9.3,-20.1,0.340311899,0.136448256,0.464186529,-0.806268502
661,1656784,1854080,-1.152,-0.272,0.59,-61.7,3.1,-4,15.2,-9.3,-20.1,0.340372936,0.13595996,0.465315714,-0.805658132
662,1659353,1854090,-1.16,-0.287,0.625,-62.8,1.4,-1.6,15.2,-9.3,-20.1,0.340525529,0.135532701,0.46641438,-0.805017243
663,1662109,1854090,-1.172,-0.291,0.641,-63.5,-0.3,0.9,15.3,-5.8,-18.3,0.340739158,0.135074923,0.467543565,-0.804376354
664,1664241,1854090,-1.175,-0.291,0.665,-64.1,-2.2,3.4,15.3,-5.8,-18.3,0.341013825,0.134586627,0.468642232,-0.803704947
665,1668262,1854090,-1.171,-0.295,0.68,-64.6,-3.9,5.7,15.3,-5.8,-18.3,0.341349528,0.134098331,0.469710379,-0.803003021
666,1670484,1854100,-1.191,-0.29,0.712,-65.1,-5.4,7.5,15.3,-5.8,-18.3,0.341715751,0.133579516,0.470809046,-0.802301096
667,1673044,1854100,-1.195,-0.27,0.724,-66.3,-7.7,10.9,15.2,-7.4,-21.3,0.342173528,0.133030183,0.471877194,-0.801538133
668,1675450,1854100,-1.198,-0.259,0.736,-66.3,-7.7,10.9,15.2,-7.4,-21.3,0.342661824,0.132541887,0.472945341,-0.800805689
669,1677625,1854100,-1.202,-0.243,0.747,-66.8,-8.8,12.8,15.2,-7.4,-21.3,0.343150121,0.132023072,0.474013489,-0.800042726
670,1679861,1854110,-1.221,-0.203,0.76,-67.3,-9.9,14.9,15.2,-7.4,-21.3,0.343699454,0.131504257,0.475051119,-0.799279763
671,1681979,1854110,-1.229,-0.183,0.764,-67.5,-11,17.5,15,-6.5,-21.5,0.344340342,0.130985443,0.476119266,-0.798455763
672,1684321,1854110,-1.24,-0.163,0.768,-67.2,-12.4,20.9,15,-6.5,-21.5,0.34501175,0.130497147,0.477126377,-0.797631764
673,1687274,1854110,-1.26,-0.124,0.772,-66.3,-13.9,25.1,15,-6.5,-21.5,0.345774712,0.13000885,0.478102969,-0.796807764
674,1689895,1854120,-1.283,-0.115,0.765,-64.9,-15.8,29.8,15,-6.5,-21.5,0.346659749,0.129551073,0.478988006,-0.795953246
675,1692714,1854120,-1.303,-0.095,0.758,-63.3,-17.6,34.8,14.9,-5.7,-21.8,0.347636341,0.129123814,0.479903562,-0.795068209
676,1694621,1854120,-1.331,-0.087,0.743,-62,-19.6,39.4,14.9,-5.7,-21.8,0.348673971,0.128727073,0.480697043,-0.794183172
677,1696864,1854120,-1.386,-0.074,0.725,-61.1,-21.7,43.6,14.9,-5.7,-21.8,0.349833674,0.128330332,0.481490524,-0.793267617
678,1699192,1854130,-1.406,-0.057,0.713,-60.8,-23.9,47.2,14.9,-5.7,-21.8,0.351084933,0.12796411,0.482222968,-0.792321543
679,1701736,1854130,-1.425,-0.045,0.71,-60.6,-26.2,50.2,14.5,-5.2,-21.8,0.352397229,0.12756737,0.482894375,-0.791375469
680,1705124,1854130,-1.441,-0.021,0.706,-60.5,-28.8,52.7,14.5,-5.2,-21.8,0.353770562,0.127170629,0.483596301,-0.790398877
681,1706706,1854130,-1.476,0.01,0.692,-60.7,-31.4,54.8,14.5,-5.2,-21.8,0.35523545,0.12674337,0.48423719,-0.789422285
682,1709099,1854140,-1.488,0.034,0.696,-61.1,-34.1,56.7,14.5,-5.2,-21.8,0.356730857,0.126255074,0.48484756,-0.788445692
683,1712600,1854140,-1.491,0.054,0.7,-61.7,-36.7,58.6,14.3,-6.6,-20.6,0.358287301,0.125766778,0.485488449,-0.787438581
684,1714290,1854140,-1.51,0.101,0.727,-62.4,-39.3,60.2,14.3,-6.6,-20.6,0.359904782,0.125217444,0.486098819,-0.786400952
685,1717195,1854140,-1.538,0.106,0.732,-63.3,-42,61.4,14.3,-6.6,-20.6,0.3615833,0.124668111,0.486678671,-0.785363323
686,1720156,1854150,-1.538,0.122,0.74,-64.7,-44.8,62,14.3,-6.6,-20.6,0.363292337,0.124057741,0.487258522,-0.784295175
687,1721735,1854150,-1.534,0.118,0.755,-68.2,-50.1,63.4,14.7,-5.9,-20.2,0.365123447,0.123325297,0.487868892,-0.783196509
688,1724621,1854150,-1.534,0.114,0.759,-68.2,-50.1,63.4,14.7,-5.9,-20.2,0.366893521,0.122592853,0.488448744,-0.782097842
689,1727605,1854150,-1.538,0.114,0.755,-69.7,-52.3,64.6,14.7,-5.9,-20.2,0.36875515,0.12182989,0.489059114,-0.780999176
690,1729157,1854160,-1.538,0.09,0.763,-70.7,-54.4,66,14.7,-5.9,-20.2,0.370647298,0.121066927,0.489638966,-0.779839473
691,1731640,1854160,-1.546,0.082,0.748,-71,-56.4,67.2,14,-6.1,-20.2,0.372569964,0.120212409,0.490218818,-0.778679769
692,1735172,1854160,-1.554,0.083,0.721,-71,-58.5,68.4,14,-6.1,-20.2,0.374553667,0.119388409,0.490768151,-0.777520066
693,1736669,1854160,-1.551,0.075,0.701,-70.6,-60.6,69.3,14,-6.1,-20.2,0.376567888,0.118533891,0.491286966,-0.776360363
694,1739146,1854170,-1.547,0.078,0.685,-69.7,-62.7,69.8,14,-6.1,-20.2,0.378612629,0.117648854,0.491775262,-0.775200659
695,1742645,1854170,-1.555,0.071,0.658,-67.6,-64.8,70.2,13.7,-6.2,-19.9,0.380657369,0.116733299,0.492202521,-0.774040956
696,1744158,1854170,-1.555,0.071,0.631,-64.1,-67,70.6,13.7,-6.2,-19.9,0.382732627,0.115817743,0.492538224,-0.772942289
697,1746785,1854170,-1.567,0.075,0.604,-59,-69.1,71,13.7,-6.2,-19.9,0.384807886,0.114932707,0.492782373,-0.77190466
698,1750082,1854180,-1.575,0.079,0.589,-52.9,-71.1,71.4,13.7,-6.2,-19.9,0.386913663,0.114078188,0.492904447,-0.770897549
699,1751704,1854180,-1.595,0.095,0.581,-46.2,-72.8,71.7,12.8,-6.2,-19.1,0.38901944,0.11322367,0.492873928,-0.769981994
700,1754107,1854180,-1.61,0.107,0.589,-39.3,-74.1,71.6,12.8,-6.2,-19.1,0.391094699,0.11239967,0.492721335,-0.769127476
701,1757606,1854180,-1.618,0.139,0.586,-32.4,-75.4,71,12.8,-6.2,-19.1,0.393200476,0.111636708,0.492446669,-0.768364513
702,1759132,1854190,-1.625,0.19,0.574,-25.7,-76.9,69.3,12.8,-6.2,-19.1,0.395245216,0.110873745,0.492049928,-0.767662587
703,1761712,1854190,-1.651,0.273,0.602,-19.3,-78.8,66.3,12.1,-6.3,-23.4,0.397259438,0.110080264,0.491531114,-0.767082736
704,1765136,1854190,-1.666,0.333,0.614,-13.9,-80.8,62,12.1,-6.3,-23.4,0.399182104,0.109286782,0.490920743,-0.766563921
705,1766885,1854190,-1.689,0.392,0.618,-10.7,-82.7,57,12.1,-6.3,-23.4,0.401074252,0.108401746,0.490249336,-0.76616718
706,1769209,1854200,-1.704,0.447,0.634,-10.2,-84.6,51.6,12.1,-6.3,-23.4,0.402813807,0.107455672,0.489547411,-0.765800958
707,1772616,1854200,-1.746,0.562,0.635,-16,-89.5,41.9,11.6,-6.7,-20.6,0.404553362,0.10626545,0.48893704,-0.765465255
708,1774138,1854200,-1.773,0.614,0.639,-16,-89.5,41.9,11.6,-6.7,-20.6,0.40623188,0.105075228,0.48832667,-0.765129551
709,1777134,1854200,-1.796,0.662,0.636,-20.8,-92.5,38.6,11.6,-6.7,-20.6,0.407910398,0.103762932,0.487746818,-0.764763329
710,1780193,1854210,-1.819,0.698,0.644,-25.9,-95.4,37.1,11.6,-6.7,-20.6,0.409619434,0.102328562,0.487258522,-0.764366588
711,1781707,1854210,-1.886,0.743,0.661,-31.9,-97.6,38.5,10.9,-6.5,-20.9,0.411358989,0.100833155,0.486800745,-0.763908811
712,1784071,1854210,-1.926,0.751,0.682,-39.1,-98.4,42.7,10.9,-6.5,-20.9,0.4131901,0.0993072298,0.48649556,-0.763328959
713,1787616,1854210,-1.965,0.748,0.702,-47.3,-97.9,48.9,10.9,-6.5,-20.9,0.415173803,0.0977507859,0.48628193,-0.762596515
714,1789152,1854220,-2.041,0.73,0.705,-55.1,-97.1,55.5,10.9,-6.5,-20.9,0.417218543,0.0962248604,0.486220893,-0.761711478
715,1791721,1854220,-2.069,0.7,0.709,-61.8,-96.8,60.8,10.4,-6.4,-21.9,0.419385357,0.0946989349,0.486220893,-0.760704367
716,1795225,1854220,-2.09,0.653,0.71,-67.3,-97.7,63.9,10.4,-6.4,-21.9,0.421643727,0.0931424909,0.486312449,-0.759605701
717,1796696,1854220,-2.118,0.591,0.703,-71.7,-99.8,65.1,10.4,-6.4,-21.9,0.423902097,0.0915250099,0.486465041,-0.758445997
718,1799268,1854230,-2.168,0.446,0.678,-75.1,-102.4,65.1,10.4,-6.4,-21.9,0.426221503,0.0898159734,0.486617634,-0.757225257
719,1801712,1854230,-2.186,0.364,0.674,-77.5,-105.4,64.6,9.8,-6.6,-22.6,0.428571429,0.0880458998,0.486800745,-0.756004517
720,1804862,1854230,-2.199,0.278,0.675,-78.6,-108.1,63.6,9.8,-6.6,-22.6,0.430921354,0.0861842708,0.486953337,-0.754783776
721,1806623,1854230,-2.212,0.188,0.679,-77.8,-110.2,61.8,9.8,-6.6,-22.6,0.433240761,0.0842921232,0.487075411,-0.753593554
722,1809426,1854240,-2.23,0.035,0.7,-74.6,-111.7,59.2,9.8,-6.6,-22.6,0.435529649,0.0823999756,0.487136448,-0.752433851
723,1811757,1854240,-2.231,-0.031,0.704,-68.7,-112.6,55.6,9,-6.4,-22.4,0.437788018,0.0804773095,0.48710593,-0.751365703
724,1814110,1854240,-2.228,-0.078,0.696,-60.4,-113.1,51.4,9,-6.4,-22.4,0.439924314,0.0785851619,0.486922819,-0.750450148
725,1817463,1854240,-2.237,-0.148,0.634,-50.1,-113.3,46.5,9,-6.4,-22.4,0.441969054,0.0767540513,0.486556597,-0.749656667
726,1819242,1854250,-2.234,-0.16,0.587,-38,-113.2,41.2,9,-6.4,-22.4,0.443922239,0.0749839778,0.486007263,-0.749046297
727,1821727,1854250,-2.226,-0.165,0.532,-8.2,-113.5,28.4,8.5,-6.2,-22.6,0.445600757,0.0733359783,0.485000153,-0.748863186
728,1824959,1854250,-2.215,-0.161,0.474,-8.2,-113.5,28.4,8.5,-6.2,-22.6,0.447279275,0.0717184973,0.483993042,-0.748680074
729,1826827,1854250,-2.179,-0.134,0.387,10,-113.9,20.8,8.5,-6.2,-22.6,0.4488052,0.0701620533,0.482680746,-0.748741111
730,1829176,1854260,-2.159,-0.107,0.355,30.7,-114.5,12.9,8.5,-6.2,-22.6,0.450178533,0.0687276833,0.481032746,-0.749107334
731,1833392,1854260,-2.135,-0.081,0.346,54.2,-115.1,5.3,7.6,-6.4,-22.7,0.451399274,0.0674459059,0.478988006,-0.749809259
732,1835617,1854260,-2.107,-0.065,0.353,79.6,-115.3,-1.5,7.6,-6.4,-22.7,0.452436903,0.0663167211,0.476577044,-0.75081637
733,1837938,1854260,-2.054,0.007,0.379,105.1,-115.1,-7.8,7.6,-6.4,-22.7,0.453352458,0.0654011658,0.473708304,-0.752159185
734,1840178,1854270,-2.037,0.058,0.402,129,-114.3,-14.1,7.6,-6.4,-22.7,0.454115421,0.0646382031,0.470473342,-0.753776666
735,1842426,1854270,-2.016,0.124,0.456,149.8,-112.6,-21.1,7,-6.7,-22.5,0.454725791,0.0640583514,0.466933195,-0.755668813
736,1844718,1854270,-1.995,0.191,0.502,166.6,-110.3,-29.4,7,-6.7,-22.5,0.455122532,0.0635700552,0.463118381,-0.757805109
737,1847022,1854270,-1.967,0.367,0.618,179.6,-107.3,-39.1,7,-6.7,-22.5,0.455305643,0.0632038331,0.459150975,-0.760155034
738,1849266,1854280,-1.954,0.461,0.687,188.9,-103.8,-50.4,7,-6.7,-22.5,0.455244606,0.062837611,0.455030976,-0.76268807
739,1851713,1854280,-1.936,0.559,0.769,195.4,-100.2,-62.4,6.2,-7.8,-22.1,0.454908902,0.0625019074,0.450880459,-0.765373699
740,1855212,1854280,-1.872,0.77,0.923,199.7,-96.4,-74.6,6.2,-7.8,-22.1,0.454359569,0.0621356853,0.446668905,-0.768211921
741,1856689,1854280,-1.851,0.86,0.988,202.2,-92.5,-86.7,6.2,-7.8,-22.1,0.453505051,0.0617389447,0.442487869,-0.771141697
742,1859817,1854290,-1.813,0.962,1.038,202.6,-88.6,-98.4,6.2,-7.8,-22.1,0.452436903,0.0613116855,0.438306833,-0.774193548
743,1861608,1854290,-1.784,1.016,1.068,200,-84.8,-109.9,5.5,-8.8,-21.6,0.451124607,0.0607928709,0.434247871,-0.777275918
744,1865179,1854290,-1.703,1.124,1.108,193.2,-81.3,-121.7,5.5,-8.8,-21.6,0.449568163,0.0601519822,0.430310984,-0.780419324
745,1866603,1854290,-1.622,1.225,1.11,180.8,-77.5,-134.7,5.5,-8.8,-21.6,0.447737053,0.0593585009,0.426648762,-0.783532212
746,1870196,1854300,-1.561,1.294,1.159,162.3,-72.8,-149.9,5.5,-8.8,-21.6,0.445661794,0.0582903531,0.423352763,-0.786584063
747,1872444,1854300,-1.469,1.363,1.242,139.1,-66.6,-166.2,6.4,-9.5,-21.3,0.443220313,0.0569780572,0.420514542,-0.789574877
748,1874675,1854300,-1.389,1.392,1.271,114.1,-58.8,-182,6.4,-9.5,-21.3,0.440473647,0.0553910947,0.418225654,-0.792443617
749,1876924,1854300,-1.317,1.414,1.292,89.6,-50.8,-196.1,6.4,-9.5,-21.3,0.437452315,0.0535905026,0.416394543,-0.795190283
750,1879132,1854310,-1.26,1.445,1.342,66,-43.5,-209.4,6.4,-9.5,-21.3,0.434125797,0.0515457625,0.415082247,-0.797845393
751,1881848,1854310,-1.201,1.447,1.391,42.3,-36.5,-223.5,7,-9.6,-20.6,0.430524613,0.0492873928,0.414258248,-0.80037843
752,1884151,1854310,-1.023,1.361,1.367,17.5,-29.3,-239.7,7,-9.6,-20.6,0.426557207,0.046784875,0.413922544,-0.802789392
753,1887539,1854310,-0.875,1.263,1.258,-8.8,-21.6,-259.2,7,-9.6,-20.6,0.422223579,0.0439771722,0.414136174,-0.805139317
754,1889745,1854320,-0.754,1.142,1.095,-35.7,-13.9,-282.5,7,-9.6,-20.6,0.417401654,0.0408032472,0.414899136,-0.807397687
755,1892052,1854320,-0.497,0.817,0.499,-60,-7.1,-308.2,7.1,-9.7,-20.7,0.412091433,0.0373851741,0.416150395,-0.809656056
756,1894418,1854320,-0.292,0.568,0.174,-77.3,-2.8,-333.6,7.1,-9.7,-20.7,0.406262398,0.0336008789,0.417737358,-0.811944945
757,1896590,1854320,-0.044,0.232,-0.089,-82.7,-1.8,-356.4,7.1,-9.7,-20.7,0.400036622,0.0296029542,0.419446394,-0.814325388
758,1899280,1854330,0.218,-0.123,-0.262,-72.4,-4.1,-375.1,7.1,-9.7,-20.7,0.393414106,0.0254524369,0.420911283,-0.816919462
759,1901714,1854330,0.533,-0.953,-0.62,-43.7,-7.6,-388,8.2,-8.7,-20.6,0.386608478,0.0213629566,0.421826838,-0.81981872
760,1905857,1854330,0.683,-1.227,-0.756,3.6,-10.8,-391.9,8.2,-8.7,-20.6,0.379680776,0.0175786615,0.421857356,-0.823114719
761,1906604,1854330,0.822,-1.474,-0.806,68.6,-12.6,-385,8.2,-8.7,-20.6,0.372814112,0.0144047365,0.420636616,-0.826929533
762,1909396,1854340,0.334,-2.685,-0.336,148.1,-11.3,-367.6,8.2,-8.7,-20.6,0.366252632,0.0120242927,0.417981506,-0.831232643
763,1911814,1854340,0.706,-2.08,-0.035,241.2,-8.1,-352.3,7.2,-8.7,-20.9,0.359843745,0.0105899228,0.413617359,-0.836237678
764,1914197,1854340,0.671,-1.753,0,346.9,-8.3,-362.5,7.2,-8.7,-20.9,0.35319071,0.00988799707,0.407269509,-0.842158269
765,1917601,1854340,0.761,-1.235,0.389,459.4,-13,-410.1,7.2,-8.7,-20.9,0.345652638,0.00955229347,0.398785363,-0.849330119
766,1919857,1854350,0.883,-0.585,0.701,568.3,-18.5,-487.5,7.2,-8.7,-20.9,0.33661916,0.00924710837,0.388164922,-0.857844783
767,1922085,1854350,0.584,-3.496,-5.317,667.2,-20.4,-571.4,11.7,-9.1,-20.3,0.325907163,0.00891140477,0.375560778,-0.86751915
768,1924503,1854350,0.301,-7.808,-7.956,777.3,-35.5,-639.1,11.7,-9.1,-20.3,0.313852351,0.00854518265,0.360637226,-0.878231147
769,1926703,1854350,1.666,-8.138,-7.972,973.1,-112.7,-649.7,11.7,-9.1,-20.3,0.30201117,0.00793481246,0.341227454,-0.890072329
770,1929268,1854360,7.946,-8.278,-5.367,1265,-309.8,-525.3,11.7,-9.1,-20.3,0.293771172,0.00631733146,0.314554277,-0.902584918
771,1932685,1854360,7.988,-7.434,2.812,1362.5,-553.4,-242.4,13.2,-11.1,-18.3,0.292428358,0.00250251778,0.284035768,-0.913083285
772,1934260,1854360,8.198,4.726,4.489,981.5,-613.8,81.8,13.2,-11.1,-18.3,0.297738578,-0.00292977691,0.260475478,-0.918393506
773,1936815,1854360,8.222,5.82,5.872,274.5,-395.2,152.7,13.2,-11.1,-18.3,0.303018281,-0.00820947905,0.252418592,-0.918881802
774,1940174,1854370,0.496,8.004,7.47,-325.4,-28.4,-169.6,13.2,-11.1,-18.3,0.299722282,-0.0118411817,0.258705405,-0.918179876
775,1941715,1854370,0.97,7.978,7.973,-502.6,282.9,-659.7,11.1,-13.5,-18.8,0.284737693,-0.0131839961,0.270424512,-0.919553209
776,1944850,1854370,0.375,8.002,4.352,-391.7,422.4,-873.9,11.1,-13.5,-18.8,0.264503922,-0.0122989593,0.280556658,-0.922574541
777,1947828,1854370,-2.053,8.054,1.304,-217.6,423.4,-642,11.1,-13.5,-18.8,0.248908963,-0.00897244179,0.287179174,-0.924893948
778,1950118,1854380,-3.247,7.629,-1.728,-127.5,314.2,-167.9,11.1,-13.5,-18.8,0.243507187,-0.00436414686,0.291421247,-0.925046541
779,1952374,1854380,-3.272,5.418,-3.697,-163.3,191.4,224.9,14.2,-11.9,-17.9,0.246803186,3.05185095e-05,0.295754875,-0.92281869
780,1954626,1854380,-2.86,2.9,-4.087,-252,115.2,404.4,14.2,-11.9,-17.9,0.254188665,0.00360118412,0.301431318,-0.918942839
781,1956892,1854380,-2.429,-0.134,-3.262,-314.3,86.8,403.6,14.2,-11.9,-17.9,0.261726737,0.00625629444,0.30814539,-0.914578692
782,1959362,1854390,-2.262,-0.789,-2.089,-294.1,89.6,321.5,14.2,-11.9,-17.9,0.267555773,0.00851466414,0.31449324,-0.910702841
783,1961624,1854390,-1.293,-1.595,-0.597,-183.7,99.7,237.5,12.7,-11.4,-17.9,0.271614734,0.0110477004,0.318674276,-0.908017212
784,1964702,1854390,-0.387,-4.246,1.195,-15.9,99.9,186.4,12.7,-11.4,-17.9,0.274636067,0.0142521439,0.319528794,-0.906765954
785,1967768,1854390,-0.745,-4.74,1.702,126.6,89.8,175.8,12.7,-11.4,-17.9,0.27744377,0.0180059206,0.317484054,-0.906552324
786,1969227,1854400,-1.781,-4.964,1.613,186.1,74.2,163.8,12.7,-11.4,-17.9,0.280068361,0.0217291787,0.314188055,-0.906826991
787,1971781,1854400,-2.42,-4.741,1.758,145.7,67.1,125.5,12.7,-11.4,-17.9,0.282021546,0.0247810297,0.311655019,-0.907010102
788,1974890,1854400,-2.372,-4.199,2.486,59.1,68.9,53.9,12.7,-11.4,-17.9,0.282601398,0.0269173254,0.310892056,-0.90704062
789,1976598,1854400,-1.472,-2.567,3.617,-13.6,76.1,-9,12.7,-11.4,-17.9,0.281899472,0.0282601398,0.3116245,-0.906949065
790,1980059,1854410,-1.073,-1.625,3.549,-44.6,81.1,-35.6,12.7,-11.4,-17.9,0.280678732,0.0293588061,0.313028352,-0.906826991
791,1981636,1854410,-0.903,-0.792,3.186,-44.8,83.9,-24.9,12.7,-11.4,-17.9,0.279641102,0.0305795465,0.314462722,-0.906613361
792,1985050,1854410,-1.116,-0.183,2.596,-41.1,89.1,6.8,12.7,-11.4,-17.9,0.279183325,0.0321359905,0.315805536,-0.90621662
793,1986578,1854410,-1.607,0.592,1.303,-53.1,98.1,36.7,12.7,-11.4,-17.9,0.27927488,0.033967101,0.317423017,-0.905545213
794,1990302,1854420,-1.288,1.242,1.96,-88,109.3,46.8,12.7,-11.4,-17.9,0.279519028,0.0359202857,0.319803461,-0.904568621
795,1991748,1854420,-1.224,0.874,1.604,-126.4,117.3,30.1,12.7,-11.4,-17.9,0.279396954,0.0377208777,0.322977386,-0.903408918
796,1994869,1854420,-0.928,-0.728,1.312,-130.9,105.5,-1.5,12.7,-11.4,-17.9,0.278725547,0.0389721366,0.326212348,-0.902401807
797,1996518,1854420,-0.671,-1.303,1.443,-88.5,75.2,-29,12.7,-11.4,-17.9,0.277687918,0.0397045808,0.328440199,-0.901882992
798,1999359,1854430,-0.451,-1.796,1.591,-18.4,35.7,-39.1,12.7,-11.4,-17.9,0.276680807,0.0400097659,0.329050569,-0.901974548
799,2002345,1854430,-0.417,-2.225,1.67,39.5,8.5,-32.4,12.7,-11.4,-17.9,0.275948363,0.040192877,0.328348643,-0.902432325
800,2005518,1854430,-0.437,-2.602,1.273,71.2,-3.3,-14.1,12.7,-11.4,-17.9,0.275612659,0.0404675436,0.326944792,-0.903042695
801,2006989,1854430,-0.339,-2.439,1.383,76.8,-4.5,3.9,12.7,-11.4,-17.9,0.275673696,0.0408642842,0.325388348,-0.90356151
802,2009995,1854440,-0.283,-2.153,1.424,63.8,0.8,12.5,12.7,-11.4,-17.9,0.275856807,0.0413525803,0.324137089,-0.903927732
803,2011593,1854440,-0.203,-1.872,1.417,43.1,8.7,7.3,14.7,-13.4,-17.5,0.275856807,0.0418408765,0.323313089,-0.90417188
804,2014423,1854440,0.037,-1.402,1.3,24.5,16.6,-3.2,14.7,-13.4,-17.5,0.275673696,0.0422681356,0.322946867,-0.904354991
805,2017345,1854440,0.154,-1.236,1.249,12.9,22.2,-11.3,14.7,-13.4,-17.5,0.275307474,0.0427259133,0.322824793,-0.904507584
806,2020412,1854450,0.256,-1.077,1.285,7.3,25.1,-14.9,14.7,-13.4,-17.5,0.274819178,0.0431531724,0.322855312,-0.904629658
807,2022019,1854450,0.381,-0.754,1.39,4.6,26.4,-15.4,14.7,-13.4,-17.5,0.274330882,0.04361095,0.322916349,-0.904721213
808,2024996,1854450,0.407,-0.585,1.377,3,26.7,-14.8,14.7,-13.4,-17.5,0.273842586,0.0440382092,0.323038423,-0.904812769
809,2026677,1854450,0.405,-0.424,1.334,1.4,26.2,-15.1,14.7,-13.4,-17.5,0.273354289,0.0444654683,0.323191015,-0.904873806
810,2030269,1854460,0.375,-0.31,1.268,0,24.7,-17.3,14.7,-13.4,-17.5,0.272835475,0.0448316904,0.323343608,-0.904965361
811,2031705,1854460,0.228,-0.236,1.162,-1.3,22.4,-20.9,14.7,-13.4,-17.5,0.272255623,0.045106357,0.323526719,-0.905056917
812,2034218,1854460,0.153,-0.242,1.114,-2.8,20.4,-24.4,14.7,-13.4,-17.5,0.271645253,0.0453199866,0.323740349,-0.905148473
813,2037752,1854460,0.109,-0.237,1.068,-6.1,19.1,-26.2,14.7,-13.4,-17.5,0.271004364,0.0455030976,0.323984497,-0.905240028
814,2040086,1854470,0.033,-0.247,0.964,-12.9,18.9,-25.3,14.7,-13.4,-17.5,0.270363475,0.0455946532,0.324381237,-0.905301065
815,2041913,1854470,-0.189,-0.199,0.744,-23,19,-22.8,14.7,-13.4,-17.5,0.269814142,0.0456862087,0.324961089,-0.905240028
816,2044254,1854470,-0.273,-0.186,0.609,-33.6,19,-20.4,14.7,-13.4,-17.5,0.269295328,0.0456862087,0.325785089,-0.905117954
817,2046754,1854470,-0.346,-0.208,0.482,-40.6,17.6,-19.8,14.7,-13.4,-17.5,0.26883755,0.0456862087,0.326700644,-0.904904324
818,2049223,1854480,-0.383,-0.254,0.37,-41.4,14.2,-21,14.7,-13.4,-17.5,0.268349254,0.0455641346,0.327616199,-0.904721213
819,2052761,1854480,-0.333,-0.366,0.24,-36.5,8.7,-22.4,14.7,-13.4,-17.5,0.267891476,0.0453810236,0.32840968,-0.904599139
820,2055142,1854480,-0.27,-0.395,0.235,-28.5,2.1,-22.3,14.7,-13.4,-17.5,0.267464217,0.045106357,0.329020051,-0.904507584
821,2057408,1854480,-0.186,-0.361,0.279,-20.1,-4.4,-20.9,14.7,-13.4,-17.5,0.267097995,0.0447096164,0.329416791,-0.904507584
822,2059634,1854490,-0.112,-0.209,0.386,-12.7,-10.4,-19.1,14.7,-13.4,-17.5,0.26679281,0.0443128758,0.329599902,-0.904538102
823,2061881,1854490,-0.114,-0.119,0.452,-6.3,-15.7,-18.5,14.2,-11,-17.5,0.266548662,0.0438245796,0.329660939,-0.904599139
824,2064519,1854490,-0.141,-0.079,0.516,-0.5,-20,-19.3,14.2,-11,-17.5,0.266304514,0.0433057649,0.329569384,-0.904721213
825,2066690,1854490,-0.184,-0.078,0.56,4.9,-23.6,-21.4,14.2,-11,-17.5,0.266060366,0.0426953948,0.329355754,-0.904904324
826,2070734,1854500,-0.27,-0.252,0.664,10.5,-27,-23.9,14.2,-11,-17.5,0.265755181,0.0420239875,0.329020051,-0.905148473
827,2073060,1854500,-0.296,-0.401,0.716,15.5,-29.9,-26.3,14.2,-11.1,-17.6,0.265449995,0.0413830988,0.328562273,-0.905453658
828,2075481,1854500,-0.313,-0.542,0.76,19.6,-32.5,-28,14.2,-11.1,-17.6,0.265114292,0.0406506546,0.32801294,-0.905789361
829,2077715,1854500,-0.323,-0.66,0.796,22.1,-34.2,-29.3,14.2,-11.1,-17.6,0.26474807,0.0398876919,0.32740257,-0.906125065
830,2079925,1854510,-0.337,-0.773,0.785,22.8,-34.9,-30.7,14.2,-11.1,-17.6,0.264381848,0.0390942106,0.326761681,-0.906491287
831,2082239,1854510,-0.336,-0.75,0.773,21.6,-34.5,-32.9,14.2,-11.6,-17.9,0.263954588,0.0383007294,0.326181829,-0.906888028
832,2084422,1854510,-0.331,-0.691,0.768,19.1,-33.3,-35.8,14.2,-11.6,-17.9,0.263466292,0.0375072481,0.325632496,-0.907223731
833,2086670,1854510,-0.322,-0.605,0.748,16,-31.6,-39,14.2,-11.6,-17.9,0.262916959,0.0366527299,0.325174718,-0.907620472
834,2089284,1854520,-0.276,-0.441,0.739,13,-29.9,-42,14.2,-11.6,-17.9,0.26227607,0.0358897671,0.324777978,-0.907956175
835,2091553,1854520,-0.24,-0.391,0.742,10.7,-28.2,-44.7,14.2,-12.4,-18,0.261574145,0.0350657674,0.324411756,-0.908322398
836,2094668,1854520,-0.2,-0.376,0.733,9.6,-26.6,-47.3,14.2,-12.4,-18,0.260811182,0.0342112491,0.324106571,-0.90868862
837,2096549,1854520,-0.086,-0.426,0.722,9.9,-25.3,-49.7,14.2,-12.4,-18,0.260017701,0.0334482864,0.323801386,-0.909054842
838,2100053,1854530,-0.015,-0.467,0.724,11.3,-24.4,-51.9,14.2,-12.4,-18,0.259132664,0.0326548051,0.3234962,-0.909451582
839,2101649,1854530,0.055,-0.511,0.734,13,-23.7,-53.9,14.2,-12.4,-18,0.258217109,0.0318918424,0.323129978,-0.909848323
840,2104402,1854530,0.11,-0.548,0.756,14.3,-22.9,-55.3,14.2,-12.4,-18,0.257271035,0.0311288797,0.322733238,-0.910275582
841,2108333,1854530,0.206,-0.554,0.801,14.3,-21.6,-56.3,14.2,-12.4,-18,0.256294443,0.0303659169,0.322397534,-0.910702841
842,2109784,1854540,0.218,-0.531,0.816,13,-19.6,-57.1,14.2,-12.4,-18,0.255287332,0.0296639912,0.322061831,-0.9111301
843,2112088,1854540,0.211,-0.487,0.82,10.6,-17,-58,14.6,-12.5,-17.6,0.254249702,0.028931547,0.321787164,-0.91155736
844,2114294,1854540,0.184,-0.443,0.82,7,-13.8,-59.2,14.6,-12.5,-17.6,0.253181555,0.0283211768,0.321604053,-0.911923582
845,2117806,1854540,0.094,-0.351,0.826,2.8,-10.4,-60.9,14.6,-12.5,-17.6,0.252021851,0.0277108066,0.321543016,-0.912289804
846,2120087,1854550,0.058,-0.331,0.823,-1.5,-7,-62.8,14.6,-12.5,-17.6,0.250831629,0.0271004364,0.321573534,-0.912625507
847,2122297,1854550,0.011,-0.329,0.821,-5.6,-3.9,-64.7,14.3,-12.8,-18,0.24958037,0.0265511032,0.321695608,-0.912961211
848,2124555,1854550,-0.032,-0.34,0.818,-9.5,-1.3,-66.3,14.3,-12.8,-18,0.248268075,0.0260017701,0.321909238,-0.913235878
849,2126818,1854550,-0.077,-0.426,0.812,-13.3,0.8,-67.7,14.3,-12.8,-18,0.24692526,0.0254829554,0.322214423,-0.913510544
850,2129190,1854560,-0.082,-0.485,0.792,-16.7,2.6,-68.9,14.3,-12.8,-18,0.245521409,0.0249031037,0.322611164,-0.913754692
851,2131908,1854560,-0.079,-0.563,0.773,-19.8,3.9,-70.1,15,-12,-18,0.244117557,0.0244148076,0.323068941,-0.91399884
852,2135106,1854560,-0.062,-0.729,0.703,-21.9,4.9,-71.2,15,-12,-18,0.242683187,0.0238959929,0.323557237,-0.91421247
853,2136881,1854560,-0.044,-0.808,0.671,-22.8,5.5,-72.5,15,-12,-18,0.24118778,0.0233771783,0.324076052,-0.914426099
854,2139106,1854570,-0.017,-0.864,0.624,-22.3,5.9,-73.6,15,-12,-18,0.239692373,0.0228278451,0.324594867,-0.914670248
855,2141825,1854570,0.009,-0.9,0.592,-20.7,6.1,-74.6,15.1,-11,-17.9,0.238166448,0.0223395489,0.325083163,-0.914914396
856,2145110,1854570,0.036,-0.896,0.521,-18.6,6,-75.2,15.1,-11,-17.9,0.236640522,0.0218512528,0.325510422,-0.915158544
857,2146891,1854570,0.048,-0.869,0.493,-16.7,5.5,-75.6,15.1,-11,-17.9,0.235084078,0.0213324381,0.325907163,-0.91543321
858,2149266,1854580,0.065,-0.842,0.489,-14.8,4.9,-75.6,15.1,-11,-17.9,0.233558153,0.0208136235,0.326273385,-0.915707877
859,2151985,1854580,0.065,-0.807,0.473,-12.7,3.9,-75.3,15.1,-11,-17.9,0.232032228,0.0202642903,0.32657857,-0.915982543
860,2155190,1854580,0.086,-0.729,0.453,-10.2,2.5,-74.6,15.1,-11,-17.9,0.230506302,0.0197454756,0.326853236,-0.916287729
861,2156695,1854580,0.09,-0.697,0.433,-7.4,0.9,-73.5,15.1,-11,-17.9,0.229041414,0.019226661,0.327036348,-0.916623432
862,2159786,1854590,0.103,-0.67,0.421,-4.2,-0.8,-72.1,15.1,-11,-17.9,0.227607044,0.0186773278,0.327127903,-0.916928617
863,2161855,1854590,0.139,-0.643,0.42,-0.6,-2.8,-70.4,15.7,-9.7,-18.5,0.226233711,0.0180669576,0.327158422,-0.917294839
864,2165130,1854590,0.17,-0.644,0.415,3.6,-5.2,-68.6,15.7,-9.7,-18.5,0.224890896,0.0175176244,0.327097385,-0.917661061
865,2167439,1854590,0.194,-0.649,0.407,8.4,-7.9,-66.3,15.7,-9.7,-18.5,0.223609119,0.0169377728,0.326914274,-0.918027284
866,2170076,1854600,0.23,-0.657,0.39,13.5,-11,-63.6,15.7,-9.7,-18.5,0.222418897,0.0163274026,0.326609088,-0.918454543
867,2172347,1854600,0.321,-0.675,0.419,18.3,-14.2,-60.6,15.5,-9.1,-18.5,0.221289712,0.0156865139,0.326181829,-0.918881802
868,2174146,1854600,0.352,-0.684,0.422,23,-17.3,-57.7,15.5,-9.1,-18.5,0.220252083,0.0150456252,0.325663015,-0.919339579
869,2176831,1854600,0.404,-0.704,0.448,27.5,-20.1,-55,15.5,-9.1,-18.5,0.219275491,0.014374218,0.325022126,-0.919797357
870,2180342,1854610,0.487,-0.714,0.473,32.1,-22.6,-52.4,15.5,-9.1,-18.5,0.218359935,0.0137028108,0.324289682,-0.920285653
871,2182603,1854610,0.828,-0.761,0.46,36.6,-25,-49.7,15.5,-9.3,-19,0.217535936,0.0130314035,0.323465682,-0.920773949
872,2184174,1854610,0.954,-0.804,0.465,41,-27.1,-47.3,15.5,-9.3,-19,0.216772973,0.0123294778,0.322519608,-0.921292764
873,2188244,1854610,0.962,-0.831,0.496,44.8,-28.8,-45.9,15.5,-9.3,-19,0.216040529,0.0116580706,0.321481979,-0.921842097
874,2190137,1854620,0.93,-0.878,0.536,48.3,-29.7,-44.9,15.5,-9.3,-19,0.215338603,0.0109561449,0.320383312,-0.92239143
875,2191758,1854620,1.007,-0.985,0.534,52.2,-29.6,-42.1,15.7,-9.5,-18.7,0.214667196,0.0103152562,0.319193091,-0.922971282
876,2194486,1854620,1.058,-1.046,0.557,57.1,-29.3,-35.8,15.7,-9.5,-18.7,0.214148381,0.00973540452,0.317911313,-0.923551134
877,2197858,1854620,1.097,-1.117,0.622,63,-29.5,-26.4,15.7,-9.5,-18.7,0.213812677,0.00927762688,0.316507462,-0.924100467
878,2200445,1854630,1.183,-1.237,0.745,70.2,-30.1,-15.7,15.7,-9.5,-18.7,0.213690603,0.00888088626,0.314920499,-0.924680319
879,2202809,1854630,1.222,-1.289,0.76,79,-30.5,-4.5,15.7,-9.5,-18.7,0.213782159,0.00860621967,0.313241981,-0.925229652
880,2205096,1854630,1.254,-1.313,0.755,88.1,-30.6,6.8,15.7,-9.5,-18.7,0.214087344,0.00842310862,0.311319315,-0.925809503
881,2206994,1854630,1.282,-1.302,0.719,94.7,-30.3,18.6,15.7,-9.5,-18.7,0.214667196,0.00839259011,0.309244057,-0.926358837
882,2209362,1854640,1.326,-1.232,0.644,96.2,-29.6,30.5,15.7,-9.5,-18.7,0.215460677,0.00845362712,0.307168798,-0.926877651
883,2212589,1854640,1.33,-1.17,0.597,91.7,-28.6,42.5,14.9,-10.5,-16.3,0.216498306,0.00857570116,0.305154576,-0.92730491
884,2214803,1854640,1.323,-1.111,0.561,82.5,-27,54.3,14.9,-10.5,-16.3,0.217780084,0.00878933073,0.303353984,-0.927610096
885,2216746,1854640,1.296,-1.051,0.527,70.7,-25,65.3,14.9,-10.5,-16.3,0.219244972,0.00906399731,0.30179754,-0.927762688
886,2220869,1854650,1.266,-0.932,0.508,58.3,-22.1,75.2,14.9,-10.5,-16.3,0.220892972,0.00936918241,0.300485244,-0.927793207
887,2221811,1854650,1.231,-0.892,0.524,46.7,-18.5,83.9,14.5,-11.4,-15.2,0.222724082,0.00979644154,0.299417096,-0.927701651
888,2225460,1854650,1.172,-0.879,0.491,36.2,-14.6,92.1,14.5,-11.4,-15.2,0.224677267,0.0102542192,0.298593097,-0.927488021
889,2227627,1854650,1.132,-0.874,0.472,27,-10.9,100.6,14.5,-11.4,-15.2,0.226752525,0.0108340709,0.297982727,-0.927152318
890,2229850,1854660,1.06,-0.9,0.49,18.8,-7.6,109.4,14.5,-11.4,-15.2,0.229010895,0.0114749596,0.297524949,-0.926725059
891,2232091,1854660,1.024,-0.927,0.51,12,-4.5,117.8,14.3,-11.1,-15.1,0.231421857,0.0122074038,0.297219764,-0.926236763
892,2234271,1854660,0.992,-0.958,0.507,6.5,-1.9,124.9,14.3,-11.1,-15.1,0.233954894,0.013000885,0.297067171,-0.925626392
893,2236581,1854660,0.927,-1.027,0.525,2.5,0.2,130.5,14.3,-11.1,-15.1,0.236610004,0.0138859218,0.296975616,-0.924985504
894,2239336,1854670,0.911,-1.05,0.525,-0.2,1.9,134.8,14.3,-11.1,-15.1,0.239295633,0.0148014771,0.296945097,-0.924283578
895,2243176,1854670,0.879,-1.061,0.538,-2.1,3.1,138,13.5,-11.7,-14.6,0.242072817,0.0157475509,0.296945097,-0.923551134
896,2245359,1854670,0.84,-1.072,0.551,-2.8,3.8,140.9,13.5,-11.7,-14.6,0.24488052,0.0167241432,0.296975616,-0.922757653
897,2247645,1854670,0.761,-1.054,0.576,-2.1,4.3,143.9,13.5,-11.7,-14.6,0.24774926,0.0177007355,0.297006134,-0.92199469
898,2249233,1854680,0.717,-1.038,0.605,0.2,4.6,147.5,13.5,-11.7,-14.6,0.250679037,0.0187688833,0.296945097,-0.92117069
899,2252701,1854680,0.69,-1.017,0.602,4,4.6,151.1,13.5,-11.7,-14.6,0.253700369,0.0198675497,0.296853542,-0.920377209
900,2254246,1854680,0.655,-0.989,0.622,8.9,4.1,154.4,13.5,-11.7,-14.6,0.25675222,0.0209967345,0.296609394,-0.919553209
901,2256807,1854680,0.6,-0.933,0.635,14.8,3.1,157.3,13.5,-11.7,-14.6,0.259895627,0.0221564379,0.29627369,-0.918790246
902,2259190,1854690,0.577,-0.905,0.635,21.5,1.7,159.7,13.5,-11.7,-14.6,0.263069552,0.0233161412,0.295754875,-0.917996765
903,2262498,1854690,0.549,-0.873,0.644,28.4,0,161.6,12,-12.3,-16.2,0.266304514,0.0245368816,0.295113987,-0.917264321
904,2264779,1854690,0.51,-0.825,0.668,35.4,-1.7,163.2,12,-12.3,-16.2,0.269539476,0.025757622,0.294289987,-0.916531877
905,2266982,1854690,0.511,-0.789,0.676,42.2,-3.4,164.3,12,-12.3,-16.2,0.272835475,0.0269783624,0.293343913,-0.915829951
906,2270139,1854700,0.507,-0.765,0.684,48.8,-4.8,165.1,12,-12.3,-16.2,0.276131474,0.0282601398,0.292245247,-0.915158544
907,2271872,1854700,0.52,-0.707,0.687,54.7,-6.1,165.4,11.7,-13.1,-16.1,0.279427473,0.0295419172,0.290993988,-0.914487136
908,2274562,1854700,0.521,-0.683,0.691,59.5,-7.1,165.4,11.7,-13.1,-16.1,0.28275399,0.0307626576,0.289651173,-0.913876766
909,2276828,1854700,0.525,-0.648,0.699,63,-7.9,165.5,11.7,-13.1,-16.1,0.286049989,0.0320749535,0.288247322,-0.913235878
910,2279984,1854710,0.522,-0.628,0.691,65.5,-8.1,165.8,11.7,-13.1,-16.1,0.289345988,0.0333567309,0.286782434,-0.912625507
911,2281751,1854710,0.53,-0.597,0.69,67,-7.9,166.1,11.1,-13.8,-17.1,0.292672506,0.0346690268,0.285256508,-0.911984619
912,2284279,1854710,0.538,-0.55,0.671,67.4,-7.4,166.2,11.1,-13.8,-17.1,0.295968505,0.0359813227,0.283730583,-0.91134373
913,2287555,1854710,0.543,-0.527,0.666,66.4,-6.7,165.9,11.1,-13.8,-17.1,0.299264504,0.0372936186,0.282235176,-0.910672323
914,2289159,1854720,0.539,-0.507,0.651,64,-5.7,165.3,11.1,-13.8,-17.1,0.302529984,0.0386059145,0.280800806,-0.910000916
915,2291817,1854720,0.532,-0.475,0.651,60.2,-4.2,164.3,10.2,-14.3,-18,0.305764946,0.0399487289,0.279427473,-0.909268471
916,2294705,1854720,0.497,-0.431,0.648,55.6,-2.2,162.9,10.2,-14.3,-18,0.308938871,0.0412610248,0.278176214,-0.908536027
917,2298023,1854720,0.473,-0.423,0.645,50.3,0.2,161.3,10.2,-14.3,-18,0.312112796,0.0426038392,0.277016511,-0.907742546
918,2300130,1854730,0.453,-0.411,0.633,44.3,3.1,159.7,10.2,-14.3,-18,0.315195166,0.0439161351,0.2760094,-0.906918546
919,2301844,1854730,0.41,-0.39,0.638,37.6,6.3,158,10.2,-14.3,-18,0.318247017,0.0452589496,0.275154881,-0.906033509
920,2304930,1854730,0.374,-0.377,0.647,30.3,9.5,156.4,10.2,-14.3,-18,0.321268349,0.046601764,0.274483474,-0.905117954
921,2307353,1854730,0.346,-0.381,0.652,22.7,12.7,154.8,10.2,-14.3,-18,0.324198126,0.0479445784,0.27396466,-0.904141362
922,2310278,1854740,0.315,-0.376,0.66,14.9,15.8,152.8,10.2,-14.3,-18,0.327127903,0.0492568743,0.273598437,-0.903134251
923,2312429,1854740,0.243,-0.374,0.666,6.8,18.7,150.4,9.1,-14.7,-16.7,0.329966124,0.0505691702,0.273445845,-0.902066103
924,2314886,1854740,0.208,-0.366,0.671,-1.5,21.4,147.4,9.1,-14.7,-16.7,0.332743309,0.0518814661,0.273476363,-0.900967437
925,2316759,1854740,0.16,-0.368,0.676,-10.2,24.1,144,9.1,-14.7,-16.7,0.335428938,0.053132725,0.273689993,-0.899838252
926,2320141,1854750,0.113,-0.359,0.681,-19,26.5,140.5,9.1,-14.7,-16.7,0.338053529,0.0543534654,0.274086734,-0.898678549
927,2321843,1854750,0.041,-0.374,0.707,-27.3,28.8,136.9,8.5,-14.7,-16.9,0.340586566,0.0555436872,0.274666585,-0.897457808
928,2325128,1854750,-0.013,-0.384,0.712,-34.6,31,133.3,8.5,-14.7,-16.9,0.343058565,0.0566728721,0.275429548,-0.896206549
929,2327537,1854750,-0.057,-0.395,0.721,-40.6,32.7,130.1,8.5,-14.7,-16.9,0.345439009,0.0578020569,0.276284066,-0.89495529
930,2329630,1854760,-0.097,-0.417,0.734,-45.1,34,126.9,8.5,-14.7,-16.9,0.347788934,0.0588702048,0.277260659,-0.893673513
931,2331942,1854760,-0.181,-0.451,0.756,-48.2,34.6,124,8.5,-14.7,-17,0.350047304,0.0599688711,0.278298288,-0.892391736
932,2334283,1854760,-0.217,-0.462,0.765,-49.9,34.6,121.1,8.5,-14.7,-17,0.352275155,0.0609759819,0.279396954,-0.891109958
933,2336913,1854760,-0.249,-0.469,0.777,-50.8,34.3,118.2,8.5,-14.7,-17,0.354411451,0.0619830927,0.280495621,-0.889858699
934,2339152,1854770,-0.305,-0.495,0.787,-51.1,33.7,115.2,8.5,-14.7,-17,0.356517228,0.0629291665,0.281594287,-0.88860744
935,2342166,1854770,-0.336,-0.502,0.792,-50.8,33,112,8.3,-14.4,-17,0.358561968,0.0638752403,0.282662435,-0.887356182
936,2344476,1854770,-0.356,-0.51,0.796,-50,32.2,108.7,8.3,-14.4,-17,0.360545671,0.0647907956,0.283730583,-0.88616596
937,2347091,1854770,-0.376,-0.525,0.808,-48.1,31.4,105.2,8.3,-14.4,-17,0.362437819,0.0656453139,0.284768212,-0.884975738
938,2349639,1854780,-0.396,-0.548,0.84,-45.1,30.6,101.7,8.3,-14.4,-17,0.364268929,0.0664998321,0.285744804,-0.883846553
939,2351921,1854780,-0.392,-0.556,0.86,-40.8,29.5,98.2,8.3,-14.4,-17,0.366039003,0.0673848689,0.286599322,-0.882778405
940,2354647,1854780,-0.392,-0.568,0.895,-35.4,28.3,95.1,8.3,-14.4,-17,0.367748039,0.0682393872,0.287392804,-0.881740776
941,2356793,1854780,-0.376,-0.564,0.926,-29.4,27.1,92.2,8.3,-14.4,-17,0.369396039,0.0690939055,0.288033692,-0.880764183
942,2360140,1854790,-0.36,-0.564,0.988,-23.2,26.2,89.7,8.3,-14.4,-17,0.370983001,0.0699789422,0.288552507,-0.879848628
943,2361760,1854790,-0.344,-0.561,1.015,-17.1,25.6,87.4,8.6,-15.2,-17.4,0.372539445,0.0708944975,0.288949248,-0.87899411
944,2364366,1854790,-0.336,-0.557,1.034,-11.6,25.4,85.2,8.6,-15.2,-17.4,0.374034852,0.0718100528,0.289254433,-0.878200629
945,2367495,1854790,-0.336,-0.545,1.038,-6.6,25.7,83.2,8.6,-15.2,-17.4,0.375469222,0.0727866451,0.289468062,-0.877437666
946,2369294,1854800,-0.324,-0.545,1.049,-2.1,26.2,81.2,8.6,-15.2,-17.4,0.376873074,0.0737937559,0.289590136,-0.876705222
947,2371608,1854800,-0.312,-0.534,1.06,1.8,27.1,79,8.6,-15,-17.6,0.378185369,0.0748008667,0.289651173,-0.876033815
948,2375060,1854800,-0.303,-0.526,1.088,5.7,28.1,76.5,8.6,-15,-17.6,0.379467147,0.0758995331,0.289651173,-0.875392926
949,2376834,1854800,-0.311,-0.502,1.092,8.9,29.2,74,8.6,-15,-17.6,0.380687887,0.0769981994,0.289590136,-0.874782556
950,2379074,1854810,-0.315,-0.491,1.092,11.4,30.7,71.4,8.6,-15,-17.6,0.381847591,0.0781273843,0.289498581,-0.874202704
951,2382557,1854810,-0.323,-0.475,1.068,12.6,32.4,69,8.3,-15.1,-17.4,0.382915738,0.0792870876,0.289407025,-0.873653371
952,2384377,1854810,-0.338,-0.459,1.038,12.4,34.6,66.5,8.3,-15.1,-17.4,0.383953368,0.0804773095,0.289345988,-0.873104038
953,2386832,1854810,-0.37,-0.419,0.984,11,37.1,63.9,8.3,-15.1,-17.4,0.38492996,0.0816370128,0.289345988,-0.872585223
954,2390229,1854820,-0.389,-0.399,0.957,8.5,39.8,61,8.3,-15.1,-17.4,0.385814997,0.0828882717,0.289407025,-0.872066408
955,2391738,1854820,-0.413,-0.375,0.938,5.2,42.3,57.8,8.4,-14.9,-17.2,0.386638997,0.0840784936,0.289529099,-0.871517075
956,2394979,1854820,-0.433,-0.354,0.915,1.3,44.7,54.7,8.4,-14.9,-17.2,0.387401959,0.085299234,0.289803766,-0.87099826
957,2396775,1854820,-0.48,-0.302,0.861,-2.9,47,51.6,8.4,-14.9,-17.2,0.388073366,0.0865199744,0.290169988,-0.870448927
958,2399241,1854830,-0.499,-0.278,0.838,-7.8,49.1,48.4,8.4,-14.9,-17.2,0.388714255,0.0876796777,0.290627766,-0.869899594
959,2402646,1854830,-0.511,-0.258,0.827,-13.3,51,45.2,8.4,-14.9,-17.2,0.389263588,0.0888393811,0.291238136,-0.869319742
960,2404091,1854830,-0.535,-0.23,0.816,-19.5,52.6,41.9,8.4,-14.9,-17.2,0.389751885,0.0899380474,0.29197058,-0.868739891
961,2406649,1854830,-0.594,-0.198,0.786,-26.4,53.9,38.8,8.4,-14.9,-17.2,0.390209662,0.0909756767,0.292855617,-0.868129521
962,2410072,1854840,-0.625,-0.177,0.767,-33.8,55.4,35.9,8.4,-14.9,-17.2,0.390606403,0.0919522691,0.293893246,-0.867488632
963,2411675,1854840,-0.649,-0.149,0.76,-41.7,56.9,33.1,8.5,-15,-18,0.390942106,0.0928678243,0.295113987,-0.866817225
964,2414270,1854840,-0.728,-0.128,0.77,-50.2,58.2,30.1,8.5,-15,-18,0.391247291,0.0937528611,0.29648732,-0.866145817
965,2417638,1854840,-0.752,-0.127,0.77,-58.6,59.5,26.8,8.5,-15,-18,0.39149144,0.0945463424,0.298043764,-0.865413373
966,2419095,1854850,-0.783,-0.127,0.787,-66.4,60.7,23.6,8.5,-15,-18,0.391674551,0.0952787866,0.299783319,-0.86465041
967,2422306,1854850,-0.839,-0.141,0.823,-77.9,62.1,17.3,8.6,-15,-17.9,0.391979736,0.096499527,0.3014008,-0.863795892
968,2424429,1854850,-0.859,-0.156,0.84,-77.9,62.1,17.3,8.6,-15,-17.9,0.392040773,0.0971098972,0.303353984,-0.863002411
969,2426680,1854850,-0.891,-0.171,0.848,-81.9,62.1,13.9,8.6,-15,-17.9,0.392071291,0.0976592303,0.305398724,-0.86220893
970,2429247,1854860,-0.923,-0.194,0.853,-85.6,61.4,10.3,8.6,-15,-17.9,0.392040773,0.098178045,0.307504501,-0.861415448
971,2432600,1854860,-0.947,-0.213,0.85,-89.4,60.5,6.8,8.5,-14.4,-18.1,0.391949217,0.0985747856,0.309701834,-0.860621967
972,2434155,1854860,-0.987,-0.244,0.847,-93.1,59.4,3.4,8.5,-14.4,-18.1,0.391827143,0.0989410077,0.311960204,-0.859828486
973,2436710,1854860,-1.003,-0.259,0.855,-96.3,58.3,0.3,8.5,-14.4,-18.1,0.391644032,0.0992156743,0.314249092,-0.859065523
974,2440076,1854870,-1.011,-0.267,0.856,-98.4,57.2,-2.6,8.5,-14.4,-18.1,0.391399884,0.0994293039,0.316599017,-0.858272042
975,2441650,1854870,-1.015,-0.278,0.883,-99.3,55.7,-5.4,8.7,-14.1,-18.2,0.391094699,0.0995818964,0.318948943,-0.857509079
976,2444266,1854870,-1.011,-0.282,0.91,-98.9,53.9,-7.8,8.7,-14.1,-18.2,0.390820032,0.0996734519,0.321268349,-0.856776635
977,2447643,1854870,-1.023,-0.274,0.934,-97.5,52,-9.7,8.7,-14.1,-18.2,0.390484329,0.0997650075,0.323557237,-0.856044191
978,2449302,1854880,-1.035,-0.27,0.958,-94.9,50.4,-11.2,8.7,-14.1,-18.2,0.390118107,0.099795526,0.325785089,-0.855372784
979,2452213,1854880,-1.058,-0.246,0.986,-91.6,49.4,-12.5,9,-13.6,-18.8,0.389751885,0.099856563,0.327921384,-0.854701376
980,2454068,1854880,-1.062,-0.242,0.998,-87.8,48.9,-14,9,-13.6,-18.8,0.389324625,0.0999176,0.330027161,-0.854091006
981,2457647,1854880,-1.061,-0.226,0.994,-84.2,48.5,-16.1,9,-13.6,-18.8,0.388866848,0.100009156,0.332041383,-0.853511155
982,2459335,1854890,-1.073,-0.222,0.982,-80.9,48.2,-18.8,9,-13.6,-18.8,0.388317515,0.100070193,0.333994568,-0.85299234
983,2461797,1854890,-1.101,-0.221,0.952,-77.6,47.6,-21.9,7.1,-13.1,-18.9,0.387737663,0.10013123,0.335886715,-0.852504044
984,2465132,1854890,-1.113,-0.229,0.948,-74.1,47,-25.1,7.1,-13.1,-18.9,0.387096774,0.100192267,0.337717826,-0.852076785
985,2466621,1854890,-1.125,-0.232,0.937,-70,46.3,-28.3,7.1,-13.1,-18.9,0.38636433,0.100253304,0.339487899,-0.851680044
986,2469242,1854900,-1.133,-0.236,0.925,-65.5,45.7,-31.7,7.1,-13.1,-18.9,0.385601367,0.100314341,0.341135899,-0.851374859
987,2472627,1854900,-1.141,-0.224,0.898,-60.8,45,-35,6.6,-13.2,-19.2,0.384746849,0.100405896,0.342722861,-0.851100192
988,2474245,1854900,-1.149,-0.224,0.871,-56.5,44.4,-38.6,6.6,-13.2,-19.2,0.383800775,0.100466933,0.344218268,-0.850917081
989,2476740,1854900,-1.157,-0.212,0.848,-52.9,43.8,-42.2,6.6,-13.2,-19.2,0.382824183,0.100497452,0.345683157,-0.850764489
990,2480163,1854910,-1.177,-0.184,0.805,-49.9,43.4,-45.9,6.6,-13.2,-19.2,0.381725517,0.100558489,0.34705649,-0.850672933
991,2481714,1854910,-1.189,-0.172,0.786,-47.2,43.2,-49.7,7,-12.9,-19.1,0.380596332,0.100589007,0.348429823,-0.850642415
992,2484869,1854910,-1.201,-0.16,0.778,-44.6,43,-53.3,7,-12.9,-19.1,0.379375591,0.100589007,0.3497116,-0.850642415
993,2486593,1854910,-1.205,-0.152,0.763,-42.2,42.8,-56.5,7,-12.9,-19.1,0.378093814,0.100619526,0.350993377,-0.850703452
994,2489364,1854920,-1.208,-0.125,0.755,-40.4,42.4,-59.3,7,-12.9,-19.1,0.376750999,0.100619526,0.352214118,-0.850795007
995,2492447,1854920,-1.208,-0.109,0.739,-39.3,41.9,-61.7,7.1,-12.4,-19.4,0.375347148,0.100589007,0.353434858,-0.850886563
996,2494184,1854920,-1.204,-0.097,0.739,-39,41.4,-64,7.1,-12.4,-19.4,0.373943297,0.100558489,0.35462508,-0.851039155
997,2497680,1854920,-1.2,-0.097,0.735,-39.6,41.2,-66.2,7.1,-12.4,-19.4,0.372478408,0.100466933,0.35584582,-0.851161229
998,2499238,1854930,-1.192,-0.086,0.747,-41,40.9,-68.6,7.1,-12.4,-19.4,0.370983001,0.100375378,0.357097079,-0.851313822
999,2502264,1854930,-1.18,-0.074,0.758,-43.1,40.8,-70.9,11.6,-13.6,-19.6,0.369426557,0.100192267,0.358378857,-0.851466414
1000,2505171,1854930,-1.179,-0.066,0.758,-45.9,40.8,-73,11.6,-13.6,-19.6,0.367839595,0.100039674,0.359721671,-0.851588488
1001,2506776,1854930,-1.168,-0.067,0.754,-49.4,40.8,-74.8,11.6,-13.6,-19.6,0.366252632,0.0998260445,0.361125523,-0.851710562
1002,2509078,1854940,-1.163,-0.063,0.765,-53.6,40.9,-76.3,11.6,-13.6,-19.6,0.364635151,0.0995513779,0.36262093,-0.851832636
1003,2512212,1854940,-1.156,-0.063,0.761,-58.3,40.9,-77.5,10.3,-10,-19.5,0.362987152,0.0992156743,0.364207892,-0.851893674
1004,2515226,1854940,-1.156,-0.071,0.761,-63.3,41,-78.3,10.3,-10,-19.5,0.361339152,0.0988799707,0.365855892,-0.851924192
1005,2516748,1854940,-1.144,-0.091,0.769,-68.3,41,-78.7,10.3,-10,-19.5,0.359691153,0.0984832301,0.367625965,-0.851893674
1006,2519104,1854950,-1.136,-0.091,0.769,-73.2,40.8,-78.3,10.3,-10,-19.5,0.358073672,0.0980254524,0.369487594,-0.851832636
1007,2521689,1854950,-1.132,-0.099,0.765,-78,40.6,-77.5,11.9,-9.9,-19.6,0.356456191,0.0975371563,0.37141026,-0.851710562
1008,2525122,1854950,-1.124,-0.107,0.772,-82.8,40.4,-76.4,11.9,-9.9,-19.6,0.354899747,0.0970183416,0.373424482,-0.85155797
1009,2526777,1854950,-1.105,-0.151,0.788,-87.8,40.3,-75.1,11.9,-9.9,-19.6,0.353343303,0.096499527,0.375530259,-0.85134434
1010,2529068,1854960,-1.098,-0.178,0.803,-92.9,40.2,-73.6,11.9,-9.9,-19.6,0.351847896,0.0959196753,0.377727592,-0.851039155
1011,2532473,1854960,-1.086,-0.214,0.811,-97.5,40.3,-72,13,-8.7,-19.8,0.350383007,0.0953093051,0.379985961,-0.850703452
1012,2534178,1854960,-1.083,-0.249,0.83,-101.1,40.2,-70.2,13,-8.7,-19.8,0.348948637,0.0946989349,0.382305368,-0.850306711
1013,2537718,1854960,-1.052,-0.329,0.857,-103.6,40.1,-68,13,-8.7,-19.8,0.347575304,0.0940885647,0.384685812,-0.849879452
1014,2539240,1854970,-1.033,-0.368,0.864,-105.3,39.5,-65.7,13,-8.7,-19.8,0.34623249,0.0934781945,0.387066256,-0.849421674
1015,2542313,1854970,-1.013,-0.396,0.872,-106.7,38.6,-63.3,13.3,-8.3,-20,0.344950713,0.0928678243,0.389477218,-0.84890286
1016,2545115,1854970,-1.01,-0.447,0.887,-107.7,37.7,-60.7,13.3,-8.3,-20,0.343729972,0.0922269356,0.391857662,-0.848384045
1017,2546609,1854970,-1.006,-0.471,0.891,-108.3,36.9,-57.9,13.3,-8.3,-20,0.34253975,0.0916165654,0.394268624,-0.847804193
1018,2549631,1854980,-1.006,-0.483,0.895,-108.2,36.4,-54.6,13.3,-8.3,-20,0.341441084,0.0910061953,0.396649068,-0.847193823
1019,2551638,1854980,-1.003,-0.499,0.895,-107.3,35.9,-51.1,12.6,-9.3,-20.4,0.340403455,0.0904263436,0.398998993,-0.846583453
1020,2554102,1854980,-0.999,-0.507,0.899,-105.3,35.3,-47.2,12.6,-9.3,-20.4,0.339426862,0.0898770104,0.4013184,-0.845942564
1021,2557621,1854980,-0.999,-0.511,0.895,-102.2,34.4,-43.3,12.6,-9.3,-20.4,0.338511307,0.0893887143,0.403515732,-0.845301675
1022,2559155,1854990,-0.991,-0.515,0.899,-98.2,33.4,-39.2,12.6,-9.3,-20.4,0.337687307,0.0889309366,0.405652028,-0.844660787
1023,2561648,1854990,-0.991,-0.523,0.899,-93,32.4,-35.2,13.2,-8.8,-20.3,0.336924345,0.088534196,0.407696768,-0.844019898
1024,2565124,1854990,-0.975,-0.535,0.914,-86.7,31.1,-31.3,13.2,-8.8,-20.3,0.336252937,0.0881679739,0.409558397,-0.843409528
1025,2566637,1854990,-0.964,-0.543,0.918,-79.3,29.8,-27.4,13.2,-8.8,-20.3,0.335612049,0.0878933073,0.411297952,-0.842860195
1026,2569078,1855000,-0.96,-0.559,0.929,-71,28.4,-23.8,13.2,-8.8,-20.3,0.335062716,0.0876796777,0.412854396,-0.84234138
1027,2573112,1855000,-0.936,-0.579,0.933,-61.9,26.9,-20.2,13.3,-9.2,-20.4,0.334574419,0.0875576037,0.414227729,-0.841883602
1028,2574666,1855000,-0.924,-0.579,0.936,-52.3,25.4,-16.9,13.3,-9.2,-20.4,0.334116642,0.0874660482,0.415417951,-0.841486862
1029,2576640,1855000,-0.917,-0.591,0.936,-42.6,23.7,-13.9,13.3,-9.2,-20.4,0.33375042,0.0874660482,0.416394543,-0.841151158
1030,2579967,1855010,-0.909,-0.595,0.936,-32.9,21.9,-11.1,13.3,-9.2,-20.4,0.333384198,0.0874965667,0.417188025,-0.840876492
1031,2581802,1855010,-0.885,-0.58,0.939,-23.7,20.1,-8.5,13.7,-9.8,-20.5,0.333109531,0.0876491592,0.417798395,-0.840693381
1032,2584762,1855010,-0.876,-0.564,0.947,-15.1,18.6,-5.9,13.7,-9.8,-20.5,0.332865383,0.0878322703,0.418195135,-0.840571306
1033,2586574,1855010,-0.876,-0.541,0.943,-7.2,17.4,-3.3,13.7,-9.8,-20.5,0.332651753,0.0880764183,0.418439283,-0.840479751
1034,2590112,1855020,-0.872,-0.506,0.939,0,16.4,-0.7,13.7,-9.8,-20.5,0.332468642,0.0883816034,0.418591876,-0.840449232
1035,2591789,1855020,-0.871,-0.435,0.919,6.3,15.7,1.8,13.4,-10.3,-20.7,0.332346568,0.088717307,0.418591876,-0.840479751
1036,2594110,1855020,-0.874,-0.403,0.895,11.7,15.2,4.5,13.4,-10.3,-20.7,0.332285531,0.0891140477,0.418439283,-0.840510269
1037,2597621,1855020,-0.874,-0.364,0.884,16.1,14.7,7.3,13.4,-10.3,-20.7,0.332255013,0.0895718253,0.418256172,-0.840571306
1038,2599188,1855030,-0.873,-0.333,0.868,19.8,14.4,10.1,13.4,-10.3,-20.7,0.332255013,0.09009064,0.417981506,-0.840662862
1039,2602763,1855030,-0.857,-0.286,0.836,23,13.9,12.7,13.4,-6.7,-19.5,0.33231605,0.0906094546,0.417645802,-0.840754418
1040,2604364,1855030,-0.845,-0.267,0.828,26.1,13.1,15.1,13.4,-6.7,-19.5,0.332438124,0.0911893063,0.417218543,-0.840815455
1041,2606676,1855030,-0.833,-0.259,0.827,29.4,12.2,17.1,13.4,-6.7,-19.5,0.332590716,0.091769158,0.416760765,-0.840968047
1042,2610154,1855040,-0.821,-0.263,0.823,32.7,11.2,18.9,13.4,-6.7,-19.5,0.332743309,0.0923795282,0.416180914,-0.84112064
1043,2611731,1855040,-0.793,-0.268,0.819,35.8,10.3,20.5,13.6,-9.8,-21,0.332956938,0.0930509354,0.415570544,-0.841273232
1044,2614169,1855040,-0.774,-0.28,0.814,38.6,9.6,21.8,13.6,-9.8,-21,0.333201086,0.0936918241,0.414868618,-0.841425825
1045,2616578,1855040,-0.762,-0.288,0.814,40.8,9.2,22.9,13.6,-9.8,-21,0.333445235,0.0943327128,0.414136174,-0.841608936
1046,2620101,1855050,-0.738,-0.297,0.813,41.9,8.9,23.9,13.6,-9.8,-21,0.333719901,0.095065157,0.413403729,-0.841822565
1047,2622172,1855050,-0.734,-0.301,0.809,41.9,8.9,24.8,13.6,-9.7,-20.8,0.334025086,0.0957365642,0.412640767,-0.841975158
1048,2625182,1855050,-0.73,-0.297,0.801,41,9.4,25.6,13.6,-9.7,-20.8,0.334330271,0.0964384899,0.411908322,-0.842158269
1049,2626673,1855050,-0.726,-0.289,0.793,39.4,10.1,26.4,13.6,-9.7,-20.8,0.334635456,0.0971709342,0.411175878,-0.842280343
1050,2629645,1855060,-0.71,-0.266,0.793,37.3,11,27.4,13.6,-9.7,-20.8,0.334940641,0.0978728599,0.410534989,-0.842402417
1051,2632650,1855060,-0.706,-0.258,0.789,34.9,11.8,28.4,13.3,-9.8,-21.1,0.335306864,0.0986053041,0.409894101,-0.842493973
1052,2634203,1855060,-0.706,-0.246,0.777,32.1,12.6,29.3,13.3,-9.8,-21.1,0.335642567,0.0993377483,0.409344768,-0.842524491
1053,2637189,1855060,-0.702,-0.235,0.777,29.1,13.4,30.2,13.3,-9.8,-21.1,0.336008789,0.100070193,0.408856471,-0.842524491
1054,2640155,1855070,-0.69,-0.231,0.773,25.7,14.1,30.9,13.3,-9.8,-21.1,0.33640553,0.100802637,0.408398694,-0.842493973
1055,2641610,1855070,-0.686,-0.231,0.765,22,14.7,31.5,13.4,-8.2,-21,0.336802271,0.101504563,0.408032472,-0.842432936
1056,2644657,1855070,-0.686,-0.243,0.769,18.1,15.2,31.9,13.4,-8.2,-21,0.33722953,0.102206488,0.407757805,-0.84234138
1057,2647739,1855070,-0.666,-0.267,0.764,14.4,15.5,32,13.4,-8.2,-21,0.33762627,0.102877895,0.407513657,-0.842188787
1058,2649088,1855080,-0.671,-0.286,0.761,10.9,15.9,32,13.4,-8.2,-21,0.338053529,0.103549303,0.407361064,-0.842005676
1059,2652583,1855080,-0.663,-0.298,0.761,7.7,16.1,32,13.4,-9,-19,0.338480789,0.104190191,0.407269509,-0.841822565
1060,2654115,1855080,-0.659,-0.326,0.753,4.7,16.3,31.9,13.4,-9,-19,0.338908048,0.104800562,0.40723899,-0.841578417
1061,2657537,1855080,-0.644,-0.362,0.756,2,16.3,31.9,13.4,-9,-19,0.339365825,0.105410932,0.40723899,-0.841334269
1062,2659053,1855090,-0.641,-0.385,0.749,-0.3,16.6,32,13.4,-9,-19,0.339793085,0.105990783,0.407300027,-0.841059603
1063,2662067,1855090,-0.629,-0.417,0.76,-2.2,17,32.1,13.2,-9,-21.2,0.340250862,0.106540117,0.407391583,-0.840754418
1064,2664965,1855090,-0.625,-0.445,0.764,-3.1,17.6,32.3,13.2,-9,-21.2,0.340678121,0.107150487,0.407513657,-0.840449232
1065,2666559,1855090,-0.61,-0.504,0.775,-3.2,18.2,32.5,13.2,-9,-21.2,0.341135899,0.107760857,0.407635731,-0.840113529
1066,2669643,1855100,-0.603,-0.528,0.775,-2.9,18.5,32.6,13.2,-9,-21.2,0.341563158,0.108371227,0.407757805,-0.839808344
1067,2671719,1855100,-0.588,-0.579,0.771,-2.3,18.8,32.8,13.1,-9,-21.1,0.342356639,0.109530931,0.407330546,-0.839533677
1068,2674712,1855100,-0.588,-0.579,0.771,-1.5,19,32.9,13.1,-9,-21.1,0.342783898,0.110141301,0.407422102,-0.839228492
1069,2676596,1855100,-0.593,-0.626,0.76,-0.4,19.1,32.9,13.1,-9,-21.1,0.343211158,0.110782189,0.407483139,-0.838953825
1070,2680354,1855110,-0.593,-0.646,0.756,1,19.2,32.8,13.1,-9,-21.1,0.343638417,0.111423078,0.407544176,-0.83864864
1071,2681812,1855110,-0.593,-0.658,0.756,3.2,19.4,32.8,13.2,-9.1,-21.2,0.344065676,0.112125004,0.407544176,-0.838404492
1072,2685849,1855110,-0.593,-0.689,0.764,6.1,19.7,33,13.2,-9.1,-21.2,0.344492935,0.11282693,0.407483139,-0.838160344
1073,2686634,1855110,-0.59,-0.705,0.768,9.9,20,33.3,13.2,-9.1,-21.2,0.344889676,0.113559374,0.407391583,-0.837946715
1074,2689456,1855120,-0.586,-0.717,0.771,14.5,20.1,33.8,13.2,-9.1,-21.2,0.345286416,0.114322336,0.407177953,-0.837763604
1075,2691937,1855120,-0.586,-0.721,0.76,19.5,20,34.4,13.5,-9.3,-21.1,0.345683157,0.115146336,0.406903287,-0.83764153
1076,2694683,1855120,-0.574,-0.737,0.744,24.7,19.7,34.9,13.5,-9.3,-21.1,0.346110416,0.116000855,0.406506546,-0.837549974
1077,2696980,1855120,-0.571,-0.741,0.732,29.9,19.3,35.4,13.5,-9.3,-21.1,0.346507157,0.11691641,0.40601825,-0.837488937
1078,2699182,1855130,-0.571,-0.745,0.724,34.7,18.8,35.8,13.5,-9.3,-21.1,0.346903897,0.117831965,0.405438398,-0.837458419
1079,2701802,1855130,-0.567,-0.737,0.716,39.1,18.1,36,13.3,-9.8,-20.4,0.347300638,0.11874752,0.404766991,-0.837488937
1080,2704123,1855130,-0.562,-0.713,0.689,43,17.7,36.1,13.3,-9.8,-20.4,0.347697378,0.119724113,0.404004028,-0.837549974
1081,2708023,1855130,-0.562,-0.706,0.681,46.3,17.3,36.4,13.3,-9.8,-20.4,0.348063601,0.120700705,0.403210547,-0.83764153
1082,2710280,1855140,-0.562,-0.686,0.669,49.2,17.1,36.7,13.3,-9.8,-20.4,0.348460341,0.121738334,0.40232551,-0.837763604
1083,2712515,1855140,-0.566,-0.658,0.654,51.5,16.9,37.1,13.2,-10.2,-18.3,0.348857082,0.122775964,0.401409955,-0.837885678
1084,2714748,1855140,-0.561,-0.611,0.634,53.3,16.9,37.4,13.2,-10.2,-18.3,0.349253822,0.123813593,0.400463881,-0.838007752
1085,2716905,1855140,-0.553,-0.584,0.622,54.3,16.9,37.9,13.2,-10.2,-18.3,0.349650563,0.124881741,0.399517808,-0.838160344
1086,2719162,1855150,-0.549,-0.565,0.61,54.5,16.9,38.3,13.2,-10.2,-18.3,0.350047304,0.12591937,0.398541215,-0.838282418
1087,2721842,1855150,-0.544,-0.517,0.594,54.1,16.7,38.7,13.1,-10,-16.8,0.350474563,0.127109592,0.397656178,-0.838343455
1088,2724147,1855150,-0.54,-0.502,0.582,53,16.5,39,13.1,-10,-16.8,0.350901822,0.128147221,0.396679586,-0.838465529
1089,2728197,1855150,-0.532,-0.49,0.59,51.4,16.2,39.2,13.1,-10,-16.8,0.351329081,0.129184851,0.395764031,-0.838557085
1090,2730438,1855160,-0.528,-0.479,0.578,49.1,16.1,39.4,13.1,-10,-16.8,0.351786859,0.130191961,0.394878994,-0.83864864
1091,2732702,1855160,-0.516,-0.463,0.562,46.3,16,39.6,13.3,-10.7,-16.3,0.352244636,0.131199072,0.394024476,-0.838679159
1092,2734993,1855160,-0.504,-0.463,0.558,42.8,15.9,39.5,13.3,-10.7,-16.3,0.352702414,0.132145146,0.393261513,-0.838709677
1093,2737925,1855160,-0.496,-0.464,0.553,38.9,15.7,39.2,13.3,-10.7,-16.3,0.353160192,0.133030183,0.392559587,-0.838709677
1094,2740249,1855170,-0.488,-0.468,0.561,34.7,15.5,38.9,13.3,-10.7,-16.3,0.353648488,0.133945738,0.391918699,-0.83864864
1095,2742544,1855170,-0.472,-0.476,0.565,30.1,15.5,38.7,13.2,-10.5,-16.6,0.354136784,0.134800256,0.391369366,-0.838557085
1096,2744648,1855170,-0.46,-0.484,0.564,25.3,15.8,38.5,13.2,-10.5,-16.6,0.35462508,0.135624256,0.390942106,-0.838435011
1097,2747609,1855170,-0.457,-0.5,0.564,20.3,16.1,38.1,13.2,-10.5,-16.6,0.355143895,0.136387219,0.390575884,-0.8382519
1098,2749092,1855180,-0.445,-0.508,0.56,15.1,16.3,37.6,13.2,-10.5,-16.6,0.355632191,0.137119663,0.390301218,-0.83803827
1099,2752296,1855180,-0.441,-0.524,0.564,9.7,16.7,37,12.9,-10.9,-21.1,0.356151006,0.137821589,0.390148625,-0.837794122
1100,2754574,1855180,-0.437,-0.528,0.568,4.4,17.2,36.4,12.9,-10.9,-21.1,0.356639302,0.138492996,0.390087588,-0.837488937
1101,2756695,1855180,-0.433,-0.532,0.568,-0.6,17.8,35.9,12.9,-10.9,-21.1,0.357158116,0.139133885,0.390118107,-0.837153233
1102,2759220,1855190,-0.433,-0.536,0.564,-5.4,18.5,35.5,12.9,-10.9,-21.1,0.357646413,0.139713736,0.390270699,-0.836787011
1103,2762777,1855190,-0.43,-0.544,0.564,-9.8,19.1,35.1,12.7,-11.5,-18.6,0.358165227,0.140293588,0.390484329,-0.836359752
1104,2765046,1855190,-0.426,-0.548,0.564,-13.8,19.6,34.4,12.7,-11.5,-18.6,0.358684042,0.140842921,0.390789514,-0.835901975
1105,2767172,1855190,-0.426,-0.56,0.56,-17.4,20,33.7,12.7,-11.5,-18.6,0.359172338,0.141361736,0.391155736,-0.835444197
1106,2769037,1855200,-0.418,-0.568,0.556,-20.5,20.3,33.1,12.7,-11.5,-18.6,0.359660634,0.141819514,0.391582995,-0.834925382
1107,2773274,1855200,-0.422,-0.575,0.556,-23.3,20.5,32.5,12.4,-11.2,-20,0.36014893,0.14230781,0.392071291,-0.834406568
1108,2775508,1855200,-0.422,-0.579,0.548,-25.5,20.7,32,12.4,-11.2,-20,0.360637226,0.142765587,0.392590106,-0.833887753
1109,2777666,1855200,-0.422,-0.587,0.544,-27.4,20.9,31.2,12.4,-11.2,-20,0.361125523,0.143192846,0.393169958,-0.83333842
1110,2779285,1855210,-0.423,-0.603,0.54,-28.6,21.2,30.6,12.4,-11.2,-20,0.3615833,0.143620106,0.393749809,-0.832789087
1111,2781557,1855210,-0.419,-0.615,0.544,-29.2,21.5,29.8,12.6,-10.9,-20.2,0.362041078,0.144047365,0.394360179,-0.832239753
1112,2784572,1855210,-0.423,-0.623,0.532,-29.4,21.6,29.1,12.6,-10.9,-20.2,0.362468337,0.144444105,0.39497055,-0.83169042
1113,2786661,1855210,-0.423,-0.638,0.54,-29.1,21.6,28.4,12.6,-10.9,-20.2,0.362895596,0.144840846,0.395611438,-0.831141087
1114,2790425,1855220,-0.427,-0.642,0.533,-28.5,21.6,27.6,12.6,-10.9,-20.2,0.363292337,0.145268105,0.39619129,-0.830591754
1115,2792111,1855220,-0.431,-0.638,0.537,-27.4,21.5,26.9,12.6,-11,-20.9,0.363689077,0.145664846,0.396771142,-0.830072939
1116,2794165,1855220,-0.423,-0.634,0.536,-26.2,21.4,26.2,12.6,-11,-20.9,0.3640553,0.146061586,0.397350993,-0.829584643
1117,2797121,1855220,-0.431,-0.638,0.537,-24.8,21.4,25.6,12.6,-11,-20.9,0.364421522,0.146488845,0.397869808,-0.829096347
1118,2800152,1855230,-0.431,-0.638,0.544,-22.9,21.5,25,12.6,-11,-20.9,0.364757225,0.146916105,0.398388623,-0.828608051
1119,2801660,1855230,-0.423,-0.634,0.544,-20.8,21.5,24.5,13,-10.9,-19.1,0.36506241,0.147343364,0.3988464,-0.828180792
1120,2805479,1855230,-0.427,-0.638,0.544,-18.4,21.2,24,13,-10.9,-19.1,0.365367595,0.147801141,0.399273659,-0.827753533
1121,2807768,1855230,-0.423,-0.623,0.536,-15.9,20.7,23.4,13,-10.9,-19.1,0.365672781,0.148258919,0.3996704,-0.827356792
1122,2809370,1855240,-0.427,-0.618,0.536,-13.6,20.2,22.7,13,-10.9,-19.1,0.365947447,0.14865566,0.400006104,-0.82699057
1123,2811694,1855240,-0.427,-0.615,0.533,-11.8,19.7,22,13.2,-10.7,-19.5,0.366222114,0.149143956,0.40028077,-0.826654866
1124,2815183,1855240,-0.431,-0.599,0.529,-10.3,19.3,21.3,13.2,-10.7,-19.5,0.366466262,0.149601733,0.400555437,-0.826319163
1125,2817292,1855240,-0.438,-0.575,0.525,-9.3,19.1,20.7,13.2,-10.7,-19.5,0.36671041,0.150059511,0.400830103,-0.826013977
1126,2819248,1855250,-0.446,-0.563,0.525,-8.5,19,20.2,13.2,-10.7,-19.5,0.366924039,0.150517289,0.401043733,-0.825708792
1127,2821596,1855250,-0.446,-0.563,0.525,-8.5,19,20.2,13.2,-10.7,-19.5,0.366924039,0.150517289,0.401043733,-0.825708792
1128,2825278,1855250,-0.465,-0.512,0.502,-7.4,18.3,19.6,12.9,-10.7,-19.3,0.366985076,0.150852992,0.402081362,-0.825128941
1129,2827173,1855250,-0.465,-0.496,0.498,-7.2,17.8,19.2,12.9,-10.7,-19.3,0.367198706,0.151280251,0.402294992,-0.824854274
1130,2830271,1855260,-0.469,-0.476,0.502,-7.2,17.2,18.8,12.9,-10.7,-19.3,0.367412336,0.151707511,0.402508621,-0.824579608
1131,2831678,1855260,-0.472,-0.468,0.498,-7.3,16.6,18.4,13.2,-10.6,-19.2,0.367625965,0.152104251,0.402691733,-0.824304941
1132,2834684,1855260,-0.472,-0.441,0.498,-7.8,16.1,17.9,13.2,-10.6,-19.2,0.367809076,0.152470473,0.402905362,-0.824060793
1133,2836634,1855260,-0.472,-0.437,0.506,-8.5,15.6,17.4,13.2,-10.6,-19.2,0.368022706,0.152836695,0.40314951,-0.823786126
1134,2839423,1855270,-0.472,-0.429,0.514,-9.5,15.1,16.9,13.2,-10.6,-19.2,0.368236335,0.153202918,0.40336314,-0.82351146
1135,2842491,1855270,-0.472,-0.433,0.514,-10.5,14.6,16.3,12.9,-10.5,-19.3,0.368419446,0.153508103,0.403637806,-0.823236793
1136,2844053,1855270,-0.476,-0.425,0.518,-11.9,14,15.7,12.9,-10.5,-19.3,0.368633076,0.153813288,0.403912473,-0.822962127
1137,2846641,1855270,-0.487,-0.421,0.518,-13.5,13.6,15,12.9,-10.5,-19.3,0.368816187,0.154087954,0.404217658,-0.82268746
1138,2850563,1855280,-0.487,-0.413,0.518,-15.4,13.4,14.3,12.9,-10.5,-19.3,0.369029817,0.154332102,0.404553362,-0.822382275
1139,2852764,1855280,-0.491,-0.409,0.522,-17.4,13.3,13.7,11.5,-10.9,-19.1,0.369212928,0.154515213,0.404919584,-0.82207709
1140,2854991,1855280,-0.503,-0.405,0.522,-19.5,13.3,13.1,11.5,-10.9,-19.1,0.369396039,0.154728843,0.405346843,-0.821741386
1141,2856753,1855280,-0.503,-0.401,0.526,-21.6,13.1,12.5,11.5,-10.9,-19.1,0.36957915,0.154911954,0.405774102,-0.821405683
1142,2859754,1855290,-0.503,-0.397,0.53,-23.8,12.8,11.8,11.5,-10.9,-19.1,0.369762261,0.155064547,0.406262398,-0.82103946
1143,2861643,1855290,-0.507,-0.385,0.538,-26,12.4,11,14.7,-10.6,-19,0.369914853,0.155156102,0.406811731,-0.820703757
1144,2864042,1855290,-0.511,-0.393,0.542,-28.1,12.1,10.1,14.7,-10.6,-19,0.370097964,0.155247658,0.407361064,-0.820307016
1145,2867451,1855290,-0.515,-0.389,0.542,-30.1,11.9,9.1,14.7,-10.6,-19,0.370250557,0.155308695,0.407971435,-0.819940794
1146,2869046,1855300,-0.515,-0.389,0.542,-32,11.7,8.2,14.7,-10.6,-19,0.37040315,0.155308695,0.408612323,-0.819544053
1147,2872791,1855300,-0.519,-0.4,0.558,-33.7,11.7,7.3,14,-10.2,-19.1,0.370555742,0.155339213,0.409283731,-0.819147313
1148,2874332,1855300,-0.523,-0.404,0.566,-35.3,11.5,6.3,14,-10.2,-19.1,0.370677816,0.155308695,0.409985656,-0.818750572
1149,2878411,1855300,-0.519,-0.412,0.573,-36.7,11.4,5.2,14,-10.2,-19.1,0.37079989,0.155247658,0.410718101,-0.818323313
1150,2880262,1855310,-0.523,-0.416,0.577,-38,11.2,4.1,14,-10.2,-19.1,0.370891446,0.155186621,0.411481063,-0.817926572
1151,2881911,1855310,-0.527,-0.435,0.582,-39.1,11.2,3,14.8,-10.2,-19.2,0.370983001,0.155095065,0.412274545,-0.817499313
1152,2884183,1855310,-0.535,-0.439,0.59,-39.9,11.3,1.9,14.8,-10.2,-19.2,0.371044038,0.15500351,0.413068026,-0.817072054
1153,2887842,1855310,-0.543,-0.447,0.598,-40.7,11.4,0.9,14.8,-10.2,-19.2,0.371105075,0.154881436,0.413861507,-0.816675314
1154,2889589,1855320,-0.543,-0.451,0.598,-41,11.5,0,14.8,-10.2,-19.2,0.371135594,0.154759362,0.414685507,-0.816248054
1155,2893313,1855320,-0.555,-0.47,0.61,-41,11.6,-0.9,14.6,-10,-19.2,0.371135594,0.154606769,0.415540025,-0.815851314
1156,2894929,1855320,-0.559,-0.47,0.618,-40.4,11.8,-1.6,14.6,-10,-19.2,0.371135594,0.154484695,0.416364025,-0.815454573
1157,2897215,1855320,-0.571,-0.477,0.63,-39.5,12,-2.4,14.6,-10,-19.2,0.371135594,0.154362621,0.417157506,-0.815088351
1158,2899426,1855330,-0.579,-0.485,0.634,-38.3,12.1,-3,14.6,-10,-19.2,0.371105075,0.154240547,0.417950987,-0.814722129
1159,2903060,1855330,-0.579,-0.497,0.646,-36.8,12.1,-3.8,13.3,-10,-19.4,0.371044038,0.154118473,0.41871395,-0.814386425
1160,2904606,1855330,-0.587,-0.505,0.646,-35.3,12.2,-4.5,13.3,-10,-19.4,0.370952483,0.153996399,0.419446394,-0.814050722
1161,2906814,1855330,-0.583,-0.505,0.65,-33.5,12.3,-5.5,13.3,-10,-19.4,0.370860927,0.153904843,0.420178838,-0.813745537
1162,2910073,1855340,-0.595,-0.516,0.654,-31.6,12.2,-6.5,13.3,-10,-19.4,0.370738853,0.153813288,0.420850246,-0.81347087
1163,2911593,1855340,-0.596,-0.524,0.654,-29.3,12.1,-7.5,13.6,-9.9,-19,0.370586261,0.153721732,0.421491134,-0.813226722
1164,2914672,1855340,-0.595,-0.528,0.666,-26.6,11.9,-8.2,13.6,-9.9,-19,0.370433668,0.153630177,0.422101505,-0.812982574
1165,2916895,1855340,-0.599,-0.524,0.674,-23.7,11.7,-8.8,13.6,-9.9,-19,0.370250557,0.153538621,0.422650838,-0.812799463
1166,2919163,1855350,-0.607,-0.532,0.67,-20.9,11.4,-9.3,13.6,-9.9,-19,0.370036927,0.153508103,0.423139134,-0.81264687
1167,2922056,1855350,-0.607,-0.532,0.67,-20.9,11.4,-9.3,13.6,-9.9,-19,0.370036927,0.153508103,0.423139134,-0.81264687
1168,2924061,1855350,-0.615,-0.531,0.678,-15.9,10.9,-10.2,13.4,-9.7,-19.7,0.369670705,0.153508103,0.42384106,-0.812463759
1169,2928160,1855350,-0.615,-0.528,0.678,-13.7,10.6,-10.5,13.4,-9.7,-19.7,0.369426557,0.153508103,0.424207282,-0.812372204
1170,2930364,1855360,-0.619,-0.523,0.694,-11.4,10.2,-10.7,13.4,-9.7,-19.7,0.369182409,0.153477584,0.424512467,-0.812311167
1171,2932592,1855360,-0.615,-0.52,0.697,-9.1,10,-10.8,12.9,-9.9,-19.5,0.368938261,0.153477584,0.424787133,-0.812280648
1172,2934279,1855360,-0.615,-0.52,0.701,-7.2,9.7,-10.8,12.9,-9.9,-19.5,0.368694113,0.153508103,0.425031281,-0.812280648
1173,2936503,1855360,-0.619,-0.512,0.698,-5.6,9.3,-10.6,12.9,-9.9,-19.5,0.368419446,0.153508103,0.425244911,-0.812280648
1174,2939346,1855370,-0.623,-0.504,0.686,-4.6,8.8,-10.5,12.9,-9.9,-19.5,0.368175298,0.153538621,0.425428022,-0.812280648
1175,2942752,1855370,-0.623,-0.508,0.694,-4.1,8.4,-10.2,12,-9.7,-19.7,0.36793115,0.153538621,0.425611133,-0.812311167
1176,2944289,1855370,-0.631,-0.504,0.694,-3.8,8.1,-10,12,-9.7,-19.7,0.367656484,0.153599658,0.425794244,-0.812341685
1177,2946558,1855370,-0.631,-0.504,0.69,-3.5,8.1,-9.8,12,-9.7,-19.7,0.367442854,0.153599658,0.425946837,-0.812341685
1178,2949354,1855380,-0.635,-0.507,0.69,-3.5,8.2,-9.7,12,-9.7,-19.7,0.367198706,0.153630177,0.426099429,-0.812372204
1179,2951605,1855380,-0.635,-0.511,0.694,-3.6,8.4,-9.6,14.6,-10,-19.6,0.366954558,0.153660695,0.426252022,-0.812372204
1180,2955853,1855380,-0.635,-0.515,0.702,-3.8,8.5,-9.4,14.6,-10,-19.6,0.366740928,0.153691214,0.426435133,-0.812402722
1181,2958207,1855380,-0.639,-0.523,0.698,-3.8,8.4,-9.1,14.6,-10,-19.6,0.36649678,0.153721732,0.426587725,-0.812402722
1182,2960186,1855390,-0.643,-0.531,0.698,-3.7,8.2,-8.7,14.6,-10,-19.6,0.366283151,0.153782769,0.426770837,-0.812402722
1183,2961701,1855390,-0.643,-0.535,0.69,-3.8,8.1,-8.3,11.6,-9.5,-19.5,0.366069521,0.153813288,0.426923429,-0.812402722
1184,2964162,1855390,-0.647,-0.542,0.694,-4.1,7.9,-7.9,11.6,-9.5,-19.5,0.36588641,0.153843806,0.427076022,-0.812402722
1185,2967490,1855390,-0.651,-0.538,0.687,-4.4,7.7,-7.5,11.6,-9.5,-19.5,0.365672781,0.153874325,0.427259133,-0.812402722
1186,2969140,1855400,-0.655,-0.538,0.683,-4.9,7.6,-7.1,11.6,-9.5,-19.5,0.365520188,0.153904843,0.427411725,-0.812372204
1187,2972506,1855400,-0.655,-0.538,0.683,-4.9,7.6,-7.1,11.6,-9.5,-19.5,0.365520188,0.153904843,0.427411725,-0.812372204
1188,2975396,1855400,-0.655,-0.546,0.683,-5.5,7.3,-6.1,12,-9.4,-19.6,0.365550707,0.154362621,0.427167577,-0.812402722
1189,2976955,1855400,-0.655,-0.554,0.687,-5.6,7.1,-5.6,12,-9.4,-19.6,0.365398114,0.154393139,0.427350688,-0.812372204
1190,2979228,1855410,-0.651,-0.558,0.683,-5.5,6.9,-5.1,12,-9.4,-19.6,0.365245521,0.154423658,0.427533799,-0.812341685
1191,2981706,1855410,-0.648,-0.566,0.691,-5.3,6.6,-4.5,11.7,-9.7,-19.9,0.365123447,0.154454176,0.427686392,-0.812311167
1192,2984825,1855410,-0.644,-0.586,0.695,-4.9,6.1,-3.8,11.7,-9.7,-19.9,0.365031892,0.154484695,0.427838984,-0.812280648
1193,2987711,1855410,-0.648,-0.594,0.687,-4.4,5.8,-3.1,11.7,-9.7,-19.9,0.364940336,0.154515213,0.427961058,-0.81225013
1194,2989297,1855420,-0.648,-0.605,0.687,-3.9,5.4,-2.5,11.7,-9.7,-19.9,0.364848781,0.15457625,0.428083132,-0.812189093
1195,2992308,1855420,-0.64,-0.609,0.691,-3.2,5,-1.8,12.9,-9.3,-19.9,0.364787744,0.154606769,0.428205206,-0.812158574
1196,2995243,1855420,-0.64,-0.621,0.687,-2.8,4.7,-1.2,12.9,-9.3,-19.9,0.364726707,0.154667806,0.428296762,-0.812128056
1197,2996712,1855420,-0.644,-0.625,0.687,-2.4,4.4,-0.5,12.9,-9.3,-19.9,0.36466567,0.154728843,0.428388318,-0.812097537
1198,2999828,1855430,-0.648,-0.625,0.687,-2,4.2,0,12.9,-9.3,-19.9,0.364635151,0.15478988,0.428449355,-0.812067019
1199,3002712,1855430,-0.641,-0.637,0.679,-1.5,4.1,0.8,14.1,-11.1,-19.3,0.364635151,0.154850917,0.428510392,-0.8120365
1200,3004155,1855430,-0.641,-0.629,0.675,-0.9,3.9,1.6,14.1,-11.1,-19.3,0.364635151,0.154942473,0.42854091,-0.812005982
1201,3007319,1855430,-0.645,-0.633,0.675,-0.2,3.6,2.5,14.1,-11.1,-19.3,0.364635151,0.15500351,0.428571429,-0.811975463
1202,3010221,1855440,-0.645,-0.629,0.671,0.4,3.3,3.4,14.1,-11.1,-19.3,0.36466567,0.155095065,0.428571429,-0.811944945
1203,3011736,1855440,-0.645,-0.625,0.663,1.1,3,4.2,14,-7.7,-19.3,0.364696188,0.155217139,0.428571429,-0.811883908
1204,3014829,1855440,-0.645,-0.625,0.659,1.7,2.7,4.9,14,-7.7,-19.3,0.364757225,0.155308695,0.42854091,-0.811853389
1205,3016650,1855440,-0.641,-0.617,0.655,2.2,2.5,5.5,14,-7.7,-19.3,0.364818262,0.155430769,0.428510392,-0.811822871
1206,3020182,1855450,-0.637,-0.617,0.651,2.8,2.3,5.9,14,-7.7,-19.3,0.364909818,0.155552843,0.428449355,-0.811792352
1207,3022478,1855450,-0.633,-0.614,0.647,3.4,2,6.5,14.4,-8,-19.6,0.365001373,0.155674917,0.428388318,-0.811792352
1208,3024613,1855450,-0.633,-0.618,0.644,4,1.8,7,14.4,-8,-19.6,0.365092929,0.155796991,0.428296762,-0.811761834
1209,3026759,1855450,-0.637,-0.614,0.644,4.5,1.4,7.5,14.4,-8,-19.6,0.365184484,0.155949583,0.428205206,-0.811731315
1210,3030709,1855460,-0.633,-0.61,0.64,4.8,1,7.9,14.4,-8,-19.6,0.365306558,0.156071657,0.428113651,-0.811700797
1211,3032808,1855460,-0.625,-0.61,0.632,5.3,0.5,8.3,14.4,-8.1,-19.6,0.365428632,0.156193731,0.427991577,-0.811700797
1212,3035214,1855460,-0.621,-0.606,0.624,5.8,0.1,8.8,14.4,-8.1,-19.6,0.365550707,0.156346324,0.427838984,-0.811670278
1213,3037425,1855460,-0.621,-0.606,0.624,6.2,-0.1,9.4,14.4,-8.1,-19.6,0.365703299,0.156468398,0.42771691,-0.811670278
1214,3039634,1855470,-0.617,-0.602,0.62,6.6,-0.3,9.9,14.4,-8.1,-19.6,0.365855892,0.156620991,0.427564318,-0.81163976
1215,3041834,1855470,-0.617,-0.598,0.612,6.9,-0.3,10.5,14.3,-8.1,-19.5,0.366039003,0.156743065,0.427381207,-0.811609241
1216,3044157,1855470,-0.613,-0.594,0.608,7,-0.5,10.9,14.3,-8.1,-19.5,0.366191595,0.156895657,0.427228614,-0.811609241
1217,3046927,1855470,-0.613,-0.594,0.608,6.9,-0.7,11.4,14.3,-8.1,-19.5,0.366405225,0.15704825,0.427045503,-0.811578722
1218,3050227,1855480,-0.616,-0.579,0.608,6.7,-1,11.9,14.3,-8.1,-19.5,0.366588336,0.157200842,0.426892911,-0.811548204
1219,3051847,1855480,-0.612,-0.579,0.604,6.5,-1.2,12.2,13.8,-9.5,-19.5,0.366801965,0.157353435,0.426709799,-0.811517685
1220,3054236,1855480,-0.616,-0.571,0.6,6.4,-1.5,12.5,13.8,-9.5,-19.5,0.367015595,0.15744499,0.426557207,-0.811487167
1221,3056700,1855480,-0.608,-0.563,0.596,6.3,-1.8,12.9,13.8,-9.5,-19.5,0.367229225,0.157628101,0.426374096,-0.811456648
1222,3060932,1855490,-0.604,-0.563,0.588,6,-2.1,13.2,13.8,-9.5,-19.5,0.367473373,0.157750175,0.426190985,-0.811395611
1223,3063052,1855490,-0.604,-0.559,0.58,5.5,-2.4,13.4,13.5,-10.5,-19.1,0.367717521,0.15787225,0.426038392,-0.811365093
1224,3065284,1855490,-0.604,-0.551,0.572,5,-2.6,13.6,13.5,-10.5,-19.1,0.367961669,0.157994324,0.4258858,-0.811304056
1225,3067663,1855490,-0.604,-0.548,0.568,4.5,-2.9,13.7,13.5,-10.5,-19.1,0.368205817,0.158116398,0.425733207,-0.811243019
1226,3069340,1855500,-0.6,-0.548,0.568,4,-3.3,13.8,13.5,-10.5,-19.1,0.368480483,0.158207953,0.425580615,-0.811181982
1227,3071707,1855500,-0.6,-0.548,0.568,4,-3.3,13.8,13.5,-10.5,-19.1,0.368480483,0.158207953,0.425580615,-0.811181982
1228,3074710,1855500,-0.6,-0.548,0.564,3.5,-4.1,14.2,13.3,-11.5,-19,0.369090854,0.158543657,0.42527543,-0.810998871
1229,3077747,1855500,-0.592,-0.544,0.56,3.5,-4.6,14.5,13.3,-11.5,-19,0.36936552,0.158635212,0.425122837,-0.810937834
1230,3079895,1855510,-0.588,-0.548,0.564,3.4,-5,14.6,13.3,-11.5,-19,0.369670705,0.158696249,0.424970244,-0.810876797
1231,3082338,1855510,-0.581,-0.548,0.56,3.3,-5.3,14.5,13.4,-11.8,-19.2,0.369945372,0.158757286,0.424817652,-0.810785241
1232,3085362,1855510,-0.581,-0.548,0.56,3.1,-5.8,14.4,13.4,-11.8,-19.2,0.370250557,0.158818323,0.424665059,-0.810724204
1233,3087445,1855510,-0.577,-0.552,0.556,3.1,-6.3,14.4,13.4,-11.8,-19.2,0.370555742,0.15887936,0.424512467,-0.810663167
1234,3089889,1855520,-0.577,-0.552,0.552,3,-6.8,14.4,13.4,-11.8,-19.2,0.370860927,0.158909879,0.424359874,-0.81060213
1235,3092924,1855520,-0.577,-0.556,0.552,3,-7.2,14.4,13.4,-12.6,-19.4,0.371196631,0.158940397,0.424176763,-0.810541093
1236,3094918,1855520,-0.581,-0.552,0.552,2.8,-7.5,14.4,13.4,-12.6,-19.4,0.371501816,0.158970916,0.424024171,-0.810480056
1237,3097299,1855520,-0.577,-0.552,0.544,2.7,-7.7,14.4,13.4,-12.6,-19.4,0.371807001,0.158970916,0.423871578,-0.810419019
1238,3100206,1855530,-0.573,-0.552,0.556,2.6,-7.9,14.5,13.4,-12.6,-19.4,0.372142705,0.159001434,0.423718986,-0.810327464
1239,3102723,1855530,-0.573,-0.556,0.544,2.7,-7.9,14.6,13.3,-7.9,-18,0.37244789,0.159031953,0.423535875,-0.810266427
1240,3105615,1855530,-0.569,-0.556,0.544,2.8,-8.1,14.6,13.3,-7.9,-18,0.372783593,0.159031953,0.423383282,-0.81020539
1241,3107705,1855530,-0.573,-0.564,0.548,3.1,-8.3,14.5,13.3,-7.9,-18,0.373119297,0.159031953,0.423200171,-0.810144353
1242,3109975,1855540,-0.565,-0.572,0.548,3.4,-8.6,14.5,13.3,-7.9,-18,0.373424482,0.159062471,0.42301706,-0.810083316
1243,3112069,1855540,-0.565,-0.576,0.556,3.9,-9,14.5,13.1,-11,-20.4,0.373760186,0.159062471,0.422833949,-0.810052797
1244,3114210,1855540,-0.557,-0.584,0.555,4.2,-9.3,14.5,13.1,-11,-20.4,0.374095889,0.159062471,0.422620319,-0.80999176
1245,3116679,1855540,-0.557,-0.592,0.559,4.6,-9.6,14.5,13.1,-11,-20.4,0.374431593,0.159062471,0.42240669,-0.809961241
1246,3120236,1855550,-0.557,-0.592,0.559,5,-9.8,14.4,13.1,-11,-20.4,0.374736778,0.159062471,0.42219306,-0.809930723
1247,3121758,1855550,-0.557,-0.592,0.559,5,-9.8,14.4,13.1,-11,-20.4,0.374736778,0.159062471,0.42219306,-0.809930723
1248,3124336,1855550,-0.557,-0.596,0.563,5.4,-9.9,14.1,13,-10.6,-20.3,0.375225074,0.158940397,0.422101505,-0.80977813
1249,3128402,1855550,-0.561,-0.6,0.556,5.4,-9.8,14,13,-10.6,-20.3,0.375530259,0.158940397,0.421887875,-0.809747612
1250,3130001,1855560,-0.557,-0.596,0.556,5.5,-9.8,14.1,13,-10.6,-20.3,0.375865963,0.158940397,0.421643727,-0.809717093
1251,3131719,1855560,-0.553,-0.592,0.563,5.7,-9.8,14.2,13.1,-9.2,-20.3,0.376171148,0.158940397,0.421430097,-0.809686575
1252,3135140,1855560,-0.557,-0.592,0.559,5.9,-9.9,14.1,13.1,-9.2,-20.3,0.376506851,0.158940397,0.421185949,-0.809656056
1253,3136732,1855560,-0.557,-0.592,0.563,5.9,-9.9,14,13.1,-9.2,-20.3,0.376812037,0.158940397,0.420941801,-0.809625538
1254,3139237,1855570,-0.553,-0.592,0.563,5.9,-9.8,13.9,13.1,-9.2,-20.3,0.37714774,0.158940397,0.420728172,-0.809564501
1255,3142641,1855570,-0.549,-0.592,0.567,5.6,-9.7,13.9,13.1,-8.8,-20.3,0.377422407,0.158940397,0.420484024,-0.809564501
1256,3144221,1855570,-0.553,-0.592,0.567,5.3,-9.6,13.7,13.1,-8.8,-20.3,0.37775811,0.158940397,0.420270394,-0.809533982
1257,3147191,1855570,-0.553,-0.592,0.559,5,-9.5,13.5,13.1,-8.8,-20.3,0.378063295,0.158940397,0.420056764,-0.809503464
1258,3150133,1855580,-0.553,-0.588,0.563,4.5,-9.3,13.4,13.1,-8.8,-20.3,0.37836848,0.158940397,0.419843135,-0.809472945
1259,3151653,1855580,-0.553,-0.588,0.567,4,-9,13.4,13,-10.2,-18.7,0.378704184,0.158940397,0.419660024,-0.809411908
1260,3154824,1855580,-0.557,-0.584,0.559,3.5,-8.7,13.4,13,-10.2,-18.7,0.378978851,0.158940397,0.419476913,-0.80938139
1261,3156661,1855580,-0.553,-0.584,0.559,2.9,-8.4,13.2,13,-10.2,-18.7,0.379284036,0.158940397,0.419293802,-0.809320353
1262,3160070,1855590,-0.553,-0.584,0.563,2.2,-8.2,12.9,13,-10.2,-18.7,0.379589221,0.158940397,0.419141209,-0.809259316
1263,3161680,1855590,-0.549,-0.576,0.567,1.5,-7.9,12.6,12.8,-10.6,-20.1,0.379894406,0.158909879,0.419019135,-0.809198279
1264,3164149,1855590,-0.553,-0.576,0.575,0.8,-7.6,12.5,12.8,-10.6,-20.1,0.380169073,0.158909879,0.418897061,-0.809137242
1265,3167623,1855590,-0.557,-0.568,0.567,0.2,-7.2,12.3,12.8,-10.6,-20.1,0.380443739,0.15887936,0.418774987,-0.809045686
1266,3169170,1855600,-0.553,-0.564,0.567,-0.4,-6.9,12.1,12.8,-10.6,-20.1,0.380748924,0.15887936,0.418683432,-0.808984649
1267,3172410,1855600,-0.553,-0.564,0.567,-0.4,-6.9,12.1,12.8,-10.6,-20.1,0.380748924,0.15887936,0.418683432,-0.808984649
1268,3174218,1855600,-0.557,-0.564,0.567,-2.1,-6.4,11.6,12.3,-10.1,-19.5,0.381023591,0.158543657,0.419019135,-0.808740501
1269,3176606,1855600,-0.557,-0.557,0.567,-3,-6.2,11.3,12.3,-10.1,-19.5,0.381267739,0.158513138,0.418988617,-0.808648946
1270,3180737,1855610,-0.561,-0.56,0.567,-3.8,-6,11.1,12.3,-10.1,-19.5,0.381542405,0.15848262,0.418958098,-0.808526872
1271,3182474,1855610,-0.557,-0.549,0.567,-4.6,-5.8,10.8,12.9,-10.3,-19.8,0.381817072,0.158421583,0.418958098,-0.808435316
1272,3184247,1855610,-0.553,-0.549,0.567,-5.3,-5.6,10.5,12.9,-10.3,-19.8,0.38206122,0.158391064,0.418988617,-0.808313242
1273,3188456,1855610,-0.553,-0.545,0.571,-5.8,-5.3,10.1,12.9,-10.3,-19.8,0.382305368,0.158330027,0.418988617,-0.808191168
1274,3190710,1855620,-0.553,-0.545,0.567,-6.3,-5.2,9.7,12.9,-10.3,-19.8,0.382549516,0.15826899,0.419019135,-0.808069094
1275,3192922,1855620,-0.553,-0.545,0.571,-6.7,-5.2,9.3,12.6,-10,-19,0.382793664,0.158207953,0.419080172,-0.80794702
1276,3195148,1855620,-0.553,-0.553,0.567,-7.1,-5,8.9,12.6,-10,-19,0.383007294,0.158146916,0.419141209,-0.807824946
1277,3196647,1855620,-0.549,-0.549,0.567,-7.4,-4.8,8.4,12.6,-10,-19,0.383220923,0.158055361,0.419202246,-0.807702872
1278,3199487,1855630,-0.553,-0.549,0.563,-7.9,-4.6,8,12.6,-10,-19,0.383434553,0.157994324,0.419263283,-0.807580798
1279,3201625,1855630,-0.553,-0.545,0.571,-8.2,-4.5,7.7,12.7,-10.6,-21.1,0.383648183,0.157902768,0.419354839,-0.807458724
1280,3205020,1855630,-0.557,-0.549,0.575,-8.4,-4.4,7.2,12.7,-10.6,-21.1,0.383861812,0.157841731,0.419415876,-0.80733665
1281,3206906,1855630,-0.561,-0.545,0.579,-8.4,-4.3,6.8,12.7,-10.6,-21.1,0.384044923,0.157750175,0.419507431,-0.807214576
1282,3210155,1855640,-0.553,-0.545,0.575,-8.4,-4.2,6.4,12.7,-10.6,-21.1,0.384228034,0.15765862,0.419598987,-0.807092502
1283,3211685,1855640,-0.556,-0.541,0.579,-8.4,-4,6.1,12.3,-10.5,-18.4,0.384411145,0.157567064,0.419690542,-0.806970428
1284,3214113,1855640,-0.549,-0.541,0.579,-8.4,-3.8,5.8,12.3,-10.5,-18.4,0.384563738,0.157506027,0.419812616,-0.806848354
1285,3216630,1855640,-0.549,-0.541,0.579,-8.4,-3.7,5.4,12.3,-10.5,-18.4,0.38471633,0.157414472,0.419904172,-0.806756798
1286,3220067,1855650,-0.549,-0.541,0.579,-8.5,-3.8,5.1,12.3,-10.5,-18.4,0.384868923,0.157322916,0.419995727,-0.806634724
1287,3221853,1855650,-0.549,-0.541,0.579,-8.5,-3.8,5.1,12.3,-10.5,-18.4,0.384868923,0.157322916,0.419995727,-0.806634724
1288,3224208,1855650,-0.549,-0.541,0.575,-8.9,-3.9,4.5,12.2,-10.4,-17.4,0.38514359,0.157017731,0.420209357,-0.806482131
1289,3227601,1855650,-0.549,-0.549,0.582,-8.9,-3.9,4.2,12.2,-10.4,-17.4,0.385296182,0.156895657,0.420300913,-0.806360057
1290,3229105,1855660,-0.549,-0.549,0.586,-8.9,-3.9,3.9,12.2,-10.4,-17.4,0.385418256,0.156804102,0.420392468,-0.806268502
1291,3231693,1855660,-0.553,-0.549,0.59,-8.6,-3.7,3.6,12.3,-10.8,-18.1,0.38554033,0.156682028,0.420514542,-0.806176946
1292,3235113,1855660,-0.553,-0.557,0.587,-8.3,-3.5,3.4,12.3,-10.8,-18.1,0.385662404,0.156590472,0.420636616,-0.806085391
1293,3236648,1855660,-0.553,-0.561,0.59,-8,-3.3,3.2,12.3,-10.8,-18.1,0.385784478,0.156468398,0.420728172,-0.805993835
1294,3240614,1855670,-0.549,-0.565,0.598,-7.8,-3.1,2.9,12.3,-10.8,-18.1,0.385906552,0.156407361,0.420850246,-0.80590228
1295,3242262,1855670,-0.553,-0.568,0.594,-7.4,-3,2.7,12.4,-10.2,-18.3,0.385998108,0.156315806,0.420941801,-0.805810724
1296,3244107,1855670,-0.549,-0.572,0.598,-7.1,-2.9,2.4,12.4,-10.2,-18.3,0.386089663,0.15622425,0.421033357,-0.805749687
1297,3247629,1855670,-0.549,-0.572,0.602,-6.9,-2.9,2.1,12.4,-10.2,-18.3,0.386181219,0.156132694,0.421124912,-0.805658132
1298,3249280,1855680,-0.553,-0.568,0.606,-6.7,-2.8,2,12.4,-10.2,-18.3,0.386272774,0.156041139,0.421216468,-0.805597095
1299,3252059,1855680,-0.553,-0.568,0.614,-6.9,-2.7,1.8,12.2,-10.7,-20.7,0.386333811,0.155949583,0.421308023,-0.805536058
1300,3255170,1855680,-0.557,-0.556,0.614,-7.2,-2.5,1.7,12.2,-10.7,-20.7,0.386425367,0.155858028,0.421399579,-0.805444502
1301,3256687,1855680,-0.557,-0.553,0.606,-7.6,-2.5,1.7,12.2,-10.7,-20.7,0.386516923,0.155766472,0.421491134,-0.805383465
1302,3259219,1855690,-0.556,-0.549,0.606,-8.1,-2.5,1.7,12.2,-10.7,-20.7,0.38657796,0.155674917,0.421613208,-0.80529191
1303,3262307,1855690,-0.564,-0.548,0.599,-8.8,-2.5,1.7,12.5,-10.1,-19.8,0.386669515,0.155552843,0.421735282,-0.805200354
1304,3264179,1855690,-0.568,-0.544,0.599,-9.4,-2.2,1.6,12.5,-10.1,-19.8,0.386761071,0.155461287,0.421887875,-0.805108798
1305,3267629,1855690,-0.568,-0.544,0.599,-9.8,-2,1.5,12.5,-10.1,-19.8,0.386822108,0.155369732,0.422040468,-0.805017243
1306,3269349,1855700,-0.568,-0.552,0.606,-9.8,-1.9,1.4,12.5,-10.1,-19.8,0.386913663,0.155247658,0.42219306,-0.804925687
1307,3271602,1855700,-0.568,-0.552,0.606,-9.8,-1.9,1.4,12.5,-10.1,-19.8,0.386913663,0.155247658,0.42219306,-0.804925687
1308,3275903,1855700,-0.568,-0.552,0.61,-9.6,-2.2,1.3,12.4,-10.5,-20.6,0.387096774,0.155034028,0.422345653,-0.804773095
1309,3278210,1855700,-0.564,-0.556,0.614,-9.7,-2.3,1.2,12.4,-10.5,-20.6,0.38718833,0.154911954,0.422528764,-0.804681539
1310,3280401,1855710,-0.568,-0.556,0.614,-9.8,-2.4,1.2,12.4,-10.5,-20.6,0.387249367,0.15478988,0.422681356,-0.804589984
1311,3282631,1855710,-0.568,-0.556,0.618,-10,-2.5,1.2,12.4,-10,-21.2,0.387340922,0.154667806,0.42280343,-0.804498428
1312,3284253,1855710,-0.568,-0.56,0.618,-10.4,-2.4,1.2,12.4,-10,-21.2,0.387401959,0.154515213,0.422986541,-0.804406873
1313,3286583,1855710,-0.568,-0.556,0.626,-10.8,-2.3,1.2,12.4,-10,-21.2,0.387493515,0.154423658,0.423139134,-0.804284799
1314,3289155,1855720,-0.568,-0.556,0.626,-11.1,-2.2,1.2,12.4,-10,-21.2,0.38758507,0.154301584,0.423322245,-0.804193243
1315,3292511,1855720,-0.568,-0.556,0.63,-11.3,-2,1.2,12.1,-10.1,-21.1,0.387646107,0.15417951,0.423505356,-0.804071169
1316,3294259,1855720,-0.568,-0.556,0.634,-11.3,-2,1.2,12.1,-10.1,-21.1,0.387737663,0.154087954,0.423657949,-0.803979614
1317,3296741,1855720,-0.572,-0.564,0.638,-11.2,-2.1,1.4,12.1,-10.1,-21.1,0.387829218,0.15396588,0.42384106,-0.80385754
1318,3299950,1855730,-0.572,-0.568,0.638,-11.1,-2.2,1.4,12.1,-10.1,-21.1,0.387890255,0.153843806,0.424024171,-0.803765984
1319,3301727,1855730,-0.572,-0.568,0.642,-10.9,-2.3,1.4,12.5,-10.1,-19.9,0.387981811,0.153721732,0.424176763,-0.80364391
1320,3304043,1855730,-0.573,-0.576,0.638,-10.8,-2.5,1.2,12.5,-10.1,-19.9,0.388073366,0.153599658,0.424359874,-0.803552355
1321,3307542,1855730,-0.576,-0.572,0.638,-10.8,-2.5,1,12.5,-10.1,-19.9,0.388134404,0.153477584,0.424512467,-0.803460799
1322,3309293,1855740,-0.58,-0.576,0.638,-10.6,-2.5,0.8,12.5,-10.1,-19.9,0.388225959,0.153324992,0.424665059,-0.803338725
1323,3311640,1855740,-0.58,-0.576,0.638,-10.4,-2.6,0.7,12.4,-10.4,-19.6,0.388286996,0.153202918,0.42484817,-0.803247169
1324,3315007,1855740,-0.576,-0.572,0.638,-10,-2.8,0.6,12.4,-10.4,-19.6,0.388348033,0.153080844,0.425000763,-0.803155614
1325,3316960,1855740,-0.576,-0.568,0.642,-9.5,-3.1,0.7,12.4,-10.4,-19.6,0.388439589,0.152958769,0.425122837,-0.803094577
1326,3319142,1855750,-0.58,-0.568,0.638,-8.9,-3.3,0.9,12.4,-10.4,-19.6,0.388500626,0.152836695,0.425244911,-0.803003021
1327,3321662,1855750,-0.58,-0.568,0.638,-8.9,-3.3,0.9,12.4,-10.4,-19.6,0.388500626,0.152836695,0.425244911,-0.803003021
1328,3324891,1855750,-0.572,-0.568,0.638,-7.7,-3.3,1,12.2,-9.9,-19.6,0.388714255,0.152500992,0.425244911,-0.802972503
1329,3326589,1855750,-0.572,-0.564,0.642,-7.2,-3.3,1.1,12.2,-9.9,-19.6,0.388805811,0.152378918,0.425336467,-0.802911466
1330,3330148,1855760,-0.572,-0.56,0.642,-6.7,-3.5,1.2,12.2,-9.9,-19.6,0.388866848,0.152287362,0.425428022,-0.802850429
1331,3331592,1855760,-0.572,-0.564,0.634,-6.3,-3.7,1.4,12.2,-10.2,-19.5,0.388958403,0.152165288,0.425519578,-0.802789392
1332,3334462,1855760,-0.576,-0.56,0.634,-5.7,-3.8,1.6,12.2,-10.2,-19.5,0.38901944,0.152073733,0.425580615,-0.802728355
1333,3337627,1855760,-0.572,-0.56,0.642,-5.3,-3.9,1.7,12.2,-10.2,-19.5,0.389110996,0.151982177,0.425611133,-0.802667318
1334,3339187,1855770,-0.572,-0.56,0.646,-4.9,-3.9,1.8,12.2,-10.2,-19.5,0.389202551,0.151890622,0.42567217,-0.802636799
1335,3342819,1855770,-0.568,-0.56,0.638,-4.6,-3.9,1.8,12.5,-10.3,-19.9,0.389294107,0.151799066,0.425702689,-0.802575762
1336,3344197,1855770,-0.58,-0.56,0.642,-4.4,-3.9,1.8,12.5,-10.3,-19.9,0.389355144,0.151707511,0.425763726,-0.802545244
1337,3347459,1855770,-0.568,-0.56,0.642,-4.2,-4,1.8,12.5,-10.3,-19.9,0.389446699,0.151585437,0.425794244,-0.802484207
1338,3349595,1855780,-0.576,-0.556,0.642,-4.1,-4,1.9,12.5,-10.3,-19.9,0.389538255,0.1515244,0.425824763,-0.802453688
1339,3351941,1855780,-0.572,-0.556,0.642,-4.1,-4,1.9,10.9,-10.2,-19.8,0.38962981,0.151432844,0.425855281,-0.80242317
1340,3354451,1855780,-0.572,-0.556,0.642,-4,-3.9,1.9,10.9,-10.2,-19.8,0.389721366,0.151341288,0.4258858,-0.802362133
1341,3356716,1855780,-0.572,-0.556,0.638,-4,-3.9,1.9,10.9,-10.2,-19.8,0.389782403,0.151280251,0.425916318,-0.802331614
1342,3360085,1855790,-0.572,-0.556,0.642,-3.9,-4,1.9,10.9,-10.2,-19.8,0.389873959,0.151188696,0.425946837,-0.802270577
1343,3361702,1855790,-0.568,-0.556,0.642,-3.8,-4,2,14.5,-9.9,-20,0.389965514,0.15109714,0.425977355,-0.802240059
1344,3365479,1855790,-0.572,-0.56,0.65,-3.4,-3.9,2.2,14.5,-9.9,-20,0.39005707,0.151036103,0.425977355,-0.80220954
1345,3367797,1855790,-0.568,-0.568,0.653,-3.1,-3.9,2.4,14.5,-9.9,-20,0.390148625,0.150944548,0.426007874,-0.802179022
1346,3369308,1855800,-0.568,-0.568,0.649,-2.8,-3.8,2.5,14.5,-9.9,-20,0.390240181,0.150883511,0.426007874,-0.802148503
1347,3371799,1855800,-0.568,-0.568,0.649,-2.8,-3.8,2.5,14.5,-9.9,-20,0.390240181,0.150883511,0.426007874,-0.802148503
1348,3375250,1855800,-0.569,-0.588,0.653,-2.3,-3.9,2.4,13.8,-10.1,-19.7,0.390575884,0.150456252,0.425244911,-0.802453688
1349,3376868,1855800,-0.569,-0.584,0.65,-2,-4,2.4,13.8,-10.1,-19.7,0.39066744,0.150395215,0.425244911,-0.80242317
1350,3379551,1855810,-0.573,-0.587,0.65,-1.6,-4,2.5,13.8,-10.1,-19.7,0.390758995,0.150334178,0.425244911,-0.802392651
1351,3382840,1855810,-0.573,-0.595,0.646,-1.3,-4,2.6,13.8,-10,-19.8,0.390850551,0.150273141,0.425214393,-0.802362133
1352,3384388,1855810,-0.573,-0.591,0.646,-0.8,-3.9,2.6,13.8,-10,-19.8,0.390942106,0.150242622,0.425183874,-0.802362133
1353,3386961,1855810,-0.573,-0.587,0.642,-0.6,-3.8,2.4,13.8,-10,-19.8,0.391003143,0.150181585,0.425153356,-0.802331614
1354,3389212,1855820,-0.573,-0.587,0.646,-0.3,-3.7,2.4,13.8,-10,-19.8,0.391094699,0.150120548,0.425122837,-0.802331614
1355,3392730,1855820,-0.573,-0.587,0.642,-0.2,-3.7,2.4,13.9,-9.7,-20,0.391155736,0.15009003,0.425092318,-0.802301096
1356,3394299,1855820,-0.577,-0.583,0.638,0,-3.6,2.5,13.9,-9.7,-20,0.391247291,0.150059511,0.4250618,-0.802301096
1357,3397004,1855820,-0.569,-0.58,0.634,0.2,-3.6,2.5,13.9,-9.7,-20,0.391308329,0.149998474,0.425000763,-0.802301096
1358,3399290,1855830,-0.569,-0.584,0.634,0.5,-3.7,2.7,13.9,-9.7,-20,0.391399884,0.149967956,0.424970244,-0.802301096
1359,3401670,1855830,-0.577,-0.583,0.63,0.7,-3.8,2.8,11.9,-9.9,-19.9,0.39149144,0.149937437,0.424909207,-0.802270577
1360,3404177,1855830,-0.569,-0.576,0.622,1,-4,3,11.9,-9.9,-19.9,0.391582995,0.149906919,0.42484817,-0.802270577
1361,3406653,1855830,-0.569,-0.58,0.618,1.2,-4.1,3,11.9,-9.9,-19.9,0.391674551,0.1498764,0.424756615,-0.802270577
1362,3410522,1855840,-0.569,-0.58,0.626,1.3,-4.1,3,11.9,-9.9,-19.9,0.391735588,0.149845882,0.424695578,-0.802270577
1363,3412744,1855840,-0.565,-0.576,0.626,1.4,-4.1,3,12.2,-10,-19.6,0.391827143,0.149815363,0.424634541,-0.802270577
1364,3414574,1855840,-0.573,-0.58,0.618,1.5,-4,3.1,12.2,-10,-19.6,0.391918699,0.149784845,0.424542985,-0.802270577
1365,3417672,1855840,-0.569,-0.58,0.622,1.6,-4.1,3.1,12.2,-10,-19.6,0.392010254,0.149754326,0.424481948,-0.802301096
1366,3419267,1855850,-0.569,-0.58,0.618,1.8,-4.2,3.2,12.2,-10,-19.6,0.39210181,0.149723807,0.424390393,-0.802301096
1367,3422365,1855850,-0.569,-0.58,0.618,1.8,-4.2,3.2,12.2,-10,-19.6,0.39210181,0.149723807,0.424390393,-0.802301096
1368,3424416,1855850,-0.565,-0.576,0.614,2,-4.1,3.2,11.6,-10,-19.8,0.392254402,0.149479659,0.424115726,-0.802392651
1369,3427794,1855850,-0.569,-0.572,0.614,2,-4,3.2,11.6,-10,-19.8,0.392345958,0.149479659,0.424054689,-0.80242317
1370,3430120,1855860,-0.569,-0.572,0.61,1.9,-3.9,3.1,11.6,-10,-19.8,0.392437513,0.149449141,0.423963134,-0.80242317
1371,3432318,1855860,-0.573,-0.568,0.603,1.9,-3.9,3.1,10.6,-9.9,-19.5,0.392529069,0.149418622,0.423871578,-0.80242317
1372,3435081,1855860,-0.569,-0.568,0.603,1.9,-3.7,3.1,10.6,-9.9,-19.5,0.392590106,0.149418622,0.423810541,-0.80242317
1373,3437311,1855860,-0.573,-0.56,0.603,1.9,-3.7,3.1,10.6,-9.9,-19.5,0.392681661,0.149388104,0.423718986,-0.80242317
1374,3439456,1855870,-0.569,-0.56,0.603,1.9,-3.7,3.1,10.6,-9.9,-19.5,0.392773217,0.149357585,0.423657949,-0.80242317
1375,3441823,1855870,-0.569,-0.556,0.595,1.8,-3.8,3,9.7,-10.2,-19.6,0.392864772,0.149357585,0.423566393,-0.80242317
1376,3444424,1855870,-0.569,-0.564,0.599,1.9,-3.9,2.9,9.7,-10.2,-19.6,0.39292581,0.149327067,0.423505356,-0.80242317
1377,3447779,1855870,-0.569,-0.564,0.603,1.9,-3.9,2.8,9.7,-10.2,-19.6,0.393017365,0.149296548,0.4234138,-0.802453688
1378,3449988,1855880,-0.569,-0.56,0.595,2.1,-3.9,2.7,9.7,-10.2,-19.6,0.393047884,0.14926603,0.423352763,-0.802453688
1379,3451808,1855880,-0.565,-0.568,0.595,2,-4,2.7,13.6,-11.1,-20,0.393169958,0.149235511,0.423261208,-0.802453688
1380,3454462,1855880,-0.573,-0.56,0.599,1.9,-4.2,2.5,13.6,-11.1,-20,0.393261513,0.149204993,0.423200171,-0.802453688
1381,3456747,1855880,-0.569,-0.564,0.591,1.7,-4.2,2.3,13.6,-11.1,-20,0.39332255,0.149174474,0.423108615,-0.802484207
1382,3460000,1855890,-0.573,-0.568,0.595,1.7,-4.1,2.2,13.6,-11.1,-20,0.393383587,0.149143956,0.423047578,-0.802484207
1383,3462428,1855890,-0.569,-0.564,0.591,1.8,-4,2.2,10.2,-9,-20.1,0.393475143,0.149113437,0.422956023,-0.802484207
1384,3464677,1855890,-0.569,-0.564,0.591,1.8,-4,2.2,10.2,-9,-20.1,0.39353618,0.1490524,0.422894986,-0.802514725
1385,3466962,1855890,-0.565,-0.564,0.595,1.9,-3.9,2.2,10.2,-9,-20.1,0.393597217,0.149021882,0.42280343,-0.802514725
1386,3469226,1855900,-0.565,-0.568,0.591,1.9,-3.9,2.2,10.2,-9,-20.1,0.393688772,0.148991363,0.422742393,-0.802545244
1387,3471837,1855900,-0.565,-0.568,0.591,1.9,-3.9,2.2,10.2,-9,-20.1,0.393688772,0.148991363,0.422742393,-0.802545244
1388,3475990,1855900,-0.561,-0.568,0.598,2,-4,2,10.9,-9.2,-20,0.393780328,0.148899808,0.422620319,-0.802545244
1389,3478179,1855900,-0.561,-0.568,0.595,2,-4.1,1.9,10.9,-9.2,-20,0.393841365,0.148838771,0.422559282,-0.802575762
1390,3480595,1855910,-0.565,-0.576,0.595,1.9,-4,1.9,10.9,-9.2,-20,0.393902402,0.148808252,0.422467727,-0.802575762
1391,3482754,1855910,-0.557,-0.576,0.598,1.9,-3.9,1.7,11.4,-9.4,-19.9,0.393963439,0.148777734,0.42240669,-0.802606281
1392,3484414,1855910,-0.557,-0.58,0.595,1.7,-3.9,1.7,11.4,-9.4,-19.9,0.394024476,0.148747215,0.422345653,-0.802606281
1393,3486692,1855910,-0.557,-0.584,0.595,1.7,-3.8,1.6,11.4,-9.4,-19.9,0.394085513,0.148716697,0.422254097,-0.802636799
1394,3489330,1855920,-0.561,-0.584,0.587,1.6,-3.8,1.7,11.4,-9.4,-19.9,0.39414655,0.14865566,0.42219306,-0.802636799
1395,3491863,1855920,-0.561,-0.584,0.595,1.5,-3.7,1.6,12.3,-9.2,-19.9,0.394207587,0.148625141,0.422132023,-0.802667318
1396,3494983,1855920,-0.561,-0.58,0.595,1.4,-3.7,1.6,12.3,-9.2,-19.9,0.394268624,0.148594623,0.422070986,-0.802667318
1397,3496632,1855920,-0.561,-0.588,0.599,1.4,-3.5,1.5,12.3,-9.2,-19.9,0.394329661,0.148564104,0.422009949,-0.802667318
1398,3499235,1855930,-0.557,-0.584,0.598,1.5,-3.2,1.4,12.3,-9.2,-19.9,0.394360179,0.148533586,0.421948912,-0.802697836
1399,3502708,1855930,-0.561,-0.592,0.595,1.6,-3,1.4,12.3,-10.9,-19.9,0.394421216,0.148503067,0.421887875,-0.802697836
1400,3504917,1855930,-0.565,-0.588,0.603,1.6,-2.9,1.4,12.3,-10.9,-19.9,0.394451735,0.148472549,0.421826838,-0.802728355
1401,3507236,1855930,-0.561,-0.592,0.599,1.6,-2.9,1.4,12.3,-10.9,-19.9,0.394512772,0.14844203,0.421765801,-0.802728355
1402,3510098,1855940,-0.557,-0.596,0.606,1.6,-2.9,1.2,12.3,-10.9,-19.9,0.394543291,0.14844203,0.421704764,-0.802758873
1403,3511975,1855940,-0.565,-0.588,0.599,1.6,-3,1.2,11.8,-9.4,-19.7,0.394604328,0.148411512,0.421643727,-0.802758873
1404,3514325,1855940,-0.561,-0.592,0.606,1.5,-3,1.1,11.8,-9.4,-19.7,0.394634846,0.148380993,0.42158269,-0.802758873
1405,3517613,1855940,-0.561,-0.584,0.599,1.4,-2.9,1.1,11.8,-9.4,-19.7,0.394695883,0.148350475,0.421552171,-0.802789392
1406,3519438,1855950,-0.561,-0.58,0.599,1.3,-2.9,1.1,11.8,-9.4,-19.7,0.394726402,0.148319956,0.421491134,-0.802789392
1407,3522476,1855950,-0.561,-0.58,0.599,1.3,-2.9,1.1,11.8,-9.4,-19.7,0.394726402,0.148319956,0.421491134,-0.802789392
1408,3525500,1855950,-0.565,-0.576,0.599,1.3,-2.4,1.3,12.3,-9.3,-20,0.394665365,0.148014771,0.421552171,-0.802850429
1409,3527669,1855950,-0.561,-0.576,0.599,1.3,-2.3,1.4,12.3,-9.3,-20,0.394726402,0.148014771,0.421521653,-0.802850429
1410,3529881,1855960,-0.565,-0.572,0.595,1.3,-2.3,1.6,12.3,-9.3,-20,0.39475692,0.147984252,0.421460616,-0.802850429
1411,3532368,1855960,-0.561,-0.572,0.595,1.3,-2.4,1.7,12,-8.9,-19.8,0.394817957,0.147984252,0.421399579,-0.802850429
1412,3534385,1855960,-0.557,-0.568,0.594,1.3,-2.3,1.7,12,-8.9,-19.8,0.394848476,0.147953734,0.42136906,-0.802880947
1413,3536711,1855960,-0.553,-0.568,0.598,1.1,-2.3,1.8,12,-8.9,-19.8,0.394909513,0.147953734,0.421308023,-0.802880947
1414,3539732,1855970,-0.557,-0.564,0.594,0.9,-2.1,1.7,12,-8.9,-19.8,0.394940031,0.147923215,0.421277505,-0.802880947
1415,3542663,1855970,-0.553,-0.568,0.598,0.7,-1.9,1.7,12.5,-9.8,-20.1,0.395001068,0.147923215,0.421246986,-0.802880947
1416,3544399,1855970,-0.553,-0.564,0.598,0.5,-1.7,1.6,12.5,-9.8,-20.1,0.395001068,0.147923215,0.421216468,-0.802850429
1417,3548302,1855970,-0.561,-0.56,0.598,0.2,-1.5,1.6,12.5,-9.8,-20.1,0.395092624,0.147892697,0.421185949,-0.802850429
1418,3549788,1855980,-0.557,-0.564,0.594,0,-1.3,1.6,12.5,-9.8,-20.1,0.395123142,0.147892697,0.421155431,-0.802850429
1419,3551905,1855980,-0.557,-0.553,0.594,-0.3,-1.2,1.6,11.9,-9.7,-19.9,0.395153661,0.147892697,0.421155431,-0.80281991
1420,3554675,1855980,-0.557,-0.553,0.594,-0.6,-1.1,1.6,11.9,-9.7,-19.9,0.395214698,0.147862178,0.421155431,-0.80281991
1421,3557770,1855980,-0.561,-0.552,0.595,-0.9,-0.9,1.5,11.9,-9.7,-19.9,0.395245216,0.147862178,0.421155431,-0.802789392
1422,3559943,1855990,-0.557,-0.553,0.594,-1.2,-0.7,1.4,11.9,-9.7,-19.9,0.395275735,0.147862178,0.421155431,-0.802789392
1423,3562020,1855990,-0.556,-0.545,0.587,-1.4,-0.7,1.4,11.9,-11.5,-19.8,0.395336772,0.14783166,0.421185949,-0.802758873
1424,3564582,1855990,-0.56,-0.545,0.595,-1.5,-0.8,1.3,11.9,-11.5,-19.8,0.39536729,0.14783166,0.421185949,-0.802728355
1425,3566573,1855990,-0.556,-0.545,0.59,-1.6,-0.9,1.1,11.9,-11.5,-19.8,0.395397809,0.147801141,0.421216468,-0.802697836
1426,3569051,1856000,-0.557,-0.549,0.594,-1.7,-0.9,1,11.9,-11.5,-19.8,0.395428327,0.147801141,0.421246986,-0.802697836
1427,3572821,1856000,-0.557,-0.549,0.594,-1.7,-0.9,1,11.9,-11.5,-19.8,0.395428327,0.147801141,0.421246986,-0.802697836
1428,3574455,1856000,-0.56,-0.545,0.591,-1.9,-0.4,0.8,12.1,-12.2,-20,0.395489364,0.147740104,0.421246986,-0.802667318
1429,3576978,1856000,-0.556,-0.545,0.59,-2,-0.1,0.6,12.1,-12.2,-20,0.395519883,0.147740104,0.421277505,-0.802636799
1430,3580164,1856010,-0.556,-0.541,0.587,-2.3,0,0.5,12.1,-12.2,-20,0.395519883,0.147679067,0.421308023,-0.802606281
1431,3582420,1856010,-0.556,-0.537,0.59,-2.5,0.1,0.3,11.7,-12.1,-20,0.395550401,0.147679067,0.42136906,-0.802575762
1432,3584586,1856010,-0.556,-0.529,0.587,-2.7,0.1,0.2,11.7,-12.1,-20,0.395550401,0.147679067,0.421399579,-0.802545244
1433,3586839,1856010,-0.56,-0.533,0.591,-2.8,0.3,0,11.7,-12.1,-20,0.395550401,0.147679067,0.421460616,-0.802514725
1434,3589083,1856020,-0.556,-0.537,0.594,-3,0.5,-0.2,11.7,-12.1,-20,0.395550401,0.147648549,0.421521653,-0.802484207
1435,3591555,1856020,-0.556,-0.537,0.598,-3,0.6,-0.5,12,-11.9,-20.3,0.395550401,0.14761803,0.42158269,-0.802484207
1436,3594127,1856020,-0.556,-0.541,0.594,-2.9,0.8,-0.8,12,-11.9,-20.3,0.395550401,0.14761803,0.421643727,-0.802453688
1437,3597413,1856020,-0.556,-0.549,0.598,-2.8,1,-1.1,12,-11.9,-20.3,0.395519883,0.147587512,0.421704764,-0.80242317
1438,3599540,1856030,-0.557,-0.56,0.598,-2.7,1,-1.4,12,-11.9,-20.3,0.395489364,0.147587512,0.421765801,-0.80242317
1439,3601818,1856030,-0.557,-0.556,0.602,-2.7,1.1,-1.7,11.9,-8.7,-18.7,0.395458846,0.147556993,0.421826838,-0.802392651
1440,3605220,1856030,-0.557,-0.56,0.598,-2.7,1.1,-2,11.9,-8.7,-18.7,0.395428327,0.147526475,0.421887875,-0.802392651
1441,3607122,1856030,-0.561,-0.564,0.606,-2.6,1.2,-2.2,11.9,-8.7,-18.7,0.39536729,0.147495956,0.421948912,-0.802392651
1442,3609173,1856040,-0.561,-0.564,0.602,-2.5,1.4,-2.4,11.9,-8.7,-18.7,0.395336772,0.147495956,0.422040468,-0.802362133
1443,3612448,1856040,-0.561,-0.564,0.606,-2.4,1.4,-2.6,11.9,-9.9,-21.8,0.395275735,0.147465438,0.422101505,-0.802362133
1444,3614682,1856040,-0.561,-0.568,0.602,-2.2,1.4,-2.7,11.9,-9.9,-21.8,0.395214698,0.147465438,0.422162542,-0.802362133
1445,3616989,1856040,-0.561,-0.572,0.606,-2,1.4,-2.9,11.9,-9.9,-21.8,0.395153661,0.147434919,0.422223579,-0.802362133
1446,3619184,1856050,-0.553,-0.568,0.602,-1.7,1.4,-2.9,11.9,-9.9,-21.8,0.395123142,0.147404401,0.422254097,-0.802362133
1447,3622755,1856050,-0.553,-0.568,0.602,-1.7,1.4,-2.9,11.9,-9.9,-21.8,0.395123142,0.147404401,0.422254097,-0.802362133
1448,3624269,1856050,-0.561,-0.572,0.602,-1.9,1.4,-2.7,11.9,-9.5,-21.9,0.39497055,0.147251808,0.422345653,-0.80242317
1449,3626575,1856050,-0.561,-0.568,0.598,-2.4,1.4,-2.7,11.9,-9.5,-21.9,0.394909513,0.147251808,0.42240669,-0.80242317
1450,3629626,1856060,-0.569,-0.572,0.603,-2.7,1.5,-2.6,11.9,-9.5,-21.9,0.394848476,0.14722129,0.422498245,-0.80242317
1451,3632608,1856060,-0.565,-0.572,0.603,-3.2,1.5,-2.6,11.6,-9.2,-21.7,0.394787439,0.147190771,0.422559282,-0.802392651
1452,3634226,1856060,-0.561,-0.576,0.599,-3.5,1.6,-2.6,11.6,-9.2,-21.7,0.39475692,0.147160253,0.422650838,-0.802392651
1453,3636885,1856060,-0.561,-0.58,0.599,-3.7,1.5,-2.4,11.6,-9.2,-21.7,0.394695883,0.147129734,0.422742393,-0.802362133
1454,3640189,1856070,-0.565,-0.588,0.603,-3.6,1.6,-2.3,11.6,-9.2,-21.7,0.394665365,0.147129734,0.422833949,-0.802362133
1455,3641688,1856070,-0.565,-0.584,0.603,-3.4,1.7,-2.2,12,-8.6,-21.9,0.394604328,0.147099216,0.422894986,-0.802331614
1456,3644381,1856070,-0.569,-0.592,0.603,-3.2,1.9,-2.1,12,-8.6,-21.9,0.394573809,0.147068697,0.422986541,-0.802301096
1457,3647575,1856070,-0.565,-0.6,0.607,-3,2,-2.1,12,-8.6,-21.9,0.394512772,0.147068697,0.423078097,-0.802301096
1458,3650041,1856080,-0.565,-0.6,0.607,-2.7,2,-1.9,12,-8.6,-21.9,0.394482253,0.147068697,0.423139134,-0.802270577
1459,3652266,1856080,-0.569,-0.599,0.614,-2.4,2,-1.7,11.9,-9.9,-19.6,0.394451735,0.147068697,0.423200171,-0.802270577
1460,3654477,1856080,-0.565,-0.599,0.614,-2.1,2,-1.6,11.9,-9.9,-19.6,0.394390698,0.147068697,0.423261208,-0.802240059
1461,3656762,1856080,-0.565,-0.603,0.614,-1.7,2,-1.5,11.9,-9.9,-19.6,0.394360179,0.147068697,0.423322245,-0.802240059
1462,3659401,1856090,-0.569,-0.603,0.614,-1.5,1.9,-1.5,11.9,-9.9,-19.6,0.394329661,0.147068697,0.423352763,-0.802240059
1463,3661587,1856090,-0.565,-0.599,0.61,-1.3,2,-1.4,12.2,-10.4,-20.1,0.394268624,0.147099216,0.4234138,-0.802240059
1464,3665742,1856090,-0.561,-0.6,0.61,-1.1,2.1,-1.3,12.2,-10.4,-20.1,0.394238105,0.147099216,0.423444319,-0.802240059
1465,3668032,1856090,-0.565,-0.596,0.607,-0.8,2.3,-1.3,12.2,-10.4,-20.1,0.394207587,0.147129734,0.423505356,-0.80220954
1466,3670222,1856100,-0.565,-0.592,0.606,-0.5,2.3,-1.2,12.2,-10.4,-20.1,0.39414655,0.147160253,0.423535875,-0.80220954
1467,3672504,1856100,-0.565,-0.592,0.606,-0.5,2.3,-1.2,12.2,-10.4,-20.1,0.39414655,0.147160253,0.423535875,-0.80220954
1468,3674697,1856100,-0.569,-0.584,0.603,0.1,2,-0.7,12.3,-9.8,-19.2,0.393993957,0.14700766,0.423657949,-0.802270577
1469,3676944,1856100,-0.561,-0.58,0.606,0.4,1.8,-0.3,12.3,-9.8,-19.2,0.393963439,0.147038179,0.423688467,-0.802270577
1470,3679242,1856110,-0.561,-0.576,0.599,0.6,1.8,-0.1,12.3,-9.8,-19.2,0.39393292,0.147068697,0.423688467,-0.802270577
1471,3681911,1856110,-0.561,-0.58,0.602,0.7,1.9,0.1,11.9,-9.9,-18.6,0.393902402,0.147129734,0.423688467,-0.802270577
1472,3684125,1856110,-0.561,-0.576,0.602,0.8,1.9,0.2,11.9,-9.9,-18.6,0.393902402,0.147160253,0.423688467,-0.802270577
1473,3687470,1856110,-0.565,-0.572,0.599,0.7,2,0.4,11.9,-9.9,-18.6,0.393871883,0.14722129,0.423688467,-0.802270577
1474,3689557,1856120,-0.565,-0.572,0.599,0.6,2,0.6,11.9,-9.9,-18.6,0.393871883,0.147251808,0.423688467,-0.802240059
1475,3691832,1856120,-0.565,-0.568,0.591,0.5,2.2,0.9,12.2,-10.1,-17.7,0.393871883,0.147312845,0.423688467,-0.802240059
1476,3694396,1856120,-0.565,-0.56,0.595,0.4,2.2,1.1,12.2,-10.1,-17.7,0.393871883,0.147343364,0.423688467,-0.802240059
1477,3696676,1856120,-0.569,-0.56,0.591,0.2,2.2,1.2,12.2,-10.1,-17.7,0.393871883,0.147404401,0.423718986,-0.80220954
1478,3700817,1856130,-0.569,-0.56,0.599,0,2.2,1.2,12.2,-10.1,-17.7,0.393871883,0.147465438,0.423718986,-0.80220954
1479,3703017,1856130,-0.564,-0.548,0.591,-0.1,2.3,1.3,12,-10.2,-22.2,0.393871883,0.147526475,0.423749504,-0.802179022
1480,3705258,1856130,-0.564,-0.548,0.591,-0.4,2.4,1.3,12,-10.2,-22.2,0.393871883,0.147556993,0.423780023,-0.802148503
1481,3706781,1856130,-0.565,-0.552,0.595,-0.5,2.5,1.4,12,-10.2,-22.2,0.393871883,0.14761803,0.423810541,-0.802117985
1482,3709266,1856140,-0.56,-0.549,0.595,-0.6,2.5,1.2,12,-10.2,-22.2,0.393871883,0.147679067,0.423810541,-0.802117985
1483,3711537,1856140,-0.565,-0.552,0.595,-0.6,2.4,1.2,12.1,-9.9,-18.8,0.393871883,0.147679067,0.42384106,-0.802087466
1484,3715017,1856140,-0.565,-0.552,0.591,-0.6,2.4,1.1,12.1,-9.9,-18.8,0.393871883,0.147770623,0.423871578,-0.802056948
1485,3716544,1856140,-0.565,-0.556,0.595,-0.7,2.5,1,12.1,-9.9,-18.8,0.393871883,0.147801141,0.423902097,-0.802026429
1486,3719188,1856150,-0.561,-0.556,0.598,-0.7,2.6,0.7,12.1,-9.9,-18.8,0.393871883,0.147862178,0.423963134,-0.801995911
1487,3722574,1856150,-0.561,-0.556,0.598,-0.7,2.6,0.7,12.1,-9.9,-18.8,0.393871883,0.147862178,0.423963134,-0.801995911
1488,3724024,1856150,-0.569,-0.56,0.595,-0.8,2.6,0,12,-9.9,-19.1,0.393841365,0.147953734,0.423963134,-0.801995911
1489,3726611,1856150,-0.565,-0.56,0.591,-0.7,2.4,-0.1,12,-9.9,-19.1,0.393841365,0.147984252,0.423993652,-0.801965392
1490,3730007,1856160,-0.561,-0.564,0.591,-0.6,2.2,-0.3,12,-9.9,-19.1,0.393810846,0.148014771,0.424024171,-0.801965392
1491,3731582,1856160,-0.565,-0.56,0.591,-0.5,2.2,-0.6,11.8,-9.9,-19.6,0.393780328,0.148045289,0.424054689,-0.801965392
1492,3735392,1856160,-0.561,-0.564,0.598,-0.3,2.2,-0.9,11.8,-9.9,-19.6,0.393749809,0.148075808,0.424085208,-0.801965392
1493,3736876,1856160,-0.565,-0.564,0.595,-0.2,2.3,-1.2,11.8,-9.9,-19.6,0.393688772,0.148075808,0.424115726,-0.801965392
1494,3739237,1856170,-0.565,-0.564,0.595,0,2.5,-1.4,11.8,-9.9,-19.6,0.393658254,0.148106326,0.424146245,-0.801965392
1495,3741746,1856170,-0.565,-0.56,0.599,0.1,2.5,-1.5,11.9,-10.1,-20.6,0.393597217,0.148136845,0.424176763,-0.801965392
1496,3745899,1856170,-0.569,-0.564,0.591,0.2,2.6,-1.7,11.9,-10.1,-20.6,0.39353618,0.148197882,0.424207282,-0.801965392
1497,3746557,1856170,-0.569,-0.568,0.595,0.3,2.8,-1.7,11.9,-10.1,-20.6,0.393475143,0.148228401,0.424207282,-0.801995911
1498,3750353,1856180,-0.569,-0.568,0.587,0.3,2.9,-1.8,11.9,-10.1,-20.6,0.393414106,0.148258919,0.4242378,-0.801995911
1499,3752518,1856180,-0.569,-0.568,0.587,0.2,3.1,-1.9,11.9,-9.9,-20.2,0.393353069,0.148289438,0.424268319,-0.801995911
1500,3754087,1856180,-0.565,-0.568,0.591,0.1,3.1,-2.1,11.9,-9.9,-20.2,0.393292032,0.148319956,0.424298837,-0.802026429
1501,3756572,1856180,-0.569,-0.572,0.595,-0.1,3.2,-2.3,11.9,-9.9,-20.2,0.393230995,0.148350475,0.424298837,-0.802026429
1502,3760057,1856190,-0.569,-0.564,0.587,-0.3,3.2,-2.4,11.9,-9.9,-20.2,0.393139439,0.148411512,0.424390393,-0.802026429
1503,3761649,1856190,-0.565,-0.568,0.595,-0.5,3.4,-2.4,12.2,-10.3,-20.5,0.393047884,0.14844203,0.424420911,-0.802026429
1504,3764620,1856190,-0.569,-0.568,0.595,-0.7,3.4,-2.5,12.2,-10.3,-20.5,0.392986847,0.148472549,0.424481948,-0.802026429
1505,3766660,1856190,-0.565,-0.564,0.599,-0.9,3.5,-2.6,12.2,-10.3,-20.5,0.39292581,0.148503067,0.424542985,-0.802056948
1506,3769970,1856200,-0.569,-0.564,0.603,-1,3.6,-2.6,12.2,-10.3,-20.5,0.392834254,0.148533586,0.424604022,-0.802056948
1507,3772136,1856200,-0.569,-0.564,0.603,-1,3.6,-2.6,12.2,-10.3,-20.5,0.392834254,0.148533586,0.424604022,-0.802056948
1508,3775082,1856200,-0.573,-0.564,0.595,-1.3,3.7,-2.6,12.2,-10.1,-19.9,0.392681661,0.148503067,0.424695578,-0.802087466
1509,3776747,1856200,-0.573,-0.568,0.599,-1.4,3.8,-2.8,12.2,-10.1,-19.9,0.392590106,0.148503067,0.424756615,-0.802087466
1510,3780314,1856210,-0.577,-0.568,0.595,-1.6,3.9,-2.9,12.2,-10.1,-19.9,0.39249855,0.148533586,0.424817652,-0.802087466
1511,3782640,1856210,-0.573,-0.572,0.595,-1.7,4,-3,12.2,-10,-20.2,0.392437513,0.148564104,0.424909207,-0.802087466
1512,3784058,1856210,-0.573,-0.568,0.595,-1.8,4,-3.2,12.2,-10,-20.2,0.392345958,0.148594623,0.424970244,-0.802087466
1513,3787064,1856210,-0.573,-0.572,0.595,-1.9,4,-3.3,12.2,-10,-20.2,0.392254402,0.148625141,0.4250618,-0.802087466
1514,3791061,1856220,-0.569,-0.572,0.595,-1.9,4,-3.5,12.2,-10,-20.2,0.392162847,0.14865566,0.425153356,-0.802087466
1515,3793063,1856220,-0.573,-0.572,0.591,-2,4,-3.6,12.4,-10.2,-20.1,0.392071291,0.14865566,0.425214393,-0.802056948
1516,3794557,1856220,-0.573,-0.568,0.595,-2,4,-3.7,12.4,-10.2,-20.1,0.391949217,0.14865566,0.425305948,-0.802056948
1517,3797704,1856220,-0.573,-0.572,0.595,-2,4.1,-3.9,12.4,-10.2,-20.1,0.391857662,0.14865566,0.425397504,-0.802087466
1518,3799851,1856230,-0.573,-0.572,0.591,-1.9,4.2,-3.9,12.4,-10.2,-20.1,0.391766106,0.148716697,0.425489059,-0.802087466
1519,3801705,1856230,-0.569,-0.568,0.591,-1.8,4.3,-3.9,11.7,-10.1,-19.8,0.391644032,0.148747215,0.425550096,-0.802087466
1520,3805837,1856230,-0.573,-0.576,0.595,-1.6,4.2,-4,11.7,-10.1,-19.8,0.391552477,0.148777734,0.425641652,-0.802087466
1521,3807416,1856230,-0.573,-0.576,0.595,-1.5,4.2,-4,11.7,-10.1,-19.8,0.391460921,0.148777734,0.425702689,-0.802087466
1522,3810428,1856240,-0.569,-0.576,0.599,-1.4,4.1,-4.1,11.7,-10.1,-19.8,0.391338847,0.148808252,0.425794244,-0.802087466
1523,3812569,1856240,-0.569,-0.576,0.603,-1.3,4,-4.2,12.6,-10,-19.9,0.391247291,0.148838771,0.425855281,-0.802117985
1524,3814218,1856240,-0.569,-0.584,0.599,-1.3,3.9,-4.3,12.6,-10,-19.9,0.391094699,0.148838771,0.425916318,-0.802117985
1525,3817814,1856240,-0.569,-0.58,0.595,-1.3,3.9,-4.3,12.6,-10,-19.9,0.391003143,0.148869289,0.426007874,-0.802117985
1526,3819310,1856250,-0.569,-0.58,0.599,-1.3,4,-4.3,12.6,-10,-19.9,0.390911588,0.148899808,0.426068911,-0.802148503
1527,3823165,1856250,-0.569,-0.58,0.599,-1.3,4,-4.3,12.6,-10,-19.9,0.390911588,0.148899808,0.426068911,-0.802148503
1528,3825319,1856250,-0.569,-0.584,0.599,-1.3,4.1,-4.1,12.7,-10.2,-20,0.390606403,0.148747215,0.426252022,-0.80220954
1529,3826842,1856250,-0.569,-0.576,0.603,-1.3,4.1,-4,12.7,-10.2,-20,0.390514847,0.148777734,0.426313059,-0.80220954
1530,3829156,1856260,-0.573,-0.58,0.599,-1.4,4.2,-3.9,12.7,-10.2,-20,0.390392773,0.148808252,0.426404614,-0.802240059
1531,3832807,1856260,-0.569,-0.58,0.607,-1.4,4.3,-3.7,12.9,-10,-20,0.390301218,0.148838771,0.426465651,-0.802240059
1532,3834370,1856260,-0.573,-0.58,0.603,-1.3,4.3,-3.6,12.9,-10,-20,0.390209662,0.148869289,0.426557207,-0.802240059
1533,3836710,1856260,-0.573,-0.584,0.603,-1.1,4.3,-3.5,12.9,-10,-20,0.390118107,0.148899808,0.426618244,-0.802240059
1534,3840429,1856270,-0.573,-0.591,0.603,-0.9,4.1,-3.4,12.9,-10,-20,0.389996033,0.148930326,0.426679281,-0.802240059
1535,3841818,1856270,-0.573,-0.584,0.603,-0.8,3.9,-3.2,13.2,-9.7,-20.2,0.389904477,0.148960845,0.426740318,-0.802270577
1536,3844817,1856270,-0.573,-0.595,0.603,-0.7,3.7,-3.2,13.2,-9.7,-20.2,0.389812922,0.148991363,0.426801355,-0.802270577
1537,3846735,1856270,-0.573,-0.591,0.599,-0.6,3.6,-3.2,13.2,-9.7,-20.2,0.389751885,0.149021882,0.426862392,-0.802270577
1538,3849086,1856280,-0.569,-0.592,0.607,-0.5,3.5,-3.3,13.2,-9.7,-20.2,0.389660329,0.1490524,0.426892911,-0.802301096
1539,3853186,1856280,-0.569,-0.588,0.603,-0.3,3.5,-3.3,10.8,-10,-19.7,0.389568773,0.149082919,0.426953948,-0.802301096
1540,3855314,1856280,-0.569,-0.588,0.603,-0.3,3.7,-3.1,10.8,-10,-19.7,0.389477218,0.149113437,0.426984466,-0.802301096
1541,3856923,1856280,-0.573,-0.584,0.595,-0.2,3.7,-3,10.8,-10,-19.7,0.389385662,0.149143956,0.427045503,-0.802331614
1542,3859208,1856290,-0.573,-0.58,0.599,-0.2,3.6,-2.8,10.8,-10,-19.7,0.389294107,0.149174474,0.427076022,-0.802331614
1543,3861504,1856290,-0.569,-0.576,0.599,-0.1,3.5,-2.8,14.5,-9.7,-19.9,0.389202551,0.149204993,0.427137059,-0.802331614
1544,3864100,1856290,-0.569,-0.576,0.599,0,3.5,-2.8,14.5,-9.7,-19.9,0.389141514,0.149235511,0.427167577,-0.802362133
1545,3867830,1856290,-0.569,-0.576,0.599,0.1,3.5,-2.8,14.5,-9.7,-19.9,0.389049959,0.149296548,0.427198096,-0.802362133
1546,3869323,1856300,-0.569,-0.58,0.603,0.2,3.6,-2.7,14.5,-9.7,-19.9,0.388958403,0.149327067,0.427228614,-0.802392651
1547,3873186,1856300,-0.569,-0.58,0.603,0.2,3.6,-2.7,14.5,-9.7,-19.9,0.388958403,0.149327067,0.427228614,-0.802392651
1548,3875350,1856300,-0.569,-0.572,0.599,0.3,3.5,-2.8,14.2,-9.9,-19.8,0.388775292,0.14926603,0.427259133,-0.802484207
1549,3876934,1856300,-0.573,-0.576,0.595,0.3,3.5,-2.8,14.2,-9.9,-19.8,0.388683737,0.149327067,0.427289651,-0.802484207
1550,3879092,1856310,-0.577,-0.58,0.599,0.2,3.7,-2.8,14.2,-9.9,-19.8,0.388592181,0.149357585,0.42732017,-0.802514725
1551,3881554,1856310,-0.569,-0.576,0.599,0,3.7,-2.9,14.3,-9.6,-20.2,0.388531144,0.149388104,0.427350688,-0.802514725
1552,3885075,1856310,-0.573,-0.576,0.603,0,3.5,-2.9,14.3,-9.6,-20.2,0.388439589,0.149418622,0.427411725,-0.802545244
1553,3886543,1856310,-0.573,-0.572,0.599,-0.1,3.5,-2.9,14.3,-9.6,-20.2,0.388348033,0.149449141,0.427442244,-0.802545244
1554,3890343,1856320,-0.573,-0.568,0.595,0,3.5,-2.9,14.3,-9.6,-20.2,0.388256478,0.149510178,0.427503281,-0.802545244
1555,3891824,1856320,-0.577,-0.568,0.599,0,3.5,-3,14.3,-9.6,-20.2,0.388164922,0.149540696,0.427533799,-0.802575762
1556,3894998,1856320,-0.577,-0.564,0.599,0,3.5,-3.3,14.3,-9.6,-20.2,0.388073366,0.149571215,0.427564318,-0.802575762
1557,3896479,1856320,-0.573,-0.572,0.591,0,3.4,-3.5,14.3,-9.6,-20.2,0.387981811,0.149571215,0.427625355,-0.802606281
1558,3899337,1856330,-0.577,-0.572,0.595,0,3.2,-3.7,14.3,-9.6,-20.2,0.387890255,0.149601733,0.427655873,-0.802636799
1559,3903119,1856330,-0.577,-0.572,0.595,0,3.2,-3.8,12.7,-9.8,-19.9,0.3877987,0.149632252,0.427686392,-0.802636799
1560,3904581,1856330,-0.577,-0.568,0.599,0,3.2,-4,12.7,-9.8,-19.9,0.387707144,0.149632252,0.427747429,-0.802667318
1561,3906832,1856330,-0.573,-0.572,0.599,-0.1,3.1,-4.1,12.7,-9.8,-19.9,0.38758507,0.149632252,0.427777947,-0.802697836
1562,3910870,1856340,-0.577,-0.572,0.595,-0.2,3.2,-4.2,12.7,-9.8,-19.9,0.387493515,0.149693289,0.427838984,-0.802728355
1563,3913115,1856340,-0.577,-0.576,0.595,-0.2,3.2,-4.2,12.7,-9.8,-19.9,0.387401959,0.149693289,0.427869503,-0.802728355
1564,3915226,1856340,-0.581,-0.576,0.595,-0.2,3,-4.4,12.7,-9.8,-19.9,0.387279885,0.149693289,0.42793054,-0.802758873
1565,3916619,1856340,-0.581,-0.576,0.591,-0.2,2.6,-4.6,12.7,-9.8,-19.9,0.38718833,0.149693289,0.427961058,-0.802789392
1566,3919608,1856350,-0.573,-0.58,0.595,-0.2,2.4,-4.8,12.7,-9.8,-19.9,0.387066256,0.149693289,0.427991577,-0.80281991
1567,3922751,1856350,-0.573,-0.58,0.595,-0.2,2.4,-4.8,12.7,-9.8,-19.9,0.387066256,0.149693289,0.427991577,-0.80281991
1568,3925464,1856350,-0.577,-0.576,0.591,0,2.4,-4.8,12.7,-9.8,-19.9,0.386852626,0.149693289,0.428083132,-0.802880947
1569,3927539,1856350,-0.573,-0.576,0.595,0,2.4,-4.8,12.7,-9.8,-19.9,0.386761071,0.149693289,0.428113651,-0.802911466
1570,3929357,1856360,-0.573,-0.576,0.595,0.2,2.3,-4.8,12.7,-9.8,-19.9,0.386638997,0.149693289,0.428144169,-0.802941984
1571,3932748,1856360,-0.573,-0.58,0.591,0.2,2.2,-4.9,12.7,-9.8,-19.9,0.386547441,0.149693289,0.428174688,-0.803003021
1572,3934146,1856360,-0.569,-0.576,0.595,0.1,2.2,-4.8,12.7,-9.8,-19.9,0.386425367,0.149693289,0.428205206,-0.80303354
1573,3936824,1856360,-0.573,-0.584,0.599,0,2.3,-4.7,12.7,-9.8,-19.9,0.386333811,0.149693289,0.428205206,-0.803064058
1574,3939142,1856370,-0.577,-0.584,0.595,-0.2,2.3,-4.6,12.7,-9.8,-19.9,0.386211737,0.149693289,0.428266243,-0.803094577
1575,3943182,1856370,-0.577,-0.584,0.595,-0.2,2.2,-4.5,12.7,-9.8,-19.9,0.386120182,0.149632252,0.42832728,-0.803125095
1576,3945012,1856370,-0.573,-0.588,0.595,-0.2,2.1,-4.5,12.7,-9.8,-19.9,0.386028626,0.149632252,0.428357799,-0.803155614
1577,3946886,1856370,-0.569,-0.584,0.595,-0.2,2.1,-4.4,12.7,-9.8,-19.9,0.385937071,0.149632252,0.428388318,-0.803186132
1578,3950229,1856380,-0.577,-0.584,0.599,-0.2,2,-4.4,12.7,-9.8,-19.9,0.385814997,0.149632252,0.428418836,-0.803216651
1579,3951651,1856380,-0.573,-0.584,0.595,-0.2,1.9,-4.3,14,-11.3,-19.9,0.385723441,0.149632252,0.428449355,-0.803247169
1580,3954963,1856380,-0.569,-0.588,0.599,-0.3,1.9,-4.2,14,-11.3,-19.9,0.385631886,0.149632252,0.428510392,-0.803247169
1581,3956738,1856380,-0.565,-0.58,0.599,-0.4,1.8,-4.2,14,-11.3,-19.9,0.38554033,0.149632252,0.42854091,-0.803277688
1582,3959015,1856390,-0.565,-0.588,0.599,-0.3,1.8,-4.2,14,-11.3,-19.9,0.385448775,0.149632252,0.428571429,-0.803308206
1583,3962604,1856390,-0.569,-0.584,0.599,-0.2,1.8,-4,14,-11.3,-19.9,0.385387738,0.149601733,0.428601947,-0.803338725
1584,3964078,1856390,-0.565,-0.592,0.599,0,1.8,-4,14,-11.3,-19.9,0.385296182,0.149601733,0.428632466,-0.803369243
1585,3967507,1856390,-0.565,-0.588,0.599,0,1.8,-3.9,14,-11.3,-19.9,0.385204627,0.149601733,0.428662984,-0.803399762
1586,3969697,1856400,-0.569,-0.592,0.595,0.2,1.7,-4,14,-11.3,-19.9,0.385113071,0.149601733,0.428693503,-0.80343028
1587,3972667,1856400,-0.569,-0.592,0.595,0.2,1.7,-4,14,-11.3,-19.9,0.385113071,0.149601733,0.428693503,-0.80343028
1588,3974174,1856400,-0.565,-0.584,0.599,0.2,1.5,-4,14,-11.3,-19.9,0.384838404,0.149357585,0.428724021,-0.803552355
1589,3977501,1856400,-0.569,-0.584,0.595,0.2,1.5,-3.9,14,-11.3,-19.9,0.384777367,0.149357585,0.42875454,-0.803582873
1590,3979087,1856410,-0.569,-0.584,0.599,0.3,1.6,-3.7,14,-11.3,-19.9,0.384685812,0.149357585,0.428785058,-0.803613392
1591,3981832,1856410,-0.573,-0.584,0.591,0.5,1.6,-3.5,13.7,-8.5,-20,0.384594256,0.149357585,0.428785058,-0.80364391
1592,3984120,1856410,-0.569,-0.576,0.591,0.5,1.5,-3.4,13.7,-8.5,-20,0.384533219,0.149357585,0.428815577,-0.803674429
1593,3987254,1856410,-0.569,-0.584,0.595,0.5,1.4,-3.4,13.7,-8.5,-20,0.384441664,0.149327067,0.428815577,-0.803704947
1594,3989136,1856420,-0.569,-0.58,0.595,0.5,1.3,-3.3,13.7,-8.5,-20,0.384380627,0.149327067,0.428846095,-0.803735466
1595,3992591,1856420,-0.577,-0.58,0.595,0.5,1.3,-3.3,13.7,-8.5,-20,0.38431959,0.149327067,0.428846095,-0.803765984
1596,3994329,1856420,-0.573,-0.58,0.595,0.3,1.4,-3.2,13.7,-8.5,-20,0.384228034,0.149327067,0.428876614,-0.803796503
1597,3997803,1856420,-0.573,-0.58,0.595,0.3,1.5,-3.3,13.7,-8.5,-20,0.384166997,0.149327067,0.428876614,-0.803827021
1598,4000024,1856430,-0.577,-0.576,0.595,0.3,1.5,-3.1,13.7,-8.5,-20,0.384075442,0.149327067,0.428907132,-0.80385754
1599,4001602,1856430,-0.573,-0.584,0.595,0.3,1.7,-3.1,12.9,-9.9,-20.1,0.384014405,0.149327067,0.428907132,-0.80385754
1600,4004478,1856430,-0.573,-0.588,0.599,0.3,1.6,-3,12.9,-9.9,-20.1,0.383953368,0.149327067,0.428937651,-0.803888058
1601,4007806,1856430,-0.573,-0.584,0.603,0.3,1.5,-3,12.9,-9.9,-20.1,0.383892331,0.149357585,0.428968169,-0.803918577
1602,4009235,1856440,-0.569,-0.584,0.599,0.5,1.3,-2.9,12.9,-9.9,-20.1,0.383800775,0.149357585,0.428968169,-0.803949095
1603,4012280,1856440,-0.569,-0.588,0.599,0.6,1.2,-2.9,12.7,-10.2,-20.1,0.383739738,0.149357585,0.428968169,-0.803979614
1604,4013993,1856440,-0.569,-0.588,0.595,0.8,1.1,-2.8,12.7,-10.2,-20.1,0.383678701,0.149357585,0.428968169,-0.803979614
1605,4016675,1856440,-0.569,-0.588,0.599,0.9,1.1,-2.8,12.7,-10.2,-20.1,0.383617664,0.149357585,0.428968169,-0.804010132
1606,4019260,1856450,-0.573,-0.588,0.591,1.1,1.2,-2.8,12.7,-10.2,-20.1,0.383556627,0.149357585,0.428968169,-0.804040651
1607,4022319,1856450,-0.573,-0.588,0.591,1.1,1.2,-2.8,12.7,-10.2,-20.1,0.383556627,0.149357585,0.428968169,-0.804040651
1608,4025298,1856450,-0.569,-0.592,0.599,1.6,0.9,-3,12.8,-10.7,-20.1,0.383373516,0.149235511,0.428968169,-0.804162725
1609,4026809,1856450,-0.569,-0.588,0.595,1.8,0.8,-3.1,12.8,-10.7,-20.1,0.383281961,0.149235511,0.428968169,-0.804223762
1610,4029758,1856460,-0.569,-0.588,0.595,2,0.7,-3.1,12.8,-10.7,-20.1,0.383220923,0.149235511,0.428937651,-0.80425428
1611,4032759,1856460,-0.573,-0.588,0.595,2.1,0.7,-3,12.9,-11.1,-20.2,0.383159886,0.149235511,0.428907132,-0.804284799
1612,4034259,1856460,-0.569,-0.58,0.595,2.1,0.7,-3,12.9,-11.1,-20.2,0.383098849,0.149235511,0.428907132,-0.804345836
1613,4037625,1856460,-0.569,-0.572,0.595,2.2,0.8,-3,12.9,-11.1,-20.2,0.383037812,0.149235511,0.428876614,-0.804376354
1614,4039113,1856470,-0.565,-0.572,0.595,2.1,0.9,-2.9,12.9,-11.1,-20.2,0.382946257,0.149235511,0.428846095,-0.804437391
1615,4041571,1856470,-0.565,-0.572,0.595,2.1,0.8,-2.8,12.9,-11.1,-20.2,0.38288522,0.149235511,0.428846095,-0.80446791
1616,4044190,1856470,-0.565,-0.568,0.595,2.1,0.7,-2.8,12.9,-11.1,-20.2,0.382824183,0.14926603,0.428815577,-0.804498428
1617,4047256,1856470,-0.565,-0.572,0.595,2,0.7,-2.7,12.9,-11.1,-20.2,0.382763146,0.14926603,0.428785058,-0.804559465
1618,4049063,1856480,-0.569,-0.568,0.591,1.9,0.7,-2.6,12.9,-11.1,-20.2,0.382702109,0.14926603,0.428785058,-0.804589984
1619,4052457,1856480,-0.565,-0.568,0.587,1.8,0.7,-2.6,12.9,-11.5,-20,0.382641072,0.14926603,0.42875454,-0.804620502
1620,4054236,1856480,-0.569,-0.572,0.591,1.6,0.8,-2.5,12.9,-11.5,-20,0.382580035,0.14926603,0.42875454,-0.804651021
1621,4057604,1856480,-0.565,-0.568,0.591,1.4,0.9,-2.5,12.9,-11.5,-20,0.382518998,0.14926603,0.428724021,-0.804681539
1622,4059223,1856490,-0.565,-0.576,0.587,1.1,1.1,-2.5,12.9,-11.5,-20,0.382457961,0.149296548,0.428724021,-0.804712058
1623,4062224,1856490,-0.565,-0.572,0.587,1,1.2,-2.4,12.3,-11.6,-20,0.382427442,0.149296548,0.428724021,-0.804742576
1624,4065165,1856490,-0.569,-0.576,0.595,0.6,1.3,-2.4,12.3,-11.6,-20,0.382366405,0.149296548,0.428724021,-0.804773095
1625,4066978,1856490,-0.565,-0.58,0.599,0.5,1.2,-2.4,12.3,-11.6,-20,0.382305368,0.149296548,0.42875454,-0.804773095
1626,4070009,1856500,-0.565,-0.576,0.595,0.4,1,-2.3,12.3,-11.6,-20,0.382244331,0.149296548,0.42875454,-0.804803613
1627,4071595,1856500,-0.565,-0.576,0.595,0.4,1,-2.3,12.3,-11.6,-20,0.382244331,0.149296548,0.42875454,-0.804803613
1628,4074155,1856500,-0.565,-0.572,0.595,0.3,1.2,-2.3,12.9,-11.5,-19.7,0.382152776,0.14926603,0.428724021,-0.80486465
1629,4077271,1856500,-0.561,-0.572,0.591,0.1,1.4,-2.5,12.9,-11.5,-19.7,0.382091739,0.14926603,0.428724021,-0.804895169
1630,4080240,1856510,-0.565,-0.576,0.595,-0.1,1.6,-2.5,12.9,-11.5,-19.7,0.382030702,0.14926603,0.42875454,-0.804895169
1631,4081713,1856510,-0.569,-0.572,0.595,-0.3,1.7,-2.5,12.9,-10.7,-19.7,0.381969665,0.149296548,0.428785058,-0.804925687
1632,4084049,1856510,-0.569,-0.58,0.591,-0.4,1.7,-2.5,12.9,-10.7,-19.7,0.381908628,0.149296548,0.428815577,-0.804925687
1633,4086642,1856510,-0.565,-0.572,0.591,-0.3,1.8,-2.5,12.9,-10.7,-19.7,0.381847591,0.149296548,0.428846095,-0.804956206
1634,4090839,1856520,-0.561,-0.572,0.595,-0.3,1.8,-2.6,12.9,-10.7,-19.7,0.381786554,0.149296548,0.428876614,-0.804956206
1635,4093064,1856520,-0.565,-0.58,0.591,-0.2,1.9,-2.6,12.9,-10.7,-19.7,0.381725517,0.149296548,0.428907132,-0.804956206
1636,4095288,1856520,-0.561,-0.584,0.595,-0.2,1.9,-2.6,12.9,-10.7,-19.7,0.38166448,0.149296548,0.428937651,-0.804986724
1637,4097589,1856520,-0.565,-0.58,0.591,0,1.8,-2.7,12.9,-10.7,-19.7,0.381603442,0.149327067,0.428968169,-0.804986724
1638,4099799,1856530,-0.565,-0.584,0.591,-0.1,1.8,-2.8,12.9,-10.7,-19.7,0.381542405,0.149327067,0.428998688,-0.805017243
1639,4102069,1856530,-0.569,-0.58,0.587,-0.2,1.8,-2.8,13.3,-9.6,-21,0.38145085,0.149327067,0.429029206,-0.805017243
1640,4104371,1856530,-0.565,-0.576,0.595,-0.3,1.8,-2.8,13.3,-9.6,-21,0.381389813,0.149327067,0.429059725,-0.805047761
1641,4106514,1856530,-0.569,-0.58,0.583,-0.5,1.9,-2.9,13.3,-9.6,-21,0.381328776,0.149327067,0.429090243,-0.805047761
1642,4110184,1856540,-0.569,-0.572,0.591,-0.6,2,-2.8,13.3,-9.6,-21,0.381267739,0.149327067,0.429120762,-0.80507828
1643,4111851,1856540,-0.569,-0.576,0.587,-0.6,2.1,-2.8,12.8,-9.2,-20.9,0.381206702,0.149327067,0.42915128,-0.80507828
1644,4114336,1856540,-0.565,-0.58,0.591,-0.7,2.1,-2.8,12.8,-9.2,-20.9,0.381115146,0.149357585,0.429212317,-0.80507828
1645,4116728,1856540,-0.569,-0.58,0.583,-0.6,2.1,-2.8,12.8,-9.2,-20.9,0.381054109,0.149357585,0.429242836,-0.805108798
1646,4120913,1856550,-0.565,-0.576,0.591,-0.6,2.1,-2.8,12.8,-9.2,-20.9,0.380993072,0.149357585,0.429273354,-0.805108798
1647,4123335,1856550,-0.565,-0.576,0.591,-0.6,2.1,-2.8,12.8,-9.2,-20.9,0.380993072,0.149357585,0.429273354,-0.805108798
1648,4125382,1856550,-0.565,-0.576,0.595,-0.6,2,-2.8,13.1,-9,-21.2,0.38084048,0.149357585,0.429334391,-0.805139317
1649,4127867,1856550,-0.573,-0.584,0.591,-0.7,2,-2.8,13.1,-9,-21.2,0.380779443,0.149357585,0.42936491,-0.805169836
1650,4130126,1856560,-0.565,-0.584,0.591,-0.9,2,-2.8,13.1,-9,-21.2,0.380718406,0.149357585,0.429425947,-0.805169836
1651,4132198,1856560,-0.569,-0.588,0.587,-1,2,-2.8,13.3,-9.1,-21.1,0.380657369,0.149357585,0.429456465,-0.805169836
1652,4134541,1856560,-0.573,-0.588,0.591,-1.1,2,-2.7,13.3,-9.1,-21.1,0.380596332,0.149357585,0.429517502,-0.805169836
1653,4136817,1856560,-0.569,-0.584,0.595,-1.3,1.9,-2.7,13.3,-9.1,-21.1,0.380535295,0.149357585,0.429548021,-0.805169836
1654,4139288,1856570,-0.569,-0.584,0.595,-1.4,1.8,-2.6,13.3,-9.1,-21.1,0.380474258,0.149327067,0.429609058,-0.805200354
1655,4142788,1856570,-0.577,-0.584,0.595,-1.5,1.8,-2.6,13.3,-9.1,-21.1,0.380413221,0.149327067,0.429670095,-0.805200354
1656,4145410,1856570,-0.569,-0.584,0.595,-1.6,1.8,-2.5,13.3,-9.1,-21.1,0.380352184,0.149327067,0.429700613,-0.805200354
1657,4146804,1856570,-0.569,-0.588,0.591,-1.6,1.8,-2.4,13.3,-9.1,-21.1,0.380291147,0.149327067,0.42976165,-0.805200354
1658,4149334,1856580,-0.569,-0.584,0.591,-1.7,1.8,-2.3,13.3,-9.1,-21.1,0.380260628,0.149327067,0.429822687,-0.805169836
1659,4151687,1856580,-0.573,-0.588,0.591,-1.7,1.7,-2.3,12.8,-9.8,-19.2,0.380199591,0.149327067,0.429853206,-0.805169836
1660,4154795,1856580,-0.569,-0.588,0.591,-1.7,1.7,-2.1,12.8,-9.8,-19.2,0.380138554,0.149296548,0.429914243,-0.805169836
1661,4156751,1856580,-0.569,-0.588,0.591,-1.6,1.7,-2,12.8,-9.8,-19.2,0.380108036,0.149296548,0.42997528,-0.805169836
1662,4159674,1856590,-0.569,-0.592,0.591,-1.6,1.5,-1.9,12.8,-9.8,-19.2,0.380046999,0.149296548,0.430005799,-0.805169836
1663,4162042,1856590,-0.573,-0.595,0.591,-1.6,1.4,-1.8,12.9,-9.9,-18.2,0.38001648,0.149296548,0.430066836,-0.805169836
1664,4164417,1856590,-0.573,-0.595,0.595,-1.5,1.2,-1.6,12.9,-9.9,-18.2,0.379985961,0.149296548,0.430097354,-0.805169836
1665,4167300,1856590,-0.573,-0.588,0.599,-1.5,1.2,-1.5,12.9,-9.9,-18.2,0.379955443,0.149296548,0.430158391,-0.805139317
1666,4169693,1856600,-0.569,-0.592,0.599,-1.4,1.1,-1.4,12.9,-9.9,-18.2,0.379924924,0.149296548,0.430158391,-0.805139317
1667,4171878,1856600,-0.569,-0.592,0.599,-1.4,1.1,-1.4,12.9,-9.9,-18.2,0.379924924,0.149296548,0.430158391,-0.805139317
1668,4174280,1856600,-0.569,-0.584,0.599,-1.2,0.9,-1.2,13,-10.2,-17.2,0.379833369,0.149204993,0.430249947,-0.805169836
1669,4176909,1856600,-0.569,-0.588,0.603,-1.2,0.9,-1.2,13,-10.2,-17.2,0.37980285,0.149204993,0.430280465,-0.805169836
1670,4179229,1856610,-0.569,-0.588,0.595,-1.3,0.8,-1,13,-10.2,-17.2,0.379772332,0.149204993,0.430341502,-0.805139317
1671,4181899,1856610,-0.569,-0.58,0.591,-1.4,0.8,-1,13.1,-10,-16.8,0.379772332,0.149174474,0.430372021,-0.805139317
1672,4184206,1856610,-0.569,-0.584,0.591,-1.4,0.7,-1,13.1,-10,-16.8,0.379741813,0.149174474,0.430402539,-0.805139317
1673,4187545,1856610,-0.569,-0.576,0.591,-1.3,0.7,-1,13.1,-10,-16.8,0.379711295,0.149174474,0.430433058,-0.805139317
1674,4189349,1856620,-0.565,-0.576,0.587,-1.2,0.6,-0.9,13.1,-10,-16.8,0.379711295,0.149174474,0.430463576,-0.805139317
1675,4191843,1856620,-0.565,-0.572,0.595,-1,0.6,-0.7,13.1,-10,-16.8,0.379680776,0.149174474,0.430494095,-0.805108798
1676,4194701,1856620,-0.569,-0.572,0.595,-0.9,0.6,-0.5,13.1,-10,-16.8,0.379680776,0.149143956,0.430524613,-0.805108798
1677,4196581,1856620,-0.569,-0.576,0.595,-0.9,0.5,-0.2,13.1,-10,-16.8,0.379650258,0.149143956,0.430524613,-0.805108798
1678,4200063,1856630,-0.565,-0.576,0.595,-0.9,0.4,-0.2,13.1,-10,-16.8,0.379650258,0.149143956,0.430555132,-0.805108798
1679,4201827,1856630,-0.569,-0.58,0.591,-0.9,0.3,-0.2,12.2,-9.6,-19.2,0.379650258,0.149143956,0.43058565,-0.80507828
1680,4204107,1856630,-0.569,-0.576,0.595,-1,0.3,-0.2,12.2,-9.6,-19.2,0.379650258,0.149143956,0.430616169,-0.80507828
1681,4207615,1856630,-0.569,-0.58,0.591,-1.1,0.2,-0.4,12.2,-9.6,-19.2,0.379650258,0.149143956,0.430616169,-0.80507828
1682,4209351,1856640,-0.565,-0.576,0.591,-1.3,0.3,-0.4,12.2,-9.6,-19.2,0.379650258,0.149113437,0.430646687,-0.805047761
1683,4212371,1856640,-0.569,-0.58,0.599,-1.5,0.3,-0.2,12.8,-9.7,-20,0.379650258,0.149113437,0.430677206,-0.805047761
1684,4214319,1856640,-0.573,-0.576,0.595,-1.4,0.4,-0.2,12.8,-9.7,-20,0.379619739,0.149113437,0.430707724,-0.805017243
1685,4216526,1856640,-0.573,-0.58,0.599,-1.3,0.3,-0.1,12.8,-9.7,-20,0.379619739,0.149113437,0.430738243,-0.805017243
1686,4220222,1856650,-0.573,-0.576,0.595,-1.3,0.3,-0.2,12.8,-9.7,-20,0.379619739,0.149082919,0.430768761,-0.805017243
1687,4221739,1856650,-0.573,-0.576,0.595,-1.3,0.3,-0.2,12.8,-9.7,-20,0.379619739,0.149082919,0.430768761,-0.805017243
1688,4224605,1856650,-0.573,-0.576,0.595,-1.6,0.1,-0.3,12.6,-9.7,-20.6,0.379680776,0.149082919,0.430707724,-0.805017243
1689,4226637,1856650,-0.573,-0.58,0.595,-1.7,0.1,-0.4,12.6,-9.7,-20.6,0.379680776,0.149082919,0.430738243,-0.805017243
1690,4230053,1856660,-0.577,-0.576,0.591,-1.8,0,-0.4,12.6,-9.7,-20.6,0.379680776,0.1490524,0.430768761,-0.804986724
1691,4231948,1856660,-0.573,-0.584,0.603,-1.8,0,-0.4,12.6,-9.5,-21.3,0.379680776,0.149021882,0.43079928,-0.804986724
1692,4234145,1856660,-0.577,-0.587,0.595,-1.6,-0.1,-0.4,12.6,-9.5,-21.3,0.379680776,0.149021882,0.430829798,-0.804956206
1693,4237490,1856660,-0.573,-0.584,0.595,-1.5,-0.2,-0.4,12.6,-9.5,-21.3,0.379680776,0.148991363,0.430860317,-0.804956206
1694,4239135,1856670,-0.573,-0.588,0.595,-1.3,-0.4,-0.4,12.6,-9.5,-21.3,0.379680776,0.148960845,0.430890835,-0.804956206
1695,4242502,1856670,-0.573,-0.584,0.587,-1.3,-0.4,-0.5,12.6,-9.5,-21.3,0.379680776,0.148930326,0.430921354,-0.804956206
1696,4244315,1856670,-0.577,-0.591,0.591,-1.2,-0.5,-0.4,12.6,-9.5,-21.3,0.379680776,0.148930326,0.430921354,-0.804925687
1697,4247680,1856670,-0.569,-0.588,0.591,-1.3,-0.5,-0.4,12.6,-9.5,-21.3,0.379680776,0.148899808,0.430951872,-0.804925687
1698,4249339,1856680,-0.569,-0.592,0.595,-1.4,-0.4,-0.2,12.6,-9.5,-21.3,0.379680776,0.148869289,0.430982391,-0.804925687
1699,4251852,1856680,-0.569,-0.588,0.599,-1.4,-0.4,-0.2,12.9,-9.9,-19.9,0.379680776,0.148838771,0.430982391,-0.804895169
1700,4254064,1856680,-0.573,-0.588,0.599,-1.4,-0.4,-0.1,12.9,-9.9,-19.9,0.379680776,0.148838771,0.431012909,-0.804895169
1701,4257466,1856680,-0.573,-0.591,0.599,-1.4,-0.4,0,12.9,-9.9,-19.9,0.379680776,0.148808252,0.431043428,-0.804895169
1702,4259375,1856690,-0.573,-0.588,0.607,-1.4,-0.4,0,12.9,-9.9,-19.9,0.379711295,0.148777734,0.431043428,-0.80486465
1703,4261602,1856690,-0.565,-0.596,0.599,-1.4,-0.3,0.1,12.8,-9.8,-19.7,0.379711295,0.148777734,0.431073946,-0.80486465
1704,4265021,1856690,-0.569,-0.595,0.603,-1.4,-0.4,0.2,12.8,-9.8,-19.7,0.379741813,0.148747215,0.431104465,-0.804834132
1705,4266743,1856690,-0.565,-0.592,0.603,-1.4,-0.5,0.3,12.8,-9.8,-19.7,0.379741813,0.148747215,0.431104465,-0.804834132
1706,4269096,1856700,-0.565,-0.596,0.599,-1.4,-0.6,0.5,12.8,-9.8,-19.7,0.379772332,0.148716697,0.431134983,-0.804803613
1707,4272524,1856700,-0.565,-0.596,0.599,-1.4,-0.6,0.5,12.8,-9.8,-19.7,0.379772332,0.148716697,0.431134983,-0.804803613
1708,4274755,1856700,-0.561,-0.592,0.599,-1.4,-0.3,0.7,12.6,-10.1,-20.1,0.379772332,0.148533586,0.431104465,-0.80486465
1709,4276898,1856700,-0.561,-0.596,0.599,-1.5,-0.1,0.8,12.6,-10.1,-20.1,0.37980285,0.148533586,0.431134983,-0.804834132
1710,4279296,1856710,-0.565,-0.6,0.603,-1.6,0,0.9,12.6,-10.1,-20.1,0.379833369,0.148533586,0.431165502,-0.804803613
1711,4281619,1856710,-0.561,-0.6,0.606,-1.7,0,0.9,12.7,-9.9,-19.8,0.379833369,0.148533586,0.43119602,-0.804773095
1712,4285010,1856710,-0.565,-0.596,0.603,-1.6,0,1.1,12.7,-9.9,-19.8,0.379863887,0.148533586,0.431226539,-0.804773095
1713,4287244,1856710,-0.561,-0.596,0.599,-1.6,0,1.3,12.7,-9.9,-19.8,0.379894406,0.148503067,0.431226539,-0.804742576
1714,4289352,1856720,-0.565,-0.592,0.599,-1.7,0,1.4,12.7,-9.9,-19.8,0.379924924,0.148503067,0.431257057,-0.804712058
1715,4292554,1856720,-0.561,-0.592,0.602,-1.9,0,1.6,12.7,-9.9,-19.8,0.379955443,0.148503067,0.431287576,-0.804681539
1716,4294155,1856720,-0.561,-0.588,0.599,-2,0.1,1.6,12.7,-9.9,-19.8,0.379985961,0.148503067,0.431318094,-0.804651021
1717,4296754,1856720,-0.561,-0.588,0.599,-2.2,0.2,1.7,12.7,-9.9,-19.8,0.380046999,0.148533586,0.431348613,-0.804620502
1718,4300160,1856730,-0.561,-0.584,0.602,-2.3,0.2,1.7,12.7,-9.9,-19.8,0.380077517,0.148533586,0.43140965,-0.804559465
1719,4301677,1856730,-0.565,-0.584,0.603,-2.5,0.1,1.8,14,-9.5,-19.7,0.380108036,0.148533586,0.431440168,-0.804528947
1720,4304281,1856730,-0.565,-0.588,0.595,-2.5,0,1.9,14,-9.5,-19.7,0.380138554,0.148533586,0.431470687,-0.804498428
1721,4307646,1856730,-0.565,-0.58,0.599,-2.4,0,2,14,-9.5,-19.7,0.380199591,0.148533586,0.431501205,-0.804437391
1722,4309821,1856740,-0.561,-0.58,0.595,-2.3,0.1,2.1,14,-9.5,-19.7,0.38023011,0.148533586,0.431531724,-0.804406873
1723,4312074,1856740,-0.569,-0.58,0.599,-2.3,0.2,2.2,14,-9.5,-19.6,0.380291147,0.148533586,0.431592761,-0.804376354
1724,4314438,1856740,-0.569,-0.576,0.595,-2.3,0.3,2.2,14,-9.5,-19.6,0.380321665,0.148533586,0.43162328,-0.804315317
1725,4316727,1856740,-0.565,-0.576,0.591,-2.5,0.4,2.3,14,-9.5,-19.6,0.380382702,0.148533586,0.431653798,-0.804284799
1726,4319312,1856750,-0.557,-0.576,0.591,-2.6,0.4,2.2,14,-9.5,-19.6,0.380413221,0.148564104,0.431714835,-0.804223762
1727,4322417,1856750,-0.557,-0.576,0.591,-2.6,0.4,2.2,14,-9.5,-19.6,0.380413221,0.148564104,0.431714835,-0.804223762
1728,4324666,1856750,-0.565,-0.58,0.587,-2.6,0.2,1.9,14,-9.7,-19.9,0.380535295,0.148533586,0.431653798,-0.804193243
1729,4326768,1856750,-0.565,-0.572,0.595,-2.6,0.2,1.8,14,-9.7,-19.9,0.380565813,0.148533586,0.431714835,-0.804162725
1730,4329160,1856760,-0.565,-0.576,0.599,-2.5,0.2,1.9,14,-9.7,-19.9,0.38062685,0.148533586,0.431745354,-0.804132206
1731,4331659,1856760,-0.569,-0.576,0.595,-2.3,0.3,1.9,14,-9.2,-19.6,0.380657369,0.148533586,0.431775872,-0.804101688
1732,4335091,1856760,-0.565,-0.576,0.595,-2.2,0.3,1.8,14,-9.2,-19.6,0.380687887,0.148533586,0.431806391,-0.804040651
1733,4336658,1856760,-0.565,-0.576,0.595,-2.1,0.3,1.7,14,-9.2,-19.6,0.380718406,0.148533586,0.431836909,-0.804010132
1734,4339192,1856770,-0.565,-0.58,0.595,-2,0.1,1.6,14,-9.2,-19.6,0.380748924,0.148533586,0.431867428,-0.803979614
1735,4342604,1856770,-0.565,-0.576,0.591,-1.9,0,1.6,14,-9.2,-19.6,0.380779443,0.148533586,0.431897946,-0.803949095
1736,4344166,1856770,-0.565,-0.584,0.595,-1.7,-0.1,1.6,14,-9.2,-19.6,0.38084048,0.148533586,0.431928465,-0.803918577
1737,4346562,1856770,-0.565,-0.58,0.599,-1.5,-0.2,1.6,14,-9.2,-19.6,0.380870998,0.148533586,0.431958983,-0.803888058
1738,4350008,1856780,-0.561,-0.584,0.595,-1.4,-0.2,1.5,14,-9.2,-19.6,0.380901517,0.148533586,0.431958983,-0.80385754
1739,4351574,1856780,-0.565,-0.58,0.599,-1.2,-0.2,1.4,13.8,-9.5,-19.6,0.380932035,0.148533586,0.431989502,-0.803827021
1740,4354125,1856780,-0.561,-0.588,0.595,-1,-0.2,1.4,13.8,-9.5,-19.6,0.380962554,0.148533586,0.431989502,-0.803827021
1741,4358283,1856780,-0.565,-0.584,0.599,-0.8,-0.2,1.4,13.8,-9.5,-19.6,0.380993072,0.148533586,0.43202002,-0.803796503
1742,4359805,1856790,-0.561,-0.588,0.599,-0.7,-0.2,1.4,13.8,-9.5,-19.6,0.381023591,0.148533586,0.43202002,-0.803796503
1743,4362801,1856790,-0.561,-0.588,0.599,-0.6,-0.3,1.3,13.4,-9.9,-19.7,0.381054109,0.148564104,0.43202002,-0.803765984
1744,4364273,1856790,-0.561,-0.588,0.599,-0.5,-0.4,1.2,13.4,-9.9,-19.7,0.381084628,0.148533586,0.43202002,-0.803765984
1745,4367263,1856790,-0.557,-0.592,0.598,-0.6,-0.4,1.1,13.4,-9.9,-19.7,0.381115146,0.148533586,0.43202002,-0.803735466
1746,4370260,1856800,-0.561,-0.588,0.599,-0.6,-0.4,0.9,13.4,-9.9,-19.7,0.381115146,0.148533586,0.43202002,-0.803735466
1747,4371739,1856800,-0.561,-0.588,0.599,-0.6,-0.4,0.9,13.4,-9.9,-19.7,0.381115146,0.148533586,0.43202002,-0.803735466
1748,4374786,1856800,-0.561,-0.592,0.599,-0.6,-0.4,0.9,13.4,-9.3,-19.6,0.381145665,0.148319956,0.431897946,-0.803827021
1749,4377794,1856800,-0.557,-0.588,0.595,-0.6,-0.3,0.9,13.4,-9.3,-19.6,0.381176183,0.148319956,0.431897946,-0.803796503
1750,4379329,1856810,-0.557,-0.588,0.595,-0.7,-0.3,1,13.4,-9.3,-19.6,0.381206702,0.148319956,0.431928465,-0.803796503
1751,4382340,1856810,-0.561,-0.596,0.599,-0.6,-0.4,1.1,12.9,-9.6,-19.7,0.381206702,0.148319956,0.431928465,-0.803765984
1752,4384407,1856810,-0.561,-0.596,0.599,-0.6,-0.6,1.1,12.9,-9.6,-19.7,0.38123722,0.148319956,0.431928465,-0.803765984
1753,4387496,1856810,-0.557,-0.6,0.602,-0.6,-0.6,1.1,12.9,-9.6,-19.7,0.381267739,0.148319956,0.431928465,-0.803765984
1754,4389252,1856820,-0.557,-0.6,0.598,-0.6,-0.6,1,12.9,-9.6,-19.7,0.381298257,0.148319956,0.431928465,-0.803735466
1755,4391652,1856820,-0.561,-0.6,0.599,-0.7,-0.5,1.1,13.4,-9.7,-19.6,0.381328776,0.148289438,0.431928465,-0.803735466
1756,4395901,1856820,-0.561,-0.604,0.599,-0.8,-0.4,1.1,13.4,-9.7,-19.6,0.381328776,0.148289438,0.431928465,-0.803704947
1757,4396588,1856820,-0.561,-0.6,0.595,-0.9,-0.4,1.3,13.4,-9.7,-19.6,0.381389813,0.148289438,0.431958983,-0.803704947
1758,4400553,1856830,-0.561,-0.6,0.595,-1.1,-0.4,1.4,13.4,-9.7,-19.6,0.381420331,0.148289438,0.431958983,-0.803674429
1759,4402903,1856830,-0.561,-0.596,0.591,-1.1,-0.3,1.5,10.5,-9.9,-19.8,0.38145085,0.148289438,0.431958983,-0.80364391
1760,4405079,1856830,-0.565,-0.596,0.595,-1.1,-0.3,1.5,10.5,-9.9,-19.8,0.381481368,0.148289438,0.431989502,-0.803613392
1761,4407400,1856830,-0.561,-0.596,0.595,-0.9,-0.4,1.6,10.5,-9.9,-19.8,0.381511887,0.148289438,0.431989502,-0.803613392
1762,4409625,1856840,-0.565,-0.596,0.599,-0.9,-0.5,1.6,10.5,-9.9,-19.8,0.381572924,0.148289438,0.431989502,-0.803582873
1763,4411711,1856840,-0.565,-0.596,0.595,-0.8,-0.6,1.6,10.2,-9.6,-19.9,0.381603442,0.148289438,0.431989502,-0.803552355
1764,4414436,1856840,-0.565,-0.592,0.595,-0.8,-0.5,1.6,10.2,-9.6,-19.9,0.381633961,0.148289438,0.43202002,-0.803552355
1765,4417464,1856840,-0.561,-0.592,0.591,-0.9,-0.6,1.6,10.2,-9.6,-19.9,0.38166448,0.148289438,0.43202002,-0.803521836
1766,4419618,1856850,-0.565,-0.588,0.591,-0.9,-0.5,1.7,10.2,-9.6,-19.9,0.381725517,0.148258919,0.43202002,-0.803491317
1767,4421764,1856850,-0.565,-0.588,0.591,-0.9,-0.5,1.7,10.2,-9.6,-19.9,0.381725517,0.148258919,0.43202002,-0.803491317
1768,4424512,1856850,-0.561,-0.592,0.599,-1,-0.7,1.9,9.8,-10,-19.6,0.381756035,0.148106326,0.431989502,-0.803521836
1769,4427075,1856850,-0.561,-0.592,0.595,-1,-1,2,9.8,-10,-19.6,0.381817072,0.148106326,0.431989502,-0.803491317
1770,4429489,1856860,-0.565,-0.588,0.595,-1.1,-1.2,2.1,9.8,-10,-19.6,0.381847591,0.148106326,0.431989502,-0.803460799
1771,4431692,1856860,-0.565,-0.588,0.591,-1.2,-1.2,2,9.4,-9.7,-19.7,0.381908628,0.148075808,0.43202002,-0.803460799
1772,4434484,1856860,-0.561,-0.588,0.595,-1.2,-1.2,2.1,9.4,-9.7,-19.7,0.381969665,0.148075808,0.43202002,-0.80343028
1773,4436737,1856860,-0.565,-0.592,0.595,-1.2,-1,2.1,9.4,-9.7,-19.7,0.382000183,0.148045289,0.43202002,-0.803399762
1774,4439590,1856870,-0.565,-0.588,0.595,-1.2,-1,2.2,9.4,-9.7,-19.7,0.38206122,0.148045289,0.43202002,-0.803369243
1775,4442709,1856870,-0.565,-0.588,0.587,-1.4,-1,2.3,14,-11.3,-19.9,0.382122257,0.148045289,0.432050539,-0.803338725
1776,4444879,1856870,-0.565,-0.584,0.595,-1.4,-1,2.4,14,-11.3,-19.9,0.382183294,0.148045289,0.432050539,-0.803308206
1777,4447189,1856870,-0.565,-0.584,0.599,-1.5,-1,2.4,14,-11.3,-19.9,0.382244331,0.148014771,0.432050539,-0.803277688
1778,4449497,1856880,-0.565,-0.584,0.591,-1.6,-0.9,2.5,14,-11.3,-19.9,0.382305368,0.148014771,0.432081057,-0.803247169
1779,4451809,1856880,-0.565,-0.584,0.595,-1.6,-0.8,2.5,12.5,-8.3,-19.8,0.382366405,0.148014771,0.432081057,-0.803216651
1780,4455815,1856880,-0.569,-0.58,0.595,-1.5,-1,2.5,12.5,-8.3,-19.8,0.382427442,0.148014771,0.432081057,-0.803186132
1781,4458128,1856880,-0.565,-0.58,0.595,-1.3,-1.2,2.4,12.5,-8.3,-19.8,0.382488479,0.148014771,0.432111576,-0.803155614
1782,4460159,1856890,-0.561,-0.588,0.599,-1.1,-1.3,2.4,12.5,-8.3,-19.8,0.382549516,0.147984252,0.432111576,-0.803125095
1783,4461754,1856890,-0.565,-0.588,0.595,-1,-1.5,2.3,13.5,-7.9,-20.1,0.382580035,0.147984252,0.432111576,-0.803094577
1784,4464094,1856890,-0.557,-0.592,0.595,-0.9,-1.5,2.2,13.5,-7.9,-20.1,0.382641072,0.147953734,0.432081057,-0.803064058
1785,4466653,1856890,-0.553,-0.588,0.591,-0.9,-1.5,2.2,13.5,-7.9,-20.1,0.382702109,0.147953734,0.432081057,-0.803064058
1786,4470071,1856900,-0.565,-0.592,0.595,-0.9,-1.5,2.2,13.5,-7.9,-20.1,0.382763146,0.147923215,0.432081057,-0.80303354
1787,4472019,1856900,-0.565,-0.592,0.595,-0.9,-1.5,2.2,13.5,-7.9,-20.1,0.382763146,0.147923215,0.432081057,-0.80303354
1788,4474116,1856900,-0.557,-0.584,0.591,-0.8,-1.6,2.1,13.9,-8.2,-20,0.382824183,0.147679067,0.431989502,-0.803094577
1789,4477396,1856900,-0.561,-0.584,0.591,-0.7,-1.6,2.1,13.9,-8.2,-20,0.38288522,0.147648549,0.431989502,-0.803064058
1790,4479991,1856910,-0.565,-0.576,0.591,-0.6,-1.5,2,13.9,-8.2,-20,0.382915738,0.147648549,0.431989502,-0.803064058
1791,4481891,1856910,-0.561,-0.58,0.591,-0.3,-1.5,1.9,13.8,-8.4,-20.1,0.382976775,0.147648549,0.431989502,-0.80303354
1792,4485503,1856910,-0.557,-0.58,0.595,-0.2,-1.4,1.8,13.8,-8.4,-20.1,0.383007294,0.14761803,0.431958983,-0.80303354
1793,4487407,1856910,-0.557,-0.576,0.598,-0.1,-1.4,1.7,13.8,-8.4,-20.1,0.383068331,0.14761803,0.431958983,-0.80303354
1794,4489378,1856920,-0.561,-0.576,0.599,-0.2,-1.4,1.5,13.8,-8.4,-20.1,0.383098849,0.147587512,0.431928465,-0.803003021
1795,4492898,1856920,-0.557,-0.576,0.591,-0.3,-1.4,1.4,12.8,-9.8,-19.9,0.383159886,0.147587512,0.431928465,-0.803003021
1796,4495091,1856920,-0.561,-0.576,0.591,-0.6,-1.5,1.3,12.8,-9.8,-19.9,0.383190405,0.147556993,0.431928465,-0.802972503
1797,4496990,1856920,-0.557,-0.576,0.587,-0.9,-1.3,1.3,12.8,-9.8,-19.9,0.383220923,0.147556993,0.431928465,-0.802972503
1798,4499349,1856930,-0.561,-0.576,0.591,-1.1,-1.4,1.2,12.8,-9.8,-19.9,0.383251442,0.147526475,0.431928465,-0.802941984
1799,4502554,1856930,-0.561,-0.58,0.587,-1.2,-1.4,1,12.6,-9.7,-20.2,0.383281961,0.147495956,0.431928465,-0.802941984
1800,4504600,1856930,-0.561,-0.576,0.595,-1.3,-1.4,0.9,12.6,-9.7,-20.2,0.383342998,0.147465438,0.431928465,-0.802911466
1801,4506910,1856930,-0.561,-0.584,0.587,-1.3,-1.3,0.8,12.6,-9.7,-20.2,0.383373516,0.147434919,0.431958983,-0.802911466
1802,4509278,1856940,-0.561,-0.584,0.583,-1.4,-1.2,0.8,12.6,-9.7,-20.2,0.383404035,0.147404401,0.431958983,-0.802880947
1803,4512249,1856940,-0.561,-0.584,0.583,-1.3,-1.1,0.8,12.4,-10.1,-20.1,0.383434553,0.147404401,0.431958983,-0.802880947
1804,4515197,1856940,-0.557,-0.588,0.595,-1.2,-1.2,0.7,12.4,-10.1,-20.1,0.383465072,0.147373882,0.431989502,-0.802850429
1805,4517518,1856940,-0.561,-0.588,0.591,-1,-1.2,0.6,12.4,-10.1,-20.1,0.38349559,0.147343364,0.431989502,-0.802850429
1806,4519869,1856950,-0.557,-0.592,0.595,-1,-1.2,0.5,12.4,-10.1,-20.1,0.38349559,0.147312845,0.431989502,-0.802850429
1807,4522826,1856950,-0.557,-0.592,0.595,-1,-1.2,0.5,12.4,-10.1,-20.1,0.38349559,0.147312845,0.431989502,-0.802850429
1808,4525030,1856950,-0.561,-0.588,0.587,-0.8,-1.2,0.4,12.4,-10.8,-19.9,0.38349559,0.147099216,0.431958983,-0.802880947
1809,4527345,1856950,-0.565,-0.596,0.583,-0.8,-1.3,0.4,12.4,-10.8,-19.9,0.383526109,0.147068697,0.431958983,-0.802880947
1810,4530334,1856960,-0.561,-0.588,0.587,-0.7,-1.5,0.3,12.4,-10.8,-19.9,0.383556627,0.147038179,0.431958983,-0.802880947
1811,4532577,1856960,-0.561,-0.584,0.591,-0.7,-1.4,0.3,12.6,-11.8,-20.1,0.383587146,0.147038179,0.431958983,-0.802880947
1812,4534756,1856960,-0.561,-0.596,0.587,-0.6,-1.4,0.3,12.6,-11.8,-20.1,0.383587146,0.14700766,0.431958983,-0.802880947
1813,4536989,1856960,-0.561,-0.592,0.587,-0.6,-1.4,0.4,12.6,-11.8,-20.1,0.383617664,0.146977142,0.431958983,-0.802880947
1814,4539232,1856970,-0.557,-0.588,0.587,-0.6,-1.4,0.5,12.6,-11.8,-20.1,0.383648183,0.146946623,0.431958983,-0.802850429
1815,4542352,1856970,-0.561,-0.596,0.591,-0.6,-1.3,0.4,12.5,-8.1,-19.2,0.383678701,0.146916105,0.431958983,-0.802850429
1816,4545247,1856970,-0.565,-0.592,0.591,-0.6,-1.3,0.3,12.5,-8.1,-19.2,0.383678701,0.146885586,0.431958983,-0.802850429
1817,4546743,1856970,-0.561,-0.588,0.595,-0.6,-1.2,0.4,12.5,-8.1,-19.2,0.38370922,0.146855068,0.431958983,-0.802850429
1818,4549762,1856980,-0.557,-0.596,0.591,-0.7,-1.2,0.6,12.5,-8.1,-19.2,0.383739738,0.146855068,0.431958983,-0.80281991
1819,4551562,1856980,-0.557,-0.596,0.595,-0.8,-1.2,0.7,12.6,-11.1,-20.5,0.383770257,0.146824549,0.431958983,-0.80281991
1820,4554545,1856980,-0.557,-0.596,0.591,-0.9,-1.2,0.6,12.6,-11.1,-20.5,0.383800775,0.146794031,0.431958983,-0.80281991
1821,4556819,1856980,-0.561,-0.6,0.587,-1,-1.3,0.6,12.6,-11.1,-20.5,0.383831294,0.146763512,0.431958983,-0.802789392
1822,4559938,1856990,-0.561,-0.6,0.595,-1.1,-1.5,0.7,12.6,-11.1,-20.5,0.383861812,0.146702475,0.431958983,-0.802789392
1823,4561627,1856990,-0.561,-0.6,0.595,-1.1,-1.5,0.8,12.4,-11.2,-20.6,0.383892331,0.146702475,0.431958983,-0.802789392
1824,4565024,1856990,-0.561,-0.596,0.595,-1.1,-1.5,0.9,12.4,-11.2,-20.6,0.383922849,0.146671957,0.431958983,-0.802758873
1825,4566633,1856990,-0.565,-0.6,0.595,-1.1,-1.5,0.9,12.4,-11.2,-20.6,0.383953368,0.146671957,0.431989502,-0.802758873
1826,4569073,1857000,-0.565,-0.603,0.603,-1,-1.5,0.9,12.4,-11.2,-20.6,0.383983886,0.146641438,0.431989502,-0.802728355
1827,4572601,1857000,-0.565,-0.603,0.603,-1,-1.5,0.9,12.4,-11.2,-20.6,0.383983886,0.146641438,0.431989502,-0.802728355
1828,4574373,1857000,-0.561,-0.6,0.595,-0.8,-1,1.1,12.6,-10.8,-20.9,0.383983886,0.146427808,0.431989502,-0.802758873
1829,4577229,1857000,-0.561,-0.596,0.587,-0.6,-0.9,1.1,12.6,-10.8,-20.9,0.384014405,0.14639729,0.431989502,-0.802758873
1830,4579886,1857010,-0.565,-0.596,0.591,-0.6,-1,1.1,12.6,-10.8,-20.9,0.384044923,0.14639729,0.431989502,-0.802758873
1831,4581802,1857010,-0.561,-0.596,0.595,-0.6,-1.2,1.1,12.6,-9.8,-20.8,0.38410596,0.146366771,0.431989502,-0.802728355
1832,4584823,1857010,-0.565,-0.596,0.591,-0.6,-1.2,1.1,12.6,-9.8,-20.8,0.384136479,0.146366771,0.431989502,-0.802728355
1833,4586545,1857010,-0.561,-0.6,0.591,-0.5,-1.3,1.1,12.6,-9.8,-20.8,0.384166997,0.146336253,0.431989502,-0.802697836
1834,4590054,1857020,-0.569,-0.592,0.583,-0.4,-1.3,1.2,12.6,-9.8,-20.8,0.384197516,0.146336253,0.431958983,-0.802697836
1835,4591754,1857020,-0.565,-0.588,0.579,-0.3,-1.2,1.1,12.7,-9.6,-18.9,0.384228034,0.146305734,0.431958983,-0.802697836
1836,4594105,1857020,-0.565,-0.592,0.591,-0.3,-1.2,1.1,12.7,-9.6,-18.9,0.384258553,0.146305734,0.431958983,-0.802667318
1837,4596966,1857020,-0.565,-0.588,0.587,-0.4,-1.1,1.2,12.7,-9.6,-18.9,0.384289071,0.146275216,0.431958983,-0.802667318
1838,4600138,1857030,-0.561,-0.588,0.587,-0.3,-1,1.3,12.7,-9.6,-18.9,0.38431959,0.146275216,0.431928465,-0.802667318
1839,4601792,1857030,-0.561,-0.576,0.587,-0.3,-1,1.3,13,-9.6,-20.8,0.384380627,0.146275216,0.431928465,-0.802636799
1840,4604604,1857030,-0.561,-0.576,0.583,-0.3,-1,1.3,13,-9.6,-20.8,0.384411145,0.146275216,0.431928465,-0.802636799
1841,4607524,1857030,-0.561,-0.576,0.587,-0.4,-1,1.3,13,-9.6,-20.8,0.384441664,0.146244697,0.431928465,-0.802636799
1842,4609432,1857040,-0.561,-0.584,0.587,-0.6,-1,1.3,13,-9.6,-20.8,0.384472182,0.146244697,0.431928465,-0.802606281
1843,4611564,1857040,-0.561,-0.58,0.591,-1,-0.8,1.2,12.3,-9.3,-20.8,0.384502701,0.146214179,0.431928465,-0.802606281
1844,4615061,1857040,-0.561,-0.58,0.587,-1.4,-0.8,1.1,12.3,-9.3,-20.8,0.384533219,0.146214179,0.431928465,-0.802575762
1845,4616802,1857040,-0.561,-0.58,0.583,-1.6,-0.7,1,12.3,-9.3,-20.8,0.384563738,0.14618366,0.431958983,-0.802545244
1846,4619578,1857050,-0.561,-0.584,0.583,-1.7,-0.7,1,12.3,-9.3,-20.8,0.384594256,0.14618366,0.431989502,-0.802514725
1847,4622255,1857050,-0.561,-0.584,0.583,-1.7,-0.7,1,12.3,-9.3,-20.8,0.384594256,0.14618366,0.431989502,-0.802514725
1848,4625129,1857050,-0.557,-0.588,0.587,-1.7,-0.6,0.6,12.7,-9.1,-20.7,0.384655293,0.146092105,0.431989502,-0.802514725
1849,4626736,1857050,-0.561,-0.588,0.591,-1.7,-0.6,0.6,12.7,-9.1,-20.7,0.384685812,0.146061586,0.43202002,-0.802484207
1850,4629034,1857060,-0.561,-0.596,0.583,-1.6,-0.7,0.5,12.7,-9.1,-20.7,0.384685812,0.146061586,0.432050539,-0.802484207
1851,4631557,1857060,-0.557,-0.592,0.591,-1.6,-0.7,0.4,12.4,-9.2,-20.6,0.38471633,0.146031068,0.432050539,-0.802453688
1852,4634990,1857060,-0.561,-0.596,0.587,-1.5,-0.6,0.3,12.4,-9.2,-20.6,0.384746849,0.146000549,0.432081057,-0.802453688
1853,4636741,1857060,-0.561,-0.592,0.587,-1.4,-0.5,0.3,12.4,-9.2,-20.6,0.384746849,0.146000549,0.432111576,-0.80242317
1854,4640384,1857070,-0.565,-0.588,0.591,-1.3,-0.4,0.3,12.4,-9.2,-20.6,0.384777367,0.145970031,0.432111576,-0.80242317
1855,4642643,1857070,-0.561,-0.584,0.587,-1.2,-0.3,0.3,12.2,-9.7,-20.6,0.384777367,0.145970031,0.432111576,-0.802392651
1856,4645055,1857070,-0.565,-0.584,0.587,-1,-0.2,0.1,12.2,-9.7,-20.6,0.384777367,0.145939512,0.432111576,-0.802392651
1857,4647390,1857070,-0.565,-0.588,0.583,-0.8,0,0,12.2,-9.7,-20.6,0.384777367,0.145939512,0.432172613,-0.802392651
1858,4649766,1857080,-0.561,-0.584,0.591,-0.6,0.1,-0.1,12.2,-9.7,-20.6,0.384777367,0.145939512,0.432172613,-0.802362133
1859,4651861,1857080,-0.561,-0.584,0.591,-0.3,0,-0.1,12.2,-9.7,-19,0.384777367,0.145939512,0.432203131,-0.802362133
1860,4654206,1857080,-0.569,-0.588,0.587,-0.3,0,-0.1,12.2,-9.7,-19,0.384777367,0.145939512,0.432203131,-0.802362133
1861,4656799,1857080,-0.569,-0.592,0.591,-0.3,0,-0.2,12.2,-9.7,-19,0.384777367,0.145908994,0.432203131,-0.802362133
1862,4660195,1857090,-0.569,-0.588,0.587,-0.2,-0.2,-0.2,12.2,-9.7,-19,0.384777367,0.145908994,0.432203131,-0.802362133
1863,4662324,1857090,-0.569,-0.584,0.587,-0.2,-0.3,-0.2,12.5,-9.2,-18.2,0.384777367,0.145908994,0.432203131,-0.802362133
1864,4664586,1857090,-0.565,-0.592,0.587,-0.2,-0.4,-0.2,12.5,-9.2,-18.2,0.384777367,0.145878475,0.432203131,-0.802362133
1865,4666774,1857090,-0.565,-0.592,0.587,-0.2,-0.4,-0.1,12.5,-9.2,-18.2,0.384777367,0.145878475,0.432203131,-0.802362133
1866,4669081,1857100,-0.569,-0.592,0.583,-0.3,-0.3,-0.1,12.5,-9.2,-18.2,0.384777367,0.145878475,0.432203131,-0.802362133
1867,4671699,1857100,-0.569,-0.592,0.583,-0.3,-0.3,-0.1,12.5,-9.2,-18.2,0.384777367,0.145878475,0.432203131,-0.802362133
1868,4675044,1857100,-0.565,-0.588,0.587,-0.6,0.1,0,12.3,-9.4,-17.7,0.384746849,0.14578692,0.432264168,-0.802362133
1869,4676585,1857100,-0.561,-0.588,0.591,-0.6,0.1,0,12.3,-9.4,-17.7,0.384746849,0.14578692,0.432294687,-0.802362133
1870,4679218,1857110,-0.569,-0.588,0.587,-0.7,0.1,0,12.3,-9.4,-17.7,0.384746849,0.14578692,0.432294687,-0.802362133
1871,4682555,1857110,-0.569,-0.592,0.591,-0.9,0.2,0.1,12.4,-9.3,-17.7,0.384746849,0.14578692,0.432325205,-0.802331614
1872,4684087,1857110,-0.569,-0.592,0.591,-1,0.3,0.2,12.4,-9.3,-17.7,0.384777367,0.14578692,0.432325205,-0.802331614
1873,4686708,1857110,-0.569,-0.592,0.591,-1.1,0.4,0.3,12.4,-9.3,-17.7,0.384777367,0.14578692,0.432355724,-0.802301096
1874,4689898,1857120,-0.569,-0.596,0.587,-1.3,0.3,0.3,12.4,-9.3,-17.7,0.384777367,0.14578692,0.432386242,-0.802301096
1875,4691764,1857120,-0.573,-0.595,0.591,-1.4,0.3,0.4,12.6,-9.7,-21.6,0.384777367,0.14578692,0.432416761,-0.802270577
1876,4694072,1857120,-0.569,-0.596,0.587,-1.5,0.1,0.5,12.6,-9.7,-21.6,0.384807886,0.14578692,0.432447279,-0.802270577
1877,4697614,1857120,-0.573,-0.599,0.579,-1.5,0.1,0.5,12.6,-9.7,-21.6,0.384807886,0.14578692,0.432477798,-0.802240059
1878,4699059,1857130,-0.565,-0.596,0.583,-1.5,0.1,0.4,12.6,-9.7,-21.6,0.384807886,0.14578692,0.432477798,-0.80220954
1879,4702063,1857130,-0.573,-0.588,0.583,-1.4,0.1,0.3,13,-9.6,-19.7,0.384838404,0.145725883,0.432508316,-0.80220954
1880,4705056,1857130,-0.573,-0.591,0.587,-1.4,0.1,0.3,13,-9.6,-19.7,0.384838404,0.145725883,0.432538835,-0.802179022
1881,4706586,1857130,-0.569,-0.592,0.587,-1.3,0.2,0.4,13,-9.6,-19.7,0.384838404,0.145725883,0.432569353,-0.802179022
1882,4709598,1857140,-0.565,-0.588,0.587,-1.2,0.3,0.4,13,-9.6,-19.7,0.384868923,0.145725883,0.432599872,-0.802148503
1883,4712515,1857140,-0.569,-0.588,0.583,-1.1,0.3,0.5,12.3,-9.9,-21,0.384868923,0.145725883,0.432599872,-0.802148503
1884,4714248,1857140,-0.569,-0.588,0.583,-1.1,0.3,0.5,12.3,-9.9,-21,0.384868923,0.145725883,0.43263039,-0.802117985
1885,4716636,1857140,-0.569,-0.588,0.587,-1.1,0.4,0.6,12.3,-9.9,-21,0.384899442,0.145725883,0.432660909,-0.802117985
1886,4720088,1857150,-0.569,-0.588,0.583,-1.1,0.4,0.7,12.3,-9.9,-21,0.384899442,0.145725883,0.432691427,-0.802087466
1887,4721584,1857150,-0.569,-0.588,0.583,-1.1,0.4,0.7,12.3,-9.9,-21,0.384899442,0.145725883,0.432691427,-0.802087466
1888,4724202,1857150,-0.565,-0.58,0.583,-1.4,0.1,1,12.9,-10,-21.6,0.38492996,0.145725883,0.432752464,-0.802026429
1889,4727584,1857150,-0.569,-0.588,0.583,-1.4,0.1,1,12.9,-10,-21.6,0.38492996,0.145725883,0.432782983,-0.802026429
1890,4729087,1857160,-0.569,-0.584,0.575,-1.5,0,1.1,12.9,-10,-21.6,0.384960479,0.145725883,0.432813501,-0.801995911
1891,4731576,1857160,-0.569,-0.584,0.583,-1.7,0,1.1,12.6,-9.6,-21.8,0.384990997,0.145725883,0.432813501,-0.801965392
1892,4735090,1857160,-0.569,-0.576,0.583,-1.9,0,1.1,12.6,-9.6,-21.8,0.385021516,0.145725883,0.43284402,-0.801934874
1893,4736524,1857160,-0.569,-0.576,0.583,-2,0,1.1,12.6,-9.6,-21.8,0.385052034,0.145725883,0.432874538,-0.801904355
1894,4739343,1857170,-0.565,-0.572,0.583,-2.2,0,1.1,12.6,-9.6,-21.8,0.385082553,0.145725883,0.432935575,-0.801873836
1895,4742356,1857170,-0.565,-0.58,0.583,-2.3,-0.1,1.1,12.5,-9.6,-20,0.385113071,0.145725883,0.432966094,-0.801843318
1896,4744143,1857170,-0.569,-0.58,0.583,-2.2,-0.2,1,12.5,-9.6,-20,0.38514359,0.145695364,0.432996612,-0.801812799
1897,4746557,1857170,-0.565,-0.58,0.583,-2.1,-0.1,0.9,12.5,-9.6,-20,0.38514359,0.145695364,0.433027131,-0.801751762
1898,4750081,1857180,-0.561,-0.584,0.583,-1.8,0,0.8,12.5,-9.6,-20,0.385174108,0.145664846,0.433057649,-0.801751762
1899,4752314,1857180,-0.565,-0.584,0.583,-1.2,0,0.8,12.7,-9.9,-19.8,0.385204627,0.145664846,0.433088168,-0.801751762
1900,4754529,1857180,-0.569,-0.584,0.587,-1.2,0,0.8,12.7,-9.9,-19.8,0.385204627,0.145664846,0.433088168,-0.801721244
1901,4756759,1857180,-0.565,-0.588,0.583,-1.1,0,0.8,12.7,-9.9,-19.8,0.385235145,0.145664846,0.433118686,-0.801721244
1902,4759156,1857190,-0.565,-0.58,0.583,-1,0,0.8,12.7,-9.9,-19.8,0.385235145,0.145664846,0.433118686,-0.801690725
1903,4762670,1857190,-0.569,-0.58,0.587,-0.9,0,0.7,12.6,-9.6,-19.8,0.385235145,0.145664846,0.433149205,-0.801690725
1904,4764096,1857190,-0.565,-0.584,0.587,-0.7,0,0.6,12.6,-9.6,-19.8,0.385235145,0.145664846,0.433149205,-0.801660207
1905,4766602,1857190,-0.565,-0.576,0.587,-0.5,0.1,0.5,12.6,-9.6,-19.8,0.385296182,0.145664846,0.433179724,-0.801660207
1906,4770088,1857200,-0.565,-0.58,0.587,-0.4,0.2,0.5,12.6,-9.6,-19.8,0.385296182,0.145664846,0.433179724,-0.801629688
1907,4771644,1857200,-0.565,-0.58,0.587,-0.4,0.2,0.5,12.6,-9.6,-19.8,0.385296182,0.145664846,0.433179724,-0.801629688
1908,4774508,1857200,-0.561,-0.584,0.587,-0.2,0,0.2,12.4,-9.4,-20.1,0.385326701,0.145664846,0.433088168,-0.801660207
1909,4777541,1857200,-0.561,-0.584,0.587,-0.2,0,0.2,12.4,-9.4,-20.1,0.385326701,0.145664846,0.433088168,-0.801660207
1910,4779028,1857210,-0.561,-0.588,0.579,-0.2,0,0.1,12.4,-9.4,-20.1,0.385326701,0.145664846,0.433088168,-0.801660207
1911,4781600,1857210,-0.565,-0.596,0.587,-0.2,-0.1,0.1,12.6,-9.8,-19.9,0.385357219,0.145664846,0.433118686,-0.801660207
1912,4784694,1857210,-0.561,-0.592,0.583,-0.2,-0.2,0.1,12.6,-9.8,-19.9,0.385357219,0.145664846,0.433118686,-0.801660207
1913,4787721,1857210,-0.561,-0.596,0.583,-0.1,-0.3,0.1,12.6,-9.8,-19.9,0.385357219,0.145664846,0.433118686,-0.801660207
1914,4789272,1857220,-0.561,-0.592,0.587,0,-0.3,0.1,12.6,-9.8,-19.9,0.385357219,0.145634327,0.433088168,-0.801660207
1915,4792354,1857220,-0.561,-0.596,0.591,-0.1,-0.3,0.1,11,-9.8,-19.8,0.385387738,0.145634327,0.433088168,-0.801660207
1916,4795347,1857220,-0.561,-0.596,0.583,-0.2,-0.1,0.2,11,-9.8,-19.8,0.385387738,0.145634327,0.433088168,-0.801660207
1917,4796853,1857220,-0.557,-0.596,0.583,-0.2,0,0.3,11,-9.8,-19.8,0.385387738,0.145634327,0.433118686,-0.801629688
1918,4799842,1857230,-0.561,-0.596,0.579,-0.2,0,0.3,11,-9.8,-19.8,0.385387738,0.145634327,0.433118686,-0.801629688
1919,4801955,1857230,-0.557,-0.592,0.587,-0.2,0.1,0.2,13.9,-9.8,-20,0.385387738,0.145634327,0.433118686,-0.801629688
1920,4805196,1857230,-0.561,-0.592,0.583,-0.3,0.1,0.1,13.9,-9.8,-20,0.385387738,0.145634327,0.433118686,-0.801629688
1921,4806677,1857230,-0.561,-0.592,0.591,-0.5,0.2,0.2,13.9,-9.8,-20,0.385418256,0.145634327,0.433118686,-0.801629688
1922,4809683,1857240,-0.561,-0.6,0.587,-0.8,0.3,0.3,13.9,-9.8,-20,0.385418256,0.145664846,0.433149205,-0.80159917
1923,4812665,1857240,-0.561,-0.596,0.587,-0.9,0.4,0.3,14.3,-9.7,-20,0.385418256,0.145664846,0.433179724,-0.80159917
1924,4814247,1857240,-0.561,-0.596,0.587,-1.2,0.4,0.3,14.3,-9.7,-20,0.385418256,0.145664846,0.433179724,-0.801568651
1925,4817271,1857240,-0.561,-0.596,0.587,-1.4,0.4,0.4,14.3,-9.7,-20,0.385418256,0.145664846,0.433210242,-0.801568651
1926,4820254,1857250,-0.565,-0.6,0.583,-1.5,0.3,0.5,14.3,-9.7,-20,0.385448775,0.145664846,0.433240761,-0.801538133
1927,4821807,1857250,-0.565,-0.6,0.583,-1.5,0.3,0.5,14.3,-9.7,-20,0.385448775,0.145664846,0.433240761,-0.801538133
1928,4824115,1857250,-0.561,-0.596,0.583,-1.7,0.6,0.6,14.2,-9.7,-19.9,0.385387738,0.145481735,0.433362835,-0.801538133
1929,4827813,1857250,-0.561,-0.6,0.587,-1.7,0.6,0.6,14.2,-9.7,-19.9,0.385387738,0.145481735,0.433393353,-0.801507614
1930,4829270,1857260,-0.561,-0.604,0.587,-1.6,0.6,0.6,14.2,-9.7,-19.9,0.385387738,0.145481735,0.43345439,-0.801477096
1931,4832239,1857260,-0.561,-0.6,0.587,-1.5,0.5,0.6,14.2,-9.7,-19.8,0.385418256,0.145512253,0.43345439,-0.801446577
1932,4835289,1857260,-0.557,-0.604,0.591,-1.4,0.6,0.6,14.2,-9.7,-19.8,0.385418256,0.145512253,0.433484909,-0.801446577
1933,4836848,1857260,-0.561,-0.6,0.591,-1.3,0.6,0.5,14.2,-9.7,-19.8,0.385418256,0.145512253,0.433515427,-0.801416059
1934,4839811,1857270,-0.565,-0.603,0.591,-1.2,0.6,0.4,14.2,-9.7,-19.8,0.385448775,0.145512253,0.433545946,-0.801416059
1935,4842723,1857270,-0.561,-0.6,0.583,-1.2,0.6,0.4,12.1,-9.6,-20,0.385448775,0.145512253,0.433576464,-0.80138554
1936,4844334,1857270,-0.565,-0.603,0.583,-1.2,0.7,0.4,12.1,-9.6,-20,0.385448775,0.145512253,0.433606983,-0.801355022
1937,4847478,1857270,-0.565,-0.596,0.583,-1.2,0.8,0.5,12.1,-9.6,-20,0.385448775,0.145542772,0.433637501,-0.801355022
1938,4849677,1857280,-0.561,-0.592,0.583,-1.3,0.9,0.6,12.1,-9.6,-20,0.385448775,0.145542772,0.43366802,-0.801324503
1939,4852635,1857280,-0.561,-0.6,0.583,-1.3,0.9,0.6,13,-9.6,-19.9,0.385448775,0.145542772,0.433698538,-0.801293985
1940,4854073,1857280,-0.561,-0.6,0.591,-1.2,0.9,0.7,13,-9.6,-19.9,0.385479293,0.14557329,0.433729057,-0.801293985
1941,4857225,1857280,-0.561,-0.596,0.587,-1.1,0.8,0.8,13,-9.6,-19.9,0.385479293,0.14557329,0.433759575,-0.801263466
1942,4860098,1857290,-0.561,-0.592,0.587,-0.9,0.8,0.8,13,-9.6,-19.9,0.385479293,0.145603809,0.433759575,-0.801232948
1943,4861630,1857290,-0.565,-0.592,0.583,-0.8,0.9,0.7,13.4,-9.6,-19.8,0.385509812,0.145603809,0.433790094,-0.801232948
1944,4864740,1857290,-0.561,-0.592,0.583,-0.7,1,0.7,13.4,-9.6,-19.8,0.385509812,0.145634327,0.433820612,-0.801202429
1945,4867683,1857290,-0.565,-0.592,0.583,-0.8,1.1,0.8,13.4,-9.6,-19.8,0.385509812,0.145664846,0.433820612,-0.801202429
1946,4869259,1857300,-0.561,-0.588,0.587,-0.8,1,0.8,13.4,-9.6,-19.8,0.385509812,0.145664846,0.433851131,-0.801171911
1947,4871517,1857300,-0.561,-0.588,0.587,-0.8,1,0.8,13.4,-9.6,-19.8,0.385509812,0.145664846,0.433851131,-0.801171911
1948,4874424,1857300,-0.565,-0.588,0.579,-0.8,1,0.8,12.1,-9.8,-20,0.385479293,0.145603809,0.433912168,-0.801171911
1949,4877725,1857300,-0.565,-0.584,0.591,-0.8,1,0.8,12.1,-9.8,-20,0.385479293,0.145603809,0.433912168,-0.801171911
1950,4879745,1857310,-0.565,-0.588,0.583,-0.7,0.9,0.8,12.1,-9.8,-20,0.385509812,0.145634327,0.433942686,-0.801141392
1951,4882722,1857310,-0.557,-0.588,0.583,-0.7,0.9,0.8,11.4,-9.6,-20.1,0.385509812,0.145634327,0.433973205,-0.801110874
1952,4884302,1857310,-0.565,-0.584,0.583,-0.7,0.9,0.8,11.4,-9.6,-20.1,0.385509812,0.145664846,0.433973205,-0.801110874
1953,4887243,1857310,-0.569,-0.584,0.579,-0.7,1,0.6,11.4,-9.6,-20.1,0.385509812,0.145695364,0.434003723,-0.801080355
1954,4888993,1857320,-0.565,-0.584,0.587,-0.7,1,0.5,11.4,-9.6,-20.1,0.385509812,0.145695364,0.434034242,-0.801080355
1955,4891736,1857320,-0.561,-0.584,0.587,-0.6,0.9,0.4,13.6,-9.7,-19.8,0.385509812,0.145725883,0.434034242,-0.801049837
1956,4894909,1857320,-0.561,-0.584,0.583,-0.6,0.9,0.3,13.6,-9.7,-19.8,0.385509812,0.145725883,0.43406476,-0.801049837
1957,4896644,1857320,-0.557,-0.588,0.587,-0.4,0.8,0.3,13.6,-9.7,-19.8,0.385509812,0.145725883,0.43406476,-0.801049837
1958,4900145,1857330,-0.557,-0.588,0.583,-0.3,0.9,0.2,13.6,-9.7,-19.8,0.385509812,0.145725883,0.43406476,-0.801019318
1959,4902463,1857330,-0.553,-0.584,0.583,-0.3,1.1,0.2,10.6,-9.4,-20,0.385509812,0.14578692,0.43406476,-0.801019318
1960,4904648,1857330,-0.557,-0.588,0.587,-0.3,1.1,0.2,10.6,-9.4,-20,0.385509812,0.14578692,0.434125797,-0.801019318
1961,4906648,1857330,-0.561,-0.584,0.587,-0.5,1.2,0.2,10.6,-9.4,-20,0.385509812,0.145817438,0.434125797,-0.8009888
1962,4909622,1857340,-0.565,-0.584,0.595,-0.4,1.3,0.1,10.6,-9.4,-20,0.385479293,0.145847957,0.434156316,-0.8009888
1963,4911631,1857340,-0.557,-0.584,0.587,-0.4,1.4,0.1,10.5,-9.5,-19.9,0.385479293,0.145847957,0.434156316,-0.8009888
1964,4915136,1857340,-0.565,-0.588,0.583,-0.5,1.4,0,10.5,-9.5,-19.9,0.385479293,0.145878475,0.434186834,-0.800958281
1965,4916907,1857340,-0.561,-0.584,0.587,-0.6,1.5,0,10.5,-9.5,-19.9,0.385448775,0.145908994,0.434217353,-0.800958281
1966,4919985,1857350,-0.565,-0.584,0.583,-0.6,1.4,-0.1,10.5,-9.5,-19.9,0.385448775,0.145939512,0.434247871,-0.800958281
1967,4921580,1857350,-0.565,-0.584,0.583,-0.6,1.4,-0.1,10.5,-9.5,-19.9,0.385448775,0.145939512,0.434247871,-0.800958281
1968,4924258,1857350,-0.561,-0.588,0.587,-0.3,1.4,-0.2,10.6,-9.6,-19.8,0.385387738,0.145847957,0.434217353,-0.801019318
1969,4927809,1857350,-0.561,-0.588,0.591,-0.3,1.4,-0.2,10.6,-9.6,-19.8,0.385357219,0.145878475,0.434247871,-0.8009888
1970,4929914,1857360,-0.557,-0.592,0.595,-0.1,1.5,-0.4,10.6,-9.6,-19.8,0.385357219,0.145878475,0.434247871,-0.8009888
1971,4932248,1857360,-0.565,-0.596,0.591,0.1,1.6,-0.5,11.1,-9.3,-19.5,0.385326701,0.145908994,0.43427839,-0.8009888
1972,4934086,1857360,-0.561,-0.596,0.591,0.4,1.6,-0.6,11.1,-9.3,-19.5,0.385296182,0.145939512,0.43427839,-0.8009888
1973,4937473,1857360,-0.565,-0.6,0.591,0.5,1.6,-0.6,11.1,-9.3,-19.5,0.385235145,0.145970031,0.43427839,-0.801019318
1974,4939813,1857370,-0.565,-0.592,0.587,0.5,1.6,-0.6,11.1,-9.3,-19.5,0.385235145,0.146000549,0.43427839,-0.801019318
1975,4941974,1857370,-0.565,-0.596,0.591,0.4,1.7,-0.6,13.5,-10.9,-19.9,0.385204627,0.146031068,0.434308908,-0.801019318
1976,4945017,1857370,-0.565,-0.588,0.587,0.2,1.8,-0.6,13.5,-10.9,-19.9,0.385174108,0.146061586,0.434308908,-0.801019318
1977,4946540,1857370,-0.565,-0.592,0.583,0,2.1,-0.7,13.5,-10.9,-19.9,0.38514359,0.146092105,0.434339427,-0.801019318
1978,4949849,1857380,-0.565,-0.584,0.579,-0.1,2.1,-0.8,13.5,-10.9,-19.9,0.385113071,0.146122623,0.434339427,-0.801019318
1979,4952165,1857380,-0.565,-0.584,0.579,-0.3,2.1,-0.9,12.7,-8,-20.3,0.385082553,0.146122623,0.434369945,-0.801019318
1980,4955096,1857380,-0.565,-0.58,0.591,-0.3,2,-0.9,12.7,-8,-20.3,0.385052034,0.146153142,0.434400464,-0.801019318
1981,4956760,1857380,-0.565,-0.584,0.587,-0.4,2,-0.9,12.7,-8,-20.3,0.384990997,0.14618366,0.434430982,-0.801019318
1982,4959192,1857390,-0.561,-0.588,0.579,-0.5,2,-0.9,12.7,-8,-20.3,0.384960479,0.146214179,0.434461501,-0.801019318
1983,4961499,1857390,-0.565,-0.596,0.587,-0.5,2,-0.9,13.3,-7.9,-20.4,0.38492996,0.146214179,0.434492019,-0.801019318
1984,4964941,1857390,-0.569,-0.592,0.583,-0.6,1.9,-0.9,13.3,-7.9,-20.4,0.384899442,0.146244697,0.434522538,-0.8009888
1985,4966464,1857390,-0.561,-0.596,0.587,-0.6,1.9,-0.9,13.3,-7.9,-20.4,0.384868923,0.146275216,0.434553056,-0.8009888
1986,4969422,1857400,-0.565,-0.6,0.583,-0.7,1.9,-0.8,13.3,-7.9,-20.4,0.384838404,0.146275216,0.434583575,-0.8009888
1987,4971634,1857400,-0.565,-0.6,0.583,-0.7,1.9,-0.8,13.3,-7.9,-20.4,0.384838404,0.146275216,0.434583575,-0.8009888
1988,4974965,1857400,-0.569,-0.599,0.579,-0.9,1.9,-0.7,13.4,-7.8,-20.1,0.38471633,0.14618366,0.43467513,-0.801019318
1989,4977008,1857400,-0.573,-0.595,0.583,-0.9,1.9,-0.7,13.4,-7.8,-20.1,0.384685812,0.146214179,0.434705649,-0.8009888
1990,4979069,1857410,-0.569,-0.592,0.579,-1,2,-0.7,13.4,-7.8,-20.1,0.384685812,0.146244697,0.434736167,-0.8009888
1991,4982098,1857410,-0.569,-0.592,0.579,-1.1,2,-0.7,13.6,-8,-19.9,0.384655293,0.146244697,0.434797205,-0.8009888
1992,4985218,1857410,-0.569,-0.588,0.579,-0.9,2,-0.7,13.6,-8,-19.9,0.384624775,0.146275216,0.434827723,-0.800958281
1993,4986780,1857410,-0.565,-0.588,0.583,-0.8,2.1,-0.6,13.6,-8,-19.9,0.384594256,0.146305734,0.434858242,-0.800958281
1994,4989710,1857420,-0.565,-0.596,0.583,-0.6,2.1,-0.6,13.6,-8,-19.9,0.384563738,0.146336253,0.43488876,-0.800958281
1995,4991728,1857420,-0.565,-0.592,0.583,-0.4,2,-0.7,12.6,-9.6,-19.8,0.384533219,0.146366771,0.434919279,-0.800958281
1996,4994961,1857420,-0.565,-0.592,0.583,-0.3,2,-0.8,12.6,-9.6,-19.8,0.384502701,0.146366771,0.434949797,-0.800958281
1997,4996581,1857420,-0.565,-0.592,0.579,-0.1,1.8,-0.8,12.6,-9.6,-19.8,0.384472182,0.14639729,0.434949797,-0.800958281
1998,4999684,1857430,-0.565,-0.588,0.583,0,1.7,-0.8,12.6,-9.6,-19.8,0.384441664,0.146427808,0.434980316,-0.800958281
