sample_index,elapsed_us,device_time_ms,acc_x_g,acc_y_g,acc_z_g,gyro_x_dps,gyro_y_dps,gyro_z_dps,mag_x_ut,mag_y_ut,mag_z_ut,quat_w,quat_x,quat_y,quat_z
0,4931,512060,0.96,0.284,0.168,-0.3,-0.3,0.5,-10.8,-34.9,8.1,0.627948851,-0.196722312,-0.607257302,-0.445173498
1,7061,512060,0.96,0.284,0.168,-0.3,-0.3,0.5,-10.8,-34.9,8.1,0.627948851,-0.196722312,-0.607257302,-0.445173498
2,9189,512060,0.96,0.284,0.172,-0.2,-0.5,0.6,-10.8,-34.9,8.1,0.627918332,-0.196752831,-0.607257302,-0.445142979
3,11473,512070,0.96,0.284,0.172,-0.2,-0.5,0.6,-10.8,-34.9,8.1,0.627918332,-0.196752831,-0.607257302,-0.445142979
4,13617,512070,0.96,0.288,0.164,-0.2,-0.4,0.3,-11,-34.9,8.4,0.627918332,-0.196783349,-0.607257302,-0.445142979
5,15716,512070,0.96,0.288,0.164,-0.2,-0.4,0.3,-11,-34.9,8.4,0.627918332,-0.196783349,-0.607257302,-0.445142979
6,18019,512070,0.956,0.292,0.164,-0.1,-0.4,0.3,-11,-34.9,8.4,0.627918332,-0.196813868,-0.60728782,-0.445142979
7,21065,512080,0.956,0.292,0.164,-0.1,-0.4,0.3,-11,-34.9,8.4,0.627918332,-0.196813868,-0.60728782,-0.445142979
8,23206,512080,0.96,0.288,0.164,-0.2,-0.6,0.5,-12,-34.9,7.7,0.627918332,-0.196844386,-0.60728782,-0.445112461
9,25506,512080,0.96,0.288,0.164,-0.2,-0.6,0.5,-12,-34.9,7.7,0.627918332,-0.196844386,-0.60728782,-0.445112461
10,28718,512080,0.96,0.288,0.164,-0.5,-0.7,0.6,-12,-34.9,7.7,0.627887814,-0.196874905,-0.60728782,-0.445112461
11,30843,512090,0.96,0.288,0.164,-0.5,-0.7,0.6,-12,-34.9,7.7,0.627887814,-0.196874905,-0.60728782,-0.445112461
12,33062,512090,0.948,0.292,0.16,-0.8,-0.7,0.6,-12.3,-34.6,7.8,0.627887814,-0.196935942,-0.60728782,-0.445112461
13,36228,512090,0.948,0.292,0.16,-0.8,-0.7,0.6,-12.3,-34.6,7.8,0.627887814,-0.196935942,-0.60728782,-0.445112461
14,39361,512090,0.944,0.288,0.164,-1.2,-0.8,0.6,-12.3,-34.6,7.8,0.627857295,-0.196996979,-0.60728782,-0.445112461
15,41512,512100,0.944,0.288,0.164,-1.2,-0.8,0.6,-12.3,-34.6,7.8,0.627857295,-0.196996979,-0.60728782,-0.445112461
16,42955,512100,0.944,0.288,0.16,-1.4,-1,0.7,-12.3,-34.6,7.8,0.627857295,-0.197027497,-0.60728782,-0.445112461
17,45797,512100,0.94,0.292,0.16,-1.8,-1,0.9,-12.1,-34.2,7.8,0.627735221,-0.197210608,-0.607440413,-0.444959868
18,48998,512100,0.944,0.288,0.164,-1.9,-1,1,-12.1,-34.2,7.8,0.627704703,-0.197302164,-0.607440413,-0.444990387
19,52047,512110,0.944,0.288,0.164,-1.9,-1,1,-12.1,-34.2,7.8,0.627704703,-0.197302164,-0.607440413,-0.444990387
20,54391,512110,0.94,0.292,0.164,-1.9,-1,1.4,-12.7,-34.8,7.7,0.627704703,-0.197424238,-0.607409894,-0.444990387
21,56657,512110,0.94,0.292,0.164,-1.9,-1,1.4,-12.7,-34.8,7.7,0.627704703,-0.197424238,-0.607409894,-0.444990387
22,58025,512110,0.936,0.296,0.164,-1.6,-0.9,1.8,-12.7,-34.8,7.7,0.627704703,-0.197546312,-0.607379376,-0.444990387
23,62160,512120,0.936,0.296,0.164,-1.6,-0.9,1.8,-12.7,-34.8,7.7,0.627704703,-0.197546312,-0.607379376,-0.444990387
24,64304,512120,0.932,0.3,0.165,-1.3,-0.7,1.8,-12.1,-34.8,7.9,0.627704703,-0.197637867,-0.607348857,-0.444959868
25,66445,512120,0.932,0.3,0.165,-1.3,-0.7,1.8,-12.1,-34.8,7.9,0.627704703,-0.197637867,-0.607348857,-0.444959868
26,68825,512120,0.936,0.296,0.172,-1.3,-0.6,1.9,-12.1,-34.8,7.9,0.627704703,-0.197759941,-0.607318339,-0.444959868
27,70748,512130,0.936,0.296,0.172,-1.3,-0.6,1.9,-12.1,-34.8,7.9,0.627704703,-0.197759941,-0.607318339,-0.444959868
28,73044,512130,0.94,0.296,0.172,-1.3,-0.3,1.9,-10.9,-34.8,7.6,0.627704703,-0.197851497,-0.60728782,-0.44492935
29,76138,512130,0.94,0.296,0.172,-1.3,-0.3,1.9,-10.9,-34.8,7.6,0.627704703,-0.197851497,-0.60728782,-0.44492935
30,79229,512130,0.944,0.292,0.172,-1.4,-0.2,1.5,-10.9,-34.8,7.6,0.627735221,-0.197943052,-0.607257302,-0.44492935
31,81524,512140,0.944,0.292,0.172,-1.4,-0.2,1.5,-10.9,-34.8,7.6,0.627735221,-0.197943052,-0.607257302,-0.44492935
32,83763,512140,0.944,0.288,0.18,-1.3,-0.4,1,-11.2,-34.7,7.6,0.627735221,-0.198004089,-0.607226783,-0.44492935
33,86818,512140,0.944,0.288,0.18,-1.3,-0.4,1,-11.2,-34.7,7.6,0.627735221,-0.198004089,-0.607226783,-0.44492935
34,89252,512140,0.948,0.28,0.168,-1.3,-0.3,0.5,-11.2,-34.7,7.6,0.627735221,-0.198065126,-0.607226783,-0.44492935
35,91470,512150,0.948,0.28,0.168,-1.3,-0.3,0.5,-11.2,-34.7,7.6,0.627735221,-0.198065126,-0.607226783,-0.44492935
36,93699,512150,0.944,0.288,0.176,-1.3,-0.2,0.4,-11.2,-34.7,7.6,0.627704703,-0.198095645,-0.607196265,-0.44492935
37,95741,512150,0.952,0.276,0.168,-1.6,-0.3,0.5,-11.2,-35.1,7.9,0.627704703,-0.198278756,-0.607257302,-0.444837794
38,99085,512150,0.956,0.276,0.168,-1.6,-0.4,0.7,-11.2,-35.1,7.9,0.627674184,-0.198339793,-0.607226783,-0.444868313
39,100717,512160,0.956,0.276,0.168,-1.6,-0.4,0.7,-11.2,-35.1,7.9,0.627674184,-0.198339793,-0.607226783,-0.444868313
40,104120,512160,0.952,0.272,0.16,-1.6,-0.4,0.9,-11,-34.9,7.6,0.627674184,-0.19840083,-0.607196265,-0.444868313
41,106252,512160,0.952,0.272,0.16,-1.6,-0.4,0.9,-11,-34.9,7.6,0.627674184,-0.19840083,-0.607196265,-0.444868313
42,109032,512160,0.952,0.28,0.164,-1.6,-0.4,0.9,-11,-34.9,7.6,0.627674184,-0.198461867,-0.607165746,-0.444898831
43,110612,512170,0.952,0.28,0.164,-1.6,-0.4,0.9,-11,-34.9,7.6,0.627674184,-0.198461867,-0.607165746,-0.444898831
44,113585,512170,0.952,0.28,0.164,-1.6,-0.4,0.6,-11.4,-34.9,7.9,0.627643666,-0.198583941,-0.607135228,-0.444898831
45,116546,512170,0.952,0.28,0.164,-1.6,-0.4,0.6,-11.4,-34.9,7.9,0.627643666,-0.198583941,-0.607135228,-0.444898831
46,117914,512170,0.956,0.28,0.152,-1.6,-0.3,0.9,-11.4,-34.9,7.9,0.627643666,-0.198644978,-0.607104709,-0.44492935
47,120616,512180,0.956,0.28,0.152,-1.6,-0.3,0.9,-11.4,-34.9,7.9,0.627643666,-0.198644978,-0.607104709,-0.44492935
48,123582,512180,0.96,0.28,0.16,-1.8,-0.5,0.7,-11.1,-34.9,7.6,0.627643666,-0.198736534,-0.60707419,-0.444959868
49,126072,512180,0.96,0.28,0.16,-1.8,-0.5,0.7,-11.1,-34.9,7.6,0.627643666,-0.198736534,-0.60707419,-0.444959868
50,129057,512180,0.952,0.284,0.152,-2,-0.7,0.6,-11.1,-34.9,7.6,0.627613147,-0.198828089,-0.607043672,-0.444990387
51,130439,512190,0.952,0.284,0.152,-2,-0.7,0.6,-11.1,-34.9,7.6,0.627613147,-0.198828089,-0.607043672,-0.444990387
52,133956,512190,0.952,0.284,0.156,-2.5,-0.6,0.7,-11.1,-34.8,7.7,0.627582629,-0.198919645,-0.607013153,-0.445020905
53,137144,512190,0.952,0.284,0.156,-2.5,-0.6,0.7,-11.1,-34.8,7.7,0.627582629,-0.198919645,-0.607013153,-0.445020905
54,139797,512190,0.952,0.28,0.156,-2.7,-0.7,0.4,-11.1,-34.8,7.7,0.62755211,-0.1990112,-0.606982635,-0.445051424
55,141963,512200,0.952,0.28,0.156,-2.7,-0.7,0.4,-11.1,-34.8,7.7,0.62755211,-0.1990112,-0.606982635,-0.445051424
56,143297,512200,0.948,0.284,0.152,-2.9,-0.7,0.3,-11.1,-34.8,7.7,0.62755211,-0.199072237,-0.606952116,-0.445081942
57,146360,512200,0.948,0.276,0.156,-3.1,-0.6,0.1,-11.5,-34.9,7.7,0.627368999,-0.199346904,-0.607196265,-0.444868313
58,149362,512200,0.944,0.284,0.156,-3.3,-0.6,0.1,-11.5,-34.9,7.7,0.627307962,-0.199438459,-0.607165746,-0.444959868
59,150748,512210,0.944,0.284,0.156,-3.3,-0.6,0.1,-11.5,-34.9,7.7,0.627307962,-0.199438459,-0.607165746,-0.444959868
60,153561,512210,0.944,0.276,0.16,-3.5,-0.7,0.1,-11.2,-34.7,7.4,0.627277444,-0.199591052,-0.607104709,-0.445051424
61,156595,512210,0.944,0.276,0.16,-3.5,-0.7,0.1,-11.2,-34.7,7.4,0.627277444,-0.199591052,-0.607104709,-0.445051424
62,157951,512210,0.944,0.276,0.16,-3.8,-0.9,0,-11.2,-34.7,7.4,0.627216407,-0.199682608,-0.60707419,-0.445142979
63,160998,512220,0.944,0.276,0.16,-3.8,-0.9,0,-11.2,-34.7,7.4,0.627216407,-0.199682608,-0.60707419,-0.445142979
64,164096,512220,0.94,0.28,0.16,-3.9,-1.1,0,-11.4,-35,7.6,0.62715537,-0.1998352,-0.607013153,-0.445234535
65,165562,512220,0.94,0.28,0.16,-3.9,-1.1,0,-11.4,-35,7.6,0.62715537,-0.1998352,-0.607013153,-0.445234535
66,168466,512220,0.932,0.28,0.164,-3.9,-1,0,-11.4,-35,7.6,0.627094333,-0.199957274,-0.606982635,-0.44532609
67,171205,512230,0.932,0.28,0.164,-3.9,-1,0,-11.4,-35,7.6,0.627094333,-0.199957274,-0.606982635,-0.44532609
68,174220,512230,0.94,0.276,0.16,-3.9,-1,-0.1,-10.9,-34.8,7.6,0.627033296,-0.200079348,-0.606921598,-0.445417646
69,175456,512230,0.94,0.276,0.16,-3.9,-1,-0.1,-10.9,-34.8,7.6,0.627033296,-0.200079348,-0.606921598,-0.445417646
70,178633,512230,0.932,0.276,0.16,-3.8,-1,-0.2,-10.9,-34.8,7.6,0.626972259,-0.200201422,-0.606891079,-0.445509201
71,181718,512240,0.932,0.276,0.16,-3.8,-1,-0.2,-10.9,-34.8,7.6,0.626972259,-0.200201422,-0.606891079,-0.445509201
72,184140,512240,0.932,0.276,0.16,-3.6,-0.9,-0.3,-11.7,-34.5,7.4,0.626880703,-0.200292978,-0.606830042,-0.445631275
73,186062,512240,0.932,0.276,0.16,-3.6,-0.9,-0.3,-11.7,-34.5,7.4,0.626880703,-0.200292978,-0.606830042,-0.445631275
74,188998,512240,0.932,0.276,0.16,-3.3,-1,-0.2,-11.7,-34.5,7.4,0.626819666,-0.200415052,-0.606799524,-0.445722831
75,190549,512250,0.932,0.276,0.16,-3.3,-1,-0.2,-11.7,-34.5,7.4,0.626819666,-0.200415052,-0.606799524,-0.445722831
76,193614,512250,0.936,0.288,0.164,-3.2,-1,-0.2,-11.7,-34.5,7.4,0.626789148,-0.200476089,-0.606769005,-0.445753349
77,196491,512250,0.936,0.284,0.164,-3,-0.9,-0.2,-11.7,-35,7.5,0.626728111,-0.200628681,-0.606860561,-0.445692312
78,198020,512250,0.94,0.284,0.16,-3,-1,-0.1,-11.7,-35,7.5,0.626667074,-0.200720237,-0.606830042,-0.445753349
79,201017,512260,0.94,0.284,0.16,-3,-1,-0.1,-11.7,-35,7.5,0.626667074,-0.200720237,-0.606830042,-0.445753349
80,204124,512260,0.94,0.288,0.16,-2.7,-1.2,0,-11.9,-34.9,7.7,0.626606037,-0.200811792,-0.606799524,-0.445783868
81,205594,512260,0.94,0.288,0.16,-2.7,-1.2,0,-11.9,-34.9,7.7,0.626606037,-0.200811792,-0.606799524,-0.445783868
82,208549,512260,0.94,0.292,0.168,-2.6,-1.1,-0.1,-11.9,-34.9,7.7,0.626545,-0.200903348,-0.606799524,-0.445875423
83,211522,512270,0.94,0.292,0.168,-2.6,-1.1,-0.1,-11.9,-34.9,7.7,0.626545,-0.200903348,-0.606799524,-0.445875423
84,212965,512270,0.94,0.296,0.164,-2.5,-1.3,-0.3,-11.9,-34.9,8,0.626483963,-0.200994903,-0.606769005,-0.445966979
85,216156,512270,0.94,0.296,0.164,-2.5,-1.3,-0.3,-11.9,-34.9,8,0.626483963,-0.200994903,-0.606769005,-0.445966979
86,219127,512270,0.944,0.292,0.164,-2.3,-1.5,-0.4,-11.9,-34.9,8,0.626422926,-0.201086459,-0.606769005,-0.446028016
87,220594,512280,0.944,0.292,0.164,-2.3,-1.5,-0.4,-11.9,-34.9,8,0.626422926,-0.201086459,-0.606769005,-0.446028016
88,223591,512280,0.948,0.284,0.16,-2.3,-1.6,-0.4,-10.7,-34.6,7.5,0.62633137,-0.201178014,-0.606769005,-0.446089053
89,226572,512280,0.948,0.284,0.16,-2.3,-1.6,-0.4,-10.7,-34.6,7.5,0.62633137,-0.201178014,-0.606769005,-0.446089053
90,228029,512280,0.944,0.284,0.152,-2.4,-1.7,-0.3,-10.7,-34.6,7.5,0.626270333,-0.20126957,-0.606769005,-0.44615009
91,231051,512290,0.944,0.284,0.152,-2.4,-1.7,-0.3,-10.7,-34.6,7.5,0.626270333,-0.20126957,-0.606769005,-0.44615009
92,234111,512290,0.948,0.284,0.168,-2.5,-1.7,-0.5,-11.7,-34.6,7.7,0.626178777,-0.201361126,-0.606799524,-0.446211127
93,235506,512290,0.948,0.284,0.168,-2.5,-1.7,-0.5,-11.7,-34.6,7.7,0.626178777,-0.201361126,-0.606799524,-0.446211127
94,238653,512290,0.952,0.28,0.16,-2.5,-1.7,-0.7,-11.7,-34.6,7.7,0.62611774,-0.201391644,-0.606799524,-0.446272164
95,241697,512300,0.952,0.28,0.16,-2.5,-1.7,-0.7,-11.7,-34.6,7.7,0.62611774,-0.201391644,-0.606799524,-0.446272164
96,244281,512300,0.952,0.284,0.156,-2.5,-1.8,-0.9,-11.7,-34.6,7.7,0.626056703,-0.2014832,-0.606799524,-0.446302683
97,246246,512300,0.956,0.272,0.156,-2.7,-1.9,-1.3,-12,-34.7,7.6,0.625965148,-0.201666311,-0.606921598,-0.446211127
98,249395,512300,0.952,0.276,0.156,-2.8,-1.9,-1.2,-12,-34.7,7.6,0.625843074,-0.201727348,-0.606921598,-0.446302683
99,251702,512310,0.952,0.276,0.156,-2.8,-1.9,-1.2,-12,-34.7,7.6,0.625843074,-0.201727348,-0.606921598,-0.446302683
100,253869,512310,0.948,0.272,0.156,-3,-2.1,-1.1,-11.9,-34.7,7.6,0.625751518,-0.201818903,-0.606952116,-0.446394238
101,255449,512310,0.948,0.272,0.156,-3,-2.1,-1.1,-11.9,-34.7,7.6,0.625751518,-0.201818903,-0.606952116,-0.446394238
102,260010,512310,0.952,0.272,0.148,-3.3,-2.5,-1,-11.9,-34.7,7.6,0.625629444,-0.201940977,-0.606952116,-0.446485794
103,262327,512320,0.952,0.272,0.148,-3.3,-2.5,-1,-11.9,-34.7,7.6,0.625629444,-0.201940977,-0.606952116,-0.446485794
104,264496,512320,0.944,0.268,0.152,-3.5,-2.7,-0.8,-12,-34.3,7.8,0.62550737,-0.202063051,-0.606952116,-0.446577349
105,266872,512320,0.944,0.268,0.152,-3.5,-2.7,-0.8,-12,-34.3,7.8,0.62550737,-0.202063051,-0.606952116,-0.446577349
106,269102,512320,0.948,0.272,0.152,-3.4,-3,-0.6,-12,-34.3,7.8,0.625385296,-0.202185125,-0.606982635,-0.446668905
107,271383,512330,0.948,0.272,0.152,-3.4,-3,-0.6,-12,-34.3,7.8,0.625385296,-0.202185125,-0.606982635,-0.446668905
108,273072,512330,0.944,0.276,0.152,-3.2,-3.1,-0.4,-10.6,-35.3,7.5,0.625263222,-0.202337718,-0.607013153,-0.44676046
109,276467,512330,0.944,0.276,0.152,-3.2,-3.1,-0.4,-10.6,-35.3,7.5,0.625263222,-0.202337718,-0.607013153,-0.44676046
110,277935,512330,0.948,0.28,0.156,-3,-3.1,-0.2,-10.6,-35.3,7.5,0.625141148,-0.202459792,-0.607043672,-0.446821497
111,280460,512340,0.948,0.28,0.156,-3,-3.1,-0.2,-10.6,-35.3,7.5,0.625141148,-0.202459792,-0.607043672,-0.446821497
112,285085,512340,0.948,0.288,0.16,-2.9,-3,-0.1,-12.4,-34.7,7.8,0.625049593,-0.202612384,-0.60707419,-0.446852016
113,287149,512340,0.948,0.288,0.16,-2.9,-3,-0.1,-12.4,-34.7,7.8,0.625049593,-0.202612384,-0.60707419,-0.446852016
114,289512,512340,0.948,0.288,0.16,-2.5,-3,-0.2,-12.4,-34.7,7.8,0.624927519,-0.202734458,-0.607104709,-0.446913053
115,291570,512350,0.948,0.288,0.16,-2.5,-3,-0.2,-12.4,-34.7,7.8,0.624927519,-0.202734458,-0.607104709,-0.446913053
116,293914,512350,0.948,0.284,0.164,-2.4,-3,-0.3,-12.4,-34.7,7.8,0.624866482,-0.202795495,-0.607135228,-0.446943571
117,295850,512350,0.948,0.292,0.16,-2.5,-2.8,-0.3,-12.3,-34.8,7.2,0.624713889,-0.202978607,-0.607318339,-0.446821497
118,298068,512350,0.948,0.292,0.16,-2.5,-2.7,-0.4,-12.3,-34.8,7.2,0.624591815,-0.203070162,-0.607348857,-0.446882534
119,301582,512360,0.948,0.292,0.16,-2.5,-2.7,-0.4,-12.3,-34.8,7.2,0.624591815,-0.203070162,-0.607348857,-0.446882534
120,303324,512360,0.948,0.288,0.16,-2.2,-2.8,-0.5,-12,-34.7,7.2,0.624500259,-0.203192236,-0.607379376,-0.446943571
121,305751,512360,0.948,0.288,0.16,-2.2,-2.8,-0.5,-12,-34.7,7.2,0.624500259,-0.203192236,-0.607379376,-0.446943571
122,308115,512360,0.948,0.284,0.16,-2,-2.5,-0.8,-12,-34.7,7.2,0.624408704,-0.203283792,-0.607409894,-0.44697409
123,311782,512370,0.948,0.284,0.16,-2,-2.5,-0.8,-12,-34.7,7.2,0.624408704,-0.203283792,-0.607409894,-0.44697409
124,314141,512370,0.952,0.284,0.156,-1.9,-2.4,-0.7,-12.3,-34.9,7.5,0.62428663,-0.203344829,-0.607440413,-0.447035127
125,316345,512370,0.952,0.284,0.156,-1.9,-2.4,-0.7,-12.3,-34.9,7.5,0.62428663,-0.203344829,-0.607440413,-0.447035127
126,319020,512370,0.948,0.28,0.156,-2.1,-2.5,-0.7,-12.3,-34.9,7.5,0.624195074,-0.203436384,-0.60750145,-0.447096164
127,320788,512380,0.948,0.28,0.156,-2.1,-2.5,-0.7,-12.3,-34.9,7.5,0.624195074,-0.203436384,-0.60750145,-0.447096164
128,323196,512380,0.952,0.284,0.16,-2.5,-2.4,-0.7,-10.5,-35.5,7.3,0.624103519,-0.20352794,-0.60750145,-0.447157201
129,325430,512380,0.952,0.284,0.16,-2.5,-2.4,-0.7,-10.5,-35.5,7.3,0.624103519,-0.20352794,-0.60750145,-0.447157201
130,328357,512380,0.96,0.284,0.16,-2.6,-2.4,-0.7,-10.5,-35.5,7.3,0.623981445,-0.203650014,-0.607531968,-0.447218238
131,330635,512390,0.96,0.284,0.16,-2.6,-2.4,-0.7,-10.5,-35.5,7.3,0.623981445,-0.203650014,-0.607531968,-0.447218238
132,332999,512390,0.96,0.28,0.16,-2.6,-2.4,-0.4,-12.2,-34.6,6.9,0.623889889,-0.203741569,-0.607562487,-0.447279275
133,336798,512390,0.96,0.28,0.16,-2.6,-2.4,-0.4,-12.2,-34.6,6.9,0.623889889,-0.203741569,-0.607562487,-0.447279275
134,339099,512390,0.96,0.28,0.156,-2.7,-2.4,-0.3,-12.2,-34.6,6.9,0.623798334,-0.203863643,-0.607562487,-0.447340312
135,341289,512400,0.96,0.28,0.156,-2.7,-2.4,-0.3,-12.2,-34.6,6.9,0.623798334,-0.203863643,-0.607562487,-0.447340312
136,344201,512400,0.956,0.284,0.156,-2.7,-2.4,-0.4,-12.2,-34.6,6.9,0.623737297,-0.203894162,-0.607593005,-0.44737083
137,345669,512400,0.96,0.284,0.16,-2.9,-2.4,-0.4,-11.9,-34.9,7.3,0.623615223,-0.204168828,-0.607745598,-0.447187719
138,348051,512400,0.956,0.28,0.16,-3.2,-2.4,-0.4,-11.9,-34.9,7.3,0.623523667,-0.204290902,-0.607776116,-0.447279275
139,352071,512410,0.956,0.28,0.16,-3.2,-2.4,-0.4,-11.9,-34.9,7.3,0.623523667,-0.204290902,-0.607776116,-0.447279275
140,354300,512410,0.96,0.276,0.156,-3.4,-2.4,-0.2,-12,-34.6,7.3,0.623401593,-0.204412976,-0.607776116,-0.447340312
141,356546,512410,0.96,0.276,0.156,-3.4,-2.4,-0.2,-12,-34.6,7.3,0.623401593,-0.204412976,-0.607776116,-0.447340312
142,358756,512410,0.956,0.276,0.156,-3.6,-2.3,-0.3,-12,-34.6,7.3,0.623310038,-0.204565569,-0.607776116,-0.447431867
143,360715,512420,0.956,0.276,0.156,-3.6,-2.3,-0.3,-12,-34.6,7.3,0.623310038,-0.204565569,-0.607776116,-0.447431867
144,363741,512420,0.956,0.276,0.156,-3.6,-2.2,-0.5,-11.8,-34.6,7.3,0.623218482,-0.204687643,-0.607776116,-0.447523423
145,365660,512420,0.956,0.276,0.156,-3.6,-2.2,-0.5,-11.8,-34.6,7.3,0.623218482,-0.204687643,-0.607776116,-0.447523423
146,369601,512420,0.956,0.28,0.156,-3.5,-2.2,-0.3,-11.8,-34.6,7.3,0.623096408,-0.204809717,-0.607745598,-0.447614978
147,371818,512430,0.956,0.28,0.156,-3.5,-2.2,-0.3,-11.8,-34.6,7.3,0.623096408,-0.204809717,-0.607745598,-0.447614978
148,373727,512430,0.956,0.28,0.152,-3.6,-2.2,0,-10.6,-35.5,7.2,0.623004852,-0.20496231,-0.607745598,-0.447706534
149,375634,512430,0.956,0.28,0.152,-3.6,-2.2,0,-10.6,-35.5,7.2,0.623004852,-0.20496231,-0.607745598,-0.447706534
150,378024,512430,0.952,0.284,0.152,-3.5,-2,-0.2,-10.6,-35.5,7.2,0.622913297,-0.205084384,-0.607745598,-0.447737053
151,382073,512440,0.952,0.284,0.152,-3.5,-2,-0.2,-10.6,-35.5,7.2,0.622913297,-0.205084384,-0.607745598,-0.447737053
152,384341,512440,0.952,0.288,0.156,-3.4,-1.9,-0.4,-12,-34.7,7.5,0.622821741,-0.205206458,-0.607715079,-0.447859127
153,386528,512440,0.952,0.288,0.156,-3.4,-1.9,-0.4,-12,-34.7,7.5,0.622821741,-0.205206458,-0.607715079,-0.447859127
154,388696,512440,0.952,0.288,0.152,-3.4,-1.6,-0.3,-12,-34.7,7.5,0.622730186,-0.205298013,-0.607715079,-0.447950682
155,390695,512450,0.952,0.288,0.152,-3.4,-1.6,-0.3,-12,-34.7,7.5,0.622730186,-0.205298013,-0.607715079,-0.447950682
156,394623,512450,0.956,0.288,0.156,-3.3,-1.5,-0.4,-12,-34.7,7.5,0.622699667,-0.205389569,-0.607715079,-0.447981201
157,396843,512450,0.952,0.284,0.156,-3.3,-1.6,-0.6,-12.4,-34.4,7.5,0.622516556,-0.20557268,-0.60789819,-0.447859127
158,399103,512450,0.952,0.284,0.152,-3,-1.6,-0.6,-12.4,-34.4,7.5,0.622425001,-0.205694754,-0.60789819,-0.447950682
159,401314,512460,0.952,0.284,0.152,-3,-1.6,-0.6,-12.4,-34.4,7.5,0.622425001,-0.205694754,-0.60789819,-0.447950682
160,403300,512460,0.956,0.284,0.156,-2.7,-1.6,-0.5,-12,-34.4,7.6,0.622363964,-0.205786309,-0.60789819,-0.448042238
161,405603,512460,0.956,0.284,0.156,-2.7,-1.6,-0.5,-12,-34.4,7.6,0.622363964,-0.205786309,-0.60789819,-0.448042238
162,407865,512460,0.952,0.28,0.16,-2.5,-1.4,-0.7,-12,-34.4,7.6,0.622272408,-0.205847346,-0.60789819,-0.448103275
163,411196,512470,0.952,0.28,0.16,-2.5,-1.4,-0.7,-12,-34.4,7.6,0.622272408,-0.205847346,-0.60789819,-0.448103275
164,413224,512470,0.956,0.28,0.156,-2.2,-1.4,-0.8,-12.3,-34.9,8,0.622211371,-0.205938902,-0.60789819,-0.448164312
165,415567,512470,0.956,0.28,0.156,-2.2,-1.4,-0.8,-12.3,-34.9,8,0.622211371,-0.205938902,-0.60789819,-0.448164312
166,418901,512470,0.952,0.28,0.156,-2,-1.3,-0.4,-12.3,-34.9,8,0.622150334,-0.205999939,-0.60789819,-0.448225349
167,421769,512480,0.952,0.28,0.156,-2,-1.3,-0.4,-12.3,-34.9,8,0.622150334,-0.205999939,-0.60789819,-0.448225349
168,423951,512480,0.96,0.276,0.156,-2,-1.2,-0.4,-10.4,-35.6,7.3,0.622058779,-0.206060976,-0.60789819,-0.448286386
169,426285,512480,0.96,0.276,0.156,-2,-1.2,-0.4,-10.4,-35.6,7.3,0.622058779,-0.206060976,-0.60789819,-0.448286386
170,428253,512480,0.956,0.276,0.16,-1.8,-1.4,-0.6,-10.4,-35.6,7.3,0.621997742,-0.206122013,-0.60789819,-0.448347423
171,430804,512490,0.956,0.276,0.16,-1.8,-1.4,-0.6,-10.4,-35.6,7.3,0.621997742,-0.206122013,-0.60789819,-0.448347423
172,433127,512490,0.964,0.276,0.164,-1.3,-1.4,-0.5,-11.6,-34.1,7.8,0.621936705,-0.20618305,-0.607928709,-0.448377941
173,435421,512490,0.964,0.276,0.164,-1.3,-1.4,-0.5,-11.6,-34.1,7.8,0.621936705,-0.20618305,-0.607928709,-0.448377941
174,439353,512490,0.956,0.276,0.156,-1.2,-1.4,-0.2,-11.6,-34.1,7.8,0.621875668,-0.206244087,-0.607928709,-0.44840846
175,441243,512500,0.956,0.276,0.156,-1.2,-1.4,-0.2,-11.6,-34.1,7.8,0.621875668,-0.206244087,-0.607928709,-0.44840846
176,443334,512500,0.964,0.276,0.156,-1.1,-1.6,-0.1,-11.6,-34.1,7.8,0.621845149,-0.206274606,-0.607959227,-0.448438978
177,447048,512500,0.96,0.272,0.156,-1,-1.4,-0.1,-11.5,-34.3,8,0.621814631,-0.206549272,-0.608081301,-0.44819483
178,449299,512500,0.956,0.276,0.164,-0.9,-1.2,-0.1,-11.5,-34.3,8,0.621753594,-0.206610309,-0.608081301,-0.448225349
179,451353,512510,0.956,0.276,0.164,-0.9,-1.2,-0.1,-11.5,-34.3,8,0.621753594,-0.206610309,-0.608081301,-0.448225349
180,452898,512510,0.956,0.276,0.152,-0.8,-1.3,0,-11.6,-34.4,7.7,0.621723075,-0.206640828,-0.60811182,-0.448225349
181,456571,512510,0.956,0.276,0.152,-0.8,-1.3,0,-11.6,-34.4,7.7,0.621723075,-0.206640828,-0.60811182,-0.448225349
182,458046,512510,0.952,0.276,0.156,-1,-1.6,0.2,-11.6,-34.4,7.7,0.621662038,-0.206701865,-0.60811182,-0.448225349
183,461316,512520,0.952,0.276,0.156,-1,-1.6,0.2,-11.6,-34.4,7.7,0.621662038,-0.206701865,-0.60811182,-0.448225349
184,464288,512520,0.952,0.28,0.152,-1,-1.7,0.5,-11.4,-34.2,8,0.62163152,-0.20679342,-0.608142338,-0.448225349
185,465674,512520,0.952,0.28,0.152,-1,-1.7,0.5,-11.4,-34.2,8,0.62163152,-0.20679342,-0.608142338,-0.448225349
186,468035,512520,0.944,0.288,0.16,-1,-1.7,0.8,-11.4,-34.2,8,0.621601001,-0.206854457,-0.608172857,-0.448225349
187,470924,512530,0.944,0.288,0.16,-1,-1.7,0.8,-11.4,-34.2,8,0.621601001,-0.206854457,-0.608172857,-0.448225349
188,473145,512530,0.944,0.288,0.16,-0.7,-1.6,0.8,-10.6,-35.6,7.2,0.621539964,-0.206946013,-0.608203375,-0.44819483
189,476191,512530,0.944,0.288,0.16,-0.7,-1.6,0.8,-10.6,-35.6,7.2,0.621539964,-0.206946013,-0.608203375,-0.44819483
190,479248,512530,0.944,0.288,0.164,-0.4,-1.7,0.9,-10.6,-35.6,7.2,0.621509445,-0.20700705,-0.608233894,-0.44819483
191,481417,512540,0.944,0.288,0.164,-0.4,-1.7,0.9,-10.6,-35.6,7.2,0.621509445,-0.20700705,-0.608233894,-0.44819483
192,484564,512540,0.944,0.292,0.164,-0.3,-1.5,0.6,-11.4,-34.4,7.5,0.621478927,-0.207068087,-0.608264412,-0.448164312
193,486805,512540,0.944,0.292,0.164,-0.3,-1.5,0.6,-11.4,-34.4,7.5,0.621478927,-0.207068087,-0.608264412,-0.448164312
194,489031,512540,0.944,0.292,0.164,-0.2,-1.5,0.7,-11.4,-34.4,7.5,0.621448408,-0.207129124,-0.608294931,-0.448133793
195,491230,512550,0.944,0.292,0.164,-0.2,-1.5,0.7,-11.4,-34.4,7.5,0.621448408,-0.207129124,-0.608294931,-0.448133793
196,493330,512550,0.944,0.292,0.164,-0.1,-1.5,0.7,-11.4,-34.4,7.5,0.621448408,-0.207159642,-0.608294931,-0.448103275
197,496125,512550,0.944,0.288,0.164,0,-1.5,0.6,-11.2,-34.1,7.2,0.621356853,-0.207190161,-0.608386486,-0.448072756
198,498041,512550,0.94,0.288,0.16,0,-1.6,0.4,-11.2,-34.1,7.2,0.621326334,-0.207251198,-0.608417005,-0.448042238
199,501298,512560,0.94,0.288,0.16,0,-1.6,0.4,-11.2,-34.1,7.2,0.621326334,-0.207251198,-0.608417005,-0.448042238
200,503721,512560,0.948,0.288,0.16,0.1,-1.4,0.2,-10.9,-34.3,7.7,0.621295816,-0.207251198,-0.608478042,-0.448011719
201,505637,512560,0.948,0.288,0.16,0.1,-1.4,0.2,-10.9,-34.3,7.7,0.621295816,-0.207251198,-0.608478042,-0.448011719
202,508050,512560,0.948,0.288,0.156,0.3,-1.3,0.1,-10.9,-34.3,7.7,0.621265297,-0.207312235,-0.60850856,-0.447981201
203,511937,512570,0.948,0.288,0.156,0.3,-1.3,0.1,-10.9,-34.3,7.7,0.621265297,-0.207312235,-0.60850856,-0.447981201
204,514162,512570,0.956,0.288,0.16,0.4,-1.5,0.2,-11.3,-34.5,7.3,0.621234779,-0.207312235,-0.608569597,-0.447950682
205,516385,512570,0.956,0.288,0.16,0.4,-1.5,0.2,-11.3,-34.5,7.3,0.621234779,-0.207312235,-0.608569597,-0.447950682
206,518633,512570,0.956,0.284,0.152,0.8,-1.8,0.3,-11.3,-34.5,7.3,0.62120426,-0.207342753,-0.608630634,-0.447920164
207,522052,512580,0.956,0.284,0.152,0.8,-1.8,0.3,-11.3,-34.5,7.3,0.62120426,-0.207342753,-0.608630634,-0.447920164
208,523655,512580,0.96,0.284,0.16,0.7,-2,0.3,-10.6,-35.7,7.3,0.621173742,-0.207373272,-0.608691671,-0.447859127
209,525652,512580,0.96,0.284,0.16,0.7,-2,0.3,-10.6,-35.7,7.3,0.621173742,-0.207373272,-0.608691671,-0.447859127
210,527974,512580,0.956,0.288,0.156,0.4,-2.1,0.3,-10.6,-35.7,7.3,0.621112705,-0.20740379,-0.608752709,-0.447828608
211,531102,512590,0.956,0.288,0.156,0.4,-2.1,0.3,-10.6,-35.7,7.3,0.621112705,-0.20740379,-0.608752709,-0.447828608
212,533203,512590,0.956,0.284,0.16,0.2,-2.2,0.5,-11.3,-34.3,7.6,0.621082186,-0.207464827,-0.608813746,-0.447737053
213,535448,512590,0.956,0.284,0.16,0.2,-2.2,0.5,-11.3,-34.3,7.6,0.621082186,-0.207464827,-0.608813746,-0.447737053
214,538637,512590,0.956,0.284,0.156,0.1,-2.3,0.6,-11.3,-34.3,7.6,0.621021149,-0.207525864,-0.608874783,-0.447737053
215,540637,512600,0.956,0.284,0.156,0.1,-2.3,0.6,-11.3,-34.3,7.6,0.621021149,-0.207525864,-0.608874783,-0.447737053
216,544604,512600,0.956,0.292,0.152,0.1,-2.3,0.5,-11.3,-34.3,7.6,0.620990631,-0.207525864,-0.608905301,-0.447706534
217,546799,512600,0.952,0.288,0.156,0,-2.4,0.5,-10.9,-33.8,7.7,0.620899075,-0.207678457,-0.609057894,-0.44758446
218,549046,512600,0.952,0.292,0.16,-0.1,-2.7,0.6,-10.9,-33.8,7.7,0.620838038,-0.207739494,-0.609118931,-0.447553941
219,550477,512610,0.952,0.292,0.16,-0.1,-2.7,0.6,-10.9,-33.8,7.7,0.620838038,-0.207739494,-0.609118931,-0.447553941
220,553626,512610,0.956,0.288,0.16,-0.4,-2.9,0.5,-10.8,-34.3,7.5,0.620777001,-0.20783105,-0.609179968,-0.447523423
221,555587,512610,0.956,0.288,0.16,-0.4,-2.9,0.5,-10.8,-34.3,7.5,0.620777001,-0.20783105,-0.609179968,-0.447523423
222,558831,512610,0.952,0.288,0.156,-0.6,-2.7,0.5,-10.8,-34.3,7.5,0.620715964,-0.207892087,-0.609241005,-0.447492904
223,562136,512620,0.952,0.288,0.156,-0.6,-2.7,0.5,-10.8,-34.3,7.5,0.620715964,-0.207892087,-0.609241005,-0.447492904
224,564398,512620,0.948,0.288,0.156,-0.8,-2.6,0.3,-11,-34.2,7.7,0.620654927,-0.207983642,-0.609302042,-0.447492904
225,566839,512620,0.948,0.288,0.156,-0.8,-2.6,0.3,-11,-34.2,7.7,0.620654927,-0.207983642,-0.609302042,-0.447492904
226,569117,512620,0.948,0.284,0.156,-0.9,-2.4,0,-11,-34.2,7.7,0.620563372,-0.208075198,-0.60933256,-0.447492904
227,570574,512630,0.948,0.284,0.156,-0.9,-2.4,0,-11,-34.2,7.7,0.620563372,-0.208075198,-0.60933256,-0.447492904
228,572953,512630,0.948,0.288,0.152,-0.6,-2.5,0.2,-10.9,-35.6,7.3,0.620502335,-0.208136235,-0.609393597,-0.447462386
229,576187,512630,0.948,0.288,0.152,-0.6,-2.5,0.2,-10.9,-35.6,7.3,0.620502335,-0.208136235,-0.609393597,-0.447462386
230,578147,512630,0.944,0.284,0.156,-0.4,-2.7,0.5,-10.9,-35.6,7.3,0.620441298,-0.20822779,-0.609454634,-0.447462386
231,580377,512640,0.944,0.284,0.156,-0.4,-2.7,0.5,-10.9,-35.6,7.3,0.620441298,-0.20822779,-0.609454634,-0.447462386
232,583522,512640,0.948,0.288,0.152,-0.2,-2.7,0.4,-10.8,-34.7,7.4,0.620380261,-0.208288827,-0.609515671,-0.447431867
233,586531,512640,0.948,0.288,0.152,-0.2,-2.7,0.4,-10.8,-34.7,7.4,0.620380261,-0.208288827,-0.609515671,-0.447431867
234,588035,512640,0.944,0.292,0.153,-0.2,-2.5,0.2,-10.8,-34.7,7.4,0.620288705,-0.208349864,-0.609576708,-0.447401349
235,591259,512650,0.944,0.292,0.153,-0.2,-2.5,0.2,-10.8,-34.7,7.4,0.620288705,-0.208349864,-0.609576708,-0.447401349
236,593296,512650,0.948,0.292,0.145,-0.2,-2.7,0.2,-10.8,-34.7,7.4,0.620258187,-0.208380383,-0.609607227,-0.447401349
237,596314,512650,0.944,0.292,0.149,-0.1,-2.7,0.3,-10.8,-34.4,7.3,0.620105594,-0.208471938,-0.609820856,-0.447279275
238,598755,512650,0.94,0.288,0.153,-0.4,-2.7,0.4,-10.8,-34.4,7.3,0.620044557,-0.208563494,-0.609881893,-0.447248756
239,601781,512660,0.94,0.288,0.153,-0.4,-2.7,0.4,-10.8,-34.4,7.3,0.620044557,-0.208563494,-0.609881893,-0.447248756
240,604085,512660,0.932,0.288,0.149,-0.8,-2.5,0,-10.7,-34.3,7.2,0.619953001,-0.208624531,-0.60994293,-0.447248756
241,606256,512660,0.932,0.288,0.149,-0.8,-2.5,0,-10.7,-34.3,7.2,0.619953001,-0.208624531,-0.60994293,-0.447248756
242,609327,512660,0.929,0.288,0.153,-1.3,-2.7,-0.7,-10.7,-34.3,7.2,0.619861446,-0.208716086,-0.609973449,-0.447279275
243,611582,512670,0.929,0.288,0.153,-1.3,-2.7,-0.7,-10.7,-34.3,7.2,0.619861446,-0.208716086,-0.609973449,-0.447279275
244,613969,512670,0.925,0.277,0.153,-1.9,-2.7,-1,-10.6,-34.6,7.1,0.61976989,-0.208777123,-0.610034486,-0.447309793
245,616190,512670,0.925,0.277,0.153,-1.9,-2.7,-1,-10.6,-34.6,7.1,0.61976989,-0.208777123,-0.610034486,-0.447309793
246,619598,512670,0.917,0.277,0.153,-2.6,-2.5,-1.3,-10.6,-34.6,7.1,0.619647816,-0.208868679,-0.610065004,-0.447401349
247,621276,512680,0.917,0.277,0.153,-2.6,-2.5,-1.3,-10.6,-34.6,7.1,0.619647816,-0.208868679,-0.610065004,-0.447401349
248,623376,512680,0.913,0.265,0.157,-3,-2.6,-1.8,-10.8,-35.6,7.2,0.619525742,-0.208960234,-0.610095523,-0.447492904
249,625609,512680,0.913,0.265,0.157,-3,-2.6,-1.8,-10.8,-35.6,7.2,0.619525742,-0.208960234,-0.610095523,-0.447492904
250,628020,512680,0.909,0.257,0.161,-3,-2.9,-2,-10.8,-35.6,7.2,0.61937315,-0.20905179,-0.610126041,-0.447614978
251,630416,512690,0.909,0.257,0.161,-3,-2.9,-2,-10.8,-35.6,7.2,0.61937315,-0.20905179,-0.610126041,-0.447614978
252,634190,512690,0.905,0.253,0.161,-2.4,-3.1,-1.8,-11,-34.9,7.8,0.619220557,-0.209112827,-0.610187078,-0.447706534
253,636514,512690,0.905,0.253,0.161,-2.4,-3.1,-1.8,-11,-34.9,7.8,0.619220557,-0.209112827,-0.610187078,-0.447706534
254,638770,512690,0.909,0.253,0.161,-1.4,-3.4,-1.5,-11,-34.9,7.8,0.619098483,-0.209204382,-0.610248115,-0.447737053
255,640825,512700,0.909,0.253,0.161,-1.4,-3.4,-1.5,-11,-34.9,7.8,0.619098483,-0.209204382,-0.610248115,-0.447737053
256,643071,512700,0.909,0.253,0.164,-0.8,-3.6,-1.4,-11,-34.9,7.8,0.619037446,-0.209204382,-0.610309153,-0.447737053
257,646637,512700,0.917,0.261,0.16,-0.4,-3.9,-1.3,-10.7,-34.8,7.6,0.619037446,-0.209326456,-0.610309153,-0.447737053
258,649009,512700,0.913,0.265,0.164,0.2,-4.3,-1.1,-10.7,-34.8,7.6,0.618884854,-0.209387494,-0.610431227,-0.447737053
259,651285,512710,0.913,0.265,0.164,0.2,-4.3,-1.1,-10.7,-34.8,7.6,0.618884854,-0.209387494,-0.610431227,-0.447737053
260,653297,512710,0.925,0.269,0.16,1.1,-4.6,-0.9,-10.4,-34.3,7.6,0.61876278,-0.209418012,-0.610583819,-0.447676016
261,655592,512710,0.925,0.269,0.16,1.1,-4.6,-0.9,-10.4,-34.3,7.6,0.61876278,-0.209418012,-0.610583819,-0.447676016
262,658855,512710,0.925,0.276,0.161,2.1,-4.8,-1.3,-10.4,-34.3,7.6,0.618610187,-0.209418012,-0.61076693,-0.447614978
263,661298,512720,0.925,0.276,0.161,2.1,-4.8,-1.3,-10.4,-34.3,7.6,0.618610187,-0.209418012,-0.61076693,-0.447614978
264,663200,512720,0.929,0.28,0.157,3.4,-5.4,-1.3,-11,-34.5,7.2,0.618488113,-0.209418012,-0.61098056,-0.447523423
265,665599,512720,0.929,0.28,0.157,3.4,-5.4,-1.3,-11,-34.5,7.2,0.618488113,-0.209418012,-0.61098056,-0.447523423
266,668003,512720,0.936,0.288,0.16,4.4,-6,-1.3,-11,-34.5,7.2,0.61833552,-0.209387494,-0.611224708,-0.447401349
267,670413,512730,0.936,0.288,0.16,4.4,-6,-1.3,-11,-34.5,7.2,0.61833552,-0.209387494,-0.611224708,-0.447401349
268,674901,512730,0.936,0.288,0.149,5.1,-6.4,-1.2,-10.9,-35.1,7.2,0.618152409,-0.209326456,-0.611499374,-0.447248756
269,676961,512730,0.936,0.288,0.149,5.1,-6.4,-1.2,-10.9,-35.1,7.2,0.618152409,-0.209326456,-0.611499374,-0.447248756
270,679157,512730,0.94,0.292,0.153,5.6,-7,-1.3,-10.9,-35.1,7.2,0.618030335,-0.209295938,-0.611804559,-0.447065645
271,680573,512740,0.94,0.292,0.153,5.6,-7,-1.3,-10.9,-35.1,7.2,0.618030335,-0.209295938,-0.611804559,-0.447065645
272,683002,512740,0.944,0.292,0.156,6.2,-7.3,-1.4,-10.8,-34.6,7.5,0.617877743,-0.209204382,-0.612140263,-0.446882534
273,685530,512740,0.944,0.292,0.156,6.2,-7.3,-1.4,-10.8,-34.6,7.5,0.617877743,-0.209204382,-0.612140263,-0.446882534
274,689947,512740,0.94,0.292,0.149,6.7,-7.6,-1.3,-10.8,-34.6,7.5,0.617694632,-0.209143345,-0.612475967,-0.446668905
275,692283,512750,0.94,0.292,0.149,6.7,-7.6,-1.3,-10.8,-34.6,7.5,0.617694632,-0.209143345,-0.612475967,-0.446668905
276,694436,512750,0.94,0.292,0.149,6.8,-8,-1.2,-10.8,-34.6,7.5,0.617603076,-0.209112827,-0.612659078,-0.446546831
277,696662,512750,0.944,0.292,0.145,6.8,-8.2,-1.2,-10.5,-34.9,7.8,0.617481002,-0.209112827,-0.612872707,-0.446424757
278,698874,512750,0.944,0.292,0.149,7.3,-8.4,-1.4,-10.5,-34.9,7.8,0.617297891,-0.209021271,-0.613269448,-0.446211127
279,701229,512760,0.944,0.292,0.149,7.3,-8.4,-1.4,-10.5,-34.9,7.8,0.617297891,-0.209021271,-0.613269448,-0.446211127
280,703223,512760,0.94,0.292,0.149,7.6,-8.7,-1.3,-10.4,-34.9,7.4,0.61711478,-0.208960234,-0.613666189,-0.445966979
281,705585,512760,0.94,0.292,0.149,7.6,-8.7,-1.3,-10.4,-34.9,7.4,0.61711478,-0.208960234,-0.613666189,-0.445966979
282,708008,512760,0.94,0.292,0.153,7.6,-8.8,-1.2,-10.4,-34.9,7.4,0.616931669,-0.208899197,-0.614062929,-0.445692312
283,711213,512770,0.94,0.292,0.153,7.6,-8.8,-1.2,-10.4,-34.9,7.4,0.616931669,-0.208899197,-0.614062929,-0.445692312
284,713187,512770,0.952,0.292,0.156,7.7,-8.9,-0.9,-10.4,-35.1,7.5,0.616748558,-0.20883816,-0.61445967,-0.445448164
285,715534,512770,0.952,0.292,0.156,7.7,-8.9,-0.9,-10.4,-35.1,7.5,0.616748558,-0.20883816,-0.61445967,-0.445448164
286,719434,512770,0.952,0.292,0.152,7.6,-8.7,-0.6,-10.4,-35.1,7.5,0.616565447,-0.208777123,-0.61485641,-0.445173498
287,721716,512780,0.952,0.292,0.152,7.6,-8.7,-0.6,-10.4,-35.1,7.5,0.616565447,-0.208777123,-0.61485641,-0.445173498
288,723644,512780,0.952,0.292,0.148,7.8,-8.6,-0.6,-10.7,-35,7.5,0.616382336,-0.208716086,-0.615222633,-0.444898831
289,725779,512780,0.952,0.292,0.148,7.8,-8.6,-0.6,-10.7,-35,7.5,0.616382336,-0.208716086,-0.615222633,-0.444898831
290,729404,512780,0.956,0.296,0.148,7.9,-8.5,-0.3,-10.7,-35,7.5,0.616229743,-0.208655049,-0.615619373,-0.444624165
291,731706,512790,0.956,0.296,0.148,7.9,-8.5,-0.3,-10.7,-35,7.5,0.616229743,-0.208655049,-0.615619373,-0.444624165
292,733230,512790,0.956,0.296,0.152,8.2,-8.2,-0.3,-10.1,-34.8,7.3,0.616046632,-0.208594012,-0.616016114,-0.444349498
293,735627,512790,0.956,0.296,0.152,8.2,-8.2,-0.3,-10.1,-34.8,7.3,0.616046632,-0.208594012,-0.616016114,-0.444349498
294,737889,512790,0.96,0.296,0.148,8.4,-7.5,-0.6,-10.1,-34.8,7.3,0.615924558,-0.208502457,-0.616382336,-0.444044313
295,740444,512800,0.96,0.296,0.148,8.4,-7.5,-0.6,-10.1,-34.8,7.3,0.615924558,-0.208502457,-0.616382336,-0.444044313
296,744845,512800,0.952,0.3,0.149,8.5,-7.1,-0.7,-10.1,-34.8,7.3,0.615863521,-0.20844142,-0.616565447,-0.443922239
297,747296,512800,0.96,0.304,0.145,8.6,-6.7,-1.1,-10.5,-35,7.5,0.615771966,-0.208380383,-0.616779077,-0.443769646
298,749460,512800,0.956,0.304,0.149,8.5,-6.7,-1.3,-10.5,-35,7.5,0.615649892,-0.20822779,-0.617145299,-0.443525498
299,751460,512810,0.956,0.304,0.149,8.5,-6.7,-1.3,-10.5,-35,7.5,0.615649892,-0.20822779,-0.617145299,-0.443525498
300,754250,512810,0.964,0.304,0.148,8.5,-6.8,-1.5,-10.3,-35.1,7.9,0.615497299,-0.208105716,-0.617481002,-0.44328135
301,755659,512810,0.964,0.304,0.148,8.5,-6.8,-1.5,-10.3,-35.1,7.9,0.615497299,-0.208105716,-0.617481002,-0.44328135
302,758766,512810,0.968,0.296,0.14,8.9,-6.9,-1.3,-10.3,-35.1,7.9,0.615375225,-0.207953124,-0.617877743,-0.443006684
303,761894,512820,0.968,0.296,0.14,8.9,-6.9,-1.3,-10.3,-35.1,7.9,0.615375225,-0.207953124,-0.617877743,-0.443006684
304,763178,512820,0.968,0.308,0.133,9.5,-7.3,-1.1,-10.6,-34.7,7.9,0.615222633,-0.20783105,-0.618243965,-0.442732017
305,766414,512820,0.968,0.308,0.133,9.5,-7.3,-1.1,-10.6,-34.7,7.9,0.615222633,-0.20783105,-0.618243965,-0.442732017
306,767875,512820,0.976,0.304,0.133,9.9,-7.9,-1,-10.6,-34.7,7.9,0.615100558,-0.207678457,-0.618671224,-0.442426832
307,771712,512830,0.976,0.304,0.133,9.9,-7.9,-1,-10.6,-34.7,7.9,0.615100558,-0.207678457,-0.618671224,-0.442426832
308,773961,512830,0.979,0.315,0.133,10.4,-8.6,-0.9,-10.8,-34.8,8,0.614947966,-0.207525864,-0.619098483,-0.442091128
309,776250,512830,0.979,0.315,0.133,10.4,-8.6,-0.9,-10.8,-34.8,8,0.614947966,-0.207525864,-0.619098483,-0.442091128
310,777915,512830,0.991,0.315,0.128,10.7,-9.6,-0.6,-10.8,-34.8,8,0.614764855,-0.20740379,-0.619556261,-0.441724906
311,781275,512840,0.991,0.315,0.128,10.7,-9.6,-0.6,-10.8,-34.8,8,0.614764855,-0.20740379,-0.619556261,-0.441724906
312,783322,512840,0.999,0.311,0.128,10.8,-10.6,-0.6,-10.4,-34.6,8.1,0.614581744,-0.207312235,-0.620044557,-0.441358684
313,786829,512840,0.999,0.311,0.128,10.8,-10.6,-0.6,-10.4,-34.6,8.1,0.614581744,-0.207312235,-0.620044557,-0.441358684
314,789175,512840,1.003,0.303,0.128,10.4,-11.3,-0.8,-10.4,-34.6,8.1,0.614368114,-0.207220679,-0.620563372,-0.440992462
315,791259,512850,1.003,0.303,0.128,10.4,-11.3,-0.8,-10.4,-34.6,8.1,0.614368114,-0.207220679,-0.620563372,-0.440992462
316,794311,512850,1.011,0.303,0.128,10,-11.4,-0.9,-10.4,-34.6,8.1,0.61424604,-0.207190161,-0.62080752,-0.440809351
317,796705,512850,1.018,0.291,0.132,9,-11.6,-0.9,-10.5,-35.2,8.2,0.614062929,-0.207220679,-0.621112705,-0.440595721
318,798872,512850,1.015,0.287,0.139,8.5,-11.5,-0.8,-10.5,-35.2,8.2,0.613818781,-0.207190161,-0.621601001,-0.440290536
319,801162,512860,1.015,0.287,0.139,8.5,-11.5,-0.8,-10.5,-35.2,8.2,0.613818781,-0.207190161,-0.621601001,-0.440290536
320,804573,512860,1.015,0.276,0.139,7.2,-11,-0.5,-10.4,-35,8.2,0.613574633,-0.207159642,-0.622058779,-0.439985351
321,806669,512860,1.015,0.276,0.139,7.2,-11,-0.5,-10.4,-35,8.2,0.613574633,-0.207159642,-0.622058779,-0.439985351
322,808894,512860,1.011,0.268,0.143,5.6,-10.1,0.1,-10.4,-35,8.2,0.613330485,-0.207220679,-0.622455519,-0.439741203
323,811214,512870,1.011,0.268,0.143,5.6,-10.1,0.1,-10.4,-35,8.2,0.613330485,-0.207220679,-0.622455519,-0.439741203
324,813621,512870,1.003,0.268,0.139,4.5,-8.4,0.8,-9.9,-35.6,8.1,0.613147374,-0.207251198,-0.622791223,-0.439497055
325,815610,512870,1.003,0.268,0.139,4.5,-8.4,0.8,-9.9,-35.6,8.1,0.613147374,-0.207251198,-0.622791223,-0.439497055
326,819218,512870,0.991,0.272,0.132,4.5,-6.3,2,-9.9,-35.6,8.1,0.613055818,-0.207312235,-0.623035371,-0.439283425
327,821395,512880,0.991,0.272,0.132,4.5,-6.3,2,-9.9,-35.6,8.1,0.613055818,-0.207312235,-0.623035371,-0.439283425
328,823651,512880,0.983,0.276,0.132,5.6,-4.5,2.9,-10,-34.6,8.3,0.612994781,-0.207342753,-0.623249001,-0.439008759
329,825659,512880,0.983,0.276,0.132,5.6,-4.5,2.9,-10,-34.6,8.3,0.612994781,-0.207342753,-0.623249001,-0.439008759
330,827985,512880,0.979,0.276,0.128,7.8,-2.5,3.3,-10,-34.6,8.3,0.613055818,-0.207312235,-0.623432112,-0.438703574
331,830435,512890,0.979,0.276,0.128,7.8,-2.5,3.3,-10,-34.6,8.3,0.613055818,-0.207312235,-0.623432112,-0.438703574
332,834933,512890,0.968,0.284,0.125,10.4,-0.1,2.9,-10.4,-34.9,8.3,0.613177892,-0.207129124,-0.623615223,-0.438337352
333,837049,512890,0.968,0.284,0.125,10.4,-0.1,2.9,-10.4,-34.9,8.3,0.613177892,-0.207129124,-0.623615223,-0.438337352
334,838648,512890,0.968,0.273,0.113,12.9,1.8,2.2,-10.4,-34.9,8.3,0.613391522,-0.206854457,-0.623798334,-0.437971129
335,840752,512900,0.968,0.273,0.113,12.9,1.8,2.2,-10.4,-34.9,8.3,0.613391522,-0.206854457,-0.623798334,-0.437971129
336,843099,512900,0.968,0.269,0.109,13.8,2.4,1.7,-10.4,-34.9,8.3,0.613483077,-0.206671346,-0.623889889,-0.4377575
337,845402,512900,0.964,0.265,0.105,15.3,3.1,0.7,-10.5,-35.2,8.3,0.613605152,-0.206549272,-0.624011963,-0.437452315
338,847862,512900,0.968,0.253,0.101,16.1,3.5,0.3,-10.5,-35.2,8.3,0.6138493,-0.206060976,-0.624225593,-0.437055574
339,850739,512910,0.968,0.253,0.101,16.1,3.5,0.3,-10.5,-35.2,8.3,0.6138493,-0.206060976,-0.624225593,-0.437055574
340,854427,512910,0.972,0.245,0.104,17.5,3.9,-0.2,-10.3,-34.9,8.7,0.614093448,-0.205542161,-0.624439222,-0.436628315
341,856626,512910,0.972,0.245,0.104,17.5,3.9,-0.2,-10.3,-34.9,8.7,0.614093448,-0.205542161,-0.624439222,-0.436628315
342,859065,512910,0.983,0.233,0.116,18.8,3.8,-0.3,-10.3,-34.9,8.7,0.614368114,-0.20496231,-0.624713889,-0.436140019
343,861192,512920,0.983,0.233,0.116,18.8,3.8,-0.3,-10.3,-34.9,8.7,0.614368114,-0.20496231,-0.624713889,-0.436140019
344,863280,512920,0.983,0.233,0.116,18.8,3.8,-0.3,-10.3,-34.9,8.7,0.614368114,-0.20496231,-0.624713889,-0.436140019
345,865538,512920,0.991,0.221,0.12,19.7,3.7,-0.3,-10.3,-35.3,8.4,0.614642781,-0.204321421,-0.624988556,-0.435651723
346,867919,512920,1.007,0.213,0.115,20.8,4.4,-0.3,-10.3,-35.3,8.4,0.614947966,-0.203711051,-0.625263222,-0.435163427
347,870388,512930,1.007,0.213,0.115,20.8,4.4,-0.3,-10.3,-35.3,8.4,0.614947966,-0.203711051,-0.625263222,-0.435163427
348,874773,512930,1.011,0.217,0.111,22.6,6,-0.5,-10.6,-33.9,8.7,0.61528367,-0.202978607,-0.625537889,-0.434614093
349,876943,512930,1.011,0.217,0.111,22.6,6,-0.5,-10.6,-33.9,8.7,0.61528367,-0.202978607,-0.625537889,-0.434614093
350,879173,512930,1.027,0.21,0.091,25.3,8.1,-0.6,-10.6,-33.9,8.7,0.61568041,-0.202154607,-0.625812555,-0.434034242
351,881639,512940,1.027,0.21,0.091,25.3,8.1,-0.6,-10.6,-33.9,8.7,0.61568041,-0.202154607,-0.625812555,-0.434034242
352,883784,512940,1.031,0.218,0.068,28.9,9.8,-0.8,-10.7,-35,8.4,0.616168706,-0.201208533,-0.626087222,-0.433362835
353,885360,512940,1.031,0.218,0.068,28.9,9.8,-0.8,-10.7,-35,8.4,0.616168706,-0.201208533,-0.626087222,-0.433362835
354,888202,512940,1.023,0.218,0.052,32.7,10.7,-0.6,-10.7,-35,8.4,0.616748558,-0.200140385,-0.626392407,-0.432599872
355,891111,512950,1.023,0.218,0.052,32.7,10.7,-0.6,-10.7,-35,8.4,0.616748558,-0.200140385,-0.626392407,-0.432599872
356,894139,512950,1.023,0.218,0.052,34.3,10.9,-0.4,-10.7,-35,8.4,0.617023225,-0.199560533,-0.626575518,-0.432172613
357,895548,512950,1.019,0.218,0.029,37.1,11.2,-0.3,-10.8,-34.8,9,0.61732841,-0.199377422,-0.62694174,-0.431348613
358,899572,512950,1.011,0.219,0.017,38.3,11.3,-0.5,-10.8,-34.8,9,0.61793878,-0.198126164,-0.627338481,-0.430433058
359,901667,512960,1.011,0.219,0.017,38.3,11.3,-0.5,-10.8,-34.8,9,0.61793878,-0.198126164,-0.627338481,-0.430433058
360,904045,512960,1,0.203,0.013,40.5,11.9,-0.5,-10.9,-34.5,9.2,0.618610187,-0.196813868,-0.627796258,-0.429425947
361,906160,512960,1,0.203,0.013,40.5,11.9,-0.5,-10.9,-34.5,9.2,0.618610187,-0.196813868,-0.627796258,-0.429425947
362,908226,512960,0.996,0.195,0.01,41.7,12.8,-0.2,-10.9,-34.5,9.2,0.619312113,-0.195440535,-0.628223518,-0.428418836
363,910465,512970,0.996,0.195,0.01,41.7,12.8,-0.2,-10.9,-34.5,9.2,0.619312113,-0.195440535,-0.628223518,-0.428418836
364,913611,512970,0.992,0.152,0.005,42,13.6,-0.3,-10.8,-34,9.5,0.620014039,-0.194036683,-0.628650777,-0.427381207
365,915714,512970,0.992,0.152,0.005,42,13.6,-0.3,-10.8,-34,9.5,0.620014039,-0.194036683,-0.628650777,-0.427381207
366,917939,512970,0.996,0.117,0.012,42.2,14.3,0,-10.8,-34,9.5,0.620746483,-0.192602313,-0.629047517,-0.426343577
367,921120,512980,0.996,0.117,0.012,42.2,14.3,0,-10.8,-34,9.5,0.620746483,-0.192602313,-0.629047517,-0.426343577
368,923233,512980,0.996,0.097,0.016,42.8,14.3,0.7,-10.7,-33.4,9.9,0.621509445,-0.19122898,-0.629444258,-0.42527543
369,925542,512980,0.996,0.097,0.016,42.8,14.3,0.7,-10.7,-33.4,9.9,0.621509445,-0.19122898,-0.629444258,-0.42527543
370,929428,512980,0.992,0.077,0.028,43.9,13.5,2.4,-10.7,-33.4,9.9,0.622302927,-0.189855647,-0.629871517,-0.424146245
371,931282,512990,0.992,0.077,0.028,43.9,13.5,2.4,-10.7,-33.4,9.9,0.622302927,-0.189855647,-0.629871517,-0.424146245
372,933344,512990,0.988,0.073,0.04,45.3,12.9,5.3,-10.7,-33.9,9.2,0.623126926,-0.188512833,-0.630298776,-0.422894986
373,936749,512990,0.988,0.073,0.04,45.3,12.9,5.3,-10.7,-33.9,9.2,0.623126926,-0.188512833,-0.630298776,-0.422894986
374,938834,512990,0.984,0.077,0.055,47,12.5,8.7,-10.7,-33.9,9.2,0.623981445,-0.187231056,-0.630756554,-0.421491134
375,941866,513000,0.984,0.077,0.055,47,12.5,8.7,-10.7,-33.9,9.2,0.623981445,-0.187231056,-0.630756554,-0.421491134
376,944056,513000,0.984,0.081,0.055,48.4,12.5,10.4,-10.7,-33.9,9.2,0.624469741,-0.186590167,-0.631000702,-0.42075869
377,946246,513000,0.98,0.097,0.056,52,13.1,14,-10.8,-34.3,9.7,0.625141148,-0.186681722,-0.63124485,-0.419263283
378,949100,513000,0.98,0.117,0.048,54.2,13.6,15.6,-10.8,-34.3,9.7,0.626239814,-0.185399945,-0.631733146,-0.417523728
379,951383,513010,0.98,0.117,0.048,54.2,13.6,15.6,-10.8,-34.3,9.7,0.626239814,-0.185399945,-0.631733146,-0.417523728
380,954364,513010,0.984,0.136,0.048,59.3,14.8,18.3,-11.2,-34,10.1,0.627430036,-0.184026612,-0.632251961,-0.415540025
381,956593,513010,0.984,0.136,0.048,59.3,14.8,18.3,-11.2,-34,10.1,0.627430036,-0.184026612,-0.632251961,-0.415540025
382,957984,513010,0.992,0.164,0.025,65.1,15.7,20.6,-11.2,-34,10.1,0.628711814,-0.182561724,-0.632801294,-0.413373211
383,961212,513020,0.992,0.164,0.025,65.1,15.7,20.6,-11.2,-34,10.1,0.628711814,-0.182561724,-0.632801294,-0.413373211
384,963328,513020,1.007,0.199,0.013,70.9,16.5,22.2,-11,-33.9,10.2,0.630115665,-0.180974761,-0.633442183,-0.410962249
385,965605,513020,1.007,0.199,0.013,70.9,16.5,22.2,-11,-33.9,10.2,0.630115665,-0.180974761,-0.633442183,-0.410962249
386,969377,513020,1.019,0.219,0.005,76.3,17,23.4,-11,-33.9,10.2,0.631580554,-0.179235206,-0.634144108,-0.408398694
387,971646,513030,1.019,0.219,0.005,76.3,17,23.4,-11,-33.9,10.2,0.631580554,-0.179235206,-0.634144108,-0.408398694
388,973893,513030,1.039,0.238,-0.005,80.9,17.5,23.9,-11.4,-32.5,11.3,0.633106479,-0.177373577,-0.634876553,-0.405652028
389,975325,513030,1.039,0.238,-0.005,80.9,17.5,23.9,-11.4,-32.5,11.3,0.633106479,-0.177373577,-0.634876553,-0.405652028
390,978146,513030,1.05,0.246,-0.009,84.6,18.6,23.5,-11.4,-32.5,11.3,0.634693442,-0.175389874,-0.635670034,-0.402813807
391,981289,513040,1.05,0.246,-0.009,84.6,18.6,23.5,-11.4,-32.5,11.3,0.634693442,-0.175389874,-0.635670034,-0.402813807
392,983561,513040,1.062,0.246,-0.025,87.4,19.6,22.4,-11.2,-33.5,10.9,0.636280404,-0.173284097,-0.636494034,-0.399945067
393,985656,513040,1.062,0.246,-0.025,87.4,19.6,22.4,-11.2,-33.5,10.9,0.636280404,-0.173284097,-0.636494034,-0.399945067
394,988901,513040,1.066,0.238,-0.033,90,20.3,21.3,-11.2,-33.5,10.9,0.637897885,-0.171056246,-0.637318033,-0.396954253
395,991823,513050,1.066,0.238,-0.033,90,20.3,21.3,-11.2,-33.5,10.9,0.637897885,-0.171056246,-0.637318033,-0.396954253
396,993314,513050,1.066,0.219,-0.022,91.3,20.8,21,-11.2,-33.5,10.9,0.638721885,-0.169896542,-0.637745293,-0.395519883
397,995654,513050,1.074,0.211,-0.026,94.2,21.4,20.8,-11.4,-33.3,11.2,0.639393292,-0.168889431,-0.638386181,-0.393749809
398,999067,513050,1.07,0.195,-0.022,95.5,21.7,21,-11.4,-33.3,11.2,0.64107181,-0.166447951,-0.639240699,-0.39066744
399,1000487,513060,1.07,0.195,-0.022,95.5,21.7,21,-11.4,-33.3,11.2,0.64107181,-0.166447951,-0.639240699,-0.39066744
400,1003703,513060,1.07,0.179,-0.026,97.3,22.7,22.4,-11.7,-33,11.6,0.642750328,-0.163975951,-0.640125736,-0.387524033
401,1005480,513060,1.07,0.179,-0.026,97.3,22.7,22.4,-11.7,-33,11.6,0.642750328,-0.163975951,-0.640125736,-0.387524033
402,1009287,513060,1.062,0.156,-0.026,98.4,24.3,24.8,-11.7,-33,11.6,0.644520402,-0.161503952,-0.640919218,-0.384258553
403,1011188,513070,1.062,0.156,-0.026,98.4,24.3,24.8,-11.7,-33,11.6,0.644520402,-0.161503952,-0.640919218,-0.384258553
404,1014719,513070,1.058,0.152,-0.026,99.8,25.6,27.6,-12.1,-32.8,11.8,0.646382031,-0.159031953,-0.64168218,-0.380901517
405,1016314,513070,1.058,0.152,-0.026,99.8,25.6,27.6,-12.1,-32.8,11.8,0.646382031,-0.159031953,-0.64168218,-0.380901517
406,1018184,513070,1.039,0.156,-0.034,101.9,26.9,30.9,-12.1,-32.8,11.8,0.648335215,-0.156559954,-0.642384106,-0.377391888
407,1020438,513080,1.039,0.156,-0.034,101.9,26.9,30.9,-12.1,-32.8,11.8,0.648335215,-0.156559954,-0.642384106,-0.377391888
408,1023100,513080,1.027,0.152,-0.03,104.1,27.5,34.4,-12,-30.8,13.9,0.650349437,-0.154118473,-0.643086032,-0.373729667
409,1025414,513080,1.027,0.152,-0.03,104.1,27.5,34.4,-12,-30.8,13.9,0.650349437,-0.154118473,-0.643086032,-0.373729667
410,1028580,513080,1.019,0.172,-0.037,106.4,27.5,37.8,-12,-30.8,13.9,0.652424696,-0.151707511,-0.643787957,-0.369884335
411,1031947,513090,1.019,0.172,-0.037,106.4,27.5,37.8,-12,-30.8,13.9,0.652424696,-0.151707511,-0.643787957,-0.369884335
412,1034087,513090,1.027,0.192,-0.041,108.6,27.2,40.4,-12.7,-31.9,12.5,0.654560991,-0.149296548,-0.644459365,-0.36588641
413,1035600,513090,1.027,0.192,-0.041,108.6,27.2,40.4,-12.7,-31.9,12.5,0.654560991,-0.149296548,-0.644459365,-0.36588641
414,1039195,513090,1.031,0.2,-0.053,111.2,26.9,42.6,-12.7,-31.9,12.5,0.656697287,-0.146885586,-0.645191809,-0.361735893
415,1040869,513100,1.031,0.2,-0.053,111.2,26.9,42.6,-12.7,-31.9,12.5,0.656697287,-0.146885586,-0.645191809,-0.361735893
416,1043202,513100,1.035,0.215,-0.053,112.6,27,43.5,-12.7,-31.9,12.5,0.657765435,-0.145664846,-0.645558031,-0.359630116
417,1045411,513100,1.051,0.231,-0.068,115.6,27.6,44.7,-12.5,-31.5,13,0.658589434,-0.144840846,-0.646382031,-0.356975005
418,1047957,513100,1.051,0.231,-0.08,117.1,28.3,44.9,-12.5,-31.5,13,0.660817286,-0.14230781,-0.647083956,-0.35258034
419,1052321,513110,1.051,0.231,-0.08,117.1,28.3,44.9,-12.5,-31.5,13,0.660817286,-0.14230781,-0.647083956,-0.35258034
420,1054565,513110,1.063,0.239,-0.1,120.4,29.9,44.5,-13.1,-30.8,13.7,0.663045137,-0.139652699,-0.647785882,-0.348094119
421,1056719,513110,1.063,0.239,-0.1,120.4,29.9,44.5,-13.1,-30.8,13.7,0.663045137,-0.139652699,-0.647785882,-0.348094119
422,1059049,513110,1.074,0.235,-0.108,123.3,31.3,44,-13.1,-30.8,13.7,0.665334025,-0.136906034,-0.648457289,-0.343516343
423,1060507,513120,1.074,0.235,-0.108,123.3,31.3,44,-13.1,-30.8,13.7,0.665334025,-0.136906034,-0.648457289,-0.343516343
424,1063742,513120,1.078,0.228,-0.116,126.1,32.6,43.5,-13.3,-30.6,14.1,0.667653432,-0.134006775,-0.649128697,-0.338908048
425,1065355,513120,1.078,0.228,-0.116,126.1,32.6,43.5,-13.3,-30.6,14.1,0.667653432,-0.134006775,-0.649128697,-0.338908048
426,1068393,513120,1.09,0.224,-0.116,128.6,33.7,43.2,-13.3,-30.6,14.1,0.669972839,-0.130985443,-0.649800104,-0.334208197
427,1070589,513130,1.09,0.224,-0.116,128.6,33.7,43.2,-13.3,-30.6,14.1,0.669972839,-0.130985443,-0.649800104,-0.334208197
428,1073105,513130,1.094,0.212,-0.128,130.2,34.7,43.6,-13.9,-28.9,16.7,0.672322764,-0.127933592,-0.650410474,-0.32944731
429,1075341,513130,1.094,0.212,-0.128,130.2,34.7,43.6,-13.9,-28.9,16.7,0.672322764,-0.127933592,-0.650410474,-0.32944731
430,1079277,513130,1.094,0.208,-0.128,131.1,35,44.7,-13.9,-28.9,16.7,0.674672689,-0.124851222,-0.651020844,-0.324594867
431,1081439,513140,1.094,0.208,-0.128,131.1,35,44.7,-13.9,-28.9,16.7,0.674672689,-0.124851222,-0.651020844,-0.324594867
432,1083892,513140,1.094,0.216,-0.128,131.6,35.5,46.2,-13.6,-29.3,14.9,0.677022614,-0.121768853,-0.651570177,-0.319711905
433,1086221,513140,1.094,0.216,-0.128,131.6,35.5,46.2,-13.6,-29.3,14.9,0.677022614,-0.121768853,-0.651570177,-0.319711905
434,1088318,513140,1.09,0.212,-0.124,131.9,36.1,48.4,-13.6,-29.3,14.9,0.679403058,-0.118717002,-0.652088992,-0.314737388
435,1090578,513150,1.09,0.212,-0.124,131.9,36.1,48.4,-13.6,-29.3,14.9,0.679403058,-0.118717002,-0.652088992,-0.314737388
436,1092887,513150,1.09,0.212,-0.128,132,36.3,49.7,-13.6,-29.3,14.9,0.68059328,-0.117221595,-0.652302622,-0.312204352
437,1095510,513150,1.078,0.224,-0.12,132.3,36.3,50.9,-14,-28.8,15,0.68181402,-0.115756706,-0.65254677,-0.309640797
438,1099254,513150,1.09,0.239,-0.124,133.4,35.2,53.4,-14,-28.8,15,0.684194464,-0.112796411,-0.653004547,-0.304452651
439,1101190,513160,1.09,0.239,-0.124,133.4,35.2,53.4,-14,-28.8,15,0.684194464,-0.112796411,-0.653004547,-0.304452651
440,1103275,513160,1.094,0.251,-0.128,133.8,32.6,56.2,-14,-27.8,15.6,0.686513871,-0.109927671,-0.653492843,-0.29914243
441,1105782,513160,1.094,0.251,-0.128,133.8,32.6,56.2,-14,-27.8,15.6,0.686513871,-0.109927671,-0.653492843,-0.29914243
442,1107999,513160,1.106,0.275,-0.124,134.8,29.8,59.4,-14,-27.8,15.6,0.688802759,-0.107181005,-0.654042177,-0.293710135
443,1110560,513170,1.106,0.275,-0.124,134.8,29.8,59.4,-14,-27.8,15.6,0.688802759,-0.107181005,-0.654042177,-0.293710135
444,1114308,513170,1.106,0.294,-0.131,136.6,28,61.8,-14.8,-27.4,16.4,0.691000092,-0.104464858,-0.654622028,-0.288094729
445,1116556,513170,1.106,0.294,-0.131,136.6,28,61.8,-14.8,-27.4,16.4,0.691000092,-0.104464858,-0.654622028,-0.288094729
446,1118849,513170,1.117,0.318,-0.135,138.9,27.3,63.6,-14.8,-27.4,16.4,0.693197424,-0.101748711,-0.655232398,-0.28235725
447,1120793,513180,1.117,0.318,-0.135,138.9,27.3,63.6,-14.8,-27.4,16.4,0.693197424,-0.101748711,-0.655232398,-0.28235725
448,1123078,513180,1.121,0.337,-0.143,141.9,26.8,65.4,-15.1,-26.1,18.9,0.695394757,-0.0990020447,-0.655842769,-0.276467177
449,1125333,513180,1.121,0.337,-0.143,141.9,26.8,65.4,-15.1,-26.1,18.9,0.695394757,-0.0990020447,-0.655842769,-0.276467177
450,1127862,513180,1.129,0.353,-0.143,145.5,26.1,67.3,-15.1,-26.1,18.9,0.697561571,-0.0962248604,-0.656483657,-0.270424512
451,1132429,513190,1.129,0.353,-0.143,145.5,26.1,67.3,-15.1,-26.1,18.9,0.697561571,-0.0962248604,-0.656483657,-0.270424512
452,1134744,513190,1.125,0.373,-0.138,149,25.3,68.4,-15,-26.3,17,0.699697867,-0.0933561205,-0.657155065,-0.264198737
453,1137077,513190,1.125,0.373,-0.138,149,25.3,68.4,-15,-26.3,17,0.699697867,-0.0933561205,-0.657155065,-0.264198737
454,1139352,513190,1.125,0.373,-0.146,151.6,24.5,68.5,-15,-26.3,17,0.701803644,-0.0904263436,-0.65785699,-0.257850887
455,1141543,513200,1.125,0.373,-0.146,151.6,24.5,68.5,-15,-26.3,17,0.701803644,-0.0904263436,-0.65785699,-0.257850887
456,1143816,513200,1.125,0.381,-0.146,152.5,24,68.4,-15,-26.3,17,0.702810755,-0.0889309366,-0.658192694,-0.254676962
457,1145800,513200,1.121,0.377,-0.142,153.1,23.6,68.2,-15.3,-25.5,17.7,0.703817866,-0.0874355296,-0.658558916,-0.251472518
458,1148023,513200,1.117,0.365,-0.142,153.7,24.1,67.4,-15.3,-25.5,17.7,0.705832087,-0.0843836787,-0.659230323,-0.245063631
459,1150342,513210,1.117,0.365,-0.142,153.7,24.1,67.4,-15.3,-25.5,17.7,0.705832087,-0.0843836787,-0.659230323,-0.245063631
460,1153712,513210,1.113,0.365,-0.134,154,26.6,66.2,-16.1,-24.8,18.3,0.70781579,-0.0813013092,-0.659810175,-0.238654744
461,1156798,513210,1.113,0.365,-0.134,154,26.6,66.2,-16.1,-24.8,18.3,0.70781579,-0.0813013092,-0.659810175,-0.238654744
462,1158712,513210,1.105,0.353,-0.126,153.2,30.6,63.9,-16.1,-24.8,18.3,0.709891049,-0.0780968657,-0.660267953,-0.232337413
463,1160496,513220,1.105,0.353,-0.126,153.2,30.6,63.9,-16.1,-24.8,18.3,0.709891049,-0.0780968657,-0.660267953,-0.232337413
464,1163068,513220,1.098,0.337,-0.115,150.6,34.5,60.5,-16.3,-24,18.6,0.711966308,-0.0748008667,-0.660512101,-0.226172674
465,1166372,513220,1.098,0.337,-0.115,150.6,34.5,60.5,-16.3,-24,18.6,0.711966308,-0.0748008667,-0.660512101,-0.226172674
466,1169432,513220,1.098,0.329,-0.099,146.6,38.9,57.2,-16.3,-24,18.6,0.714102603,-0.0715353862,-0.660603656,-0.220252083
467,1171465,513230,1.098,0.325,-0.091,144.5,41.3,56,-16.3,-24,18.6,0.715170751,-0.0698873867,-0.660573138,-0.217352824
468,1172878,513230,1.078,0.31,-0.091,142.7,43.6,55.8,-16.4,-22.5,21,0.716299936,-0.0682699057,-0.660451064,-0.214484085
469,1176385,513230,1.082,0.294,-0.092,141.4,45.7,56.9,-16.4,-22.5,21,0.717429121,-0.0666524247,-0.66032899,-0.211615345
470,1178235,513230,1.082,0.294,-0.088,140.9,47.3,59.5,-16.4,-22.5,21,0.718588824,-0.0650959807,-0.660145878,-0.208716086
471,1180645,513240,1.07,0.278,-0.08,141.9,48.7,62.9,-16.4,-22.5,21,0.719779046,-0.0635700552,-0.659932249,-0.205755791
472,1182789,513240,1.18,0.305,-0.097,144.6,50.2,67.5,-16.7,-22.2,19.7,0.720999786,-0.0620441298,-0.659688101,-0.20270394
473,1186515,513240,1.156,0.293,-0.073,149,52.2,73.7,-16.7,-22.2,19.7,0.722251045,-0.0605182043,-0.659413434,-0.199438459
474,1187935,513240,1.097,0.301,-0.041,154.5,55.7,82.2,-16.7,-22.2,19.7,0.723624378,-0.0590227973,-0.659108249,-0.196020386
475,1191075,513250,1.043,0.309,-0.036,160,61.4,92.4,-16.7,-22.2,19.7,0.725089267,-0.0575579089,-0.658711509,-0.192327647
476,1192879,513250,1.043,0.309,-0.036,160,61.4,92.4,-16.7,-22.2,19.7,0.725089267,-0.0575579089,-0.658711509,-0.192327647
477,1196418,513250,1.078,0.336,-0.009,166.4,77.2,110.1,-17.6,-21.6,20.1,0.728629414,-0.054811243,-0.657338176,-0.184240242
478,1198218,513250,0.988,0.329,0,166.5,84.4,113.6,-17.6,-21.6,20.1,0.730491043,-0.0534379101,-0.656514176,-0.180150761
479,1200387,513260,0.925,0.33,-0.01,165,89.8,113.8,-17.6,-21.6,20.1,0.732413709,-0.0520950957,-0.655598621,-0.176061281
480,1203959,513260,0.894,0.318,0.017,163.2,93.7,111.9,-17.8,-20.6,20.2,0.734366894,-0.0507217627,-0.65459151,-0.172032838
481,1205653,513260,0.894,0.318,0.017,163.2,93.7,111.9,-17.8,-20.6,20.2,0.734366894,-0.0507217627,-0.65459151,-0.172032838
482,1209030,513260,0.913,0.333,0.032,161.9,97.6,103.9,-17.8,-20.6,20.2,0.738242744,-0.0478530229,-0.652455214,-0.164220099
483,1210690,513270,0.886,0.345,0.041,163.5,96.8,98.5,-17.8,-20.6,20.2,0.740134892,-0.0462660604,-0.651356548,-0.160374767
484,1213052,513270,0.843,0.349,0.073,166.4,94.1,93.5,-18.3,-19.4,20.4,0.741966002,-0.0445875423,-0.650318918,-0.156620991
485,1215521,513270,0.855,0.349,0.084,170.4,90.3,89.8,-18.3,-19.4,20.4,0.743705557,-0.0427564318,-0.649342326,-0.152836695
486,1218051,513270,0.882,0.357,0.084,175,86,87.1,-18.3,-19.4,20.4,0.745384075,-0.0408948027,-0.648457289,-0.149021882
487,1221327,513280,0.937,0.367,0.099,179.9,81.2,84.7,-18.3,-19.4,20.4,0.746971038,-0.0389110996,-0.64763329,-0.14517655
488,1223564,513280,0.948,0.387,0.114,185.2,76,82.8,-18.9,-18,22.3,0.748435926,-0.0368053224,-0.646900845,-0.14127018
489,1227190,513280,0.921,0.391,0.131,190.9,71.4,81.6,-18.9,-18,22.3,0.749839778,-0.0346385083,-0.646259957,-0.137302774
490,1229283,513280,0.87,0.407,0.155,196.5,68.3,81.4,-18.9,-18,22.3,0.751182592,-0.03234962,-0.645649586,-0.133243812
491,1231539,513290,0.858,0.411,0.171,201.5,66.3,81.6,-18.9,-18,22.3,0.752494888,-0.0299996948,-0.645069735,-0.129123814
492,1233561,513290,0.858,0.411,0.171,201.5,66.3,81.6,-18.9,-18,22.3,0.752494888,-0.0299996948,-0.645069735,-0.129123814
493,1235614,513290,0.85,0.418,0.199,207.8,62.1,79.8,-19.1,-17.1,21.4,0.754966887,-0.0251167333,-0.644032105,-0.120700705
494,1238665,513290,0.85,0.43,0.211,208.4,58.5,76.1,-19.1,-17.1,21.4,0.756096072,-0.022583697,-0.643543809,-0.116580706
495,1241615,513300,0.889,0.433,0.214,207.6,54.5,70.8,-19.1,-17.1,21.4,0.757133702,-0.0200201422,-0.643147069,-0.112521744
496,1243014,513300,0.889,0.433,0.214,207.6,54.5,70.8,-19.1,-17.1,21.4,0.757133702,-0.0200201422,-0.643147069,-0.112521744
497,1246231,513300,0.889,0.433,0.214,207.6,54.5,70.8,-19.1,-17.1,21.4,0.757133702,-0.0200201422,-0.643147069,-0.112521744
498,1248224,513300,0.944,0.417,0.213,200.8,47.5,53.7,-19,-15.8,21.8,0.75981933,-0.0117496261,-0.642017884,-0.101474044
499,1251282,513310,0.983,0.412,0.204,198.4,49.2,50.2,-19,-15.8,21.8,0.76064333,-0.0090334788,-0.641590625,-0.0978728599
500,1254281,513310,1.006,0.408,0.192,196.3,52.5,48.2,-19.5,-15.2,21.2,0.761528367,-0.00634784997,-0.641163366,-0.0943327128
501,1255701,513310,1.006,0.408,0.192,196.3,52.5,48.2,-19.5,-15.2,21.2,0.761528367,-0.00634784997,-0.641163366,-0.0943327128
502,1258767,513310,1.057,0.388,0.183,192.6,61.7,48.8,-19.5,-15.2,21.2,0.763389996,-0.00103762932,-0.639942625,-0.0873439741
503,1261787,513320,0.928,0.346,0.212,191.1,68,51.7,-19.5,-15.2,21.2,0.764458144,0.00152592547,-0.639179662,-0.083803827
504,1263074,513320,1.053,0.361,0.171,189.5,75.7,56,-19.7,-14.5,21.2,0.765587329,0.00405896176,-0.638264107,-0.0802331614
505,1265956,513320,1.01,0.365,0.195,187.4,83.9,61,-19.7,-14.5,21.2,0.766838588,0.00646992401,-0.637195959,-0.0765709403
506,1269010,513320,1.026,0.381,0.203,184.6,91.7,66.2,-19.7,-14.5,21.2,0.768181402,0.00878933073,-0.6359447,-0.0728476821
507,1270537,513330,1.041,0.384,0.215,180.5,99.3,71.4,-19.7,-14.5,21.2,0.76964629,0.0109866634,-0.634571368,-0.0691549425
508,1273567,513330,0.963,0.33,0.223,173.6,107.1,75.6,-20.4,-13.1,22.8,0.771202734,0.0130314035,-0.633045442,-0.0654622028
509,1276552,513330,0.963,0.33,0.223,173.6,107.1,75.6,-20.4,-13.1,22.8,0.771202734,0.0130314035,-0.633045442,-0.0654622028
510,1277975,513330,0.955,0.318,0.247,151.1,123,79.5,-20.4,-13.1,22.8,0.774590289,0.0164799951,-0.629505295,-0.0583819086
511,1280945,513340,0.955,0.318,0.247,151.1,123,79.5,-20.4,-13.1,22.8,0.774590289,0.0164799951,-0.629505295,-0.0583819086
512,1283936,513340,0.811,0.252,0.303,127.1,134,78.5,-20.9,-12.6,22.7,0.778283029,0.0191351054,-0.625446333,-0.0519730216
513,1286159,513340,0.776,0.245,0.312,117.5,135.7,77.2,-20.9,-12.6,22.7,0.780175176,0.0202337718,-0.623279519,-0.0490127262
514,1289275,513340,0.846,0.228,0.29,109.2,134.3,74.9,-20.9,-12.6,22.7,0.782006287,0.0212103641,-0.621143223,-0.0461745048
515,1291532,513350,0.866,0.185,0.309,101.3,129.4,70.6,-20.9,-12.6,22.7,0.78377636,0.0220954009,-0.619067965,-0.043549913
516,1293902,513350,0.866,0.185,0.309,101.3,129.4,70.6,-20.9,-12.6,22.7,0.78377636,0.0220954009,-0.619067965,-0.043549913
517,1296239,513350,0.865,0.164,0.379,87,115.2,55.8,-21.1,-11.7,22,0.787011322,0.0239875484,-0.615192114,-0.0393078402
518,1298163,513350,0.783,0.121,0.466,82.9,109,49.4,-21.1,-11.7,22,0.788476211,0.0248420667,-0.61342204,-0.0372936186
519,1300403,513360,0.767,0.105,0.498,81.5,103.1,45.7,-21.1,-11.7,22,0.789849544,0.025696585,-0.611713004,-0.035340434
520,1304585,513360,0.787,0.1,0.529,81.7,96.3,44.5,-21.1,-11.1,21.5,0.791100803,0.0265816218,-0.61015656,-0.0334482864
521,1306814,513360,0.787,0.1,0.529,81.7,96.3,44.5,-21.1,-11.1,21.5,0.791100803,0.0265816218,-0.61015656,-0.0334482864
522,1309160,513360,0.782,0.051,0.657,80,79.2,42.7,-21.1,-11.1,21.5,0.793298135,0.0283211768,-0.607409894,-0.0296639912
523,1311352,513370,0.782,0.035,0.704,76.9,71.8,39.9,-21.1,-11.1,21.5,0.794213691,0.0291756951,-0.606250191,-0.0279244362
524,1313097,513370,0.766,0.011,0.743,72.5,66.8,36.2,-21.6,-10.7,21.1,0.795068209,0.0299996948,-0.605151524,-0.0263069552
525,1315420,513370,0.727,-0.024,0.826,67.7,64.6,33.1,-21.6,-10.7,21.1,0.795892209,0.0307626576,-0.604083377,-0.0247810297
526,1317930,513370,0.699,-0.044,0.865,63.2,64.5,31,-21.6,-10.7,21.1,0.796716208,0.0314951018,-0.603015229,-0.0233771783
527,1322389,513380,0.672,-0.072,0.885,59.8,65.8,29.7,-21.6,-10.7,21.1,0.797570727,0.0321970275,-0.601947081,-0.0220343638
528,1324712,513380,0.66,-0.099,0.912,58.3,67.9,29.1,-22.3,-10.4,21.6,0.798425245,0.0328684347,-0.600787378,-0.0206915494
529,1326886,513380,0.636,-0.127,0.959,59.5,69.9,29.2,-22.3,-10.4,21.6,0.799310282,0.0335398419,-0.599627674,-0.0193792535
530,1329185,513380,0.597,-0.139,0.987,64.4,71.6,30.7,-22.3,-10.4,21.6,0.800225837,0.0343028047,-0.598437452,-0.0179448836
531,1331398,513390,0.507,-0.138,1.036,73.7,72.7,34.4,-22.3,-10.4,21.6,0.801110874,0.0351573229,-0.597216712,-0.0163274026
532,1333214,513390,0.503,-0.131,1.04,86.9,73.3,40.1,-22,-10.4,20.9,0.802026429,0.0361644337,-0.595995972,-0.014435255
533,1335632,513390,0.503,-0.08,1.048,102.4,73,47.2,-22,-10.4,20.9,0.802911466,0.0373851741,-0.594775231,-0.0122074038
534,1339557,513390,0.535,-0.045,1.029,119,71.7,54.6,-22,-10.4,20.9,0.803735466,0.0387890255,-0.593585009,-0.00964384899
535,1341744,513400,0.511,-0.021,1.025,135.5,70,61.4,-22,-10.4,20.9,0.804559465,0.040375988,-0.592425306,-0.00674459059
536,1344147,513400,0.511,-0.021,1.025,135.5,70,61.4,-22,-10.4,20.9,0.804559465,0.040375988,-0.592425306,-0.00674459059
537,1346707,513400,0.324,0.122,0.995,166.9,70.7,70.9,-22.6,-9.4,20.8,0.806085391,0.0444349498,-0.590105899,0.000152592547
538,1348830,513400,0.324,0.205,0.961,182,72,73.1,-22.6,-9.4,20.8,0.806817835,0.046662801,-0.588915677,0.00384533219
539,1351407,513410,0.418,0.264,0.893,196.4,71.2,73.6,-22.6,-9.4,20.8,0.807519761,0.0491958373,-0.587694937,0.00775170141
540,1353057,513410,0.48,0.425,0.82,209.5,67.3,72.8,-22.8,-8.2,20.7,0.808130131,0.0519425031,-0.586565752,0.0117801447
541,1356948,513410,0.48,0.425,0.82,209.5,67.3,72.8,-22.8,-8.2,20.7,0.808130131,0.0519425031,-0.586565752,0.0117801447
542,1358808,513410,0.457,0.603,0.76,231.8,56.6,71.8,-22.8,-8.2,20.7,0.809045686,0.058046205,-0.584490493,0.0202337718
543,1361342,513420,0.535,0.799,0.698,241.7,52.3,73.3,-22.8,-8.2,20.7,0.80938139,0.0613116855,-0.583513901,0.0246589557
544,1364412,513420,0.531,0.944,0.704,250.5,48.4,76,-22.8,-7.3,20.3,0.809564501,0.0647907956,-0.582628864,0.0292977691
545,1367375,513420,0.547,1.039,0.685,258.1,44.1,79.6,-22.8,-7.3,20.3,0.809717093,0.0683004242,-0.581774346,0.0340281381
546,1369491,513420,0.586,1.133,0.662,263.1,38.9,83.2,-22.8,-7.3,20.3,0.809747612,0.0718710898,-0.581011383,0.0389110996
547,1371634,513430,0.687,1.269,0.658,264.7,32.3,85.6,-22.8,-7.3,20.3,0.809656056,0.0754112369,-0.580339976,0.0438245796
548,1374041,513430,0.683,1.327,0.702,261.9,24.2,84.4,-22.9,-5.7,20.9,0.809442427,0.078951384,-0.579790643,0.0486770226
549,1376292,513430,0.659,1.386,0.75,254.8,15.5,77.3,-22.9,-5.7,20.9,0.809106723,0.0824610126,-0.579363384,0.053254799
550,1377996,513430,0.733,1.384,0.772,242.5,6.8,63,-22.9,-5.7,20.9,0.808648946,0.0859401227,-0.579088717,0.0574663533
551,1381647,513440,0.898,1.328,0.753,222.3,-1.2,41.7,-22.9,-5.7,20.9,0.808160649,0.0893276772,-0.578875088,0.0610065004
552,1384037,513440,0.952,1.225,0.755,191.7,-8.6,15.1,-22.8,-5.4,20.8,0.807672353,0.0925321207,-0.578814051,0.0636921293
553,1386410,513440,1.003,1.114,0.756,150.5,-14,-12.6,-22.8,-5.4,20.8,0.807184057,0.0953703421,-0.578814051,0.0653401288
554,1388420,513440,1.062,0.902,0.749,101.7,-15.1,-37.2,-22.8,-5.4,20.8,0.806848354,0.0976592303,-0.578875088,0.065950499
555,1390713,513450,1.05,0.796,0.748,49.7,-10.2,-55.9,-22.8,-5.4,20.8,0.806695761,0.0992156743,-0.578844569,0.0655232398
556,1393074,513450,1.05,0.796,0.748,49.7,-10.2,-55.9,-22.8,-5.4,20.8,0.806695761,0.0992156743,-0.578844569,0.0655232398
557,1397038,513450,1.004,0.522,0.718,-51.5,14.7,-75,-22.8,-4.8,21.1,0.807489242,0.0992767113,-0.578142644,0.0616779077
558,1399398,513450,0.996,0.476,0.702,-97.7,29,-77.2,-22.8,-4.8,21.1,0.808160649,0.0984832301,-0.57759331,0.0591143529
559,1401515,513460,0.942,0.394,0.694,-139.5,40,-75.2,-22.8,-4.8,21.1,0.809045686,0.0969267861,-0.576921903,0.0561540574
560,1403707,513460,0.911,0.32,0.658,-176.7,45.7,-69,-23.1,-6.1,20.5,0.810083316,0.0946073794,-0.57615894,0.0527665029
561,1405644,513460,0.868,0.208,0.603,-208.7,45.6,-59.9,-23.1,-6.1,20.5,0.811151463,0.0916165654,-0.575457015,0.0492263558
562,1407981,513460,0.825,0.13,0.568,-235.3,40.4,-49.4,-23.1,-6.1,20.5,0.812158574,0.0880458998,-0.574907682,0.0454420606
563,1411987,513470,0.806,0.096,0.54,-256,31.4,-39.1,-23.1,-6.1,20.5,0.813074129,0.0839564196,-0.574510941,0.0416272469
564,1414306,513470,0.728,0.023,0.505,-270.2,20.9,-31.1,-23,-6.3,20.7,0.813867611,0.0795312357,-0.57432783,0.0377208777
565,1416277,513470,0.705,-0.003,0.482,-277.3,10.8,-26.1,-23,-6.3,20.7,0.814477981,0.0749229408,-0.574297311,0.03378399
566,1418214,513470,0.693,-0.011,0.466,-277.9,2.2,-24.4,-23,-6.3,20.7,0.814966277,0.0702841273,-0.574419385,0.0298776208
567,1420494,513480,0.681,-0.003,0.463,-272.8,-4.3,-25.1,-23,-6.3,20.7,0.815332499,0.0657673879,-0.574633015,0.0260017701
568,1424597,513480,0.662,0.032,0.452,-263.4,-9,-27.5,-23.6,-7.8,20.5,0.815607166,0.0614337596,-0.574877163,0.0222174749
569,1426496,513480,0.631,0.037,0.441,-251.4,-11.5,-30.4,-23.6,-7.8,20.5,0.815790277,0.0573442793,-0.57515183,0.0184942167
570,1428762,513480,0.603,0.045,0.433,-239.2,-11.9,-33.4,-23.6,-7.8,20.5,0.815942869,0.0534989471,-0.575426496,0.0148930326
571,1430365,513490,0.537,0.069,0.423,-229,-10.1,-36.4,-23.6,-7.8,20.5,0.816095462,0.049897763,-0.575640126,0.0113528855
572,1434403,513490,0.51,0.054,0.404,-221.5,-6.9,-40.2,-23.6,-8.3,20.5,0.816248054,0.0464186529,-0.5757622,0.00784325694
573,1436702,513490,0.498,0.039,0.384,-217.1,-2.8,-45.6,-23.6,-8.3,20.5,0.816431166,0.0431531724,-0.575792718,0.00430310984
574,1438871,513490,0.479,0.032,0.365,-215.6,0.8,-53,-23.6,-8.3,20.5,0.816644795,0.0399792474,-0.575731681,0.000640888699
575,1441240,513500,0.467,-0.006,0.318,-216.3,3.3,-62.2,-23.6,-8.3,20.5,0.816858425,0.036896878,-0.575609607,-0.00314340648
576,1443164,513500,0.467,-0.006,0.318,-216.3,3.3,-62.2,-23.6,-8.3,20.5,0.816858425,0.036896878,-0.575609607,-0.00314340648
577,1445443,513500,0.479,0.001,0.286,-220.1,3.6,-83.5,-23.1,-9.6,20,0.817255165,0.0311288797,-0.575304422,-0.0116580706
578,1448659,513500,0.499,-0.033,0.258,-221.7,2.1,-93.7,-23.1,-9.6,20,0.817377239,0.0283822138,-0.575121311,-0.016113773
579,1450585,513510,0.522,-0.076,0.238,-223.1,0.1,-102.7,-23.1,-9.6,20,0.817468795,0.025696585,-0.574968719,-0.0207525864
580,1452942,513510,0.538,-0.068,0.241,-224.6,-4.8,-115.5,-23.6,-11.1,19.9,0.817468795,0.0231330302,-0.574877163,-0.025635548
581,1455426,513510,0.538,-0.068,0.241,-224.6,-4.8,-115.5,-23.6,-11.1,19.9,0.817468795,0.0231330302,-0.574877163,-0.025635548
582,1459873,513510,0.604,-0.096,0.22,-222.1,-11.7,-121.6,-23.6,-11.1,19.9,0.817285684,0.0181890316,-0.574846644,-0.035523545
583,1462271,513520,0.616,-0.104,0.212,-219.6,-15.7,-121.9,-23.6,-11.1,19.9,0.817041536,0.0157475509,-0.574877163,-0.0404675436
584,1464753,513520,0.64,-0.128,0.215,-216.8,-20.2,-120.4,-23.6,-12.2,19.6,0.816766869,0.0133976257,-0.574999237,-0.0453505051
585,1466494,513520,0.659,-0.124,0.215,-213.4,-24.8,-117.5,-23.6,-12.2,19.6,0.816370128,0.0110477004,-0.575182348,-0.0500808741
586,1468784,513520,0.698,-0.144,0.179,-209,-29.2,-113.3,-23.6,-12.2,19.6,0.815912351,0.00872829371,-0.575457015,-0.0547196875
587,1471097,513530,0.722,-0.144,0.175,-203,-33.2,-108.3,-23.6,-12.2,19.6,0.815393536,0.0064394055,-0.5757622,-0.0592364269
588,1473088,513530,0.761,-0.148,0.158,-195,-36,-102.9,-22.8,-13.2,18.9,0.814844203,0.00421155431,-0.576128422,-0.0635395367
589,1475435,513530,0.816,-0.121,0.15,-185.3,-37.4,-98.2,-22.8,-13.2,18.9,0.814233833,0.00210577715,-0.576525163,-0.0675984985
590,1477994,513530,0.839,-0.102,0.154,-174.1,-37.1,-94.2,-22.8,-13.2,18.9,0.813623463,0.000122074038,-0.576921903,-0.0714743492
591,1480569,513540,0.863,-0.083,0.149,-162.2,-34.7,-91.1,-22.8,-13.2,18.9,0.813043611,-0.001617481,-0.577288125,-0.0751365703
592,1482939,513540,0.874,-0.063,0.149,-150.1,-30.8,-88.4,-22.4,-14.1,19.3,0.812494278,-0.003234962,-0.57759331,-0.0785851619
593,1485532,513540,0.902,-0.032,0.161,-138.6,-26.3,-86,-22.4,-14.1,19.3,0.812005982,-0.00463881344,-0.57780694,-0.0818506424
594,1489404,513540,0.905,-0.005,0.173,-127.8,-22,-83.9,-22.4,-14.1,19.3,0.811548204,-0.00589007233,-0.577990051,-0.0849635304
595,1491621,513550,0.913,0.017,0.181,-117.7,-19,-82,-22.4,-14.1,19.3,0.811151463,-0.00695822016,-0.578112125,-0.0878933073
596,1493787,513550,0.913,0.017,0.181,-117.7,-19,-82,-22.4,-14.1,19.3,0.811151463,-0.00695822016,-0.578112125,-0.0878933073
597,1495781,513550,0.94,0.079,0.205,-100.2,-18.7,-79.1,-22.8,-15.1,19.6,0.810327464,-0.00872829371,-0.578386792,-0.0933561205
598,1498016,513550,0.94,0.095,0.209,-93.2,-21.2,-77.2,-22.8,-15.1,19.6,0.809900204,-0.00943021943,-0.578569903,-0.0958891568
599,1501257,513560,0.96,0.103,0.209,-87.6,-24.8,-74.6,-22.8,-15.1,19.6,0.809411908,-0.0101016266,-0.578844569,-0.098300119
600,1503400,513560,0.991,0.114,0.216,-83.4,-28.9,-71.2,-23.1,-15.8,18.9,0.808862575,-0.0107425153,-0.579180273,-0.100619526
601,1505582,513560,0.991,0.114,0.216,-83.4,-28.9,-71.2,-23.1,-15.8,18.9,0.808862575,-0.0107425153,-0.579180273,-0.100619526
602,1507960,513560,0.999,0.114,0.236,-78.3,-36,-62.7,-23.1,-15.8,18.9,0.807672353,-0.0120548112,-0.58006531,-0.104892117
603,1511725,513570,0.999,0.114,0.236,-78.3,-36,-62.7,-23.1,-15.8,18.9,0.807672353,-0.0120548112,-0.58006531,-0.104892117
604,1513188,513570,1.022,0.117,0.27,-73.5,-40.7,-53.5,-22.3,-16,19.6,0.806360057,-0.0134586627,-0.581163976,-0.108737449
605,1515644,513570,1.03,0.112,0.286,-70.3,-42.6,-48.9,-22.3,-16,19.6,0.805658132,-0.0141605884,-0.581743828,-0.110446486
606,1519197,513570,1.03,0.12,0.302,-66.4,-44.3,-44.5,-22.3,-16,19.6,0.804986724,-0.0148625141,-0.582384716,-0.112094485
607,1521469,513580,1.03,0.12,0.302,-66.4,-44.3,-44.5,-22.3,-16,19.6,0.804986724,-0.0148625141,-0.582384716,-0.112094485
608,1523773,513580,1.018,0.135,0.341,-58.8,-48.1,-35.2,-22.1,-17,18,0.803552355,-0.0162968841,-0.583758049,-0.114932707
609,1525813,513580,1.006,0.131,0.345,-55.7,-50.1,-30.4,-22.1,-17,18,0.80281991,-0.0169682913,-0.584521012,-0.116153447
610,1528047,513580,0.983,0.139,0.357,-53.5,-52.4,-25.2,-22.1,-17,18,0.802056948,-0.0177007355,-0.585314493,-0.117252113
611,1531160,513590,0.963,0.14,0.35,-52.3,-54.7,-19.9,-22.1,-17,18,0.801293985,-0.0185552538,-0.586138493,-0.118259224
612,1534439,513590,0.955,0.14,0.334,-51.9,-57,-14.8,-22,-17.2,19.8,0.800500504,-0.019409772,-0.586993011,-0.119144261
613,1536586,513590,0.944,0.148,0.335,-51.7,-59.3,-9.9,-22,-17.2,19.8,0.799707022,-0.0203558458,-0.587908567,-0.119968261
614,1538030,513590,0.92,0.157,0.312,-51.5,-61.6,-5.3,-22,-17.2,19.8,0.798852504,-0.0213324381,-0.58885464,-0.120700705
615,1541226,513600,0.909,0.157,0.3,-51,-63.7,-0.8,-22,-17.2,19.8,0.798028504,-0.0223395489,-0.589831233,-0.121341594
616,1544257,513600,0.909,0.157,0.3,-51,-63.7,-0.8,-22,-17.2,19.8,0.798028504,-0.0223395489,-0.589831233,-0.121341594
617,1546640,513600,0.905,0.2,0.277,-47.6,-67,5.5,-22.1,-17.5,19.8,0.796319468,-0.0245368816,-0.591814936,-0.122348704
618,1548820,513600,0.905,0.2,0.277,-47.6,-67,5.5,-22.1,-17.5,19.8,0.796319468,-0.0245368816,-0.591814936,-0.122348704
619,1551112,513610,0.889,0.24,0.282,-41.1,-67.6,7,-22.1,-17.5,19.8,0.794549394,-0.0266121403,-0.593951231,-0.123142186
620,1553214,513610,0.869,0.24,0.286,-37.8,-66.7,6.1,-21.8,-17.4,19.6,0.793694876,-0.0275276955,-0.594988861,-0.123477889
621,1555573,513610,0.869,0.24,0.286,-37.8,-66.7,6.1,-21.8,-17.4,19.6,0.793694876,-0.0275276955,-0.594988861,-0.123477889
622,1559279,513610,0.83,0.276,0.28,-32.5,-64.8,1.8,-21.8,-17.4,19.6,0.791955321,-0.029114658,-0.597064119,-0.124179815
623,1561697,513620,0.823,0.288,0.28,-29.8,-64.4,-0.8,-21.8,-17.4,19.6,0.791100803,-0.0297860652,-0.598101749,-0.124546037
624,1563158,513620,0.823,0.288,0.28,-29.8,-64.4,-0.8,-21.8,-17.4,19.6,0.791100803,-0.0297860652,-0.598101749,-0.124546037
625,1565574,513620,0.854,0.362,0.28,-22.3,-65.7,-5.5,-21.5,-17,20.3,0.789330729,-0.0308847316,-0.600207526,-0.125217444
626,1569148,513620,0.854,0.381,0.288,-19,-66.3,-7.4,-21.5,-17,20.3,0.788445692,-0.0312814722,-0.601306192,-0.125583666
627,1571353,513630,0.861,0.397,0.288,-17.4,-65.9,-9.4,-21.5,-17,20.3,0.787530137,-0.0316476943,-0.602404859,-0.12591937
628,1573613,513630,0.877,0.413,0.28,-18.4,-63.9,-12.5,-21.2,-17.4,18.5,0.7866451,-0.0319833979,-0.603473006,-0.126346629
629,1575647,513630,0.861,0.409,0.281,-22,-60.5,-17,-21.2,-17.4,18.5,0.785790582,-0.0322580645,-0.604449599,-0.126865444
630,1577954,513630,0.842,0.405,0.281,-27.3,-56.2,-22.9,-21.2,-17.4,18.5,0.784966582,-0.0326242866,-0.605365154,-0.127597888
631,1581059,513640,0.834,0.39,0.261,-33,-51.7,-29.3,-21.2,-17.4,18.5,0.784173101,-0.0329294717,-0.606158635,-0.128482925
632,1583149,513640,0.83,0.378,0.25,-37.8,-48.3,-35,-20.9,-18,20.2,0.783410138,-0.0332346568,-0.606921598,-0.129551073
633,1585392,513640,0.83,0.371,0.238,-41.1,-46.5,-39,-20.9,-18,20.2,0.782647176,-0.0335703604,-0.607623524,-0.130741295
634,1588321,513640,0.834,0.371,0.242,-42.8,-46.2,-41.3,-20.9,-18,20.2,0.781884213,-0.033906064,-0.608325449,-0.131992553
635,1590518,513650,0.858,0.347,0.237,-43.7,-47.3,-42.4,-20.9,-18,20.2,0.781090732,-0.0342112491,-0.609027375,-0.133243812
636,1594140,513650,0.858,0.347,0.237,-43.7,-47.3,-42.4,-20.9,-18,20.2,0.781090732,-0.0342112491,-0.609027375,-0.133243812
637,1595556,513650,0.877,0.315,0.24,-44.6,-49.3,-43,-20.6,-18.4,20.3,0.780175176,-0.0334788049,-0.609790338,-0.13534959
638,1598768,513650,0.889,0.307,0.24,-47.7,-53.7,-44.6,-20.6,-18.4,20.3,0.778435621,-0.0342112491,-0.611346782,-0.1380047
639,1600690,513660,0.889,0.307,0.24,-47.7,-53.7,-44.6,-20.6,-18.4,20.3,0.778435621,-0.0342112491,-0.611346782,-0.1380047
640,1603953,513660,0.916,0.287,0.247,-51.8,-56.2,-45.2,-20.3,-18.6,20.1,0.776604511,-0.0350962859,-0.612994781,-0.140812403
641,1605336,513660,0.916,0.287,0.247,-51.8,-56.2,-45.2,-20.3,-18.6,20.1,0.776604511,-0.0350962859,-0.612994781,-0.140812403
642,1608149,513660,0.924,0.263,0.25,-56.3,-57.4,-43,-20.3,-18.6,20.1,0.774712363,-0.0361339152,-0.614673299,-0.143681143
643,1611354,513670,0.924,0.263,0.25,-56.3,-57.4,-43,-20.3,-18.6,20.1,0.774712363,-0.0361339152,-0.614673299,-0.143681143
644,1612826,513670,0.924,0.248,0.254,-62,-57.8,-39.1,-20.3,-18.9,20.5,0.772820215,-0.0374767296,-0.61629078,-0.146580401
645,1616532,513670,0.924,0.248,0.254,-62,-57.8,-39.1,-20.3,-18.9,20.5,0.772820215,-0.0374767296,-0.61629078,-0.146580401
646,1618790,513670,0.944,0.247,0.25,-67.8,-59.2,-34.4,-20.3,-18.9,20.5,0.770897549,-0.0390942106,-0.617908261,-0.149479659
647,1620818,513680,0.944,0.247,0.25,-67.8,-59.2,-34.4,-20.3,-18.9,20.5,0.770897549,-0.0390942106,-0.617908261,-0.149479659
648,1624107,513680,0.952,0.263,0.258,-73.6,-61.4,-32.8,-20.1,-19.5,18.5,0.768913846,-0.0410473952,-0.619525742,-0.152409436
649,1625495,513680,0.952,0.263,0.258,-73.6,-61.4,-32.8,-20.1,-19.5,18.5,0.768913846,-0.0410473952,-0.619525742,-0.152409436
650,1628274,513680,0.967,0.263,0.242,-81.9,-64.1,-35.3,-20.1,-19.5,18.5,0.766808069,-0.0432142094,-0.62120426,-0.15561388
651,1631257,513690,0.967,0.263,0.242,-81.9,-64.1,-35.3,-20.1,-19.5,18.5,0.766808069,-0.0432142094,-0.62120426,-0.15561388
652,1634012,513690,0.959,0.275,0.238,-92,-67.3,-39,-20.2,-19.4,20.7,0.764549699,-0.0456251717,-0.622882778,-0.159184545
653,1635481,513690,0.959,0.275,0.238,-92,-67.3,-39,-20.2,-19.4,20.7,0.764549699,-0.0456251717,-0.622882778,-0.159184545
654,1638369,513690,0.987,0.283,0.203,-101.7,-71,-42.9,-20.2,-19.4,20.7,0.762169256,-0.048280282,-0.624591815,-0.163151952
655,1641608,513700,0.987,0.283,0.203,-101.7,-71,-42.9,-20.2,-19.4,20.7,0.762169256,-0.048280282,-0.624591815,-0.163151952
656,1642981,513700,1.003,0.287,0.194,-105.9,-73,-45,-20.2,-19.4,20.7,0.760887478,-0.0496841334,-0.625476852,-0.165257729
657,1645844,513700,1.038,0.283,0.182,-109.8,-75,-47,-19.8,-20.2,20.7,0.759483627,-0.0507827998,-0.626422926,-0.167760247
658,1649143,513700,1.077,0.275,0.158,-114.7,-77.9,-49.1,-19.8,-20.2,20.7,0.756767479,-0.0537430952,-0.628254036,-0.172307505
659,1650566,513710,1.077,0.275,0.158,-114.7,-77.9,-49.1,-19.8,-20.2,20.7,0.756767479,-0.0537430952,-0.628254036,-0.172307505
660,1653659,513710,1.112,0.274,0.153,-115.1,-77.5,-48.3,-19.6,-20.6,20.5,0.753959777,-0.0568254646,-0.630054628,-0.176885281
661,1656490,513710,1.112,0.274,0.153,-115.1,-77.5,-48.3,-19.6,-20.6,20.5,0.753959777,-0.0568254646,-0.630054628,-0.176885281
662,1657964,513710,1.132,0.27,0.149,-114,-73.1,-47.3,-19.6,-20.6,20.5,0.751243629,-0.0598467971,-0.631733146,-0.18140202
663,1661117,513720,1.132,0.27,0.149,-114,-73.1,-47.3,-19.6,-20.6,20.5,0.751243629,-0.0598467971,-0.631733146,-0.18140202
664,1663171,513720,1.14,0.266,0.133,-115.8,-66.7,-47,-19.1,-21.1,20.6,0.748680074,-0.0628681295,-0.633167516,-0.185949278
665,1665518,513720,1.14,0.266,0.133,-115.8,-66.7,-47,-19.1,-21.1,20.6,0.748680074,-0.0628681295,-0.633167516,-0.185949278
666,1668603,513720,1.147,0.255,0.125,-120.8,-61.2,-46.2,-19.1,-21.1,20.6,0.746238594,-0.066011536,-0.634357738,-0.190588092
667,1670637,513730,1.147,0.255,0.125,-120.8,-61.2,-46.2,-19.1,-21.1,20.6,0.746238594,-0.066011536,-0.634357738,-0.190588092
668,1672911,513730,1.167,0.235,0.105,-126.4,-57.1,-46.4,-18.6,-22.2,18,0.74385815,-0.0692770165,-0.63533433,-0.195379498
669,1675961,513730,1.167,0.235,0.105,-126.4,-57.1,-46.4,-18.6,-22.2,18,0.74385815,-0.0692770165,-0.63533433,-0.195379498
670,1678045,513730,1.191,0.219,0.089,-129.7,-52.9,-47.7,-18.6,-22.2,18,0.741569262,-0.072603534,-0.636097293,-0.200354015
671,1681124,513740,1.191,0.219,0.089,-129.7,-52.9,-47.7,-18.6,-22.2,18,0.741569262,-0.072603534,-0.636097293,-0.200354015
672,1683299,513740,1.191,0.204,0.084,-129.7,-47.8,-48.1,-18.6,-21.8,19.2,0.739341411,-0.0758995331,-0.636707663,-0.20535905
673,1685603,513740,1.191,0.204,0.084,-129.7,-47.8,-48.1,-18.6,-21.8,19.2,0.739341411,-0.0758995331,-0.636707663,-0.20535905
674,1687861,513740,1.148,0.204,0.089,-127.2,-42.5,-46,-18.6,-21.8,19.2,0.737266152,-0.0791344951,-0.637104404,-0.21027253
675,1690697,513750,1.148,0.204,0.089,-127.2,-42.5,-46,-18.6,-21.8,19.2,0.737266152,-0.0791344951,-0.637104404,-0.21027253
676,1693083,513750,1.156,0.204,0.081,-126.2,-40.9,-44.5,-18.6,-21.8,19.2,0.73628956,-0.0807214576,-0.637256996,-0.212652974
677,1696899,513750,1.148,0.204,0.073,-126.1,-40.1,-43.4,-18.6,-23.1,19.3,0.735282449,-0.0823389386,-0.637409589,-0.215033418
678,1699123,513750,1.148,0.2,0.07,-128,-39.9,-43.5,-18.6,-23.1,19.3,0.733298746,-0.0855433821,-0.637623218,-0.219824824
679,1701367,513760,1.148,0.2,0.07,-128,-39.9,-43.5,-18.6,-23.1,19.3,0.733298746,-0.0855433821,-0.637623218,-0.219824824
680,1704355,513760,1.144,0.193,0.066,-130.5,-39.3,-45,-18,-23.2,19.1,0.731284524,-0.0888698996,-0.63780633,-0.224738304
681,1705740,513760,1.144,0.193,0.066,-130.5,-39.3,-45,-18,-23.2,19.1,0.731284524,-0.0888698996,-0.63780633,-0.224738304
682,1708685,513760,1.12,0.197,0.086,-131.1,-38,-45.7,-18,-23.2,19.1,0.729239784,-0.0921658986,-0.637897885,-0.229682302
683,1711775,513770,1.12,0.197,0.086,-131.1,-38,-45.7,-18,-23.2,19.1,0.729239784,-0.0921658986,-0.637897885,-0.229682302
684,1713128,513770,1.136,0.201,0.078,-130.4,-35.9,-45.7,-18,-23.7,18.6,0.727225562,-0.0954008606,-0.637928404,-0.234595782
685,1716041,513770,1.136,0.201,0.078,-130.4,-35.9,-45.7,-18,-23.7,18.6,0.727225562,-0.0954008606,-0.637928404,-0.234595782
686,1719119,513770,1.14,0.189,0.081,-129.5,-33.9,-45.7,-18,-23.7,18.6,0.725241859,-0.0986053041,-0.637867367,-0.239539781
687,1720516,513780,1.14,0.189,0.081,-129.5,-33.9,-45.7,-18,-23.7,18.6,0.725241859,-0.0986053041,-0.637867367,-0.239539781
688,1723633,513780,1.124,0.177,0.077,-127.2,-30.2,-44,-17,-25,16.4,0.723349712,-0.101748711,-0.637684256,-0.244361705
689,1726602,513780,1.124,0.177,0.077,-127.2,-30.2,-44,-17,-25,16.4,0.723349712,-0.101748711,-0.637684256,-0.244361705
690,1728002,513780,1.109,0.193,0.086,-121.9,-25.5,-39.9,-17,-25,16.4,0.721579638,-0.104770043,-0.637409589,-0.24897
691,1731116,513790,1.109,0.193,0.086,-121.9,-25.5,-39.9,-17,-25,16.4,0.721579638,-0.104770043,-0.637409589,-0.24897
692,1734234,513790,1.069,0.217,0.099,-116.1,-22.1,-35.4,-17.2,-25.6,18.1,0.720023194,-0.10769982,-0.637012848,-0.253303629
693,1736585,513790,1.069,0.217,0.099,-116.1,-22.1,-35.4,-17.2,-25.6,18.1,0.720023194,-0.10769982,-0.637012848,-0.253303629
694,1738047,513790,1.062,0.225,0.095,-114.2,-21.3,-33.4,-17.2,-25.6,18.1,0.718497269,-0.110599078,-0.636555071,-0.257423627
695,1740451,513800,1.062,0.225,0.095,-114.2,-21.3,-33.4,-17.2,-25.6,18.1,0.718497269,-0.110599078,-0.636555071,-0.257423627
696,1742919,513800,1.05,0.233,0.087,-114.7,-21.3,-33.3,-17.2,-25.6,18.1,0.717734306,-0.112063967,-0.636341441,-0.259498886
697,1747639,513800,1.042,0.237,0.084,-115.5,-21.1,-33.6,-16.7,-25.9,17.8,0.716788232,-0.113498337,-0.636310923,-0.261574145
698,1747981,513800,1.042,0.241,0.088,-116.1,-20.5,-34.2,-16.7,-25.9,17.8,0.715231788,-0.116428114,-0.635792108,-0.265755181
699,1752160,513810,1.042,0.241,0.088,-116.1,-20.5,-34.2,-16.7,-25.9,17.8,0.715231788,-0.116428114,-0.635792108,-0.265755181
700,1754275,513810,1.03,0.237,0.08,-115,-19.3,-34.6,-17,-26.4,17.2,0.713675344,-0.119296854,-0.635242775,-0.269905698
701,1756623,513810,1.03,0.237,0.08,-115,-19.3,-34.6,-17,-26.4,17.2,0.713675344,-0.119296854,-0.635242775,-0.269905698
702,1758822,513810,1.023,0.237,0.064,-114.2,-17.6,-35.6,-17,-26.4,17.2,0.712149419,-0.122074038,-0.634632405,-0.274086734
703,1760768,513820,1.023,0.237,0.064,-114.2,-17.6,-35.6,-17,-26.4,17.2,0.712149419,-0.122074038,-0.634632405,-0.274086734
704,1762949,513820,1.027,0.234,0.056,-114.4,-16.2,-37,-16.3,-26.9,16.8,0.710654012,-0.124820704,-0.633960997,-0.278298288
705,1766279,513820,1.027,0.234,0.056,-114.4,-16.2,-37,-16.3,-26.9,16.8,0.710654012,-0.124820704,-0.633960997,-0.278298288
706,1768255,513820,1.046,0.214,0.048,-114.5,-15.6,-37.2,-16.3,-26.9,16.8,0.709128086,-0.127536851,-0.633259072,-0.282540361
707,1771637,513830,1.046,0.214,0.048,-114.5,-15.6,-37.2,-16.3,-26.9,16.8,0.709128086,-0.127536851,-0.633259072,-0.282540361
708,1773821,513830,1.066,0.202,0.048,-112.8,-15.3,-36.8,-16.3,-27.4,14.6,0.707602161,-0.130191961,-0.632526627,-0.286721397
709,1777174,513830,1.066,0.202,0.048,-112.8,-15.3,-36.8,-16.3,-27.4,14.6,0.707602161,-0.130191961,-0.632526627,-0.286721397
710,1778748,513830,1.078,0.186,0.059,-110.8,-14.4,-36.8,-16.3,-27.4,14.6,0.706076235,-0.132816553,-0.631794183,-0.290841395
711,1781727,513840,1.078,0.186,0.059,-110.8,-14.4,-36.8,-16.3,-27.4,14.6,0.706076235,-0.132816553,-0.631794183,-0.290841395
712,1783140,513840,1.074,0.174,0.059,-111.1,-12.7,-38,-16.4,-27.7,15.6,0.704580828,-0.13534959,-0.631000702,-0.294991913
713,1785453,513840,1.074,0.174,0.059,-111.1,-12.7,-38,-16.4,-27.7,15.6,0.704580828,-0.13534959,-0.631000702,-0.294991913
714,1787933,513840,1.081,0.146,0.062,-113.4,-10.5,-40.3,-16.4,-27.7,15.6,0.70311594,-0.137852107,-0.630115665,-0.299233985
715,1792317,513850,1.081,0.146,0.062,-113.4,-10.5,-40.3,-16.4,-27.7,15.6,0.70311594,-0.137852107,-0.630115665,-0.299233985
716,1794637,513850,1.078,0.131,0.054,-114.8,-9.2,-41.8,-16.4,-27.7,15.6,0.702352977,-0.139103366,-0.629627369,-0.301431318
717,1796841,513850,1.07,0.123,0.05,-116.2,-7.8,-43.4,-16.5,-28.1,15.4,0.701223792,-0.140751366,-0.629657888,-0.303262429
718,1799387,513850,1.05,0.111,0.07,-118.1,-5.2,-46.4,-16.5,-28.1,15.4,0.699697867,-0.143162328,-0.628559221,-0.307840205
719,1801789,513860,1.05,0.111,0.07,-118.1,-5.2,-46.4,-16.5,-28.1,15.4,0.699697867,-0.143162328,-0.628559221,-0.307840205
720,1803874,513860,1.031,0.092,0.055,-118.9,-3.9,-49.1,-16.1,-28.7,14.7,0.69820246,-0.145512253,-0.627368999,-0.312540056
721,1805836,513860,1.031,0.092,0.055,-118.9,-3.9,-49.1,-16.1,-28.7,14.7,0.69820246,-0.145512253,-0.627368999,-0.312540056
722,1808087,513860,1.023,0.081,0.059,-118.8,-4.2,-49.7,-16.1,-28.7,14.7,0.696646016,-0.14783166,-0.626178777,-0.317300943
723,1811937,513870,1.023,0.081,0.059,-118.8,-4.2,-49.7,-16.1,-28.7,14.7,0.696646016,-0.14783166,-0.626178777,-0.317300943
724,1814267,513870,1.027,0.076,0.066,-116.7,-5.3,-48.5,-15.6,-29.2,14.1,0.695059053,-0.150151067,-0.625019074,-0.321939756
725,1816409,513870,1.027,0.076,0.066,-116.7,-5.3,-48.5,-15.6,-29.2,14.1,0.695059053,-0.150151067,-0.625019074,-0.321939756
726,1818620,513870,1.023,0.08,0.07,-113.3,-6.3,-47.2,-15.6,-29.2,14.1,0.693472091,-0.152378918,-0.623889889,-0.326456496
727,1820614,513880,1.023,0.08,0.07,-113.3,-6.3,-47.2,-15.6,-29.2,14.1,0.693472091,-0.152378918,-0.623889889,-0.326456496
728,1822961,513880,1.035,0.092,0.082,-109.5,-7.1,-45.9,-14.9,-29.9,12.9,0.69185461,-0.15457625,-0.62285226,-0.330820643
729,1825449,513880,1.035,0.092,0.082,-109.5,-7.1,-45.9,-14.9,-29.9,12.9,0.69185461,-0.15457625,-0.62285226,-0.330820643
730,1828624,513880,1.027,0.104,0.09,-106,-7.7,-43.7,-14.9,-29.9,12.9,0.690298166,-0.156712546,-0.621814631,-0.335001679
731,1830643,513890,1.027,0.104,0.09,-106,-7.7,-43.7,-14.9,-29.9,12.9,0.690298166,-0.156712546,-0.621814631,-0.335001679
732,1833000,513890,1.042,0.103,0.09,-102.5,-8.6,-40.3,-15,-30.1,13,0.688741722,-0.158818323,-0.620838038,-0.338999603
733,1836866,513890,1.042,0.103,0.09,-102.5,-8.6,-40.3,-15,-30.1,13,0.688741722,-0.158818323,-0.620838038,-0.338999603
734,1839144,513890,1.046,0.123,0.102,-99.4,-10.4,-36.6,-15,-30.1,13,0.687215796,-0.160954619,-0.619891964,-0.342783898
735,1841415,513900,1.046,0.123,0.102,-99.4,-10.4,-36.6,-15,-30.1,13,0.687215796,-0.160954619,-0.619891964,-0.342783898
736,1843710,513900,1.05,0.127,0.098,-97.8,-11.2,-35.2,-15,-30.1,13,0.686452834,-0.162022767,-0.619464705,-0.34458449
737,1845653,513900,1.058,0.134,0.098,-96.2,-12.2,-34.2,-14.9,-30.8,12.3,0.685567797,-0.163579211,-0.619281594,-0.345927305
738,1847902,513900,1.062,0.142,0.098,-93.6,-14.1,-32.9,-14.9,-30.8,12.3,0.684041871,-0.165715506,-0.618488113,-0.349345378
739,1851162,513910,1.062,0.142,0.098,-93.6,-14.1,-32.9,-14.9,-30.8,12.3,0.684041871,-0.165715506,-0.618488113,-0.349345378
740,1853173,513910,1.042,0.15,0.11,-90.9,-13.7,-33,-14.9,-31.1,12,0.682485427,-0.167760247,-0.617755669,-0.352702414
741,1855422,513910,1.042,0.15,0.11,-90.9,-13.7,-33,-14.9,-31.1,12,0.682485427,-0.167760247,-0.617755669,-0.352702414
742,1858566,513910,1.015,0.154,0.11,-89.5,-11.9,-33.9,-14.9,-31.1,12,0.680959502,-0.169713431,-0.616992706,-0.356028932
743,1861409,513920,1.015,0.154,0.11,-89.5,-11.9,-33.9,-14.9,-31.1,12,0.680959502,-0.169713431,-0.616992706,-0.356028932
744,1863603,513920,1.007,0.162,0.103,-88.9,-12,-34,-14.6,-31.8,11.6,0.679433576,-0.171636097,-0.616199225,-0.359355449
745,1866365,513920,1.007,0.162,0.103,-88.9,-12,-34,-14.6,-31.8,11.6,0.679433576,-0.171636097,-0.616199225,-0.359355449
746,1869218,513920,0.999,0.163,0.107,-87.8,-13.3,-33.1,-14.6,-31.8,11.6,0.677907651,-0.173558763,-0.615436262,-0.36262093
747,1871500,513930,0.999,0.163,0.107,-87.8,-13.3,-33.1,-14.6,-31.8,11.6,0.677907651,-0.173558763,-0.615436262,-0.36262093
748,1873744,513930,0.999,0.163,0.103,-86.8,-14.1,-32.4,-14.3,-31.4,11.1,0.676351207,-0.175481429,-0.614734336,-0.365825373
749,1876511,513930,0.999,0.163,0.103,-86.8,-14.1,-32.4,-14.3,-31.4,11.1,0.676351207,-0.175481429,-0.614734336,-0.365825373
750,1877869,513930,0.991,0.167,0.099,-86.6,-14.2,-32.1,-14.3,-31.4,11.1,0.674764245,-0.177404096,-0.614001892,-0.36896878
751,1881079,513940,0.991,0.167,0.099,-86.6,-14.2,-32.1,-14.3,-31.4,11.1,0.674764245,-0.177404096,-0.614001892,-0.36896878
752,1883840,513940,0.984,0.171,0.099,-86.2,-13.6,-32.1,-14.3,-32,11.6,0.673207801,-0.179296243,-0.613269448,-0.372112186
753,1885320,513940,0.984,0.171,0.099,-86.2,-13.6,-32.1,-14.3,-32,11.6,0.673207801,-0.179296243,-0.613269448,-0.372112186
754,1888963,513940,0.984,0.167,0.092,-85.1,-12.5,-32.4,-14.3,-32,11.6,0.671681875,-0.181157872,-0.612506485,-0.375255593
755,1890502,513950,0.984,0.167,0.092,-85.1,-12.5,-32.4,-14.3,-32,11.6,0.671681875,-0.181157872,-0.612506485,-0.375255593
756,1892852,513950,0.988,0.167,0.092,-84.4,-11.9,-32.8,-14.3,-32,11.6,0.670918912,-0.182042909,-0.612109745,-0.376812037
757,1896708,513950,0.984,0.163,0.092,-83.5,-11.3,-33.3,-13.9,-32.7,10.6,0.670003357,-0.183202612,-0.611987671,-0.378093814
758,1898810,513950,0.984,0.163,0.092,-81.6,-10,-34.6,-13.9,-32.7,10.6,0.66850795,-0.184850612,-0.611194189,-0.381206702
759,1901200,513960,0.984,0.163,0.092,-81.6,-10,-34.6,-13.9,-32.7,10.6,0.66850795,-0.184850612,-0.611194189,-0.381206702
760,1902967,513960,0.984,0.147,0.091,-79.9,-8.5,-35.7,-13.5,-32.4,10.3,0.667012543,-0.186407056,-0.610400708,-0.38431959
761,1905424,513960,0.984,0.147,0.091,-79.9,-8.5,-35.7,-13.5,-32.4,10.3,0.667012543,-0.186407056,-0.610400708,-0.38431959
762,1907952,513960,0.984,0.135,0.091,-79.1,-7.8,-37.1,-13.5,-32.4,10.3,0.665547655,-0.187871944,-0.609607227,-0.387432478
763,1912154,513970,0.984,0.135,0.091,-79.1,-7.8,-37.1,-13.5,-32.4,10.3,0.665547655,-0.187871944,-0.609607227,-0.387432478
764,1914443,513970,0.988,0.131,0.099,-78.7,-7.3,-38,-13.7,-32.8,9.5,0.664052248,-0.189275796,-0.608783227,-0.390575884
765,1916711,513970,0.988,0.131,0.099,-78.7,-7.3,-38,-13.7,-32.8,9.5,0.664052248,-0.189275796,-0.608783227,-0.390575884
766,1918863,513970,0.984,0.127,0.107,-78.5,-6.7,-38.7,-13.7,-32.8,9.5,0.662556841,-0.190649129,-0.607959227,-0.393719291
767,1921192,513980,0.984,0.127,0.107,-78.5,-6.7,-38.7,-13.7,-32.8,9.5,0.662556841,-0.190649129,-0.607959227,-0.393719291
768,1923133,513980,0.984,0.123,0.115,-78.6,-6.3,-38.8,-13.4,-33,9.5,0.661061434,-0.191991943,-0.607104709,-0.396862697
769,1925426,513980,0.984,0.123,0.115,-78.6,-6.3,-38.8,-13.4,-33,9.5,0.661061434,-0.191991943,-0.607104709,-0.396862697
770,1928585,513980,0.991,0.111,0.118,-78.6,-5.8,-39.1,-13.4,-33,9.5,0.659566027,-0.193334758,-0.606250191,-0.400006104
771,1930574,513990,0.991,0.111,0.118,-78.6,-5.8,-39.1,-13.4,-33,9.5,0.659566027,-0.193334758,-0.606250191,-0.400006104
772,1933037,513990,0.991,0.111,0.126,-78.8,-5.4,-38.8,-13.6,-33.5,9.1,0.65807062,-0.194677572,-0.605365154,-0.403180029
773,1936308,513990,0.991,0.111,0.126,-78.8,-5.4,-38.8,-13.6,-33.5,9.1,0.65807062,-0.194677572,-0.605365154,-0.403180029
774,1939089,513990,0.991,0.104,0.118,-79.6,-5.1,-38.7,-13.6,-33.5,9.1,0.656544694,-0.196020386,-0.604449599,-0.406353954
775,1940534,514000,0.991,0.104,0.118,-79.6,-5.1,-38.7,-13.6,-33.5,9.1,0.656544694,-0.196020386,-0.604449599,-0.406353954
776,1943630,514000,0.988,0.108,0.118,-80,-4.9,-38.6,-13.6,-33.5,9.1,0.65581225,-0.196691794,-0.603961303,-0.407940916
777,1946511,514000,0.995,0.1,0.122,-80.8,-5,-38.3,-13,-33.3,9,0.655171361,-0.199804682,-0.603900266,-0.407483139
778,1947993,514000,0.995,0.1,0.114,-81,-5.2,-38.2,-13,-33.3,9,0.653645436,-0.201208533,-0.602954192,-0.410687582
779,1951157,514010,0.995,0.1,0.114,-81,-5.2,-38.2,-13,-33.3,9,0.653645436,-0.201208533,-0.602954192,-0.410687582
780,1954177,514010,1.003,0.104,0.11,-80.8,-5.6,-37.9,-13,-33.7,8.5,0.65211951,-0.202612384,-0.601977599,-0.413830988
781,1956448,514010,1.003,0.104,0.11,-80.8,-5.6,-37.9,-13,-33.7,8.5,0.65211951,-0.202612384,-0.601977599,-0.413830988
782,1957813,514010,1.011,0.103,0.11,-79.8,-6.2,-36.9,-13,-33.7,8.5,0.650563066,-0.204016236,-0.601031526,-0.416943876
783,1960705,514020,1.011,0.103,0.11,-79.8,-6.2,-36.9,-13,-33.7,8.5,0.650563066,-0.204016236,-0.601031526,-0.416943876
784,1963698,514020,1.011,0.111,0.118,-77.6,-6.8,-35,-13,-34.1,8.4,0.649037141,-0.205420087,-0.60011597,-0.41993469
785,1966608,514020,1.011,0.111,0.118,-77.6,-6.8,-35,-13,-34.1,8.4,0.649037141,-0.205420087,-0.60011597,-0.41993469
786,1968076,514020,1.015,0.115,0.122,-74.8,-6.6,-33.3,-13,-34.1,8.4,0.647572253,-0.206823939,-0.599200415,-0.422833949
787,1971161,514030,1.015,0.115,0.122,-74.8,-6.6,-33.3,-13,-34.1,8.4,0.647572253,-0.206823939,-0.599200415,-0.422833949
788,1973909,514030,1.007,0.123,0.118,-72.7,-6,-32.3,-12.5,-34.4,7.5,0.646137883,-0.208136235,-0.598315378,-0.425611133
789,1975579,514030,1.007,0.123,0.118,-72.7,-6,-32.3,-12.5,-34.4,7.5,0.646137883,-0.208136235,-0.598315378,-0.425611133
790,1979268,514030,0.999,0.127,0.122,-70.7,-5.5,-32.1,-12.5,-34.4,7.5,0.644734031,-0.209418012,-0.59746086,-0.428296762
791,1980667,514040,0.999,0.127,0.122,-70.7,-5.5,-32.1,-12.5,-34.4,7.5,0.644734031,-0.209418012,-0.59746086,-0.428296762
792,1983611,514040,0.995,0.139,0.115,-68.4,-4.7,-32,-12.1,-34.2,7.6,0.643391217,-0.210608234,-0.596575823,-0.430951872
793,1986472,514040,0.995,0.139,0.115,-68.4,-4.7,-32,-12.1,-34.2,7.6,0.643391217,-0.210608234,-0.596575823,-0.430951872
794,1987990,514040,0.987,0.139,0.115,-65.8,-4.3,-31.7,-12.1,-34.2,7.6,0.642048402,-0.211737419,-0.595751823,-0.433545946
795,1991185,514050,0.987,0.139,0.115,-65.8,-4.3,-31.7,-12.1,-34.2,7.6,0.642048402,-0.211737419,-0.595751823,-0.433545946
796,1993177,514050,0.984,0.143,0.111,-64.4,-4.2,-31.3,-12.1,-34.2,7.6,0.641407514,-0.212286752,-0.595355083,-0.434797205
797,1996291,514050,0.984,0.143,0.119,-61.6,-4.5,-29.8,-12.2,-34.3,7.3,0.640705588,-0.213873714,-0.595324564,-0.435071871
798,1999316,514050,0.976,0.147,0.115,-59.9,-4.8,-29,-12.2,-34.3,7.3,0.639454329,-0.214911344,-0.594561602,-0.437421796
799,2001572,514060,0.976,0.147,0.115,-59.9,-4.8,-29,-12.2,-34.3,7.3,0.639454329,-0.214911344,-0.594561602,-0.437421796
800,2003993,514060,0.976,0.155,0.119,-56.3,-5.4,-27.5,-11.9,-34.5,7,0.638264107,-0.215887936,-0.593859676,-0.439649648
801,2006269,514060,0.976,0.155,0.119,-56.3,-5.4,-27.5,-11.9,-34.5,7,0.638264107,-0.215887936,-0.593859676,-0.439649648
802,2008185,514060,0.98,0.163,0.123,-53.2,-6.1,-26.4,-11.9,-34.5,7,0.637073885,-0.216803491,-0.593249306,-0.441724906
803,2010434,514070,0.98,0.163,0.123,-53.2,-6.1,-26.4,-11.9,-34.5,7,0.637073885,-0.216803491,-0.593249306,-0.441724906
804,2013486,514070,0.976,0.174,0.127,-51.2,-6.4,-26.2,-11.8,-34.1,6.9,0.635914182,-0.217688528,-0.592669454,-0.443708609
805,2016439,514070,0.976,0.174,0.127,-51.2,-6.4,-26.2,-11.8,-34.1,6.9,0.635914182,-0.217688528,-0.592669454,-0.443708609
806,2017919,514070,0.999,0.178,0.127,-50.6,-6.3,-26.4,-11.8,-34.1,6.9,0.634754479,-0.218543046,-0.592120121,-0.445692312
807,2021045,514080,0.999,0.178,0.127,-50.6,-6.3,-26.4,-11.8,-34.1,6.9,0.634754479,-0.218543046,-0.592120121,-0.445692312
808,2023932,514080,0.995,0.182,0.127,-50.1,-5,-26.6,-11.8,-35.1,6.5,0.633625294,-0.219336528,-0.591540269,-0.447676016
809,2025486,514080,0.995,0.182,0.127,-50.1,-5,-26.6,-11.8,-35.1,6.5,0.633625294,-0.219336528,-0.591540269,-0.447676016
810,2029316,514080,0.983,0.178,0.131,-48.3,-2.6,-25.8,-11.8,-35.1,6.5,0.632557146,-0.22009949,-0.590929899,-0.4496292
811,2031550,514090,0.983,0.178,0.131,-48.3,-2.6,-25.8,-11.8,-35.1,6.5,0.632557146,-0.22009949,-0.590929899,-0.4496292
812,2033928,514090,0.976,0.174,0.127,-45.8,-1.3,-24,-11,-35.1,6.3,0.631580554,-0.220770898,-0.59028901,-0.451490829
813,2035992,514090,0.976,0.174,0.127,-45.8,-1.3,-24,-11,-35.1,6.3,0.631580554,-0.220770898,-0.59028901,-0.451490829
814,2038926,514090,0.976,0.182,0.131,-43.4,-1.6,-22.5,-11,-35.1,6.3,0.630664998,-0.221411786,-0.58967864,-0.453230384
815,2040406,514100,0.976,0.182,0.131,-43.4,-1.6,-22.5,-11,-35.1,6.3,0.630664998,-0.221411786,-0.58967864,-0.453230384
816,2043512,514100,0.976,0.178,0.131,-42.4,-1.8,-22.2,-11,-35.1,6.3,0.630237739,-0.22174749,-0.589403974,-0.454084902
817,2045372,514100,0.972,0.178,0.135,-40.5,-2.3,-21.7,-11.3,-35.1,6.2,0.629688406,-0.222998749,-0.589526048,-0.454054384
818,2048570,514100,0.976,0.182,0.131,-39.5,-2.5,-21.2,-11.3,-35.1,6.2,0.628803369,-0.2235786,-0.589007233,-0.455671865
819,2051730,514110,0.976,0.182,0.131,-39.5,-2.5,-21.2,-11.3,-35.1,6.2,0.628803369,-0.2235786,-0.589007233,-0.455671865
820,2054075,514110,0.968,0.174,0.131,-37.9,-3.1,-19.9,-10.8,-35.5,5.4,0.627948851,-0.224188971,-0.588518937,-0.457167272
821,2055645,514110,0.968,0.174,0.131,-37.9,-3.1,-19.9,-10.8,-35.5,5.4,0.627948851,-0.224188971,-0.588518937,-0.457167272
822,2058790,514110,0.987,0.182,0.131,-36.2,-4.4,-18.6,-10.8,-35.5,5.4,0.627124851,-0.224768822,-0.588091678,-0.458601642
823,2061679,514120,0.987,0.182,0.131,-36.2,-4.4,-18.6,-10.8,-35.5,5.4,0.627124851,-0.224768822,-0.588091678,-0.458601642
824,2063099,514120,0.995,0.182,0.131,-34,-5.1,-17.8,-11.1,-35.8,5.7,0.626270333,-0.225379192,-0.587694937,-0.459913938
825,2065458,514120,0.995,0.182,0.131,-34,-5.1,-17.8,-11.1,-35.8,5.7,0.626270333,-0.225379192,-0.587694937,-0.459913938
826,2068695,514120,0.983,0.182,0.139,-31.8,-4.5,-16.5,-11.1,-35.8,5.7,0.62550737,-0.225898007,-0.587328715,-0.461165197
827,2071483,514130,0.983,0.182,0.139,-31.8,-4.5,-16.5,-11.1,-35.8,5.7,0.62550737,-0.225898007,-0.587328715,-0.461165197
828,2073126,514130,0.98,0.182,0.139,-29.8,-3.1,-15.2,-11.1,-35.5,5.6,0.624805445,-0.226416822,-0.586993011,-0.462355419
829,2076705,514130,0.98,0.182,0.139,-29.8,-3.1,-15.2,-11.1,-35.5,5.6,0.624805445,-0.226416822,-0.586993011,-0.462355419
830,2078144,514130,0.98,0.19,0.139,-27.6,-2.5,-14.3,-11.1,-35.5,5.6,0.624164556,-0.226874599,-0.586626789,-0.463423566
831,2081634,514140,0.98,0.19,0.139,-27.6,-2.5,-14.3,-11.1,-35.5,5.6,0.624164556,-0.226874599,-0.586626789,-0.463423566
832,2083756,514140,0.979,0.198,0.143,-25,-2.6,-13.5,-10.9,-35.7,5.3,0.623554186,-0.22727134,-0.586321604,-0.464430677
833,2086025,514140,0.979,0.198,0.143,-25,-2.6,-13.5,-10.9,-35.7,5.3,0.623554186,-0.22727134,-0.586321604,-0.464430677
834,2089111,514140,0.976,0.194,0.147,-22.2,-2.9,-13,-10.9,-35.7,5.3,0.623004852,-0.227607044,-0.586046937,-0.465315714
835,2090577,514150,0.976,0.194,0.147,-22.2,-2.9,-13,-10.9,-35.7,5.3,0.623004852,-0.227607044,-0.586046937,-0.465315714
836,2093578,514150,0.976,0.202,0.143,-21,-3.2,-12.7,-10.9,-35.7,5.3,0.622730186,-0.227759636,-0.585955382,-0.465773492
837,2096536,514150,0.976,0.201,0.147,-18.5,-3.7,-11.9,-10.6,-35.8,5.1,0.622394482,-0.228736229,-0.58619953,-0.46540727
838,2097897,514150,0.979,0.205,0.147,-17.4,-3.9,-11.6,-10.6,-35.8,5.1,0.621875668,-0.229041414,-0.586046937,-0.466170232
839,2101044,514160,0.979,0.205,0.147,-17.4,-3.9,-11.6,-10.6,-35.8,5.1,0.621875668,-0.229041414,-0.586046937,-0.466170232
840,2103967,514160,0.972,0.213,0.155,-15.1,-4.1,-10.3,-10.7,-35.5,5.1,0.621387371,-0.229255043,-0.585955382,-0.466811121
841,2105497,514160,0.972,0.213,0.155,-15.1,-4.1,-10.3,-10.7,-35.5,5.1,0.621387371,-0.229255043,-0.585955382,-0.466811121
842,2108648,514160,0.968,0.217,0.151,-13.1,-4.1,-9,-10.7,-35.5,5.1,0.620960112,-0.229468673,-0.585894345,-0.467360454
843,2110764,514170,0.968,0.217,0.151,-13.1,-4.1,-9,-10.7,-35.5,5.1,0.620960112,-0.229468673,-0.585894345,-0.467360454
844,2113000,514170,0.964,0.229,0.151,-12,-4.2,-7.7,-10.6,-36.1,5.1,0.620563372,-0.229682302,-0.585833308,-0.46784875
845,2116093,514170,0.964,0.229,0.151,-12,-4.2,-7.7,-10.6,-36.1,5.1,0.620563372,-0.229682302,-0.585833308,-0.46784875
846,2118190,514170,0.956,0.229,0.152,-10.9,-4.6,-6.7,-10.6,-36.1,5.1,0.62019715,-0.22992645,-0.585802789,-0.468306528
847,2120502,514180,0.956,0.229,0.152,-10.9,-4.6,-6.7,-10.6,-36.1,5.1,0.62019715,-0.22992645,-0.585802789,-0.468306528
848,2123686,514180,0.952,0.237,0.16,-9.6,-5.3,-5.6,-11.1,-35.8,4.9,0.619830927,-0.23014008,-0.585772271,-0.468642232
849,2125790,514180,0.952,0.237,0.16,-9.6,-5.3,-5.6,-11.1,-35.8,4.9,0.619830927,-0.23014008,-0.585772271,-0.468642232
850,2127911,514180,0.948,0.241,0.16,-7.8,-6,-4.4,-11.1,-35.8,4.9,0.619495224,-0.23035371,-0.585833308,-0.468947417
851,2131178,514190,0.948,0.241,0.16,-7.8,-6,-4.4,-11.1,-35.8,4.9,0.619495224,-0.23035371,-0.585833308,-0.468947417
852,2133300,514190,0.933,0.245,0.156,-6.1,-6.5,-3.4,-10.4,-36.3,4.9,0.619190039,-0.230567339,-0.585894345,-0.469130528
853,2135482,514190,0.933,0.245,0.156,-6.1,-6.5,-3.4,-10.4,-36.3,4.9,0.619190039,-0.230567339,-0.585894345,-0.469130528
854,2138652,514190,0.936,0.245,0.156,-4.5,-7.1,-2.6,-10.4,-36.3,4.9,0.618915372,-0.230780969,-0.586016419,-0.46928312
855,2140757,514200,0.936,0.245,0.156,-4.5,-7.1,-2.6,-10.4,-36.3,4.9,0.618915372,-0.230780969,-0.586016419,-0.46928312
856,2143057,514200,0.944,0.253,0.16,-3.5,-7.8,-2.1,-10.4,-36.3,4.9,0.61876278,-0.230872524,-0.586077456,-0.469313639
857,2146845,514200,0.948,0.253,0.164,-0.7,-9.7,-1.7,-10.4,-36,4.9,0.618488113,-0.231208228,-0.586474197,-0.469038972
858,2149202,514200,0.952,0.26,0.16,0.6,-10.5,-1.4,-10.4,-36,4.9,0.618213446,-0.231391339,-0.586748863,-0.468977935
859,2151575,514210,0.952,0.26,0.16,0.6,-10.5,-1.4,-10.4,-36,4.9,0.618213446,-0.231391339,-0.586748863,-0.468977935
860,2153709,514210,0.94,0.26,0.168,2.7,-11.1,-0.9,-10.5,-36.2,4.5,0.617908261,-0.231513413,-0.587115085,-0.468855861
861,2155841,514210,0.94,0.26,0.168,2.7,-11.1,-0.9,-10.5,-36.2,4.5,0.617908261,-0.231513413,-0.587115085,-0.468855861
862,2158119,514210,0.94,0.261,0.164,3.3,-11.4,-1,-10.5,-36.2,4.5,0.617633595,-0.231635487,-0.587481307,-0.46867275
863,2161910,514220,0.94,0.261,0.164,3.3,-11.4,-1,-10.5,-36.2,4.5,0.617633595,-0.231635487,-0.587481307,-0.46867275
864,2163825,514220,0.952,0.264,0.164,3.1,-12,-2.3,-10.4,-36.2,4.8,0.61732841,-0.231757561,-0.587908567,-0.468520157
865,2166261,514220,0.952,0.264,0.164,3.1,-12,-2.3,-10.4,-36.2,4.8,0.61732841,-0.231757561,-0.587908567,-0.468520157
866,2168635,514220,0.96,0.264,0.168,3.1,-12.1,-3.1,-10.4,-36.2,4.8,0.616992706,-0.231818598,-0.588335826,-0.468398083
867,2170638,514230,0.96,0.264,0.168,3.1,-12.1,-3.1,-10.4,-36.2,4.8,0.616992706,-0.231818598,-0.588335826,-0.468398083
868,2172929,514230,0.96,0.268,0.168,2.9,-11.2,-2.6,-11.2,-35.9,4.9,0.616657002,-0.231910154,-0.588732566,-0.468276009
869,2176909,514230,0.96,0.268,0.168,2.9,-11.2,-2.6,-11.2,-35.9,4.9,0.616657002,-0.231910154,-0.588732566,-0.468276009
870,2179248,514230,0.96,0.264,0.168,3.1,-9.2,-1.2,-11.2,-35.9,4.9,0.616412854,-0.232001709,-0.58906827,-0.468153935
871,2181415,514240,0.96,0.264,0.168,3.1,-9.2,-1.2,-11.2,-35.9,4.9,0.616412854,-0.232001709,-0.58906827,-0.468153935
872,2183668,514240,0.944,0.26,0.164,3.2,-7,0.1,-10.1,-35.6,5.1,0.616229743,-0.232062746,-0.589342936,-0.468001343
873,2185673,514240,0.944,0.26,0.164,3.2,-7,0.1,-10.1,-35.6,5.1,0.616229743,-0.232062746,-0.589342936,-0.468001343
874,2187927,514240,0.944,0.253,0.164,3,-5.6,0.9,-10.1,-35.6,5.1,0.616138188,-0.232123783,-0.589556566,-0.46784875
875,2191962,514250,0.944,0.253,0.164,3,-5.6,0.9,-10.1,-35.6,5.1,0.616138188,-0.232123783,-0.589556566,-0.46784875
876,2194274,514250,0.944,0.26,0.164,2.8,-5.4,0.8,-10.1,-35.6,5.1,0.616077151,-0.232154302,-0.589648122,-0.467757195
877,2196319,514250,0.948,0.26,0.168,2.7,-5.2,0.7,-9.9,-35.7,5,0.615924558,-0.232306894,-0.589922788,-0.467513047
878,2197986,514250,0.944,0.253,0.164,2.8,-5.2,0.6,-9.9,-35.7,5,0.615833003,-0.232367931,-0.590136418,-0.467390973
879,2201228,514260,0.944,0.253,0.164,2.8,-5.2,0.6,-9.9,-35.7,5,0.615833003,-0.232367931,-0.590136418,-0.467390973
880,2204142,514260,0.952,0.256,0.164,3.2,-5.2,0.1,-10.2,-35.2,4.9,0.615741447,-0.23239845,-0.590319529,-0.46723838
881,2206413,514260,0.952,0.256,0.164,3.2,-5.2,0.1,-10.2,-35.2,4.9,0.615741447,-0.23239845,-0.590319529,-0.46723838
882,2208067,514260,0.948,0.253,0.156,3.5,-5,-0.1,-10.2,-35.2,4.9,0.615649892,-0.23239845,-0.590533158,-0.467085788
883,2211774,514270,0.948,0.253,0.156,3.5,-5,-0.1,-10.2,-35.2,4.9,0.615649892,-0.23239845,-0.590533158,-0.467085788
884,2213171,514270,0.952,0.253,0.16,3.7,-5,-0.3,-10.2,-35.5,4.8,0.615558336,-0.23239845,-0.590746788,-0.466963713
885,2216303,514270,0.952,0.253,0.16,3.7,-5,-0.3,-10.2,-35.5,4.8,0.615558336,-0.23239845,-0.590746788,-0.466963713
886,2219394,514270,0.944,0.257,0.156,3.9,-5.3,-0.7,-10.2,-35.5,4.8,0.615436262,-0.23239845,-0.590990936,-0.466841639
887,2220761,514280,0.944,0.257,0.156,3.9,-5.3,-0.7,-10.2,-35.5,4.8,0.615436262,-0.23239845,-0.590990936,-0.466841639
888,2222900,514280,0.952,0.249,0.152,4.2,-6.2,-1.1,-11.5,-35.9,5,0.61528367,-0.232367931,-0.591235084,-0.466689047
889,2225788,514280,0.952,0.249,0.152,4.2,-6.2,-1.1,-11.5,-35.9,5,0.61528367,-0.232367931,-0.591235084,-0.466689047
890,2228319,514280,0.968,0.256,0.152,5,-7.2,-0.8,-11.5,-35.9,5,0.615161596,-0.232367931,-0.591540269,-0.466505936
891,2231511,514290,0.968,0.256,0.152,5,-7.2,-0.8,-11.5,-35.9,5,0.615161596,-0.232367931,-0.591540269,-0.466505936
892,2233681,514290,0.968,0.26,0.156,6.1,-7.9,-0.1,-9.9,-35.4,5.4,0.615009003,-0.232367931,-0.591875973,-0.466292306
893,2236474,514290,0.968,0.26,0.156,6.1,-7.9,-0.1,-9.9,-35.4,5.4,0.615009003,-0.232367931,-0.591875973,-0.466292306
894,2237890,514290,0.972,0.268,0.156,7.1,-7.7,0.8,-9.9,-35.4,5.4,0.614886929,-0.232337413,-0.592211676,-0.46601764
895,2240328,514300,0.972,0.268,0.156,7.1,-7.7,0.8,-9.9,-35.4,5.4,0.614886929,-0.232337413,-0.592211676,-0.46601764
896,2244418,514300,0.972,0.272,0.164,7.3,-7.4,1.2,-9.9,-35.4,5.4,0.614825892,-0.232337413,-0.592364269,-0.465865047
897,2246441,514300,0.968,0.268,0.16,7.6,-6.2,1.4,-9.6,-35.9,5.2,0.614673299,-0.232459487,-0.592730491,-0.465559862
898,2247833,514300,0.96,0.276,0.164,7.5,-5.5,1.5,-9.6,-35.9,5.2,0.614642781,-0.232428968,-0.593035676,-0.465254677
899,2250667,514310,0.96,0.276,0.164,7.5,-5.5,1.5,-9.6,-35.9,5.2,0.614642781,-0.232428968,-0.593035676,-0.465254677
900,2254300,514310,0.96,0.284,0.164,7.6,-4.6,2,-9.6,-36,5.3,0.614612262,-0.232367931,-0.593279824,-0.464949492
901,2256865,514310,0.96,0.284,0.164,7.6,-4.6,2,-9.6,-36,5.3,0.614612262,-0.232367931,-0.593279824,-0.464949492
902,2258673,514310,0.956,0.288,0.164,7.7,-4.2,2.5,-9.6,-36,5.3,0.614642781,-0.232306894,-0.593523972,-0.464644307
903,2260563,514320,0.956,0.288,0.164,7.7,-4.2,2.5,-9.6,-36,5.3,0.614642781,-0.232306894,-0.593523972,-0.464644307
904,2263867,514320,0.956,0.292,0.164,8.1,-3.9,2.8,-9.4,-35.6,5.3,0.614673299,-0.232245857,-0.59376812,-0.464339122
905,2265796,514320,0.956,0.292,0.164,8.1,-3.9,2.8,-9.4,-35.6,5.3,0.614673299,-0.232245857,-0.59376812,-0.464339122
906,2268727,514320,0.956,0.292,0.168,8.5,-3.7,2.7,-9.4,-35.6,5.3,0.614703818,-0.23218482,-0.594012268,-0.464003418
907,2270505,514330,0.956,0.292,0.168,8.5,-3.7,2.7,-9.4,-35.6,5.3,0.614703818,-0.23218482,-0.594012268,-0.464003418
908,2274288,514330,0.956,0.296,0.168,8.8,-3.3,2.9,-11.3,-35.8,5.2,0.614764855,-0.232093265,-0.594256417,-0.463667714
909,2276604,514330,0.956,0.296,0.168,8.8,-3.3,2.9,-11.3,-35.8,5.2,0.614764855,-0.232093265,-0.594256417,-0.463667714
910,2278612,514330,0.956,0.296,0.168,9.2,-2.8,3,-11.3,-35.8,5.2,0.61485641,-0.231971191,-0.594500565,-0.463301492
911,2280747,514340,0.956,0.296,0.168,9.2,-2.8,3,-11.3,-35.8,5.2,0.61485641,-0.231971191,-0.594500565,-0.463301492
912,2282880,514340,0.956,0.3,0.164,9.4,-2.3,2.7,-9.8,-35.6,5.7,0.614947966,-0.231849116,-0.594714194,-0.462965789
913,2286102,514340,0.956,0.3,0.164,9.4,-2.3,2.7,-9.8,-35.6,5.7,0.614947966,-0.231849116,-0.594714194,-0.462965789
914,2288181,514340,0.964,0.303,0.16,9.7,-1.9,2.7,-9.8,-35.6,5.7,0.615039521,-0.231666005,-0.594958342,-0.462630085
915,2290826,514350,0.964,0.303,0.16,9.7,-1.9,2.7,-9.8,-35.6,5.7,0.615039521,-0.231666005,-0.594958342,-0.462630085
916,2293167,514350,0.964,0.303,0.172,9.9,-1.7,2.7,-9.8,-35.6,5.7,0.615100558,-0.231635487,-0.595049898,-0.462446974
917,2295529,514350,0.96,0.3,0.164,10.1,-1.4,2.5,-9.7,-36,5.7,0.614764855,-0.231299783,-0.595568712,-0.462385937
918,2297828,514350,0.964,0.299,0.168,10,-1.2,2.4,-9.7,-36,5.7,0.614886929,-0.231116672,-0.595782342,-0.462019715
919,2300341,514360,0.964,0.299,0.168,10,-1.2,2.4,-9.7,-36,5.7,0.614886929,-0.231116672,-0.595782342,-0.462019715
920,2304176,514360,0.96,0.296,0.16,9.1,-0.5,1.6,-9.9,-35.9,5.9,0.615009003,-0.230933561,-0.595965453,-0.461745048
921,2306863,514360,0.96,0.296,0.16,9.1,-0.5,1.6,-9.9,-35.9,5.9,0.615009003,-0.230933561,-0.595965453,-0.461745048
922,2309202,514360,0.96,0.296,0.16,7.9,0,0.7,-9.9,-35.9,5.9,0.615100558,-0.230689413,-0.596118046,-0.4615009
923,2311586,514370,0.96,0.296,0.16,7.9,0,0.7,-9.9,-35.9,5.9,0.615100558,-0.230689413,-0.596118046,-0.4615009
924,2313263,514370,0.96,0.292,0.16,7.1,0.4,0.2,-9.9,-35.9,5.7,0.615192114,-0.230536821,-0.596270638,-0.461287271
925,2316887,514370,0.96,0.292,0.16,7.1,0.4,0.2,-9.9,-35.9,5.7,0.615192114,-0.230536821,-0.596270638,-0.461287271
926,2318899,514370,0.964,0.292,0.168,6.7,0.7,-0.2,-9.9,-35.9,5.7,0.61528367,-0.230323191,-0.596392712,-0.461134678
927,2321593,514380,0.964,0.292,0.168,6.7,0.7,-0.2,-9.9,-35.9,5.7,0.61528367,-0.230323191,-0.596392712,-0.461134678
928,2324445,514380,0.956,0.288,0.16,5.8,1,-0.3,-11.4,-35.8,5.8,0.615375225,-0.23014008,-0.596484268,-0.460982086
929,2326428,514380,0.956,0.288,0.16,5.8,1,-0.3,-11.4,-35.8,5.8,0.615375225,-0.23014008,-0.596484268,-0.460982086
930,2328571,514380,0.952,0.284,0.16,5,1,-0.4,-11.4,-35.8,5.8,0.615436262,-0.229956969,-0.596575823,-0.460860012
931,2331316,514390,0.952,0.284,0.16,5,1,-0.4,-11.4,-35.8,5.8,0.615436262,-0.229956969,-0.596575823,-0.460860012
932,2334094,514390,0.952,0.284,0.156,4.4,1.2,-1,-10,-36.1,5.4,0.615497299,-0.229804376,-0.59663686,-0.460768456
933,2336357,514390,0.952,0.284,0.156,4.4,1.2,-1,-10,-36.1,5.4,0.615497299,-0.229804376,-0.59663686,-0.460768456
934,2339072,514390,0.952,0.28,0.156,3.9,1.3,-1.3,-10,-36.1,5.4,0.615558336,-0.229621265,-0.596697897,-0.460737938
935,2340440,514400,0.952,0.28,0.156,3.9,1.3,-1.3,-10,-36.1,5.4,0.615558336,-0.229621265,-0.596697897,-0.460737938
936,2343672,514400,0.952,0.28,0.152,3.7,1.4,-1.4,-10,-36.1,5.4,0.615558336,-0.22952971,-0.596728416,-0.460707419
937,2345683,514400,0.952,0.28,0.156,3.4,1.5,-1.4,-9.9,-35.7,5.4,0.615375225,-0.229468673,-0.597033601,-0.460615864
938,2348582,514400,0.944,0.284,0.16,3.3,1.5,-1.6,-9.9,-35.7,5.4,0.615405744,-0.22931608,-0.597064119,-0.460585345
939,2351460,514410,0.944,0.284,0.16,3.3,1.5,-1.6,-9.9,-35.7,5.4,0.615405744,-0.22931608,-0.597064119,-0.460585345
940,2353624,514410,0.944,0.284,0.152,3.1,1.6,-2.2,-9.8,-35.4,5.6,0.615436262,-0.229132969,-0.597094638,-0.460585345
941,2355740,514410,0.944,0.284,0.152,3.1,1.6,-2.2,-9.8,-35.4,5.6,0.615436262,-0.229132969,-0.597094638,-0.460585345
942,2357962,514410,0.948,0.284,0.16,2.9,1.6,-2.7,-9.8,-35.4,5.6,0.615466781,-0.228949858,-0.597155675,-0.460585345
943,2361111,514420,0.948,0.284,0.16,2.9,1.6,-2.7,-9.8,-35.4,5.6,0.615466781,-0.228949858,-0.597155675,-0.460585345
944,2363840,514420,0.944,0.284,0.156,2.7,1.5,-3,-9.9,-35.3,5.4,0.615466781,-0.228736229,-0.597186193,-0.460615864
945,2366757,514420,0.944,0.284,0.156,2.7,1.5,-3,-9.9,-35.3,5.4,0.615466781,-0.228736229,-0.597186193,-0.460615864
946,2368856,514420,0.944,0.284,0.164,2.9,1.6,-3.2,-9.9,-35.3,5.4,0.615497299,-0.228553117,-0.59724723,-0.460646382
947,2370329,514430,0.944,0.284,0.164,2.9,1.6,-3.2,-9.9,-35.3,5.4,0.615497299,-0.228553117,-0.59724723,-0.460646382
948,2373462,514430,0.94,0.288,0.164,3.3,1.5,-3.2,-11.7,-35.8,5.7,0.615497299,-0.228370006,-0.597308267,-0.460646382
949,2375474,514430,0.94,0.288,0.164,3.3,1.5,-3.2,-11.7,-35.8,5.7,0.615497299,-0.228370006,-0.597308267,-0.460646382
950,2378733,514430,0.94,0.284,0.16,3.7,1.4,-3.1,-11.7,-35.8,5.7,0.615497299,-0.228156377,-0.597369304,-0.460646382
951,2380715,514440,0.94,0.284,0.16,3.7,1.4,-3.1,-11.7,-35.8,5.7,0.615497299,-0.228156377,-0.597369304,-0.460646382
952,2383737,514440,0.94,0.288,0.16,4,1.4,-2.6,-9.6,-35.5,5.6,0.615527818,-0.227942747,-0.597430342,-0.460646382
953,2385729,514440,0.94,0.288,0.16,4,1.4,-2.6,-9.6,-35.5,5.6,0.615527818,-0.227942747,-0.597430342,-0.460646382
954,2388604,514440,0.932,0.292,0.172,4.3,1.4,-2.2,-9.6,-35.5,5.6,0.615558336,-0.227729118,-0.597491379,-0.460615864
955,2391490,514450,0.932,0.292,0.172,4.3,1.4,-2.2,-9.6,-35.5,5.6,0.615558336,-0.227729118,-0.597491379,-0.460615864
956,2392924,514450,0.932,0.292,0.168,4.6,1.5,-2,-9.6,-35.5,5.6,0.615588855,-0.227637562,-0.597521897,-0.460585345
957,2395977,514450,0.936,0.292,0.168,5.1,1.4,-1.5,-10,-35.4,5.5,0.615405744,-0.227362896,-0.597796564,-0.460646382
958,2398985,514450,0.936,0.296,0.172,5.1,1.4,-1.4,-10,-35.4,5.5,0.615466781,-0.227149266,-0.597857601,-0.460554827
959,2400393,514460,0.936,0.296,0.172,5.1,1.4,-1.4,-10,-35.4,5.5,0.615466781,-0.227149266,-0.597857601,-0.460554827
960,2403358,514460,0.936,0.284,0.168,5.1,1.4,-1.4,-9.6,-35.3,5.9,0.615497299,-0.226935636,-0.597949156,-0.460493789
961,2406506,514460,0.936,0.284,0.168,5.1,1.4,-1.4,-9.6,-35.3,5.9,0.615497299,-0.226935636,-0.597949156,-0.460493789
962,2407902,514460,0.936,0.288,0.172,5.4,1.4,-1.5,-9.6,-35.3,5.9,0.615558336,-0.226722007,-0.598040712,-0.460402234
963,2410906,514470,0.936,0.288,0.172,5.4,1.4,-1.5,-9.6,-35.3,5.9,0.615558336,-0.226722007,-0.598040712,-0.460402234
964,2414057,514470,0.936,0.288,0.172,6,1.7,-1.5,-9.6,-35.5,5.7,0.615649892,-0.226508377,-0.598132267,-0.460310678
965,2416268,514470,0.936,0.288,0.172,6,1.7,-1.5,-9.6,-35.5,5.7,0.615649892,-0.226508377,-0.598132267,-0.460310678
966,2418614,514470,0.94,0.288,0.172,6.3,1.7,-1.3,-9.6,-35.5,5.7,0.615710929,-0.226264229,-0.598223823,-0.460188604
967,2420544,514480,0.94,0.288,0.172,6.3,1.7,-1.3,-9.6,-35.5,5.7,0.615710929,-0.226264229,-0.598223823,-0.460188604
968,2423720,514480,0.94,0.284,0.172,6.7,1.6,-1.3,-11.3,-35.5,5.6,0.615802484,-0.226020081,-0.598315378,-0.46006653
969,2426138,514480,0.94,0.284,0.172,6.7,1.6,-1.3,-11.3,-35.5,5.6,0.615802484,-0.226020081,-0.598315378,-0.46006653
970,2428132,514480,0.94,0.288,0.168,7,1.4,-1.4,-11.3,-35.5,5.6,0.61589404,-0.225745415,-0.598437452,-0.459944456
971,2430323,514490,0.94,0.288,0.168,7,1.4,-1.4,-11.3,-35.5,5.6,0.61589404,-0.225745415,-0.598437452,-0.459944456
972,2434415,514490,0.94,0.284,0.164,7.3,1.2,-1.2,-10.1,-35.6,5.5,0.615955077,-0.225501267,-0.598559526,-0.459791864
973,2436643,514490,0.94,0.284,0.164,7.3,1.2,-1.2,-10.1,-35.6,5.5,0.615955077,-0.225501267,-0.598559526,-0.459791864
974,2438914,514490,0.936,0.288,0.16,7.5,0.7,-0.8,-10.1,-35.6,5.5,0.616046632,-0.225257118,-0.5986816,-0.459639271
975,2441279,514500,0.936,0.288,0.16,7.5,0.7,-0.8,-10.1,-35.6,5.5,0.616046632,-0.225257118,-0.5986816,-0.459639271
976,2443193,514500,0.94,0.288,0.168,7.6,0.5,-0.7,-10.1,-35.6,5.5,0.616077151,-0.225135044,-0.598773156,-0.459547716
977,2447793,514500,0.94,0.288,0.172,7.5,0.2,-0.6,-10.1,-35.1,5.6,0.615863521,-0.224921415,-0.59910886,-0.45945616
978,2448075,514500,0.94,0.284,0.168,7.5,0.1,-0.4,-10.1,-35.1,5.6,0.615924558,-0.224707785,-0.599261452,-0.459303568
979,2452243,514510,0.94,0.284,0.168,7.5,0.1,-0.4,-10.1,-35.1,5.6,0.615924558,-0.224707785,-0.599261452,-0.459303568
980,2454394,514510,0.94,0.288,0.168,7.4,-0.2,-0.1,-9.7,-35.3,5.6,0.615985595,-0.224494156,-0.599444563,-0.459120457
981,2456569,514510,0.94,0.288,0.168,7.4,-0.2,-0.1,-9.7,-35.3,5.6,0.615985595,-0.224494156,-0.599444563,-0.459120457
982,2458776,514510,0.94,0.288,0.168,7.3,-0.3,-0.1,-9.7,-35.3,5.6,0.616046632,-0.224311045,-0.599597156,-0.458906827
983,2460796,514520,0.94,0.288,0.168,7.3,-0.3,-0.1,-9.7,-35.3,5.6,0.616046632,-0.224311045,-0.599597156,-0.458906827
984,2462894,514520,0.94,0.296,0.168,7.2,-0.6,0.1,-10,-35.4,5.8,0.616107669,-0.224127934,-0.599749748,-0.458723716
985,2465939,514520,0.94,0.296,0.168,7.2,-0.6,0.1,-10,-35.4,5.8,0.616107669,-0.224127934,-0.599749748,-0.458723716
986,2467911,514520,0.936,0.3,0.168,7,-0.8,0.4,-10,-35.4,5.8,0.616168706,-0.223944823,-0.599902341,-0.458510086
987,2470631,514530,0.936,0.3,0.168,7,-0.8,0.4,-10,-35.4,5.8,0.616168706,-0.223944823,-0.599902341,-0.458510086
988,2475207,514530,0.94,0.304,0.172,6.8,-0.9,0.5,-11.2,-35.4,5.9,0.616229743,-0.22379223,-0.600054933,-0.458296457
989,2475541,514530,0.94,0.304,0.172,6.8,-0.9,0.5,-11.2,-35.4,5.9,0.616229743,-0.22379223,-0.600054933,-0.458296457
990,2478203,514530,0.936,0.3,0.176,6.7,-1.1,0.5,-11.2,-35.4,5.9,0.616260262,-0.223670156,-0.600238044,-0.458113346
991,2480773,514540,0.936,0.3,0.176,6.7,-1.1,0.5,-11.2,-35.4,5.9,0.616260262,-0.223670156,-0.600238044,-0.458113346
992,2483119,514540,0.936,0.3,0.176,6.6,-1.1,0.4,-10.3,-35.9,6.2,0.616321299,-0.223517563,-0.600390637,-0.457899716
993,2485495,514540,0.936,0.3,0.176,6.6,-1.1,0.4,-10.3,-35.9,6.2,0.616321299,-0.223517563,-0.600390637,-0.457899716
994,2489749,514540,0.932,0.296,0.172,6.7,-1.1,0,-10.3,-35.9,6.2,0.616351817,-0.223364971,-0.600543229,-0.457716605
995,2491998,514550,0.932,0.296,0.172,6.7,-1.1,0,-10.3,-35.9,6.2,0.616351817,-0.223364971,-0.600543229,-0.457716605
996,2494310,514550,0.94,0.296,0.176,6.7,-0.9,0,-10.3,-35.9,6.2,0.616382336,-0.223273415,-0.600634785,-0.45762505
997,2496388,514550,0.932,0.296,0.176,6.7,-0.9,-0.1,-10.2,-35.7,6.4,0.616199225,-0.222846156,-0.600848415,-0.457777642
998,2498813,514550,0.932,0.296,0.18,6.7,-1.1,0,-10.2,-35.7,6.4,0.616229743,-0.222693564,-0.601031526,-0.457594531
999,2500692,514560,0.932,0.296,0.18,6.7,-1.1,0,-10.2,-35.7,6.4,0.616229743,-0.222693564,-0.601031526,-0.457594531
1000,2503434,514560,0.94,0.296,0.176,6.8,-1.2,0,-10.2,-35.8,6.5,0.616260262,-0.222540971,-0.601184118,-0.45741142
1001,2505592,514560,0.94,0.296,0.176,6.8,-1.2,0,-10.2,-35.8,6.5,0.616260262,-0.222540971,-0.601184118,-0.45741142
1002,2508077,514560,0.936,0.296,0.18,6.8,-1.2,0.4,-10.2,-35.8,6.5,0.61629078,-0.222388379,-0.601367229,-0.45719779
1003,2512034,514570,0.936,0.296,0.18,6.8,-1.2,0.4,-10.2,-35.8,6.5,0.61629078,-0.222388379,-0.601367229,-0.45719779
1004,2514078,514570,0.932,0.3,0.176,6.8,-1.3,0.7,-10.3,-35.5,6.5,0.616351817,-0.222235786,-0.601519822,-0.456984161
1005,2516392,514570,0.932,0.3,0.176,6.8,-1.3,0.7,-10.3,-35.5,6.5,0.616351817,-0.222235786,-0.601519822,-0.456984161
1006,2518338,514570,0.936,0.3,0.176,6.9,-1.7,1,-10.3,-35.5,6.5,0.616382336,-0.222113712,-0.601702933,-0.456770531
1007,2520638,514580,0.936,0.3,0.176,6.9,-1.7,1,-10.3,-35.5,6.5,0.616382336,-0.222113712,-0.601702933,-0.456770531
1008,2522896,514580,0.936,0.304,0.172,6.7,-1.8,1.4,-10.6,-35.7,6.1,0.616443373,-0.221991638,-0.601886044,-0.456526383
1009,2526777,514580,0.936,0.304,0.172,6.7,-1.8,1.4,-10.6,-35.7,6.1,0.616443373,-0.221991638,-0.601886044,-0.456526383
1010,2529028,514580,0.936,0.304,0.172,6.5,-1.9,1.9,-10.6,-35.7,6.1,0.616473891,-0.221900082,-0.602038636,-0.456282235
1011,2530617,514590,0.936,0.304,0.172,6.5,-1.9,1.9,-10.6,-35.7,6.1,0.616473891,-0.221900082,-0.602038636,-0.456282235
1012,2534202,514590,0.936,0.304,0.176,6.5,-2.3,2,-10.6,-35.4,5.6,0.616534928,-0.221839045,-0.602221747,-0.456038087
1013,2535792,514590,0.936,0.304,0.176,6.5,-2.3,2,-10.6,-35.4,5.6,0.616534928,-0.221839045,-0.602221747,-0.456038087
1014,2538112,514590,0.936,0.307,0.176,6.3,-2.5,1.9,-10.6,-35.4,5.6,0.616565447,-0.22174749,-0.60237434,-0.455793939
1015,2540442,514600,0.936,0.307,0.176,6.3,-2.5,1.9,-10.6,-35.4,5.6,0.616565447,-0.22174749,-0.60237434,-0.455793939
1016,2544299,514600,0.944,0.311,0.176,6.3,-2.4,1.9,-10.6,-35.4,5.6,0.616595965,-0.221716971,-0.602465896,-0.455671865
1017,2546647,514600,0.94,0.311,0.176,6.3,-2.3,2,-10.3,-35.1,5.9,0.616412854,-0.221350749,-0.602679525,-0.455793939
1018,2548835,514600,0.94,0.307,0.172,6.2,-2.3,2.2,-10.3,-35.1,5.9,0.616473891,-0.221289712,-0.602832118,-0.455549791
1019,2551161,514610,0.94,0.307,0.172,6.2,-2.3,2.2,-10.3,-35.1,5.9,0.616473891,-0.221289712,-0.602832118,-0.455549791
1020,2554152,514610,0.94,0.307,0.172,5.9,-2.4,2.5,-11,-35.4,5.7,0.61650441,-0.221228675,-0.603015229,-0.455305643
1021,2556434,514610,0.94,0.307,0.172,5.9,-2.4,2.5,-11,-35.4,5.7,0.61650441,-0.221228675,-0.603015229,-0.455305643
1022,2558694,514610,0.94,0.307,0.176,5.4,-2.7,2.6,-11,-35.4,5.7,0.616534928,-0.221198157,-0.603167821,-0.455061495
1023,2560725,514620,0.94,0.307,0.176,5.4,-2.7,2.6,-11,-35.4,5.7,0.616534928,-0.221198157,-0.603167821,-0.455061495
1024,2563046,514620,0.94,0.311,0.176,5.2,-2.9,2.8,-10.9,-35,6,0.616565447,-0.221198157,-0.603320414,-0.454817347
1025,2566969,514620,0.94,0.311,0.176,5.2,-2.9,2.8,-10.9,-35,6,0.616565447,-0.221198157,-0.603320414,-0.454817347
1026,2569192,514620,0.932,0.312,0.173,4.8,-3,2.9,-10.9,-35,6,0.616595965,-0.221198157,-0.603473006,-0.454573199
1027,2571519,514630,0.932,0.312,0.173,4.8,-3,2.9,-10.9,-35,6,0.616595965,-0.221198157,-0.603473006,-0.454573199
1028,2573702,514630,0.94,0.315,0.18,4.3,-3.3,3.4,-10.7,-35.4,6.2,0.616626484,-0.221228675,-0.603625599,-0.454329051
1029,2575807,514630,0.94,0.315,0.18,4.3,-3.3,3.4,-10.7,-35.4,6.2,0.616626484,-0.221228675,-0.603625599,-0.454329051
1030,2578045,514630,0.94,0.315,0.18,3.9,-3.3,3.7,-10.7,-35.4,6.2,0.616657002,-0.221259194,-0.603747673,-0.454084902
1031,2581178,514640,0.94,0.315,0.18,3.9,-3.3,3.7,-10.7,-35.4,6.2,0.616657002,-0.221259194,-0.603747673,-0.454084902
1032,2583222,514640,0.94,0.315,0.176,3.4,-3,3.8,-10.7,-35.2,6.8,0.616687521,-0.221350749,-0.603869747,-0.453871273
1033,2585408,514640,0.94,0.315,0.176,3.4,-3,3.8,-10.7,-35.2,6.8,0.616687521,-0.221350749,-0.603869747,-0.453871273
1034,2588655,514640,0.944,0.315,0.184,3.1,-2.8,3.5,-10.7,-35.2,6.8,0.616718039,-0.221411786,-0.603961303,-0.453657643
1035,2590726,514650,0.944,0.315,0.184,3.1,-2.8,3.5,-10.7,-35.2,6.8,0.616718039,-0.221411786,-0.603961303,-0.453657643
1036,2592925,514650,0.948,0.311,0.18,3,-2.7,3.4,-10.7,-35.2,6.8,0.616718039,-0.221442305,-0.60402234,-0.453566088
1037,2596036,514650,0.948,0.311,0.188,2.9,-2.8,3.4,-10.5,-35.6,6.4,0.616534928,-0.220984527,-0.604144414,-0.453840754
1038,2599120,514650,0.948,0.307,0.18,2.5,-2.8,3.2,-10.5,-35.6,6.4,0.616565447,-0.221045564,-0.604266488,-0.453657643
1039,2600603,514660,0.948,0.307,0.18,2.5,-2.8,3.2,-10.5,-35.6,6.4,0.616565447,-0.221045564,-0.604266488,-0.453657643
1040,2602969,514660,0.948,0.307,0.176,2.1,-2.6,3,-10.6,-35.4,6.3,0.616565447,-0.22113712,-0.604358043,-0.453474532
1041,2606696,514660,0.948,0.307,0.176,2.1,-2.6,3,-10.6,-35.4,6.3,0.616565447,-0.22113712,-0.604358043,-0.453474532
1042,2608132,514660,0.944,0.3,0.168,1.4,-2.2,2.3,-10.6,-35.4,6.3,0.616565447,-0.221198157,-0.60441908,-0.453352458
1043,2610430,514670,0.944,0.3,0.168,1.4,-2.2,2.3,-10.6,-35.4,6.3,0.616565447,-0.221198157,-0.60441908,-0.453352458
1044,2612908,514670,0.952,0.296,0.172,0.4,-2,1.7,-10.7,-35.3,6.1,0.616565447,-0.221289712,-0.604480117,-0.453260903
1045,2616166,514670,0.952,0.296,0.172,0.4,-2,1.7,-10.7,-35.3,6.1,0.616565447,-0.221289712,-0.604480117,-0.453260903
1046,2617973,514670,0.948,0.288,0.168,-0.5,-1.8,1.5,-10.7,-35.3,6.1,0.616534928,-0.221350749,-0.604480117,-0.453199866
1047,2620564,514680,0.948,0.288,0.168,-0.5,-1.8,1.5,-10.7,-35.3,6.1,0.616534928,-0.221350749,-0.604480117,-0.453199866
1048,2622886,514680,0.948,0.28,0.16,-1.5,-1.7,1.4,-10.5,-35.1,6.2,0.61650441,-0.221472823,-0.604510636,-0.453169347
1049,2626863,514680,0.948,0.28,0.16,-1.5,-1.7,1.4,-10.5,-35.1,6.2,0.61650441,-0.221472823,-0.604510636,-0.453169347
1050,2629151,514680,0.952,0.276,0.156,-2.4,-1.5,1.1,-10.5,-35.1,6.2,0.616473891,-0.221594897,-0.604480117,-0.453199866
1051,2631327,514690,0.952,0.276,0.156,-2.4,-1.5,1.1,-10.5,-35.1,6.2,0.616473891,-0.221594897,-0.604480117,-0.453199866
1052,2633652,514690,0.952,0.272,0.16,-3,-1.2,0.9,-10.7,-35.3,6.3,0.616443373,-0.221716971,-0.604449599,-0.453230384
1053,2635559,514690,0.952,0.272,0.16,-3,-1.2,0.9,-10.7,-35.3,6.3,0.616443373,-0.221716971,-0.604449599,-0.453230384
1054,2638908,514690,0.952,0.264,0.16,-3.5,-1.3,0.6,-10.7,-35.3,6.3,0.616382336,-0.221869564,-0.60441908,-0.453291421
1055,2641113,514700,0.952,0.264,0.16,-3.5,-1.3,0.6,-10.7,-35.3,6.3,0.616382336,-0.221869564,-0.60441908,-0.453291421
1056,2643151,514700,0.952,0.272,0.164,-4,-1.4,0.3,-10.7,-35.3,6.3,0.616351817,-0.221900082,-0.604388562,-0.45332194
1057,2645502,514700,0.952,0.276,0.164,-4.4,-1.5,0,-10.7,-35.3,6.3,0.61629078,-0.22214423,-0.604449599,-0.453260903
1058,2648618,514700,0.956,0.268,0.156,-5.4,-2,-0.8,-10.7,-35.3,6.3,0.616168706,-0.222296823,-0.604388562,-0.453413495
1059,2651626,514710,0.956,0.268,0.156,-5.4,-2,-0.8,-10.7,-35.3,6.3,0.616168706,-0.222296823,-0.604388562,-0.453413495
1060,2653025,514710,0.96,0.272,0.156,-6.6,-2.8,-2,-10.5,-35.5,6,0.616016114,-0.222479934,-0.604358043,-0.453596606
1061,2656133,514710,0.96,0.272,0.156,-6.6,-2.8,-2,-10.5,-35.5,6,0.616016114,-0.222479934,-0.604358043,-0.453596606
1062,2658134,514710,0.964,0.268,0.156,-7.1,-2.9,-2.5,-10.5,-35.5,6,0.615802484,-0.222663045,-0.604327525,-0.453810236
1063,2661233,514720,0.964,0.268,0.156,-7.1,-2.9,-2.5,-10.5,-35.5,6,0.615802484,-0.222663045,-0.604327525,-0.453810236
1064,2664301,514720,0.96,0.264,0.164,-6.1,-2.8,-1.7,-11,-35.6,5.9,0.615619373,-0.222846156,-0.604297006,-0.454023865
1065,2665655,514720,0.96,0.264,0.164,-6.1,-2.8,-1.7,-11,-35.6,5.9,0.615619373,-0.222846156,-0.604297006,-0.454023865
1066,2668625,514720,0.952,0.264,0.164,-4.6,-2.2,-0.8,-11,-35.6,5.9,0.615497299,-0.222998749,-0.604266488,-0.45414594
1067,2671764,514730,0.952,0.264,0.164,-4.6,-2.2,-0.8,-11,-35.6,5.9,0.615497299,-0.222998749,-0.604266488,-0.45414594
1068,2673105,514730,0.948,0.272,0.168,-3.9,-1.7,-0.5,-10.4,-35.3,6,0.615405744,-0.223120823,-0.604235969,-0.454237495
1069,2676282,514730,0.948,0.272,0.168,-3.9,-1.7,-0.5,-10.4,-35.3,6,0.615405744,-0.223120823,-0.604235969,-0.454237495
1070,2679263,514730,0.952,0.268,0.152,-4.3,-1.4,-0.5,-10.4,-35.3,6,0.615314188,-0.223242897,-0.604205451,-0.454359569
1071,2680611,514740,0.952,0.268,0.152,-4.3,-1.4,-0.5,-10.4,-35.3,6,0.615314188,-0.223242897,-0.604205451,-0.454359569
1072,2683784,514740,0.948,0.272,0.164,-4.4,-1.4,-0.7,-10.5,-35.7,6.2,0.615222633,-0.223364971,-0.604144414,-0.454481643
1073,2686816,514740,0.948,0.272,0.164,-4.4,-1.4,-0.7,-10.5,-35.7,6.2,0.615222633,-0.223364971,-0.604144414,-0.454481643
1074,2689181,514740,0.948,0.268,0.156,-4,-1.2,-1.1,-10.5,-35.7,6.2,0.615100558,-0.223487045,-0.604113895,-0.454603717
1075,2690645,514750,0.948,0.268,0.156,-4,-1.2,-1.1,-10.5,-35.7,6.2,0.615100558,-0.223487045,-0.604113895,-0.454603717
1076,2693010,514750,0.948,0.268,0.156,-3.8,-1.1,-1,-10.5,-35.7,6.2,0.61507004,-0.223548082,-0.604113895,-0.454664754
1077,2696031,514750,0.948,0.272,0.152,-3.7,-1.1,-0.8,-10.8,-35.6,6.1,0.614978484,-0.223670156,-0.604174932,-0.454634236
1078,2699271,514750,0.948,0.272,0.148,-3.3,-1.3,-0.6,-10.8,-35.6,6.1,0.614886929,-0.22379223,-0.604144414,-0.454725791
1079,2700627,514760,0.948,0.272,0.148,-3.3,-1.3,-0.6,-10.8,-35.6,6.1,0.614886929,-0.22379223,-0.604144414,-0.454725791
1080,2702898,514760,0.948,0.272,0.16,-3,-1.4,-0.7,-10.5,-35.5,6.3,0.614825892,-0.223853267,-0.604113895,-0.454817347
1081,2706051,514760,0.948,0.272,0.16,-3,-1.4,-0.7,-10.5,-35.5,6.3,0.614825892,-0.223853267,-0.604113895,-0.454817347
1082,2709057,514760,0.948,0.276,0.16,-2.6,-1.2,-0.7,-10.5,-35.5,6.3,0.614734336,-0.223944823,-0.604113895,-0.454908902
1083,2710450,514770,0.948,0.276,0.16,-2.6,-1.2,-0.7,-10.5,-35.5,6.3,0.614734336,-0.223944823,-0.604113895,-0.454908902
1084,2713611,514770,0.948,0.28,0.168,-2.1,-1.1,-0.7,-10.6,-35.5,5.7,0.614673299,-0.224036378,-0.604113895,-0.454969939
1085,2715843,514770,0.948,0.28,0.168,-2.1,-1.1,-0.7,-10.6,-35.5,5.7,0.614673299,-0.224036378,-0.604113895,-0.454969939
1086,2719125,514770,0.952,0.28,0.16,-1.5,-1.1,-0.7,-10.6,-35.5,5.7,0.614612262,-0.224066897,-0.604113895,-0.455000458
1087,2720575,514780,0.952,0.28,0.16,-1.5,-1.1,-0.7,-10.6,-35.5,5.7,0.614612262,-0.224066897,-0.604113895,-0.455000458
1088,2723841,514780,0.952,0.28,0.168,-1.1,-1,-0.6,-10.4,-35.6,6.3,0.614551225,-0.224097415,-0.604113895,-0.455061495
1089,2726871,514780,0.952,0.28,0.168,-1.1,-1,-0.6,-10.4,-35.6,6.3,0.614551225,-0.224097415,-0.604113895,-0.455061495
1090,2728148,514780,0.956,0.276,0.16,-0.9,-0.8,-0.7,-10.4,-35.6,6.3,0.614520707,-0.224127934,-0.604144414,-0.455092013
1091,2731157,514790,0.956,0.276,0.16,-0.9,-0.8,-0.7,-10.4,-35.6,6.3,0.614520707,-0.224127934,-0.604144414,-0.455092013
1092,2734296,514790,0.96,0.28,0.16,-0.8,-0.4,-1,-11.1,-35.5,6.3,0.61445967,-0.224127934,-0.604144414,-0.455122532
1093,2736589,514790,0.96,0.28,0.16,-0.8,-0.4,-1,-11.1,-35.5,6.3,0.61445967,-0.224127934,-0.604144414,-0.455122532
1094,2738735,514790,0.96,0.28,0.16,-0.7,-0.3,-1.3,-11.1,-35.5,6.3,0.614429151,-0.224127934,-0.604144414,-0.455183569
1095,2741750,514800,0.96,0.28,0.16,-0.7,-0.3,-1.3,-11.1,-35.5,6.3,0.614429151,-0.224127934,-0.604144414,-0.455183569
1096,2744147,514800,0.96,0.276,0.16,-0.7,-0.4,-1.3,-11.1,-35.5,6.3,0.614398633,-0.224127934,-0.604144414,-0.455214087
1097,2746345,514800,0.96,0.28,0.164,-0.7,-0.4,-1.3,-11.4,-35.9,5.7,0.614337596,-0.224188971,-0.604235969,-0.455183569
1098,2748618,514800,0.96,0.272,0.156,-0.7,-0.8,-1.5,-11.4,-35.9,5.7,0.61424604,-0.224158452,-0.604235969,-0.455244606
1099,2751780,514810,0.96,0.272,0.156,-0.7,-0.8,-1.5,-11.4,-35.9,5.7,0.61424604,-0.224158452,-0.604235969,-0.455244606
1100,2754155,514810,0.96,0.272,0.16,-1,-1.6,-1.1,-11.6,-35.6,6.1,0.614215522,-0.224188971,-0.604297006,-0.455275124
1101,2756220,514810,0.96,0.272,0.16,-1,-1.6,-1.1,-11.6,-35.6,6.1,0.614215522,-0.224188971,-0.604297006,-0.455275124
1102,2758322,514810,0.956,0.276,0.168,-1,-2,-0.5,-11.6,-35.6,6.1,0.614123966,-0.224250008,-0.604327525,-0.455305643
1103,2762081,514820,0.956,0.276,0.168,-1,-2,-0.5,-11.6,-35.6,6.1,0.614123966,-0.224250008,-0.604327525,-0.455305643
1104,2764542,514820,0.96,0.276,0.168,-1,-2,-0.1,-11.9,-36,6.1,0.614062929,-0.224311045,-0.604358043,-0.455305643
1105,2766892,514820,0.96,0.276,0.168,-1,-2,-0.1,-11.9,-36,6.1,0.614062929,-0.224311045,-0.604358043,-0.455305643
1106,2769114,514820,0.952,0.276,0.168,-1,-2,0.2,-11.9,-36,6.1,0.614001892,-0.224372082,-0.604388562,-0.455336161
1107,2771250,514830,0.952,0.276,0.168,-1,-2,0.2,-11.9,-36,6.1,0.614001892,-0.224372082,-0.604388562,-0.455336161
1108,2773148,514830,0.956,0.276,0.164,-1,-2,0.5,-10.2,-35.7,6.2,0.613940855,-0.224463637,-0.60441908,-0.455305643
1109,2776266,514830,0.956,0.276,0.164,-1,-2,0.5,-10.2,-35.7,6.2,0.613940855,-0.224463637,-0.60441908,-0.455305643
1110,2779413,514830,0.96,0.28,0.164,-1.3,-1.8,0.6,-10.2,-35.7,6.2,0.613879818,-0.224555193,-0.604449599,-0.455305643
1111,2781602,514840,0.96,0.28,0.164,-1.3,-1.8,0.6,-10.2,-35.7,6.2,0.613879818,-0.224555193,-0.604449599,-0.455305643
1112,2782957,514840,0.96,0.276,0.164,-1.5,-1.8,0.7,-11.5,-35.1,6.3,0.6138493,-0.224646748,-0.604449599,-0.455305643
1113,2786233,514840,0.96,0.276,0.164,-1.5,-1.8,0.7,-11.5,-35.1,6.3,0.6138493,-0.224646748,-0.604449599,-0.455305643
1114,2788258,514840,0.96,0.276,0.168,-1.3,-1.8,0.5,-11.5,-35.1,6.3,0.613788263,-0.224738304,-0.604449599,-0.455336161
1115,2791860,514850,0.96,0.276,0.168,-1.3,-1.8,0.5,-11.5,-35.1,6.3,0.613788263,-0.224738304,-0.604449599,-0.455336161
1116,2794134,514850,0.964,0.276,0.164,-1,-1.8,0.4,-11.5,-35.1,6.3,0.613757744,-0.224768822,-0.604480117,-0.455305643
1117,2795599,514850,0.964,0.28,0.164,-0.9,-1.9,0.4,-11.4,-35.2,6.5,0.613727226,-0.224829859,-0.604541154,-0.455275124
1118,2797903,514850,0.96,0.276,0.168,-0.6,-1.9,0.7,-11.4,-35.2,6.5,0.613666189,-0.224921415,-0.604571673,-0.455244606
1119,2801349,514860,0.96,0.276,0.168,-0.6,-1.9,0.7,-11.4,-35.2,6.5,0.613666189,-0.224921415,-0.604571673,-0.455244606
1120,2803577,514860,0.96,0.276,0.16,-0.2,-1.9,0.9,-11.6,-35.5,6.3,0.61363567,-0.22501297,-0.604602191,-0.455214087
1121,2805682,514860,0.96,0.276,0.16,-0.2,-1.9,0.9,-11.6,-35.5,6.3,0.61363567,-0.22501297,-0.604602191,-0.455214087
1122,2807908,514860,0.96,0.28,0.16,0,-1.9,1.2,-11.6,-35.5,6.3,0.613605152,-0.225074007,-0.60463271,-0.45515305
1123,2811037,514870,0.96,0.28,0.16,0,-1.9,1.2,-11.6,-35.5,6.3,0.613605152,-0.225074007,-0.60463271,-0.45515305
1124,2814115,514870,0.96,0.276,0.16,0,-2.1,1.4,-11.7,-35.2,5.9,0.613574633,-0.225165563,-0.604693747,-0.455092013
1125,2815510,514870,0.96,0.276,0.16,0,-2.1,1.4,-11.7,-35.2,5.9,0.613574633,-0.225165563,-0.604693747,-0.455092013
1126,2818749,514870,0.96,0.276,0.164,0,-2.3,1.8,-11.7,-35.2,5.9,0.613574633,-0.225257118,-0.604724265,-0.455030976
1127,2821800,514880,0.96,0.276,0.164,0,-2.3,1.8,-11.7,-35.2,5.9,0.613574633,-0.225257118,-0.604724265,-0.455030976
1128,2824117,514880,0.964,0.28,0.164,0,-2.1,2.1,-10,-35.9,5.9,0.613544115,-0.225348674,-0.604754784,-0.454969939
1129,2825498,514880,0.964,0.28,0.164,0,-2.1,2.1,-10,-35.9,5.9,0.613544115,-0.225348674,-0.604754784,-0.454969939
1130,2828718,514880,0.96,0.276,0.16,0,-2.1,2.4,-10,-35.9,5.9,0.613544115,-0.225440229,-0.604815821,-0.454878384
1131,2831603,514890,0.96,0.276,0.16,0,-2.1,2.4,-10,-35.9,5.9,0.613544115,-0.225440229,-0.604815821,-0.454878384
1132,2833868,514890,0.956,0.276,0.164,0.2,-2.1,2.3,-11.8,-35.3,6.1,0.613513596,-0.225562304,-0.604846339,-0.454786828
1133,2836068,514890,0.956,0.276,0.164,0.2,-2.1,2.3,-11.8,-35.3,6.1,0.613513596,-0.225562304,-0.604846339,-0.454786828
1134,2839068,514890,0.964,0.272,0.16,0.6,-2,2.3,-11.8,-35.3,6.1,0.613513596,-0.225653859,-0.604876858,-0.454695273
1135,2840477,514900,0.964,0.272,0.16,0.6,-2,2.3,-11.8,-35.3,6.1,0.613513596,-0.225653859,-0.604876858,-0.454695273
1136,2843540,514900,0.964,0.276,0.16,0.8,-1.9,2.3,-11.8,-35.3,6.1,0.613513596,-0.225684378,-0.604907376,-0.454634236
1137,2846568,514900,0.964,0.28,0.164,1.1,-1.8,2.5,-11.7,-35.5,5.8,0.613483077,-0.225806452,-0.60502945,-0.454481643
1138,2847877,514900,0.96,0.28,0.168,1.6,-1.5,2.7,-11.7,-35.5,5.8,0.613513596,-0.225867489,-0.605059969,-0.454359569
1139,2850592,514910,0.96,0.28,0.168,1.6,-1.5,2.7,-11.7,-35.5,5.8,0.613513596,-0.225867489,-0.605059969,-0.454359569
1140,2853804,514910,0.964,0.272,0.168,1.9,-1.4,2.8,-11.5,-35,6.3,0.613544115,-0.225928526,-0.605121006,-0.454206977
1141,2856815,514910,0.964,0.272,0.168,1.9,-1.4,2.8,-11.5,-35,6.3,0.613544115,-0.225928526,-0.605121006,-0.454206977
1142,2858278,514910,0.96,0.268,0.168,2.2,-1.7,2.9,-11.5,-35,6.3,0.613574633,-0.225959044,-0.605182043,-0.454054384
1143,2861553,514920,0.96,0.268,0.168,2.2,-1.7,2.9,-11.5,-35,6.3,0.613574633,-0.225959044,-0.605182043,-0.454054384
1144,2863776,514920,0.96,0.272,0.164,2.5,-1.7,3.2,-11.5,-35.2,6.5,0.613605152,-0.226020081,-0.60524308,-0.453901791
1145,2866738,514920,0.96,0.272,0.164,2.5,-1.7,3.2,-11.5,-35.2,6.5,0.613605152,-0.226020081,-0.60524308,-0.453901791
1146,2868045,514920,0.96,0.264,0.164,3,-1.8,3.4,-11.5,-35.2,6.5,0.613666189,-0.226081118,-0.605304117,-0.45371868
1147,2871306,514930,0.96,0.264,0.164,3,-1.8,3.4,-11.5,-35.2,6.5,0.613666189,-0.226081118,-0.605304117,-0.45371868
1148,2873631,514930,0.964,0.268,0.164,3.2,-2,3.4,-9.7,-36,6.3,0.613696707,-0.226111637,-0.605395672,-0.453505051
1149,2875635,514930,0.964,0.268,0.164,3.2,-2,3.4,-9.7,-36,6.3,0.613696707,-0.226111637,-0.605395672,-0.453505051
1150,2878777,514930,0.96,0.272,0.16,3.2,-2.1,3.9,-9.7,-36,6.3,0.613757744,-0.226172674,-0.605487228,-0.453291421
1151,2881809,514940,0.96,0.272,0.16,3.2,-2.1,3.9,-9.7,-36,6.3,0.613757744,-0.226172674,-0.605487228,-0.453291421
1152,2884047,514940,0.952,0.272,0.16,3.6,-2.1,4.3,-12,-34.6,6.4,0.613818781,-0.226233711,-0.605548265,-0.453077792
1153,2886257,514940,0.952,0.272,0.16,3.6,-2.1,4.3,-12,-34.6,6.4,0.613818781,-0.226233711,-0.605548265,-0.453077792
1154,2889394,514940,0.956,0.276,0.16,4.1,-2,4.2,-12,-34.6,6.4,0.613879818,-0.226264229,-0.605639821,-0.452833644
1155,2890687,514950,0.956,0.276,0.16,4.1,-2,4.2,-12,-34.6,6.4,0.613879818,-0.226264229,-0.605639821,-0.452833644
1156,2893038,514950,0.952,0.284,0.16,4.3,-1.9,4.2,-12,-34.6,6.4,0.613940855,-0.226294748,-0.605700858,-0.45271157
1157,2896108,514950,0.956,0.284,0.156,4.5,-2,4.3,-11.8,-34.8,6.1,0.613910337,-0.226294748,-0.605822932,-0.452589496
1158,2899179,514950,0.952,0.284,0.156,4.6,-2,4.5,-11.8,-34.8,6.1,0.614001892,-0.226325266,-0.605914487,-0.452314829
1159,2900537,514960,0.952,0.284,0.156,4.6,-2,4.5,-11.8,-34.8,6.1,0.614001892,-0.226325266,-0.605914487,-0.452314829
1160,2903780,514960,0.948,0.288,0.156,4.6,-1.6,4.6,-11.9,-34.6,6.1,0.614093448,-0.226355785,-0.606006043,-0.452040162
1161,2905357,514960,0.948,0.288,0.156,4.6,-1.6,4.6,-11.9,-34.6,6.1,0.614093448,-0.226355785,-0.606006043,-0.452040162
1162,2908154,514960,0.952,0.292,0.16,4.6,-1.5,4.6,-11.9,-34.6,6.1,0.614185003,-0.226386303,-0.606097598,-0.451796014
1163,2911160,514970,0.952,0.292,0.16,4.6,-1.5,4.6,-11.9,-34.6,6.1,0.614185003,-0.226386303,-0.606097598,-0.451796014
1164,2914114,514970,0.952,0.292,0.164,4.5,-1.1,4.3,-12.2,-34.9,6.3,0.61424604,-0.226416822,-0.606189154,-0.451521348
1165,2916346,514970,0.952,0.292,0.164,4.5,-1.1,4.3,-12.2,-34.9,6.3,0.61424604,-0.226416822,-0.606189154,-0.451521348
1166,2918576,514970,0.952,0.296,0.164,4.3,-0.6,3.9,-12.2,-34.9,6.3,0.614368114,-0.226416822,-0.606250191,-0.451307718
1167,2920635,514980,0.952,0.296,0.164,4.3,-0.6,3.9,-12.2,-34.9,6.3,0.614368114,-0.226416822,-0.606250191,-0.451307718
1168,2922948,514980,0.956,0.288,0.16,4.3,-0.3,3.6,-10.1,-36,5.7,0.614490188,-0.226416822,-0.606311228,-0.45106357
1169,2926854,514980,0.956,0.288,0.16,4.3,-0.3,3.6,-10.1,-36,5.7,0.614490188,-0.226416822,-0.606311228,-0.45106357
1170,2929153,514980,0.96,0.292,0.164,4.1,-0.1,3.6,-10.1,-36,5.7,0.614581744,-0.226386303,-0.606372265,-0.450880459
1171,2931466,514990,0.96,0.292,0.164,4.1,-0.1,3.6,-10.1,-36,5.7,0.614581744,-0.226386303,-0.606372265,-0.450880459
1172,2933636,514990,0.956,0.284,0.16,3.5,0.1,3.4,-11.8,-34.9,6.4,0.614703818,-0.226386303,-0.606402783,-0.450666829
1173,2935673,514990,0.956,0.284,0.16,3.5,0.1,3.4,-11.8,-34.9,6.4,0.614703818,-0.226386303,-0.606402783,-0.450666829
1174,2937922,514990,0.96,0.284,0.168,3.1,0.4,3.1,-11.8,-34.9,6.4,0.614795373,-0.226386303,-0.606433302,-0.450514237
1175,2941061,515000,0.96,0.284,0.168,3.1,0.4,3.1,-11.8,-34.9,6.4,0.614795373,-0.226386303,-0.606433302,-0.450514237
1176,2944103,515000,0.96,0.28,0.16,2.9,0.6,2.9,-11.8,-34.9,6.4,0.61485641,-0.226386303,-0.606433302,-0.450422681
1177,2946430,515000,0.956,0.28,0.164,2.8,0.7,2.8,-11.6,-34.6,6.6,0.614825892,-0.226264229,-0.606494339,-0.450422681
1178,2948605,515000,0.956,0.28,0.156,2.6,0.9,2.5,-11.6,-34.6,6.6,0.614917447,-0.226233711,-0.606494339,-0.450300607
1179,2951332,515010,0.956,0.28,0.156,2.6,0.9,2.5,-11.6,-34.6,6.6,0.614917447,-0.226233711,-0.606494339,-0.450300607
1180,2954170,515010,0.964,0.272,0.156,2.1,1,2.3,-11.8,-35.1,6.5,0.615039521,-0.226233711,-0.606494339,-0.450178533
1181,2955480,515010,0.964,0.272,0.156,2.1,1,2.3,-11.8,-35.1,6.5,0.615039521,-0.226233711,-0.606494339,-0.450178533
1182,2958647,515010,0.96,0.272,0.152,1.6,1,2.3,-11.8,-35.1,6.5,0.615131077,-0.226203192,-0.606494339,-0.450086978
1183,2961480,515020,0.96,0.272,0.152,1.6,1,2.3,-11.8,-35.1,6.5,0.615131077,-0.226203192,-0.606494339,-0.450086978
1184,2962881,515020,0.96,0.272,0.156,1.5,0.8,2.3,-11.8,-34.8,6.5,0.615222633,-0.226203192,-0.606433302,-0.449995422
1185,2966041,515020,0.96,0.272,0.156,1.5,0.8,2.3,-11.8,-34.8,6.5,0.615222633,-0.226203192,-0.606433302,-0.449995422
1186,2969033,515020,0.956,0.276,0.152,1.3,0.7,2.1,-11.8,-34.8,6.5,0.61528367,-0.226233711,-0.606433302,-0.449903867
1187,2970389,515030,0.956,0.276,0.152,1.3,0.7,2.1,-11.8,-34.8,6.5,0.61528367,-0.226233711,-0.606433302,-0.449903867
1188,2973580,515030,0.956,0.276,0.156,1.1,0.5,2.3,-10.5,-36.2,6.3,0.615344707,-0.226233711,-0.606433302,-0.449812311
1189,2975622,515030,0.956,0.276,0.156,1.1,0.5,2.3,-10.5,-36.2,6.3,0.615344707,-0.226233711,-0.606433302,-0.449812311
1190,2978754,515030,0.96,0.284,0.152,0.8,0.4,2.6,-10.5,-36.2,6.3,0.615436262,-0.226264229,-0.606402783,-0.449690237
1191,2981769,515040,0.96,0.284,0.152,0.8,0.4,2.6,-10.5,-36.2,6.3,0.615436262,-0.226264229,-0.606402783,-0.449690237
1192,2983062,515040,0.948,0.276,0.156,0.4,0.1,2.8,-11.5,-34.8,6.6,0.615497299,-0.226325266,-0.606402783,-0.4496292
1193,2986084,515040,0.948,0.276,0.156,0.4,0.1,2.8,-11.5,-34.8,6.6,0.615497299,-0.226325266,-0.606402783,-0.4496292
1194,2989168,515040,0.948,0.284,0.156,0.3,0,2.7,-11.5,-34.8,6.6,0.615558336,-0.226386303,-0.606372265,-0.449537645
1195,2991527,515050,0.948,0.284,0.156,0.3,0,2.7,-11.5,-34.8,6.6,0.615558336,-0.226386303,-0.606372265,-0.449537645
1196,2993688,515050,0.956,0.284,0.148,0.4,0,2.6,-11.5,-34.8,6.6,0.615588855,-0.226416822,-0.606372265,-0.449507126
1197,2996649,515050,0.948,0.288,0.16,0.3,0.3,2.5,-11.3,-34.6,6.6,0.615466781,-0.226355785,-0.606494339,-0.449507126
1198,2998987,515050,0.944,0.284,0.156,0.3,0.4,2.4,-11.3,-34.6,6.6,0.615527818,-0.226386303,-0.606433302,-0.449446089
1199,3001150,515060,0.944,0.284,0.156,0.3,0.4,2.4,-11.3,-34.6,6.6,0.615527818,-0.226386303,-0.606433302,-0.449446089
1200,3004004,515060,0.948,0.284,0.156,0.5,0.4,2.1,-11.4,-34.7,6.7,0.615588855,-0.226416822,-0.606433302,-0.449385052
1201,3005426,515060,0.948,0.284,0.156,0.5,0.4,2.1,-11.4,-34.7,6.7,0.615588855,-0.226416822,-0.606433302,-0.449385052
1202,3008639,515060,0.94,0.296,0.157,0.8,0.4,2,-11.4,-34.7,6.7,0.615649892,-0.22644734,-0.606433302,-0.449324015
1203,3011533,515070,0.94,0.296,0.157,0.8,0.4,2,-11.4,-34.7,6.7,0.615649892,-0.22644734,-0.606433302,-0.449324015
1204,3012884,515070,0.948,0.288,0.156,1.1,0.8,1.7,-11.1,-35,6.5,0.615710929,-0.22644734,-0.606402783,-0.449232459
1205,3016108,515070,0.948,0.288,0.156,1.1,0.8,1.7,-11.1,-35,6.5,0.615710929,-0.22644734,-0.606402783,-0.449232459
1206,3018136,515070,0.948,0.284,0.16,1.5,1.2,1.6,-11.1,-35,6.5,0.615802484,-0.22644734,-0.606402783,-0.449171422
1207,3021791,515080,0.948,0.284,0.16,1.5,1.2,1.6,-11.1,-35,6.5,0.615802484,-0.22644734,-0.606402783,-0.449171422
1208,3024138,515080,0.952,0.288,0.16,1.4,1.4,1.2,-10.5,-36,6.6,0.615863521,-0.226416822,-0.606372265,-0.449110385
1209,3026440,515080,0.952,0.288,0.16,1.4,1.4,1.2,-10.5,-36,6.6,0.615863521,-0.226416822,-0.606372265,-0.449110385
1210,3028592,515080,0.948,0.28,0.16,1.3,1.7,1,-10.5,-36,6.6,0.615955077,-0.226355785,-0.606341746,-0.449049348
1211,3030439,515090,0.948,0.28,0.16,1.3,1.7,1,-10.5,-36,6.6,0.615955077,-0.226355785,-0.606341746,-0.449049348
1212,3033620,515090,0.952,0.28,0.148,1.5,1.9,0.7,-11,-34.4,6.6,0.616046632,-0.226294748,-0.606311228,-0.44901883
1213,3035754,515090,0.952,0.28,0.148,1.5,1.9,0.7,-11,-34.4,6.6,0.616046632,-0.226294748,-0.606311228,-0.44901883
1214,3037992,515090,0.952,0.272,0.156,1.5,1.9,0.6,-11,-34.4,6.6,0.616107669,-0.226233711,-0.606280709,-0.448988311
1215,3041305,515100,0.952,0.272,0.156,1.5,1.9,0.6,-11,-34.4,6.6,0.616107669,-0.226233711,-0.606280709,-0.448988311
1216,3043724,515100,0.952,0.272,0.152,1.4,2.1,0.6,-11,-34.4,6.6,0.616168706,-0.226203192,-0.606250191,-0.448957793
1217,3046690,515100,0.956,0.268,0.152,1.2,1.9,0.6,-11.1,-34.5,7,0.616046632,-0.226142155,-0.606402783,-0.448957793
1218,3048948,515100,0.956,0.264,0.156,1.2,1.8,0.7,-11.1,-34.5,7,0.616138188,-0.226081118,-0.606372265,-0.448927274
1219,3051173,515110,0.956,0.264,0.156,1.2,1.8,0.7,-11.1,-34.5,7,0.616138188,-0.226081118,-0.606372265,-0.448927274
1220,3053214,515110,0.952,0.268,0.156,1.2,1.5,0.9,-11,-34.5,6.2,0.616199225,-0.2260506,-0.606341746,-0.448866237
1221,3056411,515110,0.952,0.268,0.156,1.2,1.5,0.9,-11,-34.5,6.2,0.616199225,-0.2260506,-0.606341746,-0.448866237
1222,3058742,515110,0.956,0.272,0.152,1.2,1.3,1.1,-11,-34.5,6.2,0.61629078,-0.226020081,-0.606311228,-0.448835719
1223,3060739,515120,0.956,0.272,0.152,1.2,1.3,1.1,-11,-34.5,6.2,0.61629078,-0.226020081,-0.606311228,-0.448835719
1224,3063837,515120,0.952,0.272,0.156,0.9,0.8,1.4,-11.1,-34.4,6.3,0.616351817,-0.225989563,-0.606280709,-0.448774682
1225,3065315,515120,0.952,0.272,0.156,0.9,0.8,1.4,-11.1,-34.4,6.3,0.616351817,-0.225989563,-0.606280709,-0.448774682
1226,3068157,515120,0.952,0.272,0.152,0.7,0.6,1.6,-11.1,-34.4,6.3,0.616412854,-0.226020081,-0.606280709,-0.448713645
1227,3071226,515130,0.952,0.272,0.152,0.7,0.6,1.6,-11.1,-34.4,6.3,0.616412854,-0.226020081,-0.606280709,-0.448713645
1228,3073151,515130,0.956,0.276,0.152,0.6,0.5,1.5,-10.9,-36,6.2,0.616443373,-0.226020081,-0.606250191,-0.448652608
1229,3076157,515130,0.956,0.276,0.152,0.6,0.5,1.5,-10.9,-36,6.2,0.616443373,-0.226020081,-0.606250191,-0.448652608
1230,3079078,515130,0.956,0.276,0.152,0.6,0.3,1.4,-10.9,-36,6.2,0.61650441,-0.226020081,-0.606250191,-0.448591571
1231,3080496,515140,0.956,0.276,0.152,0.6,0.3,1.4,-10.9,-36,6.2,0.61650441,-0.226020081,-0.606250191,-0.448591571
1232,3084077,515140,0.952,0.28,0.156,0.4,0.5,1.5,-11.1,-34.9,6.6,0.616534928,-0.2260506,-0.606219672,-0.448561052
1233,3086147,515140,0.952,0.28,0.156,0.4,0.5,1.5,-11.1,-34.9,6.6,0.616534928,-0.2260506,-0.606219672,-0.448561052
1234,3089036,515140,0.952,0.276,0.152,0.4,0.3,1.4,-11.1,-34.9,6.6,0.616595965,-0.226081118,-0.606219672,-0.448500015
1235,3090395,515150,0.952,0.276,0.152,0.4,0.3,1.4,-11.1,-34.9,6.6,0.616595965,-0.226081118,-0.606219672,-0.448500015
1236,3093570,515150,0.956,0.28,0.144,0.4,0.3,1.2,-11.1,-34.9,6.6,0.616595965,-0.226081118,-0.606189154,-0.448500015
1237,3096504,515150,0.952,0.276,0.152,0.4,0.3,0.8,-10.9,-34.7,6.5,0.616443373,-0.225989563,-0.606402783,-0.448500015
1238,3097848,515150,0.952,0.276,0.148,0.4,0.2,0.7,-10.9,-34.7,6.5,0.616473891,-0.225989563,-0.606402783,-0.448469497
1239,3100999,515160,0.952,0.276,0.148,0.4,0.2,0.7,-10.9,-34.7,6.5,0.616473891,-0.225989563,-0.606402783,-0.448469497
1240,3103899,515160,0.948,0.276,0.152,0.4,0.2,0.8,-11,-35,6.4,0.61650441,-0.225989563,-0.606372265,-0.448438978
1241,3105330,515160,0.948,0.276,0.152,0.4,0.2,0.8,-11,-35,6.4,0.61650441,-0.225989563,-0.606372265,-0.448438978
1242,3108234,515160,0.952,0.276,0.152,0.4,0.2,1.1,-11,-35,6.4,0.616534928,-0.225989563,-0.606372265,-0.44840846
1243,3111341,515170,0.952,0.276,0.152,0.4,0.2,1.1,-11,-35,6.4,0.616534928,-0.225989563,-0.606372265,-0.44840846
1244,3112838,515170,0.948,0.276,0.148,0.4,0,0.9,-11.1,-35,5.9,0.616565447,-0.226020081,-0.606372265,-0.448377941
1245,3116086,515170,0.948,0.276,0.148,0.4,0,0.9,-11.1,-35,5.9,0.616565447,-0.226020081,-0.606372265,-0.448377941
1246,3119113,515170,0.948,0.276,0.148,0.5,0,0.7,-11.1,-35,5.9,0.616565447,-0.226020081,-0.606372265,-0.448316904
1247,3121367,515180,0.948,0.276,0.148,0.5,0,0.7,-11.1,-35,5.9,0.616565447,-0.226020081,-0.606372265,-0.448316904
1248,3123586,515180,0.948,0.276,0.156,0.6,-0.1,1,-11,-35.7,6.3,0.616595965,-0.226020081,-0.606372265,-0.448286386
1249,3126488,515180,0.948,0.276,0.156,0.6,-0.1,1,-11,-35.7,6.3,0.616595965,-0.226020081,-0.606372265,-0.448286386
1250,3127929,515180,0.948,0.276,0.152,0.6,-0.1,1,-11,-35.7,6.3,0.616626484,-0.2260506,-0.606402783,-0.448225349
1251,3131037,515190,0.948,0.276,0.152,0.6,-0.1,1,-11,-35.7,6.3,0.616626484,-0.2260506,-0.606402783,-0.448225349
1252,3133864,515190,0.952,0.276,0.16,0.5,0,0.8,-11.2,-34.4,6.4,0.616626484,-0.2260506,-0.606402783,-0.44819483
1253,3135406,515190,0.952,0.276,0.16,0.5,0,0.8,-11.2,-34.4,6.4,0.616626484,-0.2260506,-0.606402783,-0.44819483
1254,3138615,515190,0.948,0.276,0.156,0.5,0.1,0.5,-11.2,-34.4,6.4,0.616657002,-0.2260506,-0.606402783,-0.448164312
1255,3140704,515200,0.948,0.276,0.156,0.5,0.1,0.5,-11.2,-34.4,6.4,0.616657002,-0.2260506,-0.606402783,-0.448164312
1256,3142955,515200,0.948,0.272,0.152,0.6,0,0.3,-11.2,-34.4,6.4,0.616657002,-0.2260506,-0.606402783,-0.448164312
1257,3146152,515200,0.952,0.276,0.152,0.9,0,0.3,-11,-34.7,6.4,0.616565447,-0.225959044,-0.606524857,-0.448164312
1258,3147906,515200,0.952,0.272,0.152,0.9,0.1,0.4,-11,-34.7,6.4,0.616595965,-0.225959044,-0.606524857,-0.448133793
1259,3151046,515210,0.952,0.272,0.152,0.9,0.1,0.4,-11,-34.7,6.4,0.616595965,-0.225959044,-0.606524857,-0.448133793
1260,3153204,515210,0.952,0.272,0.152,1.1,0.4,0.3,-10.6,-34.7,6.7,0.616626484,-0.225928526,-0.606524857,-0.448103275
1261,3155376,515210,0.952,0.272,0.152,1.1,0.4,0.3,-10.6,-34.7,6.7,0.616626484,-0.225928526,-0.606524857,-0.448103275
1262,3167662,515210,0.956,0.272,0.148,1.4,0.5,0.1,-10.6,-34.7,6.7,0.616657002,-0.225898007,-0.606555376,-0.448072756
1263,3167662,515220,0.956,0.272,0.148,1.4,0.5,0.1,-10.6,-34.7,6.7,0.616657002,-0.225898007,-0.606555376,-0.448072756
1264,3167662,515220,0.96,0.272,0.156,1.5,0.3,0.1,-11.1,-34.6,6.4,0.616687521,-0.225806452,-0.606555376,-0.448011719
1265,3167662,515220,0.96,0.272,0.156,1.5,0.3,0.1,-11.1,-34.6,6.4,0.616687521,-0.225806452,-0.606555376,-0.448011719
1266,3168099,515220,0.956,0.272,0.152,1.5,0.1,0.2,-11.1,-34.6,6.4,0.616718039,-0.225806452,-0.606585894,-0.447981201
1267,3171265,515230,0.956,0.272,0.152,1.5,0.1,0.2,-11.1,-34.6,6.4,0.616718039,-0.225806452,-0.606585894,-0.447981201
1268,3173240,515230,0.96,0.276,0.156,1.3,0,0.5,-10.8,-35.4,6.4,0.616748558,-0.225775933,-0.606616413,-0.447920164
1269,3175533,515230,0.96,0.276,0.156,1.3,0,0.5,-10.8,-35.4,6.4,0.616748558,-0.225775933,-0.606616413,-0.447920164
1270,3179294,515230,0.96,0.272,0.16,1.1,0,0.4,-10.8,-35.4,6.4,0.616748558,-0.225745415,-0.606616413,-0.447889645
1271,3181408,515240,0.96,0.272,0.16,1.1,0,0.4,-10.8,-35.4,6.4,0.616748558,-0.225745415,-0.606616413,-0.447889645
1272,3183991,515240,0.96,0.276,0.156,1,0,0.3,-10.8,-35.1,6.7,0.616779077,-0.225714896,-0.606646931,-0.447828608
1273,3185821,515240,0.96,0.276,0.156,1,0,0.3,-10.8,-35.1,6.7,0.616779077,-0.225714896,-0.606646931,-0.447828608
1274,3189350,515240,0.96,0.276,0.156,0.9,0,0.4,-10.8,-35.1,6.7,0.616809595,-0.225714896,-0.606646931,-0.44779809
1275,3191627,515250,0.96,0.276,0.156,0.9,0,0.4,-10.8,-35.1,6.7,0.616809595,-0.225714896,-0.606646931,-0.44779809
1276,3195742,515250,0.96,0.272,0.152,0.8,0,0.3,-10.8,-35.1,6.7,0.616809595,-0.225714896,-0.606646931,-0.44779809
1277,3195742,515250,0.956,0.276,0.16,0.7,0.2,0.1,-10.8,-34.6,6.7,0.616748558,-0.225684378,-0.606738487,-0.447737053
1278,3197887,515250,0.96,0.268,0.156,0.7,0.2,0,-10.8,-34.6,6.7,0.616748558,-0.225653859,-0.606769005,-0.447737053
1279,3201122,515260,0.96,0.268,0.156,0.7,0.2,0,-10.8,-34.6,6.7,0.616748558,-0.225653859,-0.606769005,-0.447737053
1280,3203402,515260,0.956,0.268,0.152,0.4,0.2,-0.2,-10.7,-35.2,6.6,0.616748558,-0.225623341,-0.606769005,-0.447737053
1281,3206737,515260,0.956,0.268,0.152,0.4,0.2,-0.2,-10.7,-35.2,6.6,0.616748558,-0.225623341,-0.606769005,-0.447737053
1282,3208790,515260,0.96,0.264,0.156,0.1,0.3,-0.3,-10.7,-35.2,6.6,0.616779077,-0.225623341,-0.606769005,-0.447737053
1283,3211080,515270,0.96,0.264,0.156,0.1,0.3,-0.3,-10.7,-35.2,6.6,0.616779077,-0.225623341,-0.606769005,-0.447737053
1284,3214105,515270,0.964,0.272,0.152,0.3,0.5,-0.5,-10.5,-34.9,6.5,0.616779077,-0.225592822,-0.606769005,-0.447737053
1285,3215558,515270,0.964,0.272,0.152,0.3,0.5,-0.5,-10.5,-34.9,6.5,0.616779077,-0.225592822,-0.606769005,-0.447737053
1286,3218785,515270,0.956,0.26,0.156,0.3,0.5,-0.5,-10.5,-34.9,6.5,0.616779077,-0.225562304,-0.606769005,-0.447737053
1287,3221718,515280,0.956,0.26,0.156,0.3,0.5,-0.5,-10.5,-34.9,6.5,0.616779077,-0.225562304,-0.606769005,-0.447737053
1288,3223126,515280,0.956,0.268,0.152,0.1,0.2,-0.8,-11,-35.6,6.6,0.616779077,-0.225531785,-0.606769005,-0.44779809
1289,3226113,515280,0.956,0.268,0.152,0.1,0.2,-0.8,-11,-35.6,6.6,0.616779077,-0.225531785,-0.606769005,-0.44779809
1290,3229030,515280,0.956,0.268,0.152,0.1,0.2,-0.9,-11,-35.6,6.6,0.616779077,-0.225470748,-0.606769005,-0.44779809
1291,3230580,515290,0.956,0.268,0.152,0.1,0.2,-0.9,-11,-35.6,6.6,0.616779077,-0.225470748,-0.606769005,-0.44779809
1292,3233684,515290,0.956,0.272,0.156,0,0.2,-0.9,-11,-35.1,6.7,0.616748558,-0.225440229,-0.606769005,-0.447828608
1293,3236687,515290,0.956,0.272,0.156,0,0.2,-0.9,-11,-35.1,6.7,0.616748558,-0.225440229,-0.606769005,-0.447828608
1294,3238087,515290,0.956,0.268,0.156,0.1,0,-0.8,-11,-35.1,6.7,0.616748558,-0.225409711,-0.606769005,-0.447859127
1295,3241698,515300,0.956,0.268,0.156,0.1,0,-0.8,-11,-35.1,6.7,0.616748558,-0.225409711,-0.606769005,-0.447859127
1296,3243151,515300,0.956,0.272,0.16,0,0,-0.8,-11,-35.1,6.7,0.616748558,-0.225409711,-0.606769005,-0.447859127
1297,3246306,515300,0.952,0.272,0.16,0,0,-1,-11.1,-34.6,6.9,0.616657002,-0.225379192,-0.606891079,-0.447859127
1298,3249206,515300,0.948,0.276,0.156,0,0,-1,-11.1,-34.6,6.9,0.616626484,-0.225379192,-0.606891079,-0.447889645
1299,3251387,515310,0.948,0.276,0.156,0,0,-1,-11.1,-34.6,6.9,0.616626484,-0.225379192,-0.606891079,-0.447889645
1300,3252891,515310,0.948,0.276,0.16,0.1,0.3,-1,-11.1,-34.8,7,0.616626484,-0.225318155,-0.606891079,-0.447920164
1301,3256007,515310,0.948,0.276,0.16,0.1,0.3,-1,-11.1,-34.8,7,0.616626484,-0.225318155,-0.606891079,-0.447920164
1302,3258901,515310,0.944,0.272,0.16,0.3,0.6,-0.9,-11.1,-34.8,7,0.616626484,-0.225287637,-0.606891079,-0.447950682
1303,3260320,515320,0.944,0.272,0.16,0.3,0.6,-0.9,-11.1,-34.8,7,0.616626484,-0.225287637,-0.606891079,-0.447950682
1304,3263485,515320,0.948,0.272,0.16,0.4,0.7,-1.2,-10.8,-35,7.1,0.616626484,-0.2252266,-0.606891079,-0.447981201
1305,3266290,515320,0.948,0.272,0.16,0.4,0.7,-1.2,-10.8,-35,7.1,0.616626484,-0.2252266,-0.606891079,-0.447981201
1306,3267866,515320,0.948,0.272,0.164,0.4,1.1,-1.6,-10.8,-35,7.1,0.616626484,-0.225165563,-0.606891079,-0.448011719
1307,3270925,515330,0.948,0.272,0.164,0.4,1.1,-1.6,-10.8,-35,7.1,0.616626484,-0.225165563,-0.606891079,-0.448011719
1308,3273904,515330,0.944,0.272,0.168,0.6,1.2,-1.5,-10.9,-35.4,6.4,0.616626484,-0.225074007,-0.606891079,-0.448042238
1309,3275501,515330,0.944,0.272,0.168,0.6,1.2,-1.5,-10.9,-35.4,6.4,0.616626484,-0.225074007,-0.606891079,-0.448042238
1310,3278426,515330,0.952,0.276,0.16,0.4,1.4,-1.5,-10.9,-35.4,6.4,0.616626484,-0.224982452,-0.606891079,-0.448072756
1311,3281458,515340,0.952,0.276,0.16,0.4,1.4,-1.5,-10.9,-35.4,6.4,0.616626484,-0.224982452,-0.606891079,-0.448072756
1312,3283042,515340,0.952,0.272,0.164,0.2,1.4,-1.7,-10.9,-35.7,6.5,0.616626484,-0.224921415,-0.606860561,-0.448133793
1313,3285954,515340,0.952,0.272,0.164,0.2,1.4,-1.7,-10.9,-35.7,6.5,0.616626484,-0.224921415,-0.606860561,-0.448133793
1314,3289229,515340,0.948,0.264,0.164,0,1.4,-1.8,-10.9,-35.7,6.5,0.616626484,-0.224829859,-0.606860561,-0.44819483
1315,3291565,515350,0.948,0.264,0.164,0,1.4,-1.8,-10.9,-35.7,6.5,0.616626484,-0.224829859,-0.606860561,-0.44819483
1316,3294221,515350,0.948,0.276,0.168,0,1.4,-1.7,-10.9,-35.7,6.5,0.616657002,-0.224799341,-0.606830042,-0.448225349
1317,3295975,515350,0.952,0.268,0.164,-0.2,1.7,-1.6,-11,-35.4,6.5,0.616657002,-0.224707785,-0.606799524,-0.448286386
1318,3298083,515350,0.952,0.264,0.164,-0.3,1.8,-1.8,-11,-35.4,6.5,0.616657002,-0.224646748,-0.606769005,-0.448377941
1319,3300345,515360,0.952,0.264,0.164,-0.3,1.8,-1.8,-11,-35.4,6.5,0.616657002,-0.224646748,-0.606769005,-0.448377941
1320,3302997,515360,0.948,0.264,0.16,-0.6,1.7,-1.8,-11.2,-35.3,6.7,0.616657002,-0.224585711,-0.606738487,-0.448438978
1321,3305535,515360,0.948,0.264,0.16,-0.6,1.7,-1.8,-11.2,-35.3,6.7,0.616657002,-0.224585711,-0.606738487,-0.448438978
1322,3309521,515360,0.952,0.26,0.156,-0.8,1.5,-1.7,-11.2,-35.3,6.7,0.616657002,-0.224524674,-0.60667745,-0.448530534
1323,3311748,515370,0.952,0.26,0.156,-0.8,1.5,-1.7,-11.2,-35.3,6.7,0.616657002,-0.224524674,-0.60667745,-0.448530534
1324,3313933,515370,0.956,0.268,0.156,-0.9,1.6,-1.5,-10.8,-35.5,6.4,0.616657002,-0.224463637,-0.606646931,-0.448622089
1325,3316186,515370,0.956,0.268,0.156,-0.9,1.6,-1.5,-10.8,-35.5,6.4,0.616657002,-0.224463637,-0.606646931,-0.448622089
1326,3318188,515370,0.956,0.268,0.16,-1,1.5,-1.5,-10.8,-35.5,6.4,0.616657002,-0.224433119,-0.606585894,-0.448713645
1327,3320450,515380,0.956,0.268,0.16,-1,1.5,-1.5,-10.8,-35.5,6.4,0.616657002,-0.224433119,-0.606585894,-0.448713645
1328,3323681,515380,0.952,0.268,0.16,-1.1,1.2,-1.3,-10.9,-35,6.5,0.616657002,-0.2244026,-0.606555376,-0.448774682
1329,3325577,515380,0.952,0.268,0.16,-1.1,1.2,-1.3,-10.9,-35,6.5,0.616657002,-0.2244026,-0.606555376,-0.448774682
1330,3328008,515380,0.956,0.268,0.156,-1.1,1,-1.2,-10.9,-35,6.5,0.616657002,-0.224372082,-0.606524857,-0.448866237
1331,3330340,515390,0.956,0.268,0.156,-1.1,1,-1.2,-10.9,-35,6.5,0.616657002,-0.224372082,-0.606524857,-0.448866237
1332,3334977,515390,0.956,0.268,0.156,-1.1,1,-1.2,-10.9,-35,6.5,0.616657002,-0.224372082,-0.606524857,-0.448866237
1333,3337138,515390,0.948,0.272,0.168,-1,0.7,-1,-10.5,-35.3,6.4,0.616657002,-0.224341563,-0.606494339,-0.448927274
1334,3338706,515390,0.952,0.276,0.164,-0.7,0.6,-1.2,-10.5,-35.3,6.4,0.616626484,-0.224311045,-0.606433302,-0.448988311
1335,3341726,515400,0.952,0.276,0.164,-0.7,0.6,-1.2,-10.5,-35.3,6.4,0.616626484,-0.224311045,-0.606433302,-0.448988311
1336,3344137,515400,0.948,0.28,0.164,-0.7,0.5,-1.3,-10.5,-35.3,6.4,0.616626484,-0.224311045,-0.606433302,-0.44901883
1337,3346255,515400,0.948,0.28,0.164,-0.7,0.5,-1.1,-10.5,-35.2,6.7,0.616595965,-0.224219489,-0.606433302,-0.449110385
1338,3349236,515400,0.948,0.28,0.168,-0.7,0.4,-1,-10.5,-35.2,6.7,0.616565447,-0.224219489,-0.606433302,-0.449171422
1339,3351537,515410,0.948,0.28,0.168,-0.7,0.4,-1,-10.5,-35.2,6.7,0.616565447,-0.224219489,-0.606433302,-0.449171422
1340,3353738,515410,0.944,0.284,0.164,-0.5,0.4,-1,-10.8,-34.9,6.7,0.616565447,-0.224188971,-0.606433302,-0.449201941
1341,3356594,515410,0.944,0.284,0.164,-0.5,0.4,-1,-10.8,-34.9,6.7,0.616565447,-0.224188971,-0.606433302,-0.449201941
1342,3358981,515410,0.94,0.284,0.164,-0.4,0.4,-1.1,-10.8,-34.9,6.7,0.616534928,-0.224158452,-0.606402783,-0.449262978
1343,3361136,515420,0.94,0.284,0.164,-0.4,0.4,-1.1,-10.8,-34.9,6.7,0.616534928,-0.224158452,-0.606402783,-0.449262978
1344,3363179,515420,0.944,0.28,0.168,-0.2,0.5,-1.1,-10.9,-35.4,6.5,0.616534928,-0.224127934,-0.606402783,-0.449293497
1345,3365400,515420,0.944,0.28,0.168,-0.2,0.5,-1.1,-10.9,-35.4,6.5,0.616534928,-0.224127934,-0.606402783,-0.449293497
1346,3368594,515420,0.948,0.284,0.16,-0.2,0.7,-1.3,-10.9,-35.4,6.5,0.616534928,-0.224097415,-0.606402783,-0.449354534
1347,3370738,515430,0.948,0.284,0.16,-0.2,0.7,-1.3,-10.9,-35.4,6.5,0.616534928,-0.224097415,-0.606402783,-0.449354534
1348,3374410,515430,0.948,0.28,0.16,-0.1,0.8,-1.6,-10.9,-35.1,6.3,0.61650441,-0.224036378,-0.606372265,-0.449415571
1349,3376622,515430,0.948,0.28,0.16,-0.1,0.8,-1.6,-10.9,-35.1,6.3,0.61650441,-0.224036378,-0.606372265,-0.449415571
1350,3377942,515430,0.944,0.276,0.164,0,1,-1.8,-10.9,-35.1,6.3,0.61650441,-0.223975341,-0.606372265,-0.449476608
1351,3381905,515440,0.944,0.276,0.164,0,1,-1.8,-10.9,-35.1,6.3,0.61650441,-0.223975341,-0.606372265,-0.449476608
1352,3384054,515440,0.948,0.276,0.16,0,1.2,-1.8,-11.1,-35.2,6.2,0.61650441,-0.223914304,-0.606372265,-0.449537645
1353,3385478,515440,0.948,0.276,0.16,0,1.2,-1.8,-11.1,-35.2,6.2,0.61650441,-0.223914304,-0.606372265,-0.449537645
1354,3388474,515440,0.948,0.268,0.16,0.1,1.3,-1.9,-11.1,-35.2,6.2,0.61650441,-0.223822748,-0.606341746,-0.449598682
1355,3391507,515450,0.948,0.268,0.16,0.1,1.3,-1.9,-11.1,-35.2,6.2,0.61650441,-0.223822748,-0.606341746,-0.449598682
1356,3392842,515450,0.948,0.272,0.16,0.1,1.4,-1.9,-11.1,-35.2,6.2,0.61650441,-0.22379223,-0.606341746,-0.4496292
1357,3396028,515450,0.948,0.268,0.16,0.1,1.2,-1.8,-10.9,-35.7,6.2,0.616443373,-0.223761711,-0.606372265,-0.4496292
1358,3399022,515450,0.948,0.272,0.164,0,1,-1.7,-10.9,-35.7,6.2,0.616443373,-0.223700674,-0.606372265,-0.449659719
1359,3400357,515460,0.948,0.272,0.164,0,1,-1.7,-10.9,-35.7,6.2,0.616443373,-0.223700674,-0.606372265,-0.449659719
1360,3403125,515460,0.948,0.268,0.164,-0.2,0.7,-1.4,-10.7,-35.5,6.4,0.616443373,-0.223639637,-0.606372265,-0.449690237
1361,3406228,515460,0.948,0.268,0.164,-0.2,0.7,-1.4,-10.7,-35.5,6.4,0.616443373,-0.223639637,-0.606372265,-0.449690237
1362,3409241,515460,0.952,0.268,0.164,-0.5,0.6,-0.8,-10.7,-35.5,6.4,0.616443373,-0.223609119,-0.606341746,-0.449781793
1363,3410554,515470,0.952,0.268,0.164,-0.5,0.6,-0.8,-10.7,-35.5,6.4,0.616443373,-0.223609119,-0.606341746,-0.449781793
1364,3413831,515470,0.952,0.268,0.164,-0.5,0.4,-0.8,-11,-35.7,6.2,0.616412854,-0.2235786,-0.606341746,-0.449812311
1365,3416900,515470,0.952,0.268,0.164,-0.5,0.4,-0.8,-11,-35.7,6.2,0.616412854,-0.2235786,-0.606341746,-0.449812311
1366,3418163,515470,0.952,0.276,0.172,-0.5,0.2,-0.5,-11,-35.7,6.2,0.616412854,-0.2235786,-0.606311228,-0.44984283
1367,3421334,515480,0.952,0.276,0.172,-0.5,0.2,-0.5,-11,-35.7,6.2,0.616412854,-0.2235786,-0.606311228,-0.44984283
1368,3424150,515480,0.956,0.28,0.168,-0.3,0,0,-10.9,-34.7,6.4,0.616412854,-0.2235786,-0.606311228,-0.449873348
1369,3425493,515480,0.956,0.28,0.168,-0.3,0,0,-10.9,-34.7,6.4,0.616412854,-0.2235786,-0.606311228,-0.449873348
1370,3428820,515480,0.96,0.288,0.168,0,-0.2,0.3,-10.9,-34.7,6.4,0.616412854,-0.223609119,-0.606311228,-0.449873348
1371,3430940,515490,0.96,0.288,0.168,0,-0.2,0.3,-10.9,-34.7,6.4,0.616412854,-0.223609119,-0.606311228,-0.449873348
1372,3434002,515490,0.96,0.284,0.172,0.3,-0.5,0.2,-10.9,-35.4,6.1,0.616382336,-0.223609119,-0.606311228,-0.44984283
1373,3435333,515490,0.96,0.284,0.172,0.3,-0.5,0.2,-10.9,-35.4,6.1,0.616382336,-0.223609119,-0.606311228,-0.44984283
1374,3438682,515490,0.956,0.288,0.168,0.1,-0.5,0.4,-10.9,-35.4,6.1,0.616382336,-0.223639637,-0.606341746,-0.44984283
1375,3440747,515500,0.956,0.288,0.168,0.1,-0.5,0.4,-10.9,-35.4,6.1,0.616382336,-0.223639637,-0.606341746,-0.44984283
1376,3443697,515500,0.952,0.284,0.168,0,-0.5,0.4,-10.9,-35.4,6.1,0.616382336,-0.223639637,-0.606341746,-0.449812311
1377,3446886,515500,0.952,0.284,0.164,0,-0.2,0,-10.8,-35.3,6.4,0.616382336,-0.223548082,-0.606341746,-0.449903867
1378,3448268,515500,0.952,0.28,0.164,0,-0.1,0,-10.8,-35.3,6.4,0.616351817,-0.223548082,-0.606341746,-0.449873348
1379,3451595,515510,0.952,0.28,0.164,0,-0.1,0,-10.8,-35.3,6.4,0.616351817,-0.223548082,-0.606341746,-0.449873348
1380,3453220,515510,0.956,0.28,0.164,0,0.2,-0.1,-10.7,-35.6,6,0.616351817,-0.223548082,-0.606341746,-0.449903867
1381,3455432,515510,0.956,0.28,0.164,0,0.2,-0.1,-10.7,-35.6,6,0.616351817,-0.223548082,-0.606341746,-0.449903867
1382,3459164,515510,0.952,0.272,0.156,-0.1,0.4,-0.1,-10.7,-35.6,6,0.616382336,-0.223548082,-0.606341746,-0.449903867
1383,3461308,515520,0.952,0.272,0.156,-0.1,0.4,-0.1,-10.7,-35.6,6,0.616382336,-0.223548082,-0.606341746,-0.449903867
1384,3464354,515520,0.952,0.264,0.16,-0.4,0.4,-0.3,-10.5,-35.6,6.3,0.616382336,-0.223517563,-0.606311228,-0.449934385
1385,3466481,515520,0.952,0.264,0.16,-0.4,0.4,-0.3,-10.5,-35.6,6.3,0.616382336,-0.223517563,-0.606311228,-0.449934385
1386,3469469,515520,0.948,0.264,0.16,-0.5,0.2,-0.1,-10.5,-35.6,6.3,0.616382336,-0.223548082,-0.606311228,-0.449934385
1387,3471001,515530,0.948,0.264,0.16,-0.5,0.2,-0.1,-10.5,-35.6,6.3,0.616382336,-0.223548082,-0.606311228,-0.449934385
1388,3474177,515530,0.948,0.272,0.156,-0.7,0,0.2,-10.9,-34.4,6.6,0.616382336,-0.223548082,-0.606280709,-0.449964904
1389,3475492,515530,0.948,0.272,0.156,-0.7,0,0.2,-10.9,-34.4,6.6,0.616382336,-0.223548082,-0.606280709,-0.449964904
1390,3478516,515530,0.948,0.268,0.164,-0.7,-0.2,0.3,-10.9,-34.4,6.6,0.616351817,-0.2235786,-0.606280709,-0.449964904
1391,3481586,515540,0.948,0.268,0.164,-0.7,-0.2,0.3,-10.9,-34.4,6.6,0.616351817,-0.2235786,-0.606280709,-0.449964904
1392,3482968,515540,0.948,0.276,0.164,-0.7,-0.2,0.3,-11.1,-35.4,6.1,0.616351817,-0.223609119,-0.606250191,-0.449995422
1393,3486202,515540,0.948,0.276,0.164,-0.7,-0.2,0.3,-11.1,-35.4,6.1,0.616351817,-0.223609119,-0.606250191,-0.449995422
1394,3489338,515540,0.948,0.272,0.164,-0.8,-0.4,0.3,-11.1,-35.4,6.1,0.616351817,-0.223670156,-0.606250191,-0.449995422
1395,3491714,515550,0.948,0.272,0.164,-0.8,-0.4,0.3,-11.1,-35.4,6.1,0.616351817,-0.223670156,-0.606250191,-0.449995422
1396,3493812,515550,0.944,0.276,0.168,-0.7,-0.5,0.4,-11.1,-35.4,6.1,0.616321299,-0.223670156,-0.606250191,-0.449995422
1397,3496174,515550,0.944,0.28,0.168,-0.6,-0.5,0.5,-10.4,-35.3,5.7,0.616321299,-0.223700674,-0.606250191,-0.449995422
1398,3498158,515550,0.944,0.276,0.168,-0.6,-0.5,0.5,-10.4,-35.3,5.7,0.616321299,-0.223731193,-0.606250191,-0.449995422
1399,3500508,515560,0.944,0.276,0.168,-0.6,-0.5,0.5,-10.4,-35.3,5.7,0.616321299,-0.223731193,-0.606250191,-0.449995422
1400,3503017,515560,0.948,0.28,0.168,-0.5,-0.5,0.2,-10.3,-35.2,5.9,0.61629078,-0.223761711,-0.606250191,-0.449995422
1401,3506667,515560,0.948,0.28,0.168,-0.5,-0.5,0.2,-10.3,-35.2,5.9,0.61629078,-0.223761711,-0.606250191,-0.449995422
1402,3508229,515560,0.944,0.28,0.164,-0.2,-0.3,0,-10.3,-35.2,5.9,0.61629078,-0.22379223,-0.606250191,-0.449995422
1403,3510607,515570,0.944,0.28,0.164,-0.2,-0.3,0,-10.3,-35.2,5.9,0.61629078,-0.22379223,-0.606250191,-0.449995422
1404,3514464,515570,0.948,0.28,0.164,0,0,0,-10.9,-35.5,6,0.61629078,-0.22379223,-0.606250191,-0.449995422
1405,3516489,515570,0.948,0.28,0.164,0,0,0,-10.9,-35.5,6,0.61629078,-0.22379223,-0.606250191,-0.449995422
1406,3518245,515570,0.944,0.276,0.16,0,0.3,-0.3,-10.9,-35.5,6,0.61629078,-0.22379223,-0.606250191,-0.450025941
1407,3520693,515580,0.944,0.276,0.16,0,0.3,-0.3,-10.9,-35.5,6,0.61629078,-0.22379223,-0.606250191,-0.450025941
1408,3522929,515580,0.944,0.276,0.16,0,0.4,-0.5,-10.9,-34.3,6.9,0.61629078,-0.223761711,-0.606250191,-0.450025941
1409,3525440,515580,0.944,0.276,0.16,0,0.4,-0.5,-10.9,-34.3,6.9,0.61629078,-0.223761711,-0.606250191,-0.450025941
1410,3529824,515580,0.948,0.272,0.156,-0.1,0.4,-0.6,-10.9,-34.3,6.9,0.61629078,-0.223731193,-0.606250191,-0.450056459
1411,3532035,515590,0.948,0.272,0.156,-0.1,0.4,-0.6,-10.9,-34.3,6.9,0.61629078,-0.223731193,-0.606250191,-0.450056459
1412,3534261,515590,0.944,0.272,0.16,-0.4,0.2,-0.6,-10.8,-35.7,6,0.61629078,-0.223731193,-0.606219672,-0.450086978
1413,3536484,515590,0.944,0.272,0.16,-0.4,0.2,-0.6,-10.8,-35.7,6,0.61629078,-0.223731193,-0.606219672,-0.450086978
1414,3538171,515590,0.948,0.276,0.16,-0.6,0,-0.3,-10.8,-35.7,6,0.616260262,-0.223731193,-0.606219672,-0.450117496
1415,3541851,515600,0.948,0.276,0.16,-0.6,0,-0.3,-10.8,-35.7,6,0.616260262,-0.223731193,-0.606219672,-0.450117496
1416,3544009,515600,0.944,0.272,0.164,-0.7,0,-0.3,-10.8,-35.7,6,0.616260262,-0.223731193,-0.606219672,-0.450117496
1417,3546378,515600,0.948,0.272,0.16,-0.7,0,0,-10.8,-35.4,5.6,0.616199225,-0.223700674,-0.606280709,-0.450148015
1418,3548299,515600,0.948,0.272,0.164,-0.8,-0.1,0.1,-10.8,-35.4,5.6,0.616168706,-0.223731193,-0.606250191,-0.450178533
1419,3551703,515610,0.948,0.272,0.164,-0.8,-0.1,0.1,-10.8,-35.4,5.6,0.616168706,-0.223731193,-0.606250191,-0.450178533
1420,3553840,515610,0.944,0.28,0.156,-0.8,-0.4,0.3,-10.6,-35.4,5.7,0.616168706,-0.223761711,-0.606250191,-0.450178533
1421,3555730,515610,0.944,0.28,0.156,-0.8,-0.4,0.3,-10.6,-35.4,5.7,0.616168706,-0.223761711,-0.606250191,-0.450178533
1422,3558972,515610,0.948,0.284,0.156,-0.7,-0.8,0.3,-10.6,-35.4,5.7,0.616138188,-0.223822748,-0.606250191,-0.450178533
1423,3561256,515620,0.948,0.284,0.156,-0.7,-0.8,0.3,-10.6,-35.4,5.7,0.616138188,-0.223822748,-0.606250191,-0.450178533
1424,3562964,515620,0.952,0.28,0.164,-0.7,-0.5,0.3,-10.8,-35.3,6,0.616138188,-0.223853267,-0.606250191,-0.450178533
1425,3565427,515620,0.952,0.28,0.164,-0.7,-0.5,0.3,-10.8,-35.3,6,0.616138188,-0.223853267,-0.606250191,-0.450178533
1426,3567969,515620,0.952,0.288,0.16,-0.5,-0.2,0,-10.8,-35.3,6,0.616107669,-0.223853267,-0.606250191,-0.450209052
1427,3571736,515630,0.952,0.288,0.16,-0.5,-0.2,0,-10.8,-35.3,6,0.616107669,-0.223853267,-0.606250191,-0.450209052
1428,3574259,515630,0.956,0.284,0.156,-0.5,-0.2,-0.2,-11,-34.3,7.4,0.616107669,-0.223914304,-0.606250191,-0.450209052
1429,3576531,515630,0.956,0.284,0.156,-0.5,-0.2,-0.2,-11,-34.3,7.4,0.616107669,-0.223914304,-0.606250191,-0.450209052
1430,3578648,515630,0.952,0.284,0.156,-0.5,-0.1,-0.3,-11,-34.3,7.4,0.616077151,-0.223914304,-0.606250191,-0.45023957
1431,3580736,515640,0.952,0.284,0.156,-0.5,-0.1,-0.3,-11,-34.3,7.4,0.616077151,-0.223914304,-0.606250191,-0.45023957
1432,3583967,515640,0.956,0.28,0.16,-0.5,0,-0.5,-11,-35.7,5.4,0.616077151,-0.223914304,-0.606219672,-0.450270089
1433,3586165,515640,0.956,0.28,0.16,-0.5,0,-0.5,-11,-35.7,5.4,0.616077151,-0.223914304,-0.606219672,-0.450270089
1434,3588243,515640,0.952,0.276,0.152,-0.4,0,-0.8,-11,-35.7,5.4,0.616046632,-0.223914304,-0.606219672,-0.450300607
1435,3591457,515650,0.952,0.276,0.152,-0.4,0,-0.8,-11,-35.7,5.4,0.616046632,-0.223914304,-0.606219672,-0.450300607
1436,3593693,515650,0.956,0.276,0.156,-0.5,0,-0.9,-11,-35.7,5.4,0.616046632,-0.223914304,-0.606219672,-0.450331126
1437,3596612,515650,0.956,0.268,0.156,-0.6,-0.1,-0.9,-10.8,-36,5.5,0.615955077,-0.223914304,-0.606341746,-0.450300607
1438,3597921,515650,0.952,0.268,0.148,-0.6,-0.1,-1.1,-10.8,-36,5.5,0.615924558,-0.223914304,-0.606341746,-0.450361644
1439,3601002,515660,0.952,0.268,0.148,-0.6,-0.1,-1.1,-10.8,-36,5.5,0.615924558,-0.223914304,-0.606341746,-0.450361644
1440,3603793,515660,0.952,0.272,0.152,-0.7,-0.3,-1.2,-11.2,-35.8,5.8,0.61589404,-0.223853267,-0.606341746,-0.450392163
1441,3605297,515660,0.952,0.272,0.152,-0.7,-0.3,-1.2,-11.2,-35.8,5.8,0.61589404,-0.223853267,-0.606341746,-0.450392163
1442,3608108,515660,0.952,0.264,0.156,-0.6,-0.4,-0.9,-11.2,-35.8,5.8,0.615833003,-0.223914304,-0.606341746,-0.4504532
1443,3611269,515670,0.952,0.264,0.156,-0.6,-0.4,-0.9,-11.2,-35.8,5.8,0.615833003,-0.223914304,-0.606341746,-0.4504532
1444,3612833,515670,0.952,0.268,0.16,-0.7,-0.5,-0.7,-10.6,-35.4,5.8,0.615802484,-0.223914304,-0.606341746,-0.450483718
1445,3616567,515670,0.952,0.268,0.16,-0.7,-0.5,-0.7,-10.6,-35.4,5.8,0.615802484,-0.223914304,-0.606341746,-0.450483718
1446,3618834,515670,0.952,0.272,0.156,-0.9,-0.6,-0.6,-10.6,-35.4,5.8,0.615771966,-0.223914304,-0.606341746,-0.450514237
1447,3621840,515680,0.952,0.272,0.156,-0.9,-0.6,-0.6,-10.6,-35.4,5.8,0.615771966,-0.223914304,-0.606341746,-0.450514237
1448,3623118,515680,0.948,0.268,0.16,-0.8,-0.7,-0.6,-10.8,-34.5,7.3,0.615741447,-0.223944823,-0.606372265,-0.450544755
1449,3626247,515680,0.948,0.268,0.16,-0.8,-0.7,-0.6,-10.8,-34.5,7.3,0.615741447,-0.223944823,-0.606372265,-0.450544755
1450,3627843,515680,0.952,0.272,0.16,-0.5,-0.7,-0.5,-10.8,-34.5,7.3,0.61568041,-0.223975341,-0.606372265,-0.450575274
1451,3630653,515690,0.952,0.272,0.16,-0.5,-0.7,-0.5,-10.8,-34.5,7.3,0.61568041,-0.223975341,-0.606372265,-0.450575274
1452,3633956,515690,0.948,0.264,0.156,-0.1,-0.8,-0.4,-11,-35.6,5.2,0.615649892,-0.223975341,-0.606402783,-0.450575274
1453,3636195,515690,0.948,0.264,0.156,-0.1,-0.8,-0.4,-11,-35.6,5.2,0.615649892,-0.223975341,-0.606402783,-0.450575274
1454,3639172,515690,0.948,0.272,0.152,0,-0.6,-0.8,-11,-35.6,5.2,0.615619373,-0.223975341,-0.606402783,-0.450605792
1455,3641495,515700,0.948,0.272,0.152,0,-0.6,-0.8,-11,-35.6,5.2,0.615619373,-0.223975341,-0.606402783,-0.450605792
1456,3643655,515700,0.956,0.28,0.156,-0.1,-0.3,-1,-11,-35.6,5.2,0.615619373,-0.223975341,-0.606433302,-0.450605792
1457,3645734,515700,0.952,0.276,0.156,0,-0.1,-0.9,-11,-35.7,5.3,0.615527818,-0.22400586,-0.606524857,-0.450575274
1458,3647958,515700,0.956,0.272,0.148,0.1,-0.1,-0.9,-11,-35.7,5.3,0.615497299,-0.223975341,-0.606555376,-0.450605792
1459,3652001,515710,0.956,0.272,0.148,0.1,-0.1,-0.9,-11,-35.7,5.3,0.615497299,-0.223975341,-0.606555376,-0.450605792
1460,3654256,515710,0.956,0.272,0.156,0.1,-0.1,-1.1,-11.2,-35.6,5.9,0.615497299,-0.223944823,-0.606555376,-0.450605792
1461,3656380,515710,0.956,0.272,0.156,0.1,-0.1,-1.1,-11.2,-35.6,5.9,0.615497299,-0.223944823,-0.606555376,-0.450605792
1462,3657942,515710,0.956,0.272,0.148,0,-0.3,-1,-11.2,-35.6,5.9,0.615466781,-0.223914304,-0.606585894,-0.450636311
1463,3661630,515720,0.956,0.272,0.148,0,-0.3,-1,-11.2,-35.6,5.9,0.615466781,-0.223914304,-0.606585894,-0.450636311
1464,3663945,515720,0.956,0.272,0.152,0.1,-0.4,-0.7,-10.9,-36.1,5,0.615436262,-0.223853267,-0.606616413,-0.450666829
1465,3666257,515720,0.956,0.272,0.152,0.1,-0.4,-0.7,-10.9,-36.1,5,0.615436262,-0.223853267,-0.606616413,-0.450666829
1466,3668214,515720,0.952,0.272,0.152,0.1,-0.5,-0.3,-10.9,-36.1,5,0.615405744,-0.223853267,-0.606616413,-0.450666829
1467,3670543,515730,0.952,0.272,0.152,0.1,-0.5,-0.3,-10.9,-36.1,5,0.615405744,-0.223853267,-0.606616413,-0.450666829
1468,3672820,515730,0.956,0.28,0.152,0.1,-0.8,-0.2,-10.9,-34.8,7.6,0.615375225,-0.223853267,-0.606646931,-0.450666829
1469,3675742,515730,0.956,0.28,0.152,0.1,-0.8,-0.2,-10.9,-34.8,7.6,0.615375225,-0.223853267,-0.606646931,-0.450666829
1470,3678245,515730,0.96,0.28,0.16,0.3,-1.1,0,-10.9,-34.8,7.6,0.615344707,-0.223914304,-0.60667745,-0.450636311
1471,3682218,515740,0.96,0.28,0.16,0.3,-1.1,0,-10.9,-34.8,7.6,0.615344707,-0.223914304,-0.60667745,-0.450636311
1472,3684240,515740,0.96,0.284,0.156,0.6,-1.2,0,-10.9,-34.8,7.6,0.615344707,-0.223914304,-0.606738487,-0.450605792
1473,3686452,515740,0.96,0.284,0.156,0.6,-1.2,0,-10.9,-34.8,7.6,0.615344707,-0.223914304,-0.606738487,-0.450605792
1474,3688774,515740,0.96,0.288,0.16,0.8,-1.2,0,-10.9,-34.8,7.6,0.615314188,-0.223914304,-0.606769005,-0.450575274
1475,3690722,515750,0.96,0.288,0.16,0.8,-1.2,0,-10.9,-34.8,7.6,0.615314188,-0.223914304,-0.606769005,-0.450575274
1476,3693086,515750,0.956,0.288,0.164,0.9,-1.1,0,-10.9,-34.8,7.6,0.61528367,-0.223914304,-0.606799524,-0.450544755
1477,3696617,515750,0.956,0.28,0.168,0.9,-1,0.1,-10.9,-34.8,7.6,0.615222633,-0.223853267,-0.606891079,-0.450575274
1478,3698001,515750,0.952,0.288,0.164,0.8,-1,0,-10.9,-34.8,7.6,0.615222633,-0.223853267,-0.606921598,-0.450544755
1479,3701283,515760,0.952,0.288,0.164,0.8,-1,0,-10.9,-34.8,7.6,0.615222633,-0.223853267,-0.606921598,-0.450544755
1480,3703548,515760,0.952,0.28,0.16,0.8,-0.8,0,-10.9,-34.8,7.6,0.615192114,-0.223853267,-0.606982635,-0.450483718
1481,3705540,515760,0.952,0.28,0.16,0.8,-0.8,0,-10.9,-34.8,7.6,0.615192114,-0.223853267,-0.606982635,-0.450483718
1482,3708643,515760,0.948,0.276,0.16,0.8,-0.5,0,-10.9,-34.8,7.6,0.615192114,-0.223853267,-0.607013153,-0.450483718
1483,3711707,515770,0.948,0.276,0.16,0.8,-0.5,0,-10.9,-34.8,7.6,0.615192114,-0.223853267,-0.607013153,-0.450483718
1484,3713910,515770,0.952,0.276,0.156,0.7,-0.5,-0.2,-10.9,-34.8,7.6,0.615192114,-0.223822748,-0.607043672,-0.4504532
1485,3716166,515770,0.952,0.276,0.156,0.7,-0.5,-0.2,-10.9,-34.8,7.6,0.615192114,-0.223822748,-0.607043672,-0.4504532
1486,3718200,515770,0.952,0.272,0.152,0.6,-0.5,-0.1,-10.9,-34.8,7.6,0.615161596,-0.223822748,-0.60707419,-0.450422681
1487,3721346,515780,0.952,0.272,0.152,0.6,-0.5,-0.1,-10.9,-34.8,7.6,0.615161596,-0.223822748,-0.60707419,-0.450422681
1488,3722829,515780,0.948,0.272,0.152,0.6,-0.5,0,-10.9,-35.1,7.5,0.615161596,-0.223822748,-0.607104709,-0.450422681
1489,3725822,515780,0.948,0.272,0.152,0.6,-0.5,0,-10.9,-35.1,7.5,0.615161596,-0.223822748,-0.607104709,-0.450422681
1490,3728215,515780,0.948,0.268,0.156,0.5,-0.5,0,-10.9,-35.1,7.5,0.615131077,-0.22379223,-0.607135228,-0.450392163
1491,3730598,515790,0.948,0.268,0.156,0.5,-0.5,0,-10.9,-35.1,7.5,0.615131077,-0.22379223,-0.607135228,-0.450392163
1492,3732955,515790,0.952,0.268,0.152,0.6,-0.5,0.1,-10.9,-35.1,7.5,0.615131077,-0.22379223,-0.607135228,-0.450361644
1493,3736860,515790,0.952,0.268,0.152,0.6,-0.5,0.1,-10.9,-35.1,7.5,0.615131077,-0.22379223,-0.607135228,-0.450361644
1494,3739093,515790,0.948,0.272,0.156,0.6,-0.2,0.1,-10.9,-35.1,7.5,0.615131077,-0.22379223,-0.607165746,-0.450331126
1495,3741277,515800,0.948,0.272,0.156,0.6,-0.2,0.1,-10.9,-35.1,7.5,0.615131077,-0.22379223,-0.607165746,-0.450331126
1496,3743030,515800,0.952,0.276,0.156,0.4,-0.3,0,-10.9,-35.1,7.5,0.615131077,-0.22379223,-0.607165746,-0.450331126
1497,3745459,515800,0.956,0.276,0.152,0.5,-0.3,0,-10.9,-35.1,7.5,0.615100558,-0.223822748,-0.607226783,-0.450270089
1498,3749401,515800,0.952,0.28,0.16,0.7,-0.2,0.1,-10.9,-35.1,7.5,0.615100558,-0.223822748,-0.607257302,-0.450270089
1499,3751704,515810,0.952,0.28,0.16,0.7,-0.2,0.1,-10.9,-35.1,7.5,0.615100558,-0.223822748,-0.607257302,-0.450270089
1500,3754002,515810,0.952,0.276,0.156,0.6,-0.1,0.1,-10.9,-35.1,7.5,0.615100558,-0.22379223,-0.60728782,-0.45023957
1501,3755761,515810,0.952,0.276,0.156,0.6,-0.1,0.1,-10.9,-35.1,7.5,0.615100558,-0.22379223,-0.60728782,-0.45023957
1502,3758166,515810,0.956,0.276,0.152,0.7,0,0.1,-10.9,-35.1,7.5,0.615131077,-0.22379223,-0.60728782,-0.450209052
1503,3760468,515820,0.956,0.276,0.152,0.7,0,0.1,-10.9,-35.1,7.5,0.615131077,-0.22379223,-0.60728782,-0.450209052
1504,3762985,515820,0.952,0.272,0.156,0.8,0,0,-10.9,-35.1,7.5,0.615131077,-0.223761711,-0.607318339,-0.450178533
1505,3767302,515820,0.952,0.272,0.156,0.8,0,0,-10.9,-35.1,7.5,0.615131077,-0.223761711,-0.607318339,-0.450178533
1506,3769466,515820,0.952,0.276,0.156,0.9,0.2,-0.2,-10.9,-35.1,7.5,0.615131077,-0.223731193,-0.607318339,-0.450178533
1507,3771282,515830,0.952,0.276,0.156,0.9,0.2,-0.2,-10.9,-35.1,7.5,0.615131077,-0.223731193,-0.607318339,-0.450178533
1508,3773612,515830,0.956,0.272,0.152,1,0.3,-0.2,-10.7,-35.1,6.9,0.615161596,-0.223700674,-0.607348857,-0.450148015
1509,3775551,515830,0.956,0.272,0.152,1,0.3,-0.2,-10.7,-35.1,6.9,0.615161596,-0.223700674,-0.607348857,-0.450148015
1510,3777901,515830,0.96,0.272,0.148,1.1,0.4,-0.1,-10.7,-35.1,6.9,0.615161596,-0.223639637,-0.607348857,-0.450148015
1511,3780440,515840,0.96,0.272,0.148,1.1,0.4,-0.1,-10.7,-35.1,6.9,0.615161596,-0.223639637,-0.607348857,-0.450148015
1512,3784710,515840,0.956,0.272,0.152,1,0.3,-0.3,-10.7,-35.1,6.9,0.615192114,-0.223609119,-0.607348857,-0.450117496
1513,3786882,515840,0.956,0.272,0.152,1,0.3,-0.3,-10.7,-35.1,6.9,0.615192114,-0.223609119,-0.607348857,-0.450117496
1514,3788324,515840,0.956,0.268,0.156,0.9,0.5,-0.3,-10.7,-35.1,6.9,0.615192114,-0.2235786,-0.607379376,-0.450117496
1515,3790551,515850,0.956,0.268,0.156,0.9,0.5,-0.3,-10.7,-35.1,6.9,0.615192114,-0.2235786,-0.607379376,-0.450117496
1516,3794114,515850,0.96,0.272,0.152,1,0.5,-0.2,-10.7,-35.1,6.9,0.615222633,-0.223548082,-0.607379376,-0.450086978
1517,3795826,515850,0.96,0.272,0.152,1.1,0.5,-0.2,-10.7,-35.1,6.9,0.615192114,-0.2235786,-0.607440413,-0.450025941
1518,3799241,515850,0.96,0.268,0.156,1.2,0.4,-0.2,-10.7,-35.1,6.9,0.615192114,-0.223548082,-0.607440413,-0.449995422
1519,3800775,515860,0.96,0.268,0.156,1.2,0.4,-0.2,-10.7,-35.1,6.9,0.615192114,-0.223548082,-0.607440413,-0.449995422
1520,3803102,515860,0.964,0.272,0.156,1.3,0.3,-0.1,-10.7,-35.1,6.9,0.615222633,-0.223487045,-0.607470931,-0.449964904
1521,3805329,515860,0.964,0.272,0.156,1.3,0.3,-0.1,-10.7,-35.1,6.9,0.615222633,-0.223487045,-0.607470931,-0.449964904
1522,3807860,515860,0.96,0.276,0.16,1.4,0,0.2,-10.7,-35.1,6.9,0.615253151,-0.223456526,-0.60750145,-0.449934385
1523,3812266,515870,0.96,0.276,0.16,1.4,0,0.2,-10.7,-35.1,6.9,0.615253151,-0.223456526,-0.60750145,-0.449934385
1524,3814544,515870,0.96,0.276,0.164,1.7,0,0.3,-10.7,-35.1,6.9,0.61528367,-0.223426008,-0.607531968,-0.449873348
1525,3816829,515870,0.96,0.276,0.164,1.7,0,0.3,-10.7,-35.1,6.9,0.61528367,-0.223426008,-0.607531968,-0.449873348
1526,3818971,515870,0.964,0.28,0.16,1.8,0,0.5,-10.7,-35.1,6.9,0.61528367,-0.223364971,-0.607562487,-0.449812311
1527,3821562,515880,0.964,0.28,0.16,1.8,0,0.5,-10.7,-35.1,6.9,0.61528367,-0.223364971,-0.607562487,-0.449812311
1528,3823627,515880,0.956,0.276,0.164,1.9,-0.1,0.6,-10.8,-35.3,7.1,0.615314188,-0.223334452,-0.607593005,-0.449751274
1529,3826712,515880,0.956,0.276,0.164,1.9,-0.1,0.6,-10.8,-35.3,7.1,0.615314188,-0.223334452,-0.607593005,-0.449751274
1530,3828344,515880,0.952,0.276,0.16,2,-0.1,0.7,-10.8,-35.3,7.1,0.615344707,-0.223303934,-0.607623524,-0.449659719
1531,3830689,515890,0.952,0.276,0.16,2,-0.1,0.7,-10.8,-35.3,7.1,0.615344707,-0.223303934,-0.607623524,-0.449659719
1532,3832944,515890,0.952,0.28,0.156,2.2,0,0.7,-10.8,-35.3,7.1,0.615375225,-0.223273415,-0.607654042,-0.449598682
1533,3835418,515890,0.952,0.28,0.156,2.2,0,0.7,-10.8,-35.3,7.1,0.615375225,-0.223273415,-0.607654042,-0.449598682
1534,3839970,515890,0.956,0.28,0.16,2.5,0.1,0.6,-10.8,-35.3,7.1,0.615436262,-0.223212378,-0.607715079,-0.449507126
1535,3842197,515900,0.956,0.28,0.16,2.5,0.1,0.6,-10.8,-35.3,7.1,0.615436262,-0.223212378,-0.607715079,-0.449507126
1536,3844349,515900,0.952,0.276,0.152,2.6,0.2,0.4,-10.8,-35.3,7.1,0.615436262,-0.22318186,-0.607715079,-0.449476608
1537,3846781,515900,0.952,0.28,0.164,2.6,0.2,0.3,-10.8,-35.3,7.1,0.615405744,-0.223120823,-0.607806635,-0.449446089
1538,3848596,515900,0.956,0.28,0.152,2.7,0.3,0.1,-10.8,-35.3,7.1,0.615436262,-0.223059786,-0.607867672,-0.449354534
1539,3851157,515910,0.956,0.28,0.152,2.7,0.3,0.1,-10.8,-35.3,7.1,0.615436262,-0.223059786,-0.607867672,-0.449354534
1540,3853020,515910,0.948,0.28,0.16,2.8,0.1,0.1,-10.8,-35.3,7.1,0.615466781,-0.222998749,-0.60789819,-0.449293497
1541,3855325,515910,0.948,0.28,0.16,2.8,0.1,0.1,-10.8,-35.3,7.1,0.615466781,-0.222998749,-0.60789819,-0.449293497
1542,3858568,515910,0.948,0.28,0.156,2.7,0.1,0.2,-10.8,-35.3,7.1,0.615497299,-0.222876675,-0.607959227,-0.449201941
1543,3860480,515920,0.948,0.28,0.156,2.7,0.1,0.2,-10.8,-35.3,7.1,0.615497299,-0.222876675,-0.607959227,-0.449201941
1544,3864723,515920,0.952,0.28,0.156,2.5,0.2,0.1,-10.8,-35.3,7.1,0.615558336,-0.222846156,-0.607989746,-0.449140904
1545,3866605,515920,0.952,0.28,0.156,2.5,0.2,0.1,-10.8,-35.3,7.1,0.615558336,-0.222846156,-0.607989746,-0.449140904
1546,3868282,515920,0.952,0.284,0.156,2.4,0.2,0.2,-10.8,-35.3,7.1,0.615588855,-0.222785119,-0.608050783,-0.449079867
1547,3870601,515930,0.952,0.284,0.156,2.4,0.2,0.2,-10.8,-35.3,7.1,0.615588855,-0.222785119,-0.608050783,-0.449079867
1548,3872879,515930,0.952,0.276,0.16,2.4,0.4,0,-10.8,-35,6.6,0.615619373,-0.222693564,-0.608081301,-0.448988311
1549,3876619,515930,0.952,0.276,0.16,2.4,0.4,0,-10.8,-35,6.6,0.615619373,-0.222693564,-0.608081301,-0.448988311
1550,3878994,515930,0.952,0.276,0.16,2.2,0.5,-0.2,-10.8,-35,6.6,0.615649892,-0.222632527,-0.60811182,-0.448957793
1551,3881267,515940,0.952,0.276,0.16,2.2,0.5,-0.2,-10.8,-35,6.6,0.615649892,-0.222632527,-0.60811182,-0.448957793
1552,3883226,515940,0.956,0.272,0.156,1.9,0.7,-0.3,-10.8,-35,6.6,0.61568041,-0.222540971,-0.608142338,-0.448927274
1553,3886181,515940,0.956,0.272,0.156,1.9,0.7,-0.3,-10.8,-35,6.6,0.61568041,-0.222540971,-0.608142338,-0.448927274
1554,3889497,515940,0.956,0.272,0.148,1.8,0.9,-0.5,-10.8,-35,6.6,0.615710929,-0.222479934,-0.608142338,-0.448896756
1555,3891937,515950,0.956,0.272,0.148,1.8,0.9,-0.5,-10.8,-35,6.6,0.615710929,-0.222479934,-0.608142338,-0.448896756
1556,3893678,515950,0.96,0.276,0.156,1.8,0.9,-0.5,-10.8,-35,6.6,0.615741447,-0.222418897,-0.608172857,-0.448866237
1557,3895916,515950,0.956,0.272,0.152,1.8,0.9,-0.6,-10.8,-35,6.6,0.61568041,-0.222449416,-0.608233894,-0.4488052
1558,3899274,515950,0.956,0.272,0.152,1.7,0.7,-0.6,-10.8,-35,6.6,0.615710929,-0.22235786,-0.608264412,-0.448774682
1559,3901396,515960,0.956,0.272,0.152,1.7,0.7,-0.6,-10.8,-35,6.6,0.615710929,-0.22235786,-0.608264412,-0.448774682
1560,3902826,515960,0.96,0.268,0.156,1.8,0.7,-0.4,-10.8,-35,6.6,0.615741447,-0.222296823,-0.608294931,-0.448744163
1561,3906620,515960,0.96,0.268,0.156,1.8,0.7,-0.4,-10.8,-35,6.6,0.615741447,-0.222296823,-0.608294931,-0.448744163
1562,3907943,515960,0.96,0.272,0.156,1.8,0.5,-0.3,-10.8,-35,6.6,0.615771966,-0.222205267,-0.608294931,-0.448713645
1563,3912144,515970,0.96,0.272,0.156,1.8,0.5,-0.3,-10.8,-35,6.6,0.615771966,-0.222205267,-0.608294931,-0.448713645
1564,3914350,515970,0.952,0.272,0.152,2,0.4,-0.5,-10.8,-35,6.6,0.615802484,-0.22214423,-0.608355968,-0.448683126
1565,3916496,515970,0.952,0.272,0.152,2,0.4,-0.5,-10.8,-35,6.6,0.615802484,-0.22214423,-0.608355968,-0.448683126
1566,3918703,515970,0.956,0.28,0.144,2,0.4,-0.5,-10.8,-35,6.6,0.615833003,-0.222052675,-0.608386486,-0.448652608
1567,3920725,515980,0.956,0.28,0.144,2,0.4,-0.5,-10.8,-35,6.6,0.615833003,-0.222052675,-0.608386486,-0.448652608
1568,3923060,515980,0.96,0.276,0.152,1.8,0.4,-0.4,-10.8,-35.1,6.4,0.615833003,-0.221991638,-0.608417005,-0.448622089
1569,3925357,515980,0.96,0.276,0.152,1.8,0.4,-0.4,-10.8,-35.1,6.4,0.615833003,-0.221991638,-0.608417005,-0.448622089
1570,3927834,515980,0.96,0.28,0.152,1.7,0.3,-0.3,-10.8,-35.1,6.4,0.615863521,-0.221900082,-0.608447523,-0.448591571
1571,3932194,515990,0.96,0.28,0.152,1.7,0.3,-0.3,-10.8,-35.1,6.4,0.615863521,-0.221900082,-0.608447523,-0.448591571
1572,3934458,515990,0.956,0.276,0.148,1.8,0.1,-0.2,-10.8,-35.1,6.4,0.615863521,-0.221869564,-0.608478042,-0.448530534
1573,3936589,515990,0.956,0.276,0.148,1.8,0.1,-0.2,-10.8,-35.1,6.4,0.615863521,-0.221869564,-0.608478042,-0.448530534
1574,3938873,515990,0.956,0.272,0.148,2,0.2,-0.2,-10.8,-35.1,6.4,0.61589404,-0.221808527,-0.60850856,-0.448500015
1575,3941123,516000,0.956,0.272,0.148,2,0.2,-0.2,-10.8,-35.1,6.4,0.61589404,-0.221808527,-0.60850856,-0.448500015
1576,3943161,516000,0.956,0.276,0.152,2.1,0.4,-0.1,-10.8,-35.1,6.4,0.615924558,-0.22174749,-0.60850856,-0.448469497
1577,3946154,516000,0.952,0.272,0.152,2.3,0.5,-0.2,-10.8,-35.1,6.4,0.615833003,-0.221778008,-0.608661153,-0.448377941
1578,3949156,516000,0.956,0.272,0.148,2.4,0.3,-0.3,-10.8,-35.1,6.4,0.615863521,-0.221686453,-0.608691671,-0.448316904
1579,3950928,516010,0.956,0.272,0.148,2.4,0.3,-0.3,-10.8,-35.1,6.4,0.615863521,-0.221686453,-0.608691671,-0.448316904
1580,3952875,516010,0.948,0.276,0.152,2.6,0.2,-0.3,-10.8,-35.1,6.4,0.61589404,-0.221594897,-0.608752709,-0.448255867
1581,3956087,516010,0.948,0.276,0.152,2.6,0.2,-0.3,-10.8,-35.1,6.4,0.61589404,-0.221594897,-0.608752709,-0.448255867
1582,3958101,516010,0.948,0.28,0.156,2.7,0.3,-0.4,-10.8,-35.1,6.4,0.615924558,-0.221503342,-0.608783227,-0.44819483
1583,3961289,516020,0.948,0.28,0.156,2.7,0.3,-0.4,-10.8,-35.1,6.4,0.615924558,-0.221503342,-0.608783227,-0.44819483
1584,3964144,516020,0.952,0.276,0.152,2.8,0.4,-0.4,-10.8,-35.1,6.4,0.615955077,-0.221411786,-0.608844264,-0.448133793
1585,3965591,516020,0.952,0.276,0.152,2.8,0.4,-0.4,-10.8,-35.1,6.4,0.615955077,-0.221411786,-0.608844264,-0.448133793
1586,3968703,516020,0.948,0.276,0.152,2.9,0.7,-0.4,-10.8,-35.1,6.4,0.615985595,-0.221320231,-0.608874783,-0.448072756
1587,3970990,516030,0.948,0.276,0.152,2.9,0.7,-0.4,-10.8,-35.1,6.4,0.615985595,-0.221320231,-0.608874783,-0.448072756
1588,3973045,516030,0.948,0.276,0.152,2.9,0.7,-0.4,-10.8,-35.1,6.4,0.615985595,-0.221320231,-0.608874783,-0.448072756
1589,3976049,516030,0.952,0.276,0.152,2.9,0.9,-0.5,-10.9,-35.4,6.6,0.616016114,-0.221198157,-0.60893582,-0.448042238
1590,3978818,516030,0.952,0.276,0.152,3.1,1,-0.6,-10.9,-35.4,6.6,0.616077151,-0.221106601,-0.608966338,-0.447981201
1591,3980264,516040,0.952,0.276,0.152,3.1,1,-0.6,-10.9,-35.4,6.6,0.616077151,-0.221106601,-0.608966338,-0.447981201
1592,3983482,516040,0.956,0.276,0.152,3.1,1,-0.5,-10.9,-35.4,6.6,0.616107669,-0.220984527,-0.608996857,-0.447920164
1593,3985587,516040,0.956,0.276,0.152,3.1,1,-0.5,-10.9,-35.4,6.6,0.616107669,-0.220984527,-0.608996857,-0.447920164
1594,3987767,516040,0.952,0.28,0.152,3.1,1.2,-0.6,-10.9,-35.4,6.6,0.616168706,-0.220862453,-0.609027375,-0.447859127
1595,3990933,516050,0.952,0.28,0.152,3.1,1.2,-0.6,-10.9,-35.4,6.6,0.616168706,-0.220862453,-0.609027375,-0.447859127
1596,3994003,516050,0.956,0.276,0.156,3,1.2,-0.7,-10.9,-35.4,6.6,0.616199225,-0.220770898,-0.609057894,-0.447828608
1597,3996220,516050,0.956,0.272,0.152,3,1.3,-0.7,-10.9,-35.4,6.6,0.616168706,-0.220770898,-0.609149449,-0.447737053
1598,3998213,516050,0.956,0.276,0.156,3,1.5,-0.8,-10.9,-35.4,6.6,0.616199225,-0.220618305,-0.609179968,-0.447737053
1599,4001109,516060,0.956,0.276,0.156,3,1.5,-0.8,-10.9,-35.4,6.6,0.616199225,-0.220618305,-0.609179968,-0.447737053
1600,4004030,516060,0.956,0.276,0.152,2.9,1.4,-0.6,-10.9,-35.4,6.6,0.616260262,-0.220496231,-0.609210486,-0.447676016
1601,4005400,516060,0.956,0.276,0.152,2.9,1.4,-0.6,-10.9,-35.4,6.6,0.616260262,-0.220496231,-0.609210486,-0.447676016
1602,4008660,516060,0.96,0.276,0.152,2.6,1.3,-0.3,-10.9,-35.4,6.6,0.616321299,-0.220374157,-0.609210486,-0.447645497
1603,4011403,516070,0.96,0.276,0.152,2.6,1.3,-0.3,-10.9,-35.4,6.6,0.616321299,-0.220374157,-0.609210486,-0.447645497
1604,4014348,516070,0.956,0.272,0.152,2.3,1.3,-0.6,-10.9,-35.4,6.6,0.616382336,-0.220282601,-0.609241005,-0.44758446
1605,4015911,516070,0.956,0.272,0.152,2.3,1.3,-0.6,-10.9,-35.4,6.6,0.616382336,-0.220282601,-0.609241005,-0.44758446
1606,4018947,516070,0.956,0.272,0.148,2.4,1.5,-0.9,-10.9,-35.4,6.6,0.616412854,-0.220160527,-0.609241005,-0.447553941
1607,4020440,516080,0.956,0.272,0.148,2.4,1.5,-0.9,-10.9,-35.4,6.6,0.616412854,-0.220160527,-0.609241005,-0.447553941
1608,4023407,516080,0.956,0.28,0.148,2.2,1.4,-0.9,-11,-35.3,6.6,0.616443373,-0.220038453,-0.609271523,-0.447553941
1609,4026418,516080,0.956,0.28,0.148,2.2,1.4,-0.9,-11,-35.3,6.6,0.616443373,-0.220038453,-0.609271523,-0.447553941
1610,4027919,516080,0.956,0.276,0.156,2,1.2,-1,-11,-35.3,6.6,0.61650441,-0.219946898,-0.609271523,-0.447523423
1611,4030834,516090,0.956,0.276,0.156,2,1.2,-1,-11,-35.3,6.6,0.61650441,-0.219946898,-0.609271523,-0.447523423
1612,4033761,516090,0.956,0.28,0.148,2,1.3,-0.9,-11,-35.3,6.6,0.616534928,-0.219824824,-0.609302042,-0.447523423
1613,4035340,516090,0.956,0.28,0.148,2,1.3,-0.9,-11,-35.3,6.6,0.616534928,-0.219824824,-0.609302042,-0.447523423
1614,4038185,516090,0.956,0.28,0.148,2,1.2,-1,-11,-35.3,6.6,0.616565447,-0.219733268,-0.609302042,-0.447492904
1615,4040659,516100,0.956,0.28,0.148,2,1.2,-1,-11,-35.3,6.6,0.616565447,-0.219733268,-0.609302042,-0.447492904
1616,4042923,516100,0.956,0.28,0.152,1.9,1.2,-1,-11,-35.3,6.6,0.616565447,-0.219672231,-0.60933256,-0.447492904
1617,4045923,516100,0.952,0.276,0.152,2,1.1,-0.9,-11,-35.3,6.6,0.616473891,-0.219641713,-0.609454634,-0.447431867
1618,4048887,516100,0.956,0.276,0.152,2.1,1.2,-1,-11,-35.3,6.6,0.61650441,-0.219550157,-0.609485153,-0.447401349
1619,4050423,516110,0.956,0.276,0.152,2.1,1.2,-1,-11,-35.3,6.6,0.61650441,-0.219550157,-0.609485153,-0.447401349
1620,4054250,516110,0.96,0.28,0.152,2.3,1.4,-1.1,-11,-35.3,6.6,0.616565447,-0.219428083,-0.609515671,-0.447401349
1621,4056373,516110,0.96,0.28,0.152,2.3,1.4,-1.1,-11,-35.3,6.6,0.616565447,-0.219428083,-0.609515671,-0.447401349
1622,4057882,516110,0.956,0.28,0.152,2.5,1.6,-1.1,-11,-35.3,6.6,0.616595965,-0.219306009,-0.609515671,-0.44737083
1623,4061606,516120,0.956,0.28,0.152,2.5,1.6,-1.1,-11,-35.3,6.6,0.616595965,-0.219306009,-0.609515671,-0.44737083
1624,4062949,516120,0.956,0.276,0.148,2.4,1.7,-1.2,-11,-35.3,6.6,0.616657002,-0.219153417,-0.60954619,-0.44737083
1625,4066274,516120,0.956,0.276,0.148,2.4,1.7,-1.2,-11,-35.3,6.6,0.616657002,-0.219153417,-0.60954619,-0.44737083
1626,4069170,516120,0.956,0.276,0.152,2.3,1.7,-1.1,-11,-35.3,6.6,0.616687521,-0.219031343,-0.60954619,-0.447340312
1627,4070452,516130,0.956,0.276,0.152,2.3,1.7,-1.1,-11,-35.3,6.6,0.616687521,-0.219031343,-0.60954619,-0.447340312
1628,4074496,516130,0.956,0.272,0.152,2.2,1.7,-1.4,-10.8,-35.7,7,0.616718039,-0.218909268,-0.60954619,-0.447340312
1629,4076439,516130,0.956,0.272,0.152,2.2,1.7,-1.4,-10.8,-35.7,7,0.616718039,-0.218909268,-0.60954619,-0.447340312
1630,4077963,516130,0.952,0.276,0.152,2.3,1.7,-1.6,-10.8,-35.7,7,0.616748558,-0.218756676,-0.609576708,-0.447340312
1631,4082193,516140,0.952,0.276,0.152,2.3,1.7,-1.6,-10.8,-35.7,7,0.616748558,-0.218756676,-0.609576708,-0.447340312
1632,4084490,516140,0.952,0.272,0.148,2.4,1.7,-1.5,-10.8,-35.4,7.6,0.616809595,-0.218604083,-0.609576708,-0.447340312
1633,4086736,516140,0.952,0.272,0.148,2.4,1.7,-1.5,-10.8,-35.4,7.6,0.616809595,-0.218604083,-0.609576708,-0.447340312
1634,4088671,516140,0.952,0.272,0.152,2.3,1.9,-1.7,-10.8,-35.4,7.6,0.616840114,-0.218482009,-0.609607227,-0.447340312
1635,4090398,516150,0.952,0.272,0.152,2.3,1.9,-1.7,-10.8,-35.4,7.6,0.616840114,-0.218482009,-0.609607227,-0.447340312
1636,4092976,516150,0.952,0.272,0.152,2.4,1.9,-1.7,-10.8,-35.4,7.6,0.616870632,-0.218390454,-0.609607227,-0.447340312
1637,4096758,516150,0.952,0.268,0.152,2.5,1.7,-1.5,-10.6,-35.3,7.2,0.616840114,-0.218420972,-0.609668264,-0.447248756
1638,4099161,516150,0.948,0.276,0.152,2.5,1.5,-1.4,-10.6,-35.3,7.2,0.616901151,-0.21826838,-0.609698782,-0.447218238
1639,4101546,516160,0.948,0.276,0.152,2.5,1.5,-1.4,-10.6,-35.3,7.2,0.616901151,-0.21826838,-0.609698782,-0.447218238
1640,4103684,516160,0.952,0.272,0.152,2.6,1.4,-1.4,-10.7,-35.5,7.4,0.616931669,-0.218146306,-0.609729301,-0.447218238
1641,4106696,516160,0.952,0.272,0.152,2.6,1.4,-1.4,-10.7,-35.5,7.4,0.616931669,-0.218146306,-0.609729301,-0.447218238
1642,4109340,516160,0.948,0.272,0.152,2.8,1.4,-1.3,-10.7,-35.5,7.4,0.616962188,-0.217993713,-0.609759819,-0.447187719
1643,4111198,516170,0.948,0.272,0.152,2.8,1.4,-1.3,-10.7,-35.5,7.4,0.616962188,-0.217993713,-0.609759819,-0.447187719
1644,4112919,516170,0.948,0.272,0.152,3.1,1.6,-1.3,-10.7,-35.5,7.4,0.617023225,-0.217841121,-0.609790338,-0.447157201
1645,4115579,516170,0.948,0.272,0.152,3.1,1.6,-1.3,-10.7,-35.5,7.4,0.617023225,-0.217841121,-0.609790338,-0.447157201
1646,4118834,516170,0.948,0.28,0.156,3.2,1.6,-1.4,-10.7,-35.5,7.4,0.617053743,-0.217688528,-0.609820856,-0.447126682
1647,4120337,516180,0.948,0.28,0.156,3.2,1.6,-1.4,-10.7,-35.5,7.4,0.617053743,-0.217688528,-0.609820856,-0.447126682
1648,4122771,516180,0.948,0.28,0.156,3.4,1.4,-1.5,-11,-35.5,7.6,0.61711478,-0.217535936,-0.609851375,-0.447096164
1649,4127175,516180,0.948,0.28,0.156,3.4,1.4,-1.5,-11,-35.5,7.6,0.61711478,-0.217535936,-0.609851375,-0.447096164
1650,4129463,516180,0.948,0.28,0.152,3.6,1.4,-1.4,-11,-35.5,7.6,0.617145299,-0.217383343,-0.609912412,-0.447035127
1651,4131526,516190,0.948,0.28,0.152,3.6,1.4,-1.4,-11,-35.5,7.6,0.617145299,-0.217383343,-0.609912412,-0.447035127
1652,4134044,516190,0.952,0.28,0.152,3.8,1.4,-1.3,-11,-35.3,7.3,0.617206336,-0.217200232,-0.60994293,-0.44697409
1653,4135602,516190,0.952,0.28,0.152,3.8,1.4,-1.3,-11,-35.3,7.3,0.617206336,-0.217200232,-0.60994293,-0.44697409
1654,4137988,516190,0.952,0.284,0.152,3.8,1.3,-1.5,-11,-35.3,7.3,0.617236854,-0.217017121,-0.610003967,-0.446943571
1655,4141479,516200,0.952,0.284,0.152,3.8,1.3,-1.5,-11,-35.3,7.3,0.617236854,-0.217017121,-0.610003967,-0.446943571
1656,4142960,516200,0.952,0.28,0.156,3.9,1.2,-1.5,-11,-35.3,7.3,0.617267373,-0.216956084,-0.610034486,-0.446913053
1657,4146351,516200,0.944,0.28,0.152,3.9,1.4,-1.7,-10.6,-35.4,7.4,0.617206336,-0.216895047,-0.61015656,-0.446852016
1658,4148528,516200,0.952,0.28,0.156,3.9,1.5,-1.7,-10.6,-35.4,7.4,0.617267373,-0.216711936,-0.610187078,-0.446821497
1659,4151784,516210,0.952,0.28,0.156,3.9,1.5,-1.7,-10.6,-35.4,7.4,0.617267373,-0.216711936,-0.610187078,-0.446821497
1660,4153527,516210,0.944,0.284,0.156,3.8,1.4,-1.5,-10.8,-35.4,7.7,0.617297891,-0.216528825,-0.610248115,-0.44676046
1661,4155654,516210,0.944,0.284,0.156,3.8,1.4,-1.5,-10.8,-35.4,7.7,0.617297891,-0.216528825,-0.610248115,-0.44676046
1662,4158025,516210,0.948,0.28,0.156,3.7,1.4,-1.5,-10.8,-35.4,7.7,0.617358928,-0.216345714,-0.610309153,-0.446729942
1663,4160315,516220,0.948,0.28,0.156,3.7,1.4,-1.5,-10.8,-35.4,7.7,0.617358928,-0.216345714,-0.610309153,-0.446729942
1664,4164816,516220,0.948,0.28,0.156,3.6,1.4,-1.7,-10.8,-35.4,7.7,0.617389447,-0.216193121,-0.610339671,-0.446668905
1665,4167359,516220,0.948,0.28,0.156,3.6,1.4,-1.7,-10.8,-35.4,7.7,0.617389447,-0.216193121,-0.610339671,-0.446668905
1666,4167811,516220,0.956,0.276,0.164,3.6,1.2,-1.6,-10.8,-35.4,7.7,0.617419965,-0.21601001,-0.610400708,-0.446638386
1667,4171541,516230,0.956,0.276,0.164,3.6,1.2,-1.6,-10.8,-35.4,7.7,0.617419965,-0.21601001,-0.610400708,-0.446638386
1668,4173041,516230,0.952,0.284,0.16,3.6,1.4,-1.7,-10.8,-34.7,7.7,0.617450484,-0.215826899,-0.610431227,-0.446607868
1669,4175470,516230,0.952,0.284,0.16,3.6,1.4,-1.7,-10.8,-34.7,7.7,0.617450484,-0.215826899,-0.610431227,-0.446607868
1670,4178881,516230,0.944,0.284,0.156,3.4,1.4,-1.6,-10.8,-34.7,7.7,0.617481002,-0.215674306,-0.610492264,-0.446577349
1671,4181396,516240,0.944,0.284,0.156,3.4,1.4,-1.6,-10.8,-34.7,7.7,0.617481002,-0.215674306,-0.610492264,-0.446577349
1672,4183145,516240,0.952,0.284,0.156,3.5,1.2,-1.4,-10.3,-35.1,7.8,0.617542039,-0.215521714,-0.610553301,-0.446546831
1673,4186632,516240,0.952,0.284,0.156,3.5,1.2,-1.4,-10.3,-35.1,7.8,0.617542039,-0.215521714,-0.610553301,-0.446546831
1674,4188920,516240,0.948,0.284,0.156,3.6,1.2,-1.4,-10.3,-35.1,7.8,0.617572558,-0.215338603,-0.610583819,-0.446485794
1675,4191303,516250,0.948,0.284,0.156,3.6,1.2,-1.4,-10.3,-35.1,7.8,0.617572558,-0.215338603,-0.610583819,-0.446485794
1676,4193161,516250,0.952,0.284,0.156,3.6,1.2,-1.4,-10.3,-35.1,7.8,0.617603076,-0.215277566,-0.610614338,-0.446455275
1677,4195457,516250,0.948,0.284,0.156,3.4,1.1,-1.2,-10.5,-34.8,7.8,0.617572558,-0.21518601,-0.610705893,-0.446424757
1678,4197954,516250,0.948,0.288,0.156,3.4,1,-1,-10.5,-34.8,7.8,0.617603076,-0.215063936,-0.610736412,-0.44636372
1679,4201627,516260,0.948,0.288,0.156,3.4,1,-1,-10.5,-34.8,7.8,0.617603076,-0.215063936,-0.610736412,-0.44636372
1680,4203132,516260,0.956,0.292,0.156,3.5,0.9,-0.9,-10.7,-34.8,7.8,0.617633595,-0.214911344,-0.610797449,-0.446333201
1681,4205586,516260,0.956,0.292,0.156,3.5,0.9,-0.9,-10.7,-34.8,7.8,0.617633595,-0.214911344,-0.610797449,-0.446333201
1682,4207781,516260,0.948,0.288,0.156,3.5,0.7,-1,-10.7,-34.8,7.8,0.617664113,-0.214758751,-0.610858486,-0.446272164
1683,4211290,516270,0.948,0.288,0.156,3.5,0.7,-1,-10.7,-34.8,7.8,0.617664113,-0.214758751,-0.610858486,-0.446272164
1684,4212910,516270,0.952,0.288,0.156,3.5,0.6,-1.2,-10.7,-34.8,7.8,0.617694632,-0.214636677,-0.610919523,-0.446211127
1685,4216650,516270,0.952,0.288,0.156,3.5,0.6,-1.2,-10.7,-34.8,7.8,0.617694632,-0.214636677,-0.610919523,-0.446211127
1686,4218842,516270,0.952,0.292,0.168,3.6,0.7,-1.1,-10.7,-34.8,7.8,0.61772515,-0.214484085,-0.61098056,-0.44615009
1687,4220363,516280,0.952,0.292,0.168,3.6,0.7,-1.1,-10.7,-34.8,7.8,0.61772515,-0.214484085,-0.61098056,-0.44615009
1688,4224312,516280,0.952,0.288,0.156,3.5,0.9,-1,-10.8,-34.8,7.3,0.617786187,-0.214331492,-0.611041597,-0.446089053
1689,4226712,516280,0.952,0.288,0.156,3.5,0.9,-1,-10.8,-34.8,7.3,0.617786187,-0.214331492,-0.611041597,-0.446089053
1690,4228645,516280,0.952,0.292,0.16,3.6,1,-1,-10.8,-34.8,7.3,0.617816706,-0.214209418,-0.611072115,-0.446028016
1691,4230831,516290,0.952,0.292,0.16,3.6,1,-1,-10.8,-34.8,7.3,0.617816706,-0.214209418,-0.611072115,-0.446028016
1692,4232951,516290,0.952,0.292,0.16,3.4,1.2,-1.1,-10.7,-35.2,7.4,0.617847224,-0.214056825,-0.611133152,-0.445966979
1693,4236408,516290,0.952,0.292,0.16,3.4,1.2,-1.1,-10.7,-35.2,7.4,0.617847224,-0.214056825,-0.611133152,-0.445966979
1694,4238912,516290,0.952,0.292,0.16,3.4,1.3,-1,-10.7,-35.2,7.4,0.617908261,-0.213904233,-0.611163671,-0.44593646
1695,4240845,516300,0.952,0.292,0.16,3.4,1.3,-1,-10.7,-35.2,7.4,0.617908261,-0.213904233,-0.611163671,-0.44593646
1696,4243344,516300,0.952,0.288,0.16,3.3,1.3,-1.1,-10.7,-35.2,7.4,0.61793878,-0.213843196,-0.611194189,-0.445905942
1697,4245488,516300,0.952,0.288,0.164,3.2,1.5,-1.4,-10.7,-35.4,7,0.617908261,-0.213690603,-0.611255226,-0.44593646
1698,4248872,516300,0.952,0.284,0.164,3.1,1.6,-1.7,-10.7,-35.4,7,0.61793878,-0.213538011,-0.611285745,-0.445905942
1699,4251151,516310,0.952,0.284,0.164,3.1,1.6,-1.7,-10.7,-35.4,7,0.61793878,-0.213538011,-0.611285745,-0.445905942
1700,4253153,516310,0.956,0.288,0.16,3.1,1.5,-1.7,-10.7,-35.4,7.5,0.617969298,-0.213385418,-0.611316263,-0.445875423
1701,4255531,516310,0.956,0.288,0.16,3.1,1.5,-1.7,-10.7,-35.4,7.5,0.617969298,-0.213385418,-0.611316263,-0.445875423
1702,4257874,516310,0.956,0.284,0.156,3.1,1.4,-1.4,-10.7,-35.4,7.5,0.618030335,-0.213232826,-0.611346782,-0.445844905
1703,4261942,516320,0.956,0.284,0.156,3.1,1.4,-1.4,-10.7,-35.4,7.5,0.618030335,-0.213232826,-0.611346782,-0.445844905
1704,4264889,516320,0.952,0.28,0.164,3,1.4,-1.4,-10.7,-35.4,7.5,0.618060854,-0.213080233,-0.6113773,-0.445783868
1705,4265403,516320,0.952,0.28,0.164,3,1.4,-1.4,-10.7,-35.4,7.5,0.618060854,-0.213080233,-0.6113773,-0.445783868
1706,4268327,516320,0.952,0.288,0.164,3,1.3,-1.2,-10.7,-35.4,7.5,0.618091372,-0.212927641,-0.611407819,-0.445783868
1707,4270604,516330,0.952,0.288,0.164,3,1.3,-1.2,-10.7,-35.4,7.5,0.618091372,-0.212927641,-0.611407819,-0.445783868
1708,4272823,516330,0.948,0.288,0.164,2.6,1,-0.8,-10.9,-35.1,7.5,0.618121891,-0.212805567,-0.611468856,-0.445753349
1709,4275415,516330,0.948,0.288,0.164,2.6,1,-0.8,-10.9,-35.1,7.5,0.618121891,-0.212805567,-0.611468856,-0.445753349
1710,4278989,516330,0.944,0.288,0.164,2.4,0.7,-0.5,-10.9,-35.1,7.5,0.618152409,-0.212714011,-0.611499374,-0.445692312
1711,4281226,516340,0.944,0.288,0.164,2.4,0.7,-0.5,-10.9,-35.1,7.5,0.618152409,-0.212714011,-0.611499374,-0.445692312
1712,4283519,516340,0.944,0.288,0.164,2.3,0.7,-0.7,-10.7,-35,7.9,0.618152409,-0.212622456,-0.611529893,-0.445661794
1713,4285585,516340,0.944,0.288,0.164,2.3,0.7,-0.7,-10.7,-35,7.9,0.618152409,-0.212622456,-0.611529893,-0.445661794
1714,4287851,516340,0.948,0.292,0.164,2.4,0.7,-0.5,-10.7,-35,7.9,0.618213446,-0.212500381,-0.611560411,-0.445631275
1715,4290996,516350,0.948,0.292,0.164,2.4,0.7,-0.5,-10.7,-35,7.9,0.618213446,-0.212500381,-0.611560411,-0.445631275
1716,4293068,516350,0.944,0.296,0.164,2.5,0.6,-0.3,-10.7,-35,7.9,0.618243965,-0.212469863,-0.611560411,-0.445600757
1717,4295391,516350,0.944,0.296,0.172,2.8,0.5,0,-10.5,-35.1,7.3,0.618243965,-0.212347789,-0.61159093,-0.445600757
1718,4298448,516350,0.948,0.296,0.168,2.9,0.7,-0.1,-10.5,-35.1,7.3,0.618274483,-0.212256233,-0.611621448,-0.44553972
1719,4301517,516360,0.948,0.296,0.168,2.9,0.7,-0.1,-10.5,-35.1,7.3,0.618274483,-0.212256233,-0.611621448,-0.44553972
1720,4303746,516360,0.952,0.3,0.168,3,0.8,-0.1,-10.4,-35.1,7.9,0.61833552,-0.212134159,-0.611682485,-0.445478683
1721,4306071,516360,0.952,0.3,0.168,3,0.8,-0.1,-10.4,-35.1,7.9,0.61833552,-0.212134159,-0.611682485,-0.445478683
1722,4308147,516360,0.952,0.3,0.168,3,0.9,-0.2,-10.4,-35.1,7.9,0.618366039,-0.212073122,-0.611713004,-0.445417646
1723,4310295,516370,0.952,0.3,0.168,3,0.9,-0.2,-10.4,-35.1,7.9,0.618366039,-0.212073122,-0.611713004,-0.445417646
1724,4313526,516370,0.96,0.299,0.168,2.9,1.1,-0.4,-10.4,-35.1,7.9,0.618427076,-0.211951048,-0.611743522,-0.445356609
1725,4315590,516370,0.96,0.299,0.168,2.9,1.1,-0.4,-10.4,-35.1,7.9,0.618427076,-0.211951048,-0.611743522,-0.445356609
1726,4318899,516370,0.956,0.292,0.164,2.6,1.3,-0.5,-10.4,-35.1,7.9,0.618488113,-0.211828974,-0.611774041,-0.445295572
1727,4320383,516380,0.956,0.292,0.164,2.6,1.3,-0.5,-10.4,-35.1,7.9,0.618488113,-0.211828974,-0.611774041,-0.445295572
1728,4323251,516380,0.956,0.292,0.164,2,1.5,-0.6,-10.7,-35.4,7.2,0.618518632,-0.211737419,-0.611774041,-0.445265053
1729,4325549,516380,0.956,0.292,0.164,2,1.5,-0.6,-10.7,-35.4,7.2,0.618518632,-0.211737419,-0.611774041,-0.445265053
1730,4327782,516380,0.96,0.288,0.16,1.5,1.7,-0.8,-10.7,-35.4,7.2,0.618579669,-0.211615345,-0.611774041,-0.445265053
1731,4330699,516390,0.96,0.288,0.16,1.5,1.7,-0.8,-10.7,-35.4,7.2,0.618579669,-0.211615345,-0.611774041,-0.445265053
1732,4332984,516390,0.96,0.28,0.16,1.3,1.7,-1.1,-10.7,-35.2,7.2,0.618610187,-0.211523789,-0.611743522,-0.445295572
1733,4336099,516390,0.96,0.28,0.16,1.3,1.7,-1.1,-10.7,-35.2,7.2,0.618610187,-0.211523789,-0.611743522,-0.445295572
1734,4339113,516390,0.956,0.28,0.156,1.1,1.7,-1.1,-10.7,-35.2,7.2,0.618640706,-0.211432234,-0.611743522,-0.445295572
1735,4341392,516400,0.956,0.28,0.156,1.1,1.7,-1.1,-10.7,-35.2,7.2,0.618640706,-0.211432234,-0.611743522,-0.445295572
1736,4344055,516400,0.96,0.276,0.152,0.9,1.6,-1.1,-10.7,-35.2,7.2,0.618671224,-0.211371197,-0.611743522,-0.445295572
1737,4345484,516400,0.96,0.276,0.156,0.6,1.8,-0.8,-10.8,-35.4,7.2,0.618701743,-0.211432234,-0.611743522,-0.445234535
1738,4348448,516400,0.96,0.272,0.156,0.6,2,-0.7,-10.8,-35.4,7.2,0.618732261,-0.211340678,-0.611713004,-0.445265053
1739,4351486,516410,0.96,0.272,0.156,0.6,2,-0.7,-10.8,-35.4,7.2,0.618732261,-0.211340678,-0.611713004,-0.445265053
1740,4352961,516410,0.956,0.272,0.16,0.5,2,-0.6,-11.1,-34.8,6.9,0.618793298,-0.211279641,-0.611651967,-0.445295572
1741,4356781,516410,0.956,0.272,0.16,0.5,2,-0.6,-11.1,-34.8,6.9,0.618793298,-0.211279641,-0.611651967,-0.445295572
1742,4359064,516410,0.96,0.28,0.16,0.4,1.8,-0.7,-11.1,-34.8,6.9,0.618823817,-0.211218604,-0.611621448,-0.445295572
1743,4361611,516420,0.96,0.28,0.16,0.4,1.8,-0.7,-11.1,-34.8,6.9,0.618823817,-0.211218604,-0.611621448,-0.445295572
1744,4363850,516420,0.956,0.284,0.156,0.4,1.5,-0.6,-11.1,-34.8,6.9,0.618854335,-0.211157567,-0.61159093,-0.44532609
1745,4365671,516420,0.956,0.284,0.156,0.4,1.5,-0.6,-11.1,-34.8,6.9,0.618854335,-0.211157567,-0.61159093,-0.44532609
1746,4367881,516420,0.948,0.276,0.164,0.3,1.2,-0.5,-11.1,-34.8,6.9,0.618884854,-0.21109653,-0.61159093,-0.445356609
1747,4372023,516430,0.948,0.276,0.164,0.3,1.2,-0.5,-11.1,-34.8,6.9,0.618884854,-0.21109653,-0.61159093,-0.445356609
1748,4374338,516430,0.948,0.288,0.168,0.5,1.1,-0.2,-10.9,-35.1,7.7,0.618915372,-0.211066012,-0.611560411,-0.445356609
1749,4376663,516430,0.948,0.288,0.168,0.5,1.1,-0.2,-10.9,-35.1,7.7,0.618915372,-0.211066012,-0.611560411,-0.445356609
1750,4379512,516430,0.952,0.284,0.164,0.6,1.1,0,-10.9,-35.1,7.7,0.618945891,-0.211004975,-0.611529893,-0.445356609
1751,4381568,516440,0.952,0.284,0.164,0.6,1.1,0,-10.9,-35.1,7.7,0.618945891,-0.211004975,-0.611529893,-0.445356609
1752,4383869,516440,0.948,0.288,0.168,0.8,1.2,-0.2,-10.4,-35,7.1,0.618976409,-0.210974456,-0.611529893,-0.445356609
1753,4386315,516440,0.948,0.288,0.168,0.8,1.2,-0.2,-10.4,-35,7.1,0.618976409,-0.210974456,-0.611529893,-0.445356609
1754,4388015,516440,0.952,0.292,0.164,1.2,1.5,-0.4,-10.4,-35,7.1,0.619037446,-0.2108829,-0.611529893,-0.44532609
1755,4390395,516450,0.952,0.292,0.164,1.2,1.5,-0.4,-10.4,-35,7.1,0.619037446,-0.2108829,-0.611529893,-0.44532609
1756,4392962,516450,0.948,0.288,0.164,1.3,1.7,-0.5,-10.4,-35,7.1,0.619037446,-0.210852382,-0.611499374,-0.44532609
1757,4396355,516450,0.948,0.284,0.16,1.4,2.2,-0.8,-10.7,-35.1,7.1,0.619067965,-0.210760826,-0.611499374,-0.445356609
1758,4398308,516450,0.948,0.284,0.168,1.4,2.3,-0.9,-10.7,-35.1,7.1,0.619129002,-0.210669271,-0.611468856,-0.445356609
1759,4401598,516460,0.948,0.284,0.168,1.4,2.3,-0.9,-10.7,-35.1,7.1,0.619129002,-0.210669271,-0.611468856,-0.445356609
1760,4403692,516460,0.952,0.284,0.16,1.4,2.3,-1,-10.4,-35.1,6.7,0.619190039,-0.210547197,-0.611438337,-0.445387127
1761,4405763,516460,0.952,0.284,0.16,1.4,2.3,-1,-10.4,-35.1,6.7,0.619190039,-0.210547197,-0.611438337,-0.445387127
1762,4408084,516460,0.948,0.28,0.16,1.5,2.3,-0.9,-10.4,-35.1,6.7,0.619251076,-0.210425123,-0.611407819,-0.445387127
1763,4410326,516470,0.948,0.28,0.16,1.5,2.3,-0.9,-10.4,-35.1,6.7,0.619251076,-0.210425123,-0.611407819,-0.445387127
1764,4412840,516470,0.952,0.284,0.164,1.6,2.5,-0.9,-10.4,-35.1,6.7,0.619312113,-0.210303049,-0.6113773,-0.445387127
1765,4416607,516470,0.952,0.284,0.164,1.6,2.5,-0.9,-10.4,-35.1,6.7,0.619312113,-0.210303049,-0.6113773,-0.445387127
1766,4418759,516470,0.948,0.288,0.168,1.6,2.4,-0.7,-10.4,-35.1,6.7,0.61937315,-0.210180975,-0.611346782,-0.445387127
1767,4420739,516480,0.948,0.288,0.168,1.6,2.4,-0.7,-10.4,-35.1,6.7,0.61937315,-0.210180975,-0.611346782,-0.445387127
1768,4424400,516480,0.948,0.288,0.168,1.6,2.3,-0.4,-11,-35.1,7.2,0.619434187,-0.210089419,-0.611346782,-0.445387127
1769,4426259,516480,0.948,0.288,0.168,1.6,2.3,-0.4,-11,-35.1,7.2,0.619434187,-0.210089419,-0.611346782,-0.445387127
1770,4427875,516480,0.952,0.288,0.164,1.5,2.1,-0.2,-11,-35.1,7.2,0.619495224,-0.209997864,-0.611316263,-0.445387127
1771,4430548,516490,0.952,0.288,0.164,1.5,2.1,-0.2,-11,-35.1,7.2,0.619495224,-0.209997864,-0.611316263,-0.445387127
1772,4433171,516490,0.948,0.292,0.168,1.3,2.1,0,-10.9,-35.5,6.8,0.619586779,-0.209906308,-0.611285745,-0.445356609
1773,4435380,516490,0.948,0.292,0.168,1.3,2.1,0,-10.9,-35.5,6.8,0.619586779,-0.209906308,-0.611285745,-0.445356609
1774,4438259,516490,0.948,0.292,0.164,0.9,2.1,0,-10.9,-35.5,6.8,0.619647816,-0.209845271,-0.611255226,-0.445356609
1775,4440491,516500,0.948,0.292,0.164,0.9,2.1,0,-10.9,-35.5,6.8,0.619647816,-0.209845271,-0.611255226,-0.445356609
1776,4442899,516500,0.948,0.292,0.16,0.7,2.2,0,-10.9,-35.5,6.8,0.619678335,-0.209814753,-0.611224708,-0.445356609
1777,4445373,516500,0.948,0.292,0.16,0.5,2.1,0.4,-10.7,-35.1,6.8,0.619708853,-0.209784234,-0.611194189,-0.445356609
1778,4449777,516500,0.948,0.292,0.164,0.4,2.1,0.4,-10.7,-35.1,6.8,0.61976989,-0.209723197,-0.611163671,-0.445356609
1779,4451808,516510,0.948,0.292,0.164,0.4,2.1,0.4,-10.7,-35.1,6.8,0.61976989,-0.209723197,-0.611163671,-0.445356609
1780,4453195,516510,0.948,0.288,0.164,0.4,2,0.3,-10.4,-34.9,7.1,0.619830927,-0.209692679,-0.611102634,-0.445356609
1781,4455495,516510,0.948,0.288,0.164,0.4,2,0.3,-10.4,-34.9,7.1,0.619830927,-0.209692679,-0.611102634,-0.445356609
1782,4457760,516510,0.952,0.292,0.16,0.5,2.1,0.2,-10.4,-34.9,7.1,0.619891964,-0.209631642,-0.611041597,-0.445356609
1783,4460689,516520,0.952,0.292,0.16,0.5,2.1,0.2,-10.4,-34.9,7.1,0.619891964,-0.209631642,-0.611041597,-0.445356609
1784,4463719,516520,0.956,0.284,0.164,0.5,2.1,0.4,-10.4,-34.9,7.1,0.61998352,-0.209601123,-0.611011078,-0.44532609
1785,4466673,516520,0.956,0.284,0.164,0.5,2.1,0.4,-10.4,-34.9,7.1,0.61998352,-0.209601123,-0.611011078,-0.44532609
1786,4468126,516520,0.956,0.292,0.16,0.5,1.9,0.3,-10.4,-34.9,7.1,0.620044557,-0.209540086,-0.610950041,-0.44532609
1787,4471106,516530,0.956,0.292,0.16,0.5,1.9,0.3,-10.4,-34.9,7.1,0.620044557,-0.209540086,-0.610950041,-0.44532609
1788,4474074,516530,0.952,0.288,0.164,0.5,2,0.3,-10.7,-35.5,7.4,0.620105594,-0.209509568,-0.610919523,-0.44532609
1789,4475495,516530,0.952,0.288,0.164,0.5,2,0.3,-10.7,-35.5,7.4,0.620105594,-0.209509568,-0.610919523,-0.44532609
1790,4478530,516530,0.948,0.288,0.168,0.6,2,0.4,-10.7,-35.5,7.4,0.620166631,-0.209448531,-0.610858486,-0.44532609
1791,4481428,516540,0.948,0.288,0.168,0.6,2,0.4,-10.7,-35.5,7.4,0.620166631,-0.209448531,-0.610858486,-0.44532609
1792,4482864,516540,0.952,0.284,0.168,0.6,2,0.6,-10.4,-35.2,7.2,0.620227668,-0.209418012,-0.610827967,-0.445295572
1793,4486019,516540,0.952,0.284,0.168,0.6,2,0.6,-10.4,-35.2,7.2,0.620227668,-0.209418012,-0.610827967,-0.445295572
1794,4488785,516540,0.956,0.284,0.168,0.3,1.9,0.6,-10.4,-35.2,7.2,0.620319224,-0.209387494,-0.61076693,-0.445295572
1795,4490271,516550,0.956,0.284,0.168,0.3,1.9,0.6,-10.4,-35.2,7.2,0.620319224,-0.209387494,-0.61076693,-0.445295572
1796,4493224,516550,0.952,0.284,0.164,0.1,2,0.7,-10.4,-35.2,7.2,0.620349742,-0.209356975,-0.610736412,-0.445295572
1797,4496200,516550,0.956,0.28,0.168,0,1.9,0.9,-10.2,-35.5,6.5,0.620380261,-0.209387494,-0.610705893,-0.445265053
1798,4499163,516550,0.956,0.28,0.164,0,1.9,1.1,-10.2,-35.5,6.5,0.620471816,-0.209387494,-0.610644856,-0.445234535
1799,4500663,516560,0.956,0.28,0.164,0,1.9,1.1,-10.2,-35.5,6.5,0.620471816,-0.209387494,-0.610644856,-0.445234535
1800,4503813,516560,0.952,0.284,0.164,-0.1,1.9,1.2,-10.4,-35.2,7,0.620532853,-0.209387494,-0.610583819,-0.445234535
1801,4505469,516560,0.952,0.284,0.164,-0.1,1.9,1.2,-10.4,-35.2,7,0.620532853,-0.209387494,-0.610583819,-0.445234535
1802,4508122,516560,0.952,0.276,0.164,-0.1,1.9,1.1,-10.4,-35.2,7,0.620624409,-0.209387494,-0.610522782,-0.445204016
1803,4510825,516570,0.952,0.276,0.164,-0.1,1.9,1.1,-10.4,-35.2,7,0.620624409,-0.209387494,-0.610522782,-0.445204016
1804,4514077,516570,0.948,0.288,0.168,0,1.7,1.4,-10.4,-35.2,7,0.620685446,-0.209387494,-0.610461745,-0.445204016
1805,4515467,516570,0.948,0.288,0.168,0,1.7,1.4,-10.4,-35.2,7,0.620685446,-0.209387494,-0.610461745,-0.445204016
1806,4518773,516570,0.952,0.28,0.164,0,1.7,1.8,-10.4,-35.2,7,0.620777001,-0.209387494,-0.610400708,-0.445173498
1807,4521618,516580,0.952,0.28,0.164,0,1.7,1.8,-10.4,-35.2,7,0.620777001,-0.209387494,-0.610400708,-0.445173498
1808,4523792,516580,0.952,0.28,0.168,0,1.7,1.9,-10.8,-35,7.1,0.620838038,-0.209418012,-0.610309153,-0.445142979
1809,4525442,516580,0.952,0.28,0.168,0,1.7,1.9,-10.8,-35,7.1,0.620838038,-0.209418012,-0.610309153,-0.445142979
1810,4528708,516580,0.948,0.28,0.164,0.1,1.7,1.9,-10.8,-35,7.1,0.620929594,-0.209418012,-0.610248115,-0.445081942
1811,4530739,516590,0.948,0.28,0.164,0.1,1.7,1.9,-10.8,-35,7.1,0.620929594,-0.209418012,-0.610248115,-0.445081942
1812,4533114,516590,0.948,0.276,0.164,0.2,1.6,1.9,-10.4,-35.2,7.2,0.621021149,-0.209448531,-0.610187078,-0.445051424
1813,4535422,516590,0.948,0.276,0.164,0.2,1.6,1.9,-10.4,-35.2,7.2,0.621021149,-0.209448531,-0.610187078,-0.445051424
1814,4538857,516590,0.956,0.276,0.168,0.3,1.7,1.6,-10.4,-35.2,7.2,0.621112705,-0.209448531,-0.61015656,-0.445020905
1815,4540870,516600,0.956,0.276,0.168,0.3,1.7,1.6,-10.4,-35.2,7.2,0.621112705,-0.209448531,-0.61015656,-0.445020905
1816,4543162,516600,0.952,0.276,0.168,0.3,1.7,1.5,-10.4,-35.2,7.2,0.621143223,-0.209448531,-0.610126041,-0.444990387
1817,4545413,516600,0.948,0.276,0.164,0.6,1.8,1.6,-10.7,-34.9,6.8,0.62120426,-0.209540086,-0.610065004,-0.444898831
1818,4549413,516600,0.956,0.28,0.168,0.6,1.8,1.7,-10.7,-34.9,6.8,0.621295816,-0.209509568,-0.610034486,-0.444837794
1819,4551833,516610,0.956,0.28,0.168,0.6,1.8,1.7,-10.7,-34.9,6.8,0.621295816,-0.209509568,-0.610034486,-0.444837794
1820,4553843,516610,0.952,0.276,0.168,0.9,1.7,2.1,-10.9,-35.2,7.5,0.621387371,-0.209509568,-0.609973449,-0.444776757
1821,4556242,516610,0.952,0.276,0.168,0.9,1.7,2.1,-10.9,-35.2,7.5,0.621387371,-0.209509568,-0.609973449,-0.444776757
1822,4558126,516610,0.952,0.284,0.172,1.2,1.4,2.3,-10.9,-35.2,7.5,0.621509445,-0.209509568,-0.60994293,-0.44471572
1823,4561856,516620,0.952,0.284,0.172,1.2,1.4,2.3,-10.9,-35.2,7.5,0.621509445,-0.209509568,-0.60994293,-0.44471572
1824,4564393,516620,0.956,0.284,0.176,1.5,1.2,2.4,-10.9,-35.2,7.5,0.621601001,-0.209509568,-0.609912412,-0.444624165
1825,4566384,516620,0.956,0.284,0.176,1.5,1.2,2.4,-10.9,-35.2,7.5,0.621601001,-0.209509568,-0.609912412,-0.444624165
1826,4567972,516620,0.952,0.28,0.176,1.5,1.1,2.5,-10.9,-35.2,7.5,0.621692557,-0.209540086,-0.609881893,-0.444502091
1827,4570590,516630,0.952,0.28,0.176,1.5,1.1,2.5,-10.9,-35.2,7.5,0.621692557,-0.209540086,-0.609881893,-0.444502091
1828,4574478,516630,0.948,0.284,0.176,1.5,1.2,2.4,-10.7,-34.9,7.1,0.621784112,-0.209540086,-0.609851375,-0.444410535
1829,4576786,516630,0.948,0.284,0.176,1.5,1.2,2.4,-10.7,-34.9,7.1,0.621784112,-0.209540086,-0.609851375,-0.444410535
1830,4579128,516630,0.944,0.284,0.168,1.5,1.4,2.6,-10.7,-34.9,7.1,0.621875668,-0.209509568,-0.609820856,-0.444318979
1831,4580775,516640,0.944,0.284,0.168,1.5,1.4,2.6,-10.7,-34.9,7.1,0.621875668,-0.209509568,-0.609820856,-0.444318979
1832,4583250,516640,0.948,0.284,0.172,1.3,1.5,2.5,-10.7,-35.3,6.6,0.621997742,-0.209509568,-0.609790338,-0.444227424
1833,4585479,516640,0.948,0.284,0.172,1.3,1.5,2.5,-10.7,-35.3,6.6,0.621997742,-0.209509568,-0.609790338,-0.444227424
1834,4589410,516640,0.944,0.28,0.168,1.4,1.8,2.6,-10.7,-35.3,6.6,0.622058779,-0.209509568,-0.609729301,-0.444135868
1835,4591672,516650,0.944,0.28,0.168,1.4,1.8,2.6,-10.7,-35.3,6.6,0.622058779,-0.209509568,-0.609729301,-0.444135868
1836,4594050,516650,0.948,0.28,0.168,1.3,1.8,2.6,-10.7,-35.3,6.6,0.622150334,-0.209509568,-0.609729301,-0.444074831
1837,4596315,516650,0.944,0.284,0.168,1.4,1.6,2.8,-10.6,-35.3,7.3,0.62224189,-0.209540086,-0.609668264,-0.444013794
1838,4598039,516650,0.944,0.276,0.168,1.5,1.4,2.9,-10.6,-35.3,7.3,0.622333445,-0.209540086,-0.609637745,-0.443922239
1839,4600526,516660,0.944,0.276,0.168,1.5,1.4,2.9,-10.6,-35.3,7.3,0.622333445,-0.209540086,-0.609637745,-0.443922239
1840,4602760,516660,0.944,0.284,0.168,1.5,1.2,2.8,-11,-34.9,7.2,0.622455519,-0.209570605,-0.609607227,-0.443800165
1841,4606324,516660,0.944,0.284,0.168,1.5,1.2,2.8,-11,-34.9,7.2,0.622455519,-0.209570605,-0.609607227,-0.443800165
1842,4608021,516660,0.944,0.292,0.168,1.4,1.1,3,-11,-34.9,7.2,0.622547075,-0.209570605,-0.609576708,-0.443708609
1843,4610321,516670,0.944,0.292,0.168,1.4,1.1,3,-11,-34.9,7.2,0.622547075,-0.209570605,-0.609576708,-0.443708609
1844,4614104,516670,0.944,0.292,0.172,1.2,1,3.4,-11,-34.9,7.2,0.622669149,-0.209601123,-0.60954619,-0.443586535
1845,4615682,516670,0.944,0.292,0.172,1.2,1,3.4,-11,-34.9,7.2,0.622669149,-0.209601123,-0.60954619,-0.443586535
1846,4617959,516670,0.948,0.292,0.172,1,1,3.7,-11,-34.9,7.2,0.622760704,-0.20966216,-0.609485153,-0.443464461
1847,4620625,516680,0.948,0.292,0.172,1,1,3.7,-11,-34.9,7.2,0.622760704,-0.20966216,-0.609485153,-0.443464461
1848,4624600,516680,0.944,0.296,0.176,0.8,0.9,3.2,-11.2,-35,7.6,0.622882778,-0.209692679,-0.609454634,-0.443342387
1849,4626547,516680,0.944,0.296,0.176,0.8,0.9,3.2,-11.2,-35,7.6,0.622882778,-0.209692679,-0.609454634,-0.443342387
1850,4628245,516680,0.94,0.296,0.172,0.9,1.1,2.6,-11.2,-35,7.6,0.622974334,-0.209723197,-0.609424116,-0.443250832
1851,4632945,516690,0.94,0.296,0.172,0.9,1.1,2.6,-11.2,-35,7.6,0.622974334,-0.209723197,-0.609424116,-0.443250832
1852,4632945,516690,0.948,0.288,0.172,0.9,1.2,2.2,-10.9,-35,7.7,0.623035371,-0.209753716,-0.609393597,-0.443189795
1853,4635559,516690,0.948,0.288,0.172,0.9,1.2,2.2,-10.9,-35,7.7,0.623035371,-0.209753716,-0.609393597,-0.443189795
1854,4639116,516690,0.948,0.284,0.172,0.8,1.2,2.2,-10.9,-35,7.7,0.623126926,-0.209753716,-0.60933256,-0.443098239
1855,4640723,516700,0.948,0.284,0.172,0.8,1.2,2.2,-10.9,-35,7.7,0.623126926,-0.209753716,-0.60933256,-0.443098239
1856,4642973,516700,0.948,0.284,0.18,0.7,1.3,2.2,-10.9,-35,7.7,0.623187963,-0.209753716,-0.60933256,-0.443067721
1857,4646087,516700,0.944,0.28,0.172,0.6,1.4,2.1,-11.2,-35.4,6.8,0.623249001,-0.209723197,-0.609271523,-0.443098239
1858,4649184,516700,0.948,0.284,0.176,0.6,1.4,2.1,-11.2,-35.4,6.8,0.623310038,-0.209723197,-0.609210486,-0.443037202
1859,4650619,516710,0.948,0.284,0.176,0.6,1.4,2.1,-11.2,-35.4,6.8,0.623310038,-0.209723197,-0.609210486,-0.443037202
1860,4652822,516710,0.944,0.28,0.176,0.4,1.3,2,-10.9,-35.1,7.6,0.623401593,-0.209753716,-0.609179968,-0.442976165
1861,4655833,516710,0.944,0.28,0.176,0.4,1.3,2,-10.9,-35.1,7.6,0.623401593,-0.209753716,-0.609179968,-0.442976165
1862,4658925,516710,0.952,0.28,0.172,0.1,1.4,2,-10.9,-35.1,7.6,0.623493149,-0.209784234,-0.609118931,-0.442915128
1863,4661520,516720,0.952,0.28,0.172,0.1,1.4,2,-10.9,-35.1,7.6,0.623493149,-0.209784234,-0.609118931,-0.442915128
1864,4664449,516720,0.948,0.28,0.168,0,1.4,2.1,-10.9,-35.1,7.6,0.623554186,-0.209814753,-0.609057894,-0.44288461
1865,4666421,516720,0.948,0.28,0.168,0,1.4,2.1,-10.9,-35.1,7.6,0.623554186,-0.209814753,-0.609057894,-0.44288461
1866,4668085,516720,0.952,0.276,0.168,0,1.2,2.1,-10.9,-35.1,7.6,0.623645741,-0.209845271,-0.608996857,-0.442823572
1867,4671899,516730,0.952,0.276,0.168,0,1.2,2.1,-10.9,-35.1,7.6,0.623645741,-0.209845271,-0.608996857,-0.442823572
1868,4673772,516730,0.948,0.28,0.172,-0.1,1.1,2.2,-11,-35.4,7,0.623706778,-0.20987579,-0.60893582,-0.442793054
1869,4675747,516730,0.948,0.28,0.172,-0.1,1.1,2.2,-11,-35.4,7,0.623706778,-0.20987579,-0.60893582,-0.442793054
1870,4677768,516730,0.94,0.28,0.168,-0.4,1.2,2.2,-11,-35.4,7,0.623798334,-0.209936827,-0.608874783,-0.442732017
1871,4681998,516740,0.94,0.28,0.168,-0.4,1.2,2.2,-11,-35.4,7,0.623798334,-0.209936827,-0.608874783,-0.442732017
1872,4684080,516740,0.948,0.28,0.176,-0.6,1.2,2.2,-11.3,-34.7,7.1,0.623859371,-0.209967345,-0.608813746,-0.442701498
1873,4685773,516740,0.948,0.28,0.176,-0.6,1.2,2.2,-11.3,-34.7,7.1,0.623859371,-0.209967345,-0.608813746,-0.442701498
1874,4689861,516740,0.944,0.276,0.168,-0.7,1,2.3,-11.3,-34.7,7.1,0.623920408,-0.210028382,-0.608752709,-0.44267098
1875,4690410,516750,0.944,0.276,0.168,-0.7,1,2.3,-11.3,-34.7,7.1,0.623920408,-0.210028382,-0.608752709,-0.44267098
1876,4692932,516750,0.944,0.276,0.172,-0.8,0.9,2.2,-11.3,-34.7,7.1,0.623950926,-0.210058901,-0.60872219,-0.44267098
1877,4696006,516750,0.948,0.272,0.168,-0.8,1.2,2.1,-10.9,-35,6.9,0.624011963,-0.210119938,-0.608691671,-0.442640461
1878,4697992,516750,0.948,0.272,0.172,-0.7,1.3,1.9,-10.9,-35,6.9,0.624073,-0.210150456,-0.608600116,-0.442609943
1879,4702022,516760,0.948,0.272,0.172,-0.7,1.3,1.9,-10.9,-35,6.9,0.624073,-0.210150456,-0.608600116,-0.442609943
1880,4703675,516760,0.948,0.272,0.176,-0.6,1.3,1.7,-11.2,-34.7,7,0.624134037,-0.210180975,-0.608539079,-0.442609943
1881,4706857,516760,0.948,0.272,0.176,-0.6,1.3,1.7,-11.2,-34.7,7,0.624134037,-0.210180975,-0.608539079,-0.442609943
1882,4708600,516760,0.944,0.268,0.172,-0.4,1.1,1.8,-11.2,-34.7,7,0.624195074,-0.210242012,-0.608478042,-0.442579424
1883,4711425,516770,0.944,0.268,0.172,-0.4,1.1,1.8,-11.2,-34.7,7,0.624195074,-0.210242012,-0.608478042,-0.442579424
1884,4712910,516770,0.944,0.272,0.172,-0.3,1,2,-11.2,-34.7,7,0.624256111,-0.21027253,-0.608417005,-0.442548906
1885,4717239,516770,0.944,0.272,0.172,-0.3,1,2,-11.2,-34.7,7,0.624256111,-0.21027253,-0.608417005,-0.442548906
1886,4719553,516770,0.944,0.268,0.168,-0.2,1.2,1.9,-11.2,-34.7,7,0.624317148,-0.210333567,-0.608355968,-0.442518387
1887,4721394,516780,0.944,0.268,0.168,-0.2,1.2,1.9,-11.2,-34.7,7,0.624317148,-0.210333567,-0.608355968,-0.442518387
1888,4723660,516780,0.948,0.272,0.172,-0.4,1.3,2,-10.8,-34.7,6.9,0.624408704,-0.210364086,-0.608294931,-0.442487869
1889,4726466,516780,0.948,0.272,0.172,-0.4,1.3,2,-10.8,-34.7,6.9,0.624408704,-0.210364086,-0.608294931,-0.442487869
1890,4728008,516780,0.944,0.272,0.168,-0.4,1.2,2.2,-10.8,-34.7,6.9,0.624469741,-0.210394604,-0.608233894,-0.442426832
1891,4732164,516790,0.944,0.272,0.168,-0.4,1.2,2.2,-10.8,-34.7,6.9,0.624469741,-0.210394604,-0.608233894,-0.442426832
1892,4734487,516790,0.944,0.272,0.176,-0.2,1.3,2.2,-11.2,-34.8,7,0.624530778,-0.210455641,-0.608172857,-0.442396313
1893,4736345,516790,0.944,0.272,0.176,-0.2,1.3,2.2,-11.2,-34.8,7,0.624530778,-0.210455641,-0.608172857,-0.442396313
1894,4738289,516790,0.948,0.28,0.172,-0.1,1.3,2.2,-11.2,-34.8,7,0.624622333,-0.21048616,-0.60811182,-0.442365795
1895,4742194,516800,0.948,0.28,0.172,-0.1,1.3,2.2,-11.2,-34.8,7,0.624622333,-0.21048616,-0.60811182,-0.442365795
1896,4744115,516800,0.948,0.276,0.168,0,1.3,2.2,-11.2,-34.8,7,0.624652852,-0.210516678,-0.608081301,-0.442335276
1897,4746444,516800,0.952,0.272,0.168,0.1,1.2,2.1,-10.8,-35.3,6.9,0.624713889,-0.210547197,-0.608050783,-0.442304758
1898,4747978,516800,0.952,0.28,0.168,0.1,1.1,2.1,-10.8,-35.3,6.9,0.624774926,-0.210577715,-0.608020264,-0.442243721
1899,4752311,516810,0.952,0.28,0.168,0.1,1.1,2.1,-10.8,-35.3,6.9,0.624774926,-0.210577715,-0.608020264,-0.442243721
1900,4754482,516810,0.956,0.272,0.172,0,1,2.3,-10.9,-34.9,6.8,0.624866482,-0.210608234,-0.607959227,-0.442182684
1901,4756552,516810,0.956,0.272,0.172,0,1,2.3,-10.9,-34.9,6.8,0.624866482,-0.210608234,-0.607959227,-0.442182684
1902,4758663,516810,0.952,0.272,0.168,-0.1,0.9,2.3,-10.9,-34.9,6.8,0.624927519,-0.210638752,-0.60789819,-0.442152165
1903,4760706,516820,0.952,0.272,0.168,-0.1,0.9,2.3,-10.9,-34.9,6.8,0.624927519,-0.210638752,-0.60789819,-0.442152165
1904,4764790,516820,0.948,0.272,0.168,0,0.8,2.2,-10.9,-34.9,6.8,0.624988556,-0.210699789,-0.607867672,-0.442091128
1905,4767061,516820,0.948,0.272,0.168,0,0.8,2.2,-10.9,-34.9,6.8,0.624988556,-0.210699789,-0.607867672,-0.442091128
1906,4769358,516820,0.956,0.276,0.172,0.1,0.8,2.2,-10.9,-34.9,6.8,0.625049593,-0.210730308,-0.607806635,-0.442030091
1907,4771421,516830,0.956,0.276,0.172,0.1,0.8,2.2,-10.9,-34.9,6.8,0.625049593,-0.210730308,-0.607806635,-0.442030091
1908,4773982,516830,0.948,0.272,0.164,0.2,0.7,2.2,-10.4,-35,6.7,0.62511063,-0.210760826,-0.607776116,-0.441969054
1909,4775704,516830,0.948,0.272,0.164,0.2,0.7,2.2,-10.4,-35,6.7,0.62511063,-0.210760826,-0.607776116,-0.441969054
1910,4777987,516830,0.952,0.272,0.172,0,0.6,2.1,-10.4,-35,6.7,0.625171667,-0.210821863,-0.607745598,-0.441877499
1911,4782145,516840,0.952,0.272,0.172,0,0.6,2.1,-10.4,-35,6.7,0.625171667,-0.210821863,-0.607745598,-0.441877499
1912,4784314,516840,0.944,0.276,0.168,0,0.3,2.1,-10.3,-34.7,7.3,0.625232704,-0.210852382,-0.607715079,-0.44184698
1913,4786515,516840,0.944,0.276,0.168,0,0.3,2.1,-10.3,-34.7,7.3,0.625232704,-0.210852382,-0.607715079,-0.44184698
1914,4788476,516840,0.948,0.272,0.172,0.1,0,2.3,-10.3,-34.7,7.3,0.625293741,-0.210913419,-0.607684561,-0.441785943
1915,4791519,516850,0.948,0.272,0.172,0.1,0,2.3,-10.3,-34.7,7.3,0.625293741,-0.210913419,-0.607684561,-0.441785943
1916,4792919,516850,0.944,0.276,0.172,0.2,-0.1,2.6,-10.3,-34.7,7.3,0.625324259,-0.210943937,-0.607684561,-0.441755425
1917,4796936,516850,0.944,0.276,0.172,0.3,-0.3,2.7,-10.9,-35,7.1,0.625324259,-0.210974456,-0.607684561,-0.441694388
1918,4798913,516850,0.94,0.272,0.172,0.3,-0.3,2.7,-10.9,-35,7.1,0.625385296,-0.211066012,-0.607684561,-0.441602832
1919,4800507,516860,0.94,0.272,0.172,0.3,-0.3,2.7,-10.9,-35,7.1,0.625385296,-0.211066012,-0.607684561,-0.441602832
1920,4804194,516860,0.936,0.28,0.164,0.4,-0.3,2.9,-10.8,-35.1,6.9,0.625446333,-0.211127049,-0.607684561,-0.441511277
1921,4806158,516860,0.936,0.28,0.164,0.4,-0.3,2.9,-10.8,-35.1,6.9,0.625446333,-0.211127049,-0.607684561,-0.441511277
1922,4807780,516860,0.94,0.276,0.164,0.4,0,2.9,-10.8,-35.1,6.9,0.625476852,-0.211157567,-0.607654042,-0.441419721
1923,4811623,516870,0.94,0.276,0.164,0.4,0,2.9,-10.8,-35.1,6.9,0.625476852,-0.211157567,-0.607654042,-0.441419721
1924,4812935,516870,0.94,0.276,0.172,0.5,0,2.6,-10.8,-35.1,6.9,0.625537889,-0.211249123,-0.607654042,-0.441328166
1925,4816931,516870,0.94,0.276,0.172,0.5,0,2.6,-10.8,-35.1,6.9,0.625537889,-0.211249123,-0.607654042,-0.441328166
1926,4819182,516870,0.94,0.276,0.176,0.6,-0.1,2.4,-10.8,-35.1,6.9,0.625598926,-0.21131016,-0.607623524,-0.441267129
1927,4820640,516880,0.94,0.276,0.176,0.6,-0.1,2.4,-10.8,-35.1,6.9,0.625598926,-0.21131016,-0.607623524,-0.441267129
1928,4822950,516880,0.944,0.268,0.176,0.7,-0.1,2.3,-10.6,-34.9,7,0.625659963,-0.211340678,-0.607623524,-0.441175573
1929,4826321,516880,0.944,0.268,0.176,0.7,-0.1,2.3,-10.6,-34.9,7,0.625659963,-0.211340678,-0.607623524,-0.441175573
1930,4828612,516880,0.94,0.272,0.176,0.8,-0.3,2.4,-10.6,-34.9,7,0.625690481,-0.211401715,-0.607623524,-0.441084017
1931,4830861,516890,0.94,0.272,0.176,0.8,-0.3,2.4,-10.6,-34.9,7,0.625690481,-0.211401715,-0.607623524,-0.441084017
1932,4833944,516890,0.94,0.276,0.172,1.2,-0.3,2.3,-10.7,-34.5,7,0.625751518,-0.211432234,-0.607623524,-0.440961943
1933,4836727,516890,0.94,0.276,0.172,1.2,-0.3,2.3,-10.7,-34.5,7,0.625751518,-0.211432234,-0.607623524,-0.440961943
1934,4838634,516890,0.94,0.276,0.172,1.4,-0.3,2.3,-10.7,-34.5,7,0.625782037,-0.211462752,-0.607654042,-0.440870388
1935,4840656,516900,0.94,0.276,0.172,1.4,-0.3,2.3,-10.7,-34.5,7,0.625782037,-0.211462752,-0.607654042,-0.440870388
1936,4843100,516900,0.944,0.276,0.176,1.3,-0.2,2.3,-10.7,-34.5,7,0.625812555,-0.211493271,-0.607654042,-0.440809351
1937,4845336,516900,0.94,0.276,0.172,1.2,-0.1,2.3,-10.6,-34.7,7.2,0.625812555,-0.211432234,-0.607684561,-0.440809351
1938,4847983,516900,0.944,0.28,0.172,1.1,-0.1,2.5,-10.6,-34.7,7.2,0.625873592,-0.211493271,-0.607684561,-0.440717795
1939,4851885,516910,0.944,0.28,0.172,1.1,-0.1,2.5,-10.6,-34.7,7.2,0.625873592,-0.211493271,-0.607684561,-0.440717795
1940,4853927,516910,0.948,0.276,0.172,0.9,-0.2,2.3,-10.3,-34.7,6.9,0.625934629,-0.211523789,-0.607684561,-0.44062624
1941,4856186,516910,0.948,0.276,0.172,0.9,-0.2,2.3,-10.3,-34.7,6.9,0.625934629,-0.211523789,-0.607684561,-0.44062624
1942,4858245,516910,0.952,0.276,0.172,0.8,-0.1,2,-10.3,-34.7,6.9,0.625965148,-0.211554308,-0.607684561,-0.440534684
1943,4860494,516920,0.952,0.276,0.172,0.8,-0.1,2,-10.3,-34.7,6.9,0.625965148,-0.211554308,-0.607684561,-0.440534684
1944,4862880,516920,0.952,0.272,0.172,0.6,0,2.1,-10.3,-34.7,6.9,0.626026185,-0.211584826,-0.607684561,-0.440473647
1945,4866822,516920,0.952,0.272,0.172,0.6,0,2.1,-10.3,-34.7,6.9,0.626026185,-0.211584826,-0.607684561,-0.440473647
1946,4868829,516920,0.952,0.276,0.164,0.3,0.2,1.7,-10.3,-34.7,6.9,0.626056703,-0.211615345,-0.607654042,-0.440382092
1947,4871120,516930,0.952,0.276,0.164,0.3,0.2,1.7,-10.3,-34.7,6.9,0.626056703,-0.211615345,-0.607654042,-0.440382092
1948,4872817,516930,0.952,0.272,0.164,0.1,0.2,1.4,-10.5,-34.7,7.1,0.626087222,-0.211645863,-0.607654042,-0.440351573
1949,4876311,516930,0.952,0.272,0.164,0.1,0.2,1.4,-10.5,-34.7,7.1,0.626087222,-0.211645863,-0.607654042,-0.440351573
1950,4878687,516930,0.952,0.272,0.168,0,0.1,1.4,-10.5,-34.7,7.1,0.62611774,-0.211676382,-0.607623524,-0.440321055
1951,4880814,516940,0.952,0.272,0.168,0,0.1,1.4,-10.5,-34.7,7.1,0.62611774,-0.211676382,-0.607623524,-0.440321055
1952,4883805,516940,0.956,0.268,0.168,-0.1,0,1.6,-10.8,-35,7.7,0.626178777,-0.211737419,-0.607623524,-0.440260018
1953,4886229,516940,0.956,0.268,0.168,-0.1,0,1.6,-10.8,-35,7.7,0.626178777,-0.211737419,-0.607623524,-0.440260018
1954,4888069,516940,0.956,0.272,0.164,-0.4,-0.2,1.7,-10.8,-35,7.7,0.626178777,-0.211798456,-0.607593005,-0.440229499
1955,4890341,516950,0.956,0.272,0.164,-0.4,-0.2,1.7,-10.8,-35,7.7,0.626178777,-0.211798456,-0.607593005,-0.440229499
1956,4894410,516950,0.952,0.268,0.168,-0.5,-0.4,1.6,-10.8,-35,7.7,0.626209296,-0.211828974,-0.607593005,-0.440229499
1957,4896554,516950,0.952,0.268,0.168,-0.5,-0.4,1.4,-10.5,-34.9,7.1,0.626178777,-0.21192053,-0.607593005,-0.440137944
1958,4898851,516950,0.948,0.272,0.176,-0.5,-0.4,1.3,-10.5,-34.9,7.1,0.626209296,-0.211981567,-0.607593005,-0.440137944
1959,4900961,516960,0.948,0.272,0.176,-0.5,-0.4,1.3,-10.5,-34.9,7.1,0.626209296,-0.211981567,-0.607593005,-0.440137944
1960,4903027,516960,0.948,0.264,0.168,-0.5,-0.4,1.3,-10.9,-35.3,6.9,0.626209296,-0.212042604,-0.607593005,-0.440107425
1961,4905450,516960,0.948,0.264,0.168,-0.5,-0.4,1.3,-10.9,-35.3,6.9,0.626209296,-0.212042604,-0.607593005,-0.440107425
1962,4908127,516960,0.948,0.268,0.172,-0.5,-0.5,1.2,-10.9,-35.3,6.9,0.626209296,-0.212103641,-0.607562487,-0.440076907
1963,4911385,516970,0.948,0.268,0.172,-0.5,-0.5,1.2,-10.9,-35.3,6.9,0.626209296,-0.212103641,-0.607562487,-0.440076907
1964,4913789,516970,0.948,0.268,0.164,-0.4,-0.5,0.9,-10.9,-35.3,6.9,0.626209296,-0.212134159,-0.607562487,-0.440046388
1965,4916090,516970,0.948,0.268,0.164,-0.4,-0.5,0.9,-10.9,-35.3,6.9,0.626209296,-0.212134159,-0.607562487,-0.440046388
1966,4918051,516970,0.944,0.272,0.168,-0.3,-0.5,0.7,-10.9,-35.3,6.9,0.626209296,-0.212195196,-0.607562487,-0.440046388
1967,4920260,516980,0.944,0.272,0.168,-0.3,-0.5,0.7,-10.9,-35.3,6.9,0.626209296,-0.212195196,-0.607562487,-0.440046388
1968,4924219,516980,0.94,0.268,0.168,-0.2,-0.7,0.9,-10,-35.1,6.9,0.626209296,-0.212225715,-0.607562487,-0.44001587
1969,4926478,516980,0.94,0.268,0.168,-0.2,-0.7,0.9,-10,-35.1,6.9,0.626209296,-0.212225715,-0.607562487,-0.44001587
1970,4928831,516980,0.944,0.268,0.168,0,-0.4,1,-10,-35.1,6.9,0.626209296,-0.212286752,-0.607593005,-0.439985351
1971,4930695,516990,0.944,0.268,0.168,0,-0.4,1,-10,-35.1,6.9,0.626209296,-0.212286752,-0.607593005,-0.439985351
1972,4932918,516990,0.944,0.272,0.168,0.1,-0.3,0.6,-10,-35,7.2,0.626209296,-0.212286752,-0.607593005,-0.439924314
1973,4936876,516990,0.944,0.272,0.168,0.1,-0.3,0.6,-10,-35,7.2,0.626209296,-0.212286752,-0.607593005,-0.439924314
1974,4938133,516990,0.944,0.272,0.164,0.2,-0.3,0.8,-10,-35,7.2,0.626209296,-0.21231727,-0.607593005,-0.439924314
1975,4940457,517000,0.944,0.272,0.164,0.2,-0.3,0.8,-10,-35,7.2,0.626209296,-0.21231727,-0.607593005,-0.439924314
1976,4943712,517000,0.944,0.272,0.164,0.3,-0.3,0.9,-10,-35,7.2,0.626239814,-0.21231727,-0.607593005,-0.439924314
1977,4945711,517000,0.948,0.272,0.168,0.3,-0.3,0.8,-10.2,-34.8,7.3,0.626209296,-0.21231727,-0.607623524,-0.439893796
1978,4947908,517000,0.948,0.268,0.168,0.6,-0.3,0.5,-10.2,-34.8,7.3,0.626209296,-0.21231727,-0.607654042,-0.439863277
1979,4950956,517010,0.948,0.268,0.168,0.6,-0.3,0.5,-10.2,-34.8,7.3,0.626209296,-0.21231727,-0.607654042,-0.439863277
1980,4953919,517010,0.948,0.276,0.172,0.8,-0.2,0.2,-10.7,-34.5,7.3,0.626209296,-0.21231727,-0.607654042,-0.439832759
1981,4955410,517010,0.948,0.276,0.172,0.8,-0.2,0.2,-10.7,-34.5,7.3,0.626209296,-0.21231727,-0.607654042,-0.439832759
1982,4958526,517010,0.956,0.272,0.172,0.9,0,0.2,-10.7,-34.5,7.3,0.626239814,-0.21231727,-0.607684561,-0.43980224
1983,4961528,517020,0.956,0.272,0.172,0.9,0,0.2,-10.7,-34.5,7.3,0.626239814,-0.21231727,-0.607684561,-0.43980224
1984,4962851,517020,0.956,0.268,0.168,0.9,0,0.4,-10.7,-34.5,7.3,0.626239814,-0.212286752,-0.607684561,-0.439771722
1985,4966805,517020,0.956,0.268,0.168,0.9,0,0.4,-10.7,-34.5,7.3,0.626239814,-0.212286752,-0.607684561,-0.439771722
1986,4968155,517020,0.956,0.268,0.172,0.8,-0.2,0.3,-10.7,-34.5,7.3,0.626270333,-0.212286752,-0.607715079,-0.439741203
1987,4971285,517030,0.956,0.268,0.172,0.8,-0.2,0.3,-10.7,-34.5,7.3,0.626270333,-0.212286752,-0.607715079,-0.439741203
1988,4973434,517030,0.952,0.268,0.168,0.6,-0.3,0.1,-10.7,-35.1,6.9,0.626270333,-0.212256233,-0.607745598,-0.439710685
1989,4976631,517030,0.952,0.268,0.168,0.6,-0.3,0.1,-10.7,-35.1,6.9,0.626270333,-0.212256233,-0.607745598,-0.439710685
1990,4978698,517030,0.956,0.272,0.168,0.7,-0.3,0.1,-10.7,-35.1,6.9,0.626270333,-0.212256233,-0.607745598,-0.439680166
1991,4981565,517040,0.956,0.272,0.168,0.7,-0.3,0.1,-10.7,-35.1,6.9,0.626270333,-0.212256233,-0.607745598,-0.439680166
1992,4982949,517040,0.956,0.268,0.164,0.8,-0.3,0,-10.6,-34.8,7.2,0.626270333,-0.212256233,-0.607776116,-0.439649648
1993,4986082,517040,0.956,0.268,0.164,0.8,-0.3,0,-10.6,-34.8,7.2,0.626270333,-0.212256233,-0.607776116,-0.439649648
1994,4989062,517040,0.956,0.268,0.168,0.7,-0.4,0.1,-10.6,-34.8,7.2,0.626270333,-0.212256233,-0.607806635,-0.439619129
1995,4990351,517050,0.956,0.268,0.168,0.7,-0.4,0.1,-10.6,-34.8,7.2,0.626270333,-0.212256233,-0.607806635,-0.439619129
1996,4993625,517050,0.956,0.268,0.168,0.7,-0.3,0.1,-10.6,-34.8,7.2,0.626270333,-0.212225715,-0.607806635,-0.439619129
1997,4995605,517050,0.96,0.276,0.168,0.7,-0.4,0,-10.5,-35.3,7,0.626239814,-0.212256233,-0.607867672,-0.439558092
1998,4998713,517050,0.956,0.272,0.168,0.8,-0.6,0.1,-10.5,-35.3,7,0.626239814,-0.212256233,-0.60789819,-0.439527573
