sample_index,elapsed_us,device_time_ms,acc_x_g,acc_y_g,acc_z_g,gyro_x_dps,gyro_y_dps,gyro_z_dps,mag_x_ut,mag_y_ut,mag_z_ut,quat_w,quat_x,quat_y,quat_z
0,3264,817950,0.988,0.036,-0.026,0,-0.2,0,-35.6,5.6,26.4,0.169316691,0.70146794,-0.14557329,0.676747948
1,5775,817950,0.988,0.04,-0.026,0.1,-0.1,0,-35.6,5.6,26.4,0.169286172,0.70146794,-0.14557329,0.676747948
2,9710,817960,0.985,0.044,-0.034,0.1,-0.1,0,-35.4,5,26.3,0.169286172,0.70146794,-0.14557329,0.676747948
3,11188,817960,0.985,0.04,-0.026,0.1,0,0,-35.4,5,26.3,0.169286172,0.70146794,-0.14557329,0.676747948
4,13525,817960,0.988,0.044,-0.026,0.1,0,0,-35.4,5,26.3,0.169286172,0.70146794,-0.14557329,0.676747948
5,15737,817960,0.988,0.04,-0.026,0.1,0.1,0.1,-35.4,5,26.3,0.169286172,0.70146794,-0.14557329,0.676747948
6,18454,817970,0.985,0.044,-0.03,0,0.1,0,-35.6,4.2,26.4,0.169286172,0.70146794,-0.14557329,0.676747948
7,21343,817970,0.988,0.036,-0.018,0,0.1,0,-35.6,4.2,26.4,0.169286172,0.70146794,-0.14557329,0.676747948
8,23105,817970,0.985,0.036,-0.022,0,0.1,0,-35.6,4.2,26.4,0.169286172,0.70146794,-0.14557329,0.676747948
9,26609,817970,0.985,0.04,-0.022,0,0.1,0,-35.6,4.2,26.4,0.169286172,0.70146794,-0.14557329,0.676747948
10,28206,817980,0.981,0.04,-0.022,0,0.1,0,-35.5,3.5,26.2,0.169286172,0.70146794,-0.14557329,0.676808985
11,31320,817980,0.985,0.036,-0.03,0,0.1,0,-35.5,3.5,26.2,0.169286172,0.70146794,-0.14557329,0.676808985
12,33538,817980,0.985,0.036,-0.022,0,0.1,0,-35.5,3.5,26.2,0.169286172,0.70146794,-0.14557329,0.676808985
13,36523,817980,0.985,0.04,-0.026,0,0,0,-35.5,3.5,26.2,0.169286172,0.70146794,-0.14557329,0.676808985
14,38238,817990,0.985,0.04,-0.026,0,0,0,-35.5,3.5,26.2,0.169286172,0.70146794,-0.14557329,0.676808985
15,41733,817990,0.985,0.04,-0.026,0,0,0,-35.2,7.6,27.7,0.169286172,0.701437422,-0.14557329,0.676808985
16,43257,817990,0.988,0.04,-0.022,0,0,0.1,-35.2,7.6,27.7,0.169286172,0.701437422,-0.14557329,0.676808985
17,46281,817990,0.988,0.04,-0.026,0,0.1,0.2,-35.2,7.6,27.7,0.169286172,0.701437422,-0.145603809,0.676808985
18,48474,818000,0.988,0.04,-0.03,0,0.1,0.1,-35.1,5.1,26.2,0.169286172,0.701437422,-0.145603809,0.676808985
19,51682,818000,0.985,0.044,-0.022,0,0.1,0,-35.1,5.1,26.2,0.169286172,0.701437422,-0.145603809,0.676808985
20,53395,818000,0.988,0.04,-0.026,0,0,0,-35.1,5.1,26.2,0.169255654,0.701437422,-0.145603809,0.676808985
21,55715,818000,0.985,0.04,-0.026,0.1,0,0,-35.1,5.1,26.2,0.169255654,0.701437422,-0.145603809,0.676808985
22,59232,818010,0.988,0.04,-0.022,0.1,0,0,-35.5,5.5,25.9,0.169255654,0.701437422,-0.145603809,0.676808985
23,60684,818010,0.985,0.036,-0.022,0.1,0.1,0,-35.5,5.5,25.9,0.169255654,0.701437422,-0.14557329,0.676839503
24,63655,818010,0.988,0.04,-0.03,0.1,0.1,0,-35.5,5.5,25.9,0.169255654,0.701437422,-0.14557329,0.676839503
25,66696,818010,0.981,0.036,-0.026,0.1,0.1,0,-35.5,5.5,25.9,0.169255654,0.701437422,-0.14557329,0.676839503
26,68229,818020,0.981,0.04,-0.022,0,0.1,-0.1,-35.4,5.3,25.9,0.169255654,0.701437422,-0.14557329,0.676839503
27,70722,818020,0.988,0.04,-0.022,0,0,0,-35.4,5.3,25.9,0.169255654,0.701437422,-0.14557329,0.676839503
28,74158,818020,0.988,0.048,-0.022,0,0,0,-35.4,5.3,25.9,0.169255654,0.701437422,-0.14557329,0.676839503
29,75678,818020,0.988,0.036,-0.026,0,0,0,-35.4,5.3,25.9,0.169255654,0.701437422,-0.14557329,0.676839503
30,78787,818030,0.985,0.036,-0.022,0,0,0,-35.3,6.3,26.2,0.169255654,0.701437422,-0.14557329,0.676839503
31,81760,818030,0.985,0.04,-0.026,0.1,0.1,0.1,-35.3,6.3,26.2,0.169255654,0.701437422,-0.14557329,0.676839503
32,83271,818030,0.988,0.04,-0.022,0,0.2,0,-35.3,6.3,26.2,0.169255654,0.701437422,-0.14557329,0.676839503
33,86354,818030,0.988,0.04,-0.026,0,0.3,0,-35.3,6.3,26.2,0.169255654,0.701406903,-0.14557329,0.676839503
34,88528,818040,0.988,0.04,-0.026,0,0.3,0,-35.3,6.3,26.2,0.169255654,0.701406903,-0.14557329,0.676839503
35,90675,818040,0.988,0.044,-0.018,0,0.1,0.1,-35.2,6.4,26.9,0.169255654,0.701406903,-0.14557329,0.676870022
36,93777,818040,0.985,0.044,-0.03,0,0.2,0.1,-35.2,6.4,26.9,0.169255654,0.701406903,-0.14557329,0.676870022
37,95599,818040,0.985,0.036,-0.022,0,0.1,0,-35.2,6.4,26.9,0.169255654,0.701376385,-0.14557329,0.676870022
38,99302,818050,0.985,0.036,-0.026,0,0.1,0,-35.5,6.2,26.9,0.169255654,0.701376385,-0.14557329,0.676870022
39,100772,818050,0.985,0.04,-0.022,0,0,0,-35.5,6.2,26.9,0.169255654,0.701376385,-0.14557329,0.676870022
40,103304,818050,0.985,0.036,-0.03,0,0,0,-35.5,6.2,26.9,0.169255654,0.701376385,-0.14557329,0.676870022
41,105644,818050,0.985,0.044,-0.022,0,0,0,-35.5,6.2,26.9,0.169255654,0.701376385,-0.14557329,0.676870022
42,109773,818060,0.981,0.044,-0.026,0,-0.1,0,-35.2,6.3,26.7,0.169255654,0.701376385,-0.14557329,0.676870022
43,111888,818060,0.988,0.036,-0.026,0,0,0,-35.2,6.3,26.7,0.169255654,0.701376385,-0.14557329,0.676870022
44,114267,818060,0.988,0.036,-0.026,0,0,0,-35.2,6.3,26.7,0.169255654,0.701376385,-0.14557329,0.676870022
45,115960,818060,0.985,0.04,-0.022,0,0,-0.1,-35.2,6.3,26.7,0.169255654,0.701376385,-0.14557329,0.676870022
46,118327,818070,0.985,0.036,-0.018,0,0,0,-35,6.8,27.2,0.169255654,0.701376385,-0.14557329,0.676870022
47,120936,818070,0.981,0.04,-0.022,0,0,0,-35,6.8,27.2,0.169255654,0.701376385,-0.14557329,0.676870022
48,124109,818070,0.985,0.036,-0.03,0,0,0,-35,6.8,27.2,0.169255654,0.701376385,-0.14557329,0.676870022
49,126019,818070,0.988,0.04,-0.026,0,0,0,-35,6.8,27.2,0.169255654,0.701376385,-0.14557329,0.676870022
50,128188,818080,0.981,0.04,-0.026,0,0,0,-35.4,6.7,27,0.169255654,0.701376385,-0.14557329,0.676870022
51,130644,818080,0.985,0.044,-0.022,0.1,0,0,-35.4,6.7,27,0.169255654,0.701376385,-0.14557329,0.676870022
52,134673,818080,0.988,0.036,-0.026,0.1,0,0,-35.4,6.7,27,0.169255654,0.701376385,-0.14557329,0.676870022
53,136965,818080,0.988,0.04,-0.026,0.1,0.1,0,-35.4,6.7,27,0.169255654,0.701376385,-0.14557329,0.676870022
54,139202,818090,0.988,0.04,-0.026,0.1,0.1,0,-35.4,6.7,27,0.169255654,0.701376385,-0.14557329,0.676870022
55,141436,818090,0.985,0.04,-0.022,0,0.1,0,-35.2,5.3,26.8,0.169286172,0.701376385,-0.14557329,0.676870022
56,143652,818090,0.981,0.04,-0.03,0,0.1,0,-35.2,5.3,26.8,0.169255654,0.701376385,-0.145542772,0.67690054
57,145961,818090,0.988,0.036,-0.03,0,0.1,0,-35.2,5.3,26.8,0.169286172,0.701376385,-0.145542772,0.67690054
58,148263,818100,0.985,0.036,-0.026,0,0.2,0,-35.7,6.9,26.7,0.169286172,0.701376385,-0.145542772,0.67690054
59,150826,818100,0.985,0.04,-0.026,0,0.2,0,-35.7,6.9,26.7,0.169286172,0.701376385,-0.145542772,0.67690054
60,153227,818100,0.988,0.04,-0.026,0,0.1,0,-35.7,6.9,26.7,0.169286172,0.701376385,-0.145542772,0.67690054
61,157163,818100,0.988,0.04,-0.03,0,0,0,-35.7,6.9,26.7,0.169286172,0.701376385,-0.145542772,0.67690054
62,159528,818110,0.988,0.04,-0.03,0,0,0,-36.4,7,26.5,0.169286172,0.701376385,-0.145542772,0.67690054
63,160891,818110,0.985,0.04,-0.022,0.1,0,0,-36.4,7,26.5,0.169286172,0.701376385,-0.145542772,0.67690054
64,163857,818110,0.981,0.04,-0.026,0.1,0,0,-36.4,7,26.5,0.169255654,0.701376385,-0.145542772,0.67690054
65,165870,818110,0.981,0.04,-0.026,0.1,0,0,-36.4,7,26.5,0.169255654,0.701376385,-0.145542772,0.67690054
66,169869,818120,0.981,0.036,-0.026,0,0,0,-37.3,7.2,26.5,0.169255654,0.701376385,-0.145542772,0.67690054
67,171251,818120,0.981,0.036,-0.026,0,0.1,0,-37.3,7.2,26.5,0.169255654,0.701376385,-0.145542772,0.67690054
68,174287,818120,0.985,0.036,-0.026,-0.1,0.2,0,-37.3,7.2,26.5,0.169255654,0.701345866,-0.145542772,0.67690054
69,176614,818120,0.985,0.04,-0.022,-0.1,0.3,0.1,-37.3,7.2,26.5,0.169255654,0.701345866,-0.145542772,0.67690054
70,178829,818130,0.988,0.04,-0.026,-0.1,0.1,0,-37.5,7,26.6,0.169255654,0.701345866,-0.14557329,0.676931059
71,180578,818130,0.985,0.04,-0.026,0,0,0,-37.5,7,26.6,0.169255654,0.701345866,-0.14557329,0.676931059
72,183258,818130,0.988,0.04,-0.03,0,0,0,-37.5,7,26.6,0.169255654,0.701345866,-0.14557329,0.676931059
73,186168,818130,0.988,0.04,-0.022,0,0,0,-37.5,7,26.6,0.169255654,0.701345866,-0.14557329,0.676931059
74,188479,818140,0.985,0.036,-0.026,0,0,0,-34,4.9,26.7,0.169286172,0.701345866,-0.145542772,0.67690054
75,191335,818140,0.985,0.036,-0.026,0,0,0,-34,4.9,26.7,0.169286172,0.701345866,-0.145542772,0.67690054
76,194313,818140,0.985,0.04,-0.022,0,0,0,-34,4.9,26.7,0.169286172,0.701345866,-0.145542772,0.67690054
77,196492,818140,0.985,0.044,-0.026,0,0,0,-34,4.9,26.7,0.169286172,0.701345866,-0.145542772,0.67690054
78,198914,818150,0.988,0.04,-0.026,0,0.1,0,-36.9,7.4,26.9,0.169286172,0.701345866,-0.145542772,0.67690054
79,200848,818150,0.985,0.04,-0.022,0,0.1,0,-36.9,7.4,26.9,0.169286172,0.701345866,-0.145542772,0.67690054
80,204035,818150,0.988,0.04,-0.026,0,0,0,-36.9,7.4,26.9,0.169286172,0.701345866,-0.145542772,0.67690054
81,205544,818150,0.985,0.04,-0.026,0,0,0,-36.9,7.4,26.9,0.169286172,0.701345866,-0.145542772,0.67690054
82,208732,818160,0.988,0.032,-0.026,-0.1,0,0,-36.7,7.2,26.6,0.169286172,0.701345866,-0.145542772,0.67690054
83,210946,818160,0.985,0.04,-0.026,-0.1,0,0,-36.7,7.2,26.6,0.169286172,0.701345866,-0.145542772,0.67690054
84,213203,818160,0.988,0.04,-0.026,-0.1,0,0,-36.7,7.2,26.6,0.169286172,0.701345866,-0.145542772,0.67690054
85,216896,818160,0.985,0.04,-0.026,0,0,0,-36.7,7.2,26.6,0.169286172,0.701345866,-0.145542772,0.67690054
86,219424,818170,0.985,0.04,-0.026,0.1,0,0,-36,7.2,26.5,0.169286172,0.701345866,-0.145542772,0.67690054
87,221551,818170,0.985,0.036,-0.03,0.1,0,0,-36,7.2,26.5,0.169286172,0.701345866,-0.145542772,0.67690054
88,223112,818170,0.988,0.04,-0.026,0,0,0,-36,7.2,26.5,0.169286172,0.701345866,-0.145542772,0.67690054
89,226468,818170,0.985,0.04,-0.026,0,0,0,-36,7.2,26.5,0.169286172,0.701345866,-0.145542772,0.67690054
90,228090,818180,0.985,0.04,-0.022,0,0.1,0,-35.5,7,26.9,0.169286172,0.701345866,-0.145542772,0.67690054
91,231632,818180,0.988,0.036,-0.022,0,0.1,0,-35.5,7,26.9,0.169286172,0.701345866,-0.145542772,0.67690054
92,233154,818180,0.988,0.032,-0.018,0,0,0,-35.5,7,26.9,0.169286172,0.701345866,-0.145542772,0.676931059
93,235767,818180,0.985,0.04,-0.03,0,0,0.1,-35.5,7,26.9,0.169286172,0.701345866,-0.145542772,0.676931059
94,239344,818190,0.985,0.04,-0.026,0,-0.1,0,-35,6,27,0.169255654,0.701315348,-0.14557329,0.676931059
95,241497,818190,0.988,0.04,-0.026,0,-0.1,0,-35,6,27,0.169255654,0.701315348,-0.14557329,0.676931059
96,243115,818190,0.985,0.04,-0.026,0,-0.1,0,-35,6,27,0.169255654,0.701315348,-0.14557329,0.676931059
97,246144,818190,0.988,0.036,-0.022,0,-0.1,0,-35,6,27,0.169255654,0.701345866,-0.14557329,0.676931059
98,248182,818200,0.985,0.04,-0.022,0,0,0,-34.7,6.1,26.7,0.169255654,0.701345866,-0.14557329,0.676931059
99,250975,818200,0.988,0.04,-0.018,0,0,0,-34.7,6.1,26.7,0.169255654,0.701345866,-0.14557329,0.676931059
100,254852,818200,0.985,0.04,-0.022,0,0.1,0,-34.7,6.1,26.7,0.169255654,0.701315348,-0.14557329,0.676931059
101,256526,818200,0.988,0.04,-0.022,0,0,0,-34.7,6.1,26.7,0.169255654,0.701315348,-0.14557329,0.676931059
102,257962,818210,0.985,0.04,-0.026,0,0,0,-34.9,5.9,26.7,0.169255654,0.701315348,-0.14557329,0.676931059
103,261797,818210,0.985,0.036,-0.022,0,0,0,-34.9,5.9,26.7,0.169255654,0.701315348,-0.14557329,0.676931059
104,263302,818210,0.985,0.04,-0.022,0,-0.1,0,-34.9,5.9,26.7,0.169255654,0.701345866,-0.14557329,0.676931059
105,265798,818210,0.985,0.04,-0.018,0,0,0,-34.9,5.9,26.7,0.169255654,0.701345866,-0.14557329,0.676931059
106,269526,818220,0.985,0.032,-0.018,0,-0.1,0,-34.7,6,26.9,0.169255654,0.701345866,-0.14557329,0.676931059
107,271544,818220,0.981,0.04,-0.022,0,-0.1,0,-34.7,6,26.9,0.169255654,0.701345866,-0.14557329,0.676931059
108,273848,818220,0.981,0.036,-0.03,0,-0.2,0,-34.7,6,26.9,0.169255654,0.701345866,-0.14557329,0.676931059
109,276171,818220,0.988,0.036,-0.022,0.1,-0.2,0,-34.7,6,26.9,0.169255654,0.701345866,-0.14557329,0.676931059
110,278456,818230,0.985,0.044,-0.018,0.1,-0.2,0,-34.7,6,27.2,0.169255654,0.701345866,-0.14557329,0.676931059
111,280795,818230,0.981,0.036,-0.018,0.1,-0.1,0,-34.7,6,27.2,0.169255654,0.701345866,-0.14557329,0.676931059
112,283428,818230,0.985,0.032,-0.026,0.1,0,0,-34.7,6,27.2,0.169255654,0.701345866,-0.14557329,0.676931059
113,285779,818230,0.985,0.04,-0.022,0,0.1,0,-34.7,6,27.2,0.169255654,0.701345866,-0.14557329,0.676931059
114,289296,818240,0.988,0.04,-0.022,0,0.1,0,-34.7,6,27.2,0.169255654,0.701315348,-0.14557329,0.676961577
115,291648,818240,0.985,0.04,-0.022,0,0.1,0,-34.7,6,27.2,0.169255654,0.701315348,-0.145542772,0.676961577
116,293811,818240,0.988,0.04,-0.022,0,0,0,-34.7,6,27.2,0.169255654,0.701315348,-0.145542772,0.676961577
117,296096,818240,0.988,0.036,-0.026,0,0,0,-34.7,6,27.2,0.169255654,0.701315348,-0.145542772,0.676961577
118,298267,818250,0.985,0.036,-0.026,0,-0.1,0,-34.1,6,27.1,0.169255654,0.701315348,-0.145542772,0.676961577
119,300896,818250,0.985,0.04,-0.022,0,0,0,-34.1,6,27.1,0.169255654,0.701315348,-0.145542772,0.676961577
120,305119,818250,0.985,0.036,-0.026,0,0.1,0,-34.1,6,27.1,0.169255654,0.701315348,-0.145542772,0.676961577
121,305968,818250,0.985,0.044,-0.022,0,0.2,0,-34.1,6,27.1,0.169255654,0.701315348,-0.145542772,0.676961577
122,308215,818260,0.985,0.044,-0.026,0,0.2,0.1,-34.3,6.1,26.6,0.169255654,0.701284829,-0.145542772,0.676961577
123,310728,818260,0.985,0.04,-0.022,0,0,0,-34.3,6.1,26.6,0.169255654,0.701284829,-0.145542772,0.676961577
124,314819,818260,0.988,0.044,-0.03,0,0,0,-34.3,6.1,26.6,0.169255654,0.701284829,-0.145542772,0.676961577
125,317122,818260,0.988,0.04,-0.022,0.1,0,0,-34.3,6.1,26.6,0.169255654,0.701315348,-0.145542772,0.676961577
126,319347,818270,0.985,0.04,-0.022,0,0,-0.1,-34.2,6,27,0.169255654,0.701315348,-0.145542772,0.676961577
127,321678,818270,0.985,0.04,-0.022,0,0.1,-0.1,-34.2,6,27,0.169255654,0.701284829,-0.145542772,0.676961577
128,323885,818270,0.988,0.04,-0.034,0,0,-0.1,-34.2,6,27,0.169255654,0.701284829,-0.145542772,0.676961577
129,326039,818270,0.988,0.036,-0.026,0,0,0,-34.2,6,27,0.169255654,0.701315348,-0.145542772,0.676961577
130,328374,818280,0.988,0.04,-0.026,0,-0.1,0,-34.1,5.7,27,0.169255654,0.701315348,-0.145542772,0.676961577
131,330681,818280,0.988,0.04,-0.022,0,-0.2,0.1,-34.1,5.7,27,0.169255654,0.701315348,-0.145542772,0.676961577
132,334225,818280,0.988,0.04,-0.022,0,-0.1,0.2,-34.1,5.7,27,0.169255654,0.701315348,-0.145542772,0.676961577
133,335725,818280,0.985,0.04,-0.03,0,0,0.1,-34.1,5.7,27,0.169255654,0.701315348,-0.145542772,0.676961577
134,338152,818290,0.985,0.04,-0.022,0,0.1,0,-34.1,5.7,27,0.169255654,0.701315348,-0.145542772,0.676961577
135,341758,818290,0.985,0.04,-0.022,0,0.1,0,-34.1,5.7,27,0.169255654,0.701315348,-0.145542772,0.676961577
136,343299,818290,0.985,0.036,-0.026,0,0,0,-34.1,5.7,27,0.169255654,0.701315348,-0.145542772,0.676961577
137,347211,818290,0.981,0.04,-0.026,0,0,0,-34.1,5.7,27,0.169255654,0.701315348,-0.145542772,0.676961577
138,349298,818300,0.985,0.044,-0.022,0,0,0,-33.9,5.8,26.6,0.169255654,0.701284829,-0.145542772,0.676961577
139,350904,818300,0.985,0.04,-0.022,0,0.1,0,-33.9,5.8,26.6,0.169255654,0.701284829,-0.145542772,0.676961577
140,353193,818300,0.981,0.04,-0.03,0,0.1,0,-33.9,5.8,26.6,0.169255654,0.701284829,-0.145542772,0.676992096
141,355787,818300,0.988,0.032,-0.022,0,0.1,0,-33.9,5.8,26.6,0.169255654,0.701284829,-0.145542772,0.676992096
142,359287,818310,0.988,0.04,-0.026,0,0.1,0,-34.2,5.9,27,0.169255654,0.701284829,-0.145542772,0.676992096
143,360817,818310,0.988,0.04,-0.022,0,0,0,-34.2,5.9,27,0.169255654,0.701284829,-0.145542772,0.676992096
144,363381,818310,0.985,0.04,-0.026,0.1,0,0,-34.2,5.9,27,0.169255654,0.701284829,-0.145542772,0.676992096
145,366838,818310,0.988,0.036,-0.018,0,0,0.1,-34.2,5.9,27,0.169255654,0.701284829,-0.145542772,0.676992096
146,368289,818320,0.988,0.04,-0.022,0,0,0,-34,6,26.9,0.169255654,0.701284829,-0.145542772,0.676992096
147,370728,818320,0.981,0.04,-0.026,0,0,0,-34,6,26.9,0.169255654,0.701284829,-0.145542772,0.676992096
148,373636,818320,0.985,0.036,-0.026,0,0,0,-34,6,26.9,0.169255654,0.701284829,-0.145542772,0.676992096
149,375879,818320,0.985,0.036,-0.03,0,0,0,-34,6,26.9,0.169255654,0.701284829,-0.145542772,0.676992096
150,378183,818330,0.988,0.04,-0.022,0,-0.1,0,-34.2,5.9,26.9,0.169255654,0.701284829,-0.145542772,0.676992096
151,380665,818330,0.988,0.036,-0.022,0,-0.1,0,-34.2,5.9,26.9,0.169255654,0.701284829,-0.145542772,0.676992096
152,383231,818330,0.985,0.04,-0.026,0,-0.1,0,-34.2,5.9,26.9,0.169255654,0.701284829,-0.145542772,0.676992096
153,386751,818330,0.988,0.036,-0.018,0,0,0,-34.2,5.9,26.9,0.169255654,0.701284829,-0.145542772,0.676992096
154,388253,818340,0.988,0.036,-0.018,0,0,0,-34.2,5.9,26.9,0.169255654,0.701284829,-0.145542772,0.676992096
155,390770,818340,0.981,0.04,-0.022,0,0,0,-34.2,5.9,26.9,0.169255654,0.701254311,-0.145542772,0.677022614
156,394182,818340,0.985,0.04,-0.022,0,0,0,-34.2,5.9,26.9,0.169255654,0.701254311,-0.145542772,0.677022614
157,395775,818340,0.981,0.032,-0.03,0,0,0.1,-34.2,5.9,26.9,0.169255654,0.701254311,-0.14557329,0.677022614
158,398446,818350,0.985,0.04,-0.038,-0.1,-0.1,0.1,-35,5.8,27.1,0.169255654,0.701254311,-0.14557329,0.677022614
159,401780,818350,0.981,0.04,-0.03,-0.1,-0.1,0,-35,5.8,27.1,0.169255654,0.701254311,-0.14557329,0.676992096
160,403273,818350,0.985,0.036,-0.022,-0.1,-0.2,0,-35,5.8,27.1,0.169255654,0.701284829,-0.14557329,0.676992096
161,406436,818350,0.988,0.044,-0.026,0,-0.1,0,-35,5.8,27.1,0.169255654,0.701284829,-0.14557329,0.676992096
162,408662,818360,0.992,0.04,-0.026,0,-0.2,0,-34.9,6,27.1,0.169255654,0.701284829,-0.14557329,0.676992096
163,410889,818360,0.988,0.04,-0.026,0,-0.2,0,-34.9,6,27.1,0.169255654,0.701284829,-0.14557329,0.676992096
164,413152,818360,0.992,0.04,-0.03,0,-0.2,0,-34.9,6,27.1,0.169255654,0.701284829,-0.14557329,0.676992096
165,415669,818360,0.992,0.044,-0.022,0,-0.2,0,-34.9,6,27.1,0.169255654,0.701284829,-0.14557329,0.676992096
166,419151,818370,0.988,0.04,-0.022,0,-0.1,0,-35.1,5.9,27.7,0.169255654,0.701284829,-0.14557329,0.676992096
167,420781,818370,0.981,0.036,-0.022,0,0,0,-35.1,5.9,27.7,0.169255654,0.701284829,-0.14557329,0.676992096
168,423626,818370,0.981,0.04,-0.026,0,0,0,-35.1,5.9,27.7,0.169255654,0.701284829,-0.14557329,0.676992096
169,425869,818370,0.981,0.04,-0.018,0.1,0.1,0,-35.1,5.9,27.7,0.169255654,0.701284829,-0.14557329,0.676992096
170,428844,818380,0.985,0.032,-0.022,0,0.1,0,-34.9,6,28,0.169255654,0.701284829,-0.14557329,0.676992096
171,431110,818380,0.981,0.036,-0.022,0,0.1,0,-34.9,6,28,0.169255654,0.701284829,-0.14557329,0.676992096
172,434056,818380,0.981,0.04,-0.022,-0.1,0.1,0,-34.9,6,28,0.169255654,0.701284829,-0.14557329,0.676992096
173,435710,818380,0.977,0.036,-0.018,-0.1,0.1,0,-34.9,6,28,0.169255654,0.701284829,-0.14557329,0.676992096
174,438645,818390,0.985,0.04,-0.03,0,0,0,-34.9,6,28,0.169255654,0.701254311,-0.14557329,0.677022614
175,441729,818390,0.988,0.04,-0.026,0,0,0,-34.9,6,28,0.169255654,0.701254311,-0.14557329,0.677022614
176,443181,818390,0.988,0.036,-0.026,0.1,0,0,-34.9,6,28,0.169255654,0.701254311,-0.14557329,0.677022614
177,446119,818390,0.988,0.036,-0.026,0.1,-0.1,0.1,-34.9,6,28,0.169225135,0.701254311,-0.14557329,0.677022614
178,449241,818400,0.988,0.04,-0.03,0.1,-0.2,0,-34.8,6.5,27.8,0.169225135,0.701254311,-0.14557329,0.677022614
179,450784,818400,0.988,0.04,-0.026,0,-0.2,0,-34.8,6.5,27.8,0.169225135,0.701254311,-0.14557329,0.677022614
180,454713,818400,0.988,0.04,-0.03,0,-0.3,0,-34.8,6.5,27.8,0.169225135,0.701254311,-0.14557329,0.677022614
181,456127,818400,0.988,0.04,-0.026,0,-0.3,0,-34.8,6.5,27.8,0.169225135,0.701254311,-0.14557329,0.676992096
182,458451,818410,0.985,0.036,-0.026,0,-0.2,0,-34.9,6,28,0.169225135,0.701284829,-0.14557329,0.676992096
183,461002,818410,0.985,0.032,-0.026,0,-0.1,0,-34.9,6,28,0.169225135,0.701284829,-0.14557329,0.676992096
184,464505,818410,0.981,0.044,-0.026,0,-0.1,0,-34.9,6,28,0.169225135,0.701284829,-0.145603809,0.676992096
185,466676,818410,0.981,0.04,-0.03,0,0,0,-34.9,6,28,0.169225135,0.701284829,-0.145603809,0.676992096
186,468212,818420,0.985,0.044,-0.03,0,0,0,-34.9,5.9,28.1,0.169225135,0.701284829,-0.145603809,0.676992096
187,470831,818420,0.985,0.04,-0.026,0,0.1,0,-34.9,5.9,28.1,0.169225135,0.701284829,-0.145603809,0.676992096
188,474702,818420,0.992,0.04,-0.026,0,0.2,0,-34.9,5.9,28.1,0.169225135,0.701254311,-0.14557329,0.676992096
189,476346,818420,0.988,0.04,-0.022,0,0.2,0,-34.9,5.9,28.1,0.169225135,0.701254311,-0.14557329,0.677022614
190,478581,818430,0.988,0.04,-0.022,0.1,0.1,0,-35.2,6.3,27.7,0.169225135,0.701254311,-0.14557329,0.677022614
191,481123,818430,0.988,0.044,-0.026,0,0,0,-35.2,6.3,27.7,0.169225135,0.701254311,-0.14557329,0.677022614
192,483306,818430,0.985,0.036,-0.022,0,0.1,0,-35.2,6.3,27.7,0.169225135,0.701254311,-0.14557329,0.677022614
193,485802,818430,0.981,0.036,-0.026,0,0.2,0,-35.2,6.3,27.7,0.169225135,0.701254311,-0.14557329,0.677022614
194,488726,818440,0.981,0.036,-0.026,0,0.2,0,-35.2,6.3,27.7,0.169225135,0.701254311,-0.14557329,0.677022614
195,491028,818440,0.981,0.04,-0.03,0,0.1,0,-35.2,6.3,27.7,0.169225135,0.701254311,-0.14557329,0.677022614
196,493246,818440,0.981,0.04,-0.022,0,0.1,0,-35.2,6.3,27.7,0.169225135,0.701254311,-0.14557329,0.677022614
197,496180,818440,0.981,0.036,-0.026,0,0.1,0,-35.2,6.3,27.7,0.169225135,0.701254311,-0.14557329,0.677022614
198,499414,818450,0.985,0.044,-0.022,0,0.1,0,-35,6.2,26.7,0.169225135,0.701223792,-0.14557329,0.677022614
199,500922,818450,0.988,0.04,-0.022,0,0,0,-35,6.2,26.7,0.169225135,0.701223792,-0.14557329,0.677053133
200,503573,818450,0.988,0.04,-0.026,0,0,0,-35,6.2,26.7,0.169225135,0.701223792,-0.14557329,0.677022614
201,506865,818450,0.988,0.036,-0.026,0,0,0,-35,6.2,26.7,0.169225135,0.701223792,-0.14557329,0.677022614
202,509113,818460,0.985,0.044,-0.026,0,0,0,-34.9,6,26.1,0.169225135,0.701223792,-0.14557329,0.677022614
203,511718,818460,0.988,0.04,-0.026,0,0,0,-34.9,6,26.1,0.169225135,0.701223792,-0.14557329,0.677022614
204,514027,818460,0.988,0.036,-0.03,0,0,0,-34.9,6,26.1,0.169225135,0.701223792,-0.14557329,0.677022614
205,516226,818460,0.988,0.044,-0.022,0.1,0.1,0,-34.9,6,26.1,0.169225135,0.701223792,-0.14557329,0.677053133
206,518674,818470,0.985,0.036,-0.034,0,0.2,0,-35.2,6.1,25.7,0.169225135,0.701223792,-0.14557329,0.677053133
207,520677,818470,0.985,0.04,-0.026,0,0.2,0,-35.2,6.1,25.7,0.169225135,0.701223792,-0.14557329,0.677053133
208,524885,818470,0.981,0.04,-0.026,0,0.2,0,-35.2,6.1,25.7,0.169225135,0.701223792,-0.14557329,0.677053133
209,527047,818470,0.981,0.04,-0.026,-0.1,0.2,0,-35.2,6.1,25.7,0.169225135,0.701223792,-0.14557329,0.677053133
210,529208,818480,0.985,0.04,-0.03,-0.1,0.2,0,-35,6,26.1,0.169255654,0.701223792,-0.14557329,0.677053133
211,531563,818480,0.985,0.044,-0.022,0,0,0.1,-35,6,26.1,0.169255654,0.701223792,-0.14557329,0.677053133
212,533785,818480,0.988,0.04,-0.022,0,0,0.1,-35,6,26.1,0.169225135,0.701223792,-0.14557329,0.677053133
213,536004,818480,0.988,0.044,-0.022,0,0,0,-35,6,26.1,0.169225135,0.701223792,-0.14557329,0.677053133
214,538344,818490,0.988,0.044,-0.022,0,0,0,-35,6,26.1,0.169225135,0.701223792,-0.14557329,0.677053133
215,541892,818490,0.985,0.036,-0.022,0,-0.1,0,-35,6,26.1,0.169255654,0.701223792,-0.14557329,0.677053133
216,544176,818490,0.985,0.04,-0.026,0.1,-0.1,0,-35,6,26.1,0.169255654,0.701223792,-0.145542772,0.677053133
217,546353,818490,0.981,0.044,-0.026,0.1,-0.1,0,-35,6,26.1,0.169255654,0.701223792,-0.145542772,0.677053133
218,548687,818500,0.985,0.04,-0.022,0.1,0,0,-34.9,6.5,26.5,0.169255654,0.701223792,-0.145542772,0.677053133
219,550769,818500,0.985,0.04,-0.026,0,0,0,-34.9,6.5,26.5,0.169255654,0.701223792,-0.145542772,0.677053133
220,553163,818500,0.985,0.036,-0.026,0,0,0,-34.9,6.5,26.5,0.169255654,0.701223792,-0.145542772,0.677053133
221,556027,818500,0.985,0.04,-0.022,0,0,0,-34.9,6.5,26.5,0.169255654,0.701223792,-0.145542772,0.677053133
222,558353,818510,0.988,0.036,-0.026,0,0,0,-35.5,6.3,26.5,0.169255654,0.701223792,-0.145542772,0.677053133
223,560911,818510,0.988,0.04,-0.03,0,0,0,-35.5,6.3,26.5,0.169255654,0.701223792,-0.145542772,0.677053133
224,563172,818510,0.988,0.04,-0.022,0.1,0,0,-35.5,6.3,26.5,0.169255654,0.701223792,-0.145542772,0.677053133
225,565772,818510,0.988,0.04,-0.022,0.1,0,0,-35.5,6.3,26.5,0.169255654,0.701223792,-0.145542772,0.677053133
226,568838,818520,0.988,0.04,-0.026,0.1,0,0,-35,5.9,27,0.169255654,0.701223792,-0.145542772,0.677053133
227,570747,818520,0.985,0.04,-0.022,0,0,0,-35,5.9,27,0.169255654,0.701223792,-0.145542772,0.677053133
228,573469,818520,0.988,0.036,-0.026,0,0,0,-35,5.9,27,0.169255654,0.701223792,-0.145542772,0.677053133
229,575845,818520,0.985,0.04,-0.022,0,0,0,-35,5.9,27,0.169255654,0.701223792,-0.145542772,0.677053133
230,578797,818530,0.985,0.036,-0.022,0,0,0.1,-34.9,5,26.6,0.169255654,0.701223792,-0.145542772,0.677053133
231,580716,818530,0.988,0.04,-0.026,0,0,0,-34.9,5,26.6,0.169255654,0.701223792,-0.145542772,0.677053133
232,583332,818530,0.985,0.04,-0.026,0,0,0,-34.9,5,26.6,0.169255654,0.701223792,-0.145542772,0.677053133
233,587453,818530,0.985,0.04,-0.026,0,0,0,-34.9,5,26.6,0.169255654,0.701223792,-0.145542772,0.677053133
234,588082,818540,0.985,0.036,-0.03,0,0,0,-34.9,5,26.6,0.169255654,0.701223792,-0.145542772,0.677053133
235,591155,818540,0.985,0.036,-0.026,0.1,0,0,-34.9,5,26.6,0.169255654,0.701223792,-0.145542772,0.677053133
236,593357,818540,0.985,0.044,-0.03,0.1,0,0,-34.9,5,26.6,0.169225135,0.701223792,-0.145542772,0.677053133
237,595704,818540,0.988,0.04,-0.03,0.1,-0.1,0,-34.9,5,26.6,0.169225135,0.701223792,-0.145542772,0.677053133
238,598146,818550,0.985,0.032,-0.026,0,-0.1,0.1,-34.6,4.8,25.7,0.169225135,0.701223792,-0.145542772,0.677053133
239,602218,818550,0.985,0.04,-0.022,0,-0.1,0,-34.6,4.8,25.7,0.169225135,0.701223792,-0.145542772,0.677053133
240,604492,818550,0.988,0.04,-0.026,0,-0.1,0,-34.6,4.8,25.7,0.169225135,0.701223792,-0.145542772,0.677053133
241,606706,818550,0.988,0.036,-0.026,0,-0.1,0,-34.6,4.8,25.7,0.169225135,0.701254311,-0.145542772,0.677053133
242,608953,818560,0.988,0.04,-0.026,0,-0.1,0,-34.9,4.6,25.7,0.169225135,0.701254311,-0.145542772,0.677053133
243,611096,818560,0.988,0.04,-0.026,-0.1,-0.1,0,-34.9,4.6,25.7,0.169225135,0.701254311,-0.14557329,0.677053133
244,613433,818560,0.988,0.044,-0.022,-0.1,-0.1,0,-34.9,4.6,25.7,0.169225135,0.701254311,-0.14557329,0.677022614
245,615645,818560,0.985,0.04,-0.022,-0.1,0,0,-34.9,4.6,25.7,0.169225135,0.701254311,-0.14557329,0.677022614
246,618175,818570,0.981,0.036,-0.022,-0.1,0.1,0,-35.2,4.5,25.8,0.169225135,0.701254311,-0.14557329,0.677022614
247,622480,818570,0.985,0.036,-0.026,-0.1,0,0,-35.2,4.5,25.8,0.169225135,0.701254311,-0.14557329,0.677022614
248,624629,818570,0.981,0.036,-0.026,0,0.1,0,-35.2,4.5,25.8,0.169225135,0.701254311,-0.14557329,0.677053133
249,626082,818570,0.977,0.04,-0.026,0,0,0,-35.2,4.5,25.8,0.169225135,0.701223792,-0.14557329,0.677053133
250,628354,818580,0.985,0.04,-0.026,0,0,0,-35.2,4.5,25.4,0.169225135,0.701223792,-0.14557329,0.677053133
251,630829,818580,0.988,0.044,-0.018,0.1,0,0,-35.2,4.5,25.4,0.169225135,0.701223792,-0.14557329,0.677053133
252,633208,818580,0.988,0.032,-0.018,0.1,-0.1,0,-35.2,4.5,25.4,0.169225135,0.701254311,-0.14557329,0.677022614
253,636599,818580,0.988,0.036,-0.022,0,-0.2,-0.1,-35.2,4.5,25.4,0.169225135,0.701254311,-0.14557329,0.677022614
254,638156,818590,0.988,0.036,-0.022,0,-0.2,-0.1,-35.2,4.5,25.4,0.169225135,0.701254311,-0.14557329,0.677022614
255,641618,818590,0.985,0.04,-0.026,0,-0.1,0,-35.2,4.5,25.4,0.169225135,0.701223792,-0.14557329,0.677053133
256,643142,818590,0.985,0.04,-0.03,0,-0.1,0,-35.2,4.5,25.4,0.169225135,0.701223792,-0.14557329,0.677053133
257,645585,818590,0.985,0.036,-0.03,0,-0.1,0,-35.2,4.5,25.4,0.169225135,0.701223792,-0.14557329,0.677053133
258,649100,818600,0.985,0.04,-0.022,0,-0.1,0,-35.2,6.4,26.9,0.169225135,0.701223792,-0.14557329,0.677053133
259,650611,818600,0.985,0.04,-0.026,0,-0.1,0,-35.2,6.4,26.9,0.169225135,0.701223792,-0.14557329,0.677053133
260,653155,818600,0.988,0.036,-0.026,0.1,0,0,-35.2,6.4,26.9,0.169225135,0.701223792,-0.14557329,0.677053133
261,656607,818600,0.985,0.04,-0.026,0,0,0,-35.2,6.4,26.9,0.169225135,0.701223792,-0.14557329,0.677053133
262,658115,818610,0.985,0.036,-0.026,0,0,0,-35.2,6.8,26.8,0.169225135,0.701223792,-0.14557329,0.677053133
263,660694,818610,0.985,0.04,-0.022,0,0,0.1,-35.2,6.8,26.8,0.169225135,0.701223792,-0.14557329,0.677053133
264,665039,818610,0.985,0.044,-0.018,0,0,0.2,-35.2,6.8,26.8,0.169225135,0.701223792,-0.14557329,0.677053133
265,665600,818610,0.985,0.036,-0.03,-0.1,0,0.1,-35.2,6.8,26.8,0.169225135,0.701223792,-0.14557329,0.677053133
266,668701,818620,0.985,0.036,-0.022,-0.1,0,0,-35,7.3,26.6,0.169225135,0.701223792,-0.14557329,0.677053133
267,670894,818620,0.985,0.04,-0.026,-0.1,0,0,-35,7.3,26.6,0.169225135,0.701223792,-0.14557329,0.677053133
268,673158,818620,0.988,0.04,-0.022,-0.1,0,0,-35,7.3,26.6,0.169225135,0.701223792,-0.145603809,0.677053133
269,675779,818620,0.988,0.04,-0.022,0,0,0,-35,7.3,26.6,0.169225135,0.701223792,-0.145603809,0.677053133
270,678070,818630,0.985,0.044,-0.022,0,0,0,-35.5,7.2,26.5,0.169225135,0.701223792,-0.145603809,0.677053133
271,682266,818630,0.988,0.044,-0.026,0,0,0,-35.5,7.2,26.5,0.169225135,0.701223792,-0.145603809,0.677053133
272,684466,818630,0.988,0.04,-0.022,0,-0.1,0,-35.5,7.2,26.5,0.169225135,0.701223792,-0.145603809,0.677053133
273,686728,818630,0.985,0.04,-0.018,0.1,-0.2,0,-35.5,7.2,26.5,0.169225135,0.701223792,-0.14557329,0.677053133
274,688961,818640,0.985,0.036,-0.026,0.1,-0.1,0,-35.5,7.2,26.5,0.169255654,0.701223792,-0.145542772,0.677053133
275,691256,818640,0.981,0.04,-0.026,0,0,0,-35.5,7.2,26.5,0.169255654,0.701223792,-0.145542772,0.677053133
276,693500,818640,0.981,0.04,-0.03,0,0,0,-35.5,7.2,26.5,0.169255654,0.701223792,-0.145542772,0.677053133
277,695653,818640,0.985,0.04,-0.018,0,0,0,-35.5,7.2,26.5,0.169255654,0.701223792,-0.145542772,0.677053133
278,699671,818650,0.988,0.036,-0.022,0,0,0,-35,5.8,27.1,0.169255654,0.701223792,-0.145542772,0.677053133
279,701859,818650,0.988,0.044,-0.026,0,-0.1,0,-35,5.8,27.1,0.169255654,0.701223792,-0.145542772,0.677053133
280,703433,818650,0.988,0.04,-0.022,0,-0.1,0,-35,5.8,27.1,0.169255654,0.701223792,-0.145542772,0.677053133
281,705694,818650,0.988,0.036,-0.03,0,0,0,-35,5.8,27.1,0.169255654,0.701223792,-0.145542772,0.677053133
282,708067,818660,0.985,0.04,-0.026,0,0,0,-35,5.8,27.1,0.169255654,0.701223792,-0.145542772,0.677053133
283,711059,818660,0.985,0.04,-0.022,0,0.1,0,-35,5.8,27.1,0.169255654,0.701223792,-0.145542772,0.677053133
284,713395,818660,0.988,0.032,-0.026,0,0.1,0,-35,5.8,27.1,0.169255654,0.701223792,-0.145542772,0.677053133
285,715632,818660,0.985,0.036,-0.022,0,0.1,0,-35,5.8,27.1,0.169255654,0.701223792,-0.145542772,0.677083651
286,719282,818670,0.988,0.04,-0.03,0,0.1,0,-35,5.8,27.1,0.169255654,0.701193274,-0.145542772,0.677083651
287,721423,818670,0.988,0.036,-0.026,0,0,0,-35,5.8,27.1,0.169255654,0.701193274,-0.145542772,0.677083651
288,723609,818670,0.985,0.044,-0.026,0,0,0,-35,5.8,27.1,0.169255654,0.701193274,-0.145542772,0.677083651
289,725997,818670,0.985,0.036,-0.026,0.1,0,0,-35,5.8,27.1,0.169255654,0.701223792,-0.145542772,0.677083651
290,728267,818680,0.988,0.04,-0.026,0.1,0,0,-35,5.8,27.1,0.169255654,0.701223792,-0.145542772,0.677083651
291,732173,818680,0.992,0.04,-0.026,0,0,0,-35,5.8,27.1,0.169255654,0.701223792,-0.145542772,0.677083651
292,734431,818680,0.988,0.04,-0.022,0,0,0,-35,5.8,27.1,0.169255654,0.701223792,-0.145542772,0.677083651
293,735903,818680,0.988,0.04,-0.022,0,0.1,0,-35,5.8,27.1,0.169255654,0.701223792,-0.145542772,0.677083651
294,738240,818690,0.988,0.04,-0.022,0,0.1,0,-35,5.8,27.1,0.169255654,0.701223792,-0.145542772,0.677083651
295,742183,818690,0.985,0.032,-0.026,0,0.2,0,-35,5.8,27.1,0.169255654,0.701193274,-0.145542772,0.677083651
296,744412,818690,0.985,0.036,-0.026,0,0.2,0,-35,5.8,27.1,0.169255654,0.701193274,-0.145542772,0.677083651
297,746752,818690,0.985,0.04,-0.022,0,0.2,0,-35,5.8,27.1,0.169255654,0.701193274,-0.145542772,0.677083651
298,748721,818700,0.985,0.04,-0.03,0,0.1,0.1,-34.3,4.7,26.8,0.169255654,0.701193274,-0.145542772,0.677083651
299,750972,818700,0.981,0.04,-0.026,0,0.1,0.1,-34.3,4.7,26.8,0.169255654,0.701193274,-0.145542772,0.677083651
300,753234,818700,0.985,0.044,-0.026,0,0.1,0,-34.3,4.7,26.8,0.169255654,0.701193274,-0.145542772,0.677083651
301,755830,818700,0.988,0.04,-0.022,0,0.1,0,-34.3,4.7,26.8,0.169255654,0.701193274,-0.145542772,0.67711417
302,759301,818710,0.985,0.036,-0.026,0,0.2,0,-34.3,4.7,26.8,0.169255654,0.701162755,-0.145542772,0.67711417
303,761524,818710,0.988,0.04,-0.026,0,0.1,0,-34.3,4.7,26.8,0.169255654,0.701162755,-0.145542772,0.67711417
304,763776,818710,0.985,0.04,-0.022,0,0,0,-34.3,4.7,26.8,0.169255654,0.701162755,-0.145542772,0.67711417
305,766075,818710,0.992,0.04,-0.022,0,0,0,-34.3,4.7,26.8,0.169255654,0.701162755,-0.145542772,0.67711417
306,768312,818720,0.988,0.04,-0.026,0,0,0,-34.3,4.7,26.8,0.169255654,0.701162755,-0.145542772,0.67711417
307,772230,818720,0.985,0.04,-0.026,0,0,0,-34.3,4.7,26.8,0.169255654,0.701162755,-0.145542772,0.67711417
308,774442,818720,0.985,0.04,-0.03,0,0,0,-34.3,4.7,26.8,0.169255654,0.701162755,-0.145542772,0.67711417
309,775926,818720,0.985,0.04,-0.026,0,-0.1,0,-34.3,4.7,26.8,0.169255654,0.701193274,-0.145542772,0.67711417
310,778140,818730,0.985,0.044,-0.022,0,-0.1,0,-34.3,4.7,26.8,0.169255654,0.701193274,-0.145542772,0.677083651
311,781413,818730,0.985,0.04,-0.022,0,-0.1,0,-34.3,4.7,26.8,0.169255654,0.701193274,-0.145542772,0.677083651
312,783126,818730,0.988,0.04,-0.026,0,0,0,-34.3,4.7,26.8,0.169255654,0.701193274,-0.145542772,0.677083651
313,785705,818730,0.985,0.04,-0.03,0,0,0,-34.3,4.7,26.8,0.169255654,0.701193274,-0.145542772,0.677083651
314,788423,818740,0.992,0.036,-0.03,0,-0.1,0,-34.3,4.7,26.8,0.169286172,0.701193274,-0.145512253,0.677083651
315,791494,818740,0.992,0.036,-0.03,0,-0.1,0,-34.3,4.7,26.8,0.169286172,0.701193274,-0.145512253,0.677083651
316,793210,818740,0.988,0.04,-0.022,0,-0.2,0,-34.3,4.7,26.8,0.169286172,0.701193274,-0.145512253,0.677083651
317,796708,818740,0.988,0.04,-0.026,-0.1,-0.1,0,-34.3,4.7,26.8,0.169286172,0.701193274,-0.145512253,0.677083651
318,798149,818750,0.988,0.04,-0.026,-0.1,-0.1,0,-34.3,5.8,26.9,0.169286172,0.701193274,-0.145512253,0.677083651
319,801561,818750,0.988,0.036,-0.026,-0.1,0,0,-34.3,5.8,26.9,0.169286172,0.701193274,-0.145512253,0.677083651
320,803144,818750,0.981,0.04,-0.026,0,0,0,-34.3,5.8,26.9,0.169286172,0.701193274,-0.145512253,0.677083651
321,806767,818750,0.985,0.04,-0.026,0,0.2,0,-34.3,5.8,26.9,0.169286172,0.701193274,-0.145512253,0.677083651
322,808230,818760,0.985,0.04,-0.026,0,0.2,0,-34.3,5.8,26.9,0.169286172,0.701193274,-0.145512253,0.677083651
323,811463,818760,0.985,0.04,-0.026,0,0.1,0,-34.3,5.8,26.9,0.169286172,0.701193274,-0.145512253,0.677083651
324,813157,818760,0.988,0.036,-0.022,0,0,0.2,-34.3,5.8,26.9,0.169286172,0.701193274,-0.145512253,0.677083651
325,815719,818760,0.985,0.036,-0.026,0,0,0.2,-34.3,5.8,26.9,0.169286172,0.701193274,-0.145542772,0.677083651
326,818737,818770,0.985,0.036,-0.022,0.1,0,0.1,-34.3,5.8,26.9,0.169286172,0.701193274,-0.145542772,0.677083651
327,820686,818770,0.985,0.036,-0.022,0.1,0,0,-34.3,5.8,26.9,0.169286172,0.701193274,-0.145542772,0.677083651
328,824261,818770,0.981,0.04,-0.018,0.1,0,0,-34.3,5.8,26.9,0.169255654,0.701193274,-0.145512253,0.677083651
329,825842,818770,0.981,0.04,-0.022,0.1,0,0,-34.3,5.8,26.9,0.169255654,0.701193274,-0.145512253,0.677083651
330,828050,818780,0.988,0.04,-0.03,0.1,0,0,-34.3,5.8,26.9,0.169255654,0.701193274,-0.145512253,0.677083651
331,831088,818780,0.985,0.04,-0.026,0,0,0,-34.3,5.8,26.9,0.169255654,0.701193274,-0.145512253,0.677083651
332,834243,818780,0.988,0.036,-0.03,0,0,0,-34.3,5.8,26.9,0.169255654,0.701193274,-0.145512253,0.677083651
333,835778,818780,0.988,0.044,-0.03,0,0,0,-34.3,5.8,26.9,0.169255654,0.701193274,-0.145512253,0.677083651
334,839003,818790,0.988,0.044,-0.03,0,0,0,-34.3,5.8,26.9,0.169255654,0.701193274,-0.145512253,0.677083651
335,840624,818790,0.985,0.04,-0.026,0,0,0,-34.4,5.5,26.9,0.169255654,0.701223792,-0.145512253,0.677053133
336,843621,818790,0.988,0.044,-0.022,0,0,0,-34.4,5.5,26.9,0.169255654,0.701223792,-0.145512253,0.677053133
337,846677,818790,0.988,0.04,-0.026,0,0,0,-34.4,5.5,26.9,0.169255654,0.701223792,-0.145512253,0.677053133
338,848075,818800,0.985,0.04,-0.026,0,0,0,-35.2,6.2,26.8,0.169255654,0.701223792,-0.145512253,0.677053133
339,850979,818800,0.988,0.036,-0.026,0,0.1,0,-35.2,6.2,26.8,0.169255654,0.701223792,-0.145512253,0.677053133
340,854082,818800,0.985,0.04,-0.03,0,0.1,0,-35.2,6.2,26.8,0.169255654,0.701223792,-0.145512253,0.677053133
341,855668,818800,0.985,0.04,-0.03,0,0,0,-35.2,6.2,26.8,0.169255654,0.701223792,-0.145512253,0.677053133
342,859356,818810,0.988,0.04,-0.026,0,0,0,-34.6,6.3,26.7,0.169255654,0.701223792,-0.145512253,0.677053133
343,860875,818810,0.985,0.036,-0.022,0,0,0,-34.6,6.3,26.7,0.169255654,0.701223792,-0.145512253,0.677053133
344,863860,818810,0.985,0.04,-0.022,0,0,0,-34.6,6.3,26.7,0.169255654,0.701223792,-0.145512253,0.677053133
345,866092,818810,0.985,0.036,-0.026,0,0,0,-34.6,6.3,26.7,0.169255654,0.701223792,-0.145512253,0.677053133
346,868360,818820,0.985,0.04,-0.022,0,0.1,0,-34.6,6.3,27,0.169255654,0.701223792,-0.145512253,0.677053133
347,870776,818820,0.985,0.044,-0.022,0,0.1,-0.1,-34.6,6.3,27,0.169255654,0.701223792,-0.145512253,0.677053133
348,875237,818820,0.988,0.04,-0.022,0,0,-0.1,-34.6,6.3,27,0.169255654,0.701223792,-0.145512253,0.677053133
349,875862,818820,0.988,0.04,-0.026,0.1,-0.1,-0.1,-34.6,6.3,27,0.169255654,0.701223792,-0.145512253,0.677053133
350,879725,818830,0.985,0.04,-0.022,0,-0.1,0,-34.6,5.9,26.8,0.169255654,0.701223792,-0.145512253,0.677053133
351,881751,818830,0.985,0.036,-0.018,0,-0.1,0,-34.6,5.9,26.8,0.169255654,0.701223792,-0.145512253,0.677053133
352,884009,818830,0.985,0.044,-0.026,0,0,0,-34.6,5.9,26.8,0.169255654,0.701223792,-0.145512253,0.677053133
353,886290,818830,0.988,0.04,-0.022,0,0,0,-34.6,5.9,26.8,0.169255654,0.701223792,-0.145512253,0.677053133
354,888661,818840,0.988,0.04,-0.022,0,0,0,-34.6,5.9,26.8,0.169255654,0.701223792,-0.145512253,0.677053133
355,890914,818840,0.985,0.036,-0.03,0,-0.1,0.1,-34.7,6.1,26.9,0.169286172,0.701193274,-0.145512253,0.677083651
356,893253,818840,0.985,0.04,-0.026,0,-0.1,0,-34.7,6.1,26.9,0.169255654,0.701223792,-0.145512253,0.677083651
357,895674,818840,0.985,0.036,-0.026,0,-0.1,0,-34.7,6.1,26.9,0.169255654,0.701223792,-0.145512253,0.677083651
358,899705,818850,0.981,0.04,-0.022,0,0,-0.2,-36.6,6,26.9,0.169286172,0.701223792,-0.145512253,0.677083651
359,901782,818850,0.985,0.04,-0.026,0,0,-0.2,-36.6,6,26.9,0.169286172,0.701223792,-0.145512253,0.677083651
360,904785,818850,0.988,0.04,-0.018,0,0,0,-36.6,6,26.9,0.169286172,0.701223792,-0.145512253,0.677083651
361,905901,818850,0.988,0.044,-0.022,0,0,0,-36.6,6,26.9,0.169286172,0.701223792,-0.145512253,0.677053133
362,908258,818860,0.988,0.036,-0.022,0,0,0,-33.7,6.1,27,0.169286172,0.701223792,-0.145512253,0.677053133
363,910683,818860,0.985,0.036,-0.026,0,0.1,-0.1,-33.7,6.1,27,0.169286172,0.701223792,-0.145512253,0.677053133
364,913599,818860,0.988,0.04,-0.026,0,0.2,-0.1,-33.7,6.1,27,0.169286172,0.701223792,-0.145481735,0.677083651
365,915975,818860,0.985,0.04,-0.022,0,0.1,-0.1,-33.7,6.1,27,0.169286172,0.701223792,-0.145481735,0.677083651
366,918457,818870,0.985,0.04,-0.022,0,0,-0.1,-33.8,6.2,26.8,0.169286172,0.701223792,-0.145481735,0.677083651
367,920805,818870,0.985,0.04,-0.034,0.1,-0.1,-0.1,-33.8,6.2,26.8,0.169286172,0.701223792,-0.145481735,0.677083651
368,924814,818870,0.985,0.04,-0.026,0,-0.1,0,-33.8,6.2,26.8,0.169286172,0.701223792,-0.145481735,0.677053133
369,927203,818870,0.985,0.04,-0.026,0,-0.1,0,-33.8,6.2,26.8,0.169286172,0.701223792,-0.145481735,0.677053133
370,929017,818880,0.988,0.04,-0.026,0,-0.1,0,-33.9,5.8,26.8,0.169286172,0.701223792,-0.145481735,0.677053133
371,931236,818880,0.985,0.04,-0.022,0,0,0,-33.9,5.8,26.8,0.169286172,0.701223792,-0.145481735,0.677053133
372,933157,818880,0.981,0.044,-0.026,0,0,0,-33.9,5.8,26.8,0.169286172,0.701223792,-0.145481735,0.677053133
373,935943,818880,0.985,0.04,-0.022,0,0,0,-33.9,5.8,26.8,0.169286172,0.701223792,-0.145481735,0.677053133
374,939065,818890,0.985,0.04,-0.022,0,0,0,-33.9,5.8,26.8,0.169286172,0.701223792,-0.145481735,0.677053133
375,941233,818890,0.985,0.04,-0.03,0,0,0,-33.9,6,26.7,0.169316691,0.701223792,-0.145451216,0.677053133
376,943049,818890,0.985,0.044,-0.022,0,0.2,0,-33.9,6,26.7,0.169316691,0.701223792,-0.145451216,0.677083651
377,946608,818890,0.985,0.04,-0.03,0,0.3,0,-33.9,6,26.7,0.169316691,0.701193274,-0.145451216,0.677083651
378,948828,818900,0.985,0.04,-0.022,0,0.3,0,-35.2,5.8,27,0.169316691,0.701193274,-0.145451216,0.677083651
379,950975,818900,0.985,0.032,-0.026,0,0.2,0,-35.2,5.8,27,0.169316691,0.701193274,-0.145451216,0.677083651
380,953292,818900,0.985,0.04,-0.026,0,0,0,-35.2,5.8,27,0.169316691,0.701193274,-0.145451216,0.677083651
381,955969,818900,0.988,0.04,-0.026,0,0,0,-35.2,5.8,27,0.169316691,0.701193274,-0.145451216,0.677083651
382,958144,818910,0.985,0.044,-0.026,0,0,-0.1,-35.2,5.7,26.6,0.169316691,0.701193274,-0.145451216,0.677083651
383,961315,818910,0.985,0.04,-0.026,0,0,0,-35.2,5.7,26.6,0.169316691,0.701193274,-0.145451216,0.677083651
384,963455,818910,0.981,0.04,-0.022,0,0,0,-35.2,5.7,26.6,0.169316691,0.701193274,-0.145451216,0.677083651
385,967307,818910,0.981,0.036,-0.022,0,0,0.1,-35.2,5.7,26.6,0.169316691,0.701193274,-0.145451216,0.677083651
386,969518,818920,0.985,0.044,-0.022,0,-0.1,0.1,-35.1,5.8,26.7,0.169316691,0.701193274,-0.145481735,0.677083651
387,971934,818920,0.988,0.036,-0.03,0,-0.1,0,-35.1,5.8,26.7,0.169316691,0.701193274,-0.145481735,0.677083651
388,974082,818920,0.988,0.032,-0.022,0,-0.1,0,-35.1,5.8,26.7,0.169316691,0.701193274,-0.145481735,0.677083651
389,976475,818920,0.985,0.04,-0.026,0,-0.1,0,-35.1,5.8,26.7,0.169316691,0.701193274,-0.145481735,0.677083651
390,978673,818930,0.981,0.04,-0.022,0,-0.1,0,-35.2,5.8,26.5,0.169316691,0.701223792,-0.145481735,0.677083651
391,981736,818930,0.981,0.036,-0.022,0,0,0,-35.2,5.8,26.5,0.169316691,0.701223792,-0.145481735,0.677083651
392,983239,818930,0.981,0.04,-0.026,0.1,0,-0.1,-35.2,5.8,26.5,0.169316691,0.701223792,-0.145451216,0.677083651
393,985687,818930,0.985,0.044,-0.03,0.1,0,-0.1,-35.2,5.8,26.5,0.169316691,0.701223792,-0.145451216,0.677083651
394,988189,818940,0.985,0.044,-0.03,0.1,0,-0.1,-35.2,5.8,26.5,0.169316691,0.701223792,-0.145451216,0.677083651
395,990736,818940,0.985,0.032,-0.026,0,-0.1,0,-35.2,5.9,27,0.169316691,0.701223792,-0.145451216,0.677053133
396,994016,818940,0.981,0.04,-0.026,0,-0.1,0,-35.2,5.9,27,0.169316691,0.701223792,-0.145451216,0.677053133
397,995990,818940,0.985,0.036,-0.03,0,-0.2,0,-35.2,5.9,27,0.169316691,0.701223792,-0.145451216,0.677053133
398,999089,818950,0.992,0.044,-0.026,0,-0.3,0,-35.1,5.8,26,0.169316691,0.701223792,-0.145451216,0.677053133
399,1000701,818950,0.985,0.04,-0.026,0,-0.3,0,-35.1,5.8,26,0.169316691,0.701254311,-0.145451216,0.677053133
400,1005056,818950,0.985,0.04,-0.022,0,-0.1,0,-35.1,5.8,26,0.169316691,0.701254311,-0.145451216,0.677053133
401,1007222,818950,0.985,0.036,-0.026,0,0,0,-35.1,5.8,26,0.169316691,0.701254311,-0.145451216,0.677053133
402,1009319,818960,0.981,0.036,-0.034,0,0.1,0,-35.2,6.3,27.1,0.169316691,0.701254311,-0.145451216,0.677053133
403,1011730,818960,0.985,0.04,-0.022,0,0.2,0,-35.2,6.3,27.1,0.169316691,0.701223792,-0.145451216,0.677053133
404,1014194,818960,0.985,0.044,-0.018,0,0.2,0,-35.2,6.3,27.1,0.169316691,0.701223792,-0.145451216,0.677053133
405,1016290,818960,0.988,0.036,-0.03,0,0,0,-35.2,6.3,27.1,0.169316691,0.701223792,-0.145451216,0.677053133
406,1018760,818970,0.985,0.04,-0.026,0,0,0,-35.4,6.2,27.9,0.169316691,0.701223792,-0.145451216,0.677053133
407,1020882,818970,0.988,0.04,-0.03,0,0,0,-35.4,6.2,27.9,0.169316691,0.701223792,-0.145451216,0.677053133
408,1023346,818970,0.988,0.032,-0.022,0,0,0,-35.4,6.2,27.9,0.169316691,0.701223792,-0.145451216,0.677053133
409,1025596,818970,0.985,0.036,-0.026,0,0,-0.1,-35.4,6.2,27.9,0.169316691,0.701223792,-0.145451216,0.677053133
410,1029103,818980,0.985,0.04,-0.022,0,0,-0.1,-34.7,6.3,28.2,0.169316691,0.701223792,-0.145451216,0.677053133
411,1030668,818980,0.988,0.04,-0.026,0.1,-0.1,0,-34.7,6.3,28.2,0.169316691,0.701223792,-0.145451216,0.677053133
412,1033227,818980,0.988,0.04,-0.03,0.1,0,0,-34.7,6.3,28.2,0.169316691,0.701223792,-0.145451216,0.677053133
413,1035713,818980,0.988,0.04,-0.022,0.1,0,0,-34.7,6.3,28.2,0.169316691,0.701223792,-0.145451216,0.677053133
414,1038785,818990,0.988,0.04,-0.022,0.1,0,0,-34.7,6.3,28.2,0.169316691,0.701223792,-0.145451216,0.677053133
415,1041042,818990,0.985,0.04,-0.026,0,0,0,-35.4,6,28.6,0.169316691,0.701254311,-0.145420698,0.677053133
416,1043223,818990,0.981,0.04,-0.026,-0.1,0,0,-35.4,6,28.6,0.169316691,0.701254311,-0.145420698,0.677053133
417,1046001,818990,0.988,0.036,-0.026,0,-0.1,0,-35.4,6,28.6,0.169316691,0.701254311,-0.145420698,0.677053133
418,1048937,819000,0.981,0.04,-0.026,0,-0.1,0,-35.1,6.1,25.2,0.169316691,0.701254311,-0.145420698,0.677053133
419,1050698,819000,0.985,0.04,-0.026,0,-0.1,0,-35.1,6.1,25.2,0.169316691,0.701254311,-0.145420698,0.677022614
420,1054051,819000,0.985,0.04,-0.026,0,-0.1,0,-35.1,6.1,25.2,0.169316691,0.701254311,-0.145420698,0.677022614
421,1055737,819000,0.985,0.04,-0.026,0,0,0,-35.1,6.1,25.2,0.169316691,0.701254311,-0.145420698,0.677022614
422,1059427,819010,0.981,0.04,-0.022,0,0,-0.1,-34.7,6,27.2,0.169316691,0.701254311,-0.145420698,0.677022614
423,1060794,819010,0.988,0.04,-0.026,0,0.1,-0.1,-34.7,6,27.2,0.169316691,0.701254311,-0.145420698,0.677022614
424,1063523,819010,0.988,0.04,-0.022,0,0,0,-34.7,6,27.2,0.169316691,0.701254311,-0.145420698,0.677022614
425,1066041,819010,0.985,0.044,-0.026,0.1,0,0,-34.7,6,27.2,0.169316691,0.701254311,-0.145420698,0.677022614
426,1068155,819020,0.985,0.04,-0.026,0,-0.1,0,-34.8,6.1,26.9,0.169316691,0.701254311,-0.145420698,0.677022614
427,1071222,819020,0.988,0.04,-0.026,0,-0.1,0,-34.8,6.1,26.9,0.169316691,0.701254311,-0.145420698,0.677022614
428,1073454,819020,0.988,0.036,-0.022,0,-0.1,0,-34.8,6.1,26.9,0.169316691,0.701254311,-0.145420698,0.677022614
429,1075714,819020,0.988,0.036,-0.022,0,-0.1,0,-34.8,6.1,26.9,0.169316691,0.701254311,-0.145420698,0.677022614
430,1079705,819030,0.988,0.04,-0.022,0,0,0,-35,6,25.9,0.169316691,0.701254311,-0.145420698,0.677022614
431,1081964,819030,0.985,0.04,-0.018,0,0,0,-35,6,25.9,0.169316691,0.701254311,-0.145420698,0.677022614
432,1083454,819030,0.988,0.036,-0.026,0,0,-0.1,-35,6,25.9,0.169316691,0.701254311,-0.145420698,0.677022614
433,1085708,819030,0.985,0.04,-0.026,0,0,0,-35,6,25.9,0.169316691,0.701254311,-0.145420698,0.677022614
434,1088288,819040,0.985,0.04,-0.026,0,0,0,-35,6,25.9,0.169316691,0.701254311,-0.145420698,0.677022614
435,1090653,819040,0.985,0.04,-0.022,0,0,0.1,-35,6.3,25.7,0.169316691,0.701254311,-0.145420698,0.677053133
436,1094811,819040,0.985,0.036,-0.026,0,-0.1,0,-35,6.3,25.7,0.169316691,0.701254311,-0.145420698,0.677053133
437,1096811,819040,0.985,0.04,-0.022,0,-0.2,0,-35,6.3,25.7,0.169316691,0.701254311,-0.145451216,0.677022614
438,1098497,819050,0.985,0.036,-0.022,0,-0.1,0,-35.1,5.9,26.7,0.169316691,0.701254311,-0.145451216,0.677022614
439,1100721,819050,0.988,0.036,-0.026,0,0,0,-35.1,5.9,26.7,0.169316691,0.701254311,-0.145451216,0.677022614
440,1103752,819050,0.988,0.04,-0.018,0,0.1,0,-35.1,5.9,26.7,0.169347209,0.701254311,-0.145451216,0.677022614
441,1106029,819050,0.985,0.036,-0.026,0,0,0,-35.1,5.9,26.7,0.169347209,0.701254311,-0.145451216,0.677022614
442,1108067,819060,0.985,0.04,-0.026,0,0,0,-34.9,6.2,26.6,0.169347209,0.701254311,-0.145451216,0.677022614
443,1111320,819060,0.985,0.04,-0.026,0,-0.1,0,-34.9,6.2,26.6,0.169347209,0.701254311,-0.145451216,0.677022614
444,1113275,819060,0.985,0.036,-0.03,-0.1,-0.1,0,-34.9,6.2,26.6,0.169347209,0.701254311,-0.145451216,0.677022614
445,1117123,819060,0.985,0.04,-0.026,-0.1,-0.1,0,-34.9,6.2,26.6,0.169347209,0.701254311,-0.145451216,0.677022614
446,1119327,819070,0.985,0.04,-0.03,0,-0.1,0,-35,6,27.1,0.169347209,0.701254311,-0.145451216,0.677022614
447,1121469,819070,0.988,0.04,-0.022,0,0,0,-35,6,27.1,0.169347209,0.701254311,-0.145451216,0.677022614
448,1123495,819070,0.985,0.036,-0.022,0,-0.1,0,-35,6,27.1,0.169347209,0.701254311,-0.145451216,0.677022614
449,1125587,819070,0.985,0.04,-0.018,0,-0.1,0,-35,6,27.1,0.169347209,0.701254311,-0.145451216,0.677022614
450,1129129,819080,0.985,0.044,-0.026,0,0,0,-35.1,6.1,26.4,0.169347209,0.701254311,-0.145451216,0.677022614
451,1130715,819080,0.988,0.036,-0.022,0,0.1,0,-35.1,6.1,26.4,0.169347209,0.701254311,-0.145451216,0.677022614
452,1133154,819080,0.988,0.036,-0.026,0,0.1,0,-35.1,6.1,26.4,0.169347209,0.701254311,-0.145451216,0.677022614
453,1136627,819080,0.988,0.036,-0.022,-0.1,0,0,-35.1,6.1,26.4,0.169347209,0.701254311,-0.145451216,0.677022614
454,1138436,819090,0.988,0.036,-0.022,-0.1,0,0,-35.1,6.1,26.4,0.169347209,0.701254311,-0.145451216,0.677022614
455,1140852,819090,0.985,0.044,-0.026,0,0,-0.1,-35.1,6.3,26.9,0.169347209,0.701254311,-0.145451216,0.677022614
456,1144406,819090,0.988,0.044,-0.026,0,0,0,-35.1,6.3,26.9,0.169347209,0.701254311,-0.145451216,0.677022614
457,1146661,819090,0.988,0.036,-0.022,0,0,0,-35.1,6.3,26.9,0.169347209,0.701254311,-0.145451216,0.677022614
458,1148159,819100,0.985,0.04,-0.022,0,0,0.1,-35.1,6.6,27.9,0.169347209,0.701254311,-0.145451216,0.677022614
459,1151669,819100,0.985,0.044,-0.022,0,0,0.2,-35.1,6.6,27.9,0.169347209,0.701254311,-0.145451216,0.677022614
460,1153248,819100,0.988,0.04,-0.022,0,0,0.1,-35.1,6.6,27.9,0.169347209,0.701254311,-0.145451216,0.677022614
461,1155780,819100,0.988,0.04,-0.022,0,0.1,0,-35.1,6.6,27.9,0.169347209,0.701254311,-0.145451216,0.677022614
462,1158466,819110,0.985,0.04,-0.03,0,0.1,0,-35.3,4.9,25.8,0.169347209,0.701254311,-0.145451216,0.677022614
463,1160813,819110,0.985,0.044,-0.026,0,0.1,0,-35.3,4.9,25.8,0.169347209,0.701254311,-0.145451216,0.677022614
464,1163233,819110,0.985,0.04,-0.022,0,0.1,0,-35.3,4.9,25.8,0.169347209,0.701254311,-0.145451216,0.677022614
465,1165714,819110,0.981,0.04,-0.022,0,0,0,-35.3,4.9,25.8,0.169347209,0.701254311,-0.145451216,0.677022614
466,1169807,819120,0.985,0.04,-0.026,0.1,0,0,-35,4.2,26,0.169347209,0.701254311,-0.145451216,0.677022614
467,1172107,819120,0.981,0.036,-0.026,0.1,0,0,-35,4.2,26,0.169347209,0.701254311,-0.145451216,0.677022614
468,1174334,819120,0.988,0.044,-0.026,0.1,0.2,0.1,-35,4.2,26,0.169316691,0.701223792,-0.145451216,0.677053133
469,1176535,819120,0.985,0.044,-0.03,0,0.2,0.1,-35,4.2,26,0.169316691,0.701223792,-0.145451216,0.677053133
470,1178850,819130,0.988,0.04,-0.026,0,0.1,0.1,-35,4.1,25.9,0.169316691,0.701223792,-0.145451216,0.677053133
471,1181099,819130,0.981,0.04,-0.026,0,0,0,-35,4.1,25.9,0.169316691,0.701223792,-0.145451216,0.677053133
472,1183355,819130,0.985,0.04,-0.022,-0.1,0,0,-35,4.1,25.9,0.169316691,0.701223792,-0.145451216,0.677053133
473,1185575,819130,0.988,0.04,-0.022,-0.1,0,0,-35,4.1,25.9,0.169316691,0.701223792,-0.145481735,0.677053133
474,1188027,819140,0.985,0.036,-0.026,-0.1,-0.1,0,-35.1,3.7,26.2,0.169347209,0.701223792,-0.145451216,0.677053133
475,1191580,819140,0.988,0.036,-0.022,-0.1,-0.1,0,-35.1,3.7,26.2,0.169347209,0.701223792,-0.145451216,0.677053133
476,1193834,819140,0.985,0.04,-0.026,0,0,0,-35.1,3.7,26.2,0.169347209,0.701223792,-0.145451216,0.677053133
477,1196085,819140,0.985,0.036,-0.026,0,0.1,0,-35.1,3.7,26.2,0.169347209,0.701223792,-0.145451216,0.677053133
478,1198277,819150,0.985,0.036,-0.026,0.1,0.1,-0.1,-35.2,7.4,27.1,0.169347209,0.701223792,-0.145451216,0.677053133
479,1200600,819150,0.985,0.036,-0.026,0.1,0.1,-0.2,-35.2,7.4,27.1,0.169347209,0.701223792,-0.145451216,0.677053133
480,1203147,819150,0.981,0.036,-0.022,0.1,0.1,-0.2,-35.2,7.4,27.1,0.169347209,0.701223792,-0.145451216,0.677053133
481,1206541,819150,0.985,0.036,-0.026,0.1,0.1,-0.2,-35.2,7.4,27.1,0.169347209,0.701223792,-0.145451216,0.677053133
482,1208640,819160,0.988,0.036,-0.026,0.1,0.2,-0.1,-35.3,5.5,26.8,0.169347209,0.701223792,-0.145451216,0.677053133
483,1210913,819160,0.985,0.044,-0.018,0,0.2,0,-35.3,5.5,26.8,0.169347209,0.701223792,-0.145451216,0.677083651
484,1213756,819160,0.988,0.04,-0.022,0,0.2,0.1,-35.3,5.5,26.8,0.169347209,0.701193274,-0.145451216,0.677083651
485,1215919,819160,0.985,0.036,-0.026,0,0,0.1,-35.3,5.5,26.8,0.169347209,0.701193274,-0.145451216,0.677083651
486,1218980,819170,0.988,0.04,-0.026,0,0,0,-35.1,6.5,26.7,0.169347209,0.701193274,-0.145451216,0.677083651
487,1221949,819170,0.985,0.044,-0.022,0,0,0,-35.1,6.5,26.7,0.169347209,0.701193274,-0.145451216,0.677083651
488,1223358,819170,0.985,0.04,-0.022,0,0,-0.1,-35.1,6.5,26.7,0.169347209,0.701193274,-0.145420698,0.677083651
489,1226326,819170,0.985,0.036,-0.026,0,0,0,-35.1,6.5,26.7,0.169347209,0.701193274,-0.145420698,0.677083651
490,1229572,819180,0.985,0.036,-0.022,0,0,0,-35,6.8,26.8,0.169347209,0.701193274,-0.145420698,0.677083651
491,1230892,819180,0.985,0.04,-0.026,0,-0.1,0,-35,6.8,26.8,0.169347209,0.701193274,-0.145420698,0.677083651
492,1234267,819180,0.985,0.04,-0.03,0,-0.1,-0.1,-35,6.8,26.8,0.169347209,0.701223792,-0.145420698,0.677053133
493,1235651,819180,0.985,0.04,-0.022,-0.1,-0.1,0,-35,6.8,26.8,0.169347209,0.701223792,-0.145420698,0.677053133
494,1238661,819190,0.988,0.04,-0.026,0,-0.2,0,-35.2,7.4,26.7,0.169347209,0.701223792,-0.145451216,0.677053133
495,1240666,819190,0.985,0.04,-0.022,0,-0.2,0,-35.2,7.4,26.7,0.169347209,0.701223792,-0.145451216,0.677053133
496,1243733,819190,0.985,0.04,-0.026,0,-0.2,0,-35.2,7.4,26.7,0.169347209,0.701223792,-0.145451216,0.677053133
497,1245899,819190,0.985,0.04,-0.026,0,-0.2,0,-35.2,7.4,26.7,0.169347209,0.701223792,-0.145451216,0.677053133
498,1249722,819200,0.988,0.04,-0.022,0,-0.1,0,-35.2,5.7,26.9,0.169347209,0.701223792,-0.145451216,0.677053133
499,1252014,819200,0.992,0.036,-0.022,0.1,-0.1,0,-35.2,5.7,26.9,0.169347209,0.701223792,-0.145451216,0.677053133
500,1254179,819200,0.985,0.036,-0.026,0.1,-0.1,0,-35.2,5.7,26.9,0.169347209,0.701223792,-0.145451216,0.677053133
501,1256359,819200,0.985,0.04,-0.03,0.1,-0.1,0,-35.2,5.7,26.9,0.169347209,0.701223792,-0.145451216,0.677053133
502,1258764,819210,0.985,0.04,-0.026,0.1,-0.1,0,-35.3,6.5,26.8,0.169347209,0.701254311,-0.145420698,0.677053133
503,1260952,819210,0.985,0.036,-0.026,0.1,-0.1,0,-35.3,6.5,26.8,0.169347209,0.701254311,-0.145420698,0.677053133
504,1264157,819210,0.988,0.044,-0.022,0,-0.1,0,-35.3,6.5,26.8,0.169347209,0.701254311,-0.145420698,0.677022614
505,1265759,819210,0.985,0.04,-0.026,0,-0.2,0,-35.3,6.5,26.8,0.169347209,0.701254311,-0.145420698,0.677022614
506,1269791,819220,0.985,0.036,-0.026,-0.1,-0.3,0.1,-35.5,6.4,26.7,0.169347209,0.701254311,-0.145451216,0.677022614
507,1272007,819220,0.985,0.036,-0.026,-0.1,-0.3,0.1,-35.5,6.4,26.7,0.169347209,0.701254311,-0.145451216,0.677022614
508,1274254,819220,0.985,0.04,-0.022,0,-0.1,0,-35.5,6.4,26.7,0.169347209,0.701254311,-0.145451216,0.677022614
509,1276435,819220,0.985,0.04,-0.026,-0.1,-0.1,0,-35.5,6.4,26.7,0.169347209,0.701254311,-0.145451216,0.677022614
510,1278661,819230,0.985,0.044,-0.026,0,0,0,-35.6,6.2,26.7,0.169347209,0.701254311,-0.145451216,0.677022614
511,1281025,819230,0.985,0.036,-0.022,0,-0.1,0,-35.6,6.2,26.7,0.169347209,0.701254311,-0.145451216,0.677022614
512,1283248,819230,0.977,0.04,-0.022,0,0,0,-35.6,6.2,26.7,0.169347209,0.701254311,-0.145451216,0.677022614
513,1285882,819230,0.988,0.032,-0.026,0,0,0,-35.6,6.2,26.7,0.169347209,0.701254311,-0.145451216,0.677022614
514,1288056,819240,0.988,0.036,-0.026,0,0,0.1,-36.3,6.3,27,0.169316691,0.701254311,-0.145451216,0.677022614
515,1292279,819240,0.988,0.036,-0.026,0,0,0.1,-36.3,6.3,27,0.169316691,0.701254311,-0.145451216,0.677022614
516,1294447,819240,0.985,0.04,-0.026,0,-0.1,0.1,-36.3,6.3,27,0.169316691,0.701254311,-0.145451216,0.677022614
517,1295930,819240,0.988,0.04,-0.026,0,-0.3,0,-36.3,6.3,27,0.169316691,0.701254311,-0.145451216,0.677022614
518,1298258,819250,0.981,0.036,-0.03,0,-0.2,0,-34.6,4.6,26.7,0.169316691,0.701254311,-0.145451216,0.677022614
519,1300821,819250,0.985,0.036,-0.026,0,-0.1,0,-34.6,4.6,26.7,0.169316691,0.701254311,-0.145451216,0.677022614
520,1303160,819250,0.988,0.032,-0.026,0,-0.1,0,-34.6,4.6,26.7,0.169316691,0.701254311,-0.145481735,0.677022614
521,1307256,819250,0.985,0.04,-0.022,0,-0.1,0,-34.6,4.6,26.7,0.169316691,0.701254311,-0.145481735,0.677022614
522,1309477,819260,0.988,0.04,-0.026,0,0,0,-36.9,7.2,27,0.169316691,0.701254311,-0.145481735,0.677022614
523,1311732,819260,0.981,0.04,-0.018,0,0,0,-36.9,7.2,27,0.169316691,0.701254311,-0.145481735,0.677022614
524,1314249,819260,0.985,0.04,-0.026,0,0,0,-36.9,7.2,27,0.169316691,0.701254311,-0.145481735,0.677022614
525,1316587,819260,0.981,0.036,-0.022,0,0,0,-36.9,7.2,27,0.169316691,0.701254311,-0.145481735,0.677022614
526,1319051,819270,0.985,0.04,-0.026,0,-0.1,0,-36.8,7.3,27.3,0.169316691,0.701254311,-0.145481735,0.677022614
527,1321131,819270,0.985,0.036,-0.03,-0.1,-0.1,0,-36.8,7.3,27.3,0.169316691,0.701254311,-0.145481735,0.676992096
528,1323357,819270,0.988,0.04,-0.022,-0.1,0,0,-36.8,7.3,27.3,0.169316691,0.701254311,-0.145481735,0.676992096
529,1326150,819270,0.985,0.04,-0.03,0,0.1,0,-36.8,7.3,27.3,0.169316691,0.701254311,-0.145481735,0.676992096
530,1328405,819280,0.988,0.04,-0.022,0,0.2,0,-37.4,7.2,27.2,0.169316691,0.701254311,-0.145481735,0.677022614
531,1331292,819280,0.985,0.036,-0.022,0,0.2,0,-37.4,7.2,27.2,0.169316691,0.701254311,-0.145481735,0.677022614
532,1333547,819280,0.985,0.04,-0.026,0,0.1,0,-37.4,7.2,27.2,0.169316691,0.701254311,-0.145481735,0.677022614
533,1335785,819280,0.988,0.04,-0.022,0,0,0,-37.4,7.2,27.2,0.169316691,0.701254311,-0.145481735,0.677022614
534,1338444,819290,0.988,0.036,-0.03,0,0,0,-36.7,7.6,26.9,0.169316691,0.701223792,-0.145481735,0.677022614
535,1340703,819290,0.988,0.036,-0.018,0,0,0,-36.7,7.6,26.9,0.169316691,0.701223792,-0.145481735,0.677022614
536,1344878,819290,0.988,0.04,-0.034,0,0,0.1,-36.7,7.6,26.9,0.169316691,0.701223792,-0.145481735,0.677022614
537,1346739,819290,0.981,0.04,-0.026,0,0,0.2,-36.7,7.6,26.9,0.169316691,0.701223792,-0.145481735,0.677022614
538,1348390,819300,0.985,0.04,-0.022,0,0,0.2,-34.3,5.4,26.8,0.169316691,0.701223792,-0.145481735,0.677022614
539,1350727,819300,0.985,0.044,-0.03,0,0,0.1,-34.3,5.4,26.8,0.169316691,0.701223792,-0.145481735,0.677022614
540,1354897,819300,0.981,0.044,-0.022,0,0,0,-34.3,5.4,26.8,0.169316691,0.701223792,-0.145481735,0.677022614
541,1357089,819300,0.988,0.04,-0.026,0,0,0,-34.3,5.4,26.8,0.169316691,0.701223792,-0.145481735,0.677053133
542,1359306,819310,0.985,0.04,-0.026,0,0,0,-35.8,6.1,26.7,0.169316691,0.701223792,-0.145481735,0.677053133
543,1361594,819310,0.985,0.04,-0.026,0,0,0,-35.8,6.1,26.7,0.169316691,0.701223792,-0.145481735,0.677053133
544,1364230,819310,0.985,0.04,-0.022,0,-0.1,0,-35.8,6.1,26.7,0.169316691,0.701223792,-0.145481735,0.677022614
545,1366565,819310,0.988,0.04,-0.026,0,-0.1,0,-35.8,6.1,26.7,0.169316691,0.701254311,-0.145512253,0.677022614
546,1368708,819320,0.981,0.036,-0.026,0,-0.1,0,-35.2,6.5,27,0.169316691,0.701254311,-0.145512253,0.677022614
547,1370667,819320,0.981,0.036,-0.026,0,0,-0.1,-35.2,6.5,27,0.169316691,0.701254311,-0.145481735,0.677022614
548,1373199,819320,0.988,0.04,-0.022,0,0,-0.1,-35.2,6.5,27,0.169316691,0.701254311,-0.145481735,0.677022614
549,1376656,819320,0.985,0.04,-0.022,0,0,-0.1,-35.2,6.5,27,0.169316691,0.701254311,-0.145481735,0.677022614
550,1378246,819330,0.988,0.04,-0.026,-0.1,0,0,-34.8,6.4,27.3,0.169316691,0.701254311,-0.145481735,0.677022614
551,1380719,819330,0.988,0.04,-0.026,-0.1,-0.1,0,-34.8,6.4,27.3,0.169316691,0.701254311,-0.145481735,0.677022614
552,1384967,819330,0.985,0.04,-0.026,0,-0.1,0,-34.8,6.4,27.3,0.169316691,0.701254311,-0.145481735,0.677022614
553,1387184,819330,0.985,0.04,-0.018,0,-0.1,0,-34.8,6.4,27.3,0.169316691,0.701254311,-0.145481735,0.677022614
554,1389423,819340,0.985,0.04,-0.022,0,-0.1,0,-33.9,6,27,0.169347209,0.701254311,-0.145481735,0.677022614
555,1391280,819340,0.988,0.04,-0.022,0,-0.1,0,-33.9,6,27,0.169347209,0.701254311,-0.145481735,0.677022614
556,1393213,819340,0.988,0.04,-0.026,0,0,0,-33.9,6,27,0.169347209,0.701254311,-0.145481735,0.677022614
557,1396669,819340,0.985,0.04,-0.026,0,0.1,0,-33.9,6,27,0.169347209,0.701254311,-0.145481735,0.677022614
558,1398222,819350,0.985,0.04,-0.022,0,0.1,0,-35.3,6.2,26.8,0.169347209,0.701254311,-0.145481735,0.677022614
559,1400612,819350,0.985,0.036,-0.026,0,0,0,-35.3,6.2,26.8,0.169347209,0.701254311,-0.145481735,0.677022614
560,1403866,819350,0.985,0.04,-0.022,0,0,0,-35.3,6.2,26.8,0.169347209,0.701254311,-0.145481735,0.677022614
561,1406115,819350,0.988,0.036,-0.03,0,0,0,-35.3,6.2,26.8,0.169347209,0.701254311,-0.145481735,0.677022614
562,1408421,819360,0.988,0.04,-0.026,0,0,0,-34.8,5.8,26.6,0.169347209,0.701254311,-0.145481735,0.677022614
563,1410699,819360,0.988,0.036,-0.026,0,0,0,-34.8,5.8,26.6,0.169347209,0.701254311,-0.145481735,0.677022614
564,1413099,819360,0.743,0.027,-0.014,0,0.1,0,-34.8,5.8,26.6,0.169347209,0.701254311,-0.145481735,0.677022614
565,1416610,819360,-4.169,-0.992,0.249,-0.2,1.3,0,-34.8,5.8,26.6,0.169347209,0.701223792,-0.145481735,0.677053133
566,1418087,819370,3.983,-1.624,-8.105,-9.3,42.9,1.5,-34.7,6.3,27,0.169591357,0.700552385,-0.145481735,0.677694021
567,1421030,819370,0.417,0.186,-7.958,-17.7,165.4,-3.8,-34.7,6.3,27,0.170445875,0.698049867,-0.145084994,0.680135502
568,1424191,819370,5.181,2.384,-8.154,10.5,281.2,-16.7,-34.7,6.3,27,0.171422468,0.693960387,-0.143620106,0.684377575
569,1425714,819370,7.171,7.877,7.525,89.7,265.5,-34.1,-34.7,6.3,27,0.171422468,0.69042024,-0.140751366,0.688528092
570,1428518,819380,7.969,-4.484,7.819,142.3,82.2,-41.4,-36.7,6.4,25.7,0.17014069,0.689840388,-0.137699515,0.690054018
571,1430739,819380,1.87,-6.641,3.552,68.8,-110,-27.5,-36.7,6.4,25.7,0.169164098,0.691824091,-0.136631367,0.688467055
572,1433798,819380,-5.638,3.752,6.982,-51.5,-124.6,-2.2,-36.7,6.4,25.7,0.169621876,0.693502609,-0.137852107,0.686452834
573,1435975,819380,-0.988,-2.345,6.553,-106.5,25.1,15.7,-36.7,6.4,25.7,0.171086764,0.69267861,-0.139591662,0.686574908
574,1439094,819390,2.66,-4.581,1.519,-78.6,147.2,15.9,-35.9,6.7,27.4,0.172490616,0.690145573,-0.140446181,0.688619648
575,1440782,819390,1.717,-0.754,0.943,-50.9,112.3,3.6,-35.9,6.7,27.4,0.173528245,0.688253426,-0.140842921,0.690145573
576,1443476,819390,-1.837,-0.482,-2.11,-40.4,-3.6,-9.5,-35.9,6.7,27.4,0.174260689,0.68816187,-0.141331217,0.689931944
577,1446492,819390,-0.703,-2.059,-3.893,-12.2,-47.3,-18.3,-35.9,6.7,27.4,0.174596393,0.688894314,-0.141422773,0.689107944
578,1448233,819400,0.367,-1.93,-3.739,15.5,-10.3,-19.6,-37.7,6.3,27,0.174626911,0.689168981,-0.140934477,0.688924833
579,1450967,819400,0.575,-1.257,-1.232,19.8,20.8,-11.8,-37.7,6.3,27,0.174565874,0.68898587,-0.140385144,0.689260537
580,1454296,819400,1.32,-2.488,0.58,10.3,9.1,-1.2,-37.7,6.3,27,0.1744438,0.688863796,-0.140171514,0.689443648
581,1455744,819400,1.28,-1.12,1.189,0,-20.9,7.2,-37.7,6.3,27,0.174291208,0.689168981,-0.140354625,0.689138462
582,1458778,819410,0.999,0.88,2.399,-3.7,-38.6,10.4,-34.9,6.6,27.2,0.17404706,0.689718314,-0.140720847,0.688589129
583,1461071,819410,1.161,0.335,0.441,3.2,-35.8,8.1,-34.9,6.6,27.2,0.173772393,0.690237129,-0.140934477,0.688100833
584,1463276,819410,1.048,0.501,0.299,16.5,-20.4,2.6,-34.9,6.6,27.2,0.173436689,0.690603351,-0.140781884,0.687856685
585,1466259,819410,0.968,1.089,0.39,23.5,-6,-2.3,-34.9,6.6,27.2,0.173070467,0.690786462,-0.140415662,0.687826167
586,1468499,819420,1.079,0.807,-0.27,22.1,1.9,-4.8,-34.8,6.4,27.3,0.172826319,0.690847499,-0.140018921,0.687887204
587,1471616,819420,1.04,-0.033,-1.27,16.8,5.3,-4.8,-34.8,6.4,27.3,0.172673727,0.690847499,-0.139683218,0.688009278
588,1473159,819420,0.963,0.022,-1.287,8.8,6.1,-2.9,-34.8,6.4,27.3,0.172582171,0.690786462,-0.139469588,0.688131352
589,1476808,819420,0.792,-0.148,-0.744,-0.5,5.2,-0.2,-34.8,6.4,27.3,0.17261269,0.690725425,-0.139469588,0.688192389
590,1478251,819430,1.111,-0.548,-0.553,-7.3,2,2,-35,6.5,27.3,0.172704245,0.690664388,-0.139591662,0.688222907
591,1482123,819430,1.224,-0.351,-0.409,-10.3,-3.3,3.4,-35,6.5,27.3,0.172795801,0.690664388,-0.139805292,0.688131352
592,1484297,819430,1.241,-0.08,-0.261,-8.9,-9,3.9,-35,6.5,27.3,0.172856838,0.690755943,-0.14004944,0.687978759
593,1486623,819430,1.202,0.022,-0.252,-2.6,-11.2,3.6,-35,6.5,27.3,0.172795801,0.690878018,-0.140171514,0.687826167
594,1488996,819440,1.071,0.434,0.055,5.1,-7.6,2.8,-34.9,6.2,27.2,0.172673727,0.69103061,-0.140171514,0.687734611
595,1490709,819440,1.098,0.457,-0.003,10.9,-1,2.1,-34.9,6.2,27.2,0.172460097,0.691061129,-0.14004944,0.68776513
596,1493791,819440,1.047,0.225,-0.154,11.6,4.8,1.7,-34.9,6.2,27.2,0.172276986,0.69103061,-0.139866329,0.687887204
597,1496105,819440,0.978,0.379,0.098,8.1,7.8,1.7,-34.9,6.2,27.2,0.172154912,0.690939055,-0.139744255,0.688039796
598,1498300,819450,1.063,0.327,0.146,2.7,7.5,1.9,-36.9,6.5,27.2,0.172093875,0.69081698,-0.139713736,0.68816187
599,1500630,819450,1.125,0.189,0.144,-1.6,4.4,2,-36.9,6.5,27.2,0.172093875,0.690755943,-0.139744255,0.688222907
600,1504323,819450,1.153,0.213,0.241,-3.9,-0.1,1.6,-36.9,6.5,27.2,0.172154912,0.690725425,-0.13983581,0.688222907
601,1506622,819450,1.091,0.198,0.475,-4.4,-3.7,1.1,-36.9,6.5,27.2,0.17218543,0.690755943,-0.139927366,0.68816187
602,1508390,819460,1.067,0.04,0.358,-4,-4.5,0.5,-35.7,6.1,27.4,0.172215949,0.69081698,-0.140018921,0.688070315
603,1510690,819460,0.997,0.009,0.282,-3,-2.8,0.1,-35.7,6.1,27.4,0.172246467,0.690847499,-0.140079958,0.688039796
604,1514101,819460,0.918,0.005,-0.13,-2.6,0,0.1,-35.7,6.1,27.4,0.172307505,0.690847499,-0.140110477,0.688009278
605,1515733,819460,0.91,0.037,-0.282,-2.1,2.4,0.2,-35.7,6.1,27.4,0.172338023,0.690786462,-0.140140996,0.688039796
606,1518201,819470,0.945,0.115,-0.221,-1.4,3.7,0.2,-36.1,6.5,27.6,0.172368542,0.690725425,-0.140140996,0.688100833
607,1520942,819470,1.024,0.146,-0.102,-1,3.1,0.3,-36.1,6.5,27.6,0.172368542,0.690694906,-0.140171514,0.688131352
608,1524935,819470,1.09,-0.014,0.08,-1.2,0.6,0.5,-36.1,6.5,27.6,0.17239906,0.690664388,-0.140171514,0.68816187
609,1525557,819470,1.043,-0.05,0.054,-2.3,-2.3,0.7,-36.1,6.5,27.6,0.17239906,0.690694906,-0.140232551,0.688100833
610,1528503,819480,0.977,-0.041,0.009,-3.5,-3.7,1.1,-35.7,6.2,27.2,0.172429579,0.690725425,-0.140324107,0.688039796
611,1530578,819480,0.93,-0.045,-0.13,-3.8,-2.7,1.2,-35.7,6.2,27.2,0.172460097,0.690755943,-0.140415662,0.688009278
612,1534653,819480,0.945,-0.022,-0.126,-3,-0.8,1.2,-35.7,6.2,27.2,0.172490616,0.690755943,-0.140476699,0.687978759
613,1536858,819480,0.969,0.048,-0.01,-1.6,0.3,1,-35.7,6.2,27.2,0.172490616,0.690725425,-0.140507218,0.687978759
614,1538659,819490,1.005,0.108,0.211,-0.1,0,1.1,-35.9,6.2,27.5,0.172490616,0.690725425,-0.140537736,0.687978759
615,1540715,819490,1.016,0.108,0.246,0.8,-1.3,1.3,-35.9,6.2,27.5,0.172460097,0.690755943,-0.140537736,0.687978759
616,1543546,819490,1.02,0.088,0.246,1.2,-2.6,1.3,-35.9,6.2,27.5,0.17239906,0.690786462,-0.140568255,0.687948241
617,1545839,819490,1.016,0.044,0.176,0.9,-3,1.4,-35.9,6.2,27.5,0.172368542,0.690847499,-0.140568255,0.687917722
618,1548191,819500,0.992,0.025,0.039,0,-2.7,1.4,-36.6,6.4,27.1,0.172338023,0.690878018,-0.140629292,0.687887204
619,1550611,819500,1.004,0.04,-0.011,-0.7,-1.9,1.4,-36.6,6.4,27.1,0.172307505,0.690908536,-0.14065981,0.687856685
620,1554188,819500,1.012,0.024,-0.074,-1,-1.3,1.3,-36.6,6.4,27.1,0.172307505,0.690908536,-0.140690329,0.687826167
621,1555700,819500,1,0.016,-0.066,-1,-1.4,1.4,-36.6,6.4,27.1,0.172307505,0.690908536,-0.140751366,0.687826167
622,1558161,819510,0.992,0.056,-0.034,-0.9,-1.9,1.6,-36.2,6.3,27.8,0.172276986,0.690939055,-0.140781884,0.687795648
623,1561653,819510,0.996,0.04,-0.066,-0.9,-2.7,1.9,-36.2,6.3,27.8,0.172246467,0.690969573,-0.140842921,0.687734611
624,1563223,819510,1,0.032,-0.019,-0.8,-3.2,2.2,-36.2,6.3,27.8,0.172215949,0.691000092,-0.140903958,0.687704093
625,1566318,819510,1,0.048,-0.007,-0.8,-3.5,2.4,-36.2,6.3,27.8,0.17218543,0.691061129,-0.140964995,0.687643056
626,1568539,819520,1.02,-0.002,-0.003,-1,-3.8,2.4,-36.3,6.5,28.7,0.172154912,0.691091647,-0.141026032,0.687612537
627,1570771,819520,1.012,-0.006,-0.011,-1.4,-4.3,2.2,-36.3,6.5,28.7,0.172093875,0.691152684,-0.141117588,0.6875515
628,1574556,819520,1.004,-0.022,-0.026,-1.9,-4.9,2.1,-36.3,6.5,28.7,0.172093875,0.691213721,-0.141178625,0.687459944
629,1576021,819520,0.961,-0.057,-0.056,-2.4,-5.3,2.3,-36.3,6.5,28.7,0.172093875,0.691274758,-0.14127018,0.687398907
630,1579045,819530,0.945,-0.077,-0.071,-2.9,-5.6,2.8,-36,6.4,29,0.172093875,0.691335795,-0.141392254,0.687307352
631,1580730,819530,0.945,-0.1,-0.056,-3.3,-6,3.4,-36,6.4,29,0.172063356,0.691396832,-0.141514328,0.687215796
632,1584253,819530,0.945,-0.104,-0.024,-3.8,-6.9,4,-36,6.4,29,0.172032838,0.691488388,-0.141666921,0.687124241
633,1585855,819530,0.965,-0.076,0.06,-4,-8.6,4.4,-36,6.4,29,0.172002319,0.691579943,-0.141819514,0.687002167
634,1588292,819540,0.961,-0.076,0.166,-3.9,-10.7,4.6,-35.9,6.5,29.4,0.171697134,0.691732536,-0.142246773,0.686849574
635,1590565,819540,0.961,-0.076,0.166,-3.6,-12.7,4.7,-35.9,6.5,29.4,0.171636097,0.691885128,-0.142429884,0.686666463
636,1594005,819540,0.965,-0.009,0.174,-3.1,-13.5,4.8,-35.9,6.5,29.4,0.17157506,0.692068239,-0.142612995,0.686452834
637,1595581,819540,0.95,0.014,0.182,-2.3,-13.3,4.9,-35.9,6.5,29.4,0.171483505,0.692220832,-0.142765587,0.686269723
638,1599260,819550,0.946,0.01,0.205,-1.4,-12.3,4.8,-36,6.3,25.6,0.171391949,0.692373424,-0.14291818,0.686086612
639,1600777,819550,0.926,0.006,0.159,-0.9,-11.2,4.6,-36,6.3,25.6,0.171300394,0.692556536,-0.143040254,0.685934019
640,1603629,819550,0.93,0.037,0.12,-0.8,-10.7,4.5,-36,6.3,25.6,0.171239357,0.69267861,-0.143162328,0.685781426
641,1606572,819550,0.938,0.025,0.123,-1.1,-11.4,4.3,-36,6.3,25.6,0.171117283,0.692831202,-0.143284402,0.685628834
642,1608168,819560,0.926,-0.001,0.104,-1.6,-12.9,4.1,-35.7,6.2,27.9,0.171056246,0.693014313,-0.143406476,0.685445723
643,1610696,819560,0.915,0.006,0.089,-2.5,-14.3,4,-35.7,6.2,27.9,0.170995209,0.693197424,-0.143559069,0.685232093
644,1614097,819560,0.919,0.022,0.128,-3.4,-14.9,3.8,-35.7,6.2,27.9,0.170934172,0.693411054,-0.14374218,0.685018464
645,1615733,819560,0.903,0.041,0.148,-3.8,-14.9,3.8,-35.7,6.2,27.9,0.170903653,0.693594165,-0.143894772,0.684804834
646,1618518,819570,0.892,0.061,0.14,-3.7,-14.5,3.8,-35.8,6.4,27.4,0.170842616,0.693807794,-0.144077883,0.684560686
647,1621568,819570,0.872,0.124,0.149,-3.1,-14.2,3.5,-35.8,6.4,27.4,0.170812098,0.693990905,-0.144230476,0.684377575
648,1623096,819570,1.009,0.218,0.14,-2.4,-13.7,3,-35.8,6.4,27.4,0.170751061,0.694174017,-0.14435255,0.684163945
649,1626030,819570,0.908,0.238,0.245,-1,-12.9,1.9,-35.8,6.4,27.4,0.170690023,0.694357128,-0.144444105,0.683980834
650,1629099,819580,0.876,0.195,0.023,0.2,-12.3,0.6,-35.6,6,27.2,0.170628986,0.694540239,-0.144505142,0.683797723
651,1630676,819580,0.849,0.223,0.055,1,-12.2,-0.5,-35.6,6,27.2,0.170598468,0.69472335,-0.144535661,0.683614612
652,1633174,819580,0.9,0.297,0.061,1.3,-12.7,-1,-35.6,6,27.2,0.170567949,0.694936979,-0.144535661,0.683400983
653,1636595,819580,0.861,0.278,0.145,1.8,-13.2,-1,-35.6,6,27.2,0.170506912,0.69512009,-0.144535661,0.683217872
654,1638174,819590,0.856,0.172,0.032,2.1,-13.9,-1,-35.7,5.9,26.6,0.171086764,0.695272683,-0.143925291,0.683065279
655,1640556,819590,0.888,0.191,0.034,2.1,-14.7,-1,-35.7,5.9,26.6,0.171025727,0.695486312,-0.143925291,0.68285165
656,1643168,819590,0.907,0.171,0.065,1.6,-16.1,-0.8,-35.7,5.9,26.6,0.17096469,0.695730461,-0.143955809,0.682607501
657,1646030,819590,0.977,0.056,0.028,1.2,-18.2,-0.5,-35.7,5.9,26.6,0.170873135,0.696005127,-0.143986328,0.682332835
658,1649071,819600,1.02,0.02,0.015,0.4,-20.8,0,-35.4,6.1,27,0.170812098,0.696340831,-0.144047365,0.68202765
659,1650684,819600,1.051,-0.006,0.006,-0.8,-23.5,0.5,-35.4,6.1,27,0.170751061,0.696676534,-0.144169439,0.681661428
660,1654187,819600,1.066,-0.026,-0.005,-2.1,-25.5,1.1,-35.4,6.1,27,0.170690023,0.697042756,-0.144322031,0.681264687
661,1655706,819600,1.074,-0.058,-0.068,-2.8,-26,1.3,-35.4,6.1,27,0.170628986,0.697408979,-0.144474624,0.680867946
662,1658591,819610,1.058,-0.054,-0.099,-3,-25.1,1.3,-35.7,6.2,27.1,0.170567949,0.697775201,-0.144627216,0.680471206
663,1660801,819610,1.062,-0.034,-0.122,-2.7,-23.1,1,-35.7,6.2,27.1,0.170537431,0.698110904,-0.14474929,0.680104984
664,1663675,819610,1.054,-0.011,-0.106,-1.9,-20.9,0.7,-35.7,6.2,27.1,0.170476394,0.698416089,-0.144901883,0.679799799
665,1665975,819610,1.023,-0.022,-0.125,-0.9,-18.9,0.3,-35.7,6.2,27.1,0.170415357,0.698690756,-0.144993439,0.679494613
666,1669196,819620,1.019,-0.018,-0.203,0,-17.5,0.1,-35.7,6.2,26.7,0.170384838,0.698934904,-0.145054476,0.679250465
667,1671287,819620,1.027,0,-0.274,0.4,-16.5,-0.1,-35.7,6.2,26.7,0.170323801,0.699179052,-0.145115513,0.678975799
668,1673293,819620,1.027,0.02,-0.274,1,-15.7,-0.3,-35.7,6.2,26.7,0.170262764,0.6994232,-0.145146031,0.678762169
669,1676332,819620,1.019,0.012,-0.282,1.7,-14.7,-0.4,-35.7,6.2,26.7,0.17014069,0.699667348,-0.145146031,0.678518021
670,1678610,819630,1.038,0.004,-0.318,2.4,-13.4,-0.4,-35.5,6.2,26.8,0.170110172,0.699850459,-0.14517655,0.67833491
671,1680859,819630,1.058,0.043,-0.326,2.7,-12.3,-0.3,-35.5,6.2,26.8,0.170049135,0.700064089,-0.14517655,0.678151799
672,1683060,819630,1.074,0.051,-0.327,3.2,-11.4,-0.3,-35.5,6.2,26.8,0.169957579,0.7002472,-0.145146031,0.677968688
673,1685635,819630,1.07,0.047,-0.338,3.6,-10.6,-0.1,-35.5,6.2,26.8,0.169866024,0.700399792,-0.145146031,0.677816095
674,1689130,819640,1.077,0.063,-0.331,3.8,-9.7,-0.2,-35.7,6.3,26.4,0.169774468,0.700582904,-0.145115513,0.677694021
675,1690662,819640,1.074,0.078,-0.315,3.8,-8.4,-0.1,-35.7,6.3,26.4,0.169682913,0.700704978,-0.145084994,0.677571947
676,1694102,819640,1.07,0.078,-0.299,3.7,-6.7,0,-35.7,6.3,26.4,0.169621876,0.700827052,-0.145054476,0.677480392
677,1695605,819640,1.066,0.078,-0.291,3.5,-4.9,0,-35.7,6.3,26.4,0.169560839,0.700918607,-0.145023957,0.677419355
678,1698482,819650,1.05,0.079,-0.255,3.2,-3.2,0,-35.1,6.2,27.6,0.169499802,0.700979644,-0.144993439,0.677388836
679,1701558,819650,1.039,0.087,-0.239,2.7,-1.5,0,-35.1,6.2,27.6,0.169438765,0.701010163,-0.14496292,0.677358318
680,1703147,819650,1.027,0.083,-0.212,2.2,-0.2,0.1,-35.1,6.2,27.6,0.169408246,0.701010163,-0.144932402,0.677358318
681,1706016,819650,1.015,0.079,-0.184,1.6,0.9,0,-35.1,6.2,27.6,0.169377728,0.701010163,-0.144901883,0.677388836
682,1709126,819660,0.992,0.075,-0.132,0.9,1.8,0,-35.1,4.9,26.2,0.169377728,0.700979644,-0.144871364,0.677419355
683,1710670,819660,0.984,0.072,-0.112,0.2,2.7,0,-35.1,4.9,26.2,0.169377728,0.700949126,-0.144871364,0.677449873
684,1714251,819660,0.981,0.064,-0.089,-0.2,3.3,0,-35.1,4.9,26.2,0.169408246,0.700888089,-0.144840846,0.67751091
685,1715694,819660,0.977,0.064,-0.045,-0.6,3.8,0,-35.1,4.9,26.2,0.169408246,0.700827052,-0.144840846,0.677571947
686,1718631,819670,0.981,0.052,-0.022,-1.1,3.9,0,-35.2,4.5,25.9,0.169438765,0.700766015,-0.144840846,0.677632984
687,1721621,819670,0.981,0.052,-0.002,-1.4,3.8,0.1,-35.2,4.5,25.9,0.169469283,0.700704978,-0.144840846,0.677663503
688,1723255,819670,0.985,0.048,0.008,-1.8,3.6,0.1,-35.2,4.5,25.9,0.16953032,0.700643941,-0.144871364,0.67772454
689,1726078,819670,0.981,0.044,0.024,-2.1,3.4,0.1,-35.2,4.5,25.9,0.169560839,0.700582904,-0.144901883,0.677785577
690,1728413,819680,0.989,0.033,0.028,-2.4,3.3,0.1,-35,3.6,25.9,0.169591357,0.700521867,-0.144932402,0.677816095
691,1730557,819680,0.992,0.029,0.035,-2.4,3.3,0.2,-35,3.6,25.9,0.169652394,0.700460829,-0.144932402,0.677877132
692,1733385,819680,0.985,0.025,0.051,-2.4,3.3,0.2,-35,3.6,25.9,0.169682913,0.700399792,-0.14496292,0.677907651
693,1736704,819680,0.981,0.025,0.055,-2.3,3.5,0.2,-35,3.6,25.9,0.16974395,0.700338755,-0.144993439,0.677968688
694,1738909,819690,0.965,0.017,0.06,-2,3.5,0.2,-35.2,3.4,26.1,0.169774468,0.700186163,-0.145023957,0.678090762
695,1741069,819690,0.965,0.017,0.06,-1.7,3.5,0,-35.2,3.4,26.1,0.169835505,0.700155644,-0.145023957,0.678121281
696,1743273,819690,0.946,0.021,0.068,-1.4,3.4,0,-35.2,3.4,26.1,0.169866024,0.700094607,-0.145023957,0.678182318
697,1746177,819690,0.938,0.021,0.061,-1,3.2,0,-35.2,3.4,26.1,0.169866024,0.70003357,-0.145054476,0.678212836
698,1749327,819700,0.938,0.021,0.061,-0.6,2.9,0,-35.4,8,27.9,0.169896542,0.700003052,-0.145023957,0.678273873
699,1750754,819700,0.93,0.021,0.057,-0.2,2.3,0,-35.4,8,27.9,0.169927061,0.699972533,-0.145023957,0.678304392
700,1753569,819700,0.934,0.025,0.049,0,1.3,0,-35.4,8,27.9,0.169927061,0.699942015,-0.145023957,0.67833491
701,1755749,819700,0.946,0.029,0.045,0.4,0.4,0,-35.4,8,27.9,0.169896542,0.699942015,-0.145023957,0.67833491
702,1758266,819710,0.954,0.029,0.041,0.7,-0.5,0,-35.6,4.8,26,0.169896542,0.699942015,-0.145023957,0.67833491
703,1760514,819710,0.973,0.037,0.028,0.9,-1.5,0,-35.6,4.8,26,0.169866024,0.699972533,-0.144993439,0.678304392
704,1764053,819710,0.985,0.04,0.028,1,-2.3,0,-35.6,4.8,26,0.169866024,0.700003052,-0.144993439,0.678273873
705,1765581,819710,0.996,0.04,0.024,1.1,-2.9,0,-35.6,4.8,26,0.169835505,0.700064089,-0.144993439,0.678243355
706,1769093,819720,1.004,0.052,0.015,1,-3.3,0,-35.5,5.7,26.5,0.169804987,0.700125126,-0.144993439,0.678182318
707,1770693,819720,1,0.048,0.004,1,-3.2,0,-35.5,5.7,26.5,0.169774468,0.700155644,-0.144993439,0.678151799
708,1773345,819720,0.996,0.048,-0.003,1,-2.9,0,-35.5,5.7,26.5,0.16974395,0.700186163,-0.14496292,0.678090762
709,1776456,819720,0.989,0.052,-0.007,0.9,-2.5,0,-35.5,5.7,26.5,0.169713431,0.7002472,-0.14496292,0.678060244
710,1778062,819730,0.981,0.048,-0.034,0.7,-2.2,0,-35.5,6,26.6,0.169713431,0.700308237,-0.14496292,0.678029725
711,1780932,819730,0.973,0.044,-0.037,0.5,-2,0,-35.5,6,26.6,0.169682913,0.700338755,-0.14496292,0.677999207
712,1784085,819730,0.969,0.04,-0.053,0.4,-2,0,-35.5,6,26.6,0.169682913,0.700369274,-0.14496292,0.677968688
713,1785810,819730,0.969,0.04,-0.057,0.2,-2.3,0,-35.5,6,26.6,0.169652394,0.700399792,-0.14496292,0.677938169
714,1788907,819740,0.977,0.036,-0.069,0.1,-2.6,0.1,-35.3,6.9,26.5,0.169652394,0.700491348,-0.144993439,0.677816095
715,1790565,819740,0.984,0.032,-0.065,0,-2.9,0.1,-35.3,6.9,26.5,0.169621876,0.700552385,-0.144993439,0.677785577
716,1794091,819740,0.988,0.032,-0.073,0,-3.2,0,-35.3,6.9,26.5,0.169621876,0.700582904,-0.145023957,0.67772454
717,1795615,819740,1.008,0.036,-0.082,0,-3.3,0,-35.3,6.9,26.5,0.169621876,0.700643941,-0.145023957,0.677694021
718,1798153,819750,1.012,0.036,-0.082,0.1,-3.2,0.1,-35.4,6.2,26.9,0.169591357,0.700674459,-0.145054476,0.677632984
719,1801589,819750,1.016,0.04,-0.078,0.2,-3,0,-35.4,6.2,26.9,0.169591357,0.700735496,-0.145054476,0.677571947
720,1803192,819750,1.02,0.048,-0.082,0.2,-2.7,0,-35.4,6.2,26.9,0.169560839,0.700766015,-0.145054476,0.677541429
721,1806020,819750,1.019,0.044,-0.086,0.4,-2.4,0,-35.4,6.2,26.9,0.169560839,0.700827052,-0.145054476,0.67751091
722,1809166,819760,1.02,0.048,-0.078,0.5,-1.8,0.1,-35.2,6.3,27.1,0.16953032,0.70085757,-0.145054476,0.677480392
723,1810638,819760,1.012,0.044,-0.074,0.5,-1.1,0.1,-35.2,6.3,27.1,0.16953032,0.70085757,-0.145054476,0.677480392
724,1813534,819760,0.996,0.044,-0.069,0.3,-0.4,0,-35.2,6.3,27.1,0.169499802,0.70085757,-0.145054476,0.677449873
725,1816513,819760,0.988,0.04,-0.077,0.2,0.2,0,-35.2,6.3,27.1,0.169499802,0.70085757,-0.145054476,0.677480392
726,1818201,819770,0.977,0.04,-0.061,0.2,0.7,0,-35.6,6.1,27,0.169499802,0.70085757,-0.145054476,0.677480392
727,1820844,819770,0.981,0.036,-0.065,0.1,0.9,0,-35.6,6.1,27,0.169499802,0.70085757,-0.145054476,0.677480392
728,1823933,819770,0.973,0.036,-0.057,0.1,1,0,-35.6,6.1,27,0.169499802,0.700827052,-0.145023957,0.67751091
729,1825614,819770,0.973,0.04,-0.053,0,0.8,0,-35.6,6.1,27,0.169499802,0.700827052,-0.145023957,0.67751091
730,1828407,819780,0.977,0.04,-0.045,0,0.6,0,-34.9,6.3,26.9,0.169499802,0.700796533,-0.145023957,0.677541429
731,1830802,819780,0.985,0.044,-0.042,0,0.4,0,-34.9,6.3,26.9,0.169499802,0.700796533,-0.145023957,0.677541429
732,1834143,819780,0.985,0.04,-0.034,0,0.2,0.1,-34.9,6.3,26.9,0.169499802,0.700796533,-0.145023957,0.677541429
733,1835656,819780,0.996,0.044,-0.026,0,0,0.1,-34.9,6.3,26.9,0.169499802,0.700796533,-0.145023957,0.677541429
734,1838215,819790,0.996,0.044,-0.019,0,0,0.1,-35.4,6.1,27.1,0.169499802,0.700827052,-0.145054476,0.67751091
735,1841041,819790,1,0.044,-0.019,0,-0.1,0.1,-35.4,6.1,27.1,0.169499802,0.70085757,-0.145054476,0.677480392
736,1844077,819790,0.996,0.048,-0.011,-0.1,-0.1,0,-35.4,6.1,27.1,0.169499802,0.70085757,-0.145054476,0.677480392
737,1845661,819790,0.992,0.04,-0.014,-0.2,0,0,-35.4,6.1,27.1,0.169499802,0.70085757,-0.145054476,0.677480392
738,1848562,819800,0.985,0.04,-0.01,-0.3,0.2,0,-35.1,4.8,26.9,0.169499802,0.700827052,-0.145054476,0.677480392
739,1850533,819800,0.981,0.044,-0.006,-0.4,0.6,0,-35.1,4.8,26.9,0.16953032,0.700827052,-0.145054476,0.67751091
740,1853372,819800,0.977,0.044,0.001,-0.3,0.9,0,-35.1,4.8,26.9,0.16953032,0.700827052,-0.145054476,0.67751091
741,1855538,819800,0.973,0.037,-0.002,-0.3,0.9,0,-35.1,4.8,26.9,0.16953032,0.700796533,-0.145054476,0.677541429
742,1858602,819810,0.969,0.033,-0.01,-0.2,0.8,0,-36.4,6.7,27,0.16953032,0.700796533,-0.145054476,0.677541429
743,1861855,819810,0.965,0.033,-0.006,-0.1,0.6,0,-36.4,6.7,27,0.16953032,0.700766015,-0.145054476,0.677541429
744,1863363,819810,0.969,0.033,-0.002,-0.1,0.2,0,-36.4,6.7,27,0.169560839,0.700766015,-0.145054476,0.677541429
745,1865520,819810,0.981,0.036,-0.006,0,0,0,-36.4,6.7,27,0.169560839,0.700766015,-0.145054476,0.677541429
746,1868592,819820,0.985,0.033,-0.002,0.1,-0.3,0,-36.5,6.7,27.1,0.169560839,0.700766015,-0.145054476,0.677541429
747,1871831,819820,0.992,0.04,-0.003,0.1,-0.7,0,-36.5,6.7,27.1,0.16953032,0.700796533,-0.145054476,0.677541429
748,1873239,819820,0.992,0.044,-0.007,0.1,-0.8,0,-36.5,6.7,27.1,0.16953032,0.700796533,-0.145054476,0.67751091
749,1876028,819820,0.992,0.044,-0.007,0.2,-0.7,0,-36.5,6.7,27.1,0.16953032,0.700827052,-0.145054476,0.67751091
750,1879156,819830,0.992,0.048,-0.015,0.2,-0.5,0,-37.3,7,26.8,0.16953032,0.700827052,-0.145054476,0.67751091
751,1880864,819830,0.992,0.044,-0.011,0.2,-0.4,0,-37.3,7,26.8,0.16953032,0.700827052,-0.145054476,0.67751091
752,1883858,819830,0.988,0.044,-0.018,0.2,-0.4,0,-37.3,7,26.8,0.169499802,0.700827052,-0.145054476,0.67751091
753,1886561,819830,0.981,0.04,-0.022,0.1,-0.3,0,-37.3,7,26.8,0.169499802,0.70085757,-0.145054476,0.677480392
754,1889221,819840,0.969,0.044,-0.022,0.1,-0.3,-0.1,-37.5,6.9,27,0.16953032,0.700827052,-0.145023957,0.67751091
755,1890917,819840,0.969,0.044,-0.022,0,-0.3,0,-37.5,6.9,27,0.16953032,0.700827052,-0.145023957,0.67751091
756,1894093,819840,0.973,0.036,-0.03,0.1,-0.4,0,-37.5,6.9,27,0.16953032,0.700827052,-0.145023957,0.67751091
757,1897071,819840,0.977,0.036,-0.03,0.1,-0.6,-0.1,-37.5,6.9,27,0.16953032,0.700827052,-0.145023957,0.67751091
758,1898787,819850,0.981,0.036,-0.034,0.1,-0.8,-0.1,-34.1,5.2,27,0.16953032,0.70085757,-0.145023957,0.677480392
759,1900908,819850,0.988,0.04,-0.034,0.1,-0.9,0,-34.1,5.2,27,0.16953032,0.70085757,-0.145023957,0.677480392
760,1903714,819850,0.992,0.04,-0.03,0.1,-1,0,-34.1,5.2,27,0.16953032,0.700888089,-0.145023957,0.677449873
761,1905618,819850,0.992,0.044,-0.026,0.1,-1.2,0.1,-34.1,5.2,27,0.169499802,0.700888089,-0.145023957,0.677449873
762,1908409,819860,0.996,0.04,-0.034,0.2,-1.1,0,-37,6.5,27.1,0.169499802,0.700918607,-0.145023957,0.677419355
763,1911282,819860,0.996,0.04,-0.038,0.2,-0.9,0,-37,6.5,27.1,0.169499802,0.700949126,-0.145023957,0.677419355
764,1914370,819860,0.996,0.044,-0.034,0.1,-0.7,0,-37,6.5,27.1,0.169499802,0.700949126,-0.145023957,0.677388836
765,1915963,819860,0.988,0.04,-0.042,0.1,-0.4,0,-37,6.5,27.1,0.169499802,0.700949126,-0.145023957,0.677388836
766,1918338,819870,0.985,0.036,-0.038,0.1,-0.2,0,-35.8,6.4,26.8,0.169499802,0.700949126,-0.145023957,0.677388836
767,1920653,819870,0.981,0.048,-0.034,0.1,0,0,-35.8,6.4,26.8,0.169499802,0.700949126,-0.145023957,0.677388836
768,1924891,819870,0.977,0.04,-0.034,0.1,0.1,0,-35.8,6.4,26.8,0.169499802,0.700949126,-0.145023957,0.677388836
769,1927088,819870,0.977,0.036,-0.026,0.1,0.1,0,-35.8,6.4,26.8,0.169499802,0.700949126,-0.145023957,0.677388836
770,1928592,819880,0.977,0.04,-0.034,0,0,0,-35.7,6.1,26.8,0.169499802,0.700949126,-0.145023957,0.677388836
771,1930942,819880,0.981,0.036,-0.034,0,-0.1,0,-35.7,6.1,26.8,0.169499802,0.700949126,-0.145023957,0.677388836
772,1933149,819880,0.981,0.04,-0.034,0,-0.2,0,-35.7,6.1,26.8,0.169499802,0.700949126,-0.145023957,0.677388836
773,1935732,819880,0.992,0.04,-0.026,0,-0.3,0,-35.7,6.1,26.8,0.169469283,0.700979644,-0.145023957,0.677388836
774,1939943,819890,0.988,0.044,-0.018,0.1,-0.2,0.1,-35,6.3,26.8,0.169469283,0.701010163,-0.145023957,0.677327799
775,1942216,819890,0.996,0.04,-0.03,0.1,-0.1,0.1,-35,6.3,26.8,0.169469283,0.701010163,-0.145023957,0.677327799
776,1944446,819890,0.996,0.044,-0.022,0.1,-0.1,0,-35,6.3,26.8,0.169469283,0.701010163,-0.145023957,0.677327799
777,1946716,819890,0.988,0.036,-0.026,0,0,0,-35,6.3,26.8,0.169469283,0.701040681,-0.145023957,0.677327799
778,1948909,819900,0.992,0.04,-0.022,0,0,0,-35.4,5.9,27,0.169469283,0.701040681,-0.145023957,0.677327799
779,1951153,819900,0.992,0.04,-0.018,0,0.1,0,-35.4,5.9,27,0.169469283,0.701010163,-0.145023957,0.677327799
780,1953339,819900,0.981,0.036,-0.018,0,0.1,0,-35.4,5.9,27,0.169469283,0.701010163,-0.145023957,0.677327799
781,1955754,819900,0.977,0.04,-0.022,0,0.2,0,-35.4,5.9,27,0.169469283,0.701010163,-0.145023957,0.677327799
782,1958114,819910,0.977,0.04,-0.022,-0.1,0.2,0,-35.1,6.3,27.3,0.169469283,0.701010163,-0.145023957,0.677327799
783,1961475,819910,0.981,0.036,-0.018,0,0.2,0,-35.1,6.3,27.3,0.169469283,0.701010163,-0.145023957,0.677327799
784,1963713,819910,0.981,0.036,-0.026,-0.1,0.1,0,-35.1,6.3,27.3,0.169469283,0.701010163,-0.145023957,0.677327799
785,1965956,819910,0.977,0.036,-0.026,-0.1,0,0,-35.1,6.3,27.3,0.169469283,0.701010163,-0.145023957,0.677327799
786,1968205,819920,0.981,0.04,-0.022,-0.1,-0.1,-0.1,-35.5,6,27,0.169469283,0.701010163,-0.145023957,0.677327799
787,1970591,819920,0.988,0.044,-0.022,0,-0.4,-0.2,-35.5,6,27,0.169469283,0.701010163,-0.145023957,0.677327799
788,1974038,819920,0.988,0.04,-0.018,0,-0.5,-0.1,-35.5,6,27,0.169469283,0.701040681,-0.145023957,0.677327799
789,1976080,819920,0.992,0.036,-0.026,0.1,-0.6,0,-35.5,6,27,0.169469283,0.701040681,-0.145023957,0.677297281
790,1978446,819930,0.992,0.036,-0.022,0,-0.5,0.1,-35.2,6.2,27,0.169469283,0.701040681,-0.145023957,0.677297281
791,1980983,819930,0.992,0.04,-0.03,0,-0.4,0.1,-35.2,6.2,27,0.169469283,0.701040681,-0.145023957,0.677297281
792,1983700,819930,0.992,0.044,-0.018,-0.1,-0.3,0,-35.2,6.2,27,0.169469283,0.701040681,-0.145054476,0.677297281
793,1986184,819930,0.988,0.044,-0.022,-0.1,-0.2,0,-35.2,6.2,27,0.169469283,0.7010712,-0.145054476,0.677266762
794,1989120,819940,0.988,0.044,-0.026,0,-0.2,0,-35.3,5.8,26.9,0.169469283,0.701040681,-0.145023957,0.677297281
795,1991895,819940,0.988,0.044,-0.018,0,-0.1,0,-35.3,5.8,26.9,0.169469283,0.7010712,-0.145023957,0.677297281
796,1993562,819940,0.988,0.04,-0.022,0,-0.1,0,-35.3,5.8,26.9,0.169469283,0.7010712,-0.145023957,0.677266762
797,1995787,819940,0.985,0.04,-0.018,0,-0.1,0,-35.3,5.8,26.9,0.169469283,0.7010712,-0.145023957,0.677266762
798,1998400,819950,0.981,0.036,-0.018,0,-0.1,0,-36.7,6,27,0.169469283,0.7010712,-0.145023957,0.677266762
799,2000627,819950,0.981,0.036,-0.022,0,-0.1,0,-36.7,6,27,0.169469283,0.7010712,-0.145023957,0.677266762
800,2003272,819950,0.981,0.04,-0.022,0,0,0,-36.7,6,27,0.169469283,0.7010712,-0.145023957,0.677266762
801,2007394,819950,0.988,0.04,-0.022,0,-0.1,0,-36.7,6,27,0.169469283,0.7010712,-0.145023957,0.677266762
802,2009559,819960,0.988,0.04,-0.026,0,-0.1,0.1,-34.2,6.1,27,0.169469283,0.7010712,-0.145054476,0.677266762
803,2011063,819960,0.988,0.036,-0.026,0,-0.1,0,-34.2,6.1,27,0.169469283,0.7010712,-0.145054476,0.677266762
804,2014135,819960,0.985,0.036,-0.022,0.1,-0.1,0,-34.2,6.1,27,0.169469283,0.7010712,-0.145054476,0.677266762
805,2015642,819960,0.981,0.04,-0.018,0.1,-0.1,0,-34.2,6.1,27,0.169469283,0.7010712,-0.145054476,0.677266762
806,2018194,819970,0.981,0.04,-0.03,0.1,-0.1,0,-33.9,5.9,27,0.169469283,0.7010712,-0.145054476,0.677266762
807,2021584,819970,0.985,0.04,-0.03,0.1,-0.1,0,-33.9,5.9,27,0.169438765,0.7010712,-0.145054476,0.677266762
808,2023128,819970,0.985,0.04,-0.03,0.1,-0.1,0,-33.9,5.9,27,0.169438765,0.7010712,-0.145023957,0.677266762
809,2025826,819970,0.985,0.04,-0.026,0.1,-0.1,0,-33.9,5.9,27,0.169438765,0.701101718,-0.145023957,0.677266762
810,2029188,819980,0.981,0.04,-0.03,0,-0.1,0,-34,6,27.1,0.169438765,0.701101718,-0.145023957,0.677266762
811,2030765,819980,0.981,0.04,-0.022,0,-0.1,0,-34,6,27.1,0.169438765,0.701101718,-0.145023957,0.677266762
812,2033550,819980,0.992,0.04,-0.022,0,-0.1,0,-34,6,27.1,0.169438765,0.701101718,-0.145023957,0.677236244
813,2036710,819980,0.992,0.044,-0.026,0,-0.2,0,-34,6,27.1,0.169438765,0.701101718,-0.145023957,0.677236244
814,2038212,819990,0.988,0.044,-0.022,0,-0.3,0,-34.4,5.7,27.1,0.169469283,0.701101718,-0.145023957,0.677236244
815,2040639,819990,0.988,0.044,-0.022,0,-0.3,0,-34.4,5.7,27.1,0.169469283,0.701132237,-0.145023957,0.677236244
816,2044139,819990,0.988,0.04,-0.026,0,-0.2,0,-34.4,5.7,27.1,0.169469283,0.701132237,-0.145023957,0.677205725
817,2045669,819990,0.992,0.04,-0.026,0,-0.1,0,-34.4,5.7,27.1,0.169469283,0.701132237,-0.145023957,0.677205725
818,2048248,820000,0.988,0.04,-0.022,0,0,0,-36.1,5.9,27,0.169469283,0.701132237,-0.145023957,0.677205725
819,2050586,820000,0.981,0.04,-0.026,0,0.1,0,-36.1,5.9,27,0.169469283,0.701132237,-0.145023957,0.677236244
820,2054739,820000,0.981,0.044,-0.026,0,0.1,0.1,-36.1,5.9,27,0.169469283,0.701132237,-0.145023957,0.677236244
821,2056541,820000,0.981,0.04,-0.022,0,0.2,0,-36.1,5.9,27,0.169469283,0.701101718,-0.145023957,0.677236244
822,2058120,820010,0.977,0.04,-0.022,0,0.2,0,-34.5,6,27.2,0.169438765,0.701101718,-0.145023957,0.677236244
823,2060795,820010,0.985,0.04,-0.026,0,0.1,0,-34.5,6,27.2,0.169469283,0.701101718,-0.145023957,0.677236244
824,2064926,820010,0.985,0.04,-0.022,0,-0.1,0,-34.5,6,27.2,0.169438765,0.701101718,-0.145023957,0.677236244
825,2065553,820010,0.985,0.044,-0.03,0,-0.3,0,-34.5,6,27.2,0.169438765,0.701101718,-0.145023957,0.677236244
826,2068577,820020,0.985,0.036,-0.026,0,-0.4,0,-34.6,5.7,27,0.169438765,0.701132237,-0.145023957,0.677236244
827,2070846,820020,0.988,0.04,-0.026,0,-0.4,0,-34.6,5.7,27,0.169438765,0.701132237,-0.145023957,0.677205725
828,2073386,820020,0.988,0.04,-0.026,0,-0.4,0,-34.6,5.7,27,0.169438765,0.701132237,-0.145023957,0.677205725
829,2075624,820020,0.988,0.044,-0.03,0,-0.3,0,-34.6,5.7,27,0.169438765,0.701132237,-0.145023957,0.677205725
830,2079973,820030,0.988,0.044,-0.026,0,-0.2,0,-34.4,5.9,27,0.169438765,0.701132237,-0.145023957,0.677205725
831,2080605,820030,0.988,0.04,-0.026,0.1,-0.1,0,-34.4,5.9,27,0.169438765,0.701132237,-0.145023957,0.677205725
832,2083651,820030,0.988,0.036,-0.022,0.1,-0.1,0,-34.4,5.9,27,0.169438765,0.701162755,-0.145023957,0.677205725
833,2085881,820030,0.985,0.044,-0.026,0.1,-0.1,0,-34.4,5.9,27,0.169438765,0.701162755,-0.145023957,0.677205725
834,2088155,820040,0.985,0.04,-0.022,0,0,0.1,-34.7,5.9,27.2,0.169438765,0.701162755,-0.145023957,0.677175207
835,2091429,820040,0.985,0.04,-0.022,0,0,0.1,-34.7,5.9,27.2,0.169438765,0.701162755,-0.145023957,0.677175207
836,2093187,820040,0.988,0.04,-0.026,0,0,0,-34.7,5.9,27.2,0.169438765,0.701162755,-0.145023957,0.677175207
837,2095699,820040,0.981,0.04,-0.022,0,0,0,-34.7,5.9,27.2,0.169438765,0.701162755,-0.145023957,0.677175207
838,2098243,820050,0.981,0.036,-0.026,0,0,0,-35.1,5.9,26.9,0.169438765,0.701162755,-0.145023957,0.677175207
839,2101325,820050,0.985,0.04,-0.022,0,0.1,0,-35.1,5.9,26.9,0.169438765,0.701162755,-0.145023957,0.677175207
840,2104284,820050,0.988,0.036,-0.026,0,0.2,0,-35.1,5.9,26.9,0.169438765,0.701162755,-0.145023957,0.677205725
841,2105804,820050,0.988,0.036,-0.026,0,0.1,0,-35.1,5.9,26.9,0.169438765,0.701162755,-0.145023957,0.677205725
842,2108877,820060,0.985,0.036,-0.026,0,0,0,-35.7,6,26.9,0.169438765,0.701162755,-0.145023957,0.677205725
843,2111885,820060,0.985,0.032,-0.026,0,-0.2,0,-35.7,6,26.9,0.169438765,0.701162755,-0.145023957,0.677175207
844,2113331,820060,0.985,0.04,-0.026,0,-0.2,0,-35.7,6,26.9,0.169438765,0.701162755,-0.145023957,0.677175207
845,2116453,820060,0.985,0.044,-0.022,0,-0.2,0,-35.7,6,26.9,0.169438765,0.701162755,-0.145023957,0.677175207
846,2118279,820070,0.985,0.04,-0.03,0,-0.2,0,-35.3,6.2,27.2,0.169438765,0.701162755,-0.145023957,0.677175207
847,2120609,820070,0.988,0.04,-0.022,0,-0.2,0,-35.3,6.2,27.2,0.169438765,0.701162755,-0.145023957,0.677175207
848,2124865,820070,0.985,0.044,-0.026,0,-0.2,0,-35.3,6.2,27.2,0.169438765,0.701162755,-0.145023957,0.677175207
849,2127066,820070,0.985,0.04,-0.026,0.1,-0.1,0,-35.3,6.2,27.2,0.169438765,0.701162755,-0.145023957,0.677175207
850,2128476,820080,0.988,0.044,-0.026,0.1,-0.1,0,-35.6,5.7,27.5,0.169438765,0.701193274,-0.145023957,0.677175207
851,2130681,820080,0.985,0.036,-0.026,0.1,0,0,-35.6,5.7,27.5,0.169438765,0.701193274,-0.145023957,0.677175207
852,2133677,820080,0.981,0.04,-0.022,0,0,0,-35.6,5.7,27.5,0.169438765,0.701193274,-0.145023957,0.677175207
853,2135918,820080,0.985,0.036,-0.022,0,-0.1,0,-35.6,5.7,27.5,0.169438765,0.701193274,-0.145023957,0.677175207
854,2138245,820090,0.988,0.04,-0.026,0,-0.3,0,-35.4,6,28.2,0.169408246,0.701193274,-0.145023957,0.677175207
855,2141569,820090,0.988,0.04,-0.022,0,-0.3,0,-35.4,6,28.2,0.169408246,0.701193274,-0.145023957,0.677175207
856,2143593,820090,0.988,0.04,-0.026,0,-0.2,0.1,-35.4,6,28.2,0.169408246,0.701193274,-0.145023957,0.677144688
857,2146759,820090,0.985,0.04,-0.026,0,-0.1,0.1,-35.4,6,28.2,0.169408246,0.701193274,-0.145023957,0.677144688
858,2148232,820100,0.988,0.04,-0.022,0,-0.1,0,-35.3,6,25.5,0.169408246,0.701193274,-0.145023957,0.677144688
859,2150689,820100,0.988,0.04,-0.026,0,-0.1,0,-35.3,6,25.5,0.169408246,0.701193274,-0.145023957,0.677144688
860,2154129,820100,0.985,0.044,-0.026,0,0,0,-35.3,6,25.5,0.169408246,0.701193274,-0.145023957,0.677144688
861,2155619,820100,0.981,0.036,-0.026,0,0.1,0,-35.3,6,25.5,0.169408246,0.701193274,-0.145023957,0.677144688
862,2158201,820110,0.985,0.036,-0.022,0,0.3,0.1,-35,5.8,27.4,0.169408246,0.701193274,-0.145023957,0.677175207
863,2161764,820110,0.985,0.044,-0.018,0.1,0.2,0,-35,5.8,27.4,0.169408246,0.701193274,-0.145023957,0.677175207
864,2163277,820110,0.977,0.036,-0.022,0.1,0.2,0,-35,5.8,27.4,0.169408246,0.701193274,-0.145023957,0.677175207
865,2167243,820110,0.981,0.036,-0.03,0.1,0.1,0,-35,5.8,27.4,0.169408246,0.701193274,-0.145023957,0.677175207
866,2169441,820120,0.981,0.036,-0.03,0,0,0,-35.3,5.8,27.1,0.169408246,0.701193274,-0.145023957,0.677175207
867,2170822,820120,0.985,0.04,-0.026,0,-0.2,0,-35.3,5.8,27.1,0.169408246,0.701193274,-0.145023957,0.677175207
868,2174689,820120,0.988,0.04,-0.026,-0.1,-0.3,0,-35.3,5.8,27.1,0.169408246,0.701193274,-0.145023957,0.677175207
869,2176823,820120,0.992,0.036,-0.026,-0.1,-0.4,0,-35.3,5.8,27.1,0.169408246,0.701193274,-0.145054476,0.677144688
870,2179074,820130,0.992,0.04,-0.018,0,-0.4,0,-35.1,5.7,27.2,0.169408246,0.701193274,-0.145054476,0.677144688
871,2181604,820130,0.988,0.04,-0.026,0,-0.3,0,-35.1,5.7,27.2,0.169408246,0.701193274,-0.145054476,0.677144688
872,2183790,820130,0.988,0.04,-0.022,0.1,-0.3,0,-35.1,5.7,27.2,0.169408246,0.701223792,-0.145023957,0.677144688
873,2185991,820130,0.988,0.04,-0.026,0,-0.1,0,-35.1,5.7,27.2,0.169408246,0.701223792,-0.145023957,0.677144688
874,2188345,820140,0.985,0.04,-0.03,0,0,0,-35.7,5.4,26.9,0.169408246,0.701193274,-0.145023957,0.677144688
875,2190646,820140,0.985,0.044,-0.022,0,0,0,-35.7,5.4,26.9,0.169408246,0.701193274,-0.145023957,0.677144688
876,2193112,820140,0.985,0.044,-0.026,0,0,0,-35.7,5.4,26.9,0.169408246,0.701193274,-0.145023957,0.677144688
877,2197383,820140,0.981,0.044,-0.018,0,0,0,-35.7,5.4,26.9,0.169408246,0.701193274,-0.145023957,0.677144688
878,2199628,820150,0.981,0.036,-0.022,0,0,0,-35.4,6.2,26.3,0.169408246,0.701193274,-0.145023957,0.677144688
879,2201801,820150,0.985,0.04,-0.026,0,0,0,-35.4,6.2,26.3,0.169408246,0.701193274,-0.145023957,0.677144688
880,2204066,820150,0.985,0.036,-0.022,0,0,0,-35.4,6.2,26.3,0.169408246,0.701193274,-0.145023957,0.677144688
881,2206291,820150,0.985,0.036,-0.026,0,0,0,-35.4,6.2,26.3,0.169408246,0.701193274,-0.145023957,0.677144688
882,2208520,820160,0.985,0.036,-0.022,0,-0.1,0,-35,6.1,26.6,0.169408246,0.701193274,-0.145023957,0.677144688
883,2210757,820160,0.988,0.04,-0.026,0,-0.1,0,-35,6.1,26.6,0.169408246,0.701193274,-0.145023957,0.677144688
884,2214844,820160,0.988,0.04,-0.022,0,-0.1,0,-35,6.1,26.6,0.169408246,0.701193274,-0.145023957,0.677144688
885,2217167,820160,0.988,0.04,-0.03,0.1,-0.1,0,-35,6.1,26.6,0.169408246,0.701223792,-0.145023957,0.677144688
886,2219383,820170,0.992,0.04,-0.022,0.1,-0.1,0,-35.3,5.5,26.2,0.169408246,0.701223792,-0.145023957,0.677144688
887,2221561,820170,0.985,0.04,-0.022,0.1,0,0,-35.3,5.5,26.2,0.169408246,0.701223792,-0.145023957,0.677144688
888,2223824,820170,0.988,0.04,-0.018,0.1,0,0,-35.3,5.5,26.2,0.169377728,0.701223792,-0.145023957,0.677144688
889,2226066,820170,0.988,0.04,-0.022,0.1,0,0,-35.3,5.5,26.2,0.169377728,0.701223792,-0.145023957,0.677144688
890,2228284,820180,0.985,0.044,-0.026,0,0.1,0,-35.3,5.7,26.4,0.169377728,0.701223792,-0.145023957,0.677144688
891,2230535,820180,0.981,0.036,-0.026,0,0.1,0,-35.3,5.7,26.4,0.169377728,0.701193274,-0.145023957,0.677144688
892,2233028,820180,0.985,0.036,-0.026,-0.1,0,0,-35.3,5.7,26.4,0.169377728,0.701193274,-0.145023957,0.677144688
893,2236639,820180,0.981,0.04,-0.03,-0.1,0,0,-35.3,5.7,26.4,0.169377728,0.701193274,-0.145023957,0.677144688
894,2238099,820190,0.985,0.04,-0.026,0,-0.1,0,-35,5.8,26.1,0.169377728,0.701223792,-0.145054476,0.67711417
895,2240570,820190,0.985,0.04,-0.018,0,-0.1,0,-35,5.8,26.1,0.169377728,0.701223792,-0.145054476,0.67711417
896,2244032,820190,0.988,0.044,-0.022,0,-0.3,0,-35,5.8,26.1,0.169377728,0.701254311,-0.145054476,0.67711417
897,2245735,820190,0.988,0.036,-0.022,0,-0.3,0,-35,5.8,26.1,0.169377728,0.701254311,-0.145054476,0.67711417
898,2248033,820200,0.988,0.04,-0.03,0,-0.3,0,-35.3,6.1,27,0.169377728,0.701254311,-0.145054476,0.67711417
899,2251564,820200,0.988,0.036,-0.026,0.1,-0.1,0,-35.3,6.1,27,0.169377728,0.701254311,-0.145054476,0.67711417
900,2253253,820200,0.988,0.04,-0.026,0.1,0,0,-35.3,6.1,27,0.169377728,0.701254311,-0.145023957,0.67711417
901,2257019,820200,0.985,0.04,-0.018,0.1,0,0,-35.3,6.1,27,0.169377728,0.701254311,-0.145023957,0.67711417
902,2259175,820210,0.988,0.04,-0.026,0,0,0,-35.2,6.1,26.6,0.169377728,0.701254311,-0.145023957,0.67711417
903,2261373,820210,0.985,0.044,-0.03,0,-0.1,0.1,-35.2,6.1,26.6,0.169377728,0.701254311,-0.145054476,0.67711417
904,2264294,820210,0.985,0.036,-0.022,0,-0.1,0,-35.2,6.1,26.6,0.169377728,0.701254311,-0.145054476,0.67711417
905,2265871,820210,0.985,0.036,-0.03,0,0,0,-35.2,6.1,26.6,0.169377728,0.701254311,-0.145054476,0.67711417
906,2268104,820220,0.985,0.04,-0.03,0,0,0,-35.2,5.5,26.5,0.169377728,0.701254311,-0.145054476,0.67711417
907,2270568,820220,0.981,0.036,-0.022,-0.1,0,0.1,-35.2,5.5,26.5,0.169377728,0.701254311,-0.145054476,0.67711417
908,2273525,820220,0.985,0.036,-0.018,-0.1,0,0.2,-35.2,5.5,26.5,0.169377728,0.701254311,-0.145054476,0.677083651
909,2276545,820220,0.985,0.036,-0.026,-0.1,-0.1,0.2,-35.2,5.5,26.5,0.169377728,0.701254311,-0.145054476,0.677083651
910,2278190,820230,0.988,0.04,-0.018,-0.1,-0.1,0,-35.3,5.4,26.6,0.169377728,0.701254311,-0.145054476,0.677083651
911,2280971,820230,0.985,0.036,-0.03,0,-0.1,0,-35.3,5.4,26.6,0.169377728,0.701254311,-0.145054476,0.677083651
912,2283996,820230,0.988,0.044,-0.026,0,0,0,-35.3,5.4,26.6,0.169377728,0.701254311,-0.145054476,0.677083651
913,2285710,820230,0.985,0.04,-0.022,0,0,0,-35.3,5.4,26.6,0.169377728,0.701254311,-0.145084994,0.677083651
914,2288573,820240,0.985,0.04,-0.022,0,0.1,0,-35.6,4.8,26.5,0.169377728,0.701254311,-0.145054476,0.67711417
915,2292243,820240,0.985,0.044,-0.03,0,0.1,0,-35.6,4.8,26.5,0.169377728,0.701254311,-0.145054476,0.67711417
916,2293669,820240,0.981,0.04,-0.022,0,0,0,-35.6,4.8,26.5,0.169377728,0.701254311,-0.145054476,0.67711417
917,2295676,820240,0.985,0.036,-0.026,0,0,0,-35.6,4.8,26.5,0.169377728,0.701254311,-0.145054476,0.67711417
918,2299171,820250,0.985,0.036,-0.026,0,0.1,0,-35.4,7.5,27.9,0.169377728,0.701254311,-0.145054476,0.67711417
919,2300733,820250,0.988,0.044,-0.022,0,0.1,0,-35.4,7.5,27.9,0.169377728,0.701254311,-0.145084994,0.67711417
920,2304113,820250,0.981,0.04,-0.026,0,0.1,0,-35.4,7.5,27.9,0.169377728,0.701254311,-0.145054476,0.67711417
921,2305680,820250,0.985,0.04,-0.03,0,0.1,0,-35.4,7.5,27.9,0.169377728,0.701223792,-0.145054476,0.67711417
922,2308648,820260,0.988,0.044,-0.026,0,-0.1,-0.1,-35.2,4.7,25.8,0.169377728,0.701254311,-0.145054476,0.67711417
923,2310960,820260,0.985,0.04,-0.026,0,-0.3,0,-35.2,4.7,25.8,0.169377728,0.701254311,-0.145054476,0.67711417
924,2313281,820260,0.988,0.04,-0.022,0,-0.4,0,-35.2,4.7,25.8,0.169377728,0.701254311,-0.145054476,0.677083651
925,2316036,820260,0.988,0.04,-0.03,0,-0.4,0,-35.2,4.7,25.8,0.169377728,0.701254311,-0.145054476,0.677083651
926,2319284,820270,0.988,0.04,-0.026,-0.1,-0.4,0,-35,4.6,26.1,0.169377728,0.701254311,-0.145084994,0.677083651
927,2320780,820270,0.988,0.036,-0.026,0,-0.4,-0.1,-35,4.6,26.1,0.169377728,0.701284829,-0.145084994,0.677083651
928,2323177,820270,0.988,0.04,-0.026,0,-0.3,-0.1,-35,4.6,26.1,0.169377728,0.701284829,-0.145084994,0.677053133
929,2326369,820270,0.985,0.04,-0.022,0,-0.1,-0.1,-35,4.6,26.1,0.169377728,0.701284829,-0.145054476,0.677053133
930,2329323,820280,0.985,0.044,-0.022,0,0,0,-34.9,4.8,25.9,0.169377728,0.701284829,-0.145054476,0.677053133
931,2331535,820280,0.981,0.036,-0.018,0,0.1,0,-34.9,4.8,25.9,0.169377728,0.701284829,-0.145054476,0.677053133
932,2333743,820280,0.985,0.04,-0.026,0,0.1,0,-34.9,4.8,25.9,0.169377728,0.701284829,-0.145054476,0.677083651
933,2336003,820280,0.985,0.04,-0.026,0,0.1,0,-34.9,4.8,25.9,0.169377728,0.701284829,-0.145084994,0.677083651
934,2338385,820290,0.985,0.04,-0.022,0,0,0,-35.4,5.1,25.5,0.169408246,0.701254311,-0.145054476,0.677083651
935,2340653,820290,0.988,0.04,-0.022,0,0,0,-35.4,5.1,25.5,0.169408246,0.701254311,-0.145054476,0.677083651
936,2343165,820290,0.988,0.036,-0.022,0,0,0,-35.4,5.1,25.5,0.169408246,0.701254311,-0.145054476,0.677083651
937,2346290,820290,0.988,0.04,-0.026,0,-0.1,0,-35.4,5.1,25.5,0.169408246,0.701254311,-0.145054476,0.677083651
938,2348730,820300,0.985,0.04,-0.018,0.1,-0.1,0,-35.5,6.8,26.8,0.169408246,0.701254311,-0.145054476,0.677083651
939,2350851,820300,0.988,0.04,-0.026,0,-0.1,0,-35.5,6.8,26.8,0.169408246,0.701254311,-0.145054476,0.677083651
940,2353220,820300,0.992,0.044,-0.026,0,0,0,-35.5,6.8,26.8,0.169408246,0.701254311,-0.145054476,0.677083651
941,2355897,820300,0.988,0.04,-0.022,0,0.1,0,-35.5,6.8,26.8,0.169408246,0.701254311,-0.145054476,0.677083651
942,2358448,820310,0.985,0.04,-0.026,0,0.1,0,-35.1,6.3,27.1,0.169408246,0.701254311,-0.145054476,0.677083651
943,2361879,820310,0.985,0.036,-0.026,0,0.1,0,-35.1,6.3,27.1,0.169408246,0.701254311,-0.145054476,0.677083651
944,2363483,820310,0.985,0.044,-0.026,0,0,0,-35.1,6.3,27.1,0.169408246,0.701254311,-0.145054476,0.677083651
945,2366672,820310,0.981,0.036,-0.026,0,0,0,-35.1,6.3,27.1,0.169408246,0.701254311,-0.145054476,0.677083651
946,2368255,820320,0.981,0.04,-0.026,0,0,-0.1,-35,6.8,26.8,0.169408246,0.701254311,-0.145054476,0.677083651
947,2370687,820320,0.985,0.036,-0.022,0,0,-0.1,-35,6.8,26.8,0.169408246,0.701254311,-0.145054476,0.677083651
948,2373273,820320,0.981,0.044,-0.026,0,0,0,-35,6.8,26.8,0.169408246,0.701254311,-0.145054476,0.677083651
949,2377154,820320,0.985,0.044,-0.022,0,0.1,0,-35,6.8,26.8,0.169408246,0.701254311,-0.145054476,0.677083651
950,2379410,820330,0.988,0.04,-0.026,0,0.1,0,-34.8,7.3,26.7,0.169408246,0.701254311,-0.145054476,0.677083651
951,2380901,820330,0.988,0.036,-0.022,-0.1,0.1,0.1,-34.8,7.3,26.7,0.169408246,0.701254311,-0.145054476,0.677083651
952,2383127,820330,0.988,0.04,-0.022,-0.1,0,0,-34.8,7.3,26.7,0.169408246,0.701254311,-0.145054476,0.677083651
953,2385563,820330,0.988,0.044,-0.022,0,-0.1,0,-34.8,7.3,26.7,0.169408246,0.701254311,-0.145054476,0.677083651
954,2388577,820340,0.988,0.04,-0.022,0,-0.2,0,-35.2,7,26.9,0.169408246,0.701223792,-0.145054476,0.67711417
955,2390692,820340,0.988,0.04,-0.022,0,-0.2,0,-35.2,7,26.9,0.169408246,0.701254311,-0.145054476,0.67711417
956,2393350,820340,0.988,0.04,-0.026,0.1,0,-0.1,-35.2,7,26.9,0.169408246,0.701254311,-0.145054476,0.67711417
957,2396659,820340,0.992,0.04,-0.022,0.1,0,-0.1,-35.2,7,26.9,0.169408246,0.701254311,-0.145054476,0.67711417
958,2398978,820350,0.988,0.04,-0.026,0,0,-0.1,-35.3,5.7,27,0.169408246,0.701254311,-0.145023957,0.67711417
959,2401133,820350,0.985,0.04,-0.022,0,0.1,0,-35.3,5.7,27,0.169408246,0.701254311,-0.145023957,0.67711417
960,2404000,820350,0.985,0.04,-0.034,0,0.1,0,-35.3,5.7,27,0.169408246,0.701254311,-0.145023957,0.67711417
961,2405714,820350,0.985,0.036,-0.026,0,0.1,0,-35.3,5.7,27,0.169408246,0.701223792,-0.145023957,0.67711417
962,2408313,820360,0.981,0.036,-0.022,0,0,0,-35.4,6.4,26.7,0.169408246,0.701223792,-0.145023957,0.67711417
963,2410749,820360,0.985,0.04,-0.022,0,0,0.1,-35.4,6.4,26.7,0.169408246,0.701223792,-0.145054476,0.67711417
964,2413541,820360,0.988,0.036,-0.018,0,0,0.1,-35.4,6.4,26.7,0.169408246,0.701223792,-0.145054476,0.67711417
965,2416828,820360,0.988,0.04,-0.022,0,-0.1,0,-35.4,6.4,26.7,0.169408246,0.701223792,-0.145054476,0.67711417
966,2419032,820370,0.985,0.04,-0.022,0.1,-0.1,0,-36,6.5,26.6,0.169408246,0.701254311,-0.145054476,0.67711417
967,2420722,820370,0.985,0.044,-0.022,0.1,0,0,-36,6.5,26.6,0.169408246,0.701254311,-0.145023957,0.67711417
968,2423211,820370,0.988,0.04,-0.03,0.1,0,0,-36,6.5,26.6,0.169408246,0.701254311,-0.145023957,0.67711417
969,2425824,820370,0.985,0.04,-0.022,0.1,0,0,-36,6.5,26.6,0.169408246,0.701254311,-0.145023957,0.67711417
970,2429093,820380,0.985,0.044,-0.03,0.1,0.1,0,-36.2,6.7,27,0.169408246,0.701254311,-0.145023957,0.67711417
971,2431329,820380,0.985,0.04,-0.022,0,0.1,0,-36.2,6.7,27,0.169408246,0.701223792,-0.145023957,0.67711417
972,2433612,820380,0.985,0.04,-0.022,0,0.1,0,-36.2,6.7,27,0.169408246,0.701223792,-0.145023957,0.67711417
973,2435914,820380,0.981,0.04,-0.022,0,0.1,0.1,-36.2,6.7,27,0.169408246,0.701223792,-0.145023957,0.67711417
974,2438144,820390,0.985,0.044,-0.022,0,0.1,0.2,-37,6.8,26.7,0.169408246,0.701223792,-0.145023957,0.67711417
975,2440791,820390,0.985,0.04,-0.03,0,0.1,0.2,-37,6.8,26.7,0.169408246,0.701223792,-0.145023957,0.67711417
976,2443175,820390,0.985,0.036,-0.026,0,0,0,-37,6.8,26.7,0.169408246,0.701223792,-0.145023957,0.67711417
977,2446073,820390,0.992,0.036,-0.026,0,-0.1,0,-37,6.8,26.7,0.169408246,0.701223792,-0.145023957,0.67711417
978,2448430,820400,0.988,0.04,-0.026,0,-0.3,0,-34.4,4.8,27.1,0.169408246,0.701223792,-0.145023957,0.67711417
979,2450870,820400,0.988,0.044,-0.026,0,-0.3,-0.1,-34.4,4.8,27.1,0.169408246,0.701223792,-0.145023957,0.67711417
980,2453191,820400,0.988,0.036,-0.022,0,-0.2,0,-34.4,4.8,27.1,0.169408246,0.701254311,-0.145023957,0.67711417
981,2455811,820400,0.988,0.04,-0.026,0,-0.1,0,-34.4,4.8,27.1,0.169408246,0.701254311,-0.145023957,0.67711417
982,2459746,820410,0.985,0.044,-0.026,0,0,0,-36.7,7.3,27,0.169408246,0.701254311,-0.145023957,0.67711417
983,2461555,820410,0.985,0.044,-0.022,0,0,0,-36.7,7.3,27,0.169408246,0.701254311,-0.145023957,0.67711417
984,2463310,820410,0.988,0.04,-0.026,0,0,0,-36.7,7.3,27,0.169408246,0.701254311,-0.145023957,0.67711417
985,2465775,820410,0.981,0.04,-0.022,0,0,0,-36.7,7.3,27,0.169408246,0.701254311,-0.145023957,0.67711417
986,2469966,820420,0.981,0.04,-0.022,0,0,0,-37,7.3,26.9,0.169408246,0.701254311,-0.145023957,0.67711417
987,2470621,820420,0.981,0.04,-0.026,0,0,0,-37,7.3,26.9,0.169408246,0.701254311,-0.145023957,0.67711417
988,2473636,820420,0.981,0.04,-0.022,-0.1,0,0,-37,7.3,26.9,0.169408246,0.701254311,-0.145023957,0.67711417
989,2475853,820420,0.985,0.04,-0.03,-0.1,0,0,-37,7.3,26.9,0.169408246,0.701223792,-0.145023957,0.67711417
990,2478189,820430,0.988,0.036,-0.03,0,0.1,0,-36.6,6.9,26.9,0.169408246,0.701223792,-0.145023957,0.67711417
991,2480620,820430,0.988,0.04,-0.026,0,0.1,0,-36.6,6.9,26.9,0.169408246,0.701223792,-0.145023957,0.67711417
992,2484912,820430,0.988,0.04,-0.022,0,0,0.2,-36.6,6.9,26.9,0.169408246,0.701223792,-0.145023957,0.67711417
993,2486587,820430,0.988,0.04,-0.03,0,0,0.2,-36.6,6.9,26.9,0.169408246,0.701223792,-0.145023957,0.67711417
994,2488193,820440,0.988,0.04,-0.022,0,-0.1,0.1,-36.5,7.9,27,0.169408246,0.701254311,-0.145054476,0.677083651
995,2490789,820440,0.988,0.04,-0.026,0.1,-0.2,0,-36.5,7.9,27,0.169408246,0.701254311,-0.145054476,0.677083651
996,2494244,820440,0.988,0.04,-0.03,0,-0.3,0,-36.5,7.9,27,0.169377728,0.701254311,-0.145054476,0.677083651
997,2496628,820440,0.988,0.036,-0.022,0,-0.3,0,-36.5,7.9,27,0.169377728,0.701254311,-0.145054476,0.677083651
998,2498768,820450,0.988,0.036,-0.018,0,-0.3,0,-34.8,5.9,26.7,0.169377728,0.701284829,-0.145054476,0.677083651
999,2500989,820450,0.985,0.032,-0.026,0,-0.3,0,-34.8,5.9,26.7,0.169377728,0.701284829,-0.145054476,0.677083651
1000,2503298,820450,0.988,0.036,-0.022,0,-0.2,0,-34.8,5.9,26.7,0.169377728,0.701284829,-0.145054476,0.677053133
1001,2505596,820450,0.981,0.036,-0.026,0,-0.1,0,-34.8,5.9,26.7,0.169377728,0.701284829,-0.145054476,0.677053133
1002,2508079,820460,0.988,0.036,-0.022,0,0,0,-35.5,5.8,27.2,0.169377728,0.701284829,-0.145054476,0.677053133
1003,2511630,820460,0.985,0.04,-0.018,0,0,0,-35.5,5.8,27.2,0.169377728,0.701284829,-0.145054476,0.677053133
1004,2513253,820460,0.988,0.04,-0.022,0,0,0,-35.5,5.8,27.2,0.169377728,0.701284829,-0.145054476,0.677053133
1005,2516436,820460,0.988,0.036,-0.026,0,0,0,-35.5,5.8,27.2,0.169377728,0.701284829,-0.145054476,0.677053133
1006,2518129,820470,0.985,0.04,-0.022,0,-0.1,0,-35,5.9,27.2,0.169408246,0.701284829,-0.145054476,0.677053133
1007,2520993,820470,0.985,0.036,-0.026,0,-0.1,0,-35,5.9,27.2,0.169377728,0.701284829,-0.145054476,0.677053133
1008,2523165,820470,0.985,0.036,-0.03,0,-0.1,0,-35,5.9,27.2,0.169377728,0.701284829,-0.145054476,0.677053133
1009,2526227,820470,0.985,0.04,-0.022,0.1,-0.1,0,-35,5.9,27.2,0.169377728,0.701284829,-0.145054476,0.677053133
1010,2528467,820480,0.985,0.044,-0.026,0.1,0,0,-34.5,5.9,26.9,0.169377728,0.701284829,-0.145054476,0.677053133
1011,2530731,820480,0.985,0.036,-0.026,0.1,0,0,-34.5,5.9,26.9,0.169377728,0.701284829,-0.145054476,0.677053133
1012,2533309,820480,0.988,0.04,-0.03,0,0,0,-34.5,5.9,26.9,0.169377728,0.701284829,-0.145054476,0.677053133
1013,2536811,820480,0.985,0.044,-0.026,0,0.1,0.2,-34.5,5.9,26.9,0.169377728,0.701284829,-0.145054476,0.677053133
1014,2539007,820490,0.988,0.036,-0.026,-0.1,0.1,0.2,-34.7,6.2,27,0.169377728,0.701315348,-0.145054476,0.677022614
1015,2541214,820490,0.988,0.036,-0.026,0,0,0,-34.7,6.2,27,0.169377728,0.701315348,-0.145054476,0.677022614
1016,2543497,820490,0.985,0.04,-0.022,0,0,0,-34.7,6.2,27,0.169377728,0.701315348,-0.145054476,0.677022614
1017,2546729,820490,0.985,0.04,-0.026,0,0,0,-34.7,6.2,27,0.169377728,0.701315348,-0.145054476,0.677022614
1018,2548401,820500,0.985,0.04,-0.022,0,0.1,-0.1,-34.7,6.2,27,0.169408246,0.701315348,-0.145054476,0.677022614
1019,2550953,820500,0.985,0.036,-0.026,0,0,-0.2,-34.7,6.2,27,0.169408246,0.701315348,-0.145054476,0.677022614
1020,2553085,820500,0.985,0.04,-0.026,0,0,-0.1,-34.7,6.2,27,0.169408246,0.701315348,-0.145054476,0.677022614
1021,2557341,820500,0.988,0.044,-0.026,0,0,0,-34.7,6.2,27,0.169408246,0.701315348,-0.145054476,0.677022614
1022,2559550,820510,0.985,0.04,-0.026,0,0,0,-34.6,5.6,26.8,0.169408246,0.701315348,-0.145054476,0.677022614
1023,2561592,820510,0.985,0.04,-0.026,0,0,0,-34.6,5.6,26.8,0.169408246,0.701315348,-0.145054476,0.677022614
1024,2563959,820510,0.985,0.04,-0.022,0,0,0,-34.6,5.6,26.8,0.169408246,0.701315348,-0.145054476,0.677022614
1025,2566094,820510,0.988,0.036,-0.022,0,0,0,-34.6,5.6,26.8,0.169408246,0.701315348,-0.145054476,0.677022614
1026,2568328,820520,0.985,0.04,-0.034,0,0,0,-34.5,6.2,27,0.169408246,0.701315348,-0.145054476,0.677022614
1027,2572227,820520,0.988,0.036,-0.026,0,0,0,-34.5,6.2,27,0.169408246,0.701315348,-0.145054476,0.677022614
1028,2574371,820520,0.985,0.036,-0.03,0,0,0,-34.5,6.2,27,0.169408246,0.701315348,-0.145054476,0.677022614
1029,2575827,820520,0.988,0.036,-0.03,0,0,0,-34.5,6.2,27,0.169408246,0.701315348,-0.145054476,0.677022614
1030,2579687,820530,0.988,0.044,-0.026,0,-0.1,0.2,-34.5,6.2,27.2,0.169408246,0.701315348,-0.145054476,0.677022614
1031,2581207,820530,0.988,0.04,-0.026,0,-0.1,0.2,-34.5,6.2,27.2,0.169377728,0.701315348,-0.145054476,0.677022614
1032,2584268,820530,0.985,0.044,-0.026,0,-0.1,0.2,-34.5,6.2,27.2,0.169377728,0.701315348,-0.145054476,0.677022614
1033,2585740,820530,0.985,0.036,-0.022,-0.1,-0.1,0,-34.5,6.2,27.2,0.169377728,0.701315348,-0.145054476,0.677022614
1034,2588774,820540,0.985,0.04,-0.026,-0.1,-0.2,0,-34.8,5.9,26.9,0.169408246,0.701315348,-0.145054476,0.677022614
1035,2591073,820540,0.985,0.04,-0.026,0,-0.2,-0.1,-34.8,5.9,26.9,0.169408246,0.701345866,-0.145054476,0.677022614
1036,2593258,820540,0.985,0.044,-0.022,0.1,-0.1,0,-34.8,5.9,26.9,0.169408246,0.701345866,-0.145054476,0.676992096
1037,2596249,820540,0.985,0.036,-0.018,0.1,0.1,0,-34.8,5.9,26.9,0.169408246,0.701345866,-0.145054476,0.677022614
1038,2598485,820550,0.985,0.04,-0.014,0.2,0.2,0,-34.8,5.9,26.9,0.169408246,0.701345866,-0.145023957,0.677022614
1039,2601582,820550,0.988,0.04,-0.03,0.1,0.2,0,-34.8,5.9,26.9,0.169408246,0.701315348,-0.145023957,0.677022614
1040,2603051,820550,0.985,0.04,-0.026,0,0.3,0,-34.8,5.9,26.9,0.169408246,0.701315348,-0.145023957,0.677022614
1041,2605550,820550,0.988,0.04,-0.022,0,0.1,0,-34.8,5.9,26.9,0.169408246,0.701315348,-0.145023957,0.677022614
1042,2609088,820560,0.985,0.032,-0.026,0,0,0,-33.6,5.9,27.2,0.169408246,0.701315348,-0.145023957,0.677022614
1043,2610935,820560,0.985,0.036,-0.026,0,-0.2,0,-33.6,5.9,27.2,0.169408246,0.701315348,-0.145023957,0.677022614
1044,2614006,820560,0.985,0.036,-0.018,0,-0.1,0,-33.6,5.9,27.2,0.169408246,0.701315348,-0.145054476,0.677022614
1045,2615614,820560,0.985,0.036,-0.026,0,0,0,-33.6,5.9,27.2,0.169408246,0.701315348,-0.145023957,0.677022614
1046,2618455,820570,0.985,0.04,-0.022,0,0,0,-33.9,5.7,27,0.169408246,0.701315348,-0.145023957,0.677022614
1047,2621508,820570,0.985,0.036,-0.03,0.1,0.1,0,-33.9,5.7,27,0.169408246,0.701315348,-0.145023957,0.677022614
1048,2623276,820570,0.988,0.04,-0.022,0.1,0.2,0,-33.9,5.7,27,0.169408246,0.701315348,-0.145023957,0.677022614
1049,2625628,820570,0.985,0.036,-0.022,0,0.2,0,-33.9,5.7,27,0.169408246,0.701315348,-0.145023957,0.677022614
1050,2629788,820580,0.988,0.04,-0.026,0,0.3,-0.1,-33.7,5.7,27.2,0.169408246,0.701315348,-0.145023957,0.677053133
1051,2632040,820580,0.985,0.044,-0.026,0,0.2,0,-33.7,5.7,27.2,0.169408246,0.701315348,-0.145023957,0.677053133
1052,2634224,820580,0.985,0.04,-0.03,0.1,0.1,0,-33.7,5.7,27.2,0.169408246,0.701315348,-0.145023957,0.677053133
1053,2636575,820580,0.985,0.044,-0.018,0.1,-0.1,0,-33.7,5.7,27.2,0.169408246,0.701315348,-0.145023957,0.677053133
1054,2638968,820590,0.985,0.04,-0.03,0,-0.1,0,-33.8,5.8,27,0.169408246,0.701315348,-0.144993439,0.677022614
1055,2641285,820590,0.985,0.032,-0.026,0,-0.1,0,-33.8,5.8,27,0.169408246,0.701315348,-0.144993439,0.677022614
1056,2643505,820590,0.981,0.036,-0.03,0,0,0,-33.8,5.8,27,0.169408246,0.701315348,-0.144993439,0.677022614
1057,2645716,820590,0.985,0.04,-0.026,0,0,0,-33.8,5.8,27,0.169408246,0.701315348,-0.144993439,0.677022614
1058,2648343,820600,0.988,0.036,-0.022,0,0,0,-33.8,5.8,27,0.169408246,0.701315348,-0.144993439,0.677022614
1059,2650566,820600,0.988,0.04,-0.03,0,-0.1,0,-33.8,5.8,27,0.169408246,0.701315348,-0.144993439,0.677022614
1060,2653941,820600,0.992,0.036,-0.03,0,-0.1,0,-33.8,5.8,27,0.169408246,0.701315348,-0.144993439,0.677022614
1061,2655691,820600,0.988,0.04,-0.022,0,-0.1,0,-33.8,5.8,27,0.169408246,0.701315348,-0.144993439,0.677022614
1062,2659214,820610,0.985,0.04,-0.022,0.1,-0.1,0,-35.2,5.9,26.8,0.169408246,0.701345866,-0.144993439,0.677022614
1063,2660678,820610,0.988,0.044,-0.022,0,-0.1,0,-35.2,5.9,26.8,0.169408246,0.701345866,-0.144993439,0.677022614
1064,2663343,820610,0.981,0.04,-0.026,0,0,0,-35.2,5.9,26.8,0.169408246,0.701345866,-0.144993439,0.677022614
1065,2666699,820610,0.985,0.04,-0.026,0,0.1,0,-35.2,5.9,26.8,0.169408246,0.701345866,-0.144993439,0.677022614
1066,2668194,820620,0.981,0.04,-0.022,-0.1,0.2,0,-35.2,6.1,27,0.169408246,0.701315348,-0.144993439,0.677022614
1067,2670724,820620,0.985,0.04,-0.022,0,0.1,0,-35.2,6.1,27,0.169408246,0.701315348,-0.144993439,0.677022614
1068,2674331,820620,0.988,0.04,-0.026,-0.1,0,0,-35.2,6.1,27,0.169408246,0.701315348,-0.144993439,0.677022614
1069,2676524,820620,0.985,0.032,-0.026,0,-0.1,0,-35.2,6.1,27,0.169408246,0.701315348,-0.144993439,0.677022614
1070,2678711,820630,0.988,0.036,-0.026,0,-0.1,0,-35.4,6.2,27.3,0.169408246,0.701315348,-0.144993439,0.677022614
1071,2680964,820630,0.988,0.036,-0.022,0,-0.1,0,-35.4,6.2,27.3,0.169408246,0.701315348,-0.144993439,0.677022614
1072,2683240,820630,0.985,0.036,-0.026,0,-0.1,0,-35.4,6.2,27.3,0.169408246,0.701345866,-0.145023957,0.677022614
1073,2685785,820630,0.985,0.036,-0.026,0,-0.1,0,-35.4,6.2,27.3,0.169408246,0.701345866,-0.145023957,0.677022614
1074,2689273,820640,0.985,0.032,-0.026,0,0,0,-35.3,6.1,27.4,0.169377728,0.701315348,-0.145054476,0.677022614
1075,2690718,820640,0.985,0.032,-0.026,0,0,0,-35.3,6.1,27.4,0.169377728,0.701315348,-0.145054476,0.677022614
1076,2693715,820640,0.985,0.04,-0.026,0,0,0,-35.3,6.1,27.4,0.169377728,0.701315348,-0.145054476,0.677022614
1077,2695990,820640,0.985,0.04,-0.026,0.1,0,0,-35.3,6.1,27.4,0.169377728,0.701315348,-0.145054476,0.677022614
1078,2698167,820650,0.988,0.04,-0.026,0,0.1,0,-35.3,6.1,27.4,0.169377728,0.701315348,-0.145054476,0.677022614
1079,2700702,820650,0.985,0.04,-0.026,0,0.1,0,-35.3,6.1,27.4,0.169377728,0.701315348,-0.145054476,0.677022614
1080,2704231,820650,0.981,0.036,-0.026,0,0.2,0,-35.3,6.1,27.4,0.169377728,0.701315348,-0.145054476,0.677022614
1081,2706494,820650,0.981,0.04,-0.026,0,0.1,0.1,-35.3,6.1,27.4,0.169377728,0.701315348,-0.145054476,0.677053133
1082,2708755,820660,0.985,0.036,-0.022,0,0,0,-35.1,6,27.4,0.169377728,0.701315348,-0.145054476,0.677053133
1083,2710995,820660,0.985,0.036,-0.022,0,0,0,-35.1,6,27.4,0.169377728,0.701315348,-0.145054476,0.677053133
1084,2714098,820660,0.985,0.04,-0.018,0,-0.1,0,-35.1,6,27.4,0.169377728,0.701315348,-0.145054476,0.677022614
1085,2715620,820660,0.988,0.04,-0.022,0,-0.1,0,-35.1,6,27.4,0.169347209,0.701315348,-0.145054476,0.677022614
1086,2718116,820670,0.988,0.04,-0.022,0,-0.2,0,-35,5.9,28.1,0.169347209,0.701315348,-0.145054476,0.677022614
1087,2721672,820670,0.988,0.04,-0.022,0,-0.3,0,-35,5.9,28.1,0.169347209,0.701315348,-0.145054476,0.677022614
1088,2723625,820670,0.985,0.044,-0.03,0.1,-0.3,0,-35,5.9,28.1,0.169347209,0.701345866,-0.145054476,0.677022614
1089,2725946,820670,0.985,0.04,-0.026,0.1,-0.2,0,-35,5.9,28.1,0.169347209,0.701345866,-0.145054476,0.677022614
1090,2728199,820680,0.985,0.044,-0.018,0.1,-0.1,0,-34.9,6.1,28.7,0.169347209,0.701345866,-0.145054476,0.677022614
1091,2730735,820680,0.988,0.044,-0.022,0.1,0,0,-34.9,6.1,28.7,0.169347209,0.701345866,-0.145054476,0.677022614
1092,2733589,820680,0.988,0.044,-0.026,0.1,0,0,-34.9,6.1,28.7,0.169347209,0.701345866,-0.145054476,0.677022614
1093,2736571,820680,0.985,0.04,-0.022,0.1,0,0.1,-34.9,6.1,28.7,0.169347209,0.701345866,-0.145054476,0.677022614
1094,2738456,820690,0.981,0.04,-0.026,0,0,0,-34.7,6.3,28.5,0.169377728,0.701315348,-0.144993439,0.677053133
1095,2740559,820690,0.981,0.036,-0.026,0,0,0,-34.7,6.3,28.5,0.169408246,0.701315348,-0.144993439,0.677053133
1096,2743660,820690,0.985,0.04,-0.026,0,0,0,-34.7,6.3,28.5,0.169408246,0.701315348,-0.144993439,0.677053133
1097,2745687,820690,0.981,0.044,-0.026,0,0,0,-34.7,6.3,28.5,0.169408246,0.701315348,-0.144993439,0.677053133
1098,2748845,820700,0.985,0.04,-0.026,0,0,0,-34.7,6.3,28.5,0.169408246,0.701315348,-0.144993439,0.677053133
1099,2751166,820700,0.985,0.036,-0.026,-0.1,0,0,-34.7,6.3,28.5,0.169408246,0.701315348,-0.144993439,0.677053133
1100,2753452,820700,0.985,0.036,-0.022,-0.1,0,0.1,-34.7,6.3,28.5,0.169408246,0.701315348,-0.145023957,0.677053133
1101,2755871,820700,0.988,0.04,-0.018,0,0,0.1,-34.7,6.3,28.5,0.169408246,0.701315348,-0.145023957,0.677053133
1102,2758234,820710,0.988,0.04,-0.026,0,0,0.1,-34.8,5.9,26.8,0.169408246,0.701315348,-0.145023957,0.677053133
1103,2761573,820710,0.988,0.04,-0.022,0.1,0,0,-34.8,5.9,26.8,0.169377728,0.701315348,-0.145023957,0.677053133
1104,2763124,820710,0.985,0.04,-0.026,0.1,0,0,-34.8,5.9,26.8,0.169377728,0.701315348,-0.145023957,0.677022614
1105,2765917,820710,0.985,0.044,-0.026,0.1,-0.1,-0.1,-34.8,5.9,26.8,0.169377728,0.701315348,-0.144993439,0.677022614
1106,2768091,820720,0.985,0.036,-0.022,0,-0.1,-0.1,-35.5,6.1,26.7,0.169408246,0.701315348,-0.144993439,0.677022614
1107,2771380,820720,0.985,0.04,-0.026,0,0,-0.1,-35.5,6.1,26.7,0.169408246,0.701315348,-0.144993439,0.677022614
1108,2773641,820720,0.981,0.04,-0.022,0,0,0,-35.5,6.1,26.7,0.169408246,0.701315348,-0.144993439,0.677022614
1109,2775878,820720,0.985,0.036,-0.026,0,0,0,-35.5,6.1,26.7,0.169408246,0.701315348,-0.144993439,0.677022614
1110,2778263,820730,0.981,0.04,-0.022,0,0,0,-35.2,6.2,26.1,0.169408246,0.701315348,-0.144993439,0.677022614
1111,2781076,820730,0.981,0.04,-0.026,0,0,0,-35.2,6.2,26.1,0.169408246,0.701315348,-0.144993439,0.677022614
1112,2784154,820730,0.985,0.032,-0.026,0,0,0,-35.2,6.2,26.1,0.169408246,0.701315348,-0.144993439,0.677022614
1113,2786314,820730,0.985,0.036,-0.026,0,0,0,-35.2,6.2,26.1,0.169408246,0.701315348,-0.144993439,0.677022614
1114,2788546,820740,0.985,0.036,-0.026,0.1,-0.1,-0.1,-35.1,6.2,25.5,0.169377728,0.701315348,-0.145023957,0.677022614
1115,2791118,820740,0.985,0.04,-0.03,0,-0.1,0,-35.1,6.2,25.5,0.169377728,0.701315348,-0.145023957,0.677022614
1116,2793274,820740,0.988,0.04,-0.03,0,0,0,-35.1,6.2,25.5,0.169377728,0.701315348,-0.145023957,0.677022614
1117,2796440,820740,0.985,0.032,-0.026,0,0,0,-35.1,6.2,25.5,0.169377728,0.701315348,-0.145023957,0.677022614
1118,2798736,820750,0.988,0.04,-0.03,0,0,0,-35.1,6.2,25.5,0.169377728,0.701315348,-0.145023957,0.677022614
1119,2801043,820750,0.988,0.04,-0.022,0,-0.1,-0.1,-35.1,6.2,25.5,0.169377728,0.701345866,-0.145023957,0.677022614
1120,2803974,820750,0.988,0.04,-0.03,0,-0.1,-0.1,-35.1,6.2,25.5,0.169377728,0.701345866,-0.145023957,0.677022614
1121,2805608,820750,0.988,0.036,-0.022,0,-0.1,-0.1,-35.1,6.2,25.5,0.169377728,0.701345866,-0.145023957,0.677022614
1122,2808540,820760,0.985,0.04,-0.026,0,0,0,-35.2,6,26.3,0.169377728,0.701345866,-0.145023957,0.677022614
1123,2811543,820760,0.985,0.04,-0.022,0,0,0,-35.2,6,26.3,0.169377728,0.701345866,-0.145023957,0.677022614
1124,2813059,820760,0.985,0.036,-0.022,0,0.1,0,-35.2,6,26.3,0.169377728,0.701345866,-0.145023957,0.677022614
1125,2815947,820760,0.981,0.036,-0.03,0,0.1,0.1,-35.2,6,26.3,0.169377728,0.701345866,-0.145023957,0.677022614
1126,2819089,820770,0.985,0.036,-0.022,0,0,0.1,-35,6.3,26.7,0.169377728,0.701345866,-0.145023957,0.677022614
1127,2820874,820770,0.981,0.036,-0.03,0,0,0,-35,6.3,26.7,0.169377728,0.701345866,-0.145023957,0.677022614
1128,2823970,820770,0.985,0.04,-0.018,0,0,0,-35,6.3,26.7,0.169377728,0.701345866,-0.145023957,0.677022614
1129,2825974,820770,0.988,0.036,-0.026,0,0,0,-35,6.3,26.7,0.169377728,0.701345866,-0.145023957,0.677022614
1130,2828186,820780,0.988,0.04,-0.03,0,0,0,-35.3,6.2,26.8,0.169377728,0.701345866,-0.145023957,0.677022614
1131,2830994,820780,0.985,0.04,-0.03,0,0,0,-35.3,6.2,26.8,0.169377728,0.701345866,-0.145023957,0.677022614
1132,2833918,820780,0.985,0.036,-0.026,0,-0.1,-0.2,-35.3,6.2,26.8,0.169377728,0.701345866,-0.145023957,0.677022614
1133,2835979,820780,0.985,0.04,-0.022,0,-0.1,-0.1,-35.3,6.2,26.8,0.169377728,0.701345866,-0.145023957,0.677022614
1134,2839090,820790,0.985,0.04,-0.022,0,-0.2,-0.1,-35.2,6.1,26.6,0.169347209,0.701376385,-0.145023957,0.676992096
1135,2840640,820790,0.985,0.04,-0.022,0,-0.1,0,-35.2,6.1,26.6,0.169347209,0.701376385,-0.145023957,0.676992096
1136,2843622,820790,0.985,0.04,-0.03,0,-0.1,0,-35.2,6.1,26.6,0.169347209,0.701376385,-0.145023957,0.676992096
1137,2845590,820790,0.985,0.04,-0.026,0,-0.1,0,-35.2,6.1,26.6,0.169347209,0.701376385,-0.145023957,0.676992096
1138,2848858,820800,0.985,0.04,-0.026,0,0,0,-35.2,6.1,26.6,0.169347209,0.701376385,-0.145023957,0.676992096
1139,2851012,820800,0.985,0.036,-0.026,0,0.1,-0.1,-35.2,6.1,26.6,0.169377728,0.701376385,-0.145023957,0.676992096
1140,2853204,820800,0.985,0.04,-0.026,0,0.2,-0.1,-35.2,6.1,26.6,0.169377728,0.701376385,-0.145023957,0.676992096
1141,2856450,820800,0.985,0.04,-0.022,0,0.1,0,-35.2,6.1,26.6,0.169377728,0.701376385,-0.145023957,0.676992096
1142,2858584,820810,0.988,0.036,-0.026,0,0,-0.1,-35.5,5,26.3,0.169377728,0.701376385,-0.145023957,0.676992096
1143,2860922,820810,0.985,0.04,-0.026,0,0,-0.1,-35.5,5,26.3,0.169377728,0.701376385,-0.145023957,0.676992096
1144,2863330,820810,0.988,0.04,-0.026,0,0,-0.2,-35.5,5,26.3,0.169377728,0.701376385,-0.145023957,0.676992096
1145,2865608,820810,0.985,0.04,-0.026,0,0,-0.1,-35.5,5,26.3,0.169377728,0.701376385,-0.145023957,0.676992096
1146,2868470,820820,0.985,0.04,-0.022,0,0,-0.1,-35.3,4,26,0.169377728,0.701376385,-0.145023957,0.676992096
1147,2870704,820820,0.985,0.04,-0.026,0.1,0,0,-35.3,4,26,0.169377728,0.701376385,-0.145023957,0.676992096
1148,2873466,820820,0.985,0.04,-0.03,0.1,0,0,-35.3,4,26,0.169377728,0.701376385,-0.144993439,0.676992096
1149,2875636,820820,0.985,0.04,-0.022,0,0,0,-35.3,4,26,0.169377728,0.701376385,-0.144993439,0.676992096
1150,2878312,820830,0.981,0.036,-0.026,0,0,0,-35.2,3.7,26,0.169377728,0.701376385,-0.144993439,0.676992096
1151,2881508,820830,0.985,0.04,-0.03,0,0,0,-35.2,3.7,26,0.169377728,0.701376385,-0.144993439,0.676992096
1152,2883066,820830,0.981,0.04,-0.026,-0.1,0,0,-35.2,3.7,26,0.169377728,0.701376385,-0.145023957,0.676992096
1153,2886001,820830,0.985,0.04,-0.026,-0.1,0,0,-35.2,3.7,26,0.169377728,0.701376385,-0.145023957,0.676992096
1154,2889024,820840,0.985,0.04,-0.026,0,0,0,-35.8,3.7,25.7,0.169377728,0.701406903,-0.145023957,0.676961577
1155,2890578,820840,0.985,0.036,-0.026,0,0,0,-35.8,3.7,25.7,0.169377728,0.701406903,-0.145023957,0.676961577
1156,2893316,820840,0.992,0.04,-0.026,0.1,0,0,-35.8,3.7,25.7,0.169377728,0.701406903,-0.145023957,0.676961577
1157,2896432,820840,0.985,0.036,-0.026,0,0,0,-35.8,3.7,25.7,0.169377728,0.701406903,-0.145023957,0.676961577
1158,2898042,820850,0.985,0.044,-0.022,0,0.1,-0.1,-35.8,3.7,25.7,0.169377728,0.701376385,-0.145023957,0.676961577
1159,2900791,820850,0.985,0.036,-0.022,0,0.1,0,-35.8,3.7,25.7,0.169377728,0.701376385,-0.145023957,0.676961577
1160,2903028,820850,0.988,0.04,-0.026,-0.1,0.1,0,-35.8,3.7,25.7,0.169377728,0.701376385,-0.145023957,0.676961577
1161,2905735,820850,0.985,0.04,-0.018,-0.1,0,0,-35.8,3.7,25.7,0.169377728,0.701376385,-0.145023957,0.676961577
1162,2908888,820860,0.985,0.04,-0.018,0,0,0.1,-35.1,6,26.4,0.169377728,0.701376385,-0.145023957,0.676961577
1163,2911165,820860,0.981,0.044,-0.022,0,0,0,-35.1,6,26.4,0.169377728,0.701376385,-0.145023957,0.676961577
1164,2913271,820860,0.985,0.036,-0.026,0,-0.1,0,-35.1,6,26.4,0.169377728,0.701376385,-0.145023957,0.676961577
1165,2916382,820860,0.988,0.036,-0.022,0,-0.2,0,-35.1,6,26.4,0.169377728,0.701376385,-0.145023957,0.676961577
1166,2918040,820870,0.988,0.04,-0.026,0,-0.2,0,-35,6.5,26.4,0.169377728,0.701406903,-0.145023957,0.676961577
1167,2920581,820870,0.985,0.04,-0.022,0,0,0,-35,6.5,26.4,0.169377728,0.701406903,-0.145023957,0.676961577
1168,2923535,820870,0.985,0.036,-0.026,0,0.1,0,-35,6.5,26.4,0.169377728,0.701376385,-0.145023957,0.676961577
1169,2926511,820870,0.988,0.04,-0.022,0,0.1,0,-35,6.5,26.4,0.169377728,0.701376385,-0.145023957,0.676961577
1170,2928211,820880,0.988,0.04,-0.03,0,0,0,-35.1,7.1,27.1,0.169377728,0.701376385,-0.145023957,0.676961577
1171,2930984,820880,0.985,0.04,-0.026,0,0,0,-35.1,7.1,27.1,0.169377728,0.701376385,-0.145023957,0.676961577
1172,2934038,820880,0.985,0.04,-0.026,0,0,0,-35.1,7.1,27.1,0.169377728,0.701376385,-0.145023957,0.676961577
1173,2935713,820880,0.985,0.04,-0.026,0,0,0.1,-35.1,7.1,27.1,0.169377728,0.701376385,-0.145023957,0.676961577
1174,2938119,820890,0.985,0.04,-0.026,0.1,0,0.1,-35.4,7.7,26.6,0.169377728,0.701406903,-0.145023957,0.676931059
1175,2940916,820890,0.988,0.04,-0.03,0.1,0,0,-35.4,7.7,26.6,0.169347209,0.701406903,-0.145023957,0.676961577
1176,2944079,820890,0.988,0.04,-0.022,0.1,0.1,0,-35.4,7.7,26.6,0.169347209,0.701406903,-0.145023957,0.676961577
1177,2945716,820890,0.985,0.036,-0.022,0.1,0.1,0,-35.4,7.7,26.6,0.169347209,0.701406903,-0.145023957,0.676961577
1178,2949305,820900,0.985,0.04,-0.026,0,0.1,0,-35.4,7.7,26.6,0.169347209,0.701406903,-0.145023957,0.676961577
1179,2950782,820900,0.988,0.036,-0.026,0,0.1,0,-35.4,7.7,26.6,0.169347209,0.701406903,-0.145023957,0.676961577
1180,2953643,820900,0.985,0.036,-0.03,0,0.1,0,-35.4,7.7,26.6,0.169347209,0.701406903,-0.145023957,0.676961577
1181,2956787,820900,0.985,0.044,-0.026,0,0.1,0.1,-35.4,7.7,26.6,0.169347209,0.701406903,-0.145023957,0.676961577
1182,2958333,820910,0.985,0.04,-0.03,0,0.2,0.1,-35.2,6.1,26.8,0.169347209,0.701376385,-0.145023957,0.676961577
1183,2960628,820910,0.985,0.04,-0.022,0,0.1,0,-35.2,6.1,26.8,0.169347209,0.701376385,-0.145023957,0.676961577
1184,2963533,820910,0.985,0.044,-0.022,0.1,0.1,0,-35.2,6.1,26.8,0.169347209,0.701376385,-0.145023957,0.676961577
1185,2966573,820910,0.985,0.036,-0.026,0.1,0,0.1,-35.2,6.1,26.8,0.169347209,0.701376385,-0.145023957,0.676961577
1186,2968232,820920,0.988,0.036,-0.014,0.1,0,0.1,-35.2,6.1,26.8,0.169347209,0.701376385,-0.145023957,0.676961577
1187,2970551,820920,0.985,0.04,-0.026,0,0,0,-35.2,6.1,26.8,0.169347209,0.701376385,-0.145023957,0.676961577
1188,2974879,820920,0.985,0.04,-0.022,0,-0.1,0,-35.2,6.1,26.8,0.169347209,0.701376385,-0.145023957,0.676961577
1189,2977107,820920,0.981,0.04,-0.026,0,-0.2,0,-35.2,6.1,26.8,0.169347209,0.701376385,-0.145023957,0.676961577
1190,2979368,820930,0.985,0.04,-0.022,0,-0.2,0,-35.2,6.1,26.8,0.169347209,0.701406903,-0.145023957,0.676961577
1191,2981630,820930,0.985,0.04,-0.03,0,-0.1,0,-35.2,6.1,26.8,0.169347209,0.701406903,-0.145023957,0.676961577
1192,2983840,820930,0.988,0.036,-0.022,0,-0.1,0,-35.2,6.1,26.8,0.169347209,0.701406903,-0.145023957,0.676961577
1193,2986065,820930,0.985,0.04,-0.03,0,0,0,-35.2,6.1,26.8,0.169347209,0.701406903,-0.145023957,0.676961577
1194,2988394,820940,0.985,0.04,-0.022,0,0,-0.1,-35.2,6.1,26.8,0.169316691,0.701406903,-0.145023957,0.676961577
1195,2990931,820940,0.985,0.04,-0.022,0.1,0,-0.1,-35.2,6.1,26.8,0.169316691,0.701406903,-0.145023957,0.676961577
1196,2994862,820940,0.981,0.036,-0.026,0.1,0.1,-0.1,-35.2,6.1,26.8,0.169316691,0.701406903,-0.145023957,0.676961577
1197,2996869,820940,0.985,0.04,-0.022,0,0.2,0,-35.2,6.1,26.8,0.169316691,0.701406903,-0.145023957,0.676961577
1198,2998615,820950,0.985,0.036,-0.026,0,0.2,0,-35.2,6.1,26.8,0.169316691,0.701406903,-0.145023957,0.676961577
1199,3000936,820950,0.988,0.04,-0.022,0,0.2,0,-35.2,6.1,26.8,0.169316691,0.701406903,-0.145023957,0.676961577
1200,3003546,820950,0.981,0.04,-0.022,0,0.2,0,-35.2,6.1,26.8,0.169316691,0.701406903,-0.145023957,0.676961577
1201,3007622,820950,0.988,0.04,-0.022,0,0.1,0.1,-35.2,6.1,26.8,0.169316691,0.701376385,-0.145023957,0.676961577
1202,3008179,820960,0.988,0.04,-0.026,0,0.1,0.2,-34.8,4.6,26.7,0.169316691,0.701376385,-0.145023957,0.676992096
1203,3012093,820960,0.988,0.036,-0.026,0,0.1,0.2,-34.8,4.6,26.7,0.169316691,0.701376385,-0.145023957,0.676992096
1204,3013678,820960,0.988,0.04,-0.022,0,0,0.2,-34.8,4.6,26.7,0.169316691,0.701376385,-0.145054476,0.676992096
1205,3015957,820960,0.985,0.04,-0.026,0,0,0.2,-34.8,4.6,26.7,0.169316691,0.701376385,-0.145054476,0.676992096
1206,3018115,820970,0.985,0.04,-0.026,0,0,0.1,-34.8,4.6,26.7,0.169316691,0.701376385,-0.145054476,0.676992096
1207,3020648,820970,0.988,0.04,-0.026,0,0,0,-34.8,4.6,26.7,0.169316691,0.701376385,-0.145054476,0.676992096
1208,3024152,820970,0.985,0.032,-0.03,0,0,0,-34.8,4.6,26.7,0.169316691,0.701376385,-0.145054476,0.676992096
1209,3025778,820970,0.985,0.04,-0.03,0,0,-0.1,-34.8,4.6,26.7,0.169316691,0.701376385,-0.145054476,0.676992096
1210,3029199,820980,0.985,0.036,-0.026,0,0,-0.1,-34.8,4.6,26.7,0.169316691,0.701376385,-0.145054476,0.676992096
1211,3031033,820980,0.985,0.04,-0.018,0,0,0,-34.8,4.6,26.7,0.169316691,0.701376385,-0.145054476,0.676992096
1212,3033388,820980,0.985,0.044,-0.03,0,0.1,0,-34.8,4.6,26.7,0.169316691,0.701376385,-0.145054476,0.676992096
1213,3035870,820980,0.985,0.036,-0.022,0,0.1,0.1,-34.8,4.6,26.7,0.169316691,0.701376385,-0.145054476,0.676992096
1214,3038431,820990,0.988,0.04,-0.026,0,0,0.2,-34.8,4.6,26.7,0.169316691,0.701376385,-0.145054476,0.676992096
1215,3040760,820990,0.985,0.04,-0.03,0,0,0.2,-34.8,4.6,26.7,0.169286172,0.701376385,-0.145054476,0.676992096
1216,3043267,820990,0.988,0.036,-0.022,0,0,0,-34.8,4.6,26.7,0.169286172,0.701376385,-0.145054476,0.676992096
1217,3045879,820990,0.985,0.04,-0.026,0,-0.1,0,-34.8,4.6,26.7,0.169286172,0.701376385,-0.145054476,0.676992096
1218,3048252,821000,0.985,0.04,-0.026,0,0,0,-34.8,4.6,26.7,0.169316691,0.701376385,-0.145054476,0.676992096
1219,3051994,821000,0.981,0.036,-0.026,0,0,0,-34.8,4.6,26.7,0.169316691,0.701376385,-0.145054476,0.676992096
1220,3053529,821000,0.981,0.044,-0.026,0,0.1,0,-34.8,4.6,26.7,0.169316691,0.701376385,-0.145054476,0.676992096
1221,3055911,821000,0.985,0.04,-0.022,0,0.1,0,-34.8,4.6,26.7,0.169316691,0.701345866,-0.145054476,0.676992096
1222,3059074,821010,0.988,0.036,-0.018,0,0.1,0,-34.1,5.4,26.8,0.169316691,0.701345866,-0.145054476,0.677022614
1223,3061183,821010,0.981,0.036,-0.018,0,0,0,-34.1,5.4,26.8,0.169316691,0.701345866,-0.145054476,0.677022614
1224,3063439,821010,0.985,0.036,-0.026,0,0,0,-34.1,5.4,26.8,0.169316691,0.701345866,-0.145054476,0.676992096
1225,3065961,821010,0.985,0.036,-0.026,0.1,0,0,-34.1,5.4,26.8,0.169316691,0.701345866,-0.145054476,0.676992096
1226,3068186,821020,0.988,0.04,-0.026,0.1,0,0,-34.1,5.4,26.8,0.169286172,0.701376385,-0.145054476,0.676992096
1227,3070903,821020,0.985,0.04,-0.026,0.1,0,0,-34.1,5.4,26.8,0.169286172,0.701376385,-0.145054476,0.676992096
1228,3074256,821020,0.985,0.036,-0.026,0.1,-0.1,0,-34.1,5.4,26.8,0.169286172,0.701376385,-0.145054476,0.676992096
1229,3076401,821020,0.985,0.04,-0.022,0.1,-0.2,0,-34.1,5.4,26.8,0.169286172,0.701376385,-0.145054476,0.676992096
1230,3078650,821030,0.985,0.04,-0.022,0,-0.1,0,-34.1,5.4,26.8,0.169286172,0.701376385,-0.145054476,0.676992096
1231,3080886,821030,0.985,0.04,-0.03,0,0,0,-34.1,5.4,26.8,0.169286172,0.701376385,-0.145054476,0.676992096
1232,3083102,821030,0.985,0.036,-0.026,0,0,0,-34.1,5.4,26.8,0.169286172,0.701376385,-0.145054476,0.676992096
1233,3085750,821030,0.988,0.04,-0.026,0,0.1,0,-34.1,5.4,26.8,0.169286172,0.701376385,-0.145054476,0.676992096
1234,3089907,821040,0.985,0.036,-0.034,0,0,0,-34.1,5.4,26.8,0.169286172,0.701376385,-0.145054476,0.676992096
1235,3090560,821040,0.985,0.04,-0.022,0,0,0,-34.1,5.4,26.8,0.169286172,0.701376385,-0.145054476,0.676992096
1236,3093527,821040,0.985,0.04,-0.03,0,0,0.1,-34.1,5.4,26.8,0.169286172,0.701376385,-0.145054476,0.676992096
1237,3097246,821040,0.985,0.036,-0.03,0,0,0.1,-34.1,5.4,26.8,0.169255654,0.701376385,-0.145054476,0.676992096
1238,3098794,821050,0.985,0.04,-0.03,0,0,0,-34.1,5.4,26.8,0.169255654,0.701376385,-0.145054476,0.676992096
1239,3100653,821050,0.988,0.04,-0.022,0,0,-0.1,-34.1,5.4,26.8,0.169286172,0.701376385,-0.145054476,0.676992096
1240,3104622,821050,0.985,0.04,-0.026,0.1,0,-0.1,-34.1,5.4,26.8,0.169286172,0.701376385,-0.145054476,0.676992096
1241,3106155,821050,0.985,0.036,-0.022,0.1,0,0,-34.1,5.4,26.8,0.169255654,0.701376385,-0.145054476,0.676992096
1242,3108532,821060,0.981,0.04,-0.022,0,0,0,-35.2,5.9,27,0.169255654,0.701376385,-0.145054476,0.676992096
1243,3110502,821060,0.985,0.04,-0.022,0,0,0,-35.2,5.9,27,0.169286172,0.701376385,-0.145054476,0.676992096
1244,3113561,821060,0.985,0.044,-0.03,0,-0.1,0,-35.2,5.9,27,0.169286172,0.701376385,-0.145054476,0.676992096
1245,3116785,821060,0.985,0.036,-0.026,0,-0.2,0,-35.2,5.9,27,0.169286172,0.701376385,-0.145054476,0.676992096
1246,3118172,821070,0.985,0.04,-0.026,0,-0.1,0,-35.3,6.2,27,0.169286172,0.701376385,-0.145054476,0.676992096
1247,3121334,821070,0.985,0.036,-0.022,0,0,0,-35.3,6.2,27,0.169286172,0.701376385,-0.145054476,0.676992096
1248,3123411,821070,0.985,0.04,-0.022,0,0,0,-35.3,6.2,27,0.169286172,0.701376385,-0.145054476,0.676992096
1249,3126546,821070,0.985,0.036,-0.03,0,0,0,-35.3,6.2,27,0.169286172,0.701376385,-0.145054476,0.676992096
1250,3128410,821080,0.985,0.04,-0.026,0,0,0,-34.9,6,26.9,0.169286172,0.701376385,-0.145054476,0.676992096
1251,3130873,821080,0.981,0.04,-0.022,-0.1,0,0,-34.9,6,26.9,0.169286172,0.701376385,-0.145054476,0.676992096
1252,3134049,821080,0.981,0.04,-0.026,0,-0.1,0,-34.9,6,26.9,0.169286172,0.701376385,-0.145054476,0.676992096
1253,3135816,821080,0.981,0.04,-0.022,0,0,0,-34.9,6,26.9,0.169286172,0.701376385,-0.145054476,0.676992096
1254,3138451,821090,0.985,0.044,-0.03,0.1,0,0,-35.2,5.8,27,0.169286172,0.701376385,-0.145054476,0.676992096
1255,3141630,821090,0.985,0.044,-0.03,0.1,0,0,-35.2,5.8,27,0.169286172,0.701376385,-0.145023957,0.676992096
1256,3143431,821090,0.988,0.04,-0.022,0.1,-0.1,0,-35.2,5.8,27,0.169286172,0.701376385,-0.145023957,0.676992096
1257,3145552,821090,0.985,0.044,-0.026,0.1,-0.3,0,-35.2,5.8,27,0.169286172,0.701376385,-0.145023957,0.676992096
1258,3148083,821100,0.988,0.036,-0.026,0.1,-0.3,0,-35.4,6.1,26.9,0.169286172,0.701406903,-0.145023957,0.676992096
1259,3151566,821100,0.988,0.04,-0.03,0,-0.3,0,-35.4,6.1,26.9,0.169286172,0.701406903,-0.145023957,0.676961577
1260,3153157,821100,0.985,0.04,-0.03,0,-0.3,0,-35.4,6.1,26.9,0.169286172,0.701406903,-0.145023957,0.676961577
1261,3155877,821100,0.985,0.044,-0.03,0,-0.3,0,-35.4,6.1,26.9,0.169286172,0.701406903,-0.145023957,0.676961577
1262,3159902,821110,0.985,0.044,-0.03,0.1,-0.2,0,-36.4,5.7,26.8,0.169286172,0.701406903,-0.145023957,0.676961577
1263,3162032,821110,0.988,0.036,-0.026,0,-0.1,0,-36.4,5.7,26.8,0.169286172,0.701406903,-0.145023957,0.676961577
1264,3163293,821110,0.981,0.036,-0.03,0,0,0,-36.4,5.7,26.8,0.169286172,0.701406903,-0.145023957,0.676961577
1265,3166443,821110,0.985,0.036,-0.026,0,0,0,-36.4,5.7,26.8,0.169286172,0.701406903,-0.145023957,0.676961577
1266,3168221,821120,0.985,0.036,-0.022,0,0,0.1,-34.1,5.9,26.8,0.169286172,0.701406903,-0.145023957,0.676961577
1267,3171199,821120,0.985,0.04,-0.026,0,0,0.1,-34.1,5.9,26.8,0.169286172,0.701406903,-0.145054476,0.676961577
1268,3174150,821120,0.985,0.04,-0.026,0,0,0.1,-34.1,5.9,26.8,0.169286172,0.701406903,-0.145054476,0.676961577
1269,3175731,821120,0.985,0.04,-0.022,-0.1,-0.1,0,-34.1,5.9,26.8,0.169286172,0.701406903,-0.145054476,0.676961577
1270,3178616,821130,0.988,0.036,-0.022,-0.1,-0.1,0,-33.8,5.7,27,0.169286172,0.701406903,-0.145054476,0.676961577
1271,3180913,821130,0.985,0.036,-0.026,0,-0.1,0,-33.8,5.7,27,0.169286172,0.701406903,-0.145054476,0.676961577
1272,3183969,821130,0.985,0.036,-0.03,0,-0.1,0,-33.8,5.7,27,0.169286172,0.701406903,-0.145054476,0.676961577
1273,3185757,821130,0.988,0.036,-0.022,0,0,0,-33.8,5.7,27,0.169286172,0.701406903,-0.145054476,0.676961577
1274,3189166,821140,0.985,0.04,-0.026,0,0.2,0,-34.2,6.1,27,0.169225135,0.701406903,-0.145084994,0.676961577
1275,3190686,821140,0.985,0.04,-0.026,0,0.2,0,-34.2,6.1,27,0.169225135,0.701406903,-0.145084994,0.676961577
1276,3193068,821140,0.985,0.044,-0.022,0,0.2,0,-34.2,6.1,27,0.169225135,0.701406903,-0.145084994,0.676992096
1277,3195926,821140,0.985,0.04,-0.022,0,0.2,0,-34.2,6.1,27,0.169225135,0.701406903,-0.145084994,0.676992096
1278,3198501,821150,0.985,0.036,-0.022,0,0.1,0,-33.9,5.7,27.1,0.169225135,0.701376385,-0.145084994,0.676992096
1279,3201013,821150,0.985,0.036,-0.022,0.1,0.1,0,-33.9,5.7,27.1,0.169225135,0.701376385,-0.145084994,0.676992096
1280,3203953,821150,0.985,0.036,-0.026,0.1,0.1,0,-33.9,5.7,27.1,0.169225135,0.701376385,-0.145084994,0.676992096
1281,3205592,821150,0.985,0.04,-0.022,0.1,0.1,0.1,-33.9,5.7,27.1,0.169225135,0.701376385,-0.145084994,0.676992096
1282,3209074,821160,0.985,0.04,-0.022,0,0,0,-35.9,5.9,27,0.169225135,0.701376385,-0.145084994,0.676992096
1283,3210778,821160,0.985,0.044,-0.022,-0.1,-0.1,0,-35.9,5.9,27,0.169225135,0.701376385,-0.145084994,0.676992096
1284,3214309,821160,0.988,0.036,-0.03,0,-0.1,0,-35.9,5.9,27,0.169225135,0.701376385,-0.145084994,0.676992096
1285,3215915,821160,0.988,0.04,-0.026,0,-0.1,0,-35.9,5.9,27,0.169225135,0.701376385,-0.145084994,0.676992096
1286,3218304,821170,0.988,0.04,-0.034,0.1,0,0,-34.7,6,26.9,0.169225135,0.701376385,-0.145084994,0.676992096
1287,3221161,821170,0.985,0.04,-0.026,0.1,0.1,0,-34.7,6,26.9,0.169225135,0.701376385,-0.145084994,0.676992096
1288,3223493,821170,0.985,0.04,-0.022,0.1,0.3,0,-34.7,6,26.9,0.169225135,0.701376385,-0.145084994,0.676992096
1289,3227125,821170,0.985,0.036,-0.026,0.1,0.2,0,-34.7,6,26.9,0.169225135,0.701376385,-0.145084994,0.676992096
1290,3228666,821180,0.985,0.044,-0.03,0.1,0.1,0,-34.9,6,27.2,0.169225135,0.701376385,-0.145084994,0.676992096
1291,3230883,821180,0.988,0.04,-0.022,0,0.1,0,-34.9,6,27.2,0.169225135,0.701376385,-0.145084994,0.676992096
1292,3233300,821180,0.985,0.036,-0.022,0,0,0,-34.9,6,27.2,0.169225135,0.701376385,-0.145084994,0.676992096
1293,3237159,821180,0.985,0.04,-0.026,0,0,0,-34.9,6,27.2,0.169225135,0.701376385,-0.145084994,0.676992096
1294,3239530,821190,0.985,0.044,-0.022,0,0,0,-34.4,6.2,26.9,0.169225135,0.701376385,-0.145084994,0.676992096
1295,3241816,821190,0.985,0.036,-0.026,0,0,0,-34.4,6.2,26.9,0.169225135,0.701376385,-0.145084994,0.676992096
1296,3244152,821190,0.985,0.04,-0.022,0,-0.1,0,-34.4,6.2,26.9,0.169225135,0.701376385,-0.145084994,0.676992096
1297,3246398,821190,0.985,0.044,-0.026,0,-0.2,0,-34.4,6.2,26.9,0.169225135,0.701376385,-0.145084994,0.676992096
1298,3248726,821200,0.988,0.044,-0.026,0,-0.3,0,-34.6,6,27,0.169225135,0.701376385,-0.145084994,0.676992096
1299,3250693,821200,0.981,0.04,-0.026,0,-0.1,0,-34.6,6,27,0.169225135,0.701406903,-0.145084994,0.676992096
1300,3253933,821200,0.985,0.04,-0.026,0,0,0,-34.6,6,27,0.169225135,0.701406903,-0.145084994,0.676992096
1301,3255596,821200,0.988,0.044,-0.022,0,0,0,-34.6,6,27,0.169225135,0.701406903,-0.145084994,0.676992096
1302,3259140,821210,0.985,0.04,-0.026,0,0,0,-35.3,6,27.1,0.169225135,0.701406903,-0.145084994,0.676992096
1303,3260822,821210,0.988,0.036,-0.022,0,0,0,-35.3,6,27.1,0.169225135,0.701406903,-0.145084994,0.676992096
1304,3263043,821210,0.985,0.04,-0.026,0,0,0,-35.3,6,27.1,0.169225135,0.701406903,-0.145084994,0.676992096
1305,3266512,821210,0.985,0.044,-0.022,0,0,0,-35.3,6,27.1,0.169225135,0.701406903,-0.145084994,0.676992096
1306,3268485,821220,0.981,0.036,-0.018,0,-0.1,0,-35.1,5.9,27.3,0.169225135,0.701406903,-0.145084994,0.676992096
1307,3271825,821220,0.981,0.044,-0.026,0,-0.1,0,-35.1,5.9,27.3,0.169225135,0.701406903,-0.145084994,0.676992096
1308,3273707,821220,0.988,0.04,-0.026,0,-0.1,0,-35.1,5.9,27.3,0.169164098,0.701406903,-0.145084994,0.676992096
1309,3276220,821220,0.985,0.032,-0.026,0,0,0,-35.1,5.9,27.3,0.169164098,0.701406903,-0.145084994,0.676992096
1310,3278543,821230,0.985,0.04,-0.026,0,0.1,0,-35,6.2,27.8,0.169164098,0.701406903,-0.145084994,0.676992096
1311,3280830,821230,0.985,0.04,-0.026,0,0.1,0,-35,6.2,27.8,0.169225135,0.701406903,-0.145084994,0.676992096
1312,3283210,821230,0.985,0.04,-0.03,0,0.1,0,-35,6.2,27.8,0.169225135,0.701406903,-0.145084994,0.676992096
1313,3285631,821230,0.981,0.04,-0.03,0,0.1,-0.1,-35,6.2,27.8,0.169225135,0.701376385,-0.145084994,0.676992096
1314,3288059,821240,0.985,0.04,-0.018,0,0,0,-35.2,6,27.9,0.169225135,0.701437422,-0.145084994,0.676961577
1315,3291207,821240,0.985,0.04,-0.018,0,0,0,-35.2,6,27.9,0.169225135,0.701437422,-0.145084994,0.676961577
1316,3293542,821240,0.988,0.036,-0.026,0,-0.2,0,-35.2,6,27.9,0.169225135,0.701437422,-0.145084994,0.676961577
1317,3295732,821240,0.985,0.036,-0.026,0,-0.3,0,-35.2,6,27.9,0.169225135,0.701437422,-0.145084994,0.676961577
1318,3298888,821250,0.985,0.036,-0.022,0.1,-0.4,0,-34.9,6.3,29,0.169164098,0.701437422,-0.145084994,0.676931059
1319,3300591,821250,0.985,0.044,-0.03,0,-0.3,-0.1,-34.9,6.3,29,0.169164098,0.701437422,-0.145084994,0.676931059
1320,3304070,821250,0.985,0.044,-0.022,0,-0.1,-0.2,-34.9,6.3,29,0.169225135,0.701437422,-0.145084994,0.676931059
1321,3305527,821250,0.988,0.04,-0.022,0,0,-0.1,-34.9,6.3,29,0.169225135,0.701437422,-0.145084994,0.676931059
1322,3309257,821260,0.981,0.04,-0.022,0,0,-0.1,-35.2,6,25.3,0.169225135,0.701437422,-0.145084994,0.676931059
1323,3310720,821260,0.985,0.036,-0.026,-0.1,0,0,-35.2,6,25.3,0.169225135,0.701437422,-0.145084994,0.676931059
1324,3313257,821260,0.981,0.04,-0.022,-0.1,0,0,-35.2,6,25.3,0.169225135,0.701437422,-0.145084994,0.676931059
1325,3316669,821260,0.985,0.036,-0.026,0,0,-0.1,-35.2,6,25.3,0.169225135,0.701437422,-0.145084994,0.676931059
1326,3318170,821270,0.981,0.04,-0.026,0,0.1,-0.1,-35.2,5.7,27,0.169225135,0.701437422,-0.145084994,0.676931059
1327,3320974,821270,0.985,0.036,-0.03,0,0.1,0,-35.2,5.7,27,0.169225135,0.701437422,-0.145054476,0.676931059
1328,3323180,821270,0.985,0.044,-0.022,0,0.1,0,-35.2,5.7,27,0.169225135,0.701437422,-0.145054476,0.676931059
1329,3326180,821270,0.988,0.036,-0.026,0,0,0,-35.2,5.7,27,0.169225135,0.701437422,-0.145054476,0.676931059
1330,3329177,821280,0.985,0.044,-0.022,0,0,0,-35.2,5.8,27.5,0.169225135,0.701437422,-0.145054476,0.676931059
1331,3330614,821280,0.988,0.04,-0.022,0,-0.1,0,-35.2,5.8,27.5,0.169225135,0.701437422,-0.145054476,0.676931059
1332,3333680,821280,0.992,0.036,-0.03,0,-0.1,0,-35.2,5.8,27.5,0.169225135,0.701437422,-0.145084994,0.676931059
1333,3335841,821280,0.985,0.04,-0.03,0,-0.1,0,-35.2,5.8,27.5,0.169225135,0.701437422,-0.145084994,0.676931059
1334,3338795,821290,0.988,0.04,-0.034,0,0,-0.1,-35.2,6.2,27.4,0.169225135,0.70146794,-0.145054476,0.676931059
1335,3341030,821290,0.985,0.036,-0.022,0,0,-0.1,-35.2,6.2,27.4,0.169225135,0.70146794,-0.145054476,0.676931059
1336,3343253,821290,0.985,0.04,-0.022,0,0,0,-35.2,6.2,27.4,0.169225135,0.70146794,-0.145054476,0.676931059
1337,3346349,821290,0.985,0.036,-0.026,0,0,-0.1,-35.2,6.2,27.4,0.169225135,0.70146794,-0.145054476,0.676931059
1338,3349313,821300,0.985,0.04,-0.022,0,-0.1,0,-35.1,6.1,27,0.169225135,0.70146794,-0.145054476,0.676931059
1339,3350816,821300,0.985,0.036,-0.022,0.1,-0.1,-0.1,-35.1,6.1,27,0.169225135,0.70146794,-0.145054476,0.676931059
1340,3353682,821300,0.985,0.044,-0.022,0.1,-0.1,0,-35.1,6.1,27,0.169225135,0.70146794,-0.145054476,0.676931059
1341,3356709,821300,0.985,0.04,-0.018,0,0,0,-35.1,6.1,27,0.169225135,0.70146794,-0.145054476,0.676931059
1342,3358138,821310,0.985,0.044,-0.026,0,-0.1,0,-35,5.9,26.2,0.169225135,0.70146794,-0.145054476,0.676931059
1343,3361544,821310,0.985,0.04,-0.03,0,-0.1,0.1,-35,5.9,26.2,0.169225135,0.70146794,-0.145054476,0.676931059
1344,3363154,821310,0.985,0.04,-0.026,0,-0.1,0,-35,5.9,26.2,0.169225135,0.70146794,-0.145054476,0.67690054
1345,3366209,821310,0.988,0.036,-0.022,0,-0.1,0.1,-35,5.9,26.2,0.169225135,0.70146794,-0.145054476,0.67690054
1346,3368446,821320,0.985,0.048,-0.022,0,-0.2,0.1,-35.5,5.5,26.6,0.169225135,0.70146794,-0.145054476,0.67690054
1347,3370724,821320,0.985,0.036,-0.022,0,-0.2,0,-35.5,5.5,26.6,0.169164098,0.70146794,-0.145084994,0.67690054
1348,3373157,821320,0.985,0.04,-0.022,0,-0.2,0,-35.5,5.5,26.6,0.169164098,0.70146794,-0.145084994,0.67690054
1349,3376666,821320,0.988,0.04,-0.022,0,-0.2,0,-35.5,5.5,26.6,0.169164098,0.701498459,-0.145054476,0.67690054
1350,3378253,821330,0.988,0.04,-0.03,0.1,-0.1,-0.1,-34.9,5.9,26.5,0.169164098,0.701498459,-0.145054476,0.67690054
1351,3380600,821330,0.988,0.044,-0.022,0.1,-0.1,0,-34.9,5.9,26.5,0.169164098,0.701498459,-0.145054476,0.67690054
1352,3384014,821330,0.981,0.036,-0.026,0,-0.1,0,-34.9,5.9,26.5,0.169164098,0.701498459,-0.145054476,0.67690054
1353,3386217,821330,0.985,0.04,-0.03,0,0,0,-34.9,5.9,26.5,0.169164098,0.701498459,-0.145054476,0.67690054
1354,3388519,821340,0.981,0.04,-0.018,0,0.1,0,-35.1,6.2,26.5,0.169164098,0.701498459,-0.145054476,0.676870022
1355,3390732,821340,0.988,0.04,-0.026,0,0.1,0,-35.1,6.2,26.5,0.169164098,0.701498459,-0.145054476,0.676870022
1356,3393414,821340,0.988,0.04,-0.022,0,0,0,-35.1,6.2,26.5,0.169164098,0.701498459,-0.145054476,0.676870022
1357,3395931,821340,0.988,0.04,-0.03,0,0,0,-35.1,6.2,26.5,0.169164098,0.701498459,-0.145054476,0.676870022
1358,3398250,821350,0.988,0.04,-0.022,0,0,0,-35.2,5.9,26.2,0.169164098,0.701498459,-0.145054476,0.676870022
1359,3401662,821350,0.985,0.036,-0.026,0,0,0,-35.2,5.9,26.2,0.169164098,0.701498459,-0.145054476,0.676870022
1360,3404108,821350,0.985,0.04,-0.022,0,0,0,-35.2,5.9,26.2,0.169164098,0.701498459,-0.145054476,0.676870022
1361,3406164,821350,0.985,0.04,-0.034,0,0,-0.1,-35.2,5.9,26.2,0.169164098,0.701498459,-0.145054476,0.676870022
1362,3408437,821360,0.988,0.04,-0.03,0,0,-0.1,-35.3,5.8,27.1,0.169164098,0.701498459,-0.145054476,0.676870022
1363,3411847,821360,0.985,0.036,-0.026,0,0,-0.1,-35.3,5.8,27.1,0.169164098,0.701498459,-0.145054476,0.676870022
1364,3413999,821360,0.992,0.04,-0.026,0,0.1,0,-35.3,5.8,27.1,0.169164098,0.701498459,-0.145054476,0.676870022
1365,3416315,821360,0.985,0.04,-0.026,0,0.1,0,-35.3,5.8,27.1,0.169164098,0.701498459,-0.145054476,0.676870022
1366,3418487,821370,0.985,0.036,-0.026,0,0.1,0,-35,5.7,26.6,0.169164098,0.701498459,-0.145054476,0.676870022
1367,3420837,821370,0.981,0.036,-0.026,-0.1,0.1,0,-35,5.7,26.6,0.169225135,0.701498459,-0.145054476,0.67690054
1368,3423667,821370,0.985,0.04,-0.03,0,0,0,-35,5.7,26.6,0.169225135,0.701498459,-0.145054476,0.67690054
1369,3426766,821370,0.985,0.04,-0.026,0,0,0,-35,5.7,26.6,0.169225135,0.701498459,-0.145054476,0.67690054
1370,3428437,821380,0.988,0.04,-0.03,0,0,0,-35.3,5.5,26.1,0.169164098,0.701498459,-0.145054476,0.67690054
1371,3431627,821380,0.992,0.036,-0.026,0,0,0,-35.3,5.5,26.1,0.169225135,0.701498459,-0.145054476,0.67690054
1372,3433374,821380,0.988,0.04,-0.03,0,0,0,-35.3,5.5,26.1,0.169225135,0.701498459,-0.145054476,0.67690054
1373,3435725,821380,0.988,0.04,-0.026,0,-0.1,0,-35.3,5.5,26.1,0.169225135,0.701498459,-0.145054476,0.676870022
1374,3438805,821390,0.985,0.036,-0.022,0,-0.3,0,-35,5.2,26.4,0.169164098,0.701528977,-0.145054476,0.676870022
1375,3440827,821390,0.985,0.04,-0.026,0,-0.3,0,-35,5.2,26.4,0.169164098,0.701528977,-0.145054476,0.676839503
1376,3444644,821390,0.988,0.04,-0.026,0,-0.1,0,-35,5.2,26.4,0.169164098,0.701528977,-0.145054476,0.676839503
1377,3446364,821390,0.985,0.04,-0.026,0,0,0,-35,5.2,26.4,0.169164098,0.701528977,-0.145054476,0.676839503
1378,3448537,821400,0.985,0.04,-0.026,0,0.1,0,-35.2,4.2,26.2,0.169164098,0.701528977,-0.145054476,0.676839503
1379,3450688,821400,0.981,0.04,-0.026,0,0.1,0,-35.2,4.2,26.2,0.169164098,0.701528977,-0.145084994,0.676839503
1380,3453755,821400,0.985,0.04,-0.022,0,0,0,-35.2,4.2,26.2,0.169164098,0.701528977,-0.145084994,0.676839503
1381,3455874,821400,0.985,0.04,-0.026,0,0,0,-35.2,4.2,26.2,0.169164098,0.701528977,-0.145084994,0.676839503
1382,3458303,821410,0.981,0.036,-0.03,0,-0.1,0,-35.1,7.7,28.2,0.169164098,0.701528977,-0.145084994,0.676839503
1383,3460709,821410,0.981,0.04,-0.022,0,0,0,-35.1,7.7,28.2,0.169164098,0.701528977,-0.145054476,0.676839503
1384,3463209,821410,0.985,0.04,-0.026,0.1,0,0,-35.1,7.7,28.2,0.169164098,0.701528977,-0.145054476,0.676839503
1385,3467309,821410,0.988,0.048,-0.026,0.1,0,0,-35.1,7.7,28.2,0.169164098,0.701528977,-0.145054476,0.676839503
1386,3469164,821420,0.988,0.04,-0.022,0.1,0,0,-35,4.5,26,0.169164098,0.701528977,-0.145054476,0.676839503
1387,3471454,821420,0.992,0.044,-0.022,0,-0.1,0,-35,4.5,26,0.169164098,0.701528977,-0.145054476,0.676839503
1388,3473651,821420,0.988,0.036,-0.026,0,-0.1,0,-35,4.5,26,0.169164098,0.701528977,-0.145054476,0.676839503
1389,3475902,821420,0.985,0.04,-0.03,0,-0.1,0,-35,4.5,26,0.169164098,0.701528977,-0.145054476,0.676839503
1390,3478223,821430,0.988,0.036,-0.026,0,-0.1,0,-34.8,4.4,25.2,0.169164098,0.701528977,-0.145054476,0.676839503
1391,3480718,821430,0.988,0.04,-0.022,0,0,0,-34.8,4.4,25.2,0.169164098,0.701528977,-0.145054476,0.676839503
1392,3484228,821430,0.985,0.04,-0.026,0.1,0.1,0,-34.8,4.4,25.2,0.169164098,0.701528977,-0.145054476,0.676839503
1393,3485727,821430,0.981,0.04,-0.022,0.1,0.2,0,-34.8,4.4,25.2,0.169164098,0.701528977,-0.145054476,0.676839503
1394,3488628,821440,0.981,0.036,-0.026,0,0.1,0,-35,4.6,25.5,0.169164098,0.701528977,-0.145054476,0.676870022
1395,3490913,821440,0.985,0.04,-0.022,0,0.1,0,-35,4.6,25.5,0.169164098,0.701528977,-0.145054476,0.676870022
1396,3493960,821440,0.985,0.036,-0.022,0,0,0,-35,4.6,25.5,0.169164098,0.701528977,-0.145084994,0.676870022
1397,3495661,821440,0.985,0.04,-0.026,0,-0.1,0,-35,4.6,25.5,0.169164098,0.701528977,-0.145084994,0.676870022
1398,3499227,821450,0.988,0.04,-0.026,0,-0.2,0,-35,5.5,25.6,0.169164098,0.701528977,-0.145084994,0.676870022
1399,3500871,821450,0.985,0.036,-0.022,0,-0.1,0,-35,5.5,25.6,0.169164098,0.701528977,-0.145084994,0.676870022
1400,3503267,821450,0.988,0.044,-0.03,0,0,0,-35,5.5,25.6,0.169164098,0.701528977,-0.145084994,0.676870022
1401,3505542,821450,0.988,0.036,-0.03,0,0.1,0,-35,5.5,25.6,0.169164098,0.701528977,-0.145084994,0.676870022
1402,3509085,821460,0.985,0.04,-0.022,0,0.2,0,-35.3,6.7,27,0.169164098,0.701528977,-0.145084994,0.676870022
1403,3510619,821460,0.988,0.04,-0.026,0,0.2,0,-35.3,6.7,27,0.169164098,0.701528977,-0.145084994,0.676870022
1404,3513066,821460,0.988,0.044,-0.022,0,0.1,0,-35.3,6.7,27,0.169164098,0.701528977,-0.145084994,0.676870022
1405,3516575,821460,0.988,0.04,-0.022,0,0,0,-35.3,6.7,27,0.169164098,0.701528977,-0.145084994,0.676870022
1406,3518081,821470,0.985,0.04,-0.018,0,0,0,-35,6,27.1,0.169164098,0.701528977,-0.145084994,0.676870022
1407,3521230,821470,0.981,0.036,-0.03,0,0,0,-35,6,27.1,0.169164098,0.701528977,-0.145084994,0.676870022
1408,3523437,821470,0.985,0.032,-0.026,0,0.1,0,-35,6,27.1,0.169164098,0.701498459,-0.145084994,0.676870022
1409,3526707,821470,0.985,0.044,-0.026,0,0.2,0,-35,6,27.1,0.169164098,0.701498459,-0.145084994,0.676870022
1410,3528858,821480,0.985,0.04,-0.022,0,0.2,0,-35,6.7,27.2,0.169164098,0.701498459,-0.145084994,0.676870022
1411,3530660,821480,0.988,0.04,-0.026,0,0.1,0,-35,6.7,27.2,0.169164098,0.701498459,-0.145084994,0.67690054
1412,3533274,821480,0.981,0.04,-0.022,0,0,0,-35,6.7,27.2,0.169164098,0.701498459,-0.145084994,0.67690054
1413,3535625,821480,0.988,0.036,-0.026,0,0,0.1,-35,6.7,27.2,0.169164098,0.701498459,-0.145084994,0.67690054
1414,3539025,821490,0.985,0.04,-0.022,0.1,-0.1,0.1,-35,6.5,27.1,0.169164098,0.701498459,-0.145084994,0.67690054
1415,3541170,821490,0.985,0.04,-0.022,0.1,-0.1,0,-35,6.5,27.1,0.169164098,0.701498459,-0.145084994,0.67690054
1416,3543409,821490,0.985,0.036,-0.026,0.1,-0.1,-0.1,-35,6.5,27.1,0.169164098,0.701498459,-0.145084994,0.67690054
1417,3545739,821490,0.988,0.04,-0.018,0.1,0,-0.1,-35,6.5,27.1,0.169164098,0.701498459,-0.145084994,0.67690054
1418,3549102,821500,0.988,0.04,-0.026,0.1,0.1,0,-35.3,6.8,26.8,0.169164098,0.701498459,-0.145084994,0.67690054
1419,3550717,821500,0.988,0.04,-0.03,0,0.2,0.1,-35.3,6.8,26.8,0.169164098,0.701498459,-0.145084994,0.67690054
1420,3553060,821500,0.985,0.04,-0.026,0,0.3,0.2,-35.3,6.8,26.8,0.169164098,0.701498459,-0.145084994,0.67690054
1421,3556658,821500,0.985,0.04,-0.026,0,0.3,0,-35.3,6.8,26.8,0.169164098,0.70146794,-0.145084994,0.67690054
1422,3558291,821510,0.985,0.044,-0.026,0,0.3,0,-35.2,5.2,27,0.169164098,0.70146794,-0.145084994,0.676931059
1423,3560910,821510,0.985,0.044,-0.022,0,0.2,-0.1,-35.2,5.2,27,0.169164098,0.70146794,-0.145084994,0.676931059
1424,3563051,821510,0.985,0.04,-0.03,0,0,-0.2,-35.2,5.2,27,0.169164098,0.70146794,-0.145054476,0.676931059
1425,3567292,821510,0.988,0.04,-0.026,0,0,0,-35.2,5.2,27,0.169164098,0.70146794,-0.145054476,0.676931059
1426,3569087,821520,0.988,0.044,-0.026,0,0,0,-35.2,6.4,26.8,0.169164098,0.70146794,-0.145054476,0.676931059
1427,3570639,821520,0.981,0.044,-0.03,0,-0.1,0,-35.2,6.4,26.8,0.169164098,0.70146794,-0.145084994,0.676931059
1428,3573712,821520,0.988,0.044,-0.026,0,-0.3,0,-35.2,6.4,26.8,0.169164098,0.70146794,-0.145084994,0.67690054
1429,3575990,821520,0.985,0.036,-0.026,0,-0.4,0,-35.2,6.4,26.8,0.169164098,0.701498459,-0.145084994,0.67690054
1430,3578292,821530,0.985,0.036,-0.022,0,-0.3,0,-36,7,26.7,0.169164098,0.701498459,-0.145084994,0.67690054
1431,3580749,821530,0.988,0.04,-0.03,0,-0.1,0,-36,7,26.7,0.169164098,0.701498459,-0.145084994,0.67690054
1432,3584201,821530,0.985,0.04,-0.022,0,0,0,-36,7,26.7,0.169164098,0.701498459,-0.145084994,0.67690054
1433,3585702,821530,0.985,0.04,-0.026,0,0,0,-36,7,26.7,0.169164098,0.701498459,-0.145084994,0.67690054
1434,3588481,821540,0.985,0.04,-0.022,-0.1,-0.1,0,-36.5,6.9,27,0.169164098,0.701498459,-0.145084994,0.67690054
1435,3591549,821540,0.985,0.036,-0.026,0,-0.1,0,-36.5,6.9,27,0.169164098,0.701498459,-0.145084994,0.67690054
1436,3593113,821540,0.981,0.04,-0.026,0,-0.1,0,-36.5,6.9,27,0.169164098,0.701498459,-0.145084994,0.67690054
1437,3595572,821540,0.981,0.044,-0.022,0,0,0.1,-36.5,6.9,27,0.169164098,0.701498459,-0.145084994,0.67690054
1438,3599028,821550,0.988,0.04,-0.03,0,0.2,0,-37.1,6.9,26.7,0.169164098,0.701498459,-0.145084994,0.67690054
1439,3600741,821550,0.988,0.04,-0.026,0,0.2,0,-37.1,6.9,26.7,0.169164098,0.70146794,-0.145084994,0.67690054
1440,3603335,821550,0.985,0.036,-0.022,0.1,0.1,0,-37.1,6.9,26.7,0.169164098,0.70146794,-0.145084994,0.67690054
1441,3606552,821550,0.985,0.044,-0.022,0.1,0,0,-37.1,6.9,26.7,0.169164098,0.70146794,-0.145084994,0.67690054
1442,3608108,821560,0.985,0.036,-0.026,0,0,0,-34.3,4.6,27.1,0.169164098,0.70146794,-0.145084994,0.67690054
1443,3610725,821560,0.981,0.04,-0.022,-0.1,0,0,-34.3,4.6,27.1,0.169164098,0.70146794,-0.145084994,0.67690054
1444,3613922,821560,0.985,0.044,-0.022,-0.1,0,0.1,-34.3,4.6,27.1,0.169164098,0.70146794,-0.145084994,0.67690054
1445,3616097,821560,0.988,0.036,-0.03,0,0,0.1,-34.3,4.6,27.1,0.169164098,0.70146794,-0.145084994,0.67690054
1446,3618354,821570,0.985,0.04,-0.026,0,0,0,-36.9,7.3,27.2,0.169164098,0.70146794,-0.145084994,0.676931059
1447,3621291,821570,0.985,0.044,-0.026,0,0,0,-36.9,7.3,27.2,0.169164098,0.70146794,-0.145084994,0.676931059
1448,3623066,821570,0.985,0.036,-0.026,0.1,0.1,-0.1,-36.9,7.3,27.2,0.169164098,0.70146794,-0.145084994,0.676931059
1449,3626576,821570,0.981,0.044,-0.026,0.1,0.1,-0.2,-36.9,7.3,27.2,0.169164098,0.70146794,-0.145084994,0.676931059
1450,3628196,821580,0.985,0.044,-0.022,0.1,0.1,-0.1,-37,7.3,27,0.169164098,0.70146794,-0.145084994,0.676931059
1451,3630896,821580,0.985,0.036,-0.026,0.1,0.1,0,-37,7.3,27,0.169164098,0.70146794,-0.145084994,0.676931059
1452,3634856,821580,0.988,0.04,-0.026,0,0,0,-37,7.3,27,0.169164098,0.70146794,-0.145084994,0.676931059
1453,3637035,821580,0.985,0.04,-0.03,0,0,0,-37,7.3,27,0.169164098,0.70146794,-0.145084994,0.676931059
1454,3638666,821590,0.985,0.044,-0.022,0,-0.1,0,-36.8,7.1,26.9,0.169164098,0.70146794,-0.145084994,0.67690054
1455,3640890,821590,0.985,0.044,-0.022,0,0,0,-36.8,7.1,26.9,0.169164098,0.70146794,-0.145084994,0.67690054
1456,3643146,821590,0.988,0.036,-0.026,0,0,0,-36.8,7.1,26.9,0.169164098,0.70146794,-0.145084994,0.67690054
1457,3646658,821590,0.988,0.036,-0.03,0.1,0.1,0,-36.8,7.1,26.9,0.169164098,0.70146794,-0.145054476,0.676931059
1458,3648227,821600,0.985,0.04,-0.022,0.1,0.1,-0.1,-36.3,7.4,26.7,0.169164098,0.70146794,-0.145054476,0.676931059
1459,3650772,821600,0.988,0.036,-0.022,0,0,-0.1,-36.3,7.4,26.7,0.169164098,0.70146794,-0.145054476,0.676931059
1460,3653043,821600,0.985,0.036,-0.022,0,0,0,-36.3,7.4,26.7,0.169164098,0.70146794,-0.145054476,0.676931059
1461,3656514,821600,0.985,0.04,-0.026,0,0.1,0,-36.3,7.4,26.7,0.169164098,0.70146794,-0.145054476,0.676931059
1462,3658165,821610,0.985,0.04,-0.022,0,0.3,0,-34.8,6,27.1,0.169164098,0.70146794,-0.145054476,0.676931059
1463,3661794,821610,0.985,0.04,-0.022,0,0.3,0,-34.8,6,27.1,0.169164098,0.70146794,-0.145054476,0.676931059
1464,3663215,821610,0.981,0.04,-0.026,-0.1,0.2,0,-34.8,6,27.1,0.169164098,0.70146794,-0.145054476,0.676931059
1465,3665753,821610,0.985,0.04,-0.026,0,0,0.1,-34.8,6,27.1,0.169164098,0.70146794,-0.145054476,0.676931059
1466,3669210,821620,0.988,0.04,-0.018,0,0,0,-35.2,6.2,26.6,0.169164098,0.70146794,-0.145084994,0.676931059
1467,3671594,821620,0.988,0.04,-0.022,0,-0.1,0,-35.2,6.2,26.6,0.169164098,0.70146794,-0.145084994,0.676931059
1468,3673730,821620,0.985,0.04,-0.022,0,-0.1,0,-35.2,6.2,26.6,0.169164098,0.70146794,-0.145084994,0.676931059
1469,3675948,821620,0.988,0.044,-0.022,0,-0.1,-0.2,-35.2,6.2,26.6,0.169164098,0.70146794,-0.145084994,0.676931059
1470,3678229,821630,0.985,0.04,-0.026,0,0,-0.2,-35,5.7,27,0.169164098,0.70146794,-0.145054476,0.676931059
1471,3680798,821630,0.988,0.04,-0.03,0,0.2,-0.1,-35,5.7,27,0.169164098,0.70146794,-0.145054476,0.676931059
1472,3683053,821630,0.985,0.04,-0.026,0,0.2,0,-35,5.7,27,0.169164098,0.70146794,-0.145054476,0.676931059
1473,3686526,821630,0.985,0.036,-0.026,0,0.1,0,-35,5.7,27,0.169164098,0.701437422,-0.145054476,0.676931059
1474,3688220,821640,0.985,0.04,-0.03,0,0,0.1,-34.6,5.7,26.7,0.169164098,0.70146794,-0.145084994,0.676931059
1475,3691681,821640,0.988,0.04,-0.03,0,0,0.2,-34.6,5.7,26.7,0.169164098,0.70146794,-0.145084994,0.676931059
1476,3693173,821640,0.985,0.036,-0.03,0,0,0.2,-34.6,5.7,26.7,0.169164098,0.70146794,-0.145084994,0.676931059
1477,3696065,821640,0.985,0.04,-0.03,0,0,0.2,-34.6,5.7,26.7,0.169164098,0.70146794,-0.145084994,0.676931059
1478,3699161,821650,0.985,0.04,-0.03,0.1,0,0.1,-34.5,6.4,26.7,0.16913358,0.70146794,-0.145084994,0.676931059
1479,3700675,821650,0.985,0.036,-0.03,0,0.1,0,-34.5,6.4,26.7,0.16913358,0.70146794,-0.145084994,0.676931059
1480,3703520,821650,0.981,0.04,-0.022,0,0,0,-34.5,6.4,26.7,0.16913358,0.70146794,-0.145084994,0.676931059
1481,3705941,821650,0.985,0.036,-0.026,0,0.1,0,-34.5,6.4,26.7,0.16913358,0.70146794,-0.145084994,0.676931059
1482,3708196,821660,0.985,0.04,-0.026,0,0.1,0,-35.7,5.8,26.9,0.16913358,0.70146794,-0.145084994,0.676931059
1483,3710895,821660,0.985,0.04,-0.026,0,0.1,0,-35.7,5.8,26.9,0.16913358,0.70146794,-0.145084994,0.676931059
1484,3714090,821660,0.985,0.04,-0.022,-0.1,0.1,0,-35.7,5.8,26.9,0.169164098,0.70146794,-0.145084994,0.676931059
1485,3715638,821660,0.985,0.04,-0.026,0,0,0,-35.7,5.8,26.9,0.169164098,0.701437422,-0.145084994,0.676931059
1486,3718241,821670,0.985,0.04,-0.026,0,0.1,0,-34.6,6,26.9,0.169164098,0.701437422,-0.145084994,0.676931059
1487,3721652,821670,0.985,0.036,-0.022,0,0.1,0,-34.6,6,26.9,0.169164098,0.701437422,-0.145084994,0.676931059
1488,3723195,821670,0.985,0.04,-0.022,0.1,0.1,0,-34.6,6,26.9,0.16913358,0.701437422,-0.145084994,0.676961577
1489,3725676,821670,0.985,0.04,-0.026,0.1,0.1,0,-34.6,6,26.9,0.16913358,0.701437422,-0.145084994,0.676961577
1490,3728028,821680,0.985,0.04,-0.026,0.1,0.1,0,-34.7,5.7,26.8,0.16913358,0.701437422,-0.145084994,0.676961577
1491,3731478,821680,0.985,0.044,-0.026,0,0.1,-0.1,-34.7,5.7,26.8,0.16913358,0.701437422,-0.145084994,0.676961577
1492,3733136,821680,0.988,0.04,-0.026,0,0,0,-34.7,5.7,26.8,0.16913358,0.701437422,-0.145084994,0.676961577
1493,3736706,821680,0.988,0.044,-0.026,0,0,0,-34.7,5.7,26.8,0.16913358,0.701437422,-0.145084994,0.676961577
1494,3738133,821690,0.985,0.04,-0.026,0,0,0,-34.7,6.1,26.9,0.169164098,0.701437422,-0.145054476,0.676931059
1495,3740686,821690,0.985,0.04,-0.026,0,0,0,-34.7,6.1,26.9,0.169164098,0.701437422,-0.145054476,0.676931059
1496,3743055,821690,0.985,0.04,-0.026,0.1,-0.1,0,-34.7,6.1,26.9,0.169164098,0.70146794,-0.145054476,0.676931059
1497,3746465,821690,0.985,0.04,-0.026,0.1,-0.1,0,-34.7,6.1,26.9,0.169164098,0.70146794,-0.145054476,0.676931059
1498,3748034,821700,0.988,0.036,-0.026,0.1,0,0.2,-34.2,6.1,27,0.169164098,0.70146794,-0.145054476,0.676931059
1499,3750615,821700,0.988,0.036,-0.026,0,0,0.2,-34.2,6.1,27,0.169164098,0.70146794,-0.145054476,0.676931059
1500,3754688,821700,0.992,0.036,-0.022,0,0,0,-34.2,6.1,27,0.169164098,0.70146794,-0.145054476,0.676931059
1501,3756831,821700,0.988,0.044,-0.03,0,0,0,-34.2,6.1,27,0.169164098,0.70146794,-0.145054476,0.676931059
1502,3759006,821710,0.985,0.04,-0.03,0,0,-0.1,-36.5,6,26.8,0.169164098,0.70146794,-0.145054476,0.676931059
1503,3761342,821710,0.985,0.044,-0.03,0,0,0,-36.5,6,26.8,0.169164098,0.70146794,-0.145054476,0.676931059
1504,3763514,821710,0.985,0.04,-0.026,0,-0.1,0,-36.5,6,26.8,0.169164098,0.70146794,-0.145054476,0.676931059
1505,3765632,821710,0.985,0.04,-0.018,0,-0.1,0,-36.5,6,26.8,0.169164098,0.70146794,-0.145054476,0.676931059
1506,3769960,821720,0.985,0.04,-0.03,0,-0.2,0,-33.9,6.5,27,0.169164098,0.70146794,-0.145054476,0.676931059
1507,3772172,821720,0.985,0.04,-0.022,0.1,-0.2,0,-33.9,6.5,27,0.169164098,0.70146794,-0.145054476,0.676931059
1508,3774448,821720,0.988,0.04,-0.034,0,-0.1,0,-33.9,6.5,27,0.169164098,0.70146794,-0.145054476,0.676931059
1509,3776419,821720,0.985,0.04,-0.038,0,-0.1,0,-33.9,6.5,27,0.169164098,0.70146794,-0.145054476,0.676931059
1510,3778729,821730,0.988,0.04,-0.026,0.1,-0.1,0,-33.9,6.1,27,0.169164098,0.70146794,-0.145054476,0.676931059
1511,3781128,821730,0.988,0.04,-0.03,0.1,-0.1,0,-33.9,6.1,27,0.169164098,0.70146794,-0.145054476,0.676931059
1512,3783329,821730,0.985,0.044,-0.022,0,-0.1,0,-33.9,6.1,27,0.169164098,0.70146794,-0.145054476,0.676931059
1513,3785527,821730,0.988,0.036,-0.026,0,0,0.1,-33.9,6.1,27,0.16913358,0.70146794,-0.145054476,0.676931059
1514,3788116,821740,0.981,0.04,-0.026,0,0,0.1,-34,6.2,27.1,0.16913358,0.701498459,-0.145054476,0.67690054
1515,3792354,821740,0.981,0.04,-0.026,0,0,0,-34,6.2,27.1,0.16913358,0.701498459,-0.145054476,0.67690054
1516,3794602,821740,0.985,0.04,-0.034,0,-0.1,0,-34,6.2,27.1,0.16913358,0.701498459,-0.145054476,0.67690054
1517,3796185,821740,0.985,0.04,-0.018,0,0,0,-34,6.2,27.1,0.169164098,0.701498459,-0.145054476,0.67690054
1518,3799210,821750,0.981,0.04,-0.022,0,0,0,-33.7,6.1,27,0.169164098,0.701498459,-0.145054476,0.67690054
1519,3801548,821750,0.988,0.036,-0.022,0,0,0,-33.7,6.1,27,0.169164098,0.701498459,-0.145054476,0.67690054
1520,3803086,821750,0.985,0.036,-0.026,0.1,0,0,-33.7,6.1,27,0.16913358,0.701498459,-0.145054476,0.67690054
1521,3805993,821750,0.981,0.04,-0.03,0.1,-0.1,0,-33.7,6.1,27,0.16913358,0.701498459,-0.145054476,0.67690054
1522,3809053,821760,0.985,0.044,-0.03,0.1,-0.3,-0.1,-35.1,6.2,26.8,0.16913358,0.701498459,-0.145054476,0.67690054
1523,3810567,821760,0.988,0.036,-0.026,0.1,-0.2,-0.1,-35.1,6.2,26.8,0.16913358,0.701498459,-0.145054476,0.67690054
1524,3813474,821760,0.985,0.036,-0.022,0.1,-0.1,-0.1,-35.1,6.2,26.8,0.16913358,0.701498459,-0.145054476,0.67690054
1525,3816749,821760,0.985,0.04,-0.022,0.1,0,0,-35.1,6.2,26.8,0.16913358,0.701498459,-0.145054476,0.67690054
1526,3818813,821770,0.988,0.044,-0.026,0.1,0,0,-35.2,5.9,27,0.16913358,0.701498459,-0.145054476,0.67690054
1527,3820520,821770,0.985,0.036,-0.022,0,-0.1,0,-35.2,5.9,27,0.16913358,0.701498459,-0.145054476,0.67690054
1528,3823997,821770,0.985,0.044,-0.026,0,-0.2,0,-35.2,5.9,27,0.16913358,0.701528977,-0.145054476,0.67690054
1529,3825688,821770,0.988,0.044,-0.03,0,-0.1,0,-35.2,5.9,27,0.16913358,0.701528977,-0.145054476,0.67690054
1530,3829219,821780,0.988,0.036,-0.026,-0.1,-0.1,0.1,-35.3,5.8,26.8,0.16913358,0.701528977,-0.145054476,0.676870022
1531,3831064,821780,0.988,0.04,-0.026,-0.1,-0.1,0,-35.3,5.8,26.8,0.16913358,0.701528977,-0.145054476,0.676870022
1532,3833931,821780,0.985,0.04,-0.018,0,0,0,-35.3,5.8,26.8,0.16913358,0.701528977,-0.145054476,0.676870022
1533,3836153,821780,0.985,0.04,-0.022,0,0,0,-35.3,5.8,26.8,0.16913358,0.701528977,-0.145054476,0.676870022
1534,3838458,821790,0.992,0.04,-0.022,0,0.1,0,-35.2,6,26.6,0.16913358,0.701498459,-0.145054476,0.67690054
1535,3840684,821790,0.988,0.04,-0.026,0,0.1,0,-35.2,6,26.6,0.16913358,0.701498459,-0.145054476,0.67690054
1536,3843025,821790,0.985,0.04,-0.026,0,0.1,-0.1,-35.2,6,26.6,0.16913358,0.701498459,-0.145054476,0.67690054
1537,3845613,821790,0.985,0.04,-0.026,0,0.1,-0.1,-35.2,6,26.6,0.16913358,0.701498459,-0.145054476,0.67690054
1538,3848925,821800,0.988,0.032,-0.026,0,0,-0.1,-35.4,5.7,27.2,0.169164098,0.701498459,-0.145054476,0.67690054
1539,3851214,821800,0.992,0.04,-0.022,0,0,0,-35.4,5.7,27.2,0.16913358,0.701498459,-0.145054476,0.67690054
1540,3854165,821800,0.985,0.04,-0.022,0,0,0.1,-35.4,5.7,27.2,0.16913358,0.701498459,-0.145054476,0.67690054
1541,3855775,821800,0.981,0.04,-0.026,0,0,0.1,-35.4,5.7,27.2,0.16913358,0.701498459,-0.145054476,0.676931059
1542,3858070,821810,0.988,0.036,-0.022,0,0.1,0,-35.3,6,26.1,0.16913358,0.70146794,-0.145054476,0.676931059
1543,3861629,821810,0.988,0.04,-0.026,0,0.2,0,-35.3,6,26.1,0.16913358,0.70146794,-0.145054476,0.676931059
1544,3863343,821810,0.985,0.04,-0.03,0,0.1,-0.1,-35.3,6,26.1,0.169164098,0.70146794,-0.145054476,0.676931059
1545,3865876,821810,0.985,0.04,-0.03,0,0.1,-0.1,-35.3,6,26.1,0.169164098,0.70146794,-0.145054476,0.676931059
1546,3868830,821820,0.988,0.044,-0.026,0,0.1,0,-34.8,5.7,27.6,0.169164098,0.70146794,-0.145054476,0.676931059
1547,3871030,821820,0.985,0.036,-0.026,0,0,0,-34.8,5.7,27.6,0.169164098,0.70146794,-0.145054476,0.676931059
1548,3873238,821820,0.988,0.036,-0.022,0,0,0,-34.8,5.7,27.6,0.169164098,0.70146794,-0.145054476,0.676931059
1549,3875551,821820,0.988,0.044,-0.026,0,0,0,-34.8,5.7,27.6,0.169164098,0.70146794,-0.145054476,0.676931059
1550,3878281,821830,0.985,0.04,-0.026,0,0.1,0,-35,6.6,27.9,0.169164098,0.70146794,-0.145054476,0.676931059
1551,3881584,821830,0.981,0.04,-0.022,-0.1,0.1,0,-35,6.6,27.9,0.169164098,0.70146794,-0.145054476,0.676931059
1552,3883076,821830,0.985,0.044,-0.026,-0.1,0.1,0,-35,6.6,27.9,0.169164098,0.70146794,-0.145054476,0.676931059
1553,3885839,821830,0.985,0.04,-0.026,0,0.1,0,-35,6.6,27.9,0.169164098,0.70146794,-0.145054476,0.676931059
1554,3888041,821840,0.985,0.04,-0.022,0,0,0,-34.7,6.1,28.6,0.169164098,0.70146794,-0.145054476,0.676931059
1555,3891622,821840,0.985,0.044,-0.022,0,0,0,-34.7,6.1,28.6,0.169164098,0.70146794,-0.145054476,0.676931059
1556,3893099,821840,0.988,0.044,-0.026,0,0,0,-34.7,6.1,28.6,0.169164098,0.70146794,-0.145054476,0.676931059
1557,3896199,821840,0.981,0.036,-0.026,0,0.1,0,-34.7,6.1,28.6,0.169164098,0.70146794,-0.145054476,0.676931059
1558,3898072,821850,0.988,0.04,-0.03,0,0.2,0,-34.9,6.1,28.7,0.169164098,0.701437422,-0.145054476,0.676931059
1559,3900542,821850,0.985,0.04,-0.03,-0.1,0.1,0,-34.9,6.1,28.7,0.169164098,0.701437422,-0.145054476,0.676931059
1560,3903837,821850,0.985,0.04,-0.026,-0.1,0.1,0,-34.9,6.1,28.7,0.169164098,0.701437422,-0.145054476,0.676961577
1561,3905516,821850,0.985,0.036,-0.022,0,0,-0.1,-34.9,6.1,28.7,0.169164098,0.701437422,-0.145054476,0.676961577
1562,3909123,821860,0.985,0.036,-0.026,0,0,-0.1,-35.2,6,25.5,0.169164098,0.701437422,-0.145054476,0.676931059
1563,3910915,821860,0.988,0.04,-0.026,0,0,-0.1,-35.2,6,25.5,0.169164098,0.701437422,-0.145054476,0.676961577
1564,3913049,821860,0.988,0.04,-0.026,0,0,0,-35.2,6,25.5,0.169164098,0.701437422,-0.145054476,0.676961577
1565,3916511,821860,0.985,0.044,-0.022,0,0,0,-35.2,6,25.5,0.169164098,0.701437422,-0.145054476,0.676961577
1566,3918339,821870,0.981,0.04,-0.026,0,0,0,-35.1,5.7,27,0.169164098,0.701437422,-0.145054476,0.676961577
1567,3920821,821870,0.992,0.036,-0.022,0,0,0.1,-35.1,5.7,27,0.169164098,0.701437422,-0.145054476,0.676961577
1568,3924100,821870,0.985,0.036,-0.026,0,0,0,-35.1,5.7,27,0.169164098,0.701437422,-0.145054476,0.676961577
1569,3926345,821870,0.988,0.04,-0.022,0,0,0,-35.1,5.7,27,0.169164098,0.701437422,-0.145054476,0.676961577
1570,3928531,821880,0.988,0.04,-0.026,0.1,0,-0.1,-35.1,6,26.1,0.169164098,0.701437422,-0.145054476,0.676961577
1571,3930776,821880,0.988,0.036,-0.03,0.1,0.1,0,-35.1,6,26.1,0.169164098,0.701437422,-0.145054476,0.676961577
1572,3933210,821880,0.985,0.036,-0.026,0,0.1,0,-35.1,6,26.1,0.169164098,0.701437422,-0.145054476,0.676961577
1573,3936814,821880,0.988,0.044,-0.026,0,0,0,-35.1,6,26.1,0.169164098,0.701437422,-0.145054476,0.676961577
1574,3938211,821890,0.985,0.032,-0.026,-0.1,-0.1,0,-35.3,5.7,25.7,0.169164098,0.70146794,-0.145054476,0.676931059
1575,3941007,821890,0.985,0.032,-0.026,-0.2,-0.1,0,-35.3,5.7,25.7,0.169164098,0.70146794,-0.145054476,0.676931059
1576,3944085,821890,0.985,0.044,-0.026,-0.2,-0.1,0,-35.3,5.7,25.7,0.169164098,0.70146794,-0.145084994,0.676931059
1577,3945560,821890,0.985,0.04,-0.022,-0.1,-0.1,0,-35.3,5.7,25.7,0.169164098,0.70146794,-0.145084994,0.676931059
1578,3948471,821900,0.985,0.036,-0.03,0,-0.1,0,-35.2,6.1,25.1,0.169164098,0.70146794,-0.145084994,0.676931059
1579,3950776,821900,0.985,0.036,-0.026,0,-0.2,0.1,-35.2,6.1,25.1,0.169164098,0.70146794,-0.145084994,0.676931059
1580,3953110,821900,0.985,0.04,-0.03,0,-0.3,0,-35.2,6.1,25.1,0.169164098,0.70146794,-0.145084994,0.676931059
1581,3956639,821900,0.988,0.044,-0.026,0,-0.1,0,-35.2,6.1,25.1,0.169164098,0.70146794,-0.145084994,0.676931059
1582,3958161,821910,0.988,0.04,-0.03,0.1,0,0,-35.3,6.1,27,0.169164098,0.70146794,-0.145084994,0.676931059
1583,3960958,821910,0.988,0.04,-0.022,0,0.1,-0.1,-35.3,6.1,27,0.169164098,0.70146794,-0.145084994,0.676931059
1584,3964105,821910,0.988,0.04,-0.022,0,0.2,-0.1,-35.3,6.1,27,0.169164098,0.70146794,-0.145084994,0.676931059
1585,3965673,821910,0.988,0.044,-0.026,0,0.2,-0.2,-35.3,6.1,27,0.169164098,0.70146794,-0.145084994,0.676931059
1586,3968275,821920,0.985,0.04,-0.022,0,0.2,-0.1,-35.5,5.8,26.6,0.169164098,0.70146794,-0.145084994,0.676931059
1587,3971342,821920,0.981,0.04,-0.026,0,0,0,-35.5,5.8,26.6,0.169164098,0.70146794,-0.145084994,0.676931059
1588,3973002,821920,0.985,0.044,-0.022,0,0,0,-35.5,5.8,26.6,0.169164098,0.70146794,-0.145054476,0.676931059
1589,3975621,821920,0.981,0.044,-0.034,0,0,0,-35.5,5.8,26.6,0.169164098,0.70146794,-0.145054476,0.676931059
1590,3978547,821930,0.985,0.04,-0.022,0,0,0,-35.2,6,26.5,0.169164098,0.70146794,-0.145054476,0.676931059
1591,3980898,821930,0.985,0.036,-0.022,0,0,0,-35.2,6,26.5,0.169164098,0.70146794,-0.145054476,0.676931059
1592,3983031,821930,0.981,0.04,-0.022,0.1,0,0,-35.2,6,26.5,0.169164098,0.70146794,-0.145054476,0.676931059
1593,3985513,821930,0.981,0.036,-0.022,0,0,0,-35.2,6,26.5,0.169164098,0.70146794,-0.145054476,0.676931059
1594,3989068,821940,0.985,0.036,-0.026,0,0,0,-35.3,5.9,26.5,0.169164098,0.701437422,-0.145084994,0.676961577
1595,3990738,821940,0.985,0.036,-0.022,0,0,0,-35.3,5.9,26.5,0.169164098,0.701437422,-0.145084994,0.676961577
1596,3993930,821940,0.988,0.04,-0.022,0,-0.1,-0.1,-35.3,5.9,26.5,0.169164098,0.701437422,-0.145084994,0.676961577
1597,3996721,821940,0.985,0.04,-0.022,0,-0.1,0,-35.3,5.9,26.5,0.169164098,0.701437422,-0.145084994,0.676961577
1598,3998344,821950,0.985,0.044,-0.026,0,-0.1,0,-35.2,5.4,26.5,0.169164098,0.701437422,-0.145084994,0.676961577
1599,4001261,821950,0.985,0.04,-0.03,0,-0.1,0,-35.2,5.4,26.5,0.169164098,0.701437422,-0.145084994,0.676961577
1600,4003112,821950,0.985,0.04,-0.026,0,-0.1,-0.1,-35.2,5.4,26.5,0.169164098,0.701437422,-0.145084994,0.676931059
1601,4006645,821950,0.988,0.044,-0.022,0,0,-0.1,-35.2,5.4,26.5,0.169164098,0.701437422,-0.145084994,0.676931059
1602,4008228,821960,0.985,0.04,-0.022,0,0,-0.1,-35.2,6.6,28,0.169164098,0.701437422,-0.145084994,0.676931059
1603,4011124,821960,0.985,0.036,-0.026,0,0,0,-35.2,6.6,28,0.169164098,0.701437422,-0.145084994,0.676931059
1604,4014221,821960,0.988,0.04,-0.026,0,0,0,-35.2,6.6,28,0.169164098,0.701437422,-0.145084994,0.676931059
1605,4015738,821960,0.981,0.036,-0.022,0,0,0.1,-35.2,6.6,28,0.169164098,0.701437422,-0.145084994,0.676931059
1606,4019029,821970,0.985,0.04,-0.022,0.1,0.1,0,-35.1,4.6,25.2,0.169164098,0.701437422,-0.145084994,0.676931059
1607,4020605,821970,0.981,0.04,-0.03,0.1,0.2,0,-35.1,4.6,25.2,0.169164098,0.701437422,-0.145054476,0.676961577
1608,4023060,821970,0.985,0.04,-0.022,0.1,0.1,0,-35.1,4.6,25.2,0.169164098,0.701437422,-0.145054476,0.676961577
1609,4026604,821970,0.988,0.04,-0.026,0,0,0,-35.1,4.6,25.2,0.169164098,0.701437422,-0.145054476,0.676961577
1610,4028064,821980,0.988,0.04,-0.026,0,0,0,-35.2,4.1,25.8,0.169164098,0.701437422,-0.145054476,0.676961577
1611,4030546,821980,0.985,0.04,-0.026,0,0,0,-35.2,4.1,25.8,0.169164098,0.701437422,-0.145054476,0.676961577
1612,4034930,821980,0.985,0.04,-0.022,0,0,0,-35.2,4.1,25.8,0.169164098,0.701437422,-0.145054476,0.676961577
1613,4037097,821980,0.988,0.04,-0.022,0,0,0,-35.2,4.1,25.8,0.169164098,0.701437422,-0.145054476,0.676961577
1614,4039374,821990,0.988,0.036,-0.026,0,0,-0.2,-35.3,3.6,25.7,0.169164098,0.701437422,-0.145054476,0.676961577
1615,4041069,821990,0.988,0.036,-0.026,0,0,-0.2,-35.3,3.6,25.7,0.169164098,0.701437422,-0.145054476,0.676961577
1616,4043386,821990,0.985,0.04,-0.03,0,-0.1,-0.2,-35.3,3.6,25.7,0.169164098,0.701437422,-0.145054476,0.676961577
1617,4046787,821990,0.985,0.04,-0.026,0.1,-0.1,-0.2,-35.3,3.6,25.7,0.169164098,0.701437422,-0.145054476,0.676961577
1618,4049021,822000,0.985,0.044,-0.022,0.1,0,-0.1,-35.4,3.7,25.5,0.169164098,0.701437422,-0.145054476,0.676961577
1619,4051212,822000,0.981,0.036,-0.022,0.1,0,0,-35.4,3.7,25.5,0.169164098,0.701437422,-0.145023957,0.676961577
1620,4053447,822000,0.981,0.04,-0.03,0.1,-0.1,0,-35.4,3.7,25.5,0.169164098,0.701437422,-0.145023957,0.676961577
1621,4055820,822000,0.985,0.04,-0.022,0.1,-0.2,0.1,-35.4,3.7,25.5,0.169164098,0.701437422,-0.145023957,0.676961577
1622,4058357,822010,0.981,0.036,-0.03,0,-0.2,0,-35.2,7.4,27.2,0.169164098,0.701437422,-0.145054476,0.676961577
1623,4060635,822010,0.985,0.04,-0.03,0,-0.2,0,-35.2,7.4,27.2,0.169164098,0.701437422,-0.145054476,0.676931059
1624,4064835,822010,0.985,0.04,-0.026,0,-0.1,0,-35.2,7.4,27.2,0.169164098,0.70146794,-0.145054476,0.676931059
1625,4066728,822010,0.985,0.036,-0.03,0,0,0,-35.2,7.4,27.2,0.169164098,0.70146794,-0.145054476,0.676931059
1626,4069161,822020,0.988,0.04,-0.022,0,0,0,-35.2,5.7,26.8,0.169164098,0.70146794,-0.145054476,0.676931059
1627,4070977,822020,0.988,0.036,-0.026,0,0,0,-35.2,5.7,26.8,0.169164098,0.70146794,-0.145054476,0.676931059
1628,4073260,822020,0.988,0.04,-0.026,0,0,0,-35.2,5.7,26.8,0.169164098,0.70146794,-0.145054476,0.676931059
1629,4075884,822020,0.985,0.04,-0.03,0,0,0,-35.2,5.7,26.8,0.169164098,0.70146794,-0.145054476,0.676931059
1630,4078144,822030,0.985,0.036,-0.026,0,0.1,-0.1,-35.2,6,26.6,0.169164098,0.701437422,-0.145054476,0.676931059
1631,4080534,822030,0.988,0.044,-0.022,0,0.1,0,-35.2,6,26.6,0.169164098,0.701437422,-0.145054476,0.676931059
1632,4083846,822030,0.977,0.04,-0.03,0,0.1,0,-35.2,6,26.6,0.169164098,0.701437422,-0.145054476,0.676961577
1633,4086249,822030,0.985,0.04,-0.026,0,0.2,0,-35.2,6,26.6,0.169164098,0.701437422,-0.145054476,0.676961577
1634,4089074,822040,0.985,0.036,-0.026,-0.1,0.1,-0.1,-35.5,6.7,26.8,0.169164098,0.701437422,-0.145023957,0.676931059
1635,4091318,822040,0.985,0.036,-0.026,-0.1,0.1,-0.1,-35.5,6.7,26.8,0.169164098,0.701437422,-0.145023957,0.676961577
1636,4093572,822040,0.985,0.04,-0.026,0,0,0,-35.5,6.7,26.8,0.169164098,0.701437422,-0.145023957,0.676961577
1637,4095927,822040,0.988,0.04,-0.03,0,0,0,-35.5,6.7,26.8,0.169164098,0.701437422,-0.145023957,0.676961577
1638,4098269,822050,0.985,0.044,-0.022,0,-0.1,0,-35.2,7.2,26.3,0.169164098,0.701437422,-0.145023957,0.676931059
1639,4102316,822050,0.988,0.04,-0.022,0,-0.1,0,-35.2,7.2,26.3,0.169164098,0.701437422,-0.145023957,0.676931059
1640,4104593,822050,0.985,0.036,-0.022,-0.1,-0.1,0,-35.2,7.2,26.3,0.169164098,0.701437422,-0.145054476,0.676931059
1641,4106817,822050,0.992,0.044,-0.018,0,0,0,-35.2,7.2,26.3,0.169225135,0.701437422,-0.145054476,0.676931059
1642,4109669,822060,0.985,0.036,-0.022,0,0,0,-35.3,5.9,26.9,0.169225135,0.701437422,-0.145054476,0.676931059
1643,4111849,822060,0.988,0.044,-0.026,0.1,0,0,-35.3,5.9,26.9,0.169164098,0.701437422,-0.145054476,0.676931059
1644,4114147,822060,0.985,0.036,-0.026,0.1,0,0,-35.3,5.9,26.9,0.169164098,0.701437422,-0.145023957,0.676931059
1645,4116355,822060,0.985,0.04,-0.026,0,-0.1,0,-35.3,5.9,26.9,0.169164098,0.70146794,-0.145023957,0.676931059
1646,4118556,822070,0.985,0.036,-0.026,0,0,0,-35.4,6.2,26.7,0.169164098,0.70146794,-0.145023957,0.676931059
1647,4120834,822070,0.985,0.04,-0.022,0,0,-0.1,-35.4,6.2,26.7,0.169225135,0.70146794,-0.145023957,0.676931059
1648,4123133,822070,0.985,0.036,-0.026,0,0.1,-0.1,-35.4,6.2,26.7,0.169225135,0.701437422,-0.145023957,0.676931059
1649,4125742,822070,0.985,0.032,-0.022,-0.1,0.1,0,-35.4,6.2,26.7,0.169225135,0.701437422,-0.145023957,0.676931059
1650,4129944,822080,0.988,0.036,-0.03,-0.1,0,0,-35.1,6.2,27.2,0.169225135,0.701437422,-0.145023957,0.676931059
1651,4132126,822080,0.985,0.04,-0.03,0,-0.1,0,-35.1,6.2,27.2,0.169225135,0.701437422,-0.145054476,0.676931059
1652,4134318,822080,0.988,0.04,-0.03,0,-0.2,0,-35.1,6.2,27.2,0.169225135,0.70146794,-0.145054476,0.676931059
1653,4135836,822080,0.988,0.04,-0.026,0,-0.1,0,-35.1,6.2,27.2,0.169225135,0.70146794,-0.145054476,0.676931059
1654,4138163,822090,0.988,0.04,-0.026,0.1,0,0,-35.3,5.7,27,0.169164098,0.701498459,-0.145054476,0.67690054
1655,4140728,822090,0.988,0.044,-0.022,0.1,0,0,-35.3,5.7,27,0.169164098,0.701498459,-0.145054476,0.67690054
1656,4144052,822090,0.985,0.04,-0.022,0,0,0,-35.3,5.7,27,0.169164098,0.701498459,-0.145054476,0.67690054
1657,4145765,822090,0.988,0.04,-0.026,0,0,0,-35.3,5.7,27,0.169164098,0.701498459,-0.145054476,0.67690054
1658,4148827,822100,0.985,0.036,-0.026,-0.1,0,-0.1,-35.8,6,27,0.169164098,0.701498459,-0.145054476,0.67690054
1659,4151180,822100,0.988,0.04,-0.022,-0.1,0,0,-35.8,6,27,0.169164098,0.701498459,-0.145054476,0.67690054
1660,4153400,822100,0.985,0.036,-0.026,0,-0.1,0,-35.8,6,27,0.169164098,0.701498459,-0.145054476,0.67690054
1661,4155685,822100,0.985,0.036,-0.026,0,0,0,-35.8,6,27,0.169164098,0.701498459,-0.145054476,0.67690054
1662,4158162,822110,0.981,0.04,-0.026,0,0.1,0,-34.8,5,27,0.169164098,0.701498459,-0.145054476,0.67690054
1663,4160534,822110,0.981,0.04,-0.03,0,0.1,0,-34.8,5,27,0.169164098,0.701498459,-0.145054476,0.67690054
1664,4164023,822110,0.988,0.04,-0.026,0,0.2,0,-34.8,5,27,0.169164098,0.701498459,-0.145054476,0.67690054
1665,4165624,822110,0.985,0.04,-0.018,0,0.3,0,-34.8,5,27,0.169164098,0.70146794,-0.145054476,0.67690054
1666,4168468,822120,0.985,0.04,-0.022,0,0.3,0.1,-36.5,7.3,26.9,0.169164098,0.70146794,-0.145054476,0.67690054
1667,4170614,822120,0.988,0.036,-0.03,0,0.2,0.1,-36.5,7.3,26.9,0.169164098,0.70146794,-0.145054476,0.676931059
1668,4173683,822120,0.985,0.04,-0.026,0,0.1,0,-36.5,7.3,26.9,0.169164098,0.70146794,-0.145054476,0.676931059
1669,4176623,822120,0.988,0.04,-0.022,0,0.1,0,-36.5,7.3,26.9,0.169164098,0.70146794,-0.145054476,0.676931059
1670,4178122,822130,0.985,0.04,-0.026,0,0,0,-36.8,7.3,26.8,0.169164098,0.70146794,-0.145054476,0.676931059
1671,4180878,822130,0.988,0.04,-0.018,0,0,-0.1,-36.8,7.3,26.8,0.169164098,0.70146794,-0.145054476,0.676931059
1672,4184039,822130,0.985,0.04,-0.03,0.1,0,-0.1,-36.8,7.3,26.8,0.169164098,0.70146794,-0.145054476,0.676931059
1673,4185729,822130,0.985,0.04,-0.03,0.1,0,-0.1,-36.8,7.3,26.8,0.169164098,0.70146794,-0.145054476,0.676931059
1674,4189134,822140,0.985,0.04,-0.022,0.1,0,-0.1,-37.7,7.2,27,0.169164098,0.70146794,-0.145023957,0.676931059
1675,4190668,822140,0.988,0.04,-0.018,0.1,0,-0.1,-37.7,7.2,27,0.169164098,0.70146794,-0.145023957,0.676931059
1676,4193581,822140,0.985,0.04,-0.018,0.1,0,-0.1,-37.7,7.2,27,0.169164098,0.70146794,-0.145023957,0.676931059
1677,4196638,822140,0.988,0.04,-0.026,0,-0.1,-0.1,-37.7,7.2,27,0.169164098,0.70146794,-0.145023957,0.67690054
1678,4198152,822150,0.985,0.044,-0.026,0,-0.3,0,-37.3,7.4,27,0.169164098,0.701498459,-0.145023957,0.67690054
1679,4201574,822150,0.981,0.04,-0.026,0,-0.2,0,-37.3,7.4,27,0.169164098,0.701498459,-0.145023957,0.67690054
1680,4203118,822150,0.985,0.036,-0.026,0,0,0,-37.3,7.4,27,0.169164098,0.701498459,-0.145023957,0.67690054
1681,4205611,822150,0.988,0.04,-0.03,0,0.1,0,-37.3,7.4,27,0.169164098,0.701498459,-0.145023957,0.67690054
1682,4209114,822160,0.988,0.036,-0.022,0,0.1,0,-34.1,5.4,27,0.169164098,0.701498459,-0.145023957,0.67690054
1683,4210638,822160,0.992,0.04,-0.026,0,0.1,0,-34.1,5.4,27,0.169164098,0.70146794,-0.145023957,0.67690054
1684,4213159,822160,0.985,0.036,-0.022,0,0.1,0,-34.1,5.4,27,0.169164098,0.70146794,-0.145023957,0.67690054
1685,4217416,822160,0.985,0.04,-0.022,0,0.1,0,-34.1,5.4,27,0.169164098,0.70146794,-0.145023957,0.676931059
1686,4219647,822170,0.985,0.04,-0.026,0,0.1,0,-36.3,6.5,26.8,0.169164098,0.70146794,-0.145023957,0.676931059
1687,4221845,822170,0.985,0.04,-0.026,0,0.1,0,-36.3,6.5,26.8,0.169164098,0.70146794,-0.145023957,0.676931059
1688,4223344,822170,0.981,0.044,-0.03,0,0.2,0,-36.3,6.5,26.8,0.169164098,0.70146794,-0.145023957,0.676931059
1689,4227495,822170,0.985,0.036,-0.022,0.1,0.1,0,-36.3,6.5,26.8,0.169164098,0.70146794,-0.145023957,0.676931059
1690,4228136,822180,0.981,0.036,-0.026,0.1,0.1,0,-35.7,6.3,26.8,0.169164098,0.70146794,-0.145023957,0.676931059
1691,4231024,822180,0.988,0.04,-0.026,0.1,0,-0.1,-35.7,6.3,26.8,0.169164098,0.70146794,-0.145023957,0.676931059
1692,4233284,822180,0.985,0.04,-0.022,0,0,-0.1,-35.7,6.3,26.8,0.169164098,0.70146794,-0.145023957,0.676931059
1693,4235622,822180,0.988,0.04,-0.026,0,0,0,-35.7,6.3,26.8,0.169164098,0.70146794,-0.145023957,0.676931059
1694,4238278,822190,0.988,0.04,-0.022,0,0,0.1,-35.3,6.8,26.9,0.169164098,0.70146794,-0.145023957,0.676931059
1695,4240559,822190,0.988,0.04,-0.022,0,0,0.1,-35.3,6.8,26.9,0.169164098,0.70146794,-0.145023957,0.676931059
1696,4244272,822190,0.981,0.04,-0.03,0,-0.1,0,-35.3,6.8,26.9,0.169164098,0.70146794,-0.145023957,0.676931059
1697,4246516,822190,0.985,0.036,-0.018,0.1,-0.3,0,-35.3,6.8,26.9,0.169164098,0.70146794,-0.145023957,0.676931059
1698,4249017,822200,0.988,0.044,-0.026,0.2,-0.3,-0.1,-34.3,6.4,26.8,0.169164098,0.70146794,-0.145023957,0.676931059
1699,4251053,822200,0.985,0.04,-0.026,0.2,-0.2,-0.1,-34.3,6.4,26.8,0.169164098,0.70146794,-0.145023957,0.676931059
1700,4254205,822200,0.985,0.04,-0.034,0.1,0,-0.1,-34.3,6.4,26.8,0.169164098,0.701498459,-0.145023957,0.676931059
1701,4255679,822200,0.985,0.036,-0.026,0,0,-0.1,-34.3,6.4,26.8,0.169164098,0.70146794,-0.145023957,0.676931059
1702,4258288,822210,0.985,0.04,-0.026,0,0.1,0,-35.1,5.9,26.8,0.169164098,0.70146794,-0.145023957,0.676931059
1703,4261643,822210,0.981,0.036,-0.022,0,0,-0.1,-35.1,5.9,26.8,0.169164098,0.70146794,-0.145023957,0.676931059
1704,4263206,822210,0.985,0.036,-0.026,0,0,-0.1,-35.1,5.9,26.8,0.169164098,0.70146794,-0.145023957,0.676931059
1705,4265824,822210,0.985,0.036,-0.026,0,0,-0.1,-35.1,5.9,26.8,0.169164098,0.70146794,-0.144993439,0.676931059
1706,4269295,822220,0.985,0.044,-0.026,0,0,0,-35.7,5.9,27,0.169164098,0.70146794,-0.144993439,0.676931059
1707,4271553,822220,0.988,0.04,-0.026,-0.1,0,0,-35.7,5.9,27,0.169164098,0.70146794,-0.145023957,0.676931059
1708,4273177,822220,0.985,0.04,-0.026,-0.1,-0.1,0,-35.7,5.9,27,0.169164098,0.70146794,-0.145023957,0.676931059
1709,4276209,822220,0.985,0.036,-0.026,-0.1,-0.1,0,-35.7,5.9,27,0.169164098,0.701498459,-0.145023957,0.67690054
1710,4278472,822230,0.988,0.036,-0.022,0,-0.1,0,-34.9,6,27.2,0.169164098,0.701498459,-0.145023957,0.67690054
1711,4282220,822230,0.988,0.04,-0.018,0,0,-0.1,-34.9,6,27.2,0.169164098,0.701498459,-0.145023957,0.67690054
1712,4284390,822230,0.985,0.044,-0.022,0,0.1,-0.1,-34.9,6,27.2,0.169164098,0.70146794,-0.145023957,0.67690054
1713,4285865,822230,0.988,0.04,-0.026,0,0.3,-0.1,-34.9,6,27.2,0.169164098,0.70146794,-0.145023957,0.676931059
1714,4288129,822240,0.981,0.036,-0.026,0,0.1,0,-35.2,5.8,27.1,0.169225135,0.701437422,-0.144993439,0.676961577
1715,4290726,822240,0.985,0.04,-0.022,0,0.1,0,-35.2,5.8,27.1,0.169225135,0.701437422,-0.144993439,0.676961577
1716,4294129,822240,0.981,0.04,-0.022,0.1,0,-0.1,-35.2,5.8,27.1,0.169225135,0.701437422,-0.144993439,0.676961577
1717,4295728,822240,0.985,0.044,-0.026,0.2,0,-0.1,-35.2,5.8,27.1,0.169225135,0.701437422,-0.144993439,0.676961577
1718,4298304,822250,0.981,0.04,-0.022,0.2,0,-0.1,-34.9,6,27,0.169225135,0.701437422,-0.144993439,0.676961577
1719,4300563,822250,0.988,0.036,-0.026,0.1,0,-0.1,-34.9,6,27,0.169164098,0.701437422,-0.144993439,0.676961577
1720,4304755,822250,0.985,0.044,-0.022,0,0,0,-34.9,6,27,0.169164098,0.701437422,-0.144993439,0.676961577
1721,4306585,822250,0.988,0.044,-0.022,0,0,0,-34.9,6,27,0.169164098,0.701437422,-0.144993439,0.676961577
1722,4308282,822260,0.988,0.036,-0.022,-0.1,0,0,-36.5,5.9,27,0.169225135,0.701437422,-0.144993439,0.676961577
1723,4312312,822260,0.985,0.04,-0.022,0,-0.1,0,-36.5,5.9,27,0.169225135,0.701437422,-0.144993439,0.676961577
1724,4314616,822260,0.988,0.04,-0.018,0,-0.1,0,-36.5,5.9,27,0.169225135,0.701437422,-0.144993439,0.676961577
1725,4316824,822260,0.988,0.04,-0.026,0,-0.1,0,-36.5,5.9,27,0.169225135,0.701437422,-0.144993439,0.676961577
1726,4319115,822270,0.988,0.04,-0.022,0,0,0,-33.8,5.7,27,0.169225135,0.701437422,-0.144993439,0.676961577
1727,4321340,822270,0.985,0.036,-0.026,0,0,0,-33.8,5.7,27,0.169225135,0.701437422,-0.144993439,0.676961577
1728,4323501,822270,0.985,0.04,-0.022,0,0,-0.1,-33.8,5.7,27,0.169225135,0.701437422,-0.144993439,0.676961577
1729,4325808,822270,0.981,0.04,-0.026,0,0,0,-33.8,5.7,27,0.169225135,0.701437422,-0.144993439,0.676961577
1730,4328148,822280,0.981,0.036,-0.022,0,0,0,-34.2,6,27,0.169225135,0.701437422,-0.144993439,0.676961577
1731,4330566,822280,0.985,0.04,-0.03,0,0,0,-34.2,6,27,0.169225135,0.701437422,-0.144993439,0.676961577
1732,4334120,822280,0.985,0.036,-0.026,0,0.1,-0.1,-34.2,6,27,0.169225135,0.701437422,-0.144993439,0.676961577
1733,4335693,822280,0.985,0.04,-0.03,0,0.2,0,-34.2,6,27,0.169225135,0.701437422,-0.144993439,0.676961577
1734,4339665,822290,0.985,0.04,-0.026,0,0.1,-0.1,-33.9,6,26.8,0.169164098,0.70146794,-0.144993439,0.676931059
1735,4342015,822290,0.988,0.04,-0.026,0,0.1,-0.1,-33.9,6,26.8,0.169164098,0.70146794,-0.144993439,0.676931059
1736,4344188,822290,0.988,0.04,-0.022,0.1,0,-0.1,-33.9,6,26.8,0.169164098,0.70146794,-0.144993439,0.676931059
1737,4346429,822290,0.988,0.036,-0.026,0,-0.2,-0.1,-33.9,6,26.8,0.169164098,0.70146794,-0.144993439,0.676931059
1738,4348733,822300,0.988,0.036,-0.026,0,-0.3,-0.1,-34,6.2,26.9,0.169164098,0.70146794,-0.144993439,0.676931059
1739,4350934,822300,0.988,0.04,-0.026,0,-0.2,0,-34,6.2,26.9,0.169164098,0.70146794,-0.144993439,0.676931059
1740,4353194,822300,0.985,0.036,-0.022,0,-0.1,0,-34,6.2,26.9,0.169164098,0.70146794,-0.144993439,0.676931059
1741,4355669,822300,0.985,0.036,-0.022,0,0,0.1,-34,6.2,26.9,0.169164098,0.70146794,-0.144993439,0.676931059
1742,4359099,822310,0.985,0.04,-0.022,0,0,0.1,-35.9,6.3,27,0.169164098,0.70146794,-0.144993439,0.676931059
1743,4360633,822310,0.981,0.036,-0.03,-0.1,0,0,-35.9,6.3,27,0.169164098,0.70146794,-0.144993439,0.676931059
1744,4363454,822310,0.981,0.04,-0.022,0,0.1,0,-35.9,6.3,27,0.169164098,0.70146794,-0.144993439,0.676931059
1745,4365755,822310,0.985,0.04,-0.026,0,0.1,0,-35.9,6.3,27,0.169164098,0.70146794,-0.144993439,0.676931059
1746,4368069,822320,0.985,0.04,-0.026,0,0.2,0,-34.4,5.9,26.8,0.169164098,0.70146794,-0.144993439,0.676931059
1747,4370542,822320,0.985,0.04,-0.026,0,0.2,0,-34.4,5.9,26.8,0.169225135,0.70146794,-0.144993439,0.676931059
1748,4374053,822320,0.985,0.036,-0.026,0,0.1,0,-34.4,5.9,26.8,0.169225135,0.70146794,-0.144993439,0.676931059
1749,4375697,822320,0.985,0.04,-0.026,0,0,0,-34.4,5.9,26.8,0.169225135,0.70146794,-0.144993439,0.676931059
1750,4378040,822330,0.985,0.04,-0.026,0,0,0,-34.7,5.6,27.1,0.169225135,0.70146794,-0.144993439,0.676931059
1751,4381520,822330,0.988,0.04,-0.022,0,0,0,-34.7,5.6,27.1,0.169164098,0.70146794,-0.144993439,0.676931059
1752,4383176,822330,0.985,0.04,-0.03,0.1,0,0,-34.7,5.6,27.1,0.169164098,0.70146794,-0.144993439,0.676931059
1753,4385587,822330,0.988,0.04,-0.03,0.1,0,0,-34.7,5.6,27.1,0.169164098,0.70146794,-0.144993439,0.676931059
1754,4388980,822340,0.985,0.036,-0.03,0,0,0,-34.5,6,26.7,0.169164098,0.70146794,-0.144993439,0.676931059
1755,4390747,822340,0.985,0.036,-0.03,0,0,0,-34.5,6,26.7,0.169164098,0.70146794,-0.144993439,0.676931059
1756,4393661,822340,0.985,0.04,-0.03,0,0,0,-34.5,6,26.7,0.169164098,0.70146794,-0.144993439,0.676931059
1757,4395982,822340,0.985,0.04,-0.022,0,0,0,-34.5,6,26.7,0.169164098,0.70146794,-0.144993439,0.676931059
1758,4398245,822350,0.981,0.04,-0.022,0,0,0,-34.5,5.9,26.7,0.169164098,0.70146794,-0.144993439,0.676931059
1759,4400649,822350,0.985,0.036,-0.026,0,0,0,-34.5,5.9,26.7,0.169164098,0.70146794,-0.144993439,0.676931059
1760,4404161,822350,0.985,0.04,-0.026,0,0,0,-34.5,5.9,26.7,0.169164098,0.70146794,-0.144993439,0.676931059
1761,4405716,822350,0.981,0.04,-0.022,0,0,0,-34.5,5.9,26.7,0.169164098,0.70146794,-0.144993439,0.676931059
1762,4408128,822360,0.985,0.044,-0.022,0,0,0,-35.2,5.7,27.1,0.169164098,0.70146794,-0.144993439,0.676931059
1763,4411571,822360,0.988,0.036,-0.026,0,-0.1,0,-35.2,5.7,27.1,0.169164098,0.70146794,-0.144993439,0.676931059
1764,4413102,822360,0.988,0.036,-0.018,0,-0.1,0,-35.2,5.7,27.1,0.169164098,0.70146794,-0.144993439,0.676931059
1765,4415798,822360,0.988,0.04,-0.022,0,-0.1,0,-35.2,5.7,27.1,0.169164098,0.70146794,-0.144993439,0.676931059
1766,4418896,822370,0.988,0.036,-0.03,0,-0.1,0,-35.2,6,27.3,0.169164098,0.70146794,-0.144993439,0.676931059
1767,4421702,822370,0.988,0.04,-0.026,0,0,0,-35.2,6,27.3,0.169164098,0.701498459,-0.144993439,0.67690054
1768,4423175,822370,0.988,0.036,-0.026,0,-0.1,0,-35.2,6,27.3,0.169164098,0.701498459,-0.144993439,0.67690054
1769,4426063,822370,0.985,0.044,-0.022,0,-0.1,0,-35.2,6,27.3,0.169164098,0.701498459,-0.144993439,0.67690054
1770,4429014,822380,0.985,0.036,-0.022,0,-0.3,0,-35.2,6.3,27.4,0.169164098,0.701498459,-0.144993439,0.67690054
1771,4431323,822380,0.985,0.04,-0.022,0,-0.2,0,-35.2,6.3,27.4,0.169164098,0.701498459,-0.144993439,0.67690054
1772,4433533,822380,0.981,0.044,-0.026,0,-0.1,0.1,-35.2,6.3,27.4,0.169164098,0.701498459,-0.144993439,0.67690054
1773,4435754,822380,0.985,0.04,-0.026,0,0,0.1,-35.2,6.3,27.4,0.169164098,0.701498459,-0.144993439,0.67690054
1774,4438125,822390,0.981,0.04,-0.03,0.1,0,0,-35,5.8,28.3,0.169164098,0.701498459,-0.144993439,0.67690054
1775,4440615,822390,0.985,0.036,-0.026,0,0,0,-35,5.8,28.3,0.169164098,0.701498459,-0.144993439,0.67690054
1776,4444249,822390,0.985,0.036,-0.022,0,0,0,-35,5.8,28.3,0.169164098,0.701498459,-0.144993439,0.67690054
1777,4446568,822390,0.985,0.036,-0.026,0,0,0,-35,5.8,28.3,0.169164098,0.701498459,-0.144993439,0.67690054
1778,4448795,822400,0.985,0.04,-0.022,0,0,0,-35.3,6.1,29.1,0.169164098,0.701498459,-0.144993439,0.67690054
1779,4450950,822400,0.985,0.032,-0.022,0,-0.1,0,-35.3,6.1,29.1,0.169164098,0.701498459,-0.144993439,0.67690054
1780,4453137,822400,0.988,0.036,-0.026,0,-0.1,0,-35.3,6.1,29.1,0.169164098,0.701498459,-0.144993439,0.67690054
1781,4457420,822400,0.992,0.036,-0.026,0,-0.1,0,-35.3,6.1,29.1,0.169164098,0.701498459,-0.144993439,0.67690054
1782,4459669,822410,0.992,0.044,-0.03,0,0,0,-34.7,6.1,25.2,0.169164098,0.701498459,-0.144993439,0.67690054
1783,4461908,822410,0.988,0.04,-0.022,0,0,0,-34.7,6.1,25.2,0.169164098,0.701498459,-0.144993439,0.67690054
1784,4464171,822410,0.985,0.044,-0.026,0,0,0,-34.7,6.1,25.2,0.169164098,0.701498459,-0.144993439,0.67690054
1785,4466449,822410,0.981,0.036,-0.03,0,0,0,-34.7,6.1,25.2,0.169164098,0.701498459,-0.144993439,0.67690054
1786,4468700,822420,0.985,0.04,-0.026,0,0,0,-35.2,6,27.1,0.169164098,0.701498459,-0.144993439,0.67690054
1787,4470924,822420,0.985,0.036,-0.022,0.1,0.1,-0.1,-35.2,6,27.1,0.169164098,0.701498459,-0.144993439,0.67690054
1788,4473232,822420,0.985,0.04,-0.026,0.1,0.1,-0.1,-35.2,6,27.1,0.169164098,0.701498459,-0.144993439,0.67690054
1789,4475681,822420,0.985,0.04,-0.022,0,0.1,0,-35.2,6,27.1,0.169164098,0.701498459,-0.14496292,0.67690054
1790,4478142,822430,0.985,0.036,-0.026,0,0,0,-35,6.2,27.4,0.169164098,0.701498459,-0.14496292,0.67690054
1791,4481550,822430,0.988,0.036,-0.026,0.1,-0.1,0,-35,6.2,27.4,0.169164098,0.701498459,-0.14496292,0.67690054
1792,4483295,822430,0.985,0.036,-0.026,0,-0.1,0,-35,6.2,27.4,0.169164098,0.701498459,-0.14496292,0.67690054
1793,4485918,822430,0.988,0.04,-0.026,0,-0.2,0,-35,6.2,27.4,0.169164098,0.701498459,-0.14496292,0.67690054
1794,4489279,822440,0.985,0.036,-0.026,0,-0.3,0,-35.1,6,26.9,0.169164098,0.701498459,-0.144993439,0.67690054
1795,4491571,822440,0.988,0.04,-0.03,0,-0.3,0,-35.1,6,26.9,0.169164098,0.701498459,-0.144993439,0.67690054
1796,4493800,822440,0.988,0.04,-0.026,0,-0.1,-0.1,-35.1,6,26.9,0.169164098,0.701498459,-0.144993439,0.67690054
1797,4495684,822440,0.985,0.044,-0.022,0,0,0,-35.1,6,26.9,0.169164098,0.701528977,-0.144993439,0.67690054
1798,4498242,822450,0.985,0.036,-0.03,0,0.1,0,-35.1,6,26,0.169164098,0.701498459,-0.144993439,0.67690054
1799,4500551,822450,0.985,0.036,-0.03,0,0.1,0,-35.1,6,26,0.169164098,0.701498459,-0.144993439,0.67690054
1800,4503138,822450,0.985,0.044,-0.022,0,0.1,0,-35.1,6,26,0.169164098,0.701498459,-0.144993439,0.67690054
1801,4506332,822450,0.988,0.04,-0.026,0,0,0,-35.1,6,26,0.169164098,0.701498459,-0.144993439,0.67690054
1802,4508770,822460,0.985,0.04,-0.026,0,0,0,-35.2,5.9,26.2,0.169164098,0.701498459,-0.144993439,0.67690054
1803,4510861,822460,0.981,0.036,-0.026,0,0,0,-35.2,5.9,26.2,0.169164098,0.701498459,-0.144993439,0.67690054
1804,4513213,822460,0.985,0.036,-0.03,0,0.2,0,-35.2,5.9,26.2,0.169164098,0.701498459,-0.144993439,0.67690054
1805,4515641,822460,0.981,0.036,-0.026,0,0.3,0,-35.2,5.9,26.2,0.169164098,0.701498459,-0.144993439,0.67690054
1806,4519765,822470,0.985,0.04,-0.03,0,0.2,0,-35.2,6,26.7,0.169164098,0.701498459,-0.144993439,0.67690054
1807,4520606,822470,0.985,0.04,-0.022,0,0.1,0,-35.2,6,26.7,0.169164098,0.701498459,-0.144993439,0.67690054
1808,4523421,822470,0.985,0.036,-0.03,0,0,0,-35.2,6,26.7,0.169164098,0.701498459,-0.144993439,0.67690054
1809,4525642,822470,0.985,0.04,-0.03,0,0,0,-35.2,6,26.7,0.169164098,0.701498459,-0.144993439,0.67690054
1810,4529588,822480,0.988,0.044,-0.03,0,0,0,-35,5.7,26.3,0.169164098,0.701498459,-0.144993439,0.67690054
1811,4531839,822480,0.988,0.036,-0.03,0,-0.1,0,-35,5.7,26.3,0.169164098,0.701498459,-0.144993439,0.67690054
1812,4534115,822480,0.988,0.04,-0.022,0,-0.1,0,-35,5.7,26.3,0.169164098,0.701498459,-0.144993439,0.67690054
1813,4536323,822480,0.981,0.04,-0.018,0,0,0,-35,5.7,26.3,0.169164098,0.701498459,-0.144993439,0.67690054
1814,4538407,822490,0.981,0.04,-0.026,0,0,0,-35.3,5.8,26.3,0.169164098,0.701498459,-0.144993439,0.67690054
1815,4540695,822490,0.981,0.04,-0.026,0,0.1,0,-35.3,5.8,26.3,0.169164098,0.701498459,-0.144993439,0.67690054
1816,4543229,822490,0.985,0.036,-0.022,0,0.1,0,-35.3,5.8,26.3,0.169164098,0.701498459,-0.144993439,0.67690054
1817,4546642,822490,0.985,0.036,-0.026,0,0.2,0,-35.3,5.8,26.3,0.169164098,0.701498459,-0.144993439,0.676931059
1818,4548214,822500,0.985,0.04,-0.03,0,0.3,0,-35.2,6,25.9,0.169164098,0.70146794,-0.144993439,0.676931059
1819,4550796,822500,0.985,0.036,-0.022,0,0.1,0,-35.2,6,25.9,0.169164098,0.70146794,-0.144993439,0.676931059
1820,4553108,822500,0.985,0.04,-0.022,0,0,0,-35.2,6,25.9,0.169164098,0.70146794,-0.144993439,0.676931059
1821,4556472,822500,0.988,0.044,-0.03,0,0,0,-35.2,6,25.9,0.169164098,0.70146794,-0.144993439,0.676931059
1822,4558103,822510,0.988,0.036,-0.026,0.1,0,0,-35.4,6,27.5,0.169164098,0.70146794,-0.144993439,0.676931059
1823,4560611,822510,0.988,0.044,-0.022,0.1,0,-0.1,-35.4,6,27.5,0.169164098,0.70146794,-0.144993439,0.676931059
1824,4564758,822510,0.988,0.04,-0.022,0,0,0,-35.4,6,27.5,0.169164098,0.70146794,-0.144993439,0.676931059
1825,4567033,822510,0.988,0.04,-0.026,0,0,0,-35.4,6,27.5,0.169164098,0.70146794,-0.144993439,0.676931059
1826,4568502,822520,0.985,0.04,-0.026,0,-0.1,0.1,-35.1,5.8,26,0.169164098,0.70146794,-0.144993439,0.676931059
1827,4572244,822520,0.985,0.044,-0.026,0,-0.1,0,-35.1,5.8,26,0.169164098,0.70146794,-0.144993439,0.676931059
1828,4574506,822520,0.988,0.044,-0.026,0,-0.1,0,-35.1,5.8,26,0.169164098,0.70146794,-0.144993439,0.676931059
1829,4576653,822520,0.985,0.036,-0.018,0,0,0,-35.1,5.8,26,0.169164098,0.701498459,-0.144993439,0.676931059
1830,4579003,822530,0.985,0.036,-0.026,-0.1,0,0,-35.1,5.5,26,0.169164098,0.70146794,-0.144993439,0.676931059
1831,4580981,822530,0.981,0.04,-0.03,-0.1,0.1,0,-35.1,5.5,26,0.169164098,0.70146794,-0.144993439,0.676931059
1832,4584029,822530,0.981,0.036,-0.026,-0.1,0.1,0,-35.1,5.5,26,0.169164098,0.70146794,-0.144993439,0.676931059
1833,4585801,822530,0.985,0.04,-0.022,0,0,0,-35.1,5.5,26,0.169164098,0.70146794,-0.144993439,0.676931059
1834,4588090,822540,0.985,0.036,-0.026,0,0,0,-35.2,5.2,26.3,0.169164098,0.70146794,-0.145023957,0.676931059
1835,4591542,822540,0.981,0.036,-0.026,0,-0.1,0,-35.2,5.2,26.3,0.169164098,0.70146794,-0.145023957,0.676931059
1836,4593033,822540,0.988,0.036,-0.03,0,-0.1,0,-35.2,5.2,26.3,0.169164098,0.701498459,-0.145023957,0.67690054
1837,4596093,822540,0.985,0.04,-0.026,0,-0.2,0,-35.2,5.2,26.3,0.169164098,0.701498459,-0.145023957,0.67690054
1838,4598266,822550,0.988,0.04,-0.026,0,-0.3,0,-35.4,3.9,26,0.169164098,0.701498459,-0.145023957,0.67690054
1839,4601343,822550,0.988,0.04,-0.022,0,-0.3,0,-35.4,3.9,26,0.169164098,0.701498459,-0.145023957,0.67690054
1840,4604278,822550,0.988,0.04,-0.022,0,-0.2,0,-35.4,3.9,26,0.169164098,0.701498459,-0.145023957,0.67690054
1841,4605772,822550,0.988,0.044,-0.026,0,-0.1,0,-35.4,3.9,26,0.169164098,0.701498459,-0.145023957,0.67690054
1842,4608896,822560,0.985,0.04,-0.026,0,0,0,-35,7.4,27.9,0.169164098,0.701498459,-0.145023957,0.67690054
1843,4611123,822560,0.988,0.04,-0.022,0,0.1,0,-35,7.4,27.9,0.169164098,0.701498459,-0.145023957,0.67690054
1844,4613311,822560,0.981,0.036,-0.022,0.1,0.2,0,-35,7.4,27.9,0.169164098,0.701498459,-0.145023957,0.67690054
1845,4616281,822560,0.981,0.04,-0.022,0,0.3,0,-35,7.4,27.9,0.169164098,0.701498459,-0.145023957,0.67690054
1846,4618121,822570,0.985,0.04,-0.026,0,0.1,0,-35.4,5,26,0.169164098,0.701498459,-0.145023957,0.67690054
1847,4622481,822570,0.981,0.036,-0.026,0,0.1,0,-35.4,5,26,0.169164098,0.701498459,-0.145023957,0.67690054
1848,4624675,822570,0.988,0.04,-0.026,0,0.2,0,-35.4,5,26,0.169164098,0.701498459,-0.145023957,0.67690054
1849,4626792,822570,0.985,0.04,-0.022,0,0.3,0,-35.4,5,26,0.169164098,0.70146794,-0.145023957,0.676931059
1850,4628294,822580,0.988,0.036,-0.03,0,0.2,0.1,-35.3,4.3,26.2,0.169164098,0.70146794,-0.145023957,0.676931059
1851,4630620,822580,0.992,0.04,-0.026,-0.1,0,0,-35.3,4.3,26.2,0.169164098,0.70146794,-0.145023957,0.676931059
1852,4633064,822580,0.988,0.04,-0.026,-0.1,-0.1,0,-35.3,4.3,26.2,0.169164098,0.70146794,-0.145023957,0.676931059
1853,4636575,822580,0.992,0.04,-0.026,0,-0.1,0,-35.3,4.3,26.2,0.169164098,0.70146794,-0.145023957,0.676931059
1854,4638139,822590,0.988,0.04,-0.03,0,-0.1,0,-35.2,4.8,26,0.169164098,0.701498459,-0.145054476,0.67690054
1855,4640823,822590,0.992,0.04,-0.026,0.1,-0.1,0.1,-35.2,4.8,26,0.169164098,0.701498459,-0.145054476,0.67690054
1856,4644259,822590,0.992,0.04,-0.018,0.1,0,0.1,-35.2,4.8,26,0.169164098,0.701498459,-0.145054476,0.67690054
1857,4645806,822590,0.988,0.044,-0.022,0,0,0,-35.2,4.8,26,0.169164098,0.701498459,-0.145054476,0.67690054
1858,4648270,822600,0.988,0.04,-0.022,0,0,0,-35.3,5.6,26,0.169164098,0.701498459,-0.145054476,0.67690054
1859,4650569,822600,0.985,0.036,-0.03,0,0,0,-35.3,5.6,26,0.169164098,0.701498459,-0.145054476,0.67690054
1860,4654012,822600,0.985,0.036,-0.022,0,0,0,-35.3,5.6,26,0.169164098,0.701498459,-0.145054476,0.67690054
1861,4655622,822600,0.981,0.04,-0.022,0,0,-0.2,-35.3,5.6,26,0.169164098,0.701498459,-0.145054476,0.67690054
1862,4658060,822610,0.981,0.032,-0.026,0,-0.1,-0.2,-35.2,6.9,26.8,0.169164098,0.701498459,-0.145054476,0.67690054
1863,4661502,822610,0.981,0.036,-0.022,0,0,-0.1,-35.2,6.9,26.8,0.169164098,0.701498459,-0.145054476,0.67690054
1864,4663198,822610,0.985,0.04,-0.026,0,0,0,-35.2,6.9,26.8,0.169164098,0.701498459,-0.145023957,0.67690054
1865,4665550,822610,0.985,0.04,-0.018,0,0.1,0,-35.2,6.9,26.8,0.169164098,0.701498459,-0.145023957,0.67690054
1866,4669102,822620,0.985,0.044,-0.022,0.1,0,0,-35.4,6.5,27.1,0.169164098,0.701498459,-0.145023957,0.67690054
1867,4670561,822620,0.985,0.04,-0.026,0,0,0,-35.4,6.5,27.1,0.169164098,0.701498459,-0.145023957,0.67690054
1868,4674315,822620,0.988,0.036,-0.022,0,0,0,-35.4,6.5,27.1,0.169164098,0.701498459,-0.145023957,0.67690054
1869,4675803,822620,0.988,0.04,-0.022,0,0,0,-35.4,6.5,27.1,0.169164098,0.701498459,-0.145023957,0.67690054
1870,4678751,822630,0.992,0.04,-0.022,0,0,0,-35.1,6.6,27.1,0.169164098,0.701498459,-0.145023957,0.67690054
1871,4681837,822630,0.985,0.04,-0.026,0,0,0,-35.1,6.6,27.1,0.169164098,0.701498459,-0.145023957,0.67690054
1872,4683272,822630,0.985,0.04,-0.026,0.1,0,0,-35.1,6.6,27.1,0.169164098,0.701498459,-0.145023957,0.67690054
1873,4686321,822630,0.988,0.036,-0.026,0.1,0,0,-35.1,6.6,27.1,0.169164098,0.701498459,-0.145023957,0.67690054
1874,4688265,822640,0.981,0.04,-0.022,0,0,-0.1,-35.1,7.1,26.8,0.169164098,0.701498459,-0.145023957,0.67690054
1875,4691705,822640,0.985,0.036,-0.022,0,0,0,-35.1,7.1,26.8,0.169164098,0.701498459,-0.145023957,0.67690054
1876,4693313,822640,0.981,0.044,-0.022,0,0,0,-35.1,7.1,26.8,0.169164098,0.701498459,-0.145023957,0.67690054
1877,4696387,822640,0.985,0.04,-0.026,0,0,0,-35.1,7.1,26.8,0.169164098,0.701498459,-0.145023957,0.67690054
1878,4698500,822650,0.985,0.04,-0.026,0.1,-0.1,0,-35,6.9,26.6,0.169164098,0.701498459,-0.145023957,0.67690054
1879,4700784,822650,0.985,0.04,-0.026,0.1,0,0,-35,6.9,26.6,0.169164098,0.701498459,-0.145023957,0.67690054
1880,4703718,822650,0.988,0.04,-0.022,0,0,0,-35,6.9,26.6,0.169164098,0.701498459,-0.145023957,0.67690054
1881,4705978,822650,0.985,0.044,-0.03,0,0.1,0,-35,6.9,26.6,0.169164098,0.701498459,-0.145023957,0.67690054
1882,4709779,822660,0.988,0.04,-0.026,0,0,0,-35.2,5.7,26.9,0.169164098,0.701498459,-0.145023957,0.67690054
1883,4711375,822660,0.985,0.036,-0.022,0,0,0,-35.2,5.7,26.9,0.169164098,0.701498459,-0.145023957,0.67690054
1884,4713534,822660,0.988,0.044,-0.026,0.1,0,0,-35.2,5.7,26.9,0.169164098,0.701498459,-0.145023957,0.67690054
1885,4716600,822660,0.985,0.04,-0.022,0,0.1,0,-35.2,5.7,26.9,0.169164098,0.701498459,-0.145023957,0.67690054
1886,4718222,822670,0.988,0.04,-0.018,0,0.1,0,-35.3,6.4,26.7,0.169164098,0.701498459,-0.145023957,0.67690054
1887,4720790,822670,0.985,0.036,-0.026,0,0.1,0.1,-35.3,6.4,26.7,0.169164098,0.701498459,-0.145023957,0.67690054
1888,4724025,822670,0.985,0.04,-0.026,0.1,0,0.1,-35.3,6.4,26.7,0.169164098,0.701498459,-0.145023957,0.676931059
1889,4725519,822670,0.981,0.04,-0.026,0,0,0,-35.3,6.4,26.7,0.169164098,0.701498459,-0.145023957,0.676931059
1890,4728025,822680,0.985,0.036,-0.018,0,0,0,-36,6.3,26.6,0.169164098,0.701498459,-0.145023957,0.676931059
1891,4732229,822680,0.981,0.04,-0.022,0,0.1,0,-36,6.3,26.6,0.169164098,0.701498459,-0.145023957,0.676931059
1892,4733022,822680,0.992,0.036,-0.03,0,0.2,0,-36,6.3,26.6,0.169164098,0.70146794,-0.145023957,0.676931059
1893,4735883,822680,0.985,0.036,-0.026,0,0.1,0,-36,6.3,26.6,0.169164098,0.70146794,-0.145023957,0.676931059
1894,4738873,822690,0.981,0.036,-0.026,0,0.1,0,-36.6,6.3,26.4,0.16913358,0.70146794,-0.145054476,0.676931059
1895,4740631,822690,0.981,0.036,-0.026,0,0,0,-36.6,6.3,26.4,0.16913358,0.70146794,-0.145054476,0.676961577
1896,4743366,822690,0.985,0.036,-0.03,0,0.1,0,-36.6,6.3,26.4,0.16913358,0.70146794,-0.145054476,0.676961577
1897,4747236,822690,0.988,0.04,-0.026,0,0.1,0,-36.6,6.3,26.4,0.16913358,0.70146794,-0.145054476,0.676961577
1898,4748827,822700,0.985,0.04,-0.03,0,0.1,-0.1,-37.1,6.6,26.7,0.16913358,0.701437422,-0.145054476,0.676961577
1899,4750531,822700,0.985,0.036,-0.022,0,0,0,-37.1,6.6,26.7,0.16913358,0.70146794,-0.145054476,0.676961577
1900,4754095,822700,0.988,0.04,-0.022,0,-0.1,0,-37.1,6.6,26.7,0.16913358,0.70146794,-0.145054476,0.676961577
1901,4755699,822700,0.985,0.04,-0.026,0,0,0,-37.1,6.6,26.7,0.16913358,0.70146794,-0.145054476,0.676961577
1902,4758047,822710,0.985,0.04,-0.026,0,0,0,-34.1,4.9,26.9,0.169164098,0.70146794,-0.145054476,0.676961577
1903,4760765,822710,0.985,0.04,-0.03,0,0.2,0,-34.1,4.9,26.9,0.169164098,0.701437422,-0.145023957,0.676961577
1904,4762984,822710,0.985,0.04,-0.026,0,0.2,0,-34.1,4.9,26.9,0.169164098,0.701437422,-0.145054476,0.676961577
1905,4765954,822710,0.985,0.044,-0.026,0,0.2,0,-34.1,4.9,26.9,0.169164098,0.701437422,-0.145054476,0.676961577
1906,4768287,822720,0.981,0.036,-0.022,0,0.1,0,-37.1,7.5,27,0.169164098,0.701437422,-0.145054476,0.676961577
1907,4771359,822720,0.985,0.036,-0.026,0,0,0,-37.1,7.5,27,0.169164098,0.701437422,-0.145054476,0.676961577
1908,4773648,822720,0.985,0.04,-0.022,0,-0.1,0,-37.1,7.5,27,0.169164098,0.701437422,-0.145023957,0.676961577
1909,4775484,822720,0.992,0.04,-0.022,0,-0.1,0,-37.1,7.5,27,0.169164098,0.701437422,-0.145023957,0.676961577
1910,4778240,822730,0.985,0.04,-0.022,0,0,0,-37,7.2,27,0.169164098,0.701437422,-0.145023957,0.676961577
1911,4781133,822730,0.988,0.04,-0.022,0,0,0,-37,7.2,27,0.169164098,0.701437422,-0.145023957,0.676961577
1912,4783387,822730,0.992,0.036,-0.022,0,-0.1,-0.1,-37,7.2,27,0.169164098,0.701437422,-0.145023957,0.676961577
1913,4785563,822730,0.988,0.04,-0.03,0,-0.3,-0.1,-37,7.2,27,0.169164098,0.70146794,-0.145023957,0.676931059
1914,4788377,822740,0.985,0.036,-0.018,0,-0.3,0,-36.7,7.2,27,0.169164098,0.701437422,-0.145054476,0.676961577
1915,4791513,822740,0.981,0.04,-0.026,0,-0.1,0,-36.7,7.2,27,0.169164098,0.701437422,-0.145054476,0.676961577
1916,4793262,822740,0.981,0.04,-0.022,0,0,0.1,-36.7,7.2,27,0.169164098,0.701437422,-0.145054476,0.676961577
1917,4796752,822740,0.981,0.044,-0.022,0,0.1,0,-36.7,7.2,27,0.169164098,0.701437422,-0.145054476,0.676961577
1918,4798230,822750,0.981,0.036,-0.022,0,0.2,0,-36.2,7.2,27,0.169164098,0.701437422,-0.145054476,0.676961577
1919,4802168,822750,0.988,0.036,-0.022,0,0.2,0,-36.2,7.2,27,0.169164098,0.701437422,-0.145054476,0.676961577
1920,4803554,822750,0.985,0.036,-0.022,0,0.1,0,-36.2,7.2,27,0.169164098,0.701437422,-0.145054476,0.676961577
1921,4806806,822750,0.988,0.04,-0.022,0,0,0,-36.2,7.2,27,0.169164098,0.701437422,-0.145054476,0.676961577
1922,4808826,822760,0.985,0.036,-0.026,0,-0.1,0,-34.6,5.9,26.7,0.169164098,0.701437422,-0.145023957,0.676961577
1923,4810592,822760,0.988,0.036,-0.03,0,-0.1,0,-34.6,5.9,26.7,0.169164098,0.701437422,-0.145023957,0.676961577
1924,4814149,822760,0.985,0.036,-0.03,0,-0.1,0,-34.6,5.9,26.7,0.169164098,0.701437422,-0.145023957,0.676961577
1925,4815683,822760,0.988,0.04,-0.022,0,0,0,-34.6,5.9,26.7,0.169164098,0.701437422,-0.145054476,0.676961577
1926,4818572,822770,0.988,0.04,-0.03,0,0,0,-35.3,5.7,26.9,0.169164098,0.701437422,-0.145054476,0.676961577
1927,4821544,822770,0.988,0.04,-0.018,0,0.1,0,-35.3,5.7,26.9,0.169164098,0.701437422,-0.145054476,0.676961577
1928,4823137,822770,0.988,0.04,-0.022,0,0.2,0.1,-35.3,5.7,26.9,0.169164098,0.701437422,-0.145054476,0.676961577
1929,4825538,822770,0.985,0.044,-0.018,0,0.3,0.2,-35.3,5.7,26.9,0.169164098,0.701437422,-0.145054476,0.676961577
1930,4828410,822780,0.985,0.04,-0.026,0,0.2,0.1,-35.1,5.5,26.9,0.169164098,0.701437422,-0.145054476,0.676961577
1931,4830742,822780,0.981,0.044,-0.03,0,0.2,0,-35.1,5.5,26.9,0.169164098,0.701437422,-0.145054476,0.676961577
1932,4834090,822780,0.985,0.04,-0.03,0,0.2,0,-35.1,5.5,26.9,0.169164098,0.701437422,-0.145054476,0.676992096
1933,4835666,822780,0.985,0.04,-0.026,0,0.1,0,-35.1,5.5,26.9,0.169164098,0.701437422,-0.145023957,0.676992096
1934,4838131,822790,0.985,0.04,-0.026,0,-0.1,0,-35.1,6,26.7,0.169164098,0.701437422,-0.145023957,0.676961577
1935,4841734,822790,0.988,0.04,-0.03,0,-0.2,0,-35.1,6,26.7,0.169164098,0.70146794,-0.145023957,0.676961577
1936,4843334,822790,0.988,0.04,-0.022,0,-0.3,0,-35.1,6,26.7,0.169164098,0.70146794,-0.145023957,0.676931059
1937,4845822,822790,0.988,0.04,-0.026,0,-0.3,0,-35.1,6,26.7,0.169164098,0.70146794,-0.145023957,0.676931059
1938,4848036,822800,0.988,0.036,-0.03,0,-0.1,0,-35.1,5.7,27,0.169164098,0.70146794,-0.145023957,0.676931059
1939,4851687,822800,0.988,0.036,-0.026,0,-0.1,0,-35.1,5.7,27,0.169164098,0.70146794,-0.145023957,0.676931059
1940,4853916,822800,0.988,0.04,-0.022,0,-0.1,0,-35.1,5.7,27,0.169164098,0.70146794,-0.145023957,0.676931059
1941,4856110,822800,0.988,0.04,-0.026,0,-0.1,0,-35.1,5.7,27,0.169164098,0.70146794,-0.145023957,0.676931059
1942,4858420,822810,0.985,0.036,-0.022,0,-0.1,0,-35.1,5.7,27,0.169164098,0.70146794,-0.145023957,0.676931059
1943,4860660,822810,0.985,0.04,-0.018,0,0,0,-35.1,5.7,27,0.169164098,0.70146794,-0.145023957,0.676931059
1944,4863379,822810,0.981,0.04,-0.03,0,0,0,-35.1,5.7,27,0.169164098,0.70146794,-0.145023957,0.676931059
1945,4865603,822810,0.985,0.04,-0.026,0,0,0,-35.1,5.7,27,0.169164098,0.70146794,-0.145023957,0.676931059
1946,4868182,822820,0.985,0.04,-0.022,0,0,0,-34.6,6,26.8,0.169164098,0.70146794,-0.145023957,0.676931059
1947,4872179,822820,0.985,0.036,-0.022,0,0,0,-34.6,6,26.8,0.169164098,0.70146794,-0.145023957,0.676931059
1948,4873157,822820,0.985,0.044,-0.022,-0.1,-0.1,0,-34.6,6,26.8,0.169164098,0.70146794,-0.145023957,0.676931059
1949,4877236,822820,0.981,0.036,-0.026,0,-0.1,0,-34.6,6,26.8,0.169164098,0.70146794,-0.145023957,0.676931059
1950,4879147,822830,0.985,0.044,-0.03,0,-0.1,0,-34.6,6,26.8,0.169164098,0.70146794,-0.145054476,0.676931059
1951,4881147,822830,0.985,0.04,-0.026,0,0,0,-34.6,6,26.8,0.169164098,0.70146794,-0.145054476,0.676931059
1952,4883534,822830,0.985,0.036,-0.026,0,0,0,-34.6,6,26.8,0.169164098,0.70146794,-0.145054476,0.676931059
1953,4885781,822830,0.988,0.04,-0.026,0,0,0,-34.6,6,26.8,0.169164098,0.70146794,-0.145054476,0.676931059
1954,4888000,822840,0.992,0.036,-0.026,0.1,-0.1,0.1,-34.8,5.9,27.1,0.169164098,0.701498459,-0.145054476,0.67690054
1955,4891154,822840,0.992,0.036,-0.026,0.1,-0.1,0.1,-34.8,5.9,27.1,0.169164098,0.701498459,-0.145054476,0.67690054
1956,4893185,822840,0.988,0.04,-0.022,0,-0.2,0.1,-34.8,5.9,27.1,0.169164098,0.701498459,-0.145054476,0.67690054
1957,4897587,822840,0.988,0.036,-0.026,0,-0.1,0,-34.8,5.9,27.1,0.169164098,0.701498459,-0.145054476,0.67690054
1958,4899061,822850,0.985,0.04,-0.03,0,-0.1,0,-34.3,6,26.7,0.169164098,0.701498459,-0.145054476,0.67690054
1959,4901018,822850,0.981,0.04,-0.022,0,0,0,-34.3,6,26.7,0.169164098,0.701498459,-0.145054476,0.67690054
1960,4903473,822850,0.981,0.04,-0.022,0.1,0,-0.1,-34.3,6,26.7,0.169164098,0.701498459,-0.145054476,0.67690054
1961,4905577,822850,0.981,0.044,-0.026,0.1,0,0,-34.3,6,26.7,0.169164098,0.701498459,-0.145054476,0.67690054
1962,4909131,822860,0.985,0.04,-0.026,0,-0.1,0,-34.3,6,26.7,0.169164098,0.701498459,-0.145054476,0.67690054
1963,4911390,822860,0.988,0.036,-0.026,0,-0.1,0,-34.3,6,26.7,0.169164098,0.701528977,-0.145054476,0.67690054
1964,4913567,822860,0.988,0.04,-0.026,-0.1,-0.1,0,-34.3,6,26.7,0.169164098,0.701528977,-0.145054476,0.676870022
1965,4915881,822860,0.985,0.036,-0.022,-0.1,-0.1,0,-34.3,6,26.7,0.169164098,0.701528977,-0.145054476,0.676870022
1966,4918134,822870,0.992,0.04,-0.022,0,0,0,-34.5,6.2,27.1,0.169164098,0.701528977,-0.145054476,0.676870022
1967,4921480,822870,0.985,0.036,-0.022,0,0,0,-34.5,6.2,27.1,0.169164098,0.701528977,-0.145054476,0.676870022
1968,4923068,822870,0.985,0.036,-0.026,0,0,0,-34.5,6.2,27.1,0.169164098,0.701528977,-0.145054476,0.676870022
1969,4926243,822870,0.985,0.032,-0.022,0,-0.1,-0.1,-34.5,6.2,27.1,0.169164098,0.701528977,-0.145054476,0.676870022
1970,4928467,822880,0.985,0.04,-0.026,0,-0.1,0,-33.9,6,26.8,0.169164098,0.701528977,-0.145023957,0.676870022
1971,4930766,822880,0.985,0.036,-0.026,0,-0.1,0,-33.9,6,26.8,0.169164098,0.701528977,-0.145023957,0.676870022
1972,4933396,822880,0.988,0.036,-0.03,0,0,0,-33.9,6,26.8,0.169164098,0.701528977,-0.145023957,0.676870022
1973,4935615,822880,0.988,0.036,-0.03,0,0.2,0,-33.9,6,26.8,0.169164098,0.701528977,-0.145023957,0.676870022
1974,4939786,822890,0.988,0.048,-0.022,0,0.2,0,-34.2,6.3,27.2,0.16913358,0.701528977,-0.145054476,0.676870022
1975,4942046,822890,0.985,0.04,-0.026,0,0.1,0,-34.2,6.3,27.2,0.16913358,0.701528977,-0.145054476,0.676870022
1976,4944237,822890,0.985,0.04,-0.022,0,0,0,-34.2,6.3,27.2,0.16913358,0.701528977,-0.145054476,0.676870022
1977,4945718,822890,0.985,0.04,-0.026,0,0,0,-34.2,6.3,27.2,0.16913358,0.701528977,-0.145054476,0.676870022
1978,4948160,822900,0.985,0.04,-0.034,0,0,0,-34,6.3,27.2,0.16913358,0.701528977,-0.145054476,0.676870022
1979,4951675,822900,0.981,0.044,-0.026,0,0,0,-34,6.3,27.2,0.16913358,0.701528977,-0.145054476,0.676870022
1980,4953154,822900,0.981,0.04,-0.026,0,0.1,0,-34,6.3,27.2,0.16913358,0.701528977,-0.145054476,0.676870022
1981,4956162,822900,0.988,0.04,-0.026,0,0.1,0,-34,6.3,27.2,0.16913358,0.701528977,-0.145054476,0.676870022
1982,4959149,822910,0.985,0.044,-0.022,0,0.1,0,-34,6.3,27.2,0.16913358,0.701528977,-0.145054476,0.676870022
1983,4960717,822910,0.988,0.04,-0.022,0,0,0,-34,6.3,27.2,0.16913358,0.701528977,-0.145054476,0.676870022
1984,4963157,822910,0.985,0.044,-0.03,0,0,0,-34,6.3,27.2,0.16913358,0.701528977,-0.145054476,0.676870022
1985,4966648,822910,0.985,0.044,-0.03,0,0,0,-34,6.3,27.2,0.16913358,0.701528977,-0.145054476,0.676870022
1986,4968188,822920,0.985,0.04,-0.022,0,0,0,-34.9,6,27,0.16913358,0.701528977,-0.145054476,0.676870022
1987,4970632,822920,0.981,0.036,-0.026,0,0,0,-34.9,6,27,0.16913358,0.701528977,-0.145054476,0.676870022
1988,4974178,822920,0.985,0.04,-0.022,0,0,0,-34.9,6,27,0.16913358,0.701528977,-0.145054476,0.676870022
1989,4975651,822920,0.985,0.04,-0.022,0,0,0,-34.9,6,27,0.16913358,0.701528977,-0.145054476,0.676870022
1990,4978556,822930,0.985,0.04,-0.026,0,0,0,-35.2,6.2,27.1,0.16913358,0.701528977,-0.145054476,0.676870022
1991,4980777,822930,0.985,0.044,-0.022,0,0,0,-35.2,6.2,27.1,0.16913358,0.701528977,-0.145054476,0.676870022
1992,4983535,822930,0.985,0.036,-0.022,0,0,0,-35.2,6.2,27.1,0.16913358,0.701528977,-0.145054476,0.676870022
1993,4986732,822930,0.988,0.04,-0.022,0,0.1,0,-35.2,6.2,27.1,0.16913358,0.701528977,-0.145054476,0.676870022
1994,4988144,822940,0.985,0.036,-0.026,0,0,0,-35.2,6,27.3,0.169164098,0.701498459,-0.145054476,0.67690054
1995,4990566,822940,0.988,0.04,-0.022,0,0,0,-35.2,6,27.3,0.169164098,0.701498459,-0.145054476,0.67690054
1996,4993126,822940,0.985,0.036,-0.026,0,0,0,-35.2,6,27.3,0.169164098,0.701498459,-0.145054476,0.67690054
1997,4996203,822940,0.985,0.036,-0.022,0,0,0,-35.2,6,27.3,0.169164098,0.701498459,-0.145054476,0.67690054
1998,4998443,822950,0.981,0.04,-0.03,0,0,0,-34.7,6.1,27.5,0.169164098,0.701498459,-0.145054476,0.67690054
