sample_index,elapsed_us,device_time_ms,acc_x_g,acc_y_g,acc_z_g,gyro_x_dps,gyro_y_dps,gyro_z_dps,mag_x_ut,mag_y_ut,mag_z_ut,quat_w,quat_x,quat_y,quat_z
0,6357,34860,0.944,0.332,0.11,0.1,0.7,-0.1,-9.2,-34.6,10.9,0.664784692,-0.078890347,-0.660756249,-0.339396344
1,8563,34870,0.944,0.332,0.114,0.1,0.9,-0.3,-9.2,-34.6,10.9,0.664784692,-0.078890347,-0.660756249,-0.339396344
2,10729,34870,0.948,0.332,0.106,0.1,1,-0.3,-9.2,-34.6,10.9,0.66481521,-0.078890347,-0.66072573,-0.339396344
3,13171,34870,0.944,0.328,0.11,0.1,1.1,-0.5,-8.9,-34.8,9.6,0.66481521,-0.0788598285,-0.66072573,-0.339396344
4,15554,34870,0.956,0.328,0.114,0,1.1,-0.5,-8.9,-34.8,9.6,0.66481521,-0.07882931,-0.660695212,-0.339426862
5,17498,34880,0.948,0.332,0.11,0,1.1,-0.6,-8.9,-34.8,9.6,0.664845729,-0.07882931,-0.660695212,-0.339426862
6,19951,34880,0.948,0.328,0.114,-0.1,1.1,-0.7,-8.9,-34.8,9.6,0.664845729,-0.0787987915,-0.660664693,-0.339426862
7,23670,34880,0.952,0.332,0.114,-0.1,1.2,-0.7,-8.9,-34.5,9.9,0.664876247,-0.0787987915,-0.660664693,-0.339457381
8,25908,34880,0.952,0.324,0.11,-0.2,1.2,-0.8,-8.9,-34.5,9.9,0.664876247,-0.078768273,-0.660634175,-0.339487899
9,28156,34890,0.952,0.324,0.114,-0.3,1.1,-0.8,-8.9,-34.5,9.9,0.664876247,-0.078768273,-0.660634175,-0.339487899
10,30208,34890,0.948,0.324,0.118,-0.4,0.9,-0.9,-8.9,-34.5,9.9,0.664876247,-0.0787072359,-0.660603656,-0.339518418
11,32463,34890,0.952,0.324,0.121,-0.4,0.7,-1,-9.1,-34.5,10,0.664876247,-0.0787072359,-0.660603656,-0.339548936
12,36459,34890,0.948,0.32,0.11,-0.4,0.6,-1.1,-9.1,-34.5,10,0.664876247,-0.0787072359,-0.660573138,-0.339548936
13,38701,34900,0.952,0.32,0.114,-0.3,0.4,-1.2,-9.1,-34.5,10,0.664876247,-0.0787072359,-0.660573138,-0.339579455
14,40886,34900,0.952,0.316,0.114,-0.3,0.4,-1.2,-9.1,-34.5,10,0.664876247,-0.0786767174,-0.660573138,-0.339609973
15,43146,34900,0.948,0.324,0.11,-0.4,0.2,-1.2,-9.1,-34.5,10,0.664967803,-0.0789208655,-0.660573138,-0.339426862
16,45099,34900,0.952,0.32,0.114,-0.4,0.2,-1.2,-9.1,-34.5,10,0.664937284,-0.0789208655,-0.660573138,-0.339457381
17,47406,34910,0.944,0.32,0.118,-0.4,0.1,-1,-9.1,-34.5,10,0.664937284,-0.078890347,-0.660542619,-0.339457381
18,49602,34910,0.948,0.316,0.114,-0.5,0,-0.9,-9.1,-34.5,10,0.664937284,-0.078890347,-0.660542619,-0.339487899
19,54395,34910,0.948,0.324,0.118,-0.7,-0.1,-0.7,-9.3,-34.6,10.7,0.664937284,-0.078890347,-0.660542619,-0.339518418
20,54707,34910,0.948,0.316,0.118,-0.7,-0.1,-0.5,-9.3,-34.6,10.7,0.664906766,-0.078890347,-0.660542619,-0.339518418
21,58856,34920,0.944,0.32,0.114,-0.6,-0.2,-0.3,-9.3,-34.6,10.7,0.664906766,-0.0789208655,-0.660542619,-0.339548936
22,61303,34920,0.948,0.32,0.114,-0.4,-0.2,0,-9.3,-34.6,10.7,0.664906766,-0.0789208655,-0.660542619,-0.339548936
23,63442,34920,0.944,0.324,0.118,-0.4,-0.2,0.1,-9.3,-34.8,10.5,0.664906766,-0.0789208655,-0.660542619,-0.339548936
24,65659,34920,0.944,0.324,0.118,-0.2,-0.2,0.3,-9.3,-34.8,10.5,0.664906766,-0.0789208655,-0.660542619,-0.339548936
25,67621,34930,0.94,0.328,0.118,-0.2,-0.2,0.6,-9.3,-34.8,10.5,0.664906766,-0.078951384,-0.660542619,-0.339548936
26,69782,34930,0.94,0.332,0.122,0,-0.2,0.8,-9.3,-34.8,10.5,0.664906766,-0.078951384,-0.660542619,-0.339518418
27,73830,34930,0.94,0.328,0.118,0.1,-0.2,0.9,-9.3,-34.5,10.2,0.664906766,-0.0789819025,-0.660542619,-0.339518418
28,75791,34930,0.944,0.336,0.118,0.5,-0.2,0.9,-9.3,-34.5,10.2,0.664906766,-0.0789819025,-0.660573138,-0.339487899
29,78335,34940,0.936,0.332,0.122,0.9,-0.1,0.8,-9.3,-34.5,10.2,0.664937284,-0.0789819025,-0.660573138,-0.339457381
30,80181,34940,0.94,0.336,0.126,1.2,0,0.7,-9.3,-34.5,10.2,0.664937284,-0.0789819025,-0.660573138,-0.339426862
31,83620,34940,0.94,0.336,0.122,1.4,0,0.5,-9.4,-34.8,10.6,0.664937284,-0.078951384,-0.660573138,-0.339396344
32,85684,34940,0.94,0.336,0.122,1.7,0.2,0.5,-9.4,-34.8,10.6,0.664937284,-0.078951384,-0.660603656,-0.339365825
33,87732,34950,0.94,0.332,0.122,1.9,0.4,0.2,-9.4,-34.8,10.6,0.664967803,-0.0789208655,-0.660603656,-0.339335307
34,90996,34950,0.94,0.34,0.118,2.2,0.4,0.2,-9.4,-34.8,10.6,0.664967803,-0.078890347,-0.660603656,-0.339304788
35,93448,34950,0.944,0.336,0.118,2.4,0.7,-0.1,-9.4,-34.8,10.6,0.665089877,-0.078951384,-0.660542619,-0.339213233
36,95172,34950,0.944,0.336,0.118,2.4,0.7,-0.1,-9.4,-34.8,10.6,0.665089877,-0.0789208655,-0.660542619,-0.339182714
37,97475,34960,0.948,0.336,0.122,2.5,0.9,-0.3,-9.4,-34.8,10.6,0.665120396,-0.0788598285,-0.660573138,-0.339152196
38,100718,34960,0.948,0.336,0.118,2.6,1.1,-0.5,-9.4,-34.8,10.6,0.665120396,-0.0787987915,-0.660573138,-0.339121677
39,102441,34960,0.948,0.34,0.122,2.7,1.3,-0.6,-9.2,-34.6,10,0.665150914,-0.078768273,-0.660573138,-0.339091159
40,104814,34960,0.948,0.332,0.118,2.8,1.6,-0.6,-9.2,-34.6,10,0.665181433,-0.0787072359,-0.660573138,-0.33906064
41,107503,34970,0.952,0.34,0.118,2.8,1.8,-0.7,-9.2,-34.6,10,0.665181433,-0.0786156804,-0.660573138,-0.339030122
42,110009,34970,0.952,0.328,0.118,2.8,1.9,-0.9,-9.2,-34.6,10,0.665211951,-0.0785546434,-0.660542619,-0.338999603
43,112364,34970,0.952,0.336,0.118,2.8,1.9,-1,-9.5,-34.9,9.5,0.66524247,-0.0784936064,-0.660542619,-0.338969085
44,116355,34970,0.956,0.332,0.118,2.7,2,-1.1,-9.5,-34.9,9.5,0.665272988,-0.0784020508,-0.660542619,-0.338969085
45,118723,34980,0.956,0.328,0.118,2.6,2.1,-1.1,-9.5,-34.9,9.5,0.665303507,-0.0783410138,-0.660542619,-0.338938566
46,120835,34980,0.96,0.336,0.118,2.6,2.3,-1.2,-9.5,-34.9,9.5,0.665334025,-0.0782799768,-0.660512101,-0.338938566
47,122773,34980,0.956,0.328,0.114,2.5,2.4,-1,-9.1,-34.7,9.9,0.665364544,-0.0781884213,-0.660512101,-0.338908048
48,126145,34980,0.956,0.336,0.118,2.5,2.3,-1,-9.1,-34.7,9.9,0.665395062,-0.0781273843,-0.660481582,-0.338877529
49,128389,34990,0.964,0.332,0.117,2.5,2.3,-0.9,-9.1,-34.7,9.9,0.665425581,-0.0780663472,-0.660481582,-0.338877529
50,130840,34990,0.96,0.336,0.118,2.3,2.3,-1,-9.1,-34.7,9.9,0.665456099,-0.0780053102,-0.660451064,-0.338847011
51,133772,34990,0.96,0.336,0.114,2.2,2.3,-1,-9.5,-34.5,9.7,0.665486618,-0.0779137547,-0.660451064,-0.338847011
52,135807,34990,0.96,0.332,0.117,2,2.3,-1,-9.5,-34.5,9.7,0.665517136,-0.0778527177,-0.660420545,-0.338847011
53,137502,35000,0.96,0.336,0.118,1.8,2.3,-0.9,-9.5,-34.5,9.7,0.665547655,-0.0777916807,-0.660420545,-0.338816492
54,139923,35000,0.96,0.336,0.118,1.8,2.3,-0.9,-9.5,-34.5,9.7,0.665547655,-0.0777916807,-0.660420545,-0.338816492
55,144093,35000,0.96,0.34,0.114,1.2,2,-0.7,-9.5,-34.5,9.7,0.66563921,-0.0778527177,-0.660390027,-0.338694418
56,144621,35000,0.96,0.34,0.114,1.2,2,-0.7,-9.5,-34.5,9.7,0.665669729,-0.0777916807,-0.660359508,-0.338694418
57,147140,35010,0.96,0.343,0.122,1,1.8,-0.5,-9.5,-34.5,9.7,0.665669729,-0.0777306436,-0.660359508,-0.338694418
58,151391,35010,0.956,0.339,0.118,0.8,1.6,-0.3,-9.5,-34.5,9.7,0.665700247,-0.0777306436,-0.66032899,-0.338694418
59,153251,35010,0.956,0.343,0.126,0.7,1.5,-0.3,-9.2,-34.4,10,0.665730766,-0.0777001251,-0.660298471,-0.338694418
60,155737,35010,0.956,0.339,0.122,0.7,1.5,-0.3,-9.2,-34.4,10,0.665761284,-0.0776696066,-0.660298471,-0.338694418
61,157591,35020,0.956,0.339,0.118,0.8,1.6,-0.5,-9.2,-34.4,10,0.665761284,-0.0776390881,-0.660267953,-0.338694418
62,161624,35020,0.956,0.339,0.122,0.9,1.6,-0.4,-9.2,-34.4,10,0.665791803,-0.0776085696,-0.660267953,-0.3386639
63,164004,35020,0.956,0.343,0.122,0.9,1.5,-0.4,-8.9,-34.3,10.7,0.665822321,-0.0775780511,-0.660237434,-0.3386639
64,166189,35020,0.956,0.343,0.122,0.8,1.5,-0.2,-8.9,-34.3,10.7,0.665822321,-0.0775475326,-0.660237434,-0.3386639
65,168009,35030,0.952,0.339,0.126,0.8,1.6,-0.2,-8.9,-34.3,10.7,0.66585284,-0.0775170141,-0.660206915,-0.3386639
66,170668,35030,0.956,0.34,0.114,0.8,1.7,0,-8.9,-34.3,10.7,0.665883358,-0.0774864956,-0.660206915,-0.3386639
67,172292,35030,0.948,0.336,0.122,0.8,1.8,-0.1,-8.9,-34,10.4,0.665913877,-0.0774864956,-0.660176397,-0.338633381
68,176485,35030,0.948,0.336,0.122,0.9,1.8,-0.2,-8.9,-34,10.4,0.665944395,-0.0774559771,-0.660145878,-0.338633381
69,178433,35040,0.948,0.336,0.122,1,1.8,-0.3,-8.9,-34,10.4,0.665974914,-0.07739494,-0.660145878,-0.338633381
70,181099,35040,0.948,0.336,0.122,1,1.8,-0.3,-8.9,-34,10.4,0.665974914,-0.07739494,-0.660145878,-0.338633381
71,183596,35040,0.944,0.332,0.122,1.3,2,-0.7,-9,-34.5,10.4,0.666005432,-0.077333903,-0.660084841,-0.338633381
72,185728,35040,0.944,0.336,0.122,1.5,2.2,-0.8,-9,-34.5,10.4,0.666035951,-0.0772423475,-0.660084841,-0.338602863
73,187304,35050,0.936,0.328,0.126,1.7,2.3,-0.9,-9,-34.5,10.4,0.666066469,-0.077211829,-0.660054323,-0.338602863
74,192495,35050,0.94,0.328,0.122,1.9,2.3,-0.8,-9,-34.5,10.4,0.666096988,-0.077150792,-0.660054323,-0.338602863
75,192495,35050,0.936,0.328,0.118,2,2.6,-0.9,-9,-34.5,10.4,0.666188543,-0.077211829,-0.659993286,-0.338511307
76,196885,35050,0.94,0.332,0.122,2,2.6,-0.9,-9,-34.5,10.4,0.666219062,-0.077150792,-0.659962767,-0.338480789
77,197233,35060,0.936,0.332,0.122,2,2.7,-0.8,-9,-34.5,10.4,0.666280099,-0.0770897549,-0.659932249,-0.338480789
78,201347,35060,0.94,0.332,0.118,2,2.6,-0.7,-9,-34.5,10.4,0.666310617,-0.0770287179,-0.659932249,-0.338480789
79,203565,35060,0.94,0.328,0.122,2.1,2.5,-0.6,-9.4,-34.5,9.5,0.666341136,-0.0769676809,-0.65990173,-0.33845027
80,205822,35060,0.94,0.328,0.114,2.1,2.5,-0.4,-9.4,-34.5,9.5,0.666371654,-0.0769066439,-0.659871212,-0.338419752
81,208231,35070,0.936,0.336,0.122,2.1,2.6,-0.5,-9.4,-34.5,9.5,0.666402173,-0.0768456069,-0.659871212,-0.338419752
82,210984,35070,0.936,0.336,0.122,2.1,2.6,-0.6,-9.4,-34.5,9.5,0.66646321,-0.0767540513,-0.659840693,-0.338358715
83,213353,35070,0.933,0.336,0.126,2.1,2.6,-0.6,-8.8,-34.3,9.6,0.666493728,-0.0767235328,-0.659810175,-0.338358715
84,215728,35070,0.936,0.336,0.126,2.1,2.6,-0.5,-8.8,-34.3,9.6,0.666524247,-0.0766624958,-0.659779656,-0.338358715
85,218604,35080,0.936,0.336,0.122,2.1,2.7,-0.2,-8.8,-34.3,9.6,0.666585284,-0.0766014588,-0.659779656,-0.338328196
86,220858,35080,0.936,0.336,0.126,2.1,2.6,0.1,-8.8,-34.3,9.6,0.666615802,-0.0765709403,-0.659749138,-0.338297678
87,223147,35080,0.936,0.336,0.13,2,2.5,0.4,-9.4,-34.6,10,0.666646321,-0.0765099033,-0.659718619,-0.338267159
88,225089,35080,0.929,0.34,0.126,2,2.5,0.6,-9.4,-34.6,10,0.666707358,-0.0764793847,-0.659688101,-0.338236641
89,229059,35090,0.929,0.34,0.126,2,2.5,0.6,-9.4,-34.6,10,0.666707358,-0.0764793847,-0.659688101,-0.338236641
90,231282,35090,0.933,0.34,0.122,1.9,2.6,0.5,-9.4,-34.6,10,0.666798914,-0.0763878292,-0.659657582,-0.338175604
91,233590,35090,0.936,0.344,0.122,1.9,2.6,0.4,-9.1,-34.3,9.6,0.666829432,-0.0763573107,-0.659627064,-0.338145085
92,235546,35090,0.936,0.34,0.122,1.9,2.6,0.4,-9.1,-34.3,9.6,0.666890469,-0.0763267922,-0.659596545,-0.338114566
93,237536,35100,0.933,0.34,0.126,1.9,2.7,0.4,-9.1,-34.3,9.6,0.666920988,-0.0762657552,-0.659566027,-0.338084048
94,239875,35100,0.933,0.344,0.118,1.9,2.8,0.5,-9.1,-34.3,9.6,0.666982025,-0.0762352367,-0.659535508,-0.338053529
95,242774,35100,0.933,0.348,0.122,1.9,2.7,0.6,-9.1,-34.3,9.6,0.66707358,-0.0762352367,-0.659474471,-0.337992492
96,244980,35100,0.933,0.348,0.122,1.9,2.7,0.6,-9.1,-34.3,9.6,0.667104099,-0.0762047182,-0.659443953,-0.337961974
97,247298,35110,0.933,0.348,0.122,1.9,2.7,0.6,-9.1,-34.3,9.6,0.667165136,-0.0761436811,-0.659443953,-0.337931455
98,249632,35110,0.936,0.344,0.122,2,2.6,0.6,-9.1,-34.3,9.6,0.667195654,-0.0761131626,-0.659413434,-0.337900937
99,252200,35110,0.936,0.347,0.126,2.1,2.6,0.5,-9.7,-34.7,9,0.667256691,-0.0760826441,-0.659382916,-0.337870418
100,255710,35110,0.94,0.347,0.122,2.3,2.5,0.4,-9.7,-34.7,9,0.66728721,-0.0760216071,-0.659352397,-0.337809381
101,258346,35120,0.936,0.348,0.122,2.4,2.5,0.3,-9.7,-34.7,9,0.667348247,-0.0759910886,-0.659352397,-0.337778863
102,260602,35120,0.936,0.34,0.126,2.5,2.4,0.2,-9.7,-34.7,9,0.667378765,-0.0759300516,-0.659321879,-0.337748344
103,264221,35120,0.936,0.344,0.122,2.4,2.4,0.1,-9.6,-34.6,10.4,0.667409284,-0.0758690146,-0.659321879,-0.337717826
104,264780,35120,0.933,0.336,0.122,2.5,2.5,0.1,-9.6,-34.6,10.4,0.667470321,-0.075838496,-0.65929136,-0.337687307
105,267351,35130,0.933,0.34,0.122,2.5,2.6,0,-9.6,-34.6,10.4,0.667500839,-0.075777459,-0.659260842,-0.337656789
106,269633,35130,0.936,0.34,0.126,2.5,2.5,0,-9.6,-34.6,10.4,0.667531358,-0.075716422,-0.659260842,-0.33762627
107,274174,35130,0.936,0.34,0.126,2.5,2.4,-0.2,-9.7,-34.8,9.8,0.667592395,-0.075655385,-0.659230323,-0.337595752
108,274598,35130,0.936,0.336,0.122,2.6,2.3,-0.4,-9.7,-34.8,9.8,0.667622913,-0.075594348,-0.659230323,-0.337565233
109,277326,35140,0.936,0.336,0.122,2.8,2.2,-0.5,-9.7,-34.8,9.8,0.667653432,-0.075533311,-0.659199805,-0.337534715
110,281673,35140,0.936,0.34,0.122,2.8,2.1,-0.5,-9.7,-34.8,9.8,0.66768395,-0.0754722739,-0.659199805,-0.337504196
111,283898,35140,0.936,0.34,0.126,2.9,2,-0.4,-9.6,-34.8,9.7,0.667714469,-0.0754112369,-0.659199805,-0.337473678
112,286185,35140,0.936,0.34,0.126,2.9,2,-0.4,-9.6,-34.8,9.7,0.667714469,-0.0754112369,-0.659199805,-0.337473678
113,288448,35150,0.936,0.336,0.122,2.9,2.1,-0.5,-9.6,-34.8,9.7,0.667775506,-0.0752586444,-0.659169286,-0.337412641
114,290212,35150,0.94,0.336,0.126,3,2.3,-0.5,-9.6,-34.8,9.7,0.667806024,-0.0751976073,-0.659169286,-0.337382122
115,292509,35150,0.933,0.332,0.122,3.1,2.3,-0.2,-9.6,-34.8,9.7,0.667928098,-0.0752281259,-0.659077731,-0.337260048
116,297243,35150,0.936,0.34,0.122,3.1,2.3,-0.2,-9.6,-34.8,9.7,0.667958617,-0.0751670888,-0.659077731,-0.33722953
117,297243,35160,0.933,0.34,0.122,3.1,2.3,-0.2,-9.6,-34.8,9.7,0.668019654,-0.0751060518,-0.659077731,-0.337199011
118,299845,35160,0.933,0.34,0.122,3.2,2.1,-0.3,-9.6,-34.8,9.7,0.668050172,-0.0750450148,-0.659077731,-0.337137974
119,303809,35160,0.929,0.34,0.122,3.4,2.1,-0.3,-9.7,-34.9,9,0.668080691,-0.0749534593,-0.659047212,-0.337107456
120,306059,35160,0.933,0.336,0.122,3.4,2,-0.3,-9.7,-34.9,9,0.668111209,-0.0748924223,-0.659047212,-0.337076937
121,308159,35170,0.933,0.336,0.122,3.2,1.8,-0.3,-9.7,-34.9,9,0.668141728,-0.0748008667,-0.659047212,-0.337046419
122,310342,35170,0.933,0.336,0.122,2.9,1.7,-0.3,-9.7,-34.9,9,0.668172246,-0.0747703482,-0.659047212,-0.336985382
123,312391,35170,0.933,0.336,0.122,2.7,1.6,-0.4,-9.5,-34,10.3,0.668202765,-0.0747093112,-0.659047212,-0.336954863
124,316399,35170,0.936,0.336,0.122,2.5,1.5,-0.5,-9.5,-34,10.3,0.668202765,-0.0746482742,-0.659047212,-0.336954863
125,318694,35180,0.933,0.34,0.122,2.2,1.5,-0.5,-9.5,-34,10.3,0.668233283,-0.0745872372,-0.659047212,-0.336924345
126,320637,35180,0.936,0.344,0.122,1.9,1.5,-0.5,-9.5,-34,10.3,0.668263802,-0.0745567186,-0.659016694,-0.336893826
127,322641,35180,0.936,0.336,0.122,1.6,1.5,-0.4,-9.5,-34.7,10.1,0.668263802,-0.0745262001,-0.659016694,-0.336893826
128,324948,35180,0.936,0.34,0.126,1.5,1.3,-0.4,-9.5,-34.7,10.1,0.668294321,-0.0744651631,-0.659016694,-0.336863308
129,327238,35190,0.933,0.344,0.126,1.3,1.2,-0.3,-9.5,-34.7,10.1,0.668324839,-0.0744346446,-0.659016694,-0.336863308
130,332264,35190,0.936,0.336,0.122,1.2,1,-0.2,-9.5,-34.7,10.1,0.668324839,-0.0744041261,-0.658986175,-0.336863308
131,332264,35190,0.933,0.336,0.126,1.1,0.8,0,-9.6,-34.5,10.3,0.668355358,-0.0743736076,-0.658986175,-0.336832789
132,336654,35190,0.94,0.34,0.122,0.9,0.6,0,-9.6,-34.5,10.3,0.668355358,-0.0743736076,-0.658986175,-0.336832789
133,338821,35200,0.94,0.343,0.126,0.9,0.4,0.1,-9.6,-34.5,10.3,0.668355358,-0.0743125706,-0.658986175,-0.336802271
134,340957,35200,0.933,0.344,0.126,0.9,0.2,0.1,-9.6,-34.5,10.3,0.668355358,-0.0743125706,-0.658986175,-0.336802271
135,343252,35200,0.936,0.347,0.126,1,0,0.3,-9.6,-34.5,10.3,0.668416395,-0.0744041261,-0.658955657,-0.336741234
136,345379,35200,0.936,0.347,0.13,1,0,0.3,-9.6,-34.5,10.3,0.668416395,-0.0743736076,-0.658955657,-0.336710715
137,347403,35210,0.936,0.351,0.13,1.1,0,0.4,-9.6,-34.5,10.3,0.668446913,-0.0743736076,-0.658986175,-0.336680197
138,350172,35210,0.936,0.351,0.126,1.2,0,0.8,-9.6,-34.5,10.3,0.668446913,-0.0743736076,-0.658986175,-0.336649678
139,352336,35210,0.94,0.355,0.126,1.4,0,1,-9.3,-34.6,9.5,0.668446913,-0.0743125706,-0.658986175,-0.33661916
140,354771,35210,0.94,0.351,0.13,1.4,0.2,1.1,-9.3,-34.6,9.5,0.668477432,-0.0743125706,-0.658986175,-0.336588641
141,358341,35220,0.94,0.355,0.13,1.5,0.4,1.3,-9.3,-34.6,9.5,0.668477432,-0.0743125706,-0.658986175,-0.336558123
142,360048,35220,0.944,0.359,0.13,1.7,0.5,1.5,-9.3,-34.6,9.5,0.66850795,-0.0743125706,-0.658986175,-0.336497085
143,363445,35220,0.948,0.355,0.13,1.8,0.4,1.5,-9.2,-34.8,9.9,0.668538469,-0.0743125706,-0.659016694,-0.336466567
144,365795,35220,0.948,0.359,0.13,2,0.4,1.3,-9.2,-34.8,9.9,0.668538469,-0.0743125706,-0.659016694,-0.33640553
145,368779,35230,0.952,0.355,0.13,2.1,0.5,1,-9.2,-34.8,9.9,0.668568987,-0.0742820521,-0.659016694,-0.336375011
146,370838,35230,0.952,0.355,0.13,2.3,0.5,0.5,-9.2,-34.8,9.9,0.668599506,-0.0742515336,-0.659016694,-0.336313974
147,372708,35230,0.948,0.347,0.13,2.4,0.5,0.2,-9.3,-34.5,9.6,0.668599506,-0.074221015,-0.659047212,-0.336283456
148,376807,35230,0.952,0.347,0.13,2.5,0.4,-0.2,-9.3,-34.5,9.6,0.668599506,-0.0741904965,-0.659047212,-0.336252937
149,377170,35240,0.952,0.351,0.13,2.5,0.4,-0.8,-9.3,-34.5,9.6,0.668599506,-0.0741294595,-0.659047212,-0.336222419
150,381515,35240,0.948,0.347,0.13,2.5,0.3,-1.2,-9.3,-34.5,9.6,0.668599506,-0.0740684225,-0.659077731,-0.336222419
151,383515,35240,0.948,0.343,0.126,2.5,0.3,-1.6,-9.3,-34.5,9.8,0.668599506,-0.0740073855,-0.659077731,-0.3361919
152,385794,35240,0.948,0.339,0.13,2.3,0.3,-1.9,-9.3,-34.5,9.8,0.668599506,-0.0739463485,-0.659108249,-0.3361919
153,389300,35250,0.944,0.332,0.13,2.2,0.4,-1.9,-9.3,-34.5,9.8,0.668599506,-0.0738853114,-0.659108249,-0.3361919
154,389670,35250,0.944,0.332,0.13,2,0.4,-2,-9.3,-34.5,9.8,0.668599506,-0.0738242744,-0.659138768,-0.3361919
155,392320,35250,0.944,0.328,0.129,1.8,0.4,-1.9,-9.3,-34.5,9.8,0.668660543,-0.0738242744,-0.659108249,-0.336130863
156,396742,35250,0.944,0.328,0.129,1.6,0.4,-1.9,-9.3,-34.5,9.8,0.668660543,-0.0737937559,-0.659108249,-0.336130863
157,399048,35260,0.936,0.328,0.13,1.4,0.3,-2,-9.3,-34.5,9.8,0.668630024,-0.0737327189,-0.659108249,-0.336161382
158,401237,35260,0.94,0.328,0.126,1.1,0.1,-2.1,-9.3,-34.5,9.8,0.668630024,-0.0737022004,-0.659138768,-0.336161382
159,403380,35260,0.936,0.328,0.13,0.8,0.2,-2,-9.1,-34.7,9.5,0.668630024,-0.0736411634,-0.659138768,-0.3361919
160,405633,35260,0.94,0.324,0.126,0.3,0.4,-1.9,-9.1,-34.7,9.5,0.668599506,-0.0736106449,-0.659138768,-0.336222419
161,407357,35270,0.936,0.328,0.13,0,0.4,-1.7,-9.1,-34.7,9.5,0.668599506,-0.0735801263,-0.659138768,-0.336222419
162,409676,35270,0.936,0.332,0.13,-0.2,0.4,-1.4,-9.1,-34.7,9.5,0.668599506,-0.0735496078,-0.659108249,-0.336252937
163,412320,35270,0.936,0.324,0.126,-0.5,0.2,-0.9,-8.9,-34.6,10.2,0.668599506,-0.0735496078,-0.659108249,-0.336283456
164,417071,35270,0.936,0.328,0.13,-0.8,0.1,-0.7,-8.9,-34.6,10.2,0.668599506,-0.0735496078,-0.659108249,-0.336313974
165,417503,35280,0.936,0.328,0.13,-1,0,-0.5,-8.9,-34.6,10.2,0.668599506,-0.0735496078,-0.659108249,-0.336313974
166,419964,35280,0.936,0.328,0.13,-1,0,-0.5,-8.9,-34.6,10.2,0.668599506,-0.0735496078,-0.659108249,-0.336313974
167,423744,35280,0.94,0.336,0.13,-1.2,-0.1,-0.1,-9,-34.3,9.5,0.668568987,-0.0735801263,-0.659077731,-0.336375011
168,426007,35280,0.94,0.332,0.13,-1.3,-0.2,0.1,-9,-34.3,9.5,0.668568987,-0.0736106449,-0.659077731,-0.336375011
169,428275,35290,0.936,0.336,0.13,-1.4,-0.3,0.2,-9,-34.3,9.5,0.668568987,-0.0736411634,-0.659077731,-0.33640553
170,430129,35290,0.94,0.336,0.13,-1.5,-0.4,0.3,-9,-34.3,9.5,0.668568987,-0.0736716819,-0.659077731,-0.33640553
171,434338,35290,0.936,0.34,0.13,-1.6,-0.5,0.4,-9.1,-34.7,10,0.668568987,-0.0737022004,-0.659047212,-0.33640553
172,434833,35290,0.936,0.34,0.13,-1.6,-0.5,0.4,-9.1,-34.7,10,0.668538469,-0.0737327189,-0.659047212,-0.33640553
173,437061,35300,0.94,0.34,0.13,-1.6,-0.5,0.5,-9.1,-34.7,10,0.668538469,-0.0737632374,-0.659047212,-0.336466567
174,441926,35300,0.936,0.343,0.134,-1.5,-0.5,0.5,-9.1,-34.7,10,0.668538469,-0.0737937559,-0.659047212,-0.336466567
175,442255,35300,0.936,0.347,0.134,-1.2,-0.4,0.5,-9.1,-34.7,10,0.668630024,-0.0738853114,-0.658955657,-0.336466567
176,446396,35300,0.936,0.347,0.134,-1.2,-0.4,0.5,-9.1,-34.7,10,0.668630024,-0.0738853114,-0.658955657,-0.336466567
177,448666,35310,0.936,0.343,0.13,-0.6,-0.4,0.9,-9.1,-34.7,10,0.668599506,-0.0739463485,-0.658955657,-0.336466567
178,450966,35310,0.936,0.351,0.13,-0.4,-0.3,1,-9.1,-34.7,10,0.668630024,-0.073976867,-0.658955657,-0.336466567
179,453075,35310,0.94,0.343,0.126,-0.2,-0.3,1,-9,-34.4,9.7,0.668630024,-0.073976867,-0.658955657,-0.33640553
180,455045,35310,0.936,0.347,0.126,0,-0.1,1,-9,-34.4,9.7,0.668630024,-0.0740073855,-0.658955657,-0.33640553
181,457398,35320,0.94,0.351,0.122,0.2,0,0.9,-9,-34.4,9.7,0.668630024,-0.0740073855,-0.658955657,-0.33640553
182,461307,35320,0.944,0.351,0.126,0.3,0.2,0.9,-9,-34.4,9.7,0.668630024,-0.074037904,-0.658955657,-0.33640553
183,463609,35320,0.94,0.347,0.13,0.3,0.4,0.7,-9.2,-34.4,9.7,0.668660543,-0.074037904,-0.658955657,-0.336375011
184,465935,35320,0.94,0.347,0.122,0.4,0.6,0.5,-9.2,-34.4,9.7,0.668660543,-0.074037904,-0.658955657,-0.336375011
185,467812,35330,0.94,0.347,0.122,0.4,0.7,0.3,-9.2,-34.4,9.7,0.668691061,-0.0740073855,-0.658925138,-0.336344493
186,470011,35330,0.948,0.347,0.126,0.4,0.8,0,-9.2,-34.4,9.7,0.668691061,-0.0740073855,-0.658925138,-0.336344493
187,472338,35330,0.944,0.343,0.126,0.3,0.8,-0.2,-9.3,-34.5,9.7,0.66872158,-0.073976867,-0.658925138,-0.336344493
188,476376,35330,0.94,0.343,0.126,0.3,0.9,-0.4,-9.3,-34.5,9.7,0.66872158,-0.073976867,-0.65889462,-0.336344493
189,478426,35340,0.94,0.343,0.13,0.3,0.9,-0.7,-9.3,-34.5,9.7,0.66872158,-0.0739463485,-0.65889462,-0.336344493
190,480741,35340,0.944,0.343,0.13,0.3,0.9,-0.9,-9.3,-34.5,9.7,0.66872158,-0.07391583,-0.65889462,-0.336375011
191,482561,35340,0.944,0.339,0.13,0.3,1,-0.9,-9.2,-34.9,9.5,0.668752098,-0.0738853114,-0.658864101,-0.336375011
192,484796,35340,0.944,0.343,0.126,0.4,0.9,-0.8,-9.2,-34.9,9.5,0.668752098,-0.0738853114,-0.658864101,-0.336375011
193,489912,35350,0.944,0.336,0.13,0.4,0.9,-0.7,-9.2,-34.9,9.5,0.668752098,-0.0738242744,-0.658864101,-0.33640553
194,489912,35350,0.944,0.34,0.126,0.4,0.8,-0.7,-9.2,-34.9,9.5,0.668752098,-0.0738242744,-0.658864101,-0.33640553
195,492527,35350,0.944,0.34,0.126,0.4,0.8,-0.9,-9.2,-34.9,9.5,0.668843654,-0.0738853114,-0.658772546,-0.336344493
196,496547,35350,0.944,0.34,0.126,0.4,0.9,-1.1,-9.2,-34.9,9.5,0.668843654,-0.0738242744,-0.658772546,-0.336344493
197,498765,35360,0.944,0.336,0.13,0.3,1,-1.2,-9.2,-34.9,9.5,0.668874172,-0.0738242744,-0.658772546,-0.336375011
198,501027,35360,0.94,0.332,0.126,0.1,0.9,-1.2,-9.2,-34.9,9.5,0.668874172,-0.0737937559,-0.658742027,-0.336375011
199,503236,35360,0.94,0.336,0.126,0,0.8,-1.4,-8.7,-34.5,10,0.668874172,-0.0737937559,-0.658742027,-0.33640553
200,507096,35360,0.944,0.336,0.13,0,0.7,-1.3,-8.7,-34.5,10,0.668874172,-0.0737632374,-0.658742027,-0.33640553
201,507514,35370,0.94,0.332,0.126,0,0.6,-1.2,-8.7,-34.5,10,0.668874172,-0.0737327189,-0.658742027,-0.33640553
202,509797,35370,0.944,0.332,0.122,0,0.6,-1.1,-8.7,-34.5,10,0.668874172,-0.0737022004,-0.658711509,-0.336466567
203,514029,35370,0.94,0.332,0.126,0,0.6,-1.2,-9,-34.3,10,0.668874172,-0.0736716819,-0.658711509,-0.336497085
204,514633,35370,0.944,0.328,0.122,-0.1,0.4,-1.3,-9,-34.3,10,0.668874172,-0.0736716819,-0.658711509,-0.336497085
205,517209,35380,0.944,0.332,0.126,-0.3,0.4,-1.3,-9,-34.3,10,0.668874172,-0.0736411634,-0.658711509,-0.336527604
206,521525,35380,0.94,0.332,0.122,-0.5,0.3,-1.2,-9,-34.3,10,0.668874172,-0.0736411634,-0.65868099,-0.336558123
207,523788,35380,0.94,0.332,0.122,-0.8,0.2,-1,-8.8,-34.4,10,0.668843654,-0.0736411634,-0.65868099,-0.336588641
208,526081,35380,0.944,0.332,0.126,-1,0.1,-0.8,-8.8,-34.4,10,0.668843654,-0.0736411634,-0.65868099,-0.33661916
209,528103,35390,0.944,0.336,0.126,-1.1,0.2,-0.8,-8.8,-34.4,10,0.668843654,-0.0736411634,-0.65868099,-0.336649678
210,530070,35390,0.944,0.332,0.126,-1.2,0.3,-0.7,-8.8,-34.4,10,0.668843654,-0.0736411634,-0.658650472,-0.336680197
211,534114,35390,0.94,0.332,0.126,-1,0.2,-0.7,-9,-34.2,9.9,0.668843654,-0.0736411634,-0.658650472,-0.336710715
212,536372,35390,0.944,0.328,0.126,-0.9,0.1,-0.7,-9,-34.2,9.9,0.668843654,-0.0736411634,-0.658650472,-0.336710715
213,538544,35400,0.944,0.336,0.126,-0.9,0,-0.6,-9,-34.2,9.9,0.668813135,-0.0736411634,-0.658619953,-0.336741234
214,541569,35400,0.94,0.332,0.126,-0.8,0,-0.5,-9,-34.2,9.9,0.668813135,-0.0736411634,-0.658619953,-0.336771752
215,543626,35400,0.94,0.34,0.13,-0.7,-0.2,-0.5,-9,-34.2,9.9,0.668904691,-0.0738242744,-0.658589434,-0.336649678
216,545904,35400,0.94,0.34,0.13,-0.6,-0.3,-0.4,-9,-34.2,9.9,0.668904691,-0.0738242744,-0.658589434,-0.336649678
217,548164,35410,0.94,0.336,0.126,-0.5,-0.3,-0.2,-9,-34.2,9.9,0.668904691,-0.0738242744,-0.658589434,-0.336680197
218,551196,35410,0.94,0.34,0.126,-0.4,-0.2,-0.2,-9,-34.2,9.9,0.668904691,-0.0738242744,-0.658589434,-0.336680197
219,553426,35410,0.94,0.34,0.13,-0.2,0,-0.1,-9.4,-34.4,10.3,0.668874172,-0.0738853114,-0.658589434,-0.336680197
220,555207,35410,0.94,0.34,0.13,-0.1,0,-0.1,-9.4,-34.4,10.3,0.668874172,-0.0738853114,-0.658589434,-0.336680197
221,557379,35420,0.94,0.34,0.126,0,0,0,-9.4,-34.4,10.3,0.668874172,-0.0738853114,-0.658589434,-0.336680197
222,559796,35420,0.94,0.34,0.13,0,0.1,0.1,-9.4,-34.4,10.3,0.668874172,-0.0738853114,-0.658558916,-0.336680197
223,564608,35420,0.944,0.34,0.126,0,0.2,0.3,-9,-34.4,9.8,0.668904691,-0.0738853114,-0.658558916,-0.336680197
224,565795,35420,0.944,0.343,0.126,0,0.2,0.4,-9,-34.4,9.8,0.668904691,-0.0738853114,-0.658558916,-0.336680197
225,568329,35430,0.94,0.343,0.126,0.1,0.4,0.3,-9,-34.4,9.8,0.668904691,-0.0738853114,-0.658558916,-0.336680197
226,570999,35430,0.948,0.343,0.126,0.1,0.5,0.1,-9,-34.4,9.8,0.668935209,-0.0738853114,-0.658558916,-0.336680197
227,573404,35430,0.948,0.339,0.126,0.1,0.7,0,-9.6,-34.7,9.8,0.668935209,-0.0738242744,-0.658528397,-0.336649678
228,576036,35430,0.944,0.339,0.13,0.2,0.7,-0.1,-9.6,-34.7,9.8,0.668935209,-0.0738242744,-0.658528397,-0.336649678
229,578303,35440,0.948,0.343,0.13,0.3,0.9,-0.3,-9.6,-34.7,9.8,0.668935209,-0.0738242744,-0.658528397,-0.336680197
230,580620,35440,0.952,0.339,0.126,0.6,1,-0.5,-9.6,-34.7,9.8,0.668935209,-0.0738242744,-0.658528397,-0.336680197
231,582277,35440,0.948,0.339,0.13,0.6,1,-0.8,-9.1,-34.8,9.8,0.668935209,-0.0737937559,-0.658497879,-0.336680197
232,584896,35440,0.948,0.339,0.13,0.6,1,-0.8,-9.1,-34.8,9.8,0.668935209,-0.0737937559,-0.658497879,-0.336680197
233,588563,35450,0.948,0.339,0.13,0.6,1,-0.8,-9.1,-34.8,9.8,0.668935209,-0.0737937559,-0.658497879,-0.336680197
234,590753,35450,0.952,0.335,0.126,0.4,1,-1.2,-9.1,-34.8,9.8,0.668996246,-0.0736716819,-0.65846736,-0.336710715
235,593203,35450,0.952,0.343,0.13,0.3,1,-1.3,-9.1,-34.8,9.8,0.669057283,-0.0737632374,-0.658436842,-0.33661916
236,595077,35450,0.948,0.339,0.13,0.2,1,-1.3,-9.1,-34.8,9.8,0.669087802,-0.0737327189,-0.658406323,-0.336649678
237,599120,35460,0.952,0.335,0.129,0.1,0.9,-1.2,-9.1,-34.8,9.8,0.669087802,-0.0737022004,-0.658406323,-0.336649678
238,601326,35460,0.948,0.336,0.126,0.1,0.7,-1.3,-9.1,-34.8,9.8,0.669087802,-0.0736716819,-0.658406323,-0.336680197
239,603564,35460,0.944,0.328,0.122,0,0.6,-1.4,-9.3,-34.5,10,0.669087802,-0.0736716819,-0.658406323,-0.336710715
240,605819,35460,0.948,0.336,0.126,0,0.7,-1.5,-9.3,-34.5,10,0.669087802,-0.0736411634,-0.658375805,-0.336710715
241,607658,35470,0.944,0.332,0.126,-0.1,0.6,-1.6,-9.3,-34.5,10,0.669087802,-0.0736106449,-0.658375805,-0.336741234
242,611759,35470,0.944,0.328,0.118,-0.4,0.6,-1.7,-9.3,-34.5,10,0.669087802,-0.0735801263,-0.658375805,-0.336771752
243,612287,35470,0.948,0.332,0.126,-0.5,0.5,-1.7,-9,-34.3,9.9,0.669057283,-0.0735496078,-0.658345286,-0.336832789
244,614702,35470,0.948,0.328,0.125,-0.7,0.4,-1.6,-9,-34.3,9.9,0.669057283,-0.0735496078,-0.658345286,-0.336863308
245,617365,35480,0.944,0.328,0.126,-0.8,0.3,-1.6,-9,-34.3,9.9,0.669057283,-0.0735190893,-0.658345286,-0.336893826
246,621292,35480,0.944,0.336,0.126,-1,0.2,-1.5,-9,-34.3,9.9,0.669057283,-0.0735190893,-0.658345286,-0.336924345
247,623614,35480,0.94,0.336,0.126,-1.3,0.1,-1.4,-9.2,-34.5,9.8,0.669026765,-0.0735190893,-0.658314768,-0.336954863
248,625709,35480,0.944,0.336,0.126,-1.5,0,-1.2,-9.2,-34.5,9.8,0.669026765,-0.0735190893,-0.658314768,-0.3370159
249,627721,35490,0.944,0.336,0.13,-1.7,-0.2,-1.1,-9.2,-34.5,9.8,0.668996246,-0.0735496078,-0.658314768,-0.337046419
250,629981,35490,0.944,0.332,0.126,-1.7,-0.4,-1,-9.2,-34.5,9.8,0.668996246,-0.0735496078,-0.658314768,-0.337076937
251,634177,35490,0.94,0.332,0.126,-1.7,-0.4,-0.9,-9.1,-33.9,10.2,0.668935209,-0.0735801263,-0.658284249,-0.337137974
252,634624,35490,0.944,0.339,0.13,-1.6,-0.5,-0.7,-9.1,-33.9,10.2,0.668935209,-0.0735801263,-0.658284249,-0.337168493
253,638962,35500,0.94,0.34,0.13,-1.5,-0.5,-0.5,-9.1,-33.9,10.2,0.668935209,-0.0736106449,-0.658284249,-0.337199011
254,641139,35500,0.94,0.34,0.13,-1.4,-0.6,-0.4,-9.1,-33.9,10.2,0.668935209,-0.0736106449,-0.658284249,-0.33722953
255,643277,35500,0.936,0.343,0.13,-1.3,-0.5,-0.3,-9.1,-33.9,10.2,0.668996246,-0.0737327189,-0.658253731,-0.337168493
256,645665,35500,0.936,0.343,0.13,-1.2,-0.5,-0.2,-9.1,-33.9,10.2,0.668935209,-0.0737632374,-0.658253731,-0.337199011
257,647536,35510,0.94,0.343,0.13,-1.1,-0.5,-0.2,-9.1,-33.9,10.2,0.668935209,-0.0737937559,-0.658253731,-0.337199011
258,649881,35510,0.936,0.343,0.13,-0.9,-0.5,-0.2,-9.1,-33.9,10.2,0.668935209,-0.0737937559,-0.658253731,-0.33722953
259,653858,35510,0.94,0.343,0.13,-0.6,-0.6,-0.2,-8.7,-34.5,9.5,0.668935209,-0.0737937559,-0.658253731,-0.33722953
260,656030,35510,0.933,0.347,0.13,-0.4,-0.6,-0.2,-8.7,-34.5,9.5,0.668935209,-0.0738242744,-0.658253731,-0.337260048
261,658326,35520,0.933,0.347,0.13,-0.2,-0.5,-0.2,-8.7,-34.5,9.5,0.668904691,-0.0738242744,-0.658253731,-0.337260048
262,660623,35520,0.936,0.351,0.126,-0.1,-0.3,-0.2,-8.7,-34.5,9.5,0.668904691,-0.0738242744,-0.658253731,-0.337260048
263,662525,35520,0.936,0.351,0.126,0,-0.1,-0.1,-8.8,-35,10,0.668904691,-0.0738242744,-0.658253731,-0.337260048
264,664609,35520,0.936,0.347,0.13,0,0,0,-8.8,-35,10,0.668904691,-0.0738242744,-0.658253731,-0.337260048
265,667348,35530,0.933,0.351,0.126,0,0,0,-8.8,-35,10,0.668904691,-0.0738242744,-0.658253731,-0.337260048
266,669626,35530,0.929,0.348,0.126,0,0,0,-8.8,-35,10,0.668904691,-0.0738242744,-0.658253731,-0.337260048
267,674013,35530,0.933,0.348,0.126,0,0,0,-8.9,-34.7,10.1,0.668904691,-0.0738242744,-0.658253731,-0.337260048
268,676284,35530,0.929,0.355,0.126,0,0,0,-8.9,-34.7,10.1,0.668904691,-0.0738242744,-0.658253731,-0.337260048
269,678392,35540,0.933,0.351,0.122,-0.1,0.1,0,-8.9,-34.7,10.1,0.668904691,-0.0738242744,-0.658253731,-0.337260048
270,680708,35540,0.929,0.355,0.13,-0.1,0.4,0.1,-8.9,-34.7,10.1,0.668904691,-0.0738242744,-0.658253731,-0.337260048
271,684360,35540,0.933,0.351,0.126,-0.1,0.5,0,-9.1,-34.3,10.4,0.668935209,-0.0738242744,-0.658253731,-0.337260048
272,684790,35540,0.936,0.351,0.13,-0.1,0.7,0,-9.1,-34.3,10.4,0.668935209,-0.0738242744,-0.658223212,-0.337260048
273,687380,35550,0.936,0.355,0.126,0,0.7,-0.1,-9.1,-34.3,10.4,0.668935209,-0.0737937559,-0.658223212,-0.337260048
274,691137,35550,0.94,0.359,0.126,0,0.8,-0.1,-9.1,-34.3,10.4,0.668935209,-0.0737937559,-0.658223212,-0.337290567
275,693247,35550,0.94,0.359,0.13,0,1,-0.1,-9.1,-34.3,10.4,0.668935209,-0.0737327189,-0.658162175,-0.337351604
276,695326,35550,0.944,0.355,0.134,0,1.1,-0.1,-9.1,-34.3,10.4,0.668935209,-0.0737022004,-0.658162175,-0.337351604
277,699210,35560,0.944,0.351,0.13,-0.2,1.2,-0.2,-9.1,-34.3,10.4,0.668996246,-0.0737022004,-0.658131657,-0.337351604
278,701597,35560,0.944,0.351,0.13,-0.3,1.3,-0.4,-9.1,-34.3,10.4,0.669026765,-0.0737022004,-0.658131657,-0.337382122
279,703653,35560,0.944,0.355,0.13,-0.4,1.3,-0.6,-8.8,-34.6,10.1,0.669026765,-0.0736716819,-0.658101138,-0.337382122
280,705890,35560,0.944,0.343,0.13,-0.5,1.3,-0.9,-8.8,-34.6,10.1,0.669026765,-0.0736716819,-0.65807062,-0.337412641
281,708220,35570,0.948,0.343,0.13,-0.7,1.4,-1.1,-8.8,-34.6,10.1,0.669057283,-0.0736411634,-0.658040101,-0.337443159
282,710607,35570,0.948,0.343,0.134,-0.9,1.4,-1.4,-8.8,-34.6,10.1,0.669057283,-0.0736411634,-0.658009583,-0.337473678
283,712436,35570,0.952,0.343,0.13,-1,1.4,-1.5,-9,-34.6,10.3,0.669057283,-0.0736106449,-0.658009583,-0.337504196
284,714883,35570,0.952,0.339,0.129,-1.3,1.2,-1.6,-9,-34.6,10.3,0.669057283,-0.0736106449,-0.657979064,-0.337565233
285,717921,35580,0.952,0.335,0.129,-1.5,1.1,-1.7,-9,-34.6,10.3,0.669057283,-0.0735801263,-0.657948546,-0.33762627
286,719926,35580,0.948,0.335,0.129,-1.6,0.9,-1.6,-9,-34.6,10.3,0.669057283,-0.0735801263,-0.657918027,-0.337656789
287,722301,35580,0.952,0.339,0.129,-1.6,0.7,-1.5,-8.8,-34.1,10,0.669057283,-0.0735801263,-0.657918027,-0.337717826
288,726436,35580,0.948,0.332,0.126,-1.8,0.6,-1.4,-8.8,-34.1,10,0.669057283,-0.0735801263,-0.657887509,-0.337748344
289,728611,35590,0.952,0.335,0.129,-1.9,0.5,-1.2,-8.8,-34.1,10,0.669057283,-0.0735801263,-0.65785699,-0.337809381
290,730792,35590,0.952,0.335,0.129,-2.1,0.4,-1.1,-8.8,-34.1,10,0.669057283,-0.0736106449,-0.65785699,-0.3378399
291,732628,35590,0.944,0.328,0.129,-2.2,0.2,-0.9,-9,-34.7,9.7,0.669057283,-0.0736106449,-0.657826472,-0.337900937
292,734936,35590,0.948,0.332,0.129,-2.4,0.2,-0.9,-9,-34.7,9.7,0.669026765,-0.0736411634,-0.657795953,-0.337961974
293,737257,35600,0.948,0.335,0.129,-2.6,0.2,-0.8,-9,-34.7,9.7,0.669026765,-0.0736716819,-0.657795953,-0.337992492
294,739865,35600,0.948,0.336,0.126,-2.6,0.2,-0.7,-9,-34.7,9.7,0.669026765,-0.0736716819,-0.657765435,-0.338053529
295,743540,35600,0.948,0.336,0.126,-2.6,0.2,-0.5,-9,-34.7,9.7,0.66911832,-0.0738853114,-0.657704398,-0.337961974
296,745826,35600,0.944,0.336,0.122,-2.5,0.1,-0.4,-9,-34.7,9.7,0.669087802,-0.07391583,-0.657673879,-0.337992492
297,748163,35610,0.936,0.344,0.126,-2.5,0,-0.2,-9,-34.7,9.7,0.669087802,-0.0739463485,-0.657673879,-0.338053529
298,749997,35610,0.94,0.34,0.126,-2.6,0,0,-9,-34.7,9.7,0.669087802,-0.0740073855,-0.657643361,-0.338084048
299,752322,35610,0.94,0.34,0.126,-2.6,-0.1,0,-8.6,-34.6,9.5,0.669087802,-0.074037904,-0.657612842,-0.338114566
300,756385,35610,0.94,0.347,0.13,-2.4,-0.2,0.2,-8.6,-34.6,9.5,0.669087802,-0.0740684225,-0.657612842,-0.338145085
301,758606,35620,0.936,0.347,0.13,-2.3,-0.3,0.3,-8.6,-34.6,9.5,0.669057283,-0.0741294595,-0.657582324,-0.338175604
302,760826,35620,0.936,0.347,0.126,-2.1,-0.4,0.3,-8.6,-34.6,9.5,0.669057283,-0.074159978,-0.657582324,-0.338206122
303,763224,35620,0.936,0.347,0.126,-1.9,-0.5,0.2,-8.9,-35,9.8,0.669057283,-0.0741904965,-0.657582324,-0.338236641
304,764991,35620,0.936,0.351,0.13,-1.8,-0.5,0.1,-8.9,-35,9.8,0.669057283,-0.074221015,-0.657582324,-0.338236641
305,767287,35630,0.936,0.355,0.126,-1.6,-0.6,0.1,-8.9,-35,9.8,0.669026765,-0.0742515336,-0.657582324,-0.338267159
306,772087,35630,0.933,0.351,0.13,-1.5,-0.6,0.1,-8.9,-35,9.8,0.669026765,-0.0742820521,-0.657582324,-0.338297678
307,772087,35630,0.936,0.351,0.13,-1.4,-0.5,0.2,-8.6,-34.9,9.7,0.669026765,-0.0743125706,-0.657582324,-0.338297678
308,776548,35630,0.936,0.355,0.13,-1.3,-0.4,0.3,-8.6,-34.9,9.7,0.668996246,-0.0743125706,-0.657551805,-0.338328196
309,778955,35640,0.936,0.351,0.126,-1.3,-0.2,0.4,-8.6,-34.9,9.7,0.668996246,-0.0743736076,-0.657551805,-0.338328196
310,781060,35640,0.94,0.355,0.13,-1.3,0,0.6,-8.6,-34.9,9.7,0.668996246,-0.0744041261,-0.657551805,-0.338328196
311,783234,35640,0.94,0.351,0.13,-1.3,0.2,0.7,-8.7,-34.9,9.9,0.669026765,-0.0744346446,-0.657521287,-0.338358715
312,785283,35640,0.94,0.351,0.13,-1.2,0.3,0.7,-8.7,-34.9,9.9,0.669026765,-0.0744651631,-0.657521287,-0.338358715
313,787567,35650,0.94,0.355,0.126,-1.2,0.6,0.6,-8.7,-34.9,9.9,0.669026765,-0.0744956816,-0.657490768,-0.338358715
314,791453,35650,0.94,0.355,0.126,-1.2,0.6,0.6,-8.7,-34.9,9.9,0.669026765,-0.0744956816,-0.657490768,-0.338358715
315,793741,35650,0.948,0.351,0.13,-1.2,1,0.7,-8.7,-34.9,9.9,0.669057283,-0.0744956816,-0.657429731,-0.338419752
316,795982,35650,0.948,0.351,0.13,-1.2,1,0.7,-8.7,-34.9,9.9,0.669087802,-0.0745262001,-0.657429731,-0.338419752
317,798229,35660,0.948,0.351,0.13,-1.2,1,0.7,-8.7,-34.9,9.9,0.669087802,-0.0745262001,-0.657399213,-0.338419752
318,800522,35660,0.948,0.351,0.13,-1.2,1.1,0.7,-8.7,-34.9,9.9,0.66911832,-0.0745567186,-0.657368694,-0.33845027
319,802490,35660,0.952,0.355,0.13,-1.2,1.2,0.5,-8.4,-34.4,9.8,0.669148839,-0.0745567186,-0.657338176,-0.33845027
320,804725,35660,0.948,0.355,0.126,-1.2,1.3,0.5,-8.4,-34.4,9.8,0.669148839,-0.0745872372,-0.657307657,-0.33845027
321,807268,35670,0.952,0.355,0.13,-1.3,1.3,0.5,-8.4,-34.4,9.8,0.669179357,-0.0746177557,-0.657277139,-0.338480789
322,811762,35670,0.948,0.355,0.13,-1.6,1.2,0.5,-8.4,-34.4,9.8,0.669209876,-0.0746177557,-0.657216102,-0.338480789
323,813916,35670,0.952,0.355,0.126,-1.9,1,0.5,-8.4,-34.2,9.5,0.669209876,-0.0746482742,-0.657216102,-0.338511307
324,816220,35670,0.948,0.351,0.13,-2.2,0.8,0.6,-8.4,-34.2,9.5,0.669240394,-0.0746787927,-0.657185583,-0.338541826
325,818169,35680,0.948,0.351,0.13,-2.4,0.6,0.6,-8.4,-34.2,9.5,0.669240394,-0.0747398297,-0.657155065,-0.338572344
326,820840,35680,0.944,0.351,0.126,-2.7,0.5,0.5,-8.4,-34.2,9.5,0.669240394,-0.0747703482,-0.657124546,-0.338602863
327,822665,35680,0.944,0.351,0.126,-2.7,0.5,0.5,-8.4,-34.2,9.5,0.669240394,-0.0747703482,-0.657124546,-0.338602863
328,826683,35680,0.948,0.351,0.13,-3.2,0.3,0.4,-8.3,-34.3,9.7,0.669270913,-0.0748619037,-0.657063509,-0.3386639
329,828938,35690,0.944,0.343,0.13,-3.5,0.3,0.4,-8.3,-34.3,9.7,0.669270913,-0.0749229408,-0.657032991,-0.338724937
330,831272,35690,0.94,0.347,0.126,-3.7,0.3,0.5,-8.3,-34.3,9.7,0.669270913,-0.0749839778,-0.657002472,-0.338755455
331,833993,35690,0.94,0.347,0.13,-3.8,0.2,0.6,-8.2,-34.4,9.5,0.669270913,-0.0750450148,-0.656971953,-0.338816492
332,836128,35690,0.944,0.343,0.126,-4,0,0.6,-8.2,-34.4,9.5,0.669270913,-0.0751060518,-0.656941435,-0.338847011
333,838417,35700,0.94,0.343,0.126,-4,0,0.6,-8.2,-34.4,9.5,0.669270913,-0.0751976073,-0.656910916,-0.338908048
334,840682,35700,0.944,0.347,0.13,-4,-0.2,0.6,-8.2,-34.4,9.5,0.669270913,-0.0752586444,-0.656880398,-0.338969085
335,842640,35700,0.94,0.343,0.13,-4.3,-0.4,0.8,-8.2,-34.4,9.5,0.669270913,-0.0753807184,-0.656849879,-0.338969085
336,844896,35700,0.94,0.343,0.13,-4.3,-0.4,0.8,-8.2,-34.4,9.5,0.669240394,-0.0754417554,-0.656819361,-0.339030122
337,847184,35710,0.94,0.336,0.13,-4.3,-0.2,0.8,-8.2,-34.4,9.5,0.669240394,-0.075533311,-0.656788842,-0.339091159
338,851719,35710,0.94,0.34,0.13,-4.4,-0.1,0.7,-8.2,-34.4,9.5,0.669240394,-0.075594348,-0.656758324,-0.339121677
339,853980,35710,0.936,0.336,0.13,-4.4,0,0.5,-8.5,-34.4,9.8,0.669240394,-0.0756859035,-0.656727805,-0.339182714
340,856744,35710,0.936,0.34,0.13,-4.5,0,0.5,-8.5,-34.4,9.8,0.669240394,-0.0757469405,-0.656697287,-0.339243751
341,858970,35720,0.94,0.332,0.13,-4.6,0,0.6,-8.5,-34.4,9.8,0.669240394,-0.075838496,-0.656666768,-0.339304788
342,861268,35720,0.936,0.34,0.13,-4.6,0,0.7,-8.5,-34.4,9.8,0.669240394,-0.0758995331,-0.65663625,-0.339365825
343,863418,35720,0.936,0.336,0.126,-4.5,0.2,0.6,-8.1,-34.5,9.7,0.669240394,-0.0759910886,-0.656575213,-0.339396344
344,865861,35720,0.936,0.336,0.13,-4.4,0.2,0.6,-8.1,-34.5,9.7,0.669240394,-0.0760521256,-0.656544694,-0.339457381
345,867560,35730,0.936,0.336,0.13,-4.2,0.1,0.6,-8.1,-34.5,9.7,0.669240394,-0.0761131626,-0.656514176,-0.339518418
346,871702,35730,0.94,0.328,0.126,-4,0,0.7,-8.1,-34.5,9.7,0.669240394,-0.0762047182,-0.656483657,-0.339548936
347,873720,35730,0.936,0.336,0.13,-3.8,-0.1,0.9,-8,-34.5,9.5,0.669240394,-0.0762657552,-0.656453139,-0.339609973
348,876001,35730,0.936,0.336,0.13,-3.7,-0.1,1,-8,-34.5,9.5,0.669240394,-0.0763267922,-0.65642262,-0.339640492
349,878284,35740,0.933,0.332,0.13,-3.6,-0.2,1.1,-8,-34.5,9.5,0.669240394,-0.0763878292,-0.656392102,-0.33967101
350,879928,35740,0.936,0.336,0.126,-3.5,-0.2,1.1,-8,-34.5,9.5,0.669240394,-0.0764793847,-0.656392102,-0.339701529
351,882325,35740,0.936,0.336,0.13,-3.5,-0.1,1.2,-8.3,-34.6,9.6,0.669240394,-0.0765404218,-0.656361583,-0.339732047
352,884632,35740,0.936,0.336,0.13,-3.3,0,1.3,-8.3,-34.6,9.6,0.669240394,-0.0766014588,-0.656331065,-0.339762566
353,887246,35750,0.936,0.336,0.13,-3.2,-0.1,1.6,-8.3,-34.6,9.6,0.669240394,-0.0766930143,-0.656300546,-0.339793085
354,891645,35750,0.933,0.34,0.13,-3.2,-0.1,1.8,-8.3,-34.6,9.6,0.669240394,-0.0767540513,-0.656270028,-0.339823603
355,893943,35750,0.933,0.34,0.126,-3.1,-0.3,2.1,-8.3,-34.6,9.6,0.669301431,-0.0769066439,-0.656239509,-0.339762566
356,894614,35750,0.94,0.336,0.13,-3.1,-0.3,2.1,-8.3,-34.6,9.6,0.669301431,-0.0769981994,-0.656208991,-0.339793085
357,899289,35760,0.936,0.336,0.13,-3,-0.2,2.4,-8.3,-34.6,9.6,0.669301431,-0.0770592364,-0.656178472,-0.339793085
358,899647,35760,0.933,0.34,0.13,-2.9,0,2.7,-8.3,-34.6,9.6,0.66933195,-0.077150792,-0.656147954,-0.339793085
359,902259,35760,0.94,0.343,0.13,-2.7,0.1,3,-7.9,-34.8,9.5,0.66933195,-0.0772423475,-0.656147954,-0.339793085
360,905820,35760,0.936,0.34,0.13,-2.6,0.4,3.1,-7.9,-34.8,9.5,0.669362468,-0.077333903,-0.656086917,-0.339793085
361,908127,35770,0.94,0.343,0.13,-2.5,0.5,3.1,-7.9,-34.8,9.5,0.669392987,-0.07739494,-0.656056398,-0.339762566
362,910044,35770,0.936,0.347,0.126,-2.3,0.6,3.1,-7.9,-34.8,9.5,0.669423505,-0.0774864956,-0.65602588,-0.339762566
363,912358,35770,0.94,0.343,0.13,-2.1,0.7,3.1,-8.2,-34.7,9.5,0.669454024,-0.0775475326,-0.655995361,-0.339762566
364,916375,35770,0.94,0.347,0.13,-1.7,0.7,3,-8.2,-34.7,9.5,0.669484542,-0.0776085696,-0.655964843,-0.339732047
365,918239,35780,0.94,0.347,0.13,-1.5,0.7,2.8,-8.2,-34.7,9.5,0.669515061,-0.0776696066,-0.655934324,-0.339701529
366,920850,35780,0.94,0.343,0.126,-1.3,0.7,2.6,-8.2,-34.7,9.5,0.669545579,-0.0777001251,-0.655934324,-0.339701529
367,922474,35780,0.94,0.347,0.13,-1.2,0.6,2.4,-8.4,-34.6,9.7,0.669576098,-0.0777306436,-0.655903806,-0.33967101
368,924853,35780,0.944,0.343,0.126,-1.2,0.6,2.3,-8.4,-34.6,9.7,0.669576098,-0.0778221992,-0.655873287,-0.33967101
369,927295,35790,0.944,0.347,0.13,-1.1,0.7,2.2,-8.4,-34.6,9.7,0.669606616,-0.0778527177,-0.655842769,-0.339640492
370,930121,35790,0.944,0.339,0.13,-1,0.7,2.2,-8.4,-34.6,9.7,0.669637135,-0.0778832362,-0.655842769,-0.339640492
371,932365,35790,0.94,0.34,0.126,-0.9,0.7,2.1,-8.3,-35,9.5,0.669667653,-0.0779442732,-0.65581225,-0.339609973
372,936566,35790,0.94,0.34,0.13,-0.9,0.6,1.9,-8.3,-35,9.5,0.669698172,-0.0779747917,-0.655781732,-0.339609973
373,938650,35800,0.944,0.339,0.13,-1.1,0.4,1.6,-8.3,-35,9.5,0.669698172,-0.0780053102,-0.655781732,-0.339579455
374,940924,35800,0.94,0.336,0.126,-1.2,0.2,1.6,-8.3,-35,9.5,0.66972869,-0.0780358287,-0.655751213,-0.339579455
375,943185,35800,0.944,0.332,0.13,-1.5,0.3,1.4,-8.3,-35,9.5,0.66972869,-0.0781579028,-0.655751213,-0.339548936
376,945608,35800,0.944,0.332,0.13,-1.5,0.3,1.4,-8.3,-35,9.5,0.669759209,-0.0781884213,-0.655720695,-0.339548936
377,947213,35810,0.94,0.336,0.126,-1.6,0.5,1.3,-8.3,-35,9.5,0.669759209,-0.0782189398,-0.655720695,-0.339548936
378,951544,35810,0.94,0.336,0.126,-1.6,0.5,1.3,-8.3,-35,9.5,0.669759209,-0.0782189398,-0.655720695,-0.339548936
379,953713,35810,0.94,0.328,0.126,-1.8,0.5,1.2,-8.4,-35,9.5,0.669789727,-0.0783104953,-0.655659658,-0.339548936
380,956031,35810,0.944,0.336,0.13,-1.9,0.4,1.2,-8.4,-35,9.5,0.669789727,-0.0783410138,-0.655629139,-0.339579455
381,958187,35820,0.94,0.328,0.126,-2,0.3,1.3,-8.4,-35,9.5,0.669820246,-0.0784020508,-0.655629139,-0.339579455
382,960114,35820,0.944,0.328,0.129,-2.2,0.3,1.4,-8.4,-35,9.5,0.669820246,-0.0784630879,-0.655598621,-0.339579455
383,962489,35820,0.94,0.332,0.126,-2.3,0.3,1.4,-8.7,-34.8,9.5,0.669820246,-0.0784936064,-0.655568102,-0.339609973
384,966508,35820,0.94,0.328,0.133,-2.4,0.3,1.2,-8.7,-34.8,9.5,0.669850764,-0.0785546434,-0.655537584,-0.339609973
385,968610,35830,0.936,0.332,0.126,-2.6,0.3,1.2,-8.7,-34.8,9.5,0.669850764,-0.0786156804,-0.655507065,-0.339640492
386,970886,35830,0.94,0.328,0.13,-2.7,0.3,1.2,-8.7,-34.8,9.5,0.669850764,-0.0786767174,-0.655476547,-0.33967101
387,972395,35830,0.944,0.328,0.126,-2.9,0.2,1.3,-8.3,-34.9,9.6,0.669881283,-0.0787072359,-0.655476547,-0.339701529
388,974839,35830,0.94,0.332,0.13,-3,0.1,1.4,-8.3,-34.9,9.6,0.669881283,-0.0787987915,-0.655446028,-0.339701529
389,977370,35840,0.94,0.336,0.13,-3.2,0.1,1.4,-8.3,-34.9,9.6,0.669881283,-0.0788598285,-0.65541551,-0.339732047
390,981120,35840,0.94,0.328,0.13,-3.4,0.4,1.4,-8.3,-34.9,9.6,0.669911802,-0.0789208655,-0.655384991,-0.339762566
391,983678,35840,0.936,0.328,0.126,-4,0.6,1.3,-8.4,-35,9.1,0.669911802,-0.0789819025,-0.655323954,-0.339793085
392,985958,35840,0.94,0.332,0.13,-4.6,0.9,1,-8.4,-35,9.1,0.669911802,-0.0790734581,-0.655293435,-0.339854122
393,988315,35850,0.936,0.332,0.13,-5.1,1,0.7,-8.4,-35,9.1,0.66994232,-0.0791344951,-0.655232398,-0.339915159
394,990189,35850,0.933,0.336,0.13,-5.4,1,0.5,-8.4,-35,9.1,0.66994232,-0.0791955321,-0.655171361,-0.339976196
395,993615,35850,0.933,0.332,0.13,-4.9,0.8,0.9,-8.4,-35,9.1,0.669972839,-0.0794091617,-0.655110324,-0.339976196
396,996597,35850,0.936,0.328,0.13,-4.9,0.8,0.9,-8.4,-35,9.1,0.670003357,-0.0794701987,-0.655079806,-0.340037233
397,998758,35860,0.936,0.332,0.134,-4.2,0.4,1.4,-8.4,-35,9.1,0.670003357,-0.0795617542,-0.655018769,-0.340067751
398,1001043,35860,0.933,0.34,0.13,-3.5,0,1.7,-8.4,-35,9.1,0.670003357,-0.0796533097,-0.65498825,-0.34009827
399,1003965,35860,0.936,0.336,0.13,-2.8,-0.4,2,-8.1,-34.7,9,0.670003357,-0.0796838282,-0.65498825,-0.34009827
400,1006024,35860,0.936,0.34,0.13,-2.2,-0.7,2.3,-8.1,-34.7,9,0.670003357,-0.0797753838,-0.65498825,-0.34009827
401,1008392,35870,0.936,0.34,0.13,-1.7,-0.9,2.8,-8.1,-34.7,9,0.670033876,-0.0798669393,-0.654957732,-0.340067751
402,1012037,35870,0.94,0.347,0.13,-1.4,-1.1,3.1,-8.1,-34.7,9,0.670033876,-0.0799279763,-0.654957732,-0.340037233
403,1012453,35870,0.936,0.347,0.13,-1.3,-0.9,3.2,-8.1,-34.7,9.3,0.670033876,-0.0800195318,-0.654957732,-0.340006714
404,1014886,35870,0.944,0.343,0.13,-1.5,-0.6,3.1,-8.1,-34.7,9.3,0.670033876,-0.0800805689,-0.654957732,-0.340006714
405,1019063,35880,0.944,0.34,0.126,-1.7,-0.3,2.9,-8.1,-34.7,9.3,0.670064394,-0.0801416059,-0.654957732,-0.339976196
406,1021218,35880,0.944,0.339,0.13,-2,-0.1,2.6,-8.1,-34.7,9.3,0.670064394,-0.0802331614,-0.654927213,-0.339976196
407,1023903,35880,0.936,0.34,0.126,-2,0,2.2,-8.5,-34.5,9.2,0.670094913,-0.0802941984,-0.654927213,-0.339976196
408,1026086,35880,0.944,0.343,0.13,-2.1,0.2,1.9,-8.5,-34.5,9.2,0.670094913,-0.0803247169,-0.654896695,-0.339976196
409,1027710,35890,0.944,0.343,0.13,-2.1,0.3,1.5,-8.5,-34.5,9.2,0.670125431,-0.080385754,-0.654866176,-0.339976196
410,1030091,35890,0.94,0.332,0.134,-2,0.3,1.4,-8.5,-34.5,9.2,0.670125431,-0.080446791,-0.654835658,-0.339976196
411,1032257,35890,0.948,0.332,0.129,-1.8,0.3,1.2,-8,-35.2,9.1,0.670125431,-0.0804773095,-0.654835658,-0.339976196
412,1036352,35890,0.944,0.339,0.13,-1.6,0.2,1.1,-8,-35.2,9.1,0.67015595,-0.080507828,-0.654805139,-0.340006714
413,1038729,35900,0.94,0.336,0.134,-1.4,0.1,0.9,-8,-35.2,9.1,0.67015595,-0.0805383465,-0.654805139,-0.340006714
414,1040992,35900,0.936,0.336,0.134,-1.3,0.1,0.7,-8,-35.2,9.1,0.67015595,-0.080568865,-0.654774621,-0.340006714
415,1043156,35900,0.94,0.332,0.13,-1.5,0.2,0.8,-8,-35.2,9.1,0.670186468,-0.0806604205,-0.654774621,-0.339976196
416,1045057,35900,0.94,0.332,0.13,-1.5,0.2,0.8,-8,-35.2,9.1,0.670186468,-0.0806604205,-0.654744102,-0.340006714
417,1049248,35910,0.94,0.336,0.13,-1.6,0.1,0.9,-8,-35.2,9.1,0.670186468,-0.0807214576,-0.654744102,-0.340006714
418,1049640,35910,0.944,0.332,0.133,-1.8,0.1,1,-8,-35.2,9.1,0.670186468,-0.0807824946,-0.654713584,-0.340006714
419,1054373,35910,0.944,0.332,0.13,-1.9,0,1,-8.8,-34.6,9.7,0.670186468,-0.0808130131,-0.654683065,-0.340037233
420,1054739,35910,0.944,0.336,0.13,-2.1,0,1.2,-8.8,-34.6,9.7,0.670216987,-0.0808740501,-0.654683065,-0.340037233
421,1059052,35920,0.94,0.328,0.13,-2.2,-0.1,1.2,-8.8,-34.6,9.7,0.670216987,-0.0809045686,-0.654652547,-0.340067751
422,1061101,35920,0.944,0.335,0.133,-2.3,-0.1,1.2,-8.8,-34.6,9.7,0.670216987,-0.0809656056,-0.654652547,-0.340067751
423,1063466,35920,0.94,0.328,0.13,-2.3,-0.1,1.1,-9.1,-35.2,9.3,0.670216987,-0.0810266427,-0.654622028,-0.34009827
424,1065645,35920,0.94,0.328,0.13,-2.3,-0.1,1.1,-9.1,-35.2,9.3,0.670216987,-0.0810266427,-0.654622028,-0.34009827
425,1067731,35930,0.94,0.332,0.13,-2.4,-0.2,1.3,-9.1,-35.2,9.3,0.670216987,-0.0811487167,-0.65459151,-0.340128788
426,1069851,35930,0.94,0.336,0.13,-2.6,-0.3,1.3,-9.1,-35.2,9.3,0.670216987,-0.0812097537,-0.654560991,-0.340128788
427,1073985,35930,0.94,0.332,0.13,-2.7,-0.4,1.3,-9.2,-35.1,9.3,0.670216987,-0.0812707907,-0.654560991,-0.340159307
428,1076127,35930,0.94,0.336,0.13,-2.8,-0.4,1.3,-9.2,-35.1,9.3,0.670216987,-0.0813318278,-0.654530473,-0.340159307
429,1078569,35940,0.936,0.336,0.13,-2.9,-0.5,1.4,-9.2,-35.1,9.3,0.670216987,-0.0813928648,-0.654530473,-0.340189825
430,1080676,35940,0.94,0.336,0.126,-3,-0.5,1.4,-9.2,-35.1,9.3,0.670216987,-0.0814539018,-0.654499954,-0.340220344
431,1082580,35940,0.944,0.332,0.13,-3,-0.7,1.4,-8.9,-34.9,9.3,0.670216987,-0.0815454573,-0.654499954,-0.340250862
432,1084965,35940,0.94,0.332,0.126,-3.1,-0.9,1.4,-8.9,-34.9,9.3,0.670186468,-0.0816064943,-0.654469436,-0.340250862
433,1089044,35950,0.944,0.336,0.13,-3.2,-1,1.4,-8.9,-34.9,9.3,0.670186468,-0.0816370128,-0.654469436,-0.340281381
434,1091304,35950,0.944,0.336,0.13,-3.3,-1.1,1.4,-8.9,-34.9,9.3,0.670186468,-0.0817590869,-0.654469436,-0.340311899
435,1093426,35950,0.94,0.332,0.134,-3.4,-1.3,1.6,-8.9,-34.9,9.3,0.67015595,-0.0819116794,-0.654469436,-0.340250862
436,1095664,35950,0.94,0.332,0.134,-3.4,-1.3,1.6,-8.9,-34.9,9.3,0.67015595,-0.082003235,-0.654469436,-0.340281381
437,1098088,35960,0.94,0.336,0.13,-3.5,-1.4,1.7,-8.9,-34.9,9.3,0.670125431,-0.0820947905,-0.654469436,-0.340311899
438,1100664,35960,0.94,0.332,0.13,-3.5,-1.5,1.7,-8.9,-34.9,9.3,0.670125431,-0.082186346,-0.654469436,-0.340311899
439,1102511,35960,0.936,0.336,0.13,-3.5,-1.5,1.6,-8.5,-34.7,9.5,0.670094913,-0.0822779015,-0.654438917,-0.340311899
440,1104707,35960,0.94,0.332,0.134,-3.6,-1.5,1.4,-8.5,-34.7,9.5,0.670094913,-0.0823389386,-0.654438917,-0.340372936
441,1108813,35970,0.94,0.332,0.13,-3.6,-1.5,1.3,-8.5,-34.7,9.5,0.670064394,-0.0824304941,-0.654438917,-0.340403455
442,1111094,35970,0.944,0.328,0.129,-3.5,-1.5,1.4,-8.5,-34.7,9.5,0.670033876,-0.0825220496,-0.654438917,-0.340433973
443,1113300,35970,0.94,0.336,0.13,-3.3,-1.5,1.5,-8.5,-34.9,9.2,0.670033876,-0.0826136052,-0.654438917,-0.340464492
444,1115284,35970,0.94,0.336,0.126,-3.1,-1.5,1.4,-8.5,-34.9,9.2,0.670003357,-0.0826746422,-0.654438917,-0.340464492
445,1118217,35980,0.94,0.332,0.134,-3,-1.5,1.3,-8.5,-34.9,9.2,0.670003357,-0.0827661977,-0.654408399,-0.34049501
446,1120691,35980,0.944,0.332,0.13,-2.9,-1.5,1.3,-8.5,-34.9,9.2,0.669972839,-0.0828272347,-0.654408399,-0.340525529
447,1123717,35980,0.944,0.332,0.13,-2.7,-1.5,1.2,-8.4,-34.9,9.1,0.669972839,-0.0828882717,-0.654408399,-0.340525529
448,1125897,35980,0.944,0.332,0.13,-2.7,-1.4,1.3,-8.4,-34.9,9.1,0.66994232,-0.0829798273,-0.654408399,-0.340556047
449,1128650,35990,0.94,0.336,0.13,-2.7,-1.2,1.1,-8.4,-34.9,9.1,0.66994232,-0.0830408643,-0.654408399,-0.340556047
450,1130771,35990,0.94,0.336,0.13,-2.6,-1.2,1,-8.4,-34.9,9.1,0.669911802,-0.0831019013,-0.654408399,-0.340586566
451,1132703,35990,0.948,0.332,0.133,-2.6,-1,0.9,-8.4,-34.5,9.2,0.669911802,-0.0831629383,-0.654408399,-0.340617084
452,1134960,35990,0.948,0.328,0.133,-2.5,-0.8,0.9,-8.4,-34.5,9.2,0.669881283,-0.0832239753,-0.654408399,-0.340617084
453,1137368,36000,0.948,0.332,0.133,-2.5,-0.5,0.9,-8.4,-34.5,9.2,0.669881283,-0.0832544939,-0.65437788,-0.340647603
454,1141338,36000,0.948,0.332,0.129,-2.4,-0.3,0.8,-8.4,-34.5,9.2,0.669881283,-0.0833155309,-0.65437788,-0.340678121
455,1143511,36000,0.948,0.332,0.129,-2.3,-0.2,0.7,-8.4,-34.5,9.2,0.669911802,-0.0834681234,-0.654347362,-0.340617084
456,1145885,36000,0.948,0.328,0.129,-2.3,-0.2,0.7,-8.4,-34.5,9.2,0.669911802,-0.0834986419,-0.654316843,-0.340647603
457,1147746,36010,0.956,0.328,0.129,-2.3,-0.2,0.5,-8.4,-34.5,9.2,0.669911802,-0.0835596789,-0.654316843,-0.340678121
458,1150782,36010,0.952,0.324,0.129,-2.2,-0.3,0.3,-8.4,-34.5,9.2,0.669911802,-0.0835901975,-0.654286325,-0.34070864
459,1153201,36010,0.952,0.32,0.129,-2.2,-0.3,0,-9.3,-34.3,9,0.669911802,-0.0835901975,-0.654286325,-0.340739158
460,1155002,36010,0.956,0.324,0.133,-2.2,-0.4,0,-9.3,-34.3,9,0.669881283,-0.0836512345,-0.654286325,-0.340769677
461,1157063,36020,0.948,0.324,0.133,-2.4,-0.5,0,-9.3,-34.3,9,0.669881283,-0.0837122715,-0.654255806,-0.340800195
462,1159614,36020,0.952,0.32,0.129,-2.6,-0.6,0.1,-9.3,-34.3,9,0.669850764,-0.08374279,-0.654255806,-0.340830714
463,1163525,36020,0.952,0.316,0.129,-2.7,-0.7,0.3,-9.2,-34.5,9,0.669850764,-0.083803827,-0.654255806,-0.340861232
464,1165887,36020,0.948,0.32,0.129,-2.9,-0.7,0.4,-9.2,-34.5,9,0.669820246,-0.083864864,-0.654225288,-0.340891751
465,1168740,36030,0.952,0.32,0.129,-3,-0.7,0.4,-9.2,-34.5,9,0.669820246,-0.0838953825,-0.654225288,-0.340922269
466,1170883,36030,0.952,0.316,0.129,-3.1,-0.7,0.4,-9.2,-34.5,9,0.669820246,-0.0839564196,-0.654194769,-0.340983306
467,1173179,36030,0.948,0.32,0.129,-3,-0.7,0.4,-9.3,-34.6,9.4,0.669789727,-0.0840174566,-0.654194769,-0.341013825
468,1176046,36030,0.948,0.316,0.133,-3,-0.8,0.4,-9.3,-34.6,9.4,0.669789727,-0.0840784936,-0.654194769,-0.341044343
469,1178522,36040,0.952,0.32,0.129,-3.1,-0.8,0.5,-9.3,-34.6,9.4,0.669759209,-0.0841395306,-0.654164251,-0.341074862
470,1180647,36040,0.952,0.324,0.133,-3.1,-1,0.3,-9.3,-34.6,9.4,0.669759209,-0.0842005676,-0.654164251,-0.34110538
471,1182601,36040,0.948,0.32,0.133,-3.1,-1,0.2,-9.3,-34.8,9,0.66972869,-0.0842616047,-0.654164251,-0.341166417
472,1184797,36040,0.948,0.324,0.129,-3.2,-1.1,0.1,-9.3,-34.8,9,0.669698172,-0.0843226417,-0.654133732,-0.341196936
473,1188803,36050,0.948,0.324,0.133,-3.2,-1.2,0.2,-9.3,-34.8,9,0.669698172,-0.0843836787,-0.654133732,-0.341227454
474,1191659,36050,0.948,0.32,0.129,-3.2,-1.3,0.3,-9.3,-34.8,9,0.669667653,-0.0844447157,-0.654133732,-0.341288491
475,1194271,36050,0.944,0.32,0.129,-3.2,-1.6,0.5,-9.3,-34.8,9,0.669698172,-0.0846888638,-0.654133732,-0.341166417
476,1196652,36050,0.944,0.32,0.129,-3.2,-1.6,0.5,-9.3,-34.8,9,0.669667653,-0.0847499008,-0.654103214,-0.341196936
477,1198951,36060,0.948,0.324,0.129,-3.2,-1.7,0.5,-9.3,-34.8,9,0.669667653,-0.0848414563,-0.654103214,-0.341227454
478,1201864,36060,0.944,0.328,0.129,-3.1,-1.6,0.5,-9.3,-34.8,9,0.669637135,-0.0849024934,-0.654103214,-0.341257973
479,1204088,36060,0.948,0.328,0.129,-3,-1.6,0.5,-9.3,-34.5,9.7,0.669606616,-0.0849635304,-0.654133732,-0.341288491
480,1206359,36060,0.944,0.332,0.133,-3,-1.5,0.7,-9.3,-34.5,9.7,0.669576098,-0.0850245674,-0.654103214,-0.34131901
481,1208497,36070,0.944,0.328,0.129,-2.9,-1.5,0.7,-9.3,-34.5,9.7,0.669545579,-0.0850550859,-0.654103214,-0.341349528
482,1210753,36070,0.944,0.332,0.13,-2.7,-1.5,0.8,-9.3,-34.5,9.7,0.669545579,-0.0851466414,-0.654103214,-0.341380047
483,1214417,36070,0.944,0.332,0.13,-2.6,-1.6,0.9,-9.3,-34.8,9.4,0.669515061,-0.0852076785,-0.654133732,-0.341410566
484,1214775,36070,0.944,0.336,0.13,-2.4,-1.5,1,-9.3,-34.8,9.4,0.669484542,-0.0852687155,-0.654133732,-0.341410566
485,1217300,36080,0.944,0.339,0.13,-2.2,-1.4,0.9,-9.3,-34.8,9.4,0.669484542,-0.0853297525,-0.654133732,-0.341441084
486,1219598,36080,0.94,0.332,0.13,-1.9,-1.3,0.7,-9.3,-34.8,9.4,0.669454024,-0.0853907895,-0.654133732,-0.341441084
487,1223281,36080,0.94,0.332,0.134,-1.8,-1.3,0.6,-9.2,-34.5,9.3,0.669454024,-0.085421308,-0.654133732,-0.341471603
488,1226964,36080,0.94,0.336,0.134,-1.6,-1.3,0.4,-9.2,-34.5,9.3,0.669423505,-0.085482345,-0.654133732,-0.341471603
489,1227357,36090,0.94,0.336,0.13,-1.6,-1.3,0.3,-9.2,-34.5,9.3,0.669392987,-0.0855128636,-0.654133732,-0.341502121
490,1229676,36090,0.94,0.336,0.134,-1.6,-1.2,0.3,-9.2,-34.5,9.3,0.669392987,-0.0855433821,-0.654164251,-0.341502121
491,1233968,36090,0.94,0.328,0.13,-1.7,-1.1,0.3,-9.7,-34.3,9.4,0.669362468,-0.0856044191,-0.654164251,-0.34153264
492,1235926,36090,0.936,0.332,0.13,-1.8,-1,0.2,-9.7,-34.3,9.4,0.669362468,-0.0856349376,-0.654164251,-0.341563158
493,1238499,36100,0.936,0.339,0.134,-1.8,-1.1,0,-9.7,-34.3,9.4,0.66933195,-0.0856654561,-0.654164251,-0.341593677
494,1240763,36100,0.94,0.332,0.13,-1.8,-1.2,-0.1,-9.7,-34.3,9.4,0.669301431,-0.0856959746,-0.654164251,-0.341593677
495,1243025,36100,0.936,0.336,0.13,-1.8,-1.3,0.1,-9.7,-34.3,9.4,0.669301431,-0.0857570116,-0.654164251,-0.341624195
496,1244924,36100,0.936,0.336,0.13,-1.8,-1.3,0.1,-9.7,-34.3,9.4,0.669270913,-0.0857875301,-0.654164251,-0.341624195
497,1249053,36110,0.94,0.34,0.13,-1.8,-1.1,0.3,-9.7,-34.3,9.4,0.669240394,-0.0858180486,-0.654194769,-0.341654714
498,1251400,36110,0.936,0.34,0.13,-1.8,-1.1,0.5,-9.7,-34.3,9.4,0.669240394,-0.0858790857,-0.654194769,-0.341654714
499,1253678,36110,0.936,0.34,0.13,-1.8,-1.2,0.7,-9.3,-34.9,9.2,0.669209876,-0.0859096042,-0.654194769,-0.341685232
500,1255870,36110,0.94,0.336,0.13,-1.8,-1.2,0.9,-9.3,-34.9,9.2,0.669209876,-0.0859706412,-0.654194769,-0.341685232
501,1259253,36120,0.94,0.343,0.126,-1.8,-1.1,0.9,-9.3,-34.9,9.2,0.669179357,-0.0860316782,-0.654194769,-0.341715751
502,1259707,36120,0.944,0.343,0.13,-1.9,-1.1,0.9,-9.3,-34.9,9.2,0.669179357,-0.0860316782,-0.654194769,-0.341715751
503,1262232,36120,0.944,0.34,0.126,-2.1,-1.1,0.8,-9.3,-35.1,9.2,0.669179357,-0.0861232337,-0.654194769,-0.341715751
504,1264582,36120,0.944,0.343,0.13,-2.4,-1.1,0.8,-9.3,-35.1,9.2,0.669148839,-0.0861842708,-0.654194769,-0.341746269
505,1268040,36130,0.94,0.34,0.126,-2.6,-1.1,0.5,-9.3,-35.1,9.2,0.66911832,-0.0862453078,-0.654194769,-0.341776788
506,1270700,36130,0.944,0.34,0.126,-2.9,-1.1,0.2,-9.3,-35.1,9.2,0.66911832,-0.0862758263,-0.654194769,-0.341807306
507,1272687,36130,0.944,0.336,0.13,-3.3,-1.1,0,-9.6,-34.7,9.3,0.669087802,-0.0863368633,-0.654164251,-0.341868343
508,1274935,36130,0.94,0.336,0.13,-3.7,-1,0,-9.6,-34.7,9.3,0.669057283,-0.0863979003,-0.654164251,-0.341898862
509,1277234,36140,0.944,0.332,0.13,-4.1,-0.9,0,-9.6,-34.7,9.3,0.669057283,-0.0864894559,-0.654133732,-0.341959899
510,1279767,36140,0.944,0.328,0.126,-4.6,-1,0,-9.6,-34.7,9.3,0.669026765,-0.0865199744,-0.654133732,-0.342020936
511,1284306,36140,0.948,0.328,0.125,-4.9,-1.1,-0.1,-9.5,-35,9.8,0.668996246,-0.0866420484,-0.654103214,-0.342112491
512,1284725,36140,0.944,0.324,0.126,-5,-1.3,-0.3,-9.5,-35,9.8,0.668935209,-0.0867030854,-0.654072695,-0.342173528
513,1289516,36150,0.948,0.328,0.125,-5.2,-1.3,-0.4,-9.5,-35,9.8,0.668935209,-0.0867946409,-0.654072695,-0.342265084
514,1289934,36150,0.944,0.324,0.129,-5.2,-1.4,-0.4,-9.5,-35,9.8,0.668904691,-0.0868861965,-0.654042177,-0.342326121
515,1292254,36150,0.94,0.324,0.126,-5.5,-1.7,-0.1,-9.5,-35,9.8,0.668874172,-0.0870693075,-0.654072695,-0.342326121
516,1294759,36150,0.944,0.328,0.129,-5.5,-1.7,-0.1,-9.5,-35,9.8,0.668813135,-0.0871608631,-0.654042177,-0.342387158
517,1298916,36160,0.944,0.328,0.129,-5.7,-1.7,-0.1,-9.5,-35,9.8,0.668782617,-0.0872524186,-0.654042177,-0.342478713
518,1300837,36160,0.944,0.324,0.129,-5.8,-1.8,0,-9.5,-35,9.8,0.668752098,-0.0873439741,-0.654011658,-0.342570269
519,1303204,36160,0.944,0.32,0.125,-6,-1.8,0,-9.9,-35.3,9,0.66872158,-0.0874660482,-0.654011658,-0.342631306
520,1305651,36160,0.944,0.324,0.129,-6.3,-1.8,0,-9.9,-35.3,9,0.668660543,-0.0875576037,-0.65398114,-0.342722861
521,1307482,36170,0.944,0.328,0.126,-6.4,-1.8,0.1,-9.9,-35.3,9,0.668630024,-0.0876796777,-0.653950621,-0.342814417
522,1310628,36170,0.948,0.324,0.129,-6.6,-1.8,0.4,-9.9,-35.3,9,0.668599506,-0.0878017518,-0.653950621,-0.342905972
523,1312498,36170,0.948,0.324,0.129,-6.6,-1.8,0.6,-10.1,-35.1,9,0.668568987,-0.0878933073,-0.653920103,-0.342967009
524,1316716,36170,0.948,0.324,0.129,-6.6,-1.6,0.5,-10.1,-35.1,9,0.668538469,-0.0879848628,-0.653889584,-0.343058565
525,1317152,36180,0.944,0.324,0.129,-6.6,-1.5,0.5,-10.1,-35.1,9,0.66850795,-0.0881374554,-0.653859066,-0.343150121
526,1319580,36180,0.948,0.324,0.129,-6.4,-1.3,0.3,-10.1,-35.1,9,0.668477432,-0.0882595294,-0.653828547,-0.343241676
527,1324219,36180,0.952,0.324,0.129,-6.2,-1.3,0.3,-10.2,-35.3,9,0.668446913,-0.0883510849,-0.653798029,-0.343302713
528,1324618,36180,0.952,0.324,0.133,-6,-1.3,0.2,-10.2,-35.3,9,0.668416395,-0.0884426405,-0.65376751,-0.343394269
529,1329271,36190,0.952,0.316,0.129,-6,-1.3,0.2,-10.2,-35.3,9,0.668385876,-0.0885647145,-0.653736991,-0.343485824
530,1329634,36190,0.948,0.316,0.129,-5.9,-1.4,0,-10.2,-35.3,9,0.668355358,-0.08865627,-0.653736991,-0.343546861
531,1333945,36190,0.944,0.312,0.129,-5.9,-1.5,-0.1,-10.6,-35,9.1,0.668324839,-0.0887478256,-0.653706473,-0.343638417
532,1336125,36190,0.944,0.32,0.125,-5.8,-1.6,-0.5,-10.6,-35,9.1,0.668294321,-0.0888393811,-0.653675954,-0.343729972
533,1338451,36200,0.948,0.32,0.129,-5.7,-1.6,-0.5,-10.6,-35,9.1,0.668233283,-0.0889309366,-0.653675954,-0.343821528
534,1340786,36200,0.948,0.32,0.129,-5.5,-1.6,-0.6,-10.6,-35,9.1,0.668202765,-0.0890224921,-0.653645436,-0.343882565
535,1342590,36200,0.944,0.312,0.129,-5.5,-1.4,-0.5,-10.6,-35,9.1,0.668202765,-0.0892666402,-0.653645436,-0.343821528
536,1344713,36200,0.944,0.312,0.129,-5.5,-1.4,-0.5,-10.6,-35,9.1,0.668172246,-0.0893581957,-0.653614917,-0.343913083
537,1348981,36210,0.944,0.316,0.122,-5.4,-1.3,-0.4,-10.6,-35,9.1,0.668141728,-0.0894497513,-0.653614917,-0.344004639
538,1351138,36210,0.94,0.316,0.122,-5.3,-1.1,-0.4,-10.6,-35,9.1,0.668111209,-0.0895107883,-0.653584399,-0.344065676
539,1353327,36210,0.94,0.308,0.125,-5.3,-0.9,-0.4,-9.9,-35.2,9.1,0.668080691,-0.0896023438,-0.65355388,-0.344157231
540,1355807,36210,0.94,0.312,0.125,-5.4,-0.8,-0.5,-9.9,-35.2,9.1,0.668050172,-0.0896938993,-0.653523362,-0.344218268
541,1358609,36220,0.94,0.308,0.125,-5.4,-0.6,-0.4,-9.9,-35.2,9.1,0.668050172,-0.0897549364,-0.653492843,-0.344309824
542,1360767,36220,0.944,0.312,0.125,-5.5,-0.5,-0.2,-9.9,-35.2,9.1,0.668019654,-0.0898464919,-0.653462325,-0.344401379
543,1362701,36220,0.944,0.312,0.125,-5.5,-0.3,0,-10,-34.9,9.3,0.667989135,-0.0899075289,-0.653431806,-0.344492935
544,1365015,36220,0.94,0.312,0.125,-5.5,-0.2,0,-10,-34.9,9.3,0.667989135,-0.0899990844,-0.653401288,-0.344553972
545,1367297,36230,0.94,0.312,0.129,-5.5,0,0,-10,-34.9,9.3,0.667958617,-0.09009064,-0.653309732,-0.344645528
546,1370369,36230,0.94,0.316,0.129,-5.4,0,0,-10,-34.9,9.3,0.667958617,-0.090151677,-0.653309732,-0.344706565
547,1372542,36230,0.944,0.316,0.129,-5.4,0,0,-10.1,-34.8,9.2,0.667958617,-0.0902432325,-0.653279214,-0.34479812
548,1375788,36230,0.944,0.316,0.129,-5.2,-0.1,0,-10.1,-34.8,9.2,0.667928098,-0.090334788,-0.653218177,-0.344859157
549,1378943,36240,0.944,0.316,0.129,-5.2,-0.2,0.1,-10.1,-34.8,9.2,0.667928098,-0.0903958251,-0.653187658,-0.344950713
550,1381630,36240,0.948,0.32,0.129,-5.2,-0.4,0.3,-10.1,-34.8,9.2,0.66789758,-0.0904873806,-0.65315714,-0.34501175
551,1383830,36240,0.944,0.32,0.129,-5.2,-0.5,0.6,-10.1,-34.9,8.7,0.66789758,-0.0905789361,-0.653126621,-0.345072787
552,1386170,36240,0.952,0.328,0.129,-5.1,-0.4,0.8,-10.1,-34.9,8.7,0.66789758,-0.0906704917,-0.653096103,-0.345133824
553,1388424,36250,0.948,0.328,0.129,-4.9,-0.3,1.1,-10.1,-34.9,8.7,0.66789758,-0.0907620472,-0.653065584,-0.345194861
554,1390757,36250,0.948,0.328,0.129,-4.8,-0.1,1.3,-10.1,-34.9,8.7,0.667867061,-0.0908536027,-0.653035066,-0.345225379
555,1393678,36250,0.952,0.328,0.129,-4.8,0,1.3,-10.1,-34.9,8.7,0.667867061,-0.0910061953,-0.653004547,-0.345225379
556,1396570,36250,0.952,0.324,0.129,-4.8,0,1.3,-10.1,-34.9,8.7,0.667867061,-0.0910977508,-0.652974029,-0.345255898
557,1398821,36260,0.948,0.324,0.129,-4.7,0,1.2,-10.1,-34.9,8.7,0.667867061,-0.0911893063,-0.65294351,-0.345316935
558,1400967,36260,0.948,0.328,0.125,-4.7,0,1.2,-10.1,-34.9,8.7,0.667867061,-0.0912808618,-0.652882473,-0.345377972
559,1403230,36260,0.948,0.332,0.129,-4.7,-0.1,1.2,-10.1,-34.6,8.5,0.667867061,-0.0913724174,-0.652851955,-0.34540849
560,1406328,36260,0.948,0.328,0.125,-4.7,-0.1,1.2,-10.1,-34.6,8.5,0.667867061,-0.0914639729,-0.652821436,-0.345469527
561,1408602,36270,0.948,0.328,0.129,-4.7,-0.1,1.2,-10.1,-34.6,8.5,0.667867061,-0.0915555284,-0.652790918,-0.345530564
562,1410787,36270,0.944,0.324,0.126,-4.8,-0.1,1,-10.1,-34.6,8.5,0.667867061,-0.091647084,-0.652760399,-0.345561083
563,1412601,36270,0.948,0.324,0.129,-4.8,-0.1,0.8,-10.2,-34.7,8.5,0.667867061,-0.091708121,-0.652699362,-0.34562212
564,1414691,36270,0.952,0.328,0.125,-4.7,0,0.5,-10.2,-34.7,8.5,0.667867061,-0.0917996765,-0.652668844,-0.345683157
565,1417301,36280,0.952,0.324,0.129,-4.8,0,0.4,-10.2,-34.7,8.5,0.667836543,-0.091891232,-0.652638325,-0.345744194
566,1421712,36280,0.948,0.324,0.129,-5,0,0.3,-10.2,-34.7,8.5,0.667836543,-0.0919522691,-0.652607807,-0.345805231
567,1423673,36280,0.948,0.316,0.129,-5.2,0,0.2,-10.4,-35.1,8.4,0.667836543,-0.0920438246,-0.652577288,-0.345896786
568,1425974,36280,0.948,0.32,0.129,-5.4,-0.2,0.3,-10.4,-35.1,8.4,0.667806024,-0.0921353801,-0.652516251,-0.345957823
569,1428221,36290,0.948,0.316,0.129,-5.5,-0.3,0.2,-10.4,-35.1,8.4,0.667806024,-0.0921964171,-0.652485733,-0.346049379
570,1430345,36290,0.944,0.312,0.129,-5.7,-0.4,0,-10.4,-35.1,8.4,0.667775506,-0.0922879727,-0.652455214,-0.346110416
571,1433569,36290,0.944,0.32,0.129,-5.9,-0.6,-0.1,-10.2,-34.3,8.8,0.667775506,-0.0923795282,-0.652424696,-0.346171453
572,1435749,36290,0.944,0.316,0.129,-6,-0.8,-0.2,-10.2,-34.3,8.8,0.667744987,-0.0924710837,-0.652394177,-0.346293527
573,1438205,36300,0.944,0.316,0.133,-6.2,-0.8,-0.2,-10.2,-34.3,8.8,0.667714469,-0.0925626392,-0.65233314,-0.346385083
574,1441771,36300,0.944,0.312,0.129,-6.3,-0.8,0,-10.2,-34.3,8.8,0.66768395,-0.0926541948,-0.652302622,-0.346476638
575,1442204,36300,0.94,0.312,0.129,-6.3,-1.1,0.3,-10.2,-34.3,8.8,0.66768395,-0.0929288614,-0.652302622,-0.34644612
576,1444737,36300,0.94,0.312,0.129,-6.3,-1.1,0.3,-10.2,-34.3,8.8,0.667653432,-0.0930204169,-0.652272103,-0.346507157
577,1449129,36310,0.944,0.316,0.133,-6.3,-1.3,0.4,-10.2,-34.3,8.8,0.667653432,-0.0931424909,-0.652241585,-0.346598712
578,1449704,36310,0.94,0.316,0.129,-6.3,-1.4,0.5,-10.2,-34.3,8.8,0.667622913,-0.0932340464,-0.652211066,-0.346690268
579,1452254,36310,0.944,0.316,0.133,-6.3,-1.4,0.5,-10,-35.1,8.5,0.667592395,-0.0933561205,-0.652180548,-0.346751305
580,1455740,36310,0.94,0.32,0.129,-6.2,-1.4,0.6,-10,-35.1,8.5,0.667561876,-0.0934781945,-0.652150029,-0.34684286
581,1459491,36320,0.944,0.32,0.129,-6.1,-1.3,0.8,-10,-35.1,8.5,0.667531358,-0.0935697501,-0.65211951,-0.346903897
582,1459819,36320,0.94,0.32,0.129,-6,-1.3,1,-10,-35.1,8.5,0.667500839,-0.0936918241,-0.652088992,-0.346964934
583,1463531,36320,0.94,0.32,0.129,-5.8,-1.3,1.2,-10.2,-34.7,8.8,0.667470321,-0.0938138981,-0.652058473,-0.347025971
584,1465728,36320,0.94,0.324,0.129,-5.7,-1.4,1.4,-10.2,-34.7,8.8,0.667470321,-0.0939054537,-0.652027955,-0.347087008
585,1467731,36330,0.936,0.324,0.13,-5.5,-1.5,1.4,-10.2,-34.7,8.8,0.667439802,-0.0940275277,-0.652027955,-0.347148045
586,1469928,36330,0.94,0.328,0.13,-5.4,-1.5,1.3,-10.2,-34.7,8.8,0.667409284,-0.0941496017,-0.651997436,-0.347209082
587,1474057,36330,0.94,0.332,0.13,-5.2,-1.3,1.2,-10,-34.9,8.8,0.667378765,-0.0942411573,-0.651966918,-0.347270119
588,1476311,36330,0.944,0.324,0.129,-5.1,-1.2,1.2,-10,-34.9,8.8,0.667378765,-0.0943327128,-0.651936399,-0.347300638
589,1478594,36340,0.94,0.328,0.13,-5,-1.1,1.3,-10,-34.9,8.8,0.667348247,-0.0944547868,-0.651936399,-0.347361675
590,1480633,36340,0.94,0.332,0.13,-4.9,-1,1.4,-10,-34.9,8.8,0.667348247,-0.0945463424,-0.651905881,-0.347392193
591,1483243,36340,0.94,0.332,0.126,-4.8,-1,1.6,-10.3,-35.3,8.5,0.667317728,-0.0946378979,-0.651875362,-0.34745323
592,1485542,36340,0.944,0.336,0.13,-4.6,-0.9,1.5,-10.3,-35.3,8.5,0.667317728,-0.0947599719,-0.651844844,-0.347483749
593,1489264,36350,0.944,0.336,0.13,-4.4,-0.7,1.4,-10.3,-35.3,8.5,0.667317728,-0.0948210089,-0.651814325,-0.347544786
594,1489653,36350,0.948,0.332,0.129,-4.4,-0.6,1.2,-10.3,-35.3,8.5,0.66728721,-0.0949125645,-0.651783807,-0.347575304
595,1493840,36350,0.944,0.332,0.13,-4.4,-0.5,1.1,-10.3,-35.3,8.5,0.667226173,-0.09500412,-0.651844844,-0.347605823
596,1495957,36350,0.944,0.332,0.13,-4.4,-0.4,1,-10.3,-35.3,8.5,0.667226173,-0.095065157,-0.651814325,-0.34766686
597,1498332,36360,0.944,0.336,0.13,-4.4,-0.3,0.8,-10.3,-35.3,8.5,0.667226173,-0.0951567125,-0.651783807,-0.347727897
598,1500634,36360,0.952,0.332,0.129,-4.3,-0.3,0.8,-10.3,-35.3,8.5,0.667195654,-0.0952177496,-0.651753288,-0.347758415
599,1502539,36360,0.952,0.328,0.133,-4.1,-0.3,0.6,-9.9,-34.4,8.8,0.667195654,-0.0953093051,-0.65172277,-0.347819452
600,1506374,36360,0.944,0.328,0.129,-4,-0.3,0.5,-9.9,-34.4,8.8,0.667195654,-0.0953703421,-0.651692251,-0.347849971
601,1508714,36370,0.952,0.324,0.133,-4,-0.3,0.3,-9.9,-34.4,8.8,0.667195654,-0.0954313791,-0.651661733,-0.347911008
602,1510692,36370,0.952,0.328,0.129,-4.2,-0.3,0.1,-9.9,-34.4,8.8,0.667165136,-0.0954924162,-0.651631214,-0.347972045
603,1512870,36370,0.948,0.324,0.129,-4.4,-0.3,0,-10.1,-34.8,8.9,0.667165136,-0.0955839717,-0.651600696,-0.348033082
604,1514923,36370,0.948,0.32,0.129,-4.7,-0.3,-0.1,-10.1,-34.8,8.9,0.667134617,-0.0956450087,-0.651570177,-0.348094119
605,1517364,36380,0.952,0.32,0.133,-4.9,-0.3,-0.4,-10.1,-34.8,8.9,0.667134617,-0.0957060457,-0.651539659,-0.348185675
606,1519942,36380,0.952,0.32,0.129,-5.2,-0.3,-0.5,-10.1,-34.8,8.9,0.667104099,-0.0957670827,-0.65150914,-0.34827723
607,1524390,36380,0.952,0.316,0.133,-5.4,-0.3,-0.7,-10,-34.6,8.7,0.66707358,-0.0958586383,-0.651478622,-0.348338267
608,1524759,36380,0.952,0.316,0.133,-5.7,-0.3,-0.8,-10,-34.6,8.7,0.667043062,-0.0959196753,-0.651448103,-0.348460341
609,1527276,36390,0.952,0.316,0.133,-6,-0.4,-0.8,-10,-34.6,8.7,0.667043062,-0.0960112308,-0.651387066,-0.348551897
610,1529561,36390,0.952,0.312,0.133,-6.3,-0.4,-0.8,-10,-34.6,8.7,0.667012543,-0.0960722678,-0.651356548,-0.348643452
611,1533304,36390,0.952,0.312,0.133,-6.4,-0.4,-0.9,-9.9,-34.5,8.7,0.666982025,-0.0961638234,-0.651326029,-0.348735008
612,1535619,36390,0.956,0.312,0.129,-6.7,-0.3,-1.1,-9.9,-34.5,8.7,0.666951506,-0.0962553789,-0.651264992,-0.348857082
613,1537291,36400,0.948,0.312,0.133,-7,-0.2,-1.2,-9.9,-34.5,8.7,0.666920988,-0.0963469344,-0.651234474,-0.348979156
614,1541539,36400,0.956,0.312,0.129,-7.5,0,-1.4,-9.9,-34.5,8.7,0.666890469,-0.0964384899,-0.651173437,-0.34910123
615,1543785,36400,0.956,0.312,0.133,-8,0.1,-1.6,-9.9,-34.5,8.7,0.666920988,-0.0967741935,-0.651142918,-0.349040193
616,1545820,36400,0.956,0.304,0.133,-8.7,0.3,-2,-9.9,-34.5,8.7,0.666890469,-0.0968657491,-0.651081881,-0.349192785
617,1548219,36410,0.948,0.308,0.133,-9.2,0.4,-2.5,-9.9,-34.5,8.7,0.666859951,-0.0969573046,-0.650990326,-0.349375896
618,1550052,36410,0.944,0.308,0.129,-9.5,0.2,-2.6,-9.9,-34.5,8.7,0.666829432,-0.0970488601,-0.650929289,-0.349528489
619,1552474,36410,0.94,0.296,0.133,-9.5,0,-2.4,-9.7,-34.4,8.5,0.666768395,-0.0971709342,-0.650868252,-0.3497116
620,1556615,36410,0.944,0.304,0.129,-9.2,-0.4,-2.1,-9.7,-34.4,8.5,0.666737877,-0.0972624897,-0.650807215,-0.349864193
621,1558798,36420,0.944,0.304,0.133,-8.9,-0.8,-1.6,-9.7,-34.4,8.5,0.66667684,-0.0973845637,-0.650746178,-0.350016785
622,1561605,36420,0.94,0.304,0.133,-8.3,-1.2,-1.1,-9.7,-34.4,8.5,0.666646321,-0.0975066378,-0.650715659,-0.350169378
623,1563789,36420,0.944,0.312,0.133,-7.7,-1.6,-0.6,-9.9,-34.3,8.4,0.666615802,-0.0975981933,-0.650685141,-0.350260933
624,1566019,36420,0.936,0.316,0.133,-7,-1.9,-0.2,-9.9,-34.3,8.4,0.666554765,-0.0977202673,-0.650654622,-0.350383007
625,1568403,36430,0.94,0.32,0.133,-6.6,-2.2,0,-9.9,-34.3,8.4,0.666524247,-0.0978423414,-0.650624104,-0.350474563
626,1570534,36430,0.936,0.324,0.133,-6.2,-2.4,0.2,-9.9,-34.3,8.4,0.66646321,-0.0979644154,-0.650624104,-0.3505356
627,1574236,36430,0.936,0.32,0.133,-6.1,-2.5,0.2,-10,-34.4,8.2,0.666402173,-0.0980559709,-0.650593585,-0.350627155
628,1574559,36430,0.933,0.324,0.137,-6,-2.5,0.2,-10,-34.4,8.2,0.666371654,-0.098178045,-0.650593585,-0.350688192
629,1578909,36440,0.929,0.328,0.134,-6,-2.5,0.1,-10,-34.4,8.2,0.666310617,-0.098239082,-0.650593585,-0.350779748
630,1581069,36440,0.929,0.328,0.141,-6.1,-2.5,0,-10,-34.4,8.2,0.666280099,-0.0983916746,-0.650563066,-0.350840785
631,1583226,36440,0.925,0.328,0.138,-6.1,-2.5,-0.2,-10.3,-34.6,8.5,0.666219062,-0.0985137486,-0.650563066,-0.35093234
632,1585296,36440,0.925,0.332,0.142,-6.2,-2.4,-0.7,-10.3,-34.6,8.5,0.666158025,-0.0986053041,-0.650563066,-0.351023896
633,1587543,36450,0.921,0.328,0.142,-6.3,-2.3,-1.2,-10.3,-34.6,8.5,0.666096988,-0.0986968596,-0.650532548,-0.35114597
634,1589770,36450,0.921,0.328,0.142,-6.3,-2.3,-1.2,-10.3,-34.6,8.5,0.666096988,-0.0986968596,-0.650532548,-0.35114597
635,1592807,36450,0.921,0.328,0.149,-6.1,-2.3,-2,-10.3,-34.6,8.5,0.666005432,-0.0988189337,-0.650502029,-0.351390118
636,1595180,36450,0.921,0.328,0.149,-5.8,-2.3,-2.2,-10.3,-34.6,8.5,0.665944395,-0.0988799707,-0.650502029,-0.351512192
637,1597679,36460,0.921,0.324,0.145,-5.4,-2.5,-2.2,-10.3,-34.6,8.5,0.665883358,-0.0989715262,-0.650502029,-0.351603748
638,1600799,36460,0.917,0.324,0.142,-5,-2.5,-2.3,-10.3,-34.6,8.5,0.665822321,-0.0990325632,-0.650502029,-0.351695303
639,1602698,36460,0.921,0.328,0.142,-4.8,-2.4,-2.2,-10,-34.6,8.5,0.665761284,-0.0990630818,-0.650502029,-0.351817377
640,1606198,36460,0.921,0.324,0.145,-4.6,-2.3,-2,-10,-34.6,8.5,0.665700247,-0.0991241188,-0.650502029,-0.351908933
641,1608623,36470,0.921,0.328,0.142,-4.5,-2.3,-1.8,-10,-34.6,8.5,0.66563921,-0.0991851558,-0.650502029,-0.35196997
642,1611436,36470,0.921,0.328,0.146,-4.4,-2.2,-1.7,-10,-34.6,8.5,0.665578173,-0.0992156743,-0.650502029,-0.352031007
643,1613778,36470,0.925,0.328,0.145,-4.5,-2.2,-1.6,-10.2,-34.7,8.7,0.665517136,-0.0993072298,-0.650502029,-0.352153081
644,1616091,36470,0.925,0.328,0.145,-4.6,-2.2,-1.7,-10.2,-34.7,8.7,0.665456099,-0.0993682669,-0.650502029,-0.352244636
645,1617959,36480,0.929,0.324,0.149,-4.7,-2.3,-1.8,-10.2,-34.7,8.7,0.665425581,-0.0994293039,-0.650502029,-0.352336192
646,1621509,36480,0.925,0.324,0.149,-4.7,-2.5,-2,-10.2,-34.7,8.7,0.665364544,-0.0994903409,-0.650502029,-0.352427747
647,1624375,36480,0.929,0.324,0.153,-4.7,-2.7,-2.1,-10,-35.1,8.6,0.665272988,-0.0995513779,-0.650532548,-0.352519303
648,1624749,36480,0.925,0.324,0.153,-4.8,-2.9,-2.2,-10,-35.1,8.6,0.665211951,-0.0996124149,-0.650532548,-0.352610858
649,1629779,36490,0.925,0.32,0.149,-4.9,-3.3,-2.4,-10,-35.1,8.6,0.665150914,-0.0996734519,-0.650532548,-0.352702414
650,1629779,36490,0.929,0.324,0.153,-5.1,-3.7,-2.8,-10,-35.1,8.6,0.66502884,-0.0997039705,-0.650563066,-0.35279397
651,1632612,36490,0.921,0.316,0.153,-5.2,-4,-3.1,-9.6,-34.7,8.5,0.664967803,-0.099795526,-0.650593585,-0.352916044
652,1635722,36490,0.917,0.312,0.169,-5.3,-4.4,-3.5,-9.6,-34.7,8.5,0.664845729,-0.099856563,-0.650624104,-0.353038118
653,1638631,36500,0.913,0.316,0.169,-5.3,-4.8,-3.8,-9.6,-34.7,8.5,0.664754173,-0.0999176,-0.650654622,-0.353160192
654,1641534,36500,0.905,0.308,0.173,-5.5,-5.2,-4.1,-9.6,-34.7,8.5,0.664632099,-0.099978637,-0.650715659,-0.353282266
655,1643725,36500,0.901,0.308,0.181,-5.6,-5.7,-4.3,-9.6,-34.7,8.5,0.664723655,-0.100070193,-0.650471511,-0.353495895
656,1645985,36500,0.901,0.308,0.181,-5.7,-6,-4.6,-9.6,-34.7,8.5,0.664601581,-0.10013123,-0.650532548,-0.353617969
657,1648229,36510,0.893,0.308,0.181,-5.7,-6.4,-4.9,-9.6,-34.7,8.5,0.664448988,-0.100192267,-0.650593585,-0.353770562
658,1650141,36510,0.886,0.308,0.173,-5.6,-6.7,-5,-9.6,-34.7,8.5,0.664296396,-0.100253304,-0.650654622,-0.353892636
659,1652437,36510,0.889,0.308,0.181,-5.5,-7,-4.9,-9.5,-34.6,8.5,0.664174322,-0.100314341,-0.650715659,-0.354045228
660,1656345,36510,0.885,0.312,0.181,-5.2,-7.2,-4.7,-9.5,-34.6,8.5,0.664021729,-0.100375378,-0.650776696,-0.354167302
661,1658757,36520,0.882,0.308,0.181,-4.7,-7.3,-4.4,-9.5,-34.6,8.5,0.663869137,-0.100436415,-0.650868252,-0.354289377
662,1660889,36520,0.882,0.316,0.177,-4.2,-7.3,-4,-9.5,-34.6,8.5,0.663716544,-0.100497452,-0.650959807,-0.354380932
663,1663265,36520,0.882,0.316,0.177,-3.3,-7.2,-3.7,-9.3,-34.7,8.1,0.663563952,-0.100558489,-0.651051363,-0.354472488
664,1667017,36520,0.882,0.32,0.177,-2.5,-7.1,-3.3,-9.3,-34.7,8.1,0.663441877,-0.100619526,-0.651142918,-0.354533525
665,1667430,36530,0.882,0.328,0.17,-1.4,-7.1,-2.9,-9.3,-34.7,8.1,0.663319803,-0.100650044,-0.651234474,-0.354594562
666,1672186,36530,0.885,0.336,0.174,-0.4,-7,-2.6,-9.3,-34.7,8.1,0.663197729,-0.100650044,-0.651326029,-0.35462508
667,1672186,36530,0.882,0.34,0.174,0.5,-7,-2.6,-9.4,-34.7,8.3,0.663075655,-0.100680563,-0.651448103,-0.35462508
668,1674850,36530,0.885,0.34,0.17,1.6,-6.8,-3,-9.4,-34.7,8.3,0.662953581,-0.100650044,-0.651570177,-0.35462508
669,1678989,36540,0.889,0.351,0.174,2.5,-6.5,-3.5,-9.4,-34.7,8.3,0.662831507,-0.100619526,-0.651692251,-0.35462508
670,1681068,36540,0.889,0.351,0.17,3.3,-6.3,-4,-9.4,-34.7,8.3,0.662739952,-0.100558489,-0.651814325,-0.35462508
671,1683382,36540,0.893,0.359,0.166,3.9,-6.3,-4.5,-9.2,-34.6,8.4,0.662617878,-0.100497452,-0.651936399,-0.35462508
672,1685690,36540,0.889,0.371,0.166,4.4,-6.3,-5.2,-9.2,-34.6,8.4,0.662495804,-0.100405896,-0.652088992,-0.35462508
673,1687676,36550,0.897,0.367,0.162,4.8,-6.4,-6.1,-9.2,-34.6,8.4,0.66237373,-0.100283822,-0.652241585,-0.35462508
674,1690928,36550,0.893,0.375,0.162,5.2,-6.5,-6.8,-9.2,-34.6,8.4,0.662221137,-0.100161748,-0.652394177,-0.35462508
675,1693233,36550,0.901,0.379,0.162,5.4,-6.7,-7.4,-9.2,-34.6,8.4,0.662129582,-0.0997650075,-0.652394177,-0.354899747
676,1695029,36550,0.901,0.387,0.166,5.5,-6.9,-7.8,-9.2,-34.6,8.4,0.661976989,-0.0996429334,-0.65254677,-0.354930265
677,1697319,36560,0.897,0.391,0.166,5.5,-7.4,-8.3,-9.2,-34.6,8.4,0.661824396,-0.0994903409,-0.652729881,-0.354960784
678,1701427,36560,0.909,0.391,0.154,5.3,-7.9,-8.8,-9.2,-34.6,8.4,0.661641285,-0.0993682669,-0.652912992,-0.354991302
679,1703662,36560,0.913,0.394,0.158,5,-8.4,-9.2,-9,-34.9,8.3,0.661458174,-0.0992156743,-0.653096103,-0.355021821
680,1705719,36560,0.905,0.39,0.162,4.8,-8.7,-9.3,-9,-34.9,8.3,0.661275063,-0.0990936003,-0.653279214,-0.355082858
681,1709301,36570,0.897,0.386,0.174,4.8,-8.6,-9.4,-9,-34.9,8.3,0.661091952,-0.0989410077,-0.653462325,-0.355113376
682,1709750,36570,0.905,0.39,0.174,4.9,-8.3,-9.6,-9,-34.9,8.3,0.660908841,-0.0988189337,-0.653645436,-0.355174413
683,1712780,36570,0.889,0.399,0.163,4.7,-8.3,-10.3,-8.8,-35.1,8.2,0.66072573,-0.0986663411,-0.653798029,-0.35523545
684,1715182,36570,0.878,0.411,0.151,4.3,-8.7,-11.5,-8.8,-35.1,8.2,0.660512101,-0.0984832301,-0.65398114,-0.355327006
685,1718193,36580,0.878,0.411,0.151,4.3,-8.7,-11.5,-8.8,-35.1,8.2,0.660512101,-0.0984832301,-0.65398114,-0.355327006
686,1720809,36580,0.893,0.418,0.163,4.1,-9.8,-14.1,-8.8,-35.1,8.2,0.660054323,-0.0981475265,-0.654408399,-0.355571154
687,1722565,36580,0.897,0.426,0.171,4.6,-10.2,-14.8,-8.7,-34.7,8.1,0.659779656,-0.0979338969,-0.654622028,-0.355693228
688,1725697,36580,0.901,0.434,0.175,5.2,-10.4,-14.9,-8.7,-34.7,8.1,0.659535508,-0.0977202673,-0.654835658,-0.355784783
689,1729463,36590,0.901,0.434,0.175,5.2,-10.4,-14.9,-8.7,-34.7,8.1,0.659535508,-0.0977202673,-0.654835658,-0.355784783
690,1729921,36590,0.913,0.433,0.182,5.3,-11.4,-13.9,-8.7,-34.7,8.1,0.659016694,-0.0973540452,-0.655293435,-0.355998413
691,1733188,36590,0.917,0.437,0.17,4.4,-12,-13.3,-8.5,-34.8,8.6,0.658772546,-0.0971709342,-0.655537584,-0.356120487
692,1734938,36590,0.913,0.441,0.174,3.1,-12.7,-12.9,-8.5,-34.8,8.6,0.65846736,-0.0970488601,-0.655781732,-0.356212043
693,1739389,36600,0.917,0.453,0.171,1.8,-13.2,-13,-8.5,-34.8,8.6,0.658192694,-0.0969267861,-0.655995361,-0.356364635
694,1739867,36600,0.928,0.457,0.17,0.5,-13.7,-13.3,-8.5,-34.8,8.6,0.657887509,-0.0968352306,-0.656239509,-0.356517228
695,1742583,36600,0.932,0.461,0.167,-0.4,-14,-13.9,-8.5,-34.8,8.6,0.657551805,-0.0964384899,-0.656392102,-0.356975005
696,1746585,36600,0.932,0.461,0.167,-1.2,-14.4,-14.3,-8.5,-34.8,8.6,0.657216102,-0.0963774529,-0.656605731,-0.357158116
697,1748920,36610,0.932,0.465,0.163,-2,-14.9,-14.7,-8.5,-34.8,8.6,0.656910916,-0.0962858974,-0.656849879,-0.357371746
698,1751038,36610,0.932,0.461,0.159,-2.6,-15.4,-14.7,-8.5,-34.8,8.6,0.656575213,-0.0962553789,-0.657063509,-0.357585376
699,1753437,36610,0.928,0.473,0.163,-2.9,-15.8,-14.7,-8.3,-34.7,8.2,0.656208991,-0.0961943419,-0.657307657,-0.357799005
700,1755759,36610,0.936,0.473,0.163,-3.2,-16.3,-14.6,-8.3,-34.7,8.2,0.655842769,-0.0961638234,-0.657551805,-0.358043153
701,1758720,36620,0.928,0.477,0.163,-3.4,-16.6,-14.6,-8.3,-34.7,8.2,0.655507065,-0.0961333048,-0.657795953,-0.358256783
702,1760844,36620,0.928,0.473,0.163,-3.5,-16.9,-14.8,-8.3,-34.7,8.2,0.655140843,-0.0961027863,-0.658040101,-0.358500931
703,1763158,36620,0.928,0.48,0.171,-3.7,-17.1,-15,-8.1,-35,8.5,0.654744102,-0.0960722678,-0.658284249,-0.35871456
704,1765076,36620,0.92,0.48,0.183,-4,-17.2,-15.3,-8.1,-35,8.5,0.65437788,-0.0960417493,-0.658528397,-0.358958708
705,1767368,36630,0.917,0.484,0.179,-4.5,-17.4,-15.7,-8.1,-35,8.5,0.654011658,-0.0960112308,-0.658772546,-0.359202857
706,1771820,36630,0.917,0.488,0.183,-5.1,-17.6,-16.1,-8.1,-35,8.5,0.653614917,-0.0960112308,-0.659016694,-0.359477523
707,1772156,36630,0.909,0.484,0.179,-5.9,-18,-16.4,-7.9,-34.8,8.1,0.653218177,-0.0959807123,-0.659260842,-0.35975219
708,1776371,36630,0.901,0.492,0.179,-6.7,-18.4,-16.4,-7.9,-34.8,8.1,0.652790918,-0.0960112308,-0.65950499,-0.360057375
709,1778622,36640,0.897,0.492,0.183,-7.5,-18.8,-16.2,-7.9,-34.8,8.1,0.652394177,-0.0960112308,-0.659749138,-0.36036256
710,1780928,36640,0.893,0.5,0.179,-8.2,-19.2,-15.8,-7.9,-34.8,8.1,0.651966918,-0.0960722678,-0.659993286,-0.360667745
711,1783084,36640,0.889,0.508,0.18,-8.7,-19.6,-15.2,-8,-34.6,8.2,0.651539659,-0.0961333048,-0.660237434,-0.36097293
712,1785015,36640,0.889,0.508,0.18,-8.7,-19.6,-15.2,-8,-34.6,8.2,0.651539659,-0.0961333048,-0.660237434,-0.36097293
713,1787172,36650,0.885,0.512,0.18,-9.6,-20.1,-13.5,-8,-34.6,8.2,0.650715659,-0.0962858974,-0.660695212,-0.361552782
714,1791143,36650,0.885,0.52,0.172,-9.9,-20.2,-12.7,-8,-34.6,8.2,0.6502884,-0.0964079714,-0.66093936,-0.36179693
715,1794082,36650,0.893,0.528,0.164,-10.1,-20.3,-11.9,-8,-34.6,8.2,0.649769585,-0.0956144902,-0.660969878,-0.362956633
716,1796271,36650,0.897,0.532,0.168,-10.4,-20.4,-11.2,-8,-34.6,8.2,0.649372845,-0.0957670827,-0.661183508,-0.363200781
717,1798552,36660,0.893,0.54,0.164,-10.8,-20.4,-10.9,-8,-34.6,8.2,0.648945585,-0.0959196753,-0.661427656,-0.363475448
718,1800796,36660,0.893,0.548,0.164,-11.6,-20.3,-10.5,-8,-34.6,8.2,0.648548845,-0.0961027863,-0.661641285,-0.363750114
719,1802611,36660,0.905,0.563,0.164,-12.6,-20.2,-10.2,-7.7,-35.6,8.4,0.648152104,-0.0962858974,-0.661854915,-0.3640553
720,1804918,36660,0.901,0.567,0.157,-13.8,-20.1,-9.7,-7.7,-35.6,8.4,0.647755364,-0.096499527,-0.662038026,-0.364329966
721,1807086,36670,0.905,0.571,0.164,-15.3,-20,-9.3,-7.7,-35.6,8.4,0.647358623,-0.096743675,-0.662221137,-0.364635151
722,1809779,36670,0.909,0.571,0.16,-17,-20,-8.9,-7.7,-35.6,8.4,0.646961882,-0.0970183416,-0.66237373,-0.364970855
723,1814183,36670,0.909,0.575,0.16,-18.8,-20.1,-8.5,-7.8,-35.5,8.1,0.646565142,-0.0973235267,-0.662526322,-0.365337077
724,1816427,36670,0.905,0.571,0.149,-20.8,-20.2,-8.2,-7.8,-35.5,8.1,0.646168401,-0.0976592303,-0.662678915,-0.365703299
725,1818717,36680,0.913,0.579,0.16,-22.7,-20.4,-7.9,-7.8,-35.5,8.1,0.645741142,-0.0980254524,-0.662800989,-0.36610004
726,1820902,36680,0.917,0.575,0.156,-24.7,-20.7,-7.8,-7.8,-35.5,8.1,0.645344401,-0.0984221931,-0.662923063,-0.366527299
727,1823101,36680,0.92,0.579,0.156,-26.7,-21.2,-7.6,-7.7,-35.1,8,0.644917142,-0.0988799707,-0.663014618,-0.366985076
728,1826663,36680,0.924,0.579,0.156,-28.7,-21.8,-7.5,-7.7,-35.1,8,0.644459365,-0.0993377483,-0.663106174,-0.367442854
729,1828541,36690,0.92,0.579,0.153,-30.6,-22.6,-7.4,-7.7,-35.1,8,0.644032105,-0.099856563,-0.663197729,-0.367961669
730,1830839,36690,0.92,0.575,0.152,-32.4,-23.4,-7.5,-7.7,-35.1,8,0.643543809,-0.100375378,-0.663289285,-0.368480483
731,1833140,36690,0.917,0.575,0.149,-34.2,-24,-7.7,-7.3,-35.4,8,0.643055513,-0.100955229,-0.663350322,-0.369029817
732,1835537,36690,0.917,0.571,0.145,-35.8,-24.4,-7.7,-7.3,-35.4,8,0.642567217,-0.101535081,-0.663441877,-0.369609668
733,1837460,36700,0.921,0.571,0.141,-37.2,-24.7,-7.6,-7.3,-35.4,8,0.642078921,-0.102145451,-0.663502915,-0.37018952
734,1839747,36700,0.917,0.571,0.141,-38.5,-24.7,-7.6,-7.3,-35.4,8,0.641560106,-0.102755821,-0.663533433,-0.37079989
735,1844506,36700,0.913,0.563,0.137,-40,-24.7,-7.6,-7.3,-35.4,8,0.640888699,-0.102908414,-0.66359447,-0.371868038
736,1844887,36700,0.913,0.563,0.137,-41.5,-24.7,-7.6,-7.3,-35.4,8,0.640369884,-0.103579821,-0.66359447,-0.372539445
737,1847199,36710,0.913,0.563,0.137,-43,-24.7,-7.4,-7.3,-35.4,8,0.63985107,-0.104251228,-0.663624989,-0.373210852
738,1849752,36710,0.913,0.56,0.133,-44.4,-24.7,-7.1,-7.3,-35.4,8,0.639332255,-0.104983673,-0.663624989,-0.37388226
739,1854118,36710,0.913,0.56,0.129,-45.8,-24.7,-6.6,-7,-35.9,7.4,0.63881344,-0.105716117,-0.66359447,-0.374584185
740,1856391,36710,0.913,0.56,0.129,-47,-24.9,-6.3,-7,-35.9,7.4,0.638294626,-0.106509598,-0.66359447,-0.375286111
741,1858816,36720,0.913,0.556,0.129,-48.1,-25.2,-6,-7,-35.9,7.4,0.637775811,-0.107272561,-0.663563952,-0.376018555
742,1860836,36720,0.913,0.556,0.125,-49.2,-25.6,-5.9,-7,-35.9,7.4,0.637226478,-0.108096561,-0.663533433,-0.376750999
743,1863215,36720,0.921,0.552,0.121,-50.3,-25.9,-5.8,-7,-35.8,7.3,0.636677145,-0.10892056,-0.663472396,-0.377513962
744,1867119,36720,0.921,0.56,0.117,-51.3,-26,-5.6,-7,-35.8,7.3,0.636127812,-0.109775079,-0.663441877,-0.378276925
745,1867487,36730,0.921,0.564,0.113,-52.3,-26.1,-5.2,-7,-35.8,7.3,0.635578478,-0.110629597,-0.66338084,-0.379039888
746,1871463,36730,0.921,0.556,0.109,-53.2,-26.1,-4.8,-7,-35.8,7.3,0.635029145,-0.111514634,-0.663319803,-0.37980285
747,1873669,36730,0.921,0.552,0.109,-54.2,-26.1,-4.2,-6.7,-36.2,7,0.634510331,-0.11239967,-0.663228248,-0.380596332
748,1876088,36730,0.925,0.544,0.101,-55.3,-26,-3.8,-6.7,-36.2,7,0.633960997,-0.113345744,-0.663136692,-0.381389813
749,1878269,36740,0.929,0.54,0.093,-56.5,-25.9,-3.4,-6.7,-36.2,7,0.633411664,-0.114291818,-0.663045137,-0.382183294
750,1880115,36740,0.925,0.536,0.093,-57.8,-25.9,-3.2,-6.7,-36.2,7,0.632862331,-0.11526841,-0.662923063,-0.383007294
751,1882356,36740,0.929,0.529,0.081,-59.1,-25.9,-3.1,-6.9,-35.8,6.5,0.632312998,-0.116275521,-0.662800989,-0.383831294
752,1884675,36740,0.933,0.521,0.081,-60.6,-25.9,-3.1,-6.9,-35.8,6.5,0.631763665,-0.117282632,-0.662648396,-0.384685812
753,1889424,36750,0.925,0.509,0.081,-62.1,-25.9,-3.3,-6.9,-35.8,6.5,0.631183813,-0.118259224,-0.662495804,-0.385570849
754,1889721,36750,0.929,0.49,0.069,-63.6,-26.1,-3.6,-6.9,-35.8,6.5,0.630603961,-0.119327372,-0.662343211,-0.386455885
755,1893891,36750,0.933,0.474,0.069,-65,-26.3,-4,-6.9,-35.8,6.5,0.629566332,-0.119693594,-0.662404248,-0.387890255
756,1896174,36750,0.933,0.474,0.069,-66.3,-26.6,-4.5,-6.9,-35.8,6.5,0.62898648,-0.120761742,-0.662221137,-0.388866848
757,1898370,36760,0.94,0.466,0.069,-67.3,-26.9,-5.2,-6.9,-35.8,6.5,0.62837611,-0.12182989,-0.662038026,-0.389812922
758,1900710,36760,0.94,0.446,0.068,-68.3,-27.1,-5.8,-6.9,-35.8,6.5,0.627735221,-0.122928556,-0.661854915,-0.390820032
759,1902686,36760,0.948,0.45,0.072,-69.1,-27.4,-6.2,-6.2,-36.7,5.8,0.627094333,-0.123996704,-0.661641285,-0.391827143
760,1906657,36760,0.948,0.434,0.076,-69.9,-27.7,-6.3,-6.2,-36.7,5.8,0.626453444,-0.125125889,-0.661458174,-0.392864772
761,1908893,36770,0.952,0.411,0.079,-70.7,-28.1,-6.3,-6.2,-36.7,5.8,0.625812555,-0.126194037,-0.661244545,-0.393871883
762,1911168,36770,0.952,0.403,0.079,-71.6,-28.4,-6.3,-6.2,-36.7,5.8,0.625141148,-0.12735374,-0.661030915,-0.394909513
763,1913347,36770,0.956,0.395,0.075,-72.5,-28.6,-6.3,-6.7,-36.5,5.8,0.624469741,-0.128513443,-0.660817286,-0.39597766
764,1915134,36770,0.956,0.383,0.083,-73.5,-28.9,-6.2,-6.7,-36.5,5.8,0.623798334,-0.129673147,-0.660573138,-0.397045808
765,1917459,36780,0.964,0.367,0.09,-74.3,-29.3,-6.1,-6.7,-36.5,5.8,0.623096408,-0.13083285,-0.660359508,-0.398113956
766,1921388,36780,0.964,0.359,0.094,-74.9,-29.6,-6,-6.7,-36.5,5.8,0.622425001,-0.132023072,-0.66011536,-0.399182104
767,1923760,36780,0.964,0.355,0.094,-75.3,-29.7,-6,-6.4,-36.6,5.4,0.621723075,-0.133213294,-0.65990173,-0.40028077
768,1926014,36780,0.964,0.34,0.102,-75.4,-29.8,-5.8,-6.4,-36.6,5.4,0.621021149,-0.134434034,-0.659657582,-0.401348918
769,1928290,36790,0.968,0.332,0.102,-75.1,-29.6,-5.3,-6.4,-36.6,5.4,0.620319224,-0.135624256,-0.659413434,-0.402417066
770,1930641,36790,0.968,0.328,0.102,-74.4,-29.2,-4.7,-6.4,-36.6,5.4,0.619617298,-0.136814478,-0.659169286,-0.403454695
771,1932560,36790,0.968,0.316,0.105,-73.2,-28.7,-3.8,-6.5,-36.9,4.8,0.618976409,-0.1380047,-0.658925138,-0.404492325
772,1934846,36790,0.964,0.312,0.117,-71.3,-28.1,-3,-6.5,-36.9,4.8,0.618305002,-0.139164403,-0.65868099,-0.405468917
773,1937043,36800,0.968,0.312,0.129,-69,-27.6,-2.2,-6.5,-36.9,4.8,0.617694632,-0.140324107,-0.658436842,-0.406384472
774,1941227,36800,0.972,0.308,0.133,-66.1,-27.1,-1.5,-6.5,-36.9,4.8,0.617084262,-0.141422773,-0.658223212,-0.407300027
775,1943754,36800,0.972,0.311,0.144,-59.1,-25.3,0,-6.5,-36.9,4.8,0.616718039,-0.142674032,-0.657918027,-0.407910398
776,1946101,36800,0.979,0.315,0.164,-59.1,-25.3,0,-6.5,-36.9,4.8,0.616168706,-0.143711661,-0.657734916,-0.40867336
777,1948268,36810,0.983,0.311,0.172,-54.9,-23.8,0.7,-6.5,-36.9,4.8,0.61568041,-0.144657735,-0.657551805,-0.409375286
778,1950291,36810,0.987,0.315,0.179,-50,-21.8,1.6,-6.5,-36.9,4.8,0.615222633,-0.145542772,-0.657399213,-0.410016175
779,1952458,36810,0.995,0.326,0.183,-44.5,-19.5,2.4,-5.9,-37.1,4.5,0.614825892,-0.146366771,-0.657216102,-0.410565508
780,1954733,36810,0.995,0.33,0.179,-38.4,-17,3.2,-5.9,-37.1,4.5,0.614490188,-0.147068697,-0.657124546,-0.410992767
781,1959079,36820,0.999,0.338,0.168,-31.5,-14.5,3.6,-5.9,-37.1,4.5,0.614215522,-0.147679067,-0.657002472,-0.411358989
782,1960979,36820,1.007,0.366,0.141,-23.7,-12.3,3.9,-5.9,-37.1,4.5,0.613971374,-0.148167364,-0.656941435,-0.411603137
783,1963267,36820,1.003,0.386,0.133,-15.2,-10.4,4.2,-6,-37.4,4.5,0.613818781,-0.148533586,-0.656941435,-0.411725211
784,1965673,36820,0.999,0.398,0.125,-6.1,-9,4.2,-6,-37.4,4.5,0.613696707,-0.148747215,-0.657002472,-0.41175573
785,1968737,36830,0.995,0.414,0.106,3.2,-7.8,3.9,-6,-37.4,4.5,0.61363567,-0.148838771,-0.657124546,-0.411603137
786,1971801,36830,0.968,0.446,0.064,12.6,-6.5,2.8,-6,-37.4,4.5,0.613605152,-0.148777734,-0.657307657,-0.411389508
787,1972315,36830,0.952,0.462,0.037,21.4,-5.2,1,-6.4,-37,4.5,0.613605152,-0.148533586,-0.657582324,-0.411023286
788,1976791,36830,0.952,0.482,0.01,29.9,-3.7,-1.7,-6.4,-37,4.5,0.61363567,-0.148136845,-0.657887509,-0.410626545
789,1977198,36840,0.921,0.487,0,38,-1.8,-5.1,-6.4,-37,4.5,0.613696707,-0.147587512,-0.658284249,-0.410138249
790,1979719,36840,0.875,0.496,-0.046,45.6,0.4,-9.2,-6.4,-37,4.5,0.613757744,-0.146824549,-0.658711509,-0.409588916
791,1984141,36840,0.875,0.5,-0.066,52.7,2.9,-13.6,-5.8,-36.8,4.4,0.6138493,-0.145908994,-0.659199805,-0.409039583
792,1986254,36840,0.875,0.505,-0.093,58.6,5.3,-18.6,-5.8,-36.8,4.4,0.613940855,-0.144810327,-0.659688101,-0.408459731
793,1988568,36850,0.898,0.489,-0.121,62.5,7.8,-23.9,-5.8,-36.8,4.4,0.614062929,-0.143559069,-0.660237434,-0.407910398
794,1990706,36850,0.922,0.493,-0.149,63.4,10.1,-28.7,-5.8,-36.8,4.4,0.614154485,-0.142185736,-0.66072573,-0.407391583
795,1993023,36850,0.984,0.484,-0.146,52.5,15,-33.6,-5.8,-36.8,4.4,0.613574633,-0.140598773,-0.661763359,-0.407147435
796,1994699,36850,0.984,0.484,-0.146,52.5,15,-33.6,-5.8,-36.8,4.4,0.61363567,-0.139286477,-0.662129582,-0.406903287
797,1999187,36860,0.926,0.387,-0.162,38.8,17.1,-31.5,-5.8,-36.8,4.4,0.613727226,-0.138157292,-0.662343211,-0.406811731
798,1999641,36860,0.945,0.363,-0.151,19.4,18.6,-26.1,-5.8,-36.8,4.4,0.613818781,-0.137363811,-0.662343211,-0.406933805
799,2002295,36860,0.988,0.327,-0.148,-5,18.7,-18.9,-5.7,-36.7,5.1,0.613910337,-0.136997589,-0.662099063,-0.407300027
800,2005847,36860,1.023,0.291,-0.079,-32.9,17,-11,-5.7,-36.7,5.1,0.613971374,-0.137119663,-0.661610767,-0.407971435
801,2007642,36870,0.941,0.213,-0.059,-63.1,13.7,-2.9,-5.7,-36.7,5.1,0.613940855,-0.13779107,-0.660878323,-0.408978545
802,2009919,36870,0.891,0.131,-0.043,-94.8,8.4,5.8,-5.7,-36.7,5.1,0.613818781,-0.139072848,-0.65990173,-0.410290841
803,2012245,36870,0.902,0.076,-0.032,-126.8,0.7,14.8,-5.9,-37.2,4.1,0.613605152,-0.140964995,-0.658711509,-0.411908322
804,2017096,36870,0.933,-0.03,0.004,-157.1,-9.7,22.4,-5.9,-37.2,4.1,0.613177892,-0.143498032,-0.657368694,-0.413830988
805,2017096,36880,0.984,-0.082,0.01,-182.8,-22.5,26.8,-5.9,-37.2,4.1,0.612506485,-0.146519364,-0.655903806,-0.416028321
806,2021583,36880,1.027,-0.111,0.04,-202.3,-35.8,28.3,-5.9,-37.2,4.1,0.61159093,-0.149967956,-0.654469436,-0.418439283
807,2023854,36880,1.051,-0.205,0.051,-214.6,-47.7,28.5,-6.4,-37.2,3.3,0.610461745,-0.153660695,-0.653035066,-0.420941801
808,2026037,36880,1.07,-0.268,0.03,-219.7,-56.8,29.6,-6.4,-37.2,3.3,0.609179968,-0.157536546,-0.651661733,-0.423474837
809,2028159,36890,1.086,-0.315,0.029,-217.2,-62,32.6,-6.4,-37.2,3.3,0.607837153,-0.161442915,-0.650379955,-0.425916318
810,2030184,36890,1.066,-0.354,0.037,-206.2,-63.3,36.9,-6.4,-37.2,3.3,0.606555376,-0.165257729,-0.649159215,-0.428144169
811,2033517,36890,1.043,-0.401,0.025,-186.5,-60.8,41.3,-6.2,-37.8,2.1,0.605395672,-0.16891995,-0.648060549,-0.430005799
812,2035736,36890,1.008,-0.428,-0.001,-159.1,-55.8,44.7,-6.2,-37.8,2.1,0.604449599,-0.17218543,-0.647144993,-0.431470687
813,2037390,36900,0.993,-0.427,-0.02,-125.8,-49.8,45.9,-6.2,-37.8,2.1,0.603717154,-0.174962615,-0.646443068,-0.432447279
814,2041646,36900,1.004,-0.286,-0.023,-88.7,-43.8,43.6,-6.2,-37.8,2.1,0.603167821,-0.177159948,-0.646015809,-0.432935575
815,2043755,36900,1.039,-0.16,-0.077,-13.2,-34.9,28.2,-6,-37.2,2,0.603259377,-0.178991058,-0.646107364,-0.431867428
816,2046019,36900,1.039,-0.16,-0.077,-13.2,-34.9,28.2,-6,-37.2,2,0.60298471,-0.179876095,-0.646320994,-0.431562243
817,2048085,36910,1.008,-0.135,-0.131,17.1,-33.4,19.9,-6,-37.2,2,0.602771081,-0.180242317,-0.646870327,-0.430921354
818,2050259,36910,0.997,-0.083,-0.216,38.7,-33.9,14.5,-6,-37.2,2,0.60258797,-0.180272835,-0.647602771,-0.430036317
819,2053534,36910,1.013,-0.067,-0.259,51.9,-35.4,12,-6.3,-37.2,2.3,0.602404859,-0.180089724,-0.648518326,-0.429029206
820,2055733,36910,1.009,-0.066,-0.279,58.8,-37.2,10.3,-6.3,-37.2,2.3,0.602191229,-0.179815058,-0.649525437,-0.427900021
821,2059479,36920,1.001,-0.078,-0.298,61.5,-38.9,7.7,-6.3,-37.2,2.3,0.601947081,-0.179479354,-0.650563066,-0.426770837
822,2059858,36920,1.048,-0.101,-0.335,60.9,-40.2,3.6,-6.3,-37.2,2.3,0.601672414,-0.179113132,-0.651661733,-0.425702689
823,2062153,36920,1.064,-0.129,-0.335,57.3,-41.3,-2.3,-6,-37.6,2.7,0.601275674,-0.178716391,-0.652729881,-0.424756615
824,2064645,36920,1.08,-0.157,-0.336,50.5,-42,-9.8,-6,-37.6,2.7,0.600787378,-0.178289132,-0.653798029,-0.423993652
825,2068388,36930,1.123,-0.228,-0.333,41,-42,-18.1,-6,-37.6,2.7,0.600177007,-0.177892392,-0.654805139,-0.423474837
826,2070614,36930,1.134,-0.275,-0.326,29.6,-41.3,-26.2,-6,-37.6,2.7,0.599444563,-0.177495651,-0.655720695,-0.423261208
827,2072609,36930,1.138,-0.315,-0.315,17.3,-40.2,-33.3,-6.1,-37.5,2.6,0.598620563,-0.177159948,-0.656514176,-0.423291726
828,2076478,36930,1.158,-0.358,-0.293,5.5,-39.1,-38.2,-6.1,-37.5,2.6,0.597735527,-0.176915799,-0.657216102,-0.423535875
829,2078747,36940,1.193,-0.434,-0.259,-5,-38.5,-40.6,-6.1,-37.5,2.6,0.596789453,-0.176732688,-0.65785699,-0.423993652
830,2080989,36940,1.193,-0.434,-0.259,-5,-38.5,-40.6,-6.1,-37.5,2.6,0.596789453,-0.176732688,-0.65785699,-0.423993652
831,2083250,36940,1.216,-0.494,-0.213,-20.6,-38.5,-37.7,-5.6,-37.3,2.7,0.594836268,-0.176793725,-0.658833583,-0.425214393
832,2085529,36940,1.224,-0.545,-0.179,-25.3,-38.6,-32.8,-5.6,-37.3,2.7,0.593859676,-0.176976836,-0.659230323,-0.425855281
833,2087481,36950,1.224,-0.545,-0.179,-25.3,-38.6,-32.8,-5.6,-37.3,2.7,0.593859676,-0.176976836,-0.659230323,-0.425855281
834,2089752,36950,1.22,-0.596,-0.167,-26.6,-37.6,-18.1,-5.6,-37.3,2.7,0.592150639,-0.177770318,-0.659871212,-0.426923429
835,2092275,36950,1.212,-0.612,-0.164,-22.3,-36.2,-9.3,-5.6,-37,2.6,0.591448714,-0.178258614,-0.660176397,-0.427228614
836,2094509,36950,1.208,-0.612,-0.175,-13.6,-34,0,-5.6,-37,2.6,0.590929899,-0.17874691,-0.660481582,-0.427289651
837,2099008,36960,1.208,-0.596,-0.195,0.2,-30.9,9.6,-5.6,-37,2.6,0.590563677,-0.179174169,-0.660847804,-0.427045503
838,2101323,36960,1.201,-0.58,-0.21,19.5,-26.8,19.2,-5.6,-37,2.6,0.590441603,-0.179448836,-0.661305582,-0.426404614
839,2103466,36960,1.189,-0.513,-0.244,43.7,-21.8,28.7,-5.4,-37.5,3.1,0.590563677,-0.179509873,-0.661885434,-0.425305948
840,2105688,36960,1.177,-0.477,-0.275,71.3,-15.7,37.6,-5.4,-37.5,3.1,0.590960417,-0.179296243,-0.662587359,-0.423718986
841,2107710,36970,1.17,-0.441,-0.294,100.6,-8.4,45.6,-5.4,-37.5,3.1,0.591631825,-0.178716391,-0.663441877,-0.421643727
842,2109979,36970,1.154,-0.382,-0.316,129.7,0,51.9,-5.4,-37.5,3.1,0.592608417,-0.177800836,-0.664448988,-0.419110691
843,2112254,36970,1.142,-0.275,-0.342,157.2,8.9,56.4,-6,-37.6,4,0.593890194,-0.17648854,-0.665547655,-0.416119877
844,2114794,36970,1.134,-0.232,-0.361,181.9,18,58.8,-6,-37.6,4,0.595355083,-0.174840541,-0.666737877,-0.412793359
845,2117069,36980,1.131,-0.188,-0.372,202.5,26.7,59.4,-6,-37.6,4,0.597064119,-0.172826319,-0.667958617,-0.409161657
846,2121391,36980,1.127,-0.121,-0.411,218.7,34.5,58.5,-6,-37.6,4,0.59889523,-0.170506912,-0.669240394,-0.405346843
847,2123274,36980,1.123,-0.085,-0.426,230.3,41.2,56.5,-6.3,-36.7,5.4,0.600848415,-0.167973876,-0.670522172,-0.401379437
848,2125686,36980,1.127,-0.054,-0.425,238.1,46.9,53.6,-6.3,-36.7,5.4,0.602862636,-0.16522721,-0.671773431,-0.397381512
849,2127669,36990,1.131,-0.038,-0.433,242.6,51.3,50.1,-6.3,-36.7,5.4,0.604937895,-0.162297433,-0.673024689,-0.39332255
850,2129964,36990,1.135,-0.022,-0.445,244.4,54.6,46.2,-6.3,-36.7,5.4,0.606982635,-0.159306619,-0.674214911,-0.389324625
851,2132108,36990,1.139,-0.014,-0.453,244,56.7,42.1,-7.1,-36.8,6.1,0.608996857,-0.156193731,-0.675374615,-0.385357219
852,2136582,36990,1.139,-0.003,-0.46,241.8,58,38.4,-7.1,-36.8,6.1,0.611011078,-0.153050325,-0.6765038,-0.381481368
853,2137080,37000,1.139,-0.018,-0.46,238.5,58.6,35.4,-7.1,-36.8,6.1,0.612964263,-0.149906919,-0.677571947,-0.377666555
854,2141707,37000,1.139,-0.014,-0.456,234.3,58.8,33.5,-7.1,-36.8,6.1,0.61485641,-0.146794031,-0.678609577,-0.373943297
855,2142069,37000,1.139,-0.038,-0.465,229.6,58.8,32.9,-7.1,-34.8,7.9,0.616718039,-0.143711661,-0.679586169,-0.370281075
856,2144714,37000,1.143,-0.057,-0.469,224.7,58.8,33.5,-7.1,-34.8,7.9,0.61854915,-0.140720847,-0.680501724,-0.366679891
857,2149195,37010,1.15,-0.085,-0.469,220.1,58.9,35.2,-7.1,-34.8,7.9,0.620380261,-0.13779107,-0.681325724,-0.363109226
858,2149720,37010,1.15,-0.093,-0.465,216.2,59.4,37.8,-7.1,-34.8,7.9,0.622211371,-0.134952849,-0.682119205,-0.359569079
859,2154394,37010,1.158,-0.101,-0.47,213.7,60.6,41,-7.3,-35.1,8.8,0.624073,-0.132175665,-0.68285165,-0.355998413
860,2154742,37010,1.158,-0.105,-0.458,212.5,62.7,44.4,-7.3,-35.1,8.8,0.625934629,-0.129459517,-0.683492538,-0.352397229
861,2159080,37020,1.166,-0.117,-0.466,212.6,65.5,48,-7.3,-35.1,8.8,0.627887814,-0.126773888,-0.684102908,-0.348765526
862,2161285,37020,1.178,-0.12,-0.478,214,68.7,51.8,-7.3,-35.1,8.8,0.629871517,-0.12408826,-0.684652242,-0.345042268
863,2163343,37020,1.186,-0.12,-0.482,216.8,71.9,55.8,-7.8,-34.8,9.5,0.631977294,-0.121402631,-0.685110019,-0.341227454
864,2165669,37020,1.197,-0.105,-0.494,221,75.1,60,-7.8,-34.8,9.5,0.63411359,-0.118686483,-0.685567797,-0.337290567
865,2168233,37030,1.205,-0.081,-0.501,226.7,78.2,64.1,-7.8,-34.8,9.5,0.636341441,-0.115939817,-0.685964537,-0.333201086
866,2170547,37030,1.213,-0.066,-0.505,233.8,81.4,68.1,-7.8,-34.8,9.5,0.638630329,-0.113101596,-0.686361278,-0.328959014
867,2172489,37030,1.221,-0.058,-0.517,241.4,84.2,72.2,-8.7,-34.2,11,0.640980255,-0.110232856,-0.6867275,-0.32453383
868,2174780,37030,1.233,-0.018,-0.536,248.9,86.9,76.3,-8.7,-34.2,11,0.643421735,-0.107272561,-0.687063204,-0.319956053
869,2177498,37040,1.237,-0.002,-0.544,255.8,89.3,80.4,-8.7,-34.2,11,0.645924253,-0.104251228,-0.687398907,-0.315195166
870,2180079,37040,1.244,0.02,-0.548,262,91.5,84.5,-8.7,-34.2,11,0.648457289,-0.101168859,-0.687704093,-0.310281686
871,2182258,37040,1.256,0.06,-0.575,267.3,93.5,88.5,-9.5,-33.3,12.1,0.651020844,-0.098117008,-0.687978759,-0.305215613
872,2184864,37040,1.256,0.087,-0.586,271.3,95.1,92.1,-9.5,-33.3,12.1,0.653645436,-0.09500412,-0.688222907,-0.300027467
873,2188729,37050,1.256,0.099,-0.59,274.2,96.5,95.3,-9.5,-33.3,12.1,0.656270028,-0.091891232,-0.688436537,-0.294747765
874,2190952,37050,1.252,0.127,-0.598,275.9,97.8,98.1,-9.5,-33.3,12.1,0.65889462,-0.0887783441,-0.688589129,-0.289376507
875,2193068,37050,1.252,0.147,-0.629,276.5,98.9,100.5,-10.2,-31.2,13.8,0.66154973,-0.0856959746,-0.688711203,-0.283974731
876,2195021,37050,1.241,0.155,-0.644,276.2,99.7,102.7,-10.2,-31.2,13.8,0.664174322,-0.0826136052,-0.68877224,-0.278511917
877,2197243,37060,1.213,0.136,-0.659,275.4,100.2,104.3,-10.2,-31.2,13.8,0.666798914,-0.0795922727,-0.688802759,-0.273018586
878,2199742,37060,1.225,0.19,-0.647,274.8,100.6,104.9,-10.2,-31.2,13.8,0.669392987,-0.0765709403,-0.68877224,-0.267525254
879,2204235,37060,1.213,0.191,-0.655,275,100.9,104.4,-10.8,-31.7,13.9,0.67198706,-0.0735190893,-0.688711203,-0.262031922
880,2206223,37060,1.21,0.191,-0.667,276.2,100.8,102.7,-10.8,-31.7,13.9,0.674520096,-0.0704062014,-0.688619648,-0.256538591
881,2208502,37070,1.209,0.207,-0.662,277.8,100.4,100.6,-10.8,-31.7,13.9,0.676992096,-0.0672933134,-0.688528092,-0.251045259
882,2210896,37070,1.202,0.23,-0.662,278.9,99.4,98.6,-10.8,-31.7,13.9,0.679433576,-0.0641193884,-0.688436537,-0.245521409
883,2213815,37070,1.221,0.261,-0.654,279.6,98.3,97.4,-11.6,-31,15.3,0.681783502,-0.0609149449,-0.688314463,-0.240028077
884,2215944,37070,1.221,0.269,-0.662,279.8,97.1,97,-11.6,-31,15.3,0.684102908,-0.0576494644,-0.688192389,-0.234504227
885,2218215,37080,1.209,0.277,-0.654,279.5,96.1,97.7,-11.6,-31,15.3,0.686391797,-0.0544755394,-0.688070315,-0.228949858
886,2220039,37080,1.209,0.277,-0.654,279.5,96.1,97.7,-11.6,-31,15.3,0.686391797,-0.0544755394,-0.688070315,-0.228949858
887,2222431,37080,1.213,0.304,-0.638,277.2,94.7,101.4,-12.2,-29.1,16.5,0.690847499,-0.048219245,-0.687673574,-0.217810602
888,2226557,37080,1.205,0.308,-0.634,275.1,94.1,103.8,-12.2,-29.1,16.5,0.693044832,-0.0451979125,-0.687459944,-0.212195196
889,2228677,37090,1.194,0.32,-0.645,272.6,93,106,-12.2,-29.1,16.5,0.695181127,-0.0422376171,-0.687185278,-0.206610309
890,2230896,37090,1.194,0.324,-0.645,269.6,91.3,107.9,-12.2,-29.1,16.5,0.697256386,-0.0393383587,-0.686910611,-0.200994903
891,2233670,37090,1.19,0.32,-0.645,266.5,89.4,109.3,-12.8,-28.3,17.3,0.699301126,-0.0365306558,-0.686605426,-0.195410016
892,2235876,37090,1.178,0.317,-0.641,263.7,87.5,110.1,-12.8,-28.3,17.3,0.701284829,-0.03378399,-0.686269723,-0.189855647
893,2238173,37100,1.178,0.328,-0.641,261.6,85.7,109.9,-12.8,-28.3,17.3,0.703176977,-0.0310678426,-0.685964537,-0.184301279
894,2240612,37100,1.178,0.328,-0.637,260,83.9,109.1,-12.8,-28.3,17.3,0.705038606,-0.0283822138,-0.685628834,-0.178807947
895,2242381,37100,1.162,0.328,-0.633,258.9,82,107.4,-13.9,-25.7,19.2,0.706839198,-0.025696585,-0.68529313,-0.173314615
896,2246562,37100,1.151,0.325,-0.629,258.2,79.7,105.3,-13.9,-25.7,19.2,0.708548235,-0.0229499191,-0.684957427,-0.167882321
897,2248854,37110,1.151,0.332,-0.625,258,77.1,102.9,-13.9,-25.7,19.2,0.710196234,-0.0202337718,-0.684652242,-0.162450026
898,2251093,37110,1.147,0.34,-0.624,258.4,74.4,100,-13.9,-25.7,19.2,0.711783197,-0.0174565874,-0.684377575,-0.157078768
899,2253253,37110,1.147,0.356,-0.632,259.5,71.7,96.8,-14.4,-25.4,18.8,0.713248085,-0.014618366,-0.684102908,-0.151707511
900,2255633,37110,1.139,0.38,-0.632,261.4,69,93.5,-14.4,-25.4,18.8,0.714682455,-0.0117191076,-0.683828242,-0.14639729
901,2257572,37120,1.139,0.399,-0.628,263.8,66.8,90.5,-14.4,-25.4,18.8,0.716025269,-0.00875881222,-0.683584094,-0.141056551
902,2261762,37120,1.131,0.415,-0.631,266.7,64.9,88,-14.4,-25.4,18.8,0.717276528,-0.00570696127,-0.683370464,-0.135715812
903,2262181,37120,1.123,0.443,-0.623,270,63.7,86.5,-14.9,-24.6,19.7,0.718527787,-0.0025635548,-0.683156835,-0.130344554
904,2264763,37120,1.092,0.443,-0.638,273.8,62.9,85.8,-14.9,-24.6,19.7,0.71968749,0.00057985168,-0.682912687,-0.124912259
905,2267469,37130,1.072,0.451,-0.641,278,62.8,85.8,-14.9,-24.6,19.7,0.720847194,0.00384533219,-0.682699057,-0.119418928
906,2269556,37130,1.072,0.471,-0.657,282.9,63.3,85.3,-14.9,-24.6,19.7,0.721976379,0.00717184973,-0.68242439,-0.11383404
907,2272162,37130,1.068,0.537,-0.625,288.9,64.6,83.7,-15.6,-23,20.6,0.723075045,0.0106509598,-0.682119205,-0.108218635
908,2276621,37130,1.053,0.557,-0.612,295.9,67.3,80.3,-15.6,-23,20.6,0.72420423,0.0142826624,-0.681752983,-0.102511673
909,2278898,37140,1.021,0.573,-0.604,303.3,71.2,75.7,-15.6,-23,20.6,0.725302896,0.0180669576,-0.681325724,-0.0967741935
910,2281017,37140,0.974,0.616,-0.579,310.1,75.7,70.9,-15.6,-23,20.6,0.726432081,0.0220954009,-0.680776391,-0.0910367138
911,2283396,37140,0.967,0.636,-0.575,315.4,80.3,65.9,-16.2,-21.6,21.8,0.727591784,0.0263069552,-0.680135502,-0.085238197
912,2285696,37140,0.955,0.656,-0.574,319.2,84.5,60.4,-16.2,-21.6,21.8,0.728751488,0.0306405835,-0.679403058,-0.0795007172
913,2289548,37150,0.939,0.675,-0.562,321.8,88.2,54.4,-16.2,-21.6,21.8,0.729911191,0.0350962859,-0.678579058,-0.0737937559
914,2290101,37150,0.9,0.691,-0.526,323.3,91.7,47.9,-16.2,-21.6,21.8,0.731101413,0.0396740623,-0.677663503,-0.0681783502
915,2293249,37150,0.88,0.699,-0.51,323.6,95.2,41.3,-16.7,-18.9,23.3,0.732261116,0.0443739128,-0.676656392,-0.0626545
916,2295003,37150,0.861,0.683,-0.486,322.7,98.5,34.7,-16.7,-18.9,23.3,0.73342082,0.0491042817,-0.675527207,-0.0572527238
917,2297214,37160,0.845,0.683,-0.458,320.5,100.9,28.3,-16.7,-18.9,23.3,0.734580523,0.0539872433,-0.674336985,-0.0519425031
918,2301520,37160,0.845,0.667,-0.443,316.7,102.1,22,-16.7,-18.9,23.3,0.735740226,0.0588396863,-0.673055208,-0.0468153935
919,2303707,37160,0.833,0.659,-0.431,311.4,102,16.3,-16.8,-19.5,21.9,0.736808374,0.0637226478,-0.671742912,-0.0418408765
920,2305961,37160,0.817,0.647,-0.415,304.5,101.1,11.2,-16.8,-19.5,21.9,0.737876522,0.0685445723,-0.670400098,-0.0370494705
921,2308400,37170,0.79,0.62,-0.38,296.3,99.6,7.1,-16.8,-19.5,21.9,0.738883633,0.0732749413,-0.669026765,-0.0324716941
922,2310673,37170,0.782,0.6,-0.38,286.7,97.7,4,-16.8,-19.5,21.9,0.739829707,0.0779137547,-0.667653432,-0.0280465102
923,2312659,37170,0.786,0.58,-0.372,275.8,94.9,1.7,-17,-18,22.7,0.740745262,0.0823999756,-0.666280099,-0.0238044374
924,2314935,37170,0.892,0.599,-0.39,263.9,90.8,-0.2,-17,-18,22.7,0.741569262,0.0867030854,-0.664937284,-0.0198370312
925,2319235,37180,0.876,0.572,-0.405,252,85.5,-1.6,-17,-18,22.7,0.742301706,0.0908536027,-0.663624989,-0.016052736
926,2319681,37180,0.876,0.544,-0.41,240.7,79.4,-1.5,-17,-18,22.7,0.742973113,0.0947904904,-0.662434767,-0.0124515519
927,2324413,37180,0.927,0.536,-0.399,230.9,73.5,0.7,-17.3,-16.7,22.5,0.743552965,0.0985442671,-0.661275063,-0.00894192328
928,2324905,37180,1.056,0.542,-0.366,223.3,68.7,4.7,-17.3,-16.7,22.5,0.744041261,0.102114933,-0.660206915,-0.00549333171
929,2327495,37190,1.157,0.591,-0.305,218.6,64.8,9.1,-17.3,-16.7,22.5,0.744499039,0.105533006,-0.659199805,-0.00204474013
930,2329859,37190,1.239,0.604,-0.251,216.6,62.7,13.5,-17.3,-16.7,22.5,0.744895779,0.108859523,-0.658223212,0.00140385144
931,2333965,37190,1.242,0.572,-0.212,215.9,63.1,19.9,-17.5,-16,23.5,0.745262001,0.112094485,-0.657216102,0.00497451704
932,2336137,37190,1.168,0.446,-0.115,214,66.9,30.7,-17.5,-16,23.5,0.745689261,0.115115818,-0.656178472,0.0086977752
933,2338335,37200,1.152,0.468,-0.005,209.3,74.1,46.8,-17.5,-16,23.5,0.746208075,0.117831965,-0.655049287,0.0126651814
934,2340718,37200,1.12,0.409,0.029,201.3,83.8,65.6,-17.5,-16,23.5,0.746879482,0.120151372,-0.65376751,0.0168156987
935,2342508,37200,1.202,0.399,0.118,180.5,100.6,96.3,-18.1,-12.9,24.8,0.747795038,0.121677297,-0.652302622,0.0212103641
936,2344841,37200,1.202,0.399,0.118,180.5,100.6,96.3,-18.1,-12.9,24.8,0.747795038,0.121677297,-0.652302622,0.0212103641
937,2347164,37210,1.241,0.393,0.211,171.8,104.7,104.9,-18.1,-12.9,24.8,0.749626148,0.124454482,-0.649311808,0.0300302133
938,2349767,37210,1.33,0.466,0.293,168.7,106.7,109.2,-18.1,-12.9,24.8,0.750602741,0.125614185,-0.647724845,0.0345469527
939,2352117,37210,1.099,0.45,0.465,174.5,107.9,110.6,-18.6,-13.7,22.9,0.751579333,0.126804407,-0.646137883,0.0390942106
940,2355773,37210,1.317,0.51,0.489,191.8,108.3,110.4,-18.6,-13.7,22.9,0.75246437,0.128299814,-0.644489883,0.0439161351
941,2357574,37220,1.364,0.579,0.599,222.6,107.5,109,-18.6,-13.7,22.9,0.753227332,0.130314035,-0.642811365,0.0491042817
942,2359793,37220,1.359,0.667,0.745,268.6,106.4,106.9,-18.6,-13.7,22.9,0.753837703,0.133121738,-0.64107181,0.0549638356
943,2362272,37220,1.284,0.792,0.853,329.3,106.9,104.6,-18.8,-11.4,23,0.754203925,0.136936552,-0.639179662,0.0616168706
944,2364656,37220,0.975,0.911,0.989,403,112.6,103.7,-18.8,-11.4,23,0.754417554,0.141972106,-0.637073885,0.0692770165
945,2369197,37230,1.162,1.168,0.977,485.6,125.3,104.7,-18.8,-11.4,23,0.754448073,0.148319956,-0.634571368,0.0781273843
946,2369611,37230,0.966,1.716,0.995,571.8,145.1,107.1,-18.8,-11.4,23,0.754356517,0.155980102,-0.631488998,0.0882595294
947,2372383,37230,0.708,2.092,1.004,655.4,170.7,110,-19.5,-8.5,23,0.754173406,0.164891507,-0.627735221,0.0996734519
948,2375045,37230,0.434,2.483,1.034,728.6,201.4,112.6,-19.5,-8.5,23,0.753959777,0.174871059,-0.623126926,0.112216559
949,2378154,37240,0.648,3.309,0.989,782.6,236.3,113.6,-19.5,-8.5,23,0.753807184,0.185613575,-0.617664113,0.125614185
950,2379796,37240,0.405,3.617,1.091,807.8,272.8,111.9,-19.5,-8.5,23,0.753746147,0.196600238,-0.611316263,0.13943907
951,2382485,37240,0.057,3.803,1.24,798.1,307.6,108.2,-20.4,-4.8,22.5,0.753990295,0.207312235,-0.604174932,0.153141881
952,2385153,37240,-0.048,3.854,1.345,752.6,337,104.6,-20.4,-4.8,22.5,0.754539628,0.217139195,-0.596484268,0.166295358
953,2388191,37250,-0.45,3.22,1.532,674.5,358.5,100.8,-20.4,-4.8,22.5,0.755546739,0.225623341,-0.588549455,0.178411206
954,2390095,37250,-0.473,2.817,1.52,568.1,371.4,94.7,-20.4,-4.8,22.5,0.757042146,0.232276376,-0.580614643,0.189062166
955,2392286,37250,-0.59,1.959,1.492,295.8,378.3,66.5,-22.2,-1.5,23.2,0.76003296,0.234748375,-0.573442793,0.195806757
956,2394884,37250,-0.499,1.603,1.364,295.8,378.3,66.5,-22.2,-1.5,23.2,0.762932218,0.237189856,-0.566209906,0.202551347
957,2398661,37260,-0.478,1.24,1.191,147.1,370.8,43.9,-22.2,-1.5,23.2,0.766533403,0.237464522,-0.559556871,0.20700705
958,2400907,37260,-0.391,0.885,0.943,4.7,349.6,18.9,-22.2,-1.5,23.2,0.770653401,0.235724967,-0.553819391,0.209204382
959,2403180,37260,-0.202,0.608,0.736,-120.5,309.8,-2.8,-22.3,-3,20.5,0.775017548,0.232306894,-0.549119541,0.209295938
960,2405052,37260,-0.134,0.148,0.46,-220.6,250.7,-14.9,-22.3,-3,20.5,0.779198584,0.227607044,-0.545793023,0.207647938
961,2407391,37270,-0.091,0.062,0.399,-291,176.7,-13.6,-22.3,-3,20.5,0.78276925,0.222022156,-0.54402295,0.204809717
962,2412192,37270,0.01,0.033,0.381,-329.9,95.5,-0.9,-22.3,-3,20.5,0.785485397,0.215948973,-0.543839839,0.201361126
963,2412192,37270,0.271,0.198,0.422,-338.4,15,15.9,-22.9,-3.9,20.8,0.787163915,0.209906308,-0.545152135,0.197668386
964,2416597,37270,0.517,0.325,0.399,-322.3,-57.3,30.3,-22.9,-3.9,20.8,0.787804804,0.204229865,-0.547654653,0.19409772
965,2418838,37280,0.533,0.314,0.356,-293.4,-114.8,40.2,-22.9,-3.9,20.8,0.787560656,0.199194311,-0.551011689,0.190771203
966,2421151,37280,0.522,0.31,0.321,-264.5,-150.4,46.1,-22.9,-3.9,20.8,0.786675619,0.19470809,-0.554887539,0.187719352
967,2423454,37280,0.459,0.304,0.267,-243,-160.6,47.1,-21.9,-4.4,21,0.785576952,0.19061861,-0.558854946,0.18488113
968,2425655,37280,0.405,0.297,0.256,-228.4,-147.9,41.3,-21.9,-4.4,21,0.784539323,0.186803797,-0.56245613,0.182195502
969,2427967,37290,0.339,0.283,0.218,-215.9,-120.6,28.9,-21.9,-4.4,21,0.783806879,0.183233131,-0.565507981,0.179540391
970,2429726,37290,0.284,0.284,0.184,-202.5,-88.9,13.3,-21.9,-4.4,21,0.783471175,0.179906613,-0.567857906,0.176915799
971,2432059,37290,0.347,0.295,0.155,-187.4,-62.5,-1.6,-22.2,-5,21.5,0.783410138,0.176976836,-0.569627979,0.174321726
972,2434874,37290,0.425,0.298,0.177,-171.9,-47,-14.8,-22.2,-5,21.5,0.783532212,0.174413282,-0.571031831,0.171758171
973,2437083,37300,0.467,0.309,0.224,-157.3,-42.6,-26.3,-22.2,-5,21.5,0.783715323,0.172215949,-0.572252571,0.169164098
974,2439820,37300,0.545,0.291,0.269,-144.7,-45.3,-37.2,-22.2,-5,21.5,0.783806879,0.170384838,-0.573412275,0.166570025
975,2442073,37300,0.573,0.271,0.292,-127.6,-53.2,-59.9,-22.2,-5.7,23.1,0.783837397,0.16913358,-0.574571978,0.163731803
976,2446490,37300,0.604,0.251,0.319,-127.6,-53.2,-59.9,-22.2,-5.7,23.1,0.783867916,0.167882321,-0.575701163,0.1609241
977,2448816,37310,0.651,0.222,0.333,-123.3,-54.4,-71.3,-22.2,-5.7,23.1,0.783867916,0.16687521,-0.576799829,0.157963805
978,2451127,37310,0.717,0.194,0.339,-120.9,-54.5,-81.9,-22.2,-5.7,23.1,0.783898434,0.166020692,-0.577867977,0.154820399
979,2453991,37310,0.748,0.178,0.327,-119.6,-54.8,-91.3,-21.9,-7,21.4,0.783959471,0.165318766,-0.578875088,0.151554918
980,2456101,37310,0.807,0.158,0.314,-118.7,-56,-100,-21.9,-7,21.4,0.78398999,0.164738914,-0.57985168,0.148136845
981,2458077,37320,0.928,0.16,0.327,-117.8,-58,-108.8,-21.9,-7,21.4,0.784020508,0.164281137,-0.580828272,0.144596698
982,2460429,37320,0.967,0.171,0.354,-116.7,-60.6,-117.7,-21.9,-7,21.4,0.784051027,0.163975951,-0.581804865,0.140842921
983,2462452,37320,0.994,0.155,0.365,-116,-63.7,-126.2,-21.7,-7.4,21.5,0.784020508,0.163762322,-0.582811975,0.136997589
984,2465053,37320,1.021,0.15,0.384,-116.6,-67.5,-133.3,-21.7,-7.4,21.5,0.78398999,0.163670766,-0.583819086,0.132999664
985,2468029,37330,1.166,0.109,0.377,-119.6,-72.8,-139,-21.7,-7.4,21.5,0.783867916,0.163609729,-0.584917753,0.128849147
986,2469768,37330,1.201,0.101,0.408,-125.8,-80.3,-143.7,-21.7,-7.4,21.5,0.783684805,0.163518174,-0.586107974,0.124485
987,2472212,37330,1.166,0.097,0.452,-134.1,-90.1,-147.6,-21.3,-9.1,21.8,0.783410138,0.163365581,-0.587481307,0.119937742
988,2474910,37330,1.244,0.076,0.442,-143.7,-101.5,-150.4,-21.3,-9.1,21.8,0.783013398,0.163090915,-0.58906827,0.115146336
989,2477210,37340,1.244,0.076,0.458,-154.1,-113.8,-152,-21.3,-9.1,21.8,0.782464064,0.162694174,-0.590807825,0.110171819
990,2480932,37340,1.263,0.06,0.445,-164.8,-127.2,-152.5,-21.3,-9.1,21.8,0.781762139,0.162144841,-0.592852565,0.104983673
991,2483310,37340,1.33,0.063,0.433,-175.7,-141.1,-151.8,-20.8,-10.4,21.8,0.78090762,0.161442915,-0.595110935,0.0996124149
992,2485150,37340,1.385,0.059,0.404,-186,-154.2,-149.9,-20.8,-10.4,21.8,0.779869991,0.160557878,-0.597613453,0.0940885647
993,2487369,37350,1.357,0.052,0.405,-194.8,-164.8,-146.1,-20.8,-10.4,21.8,0.778679769,0.159459212,-0.600299081,0.088473159
994,2491480,37350,1.342,0.025,0.381,-201.8,-170.9,-140.2,-20.8,-10.4,21.8,0.777397992,0.158207953,-0.603076266,0.0828577532
995,2493606,37350,1.323,0.057,0.315,-207.5,-166.6,-123.7,-20.4,-11.5,24.3,0.776116214,0.156620991,-0.60585345,0.0774559771
996,2495860,37350,1.315,0.058,0.272,-207.5,-166.6,-123.7,-20.4,-11.5,24.3,0.774834437,0.15500351,-0.608600116,0.0720542009
997,2497510,37360,1.296,0.047,0.249,-206.2,-157.4,-115.7,-20.4,-11.5,24.3,0.773583178,0.153294473,-0.611163671,0.0668355358
998,2499830,37360,1.264,0.043,0.261,-201.6,-144.8,-108.6,-20.4,-11.5,24.3,0.772484512,0.151554918,-0.613544115,0.0617999817
999,2502153,37360,1.269,0.052,0.175,-193.1,-128.5,-102.9,-19.6,-13,22.3,0.771538438,0.149845882,-0.615619373,0.0570696127
1000,2504765,37360,1.245,0.076,0.164,-180.1,-108.2,-99,-19.6,-13,22.3,0.770775475,0.148289438,-0.61732841,0.0526139103
1001,2507054,37370,1.143,0.093,0.182,-162.4,-83.7,-97.1,-19.6,-13,22.3,0.770287179,0.146946623,-0.618610187,0.0485244301
1002,2510862,37370,1.054,0.121,0.188,-140.7,-55.8,-96.3,-19.6,-13,22.3,0.77007355,0.145939512,-0.61937315,0.0448316904
1003,2513275,37370,0.964,0.22,0.21,-117,-27.1,-96.1,-19.8,-13.9,22.3,0.770165105,0.145298624,-0.619647816,0.0415356914
1004,2514934,37370,0.921,0.256,0.192,-94.5,-1.2,-96.1,-19.8,-13.9,22.3,0.770500809,0.145023957,-0.619434187,0.0386059145
1005,2517340,37380,0.878,0.285,0.161,-76.4,18.1,-96.2,-19.8,-13.9,22.3,0.771111179,0.145023957,-0.618884854,0.0360423597
1006,2521302,37380,0.819,0.33,0.096,-64.4,29.2,-95.8,-19.8,-13.9,22.3,0.771782586,0.145207068,-0.618152409,0.033661916
1007,2523698,37380,0.808,0.335,0.046,-59.7,31.9,-94.4,-19.9,-14.5,22.1,0.772453993,0.145451216,-0.617358928,0.0313730277
1008,2526619,37380,0.804,0.355,0.007,-62.2,28,-92,-19.9,-14.5,22.1,0.773094882,0.145603809,-0.616626484,0.029053621
1009,2528884,37390,0.816,0.363,-0.008,-70.2,19.6,-89.6,-19.9,-14.5,22.1,0.773644215,0.145634327,-0.616046632,0.0266731773
1010,2531234,37390,0.804,0.343,0.003,-81.6,9,-87.5,-19.9,-14.5,22.1,0.774071474,0.145420698,-0.615649892,0.024140141
1011,2533316,37390,0.8,0.339,0.015,-93.5,-1.5,-86.2,-19.8,-15.4,22.4,0.774376659,0.144993439,-0.615466781,0.0214239937
1012,2535614,37390,0.792,0.342,0.05,-103.6,-10.6,-85.2,-19.8,-15.4,22.4,0.774620808,0.144383068,-0.615405744,0.0185552538
1013,2537657,37400,0.769,0.362,0.106,-111,-17.5,-84,-19.8,-15.4,22.4,0.774742882,0.143650624,-0.615497299,0.0155644398
1014,2539780,37400,0.768,0.373,0.121,-115.8,-22.3,-81.7,-19.8,-15.4,22.4,0.774834437,0.142796106,-0.615649892,0.0125736259
1015,2544784,37400,0.765,0.373,0.133,-122.5,-29.9,-74.4,-19.2,-15.9,23.1,0.774834437,0.141727958,-0.615955077,0.00958281198
1016,2544784,37400,0.765,0.373,0.133,-122.5,-29.9,-74.4,-19.2,-15.9,23.1,0.774834437,0.141727958,-0.615955077,0.00958281198
1017,2547425,37410,0.784,0.373,0.149,-126.3,-34.5,-70.4,-19.2,-15.9,23.1,0.774742882,0.139500107,-0.616626484,0.00357066561
1018,2549522,37410,0.788,0.38,0.149,-129.9,-39.7,-67.1,-19.2,-15.9,23.1,0.774620808,0.138187811,-0.61711478,0.00057985168
1019,2552062,37410,0.792,0.376,0.148,-132.9,-44.9,-64.7,-18.8,-16.5,21.9,0.774407178,0.136814478,-0.617664113,-0.00241096225
1020,2555610,37410,0.819,0.384,0.144,-135.1,-49.3,-62.7,-18.8,-16.5,21.9,0.774132511,0.135380108,-0.618305002,-0.00543229469
1021,2557554,37420,0.835,0.38,0.144,-137,-52.6,-61,-18.8,-16.5,21.9,0.773827326,0.133884701,-0.619006928,-0.00848414563
1022,2559799,37420,0.847,0.38,0.14,-139.1,-54.8,-59.9,-18.8,-16.5,21.9,0.773461104,0.132328257,-0.619708853,-0.0115359966
1023,2562075,37420,0.85,0.376,0.14,-141.6,-55.9,-59.3,-18.9,-17.6,21.8,0.773094882,0.130741295,-0.620441298,-0.014618366
1024,2566877,37420,0.89,0.36,0.135,-144.7,-56.2,-59.3,-18.9,-17.6,21.8,0.77272866,0.129062777,-0.621173742,-0.0177007355
1025,2567274,37430,0.905,0.348,0.138,-148.2,-56.1,-59.9,-18.9,-17.6,21.8,0.772362438,0.12735374,-0.621906186,-0.0208746605
1026,2569781,37430,0.913,0.336,0.138,-151.8,-55.7,-61.2,-18.9,-17.6,21.8,0.771996216,0.125614185,-0.622608112,-0.024140141
1027,2572490,37430,0.921,0.324,0.142,-155.1,-54.9,-63.3,-18.6,-18.2,21.5,0.771629994,0.123844111,-0.623249001,-0.0274666585
1028,2574720,37430,0.929,0.324,0.138,-157.6,-53.7,-65.7,-18.6,-18.2,21.5,0.77129429,0.122043519,-0.623889889,-0.0308847316
1029,2579529,37440,0.932,0.324,0.141,-159.4,-52.3,-68.4,-18.6,-18.2,21.5,0.770928068,0.120212409,-0.624469741,-0.0343333232
1030,2579857,37440,0.932,0.332,0.141,-160.4,-51.3,-71.1,-18.6,-18.2,21.5,0.770592364,0.118472854,-0.625019074,-0.0378429518
1031,2584020,37440,0.948,0.363,0.149,-161.1,-51.1,-73.3,-18,-18.8,21.7,0.770256661,0.116733299,-0.625568407,-0.0414136174
1032,2586281,37440,0.96,0.367,0.141,-161.8,-52.1,-74.6,-18,-18.8,21.7,0.769890439,0.114963225,-0.626087222,-0.0450148015
1033,2588809,37450,0.96,0.363,0.149,-163.2,-54.2,-74.2,-18,-18.8,21.7,0.769463179,0.113193152,-0.626636555,-0.0486159856
1034,2590932,37450,0.952,0.359,0.145,-165,-57,-71.5,-18,-18.8,21.7,0.769005402,0.111331523,-0.627246925,-0.0522171697
1035,2593288,37450,0.956,0.355,0.141,-168.5,-62.8,-62.1,-18.1,-19.9,21.9,0.768303476,0.109408856,-0.628162481,-0.0557878353
1036,2595179,37450,0.956,0.355,0.141,-168.9,-65,-57.6,-18.1,-19.9,21.9,0.767723624,0.107303079,-0.628925443,-0.0592059084
1037,2599909,37460,0.964,0.351,0.137,-168,-66.6,-54.5,-18.1,-19.9,21.9,0.767113254,0.105136265,-0.629688406,-0.0625934629
1038,2599909,37460,0.987,0.354,0.141,-165.7,-67.4,-52.6,-18.1,-19.9,21.9,0.766502884,0.102999969,-0.630451369,-0.0659199805
1039,2602534,37460,0.995,0.366,0.149,-162.1,-67.8,-51.8,-17,-20.9,20.2,0.765861995,0.100894192,-0.63124485,-0.0691549425
1040,2604863,37460,0.999,0.362,0.141,-157.8,-67.9,-51.3,-17,-20.9,20.2,0.765190588,0.0988799707,-0.632007813,-0.0723288675
1041,2608975,37470,0.987,0.37,0.149,-152.8,-67.6,-50.8,-17,-20.9,20.2,0.764488662,0.0969267861,-0.632801294,-0.0754417554
1042,2611903,37470,0.948,0.359,0.142,-147.5,-67,-50.5,-17,-20.9,20.2,0.763786737,0.0950346385,-0.633564257,-0.0784630879
1043,2614068,37470,0.948,0.375,0.138,-141.8,-66.2,-50.5,-17.1,-21.6,20,0.763084811,0.093264565,-0.634296701,-0.0813928648
1044,2616210,37470,0.944,0.394,0.142,-135.7,-65.3,-50.6,-17.1,-21.6,20,0.762352367,0.0915860469,-0.635059664,-0.0842616047
1045,2618556,37480,0.921,0.45,0.135,-129.2,-64.7,-50.3,-17.1,-21.6,20,0.761619922,0.0899990844,-0.635792108,-0.0870082705
1046,2620861,37480,0.901,0.469,0.14,-122.7,-64.9,-49.3,-17.1,-21.6,20,0.76085696,0.088534196,-0.636524552,-0.0896633808
1047,2623236,37480,0.897,0.493,0.144,-116.8,-65.7,-48,-16.6,-22.4,20.1,0.760063478,0.0871303446,-0.637287515,-0.0921964171
1048,2624963,37480,0.905,0.516,0.152,-111.7,-66.9,-47,-16.6,-22.4,20.1,0.759269997,0.0857875301,-0.638080996,-0.0946684164
1049,2628875,37490,0.905,0.571,0.157,-107.5,-67.8,-46.8,-16.6,-22.4,20.1,0.758415479,0.0845362712,-0.638904996,-0.0970793786
1050,2631107,37490,0.905,0.583,0.153,-104.6,-67.7,-46.5,-16.6,-22.4,20.1,0.757560961,0.0833155309,-0.639698477,-0.0994293039
1051,2633308,37490,0.909,0.595,0.157,-103.2,-66.4,-45.3,-16.6,-22.5,20,0.756736961,0.0820947905,-0.640491958,-0.101718192
1052,2635695,37490,0.909,0.595,0.157,-103.2,-66.4,-45.3,-16.6,-22.5,20,0.756736961,0.0820947905,-0.640491958,-0.101718192
1053,2637562,37500,0.835,0.557,0.138,-105.1,-59.4,-40.2,-16.6,-22.5,20,0.755180517,0.0795312357,-0.64189581,-0.106234931
1054,2639762,37500,0.85,0.548,0.138,-107.5,-54,-38.5,-16.6,-22.5,20,0.75450911,0.0781579028,-0.642475661,-0.108462783
1055,2643871,37500,0.839,0.529,0.134,-109.9,-48.1,-39,-16.1,-23.4,20.4,0.753624073,0.0784936064,-0.642841884,-0.112155522
1056,2646028,37500,0.835,0.514,0.122,-111.6,-42.4,-41.3,-16.1,-23.4,20.4,0.753135777,0.077150792,-0.643177587,-0.114474929
1057,2648772,37510,0.827,0.502,0.118,-112.3,-37.5,-44.4,-16.1,-23.4,20.4,0.752677999,0.075838496,-0.643452254,-0.116855373
1058,2650903,37510,0.815,0.486,0.118,-111.8,-33.7,-47.1,-16.1,-23.4,20.4,0.75225074,0.0745567186,-0.643635365,-0.119235817
1059,2653120,37510,0.815,0.471,0.102,-110.5,-30.8,-49.3,-16.4,-23.7,19.9,0.751884518,0.0733359783,-0.643787957,-0.121677297
1060,2655113,37510,0.8,0.468,0.083,-108.8,-28.7,-50.9,-16.4,-23.7,19.9,0.751518296,0.0722067934,-0.643879513,-0.12408826
1061,2657347,37520,0.788,0.468,0.06,-107.9,-27.6,-52.4,-16.4,-23.7,19.9,0.751152074,0.0711081271,-0.64394055,-0.126499222
1062,2661421,37520,0.8,0.464,0.04,-108.8,-27.8,-54.3,-16.4,-23.7,19.9,0.750785852,0.0700094607,-0.644032105,-0.128971221
1063,2663622,37520,0.808,0.441,0.004,-112.3,-29.4,-57.1,-15.9,-24.2,19.7,0.750358592,0.0689107944,-0.644093142,-0.131504257
1064,2665684,37520,0.835,0.441,0,-117.9,-32.1,-60.4,-15.9,-24.2,19.7,0.749900815,0.0677205725,-0.644184698,-0.134220405
1065,2667721,37530,0.859,0.417,-0.012,-124.7,-35.4,-64.1,-15.9,-24.2,19.7,0.749412519,0.0664693136,-0.644306772,-0.137058626
1066,2670002,37530,0.878,0.382,-0.005,-131.5,-38.6,-68.2,-15.9,-24.2,19.7,0.748863186,0.0651875362,-0.644428846,-0.140079958
1067,2674047,37530,0.902,0.358,-0.013,-137.7,-41.4,-72.3,-15.6,-25,19.1,0.748222297,0.0638142033,-0.644581439,-0.143253883
1068,2676317,37530,0.925,0.346,-0.022,-143.1,-43.7,-76.1,-15.6,-25,19.1,0.747581408,0.0624103519,-0.644734031,-0.146580401
1069,2678575,37540,0.945,0.326,-0.026,-147.9,-45.4,-78.9,-15.6,-25,19.1,0.746879482,0.0609759819,-0.644917142,-0.149998474
1070,2680775,37540,0.972,0.287,-0.047,-152,-46.5,-80.5,-15.6,-25,19.1,0.746147038,0.0594500565,-0.645039216,-0.153508103
1071,2682644,37540,1.004,0.263,-0.067,-155.7,-47.3,-80.6,-15,-25.9,19.1,0.745414594,0.0578936125,-0.645191809,-0.157078768
1072,2685085,37540,1.027,0.247,-0.072,-158.9,-47.9,-78.9,-15,-25.9,19.1,0.74468215,0.0562761315,-0.645313883,-0.160679952
1073,2687290,37550,1.051,0.231,-0.076,-161.4,-48.4,-75.7,-15,-25.9,19.1,0.743919187,0.0545365764,-0.645435957,-0.164220099
1074,2690171,37550,1.094,0.192,-0.089,-163.1,-48.9,-71.2,-15,-25.9,19.1,0.743156224,0.0527054659,-0.645558031,-0.167729728
1075,2693546,37550,1.102,0.168,-0.074,-163.7,-49.2,-66,-14.1,-26.6,18.5,0.742088076,0.0506912442,-0.646137883,-0.17096469
1076,2695741,37550,1.102,0.168,-0.074,-163.1,-49.4,-60.6,-14.1,-26.6,18.5,0.741325114,0.0487380596,-0.646229438,-0.174291208
1077,2697469,37560,1.121,0.16,-0.066,-161.6,-49.8,-55.7,-14.1,-26.6,18.5,0.740592669,0.046723838,-0.646382031,-0.17752617
1078,2699963,37560,1.125,0.16,-0.059,-159.6,-50.7,-51.8,-14.1,-26.6,18.5,0.739829707,0.0446790979,-0.646504105,-0.180669576
1079,2703879,37560,1.137,0.155,-0.055,-157.4,-52.3,-48.6,-13.9,-27.5,17.3,0.739036225,0.0426038392,-0.646687216,-0.183721427
1080,2705981,37560,1.144,0.159,-0.04,-155.2,-54.5,-45.8,-13.9,-27.5,17.3,0.738212226,0.0405285806,-0.646900845,-0.186712241
1081,2708338,37570,1.148,0.163,-0.032,-153.1,-57,-43,-13.9,-27.5,17.3,0.737357707,0.0384533219,-0.647144993,-0.189611499
1082,2710250,37570,1.156,0.17,-0.02,-150.8,-59.5,-40.5,-13.9,-27.5,17.3,0.736472671,0.0363475448,-0.647450179,-0.192449721
1083,2713462,37570,1.16,0.166,-0.008,-148.1,-61.9,-37.9,-13.8,-28,16.7,0.735557115,0.0342112491,-0.647785882,-0.195196387
1084,2715760,37570,1.16,0.189,0.014,-144.9,-64.1,-35.6,-13.8,-28,16.7,0.734611042,0.0321359905,-0.648152104,-0.197851497
1085,2717678,37580,1.183,0.201,0.018,-141,-65.7,-33.4,-13.8,-28,16.7,0.733634449,0.0300302133,-0.648579363,-0.200415052
1086,2721885,37580,1.206,0.22,0.03,-136.3,-66.6,-31.6,-13.8,-28,16.7,0.732627338,0.0280465102,-0.649037141,-0.20291757
1087,2722327,37580,1.202,0.235,0.049,-131.2,-66.4,-29.9,-13.4,-28.4,16.4,0.731650746,0.0260628071,-0.649494919,-0.205298013
1088,2726254,37580,1.202,0.235,0.049,-131.2,-66.4,-29.9,-13.4,-28.4,16.4,0.731650746,0.0260628071,-0.649494919,-0.205298013
1089,2728772,37590,1.148,0.275,0.078,-122.1,-62,-26.3,-13.4,-28.4,16.4,0.72972808,0.0223090304,-0.650349437,-0.209753716
1090,2730899,37590,1.144,0.294,0.094,-119.1,-58.5,-25.2,-13.4,-28.4,16.4,0.728843043,0.0205084384,-0.650715659,-0.211859493
1091,2733030,37590,1.124,0.326,0.091,-117.3,-55.1,-25.2,-13.1,-29.1,16.4,0.727988525,0.0187383648,-0.651051363,-0.21396527
1092,2734939,37590,1.112,0.342,0.084,-116.4,-52,-26.6,-13.1,-29.1,16.4,0.727164525,0.0170293283,-0.651326029,-0.216040529
1093,2739500,37600,1.085,0.35,0.084,-116,-49.7,-28.5,-13.1,-29.1,16.4,0.726371044,0.0153508103,-0.651539659,-0.218176824
1094,2739889,37600,1.058,0.347,0.073,-115.7,-48.3,-30.3,-13.1,-29.1,16.4,0.725577563,0.0137333293,-0.651753288,-0.22031312
1095,2743848,37600,1.03,0.375,0.062,-114.9,-48,-31.5,-12.7,-29.3,15.9,0.724753563,0.0121158483,-0.651936399,-0.222479934
1096,2746114,37600,1.015,0.379,0.051,-113.7,-48.7,-31.6,-12.7,-29.3,15.9,0.723929563,0.0105288858,-0.652150029,-0.22461623
1097,2748176,37610,1.007,0.391,0.043,-112,-50,-30.3,-12.7,-29.3,15.9,0.723105564,0.00894192328,-0.652394177,-0.226691488
1098,2750301,37610,0.999,0.407,0.028,-109.9,-51.9,-27.7,-12.7,-29.3,15.9,0.722251045,0.00735496078,-0.652668844,-0.22870571
1099,2753726,37610,0.999,0.419,0.024,-107.6,-53.9,-24,-12.6,-29.6,15.5,0.721366008,0.00573747978,-0.652974029,-0.230628376
1100,2755506,37610,0.995,0.435,0.009,-105.1,-56,-20.3,-12.6,-29.6,15.5,0.720480972,0.00408948027,-0.653309732,-0.232428968
1101,2758087,37620,0.972,0.431,0.001,-102.1,-57.9,-17.1,-12.6,-29.6,15.5,0.719565416,0.00244148076,-0.653706473,-0.234168523
1102,2759944,37620,0.952,0.443,0.005,-98.6,-59.5,-15,-12.6,-29.6,15.5,0.718649861,0.000793481246,-0.654133732,-0.235816523
1103,2762090,37620,0.956,0.463,0.021,-94.6,-60.8,-14.9,-11.9,-30,15.5,0.717703787,-0.000762962737,-0.65459151,-0.237403485
1104,2765561,37620,0.98,0.49,0.021,-90.6,-62,-16.6,-11.9,-30,15.5,0.716727195,-0.0022583697,-0.655079806,-0.238959929
1105,2767226,37630,1.042,0.536,0.032,-87.2,-63.3,-19.4,-11.9,-30,15.5,0.715720084,-0.00369273965,-0.655629139,-0.240516373
1106,2769912,37630,1.054,0.551,0.036,-84.8,-64.4,-21.8,-11.9,-30,15.5,0.714682455,-0.00503555406,-0.656178472,-0.242042299
1107,2772549,37630,1.069,0.559,0.032,-83.6,-64.8,-22.5,-11.9,-30.3,15.3,0.713614307,-0.00634784997,-0.656758324,-0.243598743
1108,2774767,37630,1.089,0.555,0.04,-83.4,-64,-21,-11.9,-30.3,15.3,0.712576678,-0.00769066439,-0.657307657,-0.24509415
1109,2777342,37640,1.007,0.567,0.061,-83.7,-61.4,-18.2,-11.9,-30.3,15.3,0.711569567,-0.00906399731,-0.657826472,-0.246589557
1110,2779916,37640,0.968,0.56,0.042,-84.7,-56.9,-15.5,-11.9,-30.3,15.3,0.710654012,-0.0104678488,-0.658253731,-0.248023927
1111,2782244,37640,0.968,0.549,0.01,-87.2,-51.5,-14.1,-11.7,-30.4,15.3,0.709830012,-0.0119022187,-0.658589434,-0.249488815
1112,2786222,37640,0.984,0.553,-0.008,-91.9,-46.1,-14.6,-11.7,-30.4,15.3,0.709036531,-0.0133671072,-0.658803064,-0.25101474
1113,2788615,37650,0.984,0.525,-0.009,-98.1,-41.3,-16.7,-11.7,-30.4,15.3,0.708334605,-0.0148625141,-0.65889462,-0.25266274
1114,2790776,37650,0.984,0.498,-0.013,-103.7,-36.9,-19.9,-11.7,-30.4,15.3,0.707663198,-0.0163579211,-0.65889462,-0.254463332
1115,2792667,37650,0.968,0.455,-0.029,-107.2,-33.2,-23.6,-11.3,-31.2,14,0.706991791,-0.0178838466,-0.658833583,-0.256324961
1116,2794929,37650,0.968,0.444,-0.029,-108.2,-30.6,-27.1,-11.3,-31.2,14,0.70638142,-0.019287698,-0.658711509,-0.258278146
1117,2797104,37660,0.961,0.424,-0.041,-108,-29.4,-30.2,-11.3,-31.2,14,0.705740532,-0.0207220679,-0.658558916,-0.260322886
1118,2801503,37660,0.968,0.408,-0.029,-107.4,-29,-32.5,-11.3,-31.2,14,0.705069124,-0.0220648824,-0.658406323,-0.262367626
1119,2803573,37660,0.976,0.392,-0.026,-107.4,-29.1,-34.3,-10.8,-30.9,14.4,0.704397717,-0.0234076968,-0.658253731,-0.264412366
1120,2806590,37660,0.98,0.365,-0.018,-108.1,-29.3,-35.6,-10.8,-30.9,14.4,0.70372631,-0.0247199927,-0.658101138,-0.266487625
1121,2808828,37670,0.988,0.353,-0.011,-109.8,-29.3,-36.5,-10.8,-30.9,14.4,0.703024384,-0.0260628071,-0.657918027,-0.26862392
1122,2810943,37670,0.988,0.333,-0.011,-112.1,-29.1,-37.2,-10.8,-30.9,14.4,0.702322459,-0.0274056215,-0.657734916,-0.270790735
1123,2812544,37670,1,0.313,-0.016,-114.7,-29,-38,-10.9,-31.9,13.5,0.701620533,-0.0288094729,-0.657521287,-0.272988067
1124,2816761,37670,1.003,0.301,-0.004,-117.3,-28.9,-38.8,-10.9,-31.9,13.5,0.700888089,-0.0302133244,-0.657307657,-0.275246437
1125,2817095,37680,1.007,0.29,-0.008,-119.6,-28.9,-39.6,-10.9,-31.9,13.5,0.700155644,-0.0316476943,-0.657032991,-0.277565844
1126,2821350,37680,1.007,0.282,-0.008,-121.5,-29.1,-40.3,-10.9,-31.9,13.5,0.699392682,-0.0331125828,-0.656788842,-0.27988525
1127,2823497,37680,1.035,0.262,-0.009,-123.1,-29.4,-41.2,-10.5,-32.2,13.1,0.698629719,-0.0345774712,-0.656514176,-0.282265694
1128,2825742,37680,1.023,0.254,-0.013,-124.4,-29.7,-41.9,-10.5,-32.2,13.1,0.697866756,-0.0360423597,-0.656208991,-0.284646138
1129,2827782,37690,1.023,0.239,-0.025,-125.3,-29.9,-42.3,-10.5,-32.2,13.1,0.697073275,-0.0375377667,-0.655934324,-0.287087619
1130,2831712,37690,1.054,0.242,-0.025,-126.2,-29.9,-42,-10.5,-32.2,13.1,0.696249275,-0.0390331736,-0.655629139,-0.289498581
1131,2832113,37690,1.058,0.227,-0.029,-126.9,-29.7,-40.6,-10,-32.7,12.7,0.695455794,-0.0405590991,-0.655293435,-0.291909543
1132,2834844,37690,1.066,0.227,-0.033,-127.1,-29.6,-38.4,-10,-32.7,12.7,0.694692831,-0.0421460616,-0.65498825,-0.294289987
1133,2837479,37700,1.074,0.223,-0.037,-126.9,-30,-36.1,-10,-32.7,12.7,0.69389935,-0.0437330241,-0.654652547,-0.296609394
1134,2839728,37700,1.082,0.215,-0.034,-126.2,-30.9,-33.8,-10,-32.7,12.7,0.693105869,-0.0453810236,-0.654316843,-0.298898282
1135,2842431,37700,1.082,0.219,-0.034,-125.2,-32.4,-31.7,-10,-33.5,11.1,0.691976684,-0.0475173193,-0.654622028,-0.300546281
1136,2844727,37700,1.082,0.219,-0.034,-123.9,-34.3,-29.8,-10,-33.5,11.1,0.691152684,-0.0491958373,-0.654347362,-0.302743614
1137,2848427,37710,1.086,0.226,-0.038,-122.7,-36.6,-28.3,-10,-33.5,11.1,0.690298166,-0.0508743553,-0.654133732,-0.30487991
1138,2850870,37710,1.082,0.226,-0.042,-121.6,-38.7,-27,-10,-33.5,11.1,0.689443648,-0.0525833918,-0.653920103,-0.306985687
1139,2853338,37710,1.078,0.23,-0.037,-120.5,-40.6,-25.9,-9.7,-33.5,11.2,0.688558611,-0.0542924284,-0.65376751,-0.309030427
1140,2856037,37710,1.078,0.234,-0.034,-119.5,-42.1,-24.7,-9.7,-33.5,11.2,0.687643056,-0.0560319834,-0.653614917,-0.31101413
1141,2858274,37720,1.066,0.246,-0.029,-118.5,-43.2,-23.6,-9.7,-33.5,11.2,0.686696982,-0.0577410199,-0.653492843,-0.31305887
1142,2860114,37720,1.058,0.242,-0.025,-117.7,-43.9,-22.4,-9.7,-33.5,11.2,0.685781426,-0.0595110935,-0.653370769,-0.315012055
1143,2864209,37720,1.05,0.25,-0.021,-116.8,-44.7,-21.1,-9.6,-34.1,11.1,0.684835353,-0.0612506485,-0.653248695,-0.316934721
1144,2864575,37720,1.039,0.25,-0.017,-115.9,-45.5,-19.6,-9.6,-34.1,11.1,0.683889279,-0.0630207221,-0.65315714,-0.318826868
1145,2868778,37730,1.027,0.246,-0.005,-114.7,-46.7,-17.8,-9.6,-34.1,11.1,0.682943205,-0.0647907956,-0.653096103,-0.320657979
1146,2871006,37730,1.011,0.246,-0.001,-113.3,-48,-15.6,-9.6,-34.1,11.1,0.681997131,-0.0665913877,-0.653035066,-0.322428053
1147,2872654,37730,1,0.246,0.006,-111.4,-49.5,-13.2,-9.4,-34.1,11,0.681020539,-0.0684224982,-0.653004547,-0.324137089
1148,2875024,37730,0.964,0.258,0.023,-109.3,-51.1,-10.6,-9.4,-34.1,11,0.680043947,-0.0702536088,-0.653004547,-0.325785089
1149,2877028,37740,0.96,0.254,0.03,-106.8,-52.7,-8.3,-9.4,-34.1,11,0.679067354,-0.0721152379,-0.653035066,-0.327341533
1150,2880665,37740,0.945,0.27,0.035,-104.2,-54.2,-6.1,-9.4,-34.1,11,0.678090762,-0.0739463485,-0.653096103,-0.32883694
1151,2883718,37740,0.925,0.274,0.039,-101.5,-55.6,-4.5,-9.4,-34.7,10.6,0.67711417,-0.075777459,-0.653187658,-0.33027131
1152,2885945,37740,0.894,0.29,0.052,-99,-56.7,-3.2,-9.4,-34.7,10.6,0.676107059,-0.0776085696,-0.653309732,-0.331614124
1153,2888269,37750,0.878,0.302,0.052,-96.5,-57.6,-2.1,-9.4,-34.7,10.6,0.675099948,-0.0794091617,-0.653462325,-0.33292642
1154,2890175,37750,0.866,0.314,0.06,-94.1,-58.3,-1.1,-9.4,-34.7,10.6,0.674092837,-0.0812097537,-0.653645436,-0.334177679
1155,2892397,37750,0.851,0.33,0.065,-91.6,-58.8,-0.5,-9,-34.9,8.5,0.672994171,-0.0830408643,-0.65398114,-0.335306864
1156,2894767,37750,0.839,0.334,0.057,-89.2,-59,-0.3,-9,-34.9,8.5,0.67198706,-0.0847804193,-0.654194769,-0.336497085
1157,2897279,37760,0.835,0.346,0.061,-87,-58.8,-0.5,-9,-34.9,8.5,0.670979949,-0.0864589373,-0.654408399,-0.33762627
1158,2899538,37760,0.831,0.35,0.057,-84.9,-58.1,-1.2,-9,-34.9,8.5,0.669972839,-0.0881069369,-0.654652547,-0.338755455
1159,2903519,37760,0.831,0.35,0.042,-83.2,-56.9,-2.4,-8.4,-35,9.6,0.668996246,-0.0897244179,-0.654866176,-0.339854122
1160,2905758,37760,0.831,0.35,0.038,-81.7,-55.1,-4.2,-8.4,-35,9.6,0.667989135,-0.0912503433,-0.655079806,-0.340983306
1161,2907689,37770,0.831,0.35,0.042,-80.8,-52.6,-6.6,-8.4,-35,9.6,0.667043062,-0.0927457503,-0.655262917,-0.34214301
1162,2911107,37770,0.843,0.35,0.045,-80.2,-49.6,-9.2,-8.4,-35,9.6,0.666096988,-0.0941496017,-0.655384991,-0.343302713
1163,2913192,37770,0.859,0.342,0.037,-80.1,-46.5,-12,-8.7,-34.9,9.3,0.665181433,-0.0954924162,-0.655476547,-0.344553972
1164,2915155,37770,0.863,0.33,0.033,-80.2,-43.2,-14.8,-8.7,-34.9,9.3,0.664265877,-0.0967741935,-0.655537584,-0.345805231
1165,2918662,37780,0.867,0.322,0.029,-80.9,-40,-17.3,-8.7,-34.9,9.3,0.663411359,-0.0979949339,-0.655537584,-0.347148045
1166,2920862,37780,0.882,0.314,0.021,-81.8,-37,-19.5,-8.7,-34.9,9.3,0.662556841,-0.0991851558,-0.655507065,-0.348521378
1167,2923096,37780,0.89,0.302,0.021,-82.7,-34.5,-21.2,-8.5,-35.3,9.2,0.661702322,-0.100314341,-0.65541551,-0.34992523
1168,2925763,37780,0.898,0.303,0.013,-83.5,-32.6,-21.9,-8.5,-35.3,9.2,0.660878323,-0.101474044,-0.655293435,-0.3513596
1169,2927670,37790,0.902,0.291,0.005,-84.2,-31.5,-21.8,-8.5,-35.3,9.2,0.660084841,-0.102603229,-0.655171361,-0.352824488
1170,2929913,37790,0.91,0.283,-0.006,-84.7,-31.1,-20.6,-8.5,-35.3,9.2,0.65929136,-0.103793451,-0.65498825,-0.354258858
1171,2932329,37790,0.921,0.283,-0.003,-85,-31.5,-18.8,-8.1,-35.3,8.8,0.658497879,-0.104983673,-0.654835658,-0.355662709
1172,2935617,37790,0.929,0.283,0.004,-85.3,-32.5,-16.7,-8.1,-35.3,8.8,0.657704398,-0.106204413,-0.654683065,-0.357036042
1173,2937397,37800,0.941,0.279,0.008,-85.4,-33.8,-14.9,-8.1,-35.3,8.8,0.656910916,-0.10748619,-0.654530473,-0.358409375
1174,2939756,37800,0.945,0.275,0.007,-85.4,-35.1,-13.3,-8.1,-35.3,8.8,0.656086917,-0.108798486,-0.654408399,-0.359721671
1175,2943626,37800,0.945,0.274,0.011,-85.2,-36.7,-11.7,-8,-36.1,6,0.655018769,-0.110385449,-0.654683065,-0.360728782
1176,2945679,37800,0.953,0.278,0.019,-85.2,-38.3,-10.3,-8,-36.1,6,0.654164251,-0.111758782,-0.65459151,-0.361980041
1177,2948186,37810,0.957,0.27,0.015,-85.1,-40,-8.7,-8,-36.1,6,0.653309732,-0.113162633,-0.654499954,-0.3632313
1178,2949938,37810,0.968,0.266,0.023,-84.7,-41.7,-7.3,-8,-36.1,6,0.652455214,-0.114597003,-0.654438917,-0.36445204
1179,2952152,37810,0.976,0.266,0.022,-83.9,-43.3,-6,-7.8,-36.1,7.3,0.651570177,-0.116031373,-0.654408399,-0.365611744
1180,2955678,37810,0.988,0.266,0.03,-82.7,-44.7,-5.1,-7.8,-36.1,7.3,0.650685141,-0.117496261,-0.65437788,-0.366771447
1181,2957614,37820,0.992,0.266,0.03,-81,-45.9,-4.4,-7.8,-36.1,7.3,0.649800104,-0.11896115,-0.654408399,-0.367870113
1182,2960002,37820,0.996,0.27,0.03,-79.2,-46.5,-3.9,-7.8,-36.1,7.3,0.648884548,-0.12039552,-0.654438917,-0.368938261
1183,2962148,37820,1.003,0.273,0.03,-77.3,-46.5,-3.9,-7.7,-35.9,7.1,0.647999512,-0.121799371,-0.654469436,-0.36997589
1184,2964688,37820,1.019,0.277,0.026,-75.6,-46.1,-3.9,-7.7,-35.9,7.1,0.647083956,-0.123203223,-0.654530473,-0.370983001
1185,2967023,37830,1.023,0.277,0.026,-74.3,-45.1,-4.1,-7.7,-35.9,7.1,0.646229438,-0.124546037,-0.65459151,-0.371990112
1186,2971429,37830,1.027,0.273,0.029,-73.4,-43.5,-4.3,-7.7,-35.9,7.1,0.645344401,-0.125888852,-0.65459151,-0.372966704
1187,2973785,37830,1.035,0.273,0.029,-72.8,-41.4,-4.7,-7.9,-36.2,7.2,0.644520402,-0.127170629,-0.654622028,-0.373973815
1188,2975962,37830,1.042,0.277,0.037,-72.4,-39,-5.6,-7.9,-36.2,7.2,0.64372692,-0.128421888,-0.65459151,-0.374980926
1189,2978207,37840,1.038,0.273,0.041,-72.2,-36.4,-7.2,-7.9,-36.2,7.2,0.642933439,-0.129642628,-0.654530473,-0.375988037
1190,2981857,37840,1.038,0.273,0.033,-72,-34,-9.4,-7.9,-36.2,7.2,0.642170476,-0.130802332,-0.654438917,-0.377056185
1191,2982224,37840,1.042,0.265,0.037,-71.9,-31.7,-11.6,-7.8,-36.1,6.9,0.641407514,-0.131900998,-0.654316843,-0.378154851
1192,2984875,37840,1.042,0.265,0.037,-71.6,-29.5,-13.5,-7.8,-36.1,6.9,0.640675069,-0.132938627,-0.654194769,-0.379284036
1193,2989506,37850,1.035,0.261,0.041,-71.3,-27.5,-14.9,-7.8,-36.1,6.9,0.639942625,-0.133945738,-0.654011658,-0.380443739
1194,2989888,37850,1.042,0.261,0.033,-70.7,-25.7,-16.1,-7.8,-36.1,6.9,0.639240699,-0.13492233,-0.653828547,-0.381603442
1195,2992097,37850,1.042,0.253,0.033,-69.9,-24.1,-16.8,-7,-36.6,4.2,0.638508255,-0.136112552,-0.653798029,-0.382488479
1196,2994653,37850,1.042,0.253,0.033,-68.8,-22.9,-17.1,-7,-36.6,4.2,0.63780633,-0.137028108,-0.653584399,-0.383648183
1197,2999043,37860,1.042,0.253,0.029,-67.7,-22.1,-17,-7,-36.6,4.2,0.637165441,-0.137913144,-0.653370769,-0.384777367
1198,3001321,37860,1.039,0.25,0.029,-66.6,-21.6,-16.6,-7,-36.6,4.2,0.636494034,-0.138767663,-0.65315714,-0.385906552
1199,3003537,37860,1.039,0.242,0.025,-65.5,-21,-16,-7.4,-36.5,5.8,0.635883663,-0.139622181,-0.65294351,-0.387005219
1200,3005831,37860,1.042,0.242,0.021,-64.5,-20.4,-15.1,-7.4,-36.5,5.8,0.635242775,-0.140476699,-0.652729881,-0.388073366
1201,3007990,37870,1.054,0.245,0.033,-63.4,-19.7,-13.6,-7.4,-36.5,5.8,0.634662923,-0.141331217,-0.652516251,-0.389110996
1202,3011689,37870,1.066,0.245,0.032,-62.3,-19.1,-11.8,-7.4,-36.5,5.8,0.63411359,-0.142185736,-0.652272103,-0.390087588
1203,3014006,37870,1.07,0.241,0.028,-61,-18.8,-9.8,-7.1,-37.2,5.7,0.633564257,-0.143070772,-0.652058473,-0.391033662
1204,3016222,37870,1.074,0.249,0.028,-59.7,-18.9,-8.1,-7.1,-37.2,5.7,0.633045442,-0.143925291,-0.651844844,-0.391949217
1205,3018441,37880,1.085,0.245,0.028,-58.3,-19.3,-6.8,-7.1,-37.2,5.7,0.632526627,-0.144810327,-0.651631214,-0.392803735
1206,3020870,37880,1.089,0.249,0.028,-56.9,-19.9,-5.8,-7.1,-37.2,5.7,0.632007813,-0.145664846,-0.651417585,-0.393627735
1207,3023004,37880,1.097,0.253,0.028,-55.6,-20.2,-5.1,-6.9,-37.1,5.8,0.631488998,-0.146549883,-0.651234474,-0.394421216
1208,3025037,37880,1.101,0.261,0.028,-54.6,-20.1,-4.5,-6.9,-37.1,5.8,0.631000702,-0.147404401,-0.651051363,-0.395214698
1209,3027244,37890,1.109,0.256,0.032,-53.9,-19.6,-4.3,-6.9,-37.1,5.8,0.630512406,-0.148258919,-0.650868252,-0.39597766
1210,3030503,37890,1.109,0.256,0.032,-53.9,-19.6,-4.3,-6.9,-37.1,5.8,0.630512406,-0.148258919,-0.650868252,-0.39597766
1211,3032494,37890,1.109,0.268,0.04,-53.1,-17.6,-4.7,-6.8,-37,5.4,0.629566332,-0.149906919,-0.650502029,-0.397503586
1212,3037003,37890,1.105,0.268,0.04,-53,-16.3,-5.4,-6.8,-37,5.4,0.629108554,-0.1507004,-0.650257881,-0.398266549
1213,3037003,37900,1.101,0.272,0.04,-52.9,-14.9,-6.5,-6.8,-37,5.4,0.628650777,-0.151463363,-0.650044252,-0.39906003
1214,3041433,37900,1.093,0.264,0.044,-52.7,-13.4,-7.8,-6.8,-37,5.4,0.628223518,-0.152195807,-0.649800104,-0.399853511
1215,3043702,37900,1.085,0.264,0.04,-52.5,-12,-9,-6.8,-37.1,2.7,0.627796258,-0.152897732,-0.649525437,-0.400708029
1216,3046063,37900,1.077,0.265,0.044,-52.2,-10.8,-9.6,-6.8,-37.1,2.7,0.627399518,-0.153538621,-0.649250771,-0.401532029
1217,3048181,37910,1.078,0.265,0.04,-51.6,-9.8,-9.8,-6.8,-37.1,2.7,0.627002777,-0.154210028,-0.648945585,-0.402356029
1218,3050448,37910,1.074,0.268,0.044,-50.5,-9,-9.5,-6.8,-37.1,2.7,0.626606037,-0.154850917,-0.648670919,-0.403180029
1219,3052454,37910,1.062,0.261,0.044,-49.2,-8.5,-8.9,-6.9,-37.1,5.1,0.626239814,-0.155461287,-0.648396252,-0.40397351
1220,3054723,37910,1.058,0.265,0.044,-47.7,-8.5,-8.1,-6.9,-37.1,5.1,0.625873592,-0.156071657,-0.648121586,-0.404736473
1221,3059536,37920,1.058,0.261,0.048,-46.5,-8.6,-7.3,-6.9,-37.1,5.1,0.625537889,-0.156682028,-0.647846919,-0.405468917
1222,3059536,37920,1.054,0.261,0.052,-45.4,-8.7,-6.7,-6.9,-37.1,5.1,0.625202185,-0.157292398,-0.647572253,-0.406170843
1223,3064074,37920,1.038,0.265,0.057,-44.5,-8.7,-6.1,-6.8,-37.6,4.6,0.624866482,-0.157902768,-0.647328104,-0.40684225
1224,3066734,37920,1.034,0.261,0.057,-43.8,-8.4,-5.6,-6.8,-37.6,4.6,0.624561296,-0.15848262,-0.647083956,-0.407513657
1225,3068843,37930,1.031,0.265,0.061,-43.2,-7.9,-5.1,-6.8,-37.6,4.6,0.624256111,-0.159062471,-0.64680929,-0.408154546
1226,3071150,37930,1.015,0.257,0.065,-42.8,-7.3,-4.8,-6.8,-37.6,4.6,0.623950926,-0.159642323,-0.646534623,-0.408795434
1227,3073388,37930,1.015,0.265,0.065,-42.4,-7,-4.5,-6.5,-37,4.3,0.623645741,-0.160222175,-0.646290475,-0.409436323
1228,3075687,37930,1.011,0.261,0.065,-41.9,-6.7,-4.2,-6.5,-37,4.3,0.623371075,-0.160802026,-0.646015809,-0.410077212
1229,3077553,37940,0.999,0.261,0.069,-41.2,-6.4,-4.1,-6.5,-37,4.3,0.623096408,-0.16135136,-0.645741142,-0.410687582
1230,3079821,37940,0.991,0.261,0.069,-40.4,-5.9,-3.9,-6.5,-37,4.3,0.62285226,-0.161900693,-0.645466475,-0.411297952
1231,3083834,37940,0.988,0.261,0.065,-39.3,-5.5,-4,-6.6,-36.9,4,0.622577593,-0.162419507,-0.645222327,-0.411877804
1232,3086142,37940,0.98,0.261,0.073,-38.3,-5,-4,-6.6,-36.9,4,0.622333445,-0.162938322,-0.644947661,-0.412457656
1233,3088307,37950,0.972,0.254,0.073,-37.2,-4.5,-4,-6.6,-36.9,4,0.622119816,-0.163426618,-0.644703513,-0.413006989
1234,3090711,37950,0.976,0.261,0.073,-36.2,-4,-3.9,-6.6,-36.9,4,0.621875668,-0.163914914,-0.644428846,-0.413556322
1235,3092606,37950,0.968,0.258,0.069,-34,-2.6,-3.8,-6.5,-37.5,1.5,0.621692557,-0.164555803,-0.644276254,-0.413861507
1236,3095950,37950,0.968,0.258,0.069,-34,-2.6,-3.8,-6.5,-37.5,1.5,0.621478927,-0.164983062,-0.644001587,-0.414380322
1237,3099646,37960,0.96,0.262,0.078,-32.8,-2,-3.8,-6.5,-37.5,1.5,0.621295816,-0.165410321,-0.643757439,-0.414899136
1238,3099646,37960,0.96,0.254,0.077,-31.6,-1.3,-4,-6.5,-37.5,1.5,0.621143223,-0.165776543,-0.643513291,-0.415387432
1239,3104106,37960,0.96,0.254,0.077,-30.5,-0.6,-4.2,-6.2,-37.5,3.2,0.620990631,-0.166142766,-0.643238624,-0.415875729
1240,3106298,37960,0.956,0.262,0.078,-29.6,0,-4.5,-6.2,-37.5,3.2,0.620838038,-0.166478469,-0.642994476,-0.416364025
1241,3108558,37970,0.96,0.258,0.081,-28.5,0.5,-4.8,-6.2,-37.5,3.2,0.620685446,-0.166783654,-0.642750328,-0.416821802
1242,3110766,37970,0.956,0.254,0.085,-27.5,0.9,-4.9,-6.2,-37.5,3.2,0.620563372,-0.167088839,-0.64250618,-0.41727958
1243,3113065,37970,0.952,0.258,0.078,-26.5,1.5,-5,-6.2,-36.7,3.1,0.620441298,-0.167363506,-0.642262032,-0.417737358
1244,3115087,37970,0.956,0.254,0.081,-25.5,2.1,-5.2,-6.2,-36.7,3.1,0.620319224,-0.167607654,-0.642017884,-0.418164617
1245,3118729,37980,0.956,0.25,0.074,-24.6,2.7,-5.3,-6.2,-36.7,3.1,0.620227668,-0.167851802,-0.641773736,-0.418591876
1246,3120916,37980,0.952,0.254,0.081,-23.7,3.4,-5.4,-6.2,-36.7,3.1,0.620136113,-0.168065432,-0.641529588,-0.419019135
1247,3123157,37980,0.952,0.25,0.078,-22.8,3.9,-5.3,-6.5,-37.2,2.8,0.620075076,-0.168279061,-0.64128544,-0.419415876
1248,3125175,37980,0.952,0.258,0.078,-21.8,4.4,-5.1,-6.5,-37.2,2.8,0.61998352,-0.168462172,-0.641041292,-0.419812616
1249,3127430,37990,0.948,0.258,0.082,-20.9,4.7,-5,-6.5,-37.2,2.8,0.619953001,-0.168614765,-0.640797143,-0.420178838
1250,3129644,37990,0.948,0.258,0.078,-20,5.1,-4.9,-6.5,-37.2,2.8,0.619891964,-0.168767357,-0.640583514,-0.420545061
1251,3133662,37990,0.948,0.254,0.082,-19.2,5.4,-4.7,-6,-37.6,2.6,0.619861446,-0.16891995,-0.640339366,-0.420911283
1252,3135915,37990,0.948,0.254,0.078,-18.4,5.7,-4.6,-6,-37.6,2.6,0.619830927,-0.169042024,-0.640095218,-0.421246986
1253,3138182,38000,0.945,0.266,0.086,-17.8,6,-4.3,-6,-37.6,2.6,0.619800409,-0.169164098,-0.639881588,-0.42158269
1254,3140236,38000,0.945,0.258,0.082,-17.1,6.2,-4.1,-6,-37.6,2.6,0.619800409,-0.169286172,-0.63963744,-0.421887875
1255,3142416,38000,0.941,0.27,0.078,-15.6,6.6,-3.8,-6.4,-37.6,1,0.619830927,-0.169988098,-0.639606922,-0.421643727
1256,3144712,38000,0.941,0.27,0.078,-15.6,6.6,-3.8,-6.4,-37.6,1,0.619830927,-0.170079653,-0.639362774,-0.421948912
1257,3147236,38010,0.937,0.266,0.078,-14.8,6.8,-3.7,-6.4,-37.6,1,0.619830927,-0.17014069,-0.639149144,-0.422223579
1258,3151720,38010,0.933,0.27,0.078,-14,6.9,-3.6,-6.4,-37.6,1,0.619830927,-0.170232246,-0.638935514,-0.422498245
1259,3153970,38010,0.933,0.27,0.07,-13.2,7.1,-3.4,-6.4,-37.3,2.7,0.619861446,-0.170293283,-0.638752403,-0.422772912
1260,3156138,38010,0.933,0.274,0.082,-12.5,7.1,-3.2,-6.4,-37.3,2.7,0.619891964,-0.17035432,-0.638538774,-0.42301706
1261,3158441,38020,0.933,0.274,0.086,-11.7,7.1,-3.1,-6.4,-37.3,2.7,0.619922483,-0.170415357,-0.638355663,-0.423230689
1262,3160723,38020,0.929,0.285,0.082,-10.9,7.1,-2.9,-6.4,-37.3,2.7,0.619953001,-0.170445875,-0.638172552,-0.423444319
1263,3162993,38020,0.929,0.285,0.082,-10.9,7.1,-2.9,-6.4,-37.3,2.7,0.619953001,-0.170445875,-0.638172552,-0.423444319
1264,3164877,38020,0.921,0.289,0.086,-8.9,7,-2.5,-6.8,-37.4,3.1,0.620014039,-0.170506912,-0.63780633,-0.42384106
1265,3168960,38030,0.925,0.293,0.086,-7.8,6.9,-2.3,-6.8,-37.4,3.1,0.620075076,-0.170506912,-0.637653737,-0.424024171
1266,3171645,38030,0.917,0.297,0.09,-6.7,6.7,-2.1,-6.8,-37.4,3.1,0.620105594,-0.170506912,-0.637501144,-0.424176763
1267,3174002,38030,0.925,0.301,0.09,-5.6,6.7,-1.9,-6.1,-37.2,3,0.620166631,-0.170476394,-0.63737907,-0.424298837
1268,3177068,38030,0.925,0.301,0.09,-4.7,6.6,-1.6,-6.1,-37.2,3,0.620227668,-0.170476394,-0.637256996,-0.424420911
1269,3179255,38040,0.929,0.313,0.094,-3.8,6.7,-1.4,-6.1,-37.2,3,0.620288705,-0.170445875,-0.637134922,-0.424512467
1270,3179737,38040,0.929,0.313,0.094,-2.9,6.8,-1.2,-6.1,-37.2,3,0.620349742,-0.170384838,-0.637012848,-0.424604022
1271,3183990,38040,0.929,0.317,0.094,-2,6.7,-1.1,-6.6,-37.6,2.7,0.620441298,-0.17035432,-0.636890774,-0.424665059
1272,3186110,38040,0.929,0.324,0.102,-0.9,6.6,-0.8,-6.6,-37.6,2.7,0.620532853,-0.170293283,-0.636799219,-0.424695578
1273,3188442,38050,0.933,0.328,0.102,0,6.5,-0.7,-6.6,-37.6,2.7,0.62059389,-0.170201727,-0.636707663,-0.424756615
1274,3190763,38050,0.933,0.328,0.106,0.7,6.5,-0.6,-6.6,-37.6,2.7,0.620685446,-0.17014069,-0.636646626,-0.424756615
1275,3192589,38050,0.937,0.324,0.102,2,6.7,-0.7,-6.3,-37.6,1.3,0.62059389,-0.17014069,-0.636860256,-0.424604022
1276,3194890,38050,0.937,0.332,0.102,2,6.7,-0.7,-6.3,-37.6,1.3,0.620685446,-0.170049135,-0.636799219,-0.424604022
1277,3197227,38060,0.937,0.332,0.106,2.8,6.7,-0.8,-6.3,-37.6,1.3,0.620777001,-0.169927061,-0.636707663,-0.424604022
1278,3199907,38060,0.94,0.332,0.102,3.4,6.8,-1,-6.3,-37.6,1.3,0.620868557,-0.169804987,-0.636677145,-0.424604022
1279,3204302,38060,0.944,0.336,0.11,4.1,6.9,-1.2,-6.3,-37.1,2.2,0.620990631,-0.169682913,-0.636616108,-0.424573504
1280,3204695,38060,0.94,0.336,0.11,4.6,7,-1.3,-6.3,-37.1,2.2,0.621082186,-0.16953032,-0.636555071,-0.424542985
1281,3209022,38070,0.944,0.34,0.106,4.8,7.1,-1.4,-6.3,-37.1,2.2,0.621173742,-0.169377728,-0.636524552,-0.424542985
1282,3211937,38070,0.94,0.344,0.106,4.9,7.1,-1.4,-6.3,-37.1,2.2,0.621295816,-0.169225135,-0.636463515,-0.424512467
1283,3214580,38070,0.94,0.344,0.106,5.1,7.1,-1.6,-6.4,-37.2,2.3,0.621387371,-0.169042024,-0.636432997,-0.424481948
1284,3214899,38070,0.944,0.34,0.106,5.3,7.1,-1.9,-6.4,-37.2,2.3,0.621478927,-0.168889431,-0.636402478,-0.42445143
1285,3219335,38080,0.944,0.344,0.106,5.4,7,-2.3,-6.4,-37.2,2.3,0.621601001,-0.16870632,-0.636341441,-0.42445143
1286,3219733,38080,0.94,0.34,0.114,5.6,6.9,-2.6,-6.4,-37.2,2.3,0.621692557,-0.168553728,-0.636310923,-0.424420911
1287,3223786,38080,0.94,0.34,0.114,5.7,6.9,-2.8,-6.3,-37.4,1.9,0.621784112,-0.168370617,-0.636280404,-0.424420911
1288,3226175,38080,0.94,0.34,0.11,5.6,6.8,-2.8,-6.3,-37.4,1.9,0.621875668,-0.168187506,-0.636249886,-0.424390393
1289,3228350,38090,0.944,0.336,0.118,5.4,6.7,-2.9,-6.3,-37.4,1.9,0.621936705,-0.168004395,-0.636219367,-0.424390393
1290,3230637,38090,0.944,0.336,0.11,5.1,6.6,-3,-6.3,-37.4,1.9,0.62202826,-0.167821284,-0.636188849,-0.424390393
1291,3232608,38090,0.944,0.34,0.114,4.8,6.6,-3.2,-6.8,-37.3,2.6,0.622119816,-0.167668691,-0.63615833,-0.424390393
1292,3234939,38090,0.94,0.34,0.118,4.5,6.4,-3.3,-6.8,-37.3,2.6,0.622180853,-0.16748558,-0.636127812,-0.424390393
1293,3239141,38100,0.944,0.344,0.118,4.3,6.1,-3.3,-6.8,-37.3,2.6,0.622272408,-0.167332987,-0.636097293,-0.424390393
1294,3241371,38100,0.94,0.34,0.126,4,5.7,-3.2,-6.8,-37.3,2.6,0.622333445,-0.167180395,-0.636066774,-0.424390393
1295,3243573,38100,0.94,0.34,0.122,3.5,5.3,-3,-6.4,-37.6,1.4,0.62224189,-0.167027802,-0.636219367,-0.424359874
1296,3245767,38100,0.94,0.34,0.122,3.5,5.3,-3,-6.4,-37.6,1.4,0.622302927,-0.166905728,-0.636188849,-0.424390393
1297,3248245,38110,0.94,0.332,0.122,3.2,5.1,-3.1,-6.4,-37.6,1.4,0.622333445,-0.166753136,-0.63615833,-0.424390393
1298,3251197,38110,0.936,0.336,0.126,3.1,4.9,-3.2,-6.4,-37.6,1.4,0.622394482,-0.166631062,-0.636127812,-0.424420911
1299,3253338,38110,0.936,0.336,0.126,3,4.8,-3.1,-6.1,-37.6,3,0.622455519,-0.166508988,-0.636127812,-0.424420911
1300,3255764,38110,0.933,0.34,0.122,3,4.7,-3,-6.1,-37.6,3,0.622486038,-0.166356395,-0.636097293,-0.42445143
1301,3259867,38120,0.933,0.34,0.122,3.1,4.6,-2.9,-6.1,-37.6,3,0.622547075,-0.166234321,-0.636066774,-0.42445143
1302,3259867,38120,0.929,0.344,0.126,3.2,4.4,-2.9,-6.1,-37.6,3,0.622577593,-0.166112247,-0.636036256,-0.424481948
1303,3263409,38120,0.933,0.34,0.13,3.4,4.3,-3,-6.1,-37.7,2.6,0.62263863,-0.165990173,-0.636036256,-0.424481948
1304,3265720,38120,0.933,0.348,0.126,3.6,4.2,-3.1,-6.1,-37.7,2.6,0.622669149,-0.16583758,-0.636005737,-0.424481948
1305,3269381,38130,0.925,0.351,0.13,3.8,4.2,-3.3,-6.1,-37.7,2.6,0.622730186,-0.165715506,-0.636005737,-0.424481948
1306,3269702,38130,0.925,0.351,0.13,4,4.1,-3.2,-6.1,-37.7,2.6,0.622760704,-0.165562914,-0.636005737,-0.424481948
1307,3274039,38130,0.929,0.355,0.13,4.2,4.2,-3,-6,-37.7,2.8,0.622821741,-0.16544084,-0.636005737,-0.424481948
1308,3276288,38130,0.921,0.359,0.13,4.5,4.3,-2.8,-6,-37.7,2.8,0.62285226,-0.165257729,-0.635975219,-0.424481948
1309,3278668,38140,0.925,0.351,0.13,4.7,4.4,-2.7,-6,-37.7,2.8,0.622913297,-0.165135655,-0.635975219,-0.424481948
1310,3281702,38140,0.929,0.355,0.13,5,4.6,-2.7,-6,-37.7,2.8,0.622974334,-0.165013581,-0.635975219,-0.42445143
1311,3282180,38140,0.929,0.355,0.13,5.1,4.7,-2.8,-6,-37.5,2.6,0.623035371,-0.16483047,-0.635975219,-0.42445143
1312,3284950,38140,0.929,0.359,0.13,5.3,4.9,-2.9,-6,-37.5,2.6,0.623096408,-0.164677877,-0.635975219,-0.424420911
1313,3288992,38150,0.929,0.363,0.134,5.5,5.1,-2.9,-6,-37.5,2.6,0.623157445,-0.164525285,-0.6359447,-0.424390393
1314,3291051,38150,0.932,0.363,0.134,5.6,5.3,-3,-6,-37.5,2.6,0.623218482,-0.164342174,-0.6359447,-0.424390393
1315,3293275,38150,0.936,0.363,0.134,5.7,5.6,-2.9,-6.2,-37.4,2,0.623065889,-0.163914914,-0.636097293,-0.424542985
1316,3295821,38150,0.936,0.367,0.13,5.7,5.6,-2.9,-6.2,-37.4,2,0.623157445,-0.163731803,-0.636066774,-0.424542985
1317,3298571,38160,0.936,0.363,0.13,5.8,5.8,-3,-6.2,-37.4,2,0.623218482,-0.163548692,-0.636066774,-0.424512467
1318,3300708,38160,0.94,0.367,0.134,5.8,5.9,-3.1,-6.2,-37.4,2,0.623310038,-0.163365581,-0.636036256,-0.424481948
1319,3302646,38160,0.94,0.367,0.134,5.7,6.1,-3.1,-6.1,-37.3,2.3,0.623371075,-0.163212989,-0.636036256,-0.424481948
1320,3304984,38160,0.944,0.363,0.134,5.6,6.3,-3.1,-6.1,-37.3,2.3,0.62346263,-0.163029878,-0.636005737,-0.42445143
1321,3307309,38170,0.944,0.367,0.134,5.5,6.6,-3.2,-6.1,-37.3,2.3,0.623523667,-0.162846767,-0.635975219,-0.42445143
1322,3311417,38170,0.944,0.363,0.13,5.3,6.7,-3.2,-6.1,-37.3,2.3,0.623615223,-0.162663656,-0.6359447,-0.42445143
1323,3313968,38170,0.948,0.363,0.134,5.1,6.7,-3.1,-6,-37.1,2.9,0.623706778,-0.162480544,-0.635914182,-0.42445143
1324,3316669,38170,0.948,0.367,0.134,4.9,6.6,-3,-6,-37.1,2.9,0.623767815,-0.162297433,-0.635883663,-0.42445143
1325,3318841,38180,0.948,0.363,0.134,4.7,6.5,-2.9,-6,-37.1,2.9,0.623859371,-0.162144841,-0.635853145,-0.42445143
1326,3321049,38180,0.948,0.363,0.134,4.5,6.4,-2.9,-6,-37.1,2.9,0.623950926,-0.161992248,-0.635822626,-0.42445143
1327,3322615,38180,0.948,0.363,0.134,4.5,6.3,-2.9,-6.2,-37.1,2.7,0.624011963,-0.161809137,-0.635792108,-0.42445143
1328,3325188,38180,0.948,0.359,0.134,4.3,6.2,-2.9,-6.2,-37.1,2.7,0.624103519,-0.161656545,-0.635731071,-0.42445143
1329,3327432,38190,0.952,0.359,0.134,4.2,6,-3,-6.2,-37.1,2.7,0.624164556,-0.161503952,-0.635700552,-0.42445143
1330,3331504,38190,0.944,0.359,0.134,4.1,5.8,-3,-6.2,-37.1,2.7,0.624225593,-0.16135136,-0.635670034,-0.42445143
1331,3332104,38190,0.944,0.359,0.134,4,5.7,-2.9,-6,-36.8,2.6,0.62428663,-0.161198767,-0.635639515,-0.42445143
1332,3334527,38190,0.944,0.359,0.134,3.8,5.7,-2.9,-6,-36.8,2.6,0.624347667,-0.161046175,-0.635608997,-0.42445143
1333,3338810,38200,0.94,0.355,0.134,3.6,5.5,-2.9,-6,-36.8,2.6,0.624408704,-0.1609241,-0.635578478,-0.424481948
1334,3341063,38200,0.936,0.359,0.134,3.2,5.4,-3,-6,-36.8,2.6,0.624469741,-0.160771508,-0.63554796,-0.424481948
1335,3343355,38200,0.929,0.355,0.134,2.5,5,-2.8,-6.4,-37.3,2.5,0.624408704,-0.160557878,-0.635639515,-0.424542985
1336,3345151,38200,0.925,0.355,0.134,2.5,5,-2.8,-6.4,-37.3,2.5,0.624439222,-0.160435804,-0.635608997,-0.424573504
1337,3347596,38210,0.925,0.351,0.134,2.3,4.9,-2.8,-6.4,-37.3,2.5,0.624500259,-0.16031373,-0.635578478,-0.424604022
1338,3349808,38210,0.925,0.355,0.13,2.2,4.8,-2.8,-6.4,-37.3,2.5,0.624561296,-0.160191656,-0.63554796,-0.424634541
1339,3353854,38210,0.917,0.355,0.13,2,4.8,-3,-6.3,-37.4,2.7,0.624591815,-0.160100101,-0.635517441,-0.424665059
1340,3356173,38210,0.913,0.352,0.134,1.7,4.8,-3.1,-6.3,-37.4,2.7,0.624652852,-0.159978027,-0.635456404,-0.424695578
1341,3358351,38220,0.921,0.355,0.134,1.5,4.8,-3.2,-6.3,-37.4,2.7,0.62468337,-0.159855953,-0.635425886,-0.424726096
1342,3360026,38220,0.917,0.355,0.134,1.2,4.7,-3.3,-6.3,-37.4,2.7,0.624713889,-0.159764397,-0.635395367,-0.424787133
1343,3362465,38220,0.913,0.356,0.13,1,4.8,-3.3,-6.2,-37,2.7,0.624774926,-0.159642323,-0.63533433,-0.424817652
1344,3365767,38220,0.917,0.355,0.134,0.8,4.9,-3.4,-6.2,-37,2.7,0.624805445,-0.159550768,-0.635303812,-0.424878689
1345,3367580,38230,0.909,0.359,0.134,0.7,5,-3.5,-6.2,-37,2.7,0.624835963,-0.159398175,-0.635242775,-0.424939726
1346,3369939,38230,0.913,0.359,0.134,0.6,5.1,-3.6,-6.2,-37,2.7,0.624866482,-0.159337138,-0.635181738,-0.425000763
1347,3373999,38230,0.909,0.359,0.134,0.7,5.1,-3.8,-6.4,-37.3,2.6,0.624927519,-0.159215064,-0.635151219,-0.4250618
1348,3376239,38230,0.913,0.359,0.134,0.8,4.9,-4,-6.4,-37.3,2.6,0.624958037,-0.15909299,-0.635090182,-0.425092318
1349,3378236,38240,0.909,0.356,0.13,1,4.9,-4.1,-6.4,-37.3,2.6,0.624988556,-0.159001434,-0.635059664,-0.425153356
1350,3380623,38240,0.905,0.36,0.131,1.1,4.9,-4.1,-6.4,-37.3,2.6,0.625019074,-0.15887936,-0.634998627,-0.425214393
1351,3382532,38240,0.905,0.363,0.135,1.1,4.9,-4.1,-6.2,-37.2,2.4,0.625049593,-0.158757286,-0.634968108,-0.42527543
1352,3385645,38240,0.905,0.363,0.135,1.1,4.9,-4.1,-6.2,-37.2,2.4,0.625049593,-0.158757286,-0.634968108,-0.42527543
1353,3387378,38250,0.905,0.363,0.135,0.9,4.7,-4.5,-6.2,-37.2,2.4,0.62511063,-0.158513138,-0.634876553,-0.425397504
1354,3389736,38250,0.905,0.363,0.135,0.9,4.7,-4.6,-6.2,-37.2,2.4,0.625141148,-0.158391064,-0.634846034,-0.425489059
1355,3392345,38250,0.905,0.367,0.135,0.8,4.9,-4.8,-6.4,-37.4,2.5,0.625019074,-0.158085879,-0.634907071,-0.425641652
1356,3394907,38250,0.905,0.367,0.135,0.8,4.9,-4.8,-6.4,-37.4,2.5,0.625049593,-0.157963805,-0.634876553,-0.425733207
1357,3397280,38260,0.905,0.359,0.134,0.6,5,-4.9,-6.4,-37.4,2.5,0.625080111,-0.157841731,-0.634815516,-0.425794244
1358,3401419,38260,0.901,0.36,0.131,0.4,5.1,-5,-6.4,-37.4,2.5,0.62511063,-0.157719657,-0.634784997,-0.4258858
1359,3403932,38260,0.905,0.359,0.134,0.2,5,-5.2,-5.9,-37.4,2.8,0.62511063,-0.157597583,-0.63472396,-0.425977355
1360,3405983,38260,0.905,0.359,0.134,0.1,4.9,-5.2,-5.9,-37.4,2.8,0.625141148,-0.15744499,-0.634693442,-0.426038392
1361,3408260,38270,0.909,0.359,0.134,0.3,4.9,-5.2,-5.9,-37.4,2.8,0.625171667,-0.157353435,-0.634632405,-0.426129948
1362,3410608,38270,0.905,0.359,0.134,0.3,4.9,-5.3,-5.9,-37.4,2.8,0.625171667,-0.157231361,-0.634601886,-0.426221503
1363,3412543,38270,0.909,0.363,0.134,0.3,4.9,-5.4,-6.3,-37.4,2.5,0.625202185,-0.157109287,-0.634540849,-0.426313059
1364,3414857,38270,0.909,0.359,0.134,0.3,4.7,-5.5,-6.3,-37.4,2.5,0.625232704,-0.156987213,-0.634510331,-0.426404614
1365,3418827,38280,0.909,0.363,0.134,0.3,4.3,-5.5,-6.3,-37.4,2.5,0.625232704,-0.156865139,-0.634449293,-0.42649617
1366,3421130,38280,0.909,0.359,0.134,0.3,4.1,-5.4,-6.3,-37.4,2.5,0.625232704,-0.156743065,-0.634418775,-0.426557207
1367,3423261,38280,0.905,0.359,0.134,0.3,4,-5.5,-6,-37.3,2.9,0.625232704,-0.156620991,-0.634388256,-0.426648762
1368,3425618,38280,0.905,0.359,0.134,0.3,4,-5.5,-6,-37.3,2.9,0.625232704,-0.156468398,-0.634357738,-0.426740318
1369,3427269,38290,0.909,0.359,0.134,0.4,3.9,-5.4,-6,-37.3,2.9,0.625263222,-0.156376843,-0.634327219,-0.426831874
1370,3430060,38290,0.909,0.363,0.134,0.5,3.8,-5.2,-6,-37.3,2.9,0.625263222,-0.156254769,-0.634296701,-0.426892911
1371,3432595,38290,0.905,0.363,0.135,0.6,3.7,-5,-5.8,-37.4,2.5,0.625263222,-0.156132694,-0.634266182,-0.426984466
1372,3434873,38290,0.905,0.367,0.135,0.5,3.6,-4.9,-5.8,-37.4,2.5,0.625263222,-0.156041139,-0.634235664,-0.427045503
1373,3437192,38300,0.909,0.367,0.134,0.5,3.4,-4.8,-5.8,-37.4,2.5,0.625263222,-0.155919065,-0.634205145,-0.42710654
1374,3441846,38300,0.905,0.367,0.135,0.5,3.1,-4.7,-5.8,-37.4,2.5,0.625263222,-0.155827509,-0.634205145,-0.427167577
1375,3442156,38300,0.905,0.371,0.135,0.8,2.8,-4.5,-6.2,-37.7,2.8,0.624927519,-0.155339213,-0.634479812,-0.427442244
1376,3446303,38300,0.905,0.367,0.135,0.8,2.8,-4.5,-6.2,-37.7,2.8,0.624927519,-0.155247658,-0.634449293,-0.427503281
1377,3448597,38310,0.905,0.367,0.135,1,2.7,-4.4,-6.2,-37.7,2.8,0.624927519,-0.155156102,-0.634449293,-0.427564318
1378,3450942,38310,0.909,0.367,0.134,1,2.6,-4.2,-6.2,-37.7,2.8,0.624927519,-0.155064547,-0.634418775,-0.427625355
1379,3453250,38310,0.909,0.375,0.135,0.9,2.4,-4,-5.9,-37.7,2.8,0.624927519,-0.154972991,-0.634418775,-0.427686392
1380,3456068,38310,0.905,0.375,0.135,0.6,2.4,-3.7,-5.9,-37.7,2.8,0.624927519,-0.154881436,-0.634418775,-0.42771691
1381,3458199,38320,0.909,0.375,0.135,0.3,2.3,-3.5,-5.9,-37.7,2.8,0.624927519,-0.15478988,-0.634388256,-0.427777947
1382,3460125,38320,0.909,0.379,0.135,0.2,2.1,-3.5,-5.9,-37.7,2.8,0.624927519,-0.154728843,-0.634388256,-0.427838984
1383,3462408,38320,0.905,0.375,0.139,0.2,1.8,-3.4,-6,-37.8,2.6,0.624927519,-0.154667806,-0.634357738,-0.427869503
1384,3464795,38320,0.905,0.379,0.135,0.1,1.4,-3.3,-6,-37.8,2.6,0.624897,-0.154606769,-0.634357738,-0.42793054
1385,3468053,38330,0.905,0.379,0.135,0.1,1.2,-3.4,-6,-37.8,2.6,0.624897,-0.154515213,-0.634357738,-0.427961058
1386,3470192,38330,0.909,0.375,0.135,0,1.1,-3.4,-6,-37.8,2.6,0.624866482,-0.154484695,-0.634357738,-0.428022095
1387,3474245,38330,0.909,0.371,0.135,0,1,-3.5,-6.1,-37.7,2.7,0.624866482,-0.154423658,-0.634357738,-0.428083132
1388,3474619,38330,0.905,0.371,0.135,0,1,-3.6,-6.1,-37.7,2.7,0.624835963,-0.154362621,-0.634357738,-0.428113651
1389,3478996,38340,0.905,0.371,0.135,0,0.9,-3.6,-6.1,-37.7,2.7,0.624835963,-0.154301584,-0.634357738,-0.428174688
1390,3481131,38340,0.909,0.367,0.138,0,0.8,-3.7,-6.1,-37.7,2.7,0.624805445,-0.154240547,-0.634357738,-0.428205206
1391,3483390,38340,0.909,0.371,0.138,-0.1,0.7,-3.8,-6.2,-37.8,2.9,0.624774926,-0.15417951,-0.634357738,-0.428296762
1392,3485630,38340,0.913,0.371,0.138,-0.2,0.5,-3.8,-6.2,-37.8,2.9,0.624744407,-0.154118473,-0.634357738,-0.428357799
1393,3487620,38350,0.917,0.367,0.134,-0.3,0.3,-3.9,-6.2,-37.8,2.9,0.624713889,-0.154057436,-0.634357738,-0.428418836
1394,3489905,38350,0.921,0.367,0.134,-0.4,0.1,-3.9,-6.2,-37.8,2.9,0.62468337,-0.154026917,-0.634357738,-0.428479873
1395,3493966,38350,0.921,0.363,0.138,-0.6,0,-3.9,-6.2,-37.3,2.7,0.624408704,-0.153752251,-0.634571368,-0.428632466
1396,3496107,38350,0.921,0.363,0.138,-0.6,0,-3.9,-6.2,-37.3,2.7,0.624347667,-0.153721732,-0.634601886,-0.428693503
1397,3498341,38360,0.925,0.367,0.134,-0.8,0,-3.9,-6.2,-37.3,2.7,0.624317148,-0.153660695,-0.634601886,-0.42875454
1398,3500609,38360,0.925,0.363,0.134,-0.9,0,-3.8,-6.2,-37.3,2.7,0.62428663,-0.153630177,-0.634601886,-0.428846095
1399,3502556,38360,0.925,0.367,0.134,-1,0.1,-3.7,-6,-37.4,2.3,0.624256111,-0.153599658,-0.634601886,-0.428907132
1400,3506464,38360,0.921,0.363,0.134,-1,0.2,-3.7,-6,-37.4,2.3,0.624195074,-0.153538621,-0.634601886,-0.428968169
1401,3508694,38370,0.929,0.363,0.134,-1,0.2,-3.7,-6,-37.4,2.3,0.624164556,-0.153508103,-0.634601886,-0.429029206
1402,3510901,38370,0.932,0.363,0.134,-1.1,0.3,-3.7,-6,-37.4,2.3,0.624134037,-0.153477584,-0.634601886,-0.429090243
1403,3513178,38370,0.929,0.367,0.134,-1.3,0.3,-3.7,-5.9,-37.7,2.3,0.624103519,-0.153447066,-0.634601886,-0.429181799
1404,3515110,38370,0.929,0.359,0.134,-1.4,0.3,-3.7,-5.9,-37.7,2.3,0.624073,-0.153386029,-0.634571368,-0.429242836
1405,3517428,38380,0.925,0.359,0.134,-1.4,0.4,-3.8,-5.9,-37.7,2.3,0.624042482,-0.15335551,-0.634571368,-0.429303873
1406,3519737,38380,0.929,0.355,0.134,-1.3,0.4,-3.8,-5.9,-37.7,2.3,0.624011963,-0.153324992,-0.634571368,-0.429395428
1407,3524482,38380,0.929,0.359,0.13,-1.1,0.3,-3.8,-6,-37.4,2.6,0.623981445,-0.153294473,-0.634571368,-0.429456465
1408,3524887,38380,0.929,0.359,0.134,-0.9,0.2,-3.7,-6,-37.4,2.6,0.623920408,-0.153233436,-0.634571368,-0.429517502
1409,3529054,38390,0.929,0.355,0.134,-0.8,0.1,-3.5,-6,-37.4,2.6,0.623889889,-0.153202918,-0.634571368,-0.429578539
1410,3531076,38390,0.929,0.363,0.134,-0.6,0,-3.4,-6,-37.4,2.6,0.623859371,-0.153172399,-0.634571368,-0.429639576
1411,3533753,38390,0.929,0.363,0.134,-0.4,0,-3.4,-6.2,-37.6,2.5,0.623828852,-0.153111362,-0.634571368,-0.429700613
1412,3535954,38390,0.925,0.363,0.134,-0.2,0,-3.3,-6.2,-37.6,2.5,0.623798334,-0.153080844,-0.634601886,-0.429731132
1413,3537575,38400,0.929,0.363,0.134,0,0,-3.2,-6.2,-37.6,2.5,0.623767815,-0.153019807,-0.634601886,-0.429792169
1414,3539999,38400,0.929,0.367,0.134,0.1,0,-2.8,-6.2,-37.6,2.5,0.623737297,-0.152989288,-0.634601886,-0.429822687
1415,3544118,38400,0.921,0.367,0.134,0.5,-0.2,-2.5,-6.1,-37.3,2.7,0.623523667,-0.152897732,-0.634846034,-0.429822687
1416,3544633,38400,0.921,0.367,0.134,0.5,-0.2,-2.5,-6.1,-37.3,2.7,0.623523667,-0.152867214,-0.634846034,-0.429853206
1417,3549068,38410,0.925,0.371,0.138,0.8,-0.1,-2.5,-6.1,-37.3,2.7,0.623493149,-0.152836695,-0.634876553,-0.429853206
1418,3551856,38410,0.925,0.371,0.134,1.1,-0.1,-2.4,-6.1,-37.3,2.7,0.62346263,-0.152775658,-0.634907071,-0.429883724
1419,3552275,38410,0.925,0.371,0.138,1.4,0,-2.4,-5.7,-37.7,2.3,0.62346263,-0.152714621,-0.634907071,-0.429883724
1420,3555634,38410,0.925,0.367,0.138,1.7,0,-2.5,-5.7,-37.7,2.3,0.623432112,-0.152653584,-0.63493759,-0.429914243
1421,3557505,38420,0.932,0.367,0.134,1.9,0,-2.4,-5.7,-37.7,2.3,0.623401593,-0.152562029,-0.634968108,-0.429914243
1422,3561502,38420,0.932,0.375,0.138,2.2,0,-2.3,-5.7,-37.7,2.3,0.623401593,-0.15253151,-0.634998627,-0.429914243
1423,3563893,38420,0.932,0.367,0.134,2.5,0,-2.2,-5.7,-38.1,2.8,0.623401593,-0.152470473,-0.635029145,-0.429914243
1424,3566059,38420,0.932,0.371,0.134,2.7,-0.1,-2.2,-5.7,-38.1,2.8,0.623371075,-0.152409436,-0.635059664,-0.429914243
1425,3568066,38430,0.929,0.371,0.134,2.9,0,-2.3,-5.7,-38.1,2.8,0.623371075,-0.152317881,-0.635090182,-0.429883724
1426,3569713,38430,0.932,0.367,0.134,2.9,0,-2.4,-5.7,-38.1,2.8,0.623340556,-0.152256844,-0.635120701,-0.429883724
1427,3572297,38430,0.936,0.371,0.138,2.9,0.3,-2.5,-5.6,-37.4,2.6,0.623340556,-0.152165288,-0.635151219,-0.429883724
1428,3576782,38430,0.932,0.367,0.134,2.8,0.6,-2.5,-5.6,-37.4,2.6,0.623340556,-0.152104251,-0.635181738,-0.429883724
1429,3577132,38440,0.936,0.363,0.134,2.8,0.9,-2.4,-5.6,-37.4,2.6,0.623340556,-0.152012696,-0.635212256,-0.429883724
1430,3580641,38440,0.936,0.367,0.134,2.8,1.2,-2.3,-5.6,-37.4,2.6,0.623340556,-0.15192114,-0.635242775,-0.429883724
1431,3582487,38440,0.936,0.367,0.138,3,1.3,-2.3,-5.5,-37.5,2.6,0.623340556,-0.151829585,-0.635242775,-0.429853206
1432,3584765,38440,0.936,0.367,0.138,3.2,1.2,-2.1,-5.5,-37.5,2.6,0.623340556,-0.151768548,-0.635273293,-0.429853206
1433,3587163,38450,0.936,0.371,0.138,3.4,1.1,-2,-5.5,-37.5,2.6,0.623371075,-0.151676992,-0.635303812,-0.429853206
1434,3589584,38450,0.936,0.363,0.138,3.5,1,-1.9,-5.5,-37.5,2.6,0.623371075,-0.151585437,-0.635303812,-0.429822687
1435,3593733,38450,0.932,0.367,0.134,3.6,0.9,-1.6,-6.3,-37.4,2.7,0.623249001,-0.151493881,-0.635486923,-0.42976165
1436,3596032,38450,0.936,0.367,0.138,3.6,0.9,-1.6,-6.3,-37.4,2.7,0.623279519,-0.151402326,-0.635517441,-0.429731132
1437,3598271,38460,0.932,0.367,0.138,3.7,0.8,-1.5,-6.3,-37.4,2.7,0.623279519,-0.151341288,-0.63554796,-0.429700613
1438,3600758,38460,0.936,0.371,0.134,3.7,0.7,-1.5,-6.3,-37.4,2.7,0.623279519,-0.151249733,-0.635578478,-0.429670095
1439,3603704,38460,0.936,0.371,0.134,3.8,0.8,-1.4,-5.8,-37.2,2.6,0.623310038,-0.151188696,-0.635608997,-0.429639576
1440,3605784,38460,0.936,0.371,0.134,3.9,0.9,-1.2,-5.8,-37.2,2.6,0.623310038,-0.15109714,-0.635639515,-0.429609058
1441,3607574,38470,0.932,0.371,0.134,3.9,0.8,-1.1,-5.8,-37.2,2.6,0.623340556,-0.151005585,-0.635670034,-0.429578539
1442,3611134,38470,0.932,0.371,0.138,3.9,0.8,-1,-5.8,-37.2,2.6,0.623340556,-0.150944548,-0.635670034,-0.429548021
1443,3613344,38470,0.932,0.375,0.138,3.9,0.9,-1,-5.8,-37.3,2.6,0.623371075,-0.150852992,-0.635700552,-0.429517502
1444,3615035,38470,0.929,0.371,0.134,4,0.9,-0.9,-5.8,-37.3,2.6,0.623371075,-0.150791955,-0.635731071,-0.429456465
1445,3617400,38480,0.929,0.375,0.134,4,0.9,-0.8,-5.8,-37.3,2.6,0.623401593,-0.1507004,-0.635761589,-0.429425947
1446,3619803,38480,0.925,0.379,0.138,4.2,0.7,-0.6,-5.8,-37.3,2.6,0.623432112,-0.150608844,-0.635792108,-0.42936491
1447,3622246,38480,0.929,0.375,0.138,4.2,0.6,-0.6,-5.8,-37.2,2.7,0.623432112,-0.150578326,-0.635822626,-0.429334391
1448,3625093,38480,0.929,0.379,0.134,4,0.6,-0.5,-5.8,-37.2,2.7,0.62346263,-0.15048677,-0.635853145,-0.429273354
1449,3627514,38490,0.921,0.383,0.138,4,0.6,-0.4,-5.8,-37.2,2.7,0.62346263,-0.150425733,-0.635883663,-0.429242836
1450,3631001,38490,0.929,0.379,0.134,4.1,0.7,-0.3,-5.8,-37.2,2.7,0.623493149,-0.150364696,-0.635914182,-0.429181799
1451,3634003,38490,0.925,0.375,0.138,4.1,0.7,-0.2,-5.9,-37.7,2.4,0.623523667,-0.150303659,-0.6359447,-0.429120762
1452,3637090,38490,0.925,0.375,0.138,4.1,0.7,-0.2,-5.9,-37.7,2.4,0.623523667,-0.150303659,-0.6359447,-0.429120762
1453,3637496,38500,0.921,0.383,0.138,4,0.6,-0.2,-5.9,-37.7,2.4,0.623554186,-0.150151067,-0.636005737,-0.429029206
1454,3640583,38500,0.925,0.387,0.138,3.9,0.5,-0.3,-5.9,-37.7,2.4,0.623584704,-0.15009003,-0.636036256,-0.428968169
1455,3642318,38500,0.921,0.379,0.138,4,0.6,-0.7,-6.6,-37.3,2.8,0.623340556,-0.149784845,-0.636280404,-0.429059725
1456,3644718,38500,0.921,0.379,0.138,4,0.6,-0.7,-6.6,-37.3,2.8,0.623340556,-0.149693289,-0.636310923,-0.429029206
1457,3647238,38510,0.925,0.383,0.138,4.1,0.6,-0.7,-6.6,-37.3,2.8,0.623371075,-0.149632252,-0.636341441,-0.428968169
1458,3651791,38510,0.925,0.387,0.134,4.1,0.6,-0.8,-6.6,-37.3,2.8,0.623371075,-0.149540696,-0.63637196,-0.428937651
1459,3652245,38510,0.925,0.379,0.138,4.2,0.7,-0.7,-5.4,-37.3,3.1,0.623401593,-0.149479659,-0.636402478,-0.428907132
1460,3656897,38510,0.925,0.383,0.138,4,0.8,-0.7,-5.4,-37.3,3.1,0.623432112,-0.149418622,-0.636432997,-0.428846095
1461,3657287,38520,0.929,0.383,0.138,4,0.9,-0.6,-5.4,-37.3,3.1,0.623432112,-0.149327067,-0.636463515,-0.428815577
1462,3661364,38520,0.932,0.383,0.142,4,1,-0.7,-5.4,-37.3,3.1,0.62346263,-0.14926603,-0.636494034,-0.42875454
1463,3663631,38520,0.932,0.379,0.138,4,1,-0.8,-5.1,-37.5,3,0.623493149,-0.149174474,-0.636524552,-0.428724021
1464,3665848,38520,0.932,0.375,0.142,4,1.2,-1,-5.1,-37.5,3,0.623493149,-0.149113437,-0.636555071,-0.428693503
1465,3667977,38530,0.932,0.379,0.138,4,1.3,-0.9,-5.1,-37.5,3,0.623523667,-0.149021882,-0.636585589,-0.428632466
1466,3669948,38530,0.932,0.371,0.138,3.9,1.5,-1,-5.1,-37.5,3,0.623554186,-0.148930326,-0.636585589,-0.428601947
1467,3672574,38530,0.932,0.371,0.138,3.9,1.5,-1,-5.1,-37.5,3,0.623554186,-0.148930326,-0.636585589,-0.428601947
1468,3676661,38530,0.936,0.371,0.146,3.7,1.6,-1.2,-5,-37.9,2.4,0.623584704,-0.148777734,-0.636616108,-0.42854091
1469,3678644,38540,0.936,0.371,0.142,3.6,1.7,-1.3,-5,-37.9,2.4,0.623615223,-0.14865566,-0.636646626,-0.428510392
1470,3681016,38540,0.932,0.371,0.134,3.6,1.8,-1.2,-5,-37.9,2.4,0.623645741,-0.148594623,-0.636646626,-0.428479873
1471,3683274,38540,0.936,0.371,0.138,3.5,1.8,-1.1,-5.3,-37.5,3.2,0.62367626,-0.148533586,-0.636677145,-0.428449355
1472,3686939,38540,0.932,0.371,0.142,3.5,1.7,-1.1,-5.3,-37.5,3.2,0.623706778,-0.14844203,-0.636677145,-0.428449355
1473,3687304,38550,0.936,0.367,0.142,3.4,1.7,-1,-5.3,-37.5,3.2,0.623706778,-0.148350475,-0.636677145,-0.428418836
1474,3689897,38550,0.936,0.371,0.138,3.4,1.7,-1,-5.3,-37.5,3.2,0.623737297,-0.148289438,-0.636707663,-0.428388318
1475,3694321,38550,0.932,0.371,0.142,3.6,1.7,-0.7,-6.5,-37.4,2.8,0.62367626,-0.148197882,-0.636829737,-0.42832728
1476,3694672,38550,0.932,0.371,0.142,3.6,1.7,-0.7,-6.5,-37.4,2.8,0.623706778,-0.148106326,-0.636829737,-0.428296762
1477,3698888,38560,0.932,0.371,0.142,3.7,1.8,-0.5,-6.5,-37.4,2.8,0.623737297,-0.148045289,-0.636860256,-0.428205206
1478,3701115,38560,0.932,0.371,0.138,3.8,1.9,-0.4,-6.5,-37.4,2.8,0.623767815,-0.147953734,-0.636860256,-0.428205206
1479,3703290,38560,0.932,0.375,0.142,3.9,2,-0.4,-5.4,-37.5,2.5,0.623828852,-0.147892697,-0.636860256,-0.428174688
1480,3705582,38560,0.932,0.375,0.138,4,2.2,-0.3,-5.4,-37.5,2.5,0.623859371,-0.147801141,-0.636890774,-0.428113651
1481,3707530,38570,0.936,0.367,0.134,4,2.1,-0.2,-5.4,-37.5,2.5,0.623889889,-0.147740104,-0.636890774,-0.428083132
1482,3709935,38570,0.932,0.375,0.138,4.2,2,-0.1,-5.4,-37.5,2.5,0.623950926,-0.147648549,-0.636890774,-0.428022095
1483,3712314,38570,0.925,0.375,0.138,4.2,1.8,-0.2,-5,-37.2,2.8,0.623981445,-0.147556993,-0.636921293,-0.427961058
1484,3715746,38570,0.929,0.375,0.142,4.2,1.7,-0.2,-5,-37.2,2.8,0.624011963,-0.147495956,-0.636921293,-0.42793054
1485,3718610,38580,0.925,0.379,0.138,4.2,2,0,-5,-37.2,2.8,0.624042482,-0.147404401,-0.636951811,-0.427869503
1486,3721643,38580,0.929,0.379,0.138,4.3,2.1,0,-5,-37.2,2.8,0.624103519,-0.147343364,-0.636951811,-0.427808466
1487,3723739,38580,0.929,0.383,0.138,4.3,2.3,0,-5.3,-37.5,2.3,0.624134037,-0.147251808,-0.636951811,-0.427777947
1488,3725839,38580,0.929,0.383,0.138,4.2,2.3,0,-5.3,-37.5,2.3,0.624195074,-0.147190771,-0.63698233,-0.42771691
1489,3727547,38590,0.921,0.383,0.134,4.2,2.2,0,-5.3,-37.5,2.3,0.624225593,-0.147099216,-0.63698233,-0.427655873
1490,3730012,38590,0.921,0.383,0.138,4.1,2.1,0,-5.3,-37.5,2.3,0.62428663,-0.14700766,-0.63698233,-0.427625355
1491,3732323,38590,0.917,0.383,0.135,4.1,2,0,-5.3,-37.6,2.5,0.624317148,-0.146946623,-0.637012848,-0.427564318
1492,3736446,38590,0.917,0.383,0.138,4.1,1.9,0,-5.3,-37.6,2.5,0.624347667,-0.146885586,-0.637012848,-0.427503281
1493,3738729,38600,0.917,0.383,0.138,4.1,1.9,0,-5.3,-37.6,2.5,0.624408704,-0.146794031,-0.637012848,-0.427472762
1494,3741099,38600,0.917,0.383,0.138,4,1.9,0,-5.3,-37.6,2.5,0.624439222,-0.146702475,-0.637043367,-0.427411725
1495,3743892,38600,0.917,0.387,0.139,3.9,1.8,0,-7,-37.7,2.9,0.62428663,-0.146458327,-0.637195959,-0.427472762
1496,3746183,38600,0.917,0.387,0.142,3.8,1.8,0,-7,-37.7,2.9,0.624317148,-0.14639729,-0.637195959,-0.427411725
1497,3748370,38610,0.917,0.391,0.139,3.8,1.7,-0.1,-7,-37.7,2.9,0.624378185,-0.146305734,-0.637226478,-0.427381207
1498,3750807,38610,0.913,0.387,0.139,3.8,1.6,-0.2,-7,-37.7,2.9,0.624408704,-0.146244697,-0.637226478,-0.42732017
1499,3752516,38610,0.917,0.387,0.139,3.7,1.6,-0.3,-5.5,-36.9,2.9,0.624439222,-0.14618366,-0.637256996,-0.427289651
1500,3756633,38610,0.913,0.391,0.139,3.7,1.6,-0.3,-5.5,-36.9,2.9,0.624469741,-0.146092105,-0.637256996,-0.427259133
1501,3758976,38620,0.917,0.391,0.139,3.5,1.6,-0.3,-5.5,-36.9,2.9,0.624500259,-0.146031068,-0.637287515,-0.427198096
1502,3761049,38620,0.917,0.391,0.139,3.5,1.7,-0.4,-5.5,-36.9,2.9,0.624530778,-0.145970031,-0.637287515,-0.427167577
1503,3763512,38620,0.913,0.387,0.135,3.4,1.7,-0.5,-5.6,-37.4,2.9,0.624561296,-0.145878475,-0.637287515,-0.427137059
1504,3766533,38620,0.917,0.387,0.139,3.4,1.7,-0.6,-5.6,-37.4,2.9,0.624591815,-0.145817438,-0.637318033,-0.42710654
1505,3768737,38630,0.917,0.387,0.142,3.4,1.7,-0.7,-5.6,-37.4,2.9,0.624622333,-0.145725883,-0.637318033,-0.427076022
1506,3771355,38630,0.917,0.387,0.135,3.4,1.7,-0.7,-5.6,-37.4,2.9,0.624652852,-0.145664846,-0.637318033,-0.427045503
1507,3773619,38630,0.917,0.391,0.139,3.4,1.7,-0.8,-5.1,-37.3,2.6,0.624652852,-0.145603809,-0.637348552,-0.427014985
1508,3775782,38630,0.917,0.387,0.135,3.3,1.8,-1,-5.1,-37.3,2.6,0.62468337,-0.145512253,-0.637348552,-0.426984466
1509,3777493,38640,0.921,0.387,0.138,3.2,1.8,-1.3,-5.1,-37.3,2.6,0.624713889,-0.145451216,-0.637348552,-0.426953948
1510,3781631,38640,0.917,0.387,0.139,3.1,1.8,-1.5,-5.1,-37.3,2.6,0.624744407,-0.145359661,-0.63737907,-0.426953948
1511,3783967,38640,0.921,0.383,0.134,2.9,1.9,-1.5,-5.4,-37.3,3,0.624744407,-0.145268105,-0.63737907,-0.426923429
1512,3786261,38640,0.921,0.379,0.138,2.9,2,-1.6,-5.4,-37.3,3,0.624774926,-0.145207068,-0.63737907,-0.426923429
1513,3788432,38650,0.925,0.383,0.134,2.8,2.1,-1.8,-5.4,-37.3,3,0.624805445,-0.145115513,-0.63737907,-0.426923429
1514,3790829,38650,0.921,0.379,0.138,2.6,2.2,-2.1,-5.4,-37.3,3,0.624835963,-0.145023957,-0.63737907,-0.426923429
1515,3792626,38650,0.929,0.379,0.138,2.5,2.2,-2.4,-6.9,-37.6,2.8,0.624591815,-0.144718772,-0.6375927,-0.427014985
1516,3794899,38650,0.929,0.379,0.138,2.3,2,-2.5,-6.9,-37.6,2.8,0.624591815,-0.144657735,-0.6375927,-0.427014985
1517,3797104,38660,0.925,0.375,0.134,2,2,-2.6,-6.9,-37.6,2.8,0.624622333,-0.144566179,-0.6375927,-0.427045503
1518,3799748,38660,0.925,0.379,0.134,1.9,2,-2.6,-6.9,-37.6,2.8,0.624622333,-0.144474624,-0.6375927,-0.427045503
1519,3804200,38660,0.921,0.371,0.13,1.8,2.1,-2.5,-4.9,-37.5,2.8,0.624652852,-0.144383068,-0.6375927,-0.427076022
1520,3804567,38660,0.925,0.375,0.134,1.8,2.1,-2.5,-4.9,-37.5,2.8,0.624652852,-0.144322031,-0.6375927,-0.427076022
1521,3807287,38670,0.925,0.371,0.134,1.8,2,-2.5,-4.9,-37.5,2.8,0.624652852,-0.144230476,-0.6375927,-0.42710654
1522,3811733,38670,0.921,0.375,0.138,1.8,1.8,-2.3,-4.9,-37.5,2.8,0.62468337,-0.144169439,-0.6375927,-0.42710654
1523,3812149,38670,0.925,0.367,0.134,1.8,1.7,-2.2,-4.8,-37.4,2.9,0.62468337,-0.144077883,-0.6375927,-0.42710654
1524,3814723,38670,0.917,0.371,0.134,1.8,1.6,-2.1,-4.8,-37.4,2.9,0.62468337,-0.144016846,-0.6375927,-0.427137059
1525,3818851,38680,0.921,0.375,0.134,1.7,1.6,-2.1,-4.8,-37.4,2.9,0.62468337,-0.143955809,-0.6375927,-0.427137059
1526,3821125,38680,0.921,0.371,0.134,1.6,1.6,-2.2,-4.8,-37.4,2.9,0.624713889,-0.143864254,-0.6375927,-0.427137059
1527,3823343,38680,0.917,0.371,0.138,1.5,1.6,-2.2,-5,-37.5,2.6,0.624713889,-0.143772698,-0.6375927,-0.427167577
1528,3825596,38680,0.917,0.379,0.138,1.4,1.6,-2.1,-5,-37.5,2.6,0.624713889,-0.14374218,-0.6375927,-0.427167577
1529,3827679,38690,0.913,0.371,0.134,1.4,1.4,-1.8,-5,-37.5,2.6,0.624713889,-0.143681143,-0.6375927,-0.427198096
1530,3829919,38690,0.913,0.379,0.135,1.4,1.1,-1.6,-5,-37.5,2.6,0.624744407,-0.143620106,-0.6375927,-0.427198096
1531,3832225,38690,0.917,0.379,0.134,1.4,1.1,-1.5,-4.5,-37.8,3.2,0.624744407,-0.143589587,-0.6375927,-0.427198096
1532,3834770,38690,0.921,0.383,0.134,1.5,1.1,-1.5,-4.5,-37.8,3.2,0.624744407,-0.14352855,-0.6375927,-0.427198096
1533,3839251,38700,0.917,0.383,0.135,1.7,1,-1.4,-4.5,-37.8,3.2,0.624744407,-0.143467513,-0.637623218,-0.427198096
1534,3839668,38700,0.917,0.383,0.135,1.8,1,-1.4,-4.5,-37.8,3.2,0.624744407,-0.143406476,-0.637623218,-0.427198096
1535,3844670,38700,0.913,0.383,0.135,2.1,1,-1.3,-6.7,-37.3,3,0.624591815,-0.143223365,-0.63780633,-0.427228614
1536,3844670,38700,0.917,0.387,0.135,2.2,1.1,-1.3,-6.7,-37.3,3,0.624591815,-0.143162328,-0.63780633,-0.427228614
1537,3847105,38710,0.917,0.391,0.139,2.4,1.1,-1.3,-6.7,-37.3,3,0.624591815,-0.143101291,-0.637836848,-0.427228614
1538,3849665,38710,0.921,0.387,0.135,2.6,1.2,-1.2,-6.7,-37.3,3,0.624622333,-0.143040254,-0.637836848,-0.427198096
1539,3853497,38710,0.921,0.387,0.135,2.8,1.3,-1.2,-5.1,-37.2,2.8,0.624622333,-0.142979217,-0.637867367,-0.427198096
1540,3855633,38710,0.921,0.391,0.135,3,1.4,-1.1,-5.1,-37.2,2.8,0.624652852,-0.142887661,-0.637867367,-0.427167577
1541,3857693,38720,0.917,0.387,0.135,3,1.4,-1.2,-5.1,-37.2,2.8,0.624652852,-0.142796106,-0.637867367,-0.427137059
1542,3861637,38720,0.917,0.387,0.135,3,1.4,-1.3,-5.1,-37.2,2.8,0.62468337,-0.142765587,-0.637897885,-0.42710654
1543,3864076,38720,0.921,0.387,0.135,3,1.3,-1.4,-5.4,-37.3,2.6,0.62468337,-0.142674032,-0.637897885,-0.42710654
1544,3866281,38720,0.921,0.391,0.138,3,1.4,-1.6,-5.4,-37.3,2.6,0.624713889,-0.142612995,-0.637928404,-0.427076022
1545,3868420,38730,0.925,0.391,0.134,2.9,1.4,-1.7,-5.4,-37.3,2.6,0.624713889,-0.142521439,-0.637928404,-0.427076022
1546,3870046,38730,0.925,0.395,0.135,2.8,1.4,-1.8,-5.4,-37.3,2.6,0.624744407,-0.142460402,-0.637958922,-0.427076022
1547,3873298,38730,0.929,0.387,0.134,2.6,1.4,-1.9,-5.1,-37.5,2.5,0.624744407,-0.142368847,-0.637958922,-0.427045503
1548,3875052,38730,0.925,0.391,0.134,2.5,1.4,-2,-5.1,-37.5,2.5,0.624744407,-0.14230781,-0.637958922,-0.427045503
1549,3879350,38740,0.925,0.387,0.134,2.5,1.4,-2,-5.1,-37.5,2.5,0.624774926,-0.142216254,-0.637989441,-0.427045503
1550,3879934,38740,0.929,0.387,0.134,2.3,1.5,-2,-5.1,-37.5,2.5,0.624774926,-0.142155217,-0.637989441,-0.427045503
1551,3883016,38740,0.932,0.383,0.134,2.2,1.5,-1.9,-5.4,-37.7,2.6,0.624774926,-0.142063662,-0.637989441,-0.427045503
1552,3884818,38740,0.929,0.387,0.134,2.1,1.5,-2,-5.4,-37.7,2.6,0.624805445,-0.142002625,-0.637989441,-0.427045503
1553,3887209,38750,0.929,0.387,0.134,1.8,1.5,-2,-5.4,-37.7,2.6,0.624805445,-0.141941588,-0.637989441,-0.427076022
1554,3889842,38750,0.932,0.391,0.134,1.5,1.7,-2.1,-5.4,-37.7,2.6,0.624805445,-0.141819514,-0.637989441,-0.427076022
1555,3892421,38750,0.936,0.387,0.13,1.2,1.7,-1.9,-6.7,-37.5,3.4,0.624652852,-0.141727958,-0.638172552,-0.42710654
1556,3896408,38750,0.936,0.383,0.134,0.9,1.8,-2,-6.7,-37.5,3.4,0.624652852,-0.141666921,-0.638142033,-0.427137059
1557,3898693,38760,0.936,0.387,0.134,0.8,1.9,-2,-6.7,-37.5,3.4,0.62468337,-0.141605884,-0.638142033,-0.427137059
1558,3900962,38760,0.936,0.383,0.134,0.7,1.9,-2.1,-6.7,-37.5,3.4,0.62468337,-0.141544847,-0.638111515,-0.427167577
1559,3903119,38760,0.932,0.379,0.134,0.6,1.9,-2.2,-5.1,-37.1,3.3,0.62468337,-0.14148381,-0.638111515,-0.427198096
1560,3905045,38760,0.936,0.383,0.134,0.6,1.8,-2.1,-5.1,-37.1,3.3,0.624713889,-0.141422773,-0.638111515,-0.427228614
1561,3908180,38770,0.932,0.379,0.13,0.6,1.7,-2.2,-5.1,-37.1,3.3,0.624713889,-0.141361736,-0.638080996,-0.427259133
1562,3910008,38770,0.932,0.383,0.134,0.6,1.6,-2.1,-5.1,-37.1,3.3,0.624713889,-0.141300699,-0.638080996,-0.427289651
1563,3912082,38770,0.936,0.379,0.134,0.6,1.5,-2.1,-5.1,-37.7,2.9,0.624713889,-0.14127018,-0.638080996,-0.427289651
1564,3917091,38770,0.932,0.387,0.134,0.5,1.5,-2,-5.1,-37.7,2.9,0.624713889,-0.141209143,-0.638050478,-0.42732017
1565,3917091,38780,0.932,0.387,0.134,0.4,1.3,-2,-5.1,-37.7,2.9,0.624713889,-0.141148106,-0.638050478,-0.427350688
1566,3921398,38780,0.929,0.379,0.138,0.4,1.1,-1.8,-5.1,-37.7,2.9,0.624713889,-0.141117588,-0.638050478,-0.427381207
1567,3923714,38780,0.929,0.383,0.134,0.5,1.1,-1.5,-5,-37.3,2.5,0.624713889,-0.141087069,-0.638050478,-0.427381207
1568,3926024,38780,0.925,0.383,0.134,0.6,1.1,-1.4,-5,-37.3,2.5,0.624713889,-0.141026032,-0.638050478,-0.427411725
1569,3928201,38790,0.925,0.387,0.134,0.7,1.2,-1.3,-5,-37.3,2.5,0.624744407,-0.140995514,-0.638019959,-0.427411725
1570,3930073,38790,0.929,0.383,0.134,0.8,1.3,-1.3,-5,-37.3,2.5,0.624744407,-0.140964995,-0.638019959,-0.427442244
1571,3932426,38790,0.925,0.383,0.134,0.8,1.4,-1.4,-5.2,-37.7,2.9,0.624744407,-0.140903958,-0.638019959,-0.427442244
1572,3934663,38790,0.925,0.383,0.134,0.9,1.5,-1.6,-5.2,-37.7,2.9,0.624774926,-0.140842921,-0.638019959,-0.427442244
1573,3937252,38800,0.925,0.383,0.134,1,1.5,-1.6,-5.2,-37.7,2.9,0.624774926,-0.140812403,-0.637989441,-0.427472762
1574,3941621,38800,0.925,0.387,0.134,1.1,1.5,-1.6,-5.2,-37.7,2.9,0.624774926,-0.140751366,-0.637989441,-0.427472762
1575,3944201,38800,0.921,0.379,0.131,1.1,1.5,-1.7,-6.7,-37.7,3.2,0.624622333,-0.140629292,-0.638172552,-0.427503281
1576,3946497,38800,0.921,0.379,0.131,1.1,1.5,-1.9,-6.7,-37.7,3.2,0.624622333,-0.140568255,-0.638172552,-0.427503281
1577,3948366,38810,0.925,0.383,0.134,1.2,1.5,-1.9,-6.7,-37.7,3.2,0.624622333,-0.140507218,-0.638172552,-0.427533799
1578,3950714,38810,0.925,0.383,0.134,1.2,1.5,-2,-6.7,-37.7,3.2,0.624652852,-0.140446181,-0.638172552,-0.427533799
1579,3952668,38810,0.921,0.383,0.134,1.2,1.6,-1.9,-5.4,-37.3,3.2,0.624652852,-0.140385144,-0.638142033,-0.427564318
1580,3956163,38810,0.925,0.383,0.134,1.2,1.5,-1.9,-5.4,-37.3,3.2,0.624652852,-0.140324107,-0.638142033,-0.427564318
1581,3958397,38820,0.921,0.379,0.134,1.1,1.5,-1.9,-5.4,-37.3,3.2,0.624652852,-0.14026307,-0.638142033,-0.427594836
1582,3960237,38820,0.921,0.379,0.134,1.1,1.6,-1.9,-5.4,-37.3,3.2,0.62468337,-0.140202033,-0.638142033,-0.427594836
1583,3964210,38820,0.925,0.379,0.13,1,1.7,-1.9,-5.5,-37.3,3.5,0.62468337,-0.140140996,-0.638142033,-0.427625355
1584,3966593,38820,0.925,0.383,0.134,1.1,1.8,-2,-5.5,-37.3,3.5,0.62468337,-0.140079958,-0.638111515,-0.427625355
1585,3968849,38830,0.917,0.379,0.134,1.1,1.7,-1.9,-5.5,-37.3,3.5,0.624713889,-0.140018921,-0.638111515,-0.427655873
1586,3971248,38830,0.921,0.379,0.134,1.1,1.6,-1.9,-5.5,-37.3,3.5,0.624713889,-0.139988403,-0.638111515,-0.427655873
1587,3973330,38830,0.917,0.375,0.134,1.1,1.5,-1.7,-5.2,-37.4,3.2,0.624713889,-0.139927366,-0.638111515,-0.427686392
1588,3975579,38830,0.921,0.383,0.134,1,1.5,-1.6,-5.2,-37.4,3.2,0.624744407,-0.139866329,-0.638111515,-0.427686392
1589,3978207,38840,0.925,0.383,0.134,0.9,1.5,-1.5,-5.2,-37.4,3.2,0.624744407,-0.139805292,-0.638080996,-0.42771691
1590,3980119,38840,0.925,0.379,0.134,0.9,1.5,-1.4,-5.2,-37.4,3.2,0.624744407,-0.139774773,-0.638080996,-0.42771691
1591,3982198,38840,0.921,0.383,0.134,0.9,1.5,-1.4,-5.4,-37.2,3.2,0.624774926,-0.139713736,-0.638080996,-0.42771691
1592,3984823,38840,0.921,0.383,0.134,1,1.5,-1.3,-5.4,-37.2,3.2,0.624774926,-0.139683218,-0.638080996,-0.427747429
1593,3989262,38850,0.925,0.383,0.134,1,1.6,-1.3,-5.4,-37.2,3.2,0.624774926,-0.139622181,-0.638050478,-0.427747429
1594,3989653,38850,0.921,0.383,0.134,1.1,1.7,-1.1,-5.4,-37.2,3.2,0.624805445,-0.139561144,-0.638050478,-0.427747429
1595,3992316,38850,0.925,0.387,0.134,1.1,1.8,-1.2,-6.4,-37.4,3.1,0.624622333,-0.13943907,-0.638264107,-0.427747429
1596,3994968,38850,0.921,0.387,0.131,1.1,1.8,-1.2,-6.4,-37.4,3.1,0.624622333,-0.139408551,-0.638264107,-0.427747429
1597,3999126,38860,0.921,0.387,0.131,1.1,1.9,-1.3,-6.4,-37.4,3.1,0.624652852,-0.139347514,-0.638264107,-0.427747429
1598,3999551,38860,0.921,0.391,0.135,1.2,2,-1.4,-6.4,-37.4,3.1,0.62468337,-0.139286477,-0.638233589,-0.427777947
1599,4004749,38860,0.925,0.387,0.134,1.2,2.1,-1.4,-5.3,-37.4,2.8,0.62468337,-0.13922544,-0.638233589,-0.427777947
1600,4004749,38860,0.929,0.383,0.134,1.4,2.2,-1.3,-5.3,-37.4,2.8,0.624713889,-0.139164403,-0.63820307,-0.427777947
1601,4007696,38870,0.929,0.391,0.134,1.5,2.1,-1.2,-5.3,-37.4,2.8,0.624744407,-0.139103366,-0.63820307,-0.427777947
1602,4009929,38870,0.921,0.391,0.135,1.6,2.1,-1.2,-5.3,-37.4,2.8,0.624744407,-0.139042329,-0.63820307,-0.427777947
1603,4012376,38870,0.929,0.391,0.134,1.7,2.1,-1.2,-5.8,-37,3.4,0.624774926,-0.138981292,-0.638172552,-0.427777947
1604,4016239,38870,0.929,0.383,0.134,1.7,2.1,-1.2,-5.8,-37,3.4,0.624805445,-0.138889737,-0.638172552,-0.427777947
1605,4018643,38880,0.932,0.387,0.134,1.5,2.1,-1.1,-5.8,-37,3.4,0.624835963,-0.138889737,-0.638172552,-0.427777947
1606,4021094,38880,0.929,0.387,0.134,1.5,2.1,-1,-5.8,-37,3.4,0.624866482,-0.1388287,-0.638142033,-0.427777947
1607,4023602,38880,0.929,0.387,0.134,1.5,2.1,-1.1,-5.2,-37.1,3.2,0.624866482,-0.138767663,-0.638142033,-0.427777947
1608,4025889,38880,0.925,0.391,0.134,1.5,2.1,-1.1,-5.2,-37.1,3.2,0.624897,-0.138706626,-0.638111515,-0.427777947
1609,4028744,38890,0.932,0.391,0.134,1.4,2,-1.2,-5.2,-37.1,3.2,0.624927519,-0.138645589,-0.638111515,-0.427777947
1610,4030846,38890,0.929,0.383,0.134,1.4,2,-1.1,-5.2,-37.1,3.2,0.624958037,-0.138584552,-0.638111515,-0.427777947
1611,4033216,38890,0.932,0.39,0.138,1.2,2,-1.2,-5.4,-37,3.1,0.624958037,-0.138523515,-0.638080996,-0.427777947
1612,4035049,38890,0.932,0.387,0.134,1.2,2,-1.4,-5.4,-37,3.1,0.624988556,-0.138492996,-0.638080996,-0.427808466
1613,4037377,38900,0.929,0.387,0.134,1.2,2,-1.4,-5.4,-37,3.1,0.625019074,-0.138431959,-0.638080996,-0.427808466
1614,4041294,38900,0.929,0.387,0.134,1.2,1.8,-1.4,-5.4,-37,3.1,0.625019074,-0.138370922,-0.638050478,-0.427808466
1615,4043599,38900,0.929,0.387,0.134,1.2,1.7,-1.2,-6.3,-37.5,3,0.624866482,-0.138279366,-0.638233589,-0.427808466
1616,4045826,38900,0.929,0.387,0.134,1.2,1.7,-1.1,-6.3,-37.5,3,0.624897,-0.138218329,-0.638233589,-0.427808466
1617,4047438,38910,0.929,0.387,0.134,1.3,1.8,-1,-6.3,-37.5,3,0.624927519,-0.138157292,-0.63820307,-0.427808466
1618,4049584,38910,0.932,0.383,0.134,1.4,1.8,-1,-6.3,-37.5,3,0.624927519,-0.138126774,-0.63820307,-0.427808466
1619,4054445,38910,0.932,0.379,0.138,1.3,1.9,-0.9,-5.1,-37.3,3,0.624958037,-0.138065737,-0.63820307,-0.427808466
1620,4054922,38910,0.929,0.383,0.134,1.2,1.9,-0.9,-5.1,-37.3,3,0.624988556,-0.138035218,-0.638172552,-0.427808466
1621,4058089,38920,0.929,0.383,0.138,1.2,1.8,-0.9,-5.1,-37.3,3,0.624988556,-0.137974181,-0.638172552,-0.427808466
1622,4060072,38920,0.929,0.383,0.134,1.3,1.7,-0.8,-5.1,-37.3,3,0.625019074,-0.137913144,-0.638172552,-0.427808466
1623,4064130,38920,0.929,0.375,0.134,1.4,1.7,-0.9,-5.5,-37.6,2.9,0.625049593,-0.137882626,-0.638142033,-0.427808466
1624,4064526,38920,0.925,0.383,0.134,1.4,1.8,-0.8,-5.5,-37.6,2.9,0.625049593,-0.137821589,-0.638142033,-0.427808466
1625,4069218,38930,0.929,0.379,0.134,1.5,1.8,-0.7,-5.5,-37.6,2.9,0.625080111,-0.13779107,-0.638142033,-0.427808466
1626,4069546,38930,0.925,0.387,0.134,1.5,1.8,-0.5,-5.5,-37.6,2.9,0.62511063,-0.137730033,-0.638142033,-0.427777947
1627,4073771,38930,0.929,0.379,0.13,1.4,2,-0.5,-5.7,-36.9,3.1,0.625141148,-0.137699515,-0.638111515,-0.427777947
1628,4076135,38930,0.929,0.379,0.134,1.4,2,-0.4,-5.7,-36.9,3.1,0.625171667,-0.137638478,-0.638111515,-0.427777947
1629,4078233,38940,0.929,0.379,0.134,1.4,2.1,-0.5,-5.7,-36.9,3.1,0.625202185,-0.137607959,-0.638080996,-0.427777947
1630,4080482,38940,0.925,0.387,0.134,1.4,2.2,-0.6,-5.7,-36.9,3.1,0.625232704,-0.137546922,-0.638080996,-0.427777947
1631,4084283,38940,0.921,0.379,0.134,1.5,2.2,-0.7,-5.6,-37.2,3.3,0.625263222,-0.137485885,-0.638050478,-0.427747429
1632,4084624,38940,0.925,0.383,0.134,1.5,2,-0.6,-5.6,-37.2,3.3,0.625293741,-0.137455367,-0.638050478,-0.427747429
1633,4088852,38950,0.925,0.379,0.134,1.7,1.9,-0.4,-5.6,-37.2,3.3,0.625324259,-0.13739433,-0.638050478,-0.427747429
1634,4091013,38950,0.925,0.383,0.134,1.7,1.9,-0.2,-5.6,-37.2,3.3,0.625354778,-0.137333293,-0.638019959,-0.42771691
1635,4093225,38950,0.921,0.383,0.134,1.7,2,-0.1,-6,-37.7,3,0.625232704,-0.137302774,-0.63820307,-0.427655873
1636,4095625,38950,0.921,0.383,0.134,1.8,2.1,0,-6,-37.7,3,0.625263222,-0.137272256,-0.63820307,-0.427625355
1637,4097562,38960,0.921,0.387,0.131,2,2,0,-6,-37.7,3,0.625293741,-0.137211219,-0.638172552,-0.427594836
1638,4099677,38960,0.921,0.391,0.135,2.1,1.9,0.1,-6,-37.7,3,0.625324259,-0.1371807,-0.638172552,-0.427564318
1639,4102225,38960,0.925,0.391,0.134,2.2,1.8,0.3,-5.8,-37.6,3.2,0.625354778,-0.137119663,-0.638172552,-0.427533799
1640,4104573,38960,0.925,0.395,0.135,2.4,1.8,0.4,-5.8,-37.6,3.2,0.625415815,-0.137089145,-0.638172552,-0.427503281
1641,4108943,38970,0.925,0.391,0.134,2.5,1.9,0.3,-5.8,-37.6,3.2,0.625446333,-0.137028108,-0.638172552,-0.427472762
1642,4111203,38970,0.925,0.395,0.135,2.6,2,0.4,-5.8,-37.6,3.2,0.625476852,-0.136997589,-0.638172552,-0.427442244
1643,4113408,38970,0.921,0.395,0.135,2.8,2.1,0.6,-5.8,-37.2,3.1,0.625537889,-0.136936552,-0.638142033,-0.427411725
1644,4115666,38970,0.921,0.395,0.135,2.8,2.1,0.6,-5.8,-37.2,3.1,0.625537889,-0.136936552,-0.638142033,-0.427411725
1645,4117983,38980,0.921,0.395,0.135,2.8,2.1,0.6,-5.8,-37.2,3.1,0.625537889,-0.136936552,-0.638142033,-0.427411725
1646,4121556,38980,0.925,0.398,0.135,3.4,2.4,0.6,-5.8,-37.2,3.1,0.625659963,-0.136753441,-0.638142033,-0.427259133
1647,4123747,38980,0.921,0.395,0.135,3.4,2.4,0.5,-5.5,-37.6,3,0.625721,-0.136692404,-0.638142033,-0.427198096
1648,4126001,38980,0.925,0.395,0.138,3.5,2.6,0.6,-5.5,-37.6,3,0.625782037,-0.136631367,-0.638142033,-0.427167577
1649,4128353,38990,0.929,0.402,0.135,3.5,2.7,0.5,-5.5,-37.6,3,0.625812555,-0.13657033,-0.638142033,-0.42710654
1650,4130574,38990,0.925,0.395,0.135,3.5,2.9,0.4,-5.5,-37.6,3,0.625873592,-0.136509293,-0.638111515,-0.427076022
1651,4132507,38990,0.925,0.398,0.135,3.5,2.9,0.4,-5.9,-37.5,3.4,0.625934629,-0.136448256,-0.638111515,-0.427014985
1652,4136470,38990,0.929,0.395,0.134,3.5,2.9,0.5,-5.9,-37.5,3.4,0.625965148,-0.1363567,-0.638111515,-0.426953948
1653,4138702,39000,0.929,0.395,0.134,3.4,2.9,0.6,-5.9,-37.5,3.4,0.626056703,-0.136295663,-0.638080996,-0.426923429
1654,4140931,39000,0.925,0.398,0.135,3.2,2.9,0.7,-5.9,-37.5,3.4,0.62611774,-0.136234626,-0.638080996,-0.426862392
1655,4143138,39000,0.932,0.398,0.134,3,3,0.8,-6,-37.5,3.1,0.625965148,-0.136051515,-0.638294626,-0.426862392
1656,4145411,39000,0.932,0.398,0.134,3,3,0.8,-6,-37.5,3.1,0.626026185,-0.13595996,-0.638264107,-0.426801355
1657,4147423,39010,0.932,0.406,0.135,2.9,3.1,1,-6,-37.5,3.1,0.626087222,-0.135929441,-0.638264107,-0.426770837
1658,4151448,39010,0.936,0.402,0.134,2.8,3.1,1.4,-6,-37.5,3.1,0.626148259,-0.135898923,-0.638233589,-0.426709799
1659,4153727,39010,0.936,0.402,0.134,2.8,3,1.6,-6.2,-37.2,3.1,0.626209296,-0.135837886,-0.63820307,-0.426648762
1660,4155948,39010,0.936,0.402,0.134,2.7,3,1.6,-6.2,-37.2,3.1,0.626270333,-0.135807367,-0.63820307,-0.426618244
1661,4158499,39020,0.94,0.402,0.134,2.7,3,1.6,-6.2,-37.2,3.1,0.62633137,-0.135776849,-0.638172552,-0.426557207
1662,4160733,39020,0.936,0.402,0.134,2.6,3,1.5,-6.2,-37.2,3.1,0.626392407,-0.135715812,-0.638142033,-0.42649617
1663,4163006,39020,0.932,0.402,0.135,2.6,3,1.5,-6.2,-37.5,3,0.626453444,-0.135685293,-0.638111515,-0.426465651
1664,4164990,39020,0.936,0.398,0.134,2.4,3,1.7,-6.2,-37.5,3,0.626545,-0.135654775,-0.638111515,-0.426404614
1665,4167238,39030,0.932,0.402,0.135,2.3,2.9,1.9,-6.2,-37.5,3,0.626606037,-0.135593738,-0.638080996,-0.426374096
1666,4169880,39030,0.932,0.402,0.135,2.1,2.9,1.9,-6.2,-37.5,3,0.626667074,-0.135563219,-0.638050478,-0.426313059
1667,4172032,39030,0.932,0.394,0.134,1.9,2.9,1.8,-6.2,-36.9,3.3,0.626728111,-0.135563219,-0.638019959,-0.426252022
1668,4174594,39030,0.932,0.394,0.134,1.7,3,1.7,-6.2,-36.9,3.3,0.626789148,-0.135532701,-0.637989441,-0.426221503
1669,4177062,39040,0.932,0.39,0.138,1.7,3,1.6,-6.2,-36.9,3.3,0.626850185,-0.135502182,-0.637958922,-0.426190985
1670,4181314,39040,0.932,0.398,0.134,1.5,3.1,1.4,-6.2,-36.9,3.3,0.626911222,-0.135471664,-0.637928404,-0.426160466
1671,4183582,39040,0.929,0.395,0.134,1.4,3.2,1.3,-6.3,-37.5,3.3,0.626972259,-0.135441145,-0.637897885,-0.426129948
1672,4185844,39040,0.932,0.394,0.134,1.2,3.3,1.2,-6.3,-37.5,3.3,0.627033296,-0.135410627,-0.637867367,-0.426099429
1673,4187666,39050,0.929,0.395,0.134,1.1,3.3,1.1,-6.3,-37.5,3.3,0.627094333,-0.135380108,-0.637836848,-0.426068911
1674,4190048,39050,0.925,0.395,0.135,1.1,3.4,1.1,-6.3,-37.5,3.3,0.62715537,-0.13534959,-0.637775811,-0.426068911
1675,4192387,39050,0.925,0.391,0.131,1.1,3.6,1.2,-5.8,-37.3,3.1,0.627033296,-0.135227515,-0.637958922,-0.426038392
1676,4194723,39050,0.925,0.391,0.131,1.1,3.6,1.2,-5.8,-37.3,3.1,0.627094333,-0.135166478,-0.637897885,-0.426007874
1677,4197343,39060,0.932,0.387,0.134,1.1,3.6,1.1,-5.8,-37.3,3.1,0.62715537,-0.13513596,-0.637867367,-0.426007874
1678,4199937,39060,0.929,0.391,0.131,1.2,3.7,1.1,-5.8,-37.3,3.1,0.627216407,-0.135105441,-0.637836848,-0.425977355
1679,4204007,39060,0.929,0.395,0.134,1.2,3.8,1,-6,-37.4,3.3,0.627277444,-0.135074923,-0.637775811,-0.425946837
1680,4206187,39060,0.932,0.387,0.134,1.2,3.9,0.9,-6,-37.4,3.3,0.627368999,-0.135044404,-0.637745293,-0.425946837
1681,4208348,39070,0.929,0.391,0.134,1.1,3.9,1,-6,-37.4,3.3,0.627430036,-0.134983367,-0.637684256,-0.425916318
1682,4211768,39070,0.929,0.391,0.131,0.9,4.1,1.1,-6,-37.4,3.3,0.627491073,-0.134952849,-0.637623218,-0.425916318
1683,4212215,39070,0.925,0.395,0.131,0.7,4.1,1.5,-6,-37.4,3.2,0.627582629,-0.13492233,-0.6375927,-0.4258858
1684,4214784,39070,0.925,0.395,0.135,0.7,4.2,1.7,-6,-37.4,3.2,0.627643666,-0.134891812,-0.637531663,-0.425855281
1685,4219208,39080,0.925,0.391,0.131,0.8,4.2,1.7,-6,-37.4,3.2,0.627735221,-0.134891812,-0.637470626,-0.425855281
1686,4221588,39080,0.929,0.399,0.131,0.8,4.4,1.6,-6,-37.4,3.2,0.627796258,-0.134861293,-0.637409589,-0.425824763
1687,4223739,39080,0.925,0.395,0.131,0.7,4.4,1.6,-6.1,-37.2,3.4,0.627887814,-0.134830775,-0.637348552,-0.425794244
1688,4225952,39080,0.929,0.399,0.131,0.7,4.4,1.6,-6.1,-37.2,3.4,0.627979369,-0.134800256,-0.637287515,-0.425794244
1689,4228215,39090,0.929,0.399,0.131,0.7,4.6,1.6,-6.1,-37.2,3.4,0.628040407,-0.134769738,-0.637226478,-0.425763726
1690,4230567,39090,0.932,0.406,0.131,0.8,4.7,1.5,-6.1,-37.2,3.4,0.628131962,-0.134739219,-0.637165441,-0.425733207
1691,4234345,39090,0.932,0.402,0.135,0.9,4.9,1.4,-6.3,-37.2,3.1,0.628223518,-0.134678182,-0.637104404,-0.425733207
1692,4234741,39090,0.94,0.402,0.134,1,5,1.4,-6.3,-37.2,3.1,0.628315073,-0.134647664,-0.637043367,-0.425702689
1693,4237326,39100,0.94,0.402,0.134,1,5,1.4,-6.3,-37.2,3.1,0.628315073,-0.134647664,-0.637043367,-0.425702689
1694,4240267,39100,0.929,0.399,0.131,1,5.4,1.5,-6.3,-37.2,3.1,0.628498184,-0.134556108,-0.636921293,-0.42567217
1695,4243566,39100,0.929,0.395,0.134,0.9,5.7,1.4,-5.9,-37.5,3.2,0.628315073,-0.134372997,-0.637134922,-0.42567217
1696,4245751,39100,0.925,0.402,0.135,0.9,5.7,1.4,-5.9,-37.5,3.2,0.628406629,-0.134342479,-0.637043367,-0.425641652
1697,4248231,39110,0.925,0.395,0.135,0.9,5.7,1.2,-5.9,-37.5,3.2,0.628498184,-0.134281442,-0.63698233,-0.425641652
1698,4251743,39110,0.925,0.395,0.135,0.9,5.7,1,-5.9,-37.5,3.2,0.62858974,-0.134220405,-0.636921293,-0.425611133
1699,4252122,39110,0.921,0.395,0.135,0.9,5.6,1,-6.4,-36.8,3.1,0.628681295,-0.134189886,-0.636829737,-0.425611133
1700,4254680,39110,0.925,0.391,0.134,0.9,5.7,1,-6.4,-36.8,3.1,0.628772851,-0.134128849,-0.6367687,-0.425580615
1701,4257036,39120,0.921,0.387,0.135,0.8,5.7,1.1,-6.4,-36.8,3.1,0.628864406,-0.134067812,-0.636677145,-0.425580615
1702,4261323,39120,0.925,0.387,0.134,0.7,5.7,1.3,-6.4,-36.8,3.1,0.628955962,-0.134006775,-0.636616108,-0.425580615
1703,4263600,39120,0.917,0.383,0.135,0.5,5.8,1.4,-6.6,-37.1,3.3,0.629047517,-0.134006775,-0.636524552,-0.425550096
1704,4265916,39120,0.921,0.387,0.138,0.3,5.9,1.4,-6.6,-37.1,3.3,0.629139073,-0.133945738,-0.636463515,-0.425550096
1705,4268132,39130,0.921,0.383,0.134,0.3,6.1,1.3,-6.6,-37.1,3.3,0.629261147,-0.13391522,-0.63637196,-0.425550096
1706,4270067,39130,0.917,0.383,0.135,0.3,6.4,1.2,-6.6,-37.1,3.3,0.629352702,-0.133854183,-0.636280404,-0.425550096
1707,4272311,39130,0.921,0.379,0.134,0.3,6.5,1.3,-6.6,-37.3,3.6,0.629444258,-0.133823664,-0.636188849,-0.425550096
1708,4275636,39130,0.925,0.375,0.134,0.3,6.4,1.4,-6.6,-37.3,3.6,0.629566332,-0.133762627,-0.636097293,-0.425550096
1709,4278125,39140,0.925,0.379,0.138,0.3,6.3,1.4,-6.6,-37.3,3.6,0.629657888,-0.133732109,-0.636005737,-0.425550096
1710,4280445,39140,0.925,0.383,0.134,0.3,6.2,1.3,-6.6,-37.3,3.6,0.629749443,-0.133671072,-0.635914182,-0.425519578
1711,4282428,39140,0.925,0.383,0.134,0.3,6.2,1.1,-6.7,-37.2,3.6,0.629871517,-0.133640553,-0.635822626,-0.425519578
1712,4284641,39140,0.921,0.379,0.134,0.3,6.3,0.9,-6.7,-37.2,3.6,0.629963073,-0.133579516,-0.635761589,-0.425519578
1713,4287269,39150,0.921,0.383,0.134,0.3,6.5,0.8,-6.7,-37.2,3.6,0.630054628,-0.133518479,-0.635670034,-0.425519578
1714,4291201,39150,0.925,0.375,0.138,0.3,6.5,0.7,-6.7,-37.2,3.6,0.630146184,-0.13348796,-0.635578478,-0.425519578
1715,4293439,39150,0.925,0.375,0.134,0.1,6.5,0.5,-5.8,-37.1,3.1,0.630115665,-0.133426923,-0.635670034,-0.425458541
1716,4295154,39150,0.925,0.375,0.134,0.1,6.5,0.5,-5.8,-37.1,3.1,0.630207221,-0.133365886,-0.635578478,-0.425489059
1717,4297268,39160,0.925,0.375,0.134,0.1,6.5,0.4,-5.8,-37.1,3.1,0.630298776,-0.133335368,-0.635486923,-0.425489059
1718,4299540,39160,0.929,0.379,0.134,0,6.5,0.3,-5.8,-37.1,3.1,0.630390332,-0.133274331,-0.635395367,-0.425519578
1719,4302045,39160,0.929,0.379,0.134,0,6.5,0.2,-6.7,-36.7,3.7,0.630481887,-0.133213294,-0.635303812,-0.425519578
1720,4306444,39160,0.925,0.375,0.138,-0.3,6.4,0.2,-6.7,-36.7,3.7,0.630573443,-0.133152257,-0.635212256,-0.425550096
1721,4308472,39170,0.925,0.375,0.134,-0.6,6.2,0.2,-6.7,-36.7,3.7,0.630664998,-0.133121738,-0.635120701,-0.425580615
1722,4310656,39170,0.929,0.379,0.134,-0.8,6.2,0.3,-6.7,-36.7,3.7,0.630756554,-0.133030183,-0.635029145,-0.425580615
1723,4312629,39170,0.929,0.375,0.134,-0.9,6.1,0.3,-6.5,-37.1,3.2,0.630848109,-0.133030183,-0.63493759,-0.425611133
1724,4314840,39170,0.925,0.375,0.134,-0.9,6.1,0.3,-6.5,-37.1,3.2,0.630939665,-0.132999664,-0.634846034,-0.425641652
1725,4318827,39180,0.929,0.371,0.134,-0.9,6.2,0.3,-6.5,-37.1,3.2,0.631000702,-0.132938627,-0.634754479,-0.42567217
1726,4320929,39180,0.929,0.375,0.134,-1,6.1,0.2,-6.5,-37.1,3.2,0.631092257,-0.132908109,-0.634662923,-0.425702689
1727,4323206,39180,0.929,0.371,0.138,-1,6.1,0.3,-6.3,-37.3,3.7,0.631183813,-0.13287759,-0.634540849,-0.425733207
1728,4325629,39180,0.929,0.371,0.134,-1,6.1,0.4,-6.3,-37.3,3.7,0.631275369,-0.132847072,-0.634449293,-0.425763726
1729,4327534,39190,0.932,0.371,0.134,-1,6,0.6,-6.3,-37.3,3.7,0.631366924,-0.132816553,-0.634357738,-0.425763726
1730,4329772,39190,0.929,0.379,0.134,-0.9,5.9,0.8,-6.3,-37.3,3.7,0.631427961,-0.132786035,-0.634266182,-0.425794244
1731,4332316,39190,0.932,0.375,0.134,-0.8,5.8,0.8,-6.9,-37.2,3.9,0.631519517,-0.132755516,-0.634174627,-0.425824763
1732,4335938,39190,0.936,0.375,0.138,-0.7,5.8,0.9,-6.9,-37.2,3.9,0.631611072,-0.132724998,-0.634083071,-0.425824763
1733,4338326,39200,0.932,0.379,0.138,-0.6,5.8,0.9,-6.9,-37.2,3.9,0.631702628,-0.132694479,-0.633991516,-0.425824763
1734,4340689,39200,0.929,0.379,0.134,-0.4,5.8,1.1,-6.9,-37.2,3.9,0.631794183,-0.132663961,-0.63389996,-0.425855281
1735,4342538,39200,0.929,0.379,0.134,-0.1,5.9,1.2,-6,-37.4,3.2,0.631672109,-0.132724998,-0.634144108,-0.42567217
1736,4344732,39200,0.929,0.379,0.134,-0.1,5.9,1.2,-6,-37.4,3.2,0.631763665,-0.132663961,-0.634052553,-0.42567217
1737,4348896,39210,0.932,0.379,0.134,0.1,5.9,1.3,-6,-37.4,3.2,0.63185522,-0.132633442,-0.633960997,-0.42567217
1738,4351119,39210,0.936,0.383,0.134,0.4,5.8,1.2,-6,-37.4,3.2,0.631946776,-0.132602924,-0.63389996,-0.42567217
1739,4353948,39210,0.932,0.379,0.138,0.7,5.8,1.1,-7,-37.2,3.2,0.632038331,-0.132541887,-0.633777886,-0.425641652
1740,4356787,39210,0.936,0.379,0.134,0.9,5.9,0.9,-7,-37.2,3.2,0.632129887,-0.13248085,-0.633747368,-0.425641652
1741,4357160,39220,0.936,0.379,0.134,1,6,0.8,-7,-37.2,3.2,0.632221442,-0.132419813,-0.633655812,-0.425641652
1742,4361545,39220,0.936,0.375,0.142,1.1,6.2,0.6,-7,-37.2,3.2,0.632312998,-0.132358776,-0.633594775,-0.425611133
1743,4363570,39220,0.94,0.379,0.138,1.1,6.2,0.4,-6.9,-37.4,3.1,0.632435072,-0.132297739,-0.63350322,-0.425611133
1744,4366026,39220,0.94,0.371,0.142,1.1,6.3,0.2,-6.9,-37.4,3.1,0.632526627,-0.132236702,-0.633442183,-0.425611133
1745,4368195,39230,0.944,0.367,0.138,1,6.3,0,-6.9,-37.4,3.1,0.632618183,-0.132145146,-0.633350627,-0.425611133
1746,4370053,39230,0.94,0.367,0.138,1,6.3,0,-6.9,-37.4,3.1,0.632709738,-0.132053591,-0.63328959,-0.425611133
1747,4374341,39230,0.94,0.363,0.138,0.9,6.3,-0.1,-7.2,-37.5,3.1,0.632801294,-0.131992553,-0.633198035,-0.425641652
1748,4374776,39230,0.94,0.359,0.138,0.9,6.4,0,-7.2,-37.5,3.1,0.63289285,-0.131931516,-0.633106479,-0.425641652
1749,4378567,39240,0.94,0.355,0.146,0.8,6.4,0,-7.2,-37.5,3.1,0.632984405,-0.131839961,-0.633045442,-0.425641652
1750,4380964,39240,0.944,0.351,0.141,0.7,6.4,-0.1,-7.2,-37.5,3.1,0.633045442,-0.131778924,-0.632953887,-0.425641652
1751,4383106,39240,0.944,0.351,0.141,0.6,6.4,-0.4,-7.2,-37.3,3,0.633136998,-0.131717887,-0.632862331,-0.42567217
1752,4384747,39240,0.952,0.347,0.141,0.4,6.3,-0.5,-7.2,-37.3,3,0.633228553,-0.131626331,-0.632801294,-0.425702689
1753,4388499,39250,0.948,0.343,0.141,0.2,6.4,-0.4,-7.2,-37.3,3,0.633320109,-0.131565294,-0.632709738,-0.425702689
1754,4390741,39250,0.948,0.343,0.137,0.1,6.4,-0.3,-7.2,-37.3,3,0.633411664,-0.131504257,-0.632618183,-0.425733207
1755,4392530,39250,0.944,0.343,0.145,0,6.5,0,-5.8,-37.7,3.1,0.633442183,-0.131931516,-0.632770775,-0.42527543
1756,4394787,39250,0.944,0.339,0.141,0,6.5,0,-5.8,-37.7,3.1,0.633533738,-0.131870479,-0.63267922,-0.425305948
1757,4397151,39260,0.936,0.343,0.145,-0.1,6.3,0.1,-5.8,-37.7,3.1,0.633625294,-0.131809442,-0.632587664,-0.425305948
1758,4399686,39260,0.94,0.339,0.141,-0.3,6.2,0,-5.8,-37.7,3.1,0.633716849,-0.131778924,-0.632496109,-0.425336467
1759,4404164,39260,0.936,0.339,0.149,-0.4,6,0.1,-6.9,-37.3,3,0.633777886,-0.131717887,-0.632404553,-0.425366985
1760,4406381,39260,0.932,0.343,0.142,-0.4,5.9,0.1,-6.9,-37.3,3,0.63389996,-0.131687368,-0.632343516,-0.425397504
1761,4409024,39270,0.932,0.339,0.145,-0.3,5.9,0.3,-6.9,-37.3,3,0.633960997,-0.131626331,-0.632251961,-0.425397504
1762,4411235,39270,0.929,0.347,0.146,-0.1,5.9,0.7,-6.9,-37.3,3,0.634052553,-0.131595813,-0.632160405,-0.425397504
1763,4413502,39270,0.929,0.347,0.15,0,5.8,1,-7.1,-37.7,3.2,0.634144108,-0.131534776,-0.63206885,-0.425397504
1764,4415682,39270,0.925,0.347,0.15,0.1,5.7,1.4,-7.1,-37.7,3.2,0.634235664,-0.131504257,-0.631977294,-0.425397504
1765,4418107,39280,0.921,0.351,0.158,0.1,5.5,1.9,-7.1,-37.7,3.2,0.634327219,-0.131473739,-0.631916257,-0.425397504
1766,4419985,39280,0.917,0.351,0.162,0.5,5.1,2.3,-7.1,-37.7,3.2,0.634418775,-0.131473739,-0.631824702,-0.425366985
1767,4422253,39280,0.913,0.359,0.17,0.9,4.7,2.7,-7.6,-36.8,3.3,0.634510331,-0.13144322,-0.631763665,-0.425336467
1768,4426214,39280,0.913,0.355,0.17,1.5,4.2,2.9,-7.6,-36.8,3.3,0.634601886,-0.131412702,-0.631733146,-0.42527543
1769,4428196,39290,0.913,0.363,0.177,2.1,3.6,3.3,-7.6,-36.8,3.3,0.634693442,-0.131412702,-0.631672109,-0.425214393
1770,4430646,39290,0.917,0.363,0.177,3.1,2.8,3.8,-7.6,-36.8,3.3,0.634784997,-0.131382183,-0.631672109,-0.425122837
1771,4432575,39290,0.905,0.374,0.193,4.1,1.8,4.2,-7.5,-37.6,3.2,0.634876553,-0.131382183,-0.631672109,-0.425000763
1772,4435883,39290,0.901,0.367,0.193,5.3,0.9,4.8,-7.5,-37.6,3.2,0.63493759,-0.131351665,-0.631672109,-0.424878689
1773,4439546,39300,0.917,0.378,0.201,6.5,0,5.3,-7.5,-37.6,3.2,0.634998627,-0.131351665,-0.631733146,-0.424695578
1774,4439944,39300,0.913,0.37,0.205,7.6,-1,5.7,-7.5,-37.6,3.2,0.635059664,-0.131321146,-0.631794183,-0.424512467
1775,4442275,39300,0.916,0.374,0.217,8.7,-2.8,6.4,-5.7,-37.4,3,0.635242775,-0.131260109,-0.631733146,-0.424420911
1776,4444897,39300,0.913,0.374,0.213,8.7,-2.8,6.4,-5.7,-37.4,3,0.635273293,-0.131260109,-0.631824702,-0.424207282
1777,4447502,39310,0.909,0.366,0.221,8.5,-2.9,6.6,-5.7,-37.4,3,0.635303812,-0.131260109,-0.631916257,-0.423963134
1778,4449765,39310,0.913,0.37,0.217,8.2,-2.7,6.5,-5.7,-37.4,3,0.635364849,-0.131260109,-0.632038331,-0.423749504
1779,4452033,39310,0.917,0.366,0.213,7.7,-2.1,6.3,-7.5,-37,3.7,0.635425886,-0.131260109,-0.632099368,-0.423566393
1780,4454578,39310,0.92,0.362,0.213,7.1,-1.5,6.1,-7.5,-37,3.7,0.635486923,-0.131260109,-0.632190924,-0.423383282
1781,4459145,39320,0.92,0.362,0.209,6.6,-1.1,5.8,-7.5,-37,3.7,0.635517441,-0.131260109,-0.632251961,-0.423200171
1782,4461358,39320,0.928,0.362,0.201,6.2,-0.8,5.6,-7.5,-37,3.7,0.635578478,-0.131260109,-0.632282479,-0.42301706
1783,4463572,39320,0.928,0.358,0.197,6,-0.6,5.3,-7.7,-36.9,3.5,0.635639515,-0.131260109,-0.632343516,-0.422864467
1784,4465814,39320,0.932,0.362,0.185,6.1,-0.5,5.4,-7.7,-36.9,3.5,0.635700552,-0.131229591,-0.632374035,-0.422711875
1785,4469516,39330,0.932,0.355,0.181,6.4,-0.5,5.7,-7.7,-36.9,3.5,0.635761589,-0.131229591,-0.632435072,-0.422528764
1786,4469852,39330,0.932,0.362,0.185,6.8,-0.7,6.1,-7.7,-36.9,3.5,0.635822626,-0.131229591,-0.632496109,-0.422345653
1787,4474096,39330,0.936,0.359,0.173,7.3,-0.7,6.4,-7.8,-37.1,3.8,0.635914182,-0.131229591,-0.632557146,-0.422162542
1788,4476214,39330,0.936,0.366,0.169,7.8,-0.7,6.7,-7.8,-37.1,3.8,0.635975219,-0.131229591,-0.632618183,-0.421948912
1789,4478392,39340,0.932,0.37,0.165,8.3,-0.8,6.9,-7.8,-37.1,3.8,0.636066774,-0.131199072,-0.63267922,-0.421735282
1790,4480333,39340,0.932,0.37,0.165,8.7,-0.8,7.1,-7.8,-37.1,3.8,0.636127812,-0.131199072,-0.632770775,-0.421521653
1791,4483565,39340,0.925,0.382,0.166,9.1,-0.9,7.4,-8.1,-37.1,3.8,0.636219367,-0.131168554,-0.632831812,-0.421277505
1792,4486459,39340,0.925,0.382,0.162,9.4,-0.9,7.6,-8.1,-37.1,3.8,0.636310923,-0.131168554,-0.632923368,-0.421063875
1793,4488806,39350,0.928,0.386,0.166,9.5,-1.1,7.6,-8.1,-37.1,3.8,0.63637196,-0.131138035,-0.632984405,-0.420819727
1794,4491072,39350,0.924,0.386,0.174,9.4,-1.3,7.5,-8.1,-37.1,3.8,0.636463515,-0.131138035,-0.633075961,-0.420575579
1795,4493349,39350,0.921,0.378,0.177,9.2,-1.5,7.3,-5.8,-37.4,3.4,0.636463515,-0.131015961,-0.633198035,-0.420392468
1796,4496219,39350,0.921,0.378,0.177,9.2,-1.5,7.3,-5.8,-37.4,3.4,0.636524552,-0.130985443,-0.63328959,-0.420178838
1797,4498466,39360,0.921,0.37,0.181,9.2,-1.5,7,-5.8,-37.4,3.4,0.636616108,-0.130985443,-0.633381146,-0.41993469
1798,4500721,39360,0.917,0.37,0.181,9.1,-1.5,6.5,-5.8,-37.4,3.4,0.636677145,-0.130954924,-0.633472701,-0.419721061
1799,4503625,39360,0.917,0.37,0.185,9,-1.2,6.1,-7.4,-37.3,3.1,0.636738182,-0.130924406,-0.633564257,-0.419507431
1800,4505618,39360,0.905,0.363,0.185,8.8,-0.7,5.8,-7.4,-37.3,3.1,0.636799219,-0.130893887,-0.633625294,-0.419293802
1801,4508439,39370,0.909,0.359,0.185,8.6,-0.1,5.6,-7.4,-37.3,3.1,0.636890774,-0.130863369,-0.633686331,-0.419110691
1802,4510704,39370,0.905,0.359,0.181,8.5,0.4,5.1,-7.4,-37.3,3.1,0.636951811,-0.130802332,-0.633747368,-0.41892758
1803,4512660,39370,0.897,0.359,0.178,8.5,0.7,4.7,-7.6,-36.7,3.6,0.637043367,-0.130741295,-0.633777886,-0.418744469
1804,4516037,39370,0.893,0.355,0.182,8.6,0.9,4.3,-7.6,-36.7,3.6,0.637104404,-0.130680258,-0.633869442,-0.418561357
1805,4518178,39380,0.885,0.351,0.182,8.8,1,4,-7.6,-36.7,3.6,0.637195959,-0.130588702,-0.63389996,-0.418378246
1806,4520206,39380,0.882,0.347,0.186,9,1,3.7,-7.6,-36.7,3.6,0.637256996,-0.130497147,-0.633960997,-0.418195135
1807,4523513,39380,0.882,0.343,0.186,9.3,1.2,3.5,-7.5,-37.1,3.6,0.637348552,-0.130405591,-0.634022034,-0.418042543
1808,4525822,39380,0.878,0.332,0.185,9.4,1.4,3.4,-7.5,-37.1,3.6,0.637409589,-0.130314035,-0.634083071,-0.417859432
1809,4527640,39390,0.874,0.332,0.189,9.5,1.7,3.4,-7.5,-37.1,3.6,0.637501144,-0.13022248,-0.634144108,-0.417676321
1810,4531042,39390,0.87,0.332,0.186,9.5,2,3.3,-7.5,-37.1,3.6,0.6375927,-0.130100406,-0.634174627,-0.41749321
1811,4533987,39390,0.87,0.332,0.193,9.6,2.2,3.2,-7.6,-36.6,3.8,0.637684256,-0.13000885,-0.634235664,-0.417340617
1812,4536217,39390,0.866,0.332,0.186,9.8,2.5,3.1,-7.6,-36.6,3.8,0.637775811,-0.129886776,-0.634266182,-0.417157506
1813,4538450,39400,0.866,0.336,0.19,10.2,2.5,3,-7.6,-36.6,3.8,0.637867367,-0.129764702,-0.634327219,-0.416974395
1814,4540729,39400,0.862,0.328,0.182,10.6,2.4,3,-7.6,-36.6,3.8,0.637958922,-0.129642628,-0.634388256,-0.416791284
1815,4542584,39400,0.858,0.336,0.186,11.4,2.3,3,-6.3,-37.8,3.6,0.638111515,-0.129520554,-0.634357738,-0.416608173
1816,4546706,39400,0.862,0.34,0.186,11.4,2.3,3,-6.3,-37.8,3.6,0.63820307,-0.129367962,-0.634418775,-0.416425062
1817,4547104,39410,0.858,0.344,0.178,11.8,2.3,3.1,-6.3,-37.8,3.6,0.638294626,-0.129245888,-0.634479812,-0.416211432
1818,4549808,39410,0.862,0.348,0.174,12.1,2.5,3.3,-6.3,-37.8,3.6,0.638386181,-0.129093295,-0.634571368,-0.416028321
1819,4552432,39410,0.866,0.355,0.182,12.3,2.7,3.6,-7.5,-36.7,3.7,0.638508255,-0.128940703,-0.634632405,-0.415814692
1820,4554629,39410,0.866,0.359,0.174,12.4,2.9,3.8,-7.5,-36.7,3.7,0.638599811,-0.12878811,-0.634693442,-0.415570544
1821,4557256,39420,0.87,0.359,0.166,12.5,3.1,3.9,-7.5,-36.7,3.7,0.638721885,-0.128635517,-0.634754479,-0.415356914
1822,4559911,39420,0.874,0.363,0.174,12.7,3.1,4,-7.5,-36.7,3.7,0.638843959,-0.128513443,-0.634784997,-0.415143284
1823,4562126,39420,0.878,0.375,0.17,12.7,3.1,4.1,-7.5,-36.7,3.6,0.638966033,-0.128360851,-0.634846034,-0.414899136
1824,4564691,39420,0.885,0.371,0.166,12.8,3.1,4.2,-7.5,-36.7,3.6,0.639088107,-0.128208258,-0.634907071,-0.414685507
1825,4569231,39430,0.882,0.375,0.17,13,3.1,4.3,-7.5,-36.7,3.6,0.639210181,-0.128055666,-0.634968108,-0.414441359
1826,4569578,39430,0.885,0.379,0.17,13.1,3.1,4.3,-7.5,-36.7,3.6,0.639332255,-0.127903073,-0.635059664,-0.414227729
1827,4572181,39430,0.885,0.383,0.166,13.2,2.9,4.1,-7.4,-36.8,3.9,0.639423811,-0.127750481,-0.635120701,-0.413983581
1828,4576594,39430,0.885,0.379,0.17,13.2,2.8,3.9,-7.4,-36.8,3.9,0.639545885,-0.127597888,-0.635181738,-0.413739433
1829,4578846,39440,0.889,0.383,0.17,13.3,2.8,3.8,-7.4,-36.8,3.9,0.639667959,-0.127445296,-0.635242775,-0.413525803
1830,4581377,39440,0.893,0.383,0.166,13.3,2.6,3.7,-7.4,-36.8,3.9,0.639759514,-0.127262185,-0.63533433,-0.413281655
1831,4583383,39440,0.897,0.387,0.166,13.5,2.4,3.6,-7.5,-36.7,3.8,0.639881588,-0.127109592,-0.635395367,-0.413068026
1832,4585634,39440,0.897,0.387,0.17,13.7,2.2,3.5,-7.5,-36.7,3.8,0.639973144,-0.126956999,-0.635486923,-0.412823878
1833,4587929,39450,0.901,0.383,0.158,13.9,2.2,3.2,-7.5,-36.7,3.8,0.640064699,-0.126773888,-0.635578478,-0.41257973
1834,4589944,39450,0.901,0.383,0.166,14.1,2.2,3,-7.5,-36.7,3.8,0.640156255,-0.126590777,-0.635670034,-0.4123661
1835,4592166,39450,0.901,0.387,0.162,14.1,2.3,2.7,-6.1,-37.6,4.1,0.640217292,-0.126316111,-0.635761589,-0.412213507
1836,4596851,39450,0.901,0.387,0.162,14.1,2.3,2.7,-6.1,-37.6,4.1,0.640308847,-0.126133,-0.635853145,-0.411969359
1837,4597134,39460,0.909,0.379,0.158,14.1,2.4,2.3,-6.1,-37.6,4.1,0.640400403,-0.125949889,-0.6359447,-0.41175573
1838,4600526,39460,0.913,0.386,0.166,14,2.4,2.1,-6.1,-37.6,4.1,0.640491958,-0.125766778,-0.636036256,-0.4115421
1839,4602677,39460,0.917,0.379,0.158,13.9,2.5,2,-7.7,-36.7,4.5,0.640583514,-0.125583666,-0.636097293,-0.411328471
1840,4604980,39460,0.921,0.379,0.158,13.6,2.5,2.1,-7.7,-36.7,4.5,0.640675069,-0.125400555,-0.636188849,-0.411114841
1841,4607239,39470,0.925,0.382,0.162,13.3,2.5,2.3,-7.7,-36.7,4.5,0.640766625,-0.125217444,-0.636280404,-0.410901212
1842,4611833,39470,0.925,0.383,0.154,13,2.5,2.5,-7.7,-36.7,4.5,0.64085818,-0.125034333,-0.636341441,-0.410687582
1843,4612107,39470,0.925,0.379,0.154,12.7,2.5,2.5,-8.2,-36.4,4.2,0.640949736,-0.124881741,-0.636402478,-0.410473952
1844,4616379,39470,0.925,0.379,0.154,12.2,2.3,2.6,-8.2,-36.4,4.2,0.641041292,-0.124729148,-0.636494034,-0.410290841
1845,4618561,39480,0.932,0.375,0.158,11.8,2.3,2.5,-8.2,-36.4,4.2,0.641132847,-0.124576556,-0.636555071,-0.410077212
1846,4620898,39480,0.928,0.371,0.154,11.3,2.3,2.4,-8.2,-36.4,4.2,0.641224403,-0.124423963,-0.636616108,-0.409894101
1847,4623115,39480,0.932,0.371,0.154,10.8,2.2,2.4,-7.9,-36.6,4.4,0.641315958,-0.124301889,-0.636677145,-0.40971099
1848,4625153,39480,0.928,0.367,0.154,10.4,2.2,2.3,-7.9,-36.6,4.4,0.641376995,-0.124118778,-0.636738182,-0.409558397
1849,4627416,39490,0.932,0.367,0.146,10.1,1.9,2.3,-7.9,-36.6,4.4,0.641468551,-0.124027223,-0.636799219,-0.409375286
1850,4629637,39490,0.929,0.367,0.15,9.7,1.8,2.2,-7.9,-36.6,4.4,0.641529588,-0.123905148,-0.636829737,-0.409222694
1851,4632151,39490,0.929,0.363,0.146,9.3,1.6,2.1,-7.6,-36.5,4.1,0.641590625,-0.123783074,-0.636890774,-0.409070101
1852,4636637,39490,0.932,0.359,0.142,8.9,1.5,2,-7.6,-36.5,4.1,0.641651662,-0.123691519,-0.636951811,-0.408917508
1853,4639179,39500,0.929,0.363,0.142,8.4,1.4,1.8,-7.6,-36.5,4.1,0.641712699,-0.123569445,-0.63698233,-0.408764916
1854,4640290,39500,0.929,0.363,0.138,8,1.4,1.8,-7.6,-36.5,4.1,0.641773736,-0.123477889,-0.637043367,-0.408642842
1855,4644202,39500,0.932,0.355,0.134,7.4,1.2,1.9,-6.5,-37.7,4.2,0.641743217,-0.123447371,-0.637226478,-0.408429212
1856,4646532,39500,0.932,0.355,0.134,7.4,1.2,1.9,-6.5,-37.7,4.2,0.641804254,-0.123355815,-0.637256996,-0.408307138
1857,4648789,39510,0.929,0.355,0.138,7.2,1.1,1.9,-6.5,-37.7,4.2,0.641865291,-0.12326426,-0.637318033,-0.408185064
1858,4651048,39510,0.932,0.363,0.138,7.1,1,1.9,-6.5,-37.7,4.2,0.64189581,-0.123203223,-0.637348552,-0.40806299
1859,4653305,39510,0.932,0.359,0.134,7.1,0.9,2.1,-8.2,-36.3,4.9,0.641956847,-0.123111667,-0.63737907,-0.407940916
1860,4655589,39510,0.936,0.359,0.134,7.3,0.8,2.2,-8.2,-36.3,4.9,0.642017884,-0.123020112,-0.637440107,-0.407788324
1861,4657477,39520,0.932,0.363,0.138,7.6,0.8,2.2,-8.2,-36.3,4.9,0.642078921,-0.122959075,-0.637501144,-0.40766625
1862,4659692,39520,0.932,0.367,0.134,7.7,0.8,2.2,-8.2,-36.3,4.9,0.642109439,-0.122867519,-0.637531663,-0.407513657
1863,4662311,39520,0.932,0.371,0.138,8,1,2.1,-7.3,-36.1,4.7,0.642170476,-0.122775964,-0.6375927,-0.407391583
1864,4666814,39520,0.932,0.371,0.134,8.4,1,2.1,-7.3,-36.1,4.7,0.642231513,-0.12265389,-0.637653737,-0.40723899
1865,4667222,39530,0.929,0.371,0.138,8.7,1.1,2,-7.3,-36.1,4.7,0.64229255,-0.122562334,-0.637684256,-0.407086398
1866,4669878,39530,0.932,0.375,0.134,9,0.9,2,-7.3,-36.1,4.7,0.642353587,-0.122470779,-0.637775811,-0.406933805
1867,4673002,39530,0.932,0.375,0.138,9.3,0.9,2,-7.2,-36.1,4.7,0.642384106,-0.122348704,-0.637836848,-0.406781213
1868,4674910,39530,0.932,0.379,0.138,9.8,1,1.9,-7.2,-36.1,4.7,0.642445143,-0.12222663,-0.637897885,-0.40662862
1869,4679159,39540,0.932,0.387,0.142,10.2,1.1,2,-7.2,-36.1,4.7,0.64250618,-0.122104556,-0.637958922,-0.406445509
1870,4679629,39540,0.936,0.383,0.142,10.6,1.2,1.9,-7.2,-36.1,4.7,0.642567217,-0.121982482,-0.638050478,-0.406292917
1871,4682043,39540,0.932,0.386,0.146,10.9,1.3,1.9,-7.2,-36.1,5,0.642658773,-0.12182989,-0.638111515,-0.406109806
1872,4686473,39540,0.936,0.394,0.142,11.3,1.5,1.8,-7.2,-36.1,5,0.64271981,-0.121677297,-0.638172552,-0.405926695
1873,4688662,39550,0.936,0.386,0.146,11.7,1.7,1.7,-7.2,-36.1,5,0.642780847,-0.121524705,-0.638264107,-0.405743583
1874,4690921,39550,0.932,0.39,0.146,12,1.9,1.7,-7.2,-36.1,5,0.642872402,-0.121372112,-0.638325144,-0.405560472
1875,4693304,39550,0.936,0.39,0.146,12.4,2,1.7,-6.5,-37.7,4.3,0.642750328,-0.121066927,-0.638569292,-0.40540788
1876,4696116,39550,0.936,0.39,0.146,12.4,2,1.7,-6.5,-37.7,4.3,0.642841884,-0.120883816,-0.638660848,-0.405224769
1877,4698403,39560,0.936,0.386,0.15,12.7,2.1,1.6,-6.5,-37.7,4.3,0.642933439,-0.120700705,-0.638721885,-0.405041658
1878,4700693,39560,0.936,0.386,0.146,12.8,2.2,1.3,-6.5,-37.7,4.3,0.642994476,-0.120548112,-0.63881344,-0.404828028
1879,4702346,39560,0.94,0.378,0.154,13,2.3,1.1,-6.8,-35.8,4.5,0.643086032,-0.120334483,-0.638874477,-0.404644917
1880,4704745,39560,0.94,0.378,0.15,13,2.3,0.8,-6.8,-35.8,4.5,0.643147069,-0.120151372,-0.638966033,-0.404461806
1881,4708761,39570,0.94,0.378,0.15,12.9,2.4,0.8,-6.8,-35.8,4.5,0.643208106,-0.119968261,-0.639057588,-0.404278695
1882,4710884,39570,0.944,0.378,0.15,12.7,2.4,0.7,-6.8,-35.8,4.5,0.643299661,-0.11978515,-0.639118625,-0.404095584
1883,4713240,39570,0.944,0.375,0.146,12.4,2.5,0.7,-7.2,-36,4.5,0.643360698,-0.11957152,-0.639179662,-0.403912473
1884,4715593,39570,0.944,0.375,0.146,12,2.6,0.7,-7.2,-36,4.5,0.643452254,-0.119418928,-0.639271218,-0.40375988
1885,4717565,39580,0.948,0.374,0.146,11.6,2.6,0.7,-7.2,-36,4.5,0.643513291,-0.119235817,-0.639332255,-0.403576769
1886,4720847,39580,0.944,0.367,0.146,11.3,2.6,0.6,-7.2,-36,4.5,0.643604846,-0.119052705,-0.639393292,-0.403424177
1887,4723179,39580,0.936,0.363,0.142,11,2.6,0.6,-6.9,-36,4.5,0.643665883,-0.118869594,-0.639454329,-0.403271584
1888,4724895,39580,0.94,0.367,0.15,10.7,2.5,0.4,-6.9,-36,4.5,0.64372692,-0.118717002,-0.639515366,-0.403118992
1889,4727247,39590,0.944,0.363,0.149,10.4,2.3,0.6,-6.9,-36,4.5,0.643787957,-0.118564409,-0.639545885,-0.402966399
1890,4732060,39590,0.936,0.363,0.146,10.2,2.1,0.7,-6.9,-36,4.5,0.643848994,-0.118411817,-0.639606922,-0.402813807
1891,4732060,39590,0.94,0.363,0.146,10.1,1.9,0.9,-7,-35.7,4.6,0.643910031,-0.118259224,-0.639667959,-0.402661214
1892,4734721,39590,0.932,0.359,0.146,9.8,1.8,0.9,-7,-35.7,4.6,0.643971068,-0.118106632,-0.639728996,-0.402508621
1893,4739561,39600,0.929,0.363,0.146,9.5,1.7,0.9,-7,-35.7,4.6,0.644032105,-0.117984558,-0.639790033,-0.402386547
1894,4739561,39600,0.929,0.363,0.15,9.3,1.8,0.9,-7,-35.7,4.6,0.644093142,-0.117862484,-0.63985107,-0.402233955
1895,4744063,39600,0.925,0.363,0.146,8.7,1.8,1.1,-6.8,-37.2,4.7,0.644093142,-0.117770928,-0.639973144,-0.402020325
1896,4746415,39600,0.925,0.363,0.146,8.7,1.8,1.1,-6.8,-37.2,4.7,0.64415418,-0.117679373,-0.640034181,-0.401898251
1897,4748619,39610,0.917,0.367,0.146,8.4,1.8,1,-6.8,-37.2,4.7,0.644215217,-0.117557299,-0.640064699,-0.401776177
1898,4750714,39610,0.917,0.371,0.146,8.2,1.6,1,-6.8,-37.2,4.7,0.644276254,-0.117435224,-0.640125736,-0.401654103
1899,4753068,39610,0.913,0.371,0.15,8,1.6,1.1,-7.3,-36.3,4.4,0.644337291,-0.117282632,-0.640156255,-0.401501511
1900,4754972,39610,0.909,0.371,0.146,8,1.5,1.3,-7.3,-36.3,4.4,0.644367809,-0.117221595,-0.640217292,-0.401379437
1901,4757066,39620,0.901,0.375,0.15,8.1,1.4,1.7,-7.3,-36.3,4.4,0.644428846,-0.117099521,-0.64024781,-0.401257363
1902,4759582,39620,0.905,0.375,0.146,8.4,1.4,1.8,-7.3,-36.3,4.4,0.644489883,-0.117007965,-0.640308847,-0.40110477
1903,4763989,39620,0.901,0.375,0.15,8.5,1.3,1.9,-7.1,-36.5,4.7,0.64455092,-0.116885891,-0.640339366,-0.400982696
1904,4766238,39620,0.897,0.383,0.151,8.6,1.3,1.7,-7.1,-36.5,4.7,0.644611957,-0.116794336,-0.640400403,-0.400830103
1905,4768359,39630,0.897,0.387,0.155,8.8,1.2,1.6,-7.1,-36.5,4.7,0.644672994,-0.116672262,-0.64046144,-0.400677511
1906,4770648,39630,0.893,0.387,0.151,9,1.1,1.7,-7.1,-36.5,4.7,0.644734031,-0.116580706,-0.640522477,-0.400524918
1907,4772695,39630,0.889,0.387,0.151,9.3,1.1,1.9,-7,-36.5,4.8,0.64476455,-0.116458632,-0.640583514,-0.400372326
1908,4775950,39630,0.889,0.391,0.155,9.7,1.3,2,-7,-36.5,4.8,0.644825587,-0.11630604,-0.640644551,-0.400219733
1909,4778028,39640,0.893,0.395,0.147,10.1,1.3,2,-7,-36.5,4.8,0.644886624,-0.116214484,-0.640705588,-0.400036622
1910,4780463,39640,0.893,0.391,0.155,10.5,1.3,1.9,-7,-36.5,4.8,0.644947661,-0.116061892,-0.640766625,-0.39988403
1911,4782280,39640,0.893,0.399,0.155,10.8,1.1,1.8,-6.9,-36.2,5.3,0.645008698,-0.115939817,-0.64085818,-0.399700919
1912,4786388,39640,0.897,0.399,0.155,11,1.1,1.8,-6.9,-36.2,5.3,0.645069735,-0.115787225,-0.640919218,-0.399517808
1913,4788597,39650,0.893,0.395,0.159,10.9,1.2,1.7,-6.9,-36.2,5.3,0.645130772,-0.115665151,-0.641010773,-0.399365215
1914,4790825,39650,0.897,0.391,0.155,10.8,1.6,1.5,-6.9,-36.2,5.3,0.645191809,-0.115512558,-0.64107181,-0.399182104
1915,4793151,39650,0.901,0.391,0.154,10.5,2.3,0.5,-7.2,-37.1,5.1,0.64516129,-0.115115818,-0.641163366,-0.399212622
1916,4796984,39650,0.901,0.387,0.154,10.5,2.3,0.5,-7.2,-37.1,5.1,0.645222327,-0.114932707,-0.641224403,-0.39906003
1917,4797402,39660,0.905,0.379,0.154,10.4,2.4,0.1,-7.2,-37.1,5.1,0.645283364,-0.114780114,-0.64128544,-0.398907437
1918,4799541,39660,0.909,0.383,0.158,10.4,2.6,-0.1,-7.2,-37.1,5.1,0.645344401,-0.114597003,-0.641315958,-0.398785363
1919,4802129,39660,0.913,0.379,0.158,10.3,2.6,-0.2,-6.8,-36.3,4.7,0.645405438,-0.114444411,-0.641376995,-0.398663289
1920,4804544,39660,0.913,0.375,0.154,10.3,2.7,-0.4,-6.8,-36.3,4.7,0.645466475,-0.114261299,-0.641438032,-0.398510697
1921,4808963,39670,0.917,0.371,0.158,10.3,2.7,-0.6,-6.8,-36.3,4.7,0.645496994,-0.114078188,-0.641468551,-0.398388623
1922,4811158,39670,0.917,0.363,0.158,10.2,2.6,-0.8,-6.8,-36.3,4.7,0.645588549,-0.113864559,-0.641529588,-0.398266549
1923,4813332,39670,0.925,0.363,0.154,9.9,2.6,-0.9,-7.4,-36.2,4.9,0.645649586,-0.113711966,-0.641590625,-0.398144475
1924,4815634,39670,0.925,0.359,0.154,9.7,2.5,-0.9,-7.4,-36.2,4.9,0.645680105,-0.113559374,-0.641651662,-0.398022401
1925,4817609,39680,0.925,0.363,0.154,9.6,2.4,-0.9,-7.4,-36.2,4.9,0.645741142,-0.113376263,-0.64168218,-0.397930845
1926,4821578,39680,0.929,0.355,0.154,9.5,2.2,-0.6,-7.4,-36.2,4.9,0.645802179,-0.11322367,-0.641743217,-0.397808771
1927,4823463,39680,0.925,0.355,0.158,9.3,2,-0.4,-7.2,-36.4,5.2,0.645832698,-0.113071078,-0.641804254,-0.397686697
1928,4825773,39680,0.929,0.351,0.154,9.1,1.8,-0.4,-7.2,-36.4,5.2,0.645893735,-0.112887967,-0.641865291,-0.397564623
1929,4827442,39690,0.929,0.355,0.146,9,1.8,-0.4,-7.2,-36.4,5.2,0.645924253,-0.112765893,-0.64189581,-0.397442549
1930,4831841,39690,0.932,0.351,0.15,8.8,1.6,-0.4,-7.2,-36.4,5.2,0.645954772,-0.1126133,-0.641956847,-0.397320475
1931,4832262,39690,0.932,0.347,0.149,8.7,1.5,-0.4,-7.2,-36.1,4.8,0.646015809,-0.112460707,-0.642017884,-0.397228919
1932,4836098,39690,0.936,0.355,0.153,8.5,1.4,-0.3,-7.2,-36.1,4.8,0.646046327,-0.112338633,-0.642078921,-0.397106845
1933,4838414,39700,0.929,0.359,0.15,8.5,1.4,-0.3,-7.2,-36.1,4.8,0.646076846,-0.112186041,-0.642139958,-0.396954253
1934,4840714,39700,0.932,0.355,0.146,8.7,1.3,-0.1,-7.2,-36.1,4.8,0.646137883,-0.112063967,-0.642170476,-0.396893216
1935,4842548,39700,0.925,0.363,0.15,8.8,1.1,0,-7,-36.9,5.4,0.64619892,-0.112033448,-0.642262032,-0.396649068
1936,4844831,39700,0.925,0.359,0.146,8.8,1,0.1,-7,-36.9,5.4,0.646229438,-0.111911374,-0.642323069,-0.396526994
1937,4847695,39710,0.921,0.363,0.142,8.8,0.8,0.1,-7,-36.9,5.4,0.646259957,-0.1117893,-0.642384106,-0.39640492
1938,4849751,39710,0.925,0.367,0.142,8.8,0.7,0.2,-7,-36.9,5.4,0.646290475,-0.111636708,-0.642445143,-0.396282846
1939,4854064,39710,0.925,0.367,0.15,8.7,0.7,0.3,-6.8,-36.7,5.2,0.646320994,-0.111514634,-0.64250618,-0.396160772
1940,4856296,39710,0.917,0.371,0.146,8.7,0.6,0.6,-6.8,-36.7,5.2,0.646351512,-0.11139256,-0.642567217,-0.396038697
1941,4858705,39720,0.917,0.375,0.146,8.8,0.5,0.8,-6.8,-36.7,5.2,0.646412549,-0.111301004,-0.642658773,-0.395886105
1942,4861507,39720,0.917,0.375,0.146,9,0.5,0.8,-6.8,-36.7,5.2,0.646443068,-0.11117893,-0.64271981,-0.395764031
1943,4863687,39720,0.921,0.387,0.146,9.2,0.4,0.8,-7.1,-36.6,5.2,0.646473586,-0.111056856,-0.642780847,-0.395611438
1944,4865940,39720,0.921,0.387,0.142,9.5,0.4,0.5,-7.1,-36.6,5.2,0.646504105,-0.110904263,-0.642872402,-0.395489364
1945,4868172,39730,0.917,0.391,0.142,9.6,0.4,0.3,-7.1,-36.6,5.2,0.646534623,-0.110782189,-0.642933439,-0.395336772
1946,4870208,39730,0.917,0.391,0.146,9.9,0.4,0.2,-7.1,-36.6,5.2,0.646565142,-0.110629597,-0.643024995,-0.395184179
1947,4872492,39730,0.921,0.394,0.154,10.1,0.4,0.2,-7.2,-36.4,5,0.64659566,-0.110507523,-0.643086032,-0.395062105
1948,4876579,39730,0.921,0.398,0.15,10.3,0.5,0.3,-7.2,-36.4,5,0.646656697,-0.11035493,-0.643177587,-0.394909513
1949,4878774,39740,0.921,0.398,0.15,10.5,0.5,0.4,-7.2,-36.4,5,0.646687216,-0.110202338,-0.643269143,-0.39475692
1950,4881003,39740,0.921,0.394,0.15,10.6,0.5,0.5,-7.2,-36.4,5,0.646717734,-0.110049745,-0.64333018,-0.394604328
1951,4883117,39740,0.917,0.402,0.154,10.6,0.5,0.4,-7.3,-36.5,5.5,0.646748253,-0.109897153,-0.643421735,-0.394451735
1952,4885672,39740,0.921,0.398,0.15,10.5,0.5,0.2,-7.3,-36.5,5.5,0.646778771,-0.10974456,-0.643513291,-0.394299142
1953,4887654,39750,0.921,0.398,0.15,10.5,0.5,0,-7.3,-36.5,5.5,0.64680929,-0.109591968,-0.643604846,-0.39414655
1954,4891631,39750,0.921,0.39,0.154,10.4,0.5,0,-7.3,-36.5,5.5,0.646839808,-0.109439375,-0.643665883,-0.393993957
1955,4893955,39750,0.921,0.394,0.15,10.1,0.5,0,-7.5,-36.6,5.3,0.646778771,-0.109042634,-0.643787957,-0.394054994
1956,4896189,39750,0.921,0.394,0.15,9.9,0.5,0,-7.5,-36.6,5.3,0.64680929,-0.108890042,-0.643879513,-0.393902402
1957,4898513,39760,0.925,0.386,0.154,9.7,0.4,0,-7.5,-36.6,5.3,0.646839808,-0.108737449,-0.64394055,-0.393780328
1958,4900775,39760,0.925,0.383,0.15,9.6,0.4,-0.3,-7.5,-36.6,5.3,0.646839808,-0.108615375,-0.644032105,-0.393658254
1959,4902495,39760,0.928,0.383,0.15,9.5,0.4,-0.5,-7.7,-36.5,5.3,0.646870327,-0.108462783,-0.644093142,-0.39353618
1960,4904808,39760,0.928,0.379,0.15,9.3,0.4,-0.6,-7.7,-36.5,5.3,0.646900845,-0.10831019,-0.644184698,-0.393414106
1961,4908837,39770,0.932,0.375,0.15,9.1,0.4,-0.5,-7.7,-36.5,5.3,0.646931364,-0.108188116,-0.644245735,-0.393292032
1962,4910862,39770,0.932,0.375,0.146,8.8,0.4,-0.5,-7.7,-36.5,5.3,0.646961882,-0.108005005,-0.644306772,-0.393169958
1963,4913110,39770,0.94,0.378,0.154,8.5,0.6,-0.5,-7.4,-36.4,5.5,0.646961882,-0.10791345,-0.644398328,-0.393047884
1964,4915050,39770,0.94,0.371,0.15,8.4,0.8,-0.6,-7.4,-36.4,5.5,0.646992401,-0.107760857,-0.644459365,-0.392956328
1965,4917481,39780,0.936,0.367,0.154,8.3,1,-0.7,-7.4,-36.4,5.5,0.647022919,-0.107638783,-0.644520402,-0.392834254
1966,4919690,39780,0.936,0.371,0.15,8.2,1.1,-0.8,-7.4,-36.4,5.5,0.647053438,-0.10748619,-0.64455092,-0.392742698
1967,4922230,39780,0.94,0.371,0.154,8,1.1,-0.8,-7.3,-36.3,5.7,0.647083956,-0.107364116,-0.644611957,-0.392651143
1968,4926764,39780,0.936,0.363,0.146,7.8,1.1,-0.7,-7.3,-36.3,5.7,0.647114475,-0.107211524,-0.644672994,-0.392559587
1969,4929188,39790,0.944,0.363,0.149,7.6,1.2,-0.7,-7.3,-36.3,5.7,0.647144993,-0.10708945,-0.644734031,-0.392437513
1970,4929667,39790,0.94,0.363,0.146,7.5,1.2,-0.6,-7.3,-36.3,5.7,0.647175512,-0.106967376,-0.64476455,-0.392345958
1971,4932054,39790,0.94,0.367,0.146,7.4,1.2,-0.5,-7.3,-36.3,5.9,0.64720603,-0.106845302,-0.644825587,-0.392254402
1972,4936467,39790,0.94,0.367,0.146,7.4,1.1,-0.4,-7.3,-36.3,5.9,0.647236549,-0.106723228,-0.644856105,-0.392162847
1973,4937037,39800,0.94,0.367,0.146,7.3,1,-0.3,-7.3,-36.3,5.9,0.647267067,-0.106601154,-0.644917142,-0.392071291
1974,4941506,39800,0.936,0.367,0.142,7.1,0.9,0,-7.3,-36.3,5.9,0.647297586,-0.106509598,-0.644947661,-0.391979736
1975,4943339,39800,0.936,0.367,0.15,7,0.9,0,-7,-36.4,5.8,0.647328104,-0.10647908,-0.645039216,-0.391796625
1976,4945751,39800,0.936,0.371,0.146,7,1,0.1,-7,-36.4,5.8,0.647358623,-0.106387524,-0.645100253,-0.391674551
1977,4947520,39810,0.936,0.371,0.146,6.8,0.9,0.2,-7,-36.4,5.8,0.647389142,-0.10626545,-0.645130772,-0.391582995
1978,4949484,39810,0.932,0.375,0.142,6.8,0.8,0.3,-7,-36.4,5.8,0.64741966,-0.106173894,-0.645191809,-0.39149144
1979,4954296,39810,0.936,0.379,0.142,6.8,0.8,0.6,-7.1,-36.7,5.6,0.647450179,-0.10605182,-0.645222327,-0.391369366
1980,4954688,39810,0.929,0.379,0.146,6.9,0.8,0.8,-7.1,-36.7,5.6,0.647480697,-0.105990783,-0.645283364,-0.39127781
1981,4958914,39820,0.932,0.383,0.142,6.9,0.9,0.9,-7.1,-36.7,5.6,0.647511216,-0.105899228,-0.645313883,-0.391155736
1982,4961034,39820,0.929,0.391,0.138,6.9,1,1.1,-7.1,-36.7,5.6,0.647572253,-0.105807672,-0.64537492,-0.39106418
1983,4963387,39820,0.932,0.394,0.138,6.8,1,1.3,-7.2,-36.5,5.9,0.647602771,-0.105716117,-0.645405438,-0.390942106
1984,4965702,39820,0.925,0.395,0.138,7,1,1.6,-7.2,-36.5,5.9,0.64763329,-0.105624561,-0.645435957,-0.390820032
1985,4967538,39830,0.929,0.398,0.138,7.1,0.9,1.7,-7.2,-36.5,5.9,0.647694327,-0.105563524,-0.645496994,-0.390697958
1986,4969678,39830,0.921,0.398,0.142,7.4,0.9,1.7,-7.2,-36.5,5.9,0.647724845,-0.105471969,-0.645496994,-0.390575884
1987,4974500,39830,0.921,0.402,0.143,7.6,0.8,1.5,-7.3,-36.4,5.7,0.647785882,-0.105380413,-0.645588549,-0.39045381
1988,4974881,39830,0.921,0.402,0.143,7.7,0.7,1.4,-7.3,-36.4,5.7,0.647816401,-0.105288858,-0.645649586,-0.390301218
1989,4977207,39840,0.921,0.406,0.135,7.8,0.6,1.3,-7.3,-36.4,5.7,0.647846919,-0.105166784,-0.645680105,-0.390179144
1990,4981436,39840,0.921,0.406,0.139,7.9,0.6,1.1,-7.3,-36.4,5.7,0.647907956,-0.105075228,-0.645741142,-0.39005707
1991,4983729,39840,0.921,0.406,0.143,8,0.8,1.1,-7.1,-36.5,5.9,0.647938475,-0.104983673,-0.645802179,-0.389934996
1992,4985905,39840,0.917,0.402,0.147,8.1,0.9,0.9,-7.1,-36.5,5.9,0.647968993,-0.104861599,-0.645863216,-0.389812922
1993,4988176,39850,0.917,0.406,0.143,8.1,1,0.7,-7.1,-36.5,5.9,0.64803003,-0.104739525,-0.645893735,-0.389690847
1994,4990544,39850,0.921,0.402,0.146,8.1,1.2,0.5,-7.1,-36.5,5.9,0.648060549,-0.104586932,-0.645954772,-0.389568773
1995,4992347,39850,0.921,0.395,0.135,7.9,1.3,0.3,-7.2,-36.4,5.9,0.647877438,-0.104068117,-0.646107364,-0.389782403
1996,4996464,39850,0.921,0.395,0.135,7.9,1.3,0.3,-7.2,-36.4,5.9,0.647877438,-0.104068117,-0.646107364,-0.389782403
1997,4998370,39860,0.925,0.391,0.142,7.7,1.7,0,-7.2,-36.4,5.9,0.647938475,-0.103823969,-0.64619892,-0.389568773
