sample_index,elapsed_us,device_time_ms,acc_x_g,acc_y_g,acc_z_g,gyro_x_dps,gyro_y_dps,gyro_z_dps,mag_x_ut,mag_y_ut,mag_z_ut,quat_w,quat_x,quat_y,quat_z
0,2857,95330,0.966,-0.065,0.24,-0.4,-0.2,0.2,-4.4,23.9,-20.7,0.140537736,-0.606524857,-0.0811181982,-0.778313547
1,5479,95330,0.966,-0.065,0.24,-0.4,-0.2,0.2,-4.4,23.9,-20.7,0.140537736,-0.606524857,-0.0811181982,-0.778313547
2,9399,95330,0.966,-0.065,0.24,-0.4,-0.2,0.2,-4.4,23.9,-20.7,0.140537736,-0.606524857,-0.0811181982,-0.778313547
3,11689,95340,0.962,-0.065,0.244,-0.4,-0.2,0.2,-4.6,23.8,-20.6,0.140507218,-0.606555376,-0.0810571612,-0.778283029
4,13844,95340,0.958,-0.057,0.236,-0.3,-0.2,0.2,-4.6,23.8,-20.6,0.140507218,-0.606555376,-0.0810571612,-0.778283029
5,16228,95340,0.962,-0.068,0.233,0,0,0.1,-4.4,24,-21,0.140598773,-0.606646931,-0.0809350871,-0.778191473
6,18154,95340,0.962,-0.068,0.233,0,0,0.1,-4.4,24,-21,0.140598773,-0.606646931,-0.0809350871,-0.778191473
7,20361,95350,0.962,-0.068,0.233,0,0,0.1,-4.4,24,-21,0.140598773,-0.606646931,-0.0809350871,-0.778191473
8,22918,95350,0.962,-0.068,0.233,0,0,0.1,-4.4,24,-21,0.140598773,-0.606646931,-0.0809350871,-0.778191473
9,26753,95350,0.962,-0.068,0.233,0,0,0.1,-4.4,24,-21,0.140598773,-0.606646931,-0.0809350871,-0.778191473
10,28879,95350,0.962,-0.068,0.233,0,0,0.1,-4.4,24,-21,0.140598773,-0.606646931,-0.0809350871,-0.778191473
11,30824,95360,0.962,-0.068,0.233,0,0,0.1,-4.4,24,-21,0.140598773,-0.606646931,-0.0809350871,-0.778191473
12,33139,95360,0.962,-0.068,0.233,0,0,0.1,-4.4,24,-21,0.140598773,-0.606646931,-0.0809350871,-0.778191473
13,35394,95360,0.962,-0.068,0.24,1.2,-0.3,0,-4.4,24.1,-21,0.140690329,-0.60667745,-0.0809961241,-0.778160955
14,40212,95360,0.962,-0.061,0.236,1.3,-0.2,-0.1,-4.4,24.1,-21,0.140690329,-0.60667745,-0.0810266427,-0.778160955
15,40212,95370,0.962,-0.061,0.236,1.3,0,0,-4.4,24.1,-21,0.140720847,-0.60667745,-0.0810571612,-0.778160955
16,44583,95370,0.962,-0.061,0.236,1.3,0,0,-4.4,24.1,-21,0.140720847,-0.60667745,-0.0810571612,-0.778160955
17,46893,95370,0.966,-0.065,0.24,1.5,0,0.1,-4.6,23.8,-19.6,0.140751366,-0.606646931,-0.0811181982,-0.778160955
18,48940,95370,0.966,-0.065,0.236,1.4,-0.1,0,-4.6,23.8,-19.6,0.140781884,-0.606646931,-0.0811181982,-0.778160955
19,51262,95380,0.966,-0.065,0.236,1.4,-0.1,0,-4.6,23.8,-19.6,0.140781884,-0.606646931,-0.0811181982,-0.778160955
20,53207,95380,0.966,-0.065,0.236,1.4,-0.1,0,-4.6,23.8,-19.6,0.140781884,-0.606646931,-0.0811181982,-0.778160955
21,55423,95380,0.966,-0.065,0.236,1.4,-0.1,0,-4.6,23.8,-19.6,0.140781884,-0.606646931,-0.0811181982,-0.778160955
22,57912,95380,0.966,-0.065,0.236,1.4,-0.1,0,-4.6,23.8,-19.6,0.140781884,-0.606646931,-0.0811181982,-0.778160955
23,60176,95390,0.966,-0.065,0.236,1.4,-0.1,0,-4.6,23.8,-19.6,0.140781884,-0.606646931,-0.0811181982,-0.778160955
24,64657,95390,0.966,-0.065,0.236,1.4,-0.1,0,-4.6,23.8,-19.6,0.140781884,-0.606646931,-0.0811181982,-0.778160955
25,67129,95390,0.966,-0.065,0.236,1.4,-0.1,0,-4.6,23.8,-19.6,0.140781884,-0.606646931,-0.0811181982,-0.778160955
26,69424,95390,0.966,-0.065,0.236,1.4,-0.1,0,-4.6,23.8,-19.6,0.140781884,-0.606646931,-0.0811181982,-0.778160955
27,71578,95400,0.966,-0.065,0.236,1.4,-0.1,0,-4.6,23.8,-19.6,0.140781884,-0.606646931,-0.0811181982,-0.778160955
28,73909,95400,0.966,-0.065,0.236,1.4,-0.1,0,-4.6,23.8,-19.6,0.140781884,-0.606646931,-0.0811181982,-0.778160955
29,76244,95400,0.966,-0.065,0.236,1.4,-0.1,0,-4.6,23.8,-19.6,0.140781884,-0.606646931,-0.0811181982,-0.778160955
30,78190,95400,0.966,-0.065,0.236,1.4,-0.1,0,-4.6,23.8,-19.6,0.140781884,-0.606646931,-0.0811181982,-0.778160955
31,82240,95410,0.966,-0.065,0.236,1.4,-0.1,0,-4.6,23.8,-19.6,0.140781884,-0.606646931,-0.0811181982,-0.778160955
32,82857,95410,0.977,-0.053,0.232,1,-0.1,0.3,-4.8,22.9,-20.5,0.141117588,-0.606769005,-0.0812707907,-0.777977844
33,85265,95410,0.977,-0.053,0.232,1,-0.1,0.3,-4.8,22.9,-20.5,0.141117588,-0.606769005,-0.0812707907,-0.777977844
34,89757,95410,0.977,-0.053,0.232,1,-0.1,0.3,-4.8,22.9,-20.5,0.141117588,-0.606769005,-0.0812707907,-0.777977844
35,90182,95420,0.977,-0.053,0.232,1,-0.1,0.3,-4.8,22.9,-20.5,0.141117588,-0.606769005,-0.0812707907,-0.777977844
36,92728,95420,0.977,-0.053,0.232,1,-0.1,0.3,-4.8,22.9,-20.5,0.141117588,-0.606769005,-0.0812707907,-0.777977844
37,97189,95420,0.977,-0.053,0.232,1,-0.1,0.3,-4.8,22.9,-20.5,0.141117588,-0.606769005,-0.0812707907,-0.777977844
38,99363,95420,0.977,-0.053,0.232,1,-0.1,0.3,-4.8,22.9,-20.5,0.141117588,-0.606769005,-0.0812707907,-0.777977844
39,101602,95430,0.977,-0.053,0.232,1,-0.1,0.3,-4.8,22.9,-20.5,0.141117588,-0.606769005,-0.0812707907,-0.777977844
40,103829,95430,0.977,-0.053,0.232,1,-0.1,0.3,-4.8,22.9,-20.5,0.141117588,-0.606769005,-0.0812707907,-0.777977844
41,106276,95430,0.966,-0.045,0.232,1.5,0,0.9,-4.5,23.1,-20.9,0.141361736,-0.606769005,-0.0813928648,-0.777916807
42,109970,95430,0.966,-0.045,0.232,1.5,0,0.9,-4.5,23.1,-20.9,0.141361736,-0.606769005,-0.0813928648,-0.777916807
43,110340,95440,0.966,-0.057,0.236,1.5,-0.2,0.8,-4.5,23.1,-20.9,0.141422773,-0.606769005,-0.0814233833,-0.777916807
44,112914,95440,0.966,-0.057,0.236,1.5,-0.2,0.8,-4.5,23.1,-20.9,0.141422773,-0.606769005,-0.0814233833,-0.777916807
45,115252,95440,0.966,-0.057,0.236,1.5,-0.2,0.8,-4.5,23.1,-20.9,0.141422773,-0.606769005,-0.0814233833,-0.777916807
46,119697,95440,0.966,-0.057,0.236,1.5,-0.2,0.8,-4.5,23.1,-20.9,0.141422773,-0.606769005,-0.0814233833,-0.777916807
47,121981,95450,0.962,-0.057,0.229,1.6,0,0.7,-4.2,23.5,-21.3,0.141605884,-0.606952116,-0.0814233833,-0.777733695
48,124060,95450,0.962,-0.057,0.229,1.6,0,0.7,-4.2,23.5,-21.3,0.141605884,-0.606952116,-0.0814233833,-0.777733695
49,126385,95450,0.962,-0.061,0.232,1.7,0.8,0.8,-4.6,23.2,-21.1,0.141697439,-0.606921598,-0.0814539018,-0.777764214
50,128242,95450,0.962,-0.061,0.232,1.7,0.8,0.8,-4.6,23.2,-21.1,0.141697439,-0.606921598,-0.0814539018,-0.777764214
51,130576,95460,0.962,-0.061,0.232,1.7,0.8,0.8,-4.6,23.2,-21.1,0.141697439,-0.606921598,-0.0814539018,-0.777764214
52,132916,95460,0.962,-0.061,0.232,1.7,0.8,0.8,-4.6,23.2,-21.1,0.141697439,-0.606921598,-0.0814539018,-0.777764214
53,136963,95460,0.962,-0.061,0.232,1.7,0.8,0.8,-4.6,23.2,-21.1,0.141697439,-0.606921598,-0.0814539018,-0.777764214
54,139139,95460,0.962,-0.061,0.232,1.7,0.8,0.8,-4.6,23.2,-21.1,0.141697439,-0.606921598,-0.0814539018,-0.777764214
55,141375,95470,0.962,-0.061,0.232,1.7,0.8,0.8,-4.6,23.2,-21.1,0.141697439,-0.606921598,-0.0814539018,-0.777764214
56,143276,95470,0.962,-0.061,0.232,1.7,0.8,0.8,-4.6,23.2,-21.1,0.141697439,-0.606921598,-0.0814539018,-0.777764214
57,145631,95470,0.962,-0.061,0.232,1.7,0.8,0.8,-4.6,23.2,-21.1,0.141697439,-0.606921598,-0.0814539018,-0.777764214
58,147933,95470,0.962,-0.061,0.232,1.7,0.8,0.8,-4.6,23.2,-21.1,0.141697439,-0.606921598,-0.0814539018,-0.777764214
59,150402,95480,0.962,-0.061,0.232,1.7,0.8,0.8,-4.6,23.2,-21.1,0.141697439,-0.606921598,-0.0814539018,-0.777764214
60,154063,95480,0.962,-0.061,0.232,1.7,0.8,0.8,-4.6,23.2,-21.1,0.141697439,-0.606921598,-0.0814539018,-0.777764214
61,156448,95480,0.97,-0.053,0.244,1.2,0.2,0.8,-4.2,23.6,-20.6,0.142124699,-0.606738487,-0.0816980499,-0.777764214
62,158471,95480,0.97,-0.053,0.244,1.2,0.2,0.8,-4.2,23.6,-20.6,0.142124699,-0.606738487,-0.0816980499,-0.777764214
63,160675,95490,0.97,-0.053,0.244,1.2,0.2,0.8,-4.2,23.6,-20.6,0.142124699,-0.606738487,-0.0816980499,-0.777764214
64,162810,95490,0.97,-0.053,0.244,1.2,0.2,0.8,-4.2,23.6,-20.6,0.142124699,-0.606738487,-0.0816980499,-0.777764214
65,167731,95490,0.97,-0.053,0.244,1.2,0.2,0.8,-4.2,23.6,-20.6,0.142124699,-0.606738487,-0.0816980499,-0.777764214
66,167731,95490,0.973,-0.053,0.24,1.1,0.3,1,-4.5,24,-20.4,0.142338328,-0.606830042,-0.0816064943,-0.777672658
67,170333,95500,0.973,-0.053,0.24,1.1,0.3,1,-4.5,24,-20.4,0.142338328,-0.606830042,-0.0816064943,-0.777672658
68,175246,95500,0.973,-0.049,0.24,1.1,0.2,1.1,-4.5,24,-20.4,0.142429884,-0.606799524,-0.0816370128,-0.777672658
69,175625,95500,0.97,-0.053,0.232,1.2,0.1,1.1,-4.4,24,-20.3,0.142460402,-0.606799524,-0.0816370128,-0.777672658
70,177959,95500,0.97,-0.053,0.232,1.2,0.1,1.1,-4.4,24,-20.3,0.142460402,-0.606799524,-0.0816370128,-0.777672658
71,180262,95510,0.97,-0.053,0.232,1.2,0.1,1.1,-4.4,24,-20.3,0.142460402,-0.606799524,-0.0816370128,-0.777672658
72,184324,95510,0.97,-0.053,0.232,1.2,0.1,1.1,-4.4,24,-20.3,0.142460402,-0.606799524,-0.0816370128,-0.777672658
73,187197,95510,0.97,-0.053,0.232,1.2,0.1,1.1,-4.4,24,-20.3,0.142460402,-0.606799524,-0.0816370128,-0.777672658
74,189492,95510,0.974,-0.041,0.24,1.7,0,1.1,-4.2,24.4,-20.5,0.142674032,-0.606799524,-0.0816980499,-0.77764214
75,191736,95520,0.974,-0.041,0.24,1.7,0,1.1,-4.2,24.4,-20.5,0.142674032,-0.606799524,-0.0816980499,-0.77764214
76,194205,95520,0.974,-0.041,0.24,1.7,0,1.1,-4.2,24.4,-20.5,0.142674032,-0.606799524,-0.0816980499,-0.77764214
77,196256,95520,0.974,-0.041,0.24,1.7,0,1.1,-4.2,24.4,-20.5,0.142674032,-0.606799524,-0.0816980499,-0.77764214
78,198241,95520,0.974,-0.041,0.24,1.7,0,1.1,-4.2,24.4,-20.5,0.142674032,-0.606799524,-0.0816980499,-0.77764214
79,200381,95530,0.974,-0.041,0.24,1.7,0,1.1,-4.2,24.4,-20.5,0.142674032,-0.606799524,-0.0816980499,-0.77764214
80,203228,95530,0.977,-0.034,0.232,1.2,0,1.2,-4.4,23.9,-20.3,0.14291818,-0.606769005,-0.0817285684,-0.777611621
81,205526,95530,0.973,-0.037,0.232,1.2,0.2,1.2,-4.6,24.2,-20.1,0.142948698,-0.606769005,-0.0817285684,-0.777611621
82,207989,95530,0.977,-0.034,0.228,1.1,0.4,1.2,-4.6,24.2,-20.1,0.142979217,-0.606769005,-0.0817285684,-0.777611621
83,210813,95540,0.974,-0.03,0.232,1,0.4,1.2,-4.6,24.2,-20.1,0.143009735,-0.606738487,-0.0817285684,-0.777611621
84,213122,95540,0.973,-0.034,0.228,0.9,0.4,1.2,-4.6,24.2,-20.1,0.143040254,-0.606738487,-0.0817285684,-0.777611621
85,217415,95540,0.974,-0.033,0.236,0.6,0.4,1.3,-4.7,24.4,-20.3,0.14291818,-0.607013153,-0.0819421979,-0.777397992
86,217904,95540,0.973,-0.037,0.232,0.6,0.4,1.3,-4.7,24.4,-20.3,0.142948698,-0.607013153,-0.0819116794,-0.777397992
87,220303,95550,0.973,-0.037,0.232,0.6,0.4,1.3,-4.7,24.4,-20.3,0.142948698,-0.607013153,-0.0819116794,-0.777397992
88,224402,95550,0.973,-0.037,0.232,0.6,0.4,1.3,-4.7,24.4,-20.3,0.142948698,-0.607013153,-0.0819116794,-0.777397992
89,226700,95550,0.973,-0.037,0.232,0.6,0.4,1.3,-4.7,24.4,-20.3,0.142948698,-0.607013153,-0.0819116794,-0.777397992
90,229017,95550,0.962,-0.045,0.236,-0.1,1.1,0.9,-4.4,24,-19.9,0.143040254,-0.606952116,-0.0818506424,-0.77742851
91,230931,95560,0.962,-0.045,0.236,-0.1,1.1,0.9,-4.4,24,-19.9,0.143040254,-0.606952116,-0.0818506424,-0.77742851
92,234101,95560,0.962,-0.045,0.236,-0.1,1.1,0.9,-4.4,24,-19.9,0.143040254,-0.606952116,-0.0818506424,-0.77742851
93,236257,95560,0.962,-0.045,0.236,-0.1,1.1,0.9,-4.4,24,-19.9,0.143040254,-0.606952116,-0.0818506424,-0.77742851
94,238345,95560,0.962,-0.045,0.236,-0.1,1.1,0.9,-4.4,24,-19.9,0.143040254,-0.606952116,-0.0818506424,-0.77742851
95,242329,95570,0.962,-0.045,0.236,-0.1,1.1,0.9,-4.4,24,-19.9,0.143040254,-0.606952116,-0.0818506424,-0.77742851
96,242716,95570,0.954,-0.061,0.237,-0.3,1.2,0.3,-5.1,24,-20.4,0.143101291,-0.606830042,-0.0817590869,-0.777520066
97,246907,95570,0.954,-0.061,0.237,-0.3,1.2,0.3,-5.1,24,-20.4,0.143101291,-0.606830042,-0.0817590869,-0.777520066
98,249127,95570,0.954,-0.061,0.237,-0.3,1.2,0.3,-5.1,24,-20.4,0.143101291,-0.606830042,-0.0817590869,-0.777520066
99,252097,95580,0.954,-0.061,0.237,-0.3,1.2,0.3,-5.1,24,-20.4,0.143101291,-0.606830042,-0.0817590869,-0.777520066
100,254949,95580,0.954,-0.061,0.237,-0.3,1.2,0.3,-5.1,24,-20.4,0.143101291,-0.606830042,-0.0817590869,-0.777520066
101,255531,95580,0.958,-0.068,0.236,0,1.1,0.1,-5,24.3,-20.3,0.143131809,-0.606738487,-0.0816980499,-0.777581103
102,258374,95580,0.958,-0.068,0.236,0,1.1,0.1,-5,24.3,-20.3,0.143131809,-0.606738487,-0.0816980499,-0.777581103
103,260605,95590,0.958,-0.068,0.236,0,1.1,0.1,-5,24.3,-20.3,0.143131809,-0.606738487,-0.0816980499,-0.777581103
104,262866,95590,0.962,-0.061,0.24,-0.2,0.7,-0.1,-5,24.3,-20.3,0.143131809,-0.606707968,-0.0816980499,-0.77764214
105,267620,95590,0.966,-0.057,0.244,-0.3,0.4,-0.1,-5.4,24.5,-20,0.143223365,-0.606799524,-0.0815454573,-0.777550584
106,268092,95590,0.966,-0.057,0.244,-0.3,0.4,-0.1,-5.4,24.5,-20,0.143223365,-0.606799524,-0.0815454573,-0.777550584
107,272258,95600,0.966,-0.057,0.244,-0.3,0.4,-0.1,-5.4,24.5,-20,0.143223365,-0.606799524,-0.0815454573,-0.777550584
108,272786,95600,0.966,-0.057,0.24,-0.4,0.1,0,-5.4,24.5,-20,0.143192846,-0.606799524,-0.0815149388,-0.777550584
109,276417,95600,0.966,-0.057,0.24,-0.4,0.1,0,-5.4,24.5,-20,0.143192846,-0.606799524,-0.0815149388,-0.777550584
110,278070,95600,0.97,-0.057,0.236,-0.4,0.1,0.1,-5.8,24.4,-20.3,0.143192846,-0.606799524,-0.0815149388,-0.777581103
111,282050,95610,0.97,-0.057,0.236,-0.4,0.1,0.1,-5.8,24.4,-20.3,0.143192846,-0.606799524,-0.0815149388,-0.777581103
112,284549,95610,0.97,-0.049,0.232,-0.5,0,0,-5.8,24.4,-20.3,0.143192846,-0.606799524,-0.0814844203,-0.777581103
113,287473,95610,0.973,-0.049,0.24,-0.4,-0.1,0,-5.7,24.5,-20,0.143192846,-0.606799524,-0.0814844203,-0.777581103
114,287942,95610,0.973,-0.041,0.232,-0.4,-0.2,0,-5.7,24.5,-20,0.143162328,-0.606799524,-0.0814539018,-0.777581103
115,292496,95620,0.973,-0.041,0.232,-0.4,-0.2,0,-5.7,24.5,-20,0.143162328,-0.606799524,-0.0814539018,-0.777581103
116,292886,95620,0.97,-0.033,0.232,-0.4,-0.1,0.2,-5.7,24.5,-20,0.143162328,-0.606799524,-0.0814539018,-0.777550584
117,295416,95620,0.97,-0.033,0.232,-0.4,-0.1,0.2,-5.7,24.5,-20,0.143162328,-0.606799524,-0.0814539018,-0.777550584
118,297733,95620,0.97,-0.033,0.232,-0.4,-0.1,0.2,-5.7,24.5,-20,0.143162328,-0.606799524,-0.0814539018,-0.777550584
119,302291,95630,0.97,-0.033,0.232,-0.4,-0.1,0.2,-5.7,24.5,-20,0.143162328,-0.606799524,-0.0814539018,-0.777550584
120,302694,95630,0.97,-0.033,0.232,-0.4,-0.1,0.2,-5.7,24.5,-20,0.143162328,-0.606799524,-0.0814539018,-0.777550584
121,307530,95630,0.97,-0.033,0.232,-0.4,-0.1,0.2,-5.7,24.5,-20,0.143162328,-0.606799524,-0.0814539018,-0.777550584
122,307979,95630,0.974,-0.026,0.24,-0.9,0,0,-5.4,23.9,-20,0.143131809,-0.606830042,-0.0813623463,-0.777550584
123,310262,95640,0.974,-0.026,0.24,-0.9,0,0,-5.4,23.9,-20,0.143131809,-0.606830042,-0.0813623463,-0.777550584
124,313819,95640,0.974,-0.026,0.24,-0.9,0,0,-5.4,23.9,-20,0.143131809,-0.606830042,-0.0813623463,-0.777550584
125,315799,95640,0.974,-0.026,0.24,-0.9,0,0,-5.4,23.9,-20,0.143131809,-0.606830042,-0.0813623463,-0.777550584
126,318131,95640,0.974,-0.026,0.24,-0.9,0,0,-5.4,23.9,-20,0.143131809,-0.606830042,-0.0813623463,-0.777550584
127,320326,95650,0.974,-0.026,0.24,-0.9,0,0,-5.4,23.9,-20,0.143131809,-0.606830042,-0.0813623463,-0.777550584
128,324614,95650,0.974,-0.026,0.24,-0.9,0,0,-5.4,23.9,-20,0.143131809,-0.606830042,-0.0813623463,-0.777550584
129,326843,95650,0.974,-0.026,0.24,-0.9,0,0,-5.4,23.9,-20,0.143131809,-0.606830042,-0.0813623463,-0.777550584
130,329011,95650,0.974,-0.026,0.24,-0.9,0,0,-5.4,23.9,-20,0.143131809,-0.606830042,-0.0813623463,-0.777550584
131,331295,95660,0.974,-0.026,0.24,-0.9,0,0,-5.4,23.9,-20,0.143131809,-0.606830042,-0.0813623463,-0.777550584
132,333954,95660,0.974,-0.026,0.24,-0.9,0,0,-5.4,23.9,-20,0.143131809,-0.606830042,-0.0813623463,-0.777550584
133,335729,95660,0.974,-0.026,0.24,-0.9,0,0,-5.4,23.9,-20,0.143131809,-0.606830042,-0.0813623463,-0.777550584
134,337916,95660,0.974,-0.026,0.24,-0.9,0,0,-5.4,23.9,-20,0.143131809,-0.606830042,-0.0813623463,-0.777550584
135,340536,95670,0.974,-0.026,0.24,-0.9,0,0,-5.4,23.9,-20,0.143131809,-0.606830042,-0.0813623463,-0.777550584
136,344414,95670,0.974,-0.026,0.24,-0.9,0,0,-5.4,23.9,-20,0.143131809,-0.606830042,-0.0813623463,-0.777550584
137,346808,95670,0.974,-0.026,0.24,-0.9,0,0,-5.4,23.9,-20,0.143131809,-0.606830042,-0.0813623463,-0.777550584
138,349371,95670,0.974,-0.026,0.24,-0.9,0,0,-5.4,23.9,-20,0.143131809,-0.606830042,-0.0813623463,-0.777550584
139,351873,95680,0.974,-0.026,0.24,-0.9,0,0,-5.4,23.9,-20,0.143131809,-0.606830042,-0.0813623463,-0.777550584
140,354752,95680,0.974,-0.026,0.24,-0.9,0,0,-5.4,23.9,-20,0.143131809,-0.606830042,-0.0813623463,-0.777550584
141,357033,95680,0.974,-0.026,0.24,-0.9,0,0,-5.4,23.9,-20,0.143131809,-0.606830042,-0.0813623463,-0.777550584
142,359207,95680,0.974,-0.026,0.24,-0.9,0,0,-5.4,23.9,-20,0.143131809,-0.606830042,-0.0813623463,-0.777550584
143,361462,95690,0.974,-0.026,0.24,-0.9,0,0,-5.4,23.9,-20,0.143131809,-0.606830042,-0.0813623463,-0.777550584
144,365104,95690,0.974,-0.026,0.24,-0.9,0,0,-5.4,23.9,-20,0.143131809,-0.606830042,-0.0813623463,-0.777550584
145,365813,95690,0.962,-0.045,0.248,-2.8,0,-1.1,-4.2,23.7,-20.8,0.142338328,-0.607013153,-0.0809045686,-0.777611621
146,368836,95690,0.962,-0.045,0.248,-2.8,0,-1.1,-4.2,23.7,-20.8,0.142338328,-0.607013153,-0.0809045686,-0.777611621
147,370678,95700,0.962,-0.045,0.248,-2.8,0,-1.1,-4.2,23.7,-20.8,0.142338328,-0.607013153,-0.0809045686,-0.777611621
148,374440,95700,0.97,-0.045,0.24,-3.1,-0.1,-0.9,-4.2,23.7,-20.8,0.142155217,-0.607043672,-0.0807824946,-0.77764214
149,376574,95700,0.966,-0.049,0.24,-3.1,-0.3,-0.8,-4.2,23.9,-20.7,0.14209418,-0.607043672,-0.0807519761,-0.77764214
150,378812,95700,0.97,-0.041,0.24,-3.1,-0.3,-0.8,-4.2,23.9,-20.7,0.142063662,-0.607043672,-0.0807214576,-0.77764214
151,380721,95710,0.966,-0.041,0.24,-3.1,-0.4,-0.8,-4.2,23.9,-20.7,0.142002625,-0.60707419,-0.0806604205,-0.77764214
152,385169,95710,0.966,-0.037,0.244,-3.2,-0.4,-0.9,-4.2,23.9,-20.7,0.141941588,-0.607104709,-0.080629902,-0.77764214
153,385673,95710,0.966,-0.033,0.236,-3.3,-0.5,-0.9,-3.9,23.8,-20.7,0.141880551,-0.607104709,-0.0805993835,-0.77764214
154,388353,95710,0.966,-0.033,0.236,-3.3,-0.5,-0.9,-3.9,23.8,-20.7,0.141880551,-0.607104709,-0.0805993835,-0.77764214
155,390410,95720,0.966,-0.033,0.236,-3.3,-0.5,-0.9,-3.9,23.8,-20.7,0.141880551,-0.607104709,-0.0805993835,-0.77764214
156,392837,95720,0.966,-0.033,0.236,-3.3,-0.5,-0.9,-3.9,23.8,-20.7,0.141880551,-0.607104709,-0.0805993835,-0.77764214
157,395402,95720,0.966,-0.033,0.236,-3.3,-0.5,-0.9,-3.9,23.8,-20.7,0.141880551,-0.607104709,-0.0805993835,-0.77764214
158,397839,95720,0.966,-0.033,0.236,-3.3,-0.5,-0.9,-3.9,23.8,-20.7,0.141880551,-0.607104709,-0.0805993835,-0.77764214
159,402524,95730,0.966,-0.033,0.236,-3.3,-0.5,-0.9,-3.9,23.8,-20.7,0.141880551,-0.607104709,-0.0805993835,-0.77764214
160,402862,95730,0.962,-0.041,0.232,-3,-0.1,-0.9,-3.9,23.8,-20.7,0.141453291,-0.607196265,-0.0802941984,-0.777672658
161,406383,95730,0.962,-0.041,0.232,-3,-0.1,-0.9,-3.9,23.8,-20.7,0.141453291,-0.607196265,-0.0802941984,-0.777672658
162,408121,95730,0.962,-0.041,0.232,-3,-0.1,-0.9,-3.9,23.8,-20.7,0.141453291,-0.607196265,-0.0802941984,-0.777672658
163,412389,95740,0.962,-0.033,0.232,-3.1,0.1,-0.9,-3.8,23.8,-20.5,0.141300699,-0.607226783,-0.0801721244,-0.777703177
164,412760,95740,0.962,-0.033,0.229,-3.1,0,-0.8,-3.8,23.8,-20.5,0.141239662,-0.607226783,-0.0801416059,-0.777733695
165,415347,95740,0.962,-0.033,0.229,-3.1,0,-0.8,-3.8,23.8,-20.5,0.141239662,-0.607226783,-0.0801416059,-0.777733695
166,419828,95740,0.962,-0.033,0.229,-3.1,0,-0.8,-3.8,23.8,-20.5,0.141239662,-0.607226783,-0.0801416059,-0.777733695
167,420173,95750,0.962,-0.033,0.229,-3.1,0,-0.8,-3.8,23.8,-20.5,0.141239662,-0.607226783,-0.0801416059,-0.777733695
168,424332,95750,0.962,-0.033,0.229,-3.1,0,-0.8,-3.8,23.8,-20.5,0.141239662,-0.607226783,-0.0801416059,-0.777733695
169,426401,95750,0.962,-0.033,0.229,-3.1,0,-0.8,-3.8,23.8,-20.5,0.141239662,-0.607226783,-0.0801416059,-0.777733695
170,428349,95750,0.962,-0.033,0.229,-3.1,0,-0.8,-3.8,23.8,-20.5,0.141239662,-0.607226783,-0.0801416059,-0.777733695
171,431724,95760,0.962,-0.033,0.229,-3.1,0,-0.8,-3.8,23.8,-20.5,0.141239662,-0.607226783,-0.0801416059,-0.777733695
172,433842,95760,0.962,-0.033,0.229,-3.1,0,-0.8,-3.8,23.8,-20.5,0.141239662,-0.607226783,-0.0801416059,-0.777733695
173,435928,95760,0.962,-0.033,0.229,-3.1,0,-0.8,-3.8,23.8,-20.5,0.141239662,-0.607226783,-0.0801416059,-0.777733695
174,439866,95760,0.966,-0.026,0.228,-4.6,-0.3,-0.9,-4.1,24,-20.5,0.140415662,-0.607531968,-0.0797753838,-0.777672658
175,440231,95770,0.97,-0.033,0.228,-4.9,-0.2,-0.9,-4.1,24,-20.5,0.140354625,-0.607562487,-0.0796838282,-0.777672658
176,444554,95770,0.97,-0.033,0.228,-4.9,-0.2,-0.9,-4.1,24,-20.5,0.140354625,-0.607562487,-0.0796838282,-0.777672658
177,447344,95770,0.962,-0.029,0.229,-5.4,-0.1,-1,-4.1,24,-20.5,0.140171514,-0.607593005,-0.0795617542,-0.777703177
178,447744,95770,0.962,-0.029,0.229,-5.4,-0.1,-1,-4.1,24,-20.5,0.140171514,-0.607593005,-0.0795617542,-0.777703177
179,450354,95780,0.962,-0.029,0.229,-5.4,-0.1,-1,-4.1,24,-20.5,0.140171514,-0.607593005,-0.0795617542,-0.777703177
180,452678,95780,0.962,-0.029,0.229,-5.4,-0.1,-1,-4.1,24,-20.5,0.140171514,-0.607593005,-0.0795617542,-0.777703177
181,456897,95780,0.962,-0.029,0.229,-5.4,-0.1,-1,-4.1,24,-20.5,0.140171514,-0.607593005,-0.0795617542,-0.777703177
182,458940,95780,0.962,-0.029,0.229,-5.4,-0.1,-1,-4.1,24,-20.5,0.140171514,-0.607593005,-0.0795617542,-0.777703177
183,461429,95790,0.962,-0.029,0.229,-5.4,-0.1,-1,-4.1,24,-20.5,0.140171514,-0.607593005,-0.0795617542,-0.777703177
184,463254,95790,0.962,-0.029,0.229,-5.4,-0.1,-1,-4.1,24,-20.5,0.140171514,-0.607593005,-0.0795617542,-0.777703177
185,466582,95790,0.962,-0.029,0.229,-5.4,-0.1,-1,-4.1,24,-20.5,0.140171514,-0.607593005,-0.0795617542,-0.777703177
186,468828,95790,0.973,-0.045,0.228,-6.6,0.3,-1.5,-3.5,24.2,-20.2,0.139133885,-0.607959227,-0.07882931,-0.777672658
187,470564,95800,0.973,-0.045,0.228,-6.6,0.3,-1.5,-3.5,24.2,-20.2,0.139133885,-0.607959227,-0.07882931,-0.777672658
188,473017,95800,0.973,-0.045,0.228,-6.6,0.3,-1.5,-3.5,24.2,-20.2,0.139133885,-0.607959227,-0.07882931,-0.777672658
189,476981,95800,0.973,-0.045,0.228,-6.6,0.3,-1.5,-3.5,24.2,-20.2,0.139133885,-0.607959227,-0.07882931,-0.777672658
190,479255,95800,0.973,-0.057,0.228,-6.7,0.2,-1.7,-3.5,24.4,-20.2,0.138645589,-0.608020264,-0.0784630879,-0.777733695
191,481479,95810,0.973,-0.049,0.224,-6.8,0.1,-1.7,-3.5,24.4,-20.2,0.138523515,-0.608050783,-0.0783715323,-0.777764214
192,483801,95810,0.973,-0.049,0.224,-6.8,0.1,-1.7,-3.5,24.4,-20.2,0.138523515,-0.608050783,-0.0783715323,-0.777764214
193,485671,95810,0.973,-0.049,0.224,-6.8,0.1,-1.7,-3.5,24.4,-20.2,0.138523515,-0.608050783,-0.0783715323,-0.777764214
194,488362,95810,0.973,-0.049,0.224,-6.8,0.1,-1.7,-3.5,24.4,-20.2,0.138523515,-0.608050783,-0.0783715323,-0.777764214
195,490527,95820,0.977,-0.049,0.224,-7.5,0,-1.3,-3.7,23.9,-20.3,0.138035218,-0.60811182,-0.0779442732,-0.777825251
196,494533,95820,0.977,-0.049,0.224,-7.5,0,-1.3,-3.7,23.9,-20.3,0.138035218,-0.60811182,-0.0779442732,-0.777825251
197,496459,95820,0.977,-0.049,0.224,-7.5,0,-1.3,-3.7,23.9,-20.3,0.138035218,-0.60811182,-0.0779442732,-0.777825251
198,498762,95820,0.977,-0.049,0.224,-7.5,0,-1.3,-3.7,23.9,-20.3,0.138035218,-0.60811182,-0.0779442732,-0.777825251
199,500713,95830,0.977,-0.049,0.224,-7.5,0,-1.3,-3.7,23.9,-20.3,0.138035218,-0.60811182,-0.0779442732,-0.777825251
200,503060,95830,0.977,-0.049,0.224,-7.5,0,-1.3,-3.7,23.9,-20.3,0.138035218,-0.60811182,-0.0779442732,-0.777825251
201,505344,95830,0.977,-0.049,0.224,-7.5,0,-1.3,-3.7,23.9,-20.3,0.138035218,-0.60811182,-0.0779442732,-0.777825251
202,507892,95830,0.977,-0.049,0.224,-7.5,0,-1.3,-3.7,23.9,-20.3,0.138035218,-0.60811182,-0.0779442732,-0.777825251
203,510311,95840,0.977,-0.049,0.224,-7.5,0,-1.3,-3.7,23.9,-20.3,0.138035218,-0.60811182,-0.0779442732,-0.777825251
204,514637,95840,0.977,-0.049,0.224,-7.5,0,-1.3,-3.7,23.9,-20.3,0.138035218,-0.60811182,-0.0779442732,-0.777825251
205,516645,95840,0.977,-0.049,0.224,-7.5,0,-1.3,-3.7,23.9,-20.3,0.138035218,-0.60811182,-0.0779442732,-0.777825251
206,518895,95840,0.973,-0.018,0.22,-9.5,-0.8,-0.5,-4.2,23.7,-19.7,0.1363567,-0.608783227,-0.0768150884,-0.777733695
207,521247,95850,0.973,-0.018,0.22,-9.5,-0.8,-0.5,-4.2,23.7,-19.7,0.1363567,-0.608783227,-0.0768150884,-0.777733695
208,523012,95850,0.97,-0.014,0.209,-9.8,-0.6,-0.5,-4.2,23.7,-19.7,0.136082034,-0.608844264,-0.0765099033,-0.777733695
209,526835,95850,0.97,-0.014,0.209,-9.8,-0.6,-0.5,-4.2,23.7,-19.7,0.136082034,-0.608844264,-0.0765099033,-0.777733695
210,528975,95850,0.97,-0.014,0.209,-9.8,-0.6,-0.5,-4.2,23.7,-19.7,0.136082034,-0.608844264,-0.0765099033,-0.777733695
211,531219,95860,0.97,-0.014,0.209,-9.8,-0.6,-0.5,-4.2,23.7,-19.7,0.136082034,-0.608844264,-0.0765099033,-0.777733695
212,533293,95860,0.97,-0.014,0.209,-9.8,-0.6,-0.5,-4.2,23.7,-19.7,0.136082034,-0.608844264,-0.0765099033,-0.777733695
213,535522,95860,0.97,-0.014,0.209,-9.8,-0.6,-0.5,-4.2,23.7,-19.7,0.136082034,-0.608844264,-0.0765099033,-0.777733695
214,537710,95860,0.97,-0.014,0.209,-9.8,-0.6,-0.5,-4.2,23.7,-19.7,0.136082034,-0.608844264,-0.0765099033,-0.777733695
215,541894,95870,0.97,-0.014,0.209,-9.8,-0.6,-0.5,-4.2,23.7,-19.7,0.136082034,-0.608844264,-0.0765099033,-0.777733695
216,544249,95870,0.97,-0.014,0.209,-9.8,-0.6,-0.5,-4.2,23.7,-19.7,0.136082034,-0.608844264,-0.0765099033,-0.777733695
217,546409,95870,0.97,-0.014,0.209,-9.8,-0.6,-0.5,-4.2,23.7,-19.7,0.136082034,-0.608844264,-0.0765099033,-0.777733695
218,549427,95870,0.973,-0.018,0.205,-10.5,0.6,-1.4,-4.3,24.3,-19.9,0.134586627,-0.609088412,-0.0748924223,-0.777977844
219,551682,95880,0.973,-0.018,0.205,-10.5,0.6,-1.4,-4.3,24.3,-19.9,0.134586627,-0.609088412,-0.0748924223,-0.777977844
220,553941,95880,0.973,-0.018,0.205,-10.5,0.6,-1.4,-4.3,24.3,-19.9,0.134586627,-0.609088412,-0.0748924223,-0.777977844
221,555585,95880,0.973,-0.018,0.205,-10.5,0.6,-1.4,-4.3,24.3,-19.9,0.134586627,-0.609088412,-0.0748924223,-0.777977844
222,559798,95880,0.973,-0.018,0.205,-10.5,0.6,-1.4,-4.3,24.3,-19.9,0.134586627,-0.609088412,-0.0748924223,-0.777977844
223,560379,95890,0.962,-0.01,0.209,-11.9,0.3,-1.6,-4.5,24.4,-19.6,0.13370159,-0.609179968,-0.074037904,-0.778130436
224,562830,95890,0.962,-0.01,0.209,-11.9,0.3,-1.6,-4.5,24.4,-19.6,0.13370159,-0.609179968,-0.074037904,-0.778130436
225,567301,95890,0.962,-0.01,0.209,-11.9,0.3,-1.6,-4.5,24.4,-19.6,0.13370159,-0.609179968,-0.074037904,-0.778130436
226,567720,95890,0.958,-0.014,0.217,-13.1,0.1,-1.7,-4.5,24.7,-19.6,0.132816553,-0.609637745,-0.0738242744,-0.777947325
227,570335,95900,0.958,-0.014,0.217,-13.1,0.1,-1.7,-4.5,24.7,-19.6,0.132816553,-0.609637745,-0.0738242744,-0.777947325
228,572719,95900,0.958,-0.014,0.217,-13.1,0.1,-1.7,-4.5,24.7,-19.6,0.132816553,-0.609637745,-0.0738242744,-0.777947325
229,577040,95900,0.958,-0.014,0.217,-13.1,0.1,-1.7,-4.5,24.7,-19.6,0.132816553,-0.609637745,-0.0738242744,-0.777947325
230,579245,95900,0.958,-0.014,0.217,-13.1,0.1,-1.7,-4.5,24.7,-19.6,0.132816553,-0.609637745,-0.0738242744,-0.777947325
231,581377,95910,0.958,0.001,0.213,-14.8,-0.5,-1.7,-4.7,24.4,-19.1,0.131717887,-0.609820856,-0.0726950896,-0.778099918
232,583729,95910,0.958,0.001,0.213,-14.8,-0.5,-1.7,-4.7,24.4,-19.1,0.131717887,-0.609820856,-0.0726950896,-0.778099918
233,585690,95910,0.958,0.001,0.213,-14.8,-0.5,-1.7,-4.7,24.4,-19.1,0.131717887,-0.609820856,-0.0726950896,-0.778099918
234,587912,95910,0.958,0.001,0.213,-14.8,-0.5,-1.7,-4.7,24.4,-19.1,0.131717887,-0.609820856,-0.0726950896,-0.778099918
235,592027,95920,0.962,0.009,0.205,-15.1,-1.3,-1.7,-4.8,24,-18.3,0.130802332,-0.610065004,-0.0717795343,-0.778130436
236,594234,95920,0.966,0.008,0.197,-15,-1.5,-1.7,-4.8,24,-18.3,0.130558184,-0.610126041,-0.0715659047,-0.778160955
237,596666,95920,0.966,0.008,0.197,-15,-1.5,-1.7,-4.8,24,-18.3,0.130558184,-0.610126041,-0.0715659047,-0.778160955
238,599003,95920,0.966,0.008,0.197,-15,-1.5,-1.7,-4.8,24,-18.3,0.130558184,-0.610126041,-0.0715659047,-0.778160955
239,601209,95930,0.966,0.008,0.197,-15,-1.5,-1.7,-4.8,24,-18.3,0.130558184,-0.610126041,-0.0715659047,-0.778160955
240,604923,95930,0.97,0.016,0.189,-15.3,-2.2,-1.8,-4.8,24,-18.3,0.12961211,-0.610431227,-0.0706503494,-0.778160955
241,605256,95930,0.977,0.016,0.189,-15.4,-2.4,-1.8,-4.6,24.4,-19,0.129367962,-0.610522782,-0.0704062014,-0.778160955
242,609504,95930,0.977,0.016,0.189,-15.4,-2.4,-1.8,-4.6,24.4,-19,0.129367962,-0.610522782,-0.0704062014,-0.778160955
243,611712,95940,0.981,0.024,0.189,-15.9,-2.6,-1.9,-4.6,24.4,-19,0.128879666,-0.610675375,-0.0699179052,-0.778160955
244,613961,95940,0.981,0.024,0.189,-15.9,-2.6,-1.9,-4.6,24.4,-19,0.128879666,-0.610675375,-0.0699179052,-0.778160955
245,616240,95940,0.981,0.024,0.189,-15.9,-2.6,-1.9,-4.6,24.4,-19,0.128879666,-0.610675375,-0.0699179052,-0.778160955
246,618618,95940,0.981,0.024,0.189,-15.9,-2.6,-1.9,-4.6,24.4,-19,0.128879666,-0.610675375,-0.0699179052,-0.778160955
247,620617,95950,0.985,0.039,0.193,-18.2,-3.6,-2,-4.6,24.7,-18.9,0.127384259,-0.611407819,-0.0694296091,-0.77785577
248,622736,95950,0.985,0.039,0.193,-18.2,-3.6,-2,-4.6,24.7,-18.9,0.127384259,-0.611407819,-0.0694296091,-0.77785577
249,627469,95950,0.985,0.039,0.193,-18.2,-3.6,-2,-4.6,24.7,-18.9,0.127384259,-0.611407819,-0.0694296091,-0.77785577
250,627857,95950,0.993,0.055,0.189,-21.2,-4.6,-1.6,-4.8,24.3,-18.4,0.126468703,-0.611804559,-0.0685140538,-0.777794733
251,631971,95960,0.993,0.055,0.189,-21.2,-4.6,-1.6,-4.8,24.3,-18.4,0.126468703,-0.611804559,-0.0685140538,-0.777794733
252,634166,95960,0.993,0.055,0.189,-21.2,-4.6,-1.6,-4.8,24.3,-18.4,0.126468703,-0.611804559,-0.0685140538,-0.777794733
253,636361,95960,0.993,0.055,0.189,-21.2,-4.6,-1.6,-4.8,24.3,-18.4,0.126468703,-0.611804559,-0.0685140538,-0.777794733
254,639783,95960,0.993,0.055,0.189,-21.2,-4.6,-1.6,-4.8,24.3,-18.4,0.126468703,-0.611804559,-0.0685140538,-0.777794733
255,641968,95970,0.989,0.063,0.185,-26.3,-4.9,-1.3,-4.8,24.3,-18.3,0.124668111,-0.612537004,-0.0666219062,-0.777672658
256,644330,95970,0.989,0.063,0.185,-26.3,-4.9,-1.3,-4.8,24.3,-18.3,0.124668111,-0.612537004,-0.0666219062,-0.777672658
257,646390,95970,0.977,0.059,0.181,-28.1,-4.7,-1.6,-4.8,24.3,-18.3,0.12387463,-0.612842189,-0.0657368694,-0.77764214
258,648294,95970,0.977,0.063,0.181,-29,-4.7,-1.9,-4.8,24.3,-18.3,0.123447371,-0.612994781,-0.0652790918,-0.777611621
259,652597,95980,0.977,0.063,0.181,-29,-4.7,-1.9,-4.8,24.3,-18.3,0.123447371,-0.612994781,-0.0652790918,-0.777611621
260,653024,95980,0.97,0.055,0.181,-30.6,-4.4,-2.2,-4.8,24.3,-18.3,0.122562334,-0.613299966,-0.064333018,-0.777581103
261,655171,95980,0.97,0.055,0.181,-30.6,-4.4,-2.2,-4.8,24.3,-18.3,0.122562334,-0.613299966,-0.064333018,-0.777581103
262,658005,95980,0.97,0.055,0.181,-30.6,-4.4,-2.2,-4.8,24.3,-18.3,0.122562334,-0.613299966,-0.064333018,-0.777581103
263,660592,95990,0.97,0.055,0.181,-30.6,-4.4,-2.2,-4.8,24.3,-18.3,0.122562334,-0.613299966,-0.064333018,-0.777581103
264,662981,95990,0.97,0.055,0.181,-30.6,-4.4,-2.2,-4.8,24.3,-18.3,0.122562334,-0.613299966,-0.064333018,-0.777581103
265,665911,95990,0.97,0.055,0.181,-30.6,-4.4,-2.2,-4.8,24.3,-18.3,0.122562334,-0.613299966,-0.064333018,-0.777581103
266,669174,95990,0.977,0.043,0.173,-34.7,-2.6,-3,-5,25,-19.3,0.119022187,-0.61445967,-0.0619220557,-0.77742851
267,671354,96000,0.977,0.043,0.173,-34.7,-2.6,-3,-5,25,-19.3,0.119022187,-0.61445967,-0.0619220557,-0.77742851
268,674152,96000,0.977,0.043,0.173,-34.7,-2.6,-3,-5,25,-19.3,0.119022187,-0.61445967,-0.0619220557,-0.77742851
269,676334,96000,0.977,0.043,0.173,-34.7,-2.6,-3,-5,25,-19.3,0.119022187,-0.61445967,-0.0619220557,-0.77742851
270,678348,96000,0.977,0.043,0.173,-34.7,-2.6,-3,-5,25,-19.3,0.119022187,-0.61445967,-0.0619220557,-0.77742851
271,681672,96010,0.977,0.043,0.173,-34.7,-2.6,-3,-5,25,-19.3,0.119022187,-0.61445967,-0.0619220557,-0.77742851
272,684010,96010,0.977,0.043,0.173,-34.7,-2.6,-3,-5,25,-19.3,0.119022187,-0.61445967,-0.0619220557,-0.77742851
273,686380,96010,0.977,0.043,0.173,-34.7,-2.6,-3,-5,25,-19.3,0.119022187,-0.61445967,-0.0619220557,-0.77742851
274,690050,96010,0.977,0.043,0.173,-34.7,-2.6,-3,-5,25,-19.3,0.119022187,-0.61445967,-0.0619220557,-0.77742851
275,690442,96020,0.977,0.012,0.185,-40.7,-1.1,-3.8,-4.7,25.2,-20,0.11383404,-0.615619373,-0.0565507981,-0.777703177
276,693246,96020,0.977,0.012,0.185,-40.7,-1.1,-3.8,-4.7,25.2,-20,0.11383404,-0.615619373,-0.0565507981,-0.777703177
277,696237,96020,0.977,0.012,0.185,-40.7,-1.1,-3.8,-4.7,25.2,-20,0.11383404,-0.615619373,-0.0565507981,-0.777703177
278,698084,96020,0.977,0.012,0.185,-40.7,-1.1,-3.8,-4.7,25.2,-20,0.11383404,-0.615619373,-0.0565507981,-0.777703177
279,700314,96030,0.977,0.012,0.185,-40.7,-1.1,-3.8,-4.7,25.2,-20,0.11383404,-0.615619373,-0.0565507981,-0.777703177
280,702987,96030,0.977,0.012,0.185,-40.7,-1.1,-3.8,-4.7,25.2,-20,0.11383404,-0.615619373,-0.0565507981,-0.777703177
281,705559,96030,0.977,0.012,0.185,-40.7,-1.1,-3.8,-4.7,25.2,-20,0.11383404,-0.615619373,-0.0565507981,-0.777703177
282,707921,96030,0.977,0.012,0.185,-40.7,-1.1,-3.8,-4.7,25.2,-20,0.11383404,-0.615619373,-0.0565507981,-0.777703177
283,710388,96040,0.977,0.012,0.185,-40.7,-1.1,-3.8,-4.7,25.2,-20,0.11383404,-0.615619373,-0.0565507981,-0.777703177
284,712672,96040,0.977,0.012,0.185,-40.7,-1.1,-3.8,-4.7,25.2,-20,0.11383404,-0.615619373,-0.0565507981,-0.777703177
285,715533,96040,0.977,0.012,0.185,-40.7,-1.1,-3.8,-4.7,25.2,-20,0.11383404,-0.615619373,-0.0565507981,-0.777703177
286,719830,96040,0.977,0.012,0.185,-40.7,-1.1,-3.8,-4.7,25.2,-20,0.11383404,-0.615619373,-0.0565507981,-0.777703177
287,720414,96050,0.965,-0.034,0.189,-49.8,1.4,-6.1,-5.1,25.7,-18.3,0.104983673,-0.617267373,-0.0484328745,-0.778191473
288,725101,96050,0.965,-0.034,0.189,-49.8,1.4,-6.1,-5.1,25.7,-18.3,0.104983673,-0.617267373,-0.0484328745,-0.778191473
289,725530,96050,0.958,-0.033,0.186,-50.6,1.5,-6.7,-4.7,25.6,-18.2,0.10339671,-0.617450484,-0.0469069491,-0.778313547
290,727833,96050,0.958,-0.033,0.186,-50.6,1.5,-6.7,-4.7,25.6,-18.2,0.10339671,-0.617450484,-0.0469069491,-0.778313547
291,730429,96060,0.958,-0.033,0.186,-50.6,1.5,-6.7,-4.7,25.6,-18.2,0.10339671,-0.617450484,-0.0469069491,-0.778313547
292,735095,96060,0.958,-0.033,0.186,-50.6,1.5,-6.7,-4.7,25.6,-18.2,0.10339671,-0.617450484,-0.0469069491,-0.778313547
293,735592,96060,0.958,-0.033,0.186,-50.6,1.5,-6.7,-4.7,25.6,-18.2,0.10339671,-0.617450484,-0.0469069491,-0.778313547
294,738417,96060,0.958,-0.033,0.186,-50.6,1.5,-6.7,-4.7,25.6,-18.2,0.10339671,-0.617450484,-0.0469069491,-0.778313547
295,742576,96070,0.958,-0.033,0.186,-50.6,1.5,-6.7,-4.7,25.6,-18.2,0.10339671,-0.617450484,-0.0469069491,-0.778313547
296,743011,96070,0.954,-0.053,0.19,-53.8,0,-8.5,-5.3,25.7,-18.2,0.0975066378,-0.618121891,-0.0413830988,-0.778893399
297,745354,96070,0.954,-0.053,0.19,-53.8,0,-8.5,-5.3,25.7,-18.2,0.0975066378,-0.618121891,-0.0413830988,-0.778893399
298,747754,96070,0.954,-0.053,0.19,-53.8,0,-8.5,-5.3,25.7,-18.2,0.0975066378,-0.618121891,-0.0413830988,-0.778893399
299,752288,96080,0.954,-0.053,0.19,-53.8,0,-8.5,-5.3,25.7,-18.2,0.0975066378,-0.618121891,-0.0413830988,-0.778893399
300,754613,96080,0.954,-0.053,0.19,-53.8,0,-8.5,-5.3,25.7,-18.2,0.0975066378,-0.618121891,-0.0413830988,-0.778893399
301,756546,96080,0.954,-0.053,0.19,-53.8,0,-8.5,-5.3,25.7,-18.2,0.0975066378,-0.618121891,-0.0413830988,-0.778893399
302,758859,96080,0.954,-0.053,0.19,-53.8,0,-8.5,-5.3,25.7,-18.2,0.0975066378,-0.618121891,-0.0413830988,-0.778893399
303,760787,96090,0.954,-0.053,0.19,-53.8,0,-8.5,-5.3,25.7,-18.2,0.0975066378,-0.618121891,-0.0413830988,-0.778893399
304,763093,96090,0.954,-0.053,0.19,-53.8,0,-8.5,-5.3,25.7,-18.2,0.0975066378,-0.618121891,-0.0413830988,-0.778893399
305,766362,96090,0.954,-0.053,0.19,-53.8,0,-8.5,-5.3,25.7,-18.2,0.0975066378,-0.618121891,-0.0413830988,-0.778893399
306,770254,96090,0.954,-0.053,0.19,-53.8,0,-8.5,-5.3,25.7,-18.2,0.0975066378,-0.618121891,-0.0413830988,-0.778893399
307,770593,96100,0.95,-0.065,0.178,-57.4,-1.8,-11.7,-5,25.6,-18,0.0872829371,-0.619830927,-0.0325022126,-0.779137547
308,774588,96100,0.95,-0.065,0.178,-57.4,-1.8,-11.7,-5,25.6,-18,0.0872829371,-0.619830927,-0.0325022126,-0.779137547
309,776880,96100,0.954,-0.069,0.174,-57.6,-1.6,-12.1,-5.1,25.5,-18.1,0.085299234,-0.620105594,-0.0308847316,-0.779229102
310,779113,96100,0.954,-0.069,0.174,-57.6,-1.6,-12.1,-5.1,25.5,-18.1,0.085299234,-0.620105594,-0.0308847316,-0.779229102
311,781294,96110,0.954,-0.073,0.174,-57.6,-0.9,-12.7,-5.1,25.5,-18.1,0.0833155309,-0.620349742,-0.0292672506,-0.779320658
312,783022,96110,0.954,-0.073,0.174,-57.6,-0.9,-12.7,-5.1,25.5,-18.1,0.0833155309,-0.620349742,-0.0292672506,-0.779320658
313,786899,96110,0.954,-0.073,0.174,-57.6,-0.9,-12.7,-5.1,25.5,-18.1,0.0833155309,-0.620349742,-0.0292672506,-0.779320658
314,789208,96110,0.954,-0.073,0.174,-57.6,-0.9,-12.7,-5.1,25.5,-18.1,0.0833155309,-0.620349742,-0.0292672506,-0.779320658
315,791398,96120,0.957,-0.088,0.174,-57.9,0,-14.3,-5.1,25.5,-18.1,0.0792565691,-0.620746483,-0.0260933256,-0.779534288
316,794268,96120,0.953,-0.088,0.17,-58,0.1,-14.8,-5.1,25.5,-18.1,0.0782189398,-0.620838038,-0.0252693258,-0.779595325
317,796480,96120,0.957,-0.096,0.166,-58.2,0.3,-15.3,-5.1,25.5,-18.1,0.077150792,-0.620929594,-0.0245063631,-0.779656362
318,798269,96120,0.957,-0.096,0.166,-58.2,0.3,-15.3,-5.1,25.5,-18.1,0.077150792,-0.620929594,-0.0245063631,-0.779656362
319,800537,96130,0.957,-0.096,0.166,-58.2,0.3,-15.3,-5.1,25.5,-18.1,0.077150792,-0.620929594,-0.0245063631,-0.779656362
320,802819,96130,0.957,-0.096,0.166,-58.2,0.3,-15.3,-5.1,25.5,-18.1,0.077150792,-0.620929594,-0.0245063631,-0.779656362
321,805437,96130,0.957,-0.096,0.166,-58.2,0.3,-15.3,-5.1,25.5,-18.1,0.077150792,-0.620929594,-0.0245063631,-0.779656362
322,808051,96130,0.957,-0.096,0.166,-58.2,0.3,-15.3,-5.1,25.5,-18.1,0.077150792,-0.620929594,-0.0245063631,-0.779656362
323,812252,96140,0.957,-0.096,0.166,-58.2,0.3,-15.3,-5.1,25.5,-18.1,0.077150792,-0.620929594,-0.0245063631,-0.779656362
324,814772,96140,0.961,-0.108,0.158,-57.3,0.9,-18,-5.7,27.6,-15.6,0.0696432386,-0.62141789,-0.019165624,-0.780114139
325,817009,96140,0.961,-0.108,0.158,-57.3,0.9,-18,-5.7,27.6,-15.6,0.0696432386,-0.62141789,-0.019165624,-0.780114139
326,819090,96140,0.969,-0.116,0.154,-56.3,0.5,-18.9,-5.7,27.6,-15.6,0.067751091,-0.622058779,-0.0173955504,-0.779808954
327,821445,96150,0.969,-0.116,0.154,-56.3,0.5,-18.9,-5.7,27.6,-15.6,0.067751091,-0.622058779,-0.0173955504,-0.779808954
328,824291,96150,0.969,-0.12,0.15,-56.8,0.3,-19.3,-5.7,27.6,-15.6,0.0655232398,-0.622180853,-0.015991699,-0.779931028
329,826915,96150,0.969,-0.12,0.15,-56.8,0.3,-19.3,-5.7,27.6,-15.6,0.0655232398,-0.622180853,-0.015991699,-0.779931028
330,829198,96150,0.969,-0.12,0.15,-56.8,0.3,-19.3,-5.7,27.6,-15.6,0.0655232398,-0.622180853,-0.015991699,-0.779931028
331,831948,96160,0.969,-0.12,0.15,-56.8,0.3,-19.3,-5.7,27.6,-15.6,0.0655232398,-0.622180853,-0.015991699,-0.779931028
332,833971,96160,0.969,-0.12,0.15,-56.8,0.3,-19.3,-5.7,27.6,-15.6,0.0655232398,-0.622180853,-0.015991699,-0.779931028
333,836405,96160,0.973,-0.12,0.146,-59.9,-0.7,-19.3,-5.7,27.6,-15.6,0.0599078341,-0.622577593,-0.0122989593,-0.780144658
334,838280,96160,0.977,-0.116,0.142,-60.4,-1,-19.3,-5.7,27.6,-15.6,0.0587786493,-0.622669149,-0.0115359966,-0.780175176
335,840587,96170,0.977,-0.116,0.142,-60.4,-1,-19.3,-5.7,27.6,-15.6,0.0587786493,-0.622669149,-0.0115359966,-0.780175176
336,842975,96170,0.984,-0.124,0.146,-61.5,-1.5,-19.4,-5.7,27.6,-15.6,0.056428724,-0.62285226,-0.0099795526,-0.780205695
337,845589,96170,0.984,-0.124,0.146,-62,-1.5,-19.4,-5.7,27.6,-15.6,0.0552690207,-0.622943815,-0.00918607135,-0.780236213
338,848683,96170,0.98,-0.124,0.142,-62.4,-1.5,-19.6,-5.7,27.6,-15.6,0.0540787988,-0.623035371,-0.00839259011,-0.780236213
339,850429,96180,0.984,-0.124,0.142,-62.8,-1.7,-19.7,-5.7,27.6,-15.6,0.0528885769,-0.623157445,-0.00756859035,-0.780236213
340,854422,96180,0.984,-0.124,0.142,-62.8,-1.7,-19.7,-5.7,27.6,-15.6,0.0528885769,-0.623157445,-0.00756859035,-0.780236213
341,857232,96180,0.988,-0.124,0.138,-63.1,-2,-20,-6,27.6,-15.3,0.0505081332,-0.623340556,-0.00598162786,-0.780266732
342,859466,96180,0.988,-0.124,0.138,-63.1,-2,-20,-6,27.6,-15.3,0.0505081332,-0.623340556,-0.00598162786,-0.780266732
343,861740,96190,0.988,-0.124,0.138,-63.1,-2,-20,-6,27.6,-15.3,0.0505081332,-0.623340556,-0.00598162786,-0.780266732
344,863939,96190,0.992,-0.124,0.138,-63.9,-1.8,-20.6,-6,27.6,-15.3,0.046845912,-0.623645741,-0.00357066561,-0.780266732
345,865700,96190,0.992,-0.128,0.134,-64.2,-1.9,-20.8,-6,27.6,-15.3,0.0459303568,-0.62428663,-0.00231940672,-0.779808954
346,869939,96190,0.992,-0.128,0.134,-64.2,-1.9,-20.8,-6,27.6,-15.3,0.0447096164,-0.624378185,-0.00149540696,-0.779808954
347,870393,96200,0.996,-0.124,0.13,-64.3,-1.9,-21,-6,27.6,-15.3,0.043488876,-0.624469741,-0.000701925718,-0.779808954
348,875151,96200,0.996,-0.124,0.13,-64.3,-1.9,-21,-6,27.6,-15.3,0.043488876,-0.624469741,-0.000701925718,-0.779808954
349,875572,96200,0.996,-0.124,0.13,-64.5,-1.5,-21.2,-6,27.6,-15.3,0.0410168767,-0.624652852,0.000885036775,-0.779778436
350,877843,96200,0.996,-0.124,0.13,-64.5,-1.5,-21.2,-6,27.6,-15.3,0.0410168767,-0.624652852,0.000885036775,-0.779778436
351,880318,96210,0.996,-0.124,0.13,-64.5,-1.5,-21.2,-6,27.6,-15.3,0.0410168767,-0.624652852,0.000885036775,-0.779778436
352,884183,96210,0.996,-0.124,0.13,-64.5,-1.5,-21.2,-6,27.6,-15.3,0.0410168767,-0.624652852,0.000885036775,-0.779778436
353,886425,96210,0.996,-0.124,0.13,-64.5,-1.5,-21.2,-6,27.6,-15.3,0.0410168767,-0.624652852,0.000885036775,-0.779778436
354,888310,96210,1,-0.128,0.111,-64.3,-0.2,-22.1,-6,27.6,-15.3,0.0347605823,-0.624988556,0.00488296152,-0.779808954
355,890387,96220,1,-0.128,0.111,-64.3,-0.2,-22.1,-6,27.6,-15.3,0.0347605823,-0.624988556,0.00488296152,-0.779808954
356,893032,96220,1,-0.128,0.111,-64.3,-0.2,-22.1,-6,27.6,-15.3,0.0347605823,-0.624988556,0.00488296152,-0.779808954
357,897075,96220,1.004,-0.128,0.107,-64.1,0.1,-22.5,-6.8,27.8,-14.4,0.0309762871,-0.625141148,0.00723288675,-0.779839473
358,899277,96220,1.011,-0.129,0.099,-64.1,0.2,-22.6,-6.8,27.8,-14.4,0.0297250282,-0.625171667,0.00802636799,-0.779839473
359,901517,96230,1.008,-0.132,0.095,-63.9,0.4,-22.6,-6.8,27.8,-14.4,0.0284432508,-0.625232704,0.00878933073,-0.779839473
360,903815,96230,1.008,-0.129,0.091,-63.8,0.6,-22.7,-6.8,27.8,-14.4,0.0272225105,-0.625263222,0.00958281198,-0.779869991
361,905685,96230,1.008,-0.133,0.091,-63.6,1,-22.7,-6.6,27.5,-13.8,0.0259712516,-0.625293741,0.0103457747,-0.779869991
362,908027,96230,1.011,-0.133,0.091,-63.6,1.4,-22.8,-6.6,27.5,-13.8,0.0246589557,-0.625293741,0.0111087374,-0.77990051
363,910555,96240,1.007,-0.14,0.091,-63.6,1.9,-22.8,-6.6,27.5,-13.8,0.0234382153,-0.625293741,0.0119022187,-0.77990051
364,913304,96240,1.007,-0.133,0.087,-63.8,2.4,-22.8,-6.6,27.5,-13.8,0.0221869564,-0.625293741,0.0126651814,-0.779931028
365,916538,96240,1.011,-0.14,0.091,-64.1,3.5,-23,-6.7,28.3,-13.9,0.0214239937,-0.626270333,0.0141300699,-0.779137547
366,918814,96240,1.011,-0.14,0.083,-64.1,3.5,-23,-6.7,28.3,-13.9,0.0201422163,-0.626239814,0.0148930326,-0.779198584
367,920542,96250,1.011,-0.152,0.087,-64.5,4.1,-23.2,-6.7,28.3,-13.9,0.0188604389,-0.626209296,0.0156865139,-0.779229102
368,922988,96250,1.011,-0.152,0.087,-64.5,4.1,-23.2,-6.7,28.3,-13.9,0.0188604389,-0.626209296,0.0156865139,-0.779229102
369,927486,96250,1.019,-0.16,0.091,-64.7,5.3,-23.7,-6.5,28.3,-13.5,0.0162968841,-0.62611774,0.0172124393,-0.779351176
370,928228,96250,1.019,-0.168,0.091,-64.6,6,-24,-6.5,28.3,-13.5,0.0150151067,-0.626056703,0.0180059206,-0.779412214
371,931174,96260,1.019,-0.168,0.091,-64.6,6,-24,-6.5,28.3,-13.5,0.0150151067,-0.626056703,0.0180059206,-0.779412214
372,933743,96260,1.035,-0.184,0.098,-64.5,7.5,-24.9,-6.5,28.3,-13.5,0.0123905148,-0.625873592,0.0195318461,-0.779564806
373,935635,96260,1.023,-0.191,0.098,-64.6,8.2,-25.4,-7,28.2,-13.2,0.0110782189,-0.625751518,0.0202642903,-0.779656362
374,939661,96260,1.023,-0.191,0.098,-64.6,8.2,-25.4,-7,28.2,-13.2,0.0110782189,-0.625751518,0.0202642903,-0.779656362
375,941967,96270,1.035,-0.203,0.106,-64.9,9,-26.5,-7,28.2,-13.2,0.00839259011,-0.62550737,0.0217902158,-0.779839473
376,944175,96270,1.035,-0.203,0.106,-64.9,9,-26.5,-7,28.2,-13.2,0.00839259011,-0.62550737,0.0217902158,-0.779839473
377,946470,96270,1.031,-0.219,0.114,-65.2,9.4,-27.3,-8.2,28.1,-13,0.00567644276,-0.625232704,0.0232856227,-0.780053102
378,948708,96270,1.015,-0.226,0.114,-65.4,9.5,-27.9,-8.2,28.1,-13,0.00430310984,-0.625080111,0.024018067,-0.780144658
379,950350,96280,1.015,-0.226,0.114,-65.4,9.5,-27.9,-8.2,28.1,-13,0.00430310984,-0.625080111,0.024018067,-0.780144658
380,954329,96280,1.015,-0.226,0.114,-65.4,9.5,-27.9,-8.2,28.1,-13,0.00430310984,-0.625080111,0.024018067,-0.780144658
381,956733,96280,1.007,-0.234,0.126,-68.4,7.4,-29.4,-6.8,27.4,-12.6,9.15555284e-05,-0.624713889,0.0262459181,-0.780388806
382,958892,96280,0.98,-0.226,0.127,-70.8,5.5,-30.4,-6.8,27.4,-12.6,0.00137333293,0.624622333,-0.0270393994,0.780419324
383,961334,96290,0.98,-0.226,0.127,-70.8,5.5,-30.4,-6.8,27.4,-12.6,0.00137333293,0.624622333,-0.0270393994,0.780419324
384,963846,96290,1.046,-0.27,0.129,-78.1,-0.2,-31.6,-6.8,27.4,-12.6,0.0045167394,0.624591815,-0.0287789544,0.780358287
385,966400,96290,1.046,-0.27,0.129,-78.1,-0.2,-31.6,-6.8,27.4,-12.6,0.0045167394,0.624591815,-0.0287789544,0.780358287
386,968017,96290,1.046,-0.27,0.129,-78.1,-0.2,-31.6,-6.8,27.4,-12.6,0.0045167394,0.624591815,-0.0287789544,0.780358287
387,971650,96300,1.046,-0.27,0.129,-78.1,-0.2,-31.6,-6.8,27.4,-12.6,0.0045167394,0.624591815,-0.0287789544,0.780358287
388,973903,96300,1.163,-0.295,0.131,-95.6,-12.9,-28.6,-8.2,28.9,-12.7,0.0107119968,0.625690481,-0.0342112491,0.779229102
389,976273,96300,1.163,-0.295,0.131,-95.6,-12.9,-28.6,-8.2,28.9,-12.7,0.0107119968,0.625690481,-0.0342112491,0.779229102
390,979271,96300,1.163,-0.295,0.131,-95.6,-12.9,-28.6,-8.2,28.9,-12.7,0.0107119968,0.625690481,-0.0342112491,0.779229102
391,981518,96310,1.163,-0.295,0.131,-95.6,-12.9,-28.6,-8.2,28.9,-12.7,0.0107119968,0.625690481,-0.0342112491,0.779229102
392,983730,96310,1.163,-0.369,0.116,-109.7,-11,-29.1,-8.7,29.2,-12.2,0.0184026612,0.626545,-0.0398266549,0.778130436
393,985643,96310,1.182,-0.405,0.108,-110.6,-8.5,-33.2,-8.6,28.8,-11.8,0.0204474013,0.626667074,-0.0412305063,0.777916807
394,988701,96310,1.194,-0.456,0.096,-110.6,-5.8,-40.5,-8.6,28.8,-11.8,0.022644734,0.626728111,-0.0425733207,0.777703177
395,990908,96320,1.221,-0.515,0.084,-109.9,-3.7,-49.1,-8.6,28.8,-11.8,0.0249946593,0.626789148,-0.0437330241,0.777520066
396,994163,96320,1.221,-0.515,0.084,-109.9,-3.7,-49.1,-8.6,28.8,-11.8,0.0249946593,0.626789148,-0.0437330241,0.777520066
397,996799,96320,1.275,-0.59,0.079,-102.8,0.5,-61.5,-9.2,29.4,-11.4,0.0298776208,0.626819666,-0.0456862087,0.777245399
398,999114,96320,1.264,-0.637,0.079,-94.8,4.3,-62.6,-9.2,29.4,-11.4,0.032227546,0.626728111,-0.0464186529,0.777153844
399,1001169,96330,1.248,-0.648,0.091,-84.1,10,-59.5,-9.2,29.4,-11.4,0.0343943602,0.626545,-0.0470595416,0.777153844
400,1003062,96330,1.248,-0.648,0.091,-84.1,10,-59.5,-9.2,29.4,-11.4,0.0343943602,0.626545,-0.0470595416,0.777153844
401,1005263,96330,1.248,-0.648,0.091,-84.1,10,-59.5,-9.2,29.4,-11.4,0.0343943602,0.626545,-0.0470595416,0.777153844
402,1009631,96330,1.248,-0.648,0.091,-84.1,10,-59.5,-9.2,29.4,-11.4,0.0343943602,0.626545,-0.0470595416,0.777153844
403,1012017,96340,1.131,-0.65,0.113,-45.3,38.7,-27.9,-7.6,28.5,-10.7,0.040314951,0.624591815,-0.0486770226,0.778374584
404,1014171,96340,1.131,-0.65,0.113,-45.3,38.7,-27.9,-7.6,28.5,-10.7,0.040314951,0.624591815,-0.0486770226,0.778374584
405,1016490,96340,1.131,-0.65,0.113,-45.3,38.7,-27.9,-7.6,28.5,-10.7,0.040314951,0.624591815,-0.0486770226,0.778374584
406,1018675,96340,1.131,-0.65,0.113,-45.3,38.7,-27.9,-7.6,28.5,-10.7,0.040314951,0.624591815,-0.0486770226,0.778374584
407,1021579,96350,1.131,-0.65,0.113,-45.3,38.7,-27.9,-7.6,28.5,-10.7,0.040314951,0.624591815,-0.0486770226,0.778374584
408,1024223,96350,1.131,-0.65,0.113,-45.3,38.7,-27.9,-7.6,28.5,-10.7,0.040314951,0.624591815,-0.0486770226,0.778374584
409,1026306,96350,1.131,-0.65,0.113,-45.3,38.7,-27.9,-7.6,28.5,-10.7,0.040314951,0.624591815,-0.0486770226,0.778374584
410,1028707,96350,1.131,-0.65,0.113,-45.3,38.7,-27.9,-7.6,28.5,-10.7,0.040314951,0.624591815,-0.0486770226,0.778374584
411,1031677,96360,1.131,-0.65,0.113,-45.3,38.7,-27.9,-7.6,28.5,-10.7,0.040314951,0.624591815,-0.0486770226,0.778374584
412,1033637,96360,1.017,-0.956,0.229,-91.1,34.8,-41.1,-9.1,28.4,-10.8,0.0537125767,0.618091372,-0.0541703543,0.78234199
413,1035610,96360,1.02,-1.195,0.179,-100.9,32.6,-34.8,-8.7,28.6,-10.2,0.0556962798,0.617481002,-0.0553910947,0.782647176
414,1039666,96360,1.04,-1.254,0.178,-114,29.4,-24.3,-8.7,28.6,-10.2,0.0577105014,0.616840114,-0.0569780572,0.782860805
415,1042061,96370,1.063,-1.223,0.217,-125.4,26.7,-17.5,-8.7,28.6,-10.2,0.059724723,0.616260262,-0.0588396863,0.783043916
416,1044309,96370,1.063,-1.223,0.217,-125.4,26.7,-17.5,-8.7,28.6,-10.2,0.059724723,0.616260262,-0.0588396863,0.783043916
417,1046439,96370,1.028,-1.253,0.269,-123.4,27.8,-32.8,-8.4,28.9,-9.5,0.0641193884,0.61507004,-0.0623798334,0.783349101
418,1048853,96370,1.036,-1.246,0.284,-112.1,31,-46.5,-8.4,28.9,-9.5,0.0664387951,0.614429151,-0.0636310923,0.783562731
419,1051147,96380,1.013,-1.265,0.296,-100.6,33.7,-54.7,-8.4,28.9,-9.5,0.0687887204,0.613788263,-0.0645466475,0.78377636
420,1053075,96380,0.974,-1.327,0.282,-92.3,35.1,-54.8,-8.4,28.9,-9.5,0.0710165716,0.613116855,-0.0653401288,0.784051027
421,1057248,96380,0.958,-1.338,0.282,-87.5,35,-48.1,-9.1,28.5,-9,0.0730613117,0.612475967,-0.06613361,0.784295175
422,1059326,96380,0.954,-1.424,0.259,-84.9,34.1,-37.4,-9.1,28.5,-9,0.0748619037,0.611804559,-0.0670491653,0.784569842
423,1062289,96390,0.954,-1.424,0.259,-84.9,34.1,-37.4,-9.1,28.5,-9,0.0748619037,0.611804559,-0.0670491653,0.784569842
424,1062864,96390,0.972,-1.581,0.219,-77.5,31.3,-16.8,-9.1,28.5,-9,0.0778221992,0.610492264,-0.0690939055,0.785119175
425,1066874,96390,0.972,-1.581,0.219,-77.5,31.3,-16.8,-9.1,28.5,-9,0.0778221992,0.610492264,-0.0690939055,0.785119175
426,1069168,96390,0.972,-1.55,0.212,-52,32.6,-16.7,-9.2,28.6,-9.2,0.0798974578,0.609241005,-0.0703451643,0.785790582
427,1071392,96400,0.972,-1.55,0.212,-52,32.6,-16.7,-9.2,28.6,-9.2,0.0798974578,0.609241005,-0.0703451643,0.785790582
428,1073628,96400,0.972,-1.55,0.212,-52,32.6,-16.7,-9.2,28.6,-9.2,0.0798974578,0.609241005,-0.0703451643,0.785790582
429,1075537,96400,0.972,-1.55,0.212,-52,32.6,-16.7,-9.2,28.6,-9.2,0.0798974578,0.609241005,-0.0703451643,0.785790582
430,1079659,96400,0.972,-1.55,0.212,-52,32.6,-16.7,-9.2,28.6,-9.2,0.0798974578,0.609241005,-0.0703451643,0.785790582
431,1081656,96410,0.952,-1.546,0.141,41,47.6,-15.1,-9,28.4,-8.7,0.0817285684,0.60585345,-0.0677205725,0.788445692
432,1083840,96410,0.952,-1.546,0.141,41,47.6,-15.1,-9,28.4,-8.7,0.0817285684,0.60585345,-0.0677205725,0.788445692
433,1086282,96410,0.952,-1.546,0.141,41,47.6,-15.1,-9,28.4,-8.7,0.0817285684,0.60585345,-0.0677205725,0.788445692
434,1088010,96410,0.952,-1.546,0.141,41,47.6,-15.1,-9,28.4,-8.7,0.0817285684,0.60585345,-0.0677205725,0.788445692
435,1090364,96420,0.952,-1.546,0.141,41,47.6,-15.1,-9,28.4,-8.7,0.0817285684,0.60585345,-0.0677205725,0.788445692
436,1092666,96420,0.952,-1.546,0.141,41,47.6,-15.1,-9,28.4,-8.7,0.0817285684,0.60585345,-0.0677205725,0.788445692
437,1095178,96420,0.952,-1.546,0.141,41,47.6,-15.1,-9,28.4,-8.7,0.0817285684,0.60585345,-0.0677205725,0.788445692
438,1098721,96420,0.952,-1.546,0.141,41,47.6,-15.1,-9,28.4,-8.7,0.0817285684,0.60585345,-0.0677205725,0.788445692
439,1101517,96430,0.952,-1.546,0.141,41,47.6,-15.1,-9,28.4,-8.7,0.0817285684,0.60585345,-0.0677205725,0.788445692
440,1103802,96430,0.952,-1.546,0.141,41,47.6,-15.1,-9,28.4,-8.7,0.0817285684,0.60585345,-0.0677205725,0.788445692
441,1106211,96430,0.952,-1.546,0.141,41,47.6,-15.1,-9,28.4,-8.7,0.0817285684,0.60585345,-0.0677205725,0.788445692
442,1108125,96430,0.952,-1.546,0.141,41,47.6,-15.1,-9,28.4,-8.7,0.0817285684,0.60585345,-0.0677205725,0.788445692
443,1110465,96440,0.952,-1.546,0.141,41,47.6,-15.1,-9,28.4,-8.7,0.0817285684,0.60585345,-0.0677205725,0.788445692
444,1112731,96440,0.952,-1.546,0.141,41,47.6,-15.1,-9,28.4,-8.7,0.0817285684,0.60585345,-0.0677205725,0.788445692
445,1115186,96440,0.952,-1.546,0.141,41,47.6,-15.1,-9,28.4,-8.7,0.0817285684,0.60585345,-0.0677205725,0.788445692
446,1119614,96440,0.952,-1.546,0.141,41,47.6,-15.1,-9,28.4,-8.7,0.0817285684,0.60585345,-0.0677205725,0.788445692
447,1121892,96450,0.952,-1.546,0.141,41,47.6,-15.1,-9,28.4,-8.7,0.0817285684,0.60585345,-0.0677205725,0.788445692
448,1124185,96450,0.952,-1.546,0.141,41,47.6,-15.1,-9,28.4,-8.7,0.0817285684,0.60585345,-0.0677205725,0.788445692
449,1125839,96450,0.952,-1.546,0.141,41,47.6,-15.1,-9,28.4,-8.7,0.0817285684,0.60585345,-0.0677205725,0.788445692
450,1128524,96450,0.952,-1.546,0.141,41,47.6,-15.1,-9,28.4,-8.7,0.0817285684,0.60585345,-0.0677205725,0.788445692
451,1131188,96460,0.952,-1.546,0.141,41,47.6,-15.1,-9,28.4,-8.7,0.0817285684,0.60585345,-0.0677205725,0.788445692
452,1133777,96460,1.122,-1.55,-0.182,131.4,0,68.5,-7.9,28.1,-10.6,0.0473342082,0.598834193,-0.0510269478,0.797814875
453,1135471,96460,1.111,-1.519,-0.193,156.9,7.7,72.4,-7.4,28.4,-10.8,0.0440382092,0.598773156,-0.0492263558,0.798181097
454,1137810,96460,1.111,-1.519,-0.193,156.9,7.7,72.4,-7.4,28.4,-10.8,0.0440382092,0.598773156,-0.0492263558,0.798181097
455,1141826,96470,1.111,-1.519,-0.193,156.9,7.7,72.4,-7.4,28.4,-10.8,0.0440382092,0.598773156,-0.0492263558,0.798181097
456,1144153,96470,0.959,-1.294,-0.261,230.8,41.6,105.2,-7.4,28.4,-10.8,0.0311288797,0.597430342,-0.0418408765,0.800195318
457,1146296,96470,0.959,-1.294,-0.261,230.8,41.6,105.2,-7.4,28.4,-10.8,0.0311288797,0.597430342,-0.0418408765,0.800195318
458,1148599,96470,0.959,-1.294,-0.261,230.8,41.6,105.2,-7.4,28.4,-10.8,0.0311288797,0.597430342,-0.0418408765,0.800195318
459,1150336,96480,0.959,-1.294,-0.261,230.8,41.6,105.2,-7.4,28.4,-10.8,0.0311288797,0.597430342,-0.0418408765,0.800195318
460,1152789,96480,0.959,-1.294,-0.261,230.8,41.6,105.2,-7.4,28.4,-10.8,0.0311288797,0.597430342,-0.0418408765,0.800195318
461,1155690,96480,0.959,-1.294,-0.261,230.8,41.6,105.2,-7.4,28.4,-10.8,0.0311288797,0.597430342,-0.0418408765,0.800195318
462,1157875,96480,0.959,-1.294,-0.261,230.8,41.6,105.2,-7.4,28.4,-10.8,0.0311288797,0.597430342,-0.0418408765,0.800195318
463,1160200,96490,0.959,-1.294,-0.261,230.8,41.6,105.2,-7.4,28.4,-10.8,0.0311288797,0.597430342,-0.0418408765,0.800195318
464,1164130,96490,0.959,-1.294,-0.261,230.8,41.6,105.2,-7.4,28.4,-10.8,0.0311288797,0.597430342,-0.0418408765,0.800195318
465,1166447,96490,0.959,-1.294,-0.261,230.8,41.6,105.2,-7.4,28.4,-10.8,0.0311288797,0.597430342,-0.0418408765,0.800195318
466,1168693,96490,0.959,-1.294,-0.261,230.8,41.6,105.2,-7.4,28.4,-10.8,0.0311288797,0.597430342,-0.0418408765,0.800195318
467,1171276,96500,0.959,-1.294,-0.261,230.8,41.6,105.2,-7.4,28.4,-10.8,0.0311288797,0.597430342,-0.0418408765,0.800195318
468,1173805,96500,0.959,-1.294,-0.261,230.8,41.6,105.2,-7.4,28.4,-10.8,0.0311288797,0.597430342,-0.0418408765,0.800195318
469,1175928,96500,0.959,-1.294,-0.261,230.8,41.6,105.2,-7.4,28.4,-10.8,0.0311288797,0.597430342,-0.0418408765,0.800195318
470,1177920,96500,1.208,-0.968,-0.666,250.5,3.1,230.7,-3.4,27.7,-15,0.0584429456,-0.588213752,0.0119327372,-0.806482131
471,1182030,96510,1.208,-0.968,-0.666,250.5,3.1,230.7,-3.4,27.7,-15,0.0584429456,-0.588213752,0.0119327372,-0.806482131
472,1184261,96510,1.262,-0.958,-0.753,257.3,-4.7,248.8,-3.4,27.7,-15,0.0735801263,-0.587450789,0.00921658986,-0.805810724
473,1186506,96510,1.262,-0.958,-0.753,257.3,-4.7,248.8,-3.4,27.7,-15,0.0735801263,-0.587450789,0.00921658986,-0.805810724
474,1188723,96510,1.262,-0.958,-0.753,257.3,-4.7,248.8,-3.4,27.7,-15,0.0735801263,-0.587450789,0.00921658986,-0.805810724
475,1190367,96520,1.262,-0.958,-0.753,257.3,-4.7,248.8,-3.4,27.7,-15,0.0735801263,-0.587450789,0.00921658986,-0.805810724
476,1192672,96520,1.262,-0.958,-0.753,257.3,-4.7,248.8,-3.4,27.7,-15,0.0735801263,-0.587450789,0.00921658986,-0.805810724
477,1195347,96520,1.262,-0.958,-0.753,257.3,-4.7,248.8,-3.4,27.7,-15,0.0735801263,-0.587450789,0.00921658986,-0.805810724
478,1199673,96520,1.571,-0.717,-0.846,390.4,-25.2,268.9,-0.8,26.8,-17.3,0.126194037,-0.584856716,-0.00393688772,-0.801232948
479,1201988,96530,1.622,-0.644,-0.827,428.4,-29.9,263.7,-0.8,26.8,-17.3,0.136295663,-0.584185308,-0.00814844203,-0.800042726
480,1204229,96530,1.622,-0.644,-0.827,428.4,-29.9,263.7,-0.8,26.8,-17.3,0.136295663,-0.584185308,-0.00814844203,-0.800042726
481,1206474,96530,1.622,-0.644,-0.827,428.4,-29.9,263.7,-0.8,26.8,-17.3,0.136295663,-0.584185308,-0.00814844203,-0.800042726
482,1208742,96530,1.622,-0.644,-0.827,428.4,-29.9,263.7,-0.8,26.8,-17.3,0.136295663,-0.584185308,-0.00814844203,-0.800042726
483,1210701,96540,1.991,-0.204,-0.694,540.6,-45,264.8,-0.6,25.6,-19.1,0.180059206,-0.580401013,-0.0307626576,-0.793542283
484,1212983,96540,1.991,-0.204,-0.694,540.6,-45,264.8,-0.6,25.6,-19.1,0.180059206,-0.580401013,-0.0307626576,-0.793542283
485,1217018,96540,2.203,0.053,-0.694,548,-47.2,292.3,0.5,24,-21,0.203650014,-0.577898495,-0.0429090243,-0.789086581
486,1219204,96540,2.25,0.166,-0.707,539.1,-46.4,312.1,0.5,24,-21,0.215765862,-0.576525163,-0.048463393,-0.786553545
487,1221471,96550,2.25,0.166,-0.707,539.1,-46.4,312.1,0.5,24,-21,0.215765862,-0.576525163,-0.048463393,-0.786553545
488,1223780,96550,2.25,0.166,-0.707,539.1,-46.4,312.1,0.5,24,-21,0.215765862,-0.576525163,-0.048463393,-0.786553545
489,1225689,96550,2.25,0.166,-0.707,539.1,-46.4,312.1,0.5,24,-21,0.215765862,-0.576525163,-0.048463393,-0.786553545
490,1229725,96550,2.25,0.166,-0.707,539.1,-46.4,312.1,0.5,24,-21,0.215765862,-0.576525163,-0.048463393,-0.786553545
491,1231968,96560,2.733,0.546,-1.14,442,-7.6,422.9,1.3,22.6,-22.5,0.278023621,-0.568559832,-0.0662862026,-0.771355327
492,1234211,96560,2.733,0.546,-1.14,442,-7.6,422.9,1.3,22.6,-22.5,0.278023621,-0.568559832,-0.0662862026,-0.771355327
493,1236468,96560,2.733,0.546,-1.14,442,-7.6,422.9,1.3,22.6,-22.5,0.278023621,-0.568559832,-0.0662862026,-0.771355327
494,1238695,96560,2.733,0.546,-1.14,442,-7.6,422.9,1.3,22.6,-22.5,0.278023621,-0.568559832,-0.0662862026,-0.771355327
495,1240726,96570,2.733,0.546,-1.14,442,-7.6,422.9,1.3,22.6,-22.5,0.278023621,-0.568559832,-0.0662862026,-0.771355327
496,1243254,96570,2.733,0.546,-1.14,442,-7.6,422.9,1.3,22.6,-22.5,0.278023621,-0.568559832,-0.0662862026,-0.771355327
497,1245160,96570,2.733,0.546,-1.14,442,-7.6,422.9,1.3,22.6,-22.5,0.278023621,-0.568559832,-0.0662862026,-0.771355327
498,1247675,96570,2.733,0.546,-1.14,442,-7.6,422.9,1.3,22.6,-22.5,0.278023621,-0.568559832,-0.0662862026,-0.771355327
499,1251840,96580,2.733,0.546,-1.14,442,-7.6,422.9,1.3,22.6,-22.5,0.278023621,-0.568559832,-0.0662862026,-0.771355327
500,1254098,96580,2.733,0.546,-1.14,442,-7.6,422.9,1.3,22.6,-22.5,0.278023621,-0.568559832,-0.0662862026,-0.771355327
501,1256438,96580,2.733,0.546,-1.14,442,-7.6,422.9,1.3,22.6,-22.5,0.278023621,-0.568559832,-0.0662862026,-0.771355327
502,1258276,96580,2.733,0.546,-1.14,442,-7.6,422.9,1.3,22.6,-22.5,0.278023621,-0.568559832,-0.0662862026,-0.771355327
503,1260641,96590,2.733,0.546,-1.14,442,-7.6,422.9,1.3,22.6,-22.5,0.278023621,-0.568559832,-0.0662862026,-0.771355327
504,1262892,96590,2.733,0.546,-1.14,442,-7.6,422.9,1.3,22.6,-22.5,0.278023621,-0.568559832,-0.0662862026,-0.771355327
505,1265353,96590,2.733,0.546,-1.14,442,-7.6,422.9,1.3,22.6,-22.5,0.278023621,-0.568559832,-0.0662862026,-0.771355327
506,1267639,96590,2.733,0.546,-1.14,442,-7.6,422.9,1.3,22.6,-22.5,0.278023621,-0.568559832,-0.0662862026,-0.771355327
507,1272192,96600,2.733,0.546,-1.14,442,-7.6,422.9,1.3,22.6,-22.5,0.278023621,-0.568559832,-0.0662862026,-0.771355327
508,1274289,96600,2.733,0.546,-1.14,442,-7.6,422.9,1.3,22.6,-22.5,0.278023621,-0.568559832,-0.0662862026,-0.771355327
509,1276671,96600,2.733,0.546,-1.14,442,-7.6,422.9,1.3,22.6,-22.5,0.278023621,-0.568559832,-0.0662862026,-0.771355327
510,1278858,96600,2.733,0.546,-1.14,442,-7.6,422.9,1.3,22.6,-22.5,0.278023621,-0.568559832,-0.0662862026,-0.771355327
511,1281163,96610,2.733,0.546,-1.14,442,-7.6,422.9,1.3,22.6,-22.5,0.278023621,-0.568559832,-0.0662862026,-0.771355327
512,1283066,96610,2.733,0.546,-1.14,442,-7.6,422.9,1.3,22.6,-22.5,0.278023621,-0.568559832,-0.0662862026,-0.771355327
513,1285329,96610,2.733,0.546,-1.14,442,-7.6,422.9,1.3,22.6,-22.5,0.278023621,-0.568559832,-0.0662862026,-0.771355327
514,1289358,96610,2.733,0.546,-1.14,442,-7.6,422.9,1.3,22.6,-22.5,0.278023621,-0.568559832,-0.0662862026,-0.771355327
515,1291616,96620,2.733,0.546,-1.14,442,-7.6,422.9,1.3,22.6,-22.5,0.278023621,-0.568559832,-0.0662862026,-0.771355327
516,1293816,96620,2.733,0.546,-1.14,442,-7.6,422.9,1.3,22.6,-22.5,0.278023621,-0.568559832,-0.0662862026,-0.771355327
517,1295757,96620,2.733,0.546,-1.14,442,-7.6,422.9,1.3,22.6,-22.5,0.278023621,-0.568559832,-0.0662862026,-0.771355327
518,1298065,96620,2.733,0.546,-1.14,442,-7.6,422.9,1.3,22.6,-22.5,0.278023621,-0.568559832,-0.0662862026,-0.771355327
519,1300318,96630,2.733,0.546,-1.14,442,-7.6,422.9,1.3,22.6,-22.5,0.278023621,-0.568559832,-0.0662862026,-0.771355327
520,1302943,96630,2.733,0.546,-1.14,442,-7.6,422.9,1.3,22.6,-22.5,0.278023621,-0.568559832,-0.0662862026,-0.771355327
521,1306613,96630,2.733,0.546,-1.14,442,-7.6,422.9,1.3,22.6,-22.5,0.278023621,-0.568559832,-0.0662862026,-0.771355327
522,1308882,96630,2.733,0.546,-1.14,442,-7.6,422.9,1.3,22.6,-22.5,0.278023621,-0.568559832,-0.0662862026,-0.771355327
523,1311225,96640,2.733,0.546,-1.14,442,-7.6,422.9,1.3,22.6,-22.5,0.278023621,-0.568559832,-0.0662862026,-0.771355327
524,1313194,96640,2.733,0.546,-1.14,442,-7.6,422.9,1.3,22.6,-22.5,0.278023621,-0.568559832,-0.0662862026,-0.771355327
525,1315603,96640,2.733,0.546,-1.14,442,-7.6,422.9,1.3,22.6,-22.5,0.278023621,-0.568559832,-0.0662862026,-0.771355327
526,1317897,96640,2.733,0.546,-1.14,442,-7.6,422.9,1.3,22.6,-22.5,0.278023621,-0.568559832,-0.0662862026,-0.771355327
527,1320221,96650,2.733,0.546,-1.14,442,-7.6,422.9,1.3,22.6,-22.5,0.278023621,-0.568559832,-0.0662862026,-0.771355327
528,1322728,96650,2.733,0.546,-1.14,442,-7.6,422.9,1.3,22.6,-22.5,0.278023621,-0.568559832,-0.0662862026,-0.771355327
529,1327073,96650,2.733,0.546,-1.14,442,-7.6,422.9,1.3,22.6,-22.5,0.278023621,-0.568559832,-0.0662862026,-0.771355327
530,1329486,96650,2.733,0.546,-1.14,442,-7.6,422.9,1.3,22.6,-22.5,0.278023621,-0.568559832,-0.0662862026,-0.771355327
531,1332603,96660,2.733,0.546,-1.14,442,-7.6,422.9,1.3,22.6,-22.5,0.278023621,-0.568559832,-0.0662862026,-0.771355327
532,1333024,96660,2.733,0.546,-1.14,442,-7.6,422.9,1.3,22.6,-22.5,0.278023621,-0.568559832,-0.0662862026,-0.771355327
533,1335942,96660,2.733,0.546,-1.14,442,-7.6,422.9,1.3,22.6,-22.5,0.278023621,-0.568559832,-0.0662862026,-0.771355327
534,1339235,96660,2.733,0.546,-1.14,442,-7.6,422.9,1.3,22.6,-22.5,0.278023621,-0.568559832,-0.0662862026,-0.771355327
535,1341830,96670,2.733,0.546,-1.14,442,-7.6,422.9,1.3,22.6,-22.5,0.278023621,-0.568559832,-0.0662862026,-0.771355327
536,1344495,96670,2.733,0.546,-1.14,442,-7.6,422.9,1.3,22.6,-22.5,0.278023621,-0.568559832,-0.0662862026,-0.771355327
537,1347431,96670,2.733,0.546,-1.14,442,-7.6,422.9,1.3,22.6,-22.5,0.278023621,-0.568559832,-0.0662862026,-0.771355327
538,1347945,96670,2.733,0.546,-1.14,442,-7.6,422.9,1.3,22.6,-22.5,0.278023621,-0.568559832,-0.0662862026,-0.771355327
539,1350186,96680,2.733,0.546,-1.14,442,-7.6,422.9,1.3,22.6,-22.5,0.278023621,-0.568559832,-0.0662862026,-0.771355327
540,1354710,96680,2.733,0.546,-1.14,442,-7.6,422.9,1.3,22.6,-22.5,0.278023621,-0.568559832,-0.0662862026,-0.771355327
541,1355205,96680,2.733,0.546,-1.14,442,-7.6,422.9,1.3,22.6,-22.5,0.278023621,-0.568559832,-0.0662862026,-0.771355327
542,1359761,96680,2.733,0.546,-1.14,442,-7.6,422.9,1.3,22.6,-22.5,0.278023621,-0.568559832,-0.0662862026,-0.771355327
543,1360196,96690,2.733,0.546,-1.14,442,-7.6,422.9,1.3,22.6,-22.5,0.278023621,-0.568559832,-0.0662862026,-0.771355327
544,1362905,96690,2.733,0.546,-1.14,442,-7.6,422.9,1.3,22.6,-22.5,0.278023621,-0.568559832,-0.0662862026,-0.771355327
545,1365451,96690,2.733,0.546,-1.14,442,-7.6,422.9,1.3,22.6,-22.5,0.278023621,-0.568559832,-0.0662862026,-0.771355327
546,1367764,96690,2.733,0.546,-1.14,442,-7.6,422.9,1.3,22.6,-22.5,0.278023621,-0.568559832,-0.0662862026,-0.771355327
547,1370407,96700,2.733,0.546,-1.14,442,-7.6,422.9,1.3,22.6,-22.5,0.278023621,-0.568559832,-0.0662862026,-0.771355327
548,1372979,96700,2.733,0.546,-1.14,442,-7.6,422.9,1.3,22.6,-22.5,0.278023621,-0.568559832,-0.0662862026,-0.771355327
549,1375280,96700,2.733,0.546,-1.14,442,-7.6,422.9,1.3,22.6,-22.5,0.278023621,-0.568559832,-0.0662862026,-0.771355327
550,1377887,96700,2.733,0.546,-1.14,442,-7.6,422.9,1.3,22.6,-22.5,0.278023621,-0.568559832,-0.0662862026,-0.771355327
551,1380908,96710,2.733,0.546,-1.14,442,-7.6,422.9,1.3,22.6,-22.5,0.278023621,-0.568559832,-0.0662862026,-0.771355327
552,1383025,96710,2.733,0.546,-1.14,442,-7.6,422.9,1.3,22.6,-22.5,0.278023621,-0.568559832,-0.0662862026,-0.771355327
553,1386971,96710,2.733,0.546,-1.14,442,-7.6,422.9,1.3,22.6,-22.5,0.278023621,-0.568559832,-0.0662862026,-0.771355327
554,1389333,96710,2.733,0.546,-1.14,442,-7.6,422.9,1.3,22.6,-22.5,0.278023621,-0.568559832,-0.0662862026,-0.771355327
555,1391503,96720,2.733,0.546,-1.14,442,-7.6,422.9,1.3,22.6,-22.5,0.278023621,-0.568559832,-0.0662862026,-0.771355327
556,1393826,96720,2.733,0.546,-1.14,442,-7.6,422.9,1.3,22.6,-22.5,0.278023621,-0.568559832,-0.0662862026,-0.771355327
557,1395806,96720,2.733,0.546,-1.14,442,-7.6,422.9,1.3,22.6,-22.5,0.278023621,-0.568559832,-0.0662862026,-0.771355327
558,1398063,96720,2.733,0.546,-1.14,442,-7.6,422.9,1.3,22.6,-22.5,0.278023621,-0.568559832,-0.0662862026,-0.771355327
559,1400418,96730,2.733,0.546,-1.14,442,-7.6,422.9,1.3,22.6,-22.5,0.278023621,-0.568559832,-0.0662862026,-0.771355327
560,1403815,96730,2.733,0.546,-1.14,442,-7.6,422.9,1.3,22.6,-22.5,0.278023621,-0.568559832,-0.0662862026,-0.771355327
561,1405535,96730,2.733,0.546,-1.14,442,-7.6,422.9,1.3,22.6,-22.5,0.278023621,-0.568559832,-0.0662862026,-0.771355327
562,1407847,96730,2.733,0.546,-1.14,442,-7.6,422.9,1.3,22.6,-22.5,0.278023621,-0.568559832,-0.0662862026,-0.771355327
563,1410331,96740,2.733,0.546,-1.14,442,-7.6,422.9,1.3,22.6,-22.5,0.278023621,-0.568559832,-0.0662862026,-0.771355327
564,1412661,96740,2.733,0.546,-1.14,442,-7.6,422.9,1.3,22.6,-22.5,0.278023621,-0.568559832,-0.0662862026,-0.771355327
565,1417318,96740,2.733,0.546,-1.14,442,-7.6,422.9,1.3,22.6,-22.5,0.278023621,-0.568559832,-0.0662862026,-0.771355327
566,1417737,96740,2.733,0.546,-1.14,442,-7.6,422.9,1.3,22.6,-22.5,0.278023621,-0.568559832,-0.0662862026,-0.771355327
567,1420229,96750,2.733,0.546,-1.14,442,-7.6,422.9,1.3,22.6,-22.5,0.278023621,-0.568559832,-0.0662862026,-0.771355327
568,1422660,96750,2.733,0.546,-1.14,442,-7.6,422.9,1.3,22.6,-22.5,0.278023621,-0.568559832,-0.0662862026,-0.771355327
569,1427009,96750,2.733,0.546,-1.14,442,-7.6,422.9,1.3,22.6,-22.5,0.278023621,-0.568559832,-0.0662862026,-0.771355327
570,1429198,96750,2.733,0.546,-1.14,442,-7.6,422.9,1.3,22.6,-22.5,0.278023621,-0.568559832,-0.0662862026,-0.771355327
571,1431545,96760,2.733,0.546,-1.14,442,-7.6,422.9,1.3,22.6,-22.5,0.278023621,-0.568559832,-0.0662862026,-0.771355327
572,1433792,96760,2.733,0.546,-1.14,442,-7.6,422.9,1.3,22.6,-22.5,0.278023621,-0.568559832,-0.0662862026,-0.771355327
573,1436149,96760,2.733,0.546,-1.14,442,-7.6,422.9,1.3,22.6,-22.5,0.278023621,-0.568559832,-0.0662862026,-0.771355327
574,1437736,96760,2.733,0.546,-1.14,442,-7.6,422.9,1.3,22.6,-22.5,0.278023621,-0.568559832,-0.0662862026,-0.771355327
575,1440301,96770,2.733,0.546,-1.14,442,-7.6,422.9,1.3,22.6,-22.5,0.278023621,-0.568559832,-0.0662862026,-0.771355327
576,1444720,96770,2.733,0.546,-1.14,442,-7.6,422.9,1.3,22.6,-22.5,0.278023621,-0.568559832,-0.0662862026,-0.771355327
577,1447033,96770,2.733,0.546,-1.14,442,-7.6,422.9,1.3,22.6,-22.5,0.278023621,-0.568559832,-0.0662862026,-0.771355327
578,1449310,96770,2.733,0.546,-1.14,442,-7.6,422.9,1.3,22.6,-22.5,0.278023621,-0.568559832,-0.0662862026,-0.771355327
579,1451590,96780,2.733,0.546,-1.14,442,-7.6,422.9,1.3,22.6,-22.5,0.278023621,-0.568559832,-0.0662862026,-0.771355327
580,1453872,96780,2.733,0.546,-1.14,442,-7.6,422.9,1.3,22.6,-22.5,0.278023621,-0.568559832,-0.0662862026,-0.771355327
581,1455734,96780,2.733,0.546,-1.14,442,-7.6,422.9,1.3,22.6,-22.5,0.278023621,-0.568559832,-0.0662862026,-0.771355327
582,1457977,96780,2.733,0.546,-1.14,442,-7.6,422.9,1.3,22.6,-22.5,0.278023621,-0.568559832,-0.0662862026,-0.771355327
583,1460306,96790,2.733,0.546,-1.14,442,-7.6,422.9,1.3,22.6,-22.5,0.278023621,-0.568559832,-0.0662862026,-0.771355327
584,1463236,96790,2.733,0.546,-1.14,442,-7.6,422.9,1.3,22.6,-22.5,0.278023621,-0.568559832,-0.0662862026,-0.771355327
585,1465318,96790,2.733,0.546,-1.14,442,-7.6,422.9,1.3,22.6,-22.5,0.278023621,-0.568559832,-0.0662862026,-0.771355327
586,1469698,96790,2.733,0.546,-1.14,442,-7.6,422.9,1.3,22.6,-22.5,0.278023621,-0.568559832,-0.0662862026,-0.771355327
587,1471923,96800,2.733,0.546,-1.14,442,-7.6,422.9,1.3,22.6,-22.5,0.278023621,-0.568559832,-0.0662862026,-0.771355327
588,1474902,96800,2.733,0.546,-1.14,442,-7.6,422.9,1.3,22.6,-22.5,0.278023621,-0.568559832,-0.0662862026,-0.771355327
589,1475292,96800,2.733,0.546,-1.14,442,-7.6,422.9,1.3,22.6,-22.5,0.278023621,-0.568559832,-0.0662862026,-0.771355327
590,1477828,96800,2.733,0.546,-1.14,442,-7.6,422.9,1.3,22.6,-22.5,0.278023621,-0.568559832,-0.0662862026,-0.771355327
591,1480347,96810,2.733,0.546,-1.14,442,-7.6,422.9,1.3,22.6,-22.5,0.278023621,-0.568559832,-0.0662862026,-0.771355327
592,1484717,96810,2.733,0.546,-1.14,442,-7.6,422.9,1.3,22.6,-22.5,0.278023621,-0.568559832,-0.0662862026,-0.771355327
593,1485184,96810,2.733,0.546,-1.14,442,-7.6,422.9,1.3,22.6,-22.5,0.278023621,-0.568559832,-0.0662862026,-0.771355327
594,1489804,96810,2.733,0.546,-1.14,442,-7.6,422.9,1.3,22.6,-22.5,0.278023621,-0.568559832,-0.0662862026,-0.771355327
595,1492074,96820,2.733,0.546,-1.14,442,-7.6,422.9,1.3,22.6,-22.5,0.278023621,-0.568559832,-0.0662862026,-0.771355327
596,1494230,96820,2.733,0.546,-1.14,442,-7.6,422.9,1.3,22.6,-22.5,0.278023621,-0.568559832,-0.0662862026,-0.771355327
597,1496492,96820,2.733,0.546,-1.14,442,-7.6,422.9,1.3,22.6,-22.5,0.278023621,-0.568559832,-0.0662862026,-0.771355327
598,1498513,96820,2.733,0.546,-1.14,442,-7.6,422.9,1.3,22.6,-22.5,0.278023621,-0.568559832,-0.0662862026,-0.771355327
599,1500832,96830,2.733,0.546,-1.14,442,-7.6,422.9,1.3,22.6,-22.5,0.278023621,-0.568559832,-0.0662862026,-0.771355327
600,1504232,96830,2.733,0.546,-1.14,442,-7.6,422.9,1.3,22.6,-22.5,0.278023621,-0.568559832,-0.0662862026,-0.771355327
601,1506510,96830,2.733,0.546,-1.14,442,-7.6,422.9,1.3,22.6,-22.5,0.278023621,-0.568559832,-0.0662862026,-0.771355327
602,1508255,96830,2.733,0.546,-1.14,442,-7.6,422.9,1.3,22.6,-22.5,0.278023621,-0.568559832,-0.0662862026,-0.771355327
603,1510322,96840,2.733,0.546,-1.14,442,-7.6,422.9,1.3,22.6,-22.5,0.278023621,-0.568559832,-0.0662862026,-0.771355327
604,1513204,96840,2.733,0.546,-1.14,442,-7.6,422.9,1.3,22.6,-22.5,0.278023621,-0.568559832,-0.0662862026,-0.771355327
605,1515626,96840,2.733,0.546,-1.14,442,-7.6,422.9,1.3,22.6,-22.5,0.278023621,-0.568559832,-0.0662862026,-0.771355327
606,1517866,96840,2.733,0.546,-1.14,442,-7.6,422.9,1.3,22.6,-22.5,0.278023621,-0.568559832,-0.0662862026,-0.771355327
607,1520143,96850,2.733,0.546,-1.14,442,-7.6,422.9,1.3,22.6,-22.5,0.278023621,-0.568559832,-0.0662862026,-0.771355327
608,1522758,96850,2.733,0.546,-1.14,442,-7.6,422.9,1.3,22.6,-22.5,0.278023621,-0.568559832,-0.0662862026,-0.771355327
609,1526690,96850,2.733,0.546,-1.14,442,-7.6,422.9,1.3,22.6,-22.5,0.278023621,-0.568559832,-0.0662862026,-0.771355327
610,1528954,96850,2.733,0.546,-1.14,442,-7.6,422.9,1.3,22.6,-22.5,0.278023621,-0.568559832,-0.0662862026,-0.771355327
611,1530823,96860,2.733,0.546,-1.14,442,-7.6,422.9,1.3,22.6,-22.5,0.278023621,-0.568559832,-0.0662862026,-0.771355327
612,1532909,96860,2.733,0.546,-1.14,442,-7.6,422.9,1.3,22.6,-22.5,0.278023621,-0.568559832,-0.0662862026,-0.771355327
613,1535237,96860,2.733,0.546,-1.14,442,-7.6,422.9,1.3,22.6,-22.5,0.278023621,-0.568559832,-0.0662862026,-0.771355327
614,1537989,96860,2.733,0.546,-1.14,442,-7.6,422.9,1.3,22.6,-22.5,0.278023621,-0.568559832,-0.0662862026,-0.771355327
615,1540467,96870,2.733,0.546,-1.14,442,-7.6,422.9,1.3,22.6,-22.5,0.278023621,-0.568559832,-0.0662862026,-0.771355327
616,1542699,96870,2.733,0.546,-1.14,442,-7.6,422.9,1.3,22.6,-22.5,0.278023621,-0.568559832,-0.0662862026,-0.771355327
617,1545267,96870,2.733,0.546,-1.14,442,-7.6,422.9,1.3,22.6,-22.5,0.278023621,-0.568559832,-0.0662862026,-0.771355327
618,1549704,96870,2.733,0.546,-1.14,442,-7.6,422.9,1.3,22.6,-22.5,0.278023621,-0.568559832,-0.0662862026,-0.771355327
619,1552111,96880,2.733,0.546,-1.14,442,-7.6,422.9,1.3,22.6,-22.5,0.278023621,-0.568559832,-0.0662862026,-0.771355327
620,1554580,96880,2.733,0.546,-1.14,442,-7.6,422.9,1.3,22.6,-22.5,0.278023621,-0.568559832,-0.0662862026,-0.771355327
621,1556633,96880,2.733,0.546,-1.14,442,-7.6,422.9,1.3,22.6,-22.5,0.278023621,-0.568559832,-0.0662862026,-0.771355327
622,1558846,96880,2.733,0.546,-1.14,442,-7.6,422.9,1.3,22.6,-22.5,0.278023621,-0.568559832,-0.0662862026,-0.771355327
623,1561205,96890,2.733,0.546,-1.14,442,-7.6,422.9,1.3,22.6,-22.5,0.278023621,-0.568559832,-0.0662862026,-0.771355327
624,1562892,96890,2.733,0.546,-1.14,442,-7.6,422.9,1.3,22.6,-22.5,0.278023621,-0.568559832,-0.0662862026,-0.771355327
625,1565242,96890,2.733,0.546,-1.14,442,-7.6,422.9,1.3,22.6,-22.5,0.278023621,-0.568559832,-0.0662862026,-0.771355327
626,1569623,96890,2.733,0.546,-1.14,442,-7.6,422.9,1.3,22.6,-22.5,0.278023621,-0.568559832,-0.0662862026,-0.771355327
627,1571848,96900,2.733,0.546,-1.14,442,-7.6,422.9,1.3,22.6,-22.5,0.278023621,-0.568559832,-0.0662862026,-0.771355327
628,1573858,96900,2.733,0.546,-1.14,442,-7.6,422.9,1.3,22.6,-22.5,0.278023621,-0.568559832,-0.0662862026,-0.771355327
629,1575676,96900,2.733,0.546,-1.14,442,-7.6,422.9,1.3,22.6,-22.5,0.278023621,-0.568559832,-0.0662862026,-0.771355327
630,1577944,96900,2.733,0.546,-1.14,442,-7.6,422.9,1.3,22.6,-22.5,0.278023621,-0.568559832,-0.0662862026,-0.771355327
631,1580237,96910,2.733,0.546,-1.14,442,-7.6,422.9,1.3,22.6,-22.5,0.278023621,-0.568559832,-0.0662862026,-0.771355327
632,1582765,96910,2.733,0.546,-1.14,442,-7.6,422.9,1.3,22.6,-22.5,0.278023621,-0.568559832,-0.0662862026,-0.771355327
633,1587186,96910,2.733,0.546,-1.14,442,-7.6,422.9,1.3,22.6,-22.5,0.278023621,-0.568559832,-0.0662862026,-0.771355327
634,1589496,96910,2.733,0.546,-1.14,442,-7.6,422.9,1.3,22.6,-22.5,0.278023621,-0.568559832,-0.0662862026,-0.771355327
635,1591648,96920,2.733,0.546,-1.14,442,-7.6,422.9,1.3,22.6,-22.5,0.278023621,-0.568559832,-0.0662862026,-0.771355327
636,1594975,96920,2.733,0.546,-1.14,442,-7.6,422.9,1.3,22.6,-22.5,0.278023621,-0.568559832,-0.0662862026,-0.771355327
637,1595362,96920,0.62,-0.543,0.255,-104.4,72.2,8.9,8.2,17.4,-24.8,0.464613788,-0.585802789,0.0086977752,-0.663960692
638,1598775,96920,0.62,-0.543,0.255,-104.4,72.2,8.9,8.2,17.4,-24.8,0.464613788,-0.585802789,0.0086977752,-0.663960692
639,1600646,96930,0.62,-0.543,0.255,-104.4,72.2,8.9,8.2,17.4,-24.8,0.464613788,-0.585802789,0.0086977752,-0.663960692
640,1604993,96930,0.62,-0.543,0.255,-104.4,72.2,8.9,8.2,17.4,-24.8,0.464613788,-0.585802789,0.0086977752,-0.663960692
641,1605367,96930,0.578,-0.34,0.209,-89.9,95,5.9,8.4,17.4,-24.6,0.459913938,-0.584673605,0.0180669576,-0.668019654
642,1607854,96930,0.578,-0.34,0.209,-89.9,95,5.9,8.4,17.4,-24.6,0.459913938,-0.584673605,0.0180669576,-0.668019654
643,1611982,96940,0.578,-0.34,0.209,-89.9,95,5.9,8.4,17.4,-24.6,0.459913938,-0.584673605,0.0180669576,-0.668019654
644,1614227,96940,0.578,-0.34,0.209,-89.9,95,5.9,8.4,17.4,-24.6,0.459913938,-0.584673605,0.0180669576,-0.668019654
645,1616554,96940,0.452,-0.248,0.078,-64.5,103.4,13.7,8.6,18.3,-24.3,0.456556902,-0.581652272,0.0271004364,-0.672658467
646,1618808,96940,0.299,-0.375,0.007,-54.3,101.4,14,8.6,18.3,-24.3,0.456007569,-0.580706198,0.029053621,-0.673757134
647,1620545,96950,0.299,-0.375,0.007,-54.3,101.4,14,8.6,18.3,-24.3,0.456007569,-0.580706198,0.029053621,-0.673757134
648,1622920,96950,0.299,-0.375,0.007,-54.3,101.4,14,8.6,18.3,-24.3,0.456007569,-0.580706198,0.029053621,-0.673757134
649,1625826,96950,0.299,-0.375,0.007,-54.3,101.4,14,8.6,18.3,-24.3,0.456007569,-0.580706198,0.029053621,-0.673757134
650,1628719,96950,0.3,-0.207,0.002,44.5,68.7,-24.3,9.5,18.5,-24.4,0.455549791,-0.575731681,0.0321359905,-0.678182318
651,1632475,96960,0.3,-0.207,0.002,44.5,68.7,-24.3,9.5,18.5,-24.4,0.455549791,-0.575731681,0.0321359905,-0.678182318
652,1632876,96960,0.249,-0.163,0.007,101,46.5,-61.1,9.5,18.5,-24.4,0.456129643,-0.572527238,0.0292977691,-0.680623798
653,1635369,96960,0.249,-0.163,0.007,101,46.5,-61.1,9.5,18.5,-24.4,0.456129643,-0.572527238,0.0292977691,-0.680623798
654,1639691,96960,0.265,-0.152,-0.016,150.6,21.9,-100.2,8.7,18,-24.1,0.456862087,-0.569017609,0.0234382153,-0.683309427
655,1641775,96970,0.155,-0.189,-0.037,173.6,5.7,-117.2,8.7,18,-24.1,0.457258827,-0.567247536,0.0195013276,-0.684621723
656,1644458,96970,0.155,-0.189,-0.037,173.6,5.7,-117.2,8.7,18,-24.1,0.457258827,-0.567247536,0.0195013276,-0.684621723
657,1646773,96970,0.344,0.041,-0.014,214.7,-38.2,-145.1,8.2,17.7,-25.1,0.458174383,-0.564043092,0.00943021943,-0.686880093
658,1648989,96970,0.433,0.067,-0.027,230.9,-65.2,-158.3,8.2,17.7,-25.1,0.458662679,-0.562730796,0.00335703604,-0.687673574
659,1651366,96980,0.433,0.067,-0.027,230.9,-65.2,-158.3,8.2,17.7,-25.1,0.458662679,-0.562730796,0.00335703604,-0.687673574
660,1654263,96980,0.727,0.316,0.013,237.6,-120.1,-186.3,8.2,17.7,-25.1,0.459120457,-0.561113315,-0.0103152562,-0.688619648
661,1656355,96980,0.817,0.366,0.031,222.9,-145.2,-200.3,8.6,15.9,-25.7,0.458784753,-0.56102176,-0.0175786615,-0.68877224
662,1658652,96980,0.962,0.461,0.075,197.6,-168.2,-214.1,8.6,15.9,-25.7,0.457899716,-0.561449019,-0.0248420667,-0.68877224
663,1660398,96990,1.162,0.583,0.149,164.7,-188.7,-227.4,8.6,15.9,-25.7,0.456404309,-0.562517167,-0.0320139164,-0.688619648
664,1662780,96990,1.256,0.601,0.175,126.2,-205.6,-239.2,8.6,15.9,-25.7,0.454176458,-0.564165166,-0.0388500626,-0.6883755
665,1667072,96990,1.479,0.609,0.214,83,-217.6,-248,5.9,16.6,-25.8,0.4512772,-0.566393017,-0.0453505051,-0.688070315
666,1669357,96990,1.479,0.609,0.214,36.3,-223.6,-252.7,5.9,16.6,-25.8,0.447706534,-0.569109165,-0.0512100589,-0.687734611
667,1671668,97000,1.667,0.587,0.214,-12,-222.5,-252.9,5.9,16.6,-25.8,0.44349498,-0.57228309,-0.0563371685,-0.687429426
668,1673827,97000,1.67,0.528,0.226,-59.5,-213.2,-248.6,5.9,16.6,-25.8,0.438764611,-0.575731681,-0.0605792413,-0.687246315
669,1675666,97000,1.713,0.469,0.21,-103.9,-196,-240.5,4.6,17.1,-26.2,0.433576464,-0.579332865,-0.0639362774,-0.687185278
670,1677956,97000,1.713,0.469,0.21,-103.9,-196,-240.5,4.6,17.1,-26.2,0.433576464,-0.579332865,-0.0639362774,-0.687185278
671,1682140,97010,1.622,0.204,0.177,-179.2,-143.3,-217.9,4.6,17.1,-26.2,0.422284616,-0.586443678,-0.067751091,-0.687826167
672,1684250,97010,1.563,0.108,0.158,-209.3,-110.9,-207.1,4.6,17.1,-26.2,0.416333506,-0.589709159,-0.0682699057,-0.688619648
673,1686296,97010,1.563,0.108,0.158,-209.3,-110.9,-207.1,4.6,17.1,-26.2,0.416333506,-0.589709159,-0.0682699057,-0.688619648
674,1688333,97010,1.34,-0.126,0.132,-252.9,-41.6,-193.1,3.6,17.6,-25.8,0.40397351,-0.595263527,-0.0670796838,-0.691305277
675,1690504,97020,1.277,-0.184,0.137,-266.4,-8.4,-189.9,3.6,17.6,-25.8,0.39762566,-0.59746086,-0.0655842769,-0.693258461
676,1694570,97020,1.218,-0.218,0.138,-276.3,20.7,-187.8,3.6,17.6,-25.8,0.391186254,-0.599261452,-0.0636921293,-0.695516831
677,1696783,97020,1.132,-0.33,0.097,-285.2,44,-185,2.7,18.8,-25.2,0.38471633,-0.600726341,-0.0614032411,-0.698049867
678,1699018,97020,1.085,-0.38,0.078,-295.3,60.4,-180.5,2.7,18.8,-25.2,0.378154851,-0.602038636,-0.0587481307,-0.700735496
679,1701398,97030,1.085,-0.38,0.078,-295.3,60.4,-180.5,2.7,18.8,-25.2,0.378154851,-0.602038636,-0.0587481307,-0.700735496
680,1703213,97030,1.085,-0.38,0.078,-295.3,60.4,-180.5,2.7,18.8,-25.2,0.378154851,-0.602038636,-0.0587481307,-0.700735496
681,1705451,97030,1.085,-0.38,0.078,-295.3,60.4,-180.5,2.7,18.8,-25.2,0.378154851,-0.602038636,-0.0587481307,-0.700735496
682,1709454,97030,1.085,-0.38,0.078,-295.3,60.4,-180.5,2.7,18.8,-25.2,0.378154851,-0.602038636,-0.0587481307,-0.700735496
683,1711804,97040,0.88,-0.686,-0.081,-349.4,64.6,-130,4.3,19.8,-24.4,0.344981231,-0.608752709,-0.0405590991,-0.713248085
684,1714867,97040,0.88,-0.686,-0.081,-349.4,64.6,-130,4.3,19.8,-24.4,0.344981231,-0.608752709,-0.0405590991,-0.713248085
685,1715350,97040,0.825,-0.748,-0.111,-347.9,51.7,-112.2,2.8,21.3,-23.1,0.33210242,-0.612018189,-0.0319223609,-0.717001862
686,1717863,97040,0.825,-0.748,-0.111,-347.9,51.7,-112.2,2.8,21.3,-23.1,0.33210242,-0.612018189,-0.0319223609,-0.717001862
687,1722232,97050,0.809,-0.779,-0.123,-324.7,41.8,-104.3,2.8,21.3,-23.1,0.319986572,-0.615222633,-0.0236823634,-0.720084231
688,1724416,97050,0.797,-0.767,-0.095,-307.1,38.2,-104.2,2.8,21.3,-23.1,0.314218574,-0.616687521,-0.0200201422,-0.721457564
689,1726773,97050,0.797,-0.767,-0.095,-307.1,38.2,-104.2,2.8,21.3,-23.1,0.314218574,-0.616687521,-0.0200201422,-0.721457564
690,1728570,97050,0.797,-0.767,-0.095,-307.1,38.2,-104.2,2.8,21.3,-23.1,0.314218574,-0.616687521,-0.0200201422,-0.721457564
691,1730514,97060,0.806,-0.716,-0.052,-239.4,30.7,-114.5,3.2,22.4,-22.1,0.298379467,-0.620288705,-0.011383404,-0.725272378
692,1734719,97060,0.806,-0.716,-0.052,-239.4,30.7,-114.5,3.2,22.4,-22.1,0.298379467,-0.620288705,-0.011383404,-0.725272378
693,1736938,97060,0.857,-0.599,-0.018,-187.1,24.8,-124,2.9,23.5,-21.8,0.28910184,-0.621967223,-0.00796533097,-0.727622303
694,1739295,97060,0.857,-0.599,-0.018,-187.1,24.8,-124,2.9,23.5,-21.8,0.28910184,-0.621967223,-0.00796533097,-0.727622303
695,1741123,97070,0.912,-0.499,-0.004,-131.3,17.8,-134.4,2.9,23.5,-21.8,0.280953398,-0.623126926,-0.00668355358,-0.729850154
696,1743844,97070,0.987,-0.375,0.029,-103.7,14.7,-139.3,2.9,23.5,-21.8,0.277321696,-0.623493149,-0.00683614612,-0.730918302
697,1746740,97070,0.987,-0.375,0.029,-103.7,14.7,-139.3,2.9,23.5,-21.8,0.277321696,-0.623493149,-0.00683614612,-0.730918302
698,1748857,97070,0.987,-0.375,0.029,-103.7,14.7,-139.3,2.9,23.5,-21.8,0.277321696,-0.623493149,-0.00683614612,-0.730918302
699,1751239,97080,1.129,-0.154,0.089,-36.1,11,-149.1,3.1,23.8,-21.1,0.26801355,-0.623859371,-0.00991851558,-0.73403119
700,1753032,97080,1.129,-0.154,0.089,-36.1,11,-149.1,3.1,23.8,-21.1,0.26801355,-0.623859371,-0.00991851558,-0.73403119
701,1755331,97080,1.129,-0.154,0.089,-36.1,11,-149.1,3.1,23.8,-21.1,0.26801355,-0.623859371,-0.00991851558,-0.73403119
702,1760104,97080,1.215,-0.046,0.091,-13.6,15.3,-153.2,1.7,24.1,-21,0.260017701,-0.623401593,-0.0150761437,-0.737235633
703,1760472,97090,1.242,-0.019,0.078,-18.5,18.5,-154.5,1.7,24.1,-21,0.257271035,-0.623157445,-0.0167241432,-0.738364818
704,1762877,97090,1.242,-0.019,0.078,-18.5,18.5,-154.5,1.7,24.1,-21,0.257271035,-0.623157445,-0.0167241432,-0.738364818
705,1765350,97090,1.242,-0.019,0.078,-18.5,18.5,-154.5,1.7,24.1,-21,0.257271035,-0.623157445,-0.0167241432,-0.738364818
706,1769838,97090,1.242,-0.019,0.078,-18.5,18.5,-154.5,1.7,24.1,-21,0.257271035,-0.623157445,-0.0167241432,-0.738364818
707,1772035,97100,1.207,-0.077,0.064,-84.9,39.6,-161.3,1.4,23.9,-21.2,0.24405652,-0.622058779,-0.0211188086,-0.743614002
708,1774614,97100,1.171,-0.112,0.056,-107.6,45.5,-162.2,1.4,23.9,-21.2,0.23996704,-0.621814631,-0.0213629566,-0.745139927
709,1777466,97100,1.105,-0.185,0.05,-129.7,51.2,-162.4,0.8,24,-20.6,0.235572375,-0.621601001,-0.0211798456,-0.74672689
710,1777851,97100,1.105,-0.185,0.05,-129.7,51.2,-162.4,0.8,24,-20.6,0.235572375,-0.621601001,-0.0211798456,-0.74672689
711,1780368,97110,1.105,-0.185,0.05,-129.7,51.2,-162.4,0.8,24,-20.6,0.235572375,-0.621601001,-0.0211798456,-0.74672689
712,1785065,97110,1.105,-0.185,0.05,-129.7,51.2,-162.4,0.8,24,-20.6,0.235572375,-0.621601001,-0.0211798456,-0.74672689
713,1785417,97110,0.932,-0.358,0.003,-189.2,56.6,-153.3,0.4,24.8,-20,0.216040529,-0.620929594,-0.0173345134,-0.753288369
714,1787721,97110,0.932,-0.358,0.003,-189.2,56.6,-153.3,0.4,24.8,-20,0.216040529,-0.620929594,-0.0173345134,-0.753288369
715,1790233,97120,0.932,-0.358,0.003,-189.2,56.6,-153.3,0.4,24.8,-20,0.216040529,-0.620929594,-0.0173345134,-0.753288369
716,1794758,97120,0.932,-0.358,0.003,-189.2,56.6,-153.3,0.4,24.8,-20,0.216040529,-0.620929594,-0.0173345134,-0.753288369
717,1796892,97120,0.932,-0.358,0.003,-189.2,56.6,-153.3,0.4,24.8,-20,0.216040529,-0.620929594,-0.0173345134,-0.753288369
718,1799210,97120,0.932,-0.358,0.003,-189.2,56.6,-153.3,0.4,24.8,-20,0.216040529,-0.620929594,-0.0173345134,-0.753288369
719,1801572,97130,0.932,-0.358,0.003,-189.2,56.6,-153.3,0.4,24.8,-20,0.216040529,-0.620929594,-0.0173345134,-0.753288369
720,1804007,97130,0.932,-0.358,0.003,-189.2,56.6,-153.3,0.4,24.8,-20,0.216040529,-0.620929594,-0.0173345134,-0.753288369
721,1805934,97130,0.932,-0.358,0.003,-189.2,56.6,-153.3,0.4,24.8,-20,0.216040529,-0.620929594,-0.0173345134,-0.753288369
722,1809543,97130,0.932,-0.358,0.003,-189.2,56.6,-153.3,0.4,24.8,-20,0.216040529,-0.620929594,-0.0173345134,-0.753288369
723,1810409,97140,0.932,-0.358,0.003,-189.2,56.6,-153.3,0.4,24.8,-20,0.216040529,-0.620929594,-0.0173345134,-0.753288369
724,1812802,97140,0.932,-0.358,0.003,-189.2,56.6,-153.3,0.4,24.8,-20,0.216040529,-0.620929594,-0.0173345134,-0.753288369
725,1815355,97140,0.932,-0.358,0.003,-189.2,56.6,-153.3,0.4,24.8,-20,0.216040529,-0.620929594,-0.0173345134,-0.753288369
726,1819137,97140,0.932,-0.358,0.003,-189.2,56.6,-153.3,0.4,24.8,-20,0.216040529,-0.620929594,-0.0173345134,-0.753288369
727,1821398,97150,0.932,-0.358,0.003,-189.2,56.6,-153.3,0.4,24.8,-20,0.216040529,-0.620929594,-0.0173345134,-0.753288369
728,1823765,97150,0.932,-0.358,0.003,-189.2,56.6,-153.3,0.4,24.8,-20,0.216040529,-0.620929594,-0.0173345134,-0.753288369
729,1825490,97150,0.932,-0.358,0.003,-189.2,56.6,-153.3,0.4,24.8,-20,0.216040529,-0.620929594,-0.0173345134,-0.753288369
730,1827924,97150,0.932,-0.358,0.003,-189.2,56.6,-153.3,0.4,24.8,-20,0.216040529,-0.620929594,-0.0173345134,-0.753288369
731,1830931,97160,0.932,-0.358,0.003,-189.2,56.6,-153.3,0.4,24.8,-20,0.216040529,-0.620929594,-0.0173345134,-0.753288369
732,1834185,97160,0.932,-0.358,0.003,-189.2,56.6,-153.3,0.4,24.8,-20,0.216040529,-0.620929594,-0.0173345134,-0.753288369
733,1836430,97160,0.932,-0.358,0.003,-189.2,56.6,-153.3,0.4,24.8,-20,0.216040529,-0.620929594,-0.0173345134,-0.753288369
734,1838801,97160,0.932,-0.358,0.003,-189.2,56.6,-153.3,0.4,24.8,-20,0.216040529,-0.620929594,-0.0173345134,-0.753288369
735,1840828,97170,0.932,-0.358,0.003,-189.2,56.6,-153.3,0.4,24.8,-20,0.216040529,-0.620929594,-0.0173345134,-0.753288369
736,1845153,97170,0.932,-0.358,0.003,-189.2,56.6,-153.3,0.4,24.8,-20,0.216040529,-0.620929594,-0.0173345134,-0.753288369
737,1845562,97170,1.27,-0.347,0.282,-83.9,-22.8,-99,-1.6,27.1,-17.1,0.120578631,-0.622394482,0.00567644276,-0.773308512
738,1849546,97170,1.27,-0.347,0.282,-83.9,-22.8,-99,-1.6,27.1,-17.1,0.120578631,-0.622394482,0.00567644276,-0.773308512
739,1851705,97180,1.305,-0.258,0.313,-79.2,-23.6,-93.8,-1.6,27.1,-17.1,0.115237892,-0.623615223,0.00567644276,-0.773125401
740,1854095,97180,1.305,-0.258,0.313,-79.2,-23.6,-93.8,-1.6,27.1,-17.1,0.115237892,-0.623615223,0.00567644276,-0.773125401
741,1855802,97180,1.305,-0.258,0.313,-79.2,-23.6,-93.8,-1.6,27.1,-17.1,0.115237892,-0.623615223,0.00567644276,-0.773125401
742,1859817,97180,1.274,-0.187,0.321,-97.5,-19.1,-92,-3.9,27,-16.5,0.10687582,-0.625415815,0.00628681295,-0.772881252
743,1860246,97190,1.266,-0.21,0.321,-97.5,-19.1,-92,-3.9,27,-16.5,0.10400708,-0.625965148,0.00662251656,-0.772820215
744,1864474,97190,1.266,-0.21,0.321,-97.5,-19.1,-92,-3.9,27,-16.5,0.10400708,-0.625965148,0.00662251656,-0.772820215
745,1866617,97190,1.227,-0.288,0.283,-121.1,3,-86.6,-2.9,27.1,-16,0.0979033784,-0.626667074,0.00799584948,-0.773033845
746,1868909,97190,1.207,-0.319,0.252,-121.1,3,-86.6,-2.9,27.1,-16,0.0947904904,-0.626911222,0.00885036775,-0.773247475
747,1871220,97200,1.207,-0.319,0.252,-121.1,3,-86.6,-2.9,27.1,-16,0.0947904904,-0.626911222,0.00885036775,-0.773247475
748,1872947,97200,1.207,-0.319,0.252,-121.1,3,-86.6,-2.9,27.1,-16,0.0947904904,-0.626911222,0.00885036775,-0.773247475
749,1875211,97200,1.207,-0.319,0.252,-121.1,3,-86.6,-2.9,27.1,-16,0.0947904904,-0.626911222,0.00885036775,-0.773247475
750,1877937,97200,1.207,-0.319,0.252,-121.1,3,-86.6,-2.9,27.1,-16,0.0947904904,-0.626911222,0.00885036775,-0.773247475
751,1880218,97210,1.207,-0.319,0.252,-121.1,3,-86.6,-2.9,27.1,-16,0.0947904904,-0.626911222,0.00885036775,-0.773247475
752,1882993,97210,1.207,-0.319,0.252,-121.1,3,-86.6,-2.9,27.1,-16,0.0947904904,-0.626911222,0.00885036775,-0.773247475
753,1886341,97210,1.207,-0.319,0.252,-121.1,3,-86.6,-2.9,27.1,-16,0.0947904904,-0.626911222,0.00885036775,-0.773247475
754,1888071,97210,1.207,-0.319,0.252,-121.1,3,-86.6,-2.9,27.1,-16,0.0947904904,-0.626911222,0.00885036775,-0.773247475
755,1890399,97220,1.207,-0.319,0.252,-121.1,3,-86.6,-2.9,27.1,-16,0.0947904904,-0.626911222,0.00885036775,-0.773247475
756,1893136,97220,1.207,-0.319,0.252,-121.1,3,-86.6,-2.9,27.1,-16,0.0947904904,-0.626911222,0.00885036775,-0.773247475
757,1895702,97220,1.207,-0.319,0.252,-121.1,3,-86.6,-2.9,27.1,-16,0.0947904904,-0.626911222,0.00885036775,-0.773247475
758,1897911,97220,1.207,-0.319,0.252,-121.1,3,-86.6,-2.9,27.1,-16,0.0947904904,-0.626911222,0.00885036775,-0.773247475
759,1900236,97230,1.207,-0.319,0.252,-121.1,3,-86.6,-2.9,27.1,-16,0.0947904904,-0.626911222,0.00885036775,-0.773247475
760,1902958,97230,1.207,-0.319,0.252,-121.1,3,-86.6,-2.9,27.1,-16,0.0947904904,-0.626911222,0.00885036775,-0.773247475
761,1905167,97230,1.207,-0.319,0.252,-121.1,3,-86.6,-2.9,27.1,-16,0.0947904904,-0.626911222,0.00885036775,-0.773247475
762,1909503,97230,1.207,-0.319,0.252,-121.1,3,-86.6,-2.9,27.1,-16,0.0947904904,-0.626911222,0.00885036775,-0.773247475
763,1912371,97240,1.207,-0.319,0.252,-121.1,3,-86.6,-2.9,27.1,-16,0.0947904904,-0.626911222,0.00885036775,-0.773247475
764,1912759,97240,1.207,-0.319,0.252,-121.1,3,-86.6,-2.9,27.1,-16,0.0947904904,-0.626911222,0.00885036775,-0.773247475
765,1915351,97240,1.207,-0.319,0.252,-121.1,3,-86.6,-2.9,27.1,-16,0.0947904904,-0.626911222,0.00885036775,-0.773247475
766,1917717,97240,1.207,-0.319,0.252,-121.1,3,-86.6,-2.9,27.1,-16,0.0947904904,-0.626911222,0.00885036775,-0.773247475
767,1922185,97250,1.207,-0.319,0.252,-121.1,3,-86.6,-2.9,27.1,-16,0.0947904904,-0.626911222,0.00885036775,-0.773247475
768,1924509,97250,1.207,-0.319,0.252,-121.1,3,-86.6,-2.9,27.1,-16,0.0947904904,-0.626911222,0.00885036775,-0.773247475
769,1926595,97250,1.207,-0.319,0.252,-121.1,3,-86.6,-2.9,27.1,-16,0.0947904904,-0.626911222,0.00885036775,-0.773247475
770,1928833,97250,1.207,-0.319,0.252,-121.1,3,-86.6,-2.9,27.1,-16,0.0947904904,-0.626911222,0.00885036775,-0.773247475
771,1930699,97260,1.207,-0.319,0.252,-121.1,3,-86.6,-2.9,27.1,-16,0.0947904904,-0.626911222,0.00885036775,-0.773247475
772,1933892,97260,1.207,-0.319,0.252,-121.1,3,-86.6,-2.9,27.1,-16,0.0947904904,-0.626911222,0.00885036775,-0.773247475
773,1935691,97260,1.207,-0.319,0.252,-121.1,3,-86.6,-2.9,27.1,-16,0.0947904904,-0.626911222,0.00885036775,-0.773247475
774,1937901,97260,1.207,-0.319,0.252,-121.1,3,-86.6,-2.9,27.1,-16,0.0947904904,-0.626911222,0.00885036775,-0.773247475
775,1940490,97270,1.207,-0.319,0.252,-121.1,3,-86.6,-2.9,27.1,-16,0.0947904904,-0.626911222,0.00885036775,-0.773247475
776,1944235,97270,1.207,-0.319,0.252,-121.1,3,-86.6,-2.9,27.1,-16,0.0947904904,-0.626911222,0.00885036775,-0.773247475
777,1946490,97270,1.207,-0.319,0.252,-121.1,3,-86.6,-2.9,27.1,-16,0.0947904904,-0.626911222,0.00885036775,-0.773247475
778,1948349,97270,1.207,-0.319,0.252,-121.1,3,-86.6,-2.9,27.1,-16,0.0947904904,-0.626911222,0.00885036775,-0.773247475
779,1951307,97280,1.207,-0.319,0.252,-121.1,3,-86.6,-2.9,27.1,-16,0.0947904904,-0.626911222,0.00885036775,-0.773247475
780,1953695,97280,1.207,-0.319,0.252,-121.1,3,-86.6,-2.9,27.1,-16,0.0947904904,-0.626911222,0.00885036775,-0.773247475
781,1955593,97280,1.207,-0.319,0.252,-121.1,3,-86.6,-2.9,27.1,-16,0.0947904904,-0.626911222,0.00885036775,-0.773247475
782,1957794,97280,1.207,-0.319,0.252,-121.1,3,-86.6,-2.9,27.1,-16,0.0947904904,-0.626911222,0.00885036775,-0.773247475
783,1960438,97290,1.207,-0.319,0.252,-121.1,3,-86.6,-2.9,27.1,-16,0.0947904904,-0.626911222,0.00885036775,-0.773247475
784,1962674,97290,1.207,-0.319,0.252,-121.1,3,-86.6,-2.9,27.1,-16,0.0947904904,-0.626911222,0.00885036775,-0.773247475
785,1967002,97290,1.207,-0.319,0.252,-121.1,3,-86.6,-2.9,27.1,-16,0.0947904904,-0.626911222,0.00885036775,-0.773247475
786,1969254,97290,1.207,-0.319,0.252,-121.1,3,-86.6,-2.9,27.1,-16,0.0947904904,-0.626911222,0.00885036775,-0.773247475
787,1971442,97300,1.207,-0.319,0.252,-121.1,3,-86.6,-2.9,27.1,-16,0.0947904904,-0.626911222,0.00885036775,-0.773247475
788,1973824,97300,1.207,-0.319,0.252,-121.1,3,-86.6,-2.9,27.1,-16,0.0947904904,-0.626911222,0.00885036775,-0.773247475
789,1975545,97300,1.207,-0.319,0.252,-121.1,3,-86.6,-2.9,27.1,-16,0.0947904904,-0.626911222,0.00885036775,-0.773247475
790,1977828,97300,1.207,-0.319,0.252,-121.1,3,-86.6,-2.9,27.1,-16,0.0947904904,-0.626911222,0.00885036775,-0.773247475
791,1982177,97310,1.207,-0.319,0.252,-121.1,3,-86.6,-2.9,27.1,-16,0.0947904904,-0.626911222,0.00885036775,-0.773247475
792,1984465,97310,1.207,-0.319,0.252,-121.1,3,-86.6,-2.9,27.1,-16,0.0947904904,-0.626911222,0.00885036775,-0.773247475
793,1987331,97310,1.207,-0.319,0.252,-121.1,3,-86.6,-2.9,27.1,-16,0.0947904904,-0.626911222,0.00885036775,-0.773247475
794,1989475,97310,1.207,-0.319,0.252,-121.1,3,-86.6,-2.9,27.1,-16,0.0947904904,-0.626911222,0.00885036775,-0.773247475
795,1991657,97320,1.207,-0.319,0.252,-121.1,3,-86.6,-2.9,27.1,-16,0.0947904904,-0.626911222,0.00885036775,-0.773247475
796,1994014,97320,1.207,-0.319,0.252,-121.1,3,-86.6,-2.9,27.1,-16,0.0947904904,-0.626911222,0.00885036775,-0.773247475
797,1995864,97320,1.207,-0.319,0.252,-121.1,3,-86.6,-2.9,27.1,-16,0.0947904904,-0.626911222,0.00885036775,-0.773247475
798,1998059,97320,1.207,-0.319,0.252,-121.1,3,-86.6,-2.9,27.1,-16,0.0947904904,-0.626911222,0.00885036775,-0.773247475
799,2000416,97330,1.207,-0.319,0.252,-121.1,3,-86.6,-2.9,27.1,-16,0.0947904904,-0.626911222,0.00885036775,-0.773247475
800,2002944,97330,1.207,-0.319,0.252,-121.1,3,-86.6,-2.9,27.1,-16,0.0947904904,-0.626911222,0.00885036775,-0.773247475
801,2005641,97330,1.207,-0.319,0.252,-121.1,3,-86.6,-2.9,27.1,-16,0.0947904904,-0.626911222,0.00885036775,-0.773247475
802,2010298,97330,1.207,-0.319,0.252,-121.1,3,-86.6,-2.9,27.1,-16,0.0947904904,-0.626911222,0.00885036775,-0.773247475
803,2010298,97340,0.937,-0.264,0.124,-53.6,-0.1,3,-6.5,29,-13,0.00775170141,0.625659963,-0.0580156865,0.77785577
804,2012996,97340,0.937,-0.264,0.124,-53.6,-0.1,3,-6.5,29,-13,0.00775170141,0.625659963,-0.0580156865,0.77785577
805,2015296,97340,0.937,-0.264,0.124,-53.6,-0.1,3,-6.5,29,-13,0.00775170141,0.625659963,-0.0580156865,0.77785577
806,2017867,97340,0.937,-0.264,0.124,-53.6,-0.1,3,-6.5,29,-13,0.00775170141,0.625659963,-0.0580156865,0.77785577
807,2020454,97350,0.937,-0.264,0.124,-53.6,-0.1,3,-6.5,29,-13,0.00775170141,0.625659963,-0.0580156865,0.77785577
808,2023050,97350,0.937,-0.264,0.124,-53.6,-0.1,3,-6.5,29,-13,0.00775170141,0.625659963,-0.0580156865,0.77785577
809,2025706,97350,0.937,-0.264,0.124,-53.6,-0.1,3,-6.5,29,-13,0.00775170141,0.625659963,-0.0580156865,0.77785577
810,2027909,97350,0.937,-0.264,0.124,-53.6,-0.1,3,-6.5,29,-13,0.00775170141,0.625659963,-0.0580156865,0.77785577
811,2030288,97360,0.937,-0.264,0.124,-53.6,-0.1,3,-6.5,29,-13,0.00775170141,0.625659963,-0.0580156865,0.77785577
812,2032816,97360,0.937,-0.264,0.124,-53.6,-0.1,3,-6.5,29,-13,0.00775170141,0.625659963,-0.0580156865,0.77785577
813,2037193,97360,0.937,-0.264,0.124,-53.6,-0.1,3,-6.5,29,-13,0.00775170141,0.625659963,-0.0580156865,0.77785577
814,2039957,97360,0.956,-0.315,0.123,-42,-9.1,12.3,-6.4,29.6,-10.4,0.0126346629,0.626483963,-0.0687276833,0.776268807
815,2040351,97370,0.956,-0.315,0.123,-42,-9.1,12.3,-6.4,29.6,-10.4,0.0126346629,0.626483963,-0.0687276833,0.776268807
816,2044663,97370,0.956,-0.315,0.123,-42,-9.1,12.3,-6.4,29.6,-10.4,0.0126346629,0.626483963,-0.0687276833,0.776268807
817,2046890,97370,0.956,-0.315,0.123,-42,-9.1,12.3,-6.4,29.6,-10.4,0.0126346629,0.626483963,-0.0687276833,0.776268807
818,2049082,97370,0.976,-0.308,0.143,-40.8,-13.3,16.2,-6.9,29.6,-11.3,0.0137943663,0.62715537,-0.0723288675,0.775353252
819,2051219,97380,0.976,-0.308,0.143,-40.8,-13.3,16.2,-6.9,29.6,-11.3,0.0137943663,0.62715537,-0.0723288675,0.775353252
820,2053769,97380,0.976,-0.308,0.143,-40.8,-13.3,16.2,-6.9,29.6,-11.3,0.0137943663,0.62715537,-0.0723288675,0.775353252
821,2056179,97380,0.976,-0.308,0.143,-40.8,-13.3,16.2,-6.9,29.6,-11.3,0.0137943663,0.62715537,-0.0723288675,0.775353252
822,2058316,97380,0.976,-0.308,0.143,-40.8,-13.3,16.2,-6.9,29.6,-11.3,0.0137943663,0.62715537,-0.0723288675,0.775353252
823,2060481,97390,0.976,-0.308,0.143,-40.8,-13.3,16.2,-6.9,29.6,-11.3,0.0137943663,0.62715537,-0.0723288675,0.775353252
824,2064823,97390,1,-0.288,0.17,-37.3,-19,20.8,-6.3,29.4,-10.8,0.0149235511,0.62858974,-0.0779137547,0.773644215
825,2065270,97390,0.992,-0.284,0.178,-34.3,-20.4,22,-6.2,29.2,-10.5,0.0144657735,0.628955962,-0.0795007172,0.773216956
826,2067657,97390,0.992,-0.284,0.178,-34.3,-20.4,22,-6.2,29.2,-10.5,0.0144657735,0.628955962,-0.0795007172,0.773216956
827,2072078,97400,0.992,-0.284,0.178,-34.3,-20.4,22,-6.2,29.2,-10.5,0.0144657735,0.628955962,-0.0795007172,0.773216956
828,2074247,97400,1,-0.261,0.193,-31.3,-21.6,23.2,-6.2,29.2,-10.5,0.014557329,0.629871517,-0.0820947905,0.772179327
829,2076258,97400,1,-0.261,0.193,-31.3,-21.6,23.2,-6.2,29.2,-10.5,0.014557329,0.629871517,-0.0820947905,0.772179327
830,2078808,97400,1,-0.261,0.193,-31.3,-21.6,23.2,-6.2,29.2,-10.5,0.014557329,0.629871517,-0.0820947905,0.772179327
831,2081068,97410,1,-0.261,0.193,-31.3,-21.6,23.2,-6.2,29.2,-10.5,0.014557329,0.629871517,-0.0820947905,0.772179327
832,2083435,97410,1,-0.261,0.193,-31.3,-21.6,23.2,-6.2,29.2,-10.5,0.014557329,0.629871517,-0.0820947905,0.772179327
833,2087309,97410,1,-0.261,0.193,-31.3,-21.6,23.2,-6.2,29.2,-10.5,0.014557329,0.629871517,-0.0820947905,0.772179327
834,2087686,97410,1.004,-0.214,0.177,-24.8,-20.5,24.6,-6.1,29.5,-10.3,0.0141300699,0.631763665,-0.086855678,0.770134587
835,2091005,97420,1.004,-0.214,0.177,-24.8,-20.5,24.6,-6.1,29.5,-10.3,0.0141300699,0.631763665,-0.086855678,0.770134587
836,2093701,97420,1.004,-0.214,0.177,-24.8,-20.5,24.6,-6.1,29.5,-10.3,0.0141300699,0.631763665,-0.086855678,0.770134587
837,2095418,97420,0.992,-0.194,0.162,-20.2,-21.5,23.8,-6,29.9,-10.2,0.0137028108,0.632648701,-0.0889614551,0.769157994
838,2098077,97420,0.992,-0.194,0.162,-20.2,-21.5,23.8,-6,29.9,-10.2,0.0137028108,0.632648701,-0.0889614551,0.769157994
839,2100736,97430,0.992,-0.194,0.162,-20.2,-21.5,23.8,-6,29.9,-10.2,0.0137028108,0.632648701,-0.0889614551,0.769157994
840,2103190,97430,0.992,-0.194,0.162,-20.2,-21.5,23.8,-6,29.9,-10.2,0.0137028108,0.632648701,-0.0889614551,0.769157994
841,2105692,97430,0.992,-0.194,0.162,-20.2,-21.5,23.8,-6,29.9,-10.2,0.0137028108,0.632648701,-0.0889614551,0.769157994
842,2107914,97430,0.992,-0.194,0.162,-20.2,-21.5,23.8,-6,29.9,-10.2,0.0137028108,0.632648701,-0.0889614551,0.769157994
843,2110601,97440,0.992,-0.194,0.162,-20.2,-21.5,23.8,-6,29.9,-10.2,0.0137028108,0.632648701,-0.0889614551,0.769157994
844,2113167,97440,0.992,-0.194,0.162,-20.2,-21.5,23.8,-6,29.9,-10.2,0.0137028108,0.632648701,-0.0889614551,0.769157994
845,2117362,97440,0.992,-0.194,0.162,-20.2,-21.5,23.8,-6,29.9,-10.2,0.0137028108,0.632648701,-0.0889614551,0.769157994
846,2117754,97440,0.996,-0.171,0.138,-13.2,-15.1,20.7,-6.1,29.7,-10.1,0.0114444411,0.63533433,-0.0942106388,0.766350291
847,2120316,97450,0.996,-0.171,0.138,-13.2,-15.1,20.7,-6.1,29.7,-10.1,0.0114444411,0.63533433,-0.0942106388,0.766350291
848,2124223,97450,0.996,-0.171,0.138,-13.2,-15.1,20.7,-6.1,29.7,-10.1,0.0114444411,0.63533433,-0.0942106388,0.766350291
849,2126508,97450,0.996,-0.171,0.138,-13.2,-15.1,20.7,-6.1,29.7,-10.1,0.0114444411,0.63533433,-0.0942106388,0.766350291
850,2128703,97450,0.996,-0.171,0.138,-13.2,-15.1,20.7,-6.1,29.7,-10.1,0.0114444411,0.63533433,-0.0942106388,0.766350291
851,2131389,97460,0.996,-0.171,0.138,-13.2,-15.1,20.7,-6.1,29.7,-10.1,0.0114444411,0.63533433,-0.0942106388,0.766350291
852,2133200,97460,0.996,-0.171,0.138,-13.2,-15.1,20.7,-6.1,29.7,-10.1,0.0114444411,0.63533433,-0.0942106388,0.766350291
853,2135979,97460,0.996,-0.171,0.138,-13.2,-15.1,20.7,-6.1,29.7,-10.1,0.0114444411,0.63533433,-0.0942106388,0.766350291
854,2138077,97460,0.996,-0.171,0.138,-13.2,-15.1,20.7,-6.1,29.7,-10.1,0.0114444411,0.63533433,-0.0942106388,0.766350291
855,2140424,97470,0.996,-0.171,0.138,-13.2,-15.1,20.7,-6.1,29.7,-10.1,0.0114444411,0.63533433,-0.0942106388,0.766350291
856,2142754,97470,0.996,-0.171,0.138,-13.2,-15.1,20.7,-6.1,29.7,-10.1,0.0114444411,0.63533433,-0.0942106388,0.766350291
857,2146830,97470,0.996,-0.171,0.138,-13.2,-15.1,20.7,-6.1,29.7,-10.1,0.0114444411,0.63533433,-0.0942106388,0.766350291
858,2148544,97470,0.996,-0.171,0.138,-13.2,-15.1,20.7,-6.1,29.7,-10.1,0.0114444411,0.63533433,-0.0942106388,0.766350291
859,2151102,97480,0.984,-0.296,0.146,-25.4,-1.7,9.6,-5.6,28.5,-9.2,0.0115665151,0.636036256,-0.101321451,0.764854884
860,2154915,97480,0.984,-0.296,0.146,-25.4,-1.7,9.6,-5.6,28.5,-9.2,0.0115665151,0.636036256,-0.101321451,0.764854884
861,2155242,97480,0.984,-0.3,0.158,-24.4,-2.2,8.6,-5.4,31,-8,0.0119632557,0.636036256,-0.102389599,0.764702292
862,2158724,97480,0.984,-0.3,0.158,-24.4,-2.2,8.6,-5.4,31,-8,0.0119632557,0.636036256,-0.102389599,0.764702292
863,2160892,97490,0.984,-0.3,0.158,-24.4,-2.2,8.6,-5.4,31,-8,0.0119632557,0.636036256,-0.102389599,0.764702292
864,2163012,97490,0.984,-0.3,0.158,-24.4,-2.2,8.6,-5.4,31,-8,0.0119632557,0.636036256,-0.102389599,0.764702292
865,2165363,97490,0.984,-0.3,0.158,-24.4,-2.2,8.6,-5.4,31,-8,0.0119632557,0.636036256,-0.102389599,0.764702292
866,2168063,97490,0.984,-0.3,0.158,-24.4,-2.2,8.6,-5.4,31,-8,0.0119632557,0.636036256,-0.102389599,0.764702292
867,2170215,97500,0.984,-0.3,0.158,-24.4,-2.2,8.6,-5.4,31,-8,0.0119632557,0.636036256,-0.102389599,0.764702292
868,2172661,97500,0.984,-0.3,0.158,-24.4,-2.2,8.6,-5.4,31,-8,0.0119632557,0.636036256,-0.102389599,0.764702292
869,2177137,97500,0.984,-0.3,0.158,-24.4,-2.2,8.6,-5.4,31,-8,0.0119632557,0.636036256,-0.102389599,0.764702292
870,2179346,97500,1.012,-0.222,0.193,-19.7,-7.2,5.7,-5.4,29.8,-10.3,0.012756737,0.636646626,-0.107394635,0.76351207
871,2181669,97510,1.012,-0.214,0.189,-19.2,-7.1,5.4,-5.4,29.8,-10.3,0.0129093295,0.636738182,-0.107791375,0.763359478
872,2183932,97510,1.012,-0.214,0.189,-19.2,-7.1,5.4,-5.4,29.8,-10.3,0.0129093295,0.636738182,-0.107791375,0.763359478
873,2186215,97510,1.012,-0.214,0.189,-19.2,-7.1,5.4,-5.4,29.8,-10.3,0.0129093295,0.636738182,-0.107791375,0.763359478
874,2187971,97510,1.012,-0.214,0.189,-19.2,-7.1,5.4,-5.4,29.8,-10.3,0.0129093295,0.636738182,-0.107791375,0.763359478
875,2191667,97520,1.012,-0.214,0.189,-19.2,-7.1,5.4,-5.4,29.8,-10.3,0.0129093295,0.636738182,-0.107791375,0.763359478
876,2193917,97520,1,-0.175,0.177,-14.9,-5.6,4,-5.5,30.1,-10.1,0.0136112552,0.637165441,-0.109469893,0.762749107
877,2195875,97520,1,-0.175,0.177,-14.9,-5.6,4,-5.5,30.1,-10.1,0.0136112552,0.637165441,-0.109469893,0.762749107
878,2197968,97520,1,-0.175,0.177,-14.9,-5.6,4,-5.5,30.1,-10.1,0.0136112552,0.637165441,-0.109469893,0.762749107
879,2201808,97530,1,-0.175,0.177,-14.9,-5.6,4,-5.5,30.1,-10.1,0.0136112552,0.637165441,-0.109469893,0.762749107
880,2203950,97530,0.992,-0.167,0.154,-11.1,-2.4,3.5,-5.8,30.2,-9.9,0.0140385144,0.63737907,-0.110538041,0.762413404
881,2206276,97530,0.992,-0.167,0.154,-11.1,-2.4,3.5,-5.8,30.2,-9.9,0.0140385144,0.63737907,-0.110538041,0.762413404
882,2208180,97530,0.992,-0.167,0.154,-11.1,-2.4,3.5,-5.8,30.2,-9.9,0.0140385144,0.63737907,-0.110538041,0.762413404
883,2212194,97540,0.988,-0.163,0.142,-9.4,0.3,3,-5.4,31,-8.5,0.0142826624,0.63737907,-0.11117893,0.762321848
884,2214403,97540,0.976,-0.171,0.135,-9.3,1.3,2.8,-5.4,31,-8.5,0.0143436995,0.637348552,-0.111362041,0.762321848
885,2216670,97540,0.976,-0.171,0.135,-9.3,1.3,2.8,-5.4,31,-8.5,0.0143436995,0.637348552,-0.111362041,0.762321848
886,2218953,97540,0.976,-0.175,0.127,-9.7,3.4,2.9,-5.4,30.4,-8.8,0.0144657735,0.637318033,-0.111880856,0.762260811
887,2220771,97550,0.976,-0.175,0.127,-9.7,3.4,2.9,-5.4,30.4,-8.8,0.0144657735,0.637318033,-0.111880856,0.762260811
888,2224168,97550,0.976,-0.175,0.127,-9.7,3.4,2.9,-5.4,30.4,-8.8,0.0144657735,0.637318033,-0.111880856,0.762260811
889,2226455,97550,0.976,-0.175,0.127,-9.7,3.4,2.9,-5.4,30.4,-8.8,0.0144657735,0.637318033,-0.111880856,0.762260811
890,2228723,97550,0.976,-0.175,0.127,-9.7,3.4,2.9,-5.4,30.4,-8.8,0.0144657735,0.637318033,-0.111880856,0.762260811
891,2230516,97560,0.976,-0.175,0.127,-9.7,3.4,2.9,-5.4,30.4,-8.8,0.0144657735,0.637318033,-0.111880856,0.762260811
892,2233273,97560,0.976,-0.175,0.127,-9.7,3.4,2.9,-5.4,30.4,-8.8,0.0144657735,0.637318033,-0.111880856,0.762260811
893,2235512,97560,0.98,-0.214,0.123,-12.5,7.2,4,-5.3,30.6,-9,0.0152897732,0.636524552,-0.113528855,0.76268807
894,2237871,97560,0.98,-0.222,0.123,-12.7,7.1,4,-5.3,30.6,-9,0.0154118473,0.63637196,-0.113803522,0.762749107
895,2242036,97570,0.988,-0.226,0.131,-12.9,6.8,4.1,-5.3,30.6,-9,0.0155339213,0.636249886,-0.114078188,0.762810144
896,2244265,97570,0.984,-0.23,0.131,-13.2,6.6,4.1,-5.3,30.6,-9,0.0156254769,0.636127812,-0.114352855,0.762871181
897,2246448,97570,0.988,-0.23,0.134,-13.5,6.4,4.3,-5.7,30.7,-8.8,0.0158085879,0.636005737,-0.114627522,0.762932218
898,2248304,97570,0.988,-0.23,0.134,-13.5,6.4,4.3,-5.7,30.7,-8.8,0.0158085879,0.636005737,-0.114627522,0.762932218
899,2250642,97580,0.988,-0.23,0.134,-13.5,6.4,4.3,-5.7,30.7,-8.8,0.0158085879,0.636005737,-0.114627522,0.762932218
900,2253003,97580,0.988,-0.23,0.134,-13.5,6.4,4.3,-5.7,30.7,-8.8,0.0158085879,0.636005737,-0.114627522,0.762932218
901,2257054,97580,0.988,-0.23,0.134,-13.5,6.4,4.3,-5.7,30.7,-8.8,0.0158085879,0.636005737,-0.114627522,0.762932218
902,2259296,97580,0.996,-0.241,0.162,-14.5,5.4,4.7,-5,30.1,-8.3,0.0164799951,0.635425886,-0.116122929,0.763176366
903,2261373,97590,0.996,-0.241,0.162,-14.5,5.4,4.7,-5,30.1,-8.3,0.0164799951,0.635425886,-0.116122929,0.763176366
904,2263635,97590,1.004,-0.238,0.162,-14.4,4.8,5,-5,30.1,-8.3,0.0167241432,0.635212256,-0.116733299,0.763237403
905,2265606,97590,1.004,-0.238,0.162,-14.4,4.8,5,-5,30.1,-8.3,0.0167241432,0.635212256,-0.116733299,0.763237403
906,2267922,97590,1,-0.23,0.162,-13.7,4.1,5.4,-5.4,30.4,-8.3,0.0165715506,0.635029145,-0.117770928,0.763237403
907,2272132,97600,1,-0.226,0.166,-13.3,4,5.7,-5.4,30.4,-8.3,0.0166631062,0.634968108,-0.118106632,0.763267922
908,2274204,97600,1.004,-0.226,0.162,-12.6,3.8,6,-5.4,30.4,-8.3,0.0167241432,0.634876553,-0.118411817,0.763267922
909,2276338,97600,1.004,-0.226,0.162,-12.6,3.8,6,-5.4,30.4,-8.3,0.0167241432,0.634876553,-0.118411817,0.763267922
910,2278651,97600,1.004,-0.226,0.162,-12.6,3.8,6,-5.4,30.4,-8.3,0.0167241432,0.634876553,-0.118411817,0.763267922
911,2280327,97610,1.004,-0.226,0.162,-12.6,3.8,6,-5.4,30.4,-8.3,0.0167241432,0.634876553,-0.118411817,0.763267922
912,2283042,97610,1.004,-0.226,0.162,-12.6,3.8,6,-5.4,30.4,-8.3,0.0167241432,0.634876553,-0.118411817,0.763267922
913,2287458,97610,1.004,-0.191,0.154,-8.9,4.3,7.4,-5.3,30.4,-8.2,0.0169377728,0.634418775,-0.119724113,0.763420515
914,2287852,97610,1.004,-0.183,0.15,-8.4,4.5,7.9,-5.3,30.4,-8.2,0.0169377728,0.634327219,-0.119998779,0.763481552
915,2290409,97620,1.004,-0.183,0.15,-8.4,4.5,7.9,-5.3,30.4,-8.2,0.0169377728,0.634327219,-0.119998779,0.763481552
916,2294192,97620,1.004,-0.183,0.15,-8.4,4.5,7.9,-5.3,30.4,-8.2,0.0169377728,0.634327219,-0.119998779,0.763481552
917,2296344,97620,1.004,-0.183,0.15,-8.4,4.5,7.9,-5.3,30.4,-8.2,0.0169377728,0.634327219,-0.119998779,0.763481552
918,2298667,97620,0.996,-0.167,0.146,-7.7,5.6,9.2,-5.4,30.3,-8.2,0.0168462172,0.633869442,-0.120975372,0.763695181
919,2300574,97630,0.996,-0.167,0.146,-7.7,5.6,9.2,-5.4,30.3,-8.2,0.0168462172,0.633869442,-0.120975372,0.763695181
920,2303001,97630,0.996,-0.167,0.146,-7.7,5.6,9.2,-5.4,30.3,-8.2,0.0168462172,0.633869442,-0.120975372,0.763695181
921,2305435,97630,0.996,-0.167,0.146,-7.7,5.6,9.2,-5.4,30.3,-8.2,0.0168462172,0.633869442,-0.120975372,0.763695181
922,2308481,97630,0.996,-0.167,0.146,-7.7,5.6,9.2,-5.4,30.3,-8.2,0.0168462172,0.633869442,-0.120975372,0.763695181
923,2312135,97640,0.992,-0.159,0.142,-9.3,8.6,10.8,-4.8,29.7,-8.2,0.0166936247,0.633106479,-0.122379223,0.764091922
924,2314441,97640,0.976,-0.171,0.135,-9.6,9.2,11.1,-4.8,29.7,-8.2,0.0166631062,0.632923368,-0.122714927,0.764213996
925,2316656,97640,0.976,-0.171,0.135,-9.6,9.2,11.1,-4.8,29.7,-8.2,0.0166631062,0.632923368,-0.122714927,0.764213996
926,2318895,97640,0.976,-0.171,0.135,-9.6,9.2,11.1,-4.8,29.7,-8.2,0.0166631062,0.632923368,-0.122714927,0.764213996
927,2321256,97650,0.976,-0.171,0.135,-9.6,9.2,11.1,-4.8,29.7,-8.2,0.0166631062,0.632923368,-0.122714927,0.764213996
928,2323046,97650,0.968,-0.186,0.127,-9.7,10.8,12,-5.4,31,-8.1,0.0165410321,0.632312998,-0.124027223,0.764519181
929,2326400,97650,0.976,-0.186,0.127,-9.7,10.8,12.3,-5.7,30.9,-8.1,0.0164799951,0.632099368,-0.124332408,0.764641255
930,2328642,97650,0.968,-0.198,0.123,-9.7,11.1,12.8,-5.7,30.9,-8.1,0.0164494766,0.631885739,-0.124668111,0.764763329
931,2332288,97660,0.968,-0.198,0.123,-9.7,11.1,12.8,-5.7,30.9,-8.1,0.0164494766,0.631885739,-0.124668111,0.764763329
932,2332650,97660,0.949,-0.198,0.135,-9.2,11.7,13.9,-5.7,30.9,-8.1,0.0162968841,0.631397443,-0.125370037,0.765037996
933,2336808,97660,0.949,-0.198,0.135,-9.2,11.7,13.9,-5.7,30.9,-8.1,0.0162968841,0.631397443,-0.125370037,0.765037996
934,2339123,97660,0.949,-0.198,0.135,-9.2,11.7,13.9,-5.7,30.9,-8.1,0.0162968841,0.631397443,-0.125370037,0.765037996
935,2341286,97670,0.949,-0.221,0.135,-7.6,12.2,14.7,-6.2,31,-8.1,0.015991699,0.630664998,-0.126346629,0.765495773
936,2343474,97670,0.949,-0.225,0.143,-7.6,11.8,14.7,-6.2,31,-8.1,0.0158696249,0.63042085,-0.126682333,0.765648366
937,2345516,97670,0.945,-0.233,0.143,-7.5,11.1,14.7,-6.2,31,-8,0.0157475509,0.630207221,-0.127018036,0.76577044
938,2348021,97670,0.945,-0.233,0.143,-7.5,11.1,14.7,-6.2,31,-8,0.0157475509,0.630207221,-0.127018036,0.76577044
939,2350785,97680,0.945,-0.233,0.143,-7.5,11.1,14.7,-6.2,31,-8,0.0157475509,0.630207221,-0.127018036,0.76577044
940,2353231,97680,0.945,-0.233,0.143,-7.5,11.1,14.7,-6.2,31,-8,0.0157475509,0.630207221,-0.127018036,0.76577044
941,2355235,97680,0.945,-0.233,0.143,-7.5,11.1,14.7,-6.2,31,-8,0.0157475509,0.630207221,-0.127018036,0.76577044
942,2357739,97680,0.945,-0.233,0.143,-7.5,11.1,14.7,-6.2,31,-8,0.0157475509,0.630207221,-0.127018036,0.76577044
943,2360503,97690,0.945,-0.233,0.143,-7.5,11.1,14.7,-6.2,31,-8,0.0157475509,0.630207221,-0.127018036,0.76577044
944,2362770,97690,0.945,-0.233,0.143,-7.5,11.1,14.7,-6.2,31,-8,0.0157475509,0.630207221,-0.127018036,0.76577044
945,2367463,97690,0.945,-0.233,0.143,-7.5,11.1,14.7,-6.2,31,-8,0.0157475509,0.630207221,-0.127018036,0.76577044
946,2367772,97690,0.933,-0.221,0.155,-4.8,6.6,14.4,-5.8,30.8,-8.2,0.0140385144,0.628650777,-0.129886776,0.76659444
947,2372018,97700,0.933,-0.221,0.155,-4.8,6.6,14.4,-5.8,30.8,-8.2,0.0140385144,0.628650777,-0.129886776,0.76659444
948,2374431,97700,0.937,-0.213,0.155,-4.6,5.1,14.2,-5.8,30.8,-8.2,0.0137333293,0.62837611,-0.13043611,0.766747032
949,2376405,97700,0.937,-0.213,0.155,-4.6,5.1,14.2,-5.8,30.8,-8.2,0.0137333293,0.62837611,-0.13043611,0.766747032
950,2378781,97700,0.945,-0.205,0.151,-4.7,4.1,13.5,-5.9,30.8,-7.9,0.0134281442,0.628162481,-0.130985443,0.766838588
951,2380944,97710,0.941,-0.201,0.155,-4.8,3.9,13.3,-5.9,30.8,-7.9,0.0132755516,0.628040407,-0.131229591,0.766869106
952,2382930,97710,0.945,-0.19,0.159,-4.6,3.9,13.3,-5.9,30.8,-7.9,0.0131229591,0.627948851,-0.131504257,0.766930143
953,2386981,97710,0.945,-0.19,0.159,-4.6,3.9,13.3,-5.9,30.8,-7.9,0.0131229591,0.627948851,-0.131504257,0.766930143
954,2389203,97710,0.949,-0.182,0.166,-4.5,4.1,13.6,-5.9,31.1,-8,0.012817774,0.627735221,-0.132023072,0.767021699
955,2391453,97720,0.949,-0.182,0.166,-4.5,4.1,13.6,-5.9,31.1,-8,0.012817774,0.627735221,-0.132023072,0.767021699
956,2393387,97720,0.949,-0.182,0.166,-4.5,4.1,13.6,-5.9,31.1,-8,0.012817774,0.627735221,-0.132023072,0.767021699
957,2395972,97720,0.953,-0.19,0.158,-6,4.5,14.4,-5.5,31.1,-8.2,0.0123599963,0.627368999,-0.13287759,0.767174291
958,2397925,97720,0.953,-0.19,0.158,-6,4.5,14.4,-5.5,31.1,-8.2,0.0123599963,0.627368999,-0.13287759,0.767174291
959,2400551,97730,0.953,-0.19,0.158,-6,4.5,14.4,-5.5,31.1,-8.2,0.0123599963,0.627368999,-0.13287759,0.767174291
960,2404260,97730,0.953,-0.19,0.158,-6,4.5,14.4,-5.5,31.1,-8.2,0.0123599963,0.627368999,-0.13287759,0.767174291
961,2406186,97730,0.957,-0.178,0.166,-5.1,5.5,14.6,-4.1,30.7,-7.9,0.0117801447,0.626880703,-0.134006775,0.767387921
962,2408718,97730,0.957,-0.178,0.166,-5.1,5.5,14.6,-4.1,30.7,-7.9,0.0117801447,0.626880703,-0.134006775,0.767387921
963,2410840,97740,0.961,-0.174,0.17,-4.1,6.3,15,-4.1,30.7,-7.9,0.0114139225,0.626575518,-0.134586627,0.767540513
964,2413364,97740,0.961,-0.174,0.17,-4.1,6.3,15,-4.1,30.7,-7.9,0.0114139225,0.626575518,-0.134586627,0.767540513
965,2417079,97740,0.961,-0.174,0.17,-4.1,6.3,15,-4.1,30.7,-7.9,0.0114139225,0.626575518,-0.134586627,0.767540513
966,2419292,97740,0.965,-0.182,0.182,-5.2,7,15.1,-4.8,30.6,-7.8,0.0110477004,0.626209296,-0.135319071,0.767693106
967,2421227,97750,0.965,-0.182,0.182,-5.2,7,15.1,-4.8,30.6,-7.8,0.0110477004,0.626209296,-0.135319071,0.767693106
968,2423838,97750,0.965,-0.182,0.182,-5.2,7,15.1,-4.8,30.6,-7.8,0.0110477004,0.626209296,-0.135319071,0.767693106
969,2426131,97750,0.977,-0.178,0.178,-8.4,6.9,15.2,-4.6,30.8,-7.8,0.0106509598,0.625721,-0.136326182,0.767937254
970,2428120,97750,0.977,-0.178,0.178,-8.4,6.9,15.2,-4.6,30.8,-7.8,0.0106509598,0.625721,-0.136326182,0.767937254
971,2430425,97760,0.977,-0.178,0.178,-8.4,6.9,15.2,-4.6,30.8,-7.8,0.0106509598,0.625721,-0.136326182,0.767937254
972,2433327,97760,0.988,-0.19,0.177,-10,7.3,14.9,-4.6,30.8,-7.8,0.0103457747,0.625202185,-0.137424848,0.768150884
973,2435456,97760,0.984,-0.186,0.177,-10.3,7.4,14.8,-4.1,30.5,-7.7,0.0102542192,0.625049593,-0.13779107,0.768242439
974,2439662,97760,0.984,-0.19,0.177,-10.4,7.5,14.6,-4.1,30.5,-7.7,0.0101626637,0.624866482,-0.138187811,0.768303476
975,2440193,97770,0.992,-0.19,0.177,-10.2,7.5,14.5,-4.1,30.5,-7.7,0.0101016266,0.62468337,-0.138554033,0.768395032
976,2444395,97770,0.992,-0.19,0.177,-10.2,7.5,14.5,-4.1,30.5,-7.7,0.0101016266,0.62468337,-0.138554033,0.768395032
977,2446656,97770,0.992,-0.19,0.177,-10.2,7.5,14.5,-4.1,30.5,-7.7,0.0101016266,0.62468337,-0.138554033,0.768395032
978,2448509,97770,0.988,-0.194,0.189,-10.6,7.7,13.6,-3.7,30.5,-7.8,0.00988799707,0.624164556,-0.139622181,0.768608661
979,2451159,97780,0.988,-0.194,0.189,-10.6,7.7,13.6,-3.7,30.5,-7.8,0.00988799707,0.624164556,-0.139622181,0.768608661
980,2454416,97780,0.996,-0.206,0.185,-11.4,7.7,12.7,-3.7,30.5,-7.8,0.00979644154,0.623828852,-0.140354625,0.768761254
981,2457175,97780,0.992,-0.214,0.185,-11.9,7.6,12.2,-4.1,30.5,-7.7,0.00979644154,0.62367626,-0.140720847,0.768822291
982,2459115,97780,0.992,-0.214,0.185,-11.9,7.6,12.2,-4.1,30.5,-7.7,0.00979644154,0.62367626,-0.140720847,0.768822291
983,2461593,97790,0.992,-0.218,0.193,-12.3,7.2,11.2,-4.1,30.5,-7.7,0.00979644154,0.623340556,-0.141453291,0.768944365
984,2463831,97790,0.992,-0.218,0.193,-12.3,7.2,11.2,-4.1,30.5,-7.7,0.00979644154,0.623340556,-0.141453291,0.768944365
985,2466801,97790,0.992,-0.218,0.193,-12.3,7.2,11.2,-4.1,30.5,-7.7,0.00979644154,0.623340556,-0.141453291,0.768944365
986,2469028,97790,0.988,-0.237,0.197,-12.5,6.7,9.8,-4.2,31.1,-7.8,0.00979644154,0.622882778,-0.142551958,0.769127476
987,2471263,97800,0.988,-0.237,0.197,-12.9,6.6,9.4,-4.2,31.1,-7.8,0.00982696005,0.622760704,-0.142887661,0.769157994
988,2473208,97800,0.988,-0.237,0.197,-12.9,6.6,9.4,-4.2,31.1,-7.8,0.00982696005,0.622760704,-0.142887661,0.769157994
989,2475481,97800,0.984,-0.241,0.201,-13.5,6.5,8.7,-3.9,31,-7.6,0.00991851558,0.622486038,-0.143589587,0.76924955
990,2478380,97800,0.98,-0.249,0.201,-13.7,6.5,8.4,-3.9,31,-7.6,0.0099795526,0.622333445,-0.143925291,0.769310587
991,2480600,97810,0.98,-0.249,0.201,-13.7,6.6,8.2,-3.9,31,-7.6,0.0100711081,0.622180853,-0.144260994,0.769371624
992,2482884,97810,0.98,-0.249,0.201,-13.7,6.6,8.2,-3.9,31,-7.6,0.0100711081,0.622180853,-0.144260994,0.769371624
993,2485417,97810,0.98,-0.249,0.201,-13.7,6.6,8.2,-3.9,31,-7.6,0.0100711081,0.622180853,-0.144260994,0.769371624
994,2487893,97810,0.98,-0.249,0.201,-13.7,6.6,8.2,-3.9,31,-7.6,0.0100711081,0.622180853,-0.144260994,0.769371624
995,2492232,97820,0.965,-0.256,0.198,-13.4,7.7,7.4,-4,31.2,-7.5,0.0103762932,0.621601001,-0.145603809,0.769585253
996,2494631,97820,0.961,-0.256,0.198,-13.5,8.2,7.4,-4,31.2,-7.5,0.0104678488,0.62141789,-0.145908994,0.769676809
997,2496380,97820,0.961,-0.256,0.198,-13.5,8.2,7.4,-4,31.2,-7.5,0.0104678488,0.62141789,-0.145908994,0.769676809
998,2498905,97820,0.961,-0.256,0.198,-13.5,8.2,7.4,-4,31.2,-7.5,0.0104678488,0.62141789,-0.145908994,0.769676809
999,2501739,97830,0.961,-0.256,0.198,-13.5,8.2,7.4,-4,31.2,-7.5,0.0104678488,0.62141789,-0.145908994,0.769676809
1000,2503902,97830,0.953,-0.264,0.202,-14.4,10.3,6.5,-4.1,31.2,-7.3,0.0108951079,0.620685446,-0.14722129,0.770012513
1001,2505824,97830,0.953,-0.264,0.202,-14.4,10.3,6.5,-4.1,31.2,-7.3,0.0108951079,0.620685446,-0.14722129,0.770012513
1002,2508273,97830,0.953,-0.264,0.202,-14.4,10.3,6.5,-4.1,31.2,-7.3,0.0108951079,0.620685446,-0.14722129,0.770012513
1003,2510335,97840,0.953,-0.264,0.202,-14.4,10.3,6.5,-4.1,31.2,-7.3,0.0108951079,0.620685446,-0.14722129,0.770012513
1004,2514671,97840,0.953,-0.264,0.202,-14.4,10.3,6.5,-4.1,31.2,-7.3,0.0108951079,0.620685446,-0.14722129,0.770012513
1005,2516913,97840,0.941,-0.264,0.198,-12.8,11.9,4.3,-3.5,31,-7.5,0.0112918485,0.619495224,-0.1490524,0.770622883
1006,2519203,97840,0.941,-0.264,0.198,-12.8,11.9,4.3,-3.5,31,-7.5,0.0112918485,0.619495224,-0.1490524,0.770622883
1007,2521343,97850,0.941,-0.26,0.194,-12.4,12.2,3.9,-3.5,31,-7.5,0.0115665151,0.619037446,-0.149571215,0.770867031
1008,2523298,97850,0.93,-0.256,0.198,-12.1,12.5,3.3,-3.5,31,-7.5,0.0117191076,0.618823817,-0.149815363,0.770989105
1009,2526888,97850,0.93,-0.256,0.198,-12.1,12.5,3.3,-3.5,31,-7.5,0.0117191076,0.618823817,-0.149815363,0.770989105
1010,2529008,97850,0.933,-0.252,0.186,-11.2,13.1,2.2,-3,30.9,-7.8,0.0120242927,0.618366039,-0.150273141,0.771263771
1011,2531379,97860,0.933,-0.252,0.186,-11.2,13.1,2.2,-3,30.9,-7.8,0.0120242927,0.618366039,-0.150273141,0.771263771
1012,2534947,97860,0.933,-0.252,0.186,-11.2,13.1,2.2,-3,30.9,-7.8,0.0120242927,0.618366039,-0.150273141,0.771263771
1013,2535341,97860,0.933,-0.248,0.182,-9.9,13.6,0.8,-3.2,30.6,-7.4,0.0125125889,0.617664113,-0.150822474,0.771721549
1014,2537856,97860,0.933,-0.248,0.182,-9.9,13.6,0.8,-3.2,30.6,-7.4,0.0125125889,0.617664113,-0.150822474,0.771721549
1015,2541638,97870,0.933,-0.248,0.182,-9.9,13.6,0.8,-3.2,30.6,-7.4,0.0125125889,0.617664113,-0.150822474,0.771721549
1016,2543983,97870,0.953,-0.237,0.182,-8,14.4,0.1,-3.2,30.6,-7.4,0.013000885,0.616931669,-0.151280251,0.772209845
1017,2545790,97870,0.953,-0.229,0.178,-7.4,14.6,-0.1,-2.8,31,-7.6,0.0131229591,0.616687521,-0.151402326,0.772362438
1018,2549847,97870,0.965,-0.229,0.186,-7.1,14.7,-0.4,-2.8,31,-7.6,0.0132755516,0.616443373,-0.151493881,0.772545549
1019,2550198,97880,0.961,-0.213,0.182,-7.3,15,-0.8,-2.8,31,-7.6,0.0134586627,0.616168706,-0.151585437,0.77272866
1020,2554540,97880,0.961,-0.213,0.182,-7.3,15,-0.8,-2.8,31,-7.6,0.0134586627,0.616168706,-0.151585437,0.77272866
1021,2556348,97880,0.961,-0.213,0.182,-7.3,15,-0.8,-2.8,31,-7.6,0.0134586627,0.616168706,-0.151585437,0.77272866
1022,2558639,97880,0.961,-0.213,0.182,-7.3,15,-0.8,-2.8,31,-7.6,0.0134586627,0.616168706,-0.151585437,0.77272866
1023,2562343,97890,0.961,-0.213,0.182,-7.3,15,-0.8,-2.8,31,-7.6,0.0134586627,0.616168706,-0.151585437,0.77272866
1024,2562757,97890,0.949,-0.198,0.178,-5.8,22,-1,-4.6,30.9,-7.4,0.0143436995,0.614581744,-0.152104251,0.773888363
1025,2566981,97890,0.949,-0.198,0.178,-5.8,22,-1,-4.6,30.9,-7.4,0.0143436995,0.614581744,-0.152104251,0.773888363
1026,2569682,97890,0.945,-0.205,0.178,-5.3,23.4,-1.5,-3.9,30.7,-7.4,0.0148014771,0.614032411,-0.15213477,0.774315622
1027,2571947,97900,0.945,-0.205,0.178,-5.3,23.4,-1.5,-3.9,30.7,-7.4,0.0148014771,0.614032411,-0.15213477,0.774315622
1028,2574262,97900,0.945,-0.205,0.178,-5.3,23.4,-1.5,-3.9,30.7,-7.4,0.0148014771,0.614032411,-0.15213477,0.774315622
1029,2576576,97900,0.949,-0.205,0.182,-4.3,21.6,-4,-4,31.1,-7.6,0.0153813288,0.612903226,-0.152226325,0.775170141
1030,2578760,97900,0.965,-0.209,0.178,-4,20.3,-5,-4,31.1,-7.6,0.0155644398,0.612567522,-0.152226325,0.775444807
1031,2580593,97910,0.965,-0.209,0.178,-4,20.3,-5,-4,31.1,-7.6,0.0155644398,0.612567522,-0.152226325,0.775444807
1032,2583076,97910,0.965,-0.209,0.178,-4,20.3,-5,-4,31.1,-7.6,0.0155644398,0.612567522,-0.152226325,0.775444807
1033,2587688,97910,0.992,-0.21,0.189,-5,16,-7.1,-3.9,30.8,-7,0.016235847,0.611743522,-0.152165288,0.776085696
1034,2587688,97910,0.988,-0.214,0.197,-6.2,14.9,-7.4,-3.9,30.8,-7,0.0164799951,0.611499374,-0.152165288,0.776268807
1035,2591238,97920,0.988,-0.214,0.197,-6.2,14.9,-7.4,-3.9,30.8,-7,0.0164799951,0.611499374,-0.152165288,0.776268807
1036,2592951,97920,0.988,-0.214,0.197,-6.2,14.9,-7.4,-3.9,30.8,-7,0.0164799951,0.611499374,-0.152165288,0.776268807
1037,2595361,97920,0.988,-0.214,0.197,-6.2,14.9,-7.4,-3.9,30.8,-7,0.0164799951,0.611499374,-0.152165288,0.776268807
1038,2599926,97920,0.957,-0.217,0.198,-11,13.8,-5.4,-3.9,30.7,-7.1,0.0176396985,0.610644856,-0.152439955,0.776879177
1039,2600316,97930,0.957,-0.217,0.202,-11.7,13.6,-4.8,-3.9,30.7,-7.1,0.0179448836,0.610400708,-0.152562029,0.777001251
1040,2605373,97930,0.957,-0.217,0.202,-11.7,13.6,-4.8,-3.9,30.7,-7.1,0.0179448836,0.610400708,-0.152562029,0.777001251
1041,2605373,97930,0.949,-0.229,0.206,-12.7,12.4,-4.7,-4.3,30.5,-7.5,0.0185247353,0.610003967,-0.152867214,0.777275918
1042,2607937,97930,0.949,-0.229,0.206,-12.7,12.4,-4.7,-4.3,30.5,-7.5,0.0185247353,0.610003967,-0.152867214,0.777275918
1043,2610172,97940,0.949,-0.229,0.206,-12.7,12.4,-4.7,-4.3,30.5,-7.5,0.0185247353,0.610003967,-0.152867214,0.777275918
1044,2612662,97940,0.949,-0.229,0.206,-12.7,12.4,-4.7,-4.3,30.5,-7.5,0.0185247353,0.610003967,-0.152867214,0.777275918
1045,2617157,97940,0.949,-0.229,0.206,-12.7,12.4,-4.7,-4.3,30.5,-7.5,0.0185247353,0.610003967,-0.152867214,0.777275918
1046,2619406,97940,0.941,-0.232,0.21,-13.6,10.6,-6.3,-4.1,31,-7.1,0.0199896237,0.609149449,-0.153721732,0.777733695
1047,2621600,97950,0.941,-0.232,0.21,-13.6,10.6,-6.3,-4.1,31,-7.1,0.0199896237,0.609149449,-0.153721732,0.777733695
1048,2623263,97950,0.941,-0.232,0.21,-13.6,10.6,-6.3,-4.1,31,-7.1,0.0199896237,0.609149449,-0.153721732,0.777733695
1049,2625332,97950,0.934,-0.224,0.206,-13.3,9.7,-6.6,-4.2,30.9,-7,0.020966216,0.608661153,-0.154118473,0.778008362
1050,2627971,97950,0.938,-0.221,0.202,-13.2,9.3,-6.7,-4.2,30.9,-7,0.0213019196,0.608539079,-0.154240547,0.778069399
1051,2632543,97960,0.934,-0.228,0.202,-13,8.7,-6.8,-4.2,30.9,-7,0.0216071047,0.608386486,-0.154393139,0.778130436
1052,2632922,97960,0.93,-0.217,0.206,-12.7,8.3,-6.8,-4.2,30.9,-7,0.0219428083,0.608264412,-0.154484695,0.778221992
1053,2635362,97960,0.93,-0.217,0.206,-12.7,8.3,-6.8,-4.2,30.9,-7,0.0219428083,0.608264412,-0.154484695,0.778221992
1054,2637656,97960,0.93,-0.217,0.206,-12.7,8.3,-6.8,-4.2,30.9,-7,0.0219428083,0.608264412,-0.154484695,0.778221992
1055,2642174,97970,0.93,-0.217,0.206,-12.7,8.3,-6.8,-4.2,30.9,-7,0.0219428083,0.608264412,-0.154484695,0.778221992
1056,2644361,97970,0.93,-0.217,0.206,-12.7,8.3,-6.8,-4.2,30.9,-7,0.0219428083,0.608264412,-0.154484695,0.778221992
1057,2646580,97970,0.93,-0.217,0.206,-12.7,8.3,-6.8,-4.2,30.9,-7,0.0219428083,0.608264412,-0.154484695,0.778221992
1058,2648841,97970,0.93,-0.217,0.206,-12.7,8.3,-6.8,-4.2,30.9,-7,0.0219428083,0.608264412,-0.154484695,0.778221992
1059,2650516,97980,0.93,-0.217,0.206,-12.7,8.3,-6.8,-4.2,30.9,-7,0.0219428083,0.608264412,-0.154484695,0.778221992
1060,2654781,97980,0.926,-0.201,0.198,-8.4,6.2,-5.7,-4.3,30.8,-6,0.0240485855,0.607440413,-0.155217139,0.778649251
1061,2655202,97980,0.926,-0.205,0.194,-8.1,6.1,-5.8,-4.4,30.6,-8.1,0.0242927335,0.607348857,-0.155278176,0.778679769
1062,2657793,97980,0.926,-0.205,0.194,-8.1,6.1,-5.8,-4.4,30.6,-8.1,0.0242927335,0.607348857,-0.155278176,0.778679769
1063,2661533,97990,0.926,-0.205,0.194,-8.1,6.1,-5.8,-4.4,30.6,-8.1,0.0242927335,0.607348857,-0.155278176,0.778679769
1064,2663831,97990,0.93,-0.205,0.202,-7.9,6.4,-6,-4.4,30.6,-8.1,0.0249641408,0.60707419,-0.155430769,0.77886288
1065,2666716,97990,0.93,-0.205,0.202,-7.9,6.4,-6,-4.4,30.6,-8.1,0.0249641408,0.60707419,-0.155430769,0.77886288
1066,2668851,97990,0.941,-0.201,0.19,-8,6.2,-6.1,-4.3,30.8,-6,0.0253913999,0.607013153,-0.155552843,0.778893399
1067,2671185,98000,0.938,-0.205,0.19,-8.1,6.1,-6.2,-4.3,30.8,-6,0.025635548,0.606921598,-0.15561388,0.778923917
1068,2673120,98000,0.938,-0.205,0.19,-8.1,6.1,-6.2,-4.3,30.8,-6,0.025635548,0.606921598,-0.15561388,0.778923917
1069,2675382,98000,0.938,-0.205,0.19,-8.1,6.1,-6.2,-4.3,30.8,-6,0.025635548,0.606921598,-0.15561388,0.778923917
1070,2678029,98000,0.938,-0.205,0.19,-8.1,6.1,-6.2,-4.3,30.8,-6,0.025635548,0.606921598,-0.15561388,0.778923917
1071,2680172,98010,0.938,-0.205,0.19,-8.1,6.1,-6.2,-4.3,30.8,-6,0.025635548,0.606921598,-0.15561388,0.778923917
1072,2682925,98010,0.938,-0.205,0.19,-8.1,6.1,-6.2,-4.3,30.8,-6,0.025635548,0.606921598,-0.15561388,0.778923917
1073,2687267,98010,0.945,-0.217,0.206,-9.7,5.8,-4.7,-4.6,30.6,-5.8,0.0270699179,0.606372265,-0.156102176,0.779229102
1074,2689451,98010,0.945,-0.221,0.198,-10,5.5,-4.6,-4.6,30.6,-5.8,0.0272835475,0.606280709,-0.156193731,0.779259621
1075,2691521,98020,0.945,-0.221,0.198,-10,5.5,-4.6,-4.6,30.6,-5.8,0.0272835475,0.606280709,-0.156193731,0.779259621
1076,2693709,98020,0.945,-0.221,0.198,-10,5.5,-4.6,-4.6,30.6,-5.8,0.0272835475,0.606280709,-0.156193731,0.779259621
1077,2697422,98020,0.945,-0.232,0.202,-10.8,4.3,-4.4,-4.6,30.8,-5.4,0.0279549547,0.60606708,-0.156529435,0.779320658
1078,2697769,98020,0.949,-0.233,0.202,-11,3.9,-4.3,-4.6,30.8,-5.4,0.0281991028,0.606006043,-0.156682028,0.779351176
1079,2701813,98030,0.949,-0.233,0.202,-11,3.9,-4.3,-4.6,30.8,-5.4,0.0281991028,0.606006043,-0.156682028,0.779351176
1080,2704051,98030,0.949,-0.233,0.202,-11,3.9,-4.3,-4.6,30.8,-5.4,0.0281991028,0.606006043,-0.156682028,0.779351176
1081,2706468,98030,0.945,-0.236,0.206,-11.2,2.5,-3.7,-4.5,31,-8.3,0.0289010285,0.60585345,-0.157078768,0.779351176
1082,2709871,98030,0.945,-0.236,0.206,-11.2,2.5,-3.7,-4.5,31,-8.3,0.0289010285,0.60585345,-0.157078768,0.779351176
1083,2710228,98040,0.949,-0.233,0.21,-10.8,1.4,-3.2,-4.5,31,-8.3,0.0292977691,0.605822932,-0.157383953,0.779290139
1084,2714360,98040,0.949,-0.233,0.21,-10.8,1.4,-3.2,-4.5,31,-8.3,0.0292977691,0.605822932,-0.157383953,0.779290139
1085,2716559,98040,0.942,-0.236,0.218,-10.4,0.6,-2.9,-4.5,30.6,-6.4,0.0295113987,0.605792413,-0.15787225,0.779229102
1086,2718818,98040,0.942,-0.236,0.218,-10.2,0.2,-2.7,-4.5,30.6,-6.4,0.0296639912,0.605792413,-0.158024842,0.779168065
1087,2722341,98050,0.942,-0.232,0.218,-9.9,-0.1,-2.5,-4.5,30.6,-6.4,0.0298776208,0.605792413,-0.158146916,0.779137547
1088,2722800,98050,0.945,-0.229,0.214,-9.5,-0.5,-2.1,-4.5,30.6,-6.4,0.0300302133,0.605792413,-0.158299509,0.779107028
1089,2726162,98050,0.945,-0.229,0.214,-9.5,-0.5,-2.1,-4.5,30.6,-6.4,0.0300302133,0.605792413,-0.158299509,0.779107028
1090,2728132,98050,0.945,-0.229,0.214,-9.5,-0.5,-2.1,-4.5,30.6,-6.4,0.0300302133,0.605792413,-0.158299509,0.779107028
1091,2730310,98060,0.945,-0.229,0.214,-9.5,-0.5,-2.1,-4.5,30.6,-6.4,0.0300302133,0.605792413,-0.158299509,0.779107028
1092,2734312,98060,0.945,-0.229,0.214,-9.5,-0.5,-2.1,-4.5,30.6,-6.4,0.0300302133,0.605792413,-0.158299509,0.779107028
1093,2736637,98060,0.945,-0.229,0.214,-9.5,-0.5,-2.1,-4.5,30.6,-6.4,0.0300302133,0.605792413,-0.158299509,0.779107028
1094,2738876,98060,0.945,-0.229,0.202,-6.7,-1.1,-1.3,-4.6,30.3,-7.3,0.0308236946,0.605914487,-0.158970916,0.77886288
1095,2741170,98070,0.945,-0.229,0.202,-6.7,-1.1,-1.3,-4.6,30.3,-7.3,0.0308236946,0.605914487,-0.158970916,0.77886288
1096,2743082,98070,0.945,-0.229,0.202,-6.7,-1.1,-1.3,-4.6,30.3,-7.3,0.0308236946,0.605914487,-0.158970916,0.77886288
1097,2745340,98070,0.945,-0.229,0.202,-6.7,-1.1,-1.3,-4.6,30.3,-7.3,0.0308236946,0.605914487,-0.158970916,0.77886288
1098,2747819,98070,0.945,-0.229,0.202,-6.7,-1.1,-1.3,-4.6,30.3,-7.3,0.0308236946,0.605914487,-0.158970916,0.77886288
1099,2752361,98080,0.938,-0.224,0.21,-4.3,-1.4,-1,-4.3,30.6,-8.1,0.0312204352,0.606036561,-0.159337138,0.778679769
1100,2752728,98080,0.938,-0.221,0.21,-4,-1.4,-0.8,-4.3,30.6,-8.1,0.0312814722,0.606036561,-0.159398175,0.778618732
1101,2756831,98080,0.938,-0.221,0.21,-4,-1.4,-0.8,-4.3,30.6,-8.1,0.0312814722,0.606036561,-0.159398175,0.778618732
1102,2759114,98080,0.934,-0.221,0.214,-3.6,-1.5,-0.8,-4.4,30.8,-6.5,0.0314035463,0.606097598,-0.159520249,0.778557695
1103,2761388,98090,0.938,-0.224,0.21,-3.5,-1.7,-0.7,-4.4,30.8,-6.5,0.0314645833,0.606128117,-0.159550768,0.778527177
1104,2763025,98090,0.938,-0.224,0.21,-3.5,-1.7,-0.7,-4.4,30.8,-6.5,0.0314645833,0.606128117,-0.159550768,0.778527177
1105,2765142,98090,0.938,-0.224,0.21,-3.5,-1.7,-0.7,-4.4,30.8,-6.5,0.0314645833,0.606128117,-0.159550768,0.778527177
1106,2767931,98090,0.938,-0.224,0.21,-3.5,-1.7,-0.7,-4.4,30.8,-6.5,0.0314645833,0.606128117,-0.159550768,0.778527177
1107,2770864,98100,0.941,-0.228,0.21,-3.6,-1.6,-0.1,-4.7,30.5,-6.8,0.0314645833,0.606219672,-0.160008545,0.778374584
1108,2774267,98100,0.941,-0.228,0.21,-3.8,-1.7,0,-4.7,30.5,-6.8,0.0314951018,0.606219672,-0.160100101,0.778313547
1109,2776515,98100,0.942,-0.225,0.21,-4,-1.8,0.1,-4.4,30.7,-6.8,0.0315256203,0.606250191,-0.160161138,0.778313547
1110,2778794,98100,0.941,-0.228,0.21,-4.1,-1.8,0.2,-4.4,30.7,-6.8,0.0315866573,0.606280709,-0.160222175,0.77825251
1111,2782447,98110,0.941,-0.228,0.21,-4.1,-1.8,0.2,-4.4,30.7,-6.8,0.0315866573,0.606280709,-0.160222175,0.77825251
1112,2782872,98110,0.941,-0.232,0.206,-4.4,-1.7,0.4,-4.4,30.7,-6.8,0.0316782128,0.606341746,-0.160374767,0.778191473
1113,2785400,98110,0.941,-0.232,0.206,-4.4,-1.7,0.4,-4.4,30.7,-6.8,0.0316782128,0.606341746,-0.160374767,0.778191473
1114,2788062,98110,0.941,-0.232,0.206,-4.4,-1.7,0.4,-4.4,30.7,-6.8,0.0316782128,0.606341746,-0.160374767,0.778191473
1115,2790158,98120,0.941,-0.232,0.206,-4.4,-1.7,0.4,-4.4,30.7,-6.8,0.0316782128,0.606341746,-0.160374767,0.778191473
1116,2792821,98120,0.941,-0.232,0.206,-4.4,-1.7,0.4,-4.4,30.7,-6.8,0.0316782128,0.606341746,-0.160374767,0.778191473
1117,2796511,98120,0.941,-0.24,0.218,-4.4,-1.8,0.9,-4.6,30.2,-6.9,0.0318918424,0.606433302,-0.160832545,0.777977844
1118,2798924,98120,0.941,-0.24,0.214,-4.3,-2,0.9,-4.6,30.2,-6.9,0.0319223609,0.606494339,-0.1609241,0.777947325
1119,2801180,98130,0.941,-0.24,0.214,-4.3,-2,0.9,-4.6,30.2,-6.9,0.0319223609,0.606494339,-0.1609241,0.777947325
1120,2803064,98130,0.941,-0.24,0.214,-4.3,-2,0.9,-4.6,30.2,-6.9,0.0319223609,0.606494339,-0.1609241,0.777947325
1121,2805414,98130,0.941,-0.24,0.214,-4.3,-2,0.9,-4.6,30.2,-6.9,0.0319223609,0.606494339,-0.1609241,0.777947325
1122,2809315,98130,0.941,-0.24,0.214,-4.3,-2,0.9,-4.6,30.2,-6.9,0.0319223609,0.606494339,-0.1609241,0.777947325
1123,2811702,98140,0.941,-0.24,0.214,-4.3,-2,0.9,-4.6,30.2,-6.9,0.0319223609,0.606494339,-0.1609241,0.777947325
1124,2813991,98140,0.941,-0.24,0.214,-4.3,-2,0.9,-4.6,30.2,-6.9,0.0319223609,0.606494339,-0.1609241,0.777947325
1125,2816380,98140,0.945,-0.244,0.214,-2.1,-2.6,1.2,-4.3,30.8,-7.5,0.0317392499,0.606585894,-0.161778619,0.777703177
1126,2819387,98140,0.945,-0.244,0.214,-2.1,-2.6,1.2,-4.3,30.8,-7.5,0.0317392499,0.606585894,-0.161778619,0.777703177
1127,2821702,98150,0.945,-0.244,0.214,-2.1,-2.6,1.2,-4.3,30.8,-7.5,0.0317392499,0.606585894,-0.161778619,0.777703177
1128,2823957,98150,0.945,-0.24,0.214,-0.8,-2.9,1.1,-4.3,30.8,-7.5,0.0316782128,0.606738487,-0.161900693,0.777581103
1129,2827491,98150,0.945,-0.24,0.214,-0.8,-2.9,1.1,-4.3,30.8,-7.5,0.0316782128,0.606738487,-0.161900693,0.777581103
1130,2827862,98150,0.941,-0.244,0.21,0,-2.9,1.4,-4.6,30.2,-7,0.0316171758,0.606830042,-0.16196173,0.777489547
1131,2830506,98160,0.941,-0.244,0.21,0,-2.9,1.4,-4.6,30.2,-7,0.0316171758,0.606830042,-0.16196173,0.777489547
1132,2833148,98160,0.941,-0.244,0.21,0,-2.9,1.4,-4.6,30.2,-7,0.0316171758,0.606830042,-0.16196173,0.777489547
1133,2837152,98160,0.934,-0.244,0.206,0.9,-3,1.3,-4.5,30.2,-7.6,0.0314951018,0.606952116,-0.161992248,0.777367473
1134,2839488,98160,0.941,-0.232,0.206,1.2,-3,1.3,-4.5,30.2,-7.6,0.0314645833,0.607013153,-0.161992248,0.777336955
1135,2841852,98170,0.941,-0.232,0.206,1.2,-3,1.3,-4.5,30.2,-7.6,0.0314645833,0.607013153,-0.161992248,0.777336955
1136,2843850,98170,0.938,-0.236,0.206,1.8,-3.3,1.3,-4.5,30.2,-7.6,0.0313425092,0.607104709,-0.16196173,0.777275918
1137,2846251,98170,0.938,-0.236,0.206,1.8,-3.3,1.3,-4.5,30.2,-7.6,0.0313425092,0.607104709,-0.16196173,0.777275918
1138,2849769,98170,0.938,-0.236,0.206,1.8,-3.3,1.3,-4.5,30.2,-7.6,0.0313425092,0.607104709,-0.16196173,0.777275918
1139,2852062,98180,0.934,-0.232,0.202,3.1,-3.5,1.2,-4.5,30.1,-7.6,0.0311288797,0.60728782,-0.161900693,0.777153844
1140,2854477,98180,0.934,-0.232,0.202,3.1,-3.5,1.2,-4.5,30.1,-7.6,0.0311288797,0.60728782,-0.161900693,0.777153844
1141,2856627,98180,0.934,-0.232,0.202,3.1,-3.5,1.2,-4.5,30.1,-7.6,0.0311288797,0.60728782,-0.161900693,0.777153844
1142,2858887,98180,0.934,-0.236,0.202,3.5,-3.5,1.2,-4.6,31.7,-5.3,0.0308847316,0.607440413,-0.161778619,0.777062288
1143,2861360,98190,0.934,-0.232,0.198,3.7,-3.5,1.3,-4.6,31.7,-5.3,0.0307626576,0.60750145,-0.161717582,0.77703177
1144,2863157,98190,0.934,-0.232,0.198,3.7,-3.5,1.3,-4.6,31.7,-5.3,0.0307626576,0.60750145,-0.161717582,0.77703177
1145,2866512,98190,0.934,-0.232,0.198,3.7,-3.5,1.3,-4.6,31.7,-5.3,0.0307626576,0.60750145,-0.161717582,0.77703177
1146,2868827,98190,0.934,-0.232,0.198,3.7,-3.5,1.3,-4.6,31.7,-5.3,0.0307626576,0.60750145,-0.161717582,0.77703177
1147,2870482,98200,0.934,-0.232,0.198,3.7,-3.5,1.3,-4.6,31.7,-5.3,0.0307626576,0.60750145,-0.161717582,0.77703177
1148,2872949,98200,0.934,-0.232,0.198,3.7,-3.5,1.3,-4.6,31.7,-5.3,0.0307626576,0.60750145,-0.161717582,0.77703177
1149,2876216,98200,0.934,-0.232,0.198,3.7,-3.5,1.3,-4.6,31.7,-5.3,0.0307626576,0.60750145,-0.161717582,0.77703177
1150,2878057,98200,0.941,-0.229,0.198,5,-3,0.8,-4.2,30.4,-7.8,0.0299081393,0.607867672,-0.161564989,0.77681814
1151,2882118,98210,0.941,-0.225,0.198,5.1,-3,0.7,-4.2,30.4,-7.8,0.0298471023,0.607928709,-0.161503952,0.776787622
1152,2884290,98210,0.945,-0.225,0.202,5.2,-3.1,0.6,-4.2,30.4,-7.8,0.0297555467,0.607959227,-0.161412397,0.776787622
1153,2886485,98210,0.938,-0.221,0.202,5.2,-3.1,0.7,-4.1,31,-7.4,0.0296639912,0.608020264,-0.161320841,0.776757103
1154,2888780,98210,0.938,-0.221,0.202,5.2,-3.1,0.7,-4.1,31,-7.4,0.0296639912,0.608020264,-0.161320841,0.776757103
1155,2890563,98220,0.938,-0.221,0.202,5.2,-3.1,0.7,-4.1,31,-7.4,0.0296639912,0.608020264,-0.161320841,0.776757103
1156,2894835,98220,0.941,-0.221,0.206,5.4,-3.3,0.4,-4.1,31,-7.4,0.0293893246,0.608203375,-0.161076693,0.776696066
1157,2895537,98220,0.942,-0.225,0.214,5.5,-3.3,0.3,-4.3,31,-7.5,0.0292977691,0.608264412,-0.161015656,0.776665548
1158,2898343,98220,0.942,-0.225,0.214,5.5,-3.3,0.3,-4.3,31,-7.5,0.0292977691,0.608264412,-0.161015656,0.776665548
1159,2900572,98230,0.942,-0.225,0.214,5.5,-3.3,0.3,-4.3,31,-7.5,0.0292977691,0.608264412,-0.161015656,0.776665548
1160,2902668,98230,0.942,-0.225,0.214,5.5,-3.3,0.3,-4.3,31,-7.5,0.0292977691,0.608264412,-0.161015656,0.776665548
1161,2906189,98230,0.942,-0.225,0.214,5.5,-3.3,0.3,-4.3,31,-7.5,0.0292977691,0.608264412,-0.161015656,0.776665548
1162,2908219,98230,0.942,-0.225,0.214,5.5,-3.3,0.3,-4.3,31,-7.5,0.0292977691,0.608264412,-0.161015656,0.776665548
1163,2910556,98240,0.942,-0.225,0.214,5.5,-3.3,0.3,-4.3,31,-7.5,0.0292977691,0.608264412,-0.161015656,0.776665548
1164,2912824,98240,0.942,-0.225,0.214,5.5,-3.3,0.3,-4.3,31,-7.5,0.0292977691,0.608264412,-0.161015656,0.776665548
1165,2917151,98240,0.942,-0.225,0.214,5.5,-3.3,0.3,-4.3,31,-7.5,0.0292977691,0.608264412,-0.161015656,0.776665548
1166,2919486,98240,0.949,-0.225,0.213,4.8,-3.4,-0.2,-4.6,30.9,-6.7,0.0284432508,0.60872219,-0.160374767,0.776451918
1167,2921691,98250,0.949,-0.225,0.213,4.8,-3.4,-0.2,-4.6,30.9,-6.7,0.0284432508,0.60872219,-0.160374767,0.776451918
1168,2923904,98250,0.949,-0.233,0.206,4.8,-3.5,-0.3,-4.6,30.9,-6.7,0.0283211768,0.608844264,-0.160222175,0.776390881
1169,2926232,98250,0.949,-0.233,0.206,4.8,-3.5,-0.3,-4.6,30.9,-6.7,0.0283211768,0.608844264,-0.160222175,0.776390881
1170,2929931,98250,0.949,-0.233,0.206,4.8,-3.5,-0.3,-4.6,30.9,-6.7,0.0283211768,0.608844264,-0.160222175,0.776390881
1171,2930259,98260,0.949,-0.233,0.21,5.2,-3.8,-0.3,-4.3,31.2,-6.8,0.0280770287,0.609057894,-0.159978027,0.776299326
1172,2934449,98260,0.949,-0.233,0.21,5.2,-3.8,-0.3,-4.3,31.2,-6.8,0.0280770287,0.609057894,-0.159978027,0.776299326
1173,2936770,98260,0.949,-0.225,0.21,5.7,-4.1,-0.3,-4.4,31.4,-6.6,0.0279244362,0.609179968,-0.159764397,0.776238289
1174,2938853,98260,0.949,-0.225,0.21,5.7,-4.1,-0.3,-4.4,31.4,-6.6,0.0279244362,0.609179968,-0.159764397,0.776238289
1175,2940948,98270,0.953,-0.221,0.206,6.5,-4.2,-0.3,-4.4,31.4,-6.6,0.0277108066,0.60933256,-0.159550768,0.776146733
1176,2943062,98270,0.957,-0.221,0.213,6.9,-4.4,-0.4,-4.4,31.4,-6.6,0.0276497696,0.609424116,-0.159398175,0.776116214
1177,2945311,98270,0.957,-0.221,0.213,6.9,-4.4,-0.4,-4.4,31.4,-6.6,0.0276497696,0.609424116,-0.159398175,0.776116214
1178,2950140,98270,0.957,-0.221,0.213,6.9,-4.4,-0.4,-4.4,31.4,-6.6,0.0276497696,0.609424116,-0.159398175,0.776116214
1179,2950479,98280,0.957,-0.217,0.209,7.3,-5,-0.4,-4.5,31.3,-6.7,0.0273445845,0.609698782,-0.159062471,0.77599414
1180,2952964,98280,0.957,-0.217,0.209,7.3,-5,-0.4,-4.5,31.3,-6.7,0.0273445845,0.609698782,-0.159062471,0.77599414
1181,2957067,98280,0.957,-0.217,0.209,7.8,-5.3,-0.4,-4.3,30.4,-6.7,0.0271004364,0.609881893,-0.158787805,0.775902585
1182,2959213,98280,0.957,-0.205,0.202,7.9,-5.4,-0.4,-4.3,30.4,-6.7,0.0269783624,0.609973449,-0.158665731,0.775872066
1183,2961418,98290,0.957,-0.205,0.202,7.9,-5.4,-0.4,-4.3,30.4,-6.7,0.0269783624,0.609973449,-0.158665731,0.775872066
1184,2964130,98290,0.957,-0.205,0.202,7.9,-5.4,-0.4,-4.3,30.4,-6.7,0.0269783624,0.609973449,-0.158665731,0.775872066
1185,2966195,98290,0.953,-0.201,0.205,8,-5.6,-0.3,-4.6,31,-6.6,0.0266731773,0.610309153,-0.158177435,0.775719474
1186,2968245,98290,0.953,-0.201,0.205,8,-5.6,-0.3,-4.6,31,-6.6,0.0266731773,0.610309153,-0.158177435,0.775719474
1187,2970467,98300,0.953,-0.201,0.205,8,-5.6,-0.3,-4.6,31,-6.6,0.0266731773,0.610309153,-0.158177435,0.775719474
1188,2973012,98300,0.953,-0.201,0.205,8,-5.6,-0.3,-4.6,31,-6.6,0.0266731773,0.610309153,-0.158177435,0.775719474
1189,2976241,98300,0.953,-0.198,0.19,8.1,-5.7,0,-4.4,31,-7,0.0261848811,0.610705893,-0.157628101,0.775536363
1190,2979040,98300,0.953,-0.197,0.198,8.1,-5.6,0,-4.4,31,-7,0.0260628071,0.610827967,-0.157506027,0.775475326
1191,2981306,98310,0.953,-0.197,0.198,8.1,-5.6,0,-4.4,31,-7,0.0260628071,0.610827967,-0.157506027,0.775475326
1192,2983159,98310,0.953,-0.197,0.198,8.1,-5.6,0,-4.4,31,-7,0.0260628071,0.610827967,-0.157506027,0.775475326
1193,2987313,98310,0.953,-0.197,0.198,8.1,-5.6,0,-4.4,31,-7,0.0260628071,0.610827967,-0.157506027,0.775475326
1194,2987703,98310,0.949,-0.197,0.19,8.3,-5.5,-0.1,-4.9,30.8,-6.6,0.0255134739,0.611224708,-0.156956694,0.775292215
1195,2990302,98320,0.949,-0.197,0.19,8.3,-5.5,-0.1,-4.9,30.8,-6.6,0.0255134739,0.611224708,-0.156956694,0.775292215
1196,2994698,98320,0.949,-0.197,0.19,8.3,-5.5,-0.1,-4.9,30.8,-6.6,0.0255134739,0.611224708,-0.156956694,0.775292215
1197,2996708,98320,0.949,-0.197,0.19,8.3,-5.5,-0.1,-4.9,30.8,-6.6,0.0255134739,0.611224708,-0.156956694,0.775292215
1198,2998952,98320,0.953,-0.198,0.19,7.6,-5,-0.1,-5.1,31,-7,0.0250251778,0.61159093,-0.156407361,0.775109104
1199,3001316,98330,0.953,-0.197,0.198,7.5,-4.9,-0.2,-5.1,31,-7,0.0249031037,0.611682485,-0.156285287,0.775078585
1200,3004261,98330,0.953,-0.197,0.198,7.5,-4.9,-0.2,-5.1,31,-7,0.0249031037,0.611682485,-0.156285287,0.775078585
1201,3006386,98330,0.953,-0.197,0.198,7.5,-4.9,-0.2,-5.1,31,-7,0.0249031037,0.611682485,-0.156285287,0.775078585
1202,3008825,98330,0.953,-0.197,0.198,7.5,-4.9,-0.2,-5.1,31,-7,0.0249031037,0.611682485,-0.156285287,0.775078585
1203,3011639,98340,0.953,-0.197,0.198,7.5,-4.9,-0.2,-5.1,31,-7,0.0249031037,0.611682485,-0.156285287,0.775078585
1204,3013997,98340,0.961,-0.198,0.194,6.5,-5.1,-0.4,-5.1,31,-7,0.0244148076,0.612140263,-0.155705435,0.774864956
1205,3016227,98340,0.961,-0.198,0.194,6.5,-5.1,-0.4,-5.1,31,-7,0.0244148076,0.612140263,-0.155705435,0.774864956
1206,3018229,98340,0.961,-0.198,0.194,6.5,-5.1,-0.4,-5.1,31,-7,0.0244148076,0.612140263,-0.155705435,0.774864956
1207,3020448,98350,0.961,-0.198,0.194,6.5,-5.1,-0.4,-5.1,31,-7,0.0244148076,0.612140263,-0.155705435,0.774864956
1208,3023285,98350,0.961,-0.198,0.194,6.5,-5.1,-0.4,-5.1,31,-7,0.0244148076,0.612140263,-0.155705435,0.774864956
1209,3027450,98350,0.961,-0.198,0.194,6.5,-5.1,-0.4,-5.1,31,-7,0.0244148076,0.612140263,-0.155705435,0.774864956
1210,3027882,98350,0.961,-0.202,0.198,5.6,-5.7,-0.5,-5.8,31.3,-7.3,0.0239875484,0.612872707,-0.154972991,0.774407178
1211,3030397,98360,0.961,-0.202,0.198,5.6,-5.7,-0.5,-5.8,31.3,-7.3,0.0239875484,0.612872707,-0.154972991,0.774407178
1212,3033025,98360,0.961,-0.202,0.198,5.6,-5.7,-0.5,-5.8,31.3,-7.3,0.0239875484,0.612872707,-0.154972991,0.774407178
1213,3035266,98360,0.961,-0.202,0.198,5.6,-5.7,-0.5,-5.8,31.3,-7.3,0.0239875484,0.612872707,-0.154972991,0.774407178
1214,3040039,98360,0.961,-0.198,0.194,5.6,-5.4,-0.4,-5.8,31.4,-7.1,0.0236213263,0.613299966,-0.15457625,0.774193548
1215,3040406,98370,0.965,-0.198,0.201,5.6,-5.2,-0.5,-5.8,31.4,-7.1,0.0235602893,0.613391522,-0.154484695,0.774132511
1216,3043212,98370,0.965,-0.198,0.201,5.6,-5.2,-0.5,-5.8,31.4,-7.1,0.0235602893,0.613391522,-0.154484695,0.774132511
1217,3045809,98370,0.965,-0.198,0.201,5.6,-5.2,-0.5,-5.8,31.4,-7.1,0.0235602893,0.613391522,-0.154484695,0.774132511
1218,3049001,98370,0.965,-0.198,0.201,5.6,-5.2,-0.5,-5.8,31.4,-7.1,0.0235602893,0.613391522,-0.154484695,0.774132511
1219,3050639,98380,0.965,-0.198,0.201,5.6,-5.2,-0.5,-5.8,31.4,-7.1,0.0235602893,0.613391522,-0.154484695,0.774132511
1220,3054916,98380,0.965,-0.198,0.201,5.6,-5.2,-0.5,-5.8,31.4,-7.1,0.0235602893,0.613391522,-0.154484695,0.774132511
1221,3055333,98380,0.965,-0.202,0.194,6.3,-4.8,-1.3,-5.9,31.3,-7,0.0230719932,0.613910337,-0.153813288,0.773857845
1222,3058278,98380,0.965,-0.202,0.194,6.3,-4.8,-1.3,-5.9,31.3,-7,0.0230719932,0.613910337,-0.153813288,0.773857845
1223,3060801,98390,0.965,-0.202,0.194,6.3,-4.8,-1.3,-5.9,31.3,-7,0.0230719932,0.613910337,-0.153813288,0.773857845
1224,3064137,98390,0.965,-0.202,0.194,6.3,-4.8,-1.3,-5.9,31.3,-7,0.0230719932,0.613910337,-0.153813288,0.773857845
1225,3066463,98390,0.965,-0.205,0.201,6.3,-4.5,-1.7,-5.1,31.5,-7.5,0.0228278451,0.614307077,-0.153233436,0.773674734
1226,3069278,98390,0.965,-0.205,0.201,6.3,-4.5,-1.7,-5.1,31.5,-7.5,0.0228278451,0.614307077,-0.153233436,0.773674734
1227,3071548,98400,0.965,-0.205,0.201,6.3,-4.5,-1.7,-5.1,31.5,-7.5,0.0228278451,0.614307077,-0.153233436,0.773674734
1228,3073777,98400,0.965,-0.205,0.201,6.3,-4.5,-1.7,-5.1,31.5,-7.5,0.0228278451,0.614307077,-0.153233436,0.773674734
1229,3075701,98400,0.965,-0.206,0.19,6.3,-4.6,-2.1,-4.8,31.2,-7.3,0.0225531785,0.614673299,-0.152714621,0.773491623
1230,3079658,98400,0.965,-0.206,0.19,6.3,-4.6,-2.1,-4.8,31.2,-7.3,0.0225531785,0.614673299,-0.152714621,0.773491623
1231,3082049,98410,0.969,-0.202,0.193,6.2,-4.6,-2.2,-4.8,31.2,-7.3,0.0224311045,0.614825892,-0.152439955,0.773430586
1232,3084073,98410,0.969,-0.202,0.193,6.2,-4.6,-2.2,-4.8,31.2,-7.3,0.0224311045,0.614825892,-0.152439955,0.773430586
1233,3086316,98410,0.969,-0.202,0.193,6.2,-4.6,-2.2,-4.8,31.2,-7.3,0.0224311045,0.614825892,-0.152439955,0.773430586
1234,3088219,98410,0.969,-0.202,0.193,6.2,-4.6,-2.2,-4.8,31.2,-7.3,0.0224311045,0.614825892,-0.152439955,0.773430586
1235,3090468,98420,0.969,-0.202,0.193,6.2,-4.6,-2.2,-4.8,31.2,-7.3,0.0224311045,0.614825892,-0.152439955,0.773430586
1236,3092666,98420,0.969,-0.202,0.193,6.2,-4.6,-2.2,-4.8,31.2,-7.3,0.0224311045,0.614825892,-0.152439955,0.773430586
1237,3095390,98420,0.969,-0.202,0.193,6.2,-4.6,-2.2,-4.8,31.2,-7.3,0.0224311045,0.614825892,-0.152439955,0.773430586
1238,3097941,98420,0.969,-0.202,0.193,6.2,-4.6,-2.2,-4.8,31.2,-7.3,0.0224311045,0.614825892,-0.152439955,0.773430586
1239,3100140,98430,0.969,-0.202,0.193,6.2,-4.6,-2.2,-4.8,31.2,-7.3,0.0224311045,0.614825892,-0.152439955,0.773430586
1240,3102850,98430,0.969,-0.202,0.193,6.2,-4.6,-2.2,-4.8,31.2,-7.3,0.0224311045,0.614825892,-0.152439955,0.773430586
1241,3105408,98430,0.969,-0.202,0.193,6.2,-4.6,-2.2,-4.8,31.2,-7.3,0.0224311045,0.614825892,-0.152439955,0.773430586
1242,3109472,98430,0.969,-0.202,0.193,6.2,-4.6,-2.2,-4.8,31.2,-7.3,0.0224311045,0.614825892,-0.152439955,0.773430586
1243,3111612,98440,0.973,-0.19,0.193,5.9,-4.5,-2.9,-4,31.4,-7.3,0.0217902158,0.615924558,-0.150822474,0.772881252
1244,3113812,98440,0.973,-0.19,0.193,5.9,-4.5,-2.9,-4,31.4,-7.3,0.0217902158,0.615924558,-0.150822474,0.772881252
1245,3115770,98440,0.973,-0.19,0.193,5.9,-4.5,-2.9,-4,31.4,-7.3,0.0217902158,0.615924558,-0.150822474,0.772881252
1246,3118069,98440,0.973,-0.19,0.193,5.9,-4.5,-2.9,-4,31.4,-7.3,0.0217902158,0.615924558,-0.150822474,0.772881252
1247,3120216,98450,0.973,-0.19,0.193,5.9,-4.5,-2.9,-4,31.4,-7.3,0.0217902158,0.615924558,-0.150822474,0.772881252
1248,3122744,98450,0.973,-0.19,0.193,5.9,-4.5,-2.9,-4,31.4,-7.3,0.0217902158,0.615924558,-0.150822474,0.772881252
1249,3125151,98450,0.973,-0.19,0.193,5.9,-4.5,-2.9,-4,31.4,-7.3,0.0217902158,0.615924558,-0.150822474,0.772881252
1250,3127929,98450,0.973,-0.19,0.193,5.9,-4.5,-2.9,-4,31.4,-7.3,0.0217902158,0.615924558,-0.150822474,0.772881252
1251,3133142,98460,0.973,-0.19,0.197,5.7,-3.4,-2.9,-4.7,30.9,-7.1,0.0216986602,0.616657002,-0.149479659,0.772576067
1252,3133142,98460,0.973,-0.186,0.197,5.7,-3.3,-2.9,-4.7,30.9,-7.1,0.0216071047,0.616718039,-0.149357585,0.772545549
1253,3135790,98460,0.973,-0.186,0.197,5.7,-3.3,-2.9,-4.7,30.9,-7.1,0.0216071047,0.616718039,-0.149357585,0.772545549
1254,3139023,98460,0.973,-0.186,0.197,5.7,-3.3,-2.9,-4.7,30.9,-7.1,0.0216071047,0.616718039,-0.149357585,0.772545549
1255,3141292,98470,0.973,-0.186,0.197,5.7,-3.3,-2.9,-4.7,30.9,-7.1,0.0216071047,0.616718039,-0.149357585,0.772545549
1256,3142946,98470,0.973,-0.186,0.197,5.7,-3.3,-2.9,-4.7,30.9,-7.1,0.0216071047,0.616718039,-0.149357585,0.772545549
1257,3145231,98470,0.973,-0.186,0.197,5.7,-3.3,-2.9,-4.7,30.9,-7.1,0.0216071047,0.616718039,-0.149357585,0.772545549
1258,3147807,98470,0.973,-0.186,0.197,5.7,-3.3,-2.9,-4.7,30.9,-7.1,0.0216071047,0.616718039,-0.149357585,0.772545549
1259,3152289,98480,0.973,-0.186,0.197,5.7,-3.3,-2.9,-4.7,30.9,-7.1,0.0216071047,0.616718039,-0.149357585,0.772545549
1260,3152653,98480,0.973,-0.186,0.197,5.7,-3.3,-2.9,-4.7,30.9,-7.1,0.0216071047,0.616718039,-0.149357585,0.772545549
1261,3155201,98480,0.973,-0.186,0.197,5.7,-3.3,-2.9,-4.7,30.9,-7.1,0.0216071047,0.616718039,-0.149357585,0.772545549
1262,3159800,98480,0.973,-0.186,0.197,5.7,-3.3,-2.9,-4.7,30.9,-7.1,0.0216071047,0.616718039,-0.149357585,0.772545549
1263,3162177,98490,0.973,-0.186,0.197,5.7,-3.3,-2.9,-4.7,30.9,-7.1,0.0216071047,0.616718039,-0.149357585,0.772545549
1264,3164441,98490,0.969,-0.198,0.186,4.4,-1.7,-2.9,-4.9,30.7,-7.2,0.0213019196,0.617358928,-0.147892697,0.772331919
1265,3166690,98490,0.969,-0.198,0.186,4.4,-1.7,-2.9,-4.9,30.7,-7.2,0.0213019196,0.617358928,-0.147892697,0.772331919
1266,3168891,98490,0.965,-0.209,0.186,4.5,-1.5,-2.9,-3.6,31,-7.3,0.0213324381,0.617572558,-0.14761803,0.772209845
1267,3171169,98500,0.965,-0.209,0.186,4.5,-1.5,-2.9,-3.6,31,-7.3,0.0213324381,0.617572558,-0.14761803,0.772209845
1268,3173932,98500,0.965,-0.209,0.186,4.5,-1.5,-2.9,-3.6,31,-7.3,0.0213324381,0.617572558,-0.14761803,0.772209845
1269,3177462,98500,0.965,-0.209,0.186,4.5,-1.5,-2.9,-3.6,31,-7.3,0.0213324381,0.617572558,-0.14761803,0.772209845
1270,3177842,98500,0.969,-0.206,0.19,4.6,-1.2,-2.7,-3.7,30.7,-7.4,0.0212408826,0.61772515,-0.147160253,0.772179327
1271,3180488,98510,0.969,-0.206,0.19,4.6,-1.2,-2.7,-3.7,30.7,-7.4,0.0212408826,0.61772515,-0.147160253,0.772179327
1272,3183238,98510,0.969,-0.206,0.19,4.6,-1.2,-2.7,-3.7,30.7,-7.4,0.0212408826,0.61772515,-0.147160253,0.772179327
1273,3185420,98510,0.969,-0.206,0.19,4.6,-1.2,-2.7,-3.7,30.7,-7.4,0.0212408826,0.61772515,-0.147160253,0.772179327
1274,3187781,98510,0.969,-0.206,0.19,4.6,-1.2,-2.7,-3.7,30.7,-7.4,0.0212408826,0.61772515,-0.147160253,0.772179327
1275,3190347,98520,0.969,-0.206,0.19,4.6,-1.2,-2.7,-3.7,30.7,-7.4,0.0212408826,0.61772515,-0.147160253,0.772179327
1276,3193054,98520,0.969,-0.206,0.19,4.6,-1.2,-2.7,-3.7,30.7,-7.4,0.0212408826,0.61772515,-0.147160253,0.772179327
1277,3195704,98520,0.969,-0.206,0.19,4.6,-1.2,-2.7,-3.7,30.7,-7.4,0.0212408826,0.61772515,-0.147160253,0.772179327
1278,3197912,98520,0.969,-0.206,0.19,4.6,-1.2,-2.7,-3.7,30.7,-7.4,0.0212408826,0.61772515,-0.147160253,0.772179327
1279,3202007,98530,0.969,-0.206,0.19,4.6,-1.2,-2.7,-3.7,30.7,-7.4,0.0212408826,0.61772515,-0.147160253,0.772179327
1280,3204252,98530,0.969,-0.206,0.19,4.6,-1.2,-2.7,-3.7,30.7,-7.4,0.0212408826,0.61772515,-0.147160253,0.772179327
1281,3206262,98530,0.969,-0.206,0.19,4.6,-1.2,-2.7,-3.7,30.7,-7.4,0.0212408826,0.61772515,-0.147160253,0.772179327
1282,3208400,98530,0.969,-0.206,0.19,4.6,-1.2,-2.7,-3.7,30.7,-7.4,0.0212408826,0.61772515,-0.147160253,0.772179327
1283,3211511,98540,0.969,-0.206,0.19,4.6,-1.2,-2.7,-3.7,30.7,-7.4,0.0212408826,0.61772515,-0.147160253,0.772179327
1284,3213855,98540,0.969,-0.206,0.19,4.6,-1.2,-2.7,-3.7,30.7,-7.4,0.0212408826,0.61772515,-0.147160253,0.772179327
1285,3215774,98540,0.969,-0.206,0.19,4.6,-1.2,-2.7,-3.7,30.7,-7.4,0.0212408826,0.61772515,-0.147160253,0.772179327
1286,3218008,98540,0.969,-0.206,0.19,4.6,-1.2,-2.7,-3.7,30.7,-7.4,0.0212408826,0.61772515,-0.147160253,0.772179327
1287,3220379,98550,0.969,-0.206,0.19,4.6,-1.2,-2.7,-3.7,30.7,-7.4,0.0212408826,0.61772515,-0.147160253,0.772179327
1288,3223244,98550,0.969,-0.206,0.19,4.6,-1.2,-2.7,-3.7,30.7,-7.4,0.0212408826,0.61772515,-0.147160253,0.772179327
1289,3225473,98550,0.969,-0.206,0.19,4.6,-1.2,-2.7,-3.7,30.7,-7.4,0.0212408826,0.61772515,-0.147160253,0.772179327
1290,3229494,98550,0.969,-0.206,0.19,4.6,-1.2,-2.7,-3.7,30.7,-7.4,0.0212408826,0.61772515,-0.147160253,0.772179327
1291,3231748,98560,0.965,-0.198,0.19,6.2,-0.1,-3,-3.9,31.2,-7.4,0.0208136235,0.618274483,-0.144688253,0.772240364
1292,3234000,98560,0.965,-0.198,0.19,6.2,-0.1,-3,-3.9,31.2,-7.4,0.0208136235,0.618274483,-0.144688253,0.772240364
1293,3236303,98560,0.965,-0.198,0.19,6.2,-0.1,-3,-3.9,31.2,-7.4,0.0208136235,0.618274483,-0.144688253,0.772240364
1294,3238368,98560,0.965,-0.198,0.19,6.2,-0.1,-3,-3.9,31.2,-7.4,0.0208136235,0.618274483,-0.144688253,0.772240364
1295,3241550,98570,0.965,-0.198,0.19,6.2,-0.1,-3,-3.9,31.2,-7.4,0.0208136235,0.618274483,-0.144688253,0.772240364
1296,3243771,98570,0.965,-0.198,0.19,6.2,-0.1,-3,-3.9,31.2,-7.4,0.0208136235,0.618274483,-0.144688253,0.772240364
1297,3245807,98570,0.961,-0.194,0.182,6.7,0,-3.1,-3.9,31.1,-7.6,0.0205999939,0.61833552,-0.14374218,0.772362438
1298,3247988,98570,0.961,-0.194,0.182,6.7,0,-3.1,-3.9,31.1,-7.6,0.0205999939,0.61833552,-0.14374218,0.772362438
1299,3250366,98580,0.961,-0.194,0.182,6.7,0,-3.1,-3.9,31.1,-7.6,0.0205999939,0.61833552,-0.14374218,0.772362438
1300,3252858,98580,0.961,-0.194,0.182,6.7,0,-3.1,-3.9,31.1,-7.6,0.0205999939,0.61833552,-0.14374218,0.772362438
1301,3255156,98580,0.961,-0.194,0.182,6.7,0,-3.1,-3.9,31.1,-7.6,0.0205999939,0.61833552,-0.14374218,0.772362438
1302,3259251,98580,0.961,-0.194,0.182,6.7,0,-3.1,-3.9,31.1,-7.6,0.0205999939,0.61833552,-0.14374218,0.772362438
1303,3261520,98590,0.961,-0.194,0.182,6.7,0,-3.1,-3.9,31.1,-7.6,0.0205999939,0.61833552,-0.14374218,0.772362438
1304,3263734,98590,0.961,-0.194,0.182,6.7,0,-3.1,-3.9,31.1,-7.6,0.0205999939,0.61833552,-0.14374218,0.772362438
1305,3265740,98590,0.961,-0.194,0.182,6.7,0,-3.1,-3.9,31.1,-7.6,0.0205999939,0.61833552,-0.14374218,0.772362438
1306,3268023,98590,0.961,-0.194,0.182,6.7,0,-3.1,-3.9,31.1,-7.6,0.0205999939,0.61833552,-0.14374218,0.772362438
1307,3270248,98600,0.961,-0.194,0.182,6.7,0,-3.1,-3.9,31.1,-7.6,0.0205999939,0.61833552,-0.14374218,0.772362438
1308,3274288,98600,0.961,-0.194,0.182,6.7,0,-3.1,-3.9,31.1,-7.6,0.0205999939,0.61833552,-0.14374218,0.772362438
1309,3276625,98600,0.961,-0.194,0.182,6.7,0,-3.1,-3.9,31.1,-7.6,0.0205999939,0.61833552,-0.14374218,0.772362438
1310,3278805,98600,0.961,-0.194,0.182,6.7,0,-3.1,-3.9,31.1,-7.6,0.0205999939,0.61833552,-0.14374218,0.772362438
1311,3280808,98610,0.961,-0.194,0.182,6.7,0,-3.1,-3.9,31.1,-7.6,0.0205999939,0.61833552,-0.14374218,0.772362438
1312,3283012,98610,0.961,-0.194,0.182,6.7,0,-3.1,-3.9,31.1,-7.6,0.0205999939,0.61833552,-0.14374218,0.772362438
1313,3285279,98610,0.961,-0.194,0.182,6.7,0,-3.1,-3.9,31.1,-7.6,0.0205999939,0.61833552,-0.14374218,0.772362438
1314,3287821,98610,0.961,-0.194,0.182,6.7,0,-3.1,-3.9,31.1,-7.6,0.0205999939,0.61833552,-0.14374218,0.772362438
1315,3290117,98620,0.961,-0.194,0.182,6.7,0,-3.1,-3.9,31.1,-7.6,0.0205999939,0.61833552,-0.14374218,0.772362438
1316,3293952,98620,0.961,-0.194,0.182,6.7,0,-3.1,-3.9,31.1,-7.6,0.0205999939,0.61833552,-0.14374218,0.772362438
1317,3296330,98620,0.961,-0.19,0.198,4.6,0.4,-2,-4.6,30.6,-7.4,0.0200201422,0.618579669,-0.141117588,0.772637104
1318,3298221,98620,0.961,-0.19,0.198,4.6,0.4,-2,-4.6,30.6,-7.4,0.0200201422,0.618579669,-0.141117588,0.772637104
1319,3300472,98630,0.961,-0.19,0.198,4.6,0.4,-2,-4.6,30.6,-7.4,0.0200201422,0.618579669,-0.141117588,0.772637104
1320,3304609,98630,0.961,-0.198,0.198,5.1,0.3,-1.9,-4.6,30.6,-7.4,0.0198980682,0.618579669,-0.140781884,0.772698141
1321,3306749,98630,0.961,-0.198,0.198,5.3,0.4,-2,-4.6,30.6,-7.4,0.0198675497,0.618579669,-0.14065981,0.77272866
1322,3309393,98630,0.961,-0.198,0.198,5.3,0.4,-2,-4.6,30.6,-7.4,0.0198675497,0.618579669,-0.14065981,0.77272866
1323,3311713,98640,0.961,-0.198,0.198,5.3,0.4,-2,-4.6,30.6,-7.4,0.0198675497,0.618579669,-0.14065981,0.77272866
1324,3313963,98640,0.961,-0.198,0.198,5.3,0.4,-2,-4.6,30.6,-7.4,0.0198675497,0.618579669,-0.14065981,0.77272866
1325,3316225,98640,0.961,-0.198,0.198,5.3,0.4,-2,-4.6,30.6,-7.4,0.0198675497,0.618579669,-0.14065981,0.77272866
1326,3318093,98640,0.961,-0.198,0.198,5.3,0.4,-2,-4.6,30.6,-7.4,0.0198675497,0.618579669,-0.14065981,0.77272866
1327,3322274,98650,0.961,-0.198,0.198,5.3,0.4,-2,-4.6,30.6,-7.4,0.0198675497,0.618579669,-0.14065981,0.77272866
1328,3322686,98650,0.957,-0.201,0.194,6.5,0.9,-1.7,-5.1,30.3,-7.6,0.019409772,0.618579669,-0.139866329,0.772911771
1329,3325278,98650,0.957,-0.201,0.194,6.5,0.9,-1.7,-5.1,30.3,-7.6,0.019409772,0.618579669,-0.139866329,0.772911771
1330,3329577,98650,0.957,-0.201,0.194,6.5,0.9,-1.7,-5.1,30.3,-7.6,0.019409772,0.618579669,-0.139866329,0.772911771
1331,3331723,98660,0.957,-0.205,0.19,6.6,0.6,-1.8,-4.5,30.2,-7,0.019287698,0.61854915,-0.139500107,0.772972808
1332,3333763,98660,0.957,-0.205,0.19,6.6,0.6,-1.8,-4.5,30.2,-7,0.019287698,0.61854915,-0.139500107,0.772972808
1333,3335785,98660,0.957,-0.205,0.19,6.6,0.6,-1.8,-4.5,30.2,-7,0.019287698,0.61854915,-0.139500107,0.772972808
1334,3339803,98660,0.957,-0.205,0.19,6.6,0.6,-1.8,-4.5,30.2,-7,0.019287698,0.61854915,-0.139500107,0.772972808
1335,3340198,98670,0.953,-0.197,0.198,6.8,0.5,-1.5,-4.8,30,-6.4,0.0190435499,0.61854915,-0.138950774,0.773094882
1336,3344538,98670,0.953,-0.197,0.198,6.8,0.5,-1.5,-4.8,30,-6.4,0.0190435499,0.61854915,-0.138950774,0.773094882
1337,3345196,98670,0.953,-0.197,0.198,6.8,0.5,-1.5,-4.8,30,-6.4,0.0190435499,0.61854915,-0.138950774,0.773094882
1338,3347669,98670,0.953,-0.197,0.198,6.8,0.5,-1.5,-4.8,30,-6.4,0.0190435499,0.61854915,-0.138950774,0.773094882
1339,3350416,98680,0.953,-0.197,0.198,6.8,0.5,-1.5,-4.8,30,-6.4,0.0190435499,0.61854915,-0.138950774,0.773094882
1340,3353091,98680,0.953,-0.197,0.198,6.8,0.5,-1.5,-4.8,30,-6.4,0.0190435499,0.61854915,-0.138950774,0.773094882
1341,3357191,98680,0.953,-0.197,0.198,6.8,0.5,-1.5,-4.8,30,-6.4,0.0190435499,0.61854915,-0.138950774,0.773094882
1342,3359692,98680,0.961,-0.198,0.194,6.8,0,-1.3,-4.8,30.2,-6.3,0.0185552538,0.618579669,-0.1380047,0.773247475
1343,3360220,98690,0.961,-0.198,0.194,6.8,0,-1.3,-4.8,30.2,-6.3,0.0185552538,0.618579669,-0.1380047,0.773247475
1344,3364532,98690,0.961,-0.198,0.194,6.8,0,-1.3,-4.8,30.2,-6.3,0.0185552538,0.618579669,-0.1380047,0.773247475
1345,3366681,98690,0.961,-0.198,0.194,6.8,0,-1.3,-4.8,30.2,-6.3,0.0185552538,0.618579669,-0.1380047,0.773247475
1346,3368876,98690,0.961,-0.198,0.194,6.8,0,-1.3,-4.8,30.2,-6.3,0.0185552538,0.618579669,-0.1380047,0.773247475
1347,3371178,98700,0.961,-0.198,0.194,6.8,0,-1.3,-4.8,30.2,-6.3,0.0185552538,0.618579669,-0.1380047,0.773247475
1348,3372837,98700,0.965,-0.19,0.194,6.9,-0.5,-1,-4.8,30.5,-7.5,0.0180059206,0.618671224,-0.137333293,0.773308512
1349,3375534,98700,0.965,-0.19,0.194,6.9,-0.5,-1,-4.8,30.5,-7.5,0.0180059206,0.618671224,-0.137333293,0.773308512
1350,3378154,98700,0.965,-0.19,0.194,6.9,-0.5,-1,-4.8,30.5,-7.5,0.0180059206,0.618671224,-0.137333293,0.773308512
1351,3382277,98710,0.965,-0.19,0.194,6.9,-0.5,-1,-4.8,30.5,-7.5,0.0180059206,0.618671224,-0.137333293,0.773308512
1352,3382680,98710,0.965,-0.182,0.19,6.9,-0.6,-0.7,-5,30.7,-7.5,0.017670217,0.618732261,-0.136844996,0.773369549
1353,3385236,98710,0.965,-0.182,0.19,6.9,-0.6,-0.7,-5,30.7,-7.5,0.017670217,0.618732261,-0.136844996,0.773369549
1354,3389482,98710,0.965,-0.182,0.19,6.9,-0.6,-0.7,-5,30.7,-7.5,0.017670217,0.618732261,-0.136844996,0.773369549
1355,3391698,98720,0.965,-0.182,0.19,6.9,-0.6,-0.7,-5,30.7,-7.5,0.017670217,0.618732261,-0.136844996,0.773369549
1356,3394095,98720,0.965,-0.182,0.19,6.9,-0.6,-0.7,-5,30.7,-7.5,0.017670217,0.618732261,-0.136844996,0.773369549
1357,3396260,98720,0.965,-0.182,0.19,6.9,-0.6,-0.7,-5,30.7,-7.5,0.017670217,0.618732261,-0.136844996,0.773369549
1358,3399926,98720,0.965,-0.182,0.19,6.9,-0.6,-0.7,-5,30.7,-7.5,0.017670217,0.618732261,-0.136844996,0.773369549
1359,3400268,98730,0.965,-0.174,0.201,6.9,-1,-0.1,-4.7,30.6,-7.6,0.0170598468,0.618854335,-0.13595996,0.773430586
1360,3404517,98730,0.965,-0.174,0.201,6.9,-1,-0.1,-4.7,30.6,-7.6,0.0170598468,0.618854335,-0.13595996,0.773430586
1361,3406740,98730,0.965,-0.174,0.201,6.9,-1,-0.1,-4.7,30.6,-7.6,0.0170598468,0.618854335,-0.13595996,0.773430586
1362,3409467,98730,0.965,-0.174,0.201,6.9,-1,-0.1,-4.7,30.6,-7.6,0.0170598468,0.618854335,-0.13595996,0.773430586
1363,3411705,98740,0.965,-0.174,0.201,6.9,-1,-0.1,-4.7,30.6,-7.6,0.0170598468,0.618854335,-0.13595996,0.773430586
1364,3413983,98740,0.957,-0.186,0.194,6.9,-0.1,0,-4.7,30.6,-7.6,0.0165715506,0.618915372,-0.135410627,0.773491623
1365,3416295,98740,0.965,-0.182,0.193,7,-0.3,0.1,-4.7,30.2,-7.7,0.0165410321,0.619006928,-0.135258034,0.773430586
1366,3418195,98740,0.965,-0.182,0.193,7,-0.3,0.1,-4.7,30.2,-7.7,0.0165410321,0.619006928,-0.135258034,0.773430586
1367,3420602,98750,0.965,-0.182,0.193,7,-0.3,0.1,-4.7,30.2,-7.7,0.0165410321,0.619006928,-0.135258034,0.773430586
1368,3424529,98750,0.965,-0.182,0.193,7,-0.3,0.1,-4.7,30.2,-7.7,0.0165410321,0.619006928,-0.135258034,0.773430586
1369,3426757,98750,0.957,-0.194,0.19,6.9,-0.5,0.1,-4.7,30.6,-8.6,0.016113773,0.619037446,-0.134800256,0.773491623
1370,3428911,98750,0.957,-0.194,0.19,6.9,-0.5,0.1,-4.7,30.6,-8.6,0.016113773,0.619037446,-0.134800256,0.773491623
1371,3431295,98760,0.957,-0.194,0.19,6.9,-0.5,0.1,-4.7,30.6,-8.6,0.016113773,0.619037446,-0.134800256,0.773491623
1372,3433135,98760,0.961,-0.19,0.194,6.7,-0.8,0.2,-4.7,30.6,-8.6,0.0158391064,0.619098483,-0.134464553,0.773522141
1373,3437301,98760,0.961,-0.19,0.194,6.7,-0.8,0.2,-4.7,30.6,-8.6,0.0158391064,0.619098483,-0.134464553,0.773522141
1374,3437703,98760,0.961,-0.19,0.198,6.8,-1.1,0.4,-4.6,30.8,-9,0.0156254769,0.619129002,-0.134220405,0.77355266
1375,3440306,98770,0.961,-0.19,0.198,6.8,-1.1,0.4,-4.6,30.8,-9,0.0156254769,0.619129002,-0.134220405,0.77355266
1376,3444768,98770,0.961,-0.19,0.198,6.8,-1.1,0.4,-4.6,30.8,-9,0.0156254769,0.619129002,-0.134220405,0.77355266
1377,3445106,98770,0.957,-0.194,0.198,6.8,-0.9,0.6,-4.5,30.8,-9.1,0.0153202918,0.619190039,-0.13391522,0.77355266
1378,3449202,98770,0.957,-0.194,0.198,6.8,-0.9,0.6,-4.5,30.8,-9.1,0.0153202918,0.619190039,-0.13391522,0.77355266
1379,3451414,98780,0.957,-0.194,0.198,6.8,-0.9,0.6,-4.5,30.8,-9.1,0.0153202918,0.619190039,-0.13391522,0.77355266
1380,3453800,98780,0.957,-0.194,0.198,6.8,-0.9,0.6,-4.5,30.8,-9.1,0.0153202918,0.619190039,-0.13391522,0.77355266
1381,3455701,98780,0.957,-0.194,0.198,6.8,-0.9,0.6,-4.5,30.8,-9.1,0.0153202918,0.619190039,-0.13391522,0.77355266
1382,3457955,98780,0.957,-0.194,0.198,6.8,-0.9,0.6,-4.5,30.8,-9.1,0.0153202918,0.619190039,-0.13391522,0.77355266
1383,3460208,98790,0.957,-0.194,0.198,6.8,-0.9,0.6,-4.5,30.8,-9.1,0.0153202918,0.619190039,-0.13391522,0.77355266
1384,3464275,98790,0.957,-0.194,0.198,6.8,-0.9,0.6,-4.5,30.8,-9.1,0.0153202918,0.619190039,-0.13391522,0.77355266
1385,3466594,98790,0.961,-0.19,0.205,6.5,-0.6,0.8,-4.7,30.5,-8.4,0.0144047365,0.619251076,-0.133152257,0.773674734
1386,3468780,98790,0.961,-0.19,0.205,6.5,-0.6,0.8,-4.7,30.5,-8.4,0.0144047365,0.619251076,-0.133152257,0.773674734
1387,3470775,98800,0.961,-0.19,0.205,6.5,-0.6,0.8,-4.7,30.5,-8.4,0.0144047365,0.619251076,-0.133152257,0.773674734
1388,3473036,98800,0.961,-0.19,0.205,6.5,-0.6,0.8,-4.7,30.5,-8.4,0.0144047365,0.619251076,-0.133152257,0.773674734
1389,3475312,98800,0.961,-0.19,0.205,6.5,-0.6,0.8,-4.7,30.5,-8.4,0.0144047365,0.619251076,-0.133152257,0.773674734
1390,3479243,98800,0.961,-0.19,0.205,6.5,-0.6,0.8,-4.7,30.5,-8.4,0.0144047365,0.619251076,-0.133152257,0.773674734
1391,3481530,98810,0.961,-0.182,0.201,7,-0.9,1,-4.8,30.2,-8.6,0.0137333293,0.619342631,-0.132541887,0.773705252
1392,3483745,98810,0.961,-0.182,0.201,7,-0.9,1,-4.8,30.2,-8.6,0.0137333293,0.619342631,-0.132541887,0.773705252
1393,3486080,98810,0.961,-0.182,0.201,7,-0.9,1,-4.8,30.2,-8.6,0.0137333293,0.619342631,-0.132541887,0.773705252
1394,3488017,98810,0.961,-0.182,0.201,7,-0.9,1,-4.8,30.2,-8.6,0.0137333293,0.619342631,-0.132541887,0.773705252
1395,3490339,98820,0.961,-0.182,0.201,7,-0.9,1,-4.8,30.2,-8.6,0.0137333293,0.619342631,-0.132541887,0.773705252
1396,3492717,98820,0.961,-0.182,0.201,7,-0.9,1,-4.8,30.2,-8.6,0.0137333293,0.619342631,-0.132541887,0.773705252
1397,3495144,98820,0.961,-0.182,0.201,7,-0.9,1,-4.8,30.2,-8.6,0.0137333293,0.619342631,-0.132541887,0.773705252
1398,3499162,98820,0.961,-0.182,0.201,7,-0.9,1,-4.8,30.2,-8.6,0.0137333293,0.619342631,-0.132541887,0.773705252
1399,3501108,98830,0.961,-0.182,0.201,7,-0.9,1,-4.8,30.2,-8.6,0.0137333293,0.619342631,-0.132541887,0.773705252
1400,3503673,98830,0.961,-0.182,0.201,7,-0.9,1,-4.8,30.2,-8.6,0.0137333293,0.619342631,-0.132541887,0.773705252
1401,3507436,98830,0.961,-0.182,0.201,7,-0.9,1,-4.8,30.2,-8.6,0.0137333293,0.619342631,-0.132541887,0.773705252
1402,3507824,98830,0.965,-0.17,0.201,7.2,-0.3,1.6,-5.1,29.6,-8.7,0.0123905148,0.619434187,-0.131412702,0.773827326
1403,3511939,98840,0.965,-0.17,0.201,7.2,-0.3,1.6,-5.1,29.6,-8.7,0.0123905148,0.619434187,-0.131412702,0.773827326
1404,3514198,98840,0.965,-0.17,0.201,7.2,-0.3,1.6,-5.1,29.6,-8.7,0.0123905148,0.619434187,-0.131412702,0.773827326
1405,3516396,98840,0.965,-0.17,0.201,7.2,-0.3,1.6,-5.1,29.6,-8.7,0.0123905148,0.619434187,-0.131412702,0.773827326
1406,3519024,98840,0.957,-0.174,0.198,7.3,-0.1,1.8,-5.1,29.7,-9.7,0.0120548112,0.619434187,-0.130802332,0.7739494
1407,3520785,98850,0.957,-0.174,0.198,7.3,-0.1,1.8,-5.1,29.7,-9.7,0.0120548112,0.619434187,-0.130802332,0.7739494
1408,3523050,98850,0.957,-0.174,0.198,7.3,-0.1,1.8,-5.1,29.7,-9.7,0.0120548112,0.619434187,-0.130802332,0.7739494
1409,3525336,98850,0.957,-0.174,0.198,7.3,-0.1,1.8,-5.1,29.7,-9.7,0.0120548112,0.619434187,-0.130802332,0.7739494
1410,3527753,98850,0.957,-0.174,0.198,7.3,-0.1,1.8,-5.1,29.7,-9.7,0.0120548112,0.619434187,-0.130802332,0.7739494
1411,3532249,98860,0.957,-0.174,0.198,7.3,-0.1,1.8,-5.1,29.7,-9.7,0.0120548112,0.619434187,-0.130802332,0.7739494
1412,3534504,98860,0.957,-0.178,0.194,6.2,0.1,2.2,-4.6,29.5,-9.9,0.0112918485,0.619434187,-0.130283517,0.774071474
1413,3536741,98860,0.957,-0.178,0.19,6.1,0.2,2.2,-4.6,29.5,-9.9,0.0111697745,0.619403668,-0.13022248,0.774071474
1414,3538937,98860,0.957,-0.178,0.19,6.1,0.2,2.2,-4.6,29.5,-9.9,0.0111697745,0.619403668,-0.13022248,0.774071474
1415,3541169,98870,0.957,-0.178,0.19,6.1,0.2,2.2,-4.6,29.5,-9.9,0.0111697745,0.619403668,-0.13022248,0.774071474
1416,3543077,98870,0.957,-0.178,0.19,6.1,0.2,2.2,-4.6,29.5,-9.9,0.0111697745,0.619403668,-0.13022248,0.774071474
1417,3547077,98870,0.957,-0.178,0.19,6.1,0.2,2.2,-4.6,29.5,-9.9,0.0111697745,0.619403668,-0.13022248,0.774071474
1418,3549376,98870,0.957,-0.186,0.19,5.8,0,2.2,-4.6,29.5,-9.9,0.0105594043,0.619342631,-0.129886776,0.774193548
1419,3551642,98880,0.957,-0.186,0.19,5.8,0,2.2,-4.6,29.5,-9.9,0.0105594043,0.619342631,-0.129886776,0.774193548
1420,3553977,98880,0.957,-0.186,0.19,5.8,0,2.2,-4.6,29.5,-9.9,0.0105594043,0.619342631,-0.129886776,0.774193548
1421,3556249,98880,0.957,-0.186,0.19,5.8,0,2.2,-4.6,29.5,-9.9,0.0105594043,0.619342631,-0.129886776,0.774193548
1422,3558056,98880,0.957,-0.186,0.19,5.8,0,2.2,-4.6,29.5,-9.9,0.0105594043,0.619342631,-0.129886776,0.774193548
1423,3560369,98890,0.957,-0.186,0.19,5.8,0,2.2,-4.6,29.5,-9.9,0.0105594043,0.619342631,-0.129886776,0.774193548
1424,3563260,98890,0.957,-0.186,0.19,5.8,0,2.2,-4.6,29.5,-9.9,0.0105594043,0.619342631,-0.129886776,0.774193548
1425,3565352,98890,0.957,-0.186,0.19,5.8,0,2.2,-4.6,29.5,-9.9,0.0105594043,0.619342631,-0.129886776,0.774193548
1426,3568015,98890,0.957,-0.186,0.19,5.8,0,2.2,-4.6,29.5,-9.9,0.0105594043,0.619342631,-0.129886776,0.774193548
1427,3572384,98900,0.957,-0.186,0.19,5.8,0,2.2,-4.6,29.5,-9.9,0.0105594043,0.619342631,-0.129886776,0.774193548
1428,3572835,98900,0.961,-0.186,0.201,5.5,-0.3,2,-4.8,31.3,-8.1,0.00946073794,0.619403668,-0.129123814,0.774285104
1429,3575447,98900,0.961,-0.186,0.201,5.5,-0.3,2,-4.8,31.3,-8.1,0.00946073794,0.619403668,-0.129123814,0.774285104
1430,3579739,98900,0.961,-0.186,0.201,5.5,-0.3,2,-4.8,31.3,-8.1,0.00946073794,0.619403668,-0.129123814,0.774285104
1431,3582045,98910,0.961,-0.186,0.197,5.1,-0.1,1.8,-4.8,31.3,-8.1,0.00915555284,0.619403668,-0.128971221,0.774315622
1432,3584330,98910,0.961,-0.186,0.197,5.1,-0.1,1.8,-4.8,31.3,-8.1,0.00915555284,0.619403668,-0.128971221,0.774315622
1433,3586661,98910,0.961,-0.182,0.205,5.1,-0.3,1.5,-4.8,31.3,-8.1,0.00894192328,0.619403668,-0.128849147,0.774346141
1434,3588835,98910,0.961,-0.182,0.205,5.1,-0.3,1.5,-4.8,31.3,-8.1,0.00894192328,0.619403668,-0.128849147,0.774346141
1435,3590793,98920,0.961,-0.182,0.205,5.1,-0.3,1.5,-4.8,31.3,-8.1,0.00894192328,0.619403668,-0.128849147,0.774346141
1436,3592841,98920,0.961,-0.182,0.205,5.1,-0.3,1.5,-4.8,31.3,-8.1,0.00894192328,0.619403668,-0.128849147,0.774346141
1437,3595405,98920,0.961,-0.182,0.205,5.1,-0.3,1.5,-4.8,31.3,-8.1,0.00894192328,0.619403668,-0.128849147,0.774346141
1438,3597724,98920,0.961,-0.182,0.205,5.1,-0.3,1.5,-4.8,31.3,-8.1,0.00894192328,0.619403668,-0.128849147,0.774346141
1439,3601392,98930,0.961,-0.182,0.205,5.1,-0.3,1.5,-4.8,31.3,-8.1,0.00894192328,0.619403668,-0.128849147,0.774346141
1440,3604164,98930,0.961,-0.182,0.205,5.1,-0.3,1.5,-4.8,31.3,-8.1,0.00894192328,0.619403668,-0.128849147,0.774346141
1441,3606297,98930,0.961,-0.182,0.205,5.1,-0.3,1.5,-4.8,31.3,-8.1,0.00894192328,0.619403668,-0.128849147,0.774346141
1442,3608581,98930,0.957,-0.186,0.201,5.4,-0.4,1.1,-4.8,31.3,-8.1,0.00808740501,0.619403668,-0.128208258,0.774468215
1443,3610595,98940,0.957,-0.186,0.201,5.4,-0.4,1.1,-4.8,31.3,-8.1,0.00808740501,0.619403668,-0.128208258,0.774468215
1444,3612924,98940,0.957,-0.186,0.201,5.4,-0.4,1.1,-4.8,31.3,-8.1,0.00808740501,0.619403668,-0.128208258,0.774468215
1445,3615175,98940,0.957,-0.186,0.201,5.4,-0.4,1.1,-4.8,31.3,-8.1,0.00808740501,0.619403668,-0.128208258,0.774468215
1446,3619949,98940,0.957,-0.186,0.201,5.4,-0.4,1.1,-4.8,31.3,-8.1,0.00808740501,0.619403668,-0.128208258,0.774468215
1447,3620339,98950,0.961,-0.182,0.197,5.9,-0.5,0.8,-4.4,30.2,-8.5,0.00762962737,0.619434187,-0.127750481,0.774498733
1448,3625248,98950,0.961,-0.182,0.197,5.9,-0.5,0.8,-4.4,30.2,-8.5,0.00762962737,0.619434187,-0.127750481,0.774498733
1449,3625248,98950,0.953,-0.182,0.198,6.1,-0.5,0.9,-4.4,30.2,-8.5,0.0074159978,0.619464705,-0.12756737,0.774529252
1450,3627861,98950,0.953,-0.182,0.198,6.1,-0.5,0.9,-4.4,30.2,-8.5,0.0074159978,0.619464705,-0.12756737,0.774529252
1451,3631299,98960,0.953,-0.182,0.198,6.1,-0.5,0.9,-4.4,30.2,-8.5,0.0074159978,0.619464705,-0.12756737,0.774529252
1452,3633845,98960,0.953,-0.182,0.198,6.1,-0.5,0.9,-4.4,30.2,-8.5,0.0074159978,0.619464705,-0.12756737,0.774529252
1453,3635613,98960,0.953,-0.182,0.198,6.1,-0.5,0.9,-4.4,30.2,-8.5,0.0074159978,0.619464705,-0.12756737,0.774529252
1454,3637976,98960,0.953,-0.182,0.198,6.1,-0.5,0.9,-4.4,30.2,-8.5,0.0074159978,0.619464705,-0.12756737,0.774529252
1455,3640274,98970,0.953,-0.182,0.198,6.1,-0.5,0.9,-4.4,30.2,-8.5,0.0074159978,0.619464705,-0.12756737,0.774529252
1456,3642923,98970,0.953,-0.182,0.198,6.1,-0.5,0.9,-4.4,30.2,-8.5,0.0074159978,0.619464705,-0.12756737,0.774529252
1457,3645521,98970,0.953,-0.182,0.198,6.1,-0.5,0.9,-4.4,30.2,-8.5,0.0074159978,0.619464705,-0.12756737,0.774529252
1458,3647828,98970,0.953,-0.182,0.198,6.1,-0.5,0.9,-4.4,30.2,-8.5,0.0074159978,0.619464705,-0.12756737,0.774529252
1459,3650370,98980,0.953,-0.182,0.198,6.1,-0.5,0.9,-4.4,30.2,-8.5,0.0074159978,0.619464705,-0.12756737,0.774529252
1460,3653013,98980,0.953,-0.182,0.198,6.1,-0.5,0.9,-4.4,30.2,-8.5,0.0074159978,0.619464705,-0.12756737,0.774529252
1461,3655618,98980,0.953,-0.182,0.198,6.1,-0.5,0.9,-4.4,30.2,-8.5,0.0074159978,0.619464705,-0.12756737,0.774529252
1462,3659530,98980,0.953,-0.182,0.198,6.1,-0.5,0.9,-4.4,30.2,-8.5,0.0074159978,0.619464705,-0.12756737,0.774529252
1463,3661770,98990,0.957,-0.174,0.201,5.3,-0.1,1.7,-4.6,30.7,-8.9,0.00595110935,0.619525742,-0.126438185,0.774681845
1464,3664013,98990,0.957,-0.174,0.201,5.3,-0.1,1.7,-4.6,30.7,-8.9,0.00595110935,0.619525742,-0.126438185,0.774681845
1465,3665785,98990,0.961,-0.166,0.201,5,0,1.9,-4.2,29.8,-8.6,0.00595110935,0.619556261,-0.126071963,0.774712363
1466,3670079,98990,0.961,-0.166,0.201,5,0,1.9,-4.2,29.8,-8.6,0.00595110935,0.619556261,-0.126071963,0.774712363
1467,3670498,99000,0.957,-0.162,0.198,4.7,0.1,2.1,-4.2,29.8,-8.6,0.00576799829,0.619525742,-0.125980407,0.774742882
1468,3672986,99000,0.957,-0.162,0.198,4.7,0.1,2.1,-4.2,29.8,-8.6,0.00576799829,0.619525742,-0.125980407,0.774742882
1469,3677270,99000,0.957,-0.162,0.198,4.7,0.1,2.1,-4.2,29.8,-8.6,0.00576799829,0.619525742,-0.125980407,0.774742882
1470,3679637,99000,0.965,-0.17,0.201,4.5,0.4,2.2,-4.7,31.4,-8.3,0.0054628132,0.619495224,-0.125827815,0.774803919
1471,3681792,99010,0.965,-0.17,0.201,4.5,0.4,2.2,-4.7,31.4,-8.3,0.0054628132,0.619495224,-0.125827815,0.774803919
1472,3684101,99010,0.965,-0.17,0.201,4.5,0.4,2.2,-4.7,31.4,-8.3,0.0054628132,0.619495224,-0.125827815,0.774803919
1473,3686379,99010,0.965,-0.17,0.201,4.5,0.4,2.2,-4.7,31.4,-8.3,0.0054628132,0.619495224,-0.125827815,0.774803919
1474,3688240,99010,0.965,-0.17,0.201,4.5,0.4,2.2,-4.7,31.4,-8.3,0.0054628132,0.619495224,-0.125827815,0.774803919
1475,3692453,99020,0.965,-0.17,0.201,4.5,0.4,2.2,-4.7,31.4,-8.3,0.0054628132,0.619495224,-0.125827815,0.774803919
1476,3692867,99020,0.961,-0.174,0.197,4.1,0.2,2.3,-5.4,31.8,-9,0.00488296152,0.619434187,-0.125583666,0.774895474
1477,3697195,99020,0.961,-0.174,0.197,4.1,0.2,2.3,-5.4,31.8,-9,0.00488296152,0.619434187,-0.125583666,0.774895474
1478,3699398,99020,0.961,-0.174,0.197,4.1,0.2,2.3,-5.4,31.8,-9,0.00488296152,0.619434187,-0.125583666,0.774895474
1479,3701361,99030,0.961,-0.174,0.197,4.1,0.2,2.3,-5.4,31.8,-9,0.00488296152,0.619434187,-0.125583666,0.774895474
1480,3703245,99030,0.961,-0.174,0.197,4.1,0.2,2.3,-5.4,31.8,-9,0.00488296152,0.619434187,-0.125583666,0.774895474
1481,3705617,99030,0.961,-0.174,0.197,4.1,0.2,2.3,-5.4,31.8,-9,0.00488296152,0.619434187,-0.125583666,0.774895474
1482,3707856,99030,0.961,-0.174,0.197,4.1,0.2,2.3,-5.4,31.8,-9,0.00488296152,0.619434187,-0.125583666,0.774895474
1483,3710532,99040,0.961,-0.174,0.197,4.1,0.2,2.3,-5.4,31.8,-9,0.00488296152,0.619434187,-0.125583666,0.774895474
1484,3713263,99040,0.961,-0.174,0.197,4.1,0.2,2.3,-5.4,31.8,-9,0.00488296152,0.619434187,-0.125583666,0.774895474
1485,3715358,99040,0.961,-0.174,0.197,4.1,0.2,2.3,-5.4,31.8,-9,0.00488296152,0.619434187,-0.125583666,0.774895474
1486,3718002,99040,0.961,-0.174,0.197,4.1,0.2,2.3,-5.4,31.8,-9,0.00488296152,0.619434187,-0.125583666,0.774895474
1487,3720671,99050,0.961,-0.174,0.197,4.1,0.2,2.3,-5.4,31.8,-9,0.00488296152,0.619434187,-0.125583666,0.774895474
1488,3722943,99050,0.961,-0.174,0.197,4.1,0.2,2.3,-5.4,31.8,-9,0.00488296152,0.619434187,-0.125583666,0.774895474
1489,3725321,99050,0.961,-0.174,0.197,4.1,0.2,2.3,-5.4,31.8,-9,0.00488296152,0.619434187,-0.125583666,0.774895474
1490,3729884,99050,0.961,-0.182,0.201,2.8,-0.5,2.1,-5.5,30.5,-8.4,0.00369273965,0.61937315,-0.125186926,0.775017548
1491,3730301,99060,0.961,-0.182,0.201,2.7,-0.5,2.1,-5.5,30.5,-8.4,0.00363170263,0.61937315,-0.125156407,0.775017548
1492,3732937,99060,0.961,-0.182,0.201,2.7,-0.5,2.1,-5.5,30.5,-8.4,0.00363170263,0.61937315,-0.125156407,0.775017548
1493,3735498,99060,0.961,-0.182,0.201,2.7,-0.5,2.1,-5.5,30.5,-8.4,0.00363170263,0.61937315,-0.125156407,0.775017548
1494,3737633,99060,0.961,-0.182,0.201,2.7,-0.5,2.1,-5.5,30.5,-8.4,0.00363170263,0.61937315,-0.125156407,0.775017548
1495,3740310,99070,0.961,-0.182,0.201,2.7,-0.5,2.1,-5.5,30.5,-8.4,0.00363170263,0.61937315,-0.125156407,0.775017548
1496,3744662,99070,0.961,-0.182,0.201,2.7,-0.5,2.1,-5.5,30.5,-8.4,0.00363170263,0.61937315,-0.125156407,0.775017548
1497,3746837,99070,0.961,-0.182,0.201,2.7,-0.5,2.1,-5.5,30.5,-8.4,0.00363170263,0.61937315,-0.125156407,0.775017548
1498,3749178,99070,0.961,-0.182,0.201,2.7,-0.5,2.1,-5.5,30.5,-8.4,0.00363170263,0.61937315,-0.125156407,0.775017548
1499,3751365,99080,0.961,-0.182,0.201,2.7,-0.5,2.1,-5.5,30.5,-8.4,0.00363170263,0.61937315,-0.125156407,0.775017548
1500,3754339,99080,0.965,-0.174,0.201,2.7,-0.7,2,-4.7,31,-8.5,0.00292977691,0.619434187,-0.125003815,0.775017548
1501,3756426,99080,0.961,-0.174,0.201,2.7,-0.8,1.8,-4.5,31,-8.7,0.00286873989,0.619434187,-0.125003815,0.77498703
1502,3758151,99080,0.961,-0.174,0.201,2.7,-0.8,1.8,-4.5,31,-8.7,0.00286873989,0.619434187,-0.125003815,0.77498703
1503,3760289,99090,0.961,-0.174,0.201,2.7,-0.8,1.8,-4.5,31,-8.7,0.00286873989,0.619434187,-0.125003815,0.77498703
1504,3765191,99090,0.953,-0.174,0.202,2.7,-0.4,1.5,-4.5,31,-8.7,0.00268562883,0.619464705,-0.124912259,0.77498703
1505,3765191,99090,0.961,-0.174,0.197,2.7,-0.3,1.4,-4.2,30.6,-8.7,0.00274666585,0.619464705,-0.124729148,0.775017548
1506,3767885,99090,0.961,-0.174,0.197,2.7,-0.3,1.4,-4.2,30.6,-8.7,0.00274666585,0.619464705,-0.124729148,0.775017548
1507,3770427,99100,0.961,-0.174,0.197,2.7,-0.3,1.4,-4.2,30.6,-8.7,0.00274666585,0.619464705,-0.124729148,0.775017548
1508,3774265,99100,0.961,-0.174,0.197,2.7,-0.3,1.4,-4.2,30.6,-8.7,0.00274666585,0.619464705,-0.124729148,0.775017548
1509,3776640,99100,0.961,-0.174,0.197,2.7,-0.3,1.4,-4.2,30.6,-8.7,0.00274666585,0.619464705,-0.124729148,0.775017548
1510,3778875,99100,0.961,-0.174,0.197,2.7,-0.3,1.4,-4.2,30.6,-8.7,0.00274666585,0.619464705,-0.124729148,0.775017548
1511,3782482,99110,0.961,-0.174,0.197,2.7,-0.3,1.4,-4.2,30.6,-8.7,0.00274666585,0.619464705,-0.124729148,0.775017548
1512,3782814,99110,0.961,-0.174,0.201,2.5,-0.8,1.2,-4.6,30.6,-9.1,0.00231940672,0.619525742,-0.124546037,0.77498703
1513,3787341,99110,0.961,-0.174,0.201,2.5,-0.8,1.2,-4.6,30.6,-9.1,0.00231940672,0.619525742,-0.124546037,0.77498703
1514,3787698,99110,0.961,-0.17,0.205,2.4,-0.9,1.2,-4.4,30.5,-8.7,0.00222785119,0.619556261,-0.124485,0.77498703
1515,3790304,99120,0.961,-0.17,0.205,2.4,-0.9,1.2,-4.4,30.5,-8.7,0.00222785119,0.619556261,-0.124485,0.77498703
1516,3794793,99120,0.961,-0.17,0.205,2.4,-0.9,1.2,-4.4,30.5,-8.7,0.00222785119,0.619556261,-0.124485,0.77498703
1517,3796678,99120,0.961,-0.17,0.205,2.4,-0.9,1.2,-4.4,30.5,-8.7,0.00222785119,0.619556261,-0.124485,0.77498703
1518,3798942,99120,0.957,-0.166,0.198,1.8,-0.8,1.1,-4.6,30.3,-9.1,0.00201422163,0.619617298,-0.124423963,0.774956511
1519,3801298,99130,0.957,-0.166,0.198,1.8,-0.8,1.1,-4.6,30.3,-9.1,0.00201422163,0.619617298,-0.124423963,0.774956511
1520,3803278,99130,0.957,-0.166,0.201,1.7,-0.5,1.1,-4.6,30.3,-9.1,0.0019226661,0.619617298,-0.124393445,0.774925993
1521,3805455,99130,0.957,-0.166,0.201,1.7,-0.5,1.1,-4.6,30.3,-9.1,0.0019226661,0.619617298,-0.124393445,0.774925993
1522,3809363,99130,0.957,-0.166,0.201,1.7,-0.5,1.1,-4.6,30.3,-9.1,0.0019226661,0.619617298,-0.124393445,0.774925993
1523,3812034,99140,0.957,-0.166,0.201,1.7,-0.5,1.1,-4.6,30.3,-9.1,0.0019226661,0.619617298,-0.124393445,0.774925993
1524,3814277,99140,0.957,-0.166,0.201,1.7,-0.5,1.1,-4.6,30.3,-9.1,0.0019226661,0.619617298,-0.124393445,0.774925993
1525,3816447,99140,0.957,-0.166,0.201,1.7,-0.5,1.1,-4.6,30.3,-9.1,0.0019226661,0.619617298,-0.124393445,0.774925993
1526,3818734,99140,0.957,-0.17,0.198,1,-0.2,1.1,-5,30.3,-8.6,0.00186162908,0.619678335,-0.124118778,0.774925993
1527,3820725,99150,0.957,-0.174,0.201,0.9,-0.2,0.9,-5,30.3,-8.6,0.00183111057,0.619678335,-0.124118778,0.774925993
1528,3822924,99150,0.957,-0.174,0.201,0.9,-0.2,0.9,-5,30.3,-8.6,0.00183111057,0.619678335,-0.124118778,0.774925993
1529,3826564,99150,0.957,-0.174,0.201,0.9,-0.2,0.9,-5,30.3,-8.6,0.00183111057,0.619678335,-0.124118778,0.774925993
1530,3828779,99150,0.957,-0.178,0.201,0.3,-0.1,0.6,-3.9,30.5,-9.1,0.00177007355,0.619678335,-0.124118778,0.774925993
1531,3830696,99160,0.961,-0.178,0.201,0.2,-0.1,0.5,-3.9,30.5,-9.1,0.00177007355,0.619678335,-0.124118778,0.774925993
1532,3832988,99160,0.961,-0.178,0.201,0.2,-0.1,0.5,-3.9,30.5,-9.1,0.00177007355,0.619678335,-0.124118778,0.774925993
1533,3835259,99160,0.961,-0.178,0.201,0.2,-0.1,0.5,-3.9,30.5,-9.1,0.00177007355,0.619678335,-0.124118778,0.774925993
1534,3837844,99160,0.961,-0.178,0.201,0.2,-0.1,0.5,-3.9,30.5,-9.1,0.00177007355,0.619678335,-0.124118778,0.774925993
1535,3840123,99170,0.961,-0.178,0.201,0.2,-0.1,0.5,-3.9,30.5,-9.1,0.00177007355,0.619678335,-0.124118778,0.774925993
1536,3842771,99170,0.961,-0.178,0.201,0.2,-0.1,0.5,-3.9,30.5,-9.1,0.00177007355,0.619678335,-0.124118778,0.774925993
1537,3846323,99170,0.961,-0.178,0.201,0.2,-0.1,0.5,-3.9,30.5,-9.1,0.00177007355,0.619678335,-0.124118778,0.774925993
1538,3847970,99170,0.961,-0.182,0.209,0,-0.5,0.2,-3.8,30.4,-9.4,0.00170903653,0.619739372,-0.124179815,0.774895474
1539,3850206,99180,0.961,-0.182,0.209,0,-0.5,0.2,-3.8,30.4,-9.4,0.00170903653,0.619739372,-0.124179815,0.774895474
1540,3852915,99180,0.961,-0.182,0.209,0,-0.5,0.2,-3.8,30.4,-9.4,0.00170903653,0.619739372,-0.124179815,0.774895474
1541,3855484,99180,0.961,-0.182,0.209,0,-0.5,0.2,-3.8,30.4,-9.4,0.00170903653,0.619739372,-0.124179815,0.774895474
1542,3857759,99180,0.961,-0.182,0.209,0,-0.5,0.2,-3.8,30.4,-9.4,0.00170903653,0.619739372,-0.124179815,0.774895474
1543,3860184,99190,0.961,-0.182,0.209,0,-0.5,0.2,-3.8,30.4,-9.4,0.00170903653,0.619739372,-0.124179815,0.774895474
1544,3864782,99190,0.961,-0.182,0.209,0,-0.5,0.2,-3.8,30.4,-9.4,0.00170903653,0.619739372,-0.124179815,0.774895474
1545,3867184,99190,0.961,-0.186,0.201,0,-0.4,0.3,-5.2,30.1,-8.8,0.00170903653,0.61976989,-0.124118778,0.774864956
1546,3869816,99190,0.961,-0.186,0.201,0,-0.4,0.3,-5.2,30.1,-8.8,0.00170903653,0.61976989,-0.124118778,0.774864956
1547,3872058,99200,0.961,-0.186,0.201,0.3,-0.4,0.2,-5.2,30.1,-8.8,0.00167851802,0.619800409,-0.124118778,0.774864956
1548,3874300,99200,0.961,-0.19,0.205,0.5,-0.4,0.2,-5.2,30.1,-8.8,0.00167851802,0.619800409,-0.124118778,0.774834437
1549,3876643,99200,0.961,-0.19,0.205,0.5,-0.4,0.2,-5.2,30.1,-8.8,0.00167851802,0.619800409,-0.124118778,0.774834437
1550,3878842,99200,0.953,-0.182,0.202,0.6,-0.2,0.1,-3.8,30.1,-9,0.00164799951,0.619800409,-0.124118778,0.774834437
1551,3881733,99210,0.953,-0.182,0.202,0.6,-0.2,0.1,-3.8,30.1,-9,0.00164799951,0.619800409,-0.124118778,0.774834437
1552,3883945,99210,0.953,-0.182,0.202,0.6,-0.2,0.1,-3.8,30.1,-9,0.00164799951,0.619800409,-0.124118778,0.774834437
1553,3886204,99210,0.961,-0.182,0.205,0.6,-0.2,0.1,-3.9,30.4,-8.7,0.00158696249,0.619830927,-0.124118778,0.774834437
1554,3888004,99210,0.961,-0.182,0.205,0.6,-0.2,0.1,-3.9,30.4,-8.7,0.00158696249,0.619830927,-0.124118778,0.774834437
1555,3890322,99220,0.961,-0.182,0.205,0.6,-0.2,0.1,-3.9,30.4,-8.7,0.00158696249,0.619830927,-0.124118778,0.774834437
1556,3894614,99220,0.961,-0.182,0.205,0.6,-0.2,0.1,-3.9,30.4,-8.7,0.00158696249,0.619830927,-0.124118778,0.774834437
1557,3896888,99220,0.961,-0.182,0.205,0.3,-0.4,0.1,-3.8,30.2,-9.3,0.00155644398,0.619830927,-0.12408826,0.774834437
1558,3899186,99220,0.961,-0.182,0.205,0.3,-0.4,0.1,-3.8,30.2,-9.3,0.00155644398,0.619830927,-0.12408826,0.774834437
1559,3901510,99230,0.961,-0.182,0.205,0.3,-0.4,0.1,-3.8,30.2,-9.3,0.00155644398,0.619830927,-0.12408826,0.774834437
1560,3904473,99230,0.957,-0.178,0.209,0.1,-0.2,0.2,-3.8,30.2,-9.3,0.00152592547,0.619861446,-0.12408826,0.774803919
1561,3906599,99230,0.957,-0.178,0.209,0.1,-0.2,0.2,-3.8,30.2,-9.3,0.00152592547,0.619861446,-0.12408826,0.774803919
1562,3908856,99230,0.957,-0.178,0.209,0.1,-0.2,0.2,-3.8,30.2,-9.3,0.00152592547,0.619861446,-0.12408826,0.774803919
1563,3911185,99240,0.957,-0.178,0.209,0.1,-0.2,0.2,-3.8,30.2,-9.3,0.00152592547,0.619861446,-0.12408826,0.774803919
1564,3913005,99240,0.957,-0.178,0.209,0.1,-0.2,0.2,-3.8,30.2,-9.3,0.00152592547,0.619861446,-0.12408826,0.774803919
1565,3917112,99240,0.957,-0.178,0.209,0.1,-0.2,0.2,-3.8,30.2,-9.3,0.00152592547,0.619861446,-0.12408826,0.774803919
1566,3919298,99240,0.969,-0.178,0.197,-0.1,0,0.2,-4.2,30.3,-8.9,0.001617481,0.619891964,-0.123996704,0.774803919
1567,3921369,99250,0.969,-0.178,0.197,-0.1,0,0.2,-4.2,30.3,-8.9,0.001617481,0.619891964,-0.123996704,0.774803919
1568,3924805,99250,0.969,-0.178,0.197,-0.1,0,0.2,-4.2,30.3,-8.9,0.001617481,0.619891964,-0.123996704,0.774803919
1569,3925144,99250,0.965,-0.178,0.201,-0.2,-0.2,0.3,-3.9,30.4,-9,0.001617481,0.619922483,-0.124027223,0.7747734
1570,3928705,99250,0.965,-0.178,0.201,-0.2,-0.2,0.3,-3.9,30.4,-9,0.001617481,0.619922483,-0.124027223,0.7747734
1571,3930837,99260,0.965,-0.178,0.201,-0.2,-0.2,0.3,-3.9,30.4,-9,0.001617481,0.619922483,-0.124027223,0.7747734
1572,3933059,99260,0.965,-0.174,0.197,-0.6,-0.6,0.2,-3.9,30.4,-9,0.001617481,0.619922483,-0.124057741,0.774742882
1573,3936345,99260,0.961,-0.174,0.197,-0.7,-0.4,0.3,-3.9,30.3,-8.7,0.001617481,0.619953001,-0.124057741,0.774742882
1574,3939809,99260,0.969,-0.178,0.201,-0.7,-0.3,0.4,-3.9,30.3,-8.7,0.001617481,0.619953001,-0.12408826,0.774742882
1575,3940179,99270,0.965,-0.174,0.201,-0.9,-0.1,0.4,-3.9,30.3,-8.7,0.001617481,0.619953001,-0.124118778,0.774742882
1576,3944423,99270,0.965,-0.174,0.201,-0.9,-0.1,0.4,-3.9,30.3,-8.7,0.001617481,0.619953001,-0.124118778,0.774742882
1577,3946573,99270,0.965,-0.174,0.201,-0.9,-0.1,0.4,-3.9,30.3,-8.7,0.001617481,0.619953001,-0.124118778,0.774742882
1578,3948834,99270,0.965,-0.17,0.197,-1,0.3,0.3,-4.3,30.6,-8.8,0.00164799951,0.619922483,-0.124179815,0.774742882
1579,3951142,99280,0.965,-0.17,0.197,-1,0.3,0.3,-4.3,30.6,-8.8,0.00164799951,0.619922483,-0.124179815,0.774742882
1580,3953125,99280,0.965,-0.17,0.197,-1,0.3,0.3,-4.3,30.6,-8.8,0.00164799951,0.619922483,-0.124179815,0.774742882
1581,3955334,99280,0.965,-0.17,0.197,-1,0.3,0.3,-4.3,30.6,-8.8,0.00164799951,0.619922483,-0.124179815,0.774742882
1582,3959933,99280,0.965,-0.17,0.197,-1,0.3,0.3,-4.3,30.6,-8.8,0.00164799951,0.619922483,-0.124179815,0.774742882
1583,3960357,99290,0.965,-0.178,0.197,-1.2,0.1,0.5,-4.3,30.2,-8,0.00170903653,0.619922483,-0.124301889,0.774742882
1584,3963121,99290,0.965,-0.178,0.197,-1.2,0.1,0.5,-4.3,30.2,-8,0.00170903653,0.619922483,-0.124301889,0.774742882
1585,3965772,99290,0.965,-0.178,0.197,-1.2,0.1,0.5,-4.3,30.2,-8,0.00170903653,0.619922483,-0.124301889,0.774742882
1586,3969093,99290,0.965,-0.178,0.197,-1.2,0.1,0.5,-4.3,30.2,-8,0.00170903653,0.619922483,-0.124301889,0.774742882
1587,3971295,99300,0.965,-0.178,0.197,-1.2,0.1,0.5,-4.3,30.2,-8,0.00170903653,0.619922483,-0.124301889,0.774742882
1588,3972982,99300,0.965,-0.178,0.197,-1.2,0.1,0.5,-4.3,30.2,-8,0.00170903653,0.619922483,-0.124301889,0.774742882
1589,3976946,99300,0.965,-0.178,0.197,-1.2,0.1,0.5,-4.3,30.2,-8,0.00170903653,0.619922483,-0.124301889,0.774742882
1590,3979206,99300,0.961,-0.186,0.201,-1.4,-0.2,0.2,-4,30.3,-8,0.00189214759,0.619953001,-0.124393445,0.774681845
1591,3981465,99310,0.961,-0.186,0.201,-1.4,-0.2,0.2,-4,30.3,-8,0.00189214759,0.619953001,-0.124393445,0.774681845
1592,3983824,99310,0.961,-0.186,0.201,-1.4,-0.2,0.2,-4,30.3,-8,0.00189214759,0.619953001,-0.124393445,0.774681845
1593,3985664,99310,0.957,-0.186,0.198,-1.7,-0.4,0.1,-4.1,30.5,-8,0.0019226661,0.619953001,-0.124454482,0.774651326
1594,3987969,99310,0.957,-0.186,0.198,-1.7,-0.4,0.1,-4.1,30.5,-8,0.0019226661,0.619953001,-0.124454482,0.774651326
1595,3992036,99320,0.961,-0.182,0.201,-1.6,-0.6,-0.1,-4.1,30.5,-8,0.00198370312,0.61998352,-0.124515519,0.774651326
1596,3994622,99320,0.961,-0.186,0.201,-1.6,-0.6,-0.1,-4.1,30.5,-8,0.00201422163,0.61998352,-0.124546037,0.774620808
1597,3996490,99320,0.961,-0.186,0.201,-1.6,-0.6,-0.1,-4.1,30.5,-8,0.00201422163,0.61998352,-0.124546037,0.774620808
1598,3998737,99320,0.961,-0.186,0.201,-1.7,-0.7,-0.1,-4.1,30.1,-7.4,0.00204474013,0.620014039,-0.124607074,0.774590289
1599,4000374,99330,0.961,-0.182,0.197,-1.7,-0.6,-0.1,-4.1,30.1,-7.4,0.00207525864,0.620044557,-0.124607074,0.774590289
1600,4004123,99330,0.961,-0.182,0.197,-1.7,-0.6,-0.1,-4.1,30.1,-7.4,0.00207525864,0.620044557,-0.124607074,0.774590289
1601,4006348,99330,0.961,-0.182,0.197,-1.7,-0.6,-0.1,-4.1,30.1,-7.4,0.00207525864,0.620044557,-0.124607074,0.774590289
1602,4010243,99330,0.961,-0.182,0.197,-1.7,-0.6,-0.1,-4.1,30.1,-7.4,0.00207525864,0.620044557,-0.124607074,0.774590289
1603,4010243,99340,0.961,-0.186,0.197,-2,-0.4,-0.4,-4.5,30,-7.1,0.00219733268,0.620075076,-0.124729148,0.774529252
1604,4012867,99340,0.961,-0.186,0.197,-2,-0.4,-0.4,-4.5,30,-7.1,0.00219733268,0.620075076,-0.124729148,0.774529252
1605,4017177,99340,0.961,-0.186,0.197,-2,-0.4,-0.4,-4.5,30,-7.1,0.00219733268,0.620075076,-0.124729148,0.774529252
1606,4017755,99340,0.957,-0.186,0.198,-2.2,-0.3,-0.4,-4.3,30.6,-10.6,0.00234992523,0.620136113,-0.124759667,0.774468215
1607,4022276,99350,0.957,-0.186,0.198,-2.2,-0.3,-0.4,-4.3,30.6,-10.6,0.00234992523,0.620136113,-0.124759667,0.774468215
1608,4022709,99350,0.953,-0.186,0.194,-2.1,-0.4,-0.8,-4.3,30.6,-10.6,0.00244148076,0.620136113,-0.124820704,0.774468215
1609,4025271,99350,0.953,-0.186,0.194,-2.1,-0.4,-0.8,-4.3,30.6,-10.6,0.00244148076,0.620136113,-0.124820704,0.774468215
1610,4029738,99350,0.953,-0.186,0.194,-2.1,-0.4,-0.8,-4.3,30.6,-10.6,0.00244148076,0.620136113,-0.124820704,0.774468215
1611,4032156,99360,0.953,-0.186,0.202,-1.7,-0.1,-0.7,-4.4,30.1,-8.8,0.0025635548,0.620166631,-0.124881741,0.774407178
1612,4034383,99360,0.953,-0.186,0.202,-1.7,-0.1,-0.7,-4.4,30.1,-8.8,0.0025635548,0.620166631,-0.124881741,0.774407178
1613,4036523,99360,0.953,-0.186,0.202,-1.7,-0.1,-0.7,-4.4,30.1,-8.8,0.0025635548,0.620166631,-0.124881741,0.774407178
1614,4038818,99360,0.953,-0.186,0.202,-1.7,-0.1,-0.7,-4.4,30.1,-8.8,0.0025635548,0.620166631,-0.124881741,0.774407178
1615,4042379,99370,0.953,-0.186,0.202,-1.7,-0.1,-0.7,-4.4,30.1,-8.8,0.0025635548,0.620166631,-0.124881741,0.774407178
1616,4042800,99370,0.957,-0.186,0.201,-1.5,-0.1,-1.2,-4.3,30.5,-9,0.00274666585,0.62019715,-0.124942778,0.774407178
1617,4047149,99370,0.957,-0.186,0.201,-1.5,-0.1,-1.2,-4.3,30.5,-9,0.00274666585,0.62019715,-0.124942778,0.774407178
1618,4049397,99370,0.961,-0.19,0.205,-1.6,-0.1,-1.3,-4.2,30.8,-9.9,0.00280770287,0.62019715,-0.124973296,0.774407178
1619,4051638,99380,0.961,-0.19,0.205,-1.6,-0.1,-1.3,-4.2,30.8,-9.9,0.00280770287,0.62019715,-0.124973296,0.774407178
1620,4053769,99380,0.961,-0.19,0.205,-1.6,-0.1,-1.3,-4.2,30.8,-9.9,0.00280770287,0.62019715,-0.124973296,0.774407178
1621,4057681,99380,0.961,-0.19,0.205,-1.6,-0.1,-1.3,-4.2,30.8,-9.9,0.00280770287,0.62019715,-0.124973296,0.774407178
1622,4057681,99380,0.961,-0.186,0.197,-1.6,0,-1.2,-4.5,30.8,-10,0.00299081393,0.620227668,-0.125003815,0.774376659
1623,4060526,99390,0.961,-0.186,0.197,-1.6,0,-1.2,-4.5,30.8,-10,0.00299081393,0.620227668,-0.125003815,0.774376659
1624,4062764,99390,0.961,-0.186,0.197,-1.6,0,-1.2,-4.5,30.8,-10,0.00299081393,0.620227668,-0.125003815,0.774376659
1625,4065364,99390,0.961,-0.186,0.197,-1.6,0,-1.2,-4.5,30.8,-10,0.00299081393,0.620227668,-0.125003815,0.774376659
1626,4068057,99390,0.961,-0.182,0.201,-1.3,-0.3,-1.2,-4.5,30.4,-8.9,0.00317392499,0.620227668,-0.125034333,0.774346141
1627,4071894,99400,0.965,-0.178,0.205,-1.3,-0.3,-1.2,-4.5,30.4,-8.9,0.00320444349,0.620227668,-0.125034333,0.774346141
1628,4073993,99400,0.965,-0.178,0.205,-1.1,-0.4,-1.1,-4.5,30.4,-8.9,0.003234962,0.620258187,-0.125034333,0.774346141
1629,4076268,99400,0.965,-0.178,0.197,-1.1,-0.6,-1.2,-4,30.2,-9,0.00326548051,0.620258187,-0.125034333,0.774315622
1630,4079685,99400,0.965,-0.178,0.197,-1.1,-0.6,-1.2,-4,30.2,-9,0.00326548051,0.620258187,-0.125034333,0.774315622
1631,4082075,99410,0.969,-0.174,0.201,-1.2,-0.4,-1.2,-4,30.2,-9,0.00335703604,0.620288705,-0.125064852,0.774315622
1632,4084411,99410,0.969,-0.174,0.201,-1.2,-0.4,-1.2,-4,30.2,-9,0.00335703604,0.620288705,-0.125064852,0.774315622
1633,4086425,99410,0.969,-0.174,0.201,-1.2,-0.4,-1.2,-4,30.2,-9,0.00335703604,0.620288705,-0.125064852,0.774315622
1634,4088799,99410,0.969,-0.174,0.201,-1.2,-0.4,-1.2,-4,30.2,-9,0.00335703604,0.620288705,-0.125064852,0.774315622
1635,4092570,99420,0.969,-0.174,0.201,-1.2,-0.4,-1.2,-4,30.2,-9,0.00335703604,0.620288705,-0.125064852,0.774315622
1636,4093027,99420,0.969,-0.182,0.197,-1.8,0.6,-1.1,-3.9,30.6,-8.6,0.00357066561,0.620288705,-0.125125889,0.774285104
1637,4095250,99420,0.969,-0.182,0.197,-1.8,0.6,-1.1,-3.9,30.6,-8.6,0.00357066561,0.620288705,-0.125125889,0.774285104
1638,4097824,99420,0.969,-0.182,0.197,-1.8,0.6,-1.1,-3.9,30.6,-8.6,0.00357066561,0.620288705,-0.125125889,0.774285104
1639,4100144,99430,0.969,-0.182,0.197,-1.8,0.6,-1.1,-3.9,30.6,-8.6,0.00357066561,0.620288705,-0.125125889,0.774285104
1640,4104159,99430,0.969,-0.182,0.197,-1.8,0.6,-1.1,-3.9,30.6,-8.6,0.00357066561,0.620288705,-0.125125889,0.774285104
1641,4106307,99430,0.969,-0.182,0.197,-1.8,0.6,-1.1,-3.9,30.6,-8.6,0.00357066561,0.620288705,-0.125125889,0.774285104
1642,4109764,99430,0.969,-0.186,0.201,-2.2,0.8,-1.4,-4.2,30.2,-8.6,0.0038758507,0.620227668,-0.125217444,0.774346141
1643,4112081,99440,0.973,-0.19,0.197,-2.4,0.7,-1.3,-4.2,30.2,-8.6,0.00393688772,0.62019715,-0.125217444,0.774346141
1644,4114265,99440,0.973,-0.19,0.197,-2.4,0.7,-1.3,-4.2,30.2,-8.6,0.00393688772,0.62019715,-0.125217444,0.774346141
1645,4116553,99440,0.973,-0.19,0.197,-2.4,0.7,-1.3,-4.2,30.2,-8.6,0.00393688772,0.62019715,-0.125217444,0.774346141
1646,4118814,99440,0.973,-0.19,0.197,-2.4,0.7,-1.3,-4.2,30.2,-8.6,0.00393688772,0.62019715,-0.125217444,0.774346141
1647,4120732,99450,0.973,-0.19,0.197,-2.4,0.7,-1.3,-4.2,30.2,-8.6,0.00393688772,0.62019715,-0.125217444,0.774346141
1648,4122822,99450,0.965,-0.186,0.205,-2.7,0.2,-1.4,-4.3,30.6,-8,0.00424207282,0.62019715,-0.125370037,0.774315622
1649,4125554,99450,0.961,-0.19,0.198,-2.6,0.1,-1.4,-4.7,29.7,-9.8,0.00430310984,0.62019715,-0.125400555,0.774315622
1650,4129883,99450,0.961,-0.194,0.201,-2.5,0,-1.3,-4.7,29.7,-9.8,0.00436414686,0.62019715,-0.125431074,0.774315622
1651,4130230,99460,0.957,-0.19,0.201,-2.3,0,-1.2,-4.7,29.7,-9.8,0.00439466536,0.62019715,-0.125461592,0.774315622
1652,4134433,99460,0.957,-0.19,0.201,-2.3,0,-1.2,-4.7,29.7,-9.8,0.00439466536,0.62019715,-0.125461592,0.774315622
1653,4136704,99460,0.957,-0.19,0.201,-2.3,0,-1.2,-4.7,29.7,-9.8,0.00439466536,0.62019715,-0.125461592,0.774315622
1654,4138627,99460,0.961,-0.19,0.194,-1.9,0.1,-1,-4.2,29.7,-9.7,0.00454725791,0.62019715,-0.125522629,0.774285104
1655,4141054,99470,0.961,-0.19,0.194,-1.9,0.1,-1,-4.2,29.7,-9.7,0.00454725791,0.62019715,-0.125522629,0.774285104
1656,4144000,99470,0.961,-0.19,0.194,-1.9,0.1,-1,-4.2,29.7,-9.7,0.00454725791,0.62019715,-0.125522629,0.774285104
1657,4146294,99470,0.953,-0.19,0.202,-1.4,0.1,-1,-4.6,29.6,-9.3,0.00466933195,0.62019715,-0.125553148,0.774285104
1658,4147982,99470,0.953,-0.19,0.202,-1.4,0.1,-1,-4.6,29.6,-9.3,0.00466933195,0.62019715,-0.125553148,0.774285104
1659,4150373,99480,0.953,-0.19,0.202,-1.4,0.1,-1,-4.6,29.6,-9.3,0.00466933195,0.62019715,-0.125553148,0.774285104
1660,4152651,99480,0.953,-0.19,0.202,-1.4,0.1,-1,-4.6,29.6,-9.3,0.00466933195,0.62019715,-0.125553148,0.774285104
1661,4155196,99480,0.953,-0.19,0.202,-1.4,0.1,-1,-4.6,29.6,-9.3,0.00466933195,0.62019715,-0.125553148,0.774285104
1662,4159062,99480,0.953,-0.19,0.202,-1.4,0.1,-1,-4.6,29.6,-9.3,0.00466933195,0.62019715,-0.125553148,0.774285104
1663,4161518,99490,0.953,-0.19,0.202,-1.4,0.1,-1,-4.6,29.6,-9.3,0.00466933195,0.62019715,-0.125553148,0.774285104
1664,4163785,99490,0.953,-0.19,0.202,-1.4,0.1,-1,-4.6,29.6,-9.3,0.00466933195,0.62019715,-0.125553148,0.774285104
1665,4167406,99490,0.953,-0.19,0.202,-1.4,0.1,-1,-4.6,29.6,-9.3,0.00466933195,0.62019715,-0.125553148,0.774285104
1666,4167774,99490,0.957,-0.194,0.198,-1.1,0.5,-1.1,-4.3,31.5,-8,0.00491348003,0.620166631,-0.125644704,0.774315622
1667,4171287,99500,0.957,-0.194,0.198,-1.1,0.5,-1.1,-4.3,31.5,-8,0.00491348003,0.620166631,-0.125644704,0.774315622
1668,4173724,99500,0.957,-0.186,0.198,-1.3,0.4,-0.9,-4.3,31.5,-8,0.00500503555,0.620136113,-0.125675222,0.774315622
1669,4175643,99500,0.957,-0.186,0.198,-1.3,0.4,-0.9,-4.3,31.5,-8,0.00500503555,0.620136113,-0.125675222,0.774315622
1670,4179035,99500,0.957,-0.186,0.198,-1.3,0.4,-0.9,-4.3,31.5,-8,0.00500503555,0.620136113,-0.125675222,0.774315622
1671,4181408,99510,0.957,-0.186,0.198,-1.3,0.4,-0.9,-4.3,31.5,-8,0.00500503555,0.620136113,-0.125675222,0.774315622
1672,4184207,99510,0.957,-0.186,0.198,-1.3,0.4,-0.9,-4.3,31.5,-8,0.00500503555,0.620136113,-0.125675222,0.774315622
1673,4186428,99510,0.957,-0.186,0.198,-1.3,0.4,-0.9,-4.3,31.5,-8,0.00500503555,0.620136113,-0.125675222,0.774315622
1674,4188125,99510,0.957,-0.186,0.198,-1.3,0.4,-0.9,-4.3,31.5,-8,0.00500503555,0.620136113,-0.125675222,0.774315622
1675,4190309,99520,0.957,-0.186,0.198,-1.3,0.4,-0.9,-4.3,31.5,-8,0.00500503555,0.620136113,-0.125675222,0.774315622
1676,4192958,99520,0.957,-0.186,0.198,-1.3,0.4,-0.9,-4.3,31.5,-8,0.00500503555,0.620136113,-0.125675222,0.774315622
1677,4196876,99520,0.957,-0.186,0.198,-1.3,0.4,-0.9,-4.3,31.5,-8,0.00500503555,0.620136113,-0.125675222,0.774315622
1678,4199231,99520,0.957,-0.186,0.198,-1.3,0.4,-0.9,-4.3,31.5,-8,0.00500503555,0.620136113,-0.125675222,0.774315622
1679,4201503,99530,0.957,-0.186,0.198,-1.3,0.4,-0.9,-4.3,31.5,-8,0.00500503555,0.620136113,-0.125675222,0.774315622
1680,4203365,99530,0.965,-0.19,0.201,-1.4,0.2,-0.7,-4.2,30.3,-9.6,0.00543229469,0.620105594,-0.125858333,0.774315622
1681,4205967,99530,0.965,-0.19,0.201,-1.2,0,-0.7,-4.5,30.6,-9.9,0.0054628132,0.620105594,-0.125888852,0.774315622
1682,4208971,99530,0.965,-0.19,0.201,-1.2,0,-0.7,-4.5,30.6,-9.9,0.0054628132,0.620105594,-0.125888852,0.774315622
1683,4211186,99540,0.965,-0.19,0.201,-1.2,0,-0.7,-4.5,30.6,-9.9,0.0054628132,0.620105594,-0.125888852,0.774315622
1684,4213148,99540,0.965,-0.19,0.201,-1.2,0,-0.7,-4.5,30.6,-9.9,0.0054628132,0.620105594,-0.125888852,0.774315622
1685,4215327,99540,0.965,-0.19,0.201,-1.2,0,-0.7,-4.5,30.6,-9.9,0.0054628132,0.620105594,-0.125888852,0.774315622
1686,4217880,99540,0.965,-0.19,0.201,-1.2,0,-0.7,-4.5,30.6,-9.9,0.0054628132,0.620105594,-0.125888852,0.774315622
1687,4221526,99550,0.965,-0.19,0.201,-1.2,0,-0.7,-4.5,30.6,-9.9,0.0054628132,0.620105594,-0.125888852,0.774315622
1688,4223884,99550,0.965,-0.19,0.201,-1.2,0,-0.7,-4.5,30.6,-9.9,0.0054628132,0.620105594,-0.125888852,0.774315622
1689,4225598,99550,0.965,-0.194,0.201,-0.6,0.1,-1,-4.4,30.6,-8.4,0.00570696127,0.620136113,-0.12591937,0.774285104
1690,4229718,99550,0.961,-0.19,0.201,-0.5,0.1,-1,-4.4,30.6,-8.4,0.00573747978,0.620136113,-0.12591937,0.774285104
1691,4232051,99560,0.965,-0.194,0.205,-0.5,0,-1,-4.4,30.6,-8.4,0.00573747978,0.620136113,-0.12591937,0.774285104
1692,4234249,99560,0.965,-0.194,0.205,-0.5,0,-1,-4.4,30.6,-8.4,0.00573747978,0.620136113,-0.12591937,0.774285104
1693,4236230,99560,0.965,-0.194,0.205,-0.5,0,-1,-4.4,30.6,-8.4,0.00573747978,0.620136113,-0.12591937,0.774285104
1694,4238307,99560,0.965,-0.194,0.205,-0.5,0,-1,-4.4,30.6,-8.4,0.00573747978,0.620136113,-0.12591937,0.774285104
1695,4240481,99570,0.965,-0.194,0.205,-0.5,0,-1,-4.4,30.6,-8.4,0.00573747978,0.620136113,-0.12591937,0.774285104
1696,4242795,99570,0.965,-0.194,0.205,-0.5,0,-1,-4.4,30.6,-8.4,0.00573747978,0.620136113,-0.12591937,0.774285104
1697,4245379,99570,0.965,-0.194,0.205,-0.5,0,-1,-4.4,30.6,-8.4,0.00573747978,0.620136113,-0.12591937,0.774285104
1698,4247672,99570,0.965,-0.194,0.205,-0.5,0,-1,-4.4,30.6,-8.4,0.00573747978,0.620136113,-0.12591937,0.774285104
1699,4252175,99580,0.965,-0.194,0.205,-0.5,0,-1,-4.4,30.6,-8.4,0.00573747978,0.620136113,-0.12591937,0.774285104
1700,4254353,99580,0.965,-0.194,0.205,-0.5,0,-1,-4.4,30.6,-8.4,0.00573747978,0.620136113,-0.12591937,0.774285104
1701,4256416,99580,0.965,-0.194,0.205,-0.5,0,-1,-4.4,30.6,-8.4,0.00573747978,0.620136113,-0.12591937,0.774285104
1702,4258723,99580,0.965,-0.194,0.205,-0.5,0,-1,-4.4,30.6,-8.4,0.00573747978,0.620136113,-0.12591937,0.774285104
1703,4260622,99590,0.965,-0.194,0.205,-0.5,0,-1,-4.4,30.6,-8.4,0.00573747978,0.620136113,-0.12591937,0.774285104
1704,4262819,99590,0.965,-0.194,0.205,-0.5,0,-1,-4.4,30.6,-8.4,0.00573747978,0.620136113,-0.12591937,0.774285104
1705,4267713,99590,0.965,-0.194,0.205,-0.5,0,-1,-4.4,30.6,-8.4,0.00573747978,0.620136113,-0.12591937,0.774285104
1706,4267713,99590,0.965,-0.194,0.205,0.5,0.2,-1,-4.4,30.1,-8.6,0.00585955382,0.620166631,-0.125766778,0.774285104
1707,4270239,99600,0.965,-0.194,0.205,0.5,0.2,-1,-4.4,30.1,-8.6,0.00585955382,0.620166631,-0.125766778,0.774285104
1708,4272998,99600,0.965,-0.194,0.205,0.5,0.2,-1,-4.4,30.1,-8.6,0.00585955382,0.620166631,-0.125766778,0.774285104
1709,4275522,99600,0.965,-0.194,0.205,0.5,0.2,-1,-4.4,30.1,-8.6,0.00585955382,0.620166631,-0.125766778,0.774285104
1710,4277835,99600,0.965,-0.194,0.205,0.5,0.2,-1,-4.4,30.1,-8.6,0.00585955382,0.620166631,-0.125766778,0.774285104
1711,4280434,99610,0.965,-0.194,0.205,0.5,0.2,-1,-4.4,30.1,-8.6,0.00585955382,0.620166631,-0.125766778,0.774285104
1712,4283204,99610,0.965,-0.194,0.205,0.5,0.2,-1,-4.4,30.1,-8.6,0.00585955382,0.620166631,-0.125766778,0.774285104
1713,4285552,99610,0.965,-0.194,0.205,0.5,0.2,-1,-4.4,30.1,-8.6,0.00585955382,0.620166631,-0.125766778,0.774285104
1714,4289502,99610,0.965,-0.19,0.205,0.5,0.5,-0.9,-4.8,31,-8.5,0.00595110935,0.620136113,-0.125553148,0.774315622
1715,4291724,99620,0.969,-0.19,0.209,0.6,0.5,-0.9,-4.8,31,-8.5,0.00595110935,0.620136113,-0.125553148,0.774315622
1716,4293987,99620,0.969,-0.19,0.209,0.6,0.5,-0.9,-4.8,31,-8.5,0.00595110935,0.620136113,-0.125553148,0.774315622
1717,4296235,99620,0.969,-0.19,0.209,0.6,0.5,-0.9,-4.8,31,-8.5,0.00595110935,0.620136113,-0.125553148,0.774315622
1718,4298117,99620,0.973,-0.182,0.209,0.8,0.7,-1,-5.2,30.5,-8.6,0.00598162786,0.620105594,-0.125461592,0.774376659
1719,4301176,99630,0.973,-0.182,0.209,0.8,0.7,-1,-5.2,30.5,-8.6,0.00598162786,0.620105594,-0.125461592,0.774376659
1720,4304939,99630,0.973,-0.182,0.209,0.8,0.7,-1,-5.2,30.5,-8.6,0.00598162786,0.620105594,-0.125461592,0.774376659
1721,4305359,99630,0.969,-0.182,0.209,1.1,0.8,-0.8,-5.4,30.5,-8.7,0.00601214637,0.620075076,-0.125370037,0.774407178
1722,4310230,99630,0.969,-0.182,0.209,1.1,0.8,-0.8,-5.4,30.5,-8.7,0.00601214637,0.620075076,-0.125370037,0.774407178
1723,4310588,99640,0.973,-0.182,0.205,1.3,0.8,-0.6,-5.4,30.5,-8.7,0.00598162786,0.620044557,-0.125309,0.774407178
1724,4314597,99640,0.973,-0.182,0.205,1.3,0.8,-0.6,-5.4,30.5,-8.7,0.00598162786,0.620044557,-0.125309,0.774407178
1725,4316751,99640,0.973,-0.178,0.209,1.4,0.7,-0.6,-3.8,29.8,-8.7,0.00601214637,0.620014039,-0.125186926,0.774498733
1726,4319107,99640,0.973,-0.178,0.209,1.4,0.7,-0.6,-3.8,29.8,-8.7,0.00601214637,0.620014039,-0.125186926,0.774498733
1727,4321434,99650,0.969,-0.178,0.201,1.5,0.8,-0.7,-3.8,29.8,-8.7,0.00598162786,0.61998352,-0.125125889,0.774529252
1728,4323641,99650,0.973,-0.178,0.209,1.6,0.8,-0.6,-3.8,29.8,-8.7,0.00598162786,0.61998352,-0.12509537,0.774529252
1729,4325265,99650,0.973,-0.178,0.209,1.6,0.8,-0.6,-3.8,29.8,-8.7,0.00598162786,0.61998352,-0.12509537,0.774529252
1730,4327905,99650,0.973,-0.178,0.209,1.6,0.8,-0.6,-3.8,29.8,-8.7,0.00598162786,0.61998352,-0.12509537,0.774529252
1731,4331594,99660,0.961,-0.182,0.197,1.6,1.2,-0.1,-5.3,31.6,-9,0.00595110935,0.619922483,-0.124973296,0.774590289
1732,4333777,99660,0.969,-0.182,0.205,1.8,1.4,-0.1,-5.3,31.6,-9,0.00592059084,0.619891964,-0.124942778,0.774620808
1733,4335758,99660,0.965,-0.174,0.209,1.8,1.5,-0.2,-5.8,31.4,-8.7,0.00592059084,0.619861446,-0.124912259,0.774651326
1734,4338001,99660,0.965,-0.174,0.209,1.8,1.5,-0.2,-5.8,31.4,-8.7,0.00592059084,0.619861446,-0.124912259,0.774651326
1735,4340292,99670,0.965,-0.174,0.209,1.8,1.5,-0.2,-5.8,31.4,-8.7,0.00592059084,0.619861446,-0.124912259,0.774651326
1736,4344545,99670,0.965,-0.174,0.209,1.8,1.5,-0.2,-5.8,31.4,-8.7,0.00592059084,0.619861446,-0.124912259,0.774651326
1737,4346788,99670,0.965,-0.174,0.209,1.8,1.5,-0.2,-5.8,31.4,-8.7,0.00592059084,0.619861446,-0.124912259,0.774651326
1738,4349034,99670,0.965,-0.174,0.209,1.8,1.5,-0.2,-5.8,31.4,-8.7,0.00592059084,0.619861446,-0.124912259,0.774651326
1739,4351365,99680,0.965,-0.174,0.209,1.8,1.5,-0.2,-5.8,31.4,-8.7,0.00592059084,0.619861446,-0.124912259,0.774651326
1740,4353643,99680,0.965,-0.174,0.209,1.8,1.5,-0.2,-5.8,31.4,-8.7,0.00592059084,0.619861446,-0.124912259,0.774651326
1741,4355483,99680,0.965,-0.174,0.209,1.8,1.5,-0.2,-5.8,31.4,-8.7,0.00592059084,0.619861446,-0.124912259,0.774651326
1742,4357755,99680,0.965,-0.174,0.209,1.8,1.5,-0.2,-5.8,31.4,-8.7,0.00592059084,0.619861446,-0.124912259,0.774651326
1743,4361165,99690,0.965,-0.174,0.209,1.8,1.5,-0.2,-5.8,31.4,-8.7,0.00592059084,0.619861446,-0.124912259,0.774651326
1744,4363838,99690,0.965,-0.174,0.209,1.8,1.5,-0.2,-5.8,31.4,-8.7,0.00592059084,0.619861446,-0.124912259,0.774651326
1745,4366373,99690,0.965,-0.174,0.209,1.8,1.5,-0.2,-5.8,31.4,-8.7,0.00592059084,0.619861446,-0.124912259,0.774651326
1746,4369168,99690,0.965,-0.174,0.209,1.8,1.5,-0.2,-5.8,31.4,-8.7,0.00592059084,0.619861446,-0.124912259,0.774651326
1747,4371237,99700,0.957,-0.186,0.205,1.5,1.8,-0.1,-4.1,30.2,-8.6,0.00558488723,0.619495224,-0.124546037,0.775017548
1748,4373289,99700,0.957,-0.186,0.205,1.5,1.8,-0.1,-4.1,30.2,-8.6,0.00558488723,0.619495224,-0.124546037,0.775017548
1749,4375483,99700,0.957,-0.186,0.205,1.5,1.8,-0.1,-4.1,30.2,-8.6,0.00558488723,0.619495224,-0.124546037,0.775017548
1750,4377813,99700,0.957,-0.186,0.205,1.5,1.8,-0.1,-4.1,30.2,-8.6,0.00558488723,0.619495224,-0.124546037,0.775017548
1751,4380380,99710,0.957,-0.186,0.205,1.5,1.8,-0.1,-4.1,30.2,-8.6,0.00558488723,0.619495224,-0.124546037,0.775017548
1752,4383013,99710,0.957,-0.197,0.213,1.6,1.9,-0.1,-4.9,30.3,-8.9,0.00552385022,0.619342631,-0.124393445,0.775170141
1753,4385796,99710,0.961,-0.19,0.209,1.6,1.9,-0.1,-4.4,30.4,-8.7,0.00549333171,0.619312113,-0.124362926,0.775200659
1754,4388022,99710,0.953,-0.19,0.213,1.6,1.7,-0.1,-4.4,30.4,-8.7,0.00549333171,0.619281594,-0.124332408,0.775231178
1755,4392101,99720,0.961,-0.194,0.217,1.8,1.7,-0.1,-4.4,30.4,-8.7,0.0054628132,0.619251076,-0.124301889,0.775261696
1756,4394241,99720,0.957,-0.19,0.213,1.8,1.7,-0.2,-4.4,30.4,-8.7,0.0054628132,0.619220557,-0.124271371,0.775261696
1757,4396536,99720,0.957,-0.19,0.213,1.8,1.7,-0.2,-4.4,30.4,-8.7,0.0054628132,0.619220557,-0.124271371,0.775261696
1758,4398832,99720,0.961,-0.198,0.213,1.8,1.7,-0.2,-4.4,30.5,-9,0.00543229469,0.61915952,-0.124210334,0.775322733
1759,4400671,99730,0.961,-0.198,0.213,1.8,1.7,-0.2,-4.4,30.5,-9,0.00543229469,0.61915952,-0.124210334,0.775322733
1760,4403051,99730,0.961,-0.198,0.213,1.8,1.7,-0.2,-4.4,30.5,-9,0.00543229469,0.61915952,-0.124210334,0.775322733
1761,4407095,99730,0.961,-0.198,0.213,1.8,1.7,-0.2,-4.4,30.5,-9,0.00543229469,0.61915952,-0.124210334,0.775322733
1762,4409369,99730,0.957,-0.194,0.213,2.4,1.9,-0.5,-4.1,30.5,-9.1,0.00537125767,0.619037446,-0.124027223,0.775475326
1763,4411576,99740,0.957,-0.194,0.213,2.4,1.9,-0.5,-4.1,30.5,-9.1,0.00537125767,0.619037446,-0.124027223,0.775475326
1764,4413713,99740,0.957,-0.194,0.213,2.4,1.9,-0.5,-4.1,30.5,-9.1,0.00537125767,0.619037446,-0.124027223,0.775475326
1765,4417529,99740,0.957,-0.194,0.213,2.4,1.9,-0.5,-4.1,30.5,-9.1,0.00537125767,0.619037446,-0.124027223,0.775475326
1766,4417895,99740,0.961,-0.194,0.217,2.9,1.4,-0.7,-4.7,30.3,-9,0.00518814661,0.618854335,-0.123905148,0.775627918
1767,4420548,99750,0.961,-0.194,0.217,2.9,1.4,-0.7,-4.7,30.3,-9,0.00518814661,0.618854335,-0.123905148,0.775627918
1768,4423216,99750,0.961,-0.194,0.217,2.9,1.4,-0.7,-4.7,30.3,-9,0.00518814661,0.618854335,-0.123905148,0.775627918
1769,4425420,99750,0.961,-0.194,0.217,2.9,1.4,-0.7,-4.7,30.3,-9,0.00518814661,0.618854335,-0.123905148,0.775627918
1770,4429422,99750,0.961,-0.194,0.217,2.9,1.4,-0.7,-4.7,30.3,-9,0.00518814661,0.618854335,-0.123905148,0.775627918
1771,4431697,99760,0.957,-0.194,0.213,3.5,1.2,-0.8,-3.9,30.6,-8.8,0.00506607257,0.61876278,-0.123569445,0.775749992
1772,4433962,99760,0.957,-0.194,0.213,3.5,1.2,-0.8,-3.9,30.6,-8.8,0.00506607257,0.61876278,-0.123569445,0.775749992
1773,4436304,99760,0.957,-0.194,0.213,3.5,1.2,-0.8,-3.9,30.6,-8.8,0.00506607257,0.61876278,-0.123569445,0.775749992
1774,4438654,99760,0.957,-0.194,0.213,3.5,1.2,-0.8,-3.9,30.6,-8.8,0.00506607257,0.61876278,-0.123569445,0.775749992
1775,4440467,99770,0.957,-0.194,0.213,3.5,1.2,-0.8,-3.9,30.6,-8.8,0.00506607257,0.61876278,-0.123569445,0.775749992
1776,4442596,99770,0.957,-0.194,0.213,3.5,1.2,-0.8,-3.9,30.6,-8.8,0.00506607257,0.61876278,-0.123569445,0.775749992
1777,4445222,99770,0.957,-0.194,0.213,3.5,1.2,-0.8,-3.9,30.6,-8.8,0.00506607257,0.61876278,-0.123569445,0.775749992
1778,4449633,99770,0.957,-0.194,0.213,3.5,1.2,-0.8,-3.9,30.6,-8.8,0.00506607257,0.61876278,-0.123569445,0.775749992
1779,4451884,99780,0.953,-0.186,0.213,4.4,0.5,-0.5,-4.1,30.6,-8.8,0.00473036897,0.618640706,-0.122959075,0.775933103
1780,4454574,99780,0.953,-0.186,0.213,4.4,0.5,-0.5,-4.1,30.6,-8.8,0.00473036897,0.618640706,-0.122959075,0.775933103
1781,4456439,99780,0.953,-0.186,0.213,4.4,0.5,-0.5,-4.1,30.6,-8.8,0.00473036897,0.618640706,-0.122959075,0.775933103
1782,4458397,99780,0.949,-0.182,0.213,4.7,0.5,-0.1,-4,30.2,-8.5,0.00454725791,0.618640706,-0.122714927,0.77599414
1783,4460668,99790,0.949,-0.174,0.213,4.8,0.3,-0.1,-4,30.2,-8.5,0.00448622089,0.618610187,-0.12265389,0.776024659
1784,4463777,99790,0.949,-0.174,0.213,4.8,0.3,-0.1,-4,30.2,-8.5,0.00448622089,0.618610187,-0.12265389,0.776024659
1785,4465570,99790,0.949,-0.174,0.209,5.1,0.2,-0.2,-5.3,30.3,-8.8,0.00436414686,0.61854915,-0.122470779,0.776085696
1786,4467853,99790,0.949,-0.174,0.209,5.1,0.2,-0.2,-5.3,30.3,-8.8,0.00436414686,0.61854915,-0.122470779,0.776085696
1787,4470366,99800,0.949,-0.174,0.209,5.1,0.2,-0.2,-5.3,30.3,-8.8,0.00436414686,0.61854915,-0.122470779,0.776085696
1788,4472697,99800,0.949,-0.174,0.209,5.1,0.2,-0.2,-5.3,30.3,-8.8,0.00436414686,0.61854915,-0.122470779,0.776085696
1789,4477357,99800,0.949,-0.174,0.209,5.1,0.2,-0.2,-5.3,30.3,-8.8,0.00436414686,0.61854915,-0.122470779,0.776085696
1790,4477715,99800,0.946,-0.174,0.213,4.9,0.5,0.3,-3.3,30.3,-8.9,0.00399792474,0.618518632,-0.122043519,0.776177252
1791,4480420,99810,0.946,-0.174,0.213,4.9,0.5,0.3,-3.3,30.3,-8.9,0.00399792474,0.618518632,-0.122043519,0.776177252
1792,4482781,99810,0.938,-0.178,0.206,4.8,0.5,0.3,-3.3,30.3,-8.9,0.0038758507,0.618518632,-0.121890927,0.776238289
1793,4487078,99810,0.946,-0.178,0.213,4.8,0.6,0.3,-3.4,30,-8.9,0.00381481368,0.618488113,-0.121799371,0.776238289
1794,4489367,99810,0.946,-0.178,0.213,4.8,0.6,0.4,-3.4,30,-8.9,0.00372325816,0.618488113,-0.121738334,0.776268807
1795,4491668,99820,0.942,-0.182,0.21,4.8,0.8,0.4,-3.4,30,-8.9,0.00366222114,0.618457595,-0.121646779,0.776299326
1796,4493659,99820,0.946,-0.182,0.21,4.8,0.9,0.6,-3.4,30,-8.9,0.00357066561,0.618457595,-0.121585742,0.776329844
1797,4495643,99820,0.942,-0.178,0.202,4.7,1,0.6,-3.8,30.3,-8.7,0.00350962859,0.618427076,-0.121494186,0.776360363
1798,4497874,99820,0.942,-0.178,0.202,4.7,1,0.6,-3.8,30.3,-8.7,0.00350962859,0.618427076,-0.121494186,0.776360363
1799,4500188,99830,0.942,-0.178,0.202,4.7,1,0.6,-3.8,30.3,-8.7,0.00350962859,0.618427076,-0.121494186,0.776360363
1800,4502820,99830,0.942,-0.178,0.202,4.7,1,0.6,-3.8,30.3,-8.7,0.00350962859,0.618427076,-0.121494186,0.776360363
1801,4506672,99830,0.942,-0.178,0.202,4.7,1,0.6,-3.8,30.3,-8.7,0.00350962859,0.618427076,-0.121494186,0.776360363
1802,4508968,99830,0.942,-0.185,0.214,4.5,0.5,0.5,-3.2,29.9,-8.8,0.00317392499,0.61833552,-0.121158483,0.776482437
1803,4511271,99840,0.942,-0.185,0.214,4.5,0.5,0.5,-3.2,29.9,-8.8,0.00317392499,0.61833552,-0.121158483,0.776482437
1804,4513134,99840,0.942,-0.185,0.214,4.5,0.5,0.5,-3.2,29.9,-8.8,0.00317392499,0.61833552,-0.121158483,0.776482437
1805,4515498,99840,0.942,-0.185,0.214,4.5,0.5,0.5,-3.2,29.9,-8.8,0.00317392499,0.61833552,-0.121158483,0.776482437
1806,4517607,99840,0.942,-0.185,0.214,4.5,0.5,0.5,-3.2,29.9,-8.8,0.00317392499,0.61833552,-0.121158483,0.776482437
1807,4520188,99850,0.942,-0.185,0.214,4.5,0.5,0.5,-3.2,29.9,-8.8,0.00317392499,0.61833552,-0.121158483,0.776482437
1808,4522625,99850,0.942,-0.185,0.214,4.5,0.5,0.5,-3.2,29.9,-8.8,0.00317392499,0.61833552,-0.121158483,0.776482437
1809,4526898,99850,0.942,-0.185,0.214,4.5,0.5,0.5,-3.2,29.9,-8.8,0.00317392499,0.61833552,-0.121158483,0.776482437
1810,4529242,99850,0.953,-0.186,0.217,4.1,-0.5,0.8,-3.7,30.5,-9,0.0025635548,0.618243965,-0.120700705,0.776635029
1811,4531606,99860,0.953,-0.186,0.217,4.1,-0.5,0.8,-3.7,30.5,-9,0.0025635548,0.618243965,-0.120700705,0.776635029
1812,4533717,99860,0.953,-0.186,0.217,4.1,-0.5,0.8,-3.7,30.5,-9,0.0025635548,0.618243965,-0.120700705,0.776635029
1813,4535739,99860,0.953,-0.186,0.217,4.1,-0.5,0.8,-3.7,30.5,-9,0.0025635548,0.618243965,-0.120700705,0.776635029
1814,4539068,99860,0.953,-0.186,0.217,4.1,-0.5,0.8,-3.7,30.5,-9,0.0025635548,0.618243965,-0.120700705,0.776635029
1815,4541309,99870,0.953,-0.186,0.217,4.1,-0.5,0.8,-3.7,30.5,-9,0.0025635548,0.618243965,-0.120700705,0.776635029
1816,4544903,99870,0.953,-0.186,0.217,4.1,-0.5,0.8,-3.7,30.5,-9,0.0025635548,0.618243965,-0.120700705,0.776635029
1817,4545365,99870,0.957,-0.178,0.217,5.6,-1.5,0.8,-3.8,30.4,-8.7,0.00195318461,0.618366039,-0.120212409,0.776604511
1818,4547985,99870,0.957,-0.178,0.217,5.6,-1.5,0.8,-3.8,30.4,-8.7,0.00195318461,0.618366039,-0.120212409,0.776604511
1819,4550722,99880,0.957,-0.178,0.217,5.6,-1.5,0.8,-3.8,30.4,-8.7,0.00195318461,0.618366039,-0.120212409,0.776604511
1820,4553634,99880,0.957,-0.178,0.217,5.6,-1.5,0.8,-3.8,30.4,-8.7,0.00195318461,0.618366039,-0.120212409,0.776604511
1821,4556065,99880,0.957,-0.178,0.217,5.6,-1.5,0.8,-3.8,30.4,-8.7,0.00195318461,0.618366039,-0.120212409,0.776604511
1822,4558163,99880,0.957,-0.178,0.217,5.6,-1.5,0.8,-3.8,30.4,-8.7,0.00195318461,0.618366039,-0.120212409,0.776604511
1823,4560677,99890,0.957,-0.178,0.217,5.6,-1.5,0.8,-3.8,30.4,-8.7,0.00195318461,0.618366039,-0.120212409,0.776604511
1824,4564470,99890,0.957,-0.178,0.217,5.6,-1.5,0.8,-3.8,30.4,-8.7,0.00195318461,0.618366039,-0.120212409,0.776604511
1825,4566734,99890,0.942,-0.174,0.221,6.5,-1.8,1.1,-4.4,30.4,-9.2,0.00112918485,0.618457595,-0.119418928,0.776665548
1826,4568898,99890,0.942,-0.174,0.221,6.5,-1.8,1.1,-4.4,30.4,-9.2,0.00112918485,0.618457595,-0.119418928,0.776665548
1827,4571202,99900,0.942,-0.174,0.225,6.6,-1.9,1.1,-4.4,30.4,-9.2,0.000915555284,0.618518632,-0.119235817,0.776665548
1828,4573220,99900,0.942,-0.174,0.225,6.6,-1.9,1.1,-4.4,30.4,-9.2,0.000915555284,0.618518632,-0.119235817,0.776665548
1829,4577197,99900,0.942,-0.174,0.225,6.6,-1.9,1.1,-4.4,30.4,-9.2,0.000915555284,0.618518632,-0.119235817,0.776665548
1830,4579415,99900,0.934,-0.166,0.221,6.4,-2.2,1.2,-4.1,30.2,-9.1,0.00057985168,0.618610187,-0.11896115,0.776604511
1831,4581668,99910,0.934,-0.166,0.221,6.4,-2.2,1.2,-4.1,30.2,-9.1,0.00057985168,0.618610187,-0.11896115,0.776604511
1832,4583953,99910,0.938,-0.166,0.221,6.6,-2.4,1.2,-4.1,30.2,-9.1,0.000335703604,0.618671224,-0.11874752,0.776573992
1833,4586181,99910,0.938,-0.166,0.221,6.6,-2.4,1.2,-4.1,30.2,-9.1,0.000335703604,0.618671224,-0.11874752,0.776573992
1834,4588607,99910,0.93,-0.174,0.222,6.6,-2.3,1.1,-4.2,30,-8.7,9.15555284e-05,0.61876278,-0.118564409,0.776543474
1835,4590604,99920,0.93,-0.174,0.222,6.6,-2.3,1.1,-4.2,30,-8.7,9.15555284e-05,0.61876278,-0.118564409,0.776543474
1836,4592845,99920,0.93,-0.174,0.222,6.6,-2.3,1.1,-4.2,30,-8.7,9.15555284e-05,0.61876278,-0.118564409,0.776543474
1837,4595825,99920,0.93,-0.174,0.222,6.6,-2.3,1.1,-4.2,30,-8.7,9.15555284e-05,0.61876278,-0.118564409,0.776543474
1838,4598328,99920,0.934,-0.174,0.218,6.6,-2,1.2,-3.9,30,-8.6,0.000335703604,-0.618884854,0.118198187,-0.776512955
1839,4600272,99930,0.934,-0.174,0.218,6.6,-2,1.2,-3.9,30,-8.6,0.000335703604,-0.618884854,0.118198187,-0.776512955
1840,4602890,99930,0.934,-0.174,0.218,6.6,-2,1.2,-3.9,30,-8.6,0.000335703604,-0.618884854,0.118198187,-0.776512955
1841,4606839,99930,0.934,-0.181,0.218,6.8,-2,1.4,-4.4,29.9,-8.5,0.000701925718,-0.618976409,0.117893002,-0.776482437
1842,4609004,99930,0.938,-0.185,0.218,6.9,-2.3,1.4,-4.4,29.9,-8.5,0.000823999756,-0.619006928,0.117770928,-0.776451918
1843,4611268,99940,0.938,-0.185,0.218,6.9,-2.3,1.4,-4.4,29.9,-8.5,0.000823999756,-0.619006928,0.117770928,-0.776451918
1844,4613237,99940,0.938,-0.185,0.218,6.9,-2.3,1.4,-4.4,29.9,-8.5,0.000823999756,-0.619006928,0.117770928,-0.776451918
1845,4615782,99940,0.938,-0.185,0.218,6.9,-2.3,1.4,-4.4,29.9,-8.5,0.000823999756,-0.619006928,0.117770928,-0.776451918
1846,4619548,99940,0.938,-0.185,0.218,6.9,-2.3,1.4,-4.4,29.9,-8.5,0.000823999756,-0.619006928,0.117770928,-0.776451918
1847,4621741,99950,0.949,-0.193,0.221,6.7,-3,1.8,-4.2,30.4,-10.2,0.00149540696,-0.619129002,0.117374187,-0.776451918
1848,4624084,99950,0.949,-0.193,0.221,6.7,-3,1.8,-4.2,30.4,-10.2,0.00149540696,-0.619129002,0.117374187,-0.776451918
1849,4626160,99950,0.961,-0.194,0.221,6.9,-3.4,1.9,-4.4,30.4,-8.5,0.00177007355,-0.619220557,0.117191076,-0.776390881
1850,4628215,99950,0.961,-0.194,0.221,6.9,-3.4,1.9,-4.4,30.4,-8.5,0.00177007355,-0.619220557,0.117191076,-0.776390881
1851,4630311,99960,0.961,-0.194,0.221,6.9,-3.4,1.9,-4.4,30.4,-8.5,0.00177007355,-0.619220557,0.117191076,-0.776390881
1852,4634680,99960,0.961,-0.194,0.221,6.9,-3.4,1.9,-4.4,30.4,-8.5,0.00177007355,-0.619220557,0.117191076,-0.776390881
1853,4636900,99960,0.961,-0.198,0.217,7.2,-3.6,2.4,-4.1,30.7,-8.4,0.00234992523,-0.619434187,0.116855373,-0.776268807
1854,4638894,99960,0.961,-0.198,0.217,7.2,-3.6,2.4,-4.1,30.7,-8.4,0.00234992523,-0.619434187,0.116855373,-0.776268807
1855,4641333,99970,0.965,-0.198,0.213,7.4,-3.6,2.4,-4.1,30.7,-8.4,0.00265511032,-0.619556261,0.116672262,-0.77620777
1856,4644913,99970,0.973,-0.202,0.209,7.5,-3.7,2.3,-4.1,30.7,-8.4,0.00280770287,-0.619617298,0.116580706,-0.776177252
1857,4645284,99970,0.969,-0.202,0.221,7.6,-3.9,2.2,-4.3,30.4,-7.8,0.00296029542,-0.619647816,0.116458632,-0.776146733
1858,4649380,99970,0.969,-0.202,0.221,7.6,-3.9,2.2,-4.3,30.4,-7.8,0.00296029542,-0.619647816,0.116458632,-0.776146733
1859,4651653,99980,0.965,-0.205,0.209,8,-3.9,2.1,-4.3,30.4,-7.8,0.00326548051,-0.61976989,0.116245003,-0.776085696
1860,4653942,99980,0.973,-0.213,0.213,8.1,-3.9,2.1,-4.3,30.4,-7.8,0.00341807306,-0.619830927,0.116153447,-0.776055177
1861,4656115,99980,0.965,-0.209,0.213,8.2,-3.9,2,-3.8,30.1,-7.9,0.00357066561,-0.619891964,0.116031373,-0.776024659
1862,4658041,99980,0.965,-0.209,0.213,8.2,-3.9,2,-3.8,30.1,-7.9,0.00357066561,-0.619891964,0.116031373,-0.776024659
1863,4660262,99990,0.965,-0.209,0.213,8.2,-3.9,2,-3.8,30.1,-7.9,0.00357066561,-0.619891964,0.116031373,-0.776024659
1864,4664427,99990,0.965,-0.209,0.213,8.2,-3.9,2,-3.8,30.1,-7.9,0.00357066561,-0.619891964,0.116031373,-0.776024659
1865,4666664,99990,0.965,-0.209,0.213,8.2,-3.9,2,-3.8,30.1,-7.9,0.00357066561,-0.619891964,0.116031373,-0.776024659
1866,4668821,99990,0.965,-0.209,0.213,8.2,-3.9,2,-3.8,30.1,-7.9,0.00357066561,-0.619891964,0.116031373,-0.776024659
1867,4671185,100000,0.965,-0.209,0.213,8.2,-3.9,2,-3.8,30.1,-7.9,0.00357066561,-0.619891964,0.116031373,-0.776024659
1868,4673091,100000,0.965,-0.209,0.213,8.2,-3.9,2,-3.8,30.1,-7.9,0.00357066561,-0.619891964,0.116031373,-0.776024659
1869,4675294,100000,0.965,-0.209,0.213,8.2,-3.9,2,-3.8,30.1,-7.9,0.00357066561,-0.619891964,0.116031373,-0.776024659
1870,4677874,100000,0.965,-0.217,0.213,8.8,-3.4,0.7,-4.1,30,-9.1,0.00500503555,-0.620410779,0.115024262,-0.775749992
1871,4682359,100010,0.965,-0.213,0.213,9,-3.4,0.6,-4.1,30,-9.1,0.0051576281,-0.620471816,0.114841151,-0.775719474
1872,4682746,100010,0.961,-0.217,0.209,9.2,-3.4,0.4,-4.1,30,-9.1,0.00531022065,-0.620532853,0.114719077,-0.775719474
1873,4685402,100010,0.961,-0.217,0.209,9.2,-3.4,0.4,-4.1,30,-9.1,0.00531022065,-0.620532853,0.114719077,-0.775719474
1874,4688145,100010,0.965,-0.209,0.209,9.7,-3.3,0.2,-3.8,30.2,-9.6,0.00558488723,-0.620624409,0.114413892,-0.775658437
1875,4690312,100020,0.961,-0.213,0.205,10,-3.1,0.2,-3.8,30.2,-9.6,0.00573747978,-0.620685446,0.114261299,-0.775658437
1876,4693971,100020,0.957,-0.213,0.205,10.1,-3,0.2,-3.8,30.2,-9.6,0.00589007233,-0.620715964,0.114078188,-0.775627918
1877,4696687,100020,0.961,-0.213,0.205,10.3,-2.9,0.2,-3.7,30.2,-10.2,0.00604266488,-0.620777001,0.113864559,-0.775627918
1878,4698472,100020,0.961,-0.213,0.205,10.3,-2.9,0.2,-3.7,30.2,-10.2,0.00604266488,-0.620777001,0.113864559,-0.775627918
1879,4700995,100030,0.957,-0.213,0.205,10.5,-2.9,0,-3.7,30.2,-10.2,0.00634784997,-0.620868557,0.113559374,-0.7755974
1880,4703071,100030,0.957,-0.213,0.205,10.5,-2.9,0,-3.7,30.2,-10.2,0.00634784997,-0.620868557,0.113559374,-0.7755974
1881,4706239,100030,0.957,-0.213,0.205,10.5,-2.9,0,-3.7,30.2,-10.2,0.00634784997,-0.620868557,0.113559374,-0.7755974
1882,4708649,100030,0.957,-0.213,0.205,10.5,-2.9,0,-3.7,30.2,-10.2,0.00634784997,-0.620868557,0.113559374,-0.7755974
1883,4712276,100040,0.969,-0.202,0.201,11.5,-3.3,-0.1,-4.1,30.5,-10.5,0.00695822016,-0.621082186,0.112796411,-0.775536363
1884,4712647,100040,0.965,-0.205,0.201,11.7,-3.4,-0.3,-4.1,30.5,-10.5,0.00714133122,-0.621143223,0.112582781,-0.775505844
1885,4715315,100040,0.965,-0.205,0.201,11.7,-3.4,-0.3,-4.1,30.5,-10.5,0.00714133122,-0.621143223,0.112582781,-0.775505844
1886,4719783,100040,0.965,-0.205,0.201,11.7,-3.4,-0.3,-4.1,30.5,-10.5,0.00714133122,-0.621143223,0.112582781,-0.775505844
1887,4722163,100050,0.977,-0.194,0.205,13.2,-3.5,-0.4,-4.2,30.2,-9.7,0.00784325694,-0.621295816,0.112155522,-0.775444807
1888,4724228,100050,0.977,-0.194,0.205,13.2,-3.5,-0.4,-4.2,30.2,-9.7,0.00784325694,-0.621295816,0.112155522,-0.775444807
1889,4726609,100050,0.977,-0.194,0.205,13.2,-3.5,-0.4,-4.2,30.2,-9.7,0.00784325694,-0.621295816,0.112155522,-0.775444807
1890,4728597,100050,0.977,-0.194,0.205,13.2,-3.5,-0.4,-4.2,30.2,-9.7,0.00784325694,-0.621295816,0.112155522,-0.775444807
1891,4730990,100060,0.977,-0.194,0.205,13.2,-3.5,-0.4,-4.2,30.2,-9.7,0.00784325694,-0.621295816,0.112155522,-0.775444807
1892,4733042,100060,0.977,-0.194,0.205,13.2,-3.5,-0.4,-4.2,30.2,-9.7,0.00784325694,-0.621295816,0.112155522,-0.775444807
1893,4736864,100060,0.973,-0.182,0.197,14.5,-3.7,0,-4.7,29.8,-9.6,0.0090334788,-0.621692557,0.110660115,-0.775322733
1894,4739117,100060,0.977,-0.174,0.201,14.5,-3.5,0.1,-4.7,29.8,-9.6,0.00924710837,-0.621753594,0.110415967,-0.775322733
1895,4741383,100070,0.977,-0.174,0.201,14.5,-3.5,0.1,-4.7,29.8,-9.6,0.00924710837,-0.621753594,0.110415967,-0.775322733
1896,4743761,100070,0.977,-0.174,0.197,14.6,-3.2,0.2,-4.7,29.8,-9.6,0.0096743675,-0.621845149,0.109927671,-0.775292215
1897,4745930,100070,0.977,-0.174,0.193,14.8,-2.9,0.1,-4.5,30,-9.8,0.00988799707,-0.621906186,0.109683523,-0.775292215
1898,4749658,100070,0.977,-0.174,0.193,14.8,-2.9,0.1,-4.5,30,-9.8,0.00988799707,-0.621906186,0.109683523,-0.775292215
1899,4751869,100080,0.984,-0.179,0.189,15.3,-2.1,-0.2,-4.5,30,-9.8,0.0103152562,-0.621967223,0.109164708,-0.775292215
1900,4754169,100080,0.984,-0.179,0.189,15.3,-2.1,-0.2,-4.5,30,-9.8,0.0103152562,-0.621967223,0.109164708,-0.775292215
1901,4756402,100080,0.984,-0.179,0.189,15.3,-2.1,-0.2,-4.5,30,-9.8,0.0103152562,-0.621967223,0.109164708,-0.775292215
1902,4758605,100080,0.981,-0.182,0.193,15.1,-1.1,-0.6,-4.7,30.2,-10,0.0108951079,-0.62202826,0.108371227,-0.775353252
1903,4760343,100090,0.981,-0.182,0.193,15.1,-1.1,-0.6,-4.7,30.2,-10,0.0108951079,-0.62202826,0.108371227,-0.775353252
1904,4762827,100090,0.984,-0.19,0.193,14.5,-0.5,-1.1,-4.7,30.2,-10,0.0112918485,-0.622058779,0.107852412,-0.77538377
1905,4766216,100090,0.981,-0.194,0.193,14,-0.3,-1.2,-4.2,30,-9.1,0.0114749596,-0.622211371,0.107638783,-0.775322733
1906,4769309,100090,0.977,-0.198,0.189,13.4,-0.3,-1.4,-4.2,30,-9.1,0.0116275521,-0.622211371,0.107394635,-0.775353252
1907,4770203,100100,0.981,-0.206,0.193,12.7,-0.3,-1.6,-4.2,30,-9.1,0.0117801447,-0.622211371,0.107150487,-0.775353252
1908,4774947,100100,0.981,-0.206,0.193,12.7,-0.3,-1.6,-4.2,30,-9.1,0.0117801447,-0.622211371,0.107150487,-0.775353252
1909,4775664,100100,0.984,-0.21,0.193,11.7,-0.3,-2.1,-4.3,29.7,-10.7,0.0120242927,-0.622211371,0.106692709,-0.775414289
1910,4778610,100100,0.984,-0.21,0.193,11.7,-0.3,-2.1,-4.3,29.7,-10.7,0.0120242927,-0.622211371,0.106692709,-0.775414289
1911,4780992,100110,0.984,-0.21,0.193,11.7,-0.3,-2.1,-4.3,29.7,-10.7,0.0120242927,-0.622211371,0.106692709,-0.775414289
1912,4783871,100110,0.984,-0.21,0.193,11.7,-0.3,-2.1,-4.3,29.7,-10.7,0.0120242927,-0.622211371,0.106692709,-0.775414289
1913,4786427,100110,0.984,-0.214,0.201,11,0,-2.3,-4.2,29.5,-10.8,0.0124820704,-0.62224189,0.105807672,-0.775505844
1914,4789228,100110,0.984,-0.214,0.201,11,0,-2.3,-4.2,29.5,-10.8,0.0124820704,-0.62224189,0.105807672,-0.775505844
1915,4791558,100120,0.984,-0.214,0.201,11,0,-2.3,-4.2,29.5,-10.8,0.0124820704,-0.62224189,0.105807672,-0.775505844
1916,4794674,100120,0.984,-0.214,0.197,11.4,-0.6,-2.5,-4.2,29.5,-10.8,0.012817774,-0.622272408,0.105136265,-0.775566881
1917,4795144,100120,0.984,-0.214,0.197,11.4,-0.6,-2.5,-4.2,29.5,-10.8,0.012817774,-0.622272408,0.105136265,-0.775566881
1918,4799662,100120,0.984,-0.214,0.197,11.4,-0.6,-2.5,-4.2,29.5,-10.8,0.012817774,-0.622272408,0.105136265,-0.775566881
1919,4801972,100130,0.984,-0.214,0.197,11.4,-0.6,-2.5,-4.2,29.5,-10.8,0.012817774,-0.622272408,0.105136265,-0.775566881
1920,4803776,100130,0.988,-0.194,0.209,12.8,-1.1,-2.1,-3.9,29.2,-10.9,0.0133671072,-0.622363964,0.104190191,-0.775627918
1921,4806057,100130,0.992,-0.194,0.201,13.1,-0.9,-2.1,-4.3,29,-10.8,0.0135196997,-0.622363964,0.103915525,-0.775658437
1922,4808534,100130,0.992,-0.194,0.201,13.1,-0.9,-2.1,-4.3,29,-10.8,0.0135196997,-0.622363964,0.103915525,-0.775658437
1923,4810387,100140,0.988,-0.194,0.205,13.6,-0.6,-2,-4.3,29,-10.8,0.0137943663,-0.622394482,0.10339671,-0.775688955
1924,4813783,100140,0.988,-0.194,0.205,13.6,-0.6,-2,-4.3,29,-10.8,0.0137943663,-0.622394482,0.10339671,-0.775688955
1925,4816873,100140,0.988,-0.19,0.201,14.2,-0.7,-1.9,-4.3,30.9,-9.3,0.0142216254,-0.622455519,0.102999969,-0.775688955
1926,4819706,100140,0.988,-0.19,0.201,14.2,-0.7,-1.9,-4.3,30.9,-9.3,0.0142216254,-0.622455519,0.102999969,-0.775688955
1927,4822241,100150,0.985,-0.19,0.197,14.7,-0.2,-2,-4.3,30.9,-9.3,0.014557329,-0.622486038,0.102450636,-0.775749992
1928,4824970,100150,0.985,-0.19,0.197,14.7,-0.2,-2,-4.3,30.9,-9.3,0.014557329,-0.622486038,0.102450636,-0.775749992
1929,4825389,100150,0.988,-0.19,0.205,15.3,0.4,-2.2,-4.5,29.8,-11.2,0.0148930326,-0.622455519,0.101870785,-0.775811029
1930,4827977,100150,0.988,-0.19,0.205,15.3,0.4,-2.2,-4.5,29.8,-11.2,0.0148930326,-0.622455519,0.101870785,-0.775811029
1931,4830612,100160,0.988,-0.19,0.205,15.3,0.4,-2.2,-4.5,29.8,-11.2,0.0148930326,-0.622455519,0.101870785,-0.775811029
1932,4832978,100160,0.988,-0.19,0.205,15.3,0.4,-2.2,-4.5,29.8,-11.2,0.0148930326,-0.622455519,0.101870785,-0.775811029
1933,4835139,100160,0.988,-0.19,0.205,15.3,0.4,-2.2,-4.5,29.8,-11.2,0.0148930326,-0.622455519,0.101870785,-0.775811029
1934,4839318,100160,0.988,-0.19,0.205,15.3,0.4,-2.2,-4.5,29.8,-11.2,0.0148930326,-0.622455519,0.101870785,-0.775811029
1935,4841585,100170,0.969,-0.186,0.197,16.3,1.2,-2.2,-4.4,29.3,-11.4,0.0159611805,-0.622363964,0.100070193,-0.776116214
1936,4843952,100170,0.969,-0.19,0.193,16.3,1.3,-2.3,-4.4,29.3,-11.4,0.016113773,-0.622333445,0.0997650075,-0.776146733
1937,4846556,100170,0.973,-0.186,0.197,16.3,1.3,-2.4,-4.3,29.7,-11.3,0.0163274026,-0.622333445,0.0994598224,-0.77620777
1938,4849348,100170,0.973,-0.186,0.197,16.3,1.3,-2.4,-4.3,29.7,-11.3,0.0163274026,-0.622333445,0.0994598224,-0.77620777
1939,4851452,100180,0.969,-0.19,0.197,15.9,1.6,-2.4,-4.3,29.7,-11.3,0.0166631062,-0.622272408,0.0988494522,-0.776329844
1940,4853659,100180,0.969,-0.19,0.197,15.9,1.6,-2.4,-4.3,29.7,-11.3,0.0166631062,-0.622272408,0.0988494522,-0.776329844
1941,4855438,100180,0.969,-0.19,0.197,15.9,1.6,-2.4,-4.3,29.7,-11.3,0.0166631062,-0.622272408,0.0988494522,-0.776329844
1942,4859757,100180,0.969,-0.19,0.197,15.9,1.6,-2.4,-4.3,29.7,-11.3,0.0166631062,-0.622272408,0.0988494522,-0.776329844
1943,4860213,100190,0.973,-0.186,0.197,15.8,2.3,-2.3,-4.2,30.1,-11.5,0.0173345134,-0.622119816,0.0976592303,-0.776573992
1944,4864452,100190,0.973,-0.186,0.197,15.8,2.3,-2.3,-4.2,30.1,-11.5,0.0173345134,-0.622119816,0.0976592303,-0.776573992
1945,4866699,100190,0.973,-0.186,0.193,15.8,2.4,-2.4,-4.3,30.3,-10.7,0.0177617725,-0.622119816,0.0971404157,-0.776635029
1946,4869428,100190,0.973,-0.186,0.193,15.8,2.4,-2.4,-4.3,30.3,-10.7,0.0177617725,-0.622119816,0.0971404157,-0.776635029
1947,4871705,100200,0.973,-0.186,0.193,15.8,2.4,-2.4,-4.3,30.3,-10.7,0.0177617725,-0.622119816,0.0971404157,-0.776635029
1948,4873979,100200,0.977,-0.19,0.197,16,2.5,-2.2,-4.3,30.3,-10.7,0.0182805872,-0.621997742,0.0962553789,-0.77681814
1949,4876269,100200,0.981,-0.19,0.201,16.1,2.6,-2.1,-4.4,30.1,-10.6,0.0184331797,-0.621967223,0.0959501938,-0.776909696
1950,4878047,100200,0.981,-0.19,0.201,16.1,2.6,-2.1,-4.4,30.1,-10.6,0.0184331797,-0.621967223,0.0959501938,-0.776909696
1951,4880402,100210,0.981,-0.19,0.201,16.1,2.6,-2.1,-4.4,30.1,-10.6,0.0184331797,-0.621967223,0.0959501938,-0.776909696
1952,4882933,100210,0.981,-0.19,0.201,16.1,2.6,-2.1,-4.4,30.1,-10.6,0.0184331797,-0.621967223,0.0959501938,-0.776909696
1953,4886710,100210,0.981,-0.182,0.197,16.8,2.7,-2.1,-4.4,30.3,-10.3,0.019165624,-0.621753594,0.0946989349,-0.777184362
1954,4888587,100210,0.977,-0.182,0.201,17.1,2.6,-2,-4.4,30.3,-10.3,0.0193792535,-0.621692557,0.0943937498,-0.777275918
1955,4891116,100220,0.977,-0.182,0.201,17.1,2.6,-2,-4.4,30.3,-10.3,0.0193792535,-0.621692557,0.0943937498,-0.777275918
1956,4892913,100220,0.977,-0.182,0.201,17.1,2.6,-2,-4.4,30.3,-10.3,0.0193792535,-0.621692557,0.0943937498,-0.777275918
1957,4895184,100220,0.977,-0.182,0.201,17.1,2.6,-2,-4.4,30.3,-10.3,0.0193792535,-0.621692557,0.0943937498,-0.777275918
1958,4897965,100220,0.977,-0.182,0.201,17.1,2.6,-2,-4.4,30.3,-10.3,0.0193792535,-0.621692557,0.0943937498,-0.777275918
1959,4901539,100230,0.977,-0.182,0.201,17.1,2.6,-2,-4.4,30.3,-10.3,0.0193792535,-0.621692557,0.0943937498,-0.777275918
1960,4903732,100230,0.977,-0.182,0.201,17.1,2.6,-2,-4.4,30.3,-10.3,0.0193792535,-0.621692557,0.0943937498,-0.777275918
1961,4905641,100230,0.977,-0.182,0.201,17.1,2.6,-2,-4.4,30.3,-10.3,0.0193792535,-0.621692557,0.0943937498,-0.777275918
1962,4909763,100230,0.973,-0.182,0.205,18.2,2.6,-2,-4.8,29.9,-10.2,0.020966216,-0.621295816,0.0917386395,-0.77785577
1963,4910140,100240,0.969,-0.178,0.209,18.3,2.5,-2.1,-4.8,29.9,-10.2,0.0211798456,-0.621265297,0.0914029359,-0.777947325
1964,4914398,100240,0.969,-0.178,0.209,18.3,2.5,-2.1,-4.8,29.9,-10.2,0.0211798456,-0.621265297,0.0914029359,-0.777947325
1965,4916610,100240,0.969,-0.178,0.209,18.3,2.5,-2.1,-4.8,29.9,-10.2,0.0211798456,-0.621265297,0.0914029359,-0.777947325
1966,4918798,100240,0.969,-0.178,0.209,18.6,2.4,-2,-4.4,29.4,-10.9,0.0219122898,-0.621173742,0.0905178991,-0.778099918
1967,4922577,100250,0.969,-0.178,0.209,18.6,2.4,-2,-4.4,29.4,-10.9,0.0219122898,-0.621173742,0.0905178991,-0.778099918
1968,4922984,100250,0.965,-0.182,0.205,18.4,2.2,-2.1,-4.4,29.4,-10.9,0.0223395489,-0.621082186,0.0898464919,-0.778221992
1969,4925200,100250,0.965,-0.182,0.205,18.4,2.2,-2.1,-4.4,29.4,-10.9,0.0223395489,-0.621082186,0.0898464919,-0.778221992
1970,4927788,100250,0.965,-0.182,0.205,18.4,2.2,-2.1,-4.4,29.4,-10.9,0.0223395489,-0.621082186,0.0898464919,-0.778221992
1971,4931285,100260,0.965,-0.182,0.205,18.4,2.2,-2.1,-4.4,29.4,-10.9,0.0223395489,-0.621082186,0.0898464919,-0.778221992
1972,4933833,100260,0.957,-0.178,0.201,19.4,2.6,-2.5,-4.2,29.7,-11.1,0.0231940672,-0.620899075,0.088412122,-0.778527177
1973,4935645,100260,0.957,-0.178,0.201,19.4,2.6,-2.5,-4.2,29.7,-11.1,0.0231940672,-0.620899075,0.088412122,-0.778527177
1974,4937992,100260,0.957,-0.178,0.201,19.4,2.6,-2.5,-4.2,29.7,-11.1,0.0231940672,-0.620899075,0.088412122,-0.778527177
1975,4940680,100270,0.957,-0.178,0.201,19.4,2.6,-2.5,-4.2,29.7,-11.1,0.0231940672,-0.620899075,0.088412122,-0.778527177
1976,4944878,100270,0.946,-0.178,0.21,20.6,2.8,-2.6,-4.3,29.9,-11.3,0.0240485855,-0.620685446,0.086916715,-0.778832362
1977,4945245,100270,0.946,-0.178,0.21,20.9,2.7,-2.7,-4.6,30,-11.1,0.0242927335,-0.620624409,0.0865199744,-0.778923917
1978,4949452,100270,0.946,-0.178,0.21,20.9,2.7,-2.7,-4.6,30,-11.1,0.0242927335,-0.620624409,0.0865199744,-0.778923917
1979,4951575,100280,0.946,-0.174,0.213,21.3,2.6,-3,-4.6,30,-11.1,0.0247810297,-0.620532853,0.0857264931,-0.77907651
1980,4953613,100280,0.946,-0.174,0.213,21.3,2.6,-3,-4.6,30,-11.1,0.0247810297,-0.620532853,0.0857264931,-0.77907651
1981,4956119,100280,0.946,-0.174,0.213,21.7,2.7,-3.2,-5,29.6,-11.3,0.0252388073,-0.620410779,0.0849024934,-0.779229102
1982,4960050,100280,0.949,-0.17,0.209,21.8,2.8,-3.2,-5,29.6,-11.3,0.0254829554,-0.620380261,0.0844752342,-0.779290139
1983,4960475,100290,0.942,-0.174,0.21,22,2.8,-3.3,-5,29.6,-11.3,0.025696585,-0.620319224,0.0840784936,-0.779381695
1984,4962771,100290,0.942,-0.174,0.21,22,2.8,-3.3,-5,29.6,-11.3,0.025696585,-0.620319224,0.0840784936,-0.779381695
1985,4965345,100290,0.942,-0.174,0.21,22,2.8,-3.3,-5,29.6,-11.3,0.025696585,-0.620319224,0.0840784936,-0.779381695
1986,4969775,100290,0.942,-0.174,0.21,22,2.8,-3.3,-5,29.6,-11.3,0.025696585,-0.620319224,0.0840784936,-0.779381695
1987,4971933,100300,0.942,-0.162,0.21,21.8,2,-3.6,-3.8,28.5,-11.3,0.0267342143,-0.620136113,0.0824915311,-0.779656362
1988,4974227,100300,0.946,-0.162,0.209,21.8,1.9,-3.6,-3.8,28.5,-11.3,0.0269478439,-0.620105594,0.082064272,-0.779717399
1989,4976466,100300,0.938,-0.162,0.21,22,2,-3.5,-5.9,30,-11.4,0.0271919919,-0.620044557,0.0816370128,-0.779808954
1990,4978335,100300,0.938,-0.162,0.21,22,2,-3.5,-5.9,30,-11.4,0.0271919919,-0.620044557,0.0816370128,-0.779808954
1991,4981596,100310,0.938,-0.162,0.21,22,2,-3.5,-5.9,30,-11.4,0.0271919919,-0.620044557,0.0816370128,-0.779808954
1992,4983837,100310,0.938,-0.162,0.21,22,2,-3.5,-5.9,30,-11.4,0.0271919919,-0.620044557,0.0816370128,-0.779808954
1993,4985801,100310,0.938,-0.162,0.21,22,2,-3.5,-5.9,30,-11.4,0.0271919919,-0.620044557,0.0816370128,-0.779808954
1994,4987951,100310,0.938,-0.162,0.21,22,2,-3.5,-5.9,30,-11.4,0.0271919919,-0.620044557,0.0816370128,-0.779808954
1995,4992177,100320,0.957,-0.143,0.205,22.3,1.7,-3.3,-5.7,30,-11.4,0.0286568804,-0.619800409,0.0790734581,-0.780205695
1996,4994353,100320,0.965,-0.147,0.201,22.1,1.5,-3.3,-5.7,30,-11.4,0.02887051,-0.61976989,0.0786767174,-0.780266732
1997,4996793,100320,0.965,-0.147,0.201,22.1,1.5,-3.3,-5.7,30,-11.4,0.02887051,-0.61976989,0.0786767174,-0.780266732
1998,4998872,100320,0.965,-0.147,0.201,22.1,1.5,-3.3,-5.7,30,-11.4,0.02887051,-0.61976989,0.0786767174,-0.780266732
