sample_index,elapsed_us,device_time_ms,acc_x_g,acc_y_g,acc_z_g,gyro_x_dps,gyro_y_dps,gyro_z_dps,mag_x_ut,mag_y_ut,mag_z_ut,quat_w,quat_x,quat_y,quat_z
0,4659,1440370,0.968,0.311,0.156,9.5,-1.4,-2.9,-8.9,-36.6,3.9,0.647572253,-0.146671957,-0.629291665,-0.403820917
1,7205,1440370,0.964,0.319,0.16,9.9,-1.4,-2.2,-8.9,-36.6,3.9,0.647572253,-0.146488845,-0.629413739,-0.403729362
2,9351,1440380,0.964,0.323,0.164,10.5,-1.4,-1.5,-8.9,-36.6,3.9,0.647572253,-0.146336253,-0.629535813,-0.403576769
3,13721,1440380,0.964,0.327,0.164,11,-1.4,-0.9,-8.9,-36.6,3.9,0.647572253,-0.14618366,-0.629657888,-0.403454695
4,15767,1440380,0.964,0.327,0.16,11.5,-1.2,-0.5,-8.9,-36.6,3.9,0.647572253,-0.146031068,-0.629779962,-0.403302103
5,17382,1440380,0.968,0.331,0.16,11.8,-1.1,-0.2,-8.9,-36.6,3.9,0.647602771,-0.145878475,-0.629871517,-0.403118992
6,20594,1440390,0.968,0.335,0.164,12,-1,-0.1,-8.7,-36.6,4.2,0.64763329,-0.145695364,-0.63002411,-0.402966399
7,22748,1440390,0.971,0.331,0.168,12,-0.8,-0.2,-8.7,-36.6,4.2,0.647663808,-0.145542772,-0.630146184,-0.402783288
8,24939,1440390,0.971,0.335,0.16,12,-0.7,-0.3,-8.7,-36.6,4.2,0.647663808,-0.145359661,-0.630237739,-0.402630696
9,27294,1440390,0.971,0.339,0.164,11.9,-0.6,-0.3,-8.7,-36.6,4.2,0.647694327,-0.145207068,-0.630359813,-0.402478103
10,29464,1440400,0.971,0.339,0.164,11.9,-0.6,-0.3,-8.7,-36.6,4.2,0.647694327,-0.145207068,-0.630359813,-0.402478103
11,31781,1440400,0.975,0.331,0.16,11.6,-0.3,-0.3,-8.3,-36.5,4.1,0.647724845,-0.144871364,-0.630603961,-0.402172918
12,36364,1440400,0.983,0.327,0.164,11.3,-0.2,-0.4,-8.3,-36.5,4.1,0.647755364,-0.144688253,-0.630726035,-0.402020325
13,37919,1440400,0.983,0.327,0.156,11,-0.1,-0.3,-8.3,-36.5,4.1,0.647785882,-0.144535661,-0.630817591,-0.401867733
14,39579,1440410,0.983,0.331,0.156,10.7,0,-0.3,-8.8,-36.8,4.1,0.647816401,-0.144383068,-0.630909146,-0.40171514
15,42393,1440410,0.983,0.323,0.156,10.3,0.1,-0.2,-8.8,-36.8,4.1,0.647846919,-0.144230476,-0.631000702,-0.401593066
16,45523,1440410,0.987,0.323,0.156,9.8,0.2,-0.2,-8.8,-36.8,4.1,0.647877438,-0.144077883,-0.631092257,-0.401440474
17,46947,1440410,0.987,0.315,0.16,9.3,0.4,-0.4,-8.8,-36.8,4.1,0.647907956,-0.143955809,-0.631153294,-0.4013184
18,50743,1440420,0.983,0.319,0.16,8.7,0.8,-0.5,-9.1,-36.8,4.1,0.647968993,-0.143772698,-0.631214331,-0.401226844
19,52170,1440420,0.987,0.303,0.152,8.1,1.1,-0.5,-9.1,-36.8,4.1,0.647999512,-0.143681143,-0.631275369,-0.40110477
20,55498,1440420,0.991,0.307,0.152,7.4,1.4,-0.5,-9.1,-36.8,4.1,0.64803003,-0.143559069,-0.631336406,-0.401013215
21,57437,1440420,0.983,0.307,0.144,6.9,1.4,-0.4,-9.1,-36.8,4.1,0.648060549,-0.143436995,-0.631366924,-0.400952177
22,59634,1440430,0.983,0.3,0.144,6.3,1.5,-0.5,-8.7,-36.7,2.7,0.648091067,-0.14331492,-0.631397443,-0.400860622
23,61925,1440430,0.975,0.296,0.144,5.6,1.7,-0.5,-8.7,-36.7,2.7,0.648152104,-0.143223365,-0.631427961,-0.400799585
24,64442,1440430,0.979,0.296,0.14,4.9,2,-0.6,-8.7,-36.7,2.7,0.648182623,-0.143101291,-0.63145848,-0.400738548
25,66755,1440430,0.975,0.292,0.148,4.3,2.1,-0.6,-8.7,-36.7,2.7,0.648213141,-0.143009735,-0.63145848,-0.400708029
26,71132,1440440,0.972,0.292,0.144,3.8,2.4,-0.6,-8.7,-36.3,4.6,0.64824366,-0.142948698,-0.63145848,-0.400677511
27,73383,1440440,0.968,0.284,0.148,3.2,2.6,-0.6,-8.7,-36.3,4.6,0.648304697,-0.142857143,-0.63145848,-0.400646992
28,75473,1440440,0.968,0.292,0.14,2.8,2.7,-0.5,-8.7,-36.3,4.6,0.648335215,-0.142796106,-0.631427961,-0.400616474
29,76849,1440440,0.968,0.288,0.144,2.3,2.7,-0.3,-8.7,-36.3,4.6,0.648396252,-0.142735069,-0.631427961,-0.400585955
30,80249,1440450,0.968,0.288,0.144,2.3,2.7,-0.3,-8.7,-36.3,4.6,0.648396252,-0.142735069,-0.631427961,-0.400585955
31,81932,1440450,0.952,0.288,0.141,1.7,2.7,0,-8.7,-36.7,4.2,0.648487808,-0.14291818,-0.631427961,-0.400341807
32,84936,1440450,0.948,0.284,0.145,1.5,2.6,0,-8.7,-36.7,4.2,0.648548845,-0.142857143,-0.631397443,-0.400311289
33,87995,1440450,0.944,0.296,0.145,1.4,2.6,0,-8.7,-36.7,4.2,0.648579363,-0.142796106,-0.631397443,-0.400311289
34,89440,1440460,0.936,0.296,0.145,1.5,2.4,-0.1,-8.6,-36.3,4.1,0.648609882,-0.142765587,-0.631366924,-0.40028077
35,92420,1440460,0.936,0.296,0.149,1.9,2.4,-0.2,-8.6,-36.3,4.1,0.648670919,-0.14270455,-0.631336406,-0.40028077
36,95467,1440460,0.933,0.296,0.145,2.3,2.3,-0.3,-8.6,-36.3,4.1,0.648701437,-0.142674032,-0.631336406,-0.400250252
37,98383,1440460,0.925,0.308,0.149,2.7,2.3,-0.2,-8.6,-36.3,4.1,0.648731956,-0.142582476,-0.631336406,-0.400219733
38,99907,1440470,0.929,0.304,0.149,3.2,2.2,-0.1,-8.7,-36.3,3.8,0.648762474,-0.142521439,-0.631336406,-0.400189215
39,102200,1440470,0.929,0.308,0.149,3.9,2.2,-0.1,-8.7,-36.3,3.8,0.648823511,-0.142460402,-0.631336406,-0.400158696
40,104430,1440470,0.925,0.316,0.149,4.6,2.1,-0.1,-8.7,-36.3,3.8,0.64885403,-0.142368847,-0.631336406,-0.400097659
41,108114,1440470,0.925,0.316,0.153,5.3,2,-0.2,-8.7,-36.3,3.8,0.648884548,-0.142277291,-0.631366924,-0.400036622
42,109470,1440480,0.925,0.316,0.149,6,2,-0.4,-9,-36.7,3.4,0.648945585,-0.142155217,-0.631366924,-0.399975585
43,112739,1440480,0.925,0.32,0.145,6.6,2,-0.4,-9,-36.7,3.4,0.648976104,-0.142033143,-0.631397443,-0.39988403
44,115454,1440480,0.929,0.32,0.153,7.1,2,-0.4,-9,-36.7,3.4,0.649037141,-0.141911069,-0.63145848,-0.399792474
45,116832,1440480,0.925,0.324,0.145,7.6,2,-0.5,-9,-36.7,3.4,0.64906766,-0.141788995,-0.631488998,-0.399700919
46,121031,1440490,0.925,0.328,0.153,8.2,2.1,-0.6,-9.1,-36.3,4.6,0.649128697,-0.141636402,-0.631519517,-0.399609363
47,122653,1440490,0.925,0.332,0.149,8.6,2.3,-0.7,-9.1,-36.3,4.6,0.649189734,-0.14148381,-0.631580554,-0.399517808
48,125133,1440490,0.929,0.324,0.149,9,2.3,-0.9,-9.1,-36.3,4.6,0.649220252,-0.141331217,-0.631611072,-0.399395734
49,128606,1440490,0.932,0.327,0.157,9.2,2.2,-1.2,-9.1,-36.3,4.6,0.649281289,-0.141148106,-0.631672109,-0.399304178
50,131467,1440500,0.932,0.327,0.157,9.2,2.2,-1.2,-9.1,-36.3,4.6,0.649281289,-0.141148106,-0.631672109,-0.399304178
51,133314,1440500,0.936,0.324,0.153,9.3,2,-1.4,-8.6,-36.6,4.6,0.649311808,-0.140781884,-0.631824702,-0.399121067
52,134829,1440500,0.936,0.316,0.153,9.2,2,-1.3,-8.6,-36.6,4.6,0.649372845,-0.140629292,-0.631885739,-0.398998993
53,137907,1440500,0.94,0.316,0.153,9,2,-1.4,-8.6,-36.6,4.6,0.649403363,-0.140446181,-0.631946776,-0.398907437
54,139280,1440510,0.94,0.312,0.153,8.6,2,-1.3,-9,-36.5,4.3,0.6494644,-0.140293588,-0.632007813,-0.398815882
55,142196,1440510,0.94,0.304,0.157,8.1,2.1,-1.2,-9,-36.5,4.3,0.649494919,-0.140140996,-0.632038331,-0.398724326
56,145337,1440510,0.944,0.3,0.153,7.5,2,-1.1,-9,-36.5,4.3,0.649555956,-0.139988403,-0.63206885,-0.398632771
57,146891,1440510,0.944,0.308,0.157,6.9,1.7,-0.8,-9,-36.5,4.3,0.649586474,-0.139866329,-0.632129887,-0.398571734
58,149229,1440520,0.944,0.3,0.149,6.3,1.4,-0.6,-8.6,-36.3,4.5,0.649616993,-0.139774773,-0.632160405,-0.398480178
59,151990,1440520,0.944,0.296,0.149,5.6,1.3,-0.4,-8.6,-36.3,4.5,0.649647511,-0.139652699,-0.632190924,-0.398419141
60,156143,1440520,0.944,0.292,0.153,4.9,1.4,-0.1,-8.6,-36.3,4.5,0.64967803,-0.139591662,-0.632221442,-0.398358104
61,158213,1440520,0.944,0.296,0.149,4.2,1.4,0.1,-8.6,-36.3,4.5,0.649708548,-0.139500107,-0.632221442,-0.398297067
62,160606,1440530,0.944,0.292,0.153,3.7,1.4,0.5,-9,-36.6,3.9,0.649739067,-0.13943907,-0.632221442,-0.39823603
63,162816,1440530,0.94,0.292,0.149,3.1,1.3,0.6,-9,-36.6,3.9,0.649769585,-0.139408551,-0.632251961,-0.398205512
64,164946,1440530,0.944,0.288,0.149,2.7,1.1,0.8,-9,-36.6,3.9,0.649830622,-0.139378033,-0.632251961,-0.398144475
65,167089,1440530,0.94,0.288,0.153,2.4,1,0.9,-9,-36.6,3.9,0.649830622,-0.139347514,-0.632251961,-0.398113956
66,170034,1440540,0.94,0.288,0.153,2.1,0.8,1,-8.6,-36.5,4.5,0.649861141,-0.139316996,-0.632251961,-0.398052919
67,172380,1440540,0.94,0.292,0.145,2,0.8,0.9,-8.6,-36.5,4.5,0.649891659,-0.139286477,-0.632251961,-0.398022401
68,174609,1440540,0.94,0.288,0.153,1.9,0.8,0.9,-8.6,-36.5,4.5,0.649922178,-0.139255959,-0.632251961,-0.397991882
69,176830,1440540,0.936,0.288,0.145,2,0.8,0.8,-8.6,-36.5,4.5,0.649952696,-0.139255959,-0.632251961,-0.397961364
70,180785,1440550,0.936,0.288,0.145,2,0.8,0.8,-8.6,-36.5,4.5,0.649952696,-0.139255959,-0.632251961,-0.397961364
71,182932,1440550,0.929,0.284,0.149,2.5,0.8,0.6,-9,-36.4,3.8,0.65007477,-0.139561144,-0.632312998,-0.397534104
72,185000,1440550,0.925,0.292,0.153,2.9,0.6,0.3,-9,-36.4,3.8,0.650105289,-0.139530625,-0.632343516,-0.397503586
73,188276,1440550,0.932,0.288,0.153,3.2,0.3,0,-9,-36.4,3.8,0.650105289,-0.139469588,-0.632343516,-0.397442549
74,190753,1440560,0.944,0.292,0.153,3.6,0,-0.6,-8.9,-36.3,3.9,0.650105289,-0.139408551,-0.632404553,-0.39741203
75,192454,1440560,0.94,0.292,0.157,3.9,-0.2,-1.6,-8.9,-36.3,3.9,0.650105289,-0.139347514,-0.632435072,-0.397381512
76,194827,1440560,0.948,0.3,0.156,4.3,-0.3,-2.5,-8.9,-36.3,3.9,0.650105289,-0.13922544,-0.632496109,-0.397350993
77,197074,1440560,0.952,0.296,0.156,4.9,-0.3,-2.9,-8.9,-36.3,3.9,0.65007477,-0.139133885,-0.632526627,-0.397320475
78,201181,1440570,0.948,0.3,0.16,5.7,-0.2,-2.6,-8.7,-36.5,3.9,0.65007477,-0.139011811,-0.632587664,-0.397289956
79,203372,1440570,0.932,0.308,0.165,6.6,-0.2,-1.7,-8.7,-36.5,3.9,0.65007477,-0.138889737,-0.63267922,-0.397228919
80,205580,1440570,0.932,0.308,0.153,7.4,-0.1,-0.6,-8.7,-36.5,3.9,0.650105289,-0.138798181,-0.632740257,-0.397137364
81,207552,1440570,0.936,0.308,0.161,7.9,-0.2,0.3,-8.7,-36.5,3.9,0.650105289,-0.138676107,-0.632801294,-0.39701529
82,209900,1440580,0.936,0.312,0.157,8.2,-0.4,1,-8.7,-36.3,4.1,0.650135807,-0.138584552,-0.63289285,-0.396893216
83,212115,1440580,0.936,0.312,0.165,8.2,-0.6,1.2,-8.7,-36.3,4.1,0.650166326,-0.138492996,-0.632953887,-0.396740623
84,215298,1440580,0.936,0.312,0.161,8.2,-0.7,1,-8.7,-36.3,4.1,0.650196844,-0.13840144,-0.633045442,-0.396618549
85,217349,1440580,0.944,0.315,0.168,8.1,-0.6,0.8,-8.7,-36.3,4.1,0.650227363,-0.138279366,-0.633106479,-0.396496475
86,221194,1440590,0.94,0.315,0.165,8,-0.5,0.7,-9.3,-36.6,4.6,0.650227363,-0.138187811,-0.633198035,-0.396374401
87,223450,1440590,0.944,0.315,0.161,7.9,-0.3,0.6,-9.3,-36.6,4.6,0.650257881,-0.138096255,-0.633259072,-0.396252327
88,225716,1440590,0.94,0.312,0.165,8,-0.2,0.7,-9.3,-36.6,4.6,0.6502884,-0.1380047,-0.633320109,-0.396130253
89,227958,1440590,0.944,0.315,0.168,8.1,-0.2,0.8,-9.3,-36.6,4.6,0.650318918,-0.137882626,-0.633411664,-0.396008179
90,229364,1440600,0.944,0.315,0.168,8.1,-0.2,0.8,-9.3,-36.6,4.6,0.650318918,-0.137882626,-0.633411664,-0.396008179
91,232293,1440600,0.944,0.315,0.165,8.2,-0.1,0.9,-9.2,-36.3,4.9,0.650440992,-0.137760552,-0.63350322,-0.395702994
92,235472,1440600,0.952,0.315,0.168,8.1,-0.2,1.1,-9.2,-36.3,4.9,0.650471511,-0.137668996,-0.633564257,-0.39558092
93,237836,1440600,0.944,0.315,0.165,7.7,-0.2,1.4,-9.2,-36.3,4.9,0.650502029,-0.137577441,-0.633625294,-0.395458846
94,239869,1440610,0.956,0.319,0.16,7.4,-0.3,1.6,-9.4,-36.5,4.8,0.650532548,-0.137485885,-0.633686331,-0.395336772
95,242095,1440610,0.952,0.315,0.168,7.1,-0.4,1.6,-9.4,-36.5,4.8,0.650563066,-0.13739433,-0.633747368,-0.395214698
96,245021,1440610,0.952,0.315,0.16,7,-0.4,1.6,-9.4,-36.5,4.8,0.650593585,-0.137333293,-0.633777886,-0.395092624
97,247303,1440610,0.956,0.307,0.164,6.7,-0.4,1.6,-9.4,-36.5,4.8,0.650624104,-0.137272256,-0.633869442,-0.39497055
98,249568,1440620,0.952,0.307,0.164,6.4,-0.5,1.8,-9,-36.6,4.5,0.650654622,-0.137211219,-0.633930479,-0.394848476
99,252793,1440620,0.96,0.311,0.164,6.1,-0.5,2,-9,-36.6,4.5,0.650685141,-0.137150182,-0.633991516,-0.394726402
100,254814,1440620,0.952,0.311,0.16,5.7,-0.5,2.1,-9,-36.6,4.5,0.650715659,-0.137089145,-0.634052553,-0.394604328
101,257063,1440620,0.952,0.308,0.16,5.3,-0.6,2.4,-9,-36.6,4.5,0.650746178,-0.137058626,-0.634083071,-0.394512772
102,260358,1440630,0.956,0.311,0.16,4.9,-0.6,2.6,-9.1,-36.5,4.6,0.650776696,-0.137028108,-0.634144108,-0.394390698
103,262298,1440630,0.956,0.307,0.16,4.6,-0.6,2.9,-9.1,-36.5,4.6,0.650807215,-0.137028108,-0.634174627,-0.394299142
104,266202,1440630,0.956,0.308,0.153,4.5,-0.7,3.2,-9.1,-36.5,4.6,0.650837733,-0.136997589,-0.634205145,-0.394177068
105,268532,1440630,0.956,0.307,0.16,4.3,-0.8,3.4,-9.1,-36.5,4.6,0.650868252,-0.136997589,-0.634235664,-0.394054994
106,270766,1440640,0.948,0.311,0.161,4.3,-0.8,3.4,-9,-36.3,4.5,0.65089877,-0.136997589,-0.634296701,-0.393963439
107,273068,1440640,0.952,0.311,0.157,4.3,-0.7,3.2,-9,-36.3,4.5,0.650929289,-0.136936552,-0.634327219,-0.393841365
108,275065,1440640,0.952,0.311,0.157,4.4,-0.7,3.1,-9,-36.3,4.5,0.650959807,-0.136936552,-0.634357738,-0.393719291
109,277368,1440640,0.948,0.312,0.153,4.5,-0.7,3,-9,-36.3,4.5,0.650990326,-0.136936552,-0.634418775,-0.393627735
110,279569,1440650,0.948,0.312,0.153,4.5,-0.7,3,-9,-36.3,4.5,0.650990326,-0.136936552,-0.634418775,-0.393627735
111,282492,1440650,0.948,0.315,0.157,4.5,-0.6,3.2,-9.1,-36.3,5,0.6511124,-0.137058626,-0.634479812,-0.393292032
112,284849,1440650,0.952,0.319,0.157,4.5,-0.6,3.1,-9.1,-36.3,5,0.651142918,-0.137058626,-0.634510331,-0.393169958
113,287041,1440650,0.944,0.319,0.153,4.5,-0.5,3.1,-9.1,-36.3,5,0.651173437,-0.137028108,-0.634540849,-0.393047884
114,290046,1440660,0.944,0.316,0.157,4.5,-0.5,3,-8.5,-36,4.9,0.651203955,-0.137028108,-0.634571368,-0.392956328
115,292286,1440660,0.948,0.323,0.161,4.6,-0.6,3.1,-8.5,-36,4.9,0.651234474,-0.136997589,-0.634632405,-0.392864772
116,295488,1440660,0.948,0.323,0.161,4.6,-0.6,3.1,-8.5,-36,4.9,0.651264992,-0.136997589,-0.634662923,-0.392742698
117,297560,1440660,0.948,0.323,0.157,4.8,-0.4,3.1,-8.5,-36,4.9,0.651295511,-0.136936552,-0.634693442,-0.392620624
118,299835,1440670,0.948,0.323,0.157,4.8,-0.3,3,-8.6,-36.2,5,0.651326029,-0.136936552,-0.63472396,-0.392529069
119,302063,1440670,0.948,0.319,0.153,4.8,-0.2,2.8,-8.6,-36.2,5,0.651356548,-0.136906034,-0.634784997,-0.392406995
120,305241,1440670,0.952,0.323,0.153,4.8,-0.2,2.6,-8.6,-36.2,5,0.651387066,-0.136875515,-0.634815516,-0.392315439
121,308114,1440670,0.948,0.323,0.161,4.9,-0.2,2.5,-8.6,-36.2,5,0.651448103,-0.136844996,-0.634846034,-0.392193365
122,310471,1440680,0.952,0.331,0.149,4.9,-0.3,2.4,-9.1,-36.3,4.9,0.651478622,-0.136814478,-0.634876553,-0.39210181
123,312780,1440680,0.952,0.323,0.157,4.8,-0.4,2.3,-9.1,-36.3,4.9,0.651478622,-0.136783959,-0.63493759,-0.391979736
124,314772,1440680,0.952,0.323,0.153,4.6,-0.2,2.3,-9.1,-36.3,4.9,0.65150914,-0.136753441,-0.634968108,-0.39188818
125,317800,1440680,0.952,0.323,0.165,4.3,-0.1,2.3,-9.1,-36.3,4.9,0.651539659,-0.136722922,-0.634998627,-0.391796625
126,320755,1440690,0.952,0.319,0.153,4,0,2.1,-8.8,-36.5,4.4,0.651570177,-0.136692404,-0.635029145,-0.391705069
127,322165,1440690,0.956,0.315,0.157,3.7,0,1.9,-8.8,-36.5,4.4,0.651600696,-0.136661885,-0.635059664,-0.391644032
128,325297,1440690,0.96,0.315,0.156,3.5,0.1,1.7,-8.8,-36.5,4.4,0.651631214,-0.136631367,-0.635090182,-0.391552477
129,327117,1440690,0.956,0.311,0.156,3.2,0.2,1.6,-8.8,-36.5,4.4,0.651661733,-0.136631367,-0.635090182,-0.39149144
130,330354,1440700,0.956,0.311,0.156,3.2,0.2,1.6,-8.8,-36.5,4.4,0.651661733,-0.136631367,-0.635090182,-0.39149144
131,333402,1440700,0.956,0.308,0.153,2,0.5,1.6,-8.8,-36.7,4.4,0.651753288,-0.136722922,-0.635120701,-0.39127781
132,335863,1440700,0.956,0.308,0.153,2,0.5,1.6,-8.8,-36.7,4.4,0.651783807,-0.136722922,-0.635120701,-0.391247291
133,338238,1440700,0.956,0.308,0.149,1.6,0.5,1.6,-8.8,-36.7,4.4,0.651814325,-0.136692404,-0.635120701,-0.391186254
134,340510,1440710,0.96,0.307,0.156,1,0.3,1.7,-9,-36.2,4.3,0.651844844,-0.136722922,-0.635120701,-0.391155736
135,342581,1440710,0.96,0.304,0.152,1,0.3,1.7,-9,-36.2,4.3,0.651844844,-0.136722922,-0.635120701,-0.391094699
136,344810,1440710,0.96,0.304,0.152,0.7,0.1,1.7,-9,-36.2,4.3,0.651875362,-0.136722922,-0.635120701,-0.39106418
137,347121,1440710,0.956,0.308,0.149,0.5,0.3,1.5,-9,-36.2,4.3,0.651905881,-0.136753441,-0.635120701,-0.39106418
138,351170,1440720,0.956,0.3,0.148,0.1,0.7,1.3,-9.1,-36.7,4.9,0.651905881,-0.136753441,-0.635090182,-0.391033662
139,353468,1440720,0.956,0.296,0.152,0.1,0.8,1.2,-9.1,-36.7,4.9,0.651936399,-0.136753441,-0.635090182,-0.391003143
140,355694,1440720,0.956,0.3,0.152,0.1,0.8,1.3,-9.1,-36.7,4.9,0.651966918,-0.136753441,-0.635059664,-0.391003143
141,358158,1440720,0.96,0.304,0.148,0,0.8,1.5,-9.1,-36.7,4.9,0.651997436,-0.136783959,-0.635059664,-0.390972625
142,360039,1440730,0.952,0.296,0.149,0,0.8,1.5,-9.4,-36.3,4.7,0.652027955,-0.136783959,-0.635029145,-0.390942106
143,362269,1440730,0.952,0.304,0.145,0,0.8,1.8,-9.4,-36.3,4.7,0.652027955,-0.136814478,-0.635029145,-0.390942106
144,364624,1440730,0.948,0.308,0.149,0,0.8,1.9,-9.4,-36.3,4.7,0.652058473,-0.136844996,-0.634998627,-0.390911588
145,366828,1440730,0.956,0.304,0.149,0.1,0.7,2,-9.4,-36.3,4.7,0.652088992,-0.136844996,-0.634998627,-0.390881069
146,371530,1440740,0.948,0.312,0.149,0.4,0.8,2.2,-8.6,-36.7,4.7,0.65211951,-0.136875515,-0.634968108,-0.390850551
147,371912,1440740,0.952,0.316,0.149,0.6,0.8,2.2,-8.6,-36.7,4.7,0.652150029,-0.136875515,-0.634968108,-0.390789514
148,376070,1440740,0.948,0.316,0.145,0.9,0.9,2.2,-8.6,-36.7,4.7,0.652211066,-0.136906034,-0.63493759,-0.390758995
149,378310,1440740,0.944,0.312,0.149,1.1,0.9,2,-8.6,-36.7,4.7,0.652241585,-0.136906034,-0.63493759,-0.390728477
150,380847,1440750,0.944,0.312,0.149,1.1,0.9,2,-8.6,-36.7,4.7,0.652241585,-0.136906034,-0.63493759,-0.390728477
151,382989,1440750,0.948,0.323,0.145,1.4,0.9,1.8,-8.9,-36.3,4.8,0.652272103,-0.136997589,-0.634998627,-0.390514847
152,384950,1440750,0.948,0.32,0.149,1.5,0.9,1.8,-8.9,-36.3,4.8,0.652302622,-0.136997589,-0.634968108,-0.390484329
153,388268,1440750,0.948,0.319,0.153,1.7,0.9,1.7,-8.9,-36.3,4.8,0.65233314,-0.136936552,-0.634968108,-0.390423292
154,390411,1440760,0.944,0.324,0.145,1.8,0.8,1.9,-8.7,-36.4,4.6,0.652363659,-0.136936552,-0.634968108,-0.390392773
155,391955,1440760,0.948,0.323,0.145,1.8,0.6,2,-8.7,-36.4,4.6,0.652394177,-0.136936552,-0.634968108,-0.390331736
156,394646,1440760,0.952,0.327,0.153,1.7,0.6,2.1,-8.7,-36.4,4.6,0.652424696,-0.136936552,-0.634968108,-0.390270699
157,397728,1440760,0.944,0.319,0.153,1.6,0.6,2.1,-8.7,-36.4,4.6,0.652455214,-0.136936552,-0.634968108,-0.390240181
158,399369,1440770,0.948,0.327,0.153,1.5,0.6,2,-8.8,-36.3,4.8,0.652485733,-0.136936552,-0.634968108,-0.390179144
159,402083,1440770,0.952,0.327,0.153,1.4,0.6,1.9,-8.8,-36.3,4.8,0.652516251,-0.136936552,-0.634968108,-0.390148625
160,404491,1440770,0.944,0.323,0.149,1.3,0.5,1.7,-8.8,-36.3,4.8,0.65254677,-0.136936552,-0.634968108,-0.390087588
161,407358,1440770,0.948,0.319,0.153,1.2,0.5,1.5,-8.8,-36.3,4.8,0.652577288,-0.136936552,-0.634968108,-0.39005707
162,409751,1440780,0.948,0.316,0.149,1,0.6,1.4,-9.1,-36.4,4.5,0.652607807,-0.136936552,-0.634968108,-0.390026551
163,412864,1440780,0.952,0.316,0.149,0.7,0.6,1.3,-9.1,-36.4,4.5,0.652638325,-0.136936552,-0.634968108,-0.389996033
164,414348,1440780,0.948,0.312,0.149,0.3,0.7,1.2,-9.1,-36.4,4.5,0.652638325,-0.136936552,-0.63493759,-0.389965514
165,417247,1440780,0.952,0.308,0.153,0,0.8,1,-9.1,-36.4,4.5,0.652668844,-0.136997589,-0.63493759,-0.389965514
166,420228,1440790,0.948,0.308,0.149,-0.2,0.8,0.9,-8.9,-36.5,4.5,0.652699362,-0.136997589,-0.634907071,-0.389965514
167,421625,1440790,0.948,0.304,0.149,-0.5,0.8,0.9,-8.9,-36.5,4.5,0.652699362,-0.136997589,-0.634876553,-0.389965514
168,424697,1440790,0.952,0.304,0.145,-0.9,0.9,0.9,-8.9,-36.5,4.5,0.652729881,-0.137028108,-0.634876553,-0.389965514
169,427822,1440790,0.944,0.304,0.149,-1.2,0.9,1.1,-8.9,-36.5,4.5,0.652729881,-0.137058626,-0.634846034,-0.389965514
170,429272,1440800,0.944,0.304,0.149,-1.2,0.9,1.1,-8.9,-36.5,4.5,0.652729881,-0.137058626,-0.634846034,-0.389965514
171,433388,1440800,0.948,0.296,0.149,-1.6,1,1.2,-9.1,-36.6,4.7,0.652790918,-0.137333293,-0.634846034,-0.389782403
172,435779,1440800,0.948,0.296,0.149,-1.8,0.9,1.1,-9.1,-36.6,4.7,0.652790918,-0.137363811,-0.634815516,-0.389812922
173,437780,1440800,0.948,0.296,0.156,-1.8,0.9,1.1,-9.1,-36.6,4.7,0.652821436,-0.13739433,-0.634784997,-0.389812922
174,440656,1440810,0.948,0.296,0.149,-1.9,0.8,1.1,-9.1,-36.3,4.7,0.652851955,-0.137424848,-0.634754479,-0.389812922
175,442169,1440810,0.944,0.3,0.145,-2,0.9,1.2,-9.1,-36.3,4.7,0.652851955,-0.137455367,-0.634693442,-0.38984344
176,444825,1440810,0.944,0.296,0.149,-2,1,1.3,-9.1,-36.3,4.7,0.652882473,-0.137516404,-0.634662923,-0.38984344
177,447971,1440810,0.944,0.3,0.153,-1.9,1,1.4,-9.1,-36.3,4.7,0.652912992,-0.137546922,-0.634632405,-0.389873959
178,449337,1440820,0.94,0.3,0.153,-1.8,0.9,1.4,-9.1,-36.4,4.5,0.652912992,-0.137577441,-0.634601886,-0.389873959
179,452387,1440820,0.944,0.3,0.141,-1.7,0.8,1.3,-9.1,-36.4,4.5,0.65294351,-0.137607959,-0.634571368,-0.389873959
180,454408,1440820,0.94,0.304,0.149,-1.6,0.7,1.3,-9.1,-36.4,4.5,0.65294351,-0.137638478,-0.634540849,-0.389873959
181,457483,1440820,0.94,0.3,0.153,-1.5,0.6,1.3,-9.1,-36.4,4.5,0.652974029,-0.137699515,-0.634510331,-0.389873959
182,459434,1440830,0.94,0.304,0.149,-1.3,0.4,1.3,-9.4,-36.4,4.6,0.652974029,-0.137730033,-0.634479812,-0.389873959
183,462048,1440830,0.94,0.308,0.149,-1.1,0.2,1.4,-9.4,-36.4,4.6,0.653004547,-0.137760552,-0.634479812,-0.389873959
184,465417,1440830,0.944,0.3,0.153,-0.9,0,1.4,-9.4,-36.4,4.6,0.653004547,-0.13779107,-0.634449293,-0.389873959
185,466768,1440830,0.944,0.308,0.153,-0.6,0,1.5,-9.4,-36.4,4.6,0.653004547,-0.137821589,-0.634449293,-0.389873959
186,470677,1440840,0.94,0.312,0.153,-0.4,-0.1,1.5,-9.1,-36,4.6,0.653035066,-0.137852107,-0.634449293,-0.38984344
187,471997,1440840,0.94,0.312,0.149,-0.2,-0.3,1.6,-9.1,-36,4.6,0.653035066,-0.137882626,-0.634449293,-0.389812922
188,476176,1440840,0.94,0.312,0.153,-0.1,-0.4,1.6,-9.1,-36,4.6,0.653035066,-0.137913144,-0.634449293,-0.389812922
189,478561,1440840,0.944,0.316,0.153,0,-0.4,1.8,-9.1,-36,4.6,0.653035066,-0.137913144,-0.634449293,-0.389782403
190,480735,1440850,0.944,0.316,0.153,0,-0.4,1.8,-9.1,-36,4.6,0.653035066,-0.137913144,-0.634449293,-0.389782403
191,482996,1440850,0.944,0.32,0.149,0.3,-0.4,1.8,-9.1,-36.3,4.8,0.653035066,-0.138035218,-0.634510331,-0.389660329
192,484794,1440850,0.944,0.316,0.149,0.3,-0.4,1.8,-9.1,-36.3,4.8,0.653065584,-0.138065737,-0.634510331,-0.38962981
193,487633,1440850,0.948,0.316,0.153,0.1,-0.4,1.7,-9.1,-36.3,4.8,0.653065584,-0.138096255,-0.634510331,-0.389599292
194,490938,1440860,0.944,0.32,0.149,0.1,-0.4,1.8,-8.7,-36.2,4.5,0.653065584,-0.138126774,-0.634510331,-0.389568773
195,493570,1440860,0.944,0.316,0.153,0,-0.5,1.8,-8.7,-36.2,4.5,0.653096103,-0.138157292,-0.634510331,-0.389538255
196,495337,1440860,0.948,0.316,0.153,-0.1,-0.5,1.8,-8.7,-36.2,4.5,0.653096103,-0.138187811,-0.634510331,-0.389507736
197,496729,1440860,0.952,0.312,0.149,-0.4,-0.5,1.6,-8.7,-36.2,4.5,0.653096103,-0.138218329,-0.634510331,-0.389507736
198,500639,1440870,0.952,0.312,0.149,-0.6,-0.4,1.6,-9.5,-36.5,4.8,0.653096103,-0.138248848,-0.634510331,-0.389477218
199,502434,1440870,0.948,0.316,0.153,-0.9,-0.3,1.7,-9.5,-36.5,4.8,0.653126621,-0.138279366,-0.634479812,-0.389477218
200,505904,1440870,0.952,0.304,0.153,-1,-0.2,1.9,-9.5,-36.5,4.8,0.653126621,-0.138340403,-0.634479812,-0.389446699
201,508348,1440870,0.952,0.304,0.153,-1.3,-0.3,2,-9.5,-36.5,4.8,0.653126621,-0.138370922,-0.634479812,-0.389446699
202,510206,1440880,0.952,0.304,0.153,-1.5,-0.4,2.1,-9.5,-36.3,4.8,0.653126621,-0.138431959,-0.634449293,-0.389416181
203,513551,1440880,0.952,0.304,0.156,-1.8,-0.4,2.1,-9.5,-36.3,4.8,0.65315714,-0.138492996,-0.634449293,-0.389416181
204,515488,1440880,0.952,0.304,0.156,-2.2,-0.4,1.9,-9.5,-36.3,4.8,0.65315714,-0.138554033,-0.634418775,-0.389416181
205,516976,1440880,0.956,0.3,0.156,-2.5,-0.4,1.9,-9.5,-36.3,4.8,0.65315714,-0.13861507,-0.634388256,-0.389446699
206,519918,1440890,0.948,0.3,0.156,-2.7,-0.4,1.8,-9.2,-36.3,4.9,0.65315714,-0.138706626,-0.634388256,-0.389446699
207,522234,1440890,0.952,0.296,0.156,-2.8,-0.5,1.8,-9.2,-36.3,4.9,0.65315714,-0.138767663,-0.634357738,-0.389446699
208,525669,1440890,0.948,0.296,0.156,-3,-0.6,1.8,-9.2,-36.3,4.9,0.65315714,-0.138859218,-0.634327219,-0.389477218
209,528237,1440890,0.948,0.292,0.164,-3.3,-0.7,1.8,-9.2,-36.3,4.9,0.653126621,-0.138889737,-0.634296701,-0.389477218
210,529664,1440900,0.948,0.292,0.164,-3.3,-0.7,1.8,-9.2,-36.3,4.9,0.653126621,-0.138889737,-0.634296701,-0.389477218
211,532881,1440900,0.948,0.296,0.16,-3.7,-0.7,1.7,-9.2,-36.3,4.5,0.653248695,-0.139286477,-0.634205145,-0.389385662
212,534424,1440900,0.944,0.292,0.156,-3.8,-0.7,1.8,-9.2,-36.3,4.5,0.653218177,-0.139378033,-0.634174627,-0.389416181
213,536975,1440900,0.944,0.292,0.16,-4,-0.7,1.9,-9.2,-36.3,4.5,0.653218177,-0.139469588,-0.634144108,-0.389446699
214,540483,1440910,0.944,0.296,0.164,-4,-0.8,1.9,-8.8,-36.1,4.8,0.653218177,-0.139561144,-0.63411359,-0.389446699
215,541948,1440910,0.94,0.296,0.16,-4,-1,1.9,-8.8,-36.1,4.8,0.653218177,-0.139652699,-0.634083071,-0.389477218
216,545023,1440910,0.94,0.296,0.16,-3.8,-1,2,-8.8,-36.1,4.8,0.653187658,-0.139744255,-0.634052553,-0.389507736
217,546822,1440910,0.94,0.3,0.161,-3.7,-1,2,-8.8,-36.1,4.8,0.653187658,-0.13983581,-0.634022034,-0.389538255
218,550841,1440920,0.936,0.304,0.161,-3.3,-1,2.1,-9,-36.1,5,0.653187658,-0.139927366,-0.634022034,-0.389538255
219,553178,1440920,0.94,0.304,0.164,-3,-1.1,2.1,-9,-36.1,5,0.653187658,-0.140018921,-0.633991516,-0.389538255
220,555697,1440920,0.936,0.304,0.161,-2.7,-1.2,2.1,-9,-36.1,5,0.65315714,-0.140110477,-0.633991516,-0.389538255
221,557396,1440920,0.932,0.308,0.161,-2.5,-1.2,2.3,-9,-36.1,5,0.65315714,-0.140171514,-0.633991516,-0.389538255
222,559621,1440930,0.936,0.316,0.157,-2.3,-1.3,2.4,-9.9,-36.4,4.6,0.65315714,-0.14026307,-0.633960997,-0.389538255
223,562867,1440930,0.936,0.312,0.157,-2,-1.3,2.3,-9.9,-36.4,4.6,0.65315714,-0.140324107,-0.633960997,-0.389538255
224,564926,1440930,0.932,0.316,0.165,-1.8,-1.3,2.2,-9.9,-36.4,4.6,0.65315714,-0.140385144,-0.633960997,-0.389507736
225,568196,1440930,0.936,0.319,0.161,-1.6,-1.4,2.1,-9.9,-36.4,4.6,0.653126621,-0.140476699,-0.633960997,-0.389507736
226,569803,1440940,0.936,0.319,0.161,-1.5,-1.4,2,-8.5,-36.5,4.8,0.653126621,-0.140537736,-0.633960997,-0.389507736
227,572290,1440940,0.94,0.327,0.161,-1.3,-1.5,2.1,-8.5,-36.5,4.8,0.653126621,-0.140598773,-0.633960997,-0.389477218
228,574516,1440940,0.936,0.327,0.161,-1.3,-1.6,2.1,-8.5,-36.5,4.8,0.653126621,-0.14065981,-0.633960997,-0.389477218
229,576830,1440940,0.936,0.331,0.161,-1.3,-1.7,2.2,-8.5,-36.5,4.8,0.653096103,-0.140720847,-0.633960997,-0.389446699
230,579978,1440950,0.936,0.331,0.161,-1.3,-1.7,2.2,-8.5,-36.5,4.8,0.653096103,-0.140720847,-0.633960997,-0.389446699
231,581766,1440950,0.94,0.331,0.165,-1.4,-1.9,2.2,-8.8,-36.3,4.6,0.653065584,-0.140690329,-0.633991516,-0.389538255
232,585504,1440950,0.936,0.327,0.161,-1.6,-2,2.2,-8.8,-36.3,4.6,0.653035066,-0.140751366,-0.633991516,-0.389538255
233,587983,1440950,0.94,0.331,0.165,-1.9,-2.1,2.4,-8.8,-36.3,4.6,0.653035066,-0.140842921,-0.633991516,-0.389507736
234,589855,1440960,0.94,0.323,0.157,-2.3,-2.1,2.4,-8.9,-36.4,4.5,0.653004547,-0.140934477,-0.633991516,-0.389507736
235,592188,1440960,0.944,0.327,0.169,-2.6,-2.1,2.6,-8.9,-36.4,4.5,0.653004547,-0.141026032,-0.633991516,-0.389507736
236,595808,1440960,0.944,0.327,0.169,-2.9,-2.1,2.6,-8.9,-36.4,4.5,0.652974029,-0.141117588,-0.633991516,-0.389507736
237,598632,1440960,0.944,0.327,0.169,-3.2,-2.2,2.6,-8.9,-36.4,4.5,0.65294351,-0.141209143,-0.633991516,-0.389507736
238,601630,1440970,0.948,0.323,0.168,-3.5,-2.3,2.5,-8.7,-36.1,4.3,0.65294351,-0.141331217,-0.633991516,-0.389507736
239,602170,1440970,0.948,0.323,0.168,-3.9,-2.4,2.5,-8.7,-36.1,4.3,0.652912992,-0.141422773,-0.633991516,-0.389507736
240,604401,1440970,0.948,0.315,0.164,-4.4,-2.5,2.5,-8.7,-36.1,4.3,0.652882473,-0.141544847,-0.633960997,-0.389538255
241,608965,1440970,0.944,0.315,0.165,-5.1,-2.6,2.8,-8.7,-36.1,4.3,0.652851955,-0.141697439,-0.633960997,-0.389538255
242,609484,1440980,0.944,0.311,0.168,-5.7,-2.7,3.1,-10.2,-36.4,4.5,0.652821436,-0.141819514,-0.633930479,-0.389568773
243,612985,1440980,0.944,0.315,0.168,-6.1,-2.8,3.2,-10.2,-36.4,4.5,0.652790918,-0.142002625,-0.63389996,-0.389599292
244,614528,1440980,0.948,0.311,0.164,-6.5,-2.8,3.3,-10.2,-36.4,4.5,0.652760399,-0.142155217,-0.63389996,-0.38962981
245,617600,1440980,0.948,0.308,0.164,-6.9,-2.8,3.2,-10.2,-36.4,4.5,0.652729881,-0.142338328,-0.633869442,-0.389690847
246,619936,1440990,0.948,0.308,0.157,-7.4,-2.8,3.1,-8.1,-35.6,4.9,0.652699362,-0.142490921,-0.633838923,-0.389721366
247,622166,1440990,0.948,0.304,0.157,-7.8,-2.9,3.1,-8.1,-35.6,4.9,0.652668844,-0.142674032,-0.633777886,-0.389782403
248,625383,1440990,0.948,0.308,0.16,-8.1,-3,3.1,-8.1,-35.6,4.9,0.652607807,-0.142857143,-0.633747368,-0.38984344
249,627591,1440990,0.948,0.304,0.164,-8.3,-2.9,3.1,-8.1,-35.6,4.9,0.652577288,-0.143040254,-0.633716849,-0.389904477
250,629641,1441000,0.948,0.304,0.164,-8.3,-2.9,3.1,-8.1,-35.6,4.9,0.652577288,-0.143040254,-0.633716849,-0.389904477
251,632936,1441000,0.948,0.3,0.16,-8.6,-2.7,2.7,-8.3,-35.8,4.6,0.65254677,-0.143467513,-0.633594775,-0.390026551
252,634932,1441000,0.948,0.304,0.157,-8.6,-2.7,2.7,-8.3,-35.8,4.6,0.652516251,-0.143650624,-0.633533738,-0.390087588
253,637101,1441000,0.944,0.304,0.157,-8.5,-2.6,2.5,-8.3,-35.8,4.6,0.652455214,-0.143833735,-0.63350322,-0.390179144
254,640361,1441010,0.948,0.304,0.16,-8.5,-2.6,2.4,-8.1,-36.2,4.4,0.652424696,-0.144016846,-0.633442183,-0.390240181
255,641932,1441010,0.944,0.304,0.16,-8.3,-2.6,2.1,-8.1,-36.2,4.4,0.652363659,-0.144199957,-0.633411664,-0.390331736
256,644862,1441010,0.948,0.304,0.164,-8.2,-2.6,2.1,-8.1,-36.2,4.4,0.65233314,-0.14435255,-0.633381146,-0.390392773
257,647882,1441010,0.948,0.304,0.16,-8,-2.8,2,-8.1,-36.2,4.4,0.652272103,-0.144535661,-0.633350627,-0.39045381
258,649317,1441020,0.944,0.3,0.157,-7.8,-2.9,2,-8.4,-35.8,4.2,0.652241585,-0.144688253,-0.63328959,-0.390545366
259,652209,1441020,0.944,0.304,0.164,-7.6,-2.8,1.8,-8.4,-35.8,4.2,0.652180548,-0.144840846,-0.633259072,-0.390606403
260,655093,1441020,0.944,0.308,0.164,-7.4,-2.8,1.8,-8.4,-35.8,4.2,0.652150029,-0.144993439,-0.633259072,-0.39066744
261,658265,1441020,0.948,0.311,0.172,-7.2,-2.9,1.8,-8.4,-35.8,4.2,0.652088992,-0.14517655,-0.633228553,-0.390728477
262,660468,1441030,0.944,0.304,0.164,-7,-2.9,1.8,-10.2,-36.4,4.5,0.652058473,-0.145298624,-0.633198035,-0.390789514
263,661933,1441030,0.948,0.308,0.16,-6.8,-3.1,1.6,-10.2,-36.4,4.5,0.651997436,-0.145451216,-0.633167516,-0.390850551
264,664934,1441030,0.948,0.315,0.164,-6.5,-3,1.5,-10.2,-36.4,4.5,0.651936399,-0.145603809,-0.633167516,-0.390911588
265,667103,1441030,0.944,0.308,0.161,-6.3,-2.9,1.5,-10.2,-36.4,4.5,0.651905881,-0.145725883,-0.633136998,-0.390972625
266,670360,1441040,0.944,0.315,0.161,-6.1,-2.8,1.5,-8.2,-36.6,4.5,0.651844844,-0.145878475,-0.633136998,-0.391033662
267,671756,1441040,0.948,0.315,0.161,-6.1,-2.8,1.5,-8.2,-36.6,4.5,0.651814325,-0.146000549,-0.633106479,-0.391094699
268,674668,1441040,0.948,0.323,0.161,-5.9,-2.8,1.7,-8.2,-36.6,4.5,0.651753288,-0.146122623,-0.633106479,-0.391094699
269,677622,1441040,0.944,0.319,0.161,-5.9,-2.8,1.9,-8.2,-36.6,4.5,0.65172277,-0.146275216,-0.633075961,-0.391186254
270,679299,1441050,0.944,0.319,0.161,-5.9,-2.8,1.9,-8.2,-36.6,4.5,0.65172277,-0.146275216,-0.633075961,-0.391186254
271,682336,1441050,0.944,0.323,0.165,-6,-2.8,2.2,-8.4,-36.5,4.3,0.651631214,-0.14639729,-0.633014924,-0.391399884
272,685877,1441050,0.952,0.327,0.165,-6,-2.7,2.1,-8.4,-36.5,4.3,0.651570177,-0.146549883,-0.632984405,-0.391430403
273,688095,1441050,0.944,0.327,0.165,-6.1,-2.5,2.1,-8.4,-36.5,4.3,0.651539659,-0.146671957,-0.632984405,-0.39149144
274,689505,1441060,0.948,0.327,0.161,-6.3,-2.5,2,-8.3,-36.6,4.3,0.65150914,-0.146824549,-0.632953887,-0.391521958
275,692439,1441060,0.944,0.323,0.161,-6.6,-2.3,2,-8.3,-36.6,4.3,0.651478622,-0.146977142,-0.632923368,-0.391582995
276,694768,1441060,0.94,0.327,0.161,-6.8,-2.3,2.1,-8.3,-36.6,4.3,0.651448103,-0.147099216,-0.63289285,-0.391644032
277,698002,1441060,0.94,0.327,0.161,-7,-2.2,2,-8.3,-36.6,4.3,0.651387066,-0.147251808,-0.632862331,-0.391705069
278,700114,1441070,0.94,0.323,0.165,-7.1,-2.2,2,-8.1,-36.5,4.5,0.651356548,-0.147404401,-0.632831812,-0.391766106
279,702220,1441070,0.94,0.32,0.153,-7.2,-2.1,1.8,-8.1,-36.5,4.5,0.651326029,-0.147556993,-0.632770775,-0.391827143
280,705450,1441070,0.944,0.319,0.157,-7.4,-2,1.6,-8.1,-36.5,4.5,0.651295511,-0.147679067,-0.632740257,-0.391918699
281,707388,1441070,0.94,0.32,0.153,-7.7,-1.8,1.5,-8.1,-36.5,4.5,0.651264992,-0.147862178,-0.632709738,-0.391979736
282,709553,1441080,0.944,0.319,0.157,-8,-1.8,1.3,-10.2,-36.6,4.3,0.651203955,-0.148014771,-0.632648701,-0.392071291
283,712902,1441080,0.944,0.316,0.153,-8.5,-1.7,1.2,-10.2,-36.6,4.3,0.651173437,-0.148167364,-0.632587664,-0.392162847
284,714882,1441080,0.94,0.312,0.157,-8.8,-1.4,1.1,-10.2,-36.6,4.3,0.651142918,-0.148319956,-0.632526627,-0.392254402
285,716969,1441080,0.94,0.304,0.157,-9.2,-1.2,0.9,-10.2,-36.6,4.3,0.651081881,-0.148472549,-0.63246559,-0.392376476
286,720034,1441090,0.94,0.304,0.157,-9.7,-0.8,0.6,-8.2,-36.5,4.1,0.651051363,-0.148625141,-0.632404553,-0.39249855
287,722362,1441090,0.944,0.308,0.157,-10.2,-0.5,0.4,-8.2,-36.5,4.1,0.651020844,-0.148777734,-0.632312998,-0.392620624
288,724591,1441090,0.944,0.3,0.157,-10.6,-0.3,0,-8.2,-36.5,4.1,0.650990326,-0.148930326,-0.632221442,-0.392773217
289,727557,1441090,0.944,0.296,0.156,-11,0,-0.1,-8.2,-36.5,4.1,0.650929289,-0.149082919,-0.632129887,-0.39292581
290,729440,1441100,0.944,0.296,0.156,-11,0,-0.1,-8.2,-36.5,4.1,0.650929289,-0.149082919,-0.632129887,-0.39292581
291,732274,1441100,0.944,0.296,0.153,-12,0.4,-0.6,-8.5,-35.8,4,0.650868252,-0.149418622,-0.631916257,-0.393261513
292,735445,1441100,0.944,0.292,0.149,-12.5,0.6,-0.9,-8.5,-35.8,4,0.650837733,-0.149571215,-0.631794183,-0.393444624
293,736766,1441100,0.948,0.292,0.156,-13.1,0.8,-1.1,-8.5,-35.8,4,0.650807215,-0.149754326,-0.631672109,-0.393658254
294,739799,1441110,0.944,0.288,0.149,-13.4,0.8,-1.3,-8.4,-36.6,4.1,0.650746178,-0.149906919,-0.631550035,-0.393871883
295,742987,1441110,0.948,0.292,0.149,-13.7,0.7,-1.3,-8.4,-36.6,4.1,0.650715659,-0.15009003,-0.631427961,-0.394085513
296,744311,1441110,0.944,0.292,0.145,-13.9,0.5,-1.3,-8.4,-36.6,4.1,0.650654622,-0.150242622,-0.631305887,-0.394299142
297,747321,1441110,0.944,0.288,0.152,-14,0.5,-1.4,-8.4,-36.6,4.1,0.650593585,-0.150425733,-0.631183813,-0.394512772
298,750712,1441120,0.94,0.292,0.153,-14.1,0.5,-1.6,-8.4,-36.3,3.6,0.650563066,-0.150608844,-0.631061739,-0.394726402
299,753114,1441120,0.936,0.288,0.157,-14.1,0.4,-1.8,-8.4,-36.3,3.6,0.650502029,-0.150761437,-0.630939665,-0.394940031
300,755733,1441120,0.936,0.284,0.153,-14,0.4,-2.1,-8.4,-36.3,3.6,0.650440992,-0.150944548,-0.630817591,-0.395153661
301,758115,1441120,0.932,0.284,0.157,-14,0.4,-2.4,-8.4,-36.3,3.6,0.650379955,-0.15109714,-0.630695517,-0.395397809
302,761087,1441130,0.932,0.284,0.157,-13.8,0.3,-2.8,-10.1,-36.8,4,0.650318918,-0.151249733,-0.630573443,-0.395641957
303,763194,1441130,0.929,0.28,0.164,-13.6,0.1,-3,-10.1,-36.8,4,0.650257881,-0.151402326,-0.630481887,-0.395855586
304,765032,1441130,0.925,0.292,0.161,-13.3,0,-3.3,-10.1,-36.8,4,0.650166326,-0.151554918,-0.630359813,-0.396099734
305,767311,1441130,0.921,0.284,0.169,-13.1,-0.2,-3.4,-10.1,-36.8,4,0.650105289,-0.151676992,-0.630268258,-0.396313364
306,769590,1441140,0.917,0.284,0.165,-12.8,-0.5,-3.6,-8,-36.3,3.9,0.650013733,-0.151829585,-0.630176702,-0.396557512
307,772036,1441140,0.913,0.288,0.169,-12.5,-0.9,-3.8,-8,-36.3,3.9,0.649922178,-0.151951659,-0.630085147,-0.396771142
308,775445,1441140,0.909,0.288,0.173,-12.2,-1.2,-4,-8,-36.3,3.9,0.649830622,-0.152073733,-0.63002411,-0.396954253
309,777598,1441140,0.905,0.284,0.169,-11.9,-1.5,-4,-8,-36.3,3.9,0.649739067,-0.152226325,-0.629963073,-0.397198401
310,779966,1441150,0.905,0.284,0.169,-11.9,-1.5,-4,-8,-36.3,3.9,0.649739067,-0.152226325,-0.629963073,-0.397198401
311,782041,1441150,0.897,0.276,0.181,-11.5,-1.9,-4.2,-7.6,-36.2,3.5,0.649616993,-0.152470473,-0.629749443,-0.397656178
312,784658,1441150,0.897,0.28,0.177,-11.5,-2.2,-4.3,-7.6,-36.2,3.5,0.649494919,-0.152562029,-0.629688406,-0.397869808
313,786789,1441150,0.889,0.284,0.185,-11.4,-2.5,-4.4,-7.6,-36.2,3.5,0.649403363,-0.152714621,-0.629657888,-0.398052919
314,791452,1441160,0.893,0.28,0.185,-11.2,-3,-4.3,-7.8,-36.3,3.7,0.649281289,-0.152867214,-0.62959685,-0.398266549
315,793793,1441160,0.889,0.277,0.181,-11,-3.5,-4.4,-7.8,-36.3,3.7,0.649159215,-0.152989288,-0.629566332,-0.398480178
316,794383,1441160,0.893,0.273,0.185,-10.8,-3.8,-4.5,-7.8,-36.3,3.7,0.649006623,-0.153111362,-0.629535813,-0.398663289
317,798994,1441160,0.893,0.276,0.185,-10.5,-4.1,-4.7,-7.8,-36.3,3.7,0.648884548,-0.153233436,-0.629535813,-0.398876919
318,801302,1441170,0.901,0.276,0.188,-10.2,-4.4,-4.9,-7.9,-36.8,3.7,0.648762474,-0.15335551,-0.629535813,-0.39906003
319,803514,1441170,0.897,0.28,0.188,-10,-4.6,-5,-7.9,-36.8,3.7,0.648609882,-0.153447066,-0.629505295,-0.399273659
320,805599,1441170,0.901,0.276,0.192,-9.5,-4.9,-5.1,-7.9,-36.8,3.7,0.648457289,-0.153538621,-0.629535813,-0.399456771
321,807205,1441170,0.909,0.28,0.2,-9.1,-5.3,-5.2,-7.9,-36.8,3.7,0.648304697,-0.153660695,-0.629535813,-0.399639882
322,809675,1441180,0.909,0.284,0.192,-8.7,-5.8,-5.3,-9.9,-36.6,3.7,0.648152104,-0.153782769,-0.629566332,-0.399822993
323,813726,1441180,0.917,0.284,0.192,-8.4,-6.2,-5.2,-9.9,-36.6,3.7,0.647999512,-0.153874325,-0.62959685,-0.399975585
324,815870,1441180,0.921,0.288,0.188,-8,-6.6,-4.9,-9.9,-36.6,3.7,0.647846919,-0.15396588,-0.629627369,-0.400128178
325,818105,1441180,0.924,0.295,0.2,-7.6,-6.9,-4.6,-9.9,-36.6,3.7,0.647663808,-0.154087954,-0.629688406,-0.40028077
326,820184,1441190,0.928,0.296,0.184,-7.1,-7.4,-4.4,-8.3,-37,3.4,0.647511216,-0.15417951,-0.629749443,-0.400433363
327,822400,1441190,0.932,0.299,0.196,-6.7,-7.7,-4.3,-8.3,-37,3.4,0.647328104,-0.154271065,-0.62981048,-0.400555437
328,824629,1441190,0.936,0.303,0.196,-6.2,-8.1,-4.4,-8.3,-37,3.4,0.647175512,-0.154393139,-0.629871517,-0.400677511
329,827324,1441190,0.94,0.311,0.196,-5.9,-8.5,-4.4,-8.3,-37,3.4,0.646992401,-0.154484695,-0.629963073,-0.400799585
330,829499,1441200,0.94,0.311,0.196,-5.9,-8.5,-4.4,-8.3,-37,3.4,0.646992401,-0.154484695,-0.629963073,-0.400799585
331,833066,1441200,0.944,0.319,0.192,-5.7,-9.6,-3.7,-8.4,-36.7,3.5,0.646748253,-0.154667806,-0.629993591,-0.401043733
332,835129,1441200,0.948,0.323,0.2,-5.6,-10.1,-3.4,-8.4,-36.7,3.5,0.646534623,-0.15478988,-0.630115665,-0.401135289
333,837413,1441200,0.944,0.323,0.196,-5.6,-10.7,-3.3,-8.4,-36.7,3.5,0.646351512,-0.154911954,-0.630237739,-0.401226844
334,839788,1441210,0.948,0.331,0.2,-5.6,-11.4,-3.1,-8.4,-36.7,3.7,0.646137883,-0.155064547,-0.630359813,-0.4013184
335,842092,1441210,0.94,0.334,0.204,-5.6,-12.1,-2.9,-8.4,-36.7,3.7,0.645924253,-0.155217139,-0.630481887,-0.401409955
336,844978,1441210,0.94,0.335,0.2,-5.6,-13,-2.8,-8.4,-36.7,3.7,0.645710623,-0.155369732,-0.63063448,-0.401470992
337,848020,1441210,0.944,0.335,0.2,-5.5,-13.7,-2.7,-8.4,-36.7,3.7,0.645466475,-0.155491806,-0.630787072,-0.401532029
338,849576,1441220,0.936,0.335,0.204,-5.5,-14.2,-2.9,-8.4,-36.7,3.5,0.645222327,-0.155674917,-0.630939665,-0.401623585
339,852009,1441220,0.932,0.331,0.212,-5.4,-14.4,-3.2,-8.4,-36.7,3.5,0.644978179,-0.155858028,-0.631092257,-0.401684622
340,855920,1441220,0.928,0.335,0.208,-5.3,-14.7,-3.6,-8.4,-36.7,3.5,0.644734031,-0.15601062,-0.631275369,-0.401745659
341,858152,1441220,0.928,0.334,0.216,-5.3,-14.8,-3.9,-8.4,-36.7,3.5,0.644489883,-0.156163213,-0.63145848,-0.401837214
342,860494,1441230,0.924,0.338,0.216,-5.3,-15.3,-4,-9.3,-36.6,3.6,0.644215217,-0.156315806,-0.631641591,-0.401898251
343,862519,1441230,0.924,0.335,0.212,-5.4,-15.6,-4.2,-9.3,-36.6,3.6,0.64394055,-0.156468398,-0.631824702,-0.401989807
344,864833,1441230,0.928,0.327,0.212,-5.8,-16.2,-4.2,-9.3,-36.6,3.6,0.643665883,-0.156620991,-0.632007813,-0.402081362
345,867673,1441230,0.92,0.331,0.22,-6.1,-16.7,-4.3,-9.3,-36.6,3.6,0.643360698,-0.156804102,-0.632221442,-0.402172918
346,869850,1441240,0.917,0.327,0.22,-6.4,-17.2,-4.4,-8.4,-36.6,3.2,0.643086032,-0.156987213,-0.632404553,-0.402264473
347,872073,1441240,0.924,0.326,0.228,-6.7,-17.6,-4.5,-8.4,-36.6,3.2,0.642750328,-0.157170324,-0.632618183,-0.402356029
348,875416,1441240,0.92,0.331,0.224,-7,-17.8,-4.4,-8.4,-36.6,3.2,0.642445143,-0.157353435,-0.632831812,-0.402447584
349,877390,1441240,0.92,0.327,0.22,-7.3,-17.9,-4.3,-8.4,-36.6,3.2,0.642139958,-0.157567064,-0.633014924,-0.402569658
350,879514,1441250,0.92,0.327,0.22,-7.3,-17.9,-4.3,-8.4,-36.6,3.2,0.642139958,-0.157567064,-0.633014924,-0.402569658
351,882894,1441250,0.924,0.327,0.224,-7.7,-18.3,-4.1,-8.1,-36.9,3.6,0.641804254,-0.157689138,-0.632953887,-0.403118992
352,884851,1441250,0.92,0.335,0.212,-7.9,-18.6,-4,-8.1,-36.9,3.6,0.641499069,-0.157902768,-0.633167516,-0.403210547
353,886787,1441250,0.92,0.335,0.216,-7.9,-19,-3.9,-8.1,-36.9,3.6,0.641163366,-0.158146916,-0.633381146,-0.403332621
354,890006,1441260,0.92,0.338,0.22,-7.6,-19.4,-3.6,-8.3,-36.8,3.5,0.640827662,-0.158360546,-0.633594775,-0.403393658
355,892256,1441260,0.92,0.346,0.216,-7.3,-19.9,-3.6,-8.3,-36.8,3.5,0.640522477,-0.158604694,-0.633838923,-0.403485214
356,895589,1441260,0.917,0.358,0.216,-6.9,-20.4,-3.4,-8.3,-36.8,3.5,0.640186773,-0.158818323,-0.634052553,-0.403576769
357,897546,1441260,0.917,0.366,0.217,-6.6,-21,-3.2,-8.3,-36.8,3.5,0.639820551,-0.159062471,-0.634296701,-0.403637806
358,900788,1441270,0.916,0.37,0.22,-6.4,-21.5,-2.9,-8,-36.9,3.2,0.639484848,-0.159306619,-0.634571368,-0.403698843
359,903048,1441270,0.916,0.37,0.217,-6.3,-22.3,-2.4,-8,-36.9,3.2,0.639118625,-0.159550768,-0.634815516,-0.403729362
360,905360,1441270,0.913,0.378,0.217,-6.3,-23.1,-1.9,-8,-36.9,3.2,0.638782922,-0.159794916,-0.635090182,-0.40375988
361,907485,1441270,0.913,0.386,0.221,-6.2,-24,-1.4,-8,-36.9,3.2,0.6384167,-0.160100101,-0.635395367,-0.403790399
362,909567,1441280,0.913,0.386,0.225,-6.2,-25,-1.2,-8.8,-36.9,3.7,0.638019959,-0.160374767,-0.635670034,-0.403790399
363,912892,1441280,0.909,0.405,0.221,-6.1,-26,-1.1,-8.8,-36.9,3.7,0.637623218,-0.160679952,-0.636005737,-0.403820917
364,914986,1441280,0.909,0.409,0.213,-5.9,-26.8,-1.2,-8.8,-36.9,3.7,0.637226478,-0.160985137,-0.636310923,-0.403820917
365,916852,1441280,0.905,0.409,0.217,-5.8,-27.5,-1.2,-8.8,-36.9,3.7,0.636799219,-0.161290323,-0.636646626,-0.403820917
366,919966,1441290,0.905,0.413,0.217,-5.9,-28.1,-1.3,-8.1,-37.2,4,0.63637196,-0.161595508,-0.637012848,-0.403820917
367,923277,1441290,0.905,0.425,0.217,-6,-28.7,-1.3,-8.1,-37.2,4,0.6359447,-0.161931211,-0.637348552,-0.403820917
368,925485,1441290,0.905,0.433,0.221,-6.2,-29.3,-1.4,-8.1,-37.2,4,0.635517441,-0.162236396,-0.637684256,-0.403820917
369,927849,1441290,0.905,0.429,0.218,-6.4,-30,-1.4,-8.1,-37.2,4,0.635059664,-0.1625721,-0.638080996,-0.403820917
370,929823,1441300,0.905,0.429,0.218,-6.4,-30,-1.4,-8.1,-37.2,4,0.635059664,-0.1625721,-0.638080996,-0.403820917
371,932967,1441300,0.905,0.441,0.222,-6.4,-31,-1.5,-8.3,-36.7,3.8,0.634174627,-0.162327952,-0.638477737,-0.404675436
372,935067,1441300,0.905,0.449,0.218,-6.3,-31.5,-1.5,-8.3,-36.7,3.8,0.633686331,-0.162724693,-0.638874477,-0.404675436
373,937350,1441300,0.909,0.448,0.222,-6.2,-31.9,-1.4,-8.3,-36.7,3.8,0.633198035,-0.163060396,-0.639271218,-0.404644917
374,939498,1441310,0.905,0.456,0.218,-6.1,-32.1,-1.2,-8.2,-37.2,3.7,0.632740257,-0.1633961,-0.639667959,-0.404644917
375,942487,1441310,0.909,0.464,0.214,-6,-32.4,-1.1,-8.2,-37.2,3.7,0.632251961,-0.163762322,-0.640064699,-0.404644917
376,944748,1441310,0.909,0.468,0.21,-5.9,-32.5,-0.9,-8.2,-37.2,3.7,0.631763665,-0.164128544,-0.64046144,-0.404614399
377,947863,1441310,0.909,0.468,0.21,-6,-32.7,-0.8,-8.2,-37.2,3.7,0.631275369,-0.164494766,-0.64085818,-0.40458388
378,949253,1441320,0.909,0.472,0.206,-6.3,-33,-0.7,-8.4,-36.9,3.8,0.630787072,-0.164860988,-0.641254921,-0.40458388
379,952187,1441320,0.905,0.472,0.202,-6.7,-33.5,-0.8,-8.4,-36.9,3.8,0.630268258,-0.16522721,-0.641651662,-0.404553362
380,955275,1441320,0.909,0.476,0.195,-7,-33.9,-1,-8.4,-36.9,3.8,0.629779962,-0.165593432,-0.642078921,-0.404553362
381,958088,1441320,0.913,0.48,0.191,-7.2,-34.4,-1.1,-8.4,-36.9,3.8,0.629261147,-0.165990173,-0.642475661,-0.404553362
382,959456,1441330,0.916,0.484,0.191,-7.5,-35.1,-1.3,-8.7,-36.7,3.6,0.628711814,-0.166386914,-0.642902921,-0.404522843
383,962460,1441330,0.917,0.488,0.183,-8,-35.9,-1.2,-8.7,-36.7,3.6,0.628162481,-0.166814173,-0.64333018,-0.404522843
384,964720,1441330,0.92,0.492,0.183,-8.7,-37,-1,-8.7,-36.7,3.6,0.627613147,-0.167210913,-0.643757439,-0.404522843
385,967422,1441330,0.924,0.5,0.175,-9.7,-38.2,-0.8,-8.7,-36.7,3.6,0.627033296,-0.16769921,-0.644215217,-0.404553362
386,970777,1441340,0.917,0.5,0.179,-10.7,-39.4,-0.5,-8.2,-36.9,3.6,0.626422926,-0.168187506,-0.644642476,-0.404553362
387,972942,1441340,0.917,0.504,0.175,-11.9,-40.5,0,-8.2,-36.9,3.6,0.625812555,-0.16870632,-0.645100253,-0.40458388
388,974346,1441340,0.924,0.508,0.167,-13.2,-41.3,0.3,-8.2,-36.9,3.6,0.625202185,-0.169255654,-0.645558031,-0.404614399
389,977370,1441340,0.92,0.512,0.167,-14.3,-42,0.8,-8.2,-36.9,3.6,0.624561296,-0.169835505,-0.64598529,-0.404644917
390,979564,1441350,0.92,0.512,0.167,-14.3,-42,0.8,-8.2,-36.9,3.6,0.624561296,-0.169835505,-0.64598529,-0.404644917
391,982779,1441350,0.917,0.52,0.156,-16.4,-42.6,2,-7.8,-36.7,4,0.623065889,-0.170262764,-0.646778771,-0.405438398
392,984793,1441350,0.921,0.516,0.152,-17.5,-42.8,2.6,-7.8,-36.7,4,0.622425001,-0.170934172,-0.64720603,-0.405499435
393,987831,1441350,0.932,0.52,0.148,-18.5,-43.1,3.3,-7.8,-36.7,4,0.621784112,-0.171605579,-0.64763329,-0.405560472
394,989253,1441360,0.924,0.524,0.144,-19.2,-43.2,4.1,-8,-37.1,3.7,0.621143223,-0.172307505,-0.64803003,-0.405621509
395,993258,1441360,0.905,0.528,0.148,-19.8,-43.2,4.8,-8,-37.1,3.7,0.620502335,-0.173039949,-0.648396252,-0.405652028
396,995267,1441360,0.909,0.532,0.144,-20.5,-43,5.5,-8,-37.1,3.7,0.619861446,-0.173772393,-0.648792993,-0.405713065
397,997138,1441360,0.905,0.532,0.14,-21.8,-43.1,6,-8,-37.1,3.7,0.619220557,-0.174535356,-0.649159215,-0.405774102
398,1000083,1441370,0.893,0.54,0.145,-24,-43.4,6.1,-7.7,-37,3.4,0.61854915,-0.175328837,-0.649494919,-0.405865658
399,1001767,1441370,0.897,0.536,0.145,-27.1,-44.2,5.8,-7.7,-37,3.4,0.617877743,-0.176183355,-0.649830622,-0.40601825
400,1005379,1441370,0.893,0.536,0.149,-30.7,-45.1,5.3,-7.7,-37,3.4,0.617175817,-0.177068392,-0.650166326,-0.406201361
401,1006856,1441370,0.901,0.54,0.145,-34.2,-46.1,4.8,-7.7,-37,3.4,0.616412854,-0.178014466,-0.650440992,-0.406445509
402,1010539,1441380,0.913,0.532,0.144,-37.3,-46.6,4.5,-8,-36.8,3.3,0.615649892,-0.178991058,-0.650746178,-0.406720176
403,1012071,1441380,0.913,0.528,0.144,-39.7,-46.6,4.5,-8,-36.8,3.3,0.614886929,-0.179998169,-0.650990326,-0.407055879
404,1014944,1441380,0.921,0.52,0.144,-41.8,-45.9,4.8,-8,-36.8,3.3,0.614093448,-0.181035798,-0.651203955,-0.407391583
405,1017950,1441380,0.921,0.524,0.148,-43.3,-44.7,5.5,-8,-36.8,3.3,0.613361003,-0.182103946,-0.651417585,-0.407757805
406,1020649,1441390,0.921,0.512,0.144,-44.3,-43.2,6.2,-8,-36.8,3.2,0.612598041,-0.183172094,-0.651570177,-0.408124027
407,1022532,1441390,0.921,0.508,0.14,-44.9,-41.7,7,-8,-36.8,3.2,0.611896115,-0.184240242,-0.651692251,-0.408490249
408,1024264,1441390,0.921,0.504,0.14,-45.4,-40.4,7.7,-8,-36.8,3.2,0.611224708,-0.18530839,-0.651783807,-0.40888699
409,1028867,1441390,0.917,0.497,0.144,-45.7,-39.1,8.2,-8,-36.8,3.2,0.610553301,-0.186376537,-0.651875362,-0.409253212
410,1030805,1441400,0.917,0.497,0.144,-45.7,-39.1,8.2,-8,-36.8,3.2,0.610553301,-0.186376537,-0.651875362,-0.409253212
411,1032174,1441400,0.905,0.493,0.14,-46.2,-36.8,8.4,-7.8,-36.8,3.1,0.608813746,-0.186864834,-0.651936399,-0.411511582
412,1035387,1441400,0.905,0.489,0.136,-46.2,-35.7,8.4,-7.8,-36.8,3.1,0.608203375,-0.187902463,-0.651966918,-0.411938841
413,1037531,1441400,0.909,0.477,0.136,-46.6,-34.6,8.2,-7.8,-36.8,3.1,0.607593005,-0.188940092,-0.651966918,-0.412335582
414,1039693,1441410,0.909,0.469,0.136,-47.6,-33.8,7.9,-8.1,-37.1,2.9,0.606982635,-0.19000824,-0.651936399,-0.412762841
415,1042649,1441410,0.909,0.465,0.132,-49,-33,7.3,-8.1,-37.1,2.9,0.606372265,-0.191045869,-0.651905881,-0.413220618
416,1044495,1441410,0.921,0.45,0.127,-50.7,-32.1,6.7,-8.1,-37.1,2.9,0.605761895,-0.192114017,-0.651844844,-0.413739433
417,1047986,1441410,0.925,0.438,0.119,-52.1,-31.2,6.2,-8.1,-37.1,2.9,0.605151524,-0.193182165,-0.651753288,-0.414258248
418,1050055,1441420,0.925,0.434,0.115,-53.2,-30.6,6,-8,-37,2.4,0.604541154,-0.194250313,-0.651661733,-0.414807581
419,1052258,1441420,0.932,0.426,0.115,-53.9,-30.1,6.2,-8,-37,2.4,0.603961303,-0.195318461,-0.651539659,-0.415356914
420,1056302,1441420,0.944,0.414,0.111,-54.6,-30,6.7,-8,-37,2.4,0.603350932,-0.196386608,-0.651417585,-0.415936766
421,1058468,1441420,0.956,0.41,0.115,-54.9,-30,7.5,-8,-37,2.4,0.602771081,-0.197485275,-0.651295511,-0.416486099
422,1060647,1441430,0.964,0.402,0.114,-55,-30.2,8.4,-7.8,-36.9,2.6,0.60216071,-0.19861446,-0.651142918,-0.417004913
423,1063006,1441430,0.983,0.39,0.118,-55.3,-30.2,9.3,-7.8,-36.9,2.6,0.601580859,-0.199743645,-0.650990326,-0.417554247
424,1064954,1441430,0.999,0.378,0.121,-55.7,-30.1,10.3,-7.8,-36.9,2.6,0.601001007,-0.200903348,-0.650837733,-0.418073061
425,1067354,1441430,1.003,0.378,0.121,-56.5,-29.6,11.1,-7.8,-36.9,2.6,0.600421155,-0.20209357,-0.650654622,-0.418591876
426,1070684,1441440,1.015,0.37,0.129,-57.4,-28.8,11.8,-7.8,-37.3,2.1,0.599871822,-0.203253273,-0.650471511,-0.419141209
427,1073153,1441440,1.026,0.358,0.124,-58.5,-27.4,12.3,-7.8,-37.3,2.1,0.599353008,-0.204443495,-0.650227363,-0.419690542
428,1075097,1441440,1.034,0.35,0.12,-59.6,-25.5,12.9,-7.8,-37.3,2.1,0.598834193,-0.205664235,-0.649952696,-0.420239875
429,1077337,1441440,1.038,0.346,0.112,-60.8,-23.2,13.5,-7.8,-37.3,2.1,0.598345897,-0.206854457,-0.649647511,-0.420819727
430,1079428,1441450,1.038,0.346,0.112,-60.8,-23.2,13.5,-7.8,-37.3,2.1,0.598345897,-0.206854457,-0.649647511,-0.420819727
431,1082820,1441450,1.038,0.315,0.092,-64,-18.8,14.3,-7.9,-37.3,1.5,0.597552416,-0.209143345,-0.648731956,-0.422223579
432,1084860,1441450,1.03,0.316,0.077,-65.3,-17.1,14.1,-7.9,-37.3,1.5,0.597155675,-0.210364086,-0.648274178,-0.422894986
433,1087058,1441450,1.038,0.308,0.065,-66,-16.1,13.5,-7.9,-37.3,1.5,0.596728416,-0.211554308,-0.647816401,-0.423566393
434,1089663,1441460,1.027,0.301,0.038,-65.7,-15.9,12.3,-8.4,-37.5,1.6,0.596331675,-0.21274453,-0.647358623,-0.424268319
435,1092936,1441460,1.019,0.293,0.022,-64.2,-16.5,10.7,-8.4,-37.5,1.6,0.595904416,-0.213873714,-0.646931364,-0.424939726
436,1095292,1441460,1.007,0.293,0.014,-61.6,-17.7,8.7,-8.4,-37.5,1.6,0.595446638,-0.214972381,-0.646565142,-0.425611133
437,1097291,1441460,0.992,0.29,-0.023,-57.7,-19.2,6.7,-8.4,-37.5,1.6,0.594958342,-0.21601001,-0.646229438,-0.426252022
438,1100470,1441470,0.988,0.279,-0.031,-52.8,-20.5,4.7,-8.3,-37.2,1.1,0.594470046,-0.216956084,-0.64598529,-0.426862392
439,1102091,1441470,0.984,0.271,-0.051,-47.4,-21.4,3.1,-8.3,-37.2,1.1,0.593951231,-0.217810602,-0.645802179,-0.427381207
440,1105450,1441470,0.988,0.256,-0.071,-42.1,-21.6,1.7,-8.3,-37.2,1.1,0.593462935,-0.218573565,-0.645680105,-0.427838984
441,1107430,1441470,1.012,0.232,-0.087,-37.9,-20.9,0.5,-8.3,-37.2,1.1,0.593005158,-0.219275491,-0.645588549,-0.428266243
442,1109631,1441480,1.031,0.193,-0.1,-35.4,-19.1,-0.3,-7.5,-37.5,1,0.59254738,-0.219916379,-0.645496994,-0.428693503
443,1112645,1441480,1.043,0.142,-0.112,-35.1,-16.7,-0.6,-7.5,-37.5,1,0.592150639,-0.220496231,-0.645405438,-0.429090243
444,1114919,1441480,1.059,0.095,-0.125,-36.7,-14.1,-0.8,-7.5,-37.5,1,0.591753899,-0.221106601,-0.645252846,-0.429578539
445,1117131,1441480,1.079,0.008,-0.138,-39,-11.5,-1.6,-7.5,-37.5,1,0.591387677,-0.221686453,-0.645039216,-0.430066836
446,1120434,1441490,1.094,-0.038,-0.139,-41.4,-8.7,-3.8,-8.2,-37.7,1.2,0.591021455,-0.222266305,-0.644795068,-0.430677206
447,1121856,1441490,1.11,-0.081,-0.136,-43,-5.7,-7.3,-8.2,-37.7,1.2,0.590685751,-0.222754601,-0.644489883,-0.431348613
448,1124886,1441490,1.133,-0.164,-0.129,-44.1,-2.5,-11.8,-8.2,-37.7,1.2,0.590319529,-0.22318186,-0.64415418,-0.432111576
449,1127412,1441490,1.141,-0.188,-0.11,-44.7,0.6,-15.9,-8.2,-37.7,1.2,0.589953307,-0.223548082,-0.643818476,-0.432935575
450,1129424,1441500,1.141,-0.188,-0.11,-44.7,0.6,-15.9,-8.2,-37.7,1.2,0.589953307,-0.223548082,-0.643818476,-0.432935575
451,1132544,1441500,1.161,-0.248,-0.08,-45.8,5.9,-20,-7.9,-37.4,1.2,0.589281899,-0.224066897,-0.643024995,-0.434766686
452,1134797,1441500,1.157,-0.299,-0.057,-46.6,6.9,-19,-7.9,-37.4,1.2,0.588976714,-0.224341563,-0.642567217,-0.43571276
453,1138190,1441500,1.157,-0.307,-0.041,-47.3,6.7,-16.2,-7.9,-37.4,1.2,0.588671529,-0.224646748,-0.642109439,-0.436597797
454,1140289,1441510,1.153,-0.307,-0.03,-47.6,5.7,-12,-7.9,-37.4,0.5,0.588396863,-0.225043489,-0.641651662,-0.437452315
455,1143468,1441510,1.137,-0.304,-0.002,-47.3,4.3,-7.1,-7.9,-37.4,0.5,0.588152715,-0.225501267,-0.641193884,-0.438215278
456,1145407,1441510,1.129,-0.296,0.001,-46.2,2.8,-2,-7.9,-37.4,0.5,0.587969604,-0.2260506,-0.640705588,-0.438917203
457,1147809,1441510,1.125,-0.284,0.005,-44.8,1.9,2.4,-7.9,-37.4,0.5,0.587786493,-0.226630451,-0.64024781,-0.439527573
458,1150036,1441520,1.121,-0.28,0.005,-42.9,1.6,6.4,-8.1,-37.9,0.5,0.587664418,-0.22727134,-0.639790033,-0.440046388
459,1152227,1441520,1.106,-0.26,-0.02,-40.4,1.9,9.5,-8.1,-37.9,0.5,0.587572863,-0.22788171,-0.639301737,-0.440504166
460,1155493,1441520,1.098,-0.248,-0.044,-36.8,2.6,11.9,-8.1,-37.9,0.5,0.587542344,-0.22849208,-0.638874477,-0.440870388
461,1157358,1441520,1.086,-0.235,-0.075,-31.7,3.8,13.4,-8.1,-37.9,0.5,0.587572863,-0.229071932,-0.638447218,-0.441145054
462,1159634,1441530,1.075,-0.218,-0.145,-24.9,5,14.1,-7.2,-37.5,0,0.587664418,-0.22952971,-0.638080996,-0.441358684
463,1162153,1441530,1.075,-0.21,-0.184,-16.1,6.4,14,-7.2,-37.5,0,0.587786493,-0.229865413,-0.637775811,-0.441419721
464,1164441,1441530,1.071,-0.205,-0.215,-5.6,8,13,-7.2,-37.5,0,0.588000122,-0.230048524,-0.637531663,-0.441389203
465,1166783,1441530,1.071,-0.201,-0.25,5.8,9.9,11.3,-7.2,-37.5,0,0.588274789,-0.230048524,-0.637409589,-0.441206091
466,1171341,1441540,1.056,-0.223,-0.324,17.6,12,8.6,-8.1,-37.9,0.3,0.588610492,-0.229804376,-0.63737907,-0.440900906
467,1171793,1441540,1.045,-0.238,-0.356,29.1,13.8,4.9,-8.1,-37.9,0.3,0.589007233,-0.229377117,-0.637470626,-0.440504166
468,1174233,1441540,1.049,-0.25,-0.391,40.1,15.3,0.3,-8.1,-37.9,0.3,0.589434492,-0.22870571,-0.637653737,-0.44001587
469,1178751,1441540,1.072,-0.289,-0.435,50.2,16.6,-4.6,-8.1,-37.9,0.3,0.589861751,-0.227851192,-0.637928404,-0.439466536
470,1180959,1441550,1.072,-0.289,-0.435,50.2,16.6,-4.6,-8.1,-37.9,0.3,0.589861751,-0.227851192,-0.637928404,-0.439466536
471,1183139,1441550,1.084,-0.371,-0.456,66.3,19.5,-12.8,-8.3,-37.5,0.4,0.590777306,-0.225562304,-0.638752403,-0.438184759
472,1185500,1441550,1.088,-0.414,-0.464,72,21.1,-14.9,-8.3,-37.5,0.4,0.591296121,-0.224219489,-0.639240699,-0.437482833
473,1187362,1441550,1.096,-0.508,-0.481,76.4,22.7,-15.6,-8.3,-37.5,0.4,0.591845454,-0.222815638,-0.639759514,-0.436719871
474,1189657,1441560,1.12,-0.551,-0.478,79.8,23.7,-15.7,-8.4,-37.6,1,0.592394787,-0.221320231,-0.640308847,-0.435926389
475,1192066,1441560,1.151,-0.599,-0.472,82.8,24.1,-16,-8.4,-37.6,1,0.593005158,-0.219794305,-0.64085818,-0.43510239
476,1194254,1441560,1.225,-0.682,-0.462,85.4,24.1,-17,-8.4,-37.6,1,0.593585009,-0.218237861,-0.641438032,-0.434217353
477,1198821,1441560,1.249,-0.718,-0.447,87.6,23.9,-18.5,-8.4,-37.6,1,0.594164861,-0.216589862,-0.642048402,-0.433362835
478,1200991,1441570,1.268,-0.758,-0.448,89.2,23.7,-19.2,-8.4,-37.6,1.5,0.594714194,-0.214941862,-0.642658773,-0.432477798
479,1202980,1441570,1.28,-0.789,-0.441,90.4,23,-18.3,-8.4,-37.6,1.5,0.595294046,-0.213293863,-0.643299661,-0.431531724
480,1205343,1441570,1.292,-0.829,-0.438,91.5,21.7,-15.3,-8.4,-37.6,1.5,0.595873898,-0.2117069,-0.64394055,-0.430555132
481,1207325,1441570,1.28,-0.837,-0.438,92.9,19.8,-10.2,-8.4,-37.6,1.5,0.596484268,-0.210150456,-0.644611957,-0.429486984
482,1209642,1441580,1.276,-0.833,-0.434,95.2,17.3,-3.2,-6.8,-37.5,2,0.597155675,-0.208716086,-0.645283364,-0.428266243
483,1212095,1441580,1.28,-0.829,-0.441,99,14.8,4.8,-6.8,-37.5,2,0.597857601,-0.207342753,-0.646015809,-0.426862392
484,1214332,1441580,1.268,-0.801,-0.457,104.6,12.3,13.1,-6.8,-37.5,2,0.598620563,-0.206060976,-0.646748253,-0.42527543
485,1218792,1441580,1.249,-0.777,-0.468,112,10,21,-6.8,-37.5,2,0.599444563,-0.204779199,-0.647572253,-0.423474837
486,1221061,1441590,1.245,-0.753,-0.475,121.6,8.1,28.3,-9,-37.1,2.5,0.600360118,-0.20352794,-0.648457289,-0.421399579
487,1223293,1441590,1.217,-0.686,-0.489,133,6.8,35.2,-9,-37.1,2.5,0.601367229,-0.202215644,-0.649403363,-0.419080172
488,1225480,1441590,1.206,-0.643,-0.493,146.1,6.5,41.4,-9,-37.1,2.5,0.602496414,-0.200811792,-0.650502029,-0.416486099
489,1227556,1441590,1.19,-0.599,-0.5,160.3,6.9,46.7,-9,-37.1,2.5,0.603717154,-0.199316385,-0.651661733,-0.413647877
490,1229877,1441600,1.19,-0.599,-0.5,160.3,6.9,46.7,-9,-37.1,2.5,0.603717154,-0.199316385,-0.651661733,-0.413647877
491,1232166,1441600,1.151,-0.441,-0.536,190.5,10.2,55.2,-9,-36.9,3.8,0.606494339,-0.195837275,-0.654225288,-0.407116916
492,1234472,1441600,1.147,-0.382,-0.543,205.6,12.7,58.7,-9,-36.9,3.8,0.608081301,-0.193853572,-0.655629139,-0.403454695
493,1236792,1441600,1.143,-0.331,-0.55,220.4,15.7,61.6,-9,-36.9,3.8,0.609759819,-0.191625721,-0.657094028,-0.399548326
494,1241330,1441610,1.112,-0.213,-0.568,234.9,19.2,63.9,-9.7,-36,4.7,0.61159093,-0.189275796,-0.658589434,-0.395397809
495,1243573,1441610,1.092,-0.161,-0.579,249.3,23,66,-9.7,-36,4.7,0.613513596,-0.186681722,-0.660145878,-0.391003143
496,1245796,1441610,1.077,-0.106,-0.59,263.2,26.8,67.7,-9.7,-36,4.7,0.615527818,-0.183904538,-0.661763359,-0.386425367
497,1247983,1441610,1.065,-0.058,-0.6,276.3,30.2,69.3,-9.7,-36,4.7,0.617633595,-0.180944243,-0.66338084,-0.381603442
498,1250266,1441620,1.053,0.031,-0.623,288.2,33.1,70.4,-10.1,-36,6.5,0.619830927,-0.177800836,-0.66502884,-0.376628925
499,1252388,1441620,1.069,0.071,-0.634,298.6,35.4,71.1,-10.1,-36,6.5,0.622058779,-0.174504837,-0.666737877,-0.371440779
500,1254635,1441620,1.088,0.102,-0.646,307.5,37.2,70.9,-10.1,-36,6.5,0.624347667,-0.171056246,-0.668446913,-0.366130558
501,1258585,1441620,1.108,0.137,-0.669,314.9,38.4,70.1,-10.1,-36,6.5,0.626636555,-0.16748558,-0.67015595,-0.360728782
502,1260770,1441630,1.116,0.161,-0.677,321.3,39.5,68.8,-8.9,-35.4,7.5,0.628925443,-0.163762322,-0.671864986,-0.35523545
503,1263095,1441630,1.128,0.165,-0.689,327.2,40.8,67.6,-8.9,-35.4,7.5,0.631183813,-0.159947508,-0.673574023,-0.349650563
504,1265314,1441630,1.139,0.172,-0.681,332.7,42.6,67.2,-8.9,-35.4,7.5,0.633472701,-0.156041139,-0.675283059,-0.34397412
505,1267466,1441630,1.167,0.176,-0.693,337.7,44.6,67.5,-8.9,-35.4,7.5,0.635761589,-0.152012696,-0.676961577,-0.338206122
506,1271081,1441640,1.186,0.172,-0.69,342.2,46.8,68.2,-10.8,-34.3,9.4,0.638080996,-0.147923215,-0.678579058,-0.332346568
507,1273295,1441640,1.198,0.172,-0.694,345.7,48.5,69,-10.8,-34.3,9.4,0.640400403,-0.143772698,-0.680166021,-0.326395459
508,1275589,1441640,1.245,0.183,-0.691,348.1,49.7,69.8,-10.8,-34.3,9.4,0.642689291,-0.139591662,-0.681722465,-0.320413831
509,1277838,1441640,1.257,0.183,-0.703,349,50.3,70.8,-10.8,-34.3,9.4,0.644978179,-0.135410627,-0.683217872,-0.314371166
510,1279771,1441650,1.257,0.183,-0.703,349,50.3,70.8,-10.8,-34.3,9.4,0.644978179,-0.135410627,-0.683217872,-0.314371166
511,1283750,1441650,1.284,0.171,-0.711,344.7,50.5,74.6,-11.4,-33.3,11.3,0.649494919,-0.127170629,-0.685995056,-0.302255318
512,1286011,1441650,1.335,0.171,-0.716,339.2,50.4,77.5,-11.4,-33.3,11.3,0.651661733,-0.123233741,-0.687276833,-0.296212653
513,1288286,1441650,1.346,0.159,-0.712,332.4,50.4,80.8,-11.4,-33.3,11.3,0.653828547,-0.119388409,-0.688467055,-0.290200507
514,1290531,1441660,1.358,0.151,-0.728,324.5,50.6,84.1,-12,-32.5,12.5,0.655934324,-0.115695669,-0.689565722,-0.284249397
515,1292528,1441660,1.378,0.135,-0.741,316,51.3,87.2,-12,-32.5,12.5,0.658040101,-0.112155522,-0.690542314,-0.278359325
516,1294804,1441660,1.378,0.127,-0.745,307,52.3,90.1,-12,-32.5,12.5,0.66011536,-0.108798486,-0.691427351,-0.272560808
517,1297087,1441660,1.382,0.123,-0.753,298.1,53.3,93.3,-12,-32.5,12.5,0.6621601,-0.105563524,-0.692190313,-0.266853847
518,1301032,1441670,1.401,0.108,-0.761,290,53.8,97.2,-12.7,-31.5,13.5,0.66420484,-0.102542192,-0.692861721,-0.261177404
519,1303087,1441670,1.397,0.123,-0.745,282.9,53.5,102,-12.7,-31.5,13.5,0.666219062,-0.0996734519,-0.693441572,-0.25553148
520,1304816,1441670,1.401,0.135,-0.745,276.9,52.3,107.4,-12.7,-31.5,13.5,0.668172246,-0.0969878231,-0.693990905,-0.249885556
521,1307068,1441670,1.386,0.147,-0.733,271.9,50.8,112.3,-12.7,-31.5,13.5,0.670125431,-0.0944547868,-0.694479202,-0.244239631
522,1310320,1441680,1.386,0.154,-0.729,266.7,49.4,116,-11.8,-30.5,15.1,0.672048097,-0.0920438246,-0.694936979,-0.238593707
523,1312307,1441680,1.358,0.167,-0.728,260.5,48,118.2,-11.8,-30.5,15.1,0.673879208,-0.0897549364,-0.69533372,-0.23300882
524,1315701,1441680,1.358,0.186,-0.736,253,46.5,119.2,-11.8,-30.5,15.1,0.6756798,-0.0876186407,-0.695669424,-0.22748497
525,1317056,1441680,1.347,0.175,-0.744,245.2,44.4,119.9,-11.8,-30.5,15.1,0.677419355,-0.0856044191,-0.696005127,-0.222083193
526,1320230,1441690,1.323,0.23,-0.75,238.2,41.3,121,-14.2,-28.9,15.8,0.679067354,-0.0837122715,-0.696279794,-0.216742454
527,1322976,1441690,1.304,0.238,-0.765,233.8,36.7,123.3,-14.2,-28.9,15.8,0.680623798,-0.0819421979,-0.696646016,-0.211432234
528,1324844,1441690,1.315,0.262,-0.769,232.2,30.4,127.2,-14.2,-28.9,15.8,0.682058168,-0.0802941984,-0.697012238,-0.206060976
529,1328068,1441690,1.308,0.301,-0.777,233.2,22.6,132.5,-14.2,-28.9,15.8,0.683400983,-0.0787072359,-0.697470016,-0.200598163
530,1330200,1441700,1.308,0.301,-0.777,233.2,22.6,132.5,-14.2,-28.9,15.8,0.683400983,-0.0787072359,-0.697470016,-0.200598163
531,1333088,1441700,1.296,0.395,-0.752,238.4,5.7,144.3,-14.8,-28.1,16.9,0.685598315,-0.0759605701,-0.698843348,-0.189031648
532,1334842,1441700,1.276,0.407,-0.739,240.7,-2,148.6,-14.8,-28.1,16.9,0.686574908,-0.0746177557,-0.699606311,-0.183111057
533,1337928,1441700,1.295,0.493,-0.723,241.9,-8.6,150.6,-14.8,-28.1,16.9,0.687429426,-0.0733359783,-0.700460829,-0.177159948
534,1339477,1441710,1.291,0.532,-0.695,242.4,-13.5,150.4,-15.5,-26.9,17.7,0.688192389,-0.0720542009,-0.701345866,-0.17117832
535,1342417,1441710,1.28,0.559,-0.679,241.5,-16.4,148.4,-15.5,-26.9,17.7,0.688833277,-0.070741905,-0.702230903,-0.16522721
536,1344385,1441710,1.26,0.626,-0.697,239.3,-17.4,145.2,-15.5,-26.9,17.7,0.689474166,-0.0694296091,-0.70311594,-0.159337138
537,1347363,1441710,1.26,0.619,-0.729,235.2,-17.1,141.1,-15.5,-26.9,17.7,0.690023499,-0.0681173132,-0.703970458,-0.153538621
538,1349597,1441720,1.295,0.615,-0.761,229.8,-16.6,136.2,-15.9,-25.3,18.6,0.690572832,-0.0668050172,-0.704794458,-0.147953734
539,1353209,1441720,1.339,0.643,-0.808,224.4,-16.6,130.9,-15.9,-25.3,18.6,0.691061129,-0.0654927213,-0.705557421,-0.142521439
540,1354766,1441720,1.51,0.786,-0.821,221.6,-16.3,125.8,-15.9,-25.3,18.6,0.691488388,-0.0641499069,-0.706289865,-0.1371807
541,1357180,1441720,1.471,0.747,-0.801,223,-12.9,122,-15.9,-25.3,18.6,0.691946165,-0.062715537,-0.706991791,-0.131870479
542,1359552,1441730,1.373,0.783,-0.772,227.9,-3.7,121,-14.5,-24.7,19.6,0.692556536,-0.0611285745,-0.707510605,-0.12652974
543,1363273,1441730,1.381,0.752,-0.784,234.2,12,123.5,-14.5,-24.7,19.6,0.693380535,-0.059480575,-0.70781579,-0.121066927
544,1364609,1441730,1.319,0.822,-0.731,240.3,31.6,128.3,-14.5,-24.7,19.6,0.69450972,-0.0577410199,-0.707785272,-0.115451521
545,1366762,1441730,1.358,0.802,-0.728,245.5,52.1,133.4,-14.5,-24.7,19.6,0.69594409,-0.0559404279,-0.70741905,-0.109683523
546,1369883,1441740,1.318,0.834,-0.696,249.2,71.5,136.9,-16.7,-23.2,20.3,0.697653127,-0.0541093173,-0.706747642,-0.103854488
547,1373077,1441740,1.182,0.788,-0.655,251.2,89.2,139,-16.7,-23.2,20.3,0.69963683,-0.0522171697,-0.705801569,-0.0979644154
548,1374634,1441740,1.197,0.756,-0.659,251.3,105.3,139.7,-16.7,-23.2,20.3,0.701834162,-0.0502945036,-0.70455031,-0.0920743431
549,1377954,1441740,1.06,0.726,-0.599,250.3,119.3,139.3,-16.7,-23.2,20.3,0.704214606,-0.0483718375,-0.703054903,-0.0862147893
550,1379931,1441750,1.06,0.726,-0.599,250.3,119.3,139.3,-16.7,-23.2,20.3,0.704214606,-0.0483718375,-0.703054903,-0.0862147893
551,1383052,1441750,1.115,0.653,-0.534,248.6,139.2,133.2,-17.8,-21.9,20.8,0.709433271,-0.0442823572,-0.699362163,-0.0748008667
552,1384620,1441750,1.15,0.648,-0.472,248.8,142.6,126.9,-17.8,-21.9,20.8,0.712027345,-0.0421460616,-0.697408979,-0.0691549425
553,1387991,1441750,1.216,0.62,-0.493,249.4,141.7,119.6,-17.8,-21.9,20.8,0.714590899,-0.0398266549,-0.695455794,-0.0636310923
554,1389928,1441760,1.2,0.587,-0.388,250.9,138.1,113.6,-18.2,-20.2,21.5,0.71703238,-0.0374767296,-0.693533128,-0.0581377606
555,1391703,1441760,1.356,0.582,-0.418,253.2,134.1,111.6,-18.2,-20.2,21.5,0.719412824,-0.0350352489,-0.691671499,-0.0527054659
556,1395027,1441760,1.306,0.543,-0.382,255.9,131.1,114.6,-18.2,-20.2,21.5,0.721701712,-0.0326242866,-0.68980987,-0.0471510971
557,1397198,1441760,1.184,0.504,-0.318,258.3,130.4,122.2,-18.2,-20.2,21.5,0.723960082,-0.0302438429,-0.687917722,-0.0414136174
558,1400946,1441770,1.196,0.441,-0.307,259.4,131.7,132.1,-19.2,-18.6,21.6,0.726218451,-0.0280159917,-0.685964537,-0.035523545
559,1402753,1441770,1.082,0.418,-0.231,258.5,134.1,141.1,-19.2,-18.6,21.6,0.728476821,-0.025879696,-0.683919797,-0.0295113987
560,1404431,1441770,1.149,0.421,-0.24,255.6,135.6,146.2,-19.2,-18.6,21.6,0.730704672,-0.0239265114,-0.681844539,-0.0234382153
561,1406832,1441770,1.102,0.371,-0.255,250.7,134.7,146.3,-19.2,-18.6,21.6,0.732902005,-0.0220648824,-0.679708243,-0.0174565874
562,1411155,1441780,0.985,0.266,-0.212,244.4,131.8,142.4,-18.4,-18.2,21.9,0.735007782,-0.0202032533,-0.677632984,-0.0115970336
563,1412829,1441780,0.946,0.266,-0.219,237.7,126.8,135.3,-18.4,-18.2,21.9,0.737022004,-0.0183721427,-0.675588244,-0.00598162786
564,1414220,1441780,0.887,0.235,-0.218,231.9,119.2,125.4,-18.4,-18.2,21.9,0.738853114,-0.0164799951,-0.67363506,-0.00057985168
565,1417195,1441780,1.028,0.203,-0.291,228.1,108.3,113.5,-18.4,-18.2,21.9,0.740531632,-0.0144657735,-0.671834468,0.0045167394
566,1421074,1441790,1.126,0.195,-0.332,226.3,94.4,100.8,-19.9,-15.8,22.1,0.741966002,-0.0122989593,-0.670247505,0.00943021943
567,1423059,1441790,1.13,0.159,-0.325,226.9,79.1,89.3,-19.9,-15.8,22.1,0.743156224,-0.00994903409,-0.668874172,0.0141911069
568,1425250,1441790,1.071,0.085,-0.282,230.9,65.3,81.4,-19.9,-15.8,22.1,0.744102298,-0.0074159978,-0.667714469,0.0188604389
569,1427320,1441790,1.059,0.014,-0.235,239.1,55.6,79.1,-19.9,-15.8,22.1,0.744926298,-0.00469985046,-0.66667684,0.0236213263
570,1429629,1441800,1.059,0.014,-0.235,239.1,55.6,79.1,-19.9,-15.8,22.1,0.744926298,-0.00469985046,-0.66667684,0.0236213263
571,1432055,1441800,1.071,0.01,-0.232,261.9,50.5,83.6,-20.2,-14.5,22.5,0.746299631,0.00131229591,-0.664693136,0.0339365825
572,1436069,1441800,1.028,0.018,-0.247,272.5,53,84.9,-20.2,-14.5,22.5,0.747001556,0.00445570238,-0.663624989,0.0392773217
573,1438226,1441800,1.028,0.054,-0.254,282.2,57.6,84.7,-20.2,-14.5,22.5,0.747703482,0.00778221992,-0.662434767,0.0447096164
574,1439573,1441810,1.048,0.124,-0.242,292.1,63.2,84.2,-20.1,-13,22.8,0.748466445,0.01126133,-0.661122471,0.0503250221
575,1443128,1441810,1.075,0.194,-0.234,304.1,68.6,83.7,-20.1,-13,22.8,0.749259926,0.0149540696,-0.659688101,0.0561235389
576,1445223,1441810,1.172,0.389,-0.229,319.4,72.8,83.4,-20.1,-13,22.8,0.750083926,0.0188909574,-0.658101138,0.0621051668
577,1446674,1441810,1.239,0.49,-0.233,338,75.6,83.2,-20.1,-13,22.8,0.750907926,0.0231330302,-0.65642262,0.0683614612
578,1450485,1441820,1.25,0.58,-0.22,359.5,78.2,84.1,-20.7,-11.4,22.9,0.751701407,0.0276802881,-0.654622028,0.0749229408
579,1451873,1441820,1.253,0.72,-0.097,383.5,82.7,87.1,-20.7,-11.4,22.9,0.75246437,0.0325937681,-0.652668844,0.0818811609
580,1455238,1441820,1.233,0.835,0.06,411,91.1,93.3,-20.7,-11.4,22.9,0.753288369,0.0378429518,-0.650471511,0.0893276772
581,1458303,1441820,1.428,0.969,0.148,443.4,104.6,102.2,-20.7,-11.4,22.9,0.754173406,0.043488876,-0.647938475,0.0973845637
582,1460577,1441830,1.74,1.056,0.097,481.5,122.4,112,-20.1,-9.3,23,0.755149998,0.0495620594,-0.644978179,0.106143376
583,1462668,1441830,1.489,1.205,0.31,525.5,145.6,121.4,-20.1,-9.3,23,0.756279183,0.0561845759,-0.641438032,0.115695669
584,1464412,1441830,1.477,1.342,0.34,576.3,176.9,131.2,-20.1,-9.3,23,0.757652516,0.0633869442,-0.637165441,0.126133
585,1468433,1441830,1.387,1.491,0.425,634.4,217.9,141.4,-20.1,-9.3,23,0.759331034,0.0712912381,-0.631946776,0.137577441
586,1470524,1441840,0.902,1.813,0.587,697.8,267,150.3,-22,-5.3,22.6,0.761375774,0.0799890133,-0.625568407,0.150059511
587,1471901,1441840,0.604,2.057,0.771,759.7,319.1,155.7,-22,-5.3,22.6,0.763786737,0.0894192328,-0.61793878,0.163548692
588,1475560,1441840,0.514,2.164,0.758,812.8,368.1,157.5,-22,-5.3,22.6,0.766441847,0.0994903409,-0.609088412,0.177831355
589,1477339,1441840,0.486,2.309,0.796,850.1,407.4,156.7,-22,-5.3,22.6,0.769219031,0.110019227,-0.599200415,0.192602313
590,1480507,1441850,0.486,2.309,0.796,850.1,407.4,156.7,-22,-5.3,22.6,0.769219031,0.110019227,-0.599200415,0.192602313
591,1481933,1441850,-0.081,2.546,1.153,838.8,454.5,143.9,-22.9,-1.7,21.1,0.77498703,0.130893887,-0.577074496,0.221778008
592,1485498,1441850,-0.195,2.495,1.256,786.4,458.2,134,-22.9,-1.7,21.1,0.777703177,0.140232551,-0.565782647,0.235206153
593,1487986,1441850,-0.128,2.313,1.331,706.3,459.1,119.7,-22.9,-1.7,21.1,0.780480361,0.148380993,-0.554643391,0.247291482
594,1489814,1441860,-0.492,2.131,1.433,601.5,458.1,101.4,-23.8,1.2,18.7,0.783410138,0.154881436,-0.543839839,0.25778985
595,1492700,1441860,-0.667,1.862,1.461,478.7,454.3,81.9,-23.8,1.2,18.7,0.7866451,0.159520249,-0.533616138,0.266365551
596,1494387,1441860,-0.78,1.582,1.42,346.6,443.6,64,-23.8,1.2,18.7,0.790185247,0.162144841,-0.5241554,0.273018586
597,1498034,1441860,-0.865,1.106,1.259,214.2,419.4,49.9,-23.8,1.2,18.7,0.793877987,0.162755211,-0.515793329,0.277809992
598,1499454,1441870,-0.977,0.839,1.125,90.5,378.5,41,-24.5,2,16.8,0.797540208,0.161564989,-0.508774071,0.280892361
599,1502631,1441870,-0.965,0.578,1.012,-17,321.6,38.1,-24.5,2,16.8,0.800897244,0.15887936,-0.503463851,0.282479324
600,1504323,1441870,-0.925,0.347,0.887,-103.4,251.9,39.5,-24.5,2,16.8,0.803765984,0.155064547,-0.49980163,0.282906583
601,1507319,1441870,-0.599,-0.044,0.595,-165.5,173.3,42.5,-24.5,2,16.8,0.805963317,0.150608844,-0.497940001,0.282418287
602,1510391,1441880,-0.388,-0.159,0.484,-202.5,90.1,45.4,-24.4,0.8,16.2,0.807306131,0.146031068,-0.497726371,0.28131962
603,1511777,1441880,-0.227,-0.206,0.394,-215.2,8.7,50,-24.4,0.8,16.2,0.807763909,0.141636402,-0.499069185,0.27988525
604,1514829,1441880,0.049,-0.123,0.343,-207,-63.4,59.3,-24.4,0.8,16.2,0.80733665,0.137730033,-0.50163274,0.278481399
605,1516923,1441880,0.143,-0.006,0.367,-183.7,-119.2,72.2,-24.4,0.8,16.2,0.806146428,0.134434034,-0.505050813,0.277382733
606,1520004,1441890,0.193,0.09,0.383,-152.6,-154.2,84.4,-25,2,17.1,0.804376354,0.131748405,-0.508926664,0.276741844
607,1522406,1441890,0.205,0.14,0.403,-120.8,-167.4,90.9,-25,2,17.1,0.802301096,0.12961211,-0.512833033,0.276497696
608,1524575,1441890,0.189,0.199,0.435,-93.4,-162,88.8,-25,2,17.1,0.800195318,0.12796411,-0.516495254,0.276558733
609,1527081,1441890,0.185,0.207,0.443,-71.2,-143.8,79,-25,2,17.1,0.798303171,0.126682333,-0.519638661,0.276711325
610,1529495,1441900,0.185,0.207,0.443,-71.2,-143.8,79,-25,2,17.1,0.798303171,0.126682333,-0.519638661,0.276711325
611,1534003,1441900,0.275,0.247,0.567,-34.2,-93.6,48.1,-24,1.8,17.7,0.795434431,0.125186926,-0.524185919,0.277108066
612,1534376,1441900,0.321,0.257,0.621,-15.7,-70,31.6,-24,1.8,17.7,0.794488357,0.124973296,-0.52558977,0.277291177
613,1536761,1441900,0.372,0.271,0.695,2.5,-50,14.9,-24,1.8,17.7,0.79381695,0.125156407,-0.526474807,0.27744377
614,1539253,1441910,0.422,0.282,0.753,18.7,-34.4,-2.6,-24.2,2.3,18.2,0.793389691,0.125705741,-0.526963103,0.277504807
615,1542324,1441910,0.531,0.318,0.849,30.5,-23.3,-21.1,-24.2,2.3,18.2,0.793145543,0.126621296,-0.527115696,0.27744377
616,1544545,1441910,0.593,0.344,0.88,36.6,-17.1,-39.7,-24.2,2.3,18.2,0.793084506,0.127811518,-0.527085177,0.277108066
617,1548923,1441910,0.648,0.387,0.891,36.8,-15.4,-57.4,-24.2,2.3,18.2,0.793176061,0.129215369,-0.526963103,0.276497696
618,1549402,1441920,0.769,0.488,0.878,32.1,-17.8,-73,-24.4,2,18,0.793298135,0.130710776,-0.526871548,0.275551622
619,1551717,1441920,0.832,0.558,0.858,23.8,-22.8,-85.6,-24.4,2,18,0.793481246,0.13226722,-0.526871548,0.274300363
620,1555629,1441920,0.867,0.628,0.843,13,-29.1,-94.2,-24.4,2,18,0.793664357,0.133732109,-0.52702414,0.272713401
621,1558782,1441920,0.898,0.699,0.824,0,-34.8,-98.8,-24.4,2,18,0.793877987,0.135074923,-0.527329325,0.270912809
622,1559301,1441930,0.898,0.735,0.789,-15.3,-39.2,-99.7,-23.5,0.2,17.7,0.79403058,0.136204108,-0.527817621,0.268898587
623,1561793,1441930,0.898,0.743,0.769,-33.2,-42.2,-98.4,-23.5,0.2,17.7,0.794244209,0.136997589,-0.52845851,0.266670736
624,1565747,1441930,0.867,0.727,0.766,-52.9,-44.1,-96.8,-23.5,0.2,17.7,0.794457839,0.137455367,-0.529221473,0.264259774
625,1568168,1441930,0.832,0.685,0.735,-73,-45.3,-96.3,-23.5,0.2,17.7,0.794701987,0.137577441,-0.530137028,0.261604663
626,1569963,1441940,0.797,0.658,0.719,-92.3,-46.1,-97.3,-24.5,0.4,17.8,0.794976653,0.137363811,-0.531174657,0.258705405
627,1573000,1441940,0.774,0.635,0.704,-109.5,-47.4,-98.9,-24.5,0.4,17.8,0.795312357,0.136875515,-0.532334361,0.255561998
628,1574915,1441940,0.774,0.608,0.688,-124.4,-49,-100.4,-24.5,0.4,17.8,0.795678579,0.136143071,-0.533555101,0.252235481
629,1577109,1441940,0.766,0.542,0.648,-136.8,-51.2,-101.3,-24.5,0.4,17.8,0.796044801,0.135227515,-0.534897916,0.248725852
630,1581176,1441950,0.766,0.542,0.648,-136.8,-51.2,-101.3,-24.5,0.4,17.8,0.796044801,0.135227515,-0.534897916,0.248725852
631,1583327,1441950,0.739,0.464,0.604,-156.2,-55.6,-101,-24.1,-0.3,18.6,0.796716208,0.132908109,-0.537827692,0.241340373
632,1585536,1441950,0.767,0.382,0.56,-163.3,-57.8,-100.6,-24.1,-0.3,18.6,0.797051912,0.131565294,-0.539384136,0.237495041
633,1587606,1441950,0.782,0.355,0.544,-169,-60,-100.5,-24.1,-0.3,18.6,0.797326579,0.130100406,-0.541032136,0.233588672
634,1589866,1441960,0.798,0.32,0.519,-173.6,-62.5,-101.3,-24,-1.2,18.9,0.797601245,0.128604999,-0.542710654,0.229590747
635,1593472,1441960,0.826,0.284,0.507,-177.8,-65.2,-102.4,-24,-1.2,18.9,0.797845393,0.127048555,-0.544450209,0.225531785
636,1595626,1441960,0.88,0.213,0.481,-182,-67.7,-104.2,-24,-1.2,18.9,0.798028504,0.125431074,-0.546220283,0.221350749
637,1597918,1441960,0.9,0.182,0.465,-186.5,-69.7,-106,-24,-1.2,18.9,0.798211615,0.123783074,-0.548051393,0.217078158
638,1600015,1441970,0.916,0.147,0.457,-191.4,-70.9,-107.8,-23.6,-2,19.1,0.798394726,0.122074038,-0.549882504,0.21274453
639,1602418,1441970,0.931,0.123,0.448,-196.7,-71.1,-109.3,-23.6,-2,19.1,0.798547319,0.120303964,-0.551744133,0.208288827
640,1604753,1441970,0.943,0.045,0.435,-202.6,-71.2,-110,-23.6,-2,19.1,0.79873043,0.118411817,-0.553605762,0.203741569
641,1607959,1441970,0.955,-0.002,0.431,-209.4,-71.7,-109.9,-23.6,-2,19.1,0.798883023,0.116397595,-0.555497909,0.199102756
642,1610052,1441980,0.971,-0.049,0.422,-216.4,-73.2,-108.9,-23.7,-4.3,19.4,0.799005097,0.114261299,-0.557420576,0.194372387
643,1612198,1441980,0.994,-0.116,0.425,-223.4,-75.5,-107.4,-23.7,-4.3,19.4,0.799066134,0.11200293,-0.559404279,0.189611499
644,1615396,1441980,1.01,-0.155,0.416,-229.7,-78.4,-105.1,-23.7,-4.3,19.4,0.799096652,0.109591968,-0.561449019,0.184759056
645,1617528,1441980,1.033,-0.195,0.411,-235.3,-81.8,-102.1,-23.7,-4.3,19.4,0.799066134,0.10708945,-0.563585314,0.179906613
646,1621345,1441990,1.041,-0.234,0.407,-239.7,-85.4,-97.9,-23.7,-4.2,19.7,0.79894406,0.104434339,-0.565782647,0.175023652
647,1622929,1441990,1.049,-0.285,0.406,-242.5,-88.8,-93.1,-23.7,-4.2,19.7,0.79873043,0.101657155,-0.568041017,0.170232246
648,1624361,1441990,1.049,-0.297,0.414,-243.2,-91.6,-87.7,-23.7,-4.2,19.7,0.798455763,0.0988799707,-0.570329905,0.165471358
649,1628500,1441990,1.057,-0.297,0.421,-241.6,-93.9,-82.1,-23.7,-4.2,19.7,0.798089541,0.0960417493,-0.572649312,0.160832545
650,1630754,1442000,1.057,-0.297,0.421,-241.6,-93.9,-82.1,-23.7,-4.2,19.7,0.798089541,0.0960417493,-0.572649312,0.160832545
651,1633203,1442000,1.041,-0.293,0.453,-234.3,-97.3,-70,-23.5,-4.9,20.2,0.797112949,0.0903042695,-0.577318644,0.151951659
652,1634786,1442000,1.041,-0.286,0.453,-229.9,-98.8,-63.8,-23.5,-4.9,20.2,0.796533097,0.0874355296,-0.579668569,0.147770623
653,1637108,1442000,1.033,-0.282,0.457,-225.4,-100.1,-57.9,-23.5,-4.9,20.2,0.79586169,0.0845667898,-0.582018494,0.143711661
654,1640424,1442010,1.014,-0.238,0.458,-220.9,-101.2,-53.1,-23.2,-6.3,20.9,0.795159764,0.0817285684,-0.584368419,0.139774773
655,1642418,1442010,1.01,-0.218,0.447,-216.4,-101.3,-49.7,-23.2,-6.3,20.9,0.794366283,0.0789208655,-0.586687826,0.13595996
656,1644617,1442010,1.01,-0.199,0.435,-211.6,-100,-47.4,-23.2,-6.3,20.9,0.79360332,0.0761436811,-0.588946196,0.13226722
657,1648715,1442010,1.022,-0.171,0.4,-206.7,-97.1,-46.1,-23.2,-6.3,20.9,0.792809839,0.0734275338,-0.591143529,0.128666036
658,1650875,1442020,1.018,-0.159,0.377,-201.3,-92.6,-45.3,-23,-7.4,20.3,0.792046876,0.070802942,-0.593249306,0.125125889
659,1653110,1442020,1.022,-0.15,0.357,-195.4,-86.2,-45,-23,-7.4,20.3,0.791344951,0.0682393872,-0.595171972,0.121677297
660,1655460,1442020,1.01,-0.138,0.342,-188.6,-77.9,-45.2,-23,-7.4,20.3,0.790734581,0.0657673879,-0.596942045,0.11835078
661,1656975,1442020,1.01,-0.114,0.319,-180.3,-67.9,-46,-23,-7.4,20.3,0.790215766,0.0634479812,-0.598529008,0.115085299
662,1661156,1442030,1.01,-0.103,0.307,-171,-56.8,-47.5,-22.7,-9.3,21,0.789819025,0.0612506485,-0.599871822,0.111972411
663,1663255,1442030,1.006,-0.083,0.303,-161,-45.5,-49.6,-22.7,-9.3,21,0.789574877,0.0592364269,-0.600970489,0.108951079
664,1665481,1442030,0.995,-0.043,0.3,-150.9,-34.7,-51.9,-22.7,-9.3,21,0.789422285,0.0574053163,-0.601855525,0.106021302
665,1666965,1442030,0.979,-0.028,0.308,-141.4,-25.2,-54.3,-22.7,-9.3,21,0.789391766,0.0556962798,-0.602526933,0.103183081
666,1670961,1442040,0.967,0,0.317,-133,-17.3,-56.4,-23.1,-9.4,20.7,0.789452803,0.0542313913,-0.603076266,0.100436415
667,1673229,1442040,0.955,0.015,0.321,-126.2,-11.4,-58.4,-23.1,-9.4,20.7,0.789574877,0.0528580584,-0.603473006,0.0977507859
668,1675466,1442040,0.955,0.05,0.329,-121.1,-7.6,-60.3,-23.1,-9.4,20.7,0.78972747,0.0515457625,-0.60380871,0.095126194
669,1677572,1442040,0.959,0.069,0.337,-117.9,-5.7,-62,-23.1,-9.4,20.7,0.789910581,0.0503250221,-0.604052858,0.0925016022
670,1679816,1442050,0.959,0.069,0.337,-117.9,-5.7,-62,-23.1,-9.4,20.7,0.789910581,0.0503250221,-0.604052858,0.0925016022
671,1681982,1442050,0.959,0.109,0.338,-116.6,-5.5,-65.5,-22.7,-10.1,20.8,0.790459914,0.0481887265,-0.604358043,0.087099826
672,1685001,1442050,0.963,0.12,0.334,-117.7,-6.1,-66.9,-22.7,-10.1,20.8,0.790612506,0.0470290231,-0.604602191,0.0843836787
673,1686710,1442050,0.963,0.136,0.334,-119.2,-6.5,-67.9,-22.7,-10.1,20.8,0.790765099,0.0458998383,-0.604876858,0.0816370128
674,1689674,1442060,0.971,0.144,0.322,-120.9,-6.6,-68.4,-22.8,-11,20.1,0.790917692,0.0447096164,-0.605121006,0.0788598285
675,1692922,1442060,0.975,0.156,0.323,-122.8,-6.3,-68.6,-22.8,-11,20.1,0.791070284,0.043488876,-0.605365154,0.0760216071
676,1694298,1442060,0.979,0.16,0.307,-124.7,-5.7,-68.6,-22.8,-11,20.1,0.791222877,0.0422681356,-0.605609302,0.0731833857
677,1697209,1442060,0.983,0.172,0.307,-126.7,-4.9,-68.3,-22.8,-11,20.1,0.791375469,0.0410168767,-0.605822932,0.0703451643
678,1700446,1442070,0.971,0.184,0.303,-128.5,-3.8,-67.8,-23,-11.5,20.4,0.79155858,0.0396740623,-0.606036561,0.0674764245
679,1701851,1442070,0.951,0.203,0.296,-130.1,-2.9,-66.8,-23,-11.5,20.4,0.791711173,0.0383312479,-0.606219672,0.0645466475
680,1704805,1442070,0.948,0.204,0.296,-131.7,-2.5,-65.2,-23,-11.5,20.4,0.791894284,0.036896878,-0.606372265,0.0617084262
681,1706992,1442070,0.944,0.219,0.289,-133.5,-3.1,-62.8,-23,-11.5,20.4,0.792016358,0.0354319895,-0.606555376,0.0588702048
682,1710064,1442080,0.916,0.243,0.282,-136,-5.2,-59.5,-22.6,-12.7,20.2,0.792138432,0.033906064,-0.606769005,0.0560319834
683,1712342,1442080,0.909,0.251,0.278,-139.4,-8.4,-55.8,-22.6,-12.7,20.2,0.792199469,0.032227546,-0.607043672,0.053193762
684,1714519,1442080,0.909,0.24,0.262,-143.7,-12.6,-51.9,-22.6,-12.7,20.2,0.79216895,0.0304574725,-0.607409894,0.0503860591
685,1717477,1442080,0.913,0.232,0.246,-148.3,-17.1,-48.6,-22.6,-12.7,20.2,0.792107913,0.0285653249,-0.607837153,0.0475783563
686,1721421,1442090,0.948,0.224,0.218,-152.4,-21,-46.5,-22.3,-13.2,20.1,0.791955321,0.0265511032,-0.608325449,0.0447096164
687,1721679,1442090,0.956,0.224,0.206,-155.1,-23.2,-45.7,-22.3,-13.2,20.1,0.79177221,0.0245063631,-0.608844264,0.041871395
688,1724877,1442090,0.952,0.228,0.199,-156.1,-23.3,-46.1,-22.3,-13.2,20.1,0.791589099,0.0224311045,-0.609363079,0.0390026551
689,1728122,1442090,0.948,0.225,0.179,-156.1,-21.4,-47.3,-22.3,-13.2,20.1,0.791405988,0.0203863643,-0.609820856,0.0360728782
690,1729612,1442100,0.948,0.225,0.179,-156.1,-21.4,-47.3,-22.3,-13.2,20.1,0.791405988,0.0203863643,-0.609820856,0.0360728782
691,1732925,1442100,0.968,0.221,0.155,-156.3,-15.3,-51.2,-22.4,-14,19.7,0.791039766,0.0174260689,-0.61076693,0.0293588061
692,1734960,1442100,0.976,0.201,0.147,-157.6,-12.1,-53.6,-22.4,-14,19.7,0.790978729,0.0154423658,-0.611041597,0.0263069552
693,1737168,1442100,0.983,0.174,0.139,-159.8,-9.2,-55.9,-22.4,-14,19.7,0.79094821,0.0134281442,-0.611285745,0.0231940672
694,1740418,1442110,0.987,0.158,0.134,-162.6,-6.3,-58.4,-22.2,-14.8,19.5,0.790917692,0.0114139225,-0.611438337,0.0200201422
695,1741850,1442110,0.991,0.127,0.134,-165.7,-3.5,-60.9,-22.2,-14.8,19.5,0.79094821,0.00936918241,-0.611560411,0.0167851802
696,1745016,1442110,1.003,0.095,0.141,-168.3,-0.8,-63.3,-22.2,-14.8,19.5,0.790978729,0.00729392376,-0.611621448,0.0134281442
697,1747254,1442110,1.007,0.071,0.153,-170.6,1.4,-65.4,-22.2,-14.8,19.5,0.791039766,0.00521866512,-0.611621448,0.0100405896
698,1749562,1442120,1.015,0.044,0.164,-172.3,3.2,-67.1,-22.2,-15.2,19,0.791100803,0.00314340648,-0.61159093,0.00656147954
699,1751994,1442120,1.007,0.028,0.176,-173.5,4.6,-68.4,-22.2,-15.2,19,0.791192358,0.00106814783,-0.611529893,0.00308236946
700,1754208,1442120,1.007,-0.003,0.195,-174.1,5.5,-69.3,-22.2,-15.2,19,0.791253395,-0.000976592303,-0.611438337,-0.000427259133
701,1757789,1442120,1.003,-0.023,0.21,-174.4,5.9,-70.3,-22.2,-15.2,19,0.791344951,-0.00305185095,-0.611346782,-0.00396740623
702,1759278,1442130,0.999,-0.034,0.218,-174.4,5.6,-71,-22.4,-16.9,18.7,0.791375469,-0.00512710959,-0.611224708,-0.00750755333
703,1762975,1442130,0.987,-0.062,0.218,-173.9,5.1,-71.5,-22.4,-16.9,18.7,0.791405988,-0.00717184973,-0.611102634,-0.0110782189
704,1764428,1442130,0.983,-0.066,0.226,-172.2,4.4,-71.4,-22.4,-16.9,18.7,0.791405988,-0.00918607135,-0.61098056,-0.0145878475
705,1767424,1442130,0.976,-0.065,0.218,-169.4,4,-70.9,-22.4,-16.9,18.7,0.791405988,-0.0111697745,-0.610889004,-0.0180669576
706,1771306,1442140,0.964,-0.053,0.215,-165.2,3.7,-69.9,-22,-17,18.7,0.791375469,-0.0130924406,-0.61076693,-0.0214850307
707,1773649,1442140,0.944,-0.018,0.204,-160.5,3.6,-68.5,-22,-17,18.7,0.791344951,-0.0149540696,-0.610644856,-0.0247810297
708,1775848,1442140,0.929,-0.006,0.2,-156.1,3.5,-66.7,-22,-17,18.7,0.791314432,-0.0167241432,-0.610522782,-0.0280465102
709,1778172,1442140,0.917,-0.001,0.185,-153,3.6,-64.9,-22,-17,18.7,0.791253395,-0.0185247353,-0.610339671,-0.0312204352
710,1780471,1442150,0.917,-0.001,0.185,-153,3.6,-64.9,-22,-17,18.7,0.791253395,-0.0185247353,-0.610339671,-0.0312204352
711,1782484,1442150,0.909,0.017,0.209,-150.8,3.7,-61.7,-22.3,-17.9,18.4,0.790978729,-0.0222174749,-0.610248115,-0.0372936186
712,1784585,1442150,0.897,0.021,0.221,-150,3.8,-60.8,-22.3,-17.9,18.4,0.790917692,-0.0239875484,-0.610095523,-0.040314951
713,1787935,1442150,0.893,0.036,0.233,-148.3,4.1,-60.2,-22.3,-17.9,18.4,0.790826136,-0.0257271035,-0.609912412,-0.043366802
714,1789977,1442160,0.897,0.04,0.248,-145.2,4.7,-59.8,-22.3,-18.8,18.3,0.790765099,-0.02743614,-0.609729301,-0.0463270974
715,1793428,1442160,0.901,0.048,0.264,-140.8,5.7,-59.8,-22.3,-18.8,18.3,0.790673544,-0.029053621,-0.609515671,-0.0492263558
716,1795584,1442160,0.897,0.063,0.272,-135.1,7.2,-60.2,-22.3,-18.8,18.3,0.790612506,-0.0305795465,-0.609271523,-0.0520340587
717,1797931,1442160,0.897,0.071,0.276,-128.3,9.4,-60.6,-22.3,-18.8,18.3,0.790581988,-0.0319833979,-0.608996857,-0.0548417615
718,1799415,1442170,0.889,0.114,0.284,-120.5,12.1,-61.1,-21.7,-19.3,17.6,0.790581988,-0.0332346568,-0.608691671,-0.0574968719
719,1802398,1442170,0.889,0.138,0.273,-112.6,14.5,-61.4,-21.7,-19.3,17.6,0.790612506,-0.0343638417,-0.608355968,-0.0600604266
720,1805966,1442170,0.885,0.162,0.265,-105.2,16.1,-61.4,-21.7,-19.3,17.6,0.790673544,-0.035340434,-0.607959227,-0.0625324259
721,1808142,1442170,0.881,0.209,0.254,-99,16.7,-60.8,-21.7,-19.3,17.6,0.790734581,-0.0361644337,-0.607593005,-0.0649128697
722,1810459,1442180,0.877,0.225,0.247,-94.4,16.3,-59.9,-21.8,-20.2,16.8,0.790795618,-0.037018952,-0.607226783,-0.0672017579
723,1812530,1442180,0.885,0.256,0.243,-91.4,15.5,-58.8,-21.8,-20.2,16.8,0.790826136,-0.0378124332,-0.606860561,-0.0694296091
724,1814696,1442180,0.885,0.284,0.228,-89.5,14.9,-58.2,-21.8,-20.2,16.8,0.790856655,-0.0385448775,-0.606524857,-0.0716574602
725,1817923,1442180,0.874,0.315,0.221,-88.5,14.8,-57.9,-21.8,-20.2,16.8,0.790887173,-0.0392773217,-0.606158635,-0.0738242744
726,1819992,1442190,0.874,0.335,0.217,-88.5,15.3,-58.3,-21.5,-20.9,16.9,0.790917692,-0.0400097659,-0.605822932,-0.0760216071
727,1822279,1442190,0.866,0.363,0.206,-89.4,16.5,-59.3,-21.5,-20.9,16.9,0.790978729,-0.0407422102,-0.605426191,-0.0782189398
728,1825515,1442190,0.858,0.375,0.175,-91.2,18,-61,-21.5,-20.9,16.9,0.791009247,-0.0415051729,-0.604998932,-0.080507828
729,1827848,1442190,0.862,0.379,0.167,-94,19.4,-63.1,-21.5,-20.9,16.9,0.791070284,-0.0422376171,-0.604571673,-0.0828577532
730,1829809,1442200,0.862,0.379,0.167,-94,19.4,-63.1,-21.5,-20.9,16.9,0.791070284,-0.0422376171,-0.604571673,-0.0828577532
731,1832155,1442200,0.874,0.375,0.159,-102.4,18.9,-67.4,-21.8,-21.7,16.4,0.790734581,-0.0415356914,-0.604113895,-0.0895718253
732,1835000,1442200,0.87,0.359,0.166,-107.5,16.1,-68.6,-21.8,-21.7,16.4,0.790704062,-0.0424817652,-0.603686636,-0.0921964171
733,1837201,1442200,0.874,0.344,0.17,-112.6,12.2,-69.2,-21.8,-21.7,16.4,0.790612506,-0.043488876,-0.603320414,-0.094882046
734,1840435,1442210,0.885,0.347,0.174,-117.7,8,-69.2,-21.4,-22.1,15.9,0.790459914,-0.0446180609,-0.60298471,-0.0976287118
735,1842777,1442210,0.901,0.32,0.165,-123,4.4,-68.9,-21.4,-22.1,15.9,0.790246284,-0.0458082827,-0.602710044,-0.100436415
736,1844725,1442210,0.909,0.296,0.157,-128.3,1.8,-68.8,-21.4,-22.1,15.9,0.790002136,-0.0471205786,-0.602465896,-0.103335673
737,1847945,1442210,0.921,0.281,0.141,-134.2,0.2,-69.1,-21.4,-22.1,15.9,0.789696951,-0.0485244301,-0.602221747,-0.10626545
738,1849426,1442220,0.933,0.261,0.137,-140.4,-0.9,-69.7,-21.2,-22.8,15.7,0.789361248,-0.050019837,-0.602008118,-0.109317301
739,1852424,1442220,0.956,0.226,0.124,-146.7,-2,-71.1,-21.2,-22.8,15.7,0.788995025,-0.0516067995,-0.60176397,-0.112460707
740,1855129,1442220,0.968,0.202,0.116,-152.4,-2.7,-73,-21.2,-22.8,15.7,0.788598285,-0.053254799,-0.601519822,-0.115726188
741,1857166,1442220,0.98,0.186,0.1,-157.4,-3.1,-75.4,-21.2,-22.8,15.7,0.788201544,-0.0550248726,-0.601245155,-0.119083224
742,1860437,1442230,0.995,0.143,0.075,-161.3,-3,-78,-20.7,-23.3,14.7,0.787743767,-0.0567644276,-0.600970489,-0.122531816
743,1862584,1442230,0.988,0.12,0.064,-164.4,-2.7,-80.5,-20.7,-23.3,14.7,0.787285989,-0.0585345012,-0.600665304,-0.126071963
744,1864616,1442230,0.972,0.097,0.064,-166.5,-2.1,-83.2,-20.7,-23.3,14.7,0.786797693,-0.0603350932,-0.600360118,-0.129703665
745,1867518,1442230,0.976,0.077,0.059,-168.2,-1.7,-86.2,-20.7,-23.3,14.7,0.786309397,-0.0620441298,-0.600024415,-0.133365886
746,1869808,1442240,0.972,0.042,0.075,-169.4,-1.8,-90,-20.7,-24.4,14.7,0.785790582,-0.0638142033,-0.599658193,-0.137119663
747,1872131,1442240,0.98,0.022,0.082,-170.4,-2.8,-94.4,-20.7,-24.4,14.7,0.785241249,-0.0655232398,-0.599322489,-0.140964995
748,1875002,1442240,0.984,0.002,0.086,-171.4,-4.8,-99,-20.7,-24.4,14.7,0.78460036,-0.0671712394,-0.599017304,-0.144901883
749,1877279,1442240,1.054,-0.029,0.096,-172.8,-8,-103.6,-20.7,-24.4,14.7,0.783898434,-0.0687887204,-0.598773156,-0.148930326
750,1880461,1442250,1.054,-0.029,0.096,-172.8,-8,-103.6,-20.7,-24.4,14.7,0.783898434,-0.0687887204,-0.598773156,-0.148930326
751,1882506,1442250,1.167,-0.062,0.101,-175.5,-16.2,-108.9,-20.2,-25.2,13.7,0.781640065,-0.0724509415,-0.599322489,-0.156773583
752,1884824,1442250,1.195,-0.082,0.116,-176.3,-19.7,-107.8,-20.2,-25.2,13.7,0.780724509,-0.0741294595,-0.599200415,-0.160893582
753,1886975,1442250,1.167,-0.118,0.14,-175.7,-22.2,-102.8,-20.2,-25.2,13.7,0.779778436,-0.075838496,-0.599139378,-0.164891507
754,1890950,1442260,1.152,-0.125,0.148,-173.7,-23.9,-94.3,-19.9,-25.9,13.5,0.778832362,-0.0776696066,-0.599078341,-0.168736839
755,1893139,1442260,1.136,-0.129,0.164,-170.3,-25.4,-83.4,-19.9,-25.9,13.5,0.777886288,-0.0795617542,-0.599017304,-0.172338023
756,1895381,1442260,1.124,-0.118,0.176,-166.2,-27.4,-71.9,-19.9,-25.9,13.5,0.776970733,-0.0815454573,-0.598956267,-0.175695059
757,1897503,1442260,1.124,-0.09,0.192,-161.6,-29.9,-61.3,-19.9,-25.9,13.5,0.776055177,-0.0835901975,-0.598956267,-0.178777429
758,1899769,1442270,1.12,-0.067,0.192,-157,-32.8,-52.8,-19.7,-26.5,12.8,0.775109104,-0.0856959746,-0.598986785,-0.181676687
759,1903012,1442270,1.108,-0.047,0.196,-152.6,-35.2,-46.8,-19.7,-26.5,12.8,0.774193548,-0.0878017518,-0.599078341,-0.184392834
760,1905015,1442270,1.081,0,0.186,-148.8,-36.8,-42.8,-19.7,-26.5,12.8,0.773247475,-0.0899075289,-0.599169897,-0.186986908
761,1907663,1442270,1.065,0.016,0.174,-145.6,-37.5,-40.6,-19.7,-26.5,12.8,0.772301401,-0.0919827876,-0.599291971,-0.189489425
762,1909761,1442280,1.042,0.024,0.171,-143.4,-37.5,-39.9,-19.4,-26.4,12.5,0.771355327,-0.0940275277,-0.599414045,-0.191961425
763,1912077,1442280,1.03,0.043,0.171,-141.9,-37.1,-40.4,-19.4,-26.4,12.5,0.770378735,-0.0960417493,-0.5995056,-0.194433424
764,1914609,1442280,0.964,0.06,0.173,-140.7,-36.5,-41.6,-19.4,-26.4,12.5,0.769432661,-0.0980254524,-0.599627674,-0.196905423
765,1916923,1442280,0.921,0.06,0.181,-139.4,-35.9,-43.1,-19.4,-26.4,12.5,0.768486587,-0.0999481185,-0.59971923,-0.199377422
766,1921382,1442290,0.917,0.072,0.174,-138,-35.7,-45.2,-19.3,-27.4,12.5,0.767509995,-0.101809748,-0.599810785,-0.201849422
767,1921679,1442290,0.851,0.065,0.175,-136.6,-36.2,-48.6,-19.3,-27.4,12.5,0.766502884,-0.10361034,-0.599902341,-0.204382458
768,1925004,1442290,0.882,0.081,0.163,-135.5,-37.7,-54,-19.3,-27.4,12.5,0.765465255,-0.105349895,-0.600054933,-0.206976531
769,1927383,1442290,0.929,0.104,0.162,-134.8,-40.3,-61.8,-19.3,-27.4,12.5,0.76433607,-0.106997894,-0.600268563,-0.20966216
770,1929619,1442300,0.929,0.104,0.162,-134.8,-40.3,-61.8,-19.3,-27.4,12.5,0.76433607,-0.106997894,-0.600268563,-0.20966216
771,1933738,1442300,1.034,0.091,0.129,-134.5,-45.8,-79.1,-19.1,-28.1,12,0.761833552,-0.109897153,-0.600848415,-0.215491195
772,1935943,1442300,1.03,0.095,0.129,-134.3,-46.5,-84.3,-19.1,-28.1,12,0.760521256,-0.111270486,-0.601184118,-0.218543046
773,1938141,1442300,1.019,0.095,0.129,-133.5,-45.4,-85.2,-19.1,-28.1,12,0.759178442,-0.112582781,-0.601519822,-0.221594897
774,1940391,1442310,0.929,0.061,0.13,-132.2,-43.5,-83,-18.8,-29.1,11.6,0.757866146,-0.113864559,-0.601794488,-0.224585711
775,1941897,1442310,0.933,0.053,0.122,-130.8,-42.3,-80.1,-18.8,-29.1,11.6,0.756584368,-0.115207373,-0.602038636,-0.227546007
776,1944982,1442310,0.972,0.069,0.11,-130.1,-42.7,-79.1,-18.8,-29.1,11.6,0.755302591,-0.116519669,-0.602313303,-0.230445265
777,1947210,1442310,1.011,0.08,0.09,-129.7,-44.7,-81,-18.8,-29.1,11.6,0.753990295,-0.117831965,-0.60258797,-0.233375042
778,1950392,1442320,1.085,0.092,0.05,-129.8,-47.1,-85,-18,-29.2,11,0.752586444,-0.119083224,-0.602923673,-0.236335337
779,1951799,1442320,1.078,0.084,0.034,-129.8,-48.2,-89,-18,-29.2,11,0.751152074,-0.120273446,-0.603289895,-0.239387188
780,1954632,1442320,1.043,0.069,0.035,-129.8,-46.6,-91.5,-18,-29.2,11,0.749717704,-0.121463668,-0.60359508,-0.242469558
781,1957926,1442320,1.078,0.077,0,-129.5,-42.6,-92.9,-18,-29.2,11,0.748313852,-0.122562334,-0.603839228,-0.245582446
782,1960042,1442330,1.117,0.092,-0.016,-128.7,-38,-93.9,-17.7,-29.4,10.4,0.746971038,-0.123630482,-0.60402234,-0.248725852
783,1962347,1442330,1.094,0.081,-0.024,-127.2,-34.2,-95.2,-17.7,-29.4,10.4,0.745628224,-0.124607074,-0.604144414,-0.25183874
784,1964470,1442330,1.051,0.054,-0.023,-125.1,-31.4,-96.3,-17.7,-29.4,10.4,0.744346446,-0.125583666,-0.604235969,-0.254982147
785,1967497,1442330,1.023,0.039,-0.031,-122.3,-29.4,-96.3,-17.7,-29.4,10.4,0.743095187,-0.126468703,-0.604297006,-0.258064516
786,1969853,1442340,1.074,0.042,-0.04,-118.7,-28.5,-94.5,-17.5,-30.8,10,0.741843928,-0.127292703,-0.604358043,-0.261085849
787,1971653,1442340,1.098,0.038,-0.044,-114.1,-28.6,-91.4,-17.5,-30.8,10,0.740623188,-0.128116703,-0.60441908,-0.263985107
788,1975618,1442340,1.144,0.049,-0.01,-108.9,-29.1,-87.4,-17.5,-30.8,10,0.739432966,-0.128879666,-0.604480117,-0.266762291
789,1977108,1442340,1.176,0.04,0.004,-104.6,-29.1,-83.5,-17.5,-30.8,10,0.738273263,-0.129642628,-0.604602191,-0.269417402
790,1980679,1442350,1.176,0.04,0.004,-104.6,-29.1,-83.5,-17.5,-30.8,10,0.738273263,-0.129642628,-0.604602191,-0.269417402
791,1982931,1442350,1.136,-0.018,0.028,-104.5,-25.5,-77.7,-16.8,-31.3,9.1,0.736014893,-0.131199072,-0.604663228,-0.274544511
792,1984881,1442350,1.035,-0.068,0.053,-109,-21.8,-75.9,-16.8,-31.3,9.1,0.734977264,-0.132053591,-0.604571673,-0.277138585
793,1987108,1442350,1.039,-0.072,0.072,-115.2,-17.6,-75.4,-16.8,-31.3,9.1,0.733939634,-0.133030183,-0.604388562,-0.279763176
794,1990361,1442360,1.027,-0.092,0.08,-121.5,-13.9,-77.1,-16.4,-31.4,9.3,0.732932524,-0.134067812,-0.604083377,-0.282601398
795,1992420,1442360,1.042,-0.104,0.099,-126.6,-11.7,-81.1,-16.4,-31.4,9.3,0.731894894,-0.135074923,-0.603717154,-0.285531175
796,1994595,1442360,1.039,-0.135,0.11,-130.2,-11,-86.5,-16.4,-31.4,9.3,0.730826746,-0.136082034,-0.603350932,-0.288613544
797,1997794,1442360,1.058,-0.132,0.114,-132,-11.5,-91.5,-16.4,-31.4,9.3,0.729697562,-0.137058626,-0.602954192,-0.291756951
798,1999324,1442370,1.07,-0.14,0.118,-132.3,-12.7,-95.1,-15.8,-32.4,8,0.728537858,-0.1380047,-0.602618488,-0.294991913
799,2001732,1442370,1.093,-0.14,0.121,-131.3,-14.3,-96.4,-15.8,-32.4,8,0.727317118,-0.138889737,-0.602282785,-0.298196356
800,2005398,1442370,1.081,-0.14,0.125,-129.3,-15.9,-94.8,-15.8,-32.4,8,0.726096377,-0.139805292,-0.601977599,-0.301339763
801,2007454,1442370,1.074,-0.128,0.126,-126.7,-17.1,-90.6,-15.8,-32.4,8,0.724875637,-0.140751366,-0.601672414,-0.304391614
802,2009763,1442380,1.058,-0.12,0.126,-123.7,-18,-84.7,-15.5,-31.6,8.2,0.723715934,-0.141697439,-0.601397748,-0.307290872
803,2012720,1442380,1.046,-0.104,0.126,-120.7,-18.8,-78.6,-15.5,-31.6,8.2,0.72255623,-0.14270455,-0.601123081,-0.310068056
804,2015852,1442380,1.019,-0.1,0.127,-117.7,-19.7,-73.1,-15.5,-31.6,8.2,0.721427046,-0.14374218,-0.600878933,-0.312692648
805,2018159,1442380,0.956,-0.111,0.132,-114.9,-20.9,-69,-15.5,-31.6,8.2,0.720328379,-0.14474929,-0.600634785,-0.315225684
806,2020443,1442390,0.941,-0.079,0.132,-112,-22.4,-66.8,-15.5,-32.9,7.3,0.719199194,-0.145817438,-0.600421155,-0.317667165
807,2022456,1442390,0.972,-0.06,0.128,-108.8,-25,-66.9,-15.5,-32.9,7.3,0.718070009,-0.146824549,-0.600268563,-0.320078127
808,2024662,1442390,0.988,-0.045,0.132,-105.1,-28.8,-69.6,-15.5,-32.9,7.3,0.716849269,-0.147770623,-0.600207526,-0.322428053
809,2027783,1442390,1.042,-0.014,0.127,-101.3,-33.2,-73.8,-15.5,-32.9,7.3,0.715567492,-0.148625141,-0.600238044,-0.324808496
810,2029195,1442400,1.042,-0.014,0.127,-101.3,-33.2,-73.8,-15.5,-32.9,7.3,0.715567492,-0.148625141,-0.600238044,-0.324808496
811,2032204,1442400,1.023,-0.002,0.148,-94.6,-38.9,-79.4,-15,-33.4,7.1,0.712881863,-0.150669881,-0.600634785,-0.329111606
812,2035309,1442400,1.015,0.005,0.163,-91.4,-39.8,-79.1,-15,-33.4,7.1,0.711478011,-0.151341288,-0.600848415,-0.331400494
813,2036829,1442400,1.042,0.039,0.191,-87.9,-40.6,-77,-15,-33.4,7.1,0.710104678,-0.151982177,-0.601092563,-0.333597827
814,2040610,1442410,1.03,0.043,0.203,-84.1,-42,-73.8,-14.5,-33.7,6.5,0.708731346,-0.152623066,-0.601397748,-0.335703604
815,2042774,1442410,1.018,0.043,0.226,-80.6,-43.8,-70.2,-14.5,-33.7,6.5,0.707358013,-0.153263955,-0.601702933,-0.337717826
816,2045760,1442410,1.018,0.058,0.234,-78,-45.3,-66.7,-14.5,-33.7,6.5,0.706015198,-0.153935362,-0.602038636,-0.339609973
817,2047210,1442410,1.061,0.113,0.195,-76.6,-46.2,-64.2,-14.5,-33.7,6.5,0.704672384,-0.154606769,-0.602404859,-0.341441084
818,2050858,1442420,1.061,0.137,0.18,-76.5,-46.6,-62.4,-14.3,-34.1,6.5,0.703329569,-0.155308695,-0.602771081,-0.343272195
819,2053106,1442420,1.046,0.153,0.188,-77.3,-46.1,-60.5,-14.3,-34.1,6.5,0.702017273,-0.156041139,-0.603106784,-0.345042268
820,2054454,1442420,0.976,0.17,0.154,-78,-44.7,-57.3,-14.3,-34.1,6.5,0.700704978,-0.156804102,-0.603381451,-0.346812342
821,2057520,1442420,0.944,0.198,0.163,-77.8,-42.3,-52.8,-14.3,-34.1,6.5,0.699484237,-0.157628101,-0.603625599,-0.34849086
822,2059717,1442430,0.956,0.229,0.14,-76.2,-39.5,-48.1,-13.9,-33.2,6.5,0.698324534,-0.158421583,-0.60380871,-0.350077822
823,2062821,1442430,0.956,0.261,0.128,-73.1,-36.8,-44.4,-13.9,-33.2,6.5,0.697256386,-0.159276101,-0.603961303,-0.351603748
824,2064262,1442430,0.866,0.246,0.114,-69.1,-34.5,-42.4,-13.9,-33.2,6.5,0.696249275,-0.160039064,-0.604113895,-0.353038118
825,2067330,1442430,0.878,0.235,0.102,-65.2,-32.4,-42,-13.9,-33.2,6.5,0.695242164,-0.160710471,-0.604235969,-0.354441969
826,2070494,1442440,0.859,0.216,0.079,-61.1,-30.7,-43,-13.4,-34.8,5.3,0.694296091,-0.161320841,-0.604388562,-0.355784783
827,2071949,1442440,0.859,0.252,0.044,-55.5,-29,-45.1,-13.4,-34.8,5.3,0.693380535,-0.161778619,-0.604571673,-0.357097079
828,2074958,1442440,0.898,0.299,0.016,-46.8,-27.6,-47.3,-13.4,-34.8,5.3,0.69246498,-0.162083804,-0.604785302,-0.35831782
829,2077774,1442440,0.89,0.303,0.005,-35.1,-26.4,-49,-13.4,-34.8,5.3,0.691610462,-0.162175359,-0.605090487,-0.359447005
830,2079343,1442450,0.89,0.303,0.005,-35.1,-26.4,-49,-13.4,-34.8,5.3,0.691610462,-0.162175359,-0.605090487,-0.359447005
831,2082960,1442450,0.941,0.31,0,-16.6,-27.5,-52.3,-12.9,-34.4,4.8,0.689626759,-0.161656545,-0.606402783,-0.361247597
832,2084505,1442450,0.992,0.341,-0.003,-16.2,-30.7,-56.3,-12.9,-34.4,4.8,0.688741722,-0.161412397,-0.606921598,-0.36219367
833,2087043,1442450,1.043,0.325,-0.016,-22,-34.9,-62.3,-12.9,-34.4,4.8,0.687704093,-0.161168249,-0.60750145,-0.363322855
834,2089348,1442460,1.062,0.293,0.002,-32.8,-38.5,-69.1,-12.4,-35.2,4.8,0.686513871,-0.161076693,-0.608050783,-0.364635151
835,2093017,1442460,1.085,0.296,0.029,-46,-39.5,-75,-12.4,-35.2,4.8,0.685232093,-0.161076693,-0.608539079,-0.366252632
836,2094659,1442460,1.085,0.268,0.048,-59.4,-37.4,-78.9,-12.4,-35.2,4.8,0.683889279,-0.161198767,-0.608905301,-0.368083743
837,2097895,1442460,1.077,0.237,0.071,-71.6,-33.2,-80.4,-12.4,-35.2,4.8,0.682546464,-0.161473434,-0.609088412,-0.370097964
838,2100081,1442470,1.046,0.154,0.098,-82.2,-28.5,-80.1,-12,-35.3,4.7,0.681234169,-0.161870174,-0.609149449,-0.372295297
839,2102139,1442470,1.066,0.119,0.105,-91.3,-24.9,-79.1,-12,-35.3,4.7,0.679921873,-0.162388989,-0.609057894,-0.374584185
840,2106184,1442470,1.085,0.091,0.112,-99.2,-22.8,-78.3,-12,-35.3,4.7,0.678640095,-0.162999359,-0.608844264,-0.376995148
841,2108437,1442470,1.105,0.055,0.115,-105.7,-22.1,-78,-12,-35.3,4.7,0.677327799,-0.163701285,-0.608600116,-0.379467147
842,2110714,1442480,1.105,0.008,0.119,-110.9,-22.2,-77.2,-11.9,-34.6,5.3,0.675984985,-0.164494766,-0.608264412,-0.382000183
843,2112218,1442480,1.113,-0.011,0.111,-114.6,-22.3,-75.3,-11.9,-34.6,5.3,0.67464217,-0.165379803,-0.60789819,-0.384563738
844,2114245,1442480,1.109,-0.015,0.115,-116.7,-22.2,-71.9,-11.9,-34.6,5.3,0.673329875,-0.166325877,-0.607531968,-0.387096774
845,2118469,1442480,1.105,-0.022,0.111,-117.2,-22.4,-67.2,-11.9,-34.6,5.3,0.672048097,-0.167332987,-0.607104709,-0.389538255
846,2120739,1442490,1.085,-0.022,0.111,-116.2,-22.9,-61.2,-11.4,-35.5,3,0.67076632,-0.168431654,-0.60667745,-0.39188818
847,2123047,1442490,1.062,-0.014,0.119,-113.8,-24,-54.4,-11.4,-35.5,3,0.669576098,-0.169591357,-0.606250191,-0.394116031
848,2125435,1442490,1.042,-0.014,0.127,-110.3,-25.5,-47.3,-11.4,-35.5,3,0.668416395,-0.170781579,-0.60585345,-0.396160772
849,2127497,1442490,1.011,-0.006,0.128,-106,-27.4,-40.4,-11.4,-35.5,3,0.667317728,-0.172032838,-0.605487228,-0.398052919
850,2129278,1442500,1.011,-0.006,0.128,-106,-27.4,-40.4,-11.4,-35.5,3,0.667317728,-0.172032838,-0.605487228,-0.398052919
851,2131772,1442500,0.984,0.013,0.137,-96.1,-32.7,-30.3,-10.9,-36.3,3,0.665272988,-0.175023652,-0.604998932,-0.400860622
852,2136346,1442500,0.98,0.041,0.137,-90.7,-35.4,-27.6,-10.9,-36.3,3,0.66420484,-0.176305429,-0.604815821,-0.402356029
853,2138606,1442500,0.976,0.056,0.141,-85.1,-38,-26.2,-10.9,-36.3,3,0.663167211,-0.17752617,-0.604724265,-0.403698843
854,2140855,1442510,0.98,0.072,0.141,-79.5,-40,-25.7,-10.8,-36,2.6,0.662099063,-0.178685873,-0.604693747,-0.404980621
855,2143142,1442510,0.976,0.084,0.142,-73.9,-41.3,-25.7,-10.8,-36,2.6,0.661030915,-0.179784539,-0.604724265,-0.406170843
856,2145077,1442510,0.976,0.107,0.146,-68.5,-41.8,-25.8,-10.8,-36,2.6,0.659962767,-0.18079165,-0.604815821,-0.407269509
857,2147348,1442510,0.964,0.127,0.15,-63.3,-41.6,-25.5,-10.8,-36,2.6,0.658955657,-0.181737724,-0.604968413,-0.408307138
858,2149268,1442520,0.964,0.139,0.142,-58.5,-41,-24.6,-11,-36.6,2.2,0.657948546,-0.182622761,-0.605121006,-0.409283731
859,2151846,1442520,0.944,0.163,0.143,-54.5,-40,-23.4,-11,-36.6,2.2,0.657002472,-0.18344676,-0.605304117,-0.410168767
860,2156315,1442520,0.944,0.182,0.132,-51.4,-39.2,-22.3,-11,-36.6,2.2,0.656086917,-0.184240242,-0.605517747,-0.411023286
861,2158600,1442520,0.948,0.186,0.128,-49.1,-38.5,-21.2,-11,-36.6,2.2,0.655171361,-0.185003204,-0.605700858,-0.411816767
862,2160860,1442530,0.952,0.194,0.128,-47.4,-38.1,-20.4,-10.6,-35.1,3.9,0.654286325,-0.185766167,-0.605914487,-0.41257973
863,2163096,1442530,0.948,0.214,0.124,-45.9,-38,-19.9,-10.6,-35.1,3.9,0.653431806,-0.186498611,-0.606097598,-0.413312174
864,2165342,1442530,0.96,0.222,0.112,-44.7,-38,-19.9,-10.6,-35.1,3.9,0.65254677,-0.187231056,-0.606341746,-0.414044618
865,2167326,1442530,0.98,0.233,0.112,-43.7,-37.9,-20.3,-10.6,-35.1,3.9,0.651692251,-0.187902463,-0.606555376,-0.414746544
866,2171507,1442540,0.98,0.234,0.096,-42.9,-37.6,-20.9,-11,-36.8,1.5,0.650837733,-0.18857387,-0.606799524,-0.415448469
867,2171924,1442540,0.999,0.233,0.092,-42.3,-36.8,-21.5,-11,-36.8,1.5,0.649983215,-0.189245277,-0.607013153,-0.416180914
868,2174495,1442540,0.988,0.23,0.088,-41.7,-35.9,-22.2,-11,-36.8,1.5,0.649128697,-0.189855647,-0.607226783,-0.416882839
869,2178818,1442540,1.011,0.241,0.084,-41.1,-35,-23.3,-11,-36.8,1.5,0.648274178,-0.190466018,-0.607470931,-0.417615284
870,2181130,1442550,1.011,0.241,0.084,-41.1,-35,-23.3,-11,-36.8,1.5,0.648274178,-0.190466018,-0.607470931,-0.417615284
871,2183339,1442550,1.054,0.237,0.099,-40.1,-33.5,-26.5,-10.1,-36.5,1.6,0.646382031,-0.191717277,-0.608172857,-0.41892758
872,2185471,1442550,1.062,0.229,0.099,-40.2,-32.7,-27.9,-10.1,-36.5,1.6,0.645496994,-0.192205573,-0.608386486,-0.419721061
873,2187888,1442550,1.077,0.224,0.106,-40.9,-31.8,-28.5,-10.1,-36.5,1.6,0.644672994,-0.192693869,-0.608569597,-0.420514542
874,2189722,1442560,1.073,0.205,0.122,-42.3,-30.7,-28.4,-10.1,-36.9,1.6,0.643818476,-0.193212683,-0.608752709,-0.42136906
875,2192985,1442560,1.085,0.189,0.117,-44.1,-29.6,-27.8,-10.1,-36.9,1.6,0.642994476,-0.193731498,-0.608874783,-0.42219306
876,2195299,1442560,1.085,0.185,0.121,-46.6,-28.5,-27,-10.1,-36.9,1.6,0.642170476,-0.194280831,-0.608966338,-0.423078097
877,2197389,1442560,1.085,0.138,0.125,-49.4,-27.3,-26.3,-10.1,-36.9,1.6,0.641346477,-0.194891202,-0.608996857,-0.423993652
878,2199621,1442570,1.085,0.126,0.125,-52.5,-26.1,-25.3,-9.7,-36.7,1,0.640522477,-0.19553209,-0.608966338,-0.424939726
879,2202097,1442570,1.077,0.11,0.124,-55.5,-25.1,-24.2,-9.7,-36.7,1,0.639728996,-0.196203497,-0.60893582,-0.425916318
880,2204387,1442570,1.077,0.098,0.128,-58,-24.6,-23.2,-9.7,-36.7,1,0.638935514,-0.196935942,-0.608813746,-0.426892911
881,2206716,1442570,1.058,0.083,0.128,-59.6,-24.4,-22.3,-9.7,-36.7,1,0.638142033,-0.197698904,-0.608691671,-0.427900021
882,2210959,1442580,1.062,0.071,0.128,-60.1,-24.9,-21.5,-9.7,-35.7,3,0.63737907,-0.198461867,-0.608569597,-0.428876614
883,2213378,1442580,1.066,0.067,0.128,-59.7,-25.7,-20.2,-9.7,-35.7,3,0.636585589,-0.199285867,-0.608478042,-0.429853206
884,2215334,1442580,1.089,0.075,0.128,-58.4,-26.9,-18.6,-9.7,-35.7,3,0.635792108,-0.200109867,-0.608386486,-0.430768761
885,2217469,1442580,1.089,0.079,0.128,-56.3,-28.3,-16.8,-9.7,-35.7,3,0.634998627,-0.200933866,-0.608325449,-0.43162328
886,2219745,1442590,1.097,0.094,0.132,-53.6,-29.3,-15.1,-9.6,-37,0.4,0.634235664,-0.201727348,-0.608294931,-0.432416761
887,2221988,1442590,1.089,0.098,0.14,-50.6,-29.9,-13.8,-9.6,-37,0.4,0.633472701,-0.202551347,-0.608264412,-0.433149205
888,2224535,1442590,1.073,0.118,0.148,-47.5,-29.9,-12.6,-9.6,-37,0.4,0.632770775,-0.20331431,-0.608294931,-0.433820612
889,2226728,1442590,1.069,0.134,0.141,-44.7,-29.5,-11.3,-9.6,-37,0.4,0.63206885,-0.204046754,-0.608325449,-0.434430982
890,2231200,1442600,1.069,0.134,0.141,-44.7,-29.5,-11.3,-9.6,-37,0.4,0.63206885,-0.204046754,-0.608325449,-0.434430982
891,2233452,1442600,1.069,0.153,0.133,-40,-28.4,-9.2,-9.6,-37.1,0.3,0.630970183,-0.206122013,-0.608386486,-0.434980316
892,2235592,1442600,1.069,0.157,0.137,-38.2,-27.8,-8.4,-9.6,-37.1,0.3,0.630329295,-0.20679342,-0.608447523,-0.435468612
893,2237930,1442600,1.062,0.161,0.133,-36.5,-27.4,-7.6,-9.6,-37.1,0.3,0.629749443,-0.207464827,-0.60850856,-0.435956908
894,2239846,1442610,1.058,0.169,0.129,-35.1,-26.9,-7,-9.5,-37,0.3,0.629169591,-0.208105716,-0.608569597,-0.436384167
895,2242188,1442610,1.054,0.181,0.13,-33.7,-26.2,-6.6,-9.5,-37,0.3,0.62858974,-0.208716086,-0.608661153,-0.436811426
896,2246145,1442610,1.058,0.189,0.13,-32.4,-25.4,-6.6,-9.5,-37,0.3,0.628040407,-0.209326456,-0.60872219,-0.437208167
897,2248409,1442610,1.05,0.189,0.13,-31,-24.6,-6.9,-9.5,-37,0.3,0.627491073,-0.209906308,-0.608783227,-0.437604907
898,2250668,1442620,1.05,0.201,0.126,-29.6,-23.8,-7.3,-9.3,-36.6,0.1,0.626972259,-0.210425123,-0.608874783,-0.437971129
899,2252926,1442620,1.042,0.205,0.126,-28.5,-23,-7.7,-9.3,-36.6,0.1,0.626453444,-0.210943937,-0.60893582,-0.43836787
900,2254989,1442620,1.038,0.205,0.122,-27.6,-22.1,-8.1,-9.3,-36.6,0.1,0.625965148,-0.211432234,-0.609027375,-0.438764611
901,2257127,1442620,1.038,0.217,0.119,-26.9,-21.3,-8.6,-9.3,-36.6,0.1,0.625476852,-0.211859493,-0.609088412,-0.439130833
902,2261284,1442630,1.038,0.217,0.123,-26.2,-20.5,-9.3,-9.4,-36.3,2,0.624988556,-0.21231727,-0.609179968,-0.439497055
903,2263391,1442630,1.019,0.229,0.119,-25.7,-20,-9.7,-9.4,-36.3,2,0.624500259,-0.212714011,-0.609241005,-0.439893796
904,2265737,1442630,1.015,0.229,0.115,-25.3,-19.9,-9.6,-9.4,-36.3,2,0.624042482,-0.213110752,-0.609302042,-0.440260018
905,2267917,1442630,0.984,0.198,0.108,-25,-20.2,-8.4,-9.4,-36.3,2,0.623584704,-0.213538011,-0.609393597,-0.44062624
906,2269959,1442640,0.972,0.187,0.096,-24.5,-21.4,-6,-9,-37,0,0.623126926,-0.213995788,-0.609485153,-0.440931425
907,2272235,1442640,0.972,0.19,0.096,-23.5,-23.2,-3,-9,-37,0,0.622669149,-0.214514603,-0.609576708,-0.441175573
908,2274470,1442640,0.98,0.202,0.108,-21.4,-25.7,-0.3,-9,-37,0,0.622211371,-0.215063936,-0.609729301,-0.441328166
909,2276965,1442640,1.003,0.229,0.108,-18.5,-28.1,0.7,-9,-37,0,0.621753594,-0.215582751,-0.609912412,-0.44145024
910,2279234,1442650,1.003,0.229,0.108,-18.5,-28.1,0.7,-9,-37,0,0.621753594,-0.215582751,-0.609912412,-0.44145024
911,2283621,1442650,1.019,0.248,0.119,-13.2,-32,-2.3,-8.9,-37,-0.1,0.620715964,-0.216772973,-0.610644856,-0.441297647
912,2285935,1442650,1.034,0.264,0.127,-12.2,-32.5,-4.9,-8.9,-37,-0.1,0.62019715,-0.217200232,-0.611011078,-0.441389203
913,2288076,1442650,1.034,0.272,0.127,-12.5,-31.7,-6.9,-8.9,-37,-0.1,0.619647816,-0.217566454,-0.611346782,-0.441480758
914,2290371,1442660,1.026,0.283,0.131,-14.2,-29.6,-7.9,-9.1,-36.8,0.1,0.619098483,-0.217963195,-0.611651967,-0.441663869
915,2292459,1442660,1.019,0.276,0.131,-17.1,-26.2,-7.8,-9.1,-36.8,0.1,0.618579669,-0.218329417,-0.611865596,-0.44184698
916,2294697,1442660,1.007,0.268,0.132,-21.1,-22.3,-7.5,-9.1,-36.8,0.1,0.618121891,-0.218726157,-0.611987671,-0.442152165
917,2298699,1442660,0.999,0.26,0.132,-25.5,-18.5,-7.2,-9.1,-36.8,0.1,0.617664113,-0.219153417,-0.612048708,-0.442487869
918,2300910,1442670,0.98,0.245,0.128,-29.6,-15.4,-7,-8.8,-36.6,-0.2,0.617267373,-0.219611194,-0.611987671,-0.442915128
919,2303177,1442670,0.972,0.229,0.128,-32.8,-13.4,-6.2,-8.8,-36.6,-0.2,0.616870632,-0.22009949,-0.611896115,-0.443372906
920,2305458,1442670,0.976,0.221,0.12,-34.8,-12.5,-5.2,-8.8,-36.6,-0.2,0.616473891,-0.220618305,-0.611743522,-0.443830683
921,2307469,1442670,0.968,0.218,0.116,-35.6,-12.2,-4.3,-8.8,-36.6,-0.2,0.616107669,-0.221167638,-0.61159093,-0.444318979
922,2309661,1442680,0.972,0.214,0.116,-35.3,-12,-4.2,-8.9,-36.7,1.7,0.615710929,-0.221686453,-0.611438337,-0.444776757
923,2313697,1442680,0.968,0.206,0.108,-34.8,-11.5,-4.6,-8.9,-36.7,1.7,0.615344707,-0.222205267,-0.611255226,-0.445265053
924,2315976,1442680,0.964,0.202,0.1,-34.1,-10.6,-5.2,-8.9,-36.7,1.7,0.615009003,-0.222693564,-0.611102634,-0.445722831
925,2318144,1442680,0.964,0.194,0.1,-33.7,-9.5,-5.9,-8.9,-36.7,1.7,0.614642781,-0.22318186,-0.610919523,-0.446211127
926,2320428,1442690,0.96,0.195,0.096,-33.4,-8.4,-6.4,-8.7,-37.5,-0.3,0.614307077,-0.223609119,-0.610736412,-0.446699423
927,2322480,1442690,0.964,0.194,0.1,-33.1,-7.2,-6.9,-8.7,-37.5,-0.3,0.613971374,-0.224036378,-0.610553301,-0.447187719
928,2324732,1442690,0.964,0.183,0.088,-32.9,-6.3,-7.3,-8.7,-37.5,-0.3,0.613666189,-0.224433119,-0.610339671,-0.447706534
929,2328405,1442690,0.96,0.183,0.1,-32.5,-5.4,-7.6,-8.7,-37.5,-0.3,0.613361003,-0.224829859,-0.61015656,-0.448225349
930,2330638,1442700,0.96,0.183,0.1,-32.5,-5.4,-7.6,-8.7,-37.5,-0.3,0.613361003,-0.224829859,-0.61015656,-0.448225349
931,2332605,1442700,0.968,0.179,0.096,-31.5,-3.9,-8.2,-8.8,-37.1,-0.3,0.61281167,-0.225806452,-0.609790338,-0.448957793
932,2334842,1442700,0.968,0.175,0.088,-30.8,-3.2,-8.4,-8.8,-37.1,-0.3,0.612537004,-0.226172674,-0.609576708,-0.449476608
933,2336823,1442700,0.968,0.171,0.084,-30,-2.6,-8.4,-8.8,-37.1,-0.3,0.612262337,-0.226477859,-0.609363079,-0.449964904
934,2339947,1442710,0.972,0.175,0.084,-29.2,-2.1,-8.5,-8.7,-37.1,-0.8,0.611987671,-0.226783044,-0.609118931,-0.4504532
935,2342231,1442710,0.98,0.171,0.08,-28.5,-1.5,-8.6,-8.7,-37.1,-0.8,0.611743522,-0.227057711,-0.608905301,-0.450941496
936,2344473,1442710,0.972,0.175,0.072,-27.7,-0.7,-8.9,-8.7,-37.1,-0.8,0.611529893,-0.227332377,-0.608691671,-0.451429792
937,2346928,1442710,0.976,0.171,0.072,-26.9,0,-9.5,-8.7,-37.1,-0.8,0.611285745,-0.227576525,-0.608478042,-0.451918088
938,2349202,1442720,0.988,0.171,0.072,-26.1,0.9,-10.3,-8.8,-36.9,-1,0.611072115,-0.227759636,-0.608264412,-0.452406384
939,2352807,1442720,0.999,0.175,0.072,-25.1,1.6,-11.7,-8.8,-36.9,-1,0.610858486,-0.227912229,-0.608050783,-0.452925199
940,2355008,1442720,1.003,0.183,0.068,-24,2.1,-13.4,-8.8,-36.9,-1,0.610614338,-0.228034303,-0.607837153,-0.453413495
941,2357182,1442720,1.019,0.182,0.072,-23,2.4,-14.9,-8.8,-36.9,-1,0.610400708,-0.228125858,-0.607654042,-0.45393231
942,2360004,1442730,1.015,0.182,0.076,-22.1,2.6,-15.8,-8.7,-37,0.4,0.61015656,-0.228186895,-0.607470931,-0.454451125
943,2362329,1442730,1.007,0.186,0.076,-21.3,3,-16,-8.7,-37,0.4,0.60994293,-0.228217414,-0.607318339,-0.454969939
944,2364629,1442730,1.011,0.178,0.08,-20.7,3.4,-15.9,-8.7,-37,0.4,0.609729301,-0.228247932,-0.607135228,-0.455458235
945,2367477,1442730,1.015,0.182,0.083,-20.1,3.9,-15.8,-8.7,-37,0.4,0.609515671,-0.228278451,-0.606952116,-0.45597705
946,2370579,1442740,1.011,0.186,0.084,-19.3,4.4,-15.7,-8.8,-37.8,-1,0.60933256,-0.228278451,-0.606799524,-0.456465346
947,2372003,1442740,1.007,0.19,0.084,-18.6,4.5,-15.7,-8.8,-37.8,-1,0.609149449,-0.228278451,-0.606616413,-0.456923124
948,2374970,1442740,1.011,0.19,0.087,-17.8,4.5,-15.5,-8.8,-37.8,-1,0.608966338,-0.228247932,-0.606433302,-0.45741142
949,2377242,1442740,1.003,0.19,0.084,-16.9,4.4,-15.4,-8.8,-37.8,-1,0.608783227,-0.228247932,-0.606311228,-0.457869198
950,2380299,1442750,1.003,0.19,0.084,-16.9,4.4,-15.4,-8.8,-37.8,-1,0.608783227,-0.228247932,-0.606311228,-0.457869198
951,2382012,1442750,1.03,0.209,0.091,-14.5,3.6,-14.9,-8.6,-37.7,-0.8,0.608417005,-0.22870571,-0.606250191,-0.458174383
952,2384190,1442750,1.019,0.209,0.099,-13.1,3.3,-14.4,-8.6,-37.7,-0.8,0.608264412,-0.228675192,-0.606128117,-0.458571123
953,2387997,1442750,1.007,0.221,0.104,-11.9,3,-13.5,-8.6,-37.7,-0.8,0.60811182,-0.228614154,-0.606036561,-0.458906827
954,2389494,1442760,1.007,0.217,0.107,-10.9,2.7,-12.3,-8.6,-37.3,-0.9,0.607959227,-0.228553117,-0.605975524,-0.459242531
955,2393330,1442760,0.999,0.221,0.112,-10,2.4,-10.6,-8.6,-37.3,-0.9,0.607837153,-0.228522599,-0.605883969,-0.459517197
956,2395303,1442760,0.999,0.221,0.123,-9.1,2.1,-9.2,-8.6,-37.3,-0.9,0.607715079,-0.228522599,-0.605822932,-0.459761345
957,2396734,1442760,0.991,0.225,0.123,-8.2,1.8,-8.3,-8.6,-37.3,-0.9,0.607623524,-0.22849208,-0.605731376,-0.460005493
958,2400023,1442770,0.991,0.237,0.124,-7.4,1.4,-8,-8.7,-37,-1.1,0.607531968,-0.228461562,-0.605700858,-0.460219123
959,2402152,1442770,0.983,0.241,0.132,-6.8,1.1,-8,-8.7,-37,-1.1,0.607440413,-0.228431043,-0.605639821,-0.460432752
960,2405271,1442770,0.991,0.245,0.128,-6.1,0.8,-8.1,-8.7,-37,-1.1,0.607318339,-0.228400525,-0.605609302,-0.460615864
961,2406772,1442770,0.991,0.249,0.128,-5.4,0.5,-8.1,-8.7,-37,-1.1,0.607226783,-0.228370006,-0.605578784,-0.460798975
962,2409925,1442780,0.987,0.249,0.132,-4.7,0.5,-8.1,-8.5,-37.5,-0.2,0.607135228,-0.228308969,-0.605578784,-0.460982086
963,2412086,1442780,0.987,0.249,0.132,-4.1,0.7,-8,-8.5,-37.5,-0.2,0.607043672,-0.228247932,-0.605578784,-0.461134678
964,2414933,1442780,0.98,0.245,0.128,-3.6,1,-8,-8.5,-37.5,-0.2,0.606952116,-0.228186895,-0.605548265,-0.461287271
965,2417251,1442780,0.983,0.249,0.132,-3.1,1.3,-8,-8.5,-37.5,-0.2,0.606860561,-0.22809534,-0.605548265,-0.461409345
966,2421061,1442790,0.987,0.253,0.132,-2.5,1.6,-8.1,-7.8,-37,-1.1,0.606799524,-0.228003784,-0.605548265,-0.461592456
967,2422301,1442790,0.983,0.253,0.132,-2,1.9,-8,-7.8,-37,-1.1,0.606738487,-0.227912229,-0.605517747,-0.461745048
968,2425614,1442790,0.979,0.253,0.128,-1.4,2,-8,-7.8,-37,-1.1,0.60667745,-0.227820673,-0.605517747,-0.461867122
969,2426859,1442790,0.987,0.253,0.132,-1,2.1,-8,-7.8,-37,-1.1,0.606616413,-0.227698599,-0.605517747,-0.462019715
970,2429958,1442800,0.987,0.253,0.132,-1,2.1,-8,-7.8,-37,-1.1,0.606616413,-0.227698599,-0.605517747,-0.462019715
971,2432246,1442800,0.987,0.253,0.128,0,2.5,-8.3,-8.2,-37.4,-1.4,0.606494339,-0.22788171,-0.605700858,-0.461836604
972,2436025,1442800,0.983,0.257,0.132,0.3,2.7,-8.3,-8.2,-37.4,-1.4,0.606433302,-0.227729118,-0.605731376,-0.461958678
973,2438413,1442800,0.987,0.256,0.132,0.4,2.9,-8.3,-8.2,-37.4,-1.4,0.606402783,-0.227607044,-0.605731376,-0.462080752
974,2440707,1442810,0.987,0.253,0.132,0.5,2.9,-8.2,-7.8,-37.3,-1,0.606341746,-0.227454451,-0.605731376,-0.462202826
975,2443061,1442810,0.987,0.256,0.132,0.6,2.9,-8.2,-7.8,-37.3,-1,0.606311228,-0.227301859,-0.605731376,-0.4623249
976,2444989,1442810,0.991,0.26,0.132,0.8,2.9,-8.3,-7.8,-37.3,-1,0.606280709,-0.227149266,-0.605761895,-0.462416456
977,2447284,1442810,0.983,0.26,0.132,1,3,-8.3,-7.8,-37.3,-1,0.606219672,-0.226996673,-0.605761895,-0.46253853
978,2449534,1442820,0.991,0.264,0.128,1.2,3.3,-8.2,-7.7,-36.9,-1.2,0.606189154,-0.226844081,-0.605761895,-0.462660604
979,2451952,1442820,0.987,0.264,0.132,1.4,3.5,-8,-7.7,-36.9,-1.2,0.606158635,-0.226691488,-0.605792413,-0.462752159
980,2455407,1442820,0.983,0.26,0.132,1.3,3.7,-7.9,-7.7,-36.9,-1.2,0.606158635,-0.226508377,-0.605792413,-0.462874233
981,2456850,1442820,0.983,0.264,0.132,1.2,3.8,-7.7,-7.7,-36.9,-1.2,0.606128117,-0.226355785,-0.605792413,-0.462965789
982,2459838,1442830,0.979,0.268,0.132,0.9,3.9,-7.6,-8.3,-37.6,-0.2,0.606097598,-0.226203192,-0.605792413,-0.463087863
983,2462982,1442830,0.979,0.264,0.128,0.6,4,-7.4,-8.3,-37.6,-0.2,0.606097598,-0.2260506,-0.605761895,-0.463179418
984,2464557,1442830,0.972,0.269,0.128,0.4,4.1,-7.3,-8.3,-37.6,-0.2,0.60606708,-0.225898007,-0.605761895,-0.463301492
985,2467369,1442830,0.979,0.268,0.132,0.2,4.2,-7.5,-8.3,-37.6,-0.2,0.606036561,-0.225775933,-0.605731376,-0.463423566
986,2470484,1442840,0.976,0.268,0.132,0.1,4.4,-7.6,-8.3,-37.5,-0.9,0.606036561,-0.225623341,-0.605731376,-0.46354564
987,2471856,1442840,0.972,0.269,0.128,0,4.6,-7.6,-8.3,-37.5,-0.9,0.606006043,-0.225470748,-0.605700858,-0.463667714
988,2475292,1442840,0.972,0.268,0.132,-0.1,4.7,-7.6,-8.3,-37.5,-0.9,0.606006043,-0.225318155,-0.605670339,-0.463789789
989,2477491,1442840,0.968,0.265,0.128,-0.1,4.8,-7.6,-8.3,-37.5,-0.9,0.605975524,-0.225165563,-0.605639821,-0.463911863
990,2479237,1442850,0.968,0.265,0.128,-0.1,4.8,-7.6,-8.3,-37.5,-0.9,0.605975524,-0.225165563,-0.605639821,-0.463911863
991,2483199,1442850,0.964,0.269,0.128,-0.4,4.9,-7.7,-8.2,-37.4,-0.9,0.60585345,-0.225348674,-0.605883969,-0.463728751
992,2485397,1442850,0.968,0.261,0.128,-0.6,4.9,-7.8,-8.2,-37.4,-0.9,0.605822932,-0.225196081,-0.605822932,-0.463850826
993,2486902,1442850,0.964,0.261,0.128,-0.7,4.9,-7.9,-8.2,-37.4,-0.9,0.605792413,-0.225074007,-0.605792413,-0.464003418
994,2490773,1442860,0.96,0.269,0.132,-0.5,4.9,-7.8,-7.9,-37.5,-1.1,0.605792413,-0.224921415,-0.605761895,-0.464125492
995,2493147,1442860,0.96,0.269,0.132,-0.4,5,-7.8,-7.9,-37.5,-1.1,0.605761895,-0.224768822,-0.605731376,-0.464278085
996,2495108,1442860,0.956,0.265,0.132,-0.2,4.9,-7.7,-7.9,-37.5,-1.1,0.605761895,-0.22461623,-0.605700858,-0.464400159
997,2497377,1442860,0.956,0.273,0.133,-0.1,4.9,-7.7,-7.9,-37.5,-1.1,0.605731376,-0.224463637,-0.605670339,-0.464522233
998,2500677,1442870,0.948,0.273,0.133,0,4.9,-7.6,-7.6,-37.1,-0.8,0.605731376,-0.224311045,-0.605639821,-0.464644307
999,2502593,1442870,0.952,0.277,0.133,0.1,4.9,-7.2,-7.6,-37.1,-0.8,0.605731376,-0.224158452,-0.605609302,-0.464766381
1000,2504993,1442870,0.948,0.273,0.133,0.2,4.8,-7.1,-7.6,-37.1,-0.8,0.605731376,-0.224036378,-0.605578784,-0.464888455
1001,2507204,1442870,0.948,0.273,0.133,0.2,4.7,-6.9,-7.6,-37.1,-0.8,0.605700858,-0.223853267,-0.605578784,-0.465010529
1002,2510096,1442880,0.944,0.273,0.133,0.2,4.8,-6.8,-8.3,-37.5,-0.7,0.605700858,-0.223731193,-0.605548265,-0.465102084
1003,2512111,1442880,0.944,0.277,0.133,0.4,4.8,-6.8,-8.3,-37.5,-0.7,0.605700858,-0.2235786,-0.605517747,-0.465224158
1004,2515616,1442880,0.94,0.277,0.133,0.7,4.8,-6.8,-8.3,-37.5,-0.7,0.605700858,-0.223456526,-0.605487228,-0.465315714
1005,2518240,1442880,0.94,0.277,0.133,1,4.8,-6.8,-8.3,-37.5,-0.7,0.605700858,-0.223273415,-0.605456709,-0.46540727
1006,2520094,1442890,0.94,0.277,0.133,1.3,4.8,-6.9,-7.6,-37.4,-0.6,0.605700858,-0.223120823,-0.605456709,-0.465529344
1007,2522221,1442890,0.944,0.277,0.133,1.6,4.8,-6.8,-7.6,-37.4,-0.6,0.605700858,-0.22296823,-0.605426191,-0.465620899
1008,2524642,1442890,0.94,0.281,0.133,1.8,4.7,-6.6,-7.6,-37.4,-0.6,0.605700858,-0.222815638,-0.605426191,-0.465681936
1009,2526767,1442890,0.94,0.277,0.137,1.9,4.6,-6.4,-7.6,-37.4,-0.6,0.605700858,-0.222663045,-0.605426191,-0.465773492
1010,2530960,1442900,0.94,0.277,0.137,1.9,4.6,-6.4,-7.6,-37.4,-0.6,0.605700858,-0.222663045,-0.605426191,-0.465773492
1011,2533290,1442900,0.94,0.277,0.133,1.9,4.4,-6.4,-8.2,-37.6,-0.7,0.605609302,-0.222540971,-0.605578784,-0.465742973
1012,2535535,1442900,0.94,0.281,0.133,1.9,4.4,-6.4,-8.2,-37.6,-0.7,0.605639821,-0.222388379,-0.605578784,-0.46580401
1013,2537505,1442900,0.94,0.277,0.133,2.2,4.5,-6.4,-8.2,-37.6,-0.7,0.605639821,-0.222235786,-0.605578784,-0.465895566
1014,2539795,1442910,0.944,0.273,0.133,2.3,4.7,-6.6,-7.5,-37.8,-0.6,0.605639821,-0.222052675,-0.605578784,-0.465956603
1015,2542055,1442910,0.944,0.273,0.133,2.6,4.9,-6.8,-7.5,-37.8,-0.6,0.605639821,-0.221869564,-0.605548265,-0.466048158
1016,2544525,1442910,0.944,0.273,0.133,2.8,5,-6.9,-7.5,-37.8,-0.6,0.605670339,-0.221686453,-0.605548265,-0.466139714
1017,2548106,1442910,0.944,0.273,0.133,3.1,5.1,-7,-7.5,-37.8,-0.6,0.605670339,-0.221503342,-0.605548265,-0.466200751
1018,2550429,1442920,0.948,0.273,0.133,3.4,5.2,-6.9,-7.8,-37.5,-0.6,0.605670339,-0.221320231,-0.605548265,-0.466261788
1019,2552122,1442920,0.948,0.277,0.133,3.5,5.3,-6.9,-7.8,-37.5,-0.6,0.605700858,-0.22113712,-0.605548265,-0.466353343
1020,2555532,1442920,0.956,0.273,0.133,3.5,5.5,-6.9,-7.8,-37.5,-0.6,0.605731376,-0.22092349,-0.605548265,-0.46641438
1021,2558140,1442920,0.956,0.273,0.129,3.5,5.7,-7,-7.8,-37.5,-0.6,0.605731376,-0.220740379,-0.605548265,-0.466505936
1022,2559948,1442930,0.96,0.269,0.128,3.6,5.8,-7.1,-8,-37.7,-0.6,0.605761895,-0.220526749,-0.605548265,-0.466566973
1023,2562286,1442930,0.96,0.265,0.132,3.7,6,-7.1,-8,-37.7,-0.6,0.605792413,-0.220343638,-0.605517747,-0.46662801
1024,2564445,1442930,0.956,0.265,0.132,3.8,6.2,-7.2,-8,-37.7,-0.6,0.605822932,-0.220130009,-0.605517747,-0.466719565
1025,2568266,1442930,0.96,0.265,0.132,3.9,6.5,-7.3,-8,-37.7,-0.6,0.60585345,-0.219916379,-0.605517747,-0.466780602
1026,2570918,1442940,0.964,0.257,0.132,4,6.7,-7.4,-8.3,-37.6,-0.5,0.605883969,-0.219672231,-0.605487228,-0.466872158
1027,2574217,1442940,0.968,0.257,0.128,4.2,6.9,-7.5,-8.3,-37.6,-0.5,0.605914487,-0.219458602,-0.605487228,-0.466933195
1028,2574671,1442940,0.968,0.261,0.128,4.2,7.1,-7.7,-8.3,-37.6,-0.5,0.605945006,-0.219214454,-0.605456709,-0.467024751
1029,2576838,1442940,0.968,0.261,0.128,4.1,7.2,-7.6,-8.3,-37.6,-0.5,0.605975524,-0.218970305,-0.605456709,-0.467116306
1030,2581696,1442950,0.968,0.261,0.128,4.1,7.2,-7.6,-8.3,-37.6,-0.5,0.605975524,-0.218970305,-0.605456709,-0.467116306
1031,2582190,1442950,0.968,0.253,0.128,3.9,7.1,-7.3,-7.8,-37.6,-0.4,0.606036561,-0.21909238,-0.605639821,-0.466780602
1032,2584307,1442950,0.972,0.253,0.128,3.9,7.1,-7.3,-7.8,-37.6,-0.4,0.60606708,-0.21887875,-0.605609302,-0.466841639
1033,2589049,1442950,0.964,0.257,0.128,3.9,7,-7.4,-7.8,-37.6,-0.4,0.606097598,-0.218634602,-0.605578784,-0.466933195
1034,2589405,1442960,0.968,0.257,0.132,4.4,6.5,-7.4,-8.2,-37.4,-0.7,0.606128117,-0.218420972,-0.605578784,-0.466994232
1035,2591970,1442960,0.96,0.253,0.128,4.4,6.5,-7.4,-8.2,-37.4,-0.7,0.606189154,-0.218207343,-0.605578784,-0.467085788
1036,2595659,1442960,0.968,0.257,0.128,5,6.2,-7.2,-8.2,-37.4,-0.7,0.606219672,-0.217963195,-0.605578784,-0.467146825
1037,2598017,1442960,0.968,0.265,0.132,5.6,5.9,-6.9,-8.2,-37.4,-0.7,0.606250191,-0.217749565,-0.605578784,-0.467177343
1038,2600022,1442970,0.968,0.261,0.132,6.1,5.6,-6.7,-8.1,-37.5,-0.5,0.606280709,-0.217505417,-0.605609302,-0.467207862
1039,2602212,1442970,0.964,0.269,0.132,6.4,5.3,-6.6,-8.1,-37.5,-0.5,0.606311228,-0.217291787,-0.605639821,-0.46723838
1040,2605463,1442970,0.964,0.276,0.132,7.2,4.6,-5.8,-8.1,-37.5,-0.5,0.606341746,-0.217078158,-0.605670339,-0.46723838
1041,2607506,1442970,0.964,0.276,0.132,7.7,4.5,-5.5,-8.1,-37.5,-0.5,0.606372265,-0.21683401,-0.605731376,-0.46723838
1042,2609702,1442980,0.96,0.28,0.133,8.2,4.4,-5.3,-7.9,-37.6,-0.5,0.606433302,-0.21662038,-0.605761895,-0.46723838
1043,2613024,1442980,0.956,0.288,0.133,8.7,4.4,-5.2,-7.9,-37.6,-0.5,0.606433302,-0.216376232,-0.605822932,-0.467207862
1044,2615382,1442980,0.956,0.3,0.133,9.3,4.3,-5.1,-7.9,-37.6,-0.5,0.606524857,-0.216162603,-0.605883969,-0.467177343
1045,2616955,1442980,0.952,0.3,0.133,9.9,4.2,-5,-7.9,-37.6,-0.5,0.606585894,-0.215918455,-0.605975524,-0.467116306
1046,2619988,1442990,0.956,0.296,0.137,10.4,4,-4.8,-7.6,-37.7,-0.4,0.606616413,-0.215674306,-0.606036561,-0.467055269
1047,2622393,1442990,0.952,0.312,0.137,10.7,3.9,-4.8,-7.6,-37.7,-0.4,0.60667745,-0.215430158,-0.606128117,-0.466994232
1048,2624597,1442990,0.952,0.312,0.137,11,3.7,-4.7,-7.6,-37.7,-0.4,0.606738487,-0.21518601,-0.606189154,-0.466933195
1049,2627901,1442990,0.952,0.316,0.137,11.4,3.7,-4.7,-7.6,-37.7,-0.4,0.606799524,-0.214911344,-0.606280709,-0.466872158
1050,2629908,1443000,0.952,0.316,0.137,11.4,3.7,-4.7,-7.6,-37.7,-0.4,0.606799524,-0.214911344,-0.606280709,-0.466872158
1051,2632181,1443000,0.944,0.316,0.141,12,3.6,-4.7,-7.8,-37.8,-0.3,0.606433302,-0.214667196,-0.607104709,-0.466353343
1052,2635497,1443000,0.948,0.324,0.137,12.3,3.7,-4.9,-7.8,-37.8,-0.3,0.606524857,-0.214392529,-0.607196265,-0.466261788
1053,2637379,1443000,0.948,0.328,0.137,12.6,3.7,-5,-7.8,-37.8,-0.3,0.606585894,-0.214087344,-0.607318339,-0.466170232
1054,2639627,1443010,0.948,0.324,0.141,12.8,3.8,-5,-7.7,-37.8,0,0.606646931,-0.213843196,-0.607409894,-0.466109195
1055,2642946,1443010,0.944,0.328,0.141,12.8,3.8,-5.1,-7.7,-37.8,0,0.606707968,-0.213568529,-0.60750145,-0.46601764
1056,2645388,1443010,0.952,0.327,0.141,12.7,3.7,-5.1,-7.7,-37.8,0,0.606769005,-0.213293863,-0.607623524,-0.465926084
1057,2646939,1443010,0.952,0.331,0.145,12.4,3.6,-5,-7.7,-37.8,0,0.606830042,-0.213019196,-0.607715079,-0.465834529
1058,2649418,1443020,0.952,0.331,0.141,12.1,3.4,-4.9,-7.4,-37.8,-0.5,0.606860561,-0.212775048,-0.607806635,-0.465773492
1059,2651782,1443020,0.952,0.331,0.145,11.6,3.4,-4.8,-7.4,-37.8,-0.5,0.606921598,-0.212500381,-0.60789819,-0.465681936
1060,2655470,1443020,0.948,0.327,0.149,11.2,3.4,-4.8,-7.4,-37.8,-0.5,0.606982635,-0.212256233,-0.607989746,-0.465620899
1061,2657488,1443020,0.944,0.335,0.145,10.7,3.5,-4.6,-7.4,-37.8,-0.5,0.607013153,-0.212012085,-0.608081301,-0.465559862
1062,2659802,1443030,0.948,0.324,0.141,10.4,3.6,-4.5,-7.8,-37.8,-0.7,0.60707419,-0.211798456,-0.608172857,-0.465498825
1063,2662258,1443030,0.948,0.331,0.145,10,3.7,-4.4,-7.8,-37.8,-0.7,0.607104709,-0.211554308,-0.608233894,-0.465437788
1064,2664428,1443030,0.952,0.327,0.145,9.6,3.7,-4.3,-7.8,-37.8,-0.7,0.607165746,-0.211340678,-0.608294931,-0.465376751
1065,2666793,1443030,0.944,0.32,0.137,9.3,3.7,-4.2,-7.8,-37.8,-0.7,0.607226783,-0.211127049,-0.608386486,-0.465315714
1066,2670233,1443040,0.944,0.328,0.141,9.1,3.7,-4.3,-7.8,-37.9,0.1,0.607257302,-0.210913419,-0.608447523,-0.465285195
1067,2671734,1443040,0.94,0.328,0.141,8.8,3.8,-4.3,-7.8,-37.9,0.1,0.607318339,-0.210699789,-0.60850856,-0.465254677
1068,2674686,1443040,0.944,0.328,0.141,8.5,4,-4.5,-7.8,-37.9,0.1,0.607348857,-0.21048616,-0.608539079,-0.465224158
1069,2677585,1443040,0.948,0.328,0.137,8.2,4.1,-4.5,-7.8,-37.9,0.1,0.607409894,-0.21027253,-0.608600116,-0.46519364
1070,2679283,1443050,0.948,0.328,0.137,8.2,4.1,-4.5,-7.8,-37.9,0.1,0.607409894,-0.21027253,-0.608600116,-0.46519364
1071,2682404,1443050,0.944,0.328,0.137,7.9,4.2,-4.6,-7.5,-37.9,0.4,0.60707419,-0.209814753,-0.609210486,-0.465010529
1072,2684497,1443050,0.944,0.328,0.141,7.7,4.2,-4.5,-7.5,-37.9,0.4,0.607135228,-0.209601123,-0.609241005,-0.465010529
1073,2687462,1443050,0.944,0.328,0.141,7.5,4.2,-4.5,-7.5,-37.9,0.4,0.607165746,-0.209387494,-0.609302042,-0.46498001
1074,2690598,1443060,0.94,0.324,0.141,7.4,4.1,-4.5,-7.4,-37.4,0.1,0.607226783,-0.209204382,-0.60933256,-0.464949492
1075,2691956,1443060,0.936,0.324,0.145,7.3,4,-4.3,-7.4,-37.4,0.1,0.607257302,-0.208990753,-0.609363079,-0.464949492
1076,2695274,1443060,0.936,0.328,0.137,7.1,4,-4.3,-7.4,-37.4,0.1,0.60728782,-0.208807642,-0.609424116,-0.464918973
1077,2698534,1443060,0.936,0.331,0.145,7,3.9,-4.1,-7.4,-37.4,0.1,0.607348857,-0.208624531,-0.609454634,-0.464888455
1078,2700645,1443070,0.94,0.331,0.145,6.8,4,-4,-7.6,-37.6,0.8,0.607379376,-0.20844142,-0.609485153,-0.464888455
1079,2702916,1443070,0.94,0.331,0.145,6.7,4.2,-3.8,-7.6,-37.6,0.8,0.607440413,-0.20822779,-0.609515671,-0.464857936
1080,2704253,1443070,0.94,0.331,0.141,6.6,4.4,-3.7,-7.6,-37.6,0.8,0.60750145,-0.208075198,-0.60954619,-0.464827418
1081,2707264,1443070,0.94,0.331,0.141,6.4,4.4,-3.6,-7.6,-37.6,0.8,0.607531968,-0.207892087,-0.609576708,-0.464827418
1082,2710383,1443080,0.94,0.327,0.153,6.4,4.4,-3.6,-7.9,-37.9,-1.1,0.607593005,-0.207708975,-0.609576708,-0.464796899
1083,2711826,1443080,0.94,0.331,0.149,6.2,4.4,-3.6,-7.9,-37.9,-1.1,0.607623524,-0.207525864,-0.609607227,-0.464796899
1084,2714822,1443080,0.944,0.331,0.149,6.1,4.3,-3.6,-7.9,-37.9,-1.1,0.607684561,-0.207342753,-0.609637745,-0.464766381
1085,2716961,1443080,0.944,0.335,0.145,5.9,4.3,-3.6,-7.9,-37.9,-1.1,0.607745598,-0.207190161,-0.609637745,-0.464766381
1086,2720304,1443090,0.948,0.335,0.149,5.7,4.2,-3.5,-7.8,-37.6,0.6,0.607776116,-0.20700705,-0.609668264,-0.464766381
1087,2721720,1443090,0.952,0.331,0.145,5.6,4.2,-3.6,-7.8,-37.6,0.6,0.607837153,-0.206854457,-0.609698782,-0.464735862
1088,2724818,1443090,0.948,0.335,0.149,5.5,4.3,-3.6,-7.8,-37.6,0.6,0.607867672,-0.206671346,-0.609698782,-0.464735862
1089,2727910,1443090,0.956,0.339,0.149,5.3,4.5,-3.6,-7.8,-37.6,0.6,0.607928709,-0.206518754,-0.609698782,-0.464735862
1090,2729331,1443100,0.956,0.339,0.149,5.3,4.5,-3.6,-7.8,-37.6,0.6,0.607928709,-0.206518754,-0.609698782,-0.464735862
1091,2732454,1443100,0.956,0.327,0.153,5,4.7,-3.5,-7.6,-37.5,0.3,0.607776116,-0.206152532,-0.610034486,-0.464705344
1092,2735721,1443100,0.956,0.331,0.145,4.6,4.8,-3.5,-7.6,-37.5,0.3,0.607806635,-0.205999939,-0.610003967,-0.464705344
1093,2737135,1443100,0.96,0.331,0.145,4.3,4.9,-3.5,-7.6,-37.5,0.3,0.607867672,-0.205847346,-0.610003967,-0.464705344
1094,2740419,1443110,0.952,0.327,0.149,3.9,5,-3.4,-7.7,-37.7,0.4,0.607928709,-0.205694754,-0.610003967,-0.464735862
1095,2742515,1443110,0.956,0.327,0.145,3.7,5.1,-3.3,-7.7,-37.7,0.4,0.607959227,-0.205542161,-0.609973449,-0.464735862
1096,2744725,1443110,0.952,0.323,0.149,3.4,5.1,-3.3,-7.7,-37.7,0.4,0.608020264,-0.205389569,-0.609973449,-0.464766381
1097,2747942,1443110,0.956,0.327,0.141,2.9,5.1,-3.4,-7.7,-37.7,0.4,0.608081301,-0.205267495,-0.60994293,-0.464796899
1098,2750033,1443120,0.956,0.323,0.145,2.5,5.1,-3.5,-7.6,-37.3,0.6,0.60811182,-0.205114902,-0.609912412,-0.464827418
1099,2752158,1443120,0.952,0.323,0.141,1.8,5.2,-3.6,-7.6,-37.3,0.6,0.608142338,-0.204992828,-0.609881893,-0.464888455
1100,2755431,1443120,0.952,0.323,0.141,1.3,5.4,-3.6,-7.6,-37.3,0.6,0.608203375,-0.204870754,-0.609851375,-0.464918973
1101,2757404,1443120,0.956,0.316,0.137,0.8,5.4,-3.7,-7.6,-37.3,0.6,0.608233894,-0.20474868,-0.609790338,-0.46498001
1102,2759649,1443130,0.956,0.316,0.137,0.4,5.5,-3.8,-7.4,-37.7,-1.1,0.608264412,-0.204657125,-0.609729301,-0.465071566
1103,2762797,1443130,0.952,0.312,0.133,0,5.5,-3.8,-7.4,-37.7,-1.1,0.608294931,-0.204535051,-0.609698782,-0.465132603
1104,2765838,1443130,0.948,0.316,0.137,-0.2,5.5,-3.7,-7.4,-37.7,-1.1,0.608325449,-0.204443495,-0.609637745,-0.465224158
1105,2767168,1443130,0.952,0.308,0.137,-0.4,5.4,-3.6,-7.4,-37.7,-1.1,0.608355968,-0.204321421,-0.609576708,-0.465285195
1106,2770208,1443140,0.948,0.316,0.141,-0.6,5.3,-3.5,-7.5,-37.3,0.6,0.608417005,-0.204260384,-0.609515671,-0.465376751
1107,2772349,1443140,0.948,0.316,0.137,-0.9,5.3,-3.4,-7.5,-37.3,0.6,0.608447523,-0.204168828,-0.609454634,-0.465468307
1108,2774365,1443140,0.956,0.312,0.141,-1,5.3,-3.3,-7.5,-37.3,0.6,0.608478042,-0.204077273,-0.609363079,-0.465529344
1109,2777539,1443140,0.948,0.316,0.141,-1.1,5.2,-3.3,-7.5,-37.3,0.6,0.60850856,-0.203985717,-0.609302042,-0.465620899
1110,2779680,1443150,0.948,0.316,0.141,-1.1,5.2,-3.3,-7.5,-37.3,0.6,0.60850856,-0.203985717,-0.609302042,-0.465620899
1111,2782984,1443150,0.944,0.316,0.141,-1.2,4.9,-3.4,-7.6,-37.5,0.5,0.608355968,-0.204077273,-0.609515671,-0.465498825
1112,2785092,1443150,0.944,0.32,0.145,-1.3,4.7,-3.4,-7.6,-37.5,0.5,0.608355968,-0.203985717,-0.609454634,-0.465590381
1113,2787264,1443150,0.94,0.316,0.145,-1.4,4.6,-3.2,-7.6,-37.5,0.5,0.608386486,-0.20392468,-0.609393597,-0.465681936
1114,2789433,1443160,0.944,0.32,0.145,-1.5,4.6,-3.2,-7.7,-37.8,0.6,0.608417005,-0.203863643,-0.60933256,-0.465742973
1115,2792466,1443160,0.936,0.32,0.145,-1.6,4.4,-3.2,-7.7,-37.8,0.6,0.608417005,-0.203772088,-0.609271523,-0.465834529
1116,2795462,1443160,0.936,0.32,0.149,-1.8,4.4,-3.3,-7.7,-37.8,0.6,0.608447523,-0.203711051,-0.609210486,-0.465926084
1117,2796932,1443160,0.936,0.324,0.149,-1.8,4.3,-3.5,-7.7,-37.8,0.6,0.608447523,-0.203650014,-0.609149449,-0.46601764
1118,2799990,1443170,0.936,0.32,0.149,-1.8,4.3,-3.7,-7.8,-37.3,0.7,0.608478042,-0.203588977,-0.609088412,-0.466109195
1119,2802136,1443170,0.929,0.32,0.149,-1.7,4.3,-3.9,-7.8,-37.3,0.7,0.608478042,-0.203497421,-0.609027375,-0.466200751
1120,2805402,1443170,0.932,0.328,0.149,-1.6,4.2,-4.1,-7.8,-37.3,0.7,0.608478042,-0.203436384,-0.608996857,-0.466292306
1121,2807438,1443170,0.929,0.324,0.153,-1.4,4.3,-4.2,-7.8,-37.3,0.7,0.60850856,-0.203344829,-0.60893582,-0.46641438
1122,2809610,1443180,0.929,0.324,0.153,-1.2,4.3,-4.2,-7.7,-37.8,-1.4,0.60850856,-0.203283792,-0.608874783,-0.466505936
1123,2812758,1443180,0.932,0.324,0.145,-0.9,4.4,-4.4,-7.7,-37.8,-1.4,0.60850856,-0.203192236,-0.608813746,-0.466597491
1124,2815830,1443180,0.929,0.328,0.145,-0.8,4.4,-4.6,-7.7,-37.8,-1.4,0.60850856,-0.203070162,-0.608783227,-0.466689047
1125,2817270,1443180,0.929,0.332,0.145,-0.7,4.4,-4.9,-7.7,-37.8,-1.4,0.608539079,-0.202978607,-0.60872219,-0.466780602
1126,2820477,1443190,0.932,0.324,0.145,-0.7,4.3,-5,-7.9,-37.9,0.3,0.608539079,-0.202887051,-0.608691671,-0.466872158
1127,2822512,1443190,0.929,0.328,0.141,-0.5,4.3,-5,-7.9,-37.9,0.3,0.608539079,-0.202764977,-0.608661153,-0.466963713
1128,2825796,1443190,0.929,0.328,0.145,-0.5,4.3,-5,-7.9,-37.9,0.3,0.608539079,-0.202673421,-0.608600116,-0.467055269
1129,2828138,1443190,0.929,0.328,0.145,-0.7,4.4,-5.1,-7.9,-37.9,0.3,0.608539079,-0.202551347,-0.608569597,-0.467146825
1130,2830472,1443200,0.929,0.328,0.145,-0.7,4.4,-5.1,-7.9,-37.9,0.3,0.608539079,-0.202551347,-0.608569597,-0.467146825
1131,2831837,1443200,0.929,0.328,0.145,-1,4.5,-5.3,-7.9,-37.7,0.4,0.608325449,-0.202429273,-0.608783227,-0.46723838
1132,2834800,1443200,0.932,0.324,0.145,-1.3,4.5,-5.4,-7.9,-37.7,0.4,0.608294931,-0.202307199,-0.608752709,-0.467329936
1133,2837948,1443200,0.932,0.324,0.141,-1.6,4.7,-5.4,-7.9,-37.7,0.4,0.608294931,-0.202215644,-0.608691671,-0.46745201
1134,2840029,1443210,0.932,0.32,0.141,-1.9,4.6,-5.3,-7.7,-37.4,0.6,0.608294931,-0.202124088,-0.608630634,-0.467574084
1135,2842120,1443210,0.932,0.324,0.141,-2.2,4.6,-5.1,-7.7,-37.4,0.6,0.608294931,-0.202032533,-0.608569597,-0.467696158
1136,2845312,1443210,0.933,0.316,0.141,-2.4,4.6,-5,-7.7,-37.4,0.6,0.608294931,-0.201971496,-0.60850856,-0.467818232
1137,2846743,1443210,0.932,0.32,0.145,-2.7,4.7,-5,-7.7,-37.4,0.6,0.608294931,-0.20187994,-0.608417005,-0.467940306
1138,2850496,1443220,0.932,0.316,0.149,-2.8,4.8,-5.1,-7.9,-37.6,0.3,0.608294931,-0.201788385,-0.608355968,-0.46806238
1139,2851946,1443220,0.932,0.32,0.149,-2.9,4.9,-5.2,-7.9,-37.6,0.3,0.608294931,-0.201727348,-0.608294931,-0.468184454
1140,2855033,1443220,0.94,0.32,0.141,-2.9,5,-5.3,-7.9,-37.6,0.3,0.608294931,-0.201635792,-0.608203375,-0.468337046
1141,2857306,1443220,0.936,0.312,0.145,-2.9,4.9,-5.3,-7.9,-37.6,0.3,0.608294931,-0.201544237,-0.608142338,-0.46845912
1142,2859433,1443230,0.94,0.32,0.141,-2.8,4.8,-5.4,-7.4,-38.1,-1.7,0.608294931,-0.2014832,-0.608081301,-0.468581194
1143,2862521,1443230,0.944,0.319,0.153,-2.8,4.5,-5.4,-7.4,-38.1,-1.7,0.608294931,-0.201391644,-0.607989746,-0.468733787
1144,2864815,1443230,0.94,0.32,0.145,-2.9,4.3,-5.3,-7.4,-38.1,-1.7,0.608294931,-0.201300089,-0.607928709,-0.468855861
1145,2866987,1443230,0.94,0.32,0.145,-3,4.2,-5.3,-7.4,-38.1,-1.7,0.608264412,-0.201239051,-0.607867672,-0.468977935
1146,2870964,1443240,0.94,0.32,0.145,-3.2,4.1,-5.1,-7.6,-37.9,0,0.608264412,-0.201178014,-0.607806635,-0.469100009
1147,2872352,1443240,0.94,0.316,0.141,-3.3,4,-5,-7.6,-37.9,0,0.608233894,-0.201116977,-0.607745598,-0.469222083
1148,2874766,1443240,0.94,0.32,0.145,-3.3,3.8,-4.9,-7.6,-37.9,0,0.608233894,-0.20105594,-0.607684561,-0.469374676
1149,2877047,1443240,0.94,0.323,0.153,-3.3,3.5,-4.7,-7.6,-37.9,0,0.608203375,-0.200994903,-0.607623524,-0.46949675
1150,2880256,1443250,0.94,0.323,0.153,-3.3,3.5,-4.7,-7.6,-37.9,0,0.608203375,-0.200994903,-0.607623524,-0.46949675
1151,2882292,1443250,0.944,0.323,0.149,-3.5,3,-4.4,-7.7,-37.9,0.1,0.607959227,-0.201147496,-0.607867672,-0.469435713
1152,2885475,1443250,0.936,0.323,0.157,-3.6,2.9,-4.3,-7.7,-37.9,0.1,0.607928709,-0.201116977,-0.607806635,-0.469557787
1153,2887824,1443250,0.94,0.316,0.153,-3.6,2.9,-4.2,-7.7,-37.9,0.1,0.607928709,-0.20105594,-0.607745598,-0.469679861
1154,2889405,1443260,0.94,0.319,0.157,-3.6,2.9,-4.2,-7.6,-37.7,0.1,0.60789819,-0.201025422,-0.607684561,-0.469801935
1155,2892850,1443260,0.94,0.316,0.149,-3.5,2.9,-4.2,-7.6,-37.7,0.1,0.607867672,-0.200994903,-0.607623524,-0.469924009
1156,2895074,1443260,0.94,0.32,0.149,-3.5,2.7,-4.2,-7.6,-37.7,0.1,0.607867672,-0.200964385,-0.607562487,-0.470015564
1157,2897245,1443260,0.936,0.316,0.149,-3.5,2.6,-4.1,-7.6,-37.7,0.1,0.607837153,-0.200903348,-0.607531968,-0.470137638
1158,2900454,1443270,0.936,0.324,0.153,-3.5,2.4,-4,-8,-37.8,0.3,0.607806635,-0.200872829,-0.607470931,-0.470259713
1159,2902582,1443270,0.936,0.32,0.153,-3.6,2.2,-3.9,-8,-37.8,0.3,0.607776116,-0.200872829,-0.607409894,-0.470351268
1160,2904716,1443270,0.936,0.324,0.153,-3.6,2.1,-3.8,-8,-37.8,0.3,0.607745598,-0.200842311,-0.607379376,-0.470473342
1161,2907960,1443270,0.936,0.324,0.153,-3.6,1.9,-3.7,-8,-37.8,0.3,0.607715079,-0.200811792,-0.607318339,-0.470564898
1162,2910070,1443280,0.936,0.323,0.157,-3.8,1.8,-3.6,-7.1,-37.9,-1.7,0.607684561,-0.200781274,-0.60728782,-0.470686972
1163,2912287,1443280,0.932,0.32,0.157,-3.9,1.6,-3.5,-7.1,-37.9,-1.7,0.607654042,-0.200781274,-0.607226783,-0.470778527
1164,2914584,1443280,0.932,0.324,0.157,-4,1.5,-3.4,-7.1,-37.9,-1.7,0.607623524,-0.200781274,-0.607165746,-0.470900601
1165,2917483,1443280,0.932,0.324,0.153,-4.1,1.3,-3.3,-7.1,-37.9,-1.7,0.607593005,-0.200781274,-0.607135228,-0.470992157
1166,2919891,1443290,0.936,0.324,0.153,-4.2,1.3,-3.1,-7.3,-37.3,0,0.607562487,-0.200781274,-0.60707419,-0.471114231
1167,2922058,1443290,0.936,0.323,0.157,-4.2,1.2,-3.1,-7.3,-37.3,0,0.607531968,-0.200781274,-0.607043672,-0.471175268
1168,2925023,1443290,0.932,0.324,0.153,-4.1,1.1,-3.1,-7.3,-37.3,0,0.60750145,-0.200781274,-0.606982635,-0.471297342
1169,2928054,1443290,0.936,0.323,0.157,-4,1.1,-3.2,-7.3,-37.3,0,0.607470931,-0.200781274,-0.606952116,-0.471419416
1170,2929426,1443300,0.936,0.323,0.157,-4,1.1,-3.2,-7.3,-37.3,0,0.607470931,-0.200781274,-0.606952116,-0.471419416
1171,2932496,1443300,0.936,0.323,0.157,-3.9,1.1,-3.1,-7.3,-37.1,-0.1,0.607165746,-0.201025422,-0.607226783,-0.47132786
1172,2936008,1443300,0.936,0.32,0.157,-3.9,1.1,-3,-7.3,-37.1,-0.1,0.607135228,-0.201025422,-0.607196265,-0.471419416
1173,2938164,1443300,0.936,0.324,0.149,-4,1.1,-2.9,-7.3,-37.1,-0.1,0.607104709,-0.201025422,-0.607135228,-0.471510971
1174,2940399,1443310,0.936,0.324,0.153,-4,1,-2.9,-7.3,-37.5,-0.4,0.60707419,-0.201025422,-0.607104709,-0.471602527
1175,2941857,1443310,0.936,0.32,0.149,-4.1,0.9,-2.9,-7.3,-37.5,-0.4,0.607043672,-0.201025422,-0.60707419,-0.471724601
1176,2944938,1443310,0.932,0.324,0.149,-4.3,1,-2.9,-7.3,-37.5,-0.4,0.607013153,-0.201025422,-0.607013153,-0.471816156
1177,2947155,1443310,0.94,0.32,0.153,-4.4,1.1,-2.7,-7.3,-37.5,-0.4,0.606952116,-0.20105594,-0.606982635,-0.471907712
1178,2950079,1443320,0.94,0.323,0.157,-4.7,1.2,-2.6,-7.2,-37.4,0.2,0.606921598,-0.20105594,-0.606921598,-0.471999268
1179,2951735,1443320,0.944,0.32,0.145,-4.7,1.2,-2.4,-7.2,-37.4,0.2,0.606891079,-0.201086459,-0.606860561,-0.472121342
1180,2954580,1443320,0.94,0.32,0.149,-4.9,1.2,-2.4,-7.2,-37.4,0.2,0.606860561,-0.201116977,-0.606799524,-0.472212897
1181,2957512,1443320,0.944,0.32,0.145,-5,1.1,-2.2,-7.2,-37.4,0.2,0.606830042,-0.201116977,-0.606738487,-0.472304453
1182,2960649,1443330,0.944,0.32,0.145,-5.1,1.2,-2.1,-7.4,-37.7,-1.9,0.606830042,-0.201147496,-0.60667745,-0.472426527
1183,2961986,1443330,0.944,0.316,0.153,-5.2,1.1,-2,-7.4,-37.7,-1.9,0.606799524,-0.201178014,-0.606616413,-0.472518082
1184,2964397,1443330,0.944,0.312,0.153,-5.3,1.1,-1.9,-7.4,-37.7,-1.9,0.606769005,-0.201208533,-0.606555376,-0.472640156
1185,2967391,1443330,0.948,0.316,0.145,-5.4,1.1,-1.8,-7.4,-37.7,-1.9,0.606738487,-0.201239051,-0.606494339,-0.472731712
1186,2970611,1443340,0.952,0.312,0.145,-5.4,1.2,-1.6,-7.1,-37.3,0.1,0.606707968,-0.201300089,-0.606433302,-0.472823267
1187,2972854,1443340,0.948,0.312,0.145,-5.5,1.2,-1.6,-7.1,-37.3,0.1,0.60667745,-0.201330607,-0.606372265,-0.472914823
1188,2974884,1443340,0.952,0.312,0.149,-5.5,1.1,-1.5,-7.1,-37.3,0.1,0.606646931,-0.201361126,-0.606311228,-0.473036897
1189,2977096,1443340,0.956,0.308,0.145,-5.5,1,-1.4,-7.1,-37.3,0.1,0.606646931,-0.201391644,-0.606250191,-0.473128452
1190,2980354,1443350,0.956,0.308,0.145,-5.5,1,-1.4,-7.1,-37.3,0.1,0.606646931,-0.201391644,-0.606250191,-0.473128452
1191,2982418,1443350,0.952,0.308,0.153,-5.5,1.1,-1.3,-7.2,-37.3,0,0.606433302,-0.201910459,-0.606433302,-0.472884304
1192,2984602,1443350,0.952,0.308,0.153,-5.4,1.2,-1.3,-7.2,-37.3,0,0.606433302,-0.201971496,-0.606372265,-0.473006378
1193,2987835,1443350,0.956,0.308,0.153,-5.3,1.2,-1.3,-7.2,-37.3,0,0.606402783,-0.202002014,-0.606311228,-0.473097934
1194,2989275,1443360,0.956,0.308,0.149,-5,1.3,-1.2,-6.7,-37.3,-0.3,0.606372265,-0.202032533,-0.606250191,-0.473189489
1195,2992398,1443360,0.952,0.312,0.153,-4.9,1.3,-1.1,-6.7,-37.3,-0.3,0.606372265,-0.202063051,-0.606189154,-0.473250526
1196,2994803,1443360,0.952,0.312,0.153,-4.7,1.2,-0.9,-6.7,-37.3,-0.3,0.606341746,-0.202124088,-0.606128117,-0.473342082
1197,2997227,1443360,0.956,0.308,0.153,-4.6,1,-0.8,-6.7,-37.3,-0.3,0.606341746,-0.202154607,-0.60606708,-0.473433638
1198,2999385,1443370,0.952,0.311,0.157,-4.4,0.9,-0.7,-7.5,-37.6,-0.2,0.606311228,-0.202185125,-0.606006043,-0.473494675
1199,3001954,1443370,0.952,0.308,0.156,-4.3,0.8,-0.6,-7.5,-37.6,-0.2,0.606311228,-0.202246162,-0.605945006,-0.473555712
1200,3005361,1443370,0.948,0.312,0.157,-4.3,0.8,-0.5,-7.5,-37.6,-0.2,0.606311228,-0.202276681,-0.605883969,-0.473616749
1201,3007357,1443370,0.948,0.308,0.157,-4.3,0.7,-0.3,-7.5,-37.6,-0.2,0.606280709,-0.202307199,-0.60585345,-0.473708304
1202,3009591,1443380,0.948,0.308,0.157,-4.3,0.6,0,-7.2,-38,-1.6,0.606280709,-0.202368236,-0.605792413,-0.473769341
1203,3012928,1443380,0.948,0.311,0.161,-4.3,0.5,0.2,-7.2,-38,-1.6,0.606250191,-0.202429273,-0.605731376,-0.47379986
1204,3014896,1443380,0.944,0.308,0.161,-4.3,0.4,0.6,-7.2,-38,-1.6,0.606250191,-0.20249031,-0.605670339,-0.473860897
1205,3017152,1443380,0.944,0.312,0.157,-4.2,0.3,0.9,-7.2,-38,-1.6,0.606250191,-0.202551347,-0.605639821,-0.473921934
1206,3020329,1443390,0.944,0.312,0.161,-4.1,0.3,0.9,-7.1,-37.8,-0.4,0.606250191,-0.202612384,-0.605578784,-0.473952452
1207,3021756,1443390,0.94,0.308,0.157,-4.1,0.2,0.9,-7.1,-37.8,-0.4,0.606250191,-0.202673421,-0.605517747,-0.473982971
1208,3024888,1443390,0.94,0.312,0.157,-4.1,0.2,0.8,-7.1,-37.8,-0.4,0.606250191,-0.202734458,-0.605487228,-0.474044008
1209,3027099,1443390,0.936,0.312,0.157,-4,0.1,0.8,-7.1,-37.8,-0.4,0.606219672,-0.202795495,-0.605426191,-0.474074526
1210,3030466,1443400,0.936,0.312,0.157,-4,0.1,0.8,-7.1,-37.8,-0.4,0.606219672,-0.202795495,-0.605426191,-0.474074526
1211,3032495,1443400,0.932,0.316,0.157,-3.7,0,0.9,-7.1,-37.5,0,0.606128117,-0.203253273,-0.605548265,-0.473860897
1212,3034714,1443400,0.929,0.316,0.161,-3.5,-0.2,0.9,-7.1,-37.5,0,0.606128117,-0.20331431,-0.605517747,-0.473891415
1213,3037243,1443400,0.929,0.316,0.161,-3.3,-0.3,0.9,-7.1,-37.5,0,0.606128117,-0.203344829,-0.605487228,-0.473921934
1214,3039472,1443410,0.932,0.316,0.161,-3.2,-0.5,1,-7.4,-37.8,-0.3,0.606128117,-0.203436384,-0.605456709,-0.473952452
1215,3041721,1443410,0.929,0.32,0.157,-3,-0.5,1.3,-7.4,-37.8,-0.3,0.606097598,-0.203497421,-0.605426191,-0.473952452
1216,3045451,1443410,0.932,0.319,0.165,-2.9,-0.5,1.5,-7.4,-37.8,-0.3,0.606097598,-0.203558458,-0.605395672,-0.473982971
1217,3047552,1443410,0.929,0.32,0.161,-2.8,-0.6,1.7,-7.4,-37.8,-0.3,0.606097598,-0.203650014,-0.605365154,-0.473982971
1218,3049568,1443420,0.932,0.323,0.165,-2.7,-0.6,1.7,-7.2,-37.5,-0.3,0.606097598,-0.203711051,-0.605334635,-0.474013489
1219,3053097,1443420,0.932,0.32,0.157,-2.6,-0.6,1.5,-7.2,-37.5,-0.3,0.606097598,-0.203772088,-0.605304117,-0.474013489
1220,3054710,1443420,0.932,0.32,0.161,-2.4,-0.5,1.4,-7.2,-37.5,-0.3,0.606097598,-0.203833125,-0.605273598,-0.474013489
1221,3058728,1443420,0.936,0.323,0.165,-2.4,-0.5,1.5,-7.2,-37.5,-0.3,0.606097598,-0.203894162,-0.60524308,-0.474044008
1222,3061128,1443430,0.936,0.323,0.161,-2.4,-0.4,1.5,-7.4,-37.8,-1.4,0.606097598,-0.20392468,-0.605212561,-0.474044008
1223,3063297,1443430,0.932,0.316,0.161,-2.6,-0.2,1.5,-7.4,-37.8,-1.4,0.606097598,-0.203985717,-0.605182043,-0.474044008
1224,3065579,1443430,0.936,0.319,0.161,-2.6,-0.1,1.5,-7.4,-37.8,-1.4,0.606097598,-0.204046754,-0.605151524,-0.474074526
1225,3067468,1443430,0.936,0.316,0.161,-2.7,0,1.4,-7.4,-37.8,-1.4,0.606097598,-0.204107791,-0.605121006,-0.474074526
1226,3069805,1443440,0.936,0.316,0.157,-2.8,0,1.2,-7.6,-37.4,-0.2,0.606097598,-0.204168828,-0.605090487,-0.474105045
1227,3072021,1443440,0.94,0.316,0.153,-3,0,1.1,-7.6,-37.4,-0.2,0.606097598,-0.204229865,-0.605059969,-0.474135563
1228,3074931,1443440,0.948,0.312,0.157,-3.3,0,1,-7.6,-37.4,-0.2,0.606097598,-0.204260384,-0.604998932,-0.474166082
1229,3077265,1443440,0.944,0.304,0.157,-3.5,0.2,1.1,-7.6,-37.4,-0.2,0.606097598,-0.204321421,-0.604968413,-0.4741966
1230,3080416,1443450,0.944,0.304,0.157,-3.5,0.2,1.1,-7.6,-37.4,-0.2,0.606097598,-0.204321421,-0.604968413,-0.4741966
1231,3082601,1443450,0.948,0.304,0.157,-3.8,0.6,0.8,-7.3,-37.3,-0.5,0.605975524,-0.20474868,-0.605121006,-0.473952452
1232,3084799,1443450,0.952,0.3,0.152,-3.9,0.6,0.8,-7.3,-37.3,-0.5,0.605975524,-0.204809717,-0.605059969,-0.474013489
1233,3088020,1443450,0.952,0.3,0.156,-4,0.5,0.9,-7.3,-37.3,-0.5,0.605975524,-0.204870754,-0.604998932,-0.474044008
1234,3090384,1443460,0.948,0.304,0.149,-4.2,0.3,1.1,-7.5,-37.7,-0.4,0.605975524,-0.204931791,-0.604968413,-0.474074526
1235,3092257,1443460,0.948,0.304,0.149,-4.4,0.1,1.1,-7.5,-37.7,-0.4,0.605975524,-0.205023347,-0.604907376,-0.474135563
1236,3095406,1443460,0.948,0.3,0.153,-4.5,0.1,1.1,-7.5,-37.7,-0.4,0.605975524,-0.205084384,-0.604846339,-0.474166082
1237,3096846,1443460,0.952,0.3,0.149,-4.5,0.1,1.2,-7.5,-37.7,-0.4,0.605945006,-0.205175939,-0.604785302,-0.474227119
1238,3099794,1443470,0.956,0.3,0.156,-4.5,0,1.3,-7.4,-37.5,-0.7,0.605945006,-0.205236976,-0.604724265,-0.474257637
1239,3102002,1443470,0.956,0.3,0.156,-4.6,0,1.3,-7.4,-37.5,-0.7,0.605945006,-0.205298013,-0.604693747,-0.474318674
1240,3104987,1443470,0.952,0.3,0.152,-4.6,0,1.1,-7.4,-37.5,-0.7,0.605945006,-0.205389569,-0.60463271,-0.474349193
1241,3108022,1443470,0.952,0.3,0.156,-4.7,0,1,-7.4,-37.5,-0.7,0.605914487,-0.205481124,-0.604571673,-0.47441023
1242,3109399,1443480,0.952,0.304,0.156,-4.7,0,1,-7.3,-37.8,-1.2,0.605914487,-0.205542161,-0.604510636,-0.474440748
1243,3112359,1443480,0.956,0.304,0.156,-4.7,-0.1,1.1,-7.3,-37.8,-1.2,0.605914487,-0.205633717,-0.604480117,-0.474501785
1244,3115490,1443480,0.952,0.3,0.156,-4.6,-0.1,1.1,-7.3,-37.8,-1.2,0.605883969,-0.205725272,-0.60441908,-0.474532304
1245,3117079,1443480,0.948,0.304,0.157,-4.6,-0.1,1,-7.3,-37.8,-1.2,0.605883969,-0.205786309,-0.604358043,-0.474593341
1246,3120059,1443490,0.952,0.308,0.156,-4.6,-0.1,0.9,-7.6,-37.8,-0.5,0.605883969,-0.205847346,-0.604327525,-0.474654378
1247,3121769,1443490,0.952,0.304,0.153,-4.6,-0.1,0.9,-7.6,-37.8,-0.5,0.60585345,-0.205938902,-0.604266488,-0.474684896
1248,3124860,1443490,0.948,0.3,0.156,-4.7,-0.2,0.9,-7.6,-37.8,-0.5,0.60585345,-0.205999939,-0.604205451,-0.474745933
1249,3127841,1443490,0.948,0.3,0.153,-4.7,-0.2,0.9,-7.6,-37.8,-0.5,0.605822932,-0.206091494,-0.604174932,-0.474776452
1250,3129407,1443500,0.948,0.3,0.153,-4.7,-0.2,0.9,-7.6,-37.8,-0.5,0.605822932,-0.206091494,-0.604174932,-0.474776452
1251,3132243,1443500,0.944,0.304,0.157,-4.5,-0.2,0.9,-6.9,-37.7,-0.6,0.605731376,-0.206732383,-0.604327525,-0.474440748
1252,3135420,1443500,0.944,0.3,0.16,-4.3,-0.2,0.9,-6.9,-37.7,-0.6,0.605700858,-0.20679342,-0.604297006,-0.474471267
1253,3136749,1443500,0.94,0.3,0.153,-4.2,-0.2,0.7,-6.9,-37.7,-0.6,0.605700858,-0.206854457,-0.604266488,-0.474532304
1254,3139941,1443510,0.944,0.304,0.157,-4.1,-0.3,0.7,-7.5,-37.9,-1,0.605670339,-0.206915494,-0.604205451,-0.474562822
1255,3142209,1443510,0.94,0.304,0.161,-4,-0.2,0.8,-7.5,-37.9,-1,0.605670339,-0.20700705,-0.604174932,-0.474593341
1256,3145668,1443510,0.94,0.308,0.157,-3.9,-0.3,0.9,-7.5,-37.9,-1,0.605639821,-0.207068087,-0.604113895,-0.474654378
1257,3147314,1443510,0.944,0.304,0.157,-3.8,-0.2,0.9,-7.5,-37.9,-1,0.605639821,-0.207129124,-0.604083377,-0.474684896
1258,3149642,1443520,0.94,0.304,0.157,-3.7,-0.1,0.9,-7,-37.9,-1,0.605639821,-0.207190161,-0.604052858,-0.474715415
1259,3153130,1443520,0.94,0.308,0.157,-3.6,0,0.8,-7,-37.9,-1,0.605609302,-0.207251198,-0.603991821,-0.474745933
1260,3154932,1443520,0.936,0.3,0.153,-3.5,0,0.7,-7,-37.9,-1,0.605609302,-0.207312235,-0.603961303,-0.47480697
1261,3157154,1443520,0.936,0.3,0.153,-3.3,0.1,0.5,-7,-37.9,-1,0.605609302,-0.207342753,-0.603930784,-0.474837489
1262,3159728,1443530,0.936,0.304,0.153,-3.3,0.1,0.4,-7.4,-37.8,-1.1,0.605609302,-0.20740379,-0.603900266,-0.474868007
1263,3163468,1443530,0.936,0.308,0.161,-3.2,0,0.3,-7.4,-37.8,-1.1,0.605578784,-0.207464827,-0.603839228,-0.474898526
1264,3165631,1443530,0.936,0.312,0.157,-3.2,0,0.3,-7.4,-37.8,-1.1,0.605578784,-0.207495346,-0.60380871,-0.474959563
1265,3167566,1443530,0.932,0.304,0.157,-3.1,0,0.2,-7.4,-37.8,-1.1,0.605548265,-0.207556383,-0.603778191,-0.474990081
1266,3169910,1443540,0.932,0.304,0.165,-3,0,0.1,-7.3,-37.9,-0.5,0.605548265,-0.207586901,-0.603747673,-0.4750206
1267,3172192,1443540,0.936,0.304,0.157,-2.9,0,0,-7.3,-37.9,-0.5,0.605548265,-0.20761742,-0.603717154,-0.475051119
1268,3174867,1443540,0.936,0.304,0.161,-2.9,0.2,0.1,-7.3,-37.9,-0.5,0.605517747,-0.207647938,-0.603686636,-0.475081637
1269,3177454,1443540,0.932,0.304,0.161,-2.7,0.3,0.2,-7.3,-37.9,-0.5,0.605517747,-0.207708975,-0.603656117,-0.475142674
1270,3179625,1443550,0.932,0.304,0.161,-2.7,0.3,0.2,-7.3,-37.9,-0.5,0.605517747,-0.207708975,-0.603656117,-0.475142674
1271,3183698,1443550,0.94,0.296,0.16,-2.6,0.3,0.3,-7.1,-37.9,-0.5,0.605456709,-0.208014161,-0.603717154,-0.474959563
1272,3185940,1443550,0.94,0.3,0.164,-2.6,0.3,0.3,-7.1,-37.9,-0.5,0.605456709,-0.208075198,-0.603686636,-0.474990081
1273,3188196,1443550,0.936,0.3,0.165,-2.4,0.2,0.4,-7.1,-37.9,-0.5,0.605456709,-0.208105716,-0.603656117,-0.4750206
1274,3190452,1443560,0.936,0.3,0.165,-2.3,0,0.5,-7.1,-37.4,-0.7,0.605456709,-0.208136235,-0.603625599,-0.475051119
1275,3192349,1443560,0.936,0.3,0.168,-2.2,0,0.4,-7.1,-37.4,-0.7,0.605456709,-0.208166753,-0.603625599,-0.475051119
1276,3194627,1443560,0.932,0.3,0.161,-2.1,0,0.5,-7.1,-37.4,-0.7,0.605456709,-0.208197272,-0.60359508,-0.475081637
1277,3197207,1443560,0.936,0.304,0.161,-1.9,0,0.6,-7.1,-37.4,-0.7,0.605456709,-0.20822779,-0.603564562,-0.475081637
1278,3199364,1443570,0.936,0.308,0.161,-1.8,-0.1,0.7,-7.1,-37.8,-0.7,0.605456709,-0.208288827,-0.603534043,-0.475081637
1279,3201752,1443570,0.94,0.308,0.161,-1.6,-0.3,0.8,-7.1,-37.8,-0.7,0.605456709,-0.208319346,-0.603534043,-0.475081637
1280,3206012,1443570,0.94,0.312,0.157,-1.6,-0.4,0.8,-7.1,-37.8,-0.7,0.605426191,-0.208349864,-0.603503525,-0.475142674
1281,3207377,1443570,0.936,0.312,0.157,-1.6,-0.4,1,-7.1,-37.8,-0.7,0.605426191,-0.208380383,-0.603503525,-0.475142674
1282,3210504,1443580,0.94,0.316,0.161,-1.7,-0.4,1,-7.4,-37.7,-0.7,0.605426191,-0.20844142,-0.603473006,-0.475142674
1283,3211833,1443580,0.94,0.319,0.161,-1.8,-0.4,1,-7.4,-37.7,-0.7,0.605426191,-0.208471938,-0.603473006,-0.475142674
1284,3214795,1443580,0.94,0.319,0.161,-1.8,-0.5,1,-7.4,-37.7,-0.7,0.605426191,-0.208502457,-0.603442488,-0.475173193
1285,3217869,1443580,0.94,0.316,0.161,-1.8,-0.5,1,-7.4,-37.7,-0.7,0.605426191,-0.208563494,-0.603442488,-0.475173193
1286,3220805,1443590,0.944,0.319,0.165,-1.8,-0.6,1,-7.5,-37.5,-0.6,0.605426191,-0.208594012,-0.603411969,-0.475173193
1287,3222267,1443590,0.94,0.312,0.161,-1.9,-0.6,1,-7.5,-37.5,-0.6,0.605395672,-0.208655049,-0.603381451,-0.475173193
1288,3225387,1443590,0.944,0.319,0.161,-1.9,-0.6,0.9,-7.5,-37.5,-0.6,0.605395672,-0.208685568,-0.603381451,-0.475203711
1289,3226672,1443590,0.944,0.316,0.157,-2.1,-0.6,0.7,-7.5,-37.5,-0.6,0.605395672,-0.208746605,-0.603350932,-0.475203711
1290,3229718,1443600,0.944,0.316,0.157,-2.1,-0.6,0.7,-7.5,-37.5,-0.6,0.605395672,-0.208746605,-0.603350932,-0.475203711
1291,3232806,1443600,0.948,0.311,0.164,-2.1,-0.5,0.8,-7.2,-37.9,-0.8,0.605273598,-0.208990753,-0.603534043,-0.475051119
1292,3234192,1443600,0.948,0.308,0.164,-2.2,-0.5,1,-7.2,-37.9,-0.8,0.60524308,-0.20905179,-0.603503525,-0.475081637
1293,3237231,1443600,0.952,0.307,0.164,-2.3,-0.4,1.1,-7.2,-37.9,-0.8,0.60524308,-0.209112827,-0.603473006,-0.475081637
1294,3240307,1443610,0.948,0.308,0.16,-2.4,-0.4,1,-7.5,-37.7,-0.9,0.60524308,-0.209143345,-0.603442488,-0.475081637
1295,3241817,1443610,0.948,0.308,0.157,-2.5,-0.3,0.8,-7.5,-37.7,-0.9,0.60524308,-0.209204382,-0.603442488,-0.475081637
1296,3244660,1443610,0.944,0.304,0.164,-2.6,-0.3,0.7,-7.5,-37.7,-0.9,0.605212561,-0.209204382,-0.603411969,-0.475142674
1297,3247892,1443610,0.948,0.308,0.16,-2.7,-0.2,0.7,-7.5,-37.7,-0.9,0.605212561,-0.209295938,-0.603381451,-0.475173193
1298,3249209,1443620,0.952,0.304,0.16,-2.7,-0.2,0.8,-7.3,-38.4,-1.4,0.605212561,-0.209356975,-0.603350932,-0.475203711
1299,3253056,1443620,0.948,0.3,0.16,-2.7,-0.2,0.8,-7.3,-38.4,-1.4,0.605212561,-0.209387494,-0.603320414,-0.475203711
1300,3254452,1443620,0.948,0.3,0.156,-2.6,-0.3,0.8,-7.3,-38.4,-1.4,0.605182043,-0.209448531,-0.603289895,-0.47523423
1301,3257429,1443620,0.952,0.304,0.156,-2.7,-0.4,0.8,-7.3,-38.4,-1.4,0.605182043,-0.209509568,-0.603259377,-0.475264748
1302,3260554,1443630,0.948,0.296,0.153,-2.9,-0.4,1,-7.4,-37.7,-1,0.605182043,-0.209570605,-0.603228858,-0.475295267
1303,3261982,1443630,0.948,0.296,0.16,-3.1,-0.4,1.1,-7.4,-37.7,-1,0.605182043,-0.209631642,-0.60319834,-0.475295267
1304,3264924,1443630,0.952,0.296,0.156,-3.1,-0.3,1.3,-7.4,-37.7,-1,0.605151524,-0.209692679,-0.603167821,-0.475325785
1305,3267819,1443630,0.948,0.292,0.156,-3.2,-0.3,1.2,-7.4,-37.7,-1,0.605151524,-0.209753716,-0.603137303,-0.475356304
1306,3270977,1443640,0.952,0.288,0.156,-3.1,-0.4,1.3,-7.4,-38,-1.1,0.605151524,-0.209814753,-0.603106784,-0.475386822
1307,3272336,1443640,0.948,0.292,0.156,-3.1,-0.4,1.3,-7.4,-38,-1.1,0.605151524,-0.20987579,-0.603076266,-0.475386822
1308,3274699,1443640,0.948,0.292,0.156,-3,-0.5,1.4,-7.4,-38,-1.1,0.605151524,-0.209936827,-0.603045747,-0.475417341
1309,3277713,1443640,0.952,0.292,0.156,-3,-0.7,1.3,-7.4,-38,-1.1,0.605121006,-0.209997864,-0.603015229,-0.475447859
1310,3280547,1443650,0.952,0.292,0.156,-3,-0.7,1.3,-7.4,-38,-1.1,0.605121006,-0.209997864,-0.603015229,-0.475447859
1311,3282069,1443650,0.948,0.288,0.156,-2.9,-0.9,1.3,-7.1,-37.7,-1.2,0.605090487,-0.210699789,-0.603167821,-0.474990081
1312,3285179,1443650,0.944,0.288,0.156,-2.7,-0.9,1.4,-7.1,-37.7,-1.2,0.605059969,-0.210760826,-0.603137303,-0.474990081
1313,3288005,1443650,0.948,0.292,0.16,-2.6,-0.9,1.6,-7.1,-37.7,-1.2,0.605059969,-0.210821863,-0.603137303,-0.474990081
1314,3289515,1443660,0.944,0.288,0.16,-2.6,-0.9,1.6,-7.6,-37.8,-1,0.605059969,-0.2108829,-0.603106784,-0.4750206
1315,3292405,1443660,0.948,0.292,0.156,-2.4,-0.9,1.6,-7.6,-37.8,-1,0.605059969,-0.210943937,-0.603076266,-0.4750206
1316,3294849,1443660,0.944,0.288,0.164,-2.3,-0.8,1.4,-7.6,-37.8,-1,0.605059969,-0.211004975,-0.603076266,-0.4750206
1317,3297034,1443660,0.948,0.288,0.16,-2.1,-0.7,1.3,-7.6,-37.8,-1,0.60502945,-0.211066012,-0.603045747,-0.4750206
1318,3299391,1443670,0.948,0.292,0.164,-1.9,-0.6,1.3,-7.2,-37.8,-1.5,0.60502945,-0.211127049,-0.603045747,-0.4750206
1319,3302331,1443670,0.948,0.292,0.152,-1.6,-0.5,1.3,-7.2,-37.8,-1.5,0.60502945,-0.211157567,-0.603015229,-0.4750206
1320,3304458,1443670,0.948,0.292,0.16,-1.5,-0.4,1.4,-7.2,-37.8,-1.5,0.60502945,-0.211218604,-0.60298471,-0.4750206
1321,3308540,1443670,0.948,0.292,0.164,-1.3,-0.4,1.5,-7.2,-37.8,-1.5,0.60502945,-0.211249123,-0.60298471,-0.4750206
1322,3310630,1443680,0.948,0.292,0.156,-1.2,-0.4,1.5,-7.5,-38,-1,0.605059969,-0.211279641,-0.602954192,-0.4750206
1323,3312472,1443680,0.944,0.296,0.16,-0.9,-0.4,1.5,-7.5,-38,-1,0.605059969,-0.211340678,-0.602954192,-0.4750206
1324,3315695,1443680,0.952,0.292,0.164,-0.8,-0.4,1.5,-7.5,-38,-1,0.605059969,-0.211371197,-0.602954192,-0.474990081
1325,3317063,1443680,0.948,0.292,0.16,-0.7,-0.3,1.6,-7.5,-38,-1,0.605059969,-0.211401715,-0.602923673,-0.474990081
1326,3320201,1443690,0.952,0.296,0.16,-0.7,-0.2,1.5,-7.2,-37.5,-1.1,0.605090487,-0.211432234,-0.602923673,-0.474990081
1327,3321560,1443690,0.948,0.296,0.16,-0.7,-0.1,1.6,-7.2,-37.5,-1.1,0.605090487,-0.211462752,-0.602923673,-0.474959563
1328,3324669,1443690,0.952,0.292,0.156,-0.6,0,1.5,-7.2,-37.5,-1.1,0.605090487,-0.211493271,-0.602893155,-0.474959563
1329,3327819,1443690,0.952,0.292,0.156,-0.4,0,1.3,-7.2,-37.5,-1.1,0.605121006,-0.211523789,-0.602893155,-0.474929044
1330,3329267,1443700,0.952,0.292,0.156,-0.4,0,1.3,-7.2,-37.5,-1.1,0.605121006,-0.211523789,-0.602893155,-0.474929044
1331,3332911,1443700,0.952,0.292,0.16,-0.2,0.2,1.3,-7.2,-37.9,-1.1,0.605121006,-0.212012085,-0.603076266,-0.474501785
1332,3334529,1443700,0.956,0.296,0.164,-0.3,0.2,1.6,-7.2,-37.9,-1.1,0.605121006,-0.212042604,-0.603045747,-0.474471267
1333,3337731,1443700,0.952,0.292,0.164,-0.3,0.1,1.8,-7.2,-37.9,-1.1,0.605151524,-0.212073122,-0.603045747,-0.474471267
1334,3340469,1443710,0.952,0.292,0.164,-0.2,0.1,1.9,-7,-37.8,-1.5,0.605182043,-0.212103641,-0.603015229,-0.474440748
1335,3341940,1443710,0.952,0.292,0.164,-0.1,0.1,1.9,-7,-37.8,-1.5,0.605182043,-0.212134159,-0.603015229,-0.47441023
1336,3344862,1443710,0.952,0.292,0.164,-0.1,0.3,2,-7,-37.8,-1.5,0.605212561,-0.212134159,-0.60298471,-0.474379711
1337,3347994,1443710,0.956,0.296,0.164,-0.1,0.3,1.9,-7,-37.8,-1.5,0.60524308,-0.212134159,-0.60298471,-0.474379711
1338,3349379,1443720,0.952,0.292,0.164,-0.1,0.4,1.8,-7.7,-37.5,-1.3,0.605273598,-0.212195196,-0.602954192,-0.474349193
1339,3353346,1443720,0.952,0.292,0.156,-0.1,0.3,1.9,-7.7,-37.5,-1.3,0.605304117,-0.212225715,-0.602954192,-0.474318674
1340,3354760,1443720,0.948,0.296,0.156,-0.2,0.4,2,-7.7,-37.5,-1.3,0.605304117,-0.212256233,-0.602923673,-0.474288156
1341,3356987,1443720,0.952,0.292,0.16,-0.4,0.4,2.1,-7.7,-37.5,-1.3,0.605334635,-0.212286752,-0.602893155,-0.474288156
1342,3359300,1443730,0.948,0.296,0.16,-0.6,0.4,2.1,-7.6,-37.7,-1.2,0.605365154,-0.21231727,-0.602893155,-0.474257637
1343,3363832,1443730,0.948,0.292,0.16,-0.7,0.6,2,-7.6,-37.7,-1.2,0.605395672,-0.212347789,-0.602862636,-0.474257637
1344,3366142,1443730,0.952,0.296,0.16,-0.7,0.6,1.9,-7.6,-37.7,-1.2,0.605426191,-0.212378307,-0.602832118,-0.474227119
1345,3368406,1443730,0.956,0.292,0.16,-0.7,0.6,2,-7.6,-37.7,-1.2,0.605456709,-0.212408826,-0.602801599,-0.474227119
1346,3370462,1443740,0.952,0.292,0.16,-0.6,0.6,2.1,-7,-37.4,-1.3,0.605487228,-0.212439344,-0.602771081,-0.4741966
1347,3371971,1443740,0.948,0.296,0.156,-0.7,0.5,2.2,-7,-37.4,-1.3,0.605517747,-0.212469863,-0.602771081,-0.4741966
1348,3375597,1443740,0.952,0.296,0.16,-0.7,0.5,2.2,-7,-37.4,-1.3,0.605517747,-0.212500381,-0.602740562,-0.474166082
1349,3377921,1443740,0.952,0.292,0.16,-0.7,0.5,2.1,-7,-37.4,-1.3,0.605548265,-0.2125309,-0.602710044,-0.474166082
1350,3379257,1443750,0.952,0.292,0.16,-0.7,0.5,2.1,-7,-37.4,-1.3,0.605548265,-0.2125309,-0.602710044,-0.474166082
1351,3382113,1443750,0.948,0.296,0.16,-0.7,0.4,2,-7.1,-37.5,-0.9,0.605548265,-0.213080233,-0.602893155,-0.473677786
1352,3385296,1443750,0.948,0.288,0.164,-0.7,0.4,1.9,-7.1,-37.5,-0.9,0.605578784,-0.213110752,-0.602862636,-0.473677786
1353,3386724,1443750,0.948,0.296,0.16,-0.6,0.5,1.9,-7.1,-37.5,-0.9,0.605609302,-0.213110752,-0.602832118,-0.473647267
1354,3389707,1443760,0.952,0.292,0.16,-0.6,0.5,1.8,-7.2,-37.7,-1.3,0.605639821,-0.213171789,-0.602801599,-0.473647267
1355,3392951,1443760,0.948,0.296,0.156,-0.5,0.5,1.8,-7.2,-37.7,-1.3,0.605639821,-0.213202307,-0.602801599,-0.473616749
1356,3395110,1443760,0.948,0.292,0.156,-0.4,0.5,1.8,-7.2,-37.7,-1.3,0.605670339,-0.213202307,-0.602771081,-0.473616749
1357,3396733,1443760,0.948,0.288,0.16,-0.4,0.4,1.8,-7.2,-37.7,-1.3,0.605700858,-0.213232826,-0.602740562,-0.47358623
1358,3400268,1443770,0.948,0.292,0.164,-0.5,0.4,2.1,-6.9,-37.7,-0.9,0.605731376,-0.213263344,-0.602740562,-0.47358623
1359,3401667,1443770,0.952,0.296,0.168,-0.6,0.4,2.2,-6.9,-37.7,-0.9,0.605761895,-0.213293863,-0.602710044,-0.473555712
1360,3404537,1443770,0.948,0.292,0.168,-0.6,0.3,2.3,-6.9,-37.7,-0.9,0.605761895,-0.2133549,-0.602679525,-0.473525193
1361,3407878,1443770,0.944,0.292,0.16,-0.4,0.3,2.3,-6.9,-37.7,-0.9,0.605792413,-0.213385418,-0.602679525,-0.473494675
1362,3409895,1443780,0.952,0.292,0.168,-0.4,0.4,2.3,-7.6,-38,-1.2,0.605822932,-0.213415937,-0.602649007,-0.473494675
1363,3412113,1443780,0.948,0.292,0.168,-0.3,0.6,2.2,-7.6,-38,-1.2,0.60585345,-0.213446455,-0.602618488,-0.473464156
1364,3415096,1443780,0.944,0.288,0.164,-0.1,0.7,2.2,-7.6,-38,-1.2,0.605883969,-0.213446455,-0.60258797,-0.473433638
1365,3416678,1443780,0.948,0.284,0.168,0,0.9,2.2,-7.6,-38,-1.2,0.605914487,-0.213476974,-0.60258797,-0.473403119
1366,3419753,1443790,0.944,0.284,0.168,0,1,2.3,-7.2,-37.7,-1.2,0.605975524,-0.213507492,-0.602526933,-0.4733726
1367,3422811,1443790,0.948,0.288,0.164,0,1.1,2.2,-7.2,-37.7,-1.2,0.606006043,-0.213507492,-0.602526933,-0.4733726
1368,3424187,1443790,0.948,0.28,0.168,0,1.3,2.3,-7.2,-37.7,-1.2,0.606036561,-0.213538011,-0.602496414,-0.473342082
1369,3427963,1443790,0.952,0.284,0.164,0.1,1.4,2.4,-7.2,-37.7,-1.2,0.606097598,-0.213538011,-0.602465896,-0.473311563
1370,3429529,1443800,0.952,0.284,0.164,0.1,1.4,2.4,-7.2,-37.7,-1.2,0.606097598,-0.213538011,-0.602465896,-0.473311563
1371,3432609,1443800,0.956,0.28,0.164,0.3,1.4,2.3,-7.2,-37.8,-1.6,0.606250191,-0.214087344,-0.602496414,-0.472823267
1372,3435505,1443800,0.952,0.276,0.164,0.4,1.5,2.2,-7.2,-37.8,-1.6,0.606311228,-0.214087344,-0.602465896,-0.472792749
1373,3437006,1443800,0.956,0.276,0.16,0.5,1.5,2.3,-7.2,-37.8,-1.6,0.606341746,-0.214087344,-0.602435377,-0.47276223
1374,3440211,1443810,0.948,0.276,0.16,0.5,1.6,2.4,-7.2,-37.8,-1.4,0.606402783,-0.214087344,-0.602404859,-0.472731712
1375,3441690,1443810,0.952,0.272,0.164,0.5,1.7,2.6,-7.2,-37.8,-1.4,0.606433302,-0.214087344,-0.60237434,-0.472701193
1376,3444418,1443810,0.952,0.272,0.164,0.5,1.7,2.7,-7.2,-37.8,-1.4,0.606494339,-0.214087344,-0.602343822,-0.472670675
1377,3447750,1443810,0.948,0.272,0.16,0.6,1.7,2.9,-7.2,-37.8,-1.4,0.606555376,-0.214087344,-0.602313303,-0.472640156
1378,3449232,1443820,0.952,0.276,0.16,0.7,1.7,2.9,-7.7,-38,-1.4,0.606616413,-0.214148381,-0.602282785,-0.472579119
1379,3452163,1443820,0.956,0.272,0.164,0.9,1.7,3,-7.7,-38,-1.4,0.60667745,-0.214148381,-0.602252266,-0.472548601
1380,3455386,1443820,0.952,0.276,0.164,1.2,1.6,3.1,-7.7,-38,-1.4,0.606738487,-0.214148381,-0.602252266,-0.472487564
1381,3457483,1443820,0.952,0.276,0.16,1.4,1.5,3.1,-7.7,-38,-1.4,0.606799524,-0.2141789,-0.602221747,-0.472457045
1382,3459702,1443830,0.952,0.28,0.164,1.6,1.5,3.1,-8,-37.9,-1.1,0.606860561,-0.2141789,-0.602191229,-0.472396008
1383,3462935,1443830,0.956,0.284,0.164,1.7,1.4,3.3,-8,-37.9,-1.1,0.606921598,-0.2141789,-0.602191229,-0.472334971
1384,3464890,1443830,0.952,0.28,0.164,1.9,1.3,3.5,-8,-37.9,-1.1,0.606982635,-0.2141789,-0.60216071,-0.472273934
1385,3467248,1443830,0.948,0.284,0.168,2,1.2,3.6,-8,-37.9,-1.1,0.607043672,-0.2141789,-0.60216071,-0.472182379
1386,3471173,1443840,0.952,0.284,0.168,2.1,1.3,3.6,-7.3,-37.6,-1.1,0.607104709,-0.214209418,-0.60216071,-0.472121342
1387,3473025,1443840,0.948,0.28,0.168,2.3,1.3,3.6,-7.3,-37.6,-1.1,0.607165746,-0.214209418,-0.602130192,-0.472060305
1388,3475395,1443840,0.948,0.28,0.172,2.6,1.5,3.6,-7.3,-37.6,-1.1,0.607257302,-0.214209418,-0.602130192,-0.471968749
1389,3477463,1443840,0.948,0.284,0.168,2.8,1.6,3.6,-7.3,-37.6,-1.1,0.607318339,-0.2141789,-0.602130192,-0.471877194
1390,3479596,1443850,0.948,0.284,0.168,2.8,1.6,3.6,-7.3,-37.6,-1.1,0.607318339,-0.2141789,-0.602130192,-0.471877194
1391,3483113,1443850,0.948,0.28,0.168,3.2,1.8,3.5,-6.7,-37.3,-0.8,0.607562487,-0.214606159,-0.60216071,-0.471358379
1392,3485512,1443850,0.952,0.288,0.168,3.5,1.7,3.3,-6.7,-37.3,-0.8,0.607623524,-0.21457564,-0.60216071,-0.471297342
1393,3487508,1443850,0.948,0.288,0.168,3.8,1.5,3.2,-6.7,-37.3,-0.8,0.607684561,-0.214545122,-0.60216071,-0.471175268
1394,3489866,1443860,0.948,0.284,0.168,4,1.4,3.3,-7.1,-37.5,-0.8,0.607776116,-0.214545122,-0.60216071,-0.471114231
1395,3491962,1443860,0.948,0.288,0.172,4.2,1.4,3.3,-7.1,-37.5,-0.8,0.607837153,-0.214514603,-0.60216071,-0.471022675
1396,3494506,1443860,0.956,0.288,0.172,4.3,1.4,3.1,-7.1,-37.5,-0.8,0.60789819,-0.214484085,-0.602191229,-0.47093112
1397,3496833,1443860,0.952,0.292,0.168,4.5,1.4,3.1,-7.1,-37.5,-0.8,0.607989746,-0.214453566,-0.602191229,-0.470839564
1398,3500422,1443870,0.956,0.292,0.164,4.6,1.4,3.1,-7.1,-37.5,-0.6,0.608050783,-0.214392529,-0.602191229,-0.470748009
1399,3502373,1443870,0.956,0.292,0.168,4.6,1.3,3.2,-7.1,-37.5,-0.6,0.608142338,-0.214362011,-0.602221747,-0.470625935
1400,3505417,1443870,0.956,0.288,0.168,4.7,1.2,3.3,-7.1,-37.5,-0.6,0.608203375,-0.214331492,-0.602221747,-0.470534379
1401,3507070,1443870,0.956,0.288,0.168,4.8,1.2,3.3,-7.1,-37.5,-0.6,0.608264412,-0.214300974,-0.602252266,-0.470442824
1402,3509838,1443880,0.956,0.296,0.168,4.8,1,3.5,-8.6,-37.5,-0.8,0.608355968,-0.214270455,-0.602282785,-0.47032075
1403,3512000,1443880,0.956,0.292,0.168,4.6,0.9,3.6,-8.6,-37.5,-0.8,0.608417005,-0.214239937,-0.602282785,-0.470229194
1404,3514890,1443880,0.952,0.284,0.164,4.5,0.9,3.6,-8.6,-37.5,-0.8,0.608478042,-0.214239937,-0.602313303,-0.47010712
1405,3518120,1443880,0.956,0.288,0.164,4.3,0.9,3.4,-8.6,-37.5,-0.8,0.608569597,-0.214209418,-0.602313303,-0.470015564
1406,3520183,1443890,0.952,0.284,0.164,4.2,1,3.3,-7.2,-37.5,-1.1,0.608630634,-0.2141789,-0.602343822,-0.469924009
1407,3521804,1443890,0.952,0.284,0.164,4,1.1,3.2,-7.2,-37.5,-1.1,0.608691671,-0.214148381,-0.602343822,-0.469832453
1408,3524857,1443890,0.948,0.28,0.168,3.8,1.2,3.2,-7.2,-37.5,-1.1,0.608752709,-0.214148381,-0.602343822,-0.469740898
1409,3527996,1443890,0.952,0.28,0.164,3.7,1.2,3.2,-7.2,-37.5,-1.1,0.608813746,-0.214087344,-0.60237434,-0.469649342
1410,3529509,1443900,0.952,0.28,0.164,3.7,1.2,3.2,-7.2,-37.5,-1.1,0.608813746,-0.214087344,-0.60237434,-0.469649342
1411,3532491,1443900,0.948,0.276,0.168,3.5,1.5,3.4,-7,-38.1,-1,0.608996857,-0.214423048,-0.602435377,-0.469191565
1412,3534689,1443900,0.948,0.272,0.16,3.6,1.5,3.5,-7,-38.1,-1,0.609057894,-0.214392529,-0.602435377,-0.469130528
1413,3537241,1443900,0.944,0.276,0.16,3.7,1.6,3.5,-7,-38.1,-1,0.609149449,-0.214392529,-0.602435377,-0.469038972
1414,3539584,1443910,0.948,0.272,0.16,3.8,1.5,3.6,-7,-37.6,-1,0.609210486,-0.214362011,-0.602435377,-0.468947417
1415,3542236,1443910,0.948,0.276,0.168,4.1,1.6,3.5,-7,-37.6,-1,0.609302042,-0.214331492,-0.602435377,-0.468855861
1416,3544392,1443910,0.948,0.276,0.168,4.5,1.7,3.5,-7,-37.6,-1,0.609363079,-0.214300974,-0.602465896,-0.468733787
1417,3548585,1443910,0.952,0.276,0.168,5,1.7,3.5,-7,-37.6,-1,0.609454634,-0.214270455,-0.602465896,-0.468642232
1418,3550631,1443920,0.952,0.28,0.172,5.3,1.8,3.5,-6.8,-37.2,-1.2,0.60954619,-0.214209418,-0.602496414,-0.468520157
1419,3553009,1443920,0.948,0.28,0.168,5.7,1.8,3.5,-6.8,-37.2,-1.2,0.609637745,-0.2141789,-0.602496414,-0.468428602
1420,3555068,1443920,0.952,0.288,0.172,5.9,1.9,3.6,-6.8,-37.2,-1.2,0.609729301,-0.214087344,-0.602526933,-0.468306528
1421,3557211,1443920,0.952,0.284,0.164,6.2,1.8,3.6,-6.8,-37.2,-1.2,0.609820856,-0.214056825,-0.602526933,-0.468184454
1422,3559555,1443930,0.952,0.288,0.168,6.3,1.8,3.8,-8.7,-37.9,-0.8,0.609912412,-0.214026307,-0.602526933,-0.46806238
1423,3562137,1443930,0.952,0.284,0.168,6.4,1.7,3.8,-8.7,-37.9,-0.8,0.610003967,-0.21396527,-0.60258797,-0.467909787
1424,3564226,1443930,0.952,0.28,0.168,6.5,1.8,3.9,-8.7,-37.9,-0.8,0.610095523,-0.213904233,-0.602618488,-0.467787713
1425,3568619,1443930,0.952,0.288,0.168,6.5,1.8,4,-8.7,-37.9,-0.8,0.610187078,-0.213843196,-0.602618488,-0.467665639
1426,3571157,1443940,0.948,0.288,0.168,6.5,1.8,4,-7.3,-37.7,-1.1,0.610278634,-0.213812677,-0.602649007,-0.467513047
1427,3571557,1443940,0.952,0.284,0.164,6.5,1.9,4,-7.3,-37.7,-1.1,0.610400708,-0.21375164,-0.602679525,-0.467390973
1428,3575540,1443940,0.952,0.284,0.168,6.4,2.1,4,-7.3,-37.7,-1.1,0.610492264,-0.213690603,-0.602710044,-0.467268899
1429,3577683,1443940,0.948,0.288,0.168,6.3,2.2,4,-7.3,-37.7,-1.1,0.610583819,-0.213629566,-0.602710044,-0.467146825
1430,3580026,1443950,0.948,0.288,0.168,6.3,2.2,4,-7.3,-37.7,-1.1,0.610583819,-0.213629566,-0.602710044,-0.467146825
1431,3582010,1443950,0.952,0.284,0.168,6.3,2.2,3.9,-7.2,-37.6,-0.7,0.610797449,-0.213812677,-0.602832118,-0.466658528
1432,3586237,1443950,0.952,0.288,0.164,6.2,2.2,3.8,-7.2,-37.6,-0.7,0.610889004,-0.21375164,-0.602862636,-0.466536454
1433,3588410,1443950,0.948,0.284,0.16,6.1,2.3,3.9,-7.2,-37.6,-0.7,0.61098056,-0.213690603,-0.602862636,-0.46641438
1434,3590335,1443960,0.952,0.288,0.164,6,2.2,4,-7.4,-37.5,-0.8,0.611072115,-0.213629566,-0.602862636,-0.466292306
1435,3592541,1443960,0.952,0.28,0.164,6,2.1,4.1,-7.4,-37.5,-0.8,0.611194189,-0.213599048,-0.602893155,-0.466139714
1436,3594754,1443960,0.952,0.284,0.156,6,2,4.1,-7.4,-37.5,-0.8,0.611285745,-0.213538011,-0.602893155,-0.46601764
1437,3596939,1443960,0.948,0.288,0.168,6,2,4,-7.4,-37.5,-0.8,0.6113773,-0.213507492,-0.602923673,-0.465895566
1438,3599446,1443970,0.952,0.288,0.164,5.9,2.1,3.9,-6.6,-37.5,-0.9,0.611468856,-0.213446455,-0.602923673,-0.465773492
1439,3603023,1443970,0.948,0.288,0.164,5.9,2.1,3.8,-6.6,-37.5,-0.9,0.611560411,-0.213415937,-0.602954192,-0.465651418
1440,3605254,1443970,0.944,0.288,0.16,5.9,2.1,3.8,-6.6,-37.5,-0.9,0.611651967,-0.2133549,-0.602954192,-0.465529344
1441,3608092,1443970,0.948,0.288,0.168,6,2.1,3.8,-6.6,-37.5,-0.9,0.611774041,-0.213293863,-0.60298471,-0.46540727
1442,3609666,1443980,0.944,0.288,0.16,5.9,2.2,3.7,-8.7,-37.7,-0.7,0.611865596,-0.213232826,-0.60298471,-0.465315714
1443,3613437,1443980,0.948,0.292,0.16,5.9,2.3,3.5,-8.7,-37.7,-0.7,0.611957152,-0.213202307,-0.60298471,-0.46519364
1444,3615700,1443980,0.944,0.288,0.168,5.9,2.3,3.2,-8.7,-37.7,-0.7,0.612048708,-0.213110752,-0.603015229,-0.465071566
1445,3618406,1443980,0.944,0.284,0.16,5.9,2.2,3,-8.7,-37.7,-0.7,0.612140263,-0.213080233,-0.603045747,-0.46498001
1446,3619916,1443990,0.944,0.288,0.16,5.9,2,3,-6.9,-37.5,-0.6,0.6122013,-0.213019196,-0.603045747,-0.464857936
1447,3621747,1443990,0.948,0.288,0.164,5.9,1.9,3.1,-6.9,-37.5,-0.6,0.612292856,-0.212958159,-0.603076266,-0.464735862
1448,3624510,1443990,0.944,0.288,0.164,5.9,2,3.1,-6.9,-37.5,-0.6,0.612384411,-0.212897122,-0.603076266,-0.464644307
1449,3627282,1443990,0.94,0.28,0.156,5.9,2,3.1,-6.9,-37.5,-0.6,0.612475967,-0.212836085,-0.603106784,-0.464522233
1450,3630427,1444000,0.94,0.28,0.156,5.9,2,3.1,-6.9,-37.5,-0.6,0.612475967,-0.212836085,-0.603106784,-0.464522233
1451,3631959,1444000,0.944,0.28,0.156,5.7,2.2,3,-7,-37.6,-0.5,0.612598041,-0.212958159,-0.603289895,-0.464094974
1452,3634507,1444000,0.94,0.28,0.16,5.7,2.3,2.9,-7,-37.6,-0.5,0.612689596,-0.212897122,-0.603289895,-0.4639729
1453,3637679,1444000,0.944,0.284,0.16,5.7,2.2,2.6,-7,-37.6,-0.5,0.612750633,-0.212836085,-0.603320414,-0.463881344
1454,3640338,1444010,0.94,0.284,0.168,5.8,2.2,2.4,-6.4,-37.7,-0.8,0.612842189,-0.212775048,-0.603320414,-0.463789789
1455,3642298,1444010,0.94,0.284,0.156,5.9,2,2.3,-6.4,-37.7,-0.8,0.612933744,-0.212683493,-0.603350932,-0.463667714
1456,3644549,1444010,0.94,0.284,0.16,5.9,2.1,2.2,-6.4,-37.7,-0.8,0.612994781,-0.212622456,-0.603381451,-0.463576159
1457,3647028,1444010,0.94,0.28,0.164,5.9,2.1,2.1,-6.4,-37.7,-0.8,0.613086337,-0.2125309,-0.603381451,-0.463484603
1458,3649249,1444020,0.94,0.288,0.164,6,2.2,1.9,-6.9,-37.7,-0.9,0.613147374,-0.212469863,-0.603411969,-0.463362529
1459,3653020,1444020,0.94,0.284,0.16,6,2.2,2,-6.9,-37.7,-0.9,0.613238929,-0.212378307,-0.603442488,-0.463301492
1460,3655151,1444020,0.944,0.288,0.164,6.2,2.2,2.1,-6.9,-37.7,-0.9,0.613299966,-0.21231727,-0.603473006,-0.463209937
1461,3657044,1444020,0.94,0.284,0.164,6.3,2.3,2.2,-6.9,-37.7,-0.9,0.613391522,-0.212225715,-0.603473006,-0.463087863
1462,3660433,1444030,0.944,0.284,0.16,6.5,2.3,2.1,-8.8,-37.8,-0.5,0.613483077,-0.212134159,-0.603503525,-0.462996307
1463,3661853,1444030,0.948,0.28,0.164,6.7,2.2,2,-8.8,-37.8,-0.5,0.613544115,-0.212073122,-0.603534043,-0.462874233
1464,3665733,1444030,0.948,0.288,0.164,6.9,2.2,1.9,-8.8,-37.8,-0.5,0.61363567,-0.211981567,-0.603564562,-0.462782678
1465,3668241,1444030,0.944,0.284,0.164,7,2.2,1.8,-8.8,-37.8,-0.5,0.613727226,-0.211890011,-0.60359508,-0.462660604
1466,3670034,1444040,0.948,0.288,0.164,7,2.1,1.7,-7.2,-37.9,-1,0.613788263,-0.211798456,-0.603625599,-0.462569048
1467,3672299,1444040,0.944,0.288,0.168,7.1,2.1,1.7,-7.2,-37.9,-1,0.613879818,-0.2117069,-0.603656117,-0.462446974
1468,3674670,1444040,0.944,0.284,0.16,7.3,2.1,1.6,-7.2,-37.9,-1,0.613971374,-0.211584826,-0.603717154,-0.462355419
1469,3677204,1444040,0.948,0.284,0.168,7.4,2.1,1.7,-7.2,-37.9,-1,0.614032411,-0.211493271,-0.603747673,-0.462233345
1470,3679273,1444050,0.948,0.284,0.168,7.4,2.1,1.7,-7.2,-37.9,-1,0.614032411,-0.211493271,-0.603747673,-0.462233345
1471,3682328,1444050,0.948,0.288,0.168,7.4,2,1.8,-7.3,-37.9,-0.6,0.614154485,-0.211523789,-0.603930784,-0.461806085
1472,3685544,1444050,0.952,0.288,0.168,7.4,2,1.8,-7.3,-37.9,-0.6,0.61424604,-0.211432234,-0.603991821,-0.461684011
1473,3687390,1444050,0.948,0.288,0.168,7.4,2,1.8,-7.3,-37.9,-0.6,0.614337596,-0.211340678,-0.60402234,-0.461561937
1474,3689808,1444060,0.952,0.284,0.164,7.3,2,1.8,-6.9,-37.6,-0.5,0.614398633,-0.211249123,-0.604052858,-0.461470382
1475,3693060,1444060,0.948,0.292,0.168,7.3,2,1.9,-6.9,-37.6,-0.5,0.614490188,-0.211157567,-0.604083377,-0.461348308
1476,3694869,1444060,0.952,0.288,0.164,7.4,2,2,-6.9,-37.6,-0.5,0.614581744,-0.211066012,-0.604144414,-0.461226234
1477,3697173,1444060,0.952,0.292,0.164,7.4,2,2.1,-6.9,-37.6,-0.5,0.614642781,-0.210974456,-0.604174932,-0.46110416
1478,3700477,1444070,0.952,0.288,0.172,7.5,2.1,2.2,-7.2,-37.6,-0.6,0.614734336,-0.2108829,-0.604205451,-0.460982086
1479,3702466,1444070,0.948,0.292,0.172,7.5,2.2,2.4,-7.2,-37.6,-0.6,0.614825892,-0.210791345,-0.604235969,-0.460860012
1480,3704665,1444070,0.956,0.292,0.172,7.4,2.1,2.4,-7.2,-37.6,-0.6,0.614917447,-0.210699789,-0.604266488,-0.460737938
1481,3706794,1444070,0.948,0.296,0.172,7.4,2,2.4,-7.2,-37.6,-0.6,0.615009003,-0.210608234,-0.604327525,-0.460615864
1482,3710949,1444080,0.956,0.288,0.168,7.4,1.9,2.3,-8.9,-37.7,-0.3,0.61507004,-0.210516678,-0.604358043,-0.460493789
1483,3713197,1444080,0.948,0.288,0.168,7.3,1.9,2.2,-8.9,-37.7,-0.3,0.615161596,-0.210425123,-0.604388562,-0.460371715
1484,3715614,1444080,0.952,0.292,0.164,7.3,1.8,2,-8.9,-37.7,-0.3,0.615253151,-0.210333567,-0.60441908,-0.46028016
1485,3717000,1444080,0.948,0.288,0.168,7.2,1.9,1.9,-8.9,-37.7,-0.3,0.615314188,-0.210242012,-0.604480117,-0.460158086
1486,3720415,1444090,0.948,0.288,0.164,7.1,1.8,1.8,-6.4,-37.7,-0.4,0.615405744,-0.210150456,-0.604510636,-0.460036012
1487,3722161,1444090,0.952,0.292,0.168,7.1,1.8,1.7,-6.4,-37.7,-0.4,0.615466781,-0.210058901,-0.604541154,-0.459944456
1488,3726176,1444090,0.948,0.296,0.164,7.1,1.8,1.7,-6.4,-37.7,-0.4,0.615558336,-0.209967345,-0.604571673,-0.459822382
1489,3728202,1444090,0.952,0.284,0.164,7,1.8,1.7,-6.4,-37.7,-0.4,0.615619373,-0.20987579,-0.60463271,-0.459730827
1490,3729845,1444100,0.952,0.284,0.164,7,1.8,1.7,-6.4,-37.7,-0.4,0.615619373,-0.20987579,-0.60463271,-0.459730827
1491,3731760,1444100,0.948,0.288,0.168,6.6,1.7,1.8,-7,-37.5,0,0.615710929,-0.209906308,-0.604815821,-0.459334086
1492,3734620,1444100,0.944,0.292,0.164,6.5,1.6,1.6,-7,-37.5,0,0.615771966,-0.209814753,-0.604846339,-0.459212012
1493,3736854,1444100,0.948,0.292,0.164,6.5,1.4,1.5,-7,-37.5,0,0.615833003,-0.209723197,-0.604907376,-0.459120457
1494,3739374,1444110,0.944,0.292,0.164,6.6,1.4,1.5,-7.1,-37.2,0,0.61589404,-0.20966216,-0.604937895,-0.459028901
1495,3743170,1444110,0.944,0.292,0.168,6.6,1.4,1.5,-7.1,-37.2,0,0.615985595,-0.209570605,-0.604968413,-0.458906827
1496,3745088,1444110,0.944,0.288,0.164,6.6,1.5,1.5,-7.1,-37.2,0,0.616046632,-0.209479049,-0.60502945,-0.458815271
1497,3747096,1444110,0.948,0.292,0.172,6.6,1.6,1.3,-7.1,-37.2,0,0.616107669,-0.209387494,-0.605059969,-0.458723716
1498,3751117,1444120,0.948,0.296,0.172,6.6,1.6,1.1,-7.1,-37.3,-0.1,0.616168706,-0.209295938,-0.605090487,-0.45863216
1499,3753749,1444120,0.944,0.296,0.168,6.6,1.6,1,-7.1,-37.3,-0.1,0.616229743,-0.209204382,-0.605121006,-0.458510086
1500,3755979,1444120,0.948,0.292,0.168,6.6,1.5,0.9,-7.1,-37.3,-0.1,0.61629078,-0.209112827,-0.605182043,-0.458418531
1501,3757600,1444120,0.944,0.292,0.168,6.7,1.5,0.8,-7.1,-37.3,-0.1,0.616351817,-0.209021271,-0.605212561,-0.458326975
1502,3759802,1444130,0.948,0.296,0.176,6.7,1.4,0.7,-8.8,-37.6,-0.5,0.616412854,-0.208929716,-0.605273598,-0.45823542
1503,3762985,1444130,0.944,0.296,0.176,6.7,1.3,0.6,-8.8,-37.6,-0.5,0.616473891,-0.20883816,-0.605304117,-0.458143864
1504,3764615,1444130,0.944,0.296,0.172,6.8,1.3,0.5,-8.8,-37.6,-0.5,0.61650441,-0.208746605,-0.605365154,-0.458052309
1505,3767363,1444130,0.94,0.296,0.172,6.8,1.2,0.5,-8.8,-37.6,-0.5,0.616565447,-0.208655049,-0.605395672,-0.457960753
1506,3770984,1444140,0.94,0.292,0.168,6.8,1.2,0.6,-7.6,-37.4,-0.2,0.616626484,-0.208532975,-0.605456709,-0.457869198
1507,3772342,1444140,0.94,0.296,0.172,6.7,1.2,0.6,-7.6,-37.4,-0.2,0.616687521,-0.20844142,-0.605517747,-0.457777642
1508,3774519,1444140,0.94,0.296,0.172,6.6,1.3,0.6,-7.6,-37.4,-0.2,0.616718039,-0.208349864,-0.605548265,-0.457686087
1509,3776776,1444140,0.94,0.292,0.176,6.5,1.5,0.6,-7.6,-37.4,-0.2,0.616779077,-0.20822779,-0.605578784,-0.457594531
1510,3780316,1444150,0.94,0.292,0.176,6.5,1.5,0.6,-7.6,-37.4,-0.2,0.616779077,-0.20822779,-0.605578784,-0.457594531
1511,3782144,1444150,0.94,0.296,0.176,6.3,1.5,0.5,-7.9,-37.7,-0.1,0.616870632,-0.208166753,-0.605731376,-0.457350383
1512,3784467,1444150,0.936,0.292,0.176,6.2,1.4,0.4,-7.9,-37.7,-0.1,0.616931669,-0.208075198,-0.605761895,-0.457258827
1513,3787013,1444150,0.936,0.284,0.172,6.2,1.3,0.3,-7.9,-37.7,-0.1,0.616962188,-0.207983642,-0.605822932,-0.45719779
1514,3791151,1444160,0.932,0.288,0.176,6,1.2,0.5,-7.7,-37.7,-0.1,0.617023225,-0.207892087,-0.60585345,-0.457106235
1515,3793386,1444160,0.932,0.284,0.176,6,1.2,0.5,-7.7,-37.7,-0.1,0.617084262,-0.207800531,-0.605883969,-0.457014679
1516,3795358,1444160,0.936,0.288,0.172,5.9,1.3,0.6,-7.7,-37.7,-0.1,0.61711478,-0.207708975,-0.605945006,-0.456953642
1517,3798552,1444160,0.936,0.288,0.168,5.9,1.3,0.6,-7.7,-37.7,-0.1,0.617175817,-0.20761742,-0.605975524,-0.456862087
1518,3800561,1444170,0.936,0.288,0.172,5.9,1.3,0.6,-7.4,-37.4,0,0.617236854,-0.207556383,-0.606006043,-0.456770531
1519,3801868,1444170,0.94,0.292,0.176,6.1,1.3,0.7,-7.4,-37.4,0,0.617267373,-0.207464827,-0.606036561,-0.456678976
1520,3806419,1444170,0.936,0.288,0.172,6.3,1.3,0.7,-7.4,-37.4,0,0.61732841,-0.207373272,-0.606097598,-0.456617939
1521,3807987,1444170,0.936,0.288,0.176,6.3,1.5,0.7,-7.4,-37.4,0,0.617389447,-0.207251198,-0.606128117,-0.456526383
1522,3810230,1444180,0.936,0.292,0.176,6.5,1.5,0.9,-8.4,-37.4,0,0.617450484,-0.207190161,-0.606158635,-0.456434828
1523,3811707,1444180,0.94,0.292,0.172,6.4,1.4,0.9,-8.4,-37.4,0,0.617511521,-0.207098605,-0.606219672,-0.456343272
1524,3814850,1444180,0.94,0.292,0.172,6.4,1.4,1,-8.4,-37.4,0,0.617572558,-0.20700705,-0.606250191,-0.456251717
1525,3816999,1444180,0.94,0.296,0.172,6.3,1.3,1,-8.4,-37.4,0,0.617633595,-0.206915494,-0.606280709,-0.456160161
1526,3820214,1444190,0.94,0.3,0.168,6.2,1.3,1.1,-7.6,-37.5,-0.3,0.617694632,-0.206854457,-0.606341746,-0.456068606
1527,3822326,1444190,0.94,0.296,0.176,6,1.3,1.2,-7.6,-37.5,-0.3,0.61772515,-0.206762902,-0.606372265,-0.45597705
1528,3824552,1444190,0.94,0.296,0.168,5.9,1.3,1.3,-7.6,-37.5,-0.3,0.617786187,-0.206701865,-0.606402783,-0.455885495
1529,3826985,1444190,0.94,0.3,0.168,5.6,1.3,1.4,-7.6,-37.5,-0.3,0.617847224,-0.206610309,-0.606433302,-0.455793939
1530,3829534,1444200,0.94,0.3,0.168,5.6,1.3,1.4,-7.6,-37.5,-0.3,0.617847224,-0.206610309,-0.606433302,-0.455793939
1531,3831856,1444200,0.94,0.304,0.172,5.3,1.3,1.4,-7.5,-37.5,0.1,0.617908261,-0.206518754,-0.606585894,-0.455549791
1532,3834988,1444200,0.94,0.3,0.168,5.1,1.1,1.3,-7.5,-37.5,0.1,0.617969298,-0.206457717,-0.606616413,-0.455488754
1533,3836784,1444200,0.94,0.3,0.168,5,1.1,1.1,-7.5,-37.5,0.1,0.617999817,-0.20639668,-0.606646931,-0.455397198
1534,3840863,1444210,0.94,0.3,0.168,4.9,1.1,0.8,-7.5,-37.1,0,0.618060854,-0.206335643,-0.60667745,-0.455336161
1535,3842975,1444210,0.944,0.3,0.168,4.7,1.1,0.7,-7.5,-37.1,0,0.618091372,-0.206274606,-0.60667745,-0.455275124
1536,3844387,1444210,0.94,0.3,0.168,4.5,1,0.7,-7.5,-37.1,0,0.618152409,-0.206213569,-0.606707968,-0.455214087
1537,3847637,1444210,0.944,0.296,0.172,4.3,1,0.8,-7.5,-37.1,0,0.618152409,-0.206152532,-0.606738487,-0.455122532
1538,3849640,1444220,0.944,0.296,0.168,4.2,0.9,0.7,-7.6,-37.4,0,0.618213446,-0.206091494,-0.606769005,-0.455061495
1539,3851957,1444220,0.944,0.296,0.168,4.1,0.9,0.7,-7.6,-37.4,0,0.618274483,-0.206030457,-0.606799524,-0.455000458
1540,3855994,1444220,0.944,0.296,0.168,3.9,0.8,0.6,-7.6,-37.4,0,0.618305002,-0.20596942,-0.606830042,-0.454969939
1541,3858435,1444220,0.944,0.296,0.168,3.7,0.8,0.6,-7.6,-37.4,0,0.61833552,-0.205938902,-0.606830042,-0.454908902
1542,3860628,1444230,0.944,0.296,0.172,3.7,0.8,0.5,-8.4,-37.3,0,0.618366039,-0.205877865,-0.606860561,-0.454847865
1543,3862592,1444230,0.944,0.296,0.168,3.5,0.8,0.4,-8.4,-37.3,0,0.618396558,-0.205816828,-0.606891079,-0.454786828
1544,3864726,1444230,0.944,0.3,0.168,3.5,0.7,0.4,-8.4,-37.3,0,0.618427076,-0.205786309,-0.606921598,-0.45475631
1545,3866713,1444230,0.94,0.3,0.164,3.5,0.7,0.4,-8.4,-37.3,0,0.618457595,-0.205725272,-0.606921598,-0.454695273
1546,3870662,1444240,0.94,0.296,0.168,3.5,0.7,0.3,-8.2,-37.6,-0.1,0.618488113,-0.205694754,-0.606952116,-0.454634236
1547,3872035,1444240,0.944,0.292,0.164,3.7,0.7,0.2,-8.2,-37.6,-0.1,0.618518632,-0.205633717,-0.606982635,-0.454603717
1548,3876214,1444240,0.94,0.296,0.168,3.7,0.7,0,-8.2,-37.6,-0.1,0.61854915,-0.20557268,-0.607013153,-0.45454268
1549,3877909,1444240,0.94,0.296,0.168,3.8,0.5,0,-8.2,-37.6,-0.1,0.618579669,-0.205511643,-0.607043672,-0.454512162
1550,3879587,1444250,0.94,0.296,0.168,3.8,0.5,0,-8.2,-37.6,-0.1,0.618579669,-0.205511643,-0.607043672,-0.454512162
1551,3882985,1444250,0.936,0.3,0.168,3.9,0.2,0,-8.6,-37.3,-0.1,0.61854915,-0.205511643,-0.607226783,-0.454298532
1552,3884698,1444250,0.932,0.292,0.168,3.9,0.2,-0.1,-8.6,-37.3,-0.1,0.618579669,-0.205450606,-0.607257302,-0.454237495
1553,3886712,1444250,0.932,0.296,0.165,3.9,0.2,-0.3,-8.6,-37.3,-0.1,0.618579669,-0.205389569,-0.60728782,-0.454206977
1554,3890999,1444260,0.936,0.296,0.164,3.9,0.3,-0.4,-8.3,-37.7,-0.1,0.618610187,-0.205298013,-0.607348857,-0.45414594
1555,3893524,1444260,0.936,0.296,0.161,4,0.4,-0.5,-8.3,-37.7,-0.1,0.618610187,-0.205267495,-0.607379376,-0.454115421
1556,3895444,1444260,0.936,0.296,0.168,4,0.3,-0.5,-8.3,-37.7,-0.1,0.618640706,-0.205175939,-0.607409894,-0.454054384
1557,3897057,1444260,0.936,0.296,0.168,4.1,0.3,-0.5,-8.3,-37.7,-0.1,0.618671224,-0.205114902,-0.607440413,-0.454023865
1558,3900456,1444270,0.94,0.296,0.168,4.1,0.3,-0.6,-8.3,-37.4,0.5,0.618671224,-0.205053865,-0.60750145,-0.453962828
1559,3902877,1444270,0.936,0.296,0.168,4.2,0.4,-0.8,-8.3,-37.4,0.5,0.618701743,-0.204992828,-0.607531968,-0.45393231
1560,3904773,1444270,0.936,0.288,0.168,4.3,0.4,-0.8,-8.3,-37.4,0.5,0.618701743,-0.204901273,-0.607562487,-0.453871273
1561,3907103,1444270,0.94,0.292,0.172,4.4,0.4,-0.8,-8.3,-37.4,0.5,0.618732261,-0.204840236,-0.607623524,-0.453840754
1562,3909673,1444280,0.936,0.296,0.168,4.4,0.4,-0.8,-8.1,-37.5,0.1,0.618732261,-0.20474868,-0.607654042,-0.453779717
1563,3912058,1444280,0.932,0.296,0.165,4.3,0.2,-0.7,-8.1,-37.5,0.1,0.61876278,-0.204687643,-0.607715079,-0.453749199
1564,3914216,1444280,0.936,0.296,0.168,4.2,0.2,-0.6,-8.1,-37.5,0.1,0.61876278,-0.204626606,-0.607745598,-0.453688162
1565,3918317,1444280,0.936,0.296,0.164,4.2,0.1,-0.5,-8.1,-37.5,0.1,0.618793298,-0.204535051,-0.607776116,-0.453657643
1566,3921262,1444290,0.936,0.296,0.172,4.3,0,-0.5,-7.8,-37.7,0.3,0.618793298,-0.204474013,-0.607837153,-0.453596606
1567,3921539,1444290,0.936,0.3,0.168,4.3,0,-0.5,-7.8,-37.7,0.3,0.618823817,-0.204412976,-0.607867672,-0.453535569
1568,3925004,1444290,0.936,0.3,0.165,4.2,-0.1,-0.4,-7.8,-37.7,0.3,0.618823817,-0.204321421,-0.607928709,-0.453505051
1569,3927253,1444290,0.94,0.3,0.168,4,-0.1,-0.3,-7.8,-37.7,0.3,0.618854335,-0.204290902,-0.607959227,-0.453444014
1570,3930730,1444300,0.94,0.3,0.168,4,-0.1,-0.3,-7.8,-37.7,0.3,0.618854335,-0.204290902,-0.607959227,-0.453444014
1571,3932763,1444300,0.94,0.3,0.168,3.7,-0.1,-0.3,-8,-37,0.5,0.618793298,-0.204229865,-0.608142338,-0.453291421
1572,3934702,1444300,0.94,0.3,0.168,3.7,-0.1,-0.2,-8,-37,0.5,0.618823817,-0.204168828,-0.608172857,-0.453260903
1573,3936937,1444300,0.94,0.296,0.168,3.7,-0.1,-0.1,-8,-37,0.5,0.618823817,-0.204107791,-0.608203375,-0.453199866
1574,3939213,1444310,0.94,0.296,0.168,3.7,-0.3,0,-8.2,-37.4,0.2,0.618854335,-0.204077273,-0.608264412,-0.453169347
1575,3942463,1444310,0.94,0.3,0.164,3.6,-0.3,-0.1,-8.2,-37.4,0.2,0.618854335,-0.204016236,-0.608294931,-0.45310831
1576,3945456,1444310,0.94,0.3,0.164,3.4,-0.3,-0.1,-8.2,-37.4,0.2,0.618854335,-0.203985717,-0.608355968,-0.453077792
1577,3947792,1444310,0.944,0.3,0.168,3.2,-0.3,-0.2,-8.2,-37.4,0.2,0.618854335,-0.20392468,-0.608386486,-0.453016755
1578,3949963,1444320,0.94,0.292,0.164,3.1,-0.4,-0.2,-8.2,-37.5,0.6,0.618884854,-0.203894162,-0.608417005,-0.452986236
1579,3952408,1444320,0.94,0.296,0.164,2.9,-0.4,0,-8.2,-37.5,0.6,0.618884854,-0.203863643,-0.608447523,-0.452925199
1580,3954800,1444320,0.944,0.3,0.16,2.7,-0.5,0,-8.2,-37.5,0.6,0.618884854,-0.203833125,-0.608478042,-0.452894681
1581,3957669,1444320,0.944,0.3,0.164,2.6,-0.5,0,-8.2,-37.5,0.6,0.618884854,-0.203802606,-0.60850856,-0.452864162
1582,3960717,1444330,0.944,0.3,0.16,2.6,-0.5,-0.2,-8.3,-37.4,0.5,0.618884854,-0.203772088,-0.608569597,-0.452833644
1583,3963069,1444330,0.948,0.3,0.164,2.5,-0.5,-0.3,-8.3,-37.4,0.5,0.618884854,-0.203711051,-0.608600116,-0.452803125
1584,3964966,1444330,0.944,0.304,0.157,2.4,-0.6,-0.5,-8.3,-37.4,0.5,0.618884854,-0.203680532,-0.608630634,-0.452772607
1585,3967232,1444330,0.944,0.304,0.164,2.3,-0.6,-0.6,-8.3,-37.4,0.5,0.618884854,-0.203650014,-0.608661153,-0.452742088
1586,3971056,1444340,0.944,0.296,0.16,2.2,-0.8,-0.7,-8.5,-37.7,0.3,0.618884854,-0.203619495,-0.608691671,-0.45271157
1587,3973446,1444340,0.948,0.3,0.16,2,-0.8,-0.6,-8.5,-37.7,0.3,0.618854335,-0.203588977,-0.60872219,-0.45271157
1588,3975533,1444340,0.944,0.3,0.16,2,-0.8,-0.5,-8.5,-37.7,0.3,0.618854335,-0.203558458,-0.608752709,-0.452681051
1589,3977513,1444340,0.94,0.3,0.161,1.9,-0.7,-0.4,-8.5,-37.7,0.3,0.618854335,-0.203558458,-0.608783227,-0.452650533
1590,3979751,1444350,0.94,0.3,0.161,1.9,-0.7,-0.4,-8.5,-37.7,0.3,0.618854335,-0.203558458,-0.608783227,-0.452650533
1591,3982863,1444350,0.948,0.304,0.16,2,-0.7,-0.9,-8.3,-37.5,-0.2,0.618732261,-0.203558458,-0.609027375,-0.45249794
1592,3984311,1444350,0.948,0.3,0.16,2,-0.8,-1,-8.3,-37.5,-0.2,0.618732261,-0.20352794,-0.609057894,-0.45249794
1593,3987315,1444350,0.944,0.3,0.157,2,-0.8,-1,-8.3,-37.5,-0.2,0.618701743,-0.203497421,-0.609088412,-0.452467421
1594,3990359,1444360,0.948,0.3,0.168,2,-0.9,-0.9,-8,-37.8,0.1,0.618701743,-0.203466903,-0.609118931,-0.452467421
1595,3991750,1444360,0.948,0.304,0.16,2,-0.9,-0.8,-8,-37.8,0.1,0.618671224,-0.203436384,-0.609179968,-0.452436903
1596,3994729,1444360,0.948,0.304,0.16,2,-1,-0.8,-8,-37.8,0.1,0.618671224,-0.203405866,-0.609210486,-0.452406384
1597,3997933,1444360,0.948,0.304,0.164,2,-1.1,-0.8,-8,-37.8,0.1,0.618671224,-0.203344829,-0.609241005,-0.452406384
1598,3999317,1444370,0.944,0.304,0.157,2.1,-0.9,-1,-8.4,-37.3,0.2,0.618640706,-0.203344829,-0.609271523,-0.452375866
1599,4002359,1444370,0.944,0.3,0.164,2.1,-0.9,-1.1,-8.4,-37.3,0.2,0.618640706,-0.20331431,-0.60933256,-0.452345347
1600,4004914,1444370,0.948,0.3,0.164,2.1,-0.8,-1.2,-8.4,-37.3,0.2,0.618610187,-0.203283792,-0.609363079,-0.452345347
1601,4007078,1444370,0.94,0.304,0.157,2.2,-0.8,-1.2,-8.4,-37.3,0.2,0.618610187,-0.203253273,-0.609393597,-0.452314829
1602,4010359,1444380,0.944,0.304,0.16,2.2,-0.8,-1.2,-8.2,-37.6,0.2,0.618579669,-0.203192236,-0.609424116,-0.452314829
1603,4012631,1444380,0.944,0.304,0.164,2.2,-0.7,-1.2,-8.2,-37.6,0.2,0.618579669,-0.203161718,-0.609485153,-0.45228431
1604,4014813,1444380,0.948,0.3,0.16,2.1,-0.7,-1.2,-8.2,-37.6,0.2,0.61854915,-0.203131199,-0.609515671,-0.45228431
1605,4016988,1444380,0.948,0.3,0.16,2,-0.8,-1.1,-8.2,-37.6,0.2,0.61854915,-0.203100681,-0.60954619,-0.452253792
1606,4019801,1444390,0.948,0.304,0.16,2,-0.9,-1.2,-8.8,-37.3,0.4,0.618518632,-0.203070162,-0.609576708,-0.452253792
1607,4022280,1444390,0.944,0.304,0.164,1.9,-0.9,-1.2,-8.8,-37.3,0.4,0.618518632,-0.203039644,-0.609637745,-0.452223273
1608,4026294,1444390,0.948,0.3,0.164,2,-0.8,-1.3,-8.8,-37.3,0.4,0.618488113,-0.202978607,-0.609668264,-0.452223273
1609,4028517,1444390,0.944,0.296,0.164,2,-0.8,-1.3,-8.8,-37.3,0.4,0.618488113,-0.202948088,-0.609698782,-0.452223273
1610,4030759,1444400,0.944,0.296,0.164,2,-0.8,-1.3,-8.8,-37.3,0.4,0.618488113,-0.202948088,-0.609698782,-0.452223273
1611,4032941,1444400,0.952,0.3,0.156,2.4,-0.8,-1.2,-8.8,-37.5,0.7,0.618396558,-0.202948088,-0.609912412,-0.452070681
1612,4034465,1444400,0.948,0.296,0.164,2.5,-0.9,-1.1,-8.8,-37.5,0.7,0.618366039,-0.20291757,-0.60994293,-0.452070681
1613,4038951,1444400,0.948,0.296,0.168,2.4,-0.9,-0.9,-8.8,-37.5,0.7,0.618366039,-0.202887051,-0.609973449,-0.452040162
1614,4041204,1444410,0.948,0.296,0.168,2.3,-1,-0.7,-8.8,-37.3,0.3,0.61833552,-0.202826014,-0.610034486,-0.452009644
1615,4043455,1444410,0.948,0.3,0.164,2.3,-0.9,-0.7,-8.8,-37.3,0.3,0.61833552,-0.202795495,-0.610065004,-0.451979125
1616,4045655,1444410,0.952,0.303,0.168,2.3,-0.8,-0.7,-8.8,-37.3,0.3,0.61833552,-0.202764977,-0.610095523,-0.451948607
1617,4047930,1444410,0.952,0.3,0.164,2.3,-0.8,-0.7,-8.8,-37.3,0.3,0.61833552,-0.202734458,-0.610126041,-0.451948607
1618,4049527,1444420,0.952,0.303,0.168,2.3,-0.8,-0.7,-8.8,-37.5,0.4,0.618305002,-0.20270394,-0.610187078,-0.451918088
1619,4053063,1444420,0.952,0.311,0.168,2.3,-0.9,-0.7,-8.8,-37.5,0.4,0.618305002,-0.202673421,-0.610217597,-0.45188757
1620,4054895,1444420,0.956,0.3,0.164,2.3,-1,-0.6,-8.8,-37.5,0.4,0.618305002,-0.202642903,-0.610248115,-0.451857051
1621,4057045,1444420,0.952,0.3,0.164,2.2,-1,-0.5,-8.8,-37.5,0.4,0.618274483,-0.202612384,-0.610278634,-0.451826533
1622,4061598,1444430,0.952,0.304,0.164,2.2,-1,-0.3,-7.8,-37.4,0,0.618274483,-0.202581866,-0.610339671,-0.451796014
1623,4061961,1444430,0.952,0.3,0.164,2.2,-1,-0.3,-7.8,-37.4,0,0.618274483,-0.202581866,-0.610339671,-0.451765496
1624,4065964,1444430,0.96,0.303,0.16,2,-1,-0.2,-7.8,-37.4,0,0.618274483,-0.202551347,-0.610400708,-0.451734977
1625,4068278,1444430,0.956,0.296,0.168,1.9,-1,-0.2,-7.8,-37.4,0,0.618243965,-0.202520829,-0.610431227,-0.451704459
1626,4070405,1444440,0.952,0.303,0.168,1.8,-0.9,-0.2,-8.9,-37.6,0.3,0.618243965,-0.202520829,-0.610461745,-0.451704459
1627,4072527,1444440,0.956,0.3,0.168,1.8,-0.9,-0.2,-8.9,-37.6,0.3,0.618243965,-0.20249031,-0.610492264,-0.451643422
1628,4074653,1444440,0.956,0.296,0.164,1.8,-0.9,-0.2,-8.9,-37.6,0.3,0.618243965,-0.202459792,-0.610522782,-0.451643422
1629,4077209,1444440,0.952,0.3,0.164,1.7,-0.9,-0.2,-8.9,-37.6,0.3,0.618213446,-0.202459792,-0.610553301,-0.451612903
1630,4079538,1444450,0.952,0.3,0.164,1.7,-0.9,-0.2,-8.9,-37.6,0.3,0.618213446,-0.202459792,-0.610553301,-0.451612903
1631,4083141,1444450,0.96,0.299,0.172,1.7,-1.1,-0.2,-8.7,-37.6,0.2,0.618152409,-0.202520829,-0.610675375,-0.451490829
1632,4085571,1444450,0.952,0.3,0.164,1.7,-1.1,-0.1,-8.7,-37.6,0.2,0.618152409,-0.20249031,-0.610705893,-0.451460311
1633,4087368,1444450,0.956,0.3,0.16,1.6,-1.1,0,-8.7,-37.6,0.2,0.618152409,-0.20249031,-0.61076693,-0.451429792
1634,4090611,1444460,0.952,0.304,0.16,1.5,-1.1,0,-9,-37.5,0.6,0.618152409,-0.20249031,-0.61076693,-0.451399274
1635,4093011,1444460,0.952,0.304,0.164,1.4,-1,0.1,-9,-37.5,0.6,0.618152409,-0.20249031,-0.610797449,-0.451368755
1636,4094567,1444460,0.956,0.303,0.164,1.3,-1,0,-9,-37.5,0.6,0.618152409,-0.202459792,-0.610827967,-0.451338237
1637,4097592,1444460,0.956,0.303,0.164,1.3,-1,0,-9,-37.5,0.6,0.618152409,-0.202459792,-0.610858486,-0.451338237
1638,4099788,1444470,0.952,0.3,0.168,1.2,-1.1,0,-8.6,-37.8,0.4,0.618121891,-0.202459792,-0.610889004,-0.451307718
1639,4101990,1444470,0.96,0.299,0.168,1.1,-1,-0.1,-8.6,-37.8,0.4,0.618121891,-0.202459792,-0.610919523,-0.4512772
1640,4106024,1444470,0.956,0.303,0.172,1.1,-1,-0.2,-8.6,-37.8,0.4,0.618121891,-0.202429273,-0.610950041,-0.4512772
1641,4108240,1444470,0.956,0.303,0.168,1,-0.9,-0.2,-8.6,-37.8,0.4,0.618091372,-0.202429273,-0.61098056,-0.451246681
1642,4110742,1444480,0.952,0.296,0.164,0.9,-0.9,-0.2,-7.6,-37.4,0.4,0.618091372,-0.202429273,-0.61098056,-0.451246681
1643,4112549,1444480,0.956,0.3,0.168,0.9,-0.8,-0.1,-7.6,-37.4,0.4,0.618091372,-0.202429273,-0.611011078,-0.451216163
1644,4114781,1444480,0.956,0.296,0.168,0.9,-0.9,-0.1,-7.6,-37.4,0.4,0.618060854,-0.202368236,-0.611041597,-0.451216163
1645,4117279,1444480,0.952,0.292,0.172,0.9,-0.9,-0.1,-7.6,-37.4,0.4,0.618060854,-0.202368236,-0.611072115,-0.451185644
1646,4122017,1444490,0.956,0.3,0.168,0.9,-0.9,-0.2,-9.3,-37.2,0.3,0.618060854,-0.202368236,-0.611072115,-0.451185644
1647,4122017,1444490,0.96,0.292,0.16,0.9,-0.8,-0.2,-9.3,-37.2,0.3,0.618030335,-0.202368236,-0.611102634,-0.451185644
1648,4125586,1444490,0.956,0.3,0.168,0.7,-0.8,-0.1,-9.3,-37.2,0.3,0.618030335,-0.202368236,-0.611133152,-0.451155126
1649,4127470,1444490,0.956,0.296,0.168,0.6,-0.6,-0.1,-9.3,-37.2,0.3,0.618030335,-0.202368236,-0.611133152,-0.451155126
1650,4129789,1444500,0.956,0.296,0.168,0.6,-0.6,-0.1,-9.3,-37.2,0.3,0.618030335,-0.202368236,-0.611133152,-0.451155126
1651,4132036,1444500,0.952,0.296,0.164,0.6,-0.4,0,-8.9,-37.6,0.3,0.618030335,-0.202520829,-0.611224708,-0.451002533
1652,4134584,1444500,0.952,0.3,0.164,0.6,-0.3,0,-8.9,-37.6,0.3,0.618030335,-0.202520829,-0.611224708,-0.451002533
1653,4136857,1444500,0.952,0.292,0.168,0.8,-0.3,0,-8.9,-37.6,0.3,0.618030335,-0.202520829,-0.611224708,-0.450972015
1654,4141465,1444510,0.952,0.292,0.164,0.8,-0.3,0,-9.3,-37.4,0,0.617999817,-0.202520829,-0.611255226,-0.450972015
1655,4141814,1444510,0.952,0.296,0.164,0.8,-0.4,0,-9.3,-37.4,0,0.617999817,-0.20249031,-0.611255226,-0.450941496
1656,4144331,1444510,0.948,0.296,0.16,0.8,-0.3,0,-9.3,-37.4,0,0.617999817,-0.20249031,-0.611285745,-0.450941496
1657,4148725,1444510,0.948,0.292,0.168,0.9,-0.3,0,-9.3,-37.4,0,0.617999817,-0.20249031,-0.611285745,-0.450910978
1658,4150945,1444520,0.944,0.288,0.164,0.9,-0.4,0,-9.4,-37.3,0.2,0.617999817,-0.202459792,-0.611316263,-0.450910978
1659,4153197,1444520,0.948,0.292,0.168,0.9,-0.3,0.1,-9.4,-37.3,0.2,0.617999817,-0.202459792,-0.611316263,-0.450880459
1660,4155494,1444520,0.952,0.296,0.164,0.8,-0.3,0.2,-9.4,-37.3,0.2,0.617999817,-0.202459792,-0.611346782,-0.450880459
1661,4157538,1444520,0.948,0.292,0.172,0.7,-0.3,0.2,-9.4,-37.3,0.2,0.617999817,-0.202459792,-0.611346782,-0.45084994
1662,4159799,1444530,0.948,0.296,0.16,0.6,-0.3,0.2,-7.5,-37.5,0.3,0.617999817,-0.202459792,-0.611346782,-0.45084994
1663,4162075,1444530,0.952,0.296,0.164,0.7,-0.2,0.1,-7.5,-37.5,0.3,0.617999817,-0.202459792,-0.6113773,-0.450819422
1664,4164665,1444530,0.948,0.292,0.168,0.7,0,0,-7.5,-37.5,0.3,0.618030335,-0.202429273,-0.6113773,-0.450819422
1665,4166725,1444530,0.952,0.296,0.168,0.8,0,0,-7.5,-37.5,0.3,0.618030335,-0.202429273,-0.6113773,-0.450819422
1666,4171215,1444540,0.948,0.3,0.164,0.8,0,0,-9.4,-37.1,0.8,0.618030335,-0.202429273,-0.6113773,-0.450788903
1667,4171510,1444540,0.948,0.3,0.172,0.8,0,0.2,-9.4,-37.1,0.8,0.618030335,-0.202429273,-0.6113773,-0.450788903
1668,4174752,1444540,0.948,0.292,0.164,0.8,0.2,0.5,-9.4,-37.1,0.8,0.618030335,-0.202368236,-0.611407819,-0.450758385
1669,4176972,1444540,0.952,0.296,0.164,0.9,0.3,0.4,-9.4,-37.1,0.8,0.618060854,-0.202368236,-0.611407819,-0.450758385
1670,4179934,1444550,0.952,0.296,0.164,0.9,0.3,0.4,-9.4,-37.1,0.8,0.618060854,-0.202368236,-0.611407819,-0.450758385
1671,4182219,1444550,0.952,0.3,0.168,1.1,0.3,0.4,-9.4,-37.5,0.5,0.618091372,-0.202459792,-0.611438337,-0.450636311
1672,4185309,1444550,0.948,0.296,0.168,1.1,0.4,0.4,-9.4,-37.5,0.5,0.618091372,-0.202459792,-0.611438337,-0.450605792
1673,4186798,1444550,0.952,0.296,0.164,1.1,0.3,0.5,-9.4,-37.5,0.5,0.618121891,-0.202459792,-0.611438337,-0.450605792
1674,4190757,1444560,0.948,0.296,0.164,1.2,0.3,0.7,-9.1,-37.4,0.1,0.618152409,-0.202429273,-0.611438337,-0.450575274
1675,4193005,1444560,0.952,0.296,0.168,1.3,0.2,0.8,-9.1,-37.4,0.1,0.618152409,-0.202429273,-0.611438337,-0.450544755
1676,4195140,1444560,0.948,0.3,0.168,1.4,0.2,0.8,-9.1,-37.4,0.1,0.618152409,-0.202429273,-0.611438337,-0.450514237
1677,4198083,1444560,0.948,0.3,0.164,1.4,0.2,0.8,-9.1,-37.4,0.1,0.618152409,-0.202368236,-0.611468856,-0.450483718
1678,4199583,1444570,0.948,0.304,0.168,1.2,0.1,1,-9.2,-37.5,0.3,0.618213446,-0.202368236,-0.611468856,-0.4504532
1679,4202725,1444570,0.944,0.304,0.164,1.2,0,1,-9.2,-37.5,0.3,0.618213446,-0.202368236,-0.611468856,-0.450422681
1680,4205616,1444570,0.948,0.304,0.168,1.2,0,1,-9.2,-37.5,0.3,0.618243965,-0.202368236,-0.611468856,-0.450392163
1681,4207014,1444570,0.948,0.3,0.172,1.1,0,0.8,-9.2,-37.5,0.3,0.618243965,-0.202368236,-0.611468856,-0.450361644
1682,4210871,1444580,0.952,0.307,0.164,1.1,0,0.9,-7.4,-37.8,0.3,0.618274483,-0.202368236,-0.611499374,-0.450331126
1683,4212336,1444580,0.948,0.304,0.164,0.9,0,0.8,-7.4,-37.8,0.3,0.618274483,-0.202368236,-0.611499374,-0.450300607
1684,4214545,1444580,0.952,0.304,0.164,0.8,0,0.7,-7.4,-37.8,0.3,0.618305002,-0.202368236,-0.611499374,-0.450300607
1685,4217465,1444580,0.952,0.304,0.164,0.6,0.3,0.6,-7.4,-37.8,0.3,0.618305002,-0.202368236,-0.611499374,-0.450270089
1686,4219785,1444590,0.952,0.3,0.16,0.6,0.4,0.6,-9.1,-37.3,0.5,0.61833552,-0.202368236,-0.611499374,-0.450270089
1687,4222860,1444590,0.952,0.296,0.156,0.4,0.5,0.5,-9.1,-37.3,0.5,0.61833552,-0.202368236,-0.611499374,-0.45023957
1688,4224240,1444590,0.952,0.296,0.16,0.4,0.5,0.5,-9.1,-37.3,0.5,0.618366039,-0.202368236,-0.611499374,-0.45023957
1689,4227374,1444590,0.944,0.3,0.16,0.3,0.5,0.4,-9.1,-37.3,0.5,0.618366039,-0.202368236,-0.611468856,-0.45023957
1690,4229713,1444600,0.944,0.3,0.16,0.3,0.5,0.4,-9.1,-37.3,0.5,0.618366039,-0.202368236,-0.611468856,-0.45023957
1691,4231955,1444600,0.952,0.296,0.156,0,0.7,0.3,-9.3,-36.7,0.6,0.61833552,-0.20249031,-0.611560411,-0.450086978
1692,4234845,1444600,0.956,0.296,0.16,-0.1,0.7,0.2,-9.3,-36.7,0.6,0.618366039,-0.20249031,-0.611560411,-0.450086978
1693,4237072,1444600,0.952,0.296,0.156,-0.2,0.8,0,-9.3,-36.7,0.6,0.618366039,-0.202459792,-0.611529893,-0.450086978
1694,4240142,1444610,0.952,0.292,0.164,-0.2,0.7,-0.1,-9.2,-37,0.9,0.618366039,-0.202459792,-0.611529893,-0.450117496
1695,4242904,1444610,0.956,0.292,0.164,-0.1,0.5,-0.2,-9.2,-37,0.9,0.618366039,-0.202459792,-0.611529893,-0.450117496
1696,4244450,1444610,0.956,0.296,0.16,-0.2,0.4,-0.1,-9.2,-37,0.9,0.618366039,-0.202459792,-0.611529893,-0.450117496
1697,4247532,1444610,0.952,0.296,0.156,-0.2,0.2,0,-9.2,-37,0.9,0.618366039,-0.202459792,-0.611499374,-0.450117496
1698,4249698,1444620,0.952,0.296,0.156,-0.3,0.2,0,-9.3,-36.8,0.6,0.618396558,-0.202459792,-0.611499374,-0.450117496
1699,4252640,1444620,0.948,0.292,0.164,-0.2,0.2,0.1,-9.3,-36.8,0.6,0.618396558,-0.202459792,-0.611499374,-0.450117496
1700,4254250,1444620,0.944,0.292,0.168,-0.1,0.3,0.1,-9.3,-36.8,0.6,0.618396558,-0.202459792,-0.611499374,-0.450117496
1701,4257023,1444620,0.944,0.292,0.164,0,0.3,0,-9.3,-36.8,0.6,0.618396558,-0.202459792,-0.611499374,-0.450117496
1702,4260223,1444630,0.94,0.296,0.164,0,0.2,0,-7.5,-37.9,0.4,0.618396558,-0.202459792,-0.611499374,-0.450148015
1703,4261860,1444630,0.94,0.296,0.16,0.1,0.1,-0.1,-7.5,-37.9,0.4,0.618396558,-0.202459792,-0.611468856,-0.450148015
1704,4265885,1444630,0.944,0.296,0.164,0.1,0.1,0,-7.5,-37.9,0.4,0.618396558,-0.202459792,-0.611499374,-0.450117496
1705,4267707,1444630,0.94,0.296,0.168,0.3,0.2,0,-7.5,-37.9,0.4,0.618396558,-0.202429273,-0.611499374,-0.450117496
1706,4270992,1444640,0.94,0.292,0.164,0.4,0.2,0,-9.3,-36.8,0.7,0.618427076,-0.202429273,-0.611499374,-0.450117496
1707,4272931,1444640,0.94,0.292,0.164,0.5,0.3,0.1,-9.3,-36.8,0.7,0.618427076,-0.202429273,-0.611499374,-0.450117496
1708,4274446,1444640,0.94,0.296,0.164,0.6,0.2,0.2,-9.3,-36.8,0.7,0.618427076,-0.202429273,-0.611499374,-0.450117496
1709,4277431,1444640,0.944,0.296,0.168,0.8,0.1,0.2,-9.3,-36.8,0.7,0.618427076,-0.202368236,-0.611499374,-0.450086978
1710,4280412,1444650,0.944,0.296,0.168,0.8,0.1,0.2,-9.3,-36.8,0.7,0.618427076,-0.202368236,-0.611499374,-0.450086978
1711,4281893,1444650,0.944,0.3,0.168,1.2,0,0.1,-8.6,-36.8,0.2,0.618457595,-0.202459792,-0.611529893,-0.449995422
1712,4284882,1444650,0.944,0.3,0.168,1.4,0,0.1,-8.6,-36.8,0.2,0.618457595,-0.202429273,-0.611529893,-0.449964904
1713,4288185,1444650,0.944,0.3,0.168,1.5,0,0.2,-8.6,-36.8,0.2,0.618488113,-0.202429273,-0.611560411,-0.449934385
1714,4290510,1444660,0.948,0.3,0.172,1.5,0,0.3,-9.1,-37,0.8,0.618488113,-0.202368236,-0.611560411,-0.449934385
1715,4292523,1444660,0.944,0.304,0.168,1.6,0,0.2,-9.1,-37,0.8,0.618488113,-0.202368236,-0.61159093,-0.449903867
1716,4294705,1444660,0.944,0.3,0.164,1.5,0,0.2,-9.1,-37,0.8,0.618518632,-0.202368236,-0.61159093,-0.449873348
1717,4296985,1444660,0.952,0.303,0.168,1.5,0,0.2,-9.1,-37,0.8,0.618518632,-0.202337718,-0.611621448,-0.44984283
1718,4299510,1444670,0.944,0.304,0.168,1.4,0,0.2,-8.9,-36.7,0.3,0.618518632,-0.202337718,-0.611621448,-0.449812311
1719,4301709,1444670,0.944,0.304,0.164,1.2,0,0.2,-8.9,-36.7,0.3,0.61854915,-0.202307199,-0.611621448,-0.449812311
1720,4306191,1444670,0.948,0.304,0.157,1.1,0,0.2,-8.9,-36.7,0.3,0.61854915,-0.202307199,-0.611651967,-0.449781793
1721,4308419,1444670,0.948,0.296,0.16,0.8,0,0.2,-8.9,-36.7,0.3,0.61854915,-0.202307199,-0.611651967,-0.449781793
1722,4310577,1444680,0.948,0.3,0.164,0.6,0.1,0.2,-7.6,-38.1,0.4,0.61854915,-0.202276681,-0.611651967,-0.449751274
1723,4313018,1444680,0.944,0.296,0.168,0.2,0.2,0.3,-7.6,-38.1,0.4,0.618579669,-0.202276681,-0.611651967,-0.449751274
1724,4314923,1444680,0.944,0.292,0.164,0,0.3,0.4,-7.6,-38.1,0.4,0.618579669,-0.202276681,-0.611651967,-0.449751274
1725,4318024,1444680,0.944,0.296,0.156,-0.2,0.3,0.4,-7.6,-38.1,0.4,0.618579669,-0.202307199,-0.611621448,-0.449751274
1726,4321012,1444690,0.952,0.296,0.16,-0.4,0.3,0.2,-8.7,-36.5,0.2,0.618579669,-0.202307199,-0.611621448,-0.449751274
1727,4322416,1444690,0.948,0.292,0.164,-0.5,0.2,0,-8.7,-36.5,0.2,0.618579669,-0.202307199,-0.611621448,-0.449751274
1728,4325365,1444690,0.948,0.288,0.164,-0.6,0.1,0,-8.7,-36.5,0.2,0.618579669,-0.202307199,-0.611621448,-0.449781793
1729,4326883,1444690,0.944,0.292,0.156,-0.7,0.2,0.1,-8.7,-36.5,0.2,0.618579669,-0.202337718,-0.61159093,-0.449781793
1730,4329851,1444700,0.944,0.292,0.156,-0.7,0.2,0.1,-8.7,-36.5,0.2,0.618579669,-0.202337718,-0.61159093,-0.449781793
1731,4332873,1444700,0.944,0.292,0.164,-0.8,0.4,0,-8.8,-36.5,0.2,0.618579669,-0.20249031,-0.611621448,-0.449690237
1732,4334387,1444700,0.94,0.296,0.164,-0.7,0.4,0,-8.8,-36.5,0.2,0.618579669,-0.20249031,-0.611621448,-0.449690237
1733,4337221,1444700,0.944,0.296,0.164,-0.7,0.3,0,-8.8,-36.5,0.2,0.618579669,-0.20249031,-0.61159093,-0.449690237
1734,4340357,1444710,0.952,0.296,0.16,-0.6,0.3,0.2,-8.5,-36.9,0.4,0.618610187,-0.20249031,-0.61159093,-0.449690237
1735,4341768,1444710,0.944,0.296,0.168,-0.5,0.2,0.1,-8.5,-36.9,0.4,0.618610187,-0.202520829,-0.611560411,-0.449690237
1736,4345699,1444710,0.948,0.292,0.168,-0.5,0.2,0.1,-8.5,-36.9,0.4,0.618610187,-0.202520829,-0.611560411,-0.449690237
1737,4348079,1444710,0.948,0.3,0.164,-0.6,0.1,0.1,-8.5,-36.9,0.4,0.618610187,-0.202520829,-0.611560411,-0.449690237
1738,4350143,1444720,0.944,0.3,0.164,-0.7,0,0,-8.5,-36.9,0,0.618610187,-0.202520829,-0.611560411,-0.449751274
1739,4353244,1444720,0.948,0.3,0.164,-0.7,0.1,-0.2,-8.5,-36.9,0,0.618579669,-0.202551347,-0.611529893,-0.449751274
1740,4355363,1444720,0.948,0.3,0.156,-0.7,0.1,-0.4,-8.5,-36.9,0,0.618579669,-0.202551347,-0.611529893,-0.449781793
1741,4356800,1444720,0.948,0.3,0.164,-0.7,0,-0.3,-8.5,-36.9,0,0.618579669,-0.202551347,-0.611529893,-0.449781793
1742,4359322,1444730,0.948,0.3,0.16,-0.7,0,-0.3,-7.7,-38.4,0.4,0.618579669,-0.202551347,-0.611529893,-0.449812311
1743,4363106,1444730,0.944,0.3,0.164,-0.7,-0.1,-0.3,-7.7,-38.4,0.4,0.618579669,-0.202551347,-0.611529893,-0.449812311
1744,4364545,1444730,0.948,0.3,0.164,-0.7,-0.1,-0.3,-7.7,-38.4,0.4,0.61854915,-0.202581866,-0.611499374,-0.44984283
1745,4366917,1444730,0.944,0.3,0.164,-0.8,0,-0.3,-7.7,-38.4,0.4,0.61854915,-0.202581866,-0.611499374,-0.44984283
1746,4369855,1444740,0.948,0.296,0.168,-1,0,-0.5,-8.6,-36.6,0,0.61854915,-0.202581866,-0.611499374,-0.449873348
1747,4372015,1444740,0.944,0.3,0.164,-1.1,0,-0.8,-8.6,-36.6,0,0.618518632,-0.202581866,-0.611499374,-0.449903867
1748,4375259,1444740,0.944,0.296,0.16,-1.2,0,-1.1,-8.6,-36.6,0,0.618518632,-0.202581866,-0.611499374,-0.449934385
1749,4378081,1444740,0.944,0.296,0.164,-1.3,0.1,-1.3,-8.6,-36.6,0,0.618488113,-0.202581866,-0.611468856,-0.449964904
1750,4379609,1444750,0.944,0.296,0.164,-1.3,0.1,-1.3,-8.6,-36.6,0,0.618488113,-0.202581866,-0.611468856,-0.449964904
1751,4382856,1444750,0.948,0.292,0.16,-1.5,0.2,-1.2,-9,-36.6,0.3,0.618457595,-0.202673421,-0.611499374,-0.449964904
1752,4384243,1444750,0.944,0.288,0.16,-1.5,0.3,-1.2,-9,-36.6,0.3,0.618427076,-0.202673421,-0.611468856,-0.449995422
1753,4386671,1444750,0.944,0.288,0.16,-1.5,0.3,-1.4,-9,-36.6,0.3,0.618427076,-0.202673421,-0.611468856,-0.450056459
1754,4390323,1444760,0.944,0.284,0.16,-1.5,0.3,-1.5,-8.5,-36.5,0.8,0.618396558,-0.202673421,-0.611468856,-0.450086978
1755,4391687,1444760,0.944,0.284,0.16,-1.6,0.1,-1.5,-8.5,-36.5,0.8,0.618366039,-0.202673421,-0.611438337,-0.450117496
1756,4394703,1444760,0.944,0.288,0.164,-1.6,0,-1.3,-8.5,-36.5,0.8,0.618366039,-0.202673421,-0.611438337,-0.450178533
1757,4397852,1444760,0.944,0.288,0.16,-1.5,0,-1.1,-8.5,-36.5,0.8,0.61833552,-0.202673421,-0.611407819,-0.450209052
1758,4399267,1444770,0.94,0.288,0.164,-1.5,-0.1,-1,-8.3,-36.5,0.3,0.618305002,-0.202673421,-0.611407819,-0.45023957
1759,4402224,1444770,0.944,0.288,0.16,-1.5,0,-1,-8.3,-36.5,0.3,0.618305002,-0.20270394,-0.611407819,-0.450270089
1760,4406372,1444770,0.944,0.292,0.164,-1.5,0,-1,-8.3,-36.5,0.3,0.618274483,-0.20270394,-0.611407819,-0.450300607
1761,4407965,1444770,0.944,0.288,0.164,-1.4,-0.1,-0.9,-8.3,-36.5,0.3,0.618274483,-0.20270394,-0.6113773,-0.450331126
1762,4409496,1444780,0.94,0.296,0.164,-1.3,-0.3,-0.8,-8.2,-38.4,0.2,0.618243965,-0.202734458,-0.6113773,-0.450361644
1763,4412446,1444780,0.94,0.292,0.164,-1.3,-0.3,-0.8,-8.2,-38.4,0.2,0.618213446,-0.202734458,-0.6113773,-0.450392163
1764,4414245,1444780,0.94,0.296,0.168,-1.3,-0.2,-1,-8.2,-38.4,0.2,0.618213446,-0.202734458,-0.6113773,-0.450422681
1765,4417346,1444780,0.94,0.296,0.16,-1.3,-0.1,-1.1,-8.2,-38.4,0.2,0.618152409,-0.202734458,-0.6113773,-0.4504532
1766,4420346,1444790,0.94,0.292,0.164,-1.3,0,-1.1,-8.2,-36.9,0,0.618152409,-0.202734458,-0.611346782,-0.450483718
1767,4422043,1444790,0.94,0.292,0.16,-1.2,0,-1.1,-8.2,-36.9,0,0.618152409,-0.202734458,-0.611346782,-0.450514237
1768,4424807,1444790,0.944,0.296,0.164,-1.2,0,-1,-8.2,-36.9,0,0.618121891,-0.202764977,-0.611346782,-0.450544755
1769,4428322,1444790,0.94,0.292,0.16,-1.1,-0.1,-0.9,-8.2,-36.9,0,0.618121891,-0.202764977,-0.611346782,-0.450575274
1770,4430237,1444800,0.94,0.292,0.16,-1.1,-0.1,-0.9,-8.2,-36.9,0,0.618121891,-0.202764977,-0.611346782,-0.450575274
1771,4433112,1444800,0.944,0.296,0.164,-0.9,0,-0.9,-8.5,-36.8,0.5,0.618091372,-0.202887051,-0.6113773,-0.450514237
1772,4434510,1444800,0.94,0.288,0.164,-0.9,0,-1,-8.5,-36.8,0.5,0.618060854,-0.202887051,-0.6113773,-0.450544755
1773,4437845,1444800,0.944,0.292,0.168,-0.9,0,-1.1,-8.5,-36.8,0.5,0.618060854,-0.202856532,-0.6113773,-0.450575274
1774,4439199,1444810,0.948,0.296,0.164,-0.9,0,-1.1,-8.2,-36.7,0.5,0.618030335,-0.202856532,-0.6113773,-0.450605792
1775,4442891,1444810,0.948,0.296,0.164,-0.8,0,-1.3,-8.2,-36.7,0.5,0.618030335,-0.202856532,-0.6113773,-0.450636311
1776,4444415,1444810,0.948,0.292,0.168,-0.8,0,-1.3,-8.2,-36.7,0.5,0.617999817,-0.202856532,-0.6113773,-0.450666829
1777,4447458,1444810,0.948,0.296,0.168,-0.7,-0.1,-1.3,-8.2,-36.7,0.5,0.617969298,-0.202856532,-0.6113773,-0.450697348
1778,4450445,1444820,0.944,0.296,0.164,-0.6,-0.1,-1.3,-8.2,-37,0.7,0.617969298,-0.202856532,-0.6113773,-0.450727866
1779,4451852,1444820,0.952,0.296,0.164,-0.6,-0.2,-1.4,-8.2,-37,0.7,0.61793878,-0.202826014,-0.6113773,-0.450758385
1780,4454747,1444820,0.952,0.292,0.164,-0.6,-0.2,-1.4,-8.2,-37,0.7,0.617908261,-0.202826014,-0.6113773,-0.450788903
1781,4457792,1444820,0.956,0.296,0.168,-0.6,-0.2,-1.2,-8.2,-37,0.7,0.617908261,-0.202826014,-0.6113773,-0.450788903
1782,4459152,1444830,0.948,0.3,0.164,-0.7,-0.1,-1.1,-8.1,-38,0.6,0.617877743,-0.202826014,-0.6113773,-0.450819422
1783,4462118,1444830,0.948,0.296,0.164,-0.7,-0.1,-1.1,-8.1,-38,0.6,0.617877743,-0.202826014,-0.6113773,-0.45084994
1784,4465270,1444830,0.952,0.296,0.164,-0.8,0,-1.1,-8.1,-38,0.6,0.617847224,-0.202826014,-0.6113773,-0.450880459
1785,4466666,1444830,0.948,0.296,0.16,-0.8,0,-1.1,-8.1,-38,0.6,0.617847224,-0.202795495,-0.6113773,-0.450910978
1786,4470988,1444840,0.952,0.3,0.164,-0.8,0,-0.9,-7.8,-36.5,0.4,0.617816706,-0.202795495,-0.6113773,-0.450941496
1787,4472565,1444840,0.952,0.296,0.164,-0.8,-0.1,-0.9,-7.8,-36.5,0.4,0.617816706,-0.202795495,-0.611346782,-0.450941496
1788,4475234,1444840,0.952,0.292,0.164,-0.9,-0.2,-1,-7.8,-36.5,0.4,0.617786187,-0.202795495,-0.611346782,-0.450972015
1789,4476934,1444840,0.948,0.296,0.168,-1,-0.3,-1.1,-7.8,-36.5,0.4,0.617786187,-0.202826014,-0.611346782,-0.451002533
1790,4480469,1444850,0.948,0.296,0.168,-1,-0.3,-1.1,-7.8,-36.5,0.4,0.617786187,-0.202826014,-0.611346782,-0.451002533
1791,4481864,1444850,0.952,0.292,0.164,-1.3,-0.3,-1.3,-8.2,-37,0.3,0.61772515,-0.20291757,-0.6113773,-0.451002533
1792,4485275,1444850,0.952,0.296,0.164,-1.5,-0.2,-1.2,-8.2,-37,0.3,0.61772515,-0.20291757,-0.6113773,-0.451033052
1793,4487359,1444850,0.952,0.292,0.172,-1.5,-0.2,-1.2,-8.2,-37,0.3,0.617694632,-0.20291757,-0.611346782,-0.45106357
1794,4489450,1444860,0.952,0.292,0.168,-1.5,-0.2,-1.2,-7.9,-36.8,0.3,0.617664113,-0.202948088,-0.611346782,-0.451094089
1795,4494027,1444860,0.952,0.296,0.156,-1.5,-0.2,-1.3,-7.9,-36.8,0.3,0.617633595,-0.202948088,-0.611346782,-0.451124607
1796,4494314,1444860,0.952,0.288,0.164,-1.5,-0.3,-1.3,-7.9,-36.8,0.3,0.617603076,-0.202948088,-0.611346782,-0.451185644
1797,4496728,1444860,0.952,0.288,0.168,-1.5,-0.3,-1.3,-7.9,-36.8,0.3,0.617603076,-0.202948088,-0.611346782,-0.451216163
1798,4499300,1444870,0.948,0.292,0.164,-1.5,-0.3,-1.2,-8,-36.9,0.6,0.617572558,-0.202948088,-0.611346782,-0.451246681
1799,4502849,1444870,0.952,0.288,0.164,-1.4,-0.4,-1,-8,-36.9,0.6,0.617542039,-0.202978607,-0.611346782,-0.4512772
1800,4505369,1444870,0.948,0.296,0.168,-1.3,-0.6,-0.9,-8,-36.9,0.6,0.617511521,-0.202978607,-0.611346782,-0.451307718
1801,4507868,1444870,0.948,0.292,0.168,-1.2,-0.6,-0.9,-8,-36.9,0.6,0.617511521,-0.202978607,-0.611346782,-0.451338237
1802,4510004,1444880,0.948,0.296,0.168,-1.2,-0.6,-1.1,-8.4,-38,0.4,0.617481002,-0.203009125,-0.611346782,-0.451368755
1803,4512435,1444880,0.952,0.292,0.168,-1.1,-0.5,-1.2,-8.4,-38,0.4,0.617450484,-0.203009125,-0.611346782,-0.451399274
1804,4514585,1444880,0.944,0.292,0.168,-1,-0.3,-1.2,-8.4,-38,0.4,0.617419965,-0.203009125,-0.611346782,-0.451429792
1805,4517584,1444880,0.952,0.292,0.156,-1,-0.2,-1,-8.4,-38,0.4,0.617419965,-0.203009125,-0.611346782,-0.451460311
1806,4520429,1444890,0.948,0.292,0.16,-0.9,-0.1,-0.9,-8.1,-37.2,0.4,0.617389447,-0.203009125,-0.611346782,-0.451490829
1807,4521968,1444890,0.948,0.284,0.164,-0.8,0,-0.9,-8.1,-37.2,0.4,0.617389447,-0.203009125,-0.611316263,-0.451490829
1808,4524639,1444890,0.948,0.288,0.164,-0.7,0,-0.8,-8.1,-37.2,0.4,0.617358928,-0.203009125,-0.611316263,-0.451521348
1809,4528951,1444890,0.948,0.288,0.164,-0.5,-0.1,-0.9,-8.1,-37.2,0.4,0.617358928,-0.203009125,-0.611316263,-0.451551866
1810,4530396,1444900,0.948,0.288,0.164,-0.5,-0.1,-0.9,-8.1,-37.2,0.4,0.617358928,-0.203009125,-0.611316263,-0.451551866
1811,4531851,1444900,0.948,0.288,0.172,-0.4,0,-1.1,-7.9,-36.8,0.2,0.617358928,-0.203192236,-0.611346782,-0.451429792
1812,4535293,1444900,0.952,0.288,0.168,-0.4,-0.1,-1,-7.9,-36.8,0.2,0.617358928,-0.203161718,-0.611346782,-0.451429792
1813,4537114,1444900,0.952,0.292,0.164,-0.3,-0.1,-0.8,-7.9,-36.8,0.2,0.61732841,-0.203161718,-0.611346782,-0.451460311
1814,4540470,1444910,0.952,0.296,0.164,-0.2,0,-0.6,-8.3,-37.1,0.2,0.61732841,-0.203161718,-0.611346782,-0.451460311
1815,4542527,1444910,0.952,0.288,0.168,-0.2,0,-0.5,-8.3,-37.1,0.2,0.61732841,-0.203161718,-0.611346782,-0.451490829
1816,4544877,1444910,0.956,0.295,0.176,-0.2,0,-0.5,-8.3,-37.1,0.2,0.617297891,-0.203161718,-0.611346782,-0.451490829
1817,4547018,1444910,0.956,0.296,0.164,-0.1,-0.1,-0.6,-8.3,-37.1,0.2,0.617297891,-0.203161718,-0.611346782,-0.451490829
1818,4549465,1444920,0.952,0.292,0.168,0,-0.1,-0.6,-8.2,-37.4,0.2,0.617297891,-0.203161718,-0.6113773,-0.451521348
1819,4552475,1444920,0.952,0.296,0.168,0,-0.1,-0.5,-8.2,-37.4,0.2,0.617297891,-0.203131199,-0.6113773,-0.451521348
1820,4554247,1444920,0.952,0.299,0.172,-0.1,-0.2,-0.3,-8.2,-37.4,0.2,0.617267373,-0.203131199,-0.6113773,-0.451521348
1821,4558544,1444920,0.952,0.296,0.176,-0.1,-0.3,-0.1,-8.2,-37.4,0.2,0.617267373,-0.203161718,-0.6113773,-0.451521348
1822,4560542,1444930,0.948,0.3,0.172,-0.2,-0.2,-0.1,-8.1,-37.7,0.2,0.617267373,-0.203161718,-0.6113773,-0.451521348
1823,4563095,1444930,0.948,0.3,0.168,-0.4,-0.1,-0.1,-8.1,-37.7,0.2,0.617267373,-0.203161718,-0.6113773,-0.451521348
1824,4564850,1444930,0.944,0.292,0.172,-0.4,0,-0.2,-8.1,-37.7,0.2,0.617267373,-0.203161718,-0.6113773,-0.451551866
1825,4567103,1444930,0.948,0.292,0.172,-0.4,0,-0.2,-8.1,-37.7,0.2,0.617236854,-0.203161718,-0.6113773,-0.451551866
1826,4570097,1444940,0.948,0.296,0.168,-0.5,0,-0.2,-7.6,-37.2,0.2,0.617236854,-0.203161718,-0.6113773,-0.451551866
1827,4572666,1444940,0.948,0.292,0.168,-0.6,-0.1,-0.1,-7.6,-37.2,0.2,0.617236854,-0.203161718,-0.611346782,-0.451582385
1828,4574984,1444940,0.952,0.288,0.168,-0.9,-0.1,-0.2,-7.6,-37.2,0.2,0.617236854,-0.203192236,-0.611346782,-0.451582385
1829,4577431,1444940,0.944,0.288,0.168,-1,0,-0.2,-7.6,-37.2,0.2,0.617206336,-0.203192236,-0.611346782,-0.451612903
1830,4579938,1444950,0.944,0.288,0.168,-1,0,-0.2,-7.6,-37.2,0.2,0.617206336,-0.203192236,-0.611346782,-0.451612903
1831,4582268,1444950,0.948,0.284,0.168,-1.1,0.2,-0.3,-7.6,-37.2,0,0.617267373,-0.203344829,-0.611285745,-0.451551866
1832,4585740,1444950,0.948,0.288,0.168,-1.2,0.2,-0.2,-7.6,-37.2,0,0.617267373,-0.203344829,-0.611285745,-0.451551866
1833,4587355,1444950,0.944,0.284,0.164,-1.2,0.2,-0.1,-7.6,-37.2,0,0.617267373,-0.203344829,-0.611255226,-0.451582385
1834,4590628,1444960,0.944,0.284,0.16,-1.3,0.2,-0.1,-7.8,-37.2,0.2,0.617236854,-0.203344829,-0.611255226,-0.451612903
1835,4593022,1444960,0.944,0.288,0.168,-1.2,0.2,-0.1,-7.8,-37.2,0.2,0.617236854,-0.203405866,-0.611224708,-0.451612903
1836,4594571,1444960,0.952,0.288,0.164,-1.2,0.2,-0.3,-7.8,-37.2,0.2,0.617236854,-0.203405866,-0.611224708,-0.451643422
1837,4598758,1444960,0.948,0.288,0.168,-1.2,0.2,-0.3,-7.8,-37.2,0.2,0.617236854,-0.203405866,-0.611224708,-0.451643422
1838,4601134,1444970,0.948,0.284,0.168,-1.2,0.2,-0.2,-8.1,-37.2,0,0.617236854,-0.203436384,-0.611194189,-0.451704459
1839,4603075,1444970,0.948,0.292,0.168,-1,0.1,-0.1,-8.1,-37.2,0,0.617236854,-0.203436384,-0.611194189,-0.451704459
1840,4605462,1444970,0.952,0.288,0.164,-0.9,0.1,0,-8.1,-37.2,0,0.617236854,-0.203436384,-0.611163671,-0.451734977
1841,4607409,1444970,0.948,0.296,0.164,-0.9,0.2,0.1,-8.1,-37.2,0,0.617236854,-0.203466903,-0.611163671,-0.451734977
1842,4609451,1444980,0.948,0.3,0.164,-0.9,0.2,0.1,-8.1,-37.5,0.2,0.617236854,-0.203466903,-0.611133152,-0.451734977
1843,4613775,1444980,0.948,0.296,0.168,-0.8,0.1,0.1,-8.1,-37.5,0.2,0.617236854,-0.203497421,-0.611133152,-0.451765496
1844,4614402,1444980,0.948,0.296,0.168,-0.7,0,0.1,-8.1,-37.5,0.2,0.617236854,-0.203497421,-0.611133152,-0.451765496
1845,4616759,1444980,0.944,0.3,0.164,-0.7,0,0.1,-8.1,-37.5,0.2,0.617206336,-0.20352794,-0.611133152,-0.451765496
1846,4621114,1444990,0.948,0.296,0.168,-0.7,0,0,-8,-37.1,0.3,0.617206336,-0.20352794,-0.611102634,-0.451765496
1847,4621766,1444990,0.944,0.296,0.164,-0.7,0,-0.1,-8,-37.1,0.3,0.617206336,-0.20352794,-0.611102634,-0.451796014
1848,4626189,1444990,0.944,0.296,0.168,-0.6,0.1,-0.2,-8,-37.1,0.3,0.617206336,-0.20352794,-0.611102634,-0.451796014
1849,4628187,1444990,0.944,0.296,0.164,-0.7,0.2,-0.2,-8,-37.1,0.3,0.617206336,-0.20352794,-0.611102634,-0.451826533
1850,4630555,1445000,0.944,0.296,0.164,-0.7,0.2,-0.2,-8,-37.1,0.3,0.617206336,-0.20352794,-0.611102634,-0.451826533
1851,4632336,1445000,0.948,0.296,0.168,-0.7,0.1,-0.2,-8.2,-37.1,0.2,0.617206336,-0.203650014,-0.611102634,-0.451765496
1852,4634645,1445000,0.948,0.292,0.168,-0.8,0.1,-0.4,-8.2,-37.1,0.2,0.617206336,-0.203650014,-0.611072115,-0.451765496
1853,4638011,1445000,0.948,0.292,0.168,-0.7,0.1,-0.5,-8.2,-37.1,0.2,0.617206336,-0.203650014,-0.611072115,-0.451796014
1854,4640047,1445010,0.952,0.292,0.164,-0.6,0.2,-0.5,-8.4,-37.3,0.2,0.617206336,-0.203650014,-0.611072115,-0.451796014
1855,4642254,1445010,0.952,0.292,0.164,-0.5,0.2,-0.4,-8.4,-37.3,0.2,0.617175817,-0.203650014,-0.611072115,-0.451826533
1856,4644447,1445010,0.952,0.292,0.168,-0.4,0.3,-0.4,-8.4,-37.3,0.2,0.617175817,-0.203650014,-0.611041597,-0.451826533
1857,4647530,1445010,0.948,0.292,0.168,-0.4,0.2,-0.5,-8.4,-37.3,0.2,0.617175817,-0.203650014,-0.611041597,-0.451857051
1858,4649837,1445020,0.948,0.288,0.16,-0.4,0.1,-0.5,-8.2,-37.3,0.1,0.617175817,-0.203650014,-0.611041597,-0.451857051
1859,4651954,1445020,0.948,0.288,0.168,-0.3,0,-0.5,-8.2,-37.3,0.1,0.617175817,-0.203650014,-0.611041597,-0.45188757
1860,4656009,1445020,0.948,0.292,0.168,-0.1,0,-0.5,-8.2,-37.3,0.1,0.617175817,-0.203650014,-0.611041597,-0.45188757
1861,4658114,1445020,0.948,0.292,0.164,-0.1,0,-0.4,-8.2,-37.3,0.1,0.617145299,-0.203619495,-0.611041597,-0.45188757
1862,4660338,1445030,0.952,0.292,0.164,0,0.1,-0.4,-7.9,-37.1,0.3,0.617145299,-0.203619495,-0.611041597,-0.451918088
1863,4661683,1445030,0.948,0.288,0.164,0,0.1,-0.4,-7.9,-37.1,0.3,0.617145299,-0.203619495,-0.611041597,-0.451918088
1864,4664725,1445030,0.948,0.288,0.164,0,0,-0.3,-7.9,-37.1,0.3,0.617145299,-0.203619495,-0.611041597,-0.451918088
1865,4667832,1445030,0.952,0.288,0.168,0,0,-0.3,-7.9,-37.1,0.3,0.617145299,-0.203619495,-0.611041597,-0.451918088
1866,4671102,1445040,0.948,0.292,0.164,0.1,-0.1,-0.3,-7.7,-37.5,0.3,0.617145299,-0.203619495,-0.611041597,-0.451918088
1867,4673330,1445040,0.948,0.292,0.164,0.2,-0.2,-0.4,-7.7,-37.5,0.3,0.617145299,-0.203588977,-0.611072115,-0.451918088
1868,4675456,1445040,0.948,0.296,0.164,0.3,-0.2,-0.4,-7.7,-37.5,0.3,0.61711478,-0.203588977,-0.611072115,-0.451918088
1869,4676786,1445040,0.94,0.3,0.168,0.1,-0.1,-0.4,-7.7,-37.5,0.3,0.61711478,-0.203588977,-0.611072115,-0.451918088
1870,4679843,1445050,0.94,0.3,0.168,0.1,-0.1,-0.4,-7.7,-37.5,0.3,0.61711478,-0.203588977,-0.611072115,-0.451918088
1871,4682043,1445050,0.944,0.296,0.168,0,0,-0.3,-8,-37.8,0.2,0.61711478,-0.203711051,-0.611102634,-0.451826533
1872,4685334,1445050,0.944,0.292,0.164,0,0,-0.3,-8,-37.8,0.2,0.61711478,-0.203680532,-0.611102634,-0.451826533
1873,4687461,1445050,0.94,0.292,0.168,0,0,-0.5,-8,-37.8,0.2,0.61711478,-0.203680532,-0.611102634,-0.451857051
1874,4689514,1445060,0.94,0.292,0.164,0,0,-0.6,-7.9,-37.3,0,0.61711478,-0.203680532,-0.611102634,-0.451857051
1875,4692811,1445060,0.944,0.3,0.164,0,0,-0.7,-7.9,-37.3,0,0.61711478,-0.203680532,-0.611102634,-0.451857051
1876,4694304,1445060,0.944,0.296,0.164,-0.1,0,-0.6,-7.9,-37.3,0,0.617084262,-0.203650014,-0.611102634,-0.45188757
1877,4697400,1445060,0.944,0.296,0.164,-0.1,0,-0.4,-7.9,-37.3,0,0.617084262,-0.203650014,-0.611133152,-0.45188757
1878,4699649,1445070,0.944,0.292,0.16,-0.2,0,-0.3,-8.1,-37.5,0.3,0.617084262,-0.203650014,-0.611133152,-0.45188757
1879,4702884,1445070,0.944,0.296,0.164,-0.2,0,-0.3,-8.1,-37.5,0.3,0.617084262,-0.203650014,-0.611133152,-0.45188757
1880,4704973,1445070,0.944,0.292,0.164,-0.3,0,-0.3,-8.1,-37.5,0.3,0.617084262,-0.203650014,-0.611102634,-0.451918088
1881,4707327,1445070,0.94,0.296,0.164,-0.4,0.1,-0.3,-8.1,-37.5,0.3,0.617084262,-0.203650014,-0.611102634,-0.451918088
1882,4709601,1445080,0.94,0.292,0.164,-0.4,0.1,-0.4,-7.9,-37.4,0.1,0.617053743,-0.203650014,-0.611102634,-0.451918088
1883,4712870,1445080,0.94,0.296,0.168,-0.5,0.2,-0.5,-7.9,-37.4,0.1,0.617053743,-0.203650014,-0.611102634,-0.451948607
1884,4714861,1445080,0.944,0.292,0.164,-0.7,0.2,-0.6,-7.9,-37.4,0.1,0.617053743,-0.203650014,-0.611102634,-0.451979125
1885,4717091,1445080,0.94,0.292,0.168,-0.7,0.2,-0.7,-7.9,-37.4,0.1,0.617053743,-0.203650014,-0.611072115,-0.451979125
1886,4720223,1445090,0.944,0.296,0.164,-0.8,0.2,-0.7,-8,-37.5,0.3,0.617053743,-0.203650014,-0.611072115,-0.452009644
1887,4721723,1445090,0.944,0.292,0.16,-0.8,0.2,-0.8,-8,-37.5,0.3,0.617023225,-0.203650014,-0.611072115,-0.452040162
1888,4724578,1445090,0.94,0.296,0.168,-0.9,0.3,-0.9,-8,-37.5,0.3,0.617023225,-0.203650014,-0.611041597,-0.452070681
1889,4727843,1445090,0.948,0.296,0.168,-0.9,0.4,-1,-8,-37.5,0.3,0.617023225,-0.203650014,-0.611041597,-0.452101199
1890,4729181,1445100,0.948,0.296,0.168,-0.9,0.4,-1,-8,-37.5,0.3,0.617023225,-0.203650014,-0.611041597,-0.452101199
1891,4732315,1445100,0.944,0.292,0.168,-0.9,0.4,-1.3,-8,-37.5,0.3,0.616992706,-0.203741569,-0.611041597,-0.452070681
1892,4735890,1445100,0.948,0.296,0.164,-0.9,0.4,-1.3,-8,-37.5,0.3,0.616992706,-0.203741569,-0.611041597,-0.452101199
1893,4737998,1445100,0.948,0.292,0.164,-1,0.5,-1.2,-8,-37.5,0.3,0.616992706,-0.203711051,-0.611041597,-0.452131718
1894,4739494,1445110,0.948,0.296,0.172,-1,0.6,-1.3,-7.6,-37.5,0,0.616962188,-0.203711051,-0.611011078,-0.452162236
1895,4741957,1445110,0.944,0.292,0.164,-1,0.7,-1.4,-7.6,-37.5,0,0.616962188,-0.203711051,-0.611011078,-0.452192755
1896,4745598,1445110,0.944,0.288,0.16,-0.8,0.7,-1.4,-7.6,-37.5,0,0.616962188,-0.203680532,-0.61098056,-0.452223273
1897,4747160,1445110,0.944,0.292,0.164,-0.8,0.6,-1.4,-7.6,-37.5,0,0.616962188,-0.203680532,-0.61098056,-0.452253792
1898,4750377,1445120,0.94,0.292,0.16,-0.7,0.6,-1.3,-7.6,-37.6,0,0.616931669,-0.203650014,-0.61098056,-0.45228431
1899,4752370,1445120,0.94,0.292,0.168,-0.5,0.6,-1.5,-7.6,-37.6,0,0.616931669,-0.203619495,-0.610950041,-0.452314829
1900,4754567,1445120,0.948,0.292,0.156,-0.4,0.6,-1.5,-7.6,-37.6,0,0.616931669,-0.203619495,-0.610950041,-0.452345347
1901,4757920,1445120,0.94,0.284,0.16,-0.2,0.4,-1.6,-7.6,-37.6,0,0.616901151,-0.203588977,-0.610950041,-0.452375866
1902,4760098,1445130,0.948,0.292,0.164,-0.1,0.3,-1.5,-7.8,-37,0.3,0.616901151,-0.203558458,-0.610950041,-0.452406384
1903,4762273,1445130,0.94,0.288,0.16,-0.1,0.3,-1.5,-7.8,-37,0.3,0.616901151,-0.203558458,-0.610950041,-0.452436903
1904,4764486,1445130,0.944,0.288,0.16,0,0.1,-1.5,-7.8,-37,0.3,0.616870632,-0.20352794,-0.610950041,-0.452467421
1905,4768514,1445130,0.944,0.292,0.16,0,0,-1.6,-7.8,-37,0.3,0.616870632,-0.203497421,-0.610950041,-0.452467421
1906,4770023,1445140,0.944,0.292,0.164,0,0,-1.5,-7.7,-37.5,0.6,0.616840114,-0.203466903,-0.61098056,-0.45249794
1907,4772399,1445140,0.944,0.292,0.164,-0.1,0,-1.3,-7.7,-37.5,0.6,0.616840114,-0.203466903,-0.61098056,-0.452528459
1908,4774628,1445140,0.944,0.292,0.16,-0.2,0,-1.1,-7.7,-37.5,0.6,0.616809595,-0.203466903,-0.61098056,-0.452528459
1909,4777513,1445140,0.944,0.292,0.16,-0.3,-0.1,-1.1,-7.7,-37.5,0.6,0.616809595,-0.203436384,-0.61098056,-0.452558977
1910,4779815,1445150,0.944,0.292,0.16,-0.3,-0.1,-1.1,-7.7,-37.5,0.6,0.616809595,-0.203436384,-0.61098056,-0.452558977
1911,4782022,1445150,0.944,0.296,0.164,-0.2,-0.5,-0.7,-7.5,-37.6,0.3,0.616779077,-0.203588977,-0.611041597,-0.452436903
1912,4785003,1445150,0.948,0.296,0.164,-0.2,-0.5,-0.6,-7.5,-37.6,0.3,0.616748558,-0.203588977,-0.611041597,-0.452467421
1913,4786710,1445150,0.94,0.296,0.16,-0.1,-0.6,-0.6,-7.5,-37.6,0.3,0.616748558,-0.203588977,-0.611041597,-0.452467421
1914,4789694,1445160,0.944,0.3,0.157,-0.1,-0.6,-0.5,-7.4,-38,0.3,0.616718039,-0.203619495,-0.611072115,-0.452467421
1915,4792871,1445160,0.94,0.296,0.168,-0.1,-0.6,-0.5,-7.4,-38,0.3,0.616718039,-0.203619495,-0.611072115,-0.452467421
1916,4794255,1445160,0.944,0.3,0.164,-0.1,-0.7,-0.5,-7.4,-38,0.3,0.616687521,-0.203619495,-0.611102634,-0.452467421
1917,4797452,1445160,0.944,0.296,0.164,0,-0.8,-0.5,-7.4,-38,0.3,0.616687521,-0.203619495,-0.611102634,-0.45249794
1918,4799601,1445170,0.94,0.3,0.164,0,-0.8,-0.4,-7.6,-37.9,0.3,0.616657002,-0.203619495,-0.611102634,-0.45249794
1919,4802765,1445170,0.94,0.3,0.161,0,-0.9,-0.3,-7.6,-37.9,0.3,0.616657002,-0.203619495,-0.611133152,-0.45249794
1920,4804182,1445170,0.948,0.304,0.164,0.1,-0.9,-0.2,-7.6,-37.9,0.3,0.616626484,-0.203619495,-0.611133152,-0.45249794
1921,4807083,1445170,0.944,0.3,0.16,0.1,-0.9,-0.1,-7.6,-37.9,0.3,0.616626484,-0.203619495,-0.611163671,-0.452467421
1922,4810384,1445180,0.944,0.3,0.164,0.1,-0.9,-0.2,-8,-36.9,0.1,0.616595965,-0.203619495,-0.611163671,-0.452467421
1923,4812600,1445180,0.948,0.3,0.16,0.1,-0.8,-0.2,-8,-36.9,0.1,0.616595965,-0.203619495,-0.611194189,-0.452467421
1924,4814958,1445180,0.944,0.3,0.16,0.1,-0.8,-0.4,-8,-36.9,0.1,0.616595965,-0.203619495,-0.611194189,-0.452467421
1925,4816830,1445180,0.944,0.296,0.164,0.1,-0.8,-0.5,-8,-36.9,0.1,0.616565447,-0.203619495,-0.611224708,-0.452467421
1926,4821464,1445190,0.948,0.3,0.164,0,-0.7,-0.6,-7.8,-37.6,0.1,0.616534928,-0.203619495,-0.611224708,-0.452467421
1927,4821772,1445190,0.948,0.3,0.164,0,-0.6,-0.6,-7.8,-37.6,0.1,0.616534928,-0.203619495,-0.611255226,-0.45249794
1928,4824933,1445190,0.948,0.296,0.168,0,-0.6,-0.6,-7.8,-37.6,0.1,0.61650441,-0.203619495,-0.611255226,-0.45249794
1929,4827098,1445190,0.944,0.296,0.16,0,-0.8,-0.4,-7.8,-37.6,0.1,0.61650441,-0.203619495,-0.611285745,-0.45249794
1930,4830391,1445200,0.944,0.296,0.16,0,-0.8,-0.4,-7.8,-37.6,0.1,0.61650441,-0.203619495,-0.611285745,-0.45249794
1931,4832372,1445200,0.948,0.296,0.164,0.1,-0.8,-0.3,-8,-37.6,0.1,0.616473891,-0.203741569,-0.611346782,-0.452406384
1932,4834724,1445200,0.944,0.3,0.164,0.1,-0.8,-0.3,-8,-37.6,0.1,0.616473891,-0.203741569,-0.611346782,-0.452406384
1933,4836958,1445200,0.952,0.3,0.164,0,-0.8,-0.3,-8,-37.6,0.1,0.616443373,-0.203741569,-0.6113773,-0.452406384
1934,4840473,1445210,0.944,0.3,0.164,-0.1,-0.7,-0.5,-7.9,-37.8,0.2,0.616443373,-0.203741569,-0.6113773,-0.452406384
1935,4842477,1445210,0.944,0.296,0.164,-0.1,-0.7,-0.5,-7.9,-37.8,0.2,0.616412854,-0.203741569,-0.6113773,-0.452406384
1936,4844438,1445210,0.948,0.296,0.164,-0.1,-0.7,-0.5,-7.9,-37.8,0.2,0.616412854,-0.203741569,-0.611407819,-0.452406384
1937,4848376,1445210,0.944,0.296,0.164,-0.2,-0.7,-0.6,-7.9,-37.8,0.2,0.616382336,-0.203741569,-0.611407819,-0.452406384
1938,4849862,1445220,0.944,0.296,0.164,-0.2,-0.8,-0.6,-7.9,-38.2,-0.1,0.616351817,-0.203772088,-0.611407819,-0.452436903
1939,4852250,1445220,0.948,0.292,0.16,-0.3,-0.8,-0.7,-7.9,-38.2,-0.1,0.616351817,-0.203772088,-0.611438337,-0.452436903
1940,4855421,1445220,0.948,0.296,0.164,-0.4,-0.8,-0.7,-7.9,-38.2,-0.1,0.616321299,-0.203772088,-0.611438337,-0.452436903
1941,4857545,1445220,0.944,0.296,0.16,-0.4,-0.8,-0.6,-7.9,-38.2,-0.1,0.61629078,-0.203772088,-0.611438337,-0.452467421
1942,4859699,1445230,0.948,0.296,0.16,-0.7,-0.8,-0.5,-8.2,-36.7,0.3,0.61629078,-0.203772088,-0.611468856,-0.452467421
1943,4862899,1445230,0.944,0.292,0.16,-0.7,-0.7,-0.6,-8.2,-36.7,0.3,0.616260262,-0.203802606,-0.611468856,-0.45249794
1944,4864937,1445230,0.948,0.296,0.164,-0.6,-0.7,-0.6,-8.2,-36.7,0.3,0.616229743,-0.203802606,-0.611468856,-0.45249794
1945,4868218,1445230,0.948,0.296,0.172,-0.5,-0.6,-0.7,-8.2,-36.7,0.3,0.616229743,-0.203802606,-0.611468856,-0.452528459
1946,4871158,1445240,0.952,0.292,0.164,-0.5,-0.6,-0.7,-8,-37.9,-0.3,0.616199225,-0.203802606,-0.611468856,-0.452528459
1947,4872754,1445240,0.948,0.292,0.16,-0.5,-0.6,-0.6,-8,-37.9,-0.3,0.616199225,-0.203802606,-0.611499374,-0.452558977
1948,4874192,1445240,0.948,0.292,0.164,-0.5,-0.6,-0.6,-8,-37.9,-0.3,0.616168706,-0.203802606,-0.611499374,-0.452558977
1949,4877019,1445240,0.948,0.288,0.16,-0.4,-0.6,-0.6,-8,-37.9,-0.3,0.616138188,-0.203802606,-0.611499374,-0.452558977
1950,4880338,1445250,0.948,0.288,0.16,-0.4,-0.6,-0.6,-8,-37.9,-0.3,0.616138188,-0.203802606,-0.611499374,-0.452558977
1951,4881764,1445250,0.952,0.296,0.16,-0.4,-0.6,-0.6,-8,-37.9,-0.1,0.616138188,-0.204046754,-0.611560411,-0.452406384
1952,4885569,1445250,0.948,0.296,0.164,-0.5,-0.5,-0.6,-8,-37.9,-0.1,0.616138188,-0.204046754,-0.611560411,-0.452436903
1953,4887896,1445250,0.94,0.292,0.16,-0.5,-0.5,-0.5,-8,-37.9,-0.1,0.616107669,-0.204046754,-0.611560411,-0.452436903
1954,4890005,1445260,0.944,0.292,0.16,-0.5,-0.6,-0.2,-8.1,-37.9,0,0.616107669,-0.204046754,-0.611560411,-0.452436903
1955,4892097,1445260,0.944,0.296,0.16,-0.4,-0.7,-0.1,-8.1,-37.9,0,0.616077151,-0.204077273,-0.611560411,-0.452467421
1956,4895417,1445260,0.944,0.3,0.168,-0.3,-0.8,0,-8.1,-37.9,0,0.616077151,-0.204077273,-0.611560411,-0.452467421
1957,4897466,1445260,0.944,0.296,0.164,-0.2,-0.8,-0.1,-8.1,-37.9,0,0.616077151,-0.204107791,-0.61159093,-0.452467421
1958,4899655,1445270,0.944,0.296,0.164,-0.2,-0.6,-0.3,-8.1,-38.1,-0.6,0.616046632,-0.204107791,-0.61159093,-0.452467421
1959,4902808,1445270,0.944,0.3,0.16,-0.2,-0.6,-0.3,-8.1,-38.1,-0.6,0.616046632,-0.204107791,-0.61159093,-0.452467421
1960,4904228,1445270,0.948,0.296,0.164,-0.2,-0.6,-0.4,-8.1,-38.1,-0.6,0.616016114,-0.204107791,-0.611621448,-0.452467421
1961,4907386,1445270,0.948,0.296,0.168,-0.1,-0.6,-0.2,-8.1,-38.1,-0.6,0.616016114,-0.204107791,-0.611621448,-0.452467421
1962,4909961,1445280,0.944,0.296,0.164,0,-0.6,-0.1,-8.1,-36.7,1.1,0.615985595,-0.204107791,-0.611621448,-0.452467421
1963,4912039,1445280,0.948,0.296,0.16,0,-0.7,-0.1,-8.1,-36.7,1.1,0.615985595,-0.20413831,-0.611651967,-0.452467421
1964,4915279,1445280,0.948,0.3,0.164,0,-0.7,-0.2,-8.1,-36.7,1.1,0.615985595,-0.20413831,-0.611651967,-0.452467421
1965,4917326,1445280,0.944,0.296,0.164,0,-0.8,-0.3,-8.1,-36.7,1.1,0.615955077,-0.20413831,-0.611651967,-0.452467421
1966,4921245,1445290,0.944,0.296,0.164,0.1,-0.8,-0.3,-8.1,-37.8,-0.1,0.615955077,-0.20413831,-0.611682485,-0.452467421
1967,4923503,1445290,0.948,0.3,0.16,0.1,-0.7,-0.3,-8.1,-37.8,-0.1,0.615924558,-0.20413831,-0.611682485,-0.452467421
1968,4925778,1445290,0.948,0.3,0.16,0.3,-0.7,-0.3,-8.1,-37.8,-0.1,0.615924558,-0.20413831,-0.611713004,-0.452467421
1969,4927872,1445290,0.948,0.304,0.16,0.3,-0.7,-0.3,-8.1,-37.8,-0.1,0.615924558,-0.20413831,-0.611713004,-0.452467421
1970,4929319,1445300,0.948,0.304,0.16,0.3,-0.7,-0.3,-8.1,-37.8,-0.1,0.615924558,-0.20413831,-0.611713004,-0.452467421
1971,4932292,1445300,0.948,0.3,0.156,0.2,-0.7,0,-7.9,-37.6,-0.5,0.615863521,-0.204229865,-0.611804559,-0.452375866
1972,4935406,1445300,0.944,0.296,0.156,0.2,-0.6,0,-7.9,-37.6,-0.5,0.615863521,-0.204229865,-0.611835078,-0.452345347
1973,4937510,1445300,0.948,0.296,0.16,0.1,-0.6,0.1,-7.9,-37.6,-0.5,0.615863521,-0.204229865,-0.611835078,-0.452345347
1974,4939568,1445310,0.944,0.296,0.156,0.1,-0.7,0,-8.2,-37.9,-0.6,0.615833003,-0.204229865,-0.611835078,-0.452345347
1975,4942802,1445310,0.948,0.296,0.156,0.1,-0.8,0,-8.2,-37.9,-0.6,0.615833003,-0.204260384,-0.611865596,-0.452345347
1976,4944245,1445310,0.944,0.304,0.157,0,-0.9,0,-8.2,-37.9,-0.6,0.615833003,-0.204260384,-0.611865596,-0.452345347
1977,4947206,1445310,0.948,0.3,0.16,0,-0.9,0,-8.2,-37.9,-0.6,0.615802484,-0.204260384,-0.611896115,-0.452314829
1978,4950466,1445320,0.948,0.296,0.156,0,-0.9,0,-8.2,-38,-0.5,0.615802484,-0.204290902,-0.611896115,-0.452314829
1979,4952569,1445320,0.944,0.3,0.16,0,-0.9,0,-8.2,-38,-0.5,0.615771966,-0.204290902,-0.611896115,-0.452314829
1980,4954757,1445320,0.944,0.3,0.157,0.1,-0.9,0,-8.2,-38,-0.5,0.615771966,-0.204290902,-0.611926634,-0.452314829
1981,4958320,1445320,0.944,0.296,0.153,0.1,-0.9,-0.1,-8.2,-38,-0.5,0.615771966,-0.204290902,-0.611926634,-0.452314829
1982,4960565,1445330,0.948,0.3,0.156,0.1,-0.8,-0.2,-8.2,-36.5,1.2,0.615741447,-0.204290902,-0.611957152,-0.452314829
1983,4962845,1445330,0.944,0.3,0.157,0.3,-0.8,-0.2,-8.2,-36.5,1.2,0.615741447,-0.204290902,-0.611957152,-0.45228431
1984,4964308,1445330,0.944,0.3,0.164,0.3,-0.9,-0.4,-8.2,-36.5,1.2,0.615710929,-0.204290902,-0.611987671,-0.45228431
1985,4967396,1445330,0.944,0.296,0.16,0.4,-0.9,-0.3,-8.2,-36.5,1.2,0.615710929,-0.204290902,-0.612018189,-0.45228431
1986,4969741,1445340,0.948,0.296,0.156,0.4,-0.9,-0.2,-8.1,-38,-1.2,0.61568041,-0.204290902,-0.612018189,-0.45228431
1987,4971916,1445340,0.948,0.296,0.153,0.4,-0.9,0,-8.1,-38,-1.2,0.61568041,-0.204290902,-0.612048708,-0.45228431
1988,4974932,1445340,0.948,0.292,0.164,0.4,-0.9,0,-8.1,-38,-1.2,0.61568041,-0.204290902,-0.612048708,-0.452253792
1989,4977377,1445340,0.944,0.292,0.16,0.5,-0.8,-0.1,-8.1,-38,-1.2,0.615649892,-0.204290902,-0.612079226,-0.452253792
1990,4979493,1445350,0.944,0.292,0.16,0.5,-0.8,-0.1,-8.1,-38,-1.2,0.615649892,-0.204290902,-0.612079226,-0.452253792
1991,4982803,1445350,0.944,0.296,0.16,0.5,-0.9,-0.2,-8,-37.4,-1,0.615619373,-0.204474013,-0.612170782,-0.452070681
1992,4984787,1445350,0.944,0.296,0.156,0.5,-1.1,-0.1,-8,-37.4,-1,0.615619373,-0.204474013,-0.6122013,-0.452070681
1993,4987152,1445350,0.952,0.292,0.16,0.6,-1.1,0,-8,-37.4,-1,0.615588855,-0.204474013,-0.612231819,-0.452070681
1994,4990318,1445360,0.944,0.296,0.156,0.6,-1.1,0.1,-8,-37.9,-1,0.615588855,-0.204474013,-0.612231819,-0.452040162
1995,4992319,1445360,0.948,0.296,0.156,0.6,-1.1,0.1,-8,-37.9,-1,0.615558336,-0.204474013,-0.612262337,-0.452040162
1996,4994551,1445360,0.952,0.296,0.16,0.5,-1.1,0.1,-8,-37.9,-1,0.615558336,-0.204474013,-0.612292856,-0.452009644
1997,4997910,1445360,0.952,0.3,0.156,0.5,-1,0,-8,-37.9,-1,0.615558336,-0.204504532,-0.612292856,-0.452009644
1998,4999876,1445370,0.948,0.296,0.156,0.6,-1,0,-8.1,-37.7,-0.7,0.615527818,-0.204504532,-0.612323374,-0.451979125
