sample_index,elapsed_us,device_time_ms,acc_x_g,acc_y_g,acc_z_g,gyro_x_dps,gyro_y_dps,gyro_z_dps,mag_x_ut,mag_y_ut,mag_z_ut,quat_w,quat_x,quat_y,quat_z
0,4944,1463330,0.929,0.364,0.091,-0.9,-0.5,0,-7.4,-36.6,6.2,0.612964263,-0.149082919,-0.66338084,-0.402356029
1,8587,1463340,0.929,0.368,0.087,-0.9,-0.6,0.1,-7.8,-36.8,6.2,0.612964263,-0.149082919,-0.66338084,-0.402386547
2,9947,1463340,0.929,0.364,0.087,-1,-0.6,0.1,-7.8,-36.8,6.2,0.612964263,-0.149113437,-0.66338084,-0.402386547
3,12835,1463340,0.929,0.368,0.087,-1.2,-0.6,0.1,-7.8,-36.8,6.2,0.612933744,-0.149143956,-0.66338084,-0.402386547
4,16035,1463340,0.925,0.368,0.087,-1.4,-0.5,0.1,-7.8,-36.8,6.2,0.612933744,-0.149174474,-0.66338084,-0.402417066
5,18106,1463350,0.925,0.368,0.087,-1.4,-0.5,0.1,-7.8,-36.8,6.2,0.612933744,-0.149174474,-0.66338084,-0.402417066
6,20343,1463350,0.921,0.372,0.091,-1.3,-0.4,0,-7.3,-36.8,5.9,0.612933744,-0.149021882,-0.663258766,-0.402630696
7,23573,1463350,0.929,0.372,0.091,-1.3,-0.3,-0.1,-7.3,-36.8,5.9,0.612933744,-0.1490524,-0.663258766,-0.402661214
8,25656,1463350,0.925,0.364,0.083,-1.3,-0.2,-0.2,-7.3,-36.8,5.9,0.612903226,-0.149082919,-0.663258766,-0.402691733
9,27810,1463360,0.925,0.364,0.083,-1.3,-0.2,-0.2,-7.3,-36.8,5.9,0.612903226,-0.149082919,-0.663258766,-0.402691733
10,30928,1463360,0.925,0.368,0.083,-1.2,0,-0.3,-7.3,-36.3,6,0.612903226,-0.149113437,-0.663228248,-0.402722251
11,32378,1463360,0.933,0.368,0.083,-1.1,0.1,-0.5,-7.3,-36.3,6,0.612872707,-0.149113437,-0.663228248,-0.40275277
12,35376,1463360,0.933,0.36,0.083,-0.9,0.1,-0.7,-7.3,-36.3,6,0.612872707,-0.149113437,-0.663228248,-0.402783288
13,38502,1463370,0.933,0.36,0.079,-0.7,0.2,-0.8,-7.4,-36.9,6.3,0.612872707,-0.149113437,-0.663197729,-0.402813807
14,39966,1463370,0.937,0.356,0.087,-0.5,0.2,-0.9,-7.4,-36.9,6.3,0.612872707,-0.149082919,-0.663197729,-0.402813807
15,43103,1463370,0.937,0.36,0.083,-0.5,0.4,-1.1,-7.4,-36.9,6.3,0.612872707,-0.149082919,-0.663197729,-0.402813807
16,44878,1463370,0.937,0.356,0.079,-0.6,0.4,-1.4,-7.4,-36.9,6.3,0.612842189,-0.1490524,-0.663197729,-0.402874844
17,49407,1463380,0.937,0.356,0.079,-0.8,0.6,-1.6,-7.5,-36.5,6.6,0.612842189,-0.1490524,-0.663167211,-0.402905362
18,51584,1463380,0.941,0.36,0.079,-1,0.6,-1.7,-7.5,-36.5,6.6,0.612842189,-0.149021882,-0.663167211,-0.402966399
19,53701,1463380,0.944,0.356,0.083,-1.1,0.5,-1.8,-7.5,-36.5,6.6,0.61281167,-0.149021882,-0.663167211,-0.402996918
20,55247,1463380,0.948,0.356,0.075,-1,0.4,-1.9,-7.5,-36.5,6.6,0.61281167,-0.148991363,-0.663136692,-0.403027436
21,57526,1463390,0.944,0.356,0.079,-1.1,0.4,-2.2,-7.4,-37,6,0.612781152,-0.148960845,-0.663136692,-0.403088473
22,61344,1463390,0.944,0.352,0.079,-1.2,0.5,-2.4,-7.4,-37,6,0.612781152,-0.148960845,-0.663136692,-0.40314951
23,63514,1463390,0.948,0.348,0.075,-1.5,0.4,-2.5,-7.4,-37,6,0.612750633,-0.148930326,-0.663106174,-0.403210547
24,65854,1463390,0.952,0.348,0.071,-1.9,0.4,-2.5,-7.4,-37,6,0.612720115,-0.148899808,-0.663106174,-0.403271584
25,67593,1463400,0.952,0.348,0.071,-1.9,0.4,-2.5,-7.4,-37,6,0.612720115,-0.148899808,-0.663106174,-0.403271584
26,70098,1463400,0.956,0.348,0.075,-2.7,0.3,-2.5,-7.1,-36.8,6,0.612720115,-0.148960845,-0.663045137,-0.40336314
27,72522,1463400,0.956,0.344,0.075,-3,0.2,-2.4,-7.1,-36.8,6,0.612689596,-0.148960845,-0.663014618,-0.403424177
28,75551,1463400,0.952,0.344,0.083,-3.3,0.1,-2.3,-7.1,-36.8,6,0.612659078,-0.148991363,-0.663014618,-0.403515732
29,78033,1463410,0.948,0.34,0.079,-3.8,-0.1,-2.3,-7.1,-36.1,6.1,0.612628559,-0.148991363,-0.6629841,-0.403607288
30,80065,1463410,0.952,0.344,0.086,-4.1,-0.3,-2.1,-7.1,-36.1,6.1,0.612598041,-0.149021882,-0.662953581,-0.403698843
31,83032,1463410,0.948,0.344,0.087,-4.4,-0.5,-1.9,-7.1,-36.1,6.1,0.612537004,-0.1490524,-0.662923063,-0.403790399
32,85212,1463410,0.948,0.348,0.087,-4.6,-0.7,-1.7,-7.1,-36.1,6.1,0.612506485,-0.149113437,-0.662892544,-0.403881954
33,88527,1463420,0.944,0.348,0.083,-4.7,-0.8,-1.3,-7.4,-36.6,5.9,0.612475967,-0.149143956,-0.662862026,-0.403942991
34,90829,1463420,0.944,0.352,0.079,-4.9,-0.9,-1.1,-7.4,-36.6,5.9,0.61241493,-0.149204993,-0.662862026,-0.404034547
35,92717,1463420,0.941,0.356,0.079,-5,-1.1,-0.8,-7.4,-36.6,5.9,0.612384411,-0.14926603,-0.662831507,-0.404126102
36,96634,1463420,0.937,0.36,0.079,-5.1,-1.3,-0.7,-7.4,-36.6,5.9,0.612353893,-0.149357585,-0.662800989,-0.40418714
37,99363,1463430,0.937,0.356,0.083,-5.2,-1.5,-0.5,-7,-36.6,5.5,0.612292856,-0.149418622,-0.66277047,-0.404278695
38,101282,1463430,0.937,0.36,0.079,-5.2,-1.6,-0.5,-7,-36.6,5.5,0.612262337,-0.149510178,-0.662739952,-0.404370251
39,103568,1463430,0.933,0.364,0.079,-5.2,-1.8,-0.4,-7,-36.6,5.5,0.6122013,-0.149571215,-0.662739952,-0.404431288
40,105087,1463430,0.929,0.364,0.079,-5.4,-1.8,-0.3,-7,-36.6,5.5,0.612140263,-0.149632252,-0.662709433,-0.404522843
41,107552,1463440,0.937,0.364,0.083,-5.4,-1.7,-0.1,-7.2,-36.9,5.8,0.612109745,-0.149754326,-0.662678915,-0.40458388
42,112045,1463440,0.933,0.368,0.079,-5.5,-1.7,0,-7.2,-36.9,5.8,0.612079226,-0.149845882,-0.662648396,-0.404644917
43,113718,1463440,0.937,0.372,0.079,-5.7,-1.7,0,-7.2,-36.9,5.8,0.612018189,-0.149937437,-0.662617878,-0.404736473
44,115920,1463440,0.937,0.364,0.079,-5.7,-1.6,0,-7.2,-36.9,5.8,0.611987671,-0.150028993,-0.662617878,-0.404766991
45,118119,1463450,0.937,0.364,0.079,-5.7,-1.6,0,-7.2,-36.9,5.8,0.611987671,-0.150028993,-0.662617878,-0.404766991
46,120342,1463450,0.937,0.372,0.087,-5.5,-1.3,-0.3,-6.9,-36.8,5.9,0.611865596,-0.15009003,-0.662526322,-0.405072176
47,122563,1463450,0.941,0.368,0.083,-5.4,-0.9,-0.5,-6.9,-36.8,5.9,0.611835078,-0.150181585,-0.662495804,-0.405133213
48,126813,1463450,0.944,0.368,0.087,-5.1,-0.7,-0.7,-6.9,-36.8,5.9,0.611804559,-0.150242622,-0.662465285,-0.405224769
49,129599,1463460,0.944,0.368,0.079,-4.9,-0.6,-0.9,-7.3,-35.9,5.9,0.611774041,-0.150303659,-0.662434767,-0.405316324
50,131791,1463460,0.937,0.372,0.083,-4.7,-0.6,-1.2,-7.3,-35.9,5.9,0.611743522,-0.150334178,-0.662404248,-0.405377361
51,134059,1463460,0.944,0.368,0.083,-4.4,-0.5,-1.5,-7.3,-35.9,5.9,0.611713004,-0.150395215,-0.66237373,-0.405468917
52,136309,1463460,0.944,0.364,0.087,-4.2,-0.4,-1.6,-7.3,-35.9,5.9,0.611651967,-0.150425733,-0.662343211,-0.405560472
53,137875,1463470,0.944,0.36,0.075,-3.9,-0.3,-1.7,-7,-36.8,5.5,0.611621448,-0.150456252,-0.662312693,-0.405621509
54,140071,1463470,0.944,0.364,0.079,-3.8,-0.4,-1.8,-7,-36.8,5.5,0.61159093,-0.15048677,-0.662312693,-0.405713065
55,143845,1463470,0.944,0.356,0.079,-3.6,-0.4,-1.9,-7,-36.8,5.5,0.611560411,-0.150517289,-0.662282174,-0.405804621
56,146354,1463470,0.944,0.36,0.079,-3.6,-0.3,-2,-7,-36.8,5.5,0.611529893,-0.150547807,-0.662251656,-0.405865658
57,148513,1463480,0.941,0.36,0.071,-3.8,-0.3,-2,-7.1,-36.4,6,0.611499374,-0.150547807,-0.662221137,-0.405957213
58,150529,1463480,0.944,0.356,0.075,-4.1,-0.3,-2,-7.1,-36.4,6,0.611468856,-0.150578326,-0.662221137,-0.406048769
59,152397,1463480,0.941,0.36,0.063,-4.3,-0.2,-1.9,-7.1,-36.4,6,0.611407819,-0.150608844,-0.662190619,-0.406140324
60,155667,1463480,0.945,0.352,0.067,-4.6,-0.1,-1.9,-7.1,-36.4,6,0.6113773,-0.150669881,-0.6621601,-0.40623188
61,157619,1463490,0.948,0.356,0.071,-4.9,-0.1,-1.9,-7,-36.7,5.9,0.611346782,-0.1507004,-0.662099063,-0.406323435
62,160741,1463490,0.944,0.356,0.071,-5.2,0,-1.8,-7,-36.7,5.9,0.611316263,-0.150730918,-0.662068545,-0.406414991
63,163229,1463490,0.944,0.356,0.071,-5.3,0,-1.7,-7,-36.7,5.9,0.611285745,-0.150791955,-0.662038026,-0.406506546
64,165515,1463490,0.945,0.36,0.063,-5.4,0,-1.6,-7,-36.7,5.9,0.611255226,-0.150822474,-0.661976989,-0.40662862
65,167837,1463500,0.945,0.36,0.063,-5.4,0,-1.6,-7,-36.7,5.9,0.611255226,-0.150822474,-0.661976989,-0.40662862
66,170544,1463500,0.941,0.364,0.071,-5.6,0.2,-1.4,-6.8,-37,5.9,0.611133152,-0.151005585,-0.661976989,-0.406720176
67,173121,1463500,0.944,0.368,0.067,-5.7,0.2,-1.5,-6.8,-37,5.9,0.611102634,-0.151036103,-0.661915952,-0.40684225
68,175292,1463500,0.941,0.368,0.071,-6,0.2,-1.5,-6.8,-37,5.9,0.611072115,-0.15109714,-0.661885434,-0.406964324
69,177915,1463510,0.941,0.364,0.071,-6.1,0.1,-1.5,-7.2,-35.9,6,0.611041597,-0.151158177,-0.661824396,-0.407055879
70,180590,1463510,0.944,0.372,0.071,-6.1,0,-1.4,-7.2,-35.9,6,0.611011078,-0.151219214,-0.661763359,-0.407177953
71,183818,1463510,0.941,0.372,0.071,-6.2,-0.1,-1.4,-7.2,-35.9,6,0.61098056,-0.151280251,-0.661732841,-0.407269509
72,185980,1463510,0.944,0.368,0.079,-6.4,-0.3,-1.4,-7.2,-35.9,6,0.610950041,-0.151341288,-0.661671804,-0.407391583
73,188079,1463520,0.937,0.368,0.071,-6.6,-0.4,-1.4,-7,-36.9,5,0.610889004,-0.151432844,-0.661641285,-0.407513657
74,190260,1463520,0.941,0.368,0.079,-6.9,-0.6,-1.5,-7,-36.9,5,0.610858486,-0.151493881,-0.661580248,-0.407635731
75,192367,1463520,0.941,0.364,0.071,-7.1,-0.7,-1.8,-7,-36.9,5,0.610797449,-0.151585437,-0.661519211,-0.407757805
76,195550,1463520,0.944,0.364,0.079,-7.2,-0.9,-1.9,-7,-36.9,5,0.610736412,-0.151646474,-0.661488693,-0.407879879
77,197820,1463530,0.941,0.364,0.071,-7.4,-1,-2.1,-7,-37.5,5.2,0.610705893,-0.151738029,-0.661427656,-0.408001953
78,200648,1463530,0.937,0.356,0.071,-7.5,-1,-2.1,-7,-37.5,5.2,0.610644856,-0.151799066,-0.661397137,-0.408154546
79,203804,1463530,0.941,0.352,0.071,-7.7,-1.1,-2.2,-7,-37.5,5.2,0.610583819,-0.151890622,-0.6613361,-0.40827662
80,206217,1463530,0.941,0.352,0.071,-7.9,-1.2,-2.1,-7,-37.5,5.2,0.610492264,-0.151982177,-0.661305582,-0.408429212
81,208453,1463540,0.941,0.348,0.071,-8,-1.2,-2,-7.4,-37.1,5.2,0.610431227,-0.152073733,-0.661244545,-0.408551286
82,210480,1463540,0.941,0.348,0.067,-7.9,-1.3,-2,-7.4,-37.1,5.2,0.610339671,-0.15213477,-0.661214026,-0.40867336
83,212711,1463540,0.941,0.348,0.067,-7.9,-1.3,-2,-7.4,-37.1,5.2,0.610309153,-0.152226325,-0.661122471,-0.408825953
84,215650,1463540,0.941,0.348,0.067,-7.9,-1.2,-1.8,-7.4,-37.1,5.2,0.610248115,-0.152317881,-0.661122471,-0.408978545
85,217950,1463550,0.941,0.348,0.067,-7.9,-1.2,-1.8,-7.4,-37.1,5.2,0.610248115,-0.152317881,-0.661122471,-0.408978545
86,220232,1463550,0.945,0.344,0.063,-8,-1.1,-1.6,-7.2,-36.8,5.3,0.610126041,-0.152623066,-0.661091952,-0.40910062
87,223107,1463550,0.941,0.341,0.059,-8,-1.1,-1.7,-7.2,-36.8,5.3,0.610065004,-0.152714621,-0.661030915,-0.409253212
88,225341,1463550,0.945,0.34,0.063,-7.8,-1.2,-1.7,-7.2,-36.8,5.3,0.610003967,-0.152806177,-0.661000397,-0.409375286
89,228596,1463560,0.937,0.341,0.059,-7.6,-1.3,-1.7,-7,-35.7,5.9,0.60994293,-0.152897732,-0.66093936,-0.40949736
90,230550,1463560,0.945,0.34,0.059,-7.5,-1.2,-1.7,-7,-35.7,5.9,0.609881893,-0.152989288,-0.660908841,-0.409619434
91,232814,1463560,0.937,0.341,0.051,-7.4,-1.3,-1.8,-7,-35.7,5.9,0.609820856,-0.153080844,-0.660847804,-0.409772027
92,235924,1463560,0.937,0.337,0.059,-7.4,-1.4,-1.8,-7,-35.7,5.9,0.609759819,-0.153172399,-0.660817286,-0.409894101
93,238963,1463570,0.933,0.341,0.067,-7.2,-1.4,-1.8,-6.8,-36.7,5,0.609698782,-0.153233436,-0.660786767,-0.410016175
94,241112,1463570,0.937,0.345,0.055,-7.1,-1.4,-1.7,-6.8,-36.7,5,0.609637745,-0.153324992,-0.660756249,-0.410138249
95,242527,1463570,0.933,0.341,0.063,-6.8,-1.4,-1.7,-6.8,-36.7,5,0.609576708,-0.153416547,-0.660695212,-0.410260323
96,245481,1463570,0.937,0.345,0.059,-6.6,-1.4,-1.7,-6.8,-36.7,5,0.609515671,-0.153477584,-0.660664693,-0.410351878
97,248540,1463580,0.933,0.348,0.063,-6.3,-1.4,-1.7,-7,-37.2,5.1,0.609454634,-0.153538621,-0.660634175,-0.410473952
98,250679,1463580,0.937,0.341,0.063,-6.1,-1.4,-1.8,-7,-37.2,5.1,0.609393597,-0.153630177,-0.660603656,-0.410596026
99,252977,1463580,0.933,0.341,0.067,-6,-1.4,-2,-7,-37.2,5.1,0.60933256,-0.153691214,-0.660573138,-0.410687582
100,256113,1463580,0.929,0.344,0.071,-5.9,-1.4,-2.1,-7,-37.2,5.1,0.609271523,-0.153752251,-0.660542619,-0.410809656
101,258180,1463590,0.929,0.337,0.071,-5.8,-1.4,-2.1,-7,-37,4.7,0.609210486,-0.153813288,-0.660542619,-0.410901212
102,260340,1463590,0.929,0.34,0.075,-5.6,-1.4,-2.1,-7,-37,4.7,0.609149449,-0.153874325,-0.660512101,-0.411023286
103,263361,1463590,0.925,0.333,0.075,-5.5,-1.5,-2,-7,-37,4.7,0.609088412,-0.153935362,-0.660481582,-0.411114841
104,264990,1463590,0.929,0.341,0.071,-5.5,-1.6,-1.9,-7,-37,4.7,0.609027375,-0.153996399,-0.660451064,-0.411206397
105,267796,1463600,0.929,0.341,0.071,-5.5,-1.6,-1.9,-7,-37,4.7,0.609027375,-0.153996399,-0.660451064,-0.411206397
106,270997,1463600,0.929,0.34,0.079,-5.6,-2,-1.9,-6.9,-36.7,5,0.60893582,-0.154240547,-0.660420545,-0.411297952
107,273152,1463600,0.929,0.34,0.079,-5.5,-2.2,-2,-6.9,-36.7,5,0.608874783,-0.154301584,-0.660420545,-0.411389508
108,275480,1463600,0.929,0.336,0.083,-5.4,-2.5,-2.2,-6.9,-36.7,5,0.608813746,-0.154393139,-0.660420545,-0.411481063
109,278104,1463610,0.929,0.336,0.091,-5.2,-2.7,-2.2,-7,-35.9,5.8,0.60872219,-0.154454176,-0.660390027,-0.411603137
110,281173,1463610,0.929,0.336,0.087,-5.1,-3,-2.1,-7,-35.9,5.8,0.608661153,-0.154515213,-0.660420545,-0.411694693
111,282698,1463610,0.925,0.336,0.091,-5,-3.2,-2.1,-7,-35.9,5.8,0.608569597,-0.15457625,-0.660420545,-0.411786248
112,285847,1463610,0.929,0.336,0.091,-5,-3.3,-2.1,-7,-35.9,5.8,0.608478042,-0.154637288,-0.660420545,-0.411877804
113,288043,1463620,0.929,0.336,0.091,-5,-3.3,-2.1,-7,-35.9,5.8,0.608478042,-0.154637288,-0.660420545,-0.411877804
114,290290,1463620,0.929,0.336,0.091,-4.8,-3.4,-1.8,-7,-37,4.4,0.608325449,-0.154759362,-0.660420545,-0.412030396
115,294403,1463620,0.933,0.332,0.091,-4.7,-3.6,-1.6,-7,-37,4.4,0.608233894,-0.154850917,-0.660451064,-0.412121952
116,296468,1463620,0.929,0.336,0.099,-4.6,-3.8,-1.5,-7,-37,4.4,0.608142338,-0.154911954,-0.660451064,-0.412182989
117,298827,1463630,0.933,0.336,0.098,-4.6,-4,-1.6,-6.9,-37.4,4.3,0.608050783,-0.15500351,-0.660481582,-0.412274545
118,300638,1463630,0.937,0.336,0.091,-4.4,-4.2,-1.6,-6.9,-37.4,4.3,0.607959227,-0.155064547,-0.660512101,-0.412335582
119,304154,1463630,0.937,0.34,0.091,-4.3,-4.4,-1.6,-6.9,-37.4,4.3,0.607867672,-0.155125584,-0.660512101,-0.412396619
120,306081,1463630,0.937,0.348,0.091,-4.1,-4.5,-1.3,-6.9,-37.4,4.3,0.607776116,-0.155217139,-0.660542619,-0.412457656
121,307399,1463640,0.937,0.348,0.095,-3.8,-4.7,-0.9,-6.9,-37.3,4.3,0.607684561,-0.155278176,-0.660573138,-0.412518693
122,310480,1463640,0.94,0.348,0.091,-3.6,-4.7,-0.6,-6.9,-37.3,4.3,0.607593005,-0.155369732,-0.660603656,-0.41257973
123,313660,1463640,0.94,0.348,0.095,-3.5,-4.7,-0.4,-6.9,-37.3,4.3,0.60750145,-0.155461287,-0.660634175,-0.41257973
124,315884,1463640,0.941,0.352,0.087,-3.3,-4.8,-0.3,-6.9,-37.3,4.3,0.607440413,-0.155552843,-0.660695212,-0.412640767
125,317888,1463650,0.941,0.352,0.087,-3.3,-4.8,-0.3,-6.9,-37.3,4.3,0.607440413,-0.155552843,-0.660695212,-0.412640767
126,321073,1463650,0.944,0.356,0.091,-2.9,-4.9,-0.2,-7.2,-37,4.5,0.607379376,-0.155766472,-0.660634175,-0.412701804
127,323056,1463650,0.948,0.367,0.091,-2.5,-4.9,-0.4,-7.2,-37,4.5,0.607318339,-0.155827509,-0.660695212,-0.412732322
128,326189,1463650,0.948,0.367,0.091,-2.3,-4.9,-0.7,-7.2,-37,4.5,0.607226783,-0.155888546,-0.66072573,-0.412732322
129,327713,1463660,0.94,0.368,0.091,-2.1,-4.9,-1,-6.7,-35.8,6.1,0.607135228,-0.155949583,-0.660786767,-0.412762841
130,330524,1463660,0.94,0.367,0.095,-1.9,-5,-1.2,-6.7,-35.8,6.1,0.607043672,-0.15601062,-0.660817286,-0.412793359
131,332816,1463660,0.94,0.367,0.095,-1.8,-5.1,-1.4,-6.7,-35.8,6.1,0.606952116,-0.156071657,-0.660878323,-0.412823878
132,336139,1463660,0.937,0.372,0.091,-1.8,-5.4,-1.6,-6.7,-35.8,6.1,0.606860561,-0.156102176,-0.66093936,-0.412854396
133,338113,1463670,0.937,0.375,0.091,-1.8,-5.7,-1.7,-6.9,-36.8,4,0.606738487,-0.156163213,-0.661030915,-0.412884915
134,340255,1463670,0.937,0.371,0.099,-1.9,-5.9,-1.9,-6.9,-36.8,4,0.606646931,-0.15622425,-0.661091952,-0.412915433
135,343496,1463670,0.933,0.371,0.107,-2.1,-6.2,-2,-6.9,-36.8,4,0.606524857,-0.156285287,-0.661122471,-0.412945952
136,346619,1463670,0.929,0.368,0.099,-2.2,-6.4,-2.1,-6.9,-36.8,4,0.606402783,-0.156315806,-0.661214026,-0.413006989
137,348524,1463680,0.929,0.364,0.103,-2.4,-6.7,-2.3,-6.6,-37.4,3.8,0.606280709,-0.156376843,-0.661305582,-0.413037507
138,350228,1463680,0.925,0.364,0.107,-2.7,-6.8,-2.3,-6.6,-37.4,3.8,0.606128117,-0.156468398,-0.661366619,-0.413098544
139,353921,1463680,0.917,0.368,0.107,-2.8,-7,-2.4,-6.6,-37.4,3.8,0.606006043,-0.156529435,-0.661458174,-0.413129063
140,356034,1463680,0.917,0.36,0.107,-3.1,-7.2,-2.4,-6.6,-37.4,3.8,0.60585345,-0.156590472,-0.661519211,-0.4131901
141,357482,1463690,0.913,0.364,0.111,-3.4,-7.4,-2.5,-6.8,-37.3,3.8,0.605731376,-0.156682028,-0.661610767,-0.413251137
142,360569,1463690,0.913,0.36,0.107,-3.6,-7.6,-2.6,-6.8,-37.3,3.8,0.605578784,-0.156743065,-0.661671804,-0.413312174
143,362653,1463690,0.917,0.356,0.111,-3.8,-7.8,-2.8,-6.8,-37.3,3.8,0.605426191,-0.15683462,-0.661763359,-0.413373211
144,365641,1463690,0.917,0.356,0.107,-3.9,-7.8,-2.9,-6.8,-37.3,3.8,0.605273598,-0.156895657,-0.661824396,-0.413464766
145,367908,1463700,0.917,0.356,0.107,-3.9,-7.8,-2.9,-6.8,-37.3,3.8,0.605273598,-0.156895657,-0.661824396,-0.413464766
146,369989,1463700,0.917,0.36,0.103,-4.3,-7.7,-3,-6.5,-37.2,4.4,0.605121006,-0.156987213,-0.661793878,-0.413739433
147,373583,1463700,0.917,0.356,0.107,-4.4,-7.6,-3,-6.5,-37.2,4.4,0.604968413,-0.157078768,-0.661854915,-0.41380047
148,375717,1463700,0.921,0.356,0.103,-4.4,-7.5,-2.9,-6.5,-37.2,4.4,0.604815821,-0.157170324,-0.661946471,-0.413892026
149,378038,1463710,0.921,0.352,0.099,-4.4,-7.5,-2.9,-6.8,-36.1,6,0.604663228,-0.157261879,-0.662007508,-0.413953063
150,380004,1463710,0.921,0.352,0.099,-4.5,-7.3,-3.1,-6.8,-36.1,6,0.604510636,-0.157322916,-0.662068545,-0.414044618
151,382992,1463710,0.917,0.352,0.099,-4.7,-7.2,-3.2,-6.8,-36.1,6,0.604358043,-0.157414472,-0.662129582,-0.414136174
152,384988,1463710,0.925,0.352,0.095,-4.7,-7.2,-3.3,-6.8,-36.1,6,0.604205451,-0.157506027,-0.662190619,-0.414227729
153,388056,1463720,0.933,0.356,0.095,-4.7,-7.1,-3.3,-6.5,-37.2,3.8,0.604052858,-0.157567064,-0.662251656,-0.414319285
154,389904,1463720,0.925,0.356,0.095,-4.7,-7,-3.4,-6.5,-37.2,3.8,0.603900266,-0.15765862,-0.662312693,-0.414380322
155,393223,1463720,0.929,0.356,0.091,-4.6,-6.9,-3.4,-6.5,-37.2,3.8,0.603747673,-0.157719657,-0.66237373,-0.414471877
156,395453,1463720,0.929,0.368,0.099,-4.5,-6.8,-3.4,-6.5,-37.2,3.8,0.60359508,-0.157811213,-0.662434767,-0.414532914
157,398598,1463730,0.933,0.368,0.091,-4.3,-6.9,-3.5,-6.6,-37.1,4.4,0.603473006,-0.15787225,-0.662495804,-0.414654988
158,400179,1463730,0.929,0.372,0.095,-4.2,-7.1,-3.6,-6.6,-37.1,4.4,0.603320414,-0.157933287,-0.662587359,-0.414746544
159,403170,1463730,0.925,0.368,0.095,-4.2,-7.3,-3.7,-6.6,-37.1,4.4,0.603167821,-0.157994324,-0.662648396,-0.414838099
160,405493,1463730,0.929,0.375,0.095,-4.3,-7.5,-3.9,-6.6,-37.1,4.4,0.60298471,-0.158085879,-0.662709433,-0.414929655
161,407747,1463740,0.929,0.375,0.095,-4.3,-7.7,-4,-6.5,-37,4,0.602832118,-0.158146916,-0.662800989,-0.414990692
162,409860,1463740,0.925,0.375,0.103,-4.2,-8,-4.1,-6.5,-37,4,0.602649007,-0.158207953,-0.662892544,-0.415082247
163,413145,1463740,0.921,0.379,0.099,-4,-8.3,-4.3,-6.5,-37,4,0.602496414,-0.15826899,-0.662953581,-0.415173803
164,416257,1463740,0.925,0.379,0.095,-3.8,-8.5,-4.5,-6.5,-37,4,0.602313303,-0.158330027,-0.663075655,-0.415265358
165,418264,1463750,0.925,0.379,0.095,-3.8,-8.5,-4.5,-6.5,-37,4,0.602313303,-0.158330027,-0.663075655,-0.415265358
166,419920,1463750,0.921,0.383,0.107,-3.8,-9.1,-5,-6.6,-36.8,3.9,0.602038636,-0.158299509,-0.663106174,-0.415631581
167,423021,1463750,0.925,0.391,0.099,-3.8,-9.4,-5.1,-6.6,-36.8,3.9,0.601825007,-0.158360546,-0.663197729,-0.415723136
168,425168,1463750,0.917,0.391,0.103,-3.8,-9.7,-5.3,-6.6,-36.8,3.9,0.601611377,-0.158421583,-0.663319803,-0.415814692
169,428790,1463760,0.917,0.391,0.099,-3.9,-9.9,-5.4,-6.6,-36.2,6.2,0.601428266,-0.158513138,-0.663411359,-0.415906247
170,430182,1463760,0.921,0.399,0.099,-3.9,-10,-5.5,-6.6,-36.2,6.2,0.601214637,-0.158574175,-0.663533433,-0.415997803
171,434220,1463760,0.921,0.399,0.107,-3.8,-10.1,-5.4,-6.6,-36.2,6.2,0.601001007,-0.158635212,-0.663655507,-0.416089358
172,436278,1463760,0.921,0.403,0.096,-3.7,-10.1,-5.4,-6.6,-36.2,6.2,0.600787378,-0.158696249,-0.663777581,-0.416180914
173,437941,1463770,0.921,0.403,0.103,-3.7,-10.2,-5.3,-6.9,-37.2,4.1,0.600573748,-0.158757286,-0.663899655,-0.416272469
174,441268,1463770,0.925,0.407,0.096,-3.8,-10.4,-5.1,-6.9,-37.2,4.1,0.600360118,-0.158818323,-0.664021729,-0.416364025
175,443307,1463770,0.925,0.419,0.096,-4.1,-10.7,-4.9,-6.9,-37.2,4.1,0.600146489,-0.158909879,-0.664143803,-0.41645558
176,446263,1463770,0.929,0.419,0.092,-4.3,-10.8,-4.7,-6.9,-37.2,4.1,0.599932859,-0.159001434,-0.664265877,-0.416547136
177,448343,1463780,0.933,0.419,0.084,-4.4,-11,-4.5,-6.6,-37.1,4.3,0.59971923,-0.15909299,-0.664387951,-0.416638691
178,450016,1463780,0.929,0.431,0.072,-4.4,-11.2,-4.3,-6.6,-37.1,4.3,0.5995056,-0.159184545,-0.664510025,-0.416699728
179,454029,1463780,0.925,0.427,0.068,-4.1,-11.5,-4.1,-6.6,-37.1,4.3,0.599291971,-0.159276101,-0.664632099,-0.416791284
180,456079,1463780,0.929,0.431,0.061,-3.5,-12.3,-4,-6.6,-37.1,4.3,0.599047823,-0.159367656,-0.664754173,-0.416852321
181,457743,1463790,0.925,0.439,0.049,-2.8,-13.4,-3.9,-6.6,-36.9,3.9,0.598803674,-0.159489731,-0.664937284,-0.416882839
182,460125,1463790,0.925,0.451,0.045,-1.9,-14.8,-3.7,-6.6,-36.9,3.9,0.598559526,-0.159581286,-0.665120396,-0.416913358
183,463780,1463790,0.921,0.455,0.041,-1,-16.6,-3.3,-6.6,-36.9,3.9,0.59828486,-0.15970336,-0.665334025,-0.416913358
184,466110,1463790,0.925,0.459,0.045,0,-18.5,-2.8,-6.6,-36.9,3.9,0.597979675,-0.159825434,-0.665578173,-0.416882839
185,468153,1463800,0.925,0.459,0.045,0,-18.5,-2.8,-6.6,-36.9,3.9,0.597979675,-0.159825434,-0.665578173,-0.416882839
186,470119,1463800,0.933,0.47,0.053,1.9,-22.8,-1.4,-6.4,-37.1,3.9,0.597033601,-0.159764397,-0.666371654,-0.417004913
187,472409,1463800,0.94,0.474,0.065,2.7,-25,-0.7,-6.4,-37.1,3.9,0.596697897,-0.159947508,-0.666737877,-0.416882839
188,476223,1463800,0.952,0.485,0.092,3.2,-27,0.3,-6.4,-37.1,3.9,0.596301157,-0.160130619,-0.667104099,-0.416760765
189,477683,1463810,0.956,0.493,0.1,3.3,-28.7,1.5,-6.4,-36.6,6,0.595904416,-0.160374767,-0.667500839,-0.416577654
190,479884,1463810,0.96,0.493,0.116,3,-29.9,2.6,-6.4,-36.6,6,0.595507675,-0.160649434,-0.667928098,-0.416394543
191,482750,1463810,0.975,0.508,0.131,2.2,-30.5,3.5,-6.4,-36.6,6,0.595110935,-0.160954619,-0.668324839,-0.416211432
192,485972,1463810,0.979,0.512,0.131,0.7,-30.6,4,-6.4,-36.6,6,0.594683676,-0.161290323,-0.66872158,-0.416028321
193,487386,1463820,0.983,0.516,0.135,-1.3,-30.2,4.2,-6.1,-37.6,4.2,0.594286935,-0.161626026,-0.669087802,-0.415906247
194,490250,1463820,0.979,0.516,0.135,-3.6,-29.1,4.1,-6.1,-37.6,4.2,0.593890194,-0.162022767,-0.669423505,-0.415784173
195,494588,1463820,0.967,0.527,0.135,-5.8,-27.7,3.6,-6.1,-37.6,4.2,0.593493454,-0.162388989,-0.669698172,-0.415723136
196,496600,1463820,0.96,0.543,0.136,-7.2,-25.8,2.8,-6.1,-37.6,4.2,0.593127232,-0.162755211,-0.669972839,-0.415692618
197,497980,1463830,0.952,0.547,0.132,-7.5,-24.1,1.8,-6.1,-37.1,4.3,0.59276101,-0.163090915,-0.670186468,-0.415692618
198,501760,1463830,0.932,0.571,0.129,-6.9,-22.6,1,-6.1,-37.1,4.3,0.592394787,-0.163426618,-0.670430616,-0.415723136
199,503632,1463830,0.917,0.575,0.117,-5.3,-21.4,0.3,-6.1,-37.1,4.3,0.592089602,-0.163670766,-0.670644246,-0.415723136
200,505443,1463830,0.905,0.584,0.11,-2.9,-20.4,0,-6.1,-37.1,4.3,0.591753899,-0.163914914,-0.670888394,-0.415692618
201,507653,1463840,0.901,0.584,0.09,0,-19.5,-0.3,-5.8,-37.2,4.4,0.591479232,-0.164067507,-0.671132542,-0.415631581
202,511636,1463840,0.854,0.596,0.08,3.3,-18.7,-0.3,-5.8,-37.2,4.4,0.591204566,-0.164189581,-0.671407208,-0.415509507
203,513833,1463840,0.85,0.604,0.076,7.2,-18.2,-0.1,-5.8,-37.2,4.4,0.590960417,-0.164281137,-0.671712394,-0.415326395
204,516185,1463840,0.85,0.608,0.068,11.2,-18.1,0.3,-5.8,-37.2,4.4,0.590746788,-0.164281137,-0.672048097,-0.415112766
205,518245,1463850,0.85,0.608,0.068,11.2,-18.1,0.3,-5.8,-37.2,4.4,0.590746788,-0.164281137,-0.672048097,-0.415112766
206,520381,1463850,0.835,0.609,0.037,16.9,-18.2,0.8,-6,-37,4.9,0.590136418,-0.163701285,-0.672841578,-0.414899136
207,524531,1463850,0.835,0.601,0.025,17,-18,0.1,-6,-37,4.9,0.589922788,-0.163640248,-0.673238319,-0.414593951
208,526568,1463850,0.839,0.593,0.025,15.1,-17.4,-0.9,-6,-37,4.9,0.589739677,-0.163579211,-0.673604541,-0.414319285
209,528629,1463860,0.859,0.566,0.016,11.8,-16.5,-2.1,-6,-36.5,5.9,0.589495529,-0.163548692,-0.673940245,-0.414105655
210,530801,1463860,0.862,0.55,0.016,7.4,-15.5,-3.4,-6,-36.5,5.9,0.589281899,-0.163548692,-0.674214911,-0.413983581
211,532715,1463860,0.878,0.534,0.02,2.5,-14.5,-4.4,-6,-36.5,5.9,0.589037751,-0.163579211,-0.674459059,-0.413953063
212,536927,1463860,0.894,0.514,0.019,-2.7,-13.5,-5,-6,-36.5,5.9,0.588763085,-0.163670766,-0.674611652,-0.4140141
213,538915,1463870,0.913,0.483,0.022,-7.8,-12.9,-4.9,-6.4,-36.5,4.6,0.588518937,-0.163823359,-0.674733726,-0.414136174
214,541161,1463870,0.925,0.463,0.03,-12.9,-12.6,-4.3,-6.4,-36.5,4.6,0.58824427,-0.164036988,-0.674794763,-0.414349803
215,543110,1463870,0.933,0.443,0.029,-17.7,-12.8,-3.3,-6.4,-36.5,4.6,0.587969604,-0.164281137,-0.674794763,-0.414593951
216,546571,1463870,0.952,0.419,0.044,-22.4,-13.2,-2.1,-6.4,-36.5,4.6,0.587664418,-0.164708396,-0.674764245,-0.414899136
217,548628,1463880,0.964,0.407,0.052,-26.8,-13.7,-0.8,-6,-36.6,4.6,0.587359233,-0.165166173,-0.674703207,-0.415265358
218,550760,1463880,0.972,0.395,0.055,-30.8,-14.1,0.2,-6,-36.6,4.6,0.58702353,-0.165684988,-0.674611652,-0.415662099
219,552987,1463880,0.976,0.387,0.051,-34.4,-14.5,1.1,-6,-36.6,4.6,0.586718345,-0.166234321,-0.674489578,-0.416089358
220,555352,1463880,0.987,0.371,0.055,-37.6,-14.8,1.8,-6,-36.6,4.6,0.586382641,-0.166905728,-0.674336985,-0.416577654
221,558646,1463890,0.991,0.371,0.063,-40.1,-15,2.4,-6.2,-36.7,4.3,0.586016419,-0.167607654,-0.674153874,-0.417096469
222,560397,1463890,0.995,0.371,0.063,-41.8,-15.2,3,-6.2,-36.7,4.3,0.585680715,-0.16830958,-0.673940245,-0.417615284
223,562470,1463890,0.995,0.379,0.063,-42.9,-15.2,3.5,-6.2,-36.7,4.3,0.585314493,-0.169072542,-0.673726615,-0.418134098
224,565989,1463890,0.999,0.383,0.055,-43.2,-15.1,4,-6.2,-36.7,4.3,0.58497879,-0.169804987,-0.673512986,-0.418652913
225,568469,1463900,0.999,0.383,0.055,-43.2,-15.1,4,-6.2,-36.7,4.3,0.58497879,-0.169804987,-0.673512986,-0.418652913
226,571817,1463900,0.991,0.391,0.051,-42.7,-14.4,4.4,-6.1,-36.9,4.4,0.584429456,-0.171330912,-0.672963652,-0.419690542
227,572363,1463900,0.98,0.411,0.048,-42.2,-14,4.3,-6.1,-36.9,4.4,0.584124271,-0.172063356,-0.672719504,-0.420209357
228,575452,1463900,0.976,0.427,0.04,-41.6,-13.6,4.1,-6.1,-36.9,4.4,0.583788568,-0.172795801,-0.672505875,-0.420728172
229,577696,1463910,0.984,0.431,0.032,-41.1,-13.2,4,-5.8,-37.1,5,0.583483383,-0.173497726,-0.672292245,-0.421216468
230,580150,1463910,0.948,0.447,0.041,-40.6,-12.9,4.1,-5.8,-37.1,5,0.583178198,-0.174199652,-0.672048097,-0.421735282
231,582560,1463910,0.96,0.462,0.037,-39.9,-12.7,4.4,-5.8,-37.1,5,0.582873012,-0.174871059,-0.671834468,-0.42219306
232,586063,1463910,0.948,0.47,0.033,-38.9,-12.8,4.7,-5.8,-37.1,5,0.582598346,-0.175572985,-0.671620838,-0.422650838
233,588343,1463920,0.948,0.474,0.029,-37.7,-13.1,5,-5.8,-36.8,4.2,0.582293161,-0.176244392,-0.671407208,-0.423108615
234,590445,1463920,0.941,0.498,0.03,-36.9,-13.1,4.9,-5.8,-36.8,4.2,0.582018494,-0.176885281,-0.671224097,-0.423535875
235,592352,1463920,0.937,0.498,0.038,-36.7,-12.9,4.6,-5.8,-36.8,4.2,0.581713309,-0.177556688,-0.671040986,-0.423963134
236,595378,1463920,0.929,0.506,0.038,-37.1,-12.4,3.8,-5.8,-36.8,4.2,0.581438643,-0.178197577,-0.670827357,-0.424390393
237,597559,1463930,0.925,0.51,0.034,-38.1,-11.6,2.8,-5.7,-37.2,4.2,0.581133457,-0.178838466,-0.670613727,-0.424878689
238,600832,1463930,0.913,0.506,0.038,-39.3,-10.7,1.6,-5.7,-37.2,4.2,0.580828272,-0.179448836,-0.670369579,-0.425397504
239,603623,1463930,0.913,0.51,0.034,-40.4,-9.9,0.6,-5.7,-37.2,4.2,0.580553606,-0.180059206,-0.670125431,-0.425946837
240,605909,1463930,0.913,0.502,0.038,-41.2,-9.2,-0.1,-5.7,-37.2,4.2,0.580248421,-0.180669576,-0.669850764,-0.42649617
241,608737,1463940,0.901,0.498,0.042,-41.7,-8.6,-0.6,-5.7,-37.1,3.7,0.579943236,-0.181279946,-0.669576098,-0.427076022
242,610295,1463940,0.898,0.483,0.046,-41.9,-8.2,-1,-5.7,-37.1,3.7,0.57963805,-0.181859798,-0.669301431,-0.427686392
243,613008,1463940,0.901,0.486,0.046,-42,-7.9,-1.5,-5.7,-37.1,3.7,0.579363384,-0.18243965,-0.669026765,-0.428296762
244,615057,1463940,0.89,0.467,0.046,-42,-7.6,-2,-5.7,-37.1,3.7,0.579058199,-0.183019501,-0.66872158,-0.428876614
245,617564,1463950,0.89,0.467,0.046,-42,-7.6,-2,-5.7,-37.1,3.7,0.579058199,-0.183019501,-0.66872158,-0.428876614
246,621007,1463950,0.89,0.451,0.05,-41.9,-6.9,-3.3,-5.3,-37.2,3.7,0.578203681,-0.18366039,-0.668233283,-0.430524613
247,623036,1463950,0.89,0.447,0.046,-41.9,-6.9,-4,-5.3,-37.2,3.7,0.577898495,-0.184209723,-0.667928098,-0.431165502
248,625571,1463950,0.89,0.428,0.046,-41.9,-6.9,-4.8,-5.3,-37.2,3.7,0.57759331,-0.184728538,-0.667653432,-0.431806391
249,627392,1463960,0.894,0.42,0.049,-42.1,-6.8,-5.7,-5.7,-37.3,3.6,0.577257607,-0.185247353,-0.667378765,-0.432447279
250,630993,1463960,0.894,0.412,0.049,-42.3,-6.6,-6.6,-5.7,-37.3,3.6,0.576921903,-0.185735649,-0.66707358,-0.433118686
251,632559,1463960,0.902,0.412,0.057,-42.6,-6.3,-7.3,-5.7,-37.3,3.6,0.5765862,-0.186223945,-0.666798914,-0.433820612
252,634957,1463960,0.905,0.396,0.053,-42.6,-6.2,-8,-5.7,-37.3,3.6,0.576250496,-0.186712241,-0.666493728,-0.434522538
253,637790,1463970,0.905,0.392,0.057,-42.5,-6.3,-8.3,-5.9,-37.3,3.4,0.575914792,-0.187170019,-0.666188543,-0.435224464
254,640023,1463970,0.909,0.384,0.056,-42.4,-6.4,-8.5,-5.9,-37.3,3.4,0.575579089,-0.187658315,-0.665913877,-0.435895871
255,644032,1463970,0.909,0.384,0.056,-42.3,-6.7,-8.4,-5.9,-37.3,3.4,0.575182348,-0.188116092,-0.66563921,-0.436597797
256,646331,1463970,0.909,0.376,0.056,-42.2,-7,-8.4,-5.9,-37.3,3.4,0.574846644,-0.188604389,-0.665364544,-0.437299722
257,647600,1463980,0.917,0.376,0.06,-42.1,-7.4,-8.4,-5.8,-37.3,2.8,0.574480422,-0.189062166,-0.665089877,-0.437971129
258,649926,1463980,0.909,0.376,0.06,-41.9,-7.9,-8.4,-5.8,-37.3,2.8,0.5741142,-0.189550462,-0.66481521,-0.438673055
259,653629,1463980,0.917,0.372,0.056,-41.8,-8.5,-8.2,-5.8,-37.3,2.8,0.573747978,-0.190038759,-0.664540544,-0.439344462
260,655337,1463980,0.921,0.376,0.056,-41.6,-9,-7.7,-5.8,-37.3,2.8,0.573381756,-0.190527055,-0.664296396,-0.439985351
261,658238,1463990,0.921,0.384,0.056,-41.5,-9.6,-7.1,-5.6,-37.4,2.6,0.572985015,-0.191045869,-0.664052248,-0.440656758
262,660940,1463990,0.913,0.384,0.06,-41.3,-10.1,-6.3,-5.6,-37.4,2.6,0.572618793,-0.191564684,-0.6638081,-0.441297647
263,662590,1463990,0.909,0.388,0.056,-41.2,-10.7,-5.3,-5.6,-37.4,2.6,0.572222053,-0.192114017,-0.663563952,-0.441877499
264,666720,1463990,0.909,0.392,0.053,-41,-11.5,-4.1,-5.6,-37.4,2.6,0.571855831,-0.19266335,-0.663319803,-0.442487869
265,668308,1464000,0.909,0.392,0.053,-41,-11.5,-4.1,-5.6,-37.4,2.6,0.571855831,-0.19266335,-0.663319803,-0.442487869
266,670025,1464000,0.941,0.431,0.053,-40,-13.3,-0.8,-5.6,-37.5,3.1,0.571092868,-0.193762017,-0.662862026,-0.443708609
267,673099,1464000,0.988,0.446,0.028,-39.4,-14.3,0.8,-5.6,-37.5,3.1,0.570726646,-0.194402905,-0.662648396,-0.444196905
268,675281,1464000,0.945,0.439,0.033,-39.2,-14.9,2.8,-5.6,-37.5,3.1,0.570360424,-0.195074313,-0.662434767,-0.444654683
269,677525,1464010,0.972,0.485,0.053,-39.1,-14.6,5.8,-5.6,-37.7,2.6,0.570055239,-0.195806757,-0.662221137,-0.445081942
270,681452,1464010,1.011,0.485,0.04,-39.3,-13.1,10,-5.6,-37.7,2.6,0.569780572,-0.19656972,-0.661976989,-0.445478683
271,683628,1464010,1.038,0.505,0.036,-40,-10.7,15.3,-5.6,-37.7,2.6,0.569597461,-0.197393719,-0.661641285,-0.445783868
272,685549,1464010,1.253,0.581,-0.021,-41.2,-7.7,21.2,-5.6,-37.7,2.6,0.569536424,-0.198278756,-0.661244545,-0.446119572
273,687894,1464020,0.983,0.517,0.045,-42.6,-2.9,29.2,-6,-37.7,2.6,0.569597461,-0.199255348,-0.66072573,-0.44636372
274,690214,1464020,1.023,0.52,0.033,-44.3,4.8,40.7,-6,-37.7,2.6,0.569872127,-0.200354015,-0.660054323,-0.446516312
275,692520,1464020,1.058,0.512,0.028,-46,15,54.8,-6,-37.7,2.6,0.570421461,-0.201574755,-0.659199805,-0.446546831
276,695130,1464020,0.941,0.454,0.053,-48,25.6,68.3,-6,-37.7,2.6,0.57124546,-0.202887051,-0.658101138,-0.446516312
277,698669,1464030,0.917,0.446,0.081,-50.2,34.6,77.3,-5.7,-37.8,2.4,0.572252571,-0.204290902,-0.656849879,-0.446424757
278,700282,1464030,0.894,0.423,0.081,-52.4,41.7,80.4,-5.7,-37.8,2.4,0.573412275,-0.205694754,-0.655446028,-0.44636372
279,702412,1464030,0.831,0.404,0.085,-54.5,46.9,78.1,-5.7,-37.8,2.4,0.574602496,-0.207037568,-0.65398114,-0.44636372
280,706844,1464030,0.831,0.381,0.101,-56.5,50,71.2,-5.7,-37.8,2.4,0.575731681,-0.208288827,-0.652485733,-0.446516312
281,709153,1464040,0.792,0.369,0.109,-57.8,51.1,61.3,-6.3,-37.3,2.2,0.576799829,-0.209387494,-0.650990326,-0.446790979
282,710597,1464040,0.745,0.358,0.126,-58.3,50.7,50,-6.3,-37.3,2.2,0.577745903,-0.210333567,-0.649555956,-0.447218238
283,712573,1464040,0.722,0.362,0.134,-57.6,48.5,38.5,-6.3,-37.3,2.2,0.578539384,-0.211127049,-0.648213141,-0.447737053
284,714847,1464040,0.725,0.362,0.134,-55.8,44.3,27.5,-6.3,-37.3,2.2,0.579180273,-0.211798456,-0.646961882,-0.44840846
285,718718,1464050,0.725,0.362,0.134,-55.8,44.3,27.5,-6.3,-37.3,2.2,0.579180273,-0.211798456,-0.646961882,-0.44840846
286,720594,1464050,0.722,0.37,0.138,-49.9,29.9,7.9,-6.5,-37.7,1.6,0.579912717,-0.212775048,-0.644978179,-0.449873348
287,722530,1464050,0.729,0.358,0.134,-46.4,20.4,0.2,-6.5,-37.7,1.6,0.579973754,-0.213171789,-0.644276254,-0.450605792
288,725507,1464050,0.827,0.365,0.105,-43,9.7,-5.5,-6.5,-37.7,1.6,0.57985168,-0.213538011,-0.64372692,-0.451338237
289,727399,1464060,0.886,0.368,0.084,-39.6,-1.6,-9.3,-6.4,-37.5,0.7,0.579577013,-0.213934751,-0.643421735,-0.452009644
290,729857,1464060,0.878,0.353,0.092,-35.4,-12.4,-10.7,-6.4,-37.5,0.7,0.579088717,-0.214362011,-0.643269143,-0.452558977
291,732457,1464060,0.882,0.364,0.096,-30.1,-21.1,-9,-6.4,-37.5,0.7,0.578600421,-0.214819788,-0.643269143,-0.453016755
292,734880,1464060,0.901,0.364,0.084,-23.9,-26.4,-4.6,-6.4,-37.5,0.7,0.578051088,-0.215308084,-0.643391217,-0.453291421
293,737999,1464070,0.917,0.368,0.083,-18.6,-28.8,0.7,-6.4,-37.6,1.2,0.577562792,-0.215826899,-0.643574328,-0.453413495
294,740243,1464070,0.917,0.364,0.083,-15.4,-29.4,5.3,-6.4,-37.6,1.2,0.577135533,-0.216406751,-0.643757439,-0.453413495
295,742749,1464070,0.909,0.36,0.084,-14.9,-29,8.3,-6.4,-37.6,1.2,0.576738792,-0.216986602,-0.64394055,-0.453382977
296,746104,1464070,0.913,0.372,0.076,-16.6,-28,9.5,-6.4,-37.6,1.2,0.57637257,-0.217627491,-0.644093142,-0.453352458
297,747592,1464080,0.905,0.36,0.08,-20.1,-26.8,9.1,-6.8,-37.7,1.1,0.575975829,-0.21826838,-0.644184698,-0.453413495
298,750590,1464080,0.905,0.353,0.068,-24.8,-25.4,7.6,-6.8,-37.7,1.1,0.575579089,-0.218939787,-0.644215217,-0.453535569
299,752958,1464080,0.898,0.341,0.072,-30.3,-24,5.4,-6.8,-37.7,1.1,0.57515183,-0.219641713,-0.644184698,-0.453779717
300,755431,1464080,0.898,0.325,0.075,-35.9,-22.7,3.4,-6.8,-37.7,1.1,0.574694052,-0.220343638,-0.644123661,-0.454115421
301,757561,1464090,0.905,0.301,0.079,-40.7,-21.7,1.7,-6.6,-37.8,1.1,0.574205756,-0.221106601,-0.643971068,-0.454573199
302,761774,1464090,0.909,0.29,0.087,-44.2,-21.5,0.6,-6.6,-37.8,1.1,0.573686941,-0.221869564,-0.643787957,-0.455092013
303,764255,1464090,0.917,0.278,0.094,-46,-21.7,0,-6.6,-37.8,1.1,0.573168126,-0.222663045,-0.643604846,-0.455610828
304,766245,1464090,0.925,0.266,0.09,-46.2,-22.2,0.1,-6.6,-37.8,1.1,0.572649312,-0.223487045,-0.643421735,-0.456160161
305,767917,1464100,0.925,0.266,0.09,-46.2,-22.2,0.1,-6.6,-37.8,1.1,0.572649312,-0.223487045,-0.643421735,-0.456160161
306,770286,1464100,0.964,0.249,0.101,-43.3,-23.5,1.4,-6.2,-37.9,0.8,0.571642201,-0.225135044,-0.643086032,-0.457075716
307,772529,1464100,0.976,0.241,0.108,-40.9,-23.8,2.2,-6.2,-37.9,0.8,0.571153905,-0.225898007,-0.642963958,-0.457502976
308,775453,1464100,0.98,0.245,0.104,-38.1,-23.8,2.9,-6.2,-37.9,0.8,0.57063509,-0.22666097,-0.642841884,-0.457899716
309,778523,1464110,0.984,0.249,0.1,-34.9,-23.4,3.6,-5.9,-38,0,0.570177313,-0.227393414,-0.642780847,-0.458204901
310,779983,1464110,0.999,0.249,0.092,-31.6,-22.7,3.9,-5.9,-38,0,0.569750053,-0.228064821,-0.64271981,-0.458510086
311,783021,1464110,1.003,0.261,0.088,-28,-22.1,4,-5.9,-38,0,0.569322794,-0.228675192,-0.642689291,-0.458723716
312,784830,1464110,0.98,0.254,0.069,-24.4,-21.5,4.2,-5.9,-38,0,0.568956572,-0.229255043,-0.642689291,-0.458906827
313,788050,1464120,0.984,0.258,0.054,-20.6,-21,4.6,-6,-37.8,0.1,0.56859035,-0.229804376,-0.642750328,-0.459028901
314,790236,1464120,0.968,0.254,0.046,-16.7,-20.5,5.3,-6,-37.8,0.1,0.568285165,-0.230292673,-0.642780847,-0.459089938
315,794250,1464120,0.945,0.247,0.035,-12.8,-19.8,5.7,-6,-37.8,0.1,0.568010498,-0.230689413,-0.642872402,-0.459120457
316,796320,1464120,0.941,0.235,0.031,-9,-19.1,5.6,-6,-37.8,0.1,0.567735832,-0.231116672,-0.642994476,-0.45905942
317,797842,1464130,0.929,0.239,0.027,-5.4,-18.3,4.7,-5.8,-37.8,0.3,0.567491684,-0.231421857,-0.643147069,-0.458998383
318,801102,1464130,0.937,0.231,0.007,-2.4,-17.4,3,-5.8,-37.8,0.3,0.567278054,-0.231666005,-0.64333018,-0.458906827
319,803185,1464130,0.949,0.224,0,0,-16.6,0.5,-5.8,-37.8,0.3,0.567064425,-0.231849116,-0.643543809,-0.458815271
320,805251,1464130,0.953,0.208,-0.004,1.4,-15.6,-2.4,-5.8,-37.8,0.3,0.566820276,-0.231940672,-0.643757439,-0.458754234
321,808558,1464140,0.957,0.2,-0.008,2.1,-14.6,-5,-5.8,-37.5,0.6,0.566576128,-0.232001709,-0.643971068,-0.458693197
322,810654,1464140,0.972,0.188,-0.017,2.1,-13.6,-6.9,-5.8,-37.5,0.6,0.566301462,-0.232001709,-0.644215217,-0.458693197
323,812995,1464140,0.996,0.188,-0.009,1.6,-12.6,-7.6,-5.8,-37.5,0.6,0.566057314,-0.232001709,-0.644428846,-0.458693197
324,815100,1464140,1.015,0.195,-0.005,0.6,-11.6,-7.4,-5.8,-37.5,0.6,0.565843684,-0.232001709,-0.644611957,-0.458723716
325,818952,1464150,1.015,0.195,-0.005,0.6,-11.6,-7.4,-5.8,-37.5,0.6,0.565843684,-0.232001709,-0.644611957,-0.458723716
326,821447,1464150,0.992,0.137,-0.018,-3.8,-9.7,-3.2,-5.9,-37.8,1,0.565569018,-0.232734153,-0.644856105,-0.458357494
327,823828,1464150,0.988,0.125,-0.01,-7.8,-9,2,-5.9,-37.8,1,0.565416425,-0.232947783,-0.644856105,-0.458388012
328,825623,1464150,0.992,0.117,-0.014,-12.5,-8.6,9,-5.9,-37.8,1,0.56532487,-0.233314005,-0.644795068,-0.458418531
329,827853,1464160,1.055,0.113,-0.038,-17.2,-8.4,15.8,-6.1,-37.7,-0.3,0.565294351,-0.23383282,-0.644642476,-0.458418531
330,831194,1464160,1.086,0.117,-0.039,-21.4,-8.2,21.5,-6.1,-37.7,-0.3,0.565263833,-0.234473708,-0.644428846,-0.458418531
331,833579,1464160,1.09,0.116,-0.019,-25,-7.6,26.5,-6.1,-37.7,-0.3,0.565294351,-0.235236671,-0.644123661,-0.458388012
332,835566,1464160,1.015,0.082,-0.023,-28.9,-5.9,31.9,-6.1,-37.7,-0.3,0.565385907,-0.236091189,-0.643757439,-0.458388012
333,837903,1464170,0.93,0.024,-0.03,-33.5,-3.1,38.4,-6.6,-38,0.5,0.565538499,-0.2370983,-0.643269143,-0.458357494
334,840230,1464170,0.945,-0.002,-0.046,-38.8,-0.3,45.2,-6.6,-38,0.5,0.565813166,-0.238196966,-0.642628254,-0.458357494
335,842568,1464170,0.945,-0.022,-0.058,-44.3,1.1,50,-6.6,-38,0.5,0.566087832,-0.239448225,-0.641926328,-0.458357494
336,846495,1464170,0.957,-0.049,-0.074,-48.8,0.5,51.3,-6.6,-38,0.5,0.566362499,-0.240760521,-0.641163366,-0.458418531
337,848600,1464180,0.961,-0.119,-0.126,-51.4,-1.7,49.2,-6.8,-37.6,0.1,0.56654561,-0.242103336,-0.640400403,-0.458510086
338,850022,1464180,0.969,-0.146,-0.142,-51.7,-4.2,45.4,-6.8,-37.6,0.1,0.566667684,-0.243385113,-0.639698477,-0.458662679
339,854205,1464180,0.969,-0.174,-0.146,-49.3,-6,40.6,-6.8,-37.6,0.1,0.566728721,-0.24466689,-0.639057588,-0.458815271
340,855732,1464180,1.001,-0.198,-0.147,-44.4,-6.2,35.4,-6.8,-37.6,0.1,0.566759239,-0.245765557,-0.638508255,-0.458937346
341,857983,1464190,0.981,-0.213,-0.147,-37.8,-4.9,30.3,-6.9,-38,0.3,0.566789758,-0.246711631,-0.638019959,-0.459089938
342,860299,1464190,0.989,-0.225,-0.163,-30.6,-3.3,26,-6.9,-38,0.3,0.566850795,-0.247474593,-0.637623218,-0.459150975
343,864428,1464190,1.001,-0.237,-0.175,-23.8,-2,22.6,-6.9,-38,0.3,0.566911832,-0.248115482,-0.637287515,-0.459212012
344,866750,1464190,0.997,-0.291,-0.211,-17.3,-1.8,20.3,-6.9,-38,0.3,0.567003388,-0.248634297,-0.637012848,-0.459181494
345,868766,1464200,0.997,-0.291,-0.211,-17.3,-1.8,20.3,-6.9,-38,0.3,0.567003388,-0.248634297,-0.637012848,-0.459181494
346,870237,1464200,1.06,-0.291,-0.231,-3.4,-4.1,15.9,-6.8,-37.5,0.3,0.567461165,-0.25040437,-0.636921293,-0.457777642
347,872594,1464200,1.099,-0.245,-0.22,5.3,-5,13.1,-6.8,-37.5,0.3,0.567552721,-0.250556963,-0.636951811,-0.457502976
348,874891,1464200,1.114,-0.249,-0.216,15.8,-4.9,9.9,-6.8,-37.5,0.3,0.567674795,-0.250556963,-0.637134922,-0.457167272
349,878564,1464210,1.13,-0.253,-0.216,27,-3.9,7.6,-6.5,-37.5,-1.5,0.567827387,-0.250373852,-0.637409589,-0.456648457
350,880198,1464210,1.15,-0.245,-0.228,37.2,-2.7,7.2,-6.5,-37.5,-1.5,0.568071535,-0.250038148,-0.637775811,-0.456038087
351,883349,1464210,1.181,-0.253,-0.245,45.8,-1.9,8.6,-6.5,-37.5,-1.5,0.56837672,-0.249610889,-0.63820307,-0.455275124
352,885309,1464210,1.196,-0.261,-0.245,52.5,-1.6,11.1,-6.5,-37.5,-1.5,0.568742943,-0.249122593,-0.638691366,-0.454390088
353,889507,1464220,1.208,-0.273,-0.249,58.2,-1.5,13.8,-7.1,-37.8,0.1,0.56920072,-0.248603778,-0.639210181,-0.453413495
354,889870,1464220,1.236,-0.293,-0.258,63.2,-1.1,16.2,-7.1,-37.8,0.1,0.569689016,-0.248054445,-0.639759514,-0.452314829
355,893046,1464220,1.255,-0.313,-0.262,67.8,-0.2,18.1,-7.1,-37.8,0.1,0.570207831,-0.247474593,-0.640308847,-0.451155126
356,894959,1464220,1.271,-0.329,-0.263,72.1,0.9,19.6,-7.1,-37.8,0.1,0.570818201,-0.246833705,-0.640919218,-0.449903867
357,897538,1464230,1.283,-0.352,-0.267,75.8,2.5,21,-7.2,-37.8,1.1,0.57145909,-0.246162297,-0.641499069,-0.448591571
358,901325,1464230,1.283,-0.388,-0.276,79.1,4.2,22.4,-7.2,-37.8,1.1,0.572161016,-0.245460372,-0.642109439,-0.447218238
359,902861,1464230,1.29,-0.407,-0.276,82,6,24,-7.2,-37.8,1.1,0.572923978,-0.244697409,-0.64271981,-0.445783868
360,906349,1464230,1.291,-0.423,-0.284,85.2,7.8,25.7,-7.2,-37.8,1.1,0.573747978,-0.243934446,-0.643299661,-0.444318979
361,908498,1464240,1.279,-0.454,-0.292,89,9.5,27.7,-7.2,-37.4,1.6,0.574602496,-0.243110446,-0.643879513,-0.442793054
362,910664,1464240,1.275,-0.458,-0.296,94,10.9,29.6,-7.2,-37.4,1.6,0.57554857,-0.24222541,-0.644520402,-0.441145054
363,912657,1464240,1.259,-0.458,-0.3,100.2,11.7,31.7,-7.2,-37.4,1.6,0.576555681,-0.241309854,-0.64516129,-0.439405499
364,915623,1464240,1.244,-0.453,-0.311,107.8,12.5,33.9,-7.2,-37.4,1.6,0.577623829,-0.240302744,-0.645863216,-0.437513352
365,918929,1464250,1.244,-0.453,-0.311,107.8,12.5,33.9,-7.2,-37.4,1.6,0.577623829,-0.240302744,-0.645863216,-0.437513352
366,921433,1464250,1.209,-0.421,-0.337,128,13.5,38.4,-7.3,-37.4,2,0.58006531,-0.237891781,-0.647541734,-0.433088168
367,923649,1464250,1.193,-0.393,-0.341,140.3,13.7,40.4,-7.3,-37.4,2,0.581377606,-0.236548967,-0.648487808,-0.430646687
368,925051,1464250,1.166,-0.346,-0.363,153.5,14,42.2,-7.3,-37.4,2,0.582750938,-0.235084078,-0.649525437,-0.428022095
369,928555,1464260,1.158,-0.326,-0.378,167.4,14.3,43.7,-7.4,-37.2,1.1,0.584215827,-0.233436079,-0.650685141,-0.425153356
370,930198,1464260,1.158,-0.302,-0.39,181.1,14.6,44.9,-7.4,-37.2,1.1,0.585772271,-0.231635487,-0.651936399,-0.422070986
371,932463,1464260,1.15,-0.27,-0.405,194.3,15,45.8,-7.4,-37.2,1.1,0.587389752,-0.229651784,-0.653279214,-0.418805506
372,936249,1464260,1.146,-0.227,-0.424,206.4,15.5,46.4,-7.4,-37.2,1.1,0.589037751,-0.227546007,-0.654744102,-0.415326395
373,938203,1464270,1.146,-0.203,-0.435,217.1,16.6,46.7,-7.9,-36.6,3.4,0.590777306,-0.225257118,-0.656239509,-0.411725211
374,940943,1464270,1.143,-0.168,-0.443,226.4,18.4,46.8,-7.9,-36.6,3.4,0.592577898,-0.222846156,-0.657826472,-0.407940916
375,943666,1464270,1.143,-0.148,-0.446,234,20.8,46.8,-7.9,-36.6,3.4,0.594409009,-0.220282601,-0.659382916,-0.404095584
376,945072,1464270,1.143,-0.101,-0.458,240.1,23.7,46.7,-7.9,-36.6,3.4,0.596331675,-0.217627491,-0.660969878,-0.400128178
377,949125,1464280,1.146,-0.077,-0.465,244.3,26.9,46.7,-7.9,-36.2,4.9,0.598254341,-0.214911344,-0.662526322,-0.396130253
378,951409,1464280,1.146,-0.061,-0.473,246.4,30.2,47.1,-7.9,-36.2,4.9,0.600268563,-0.212103641,-0.664021729,-0.392071291
379,953578,1464280,1.143,-0.034,-0.488,246.5,33.6,47.9,-7.9,-36.2,4.9,0.602282785,-0.209265419,-0.665456099,-0.388042848
380,955754,1464280,1.143,-0.022,-0.496,244.8,37,49.2,-7.9,-36.2,4.9,0.604358043,-0.206457717,-0.666798914,-0.383983886
381,957877,1464290,1.147,-0.022,-0.5,241.8,40.5,51,-8.7,-36,6.2,0.606433302,-0.203680532,-0.668050172,-0.379985961
382,961030,1464290,1.147,-0.01,-0.503,237.7,44.2,52.9,-8.7,-36,6.2,0.608569597,-0.200933866,-0.669209876,-0.376018555
383,962586,1464290,1.154,-0.006,-0.519,233.2,47.9,55,-8.7,-36,6.2,0.610736412,-0.198217719,-0.670216987,-0.372081668
384,966371,1464290,1.151,-0.002,-0.519,228.7,51.3,56.9,-8.7,-36,6.2,0.612933744,-0.195593127,-0.671132542,-0.368175298
385,968535,1464300,1.151,-0.002,-0.519,228.7,51.3,56.9,-8.7,-36,6.2,0.612933744,-0.195593127,-0.671132542,-0.368175298
386,970247,1464300,1.151,-0.005,-0.547,221.8,56,60.7,-8.9,-35,7.7,0.617419965,-0.190527055,-0.672658467,-0.360515152
387,972451,1464300,1.155,-0.005,-0.547,220.2,57.2,62.5,-8.9,-35,7.7,0.619647816,-0.188024537,-0.673329875,-0.35666982
388,974980,1464300,1.155,-0.009,-0.554,220.1,57.6,64.3,-8.9,-35,7.7,0.621906186,-0.185552538,-0.674001282,-0.35279397
389,979398,1464310,1.155,-0.009,-0.558,221.7,57.5,66,-9.6,-34.8,6.6,0.624134037,-0.18305002,-0.67464217,-0.3488876
390,979855,1464310,1.162,-0.013,-0.574,224.8,57.1,67.9,-9.6,-34.8,6.6,0.626392407,-0.180578021,-0.675313578,-0.344859157
391,983811,1464310,1.163,-0.009,-0.582,229.3,56.6,69.9,-9.6,-34.8,6.6,0.628650777,-0.178044984,-0.675984985,-0.340739158
392,986317,1464310,1.159,0.002,-0.594,234.8,55.9,72.1,-9.6,-34.8,6.6,0.630909146,-0.175450911,-0.676656392,-0.336497085
393,987818,1464320,1.163,0.026,-0.605,241.2,55.5,74.2,-10.2,-34.1,9.7,0.633198035,-0.172826319,-0.677358318,-0.332132939
394,991268,1464320,1.166,0.038,-0.613,247.9,55.5,75.9,-10.2,-34.1,9.7,0.635486923,-0.170110172,-0.678090762,-0.327616199
395,992993,1464320,1.159,0.05,-0.624,254.4,56,77.4,-10.2,-34.1,9.7,0.63780633,-0.167332987,-0.678853725,-0.322977386
396,995330,1464320,1.163,0.058,-0.632,260.5,56.8,78.7,-10.2,-34.1,9.7,0.640125736,-0.164464248,-0.679586169,-0.318247017
397,998886,1464330,1.17,0.093,-0.647,265.9,57.9,79.9,-10.5,-33.4,10.8,0.64250618,-0.161534471,-0.680318613,-0.313394574
398,1001667,1464330,1.167,0.109,-0.655,270.3,59.1,80.7,-10.5,-33.4,10.8,0.644856105,-0.158543657,-0.681051057,-0.308450575
399,1002351,1464330,1.167,0.117,-0.659,274.1,60.4,81.5,-10.5,-33.4,10.8,0.647236549,-0.155491806,-0.681752983,-0.303415021
400,1006591,1464330,1.163,0.144,-0.67,277.2,61.6,82.2,-10.5,-33.4,10.8,0.649647511,-0.152378918,-0.68242439,-0.298348949
401,1008172,1464340,1.155,0.149,-0.678,279.5,62.6,83,-11.2,-32.2,12.4,0.652027955,-0.149235511,-0.683065279,-0.293191321
402,1010356,1464340,1.151,0.164,-0.681,280.9,63.2,83.9,-11.2,-32.2,12.4,0.654408399,-0.146092105,-0.683675649,-0.288033692
403,1012672,1464340,1.147,0.172,-0.677,281.4,63.4,84.8,-11.2,-32.2,12.4,0.656758324,-0.14291818,-0.684255501,-0.282815027
404,1015692,1464340,1.143,0.184,-0.673,281.2,63,85.6,-11.2,-32.2,12.4,0.659108249,-0.139774773,-0.684804834,-0.277565844
405,1017414,1464350,1.143,0.184,-0.673,281.2,63,85.6,-11.2,-32.2,12.4,0.659108249,-0.139774773,-0.684804834,-0.277565844
406,1019832,1464350,1.12,0.2,-0.673,278.9,59.9,86.4,-12.1,-31.5,13.4,0.66359447,-0.133610034,-0.685872982,-0.267097995
407,1022729,1464350,1.092,0.208,-0.664,276.4,57.2,86.6,-12.1,-31.5,13.4,0.665730766,-0.130558184,-0.686391797,-0.26187933
408,1026355,1464350,1.088,0.204,-0.664,272.9,53.8,86.6,-12.1,-31.5,13.4,0.667806024,-0.127597888,-0.686910611,-0.256660665
409,1027638,1464360,1.085,0.22,-0.668,268.6,49.7,86.5,-12.3,-30.5,13,0.669759209,-0.12469863,-0.687429426,-0.251503037
410,1029891,1464360,1.1,0.22,-0.672,263.7,45,86.1,-12.3,-30.5,13,0.671620838,-0.121890927,-0.687978759,-0.246406446
411,1034193,1464360,1.081,0.224,-0.676,258.7,40.1,85.6,-12.3,-30.5,13,0.673360393,-0.119144261,-0.688528092,-0.241370891
412,1036443,1464360,1.081,0.228,-0.683,254.1,35,85.3,-12.3,-30.5,13,0.674977874,-0.116519669,-0.689107944,-0.236396374
413,1038836,1464370,1.081,0.24,-0.687,250.3,30.5,85.1,-12.9,-29.7,16.2,0.6765038,-0.113956114,-0.689748833,-0.231452376
414,1041159,1464370,1.077,0.256,-0.699,246,23.2,85.4,-12.9,-29.7,16.2,0.677877132,-0.111484115,-0.69042024,-0.226538896
415,1042917,1464370,1.069,0.268,-0.702,245.6,20.8,85.6,-12.9,-29.7,16.2,0.679219947,-0.109042634,-0.691091647,-0.221625416
416,1046168,1464370,1.057,0.268,-0.71,246.5,19,85.5,-12.9,-29.7,16.2,0.680501724,-0.106540117,-0.691793573,-0.216681417
417,1047718,1464380,1.049,0.288,-0.713,248.8,17.6,84.6,-13.1,-28.5,17,0.681722465,-0.104068117,-0.692495499,-0.2117069
418,1051442,1464380,1.038,0.311,-0.705,252.5,16.6,83,-13.1,-28.5,17,0.682912687,-0.101504563,-0.693227943,-0.206701865
419,1053942,1464380,1.022,0.32,-0.716,257.5,15.9,80.6,-13.1,-28.5,17,0.68407239,-0.0988189337,-0.693960387,-0.201635792
420,1055563,1464380,1.018,0.343,-0.708,263.9,15.2,77.7,-13.1,-28.5,17,0.685201575,-0.0959807123,-0.694692831,-0.196508683
421,1057525,1464390,1.01,0.351,-0.712,271.6,14.9,74.3,-13.9,-27.7,18.1,0.686300241,-0.0929898984,-0.695486312,-0.191290017
422,1060032,1464390,0.983,0.386,-0.695,280.3,14.9,70.5,-13.9,-27.7,18.1,0.687398907,-0.0897854549,-0.696249275,-0.186010315
423,1063939,1464390,0.975,0.414,-0.691,289.5,15.3,66.2,-13.9,-27.7,18.1,0.688436537,-0.0863979003,-0.697073275,-0.180639058
424,1066073,1464390,0.971,0.437,-0.679,298.5,16.2,61.7,-13.9,-27.7,18.1,0.689474166,-0.0827661977,-0.697866756,-0.175206763
425,1068144,1464400,0.951,0.473,-0.674,306.8,17.6,56.8,-13.9,-26.2,19.2,0.690511795,-0.078951384,-0.698660237,-0.169713431
426,1071189,1464400,0.955,0.5,-0.67,313.5,19.6,51.5,-13.9,-26.2,19.2,0.691518906,-0.0749534593,-0.6994232,-0.164189581
427,1073514,1464400,0.955,0.524,-0.67,318.6,22.2,45.8,-13.9,-26.2,19.2,0.692526017,-0.070741905,-0.700125126,-0.158665731
428,1075537,1464400,0.955,0.539,-0.666,322.1,25.4,40.2,-13.9,-26.2,19.2,0.693533128,-0.0664082766,-0.700766015,-0.153172399
429,1078547,1464410,0.944,0.555,-0.661,324.1,29.3,35,-14.3,-25.1,18.2,0.694540239,-0.0619525742,-0.701345866,-0.147679067
430,1080045,1464410,0.943,0.575,-0.649,325,34,30.1,-14.3,-25.1,18.2,0.695608386,-0.0573747978,-0.701834162,-0.142338328
431,1083288,1464410,0.94,0.582,-0.645,324.8,39.6,25.5,-14.3,-25.1,18.2,0.696676534,-0.0527054659,-0.702169866,-0.137028108
432,1085486,1464410,0.943,0.578,-0.626,323.2,45.9,21.1,-14.3,-25.1,18.2,0.697775201,-0.0479750969,-0.702414014,-0.131778924
433,1088225,1464420,0.947,0.582,-0.602,320.7,52.6,16.8,-14.5,-23.5,21.2,0.698965423,-0.0431836909,-0.702475051,-0.126682333
434,1090311,1464420,0.959,0.589,-0.587,317.2,59.5,12.5,-14.5,-23.5,21.2,0.700186163,-0.0383617664,-0.702414014,-0.121677297
435,1093718,1464420,0.994,0.581,-0.584,313,65.9,8.8,-14.5,-23.5,21.2,0.70146794,-0.0335703604,-0.702230903,-0.116794336
436,1095296,1464420,1.009,0.576,-0.549,308.5,71.8,6.3,-14.5,-23.5,21.2,0.702810755,-0.0287484359,-0.701895199,-0.11200293
437,1097746,1464430,0.99,0.556,-0.521,303.9,76.9,5.9,-15,-22.4,22.1,0.704153569,-0.0239875484,-0.701437422,-0.107303079
438,1099856,1464430,0.997,0.556,-0.49,299.4,80.9,7.4,-15,-22.4,22.1,0.705557421,-0.019287698,-0.700888089,-0.102633747
439,1104259,1464430,1.103,0.57,-0.476,294.5,83.3,9.9,-15,-22.4,22.1,0.706961272,-0.0147404401,-0.700186163,-0.0980254524
440,1106655,1464430,1.314,0.623,-0.499,289.3,84.1,13,-15,-22.4,22.1,0.708365123,-0.0103152562,-0.699545274,-0.093447676
441,1109190,1464440,1.572,0.672,-0.565,284,85.3,18,-15.1,-21,22.8,0.709738456,-0.00601214637,-0.698782311,-0.0888393811
442,1111308,1464440,1.494,0.633,-0.525,279.5,90.9,28.7,-15.1,-21,22.8,0.711203345,-0.00195318461,-0.697897275,-0.0841395306
443,1112602,1464440,1.314,0.587,-0.452,276.3,103.1,46.4,-15.1,-21,22.8,0.712851344,0.00177007355,-0.69676809,-0.0791955321
444,1116088,1464440,1.329,0.563,-0.453,273.5,120.5,68.4,-15.1,-21,22.8,0.71477401,0.00521866512,-0.695364238,-0.073976867
445,1118172,1464450,1.185,0.509,-0.4,270.4,138.9,88.7,-15.9,-19.6,22.9,0.717001862,0.00830103458,-0.693624683,-0.0684530168
446,1120328,1464450,1.138,0.439,-0.396,266.1,154.3,102.7,-15.9,-19.6,22.9,0.719412824,0.011139256,-0.691610462,-0.0628070925
447,1122514,1464450,1.138,0.423,-0.369,260.8,164.9,108.3,-15.9,-19.6,22.9,0.721976379,0.0138248848,-0.689382611,-0.0571306497
448,1124905,1464450,1.024,0.373,-0.348,255.3,170.6,106.2,-15.9,-19.6,22.9,0.724570452,0.0164494766,-0.687032685,-0.0515457625
449,1127401,1464460,1.06,0.373,-0.345,250.4,172,98.3,-16.7,-18.5,22.3,0.727164525,0.0191351054,-0.684621723,-0.0461745048
450,1131752,1464460,1.036,0.298,-0.357,246.3,169.9,87.4,-16.7,-18.5,22.3,0.729667043,0.0219122898,-0.682180242,-0.0410473952
451,1133934,1464460,0.993,0.287,-0.325,243.5,165.1,75.6,-16.7,-18.5,22.3,0.732047487,0.0247810297,-0.679799799,-0.0361644337
452,1136362,1464460,0.973,0.267,-0.286,242.2,157.8,64.3,-16.7,-18.5,22.3,0.734305857,0.0278328806,-0.677480392,-0.0314340648
453,1138449,1464470,1.028,0.211,-0.264,242.3,147.7,53.2,-17.6,-16.9,23.4,0.736350597,0.0310068056,-0.675313578,-0.0269173254
454,1140759,1464470,0.965,0.148,-0.205,243.2,134.8,41.8,-17.6,-16.9,23.4,0.738181707,0.0344248787,-0.673299356,-0.022583697
455,1142621,1464470,0.864,0.062,-0.13,244.1,120.9,31.1,-17.6,-16.9,23.4,0.739799188,0.0379345073,-0.671498764,-0.0184026612
456,1147070,1464470,0.785,0.003,-0.078,244.5,107.4,22.3,-17.6,-16.9,23.4,0.741142003,0.0415967284,-0.669850764,-0.014374218
457,1149484,1464480,1.012,0.046,-0.019,243.3,94.4,15.3,-17.9,-16.1,24,0.742301706,0.0453505051,-0.668416395,-0.0104678488
458,1149857,1464480,1.148,0.064,-0.013,240,81.5,10.5,-17.9,-16.1,24,0.74324778,0.0491042817,-0.667134617,-0.00671407208
459,1153734,1464480,1.179,0.056,0.024,234.9,69.4,10.4,-17.9,-16.1,24,0.744010743,0.0527665029,-0.666066469,-0.00305185095
460,1156022,1464480,1.163,0.059,0.083,230.2,59.8,18.1,-17.9,-16.1,24,0.744590594,0.056245613,-0.665120396,0.00061037019
461,1157501,1464490,1.319,0.154,0.121,228.5,53,33.4,-17.9,-15.3,23.5,0.74507889,0.059480575,-0.664265877,0.00454725791
462,1162024,1464490,1.39,0.212,0.144,232.4,47.9,52.1,-17.9,-15.3,23.5,0.745445112,0.0624713889,-0.663533433,0.00881984924
463,1162357,1464490,1.448,0.266,0.167,244.1,44.1,69.9,-17.9,-15.3,23.5,0.745719779,0.0654316843,-0.662862026,0.0135502182
464,1166328,1464490,1.772,0.329,0.134,266,42,84.2,-17.9,-15.3,23.5,0.745933409,0.0685445723,-0.662190619,0.0187994018
465,1168085,1464500,1.772,0.329,0.134,266,42,84.2,-17.9,-15.3,23.5,0.745933409,0.0685445723,-0.662190619,0.0187994018
466,1170554,1464500,1.862,0.453,0.162,350.4,51.1,99.1,-18.3,-13.6,24.1,0.746147038,0.0762657552,-0.660603656,0.0315256203
467,1173952,1464500,1.952,0.481,0.059,415.3,69.7,100.1,-18.3,-13.6,24.1,0.746360668,0.0815454573,-0.659321879,0.0392468032
468,1175504,1464500,1.725,0.782,0.082,494.6,102.8,97.9,-18.3,-13.6,24.1,0.746818445,0.0881069369,-0.657368694,0.0481276894
469,1177940,1464510,1.518,0.934,0.072,585.9,151.3,93.1,-18.8,-10.9,23.8,0.747703482,0.0961638234,-0.65437788,0.0583513901
470,1181782,1464510,1.362,1.159,0.07,686.1,212.7,86.5,-18.8,-10.9,23.8,0.749107334,0.105838191,-0.650135807,0.0700094607
471,1183659,1464510,0.947,1.756,0.158,791.6,282.1,77.4,-18.8,-10.9,23.8,0.75103,0.117221595,-0.644398328,0.0831019013
472,1185896,1464510,0.848,2.059,0.191,897.3,354.2,65.6,-18.8,-10.9,23.8,0.753440962,0.130344554,-0.63698233,0.0977202673
473,1188721,1464520,0.718,2.443,0.343,994.8,424.3,50.8,-19.5,-7.3,24.6,0.756187628,0.145023957,-0.627857295,0.113559374
474,1190241,1464520,0.588,2.83,0.546,1073.2,490.2,34.7,-19.5,-7.3,24.6,0.759178442,0.160985137,-0.617023225,0.130344554
475,1192797,1464520,0.447,3.874,1.461,1121.3,552.4,17.8,-19.5,-7.3,24.6,0.762321848,0.177709281,-0.604510636,0.14761803
476,1194961,1464520,0.3,4.415,1.874,1129.2,613.1,-0.1,-19.5,-7.3,24.6,0.765739921,0.194433424,-0.590441603,0.16483047
477,1199245,1464530,-0.048,4.693,2.177,1088.7,671.8,-20.8,-20.9,-2.5,22.4,0.769554735,0.210394604,-0.574999237,0.181279946
478,1200627,1464530,-0.916,4.55,2.21,997,722.4,-42.8,-20.9,-2.5,22.4,0.773918882,0.224738304,-0.558519242,0.196325571
479,1202921,1464530,-1.183,4.213,1.874,857.2,755.6,-62.6,-20.9,-2.5,22.4,0.778954436,0.236671041,-0.541611988,0.209356975
480,1205171,1464530,-1.326,3.776,1.578,676.9,764,-75.7,-20.9,-2.5,22.4,0.784630879,0.245521409,-0.525009919,0.219946898
481,1207722,1464540,-1.387,3.261,1.447,464.7,742,-80.1,-23.3,-0.5,19.3,0.790887173,0.250801111,-0.509537034,0.227851192
482,1210100,1464540,-1.419,2.135,0.925,232.2,683.4,-76.6,-23.3,-0.5,19.3,0.79750969,0.252204962,-0.49610889,0.232825709
483,1213705,1464540,-1.297,1.642,0.678,-3,583,-67.7,-23.3,-0.5,19.3,0.804101688,0.249916074,-0.485580004,0.234778893
484,1215637,1464540,-1.135,1.169,0.423,-220.5,443.4,-57.7,-23.3,-0.5,19.3,0.810266427,0.244361705,-0.478560747,0.23383282
485,1217942,1464550,-0.695,0.464,-0.011,-399.7,278,-49,-24.7,-1.5,17,0.815485092,0.236396374,-0.475417341,0.230262154
486,1220167,1464550,-0.428,0.239,-0.14,-526.2,107.3,-42.3,-24.7,-1.5,17,0.819483016,0.226905118,-0.475905637,0.224585711
487,1223368,1464550,-0.139,0.114,-0.197,-595,-47.2,-36.6,-24.7,-1.5,17,0.822046571,0.216864528,-0.479445784,0.217505417
488,1225406,1464550,0.11,0.052,-0.187,-610.5,-168.6,-31.4,-24.7,-1.5,17,0.823236793,0.20700705,-0.485152745,0.209753716
489,1228585,1464560,0.441,0.037,0.006,-584.5,-247.7,-26.5,-25,-2.9,17.9,0.82329783,0.197912534,-0.492110965,0.201940977
490,1230901,1464560,0.515,0.039,0.11,-531.7,-284.6,-21.5,-25,-2.9,17.9,0.822565386,0.189825129,-0.499435408,0.194555498
491,1233028,1464560,0.569,0.068,0.196,-466,-287.8,-15.8,-25,-2.9,17.9,0.821375164,0.18283639,-0.506485183,0.188024537
492,1235171,1464560,0.569,0.137,0.345,-398.2,-269.6,-10.5,-25,-2.9,17.9,0.819971313,0.176915799,-0.512863552,0.182348094
493,1238221,1464570,0.514,0.168,0.397,-334.5,-242.1,-6.9,-24.6,-4.1,19.2,0.818536943,0.171971801,-0.518478957,0.177556688
494,1240482,1464570,0.471,0.2,0.41,-277.9,-214.5,-6.6,-24.6,-4.1,19.2,0.81716361,0.167912839,-0.523361919,0.173467208
495,1242754,1464570,0.428,0.22,0.407,-229.9,-191.8,-10,-24.6,-4.1,19.2,0.815851314,0.164647359,-0.527603992,0.169957579
496,1245583,1464570,0.342,0.288,0.382,-190.7,-175.5,-16.9,-24.6,-4.1,19.2,0.814539018,0.162114322,-0.531357768,0.166844691
497,1247899,1464580,0.314,0.328,0.376,-159.3,-164.9,-26.5,-24.2,-4.9,19.8,0.813287759,0.160161138,-0.534775842,0.163914914
498,1250199,1464580,0.314,0.34,0.356,-134.5,-158.6,-37.8,-24.2,-4.9,19.8,0.8120365,0.158787805,-0.537919248,0.16113773
499,1252625,1464580,0.326,0.379,0.341,-115.6,-155.1,-49.9,-24.2,-4.9,19.8,0.810785241,0.15787225,-0.540910062,0.158360546
500,1254892,1464580,0.377,0.465,0.36,-102.7,-153.6,-62.3,-24.2,-4.9,19.8,0.809533982,0.157322916,-0.543748283,0.155491806
501,1259291,1464590,0.416,0.511,0.364,-96.5,-153.3,-74.8,-23.5,-5.1,20.4,0.808282723,0.157017731,-0.546525468,0.152500992
502,1261665,1464590,0.451,0.546,0.38,-98.1,-153.8,-87,-23.5,-5.1,20.4,0.807061983,0.15683462,-0.549272134,0.14926603
503,1263851,1464590,0.556,0.58,0.394,-108.1,-155.3,-98,-23.5,-5.1,20.4,0.80590228,0.156620991,-0.552018799,0.145725883
504,1266052,1464590,0.634,0.591,0.381,-125.9,-158.2,-106.8,-23.5,-5.1,20.4,0.804742576,0.156193731,-0.554826502,0.141788995
505,1268344,1464600,0.716,0.586,0.368,-150.5,-163.1,-112.7,-22.9,-6,20.8,0.803613392,0.155430769,-0.557756279,0.137424848
506,1270438,1464600,0.716,0.586,0.368,-150.5,-163.1,-112.7,-22.9,-6,20.8,0.803613392,0.155430769,-0.557756279,0.137424848
507,1274253,1464600,1.002,0.521,0.291,-214.2,-178.6,-118.1,-22.9,-6,20.8,0.801355022,0.152378918,-0.564226203,0.127323222
508,1275874,1464600,1.084,0.481,0.281,-249.9,-188.4,-118.7,-22.9,-6,20.8,0.8001648,0.149998474,-0.567796869,0.121524705
509,1278004,1464610,1.155,0.417,0.256,-286.2,-199.1,-118.2,-22.3,-7.9,21.7,0.79894406,0.146977142,-0.571642201,0.11526841
510,1280190,1464610,1.279,0.333,0.284,-322.3,-210.6,-116.9,-22.3,-7.9,21.7,0.797601245,0.143345439,-0.575731681,0.108493301
511,1283115,1464610,1.314,0.308,0.338,-357.9,-223.4,-114.9,-22.3,-7.9,21.7,0.796166875,0.139072848,-0.58006531,0.101321451
512,1285598,1464610,1.346,0.273,0.325,-393.4,-238.6,-112.2,-22.3,-7.9,21.7,0.794518876,0.134189886,-0.584704123,0.0936613056
513,1287642,1464620,1.385,0.209,0.328,-428.9,-257.2,-108,-21.9,-9.3,21.8,0.792687765,0.128666036,-0.589709159,0.0855433821
514,1290683,1464620,1.506,0.032,0.265,-463.7,-279.2,-101.5,-21.9,-9.3,21.8,0.790520951,0.12244026,-0.595049898,0.0770592364
515,1292334,1464620,1.581,-0.034,0.219,-495.5,-303.6,-92.2,-21.9,-9.3,21.8,0.787987915,0.115604114,-0.600848415,0.0682088687
516,1295398,1464620,1.636,-0.175,0.193,-521.2,-328.2,-79.8,-21.9,-9.3,21.8,0.785058138,0.108157598,-0.607013153,0.0591753899
517,1297348,1464630,1.766,-0.421,-0.011,-537.5,-348.5,-65,-20.6,-12.1,22.4,0.781701102,0.100253304,-0.613452559,0.0500808741
518,1301411,1464630,1.798,-0.506,-0.157,-540.7,-358.1,-49.5,-20.6,-12.1,22.4,0.778069399,0.0920743431,-0.61998352,0.0412305063
519,1302846,1464630,1.822,-0.571,-0.295,-527.7,-350.5,-35.9,-20.6,-12.1,22.4,0.774346141,0.0839259011,-0.626270333,0.0327463607
520,1305590,1464630,1.815,-0.671,-0.382,-495.8,-321.7,-26.4,-20.6,-12.1,22.4,0.770805994,0.0761131626,-0.631946776,0.0249641408
521,1308522,1464640,1.698,-0.791,-0.437,-443.5,-271.2,-21.3,-19.3,-13.9,23,0.767784661,0.0690939055,-0.636677145,0.0180364391
522,1309821,1464640,1.439,-0.778,-0.307,-372.4,-202.9,-20.3,-19.3,-13.9,23,0.765495773,0.0632343516,-0.640186773,0.0122074038
523,1312552,1464640,1.161,-0.611,-0.202,-288,-126.2,-23.1,-19.3,-13.9,23,0.76412244,0.0587786493,-0.642323069,0.00762962737
524,1315313,1464640,0.989,-0.341,-0.008,-201.4,-55.6,-27.6,-19.3,-13.9,23,0.763603626,0.0558183538,-0.643238624,0.00427259133
525,1318084,1464650,0.98,-0.271,0.051,-126,-5.6,-30.4,-19.2,-14.9,22.7,0.763664663,0.0541398358,-0.643299661,0.00198370312
526,1320962,1464650,0.964,-0.209,0.115,-72,17.3,-27.3,-19.2,-14.9,22.7,0.764000366,0.0533158361,-0.642963958,0.000549333171
527,1322538,1464650,0.894,-0.169,0.14,-41.8,17.7,-17.1,-19.2,-14.9,22.7,0.764305551,0.0528580584,-0.642658773,-0.000274666585
528,1324844,1464650,0.753,-0.133,0.178,-31.5,5.4,-2.1,-19.2,-14.9,22.7,0.764397107,0.0523697623,-0.642567217,-0.000762962737
529,1327358,1464660,0.761,-0.094,0.194,-34.7,-10.6,12.3,-19.4,-15.7,22.3,0.764305551,0.0516067995,-0.642750328,-0.00103762932
530,1330249,1464660,0.753,-0.082,0.206,-46,-24.9,21.5,-19.4,-15.7,22.3,0.764000366,0.0505386517,-0.643208106,-0.00134281442
531,1333000,1464660,0.761,-0.055,0.199,-61.8,-34.9,22.8,-19.4,-15.7,22.3,0.763573107,0.0491958373,-0.643818476,-0.00189214759
532,1335853,1464660,0.776,-0.059,0.186,-80.2,-40.3,16.7,-19.4,-15.7,22.3,0.763084811,0.0476088748,-0.644489883,-0.00277718436
533,1338598,1464670,0.812,-0.067,0.174,-100,-41.8,6.1,-19,-15.7,23.1,0.762596515,0.0458693197,-0.645191809,-0.00411999878
534,1340005,1464670,0.843,-0.083,0.158,-119.7,-40.7,-5.9,-19,-15.7,23.1,0.762138737,0.0439466536,-0.645832698,-0.00595110935
535,1342938,1464670,0.867,-0.134,0.133,-137.7,-38.3,-16.7,-19,-15.7,23.1,0.761741997,0.041871395,-0.646443068,-0.00820947905
536,1345900,1464670,0.871,-0.165,0.129,-152.5,-35.7,-23.9,-19,-15.7,23.1,0.761375774,0.0396740623,-0.646992401,-0.0107730338
537,1347476,1464680,0.878,-0.188,0.124,-163.2,-33.7,-27,-19,-16.3,22.5,0.761009552,0.0373546556,-0.647480697,-0.0135807367
538,1351147,1464680,0.89,-0.208,0.116,-169.1,-33.3,-26.4,-19,-16.3,22.5,0.760673849,0.0348826563,-0.647968993,-0.0164189581
539,1352547,1464680,0.937,-0.232,0.115,-170.1,-34.8,-22.9,-19,-16.3,22.5,0.760307627,0.0323801386,-0.648457289,-0.019226661
540,1355607,1464680,0.961,-0.24,0.111,-166.2,-37.9,-16.9,-19,-16.3,22.5,0.759849849,0.0298471023,-0.649006623,-0.0219122898
541,1357785,1464690,0.98,-0.244,0.11,-157.7,-41.9,-8.8,-18.9,-17.3,22.3,0.759361553,0.0273445845,-0.649616993,-0.0242927335
542,1360906,1464690,1,-0.233,0.122,-145,-45.9,0.7,-18.9,-17.3,22.3,0.758781701,0.0249031037,-0.6502884,-0.0263679922
543,1363832,1464690,1.003,-0.229,0.126,-128.6,-49.6,10.9,-18.9,-17.3,22.3,0.758171331,0.022583697,-0.651051363,-0.0280465102
544,1365910,1464690,1.011,-0.218,0.126,-109.7,-52.7,20.1,-18.9,-17.3,22.3,0.757469405,0.0204474013,-0.651844844,-0.0292977691
545,1368871,1464700,1.011,-0.218,0.126,-109.7,-52.7,20.1,-18.9,-17.3,22.3,0.757469405,0.0204474013,-0.651844844,-0.0292977691
546,1370290,1464700,1.003,-0.096,0.155,-68.8,-57,29.9,-18.7,-17.5,22.3,0.755973998,0.0169682913,-0.653614917,-0.0306405835
547,1373432,1464700,1.007,-0.057,0.151,-49.5,-57.9,28.8,-18.7,-17.5,22.3,0.755180517,0.0156865139,-0.654560991,-0.0308847316
548,1374808,1464700,0.988,-0.041,0.148,-32.5,-57.5,24,-18.7,-17.5,22.3,0.754387036,0.0147709586,-0.655507065,-0.0310068056
549,1377981,1464710,0.96,0.052,0.153,-18.2,-55.4,15.5,-18.4,-17.9,22.2,0.753624073,0.0142216254,-0.656392102,-0.0310068056
550,1380181,1464710,0.98,0.119,0.146,-6.6,-51.4,4.2,-18.4,-17.9,22.2,0.752891629,0.0140079958,-0.657216102,-0.0310678426
551,1382580,1464710,0.972,0.178,0.135,2.5,-45.6,-9.5,-18.4,-17.9,22.2,0.752220222,0.0141605884,-0.657979064,-0.0311899167
552,1386150,1464710,0.964,0.245,0.14,9.5,-38,-24.8,-18.4,-17.9,22.2,0.75164037,0.0146488845,-0.658619953,-0.0314951018
553,1387764,1464720,0.948,0.347,0.157,14.7,-29.1,-39.8,-18,-17.8,22.2,0.751213111,0.0154423658,-0.659077731,-0.0319223609
554,1389925,1464720,0.952,0.429,0.181,18.3,-19,-53.5,-18,-17.8,22.2,0.750877407,0.0164799951,-0.659382916,-0.0325632496
555,1392734,1464720,0.94,0.499,0.206,19.4,-8.8,-64.4,-18,-17.8,22.2,0.750694296,0.0177007355,-0.659535508,-0.0333262123
556,1396090,1464720,0.901,0.489,0.171,16.8,0.5,-71.7,-18,-17.8,22.2,0.750663778,0.0190435499,-0.65950499,-0.0342722861
557,1398013,1464730,0.893,0.481,0.164,9.4,8,-75.5,-18.2,-18,22.4,0.750694296,0.0202642903,-0.659352397,-0.0353709525
558,1401191,1464730,0.932,0.535,0.191,-1.3,13.5,-77.5,-18.2,-18,22.4,0.750846889,0.0213629566,-0.659077731,-0.0366527299
559,1402629,1464730,0.952,0.554,0.199,-12.9,17.3,-79.2,-18.2,-18,22.4,0.75103,0.0223395489,-0.658742027,-0.0381176183
560,1405113,1464730,0.979,0.577,0.218,-24,19.8,-81.2,-18.2,-18,22.4,0.751243629,0.0231330302,-0.658375805,-0.0397961364
561,1408608,1464740,0.994,0.593,0.218,-34.9,20.9,-81.9,-17.9,-18.4,22.6,0.751487777,0.0237434004,-0.657948546,-0.0416272469
562,1410013,1464740,1.006,0.585,0.21,-47,20.4,-80.2,-17.9,-18.4,22.6,0.751731925,0.024140141,-0.657521287,-0.04361095
563,1413004,1464740,1.069,0.534,0.149,-61.5,18,-76,-17.9,-18.4,22.6,0.751976073,0.024262215,-0.657124546,-0.0456862087
564,1416165,1464740,1.073,0.471,0.117,-78.4,13.9,-69.6,-17.9,-18.4,22.6,0.752128666,0.0239875484,-0.656788842,-0.0479750969
565,1417527,1464750,1.069,0.421,0.085,-96.1,9.3,-62.6,-17.9,-18.7,22.1,0.75225074,0.0233161412,-0.656514176,-0.0503860591
566,1420528,1464750,1.066,0.39,0.073,-112,5.6,-57,-17.9,-18.7,22.1,0.752311777,0.0222785119,-0.656270028,-0.0529190954
567,1423561,1464750,1.07,0.355,0.053,-123.8,3.7,-54.4,-17.9,-18.7,22.1,0.752372814,0.0210577715,-0.65602588,-0.0556047243
568,1425106,1464750,1.074,0.343,0.041,-131.6,3.2,-55.6,-17.9,-18.7,22.1,0.752403333,0.0196539201,-0.655781732,-0.0583819086
569,1428010,1464760,1.085,0.331,0.037,-137.4,2.9,-60.1,-18.1,-19.5,21.5,0.752433851,0.0182805872,-0.655537584,-0.0613116855
570,1431285,1464760,1.109,0.3,0.028,-143.2,1.5,-66.2,-18.1,-19.5,21.5,0.752403333,0.0168462172,-0.655293435,-0.0644856105
571,1433351,1464760,1.117,0.28,0.02,-150.7,-1.3,-72.4,-18.1,-19.5,21.5,0.752342296,0.0154423658,-0.655049287,-0.0678121281
572,1436438,1464760,1.121,0.253,0.016,-160.1,-5.9,-77.3,-18.1,-19.5,21.5,0.752189703,0.0139164403,-0.654896695,-0.0713827937
573,1437980,1464770,1.136,0.221,-0.007,-170.9,-11.7,-80.9,-17.6,-20,21.3,0.751945555,0.0122379223,-0.654774621,-0.0751670888
574,1440128,1464770,1.175,0.174,0.006,-181.9,-18.2,-83.1,-17.6,-20,21.3,0.751579333,0.0104068117,-0.654744102,-0.0791344951
575,1442455,1464770,1.191,0.134,0.005,-191.8,-24.5,-84.1,-17.6,-20,21.3,0.751121555,0.00842310862,-0.654805139,-0.0832544939
576,1445395,1464770,1.179,0.103,0.021,-199.9,-29.7,-83.4,-17.6,-20,21.3,0.750572222,0.00628681295,-0.654896695,-0.0874660482
577,1447512,1464780,1.175,0.059,0.028,-206.2,-33.4,-80.2,-17.8,-21.4,20.9,0.749961852,0.00399792474,-0.655049287,-0.0917386395
578,1450897,1464780,1.156,-0.006,0.047,-210.7,-35.6,-74.8,-17.8,-21.4,20.9,0.749320963,0.00155644398,-0.655171361,-0.0959807123
579,1452349,1464780,1.136,-0.03,0.043,-213.3,-36.5,-67.9,-17.8,-21.4,20.9,0.748649556,-0.00100711081,-0.655323954,-0.10013123
580,1455223,1464780,1.113,-0.069,0.059,-213.4,-36.3,-60.7,-17.8,-21.4,20.9,0.747978149,-0.00372325816,-0.655446028,-0.104190191
581,1458095,1464790,1.062,-0.107,0.067,-210.4,-35.4,-53.8,-16.9,-22.2,20.3,0.74733726,-0.0064394055,-0.655537584,-0.108066042
582,1460925,1464790,1.031,-0.123,0.072,-203.7,-33.6,-47.7,-16.9,-22.2,20.3,0.746696371,-0.00918607135,-0.655598621,-0.111758782
583,1462322,1464790,1,-0.138,0.068,-193.8,-31.2,-42.3,-16.9,-22.2,20.3,0.74611652,-0.0118106632,-0.655659658,-0.115207373
584,1465288,1464790,0.945,-0.138,0.073,-181.3,-28.5,-37.7,-16.9,-22.2,20.3,0.745536668,-0.0142826624,-0.655659658,-0.118411817
585,1468085,1464800,0.945,-0.138,0.073,-181.3,-28.5,-37.7,-16.9,-22.2,20.3,0.745536668,-0.0142826624,-0.655659658,-0.118411817
586,1469958,1464800,0.839,-0.054,0.107,-152.1,-23.4,-31,-16.8,-23.3,19.7,0.744560076,-0.019348735,-0.655720695,-0.123416852
587,1473552,1464800,0.828,-0.023,0.104,-138,-22.8,-28.6,-16.8,-23.3,19.7,0.744102298,-0.0212408826,-0.655720695,-0.125858333
588,1474934,1464800,0.828,0.02,0.1,-125.4,-24.2,-26.4,-16.8,-23.3,19.7,0.743614002,-0.0229499191,-0.655781732,-0.128055666
589,1477955,1464810,0.827,0.043,0.105,-114.7,-27.1,-24.2,-16.9,-24,19.2,0.743095187,-0.0245368816,-0.655934324,-0.130100406
590,1480954,1464810,0.831,0.066,0.109,-105.4,-30.2,-21.9,-16.9,-24,19.2,0.742545854,-0.0260017701,-0.656117435,-0.131931516
591,1482564,1464810,0.835,0.086,0.109,-96.8,-32.8,-19.7,-16.9,-24,19.2,0.741966002,-0.02743614,-0.656392102,-0.133610034
592,1485564,1464810,0.831,0.141,0.114,-88.3,-34.4,-17.6,-16.9,-24,19.2,0.741355632,-0.0286873989,-0.656697287,-0.135166478
593,1487373,1464820,0.823,0.153,0.118,-79.8,-34.9,-15.9,-16.6,-24.1,18.4,0.740745262,-0.0298776208,-0.657032991,-0.136539811
594,1491068,1464820,0.827,0.18,0.11,-71.5,-34.9,-14.4,-16.6,-24.1,18.4,0.74016541,-0.0308847316,-0.657399213,-0.137760552
595,1492659,1464820,0.831,0.231,0.122,-63.6,-34.3,-13.1,-16.6,-24.1,18.4,0.739585559,-0.0318613239,-0.657765435,-0.138859218
596,1495629,1464820,0.827,0.251,0.119,-56.2,-33.4,-12.1,-16.6,-24.1,18.4,0.739036225,-0.0326853236,-0.658131657,-0.13983581
597,1497582,1464830,0.827,0.27,0.119,-49.5,-32.2,-11.3,-16.2,-24.8,18.9,0.738517411,-0.0334177679,-0.658528397,-0.140720847
598,1501015,1464830,0.827,0.282,0.115,-44.2,-31,-10.8,-16.2,-24.8,18.9,0.737998596,-0.0340891751,-0.65889462,-0.141514328
599,1502467,1464830,0.819,0.318,0.12,-40.4,-29.9,-10.9,-16.2,-24.8,18.9,0.7375103,-0.0346690268,-0.659260842,-0.142246773
600,1507024,1464830,0.827,0.333,0.116,-37.9,-29.2,-11.9,-16.2,-24.8,18.9,0.737022004,-0.0351878414,-0.659627064,-0.142948698
601,1509397,1464840,0.827,0.349,0.108,-36.7,-28.9,-13.8,-16.5,-24.6,18.6,0.736533708,-0.0356761376,-0.659962767,-0.143681143
602,1511559,1464840,0.839,0.365,0.104,-36.7,-29.2,-16.8,-16.5,-24.6,18.6,0.736014893,-0.0361339152,-0.660359508,-0.144474624
603,1513822,1464840,0.851,0.369,0.096,-38.2,-29.9,-20,-16.5,-24.6,18.6,0.735496078,-0.0365306558,-0.66072573,-0.145329142
604,1516054,1464840,0.862,0.368,0.092,-40.9,-31,-23.2,-16.5,-24.6,18.6,0.734946745,-0.036957915,-0.661091952,-0.146244697
605,1518184,1464850,0.862,0.368,0.092,-40.9,-31,-23.2,-16.5,-24.6,18.6,0.734946745,-0.036957915,-0.661091952,-0.146244697
606,1520135,1464850,0.878,0.365,0.076,-48.2,-33.3,-28,-16,-25.7,18.4,0.733664968,-0.0374767296,-0.661946471,-0.148747215
607,1524346,1464850,0.882,0.368,0.08,-51.8,-34.2,-29,-16,-25.7,18.4,0.733024079,-0.0379955443,-0.662343211,-0.149937437
608,1526413,1464850,0.886,0.361,0.072,-55.2,-35.2,-29.2,-16,-25.7,18.4,0.73238319,-0.038575396,-0.662739952,-0.151188696
609,1528065,1464860,0.905,0.361,0.056,-58.4,-36.2,-28.6,-16.7,-25.1,18.9,0.731711783,-0.0392162847,-0.663167211,-0.152439955
610,1530220,1464860,0.909,0.361,0.06,-61.5,-37.5,-27.2,-16.7,-25.1,18.9,0.731009857,-0.0399182104,-0.663563952,-0.153752251
611,1532846,1464860,0.909,0.357,0.06,-64.7,-38.7,-25.2,-16.7,-25.1,18.9,0.730307932,-0.0407116916,-0.663991211,-0.155064547
612,1534926,1464860,0.921,0.352,0.064,-67.9,-40.1,-23.2,-16.7,-25.1,18.9,0.729606006,-0.0415967284,-0.66441847,-0.156376843
613,1537353,1464870,0.929,0.353,0.056,-71.2,-41.4,-21.3,-15.3,-25.4,18.6,0.728843043,-0.0425733207,-0.664876247,-0.157719657
614,1541824,1464870,0.937,0.349,0.048,-74.7,-42.9,-19.6,-15.3,-25.4,18.6,0.728080081,-0.04361095,-0.665303507,-0.159062471
615,1544033,1464870,0.949,0.349,0.04,-78.6,-44.2,-18.4,-15.3,-25.4,18.6,0.727317118,-0.0447096164,-0.665761284,-0.160466323
616,1546302,1464870,0.96,0.348,0.043,-82.6,-45.4,-17.6,-15.3,-25.4,18.6,0.726493118,-0.0459303568,-0.666188543,-0.161900693
617,1548314,1464880,0.972,0.337,0.039,-86.4,-46,-17.1,-15.4,-25.8,17.9,0.725699637,-0.0472426527,-0.666646321,-0.163365581
618,1551509,1464880,0.98,0.333,0.031,-89.7,-46,-16.9,-15.4,-25.8,17.9,0.724875637,-0.0485854671,-0.66707358,-0.164891507
619,1553772,1464880,0.992,0.332,0.035,-92.5,-45.2,-16.7,-15.4,-25.8,17.9,0.724051637,-0.0499588,-0.667470321,-0.166478469
620,1555737,1464880,1.003,0.328,0.031,-94.5,-43.5,-16.9,-15.4,-25.8,17.9,0.723258156,-0.0513626514,-0.667836543,-0.168065432
621,1557974,1464890,1.007,0.324,0.03,-96,-41.3,-17.6,-14.7,-26.3,17.9,0.722464675,-0.0527665029,-0.668141728,-0.169682913
622,1560340,1464890,1.015,0.324,0.026,-96.8,-38.8,-18.5,-14.7,-26.3,17.9,0.721732231,-0.0541703543,-0.668416395,-0.171361431
623,1563793,1464890,1.023,0.324,0.026,-97.3,-36.2,-19.6,-14.7,-26.3,17.9,0.720999786,-0.0555742058,-0.668630024,-0.173039949
624,1566732,1464890,1.031,0.328,0.03,-97.3,-34,-20.7,-14.7,-26.3,17.9,0.720297861,-0.0569170202,-0.668843654,-0.174748985
625,1569120,1464900,1.031,0.328,0.03,-97.3,-34,-20.7,-14.7,-26.3,17.9,0.720297861,-0.0569170202,-0.668843654,-0.174748985
626,1571322,1464900,1.042,0.336,0.026,-96.8,-29.9,-23.1,-14.9,-27.2,17.2,0.718802454,-0.0592669454,-0.669270913,-0.178441725
627,1573649,1464900,1.038,0.332,0.034,-96.6,-28.2,-24.5,-14.9,-27.2,17.2,0.718161565,-0.0605182043,-0.669362468,-0.18018128
628,1575250,1464900,1.031,0.336,0.034,-96.6,-27,-25.7,-14.9,-27.2,17.2,0.717520676,-0.0617694632,-0.669454024,-0.181981872
629,1577845,1464910,1.015,0.336,0.034,-96.8,-26.3,-27.1,-15.3,-27.2,17.4,0.716910306,-0.0629902036,-0.669515061,-0.183782464
630,1580098,1464910,1.007,0.34,0.035,-97.4,-26.1,-28.7,-15.3,-27.2,17.4,0.716269417,-0.0642109439,-0.669576098,-0.185613575
631,1584455,1464910,0.995,0.34,0.031,-98.1,-26.6,-30.7,-15.3,-27.2,17.4,0.715628529,-0.0654011658,-0.669637135,-0.187505722
632,1584873,1464910,0.988,0.348,0.035,-99,-27.9,-33.1,-15.3,-27.2,17.4,0.714926603,-0.0665608692,-0.669698172,-0.189428388
633,1588714,1464920,0.995,0.348,0.031,-99.9,-29.9,-35.9,-14.4,-27.3,17,0.714194159,-0.0677205725,-0.669820246,-0.191381573
634,1590259,1464920,0.976,0.356,0.035,-100.6,-32.2,-38.2,-14.4,-27.3,17,0.713431196,-0.0688802759,-0.66994232,-0.193395795
635,1592664,1464920,0.976,0.356,0.031,-101.2,-34.7,-39.9,-14.4,-27.3,17,0.712576678,-0.0700094607,-0.670125431,-0.195471053
636,1596855,1464920,0.964,0.356,0.032,-101.9,-37.1,-40.5,-14.4,-27.3,17,0.711722159,-0.0711691641,-0.670308542,-0.197485275
637,1598998,1464930,0.949,0.361,0.024,-102.7,-39.2,-40.1,-14,-27.4,17.1,0.710806604,-0.072359386,-0.67055269,-0.199591052
638,1601156,1464930,0.921,0.357,0.017,-103.8,-40.7,-39.1,-14,-27.4,17.1,0.70986053,-0.0735496078,-0.670796838,-0.201635792
639,1602578,1464930,0.898,0.35,0.009,-105.1,-41.4,-38,-14,-27.4,17.1,0.708944975,-0.0748008667,-0.671010468,-0.203711051
640,1605463,1464930,0.89,0.346,-0.001,-106.8,-41.4,-37,-14,-27.4,17.1,0.707968383,-0.0761131626,-0.671254616,-0.205786309
641,1608601,1464940,0.871,0.331,-0.029,-108.8,-40.6,-36.5,-13.7,-28.4,16.9,0.707052828,-0.0774254585,-0.671437727,-0.207861568
642,1610238,1464940,0.855,0.327,-0.04,-111.2,-39.1,-36.5,-13.7,-28.4,16.9,0.706106754,-0.0787987915,-0.67159032,-0.209997864
643,1612964,1464940,0.84,0.312,-0.048,-114,-36.8,-37.1,-13.7,-28.4,16.9,0.705191198,-0.0801721244,-0.671712394,-0.212134159
644,1616240,1464940,0.832,0.312,-0.06,-116.9,-33.9,-38.3,-13.7,-28.4,16.9,0.704306162,-0.0815759758,-0.671742912,-0.214423048
645,1617558,1464950,0.832,0.312,-0.06,-116.9,-33.9,-38.3,-13.7,-28.4,16.9,0.704306162,-0.0815759758,-0.671742912,-0.214423048
646,1620576,1464950,0.824,0.289,-0.103,-124.1,-27.2,-42.5,-13.5,-28.7,15.9,0.702383496,-0.0840784936,-0.671895505,-0.219367046
647,1623520,1464950,0.816,0.29,-0.114,-128.7,-24.3,-45.4,-13.5,-28.7,15.9,0.701559496,-0.0855433821,-0.671712394,-0.221900082
648,1625620,1464950,0.82,0.278,-0.13,-134.2,-22.2,-48.7,-13.5,-28.7,15.9,0.700735496,-0.086977752,-0.671498764,-0.224585711
649,1627736,1464960,0.844,0.27,-0.15,-140.4,-21.1,-52.1,-14.3,-29.5,15.3,0.699911496,-0.088473159,-0.671224097,-0.227393414
650,1630946,1464960,0.852,0.27,-0.158,-147.3,-21.3,-55.6,-14.3,-29.5,15.3,0.69902646,-0.090029603,-0.670918912,-0.23035371
651,1634043,1464960,0.867,0.266,-0.166,-154.9,-23.1,-59.2,-14.3,-29.5,15.3,0.698080386,-0.0916165654,-0.670613727,-0.233466597
652,1636175,1464960,0.891,0.251,-0.183,-163.1,-26.4,-62.7,-14.3,-29.5,15.3,0.697042756,-0.093325602,-0.670308542,-0.236762597
653,1637577,1464970,0.914,0.238,-0.175,-171.7,-31.2,-65.6,-12.6,-29.9,14.6,0.695883053,-0.0951567125,-0.670033876,-0.240211188
654,1640539,1464970,0.942,0.234,-0.176,-180.6,-37.3,-68.2,-12.6,-29.9,14.6,0.694601276,-0.0970793786,-0.669789727,-0.243812372
655,1643609,1464970,0.993,0.226,-0.193,-189.8,-44.9,-70.5,-12.6,-29.9,14.6,0.693166906,-0.0991851558,-0.669606616,-0.247566149
656,1645093,1464970,1.047,0.202,-0.202,-199.1,-53.6,-72.5,-12.6,-29.9,14.6,0.691549425,-0.101413007,-0.669484542,-0.251442
657,1648039,1464980,1.082,0.185,-0.187,-208.1,-62.6,-73.8,-12,-30.5,13.7,0.689748833,-0.103823969,-0.669423505,-0.255439924
658,1650320,1464980,1.129,0.169,-0.18,-216,-71.4,-74,-12,-30.5,13.7,0.687795648,-0.106387524,-0.669454024,-0.259559923
659,1653481,1464980,1.207,0.137,-0.17,-222.3,-79.3,-73.1,-12,-30.5,13.7,0.685720389,-0.109103671,-0.669545579,-0.26371044
660,1655543,1464980,1.254,0.132,-0.167,-226.9,-86.3,-71.4,-12,-30.5,13.7,0.683492538,-0.111911374,-0.669698172,-0.267891476
661,1657740,1464990,1.27,0.108,-0.156,-229.7,-91.9,-68.9,-11,-31.8,12.9,0.681173132,-0.114902188,-0.669881283,-0.272041993
662,1660986,1464990,1.282,0.08,-0.145,-230.2,-95.7,-65.6,-11,-31.8,12.9,0.678792688,-0.117923521,-0.670094913,-0.276131474
663,1663175,1464990,1.328,0.048,-0.122,-228,-97.6,-61.6,-11,-31.8,12.9,0.676381726,-0.120975372,-0.670308542,-0.280129398
664,1665303,1464990,1.348,0.044,-0.107,-222.6,-97.7,-57.6,-11,-31.8,12.9,0.674001282,-0.124027223,-0.67055269,-0.283974731
665,1668552,1465000,1.348,0.044,-0.107,-222.6,-97.7,-57.6,-11,-31.8,12.9,0.674001282,-0.124027223,-0.67055269,-0.283974731
666,1669914,1465000,1.418,0.039,-0.101,-202.6,-92.5,-50.4,-10.8,-32.1,12.3,0.669454024,-0.129795221,-0.670979949,-0.291085543
667,1672974,1465000,1.418,0.046,-0.089,-189.1,-86.9,-47,-10.8,-32.1,12.3,0.667317728,-0.132419813,-0.671193579,-0.294289987
668,1675150,1465000,1.41,0.074,-0.065,-174,-79,-43.1,-10.8,-32.1,12.3,0.665395062,-0.134830775,-0.671346171,-0.297250282
669,1678219,1465010,1.375,0.105,-0.029,-157.7,-69.1,-38.5,-12,-32.9,11.5,0.663655507,-0.136997589,-0.671407208,-0.299905393
670,1680452,1465010,1.23,0.145,0.013,-142.1,-58,-33,-12,-32.9,11.5,0.6621601,-0.138950774,-0.671437727,-0.302285836
671,1682569,1465010,1.187,0.162,0.006,-129.1,-47.5,-27.1,-12,-32.9,11.5,0.660878323,-0.140720847,-0.671346171,-0.304422132
672,1685612,1465010,1.168,0.193,0,-120.3,-39.2,-22.2,-12,-32.9,11.5,0.659779656,-0.142399365,-0.67116306,-0.306375317
673,1687820,1465020,1.148,0.229,-0.031,-115.2,-34.3,-19.4,-9.9,-33.1,11.2,0.658803064,-0.144016846,-0.670949431,-0.308236946
674,1690677,1465020,1.133,0.253,-0.042,-112.4,-32.5,-19.3,-9.9,-33.1,11.2,0.657826472,-0.145542772,-0.670735801,-0.310068056
675,1692349,1465020,1.121,0.269,-0.057,-109.8,-32.4,-21,-9.9,-33.1,11.2,0.656880398,-0.147038179,-0.670522172,-0.311868648
676,1695252,1465020,1.109,0.285,-0.061,-106.3,-33,-23.5,-9.9,-33.1,11.2,0.655873287,-0.14844203,-0.670339061,-0.31366924
677,1698211,1465030,1.086,0.337,-0.068,-101.3,-33.5,-25.7,-9.6,-33.1,10.6,0.654896695,-0.149754326,-0.670216987,-0.315408795
678,1700483,1465030,1.07,0.345,-0.067,-95.1,-33.8,-27,-9.6,-33.1,10.6,0.653889584,-0.150944548,-0.670125431,-0.317056795
679,1703508,1465030,1.066,0.368,-0.071,-88.1,-34,-27.2,-9.6,-33.1,10.6,0.652912992,-0.152043214,-0.670094913,-0.318643757
680,1704913,1465030,1.039,0.423,-0.046,-81.3,-34.3,-26.4,-9.6,-33.1,10.6,0.651966918,-0.153050325,-0.670094913,-0.320078127
681,1707954,1465040,1.031,0.423,-0.05,-75.4,-34.7,-25,-9.5,-33.9,9.9,0.651020844,-0.153996399,-0.67015595,-0.321420942
682,1710677,1465040,1.011,0.401,-0.073,-71.3,-35.3,-23.5,-9.5,-33.9,9.9,0.650105289,-0.154911954,-0.670216987,-0.322672201
683,1713849,1465040,1.015,0.44,-0.061,-69.4,-35.9,-22.7,-9.5,-33.9,9.9,0.649159215,-0.155827509,-0.670308542,-0.323892941
684,1715213,1465040,1.011,0.447,-0.053,-68.9,-36.1,-23.3,-9.5,-33.9,9.9,0.64824366,-0.156712546,-0.670430616,-0.325113681
685,1718482,1465050,1.011,0.447,-0.053,-68.9,-36.1,-23.3,-9.5,-33.9,9.9,0.64824366,-0.156712546,-0.670430616,-0.325113681
686,1719977,1465050,1.027,0.502,-0.029,-69,-33.7,-29.7,-9.7,-34,10.3,0.646351512,-0.158330027,-0.670613727,-0.327677236
687,1722749,1465050,1.015,0.517,-0.017,-70.4,-31.2,-33.5,-9.7,-34,10.3,0.645405438,-0.159062471,-0.670674764,-0.329081088
688,1725977,1465050,1.011,0.51,-0.021,-74.1,-28.6,-35.9,-9.7,-34,10.3,0.644489883,-0.159794916,-0.670644246,-0.330545976
689,1729050,1465060,1.007,0.506,-0.021,-80.9,-26.2,-36.5,-10.9,-34.3,9.7,0.643543809,-0.160588397,-0.67055269,-0.332163457
690,1731153,1465060,1.011,0.486,-0.029,-90.1,-24,-35.6,-10.9,-34.3,9.7,0.642628254,-0.161503952,-0.670369579,-0.333903012
691,1732548,1465060,1.011,0.439,-0.045,-100.8,-22.1,-34.1,-10.9,-34.3,9.7,0.64168218,-0.1625721,-0.670064394,-0.33579516
692,1735606,1465060,1.007,0.408,-0.061,-111.8,-20.4,-33,-10.9,-34.3,9.7,0.640766625,-0.16379284,-0.669637135,-0.337809381
693,1738050,1465070,1.004,0.377,-0.07,-121.8,-18.5,-32.8,-8.8,-34.5,9,0.639790033,-0.165166173,-0.66911832,-0.339976196
694,1740224,1465070,1,0.354,-0.078,-130,-16.1,-34,-8.8,-34.5,9,0.638843959,-0.166600543,-0.66850795,-0.342265084
695,1743516,1465070,1,0.314,-0.082,-136,-13.2,-36.3,-8.8,-34.5,9,0.637867367,-0.168065432,-0.667806024,-0.344737083
696,1745654,1465070,0.996,0.291,-0.082,-140.3,-10.1,-39.6,-8.8,-34.5,9,0.636921293,-0.16953032,-0.667043062,-0.347300638
697,1747773,1465080,0.996,0.287,-0.082,-143.6,-6.9,-43.3,-8.2,-34.5,8.5,0.6359447,-0.170934172,-0.666188543,-0.349955748
698,1751041,1465080,0.992,0.26,-0.083,-146.6,-3.8,-46.8,-8.2,-34.5,8.5,0.634998627,-0.172307505,-0.665303507,-0.352732933
699,1753150,1465080,0.992,0.244,-0.098,-149.8,-1.2,-49.7,-8.2,-34.5,8.5,0.634022034,-0.173680837,-0.664357433,-0.355571154
700,1755403,1465080,0.988,0.225,-0.106,-153.4,0.4,-51.7,-8.2,-34.5,8.5,0.633045442,-0.175023652,-0.663350322,-0.358531449
701,1758446,1465090,0.988,0.209,-0.114,-157,1.3,-53,-8.4,-34.9,7.4,0.632038331,-0.176427503,-0.662282174,-0.361522263
702,1759891,1465090,0.992,0.193,-0.107,-160,1.1,-53.8,-8.4,-34.9,7.4,0.631000702,-0.177861873,-0.661214026,-0.364574114
703,1762868,1465090,0.984,0.185,-0.083,-161.9,0.1,-54.2,-8.4,-34.9,7.4,0.629963073,-0.179296243,-0.660145878,-0.367656484
704,1766093,1465090,0.992,0.177,-0.084,-162.6,-1.4,-54.4,-8.4,-34.9,7.4,0.628864406,-0.180761132,-0.659047212,-0.370738853
705,1767510,1465100,0.992,0.177,-0.084,-162.6,-1.4,-54.4,-8.4,-34.9,7.4,0.628864406,-0.180761132,-0.659047212,-0.370738853
706,1771626,1465100,1.008,0.161,-0.068,-163.2,-7,-54.2,-8,-35.5,7,0.626270333,-0.184087649,-0.657307657,-0.37653737
707,1773795,1465100,1.027,0.157,-0.057,-164,-10.8,-53.4,-8,-35.5,7,0.625019074,-0.185644093,-0.656331065,-0.379558702
708,1776074,1465100,1.043,0.149,-0.046,-165,-14.7,-52,-8,-35.5,7,0.623706778,-0.187261574,-0.655354472,-0.382580035
709,1778144,1465110,1.058,0.129,-0.034,-165.7,-18.6,-50.2,-9.5,-36,5.5,0.622333445,-0.188970611,-0.654438917,-0.38554033
710,1780306,1465110,1.07,0.12,-0.023,-165.7,-22,-48,-9.5,-36,5.5,0.620929594,-0.190710166,-0.653523362,-0.388470107
711,1782837,1465110,1.082,0.112,-0.019,-164.8,-24.6,-45.7,-9.5,-36,5.5,0.619495224,-0.192510758,-0.652638325,-0.391338847
712,1785168,1465110,1.121,0.108,-0.016,-162.6,-26.5,-43.7,-9.5,-36,5.5,0.618060854,-0.19431135,-0.651814325,-0.39414655
713,1789417,1465120,1.14,0.1,-0.025,-159.3,-27.7,-42.1,-7.2,-36.6,4.9,0.616626484,-0.196081423,-0.650990326,-0.396832179
714,1791675,1465120,1.148,0.096,-0.029,-154.9,-28.1,-40.8,-7.2,-36.6,4.9,0.615192114,-0.197851497,-0.650196844,-0.399487289
715,1793885,1465120,1.16,0.1,-0.041,-149.4,-27.4,-39.5,-7.2,-36.6,4.9,0.613818781,-0.199530015,-0.649403363,-0.401989807
716,1796233,1465120,1.176,0.1,-0.056,-142.9,-25.3,-38.4,-7.2,-36.6,4.9,0.612506485,-0.201116977,-0.648670919,-0.404431288
717,1798121,1465130,1.176,0.108,-0.056,-135.7,-21.9,-37.4,-7.3,-36.5,4.1,0.611255226,-0.202581866,-0.647938475,-0.406720176
718,1800205,1465130,1.176,0.12,-0.076,-127.9,-17.3,-36.7,-7.3,-36.5,4.1,0.610126041,-0.20392468,-0.647175512,-0.408978545
719,1804467,1465130,1.176,0.16,-0.103,-119.8,-11.9,-36,-7.3,-36.5,4.1,0.609088412,-0.205114902,-0.646443068,-0.411084323
720,1804903,1465130,1.16,0.179,-0.11,-111.9,-5.9,-35.4,-7.3,-36.5,4.1,0.608203375,-0.206152532,-0.645649586,-0.413129063
721,1807442,1465140,1.117,0.188,-0.105,-104.7,0.8,-34.6,-6.7,-36.7,3.3,0.607409894,-0.207068087,-0.644856105,-0.415051729
722,1811054,1465140,1.059,0.196,-0.092,-99.2,8.4,-33.7,-6.7,-36.7,3.3,0.606769005,-0.20783105,-0.644001587,-0.416943876
723,1813048,1465140,1.004,0.22,-0.099,-96,16.2,-33.3,-6.7,-36.7,3.3,0.606280709,-0.208471938,-0.643055513,-0.418805506
724,1815318,1465140,1.004,0.22,-0.099,-96,16.2,-33.3,-6.7,-36.7,3.3,0.606280709,-0.208471938,-0.643055513,-0.418805506
725,1818387,1465150,1,0.229,-0.11,-95.4,23.1,-34.2,-6.7,-36.7,3.3,0.60585345,-0.20905179,-0.642048402,-0.420697653
726,1821135,1465150,0.985,0.229,-0.126,-98.9,30,-40.9,-7.1,-37.2,2.9,0.604876858,-0.210180975,-0.640034181,-0.424512467
727,1822532,1465150,0.981,0.225,-0.126,-100.5,30.4,-45.1,-7.1,-37.2,2.9,0.60441908,-0.210638752,-0.638904996,-0.426648762
728,1825573,1465150,0.965,0.221,-0.126,-100.5,29.7,-48.2,-7.1,-37.2,2.9,0.603930784,-0.211004975,-0.63780633,-0.428846095
729,1827959,1465160,0.973,0.209,-0.126,-98.9,28.4,-49.9,-8.5,-37.1,2.2,0.603411969,-0.211371197,-0.636738182,-0.430982391
730,1831057,1465160,0.965,0.214,-0.134,-96.3,26.6,-50,-8.5,-37.1,2.2,0.602862636,-0.211676382,-0.635700552,-0.433118686
731,1832458,1465160,0.969,0.21,-0.134,-93.7,24.6,-48.8,-8.5,-37.1,2.2,0.602313303,-0.212012085,-0.63472396,-0.435163427
732,1836402,1465160,0.981,0.194,-0.126,-92.3,22.4,-46.9,-8.5,-37.1,2.2,0.601733451,-0.212347789,-0.633747368,-0.437177648
733,1837737,1465170,0.992,0.181,-0.107,-92.4,20.2,-44.7,-6.3,-37.3,1.9,0.6011536,-0.21274453,-0.632801294,-0.439130833
734,1840908,1465170,1.004,0.169,-0.1,-93.6,18.2,-42.8,-6.3,-37.3,1.9,0.600573748,-0.213202307,-0.631885739,-0.441053499
735,1842615,1465170,1.016,0.169,-0.092,-95.2,16.1,-41.3,-6.3,-37.3,1.9,0.599932859,-0.213721122,-0.630939665,-0.443006684
736,1846693,1465170,1.02,0.153,-0.084,-96.6,14.2,-40,-6.3,-37.3,1.9,0.599291971,-0.214300974,-0.629993591,-0.44492935
737,1849630,1465180,1.019,0.137,-0.061,-97.4,12.2,-38.7,-6,-37.5,1.5,0.598620563,-0.214941862,-0.629078036,-0.446821497
738,1850020,1465180,1.031,0.133,-0.057,-97.8,10.4,-36.9,-6,-37.5,1.5,0.597949156,-0.215613269,-0.628162481,-0.448683126
739,1852451,1465180,1.031,0.125,-0.05,-97.8,8.8,-34.8,-6,-37.5,1.5,0.597277749,-0.216315195,-0.627246925,-0.450514237
740,1857118,1465180,1.031,0.117,-0.046,-97.4,7.6,-32.5,-6,-37.5,1.5,0.596606342,-0.217017121,-0.62633137,-0.452314829
741,1857516,1465190,1.027,0.102,-0.038,-96.8,7,-29.9,-6.1,-37.8,0.7,0.595934935,-0.217841121,-0.625446333,-0.454054384
742,1860746,1465190,1.039,0.101,-0.038,-95.9,6.9,-27.6,-6.1,-37.8,0.7,0.595294046,-0.218634602,-0.624530778,-0.455763421
743,1862927,1465190,1.035,0.097,-0.034,-94.6,7,-25.4,-6.1,-37.8,0.7,0.594683676,-0.219458602,-0.623615223,-0.45741142
744,1864926,1465190,1.035,0.086,-0.035,-92.9,7.2,-23.4,-6.1,-37.8,0.7,0.594103824,-0.220252083,-0.622699667,-0.459028901
745,1869142,1465200,1.035,0.086,-0.035,-92.9,7.2,-23.4,-6.1,-37.8,0.7,0.594103824,-0.220252083,-0.622699667,-0.459028901
746,1871307,1465200,1.035,0.082,-0.027,-88.3,7.8,-20.7,-5.7,-37.8,0.5,0.593096713,-0.223029267,-0.621265297,-0.460951567
747,1873615,1465200,1.035,0.082,-0.031,-85.7,8.1,-19.9,-5.7,-37.8,0.5,0.592608417,-0.22379223,-0.620380261,-0.462385937
748,1875705,1465200,1.031,0.082,-0.023,-82.9,8.6,-19.4,-5.7,-37.8,0.5,0.592120121,-0.224524674,-0.619525742,-0.463820307
749,1877860,1465210,1.023,0.078,-0.019,-80.2,9.1,-19.1,-7.5,-37.7,-0.2,0.591662343,-0.225196081,-0.618701743,-0.46519364
750,1880156,1465210,1.023,0.078,-0.019,-77.5,9.5,-18.9,-7.5,-37.7,-0.2,0.591204566,-0.225806452,-0.617877743,-0.466536454
751,1882667,1465210,1.011,0.089,-0.007,-75.1,9.8,-18.6,-7.5,-37.7,-0.2,0.590777306,-0.226477859,-0.617084262,-0.467818232
752,1884945,1465210,1.008,0.086,-0.007,-72.9,10,-18.2,-7.5,-37.7,-0.2,0.590350047,-0.227057711,-0.61629078,-0.469100009
753,1888915,1465220,1,0.09,0,-70.6,10.1,-17.7,-5.6,-37.5,-0.3,0.589953307,-0.227607044,-0.615527818,-0.47032075
754,1891980,1465220,1,0.086,-0.003,-68.2,10.1,-17.1,-5.6,-37.5,-0.3,0.589587085,-0.228156377,-0.614764855,-0.471510971
755,1893916,1465220,0.984,0.097,0.005,-65.6,10.1,-16.6,-5.6,-37.5,-0.3,0.589220862,-0.228675192,-0.614062929,-0.472640156
756,1896171,1465220,0.976,0.101,0.009,-62.6,9.9,-16,-5.6,-37.5,-0.3,0.588885159,-0.229163488,-0.613361003,-0.473738823
757,1898650,1465230,0.968,0.105,0.017,-59.2,9.7,-15.5,-5.5,-37.7,-1.1,0.588549455,-0.229621265,-0.612689596,-0.474776452
758,1900773,1465230,0.961,0.109,0.017,-55.7,9.5,-15.1,-5.5,-37.7,-1.1,0.58824427,-0.230048524,-0.612079226,-0.475783563
759,1902903,1465230,0.961,0.109,0.017,-52.2,8.9,-14.8,-5.5,-37.7,-1.1,0.587939085,-0.230414747,-0.611499374,-0.476699118
760,1905369,1465230,0.949,0.121,0.029,-48.8,8.2,-14.5,-5.5,-37.7,-1.1,0.587664418,-0.23075045,-0.610950041,-0.477584155
761,1907729,1465240,0.945,0.125,0.037,-45.5,7.5,-14.2,-5.4,-37.9,-0.8,0.587389752,-0.231086154,-0.610461745,-0.478408155
762,1912154,1465240,0.929,0.141,0.037,-42.4,7,-13.8,-5.4,-37.9,-0.8,0.587115085,-0.23136082,-0.609973449,-0.479201636
763,1912414,1465240,0.929,0.145,0.049,-39.5,6.4,-13.2,-5.4,-37.9,-0.8,0.586870937,-0.231635487,-0.60954619,-0.47993408
764,1916714,1465240,0.929,0.156,0.057,-36.7,5.8,-12.5,-5.4,-37.9,-0.8,0.586626789,-0.231879635,-0.609149449,-0.480605487
765,1919052,1465250,0.929,0.156,0.057,-36.7,5.8,-12.5,-5.4,-37.9,-0.8,0.586626789,-0.231879635,-0.609149449,-0.480605487
766,1920652,1465250,0.917,0.168,0.058,-31.5,4.5,-11.2,-5.3,-37.9,-1.5,0.586291086,-0.232886746,-0.608569597,-0.481246376
767,1923039,1465250,0.917,0.172,0.065,-29.2,3.8,-10.5,-5.3,-37.9,-1.5,0.586077456,-0.233069857,-0.608264412,-0.481795709
768,1925561,1465250,0.91,0.164,0.065,-27.1,3,-10,-5.3,-37.9,-1.5,0.585863826,-0.233252968,-0.607989746,-0.482314524
769,1927391,1465260,0.921,0.184,0.069,-24.8,2.2,-9.8,-6.3,-38,-1.6,0.585680715,-0.23340556,-0.607745598,-0.482772301
770,1930563,1465260,0.921,0.199,0.077,-22.2,1.6,-9.9,-6.3,-38,-1.6,0.585467086,-0.233558153,-0.607562487,-0.483199561
771,1932981,1465260,0.921,0.203,0.077,-19.2,1.1,-10.2,-6.3,-38,-1.6,0.585283975,-0.23361919,-0.607379376,-0.483596301
772,1936299,1465260,0.921,0.211,0.081,-15.9,0.8,-10.5,-6.3,-38,-1.6,0.585100864,-0.233710746,-0.607257302,-0.483932005
773,1938184,1465270,0.921,0.215,0.089,-12.8,0.6,-10.5,-5.6,-38,-1.3,0.584948271,-0.233741264,-0.607165746,-0.48423719
774,1941461,1465270,0.921,0.215,0.089,-10.2,0.1,-10.1,-5.6,-38,-1.3,0.584795679,-0.233710746,-0.607104709,-0.484511856
775,1943696,1465270,0.925,0.215,0.093,-8.1,-0.4,-9.4,-5.6,-38,-1.3,0.584643086,-0.233710746,-0.60707419,-0.484756005
776,1945677,1465270,0.917,0.211,0.093,-6.4,-1.3,-8.6,-5.6,-38,-1.3,0.584490493,-0.233680227,-0.60707419,-0.484939116
777,1947698,1465280,0.921,0.222,0.101,-4.7,-2.1,-8.1,-5.8,-38,-1.8,0.584368419,-0.23361919,-0.607104709,-0.485091708
778,1950253,1465280,0.925,0.226,0.105,-2.7,-2.9,-7.7,-5.8,-38,-1.8,0.584215827,-0.23361919,-0.607135228,-0.485213782
779,1953637,1465280,0.925,0.23,0.105,-0.3,-3.6,-7.7,-5.8,-38,-1.8,0.584093753,-0.233558153,-0.607226783,-0.485305338
780,1955581,1465280,0.929,0.238,0.109,2.2,-4.1,-7.6,-5.8,-38,-1.8,0.583971679,-0.233466597,-0.607348857,-0.485335856
781,1957895,1465290,0.933,0.234,0.109,5,-4.6,-7.2,-5.3,-38,-1.9,0.583849605,-0.233375042,-0.60750145,-0.485335856
782,1960098,1465290,0.933,0.238,0.109,7.9,-5.1,-6.6,-5.3,-38,-1.9,0.583758049,-0.233222449,-0.607684561,-0.485305338
783,1963248,1465290,0.941,0.253,0.109,10.7,-5.6,-5.8,-5.3,-38,-1.9,0.583666494,-0.233069857,-0.60789819,-0.485213782
784,1965343,1465290,0.937,0.254,0.109,13.4,-6,-5,-5.3,-38,-1.9,0.583605457,-0.232917264,-0.608142338,-0.48506119
785,1968537,1465300,0.937,0.254,0.109,13.4,-6,-5,-5.3,-38,-1.9,0.583605457,-0.232917264,-0.608142338,-0.48506119
786,1970106,1465300,0.952,0.296,0.121,18.1,-6.9,-3.3,-5.5,-38.2,-1.6,0.583635975,-0.233069857,-0.608783227,-0.484084597
787,1973091,1465300,0.948,0.304,0.125,20.1,-7.3,-2.4,-5.5,-38.2,-1.6,0.583635975,-0.232856227,-0.609118931,-0.483809931
788,1974978,1465300,0.94,0.3,0.125,21.6,-7.8,-1,-5.5,-38.2,-1.6,0.583605457,-0.232642598,-0.609454634,-0.483504746
789,1978147,1465310,0.936,0.3,0.129,22.1,-8.3,0.9,-6.2,-38.3,-1.5,0.583635975,-0.232490005,-0.609790338,-0.483169042
790,1980359,1465310,0.933,0.308,0.126,21.4,-9.1,3.4,-6.2,-38.3,-1.5,0.583666494,-0.232337413,-0.610095523,-0.482772301
791,1982860,1465310,0.929,0.308,0.122,20.2,-9.9,5.9,-6.2,-38.3,-1.5,0.583697012,-0.232276376,-0.610400708,-0.482375561
792,1985234,1465310,0.921,0.308,0.122,18.6,-10.6,7.8,-6.2,-38.3,-1.5,0.583727531,-0.232245857,-0.610705893,-0.48197882
793,1987399,1465320,0.917,0.312,0.122,17.4,-11.1,8.9,-5.3,-37.7,-1.2,0.583758049,-0.232276376,-0.61098056,-0.48158208
794,1991975,1465320,0.913,0.328,0.126,16.5,-11.5,9.3,-5.3,-37.7,-1.2,0.583788568,-0.232306894,-0.611255226,-0.481185339
795,1992447,1465320,0.909,0.332,0.126,15.9,-11.5,9.3,-5.3,-37.7,-1.2,0.583819086,-0.232337413,-0.611529893,-0.480788598
796,1996096,1465320,0.909,0.328,0.122,15.4,-11.3,9.3,-5.3,-37.7,-1.2,0.583819086,-0.23239845,-0.611774041,-0.480422376
797,1998264,1465330,0.909,0.332,0.122,14.7,-11.3,9.4,-5.7,-37.7,-1.3,0.583849605,-0.232459487,-0.612048708,-0.480025636
798,2000088,1465330,0.905,0.328,0.126,13.9,-11.5,9.6,-5.7,-37.7,-1.3,0.583880123,-0.232520524,-0.612292856,-0.479659413
799,2004197,1465330,0.913,0.328,0.122,13.2,-11.8,10.1,-5.7,-37.7,-1.3,0.583880123,-0.232612079,-0.612506485,-0.479293191
800,2006413,1465330,0.909,0.332,0.122,12.7,-12.1,10.6,-5.7,-37.7,-1.3,0.583910642,-0.232734153,-0.612750633,-0.478926969
801,2008618,1465340,0.905,0.332,0.122,12.7,-12.3,11.1,-5.6,-37.6,-1.1,0.583910642,-0.232825709,-0.612994781,-0.478560747
802,2010699,1465340,0.901,0.332,0.126,13.1,-12.4,11.6,-5.6,-37.6,-1.1,0.58394116,-0.232947783,-0.613208411,-0.478164006
803,2012838,1465340,0.905,0.34,0.119,13.7,-12.5,12,-5.6,-37.6,-1.1,0.583971679,-0.233069857,-0.613452559,-0.477767266
804,2016000,1465340,0.897,0.336,0.123,14.6,-12.7,12.3,-5.6,-37.6,-1.1,0.584002197,-0.233191931,-0.613727226,-0.477340007
805,2017494,1465350,0.897,0.336,0.123,14.6,-12.7,12.3,-5.6,-37.6,-1.1,0.584002197,-0.233191931,-0.613727226,-0.477340007
806,2020559,1465350,0.893,0.344,0.123,16.4,-13.5,12.4,-5.6,-37.8,-0.5,0.583849605,-0.233191931,-0.61445967,-0.476577044
807,2022744,1465350,0.897,0.344,0.123,17.3,-13.9,12.2,-5.6,-37.8,-0.5,0.583880123,-0.233252968,-0.614734336,-0.476119266
808,2025913,1465350,0.905,0.356,0.127,18.3,-14.4,11.8,-5.6,-37.8,-0.5,0.583910642,-0.233344523,-0.61507004,-0.475661489
809,2027353,1465360,0.897,0.352,0.123,19.1,-14.9,11.2,-6.3,-38.1,-0.9,0.58394116,-0.23340556,-0.615375225,-0.475173193
810,2030188,1465360,0.905,0.352,0.123,19.8,-15.3,10.7,-6.3,-38.1,-0.9,0.58394116,-0.233466597,-0.615741447,-0.474684896
811,2033403,1465360,0.909,0.356,0.127,20.2,-15.7,10.2,-6.3,-38.1,-0.9,0.58394116,-0.233497116,-0.616107669,-0.4741966
812,2034866,1465360,0.909,0.36,0.127,20.2,-16.1,9.8,-6.3,-38.1,-0.9,0.583910642,-0.233527635,-0.616473891,-0.473738823
813,2038687,1465370,0.917,0.352,0.126,20,-16.5,9.4,-5.8,-37.6,-0.4,0.583880123,-0.233588672,-0.616840114,-0.473250526
814,2041205,1465370,0.917,0.356,0.126,19.5,-17.1,9.3,-5.8,-37.6,-0.4,0.583849605,-0.23361919,-0.617206336,-0.472792749
815,2043130,1465370,0.917,0.356,0.126,18.8,-17.6,9.1,-5.8,-37.6,-0.4,0.583819086,-0.233710746,-0.617572558,-0.472334971
816,2045326,1465370,0.917,0.352,0.122,18,-18.2,8.8,-5.8,-37.6,-0.4,0.583758049,-0.233771783,-0.61793878,-0.471877194
817,2047772,1465380,0.917,0.348,0.122,17.1,-18.8,8.5,-6.4,-37.4,-0.4,0.583666494,-0.233863338,-0.61833552,-0.471449934
818,2050126,1465380,0.921,0.344,0.122,16.2,-19.4,8.2,-6.4,-37.4,-0.4,0.583574938,-0.233985412,-0.618701743,-0.471022675
819,2053916,1465380,0.921,0.34,0.122,15.6,-19.8,7.9,-6.4,-37.4,-0.4,0.583483383,-0.234076968,-0.619067965,-0.470595416
820,2056070,1465380,0.921,0.344,0.118,15.1,-20.1,7.5,-6.4,-37.4,-0.4,0.583361309,-0.234199042,-0.619434187,-0.470198675
821,2058188,1465390,0.921,0.336,0.118,14.8,-20.3,7,-6,-37.9,-0.6,0.583239235,-0.234321116,-0.619800409,-0.469801935
822,2060432,1465390,0.921,0.328,0.114,14.5,-20.4,6.4,-6,-37.9,-0.6,0.583086642,-0.23444319,-0.62019715,-0.469435713
823,2062690,1465390,0.921,0.328,0.114,14.1,-20.5,5.8,-6,-37.9,-0.6,0.58293405,-0.234534745,-0.620563372,-0.469038972
824,2065263,1465390,0.921,0.328,0.122,13.8,-20.6,5.3,-6,-37.9,-0.6,0.582781457,-0.234656819,-0.620929594,-0.468703269
825,2067365,1465400,0.921,0.328,0.122,13.8,-20.6,5.3,-6,-37.9,-0.6,0.582781457,-0.234656819,-0.620929594,-0.468703269
826,2071087,1465400,0.921,0.328,0.114,12.9,-20.6,4.6,-6.3,-37.7,-0.2,0.582323679,-0.234595782,-0.621753594,-0.468184454
827,2073123,1465400,0.921,0.324,0.11,12.5,-20.6,4.4,-6.3,-37.7,-0.2,0.582171087,-0.234748375,-0.622119816,-0.46784875
828,2074973,1465400,0.921,0.324,0.114,12.1,-20.6,4.3,-6.3,-37.7,-0.2,0.581987976,-0.234870449,-0.622486038,-0.467513047
829,2079033,1465410,0.921,0.328,0.11,11.8,-20.7,4.4,-6.2,-37.7,-0.2,0.581804865,-0.234992523,-0.62285226,-0.467207862
830,2081337,1465410,0.921,0.328,0.11,11.5,-20.6,4.5,-6.2,-37.7,-0.2,0.581621754,-0.235114597,-0.623218482,-0.466872158
831,2083596,1465410,0.917,0.328,0.11,11.4,-20.6,4.5,-6.2,-37.7,-0.2,0.581469161,-0.235236671,-0.623554186,-0.466566973
832,2085646,1465410,0.921,0.332,0.114,11.1,-20.6,4.5,-6.2,-37.7,-0.2,0.58128605,-0.235358745,-0.623920408,-0.466231269
833,2088165,1465420,0.917,0.34,0.103,10.9,-20.7,4.5,-6.4,-37.6,-0.5,0.581102939,-0.235511338,-0.624256111,-0.465926084
834,2090224,1465420,0.921,0.336,0.11,10.6,-20.7,4.4,-6.4,-37.6,-0.5,0.580919828,-0.235633412,-0.624622333,-0.465620899
835,2094467,1465420,0.921,0.34,0.103,10.4,-20.7,4.3,-6.4,-37.6,-0.5,0.580736717,-0.235786004,-0.624958037,-0.465315714
836,2096690,1465420,0.917,0.336,0.107,10.2,-20.5,4.2,-6.4,-37.6,-0.5,0.580553606,-0.235908078,-0.625293741,-0.465010529
837,2098890,1465430,0.921,0.34,0.103,9.9,-20.1,4,-6.3,-37.6,-0.5,0.580370495,-0.236060671,-0.625629444,-0.464735862
838,2100561,1465430,0.921,0.344,0.107,9.5,-19.8,3.7,-6.3,-37.6,-0.5,0.580187384,-0.236182745,-0.625965148,-0.464430677
839,2102866,1465430,0.925,0.34,0.106,9.2,-19.3,3.4,-6.3,-37.6,-0.5,0.580004273,-0.236304819,-0.626300851,-0.464186529
840,2105337,1465430,0.925,0.344,0.107,8.8,-18.6,2.9,-6.3,-37.6,-0.5,0.579821162,-0.236426893,-0.626606037,-0.463911863
841,2107608,1465440,0.925,0.348,0.103,8.3,-18,2.3,-6.3,-37.8,-0.6,0.57963805,-0.236548967,-0.626911222,-0.463667714
842,2109991,1465440,0.925,0.344,0.107,7.6,-17.4,2,-6.3,-37.8,-0.6,0.579454939,-0.236640522,-0.627185888,-0.463454085
843,2113610,1465440,0.933,0.348,0.106,7,-16.8,1.8,-6.3,-37.8,-0.6,0.579302347,-0.236762597,-0.627460555,-0.463270974
844,2115075,1465440,0.937,0.352,0.106,6.3,-16.3,1.7,-6.3,-37.8,-0.6,0.579088717,-0.236854152,-0.627735221,-0.463057344
845,2118165,1465450,0.937,0.352,0.106,6.3,-16.3,1.7,-6.3,-37.8,-0.6,0.579088717,-0.236854152,-0.627735221,-0.463057344
846,2120485,1465450,0.933,0.356,0.11,4.3,-14.3,1,-6.4,-37.8,-0.1,0.578569903,-0.236548967,-0.628284555,-0.4631489
847,2122686,1465450,0.937,0.36,0.103,4.3,-14.3,1,-6.4,-37.8,-0.1,0.578386792,-0.236671041,-0.628498184,-0.462996307
848,2125205,1465450,0.933,0.364,0.099,3.8,-13.5,0.7,-6.4,-37.8,-0.1,0.578234199,-0.236762597,-0.628711814,-0.462874233
849,2127463,1465460,0.937,0.363,0.107,3.2,-12.6,0.5,-6.4,-37.8,0,0.578081606,-0.236884671,-0.628894925,-0.462752159
850,2131939,1465460,0.944,0.367,0.103,2.6,-12,0.2,-6.4,-37.8,0,0.577929014,-0.236976226,-0.629078036,-0.462660604
851,2133726,1465460,0.944,0.363,0.103,1.9,-11.2,0,-6.4,-37.8,0,0.577776421,-0.237037263,-0.629230628,-0.462569048
852,2136113,1465460,0.948,0.367,0.102,1.4,-10.5,0,-6.4,-37.8,0,0.577654347,-0.237128819,-0.629383221,-0.462508011
853,2138657,1465470,0.948,0.367,0.102,0.8,-9.8,0,-6.5,-38,0,0.577532273,-0.237220374,-0.629505295,-0.462446974
854,2140230,1465470,0.956,0.375,0.099,0.2,-9,0,-6.5,-38,0,0.577410199,-0.23731193,-0.629627369,-0.462385937
855,2144230,1465470,0.964,0.375,0.102,-0.2,-8.3,-0.2,-6.5,-38,0,0.577288125,-0.237403485,-0.629749443,-0.462355419
856,2146428,1465470,0.96,0.375,0.102,-0.8,-7.4,-0.4,-6.5,-38,0,0.577166051,-0.237464522,-0.629840999,-0.4623249
857,2148624,1465480,0.972,0.371,0.098,-1.3,-6.7,-0.6,-6.4,-38,0.1,0.577043977,-0.237525559,-0.629871517,-0.4623249
858,2150019,1465480,0.968,0.379,0.098,-1.9,-6,-0.8,-6.4,-38,0.1,0.576952422,-0.237617115,-0.629963073,-0.4623249
859,2152942,1465480,0.976,0.379,0.102,-2.4,-5.3,-1.2,-6.4,-38,0.1,0.576860866,-0.23770867,-0.63002411,-0.462355419
860,2155209,1465480,0.979,0.379,0.098,-2.9,-4.7,-1.6,-6.4,-38,0.1,0.576769311,-0.237769707,-0.630054628,-0.462385937
861,2159128,1465490,0.979,0.379,0.106,-3.3,-4,-2,-6.6,-38,0.2,0.576677755,-0.237800226,-0.630085147,-0.462446974
862,2160632,1465490,0.987,0.383,0.102,-3.6,-3.5,-2.2,-6.6,-38,0.2,0.5765862,-0.237861263,-0.630085147,-0.462477493
863,2163002,1465490,0.987,0.383,0.102,-4.1,-2.8,-2.5,-6.6,-38,0.2,0.576494644,-0.2379223,-0.630115665,-0.462569048
864,2165299,1465490,0.987,0.383,0.102,-4.3,-2.4,-2.6,-6.6,-38,0.2,0.576403088,-0.237952818,-0.630115665,-0.462660604
865,2168544,1465500,0.987,0.383,0.102,-4.3,-2.4,-2.6,-6.6,-38,0.2,0.576403088,-0.237952818,-0.630115665,-0.462660604
866,2170525,1465500,0.991,0.394,0.11,-4.8,-1.7,-2.9,-6.8,-38,0,0.57615894,-0.237830744,-0.630146184,-0.462996307
867,2172757,1465500,0.995,0.394,0.106,-5.1,-1.6,-3,-6.8,-38,0,0.576067385,-0.237861263,-0.630115665,-0.463087863
868,2176007,1465500,0.999,0.402,0.11,-5.5,-1.5,-3.3,-6.8,-38,0,0.575975829,-0.237891781,-0.630115665,-0.463209937
869,2178087,1465510,0.991,0.402,0.11,-6,-1.3,-3.5,-6,-38,0,0.575914792,-0.237952818,-0.630085147,-0.463332011
870,2180267,1465510,0.991,0.402,0.106,-6.4,-1.2,-3.7,-6,-38,0,0.575823237,-0.237983337,-0.630054628,-0.463454085
871,2183585,1465510,0.991,0.406,0.11,-7,-1.1,-4,-6,-38,0,0.575731681,-0.238044374,-0.63002411,-0.463606677
872,2185117,1465510,0.987,0.406,0.118,-7.7,-1,-4.3,-6,-38,0,0.575609607,-0.238074892,-0.629963073,-0.46375927
873,2188557,1465520,0.983,0.402,0.11,-8.1,-0.8,-4.6,-6.7,-37.9,0,0.575518052,-0.238135929,-0.629932554,-0.463911863
874,2190592,1465520,0.979,0.406,0.114,-8.6,-0.8,-4.7,-6.7,-37.9,0,0.575426496,-0.238166448,-0.629871517,-0.464094974
875,2192779,1465520,0.979,0.406,0.11,-9.2,-0.9,-4.8,-6.7,-37.9,0,0.575304422,-0.238227485,-0.62981048,-0.464278085
876,2196075,1465520,0.972,0.41,0.107,-9.9,-1,-4.9,-6.7,-37.9,0,0.575182348,-0.23831904,-0.629749443,-0.464461196
877,2198099,1465530,0.975,0.406,0.114,-10.6,-1,-4.8,-6.7,-38.1,-0.2,0.575060274,-0.238380078,-0.629688406,-0.464674825
878,2200300,1465530,0.968,0.414,0.107,-11.3,-1,-4.8,-6.7,-38.1,-0.2,0.5749382,-0.238471633,-0.62959685,-0.464888455
879,2203569,1465530,0.96,0.406,0.107,-11.9,-1,-4.6,-6.7,-38.1,-0.2,0.574816126,-0.238563189,-0.629505295,-0.465102084
880,2205496,1465530,0.964,0.406,0.114,-12.5,-1,-4.6,-6.7,-38.1,-0.2,0.574694052,-0.238654744,-0.629413739,-0.465315714
881,2207769,1465540,0.956,0.406,0.107,-13,-1.1,-4.7,-6.8,-37.6,-0.2,0.574571978,-0.238776818,-0.629322184,-0.465559862
882,2210904,1465540,0.952,0.402,0.107,-13.6,-1.1,-4.6,-6.8,-37.6,-0.2,0.574419385,-0.238898892,-0.629230628,-0.46580401
883,2213750,1465540,0.948,0.398,0.115,-13.9,-1,-4.4,-6.8,-37.6,-0.2,0.574297311,-0.239020966,-0.629139073,-0.466048158
884,2215180,1465540,0.952,0.402,0.111,-14.3,-0.9,-4.1,-6.8,-37.6,-0.2,0.574175237,-0.23914304,-0.629016999,-0.466292306
885,2218119,1465550,0.952,0.402,0.111,-14.3,-0.9,-4.1,-6.8,-37.6,-0.2,0.574175237,-0.23914304,-0.629016999,-0.466292306
886,2221109,1465550,0.944,0.399,0.107,-15.1,-0.8,-3.6,-6.9,-37.9,0,0.573656423,-0.238929411,-0.628864406,-0.467207862
887,2222579,1465550,0.94,0.399,0.107,-15.3,-0.7,-3.4,-6.9,-37.9,0,0.573534349,-0.239082003,-0.628742332,-0.46745201
888,2226402,1465550,0.936,0.391,0.107,-15.4,-0.7,-3.2,-6.9,-37.9,0,0.573412275,-0.239234596,-0.628620258,-0.467696158
889,2227780,1465560,0.936,0.395,0.107,-15.4,-0.5,-3.1,-6,-37.9,-0.2,0.573290201,-0.239387188,-0.628467666,-0.467940306
890,2230984,1465560,0.936,0.391,0.103,-15.3,-0.3,-2.9,-6,-37.9,-0.2,0.573198645,-0.239539781,-0.628345592,-0.468184454
891,2232440,1465560,0.937,0.387,0.099,-15.3,0,-2.8,-6,-37.9,-0.2,0.573076571,-0.239692373,-0.628192999,-0.468428602
892,2236270,1465560,0.933,0.395,0.099,-15.2,0.5,-2.8,-6,-37.9,-0.2,0.572985015,-0.239844966,-0.628040407,-0.46867275
893,2237681,1465570,0.933,0.387,0.099,-15.3,1,-2.8,-6.6,-38.3,-0.3,0.57289346,-0.239997559,-0.627887814,-0.468947417
894,2239993,1465570,0.933,0.383,0.091,-15.2,1.5,-2.9,-6.6,-38.3,-0.3,0.572801904,-0.240119633,-0.627735221,-0.469191565
895,2242797,1465570,0.933,0.383,0.095,-15.1,2,-2.9,-6.6,-38.3,-0.3,0.572710349,-0.240241707,-0.627582629,-0.469435713
896,2245955,1465570,0.933,0.375,0.091,-15.1,2.5,-3.1,-6.6,-38.3,-0.3,0.572649312,-0.240363781,-0.627399518,-0.469710379
897,2248780,1465580,0.933,0.372,0.083,-15,3,-3.1,-6.6,-37.8,-0.6,0.572557756,-0.240455336,-0.627216407,-0.469954527
898,2250164,1465580,0.933,0.376,0.083,-15.1,3.5,-3.3,-6.6,-37.8,-0.6,0.572496719,-0.24057741,-0.627033296,-0.470229194
899,2253129,1465580,0.933,0.364,0.083,-15,4.1,-3.5,-6.6,-37.8,-0.6,0.572435682,-0.240699484,-0.626850185,-0.470503861
900,2256338,1465580,0.925,0.364,0.087,-15,4.7,-3.7,-6.6,-37.8,-0.6,0.572374645,-0.240760521,-0.626667074,-0.470778527
901,2258592,1465590,0.917,0.364,0.087,-15,5.5,-3.8,-6.7,-37.9,-0.6,0.572344127,-0.240852077,-0.626453444,-0.471053194
902,2259982,1465590,0.921,0.364,0.076,-15,6.4,-3.7,-6.7,-37.9,-0.6,0.572313608,-0.240913114,-0.626239814,-0.471358379
903,2262948,1465590,0.921,0.352,0.087,-15.1,7.4,-3.7,-6.7,-37.9,-0.6,0.57228309,-0.240974151,-0.626026185,-0.471633045
904,2266048,1465590,0.917,0.352,0.083,-15.2,8.3,-3.6,-6.7,-37.9,-0.6,0.57228309,-0.241035188,-0.625782037,-0.471938231
905,2267511,1465600,0.917,0.352,0.083,-15.2,8.3,-3.6,-6.7,-37.9,-0.6,0.57228309,-0.241035188,-0.625782037,-0.471938231
906,2270446,1465600,0.917,0.348,0.083,-15.6,9.9,-3.9,-6.7,-37.7,-0.6,0.572099979,-0.240913114,-0.625415815,-0.472701193
907,2273584,1465600,0.917,0.348,0.079,-15.8,10.4,-4.1,-6.7,-37.7,-0.6,0.572130497,-0.240943632,-0.625141148,-0.473006378
908,2275008,1465600,0.921,0.344,0.079,-15.9,10.7,-4.3,-6.7,-37.7,-0.6,0.572130497,-0.240974151,-0.624866482,-0.473342082
909,2277963,1465610,0.921,0.344,0.079,-16,11,-4.5,-5.5,-37.9,-0.9,0.572161016,-0.241004669,-0.624591815,-0.473677786
910,2281043,1465610,0.925,0.344,0.083,-16.2,11.2,-4.6,-5.5,-37.9,-0.9,0.572191534,-0.241035188,-0.624317148,-0.474013489
911,2282567,1465610,0.917,0.337,0.079,-16.5,11.3,-4.9,-5.5,-37.9,-0.9,0.572191534,-0.241035188,-0.624011963,-0.474379711
912,2285508,1465610,0.921,0.337,0.083,-16.9,11.3,-5.2,-5.5,-37.9,-0.9,0.572191534,-0.241065706,-0.623737297,-0.474715415
913,2288473,1465620,0.921,0.34,0.083,-17.3,11.2,-5.6,-6.5,-37.9,-1,0.572222053,-0.241096225,-0.62346263,-0.475081637
914,2289967,1465620,0.929,0.329,0.083,-17.7,10.9,-5.9,-6.5,-37.9,-1,0.572191534,-0.241126743,-0.623157445,-0.475447859
915,2292926,1465620,0.921,0.329,0.083,-18.1,10.8,-6.2,-6.5,-37.9,-1,0.572191534,-0.241157262,-0.622882778,-0.4758446
916,2296026,1465620,0.921,0.329,0.083,-18.6,10.6,-6.6,-6.5,-37.9,-1,0.572161016,-0.24118778,-0.622577593,-0.47624134
917,2297450,1465630,0.925,0.325,0.087,-18.9,10.5,-6.7,-7,-38,-1.3,0.572130497,-0.241218299,-0.622272408,-0.476638081
918,2301231,1465630,0.917,0.321,0.087,-19.2,10.5,-6.8,-7,-38,-1.3,0.572099979,-0.241248817,-0.621997742,-0.477034822
919,2302718,1465630,0.925,0.317,0.079,-19.3,10.3,-6.8,-7,-38,-1.3,0.57206946,-0.241279336,-0.621692557,-0.477431562
920,2305302,1465630,0.921,0.317,0.087,-19.2,10,-6.9,-7,-38,-1.3,0.572038942,-0.241340373,-0.62141789,-0.477828303
921,2307573,1465640,0.917,0.309,0.083,-19,9.5,-7,-6.8,-38.3,-1.3,0.572008423,-0.241370891,-0.621112705,-0.478225043
922,2312024,1465640,0.917,0.309,0.083,-18.6,8.9,-6.9,-6.8,-38.3,-1.3,0.571947386,-0.241431928,-0.620868557,-0.478621784
923,2314327,1465640,0.913,0.309,0.091,-17.9,8.1,-6.9,-6.8,-38.3,-1.3,0.571886349,-0.241431928,-0.62059389,-0.478988006
924,2316524,1465640,0.921,0.301,0.083,-17.2,7.1,-6.7,-6.8,-38.3,-1.3,0.571825312,-0.241523484,-0.620380261,-0.479354228
925,2318811,1465650,0.921,0.301,0.083,-17.2,7.1,-6.7,-6.8,-38.3,-1.3,0.571825312,-0.241523484,-0.620380261,-0.479354228
926,2320796,1465650,0.921,0.305,0.079,-15.5,5,-6.5,-6.8,-38.3,-1,0.571520127,-0.241767632,-0.62019715,-0.479812006
927,2323015,1465650,0.921,0.305,0.079,-14.6,4,-6.3,-6.8,-38.3,-1,0.571428571,-0.241828669,-0.620044557,-0.480117191
928,2325177,1465650,0.925,0.305,0.079,-13.6,3.2,-6.1,-6.8,-38.3,-1,0.571337016,-0.241859188,-0.619891964,-0.480391858
929,2329252,1465660,0.933,0.309,0.071,-12.6,2.6,-5.9,-5.4,-38,-1.5,0.571214942,-0.241920225,-0.619739372,-0.480666524
930,2331453,1465660,0.925,0.305,0.083,-11.7,2.1,-5.6,-5.4,-38,-1.5,0.571123386,-0.241981262,-0.619617298,-0.480880154
931,2333777,1465660,0.925,0.309,0.079,-10.8,1.9,-5.3,-5.4,-38,-1.5,0.571062349,-0.24201178,-0.619525742,-0.481124302
932,2335833,1465660,0.929,0.313,0.075,-9.8,1.8,-4.9,-5.4,-38,-1.5,0.570970794,-0.242042299,-0.619403668,-0.481307413
933,2337897,1465670,0.929,0.317,0.079,-9.1,1.8,-4.6,-7,-37.7,-1.2,0.570909757,-0.242072817,-0.619312113,-0.481521043
934,2339865,1465670,0.933,0.317,0.075,-8.5,1.8,-4.5,-7,-37.7,-1.2,0.570818201,-0.242103336,-0.619220557,-0.481704154
935,2343225,1465670,0.933,0.329,0.083,-8,2.1,-4.4,-7,-37.7,-1.2,0.570757164,-0.242133854,-0.61915952,-0.481856746
936,2346519,1465670,0.933,0.329,0.071,-7.4,2.5,-4.2,-7,-37.7,-1.2,0.570726646,-0.242133854,-0.619067965,-0.482039857
937,2348707,1465680,0.929,0.333,0.075,-6.8,3.2,-4.1,-6.9,-38,-1.2,0.570696127,-0.242133854,-0.618976409,-0.48219245
938,2350768,1465680,0.937,0.332,0.079,-6.2,3.9,-4,-6.9,-38,-1.2,0.570665609,-0.242103336,-0.618884854,-0.482345042
939,2352957,1465680,0.933,0.34,0.079,-5.5,4.4,-3.8,-6.9,-38,-1.2,0.570665609,-0.242072817,-0.618793298,-0.482497635
940,2356162,1465680,0.933,0.336,0.087,-4.7,4.9,-3.9,-6.9,-38,-1.2,0.570665609,-0.242042299,-0.618701743,-0.482650227
941,2358199,1465690,0.929,0.344,0.083,-4,5.2,-4,-7,-37.5,-0.9,0.570665609,-0.241981262,-0.618610187,-0.482772301
942,2360322,1465690,0.933,0.34,0.083,-3.2,5.3,-4.1,-7,-37.5,-0.9,0.570665609,-0.241889706,-0.618518632,-0.482894375
943,2363583,1465690,0.929,0.348,0.083,-2.7,5.1,-4.2,-7,-37.5,-0.9,0.570696127,-0.241828669,-0.618457595,-0.483016449
944,2365015,1465690,0.925,0.348,0.083,-2.5,4.6,-4.5,-7,-37.5,-0.9,0.570696127,-0.241737114,-0.618396558,-0.483138524
945,2367707,1465700,0.925,0.348,0.083,-2.5,4.6,-4.5,-7,-37.5,-0.9,0.570696127,-0.241737114,-0.618396558,-0.483138524
946,2370789,1465700,0.917,0.341,0.079,-3,2.8,-5.9,-7.2,-37.8,-1.3,0.570329905,-0.241523484,-0.618640706,-0.483352153
947,2372343,1465700,0.929,0.344,0.083,-3.3,1.3,-7,-7.2,-37.8,-1.3,0.570268868,-0.241431928,-0.618610187,-0.483504746
948,2375255,1465700,0.937,0.34,0.079,-3.5,-0.3,-8.1,-7.2,-37.8,-1.3,0.570146794,-0.241370891,-0.618640706,-0.483657338
949,2378308,1465710,0.941,0.344,0.079,-3.4,-2.2,-9.4,-5.4,-38.5,-1.6,0.569994201,-0.241309854,-0.618671224,-0.483809931
950,2381251,1465710,0.956,0.344,0.075,-3.2,-4.2,-10.7,-5.4,-38.5,-1.6,0.56981109,-0.241248817,-0.618732261,-0.483962523
951,2382670,1465710,0.972,0.352,0.071,-2.9,-6,-11.6,-5.4,-38.5,-1.6,0.569597461,-0.24118778,-0.618854335,-0.484115116
952,2385655,1465710,0.984,0.352,0.07,-2.5,-7.4,-11.9,-5.4,-38.5,-1.6,0.569353313,-0.241157262,-0.618976409,-0.48423719
953,2387639,1465720,0.995,0.348,0.062,-1.9,-8.4,-11.6,-6.5,-37.7,-1.2,0.569109165,-0.241096225,-0.619129002,-0.484359264
954,2390767,1465720,0.995,0.352,0.066,-1.4,-8.7,-10.6,-6.5,-37.7,-1.2,0.568865017,-0.241065706,-0.619281594,-0.484481338
955,2393765,1465720,0.995,0.348,0.07,-1.1,-8.5,-9.3,-6.5,-37.7,-1.2,0.568651387,-0.241035188,-0.619403668,-0.484572893
956,2395127,1465720,0.995,0.348,0.066,-0.8,-8,-7.8,-6.5,-37.7,-1.2,0.568437757,-0.241035188,-0.619556261,-0.48463393
957,2399071,1465730,1.003,0.351,0.066,-0.6,-7.3,-6.5,-7.2,-37.9,-1.6,0.568285165,-0.241035188,-0.619678335,-0.484694967
958,2401512,1465730,1.003,0.351,0.074,-0.5,-6.4,-5.4,-7.2,-37.9,-1.6,0.568132572,-0.241035188,-0.61976989,-0.484725486
959,2403709,1465730,1.003,0.351,0.066,-0.8,-5.5,-4.8,-7.2,-37.9,-1.6,0.56797998,-0.241035188,-0.619861446,-0.484756005
960,2406096,1465730,0.999,0.344,0.058,-1.3,-4.7,-4.7,-7.2,-37.9,-1.6,0.567888424,-0.241035188,-0.619922483,-0.484817042
961,2407931,1465740,0.999,0.344,0.066,-2.2,-3.8,-4.7,-6.8,-37.9,-1.4,0.56776635,-0.241035188,-0.61998352,-0.48484756
962,2411223,1465740,0.995,0.34,0.066,-3.2,-2.9,-4.8,-6.8,-37.9,-1.4,0.567644276,-0.241065706,-0.620014039,-0.484969634
963,2412612,1465740,0.991,0.332,0.07,-4.1,-2,-4.8,-6.8,-37.9,-1.4,0.567552721,-0.241065706,-0.620014039,-0.485091708
964,2415610,1465740,0.972,0.336,0.074,-4.9,-1.1,-4.9,-6.8,-37.9,-1.4,0.567461165,-0.241065706,-0.61998352,-0.485213782
965,2417929,1465750,0.972,0.336,0.074,-4.9,-1.1,-4.9,-6.8,-37.9,-1.4,0.567461165,-0.241065706,-0.61998352,-0.485213782
966,2421428,1465750,0.972,0.328,0.07,-6,-0.3,-4.9,-7,-38,-1.3,0.567186499,-0.24118778,-0.620075076,-0.485366375
967,2422969,1465750,0.964,0.32,0.078,-6,-0.7,-4.7,-7,-38,-1.3,0.567094943,-0.241218299,-0.620044557,-0.485488449
968,2425195,1465750,0.968,0.32,0.074,-5.6,-1.3,-4.4,-7,-38,-1.3,0.567003388,-0.241218299,-0.620014039,-0.485610523
969,2428301,1465760,0.968,0.32,0.082,-4.7,-2,-3.9,-4.4,-38.6,-1.8,0.566911832,-0.241248817,-0.620014039,-0.485732597
970,2429835,1465760,0.968,0.32,0.082,-3.4,-2.7,-3.3,-4.4,-38.6,-1.8,0.566820276,-0.241279336,-0.620044557,-0.485793634
971,2432788,1465760,0.96,0.316,0.09,-2.1,-3.5,-2.7,-4.4,-38.6,-1.8,0.566728721,-0.241309854,-0.620075076,-0.485854671
972,2435907,1465760,0.96,0.32,0.086,-0.8,-4.1,-2.1,-4.4,-38.6,-1.8,0.566637165,-0.241340373,-0.620105594,-0.485854671
973,2437314,1465770,0.96,0.32,0.09,0,-4.5,-1.5,-7.3,-37.8,-1.7,0.566576128,-0.241370891,-0.62019715,-0.485854671
974,2440326,1465770,0.952,0.328,0.09,0.8,-4.7,-1,-7.3,-37.8,-1.7,0.566515091,-0.24140141,-0.620258187,-0.485824152
975,2443100,1465770,0.948,0.328,0.09,1.3,-4.7,-0.9,-7.3,-37.8,-1.7,0.566423536,-0.24140141,-0.620349742,-0.485793634
976,2446505,1465770,0.948,0.328,0.094,1.7,-4.5,-0.8,-7.3,-37.8,-1.7,0.566362499,-0.241431928,-0.620410779,-0.485763115
977,2448616,1465780,0.948,0.328,0.098,2.1,-4.4,-0.7,-6.7,-37.9,-1.5,0.566301462,-0.241431928,-0.620502335,-0.485732597
978,2450559,1465780,0.94,0.332,0.098,2.5,-4.2,-0.6,-6.7,-37.9,-1.5,0.566270943,-0.241431928,-0.62059389,-0.48567156
979,2453530,1465780,0.941,0.328,0.094,3.1,-4.2,-0.4,-6.7,-37.9,-1.5,0.566209906,-0.241431928,-0.620654927,-0.485610523
980,2455118,1465780,0.94,0.336,0.098,3.9,-4.2,-0.4,-6.7,-37.9,-1.5,0.566179388,-0.241431928,-0.620777001,-0.485549486
981,2457999,1465790,0.94,0.344,0.095,4.5,-4.1,-0.1,-6.3,-37.4,-1.6,0.566148869,-0.24140141,-0.620868557,-0.48545793
982,2460972,1465790,0.937,0.34,0.091,5.1,-4,0,-6.3,-37.4,-1.6,0.566118351,-0.24140141,-0.620960112,-0.485366375
983,2462537,1465790,0.937,0.344,0.095,5.6,-3.9,0.2,-6.3,-37.4,-1.6,0.566087832,-0.241370891,-0.621082186,-0.485274819
984,2464840,1465790,0.94,0.348,0.095,6,-3.7,0.3,-6.3,-37.4,-1.6,0.566087832,-0.241340373,-0.621173742,-0.485152745
985,2467823,1465800,0.94,0.348,0.095,6,-3.7,0.3,-6.3,-37.4,-1.6,0.566087832,-0.241340373,-0.621173742,-0.485152745
986,2470100,1465800,0.937,0.344,0.095,6.7,-3.1,0,-6.6,-37.8,-1.5,0.565965758,-0.241218299,-0.621509445,-0.484908597
987,2472816,1465800,0.937,0.348,0.099,6.9,-2.7,-0.1,-6.6,-37.8,-1.5,0.565965758,-0.241157262,-0.62163152,-0.484817042
988,2474967,1465800,0.937,0.352,0.095,6.9,-2.3,-0.4,-6.6,-37.8,-1.5,0.565965758,-0.241096225,-0.621723075,-0.484725486
989,2478394,1465810,0.937,0.344,0.091,6.8,-1.7,-0.6,-5.1,-38.7,-1.6,0.565965758,-0.241035188,-0.621845149,-0.48463393
990,2481253,1465810,0.94,0.348,0.091,6.7,-1.2,-0.8,-5.1,-38.7,-1.6,0.565965758,-0.240943632,-0.621936705,-0.484542375
991,2482876,1465810,0.941,0.348,0.087,6.7,-0.8,-0.9,-5.1,-38.7,-1.6,0.565996277,-0.240852077,-0.621997742,-0.484450819
992,2486668,1465810,0.937,0.348,0.091,6.7,-0.5,-0.9,-5.1,-38.7,-1.6,0.565996277,-0.240760521,-0.622058779,-0.484359264
993,2488064,1465820,0.937,0.352,0.087,6.7,-0.3,-0.9,-6.2,-37.9,-1.2,0.566026795,-0.240668966,-0.622180853,-0.484298227
994,2491228,1465820,0.941,0.352,0.087,6.7,-0.1,-0.9,-6.2,-37.9,-1.2,0.566057314,-0.24057741,-0.62224189,-0.484206671
995,2492691,1465820,0.941,0.36,0.087,6.7,0,-0.8,-6.2,-37.9,-1.2,0.566087832,-0.240455336,-0.622333445,-0.484115116
996,2496553,1465820,0.937,0.356,0.091,6.7,0,-0.6,-6.2,-37.9,-1.2,0.566087832,-0.240394299,-0.622394482,-0.484054079
997,2498814,1465830,0.94,0.36,0.095,6.8,0,-0.5,-6.1,-37.9,-1.5,0.566118351,-0.240302744,-0.622486038,-0.483962523
998,2500176,1465830,0.937,0.36,0.091,6.8,0,-0.3,-6.1,-37.9,-1.5,0.566148869,-0.240211188,-0.622547075,-0.483870968
999,2504179,1465830,0.937,0.352,0.099,6.8,0,-0.4,-6.1,-37.9,-1.5,0.566179388,-0.240119633,-0.62263863,-0.483779412
1000,2506249,1465830,0.94,0.36,0.091,6.7,0,-0.3,-6.1,-37.9,-1.5,0.566240425,-0.240028077,-0.622699667,-0.483687857
1001,2507536,1465840,0.937,0.36,0.091,6.5,0,-0.4,-6.3,-38,-1.2,0.566270943,-0.23996704,-0.622760704,-0.483596301
1002,2510466,1465840,0.937,0.36,0.099,6.2,0.1,-0.4,-6.3,-38,-1.2,0.566301462,-0.239875484,-0.62285226,-0.483535264
1003,2514219,1465840,0.94,0.36,0.091,5.9,0.1,-0.4,-6.3,-38,-1.2,0.566301462,-0.239783929,-0.622913297,-0.483443709
1004,2515799,1465840,0.94,0.36,0.095,5.7,0.2,-0.2,-6.3,-38,-1.2,0.56633198,-0.239722892,-0.622974334,-0.483382672
1005,2517309,1465850,0.94,0.36,0.095,5.7,0.2,-0.2,-6.3,-38,-1.2,0.56633198,-0.239722892,-0.622974334,-0.483382672
1006,2520061,1465850,0.944,0.36,0.095,5,0.6,-0.3,-6.3,-37.7,-1.2,0.565996277,-0.239265114,-0.623432112,-0.483382672
1007,2524052,1465850,0.944,0.359,0.102,4.8,0.8,-0.4,-6.3,-37.7,-1.2,0.566026795,-0.239173559,-0.623493149,-0.483321635
1008,2525502,1465850,0.944,0.359,0.102,4.6,0.9,-0.6,-6.3,-37.7,-1.2,0.566057314,-0.239112522,-0.623523667,-0.483291116
1009,2528484,1465860,0.948,0.363,0.099,4.5,0.9,-0.6,-4.8,-38.8,-1.5,0.566087832,-0.239051485,-0.623554186,-0.483230079
1010,2529966,1465860,0.948,0.359,0.098,4.3,1,-0.6,-4.8,-38.8,-1.5,0.566118351,-0.238959929,-0.623584704,-0.483199561
1011,2532971,1465860,0.948,0.356,0.102,4.2,1.1,-0.7,-4.8,-38.8,-1.5,0.566148869,-0.238898892,-0.623645741,-0.483138524
1012,2535193,1465860,0.952,0.359,0.102,4,1.4,-0.8,-4.8,-38.8,-1.5,0.566179388,-0.238807337,-0.62367626,-0.483108005
1013,2538412,1465870,0.948,0.356,0.098,3.7,1.5,-0.8,-6.1,-37,-1.5,0.566209906,-0.2387463,-0.62367626,-0.483077486
1014,2540638,1465870,0.952,0.352,0.102,3.6,1.7,-0.8,-6.1,-37,-1.5,0.566240425,-0.238654744,-0.623706778,-0.483046968
1015,2542750,1465870,0.948,0.352,0.098,3.4,1.8,-0.7,-6.1,-37,-1.5,0.566270943,-0.238593707,-0.623737297,-0.483016449
1016,2546138,1465870,0.948,0.352,0.102,3.2,2,-0.6,-6.1,-37,-1.5,0.56633198,-0.238502152,-0.623737297,-0.482985931
1017,2547975,1465880,0.948,0.348,0.098,3.1,2.1,-0.5,-6.2,-37.5,-1.3,0.566362499,-0.238441115,-0.623737297,-0.482955412
1018,2550178,1465880,0.948,0.348,0.102,2.8,2.1,-0.5,-6.2,-37.5,-1.3,0.566393017,-0.238380078,-0.623767815,-0.482955412
1019,2553536,1465880,0.952,0.34,0.098,2.5,2.2,-0.5,-6.2,-37.5,-1.3,0.566423536,-0.23831904,-0.623767815,-0.482894375
1020,2554946,1465880,0.948,0.352,0.094,2.3,2.3,-0.7,-6.2,-37.5,-1.3,0.566484573,-0.238258003,-0.623767815,-0.482894375
1021,2558191,1465890,0.948,0.344,0.094,2.2,2.5,-0.7,-6.5,-36.9,-1.1,0.566515091,-0.238196966,-0.623767815,-0.482894375
1022,2560527,1465890,0.944,0.344,0.091,2.2,2.6,-0.7,-6.5,-36.9,-1.1,0.56654561,-0.238135929,-0.623737297,-0.482894375
1023,2562347,1465890,0.944,0.344,0.094,2.3,2.8,-0.6,-6.5,-36.9,-1.1,0.566606647,-0.238044374,-0.623737297,-0.482894375
1024,2566482,1465890,0.944,0.344,0.094,2.3,2.8,-0.5,-6.5,-36.9,-1.1,0.566637165,-0.237983337,-0.623737297,-0.482894375
1025,2568767,1465900,0.944,0.344,0.094,2.3,2.8,-0.5,-6.5,-36.9,-1.1,0.566637165,-0.237983337,-0.623737297,-0.482894375
1026,2571022,1465900,0.948,0.344,0.09,2.4,2.8,-0.2,-6.2,-37.1,-1.3,0.56654561,-0.237861263,-0.623950926,-0.48280282
1027,2572764,1465900,0.944,0.344,0.098,2.5,2.9,-0.1,-6.2,-37.1,-1.3,0.566606647,-0.237800226,-0.623920408,-0.482772301
1028,2576275,1465900,0.944,0.344,0.094,2.7,3.2,0,-6.2,-37.1,-1.3,0.566667684,-0.23770867,-0.623920408,-0.482772301
1029,2578276,1465910,0.944,0.348,0.094,2.8,3.3,0,-5,-38.7,-1.5,0.566728721,-0.237647633,-0.623920408,-0.482741783
1030,2580373,1465910,0.948,0.348,0.094,2.8,3.4,0,-5,-38.7,-1.5,0.566789758,-0.237586596,-0.623889889,-0.482711264
1031,2582619,1465910,0.948,0.348,0.094,2.9,3.4,0.1,-5,-38.7,-1.5,0.566850795,-0.237495041,-0.623889889,-0.482680746
1032,2585187,1465910,0.948,0.344,0.094,3.2,3.4,0.1,-5,-38.7,-1.5,0.566911832,-0.237434004,-0.623859371,-0.482650227
1033,2587377,1465920,0.948,0.348,0.098,3.6,3.5,0,-6.1,-38,-1.7,0.566972869,-0.237342448,-0.623859371,-0.482619709
1034,2590700,1465920,0.944,0.352,0.091,4,3.7,-0.1,-6.1,-38,-1.7,0.567033906,-0.237250893,-0.623859371,-0.48258919
1035,2592928,1465920,0.948,0.348,0.102,4.4,3.8,-0.2,-6.1,-38,-1.7,0.567125462,-0.237159337,-0.623859371,-0.482558672
1036,2595226,1465920,0.952,0.348,0.098,4.6,4.1,-0.4,-6.1,-38,-1.7,0.567186499,-0.237037263,-0.623859371,-0.482528153
1037,2599516,1465930,0.948,0.344,0.098,4.8,4.3,-0.6,-6,-37.5,-1.1,0.567278054,-0.236945708,-0.623859371,-0.482497635
1038,2601431,1465930,0.948,0.348,0.102,4.9,4.5,-0.7,-6,-37.5,-1.1,0.567339091,-0.236823634,-0.623859371,-0.482467116
1039,2603753,1465930,0.944,0.348,0.098,5.1,4.5,-0.6,-6,-37.5,-1.1,0.567430647,-0.236701559,-0.623859371,-0.482406079
1040,2605697,1465930,0.944,0.348,0.098,5.2,4.5,-0.5,-6,-37.5,-1.1,0.567522202,-0.236548967,-0.623859371,-0.482375561
1041,2607733,1465940,0.952,0.348,0.098,5.3,4.3,-0.4,-5.7,-37.6,-0.9,0.567583239,-0.236457411,-0.623859371,-0.482345042
1042,2610289,1465940,0.944,0.344,0.098,5.4,4.2,-0.4,-5.7,-37.6,-0.9,0.567674795,-0.236335337,-0.623889889,-0.482284005
1043,2612533,1465940,0.944,0.34,0.102,5.5,4.3,-0.6,-5.7,-37.6,-0.9,0.56776635,-0.236213263,-0.623889889,-0.482253487
1044,2616785,1465940,0.944,0.34,0.102,5.6,4.4,-0.7,-5.7,-37.6,-0.9,0.567827387,-0.236091189,-0.623889889,-0.48219245
1045,2618700,1465950,0.944,0.34,0.102,5.6,4.4,-0.7,-5.7,-37.6,-0.9,0.567827387,-0.236091189,-0.623889889,-0.48219245
1046,2621087,1465950,0.94,0.34,0.098,6,4.5,-0.7,-5.9,-37.7,-1,0.567857906,-0.235816523,-0.624103519,-0.482039857
1047,2623263,1465950,0.937,0.336,0.091,6.3,4.5,-0.7,-5.9,-37.7,-1,0.567918943,-0.235694449,-0.624134037,-0.482009339
1048,2626400,1465950,0.941,0.336,0.09,6.6,4.6,-0.7,-5.9,-37.7,-1,0.568010498,-0.235541856,-0.624134037,-0.481948302
1049,2628456,1465960,0.94,0.34,0.094,6.8,4.7,-0.8,-5.2,-38.7,-0.9,0.568102054,-0.235389264,-0.624164556,-0.481887265
1050,2631625,1465960,0.937,0.336,0.098,7,4.8,-0.9,-5.2,-38.7,-0.9,0.568193609,-0.235236671,-0.624164556,-0.481826228
1051,2633759,1465960,0.937,0.34,0.091,7.2,5,-1,-5.2,-38.7,-0.9,0.568285165,-0.235084078,-0.624195074,-0.481765191
1052,2636504,1465960,0.937,0.328,0.098,7.4,5,-1.1,-5.2,-38.7,-0.9,0.568407239,-0.234931486,-0.624225593,-0.481704154
1053,2638579,1465970,0.937,0.332,0.098,7.5,5.2,-1.1,-6.1,-37.9,-1,0.568498795,-0.234748375,-0.624225593,-0.481643117
1054,2640562,1465970,0.937,0.336,0.094,7.6,5.2,-1.1,-6.1,-37.9,-1,0.56859035,-0.234595782,-0.624256111,-0.48158208
1055,2642351,1465970,0.933,0.332,0.098,7.7,5.2,-0.9,-6.1,-37.9,-1,0.568681906,-0.23444319,-0.62428663,-0.481521043
1056,2646284,1465970,0.937,0.336,0.098,7.7,5.2,-0.8,-6.1,-37.9,-1,0.56880398,-0.234260079,-0.62428663,-0.481429487
1057,2648763,1465980,0.937,0.34,0.095,7.6,5.3,-0.6,-6.2,-37.7,-1,0.568895535,-0.234107486,-0.624317148,-0.48136845
1058,2650731,1465980,0.929,0.34,0.099,7.5,5.2,-0.4,-6.2,-37.7,-1,0.568987091,-0.233954894,-0.624347667,-0.481307413
1059,2652962,1465980,0.933,0.336,0.098,7.4,5.1,-0.2,-6.2,-37.7,-1,0.569109165,-0.233802301,-0.624347667,-0.481246376
1060,2655200,1465980,0.933,0.336,0.098,7.4,5,-0.2,-6.2,-37.7,-1,0.56920072,-0.23361919,-0.624378185,-0.48115482
1061,2657747,1465990,0.929,0.34,0.095,7.3,4.8,-0.3,-5.7,-37.6,-0.9,0.569322794,-0.233497116,-0.624378185,-0.481093783
1062,2659938,1465990,0.929,0.34,0.095,7.3,4.8,-0.3,-5.7,-37.6,-0.9,0.56941435,-0.233344523,-0.624408704,-0.481032746
1063,2663639,1465990,0.925,0.34,0.099,7.3,4.8,-0.2,-5.7,-37.6,-0.9,0.569505905,-0.233222449,-0.624408704,-0.480941191
1064,2665732,1465990,0.929,0.348,0.095,7.4,4.8,-0.3,-5.7,-37.6,-0.9,0.569627979,-0.233069857,-0.624439222,-0.480880154
1065,2668082,1466000,0.929,0.348,0.095,7.4,4.8,-0.3,-5.7,-37.6,-0.9,0.569627979,-0.233069857,-0.624439222,-0.480880154
1066,2670191,1466000,0.925,0.348,0.095,7.6,4.7,-0.4,-6,-37.7,-1,0.569658498,-0.232734153,-0.624652852,-0.480697043
1067,2673566,1466000,0.921,0.348,0.095,7.7,4.5,-0.3,-6,-37.7,-1,0.569750053,-0.232581561,-0.62468337,-0.480605487
1068,2675089,1466000,0.925,0.348,0.095,7.8,4.4,-0.2,-6,-37.7,-1,0.569872127,-0.232428968,-0.624713889,-0.48054445
1069,2678157,1466010,0.925,0.352,0.091,7.9,4.3,0,-5.5,-38.6,-1.3,0.569963683,-0.232306894,-0.624744407,-0.480452895
1070,2680043,1466010,0.925,0.352,0.095,7.9,4.3,-0.1,-5.5,-38.6,-1.3,0.570055239,-0.232154302,-0.624774926,-0.480361339
1071,2684157,1466010,0.925,0.356,0.091,8,4.2,-0.2,-5.5,-38.6,-1.3,0.570146794,-0.232001709,-0.624805445,-0.480269784
1072,2686380,1466010,0.925,0.356,0.095,8,4,-0.2,-5.5,-38.6,-1.3,0.57023835,-0.231849116,-0.624835963,-0.480208747
1073,2688590,1466020,0.921,0.36,0.095,8.2,3.8,-0.2,-5.9,-37,-0.7,0.570329905,-0.231666005,-0.624866482,-0.480117191
1074,2690577,1466020,0.925,0.356,0.095,8.4,3.7,0,-5.9,-37,-0.7,0.570421461,-0.23157445,-0.624927519,-0.479995117
1075,2692685,1466020,0.925,0.364,0.103,8.5,3.5,0,-5.9,-37,-0.7,0.570513016,-0.231421857,-0.624958037,-0.479903562
1076,2696016,1466020,0.925,0.364,0.099,8.7,3.3,0,-5.9,-37,-0.7,0.570604572,-0.231269265,-0.625019074,-0.479812006
1077,2698197,1466030,0.925,0.364,0.099,8.8,3.1,0,-5.5,-37.3,-0.8,0.570696127,-0.231116672,-0.625049593,-0.479689932
1078,2700094,1466030,0.921,0.368,0.099,9,2.9,0,-5.5,-37.3,-0.8,0.570787683,-0.230994598,-0.62511063,-0.479598376
1079,2703510,1466030,0.921,0.364,0.099,9.1,2.6,0,-5.5,-37.3,-0.8,0.570879238,-0.230842006,-0.625171667,-0.479476302
1080,2705562,1466030,0.925,0.364,0.103,9.4,2.4,-0.1,-5.5,-37.3,-0.8,0.570940275,-0.230689413,-0.625263222,-0.479354228
1081,2707828,1466040,0.921,0.36,0.107,9.7,2.3,-0.2,-5.6,-36.9,-0.6,0.571031831,-0.230536821,-0.625324259,-0.479262673
1082,2710305,1466040,0.925,0.364,0.103,10,2.1,-0.4,-5.6,-36.9,-0.6,0.571092868,-0.230384228,-0.625415815,-0.479140599
1083,2712532,1466040,0.921,0.36,0.103,10.2,2.1,-0.6,-5.6,-36.9,-0.6,0.571184423,-0.230231635,-0.62550737,-0.478988006
1084,2714937,1466040,0.921,0.36,0.099,10.4,2.2,-0.6,-5.6,-36.9,-0.6,0.57124546,-0.230079043,-0.625568407,-0.478896451
1085,2718577,1466050,0.921,0.36,0.099,10.4,2.2,-0.6,-5.6,-36.9,-0.6,0.57124546,-0.230079043,-0.625568407,-0.478896451
1086,2720735,1466050,0.917,0.356,0.107,10.6,2,-0.4,-6,-37,-0.9,0.571092868,-0.229407636,-0.625965148,-0.478835414
1087,2723107,1466050,0.921,0.36,0.107,10.7,1.8,-0.3,-6,-37,-0.9,0.571153905,-0.229255043,-0.626087222,-0.47871334
1088,2725231,1466050,0.921,0.36,0.103,10.8,1.7,-0.2,-6,-37,-0.9,0.57124546,-0.229071932,-0.626178777,-0.478591266
1089,2728570,1466060,0.925,0.36,0.103,11,1.7,-0.2,-5.9,-38.4,-0.9,0.571275979,-0.22891934,-0.626270333,-0.478438673
1090,2730564,1466060,0.917,0.36,0.099,11.2,1.6,-0.2,-5.9,-38.4,-0.9,0.571398053,-0.228736229,-0.626392407,-0.478286081
1091,2732800,1466060,0.917,0.352,0.103,11.5,1.5,-0.3,-5.9,-38.4,-0.9,0.57145909,-0.228614154,-0.626483963,-0.478164006
1092,2735379,1466060,0.921,0.352,0.107,11.6,1.4,-0.4,-5.9,-38.4,-0.9,0.571550645,-0.228431043,-0.626606037,-0.478011414
1093,2738138,1466070,0.925,0.356,0.107,11.8,1.3,-0.4,-5.7,-37.4,-0.8,0.571611682,-0.228278451,-0.626697592,-0.477858821
1094,2740165,1466070,0.921,0.352,0.103,12,1.3,-0.4,-5.7,-37.4,-0.8,0.57167272,-0.22809534,-0.626819666,-0.477706229
1095,2744244,1466070,0.925,0.356,0.107,12.3,1.3,-0.4,-5.7,-37.4,-0.8,0.571764275,-0.227912229,-0.626911222,-0.477553636
1096,2746452,1466070,0.921,0.356,0.099,12.4,1.2,-0.4,-5.7,-37.4,-0.8,0.571825312,-0.227759636,-0.627033296,-0.477401044
1097,2748599,1466080,0.921,0.36,0.103,12.5,1.1,-0.4,-5.4,-37.6,-0.4,0.571916868,-0.227576525,-0.62715537,-0.477217933
1098,2750700,1466080,0.925,0.356,0.103,12.7,0.9,-0.2,-5.4,-37.6,-0.4,0.571977905,-0.227393414,-0.627277444,-0.477034822
1099,2752956,1466080,0.925,0.356,0.103,12.8,0.9,-0.1,-5.4,-37.6,-0.4,0.57206946,-0.227240822,-0.627399518,-0.476882229
1100,2755064,1466080,0.925,0.352,0.107,12.9,0.8,0,-5.4,-37.6,-0.4,0.572130497,-0.227057711,-0.627521592,-0.476729637
1101,2758164,1466090,0.925,0.356,0.099,13,0.7,0.1,-5.6,-37.6,-0.6,0.572222053,-0.226905118,-0.627643666,-0.476546525
1102,2760449,1466090,0.925,0.36,0.103,13,0.7,0.1,-5.6,-37.6,-0.6,0.57228309,-0.226722007,-0.62776574,-0.476363414
1103,2762597,1466090,0.921,0.36,0.099,13,0.5,0.1,-5.6,-37.6,-0.6,0.572344127,-0.226569414,-0.627918332,-0.476180303
1104,2766378,1466090,0.925,0.364,0.095,13,0.4,0,-5.6,-37.6,-0.6,0.572435682,-0.226386303,-0.628040407,-0.475997192
1105,2767672,1466100,0.925,0.364,0.095,13,0.4,0,-5.6,-37.6,-0.6,0.572435682,-0.226386303,-0.628040407,-0.475997192
1106,2770930,1466100,0.925,0.372,0.095,13,0.1,0.1,-5.8,-37.7,-0.4,0.572252571,-0.225775933,-0.628559221,-0.475814081
1107,2772932,1466100,0.921,0.372,0.095,12.9,0,0.2,-5.8,-37.7,-0.4,0.572313608,-0.225623341,-0.628681295,-0.47563097
1108,2776037,1466100,0.921,0.368,0.099,13,0,0.3,-5.8,-37.7,-0.4,0.572374645,-0.225440229,-0.628833888,-0.475447859
1109,2777531,1466110,0.921,0.375,0.103,13,0,0.4,-5.8,-38.3,-0.5,0.572466201,-0.225287637,-0.628955962,-0.475264748
1110,2780367,1466110,0.925,0.371,0.103,13,0,0.5,-5.8,-38.3,-0.5,0.572527238,-0.225135044,-0.629108554,-0.475081637
1111,2783409,1466110,0.925,0.371,0.107,13,0,0.5,-5.8,-38.3,-0.5,0.572588275,-0.224982452,-0.629230628,-0.474898526
1112,2786408,1466110,0.925,0.375,0.099,13.1,0,0.3,-5.8,-38.3,-0.5,0.572649312,-0.224829859,-0.629352702,-0.474715415
1113,2787827,1466120,0.925,0.379,0.103,13.2,-0.1,0.2,-5.6,-37.9,-0.5,0.572740867,-0.224677267,-0.629505295,-0.474532304
1114,2790907,1466120,0.933,0.379,0.107,13.3,-0.2,0.1,-5.6,-37.9,-0.5,0.572801904,-0.224494156,-0.629657888,-0.474349193
1115,2793981,1466120,0.933,0.379,0.107,13.4,-0.3,0.1,-5.6,-37.9,-0.5,0.572862941,-0.224341563,-0.629779962,-0.474166082
1116,2796112,1466120,0.933,0.383,0.111,13.5,-0.4,0.3,-5.6,-37.9,-0.5,0.572923978,-0.224188971,-0.629932554,-0.473952452
1117,2797506,1466130,0.933,0.379,0.107,13.6,-0.6,0.4,-5.7,-37.9,-0.5,0.572985015,-0.224036378,-0.630085147,-0.473769341
1118,2800481,1466130,0.933,0.383,0.103,13.7,-0.7,0.5,-5.7,-37.9,-0.5,0.573046052,-0.223853267,-0.630237739,-0.473555712
1119,2803461,1466130,0.936,0.387,0.111,13.7,-0.8,0.5,-5.7,-37.9,-0.5,0.573107089,-0.223700674,-0.630390332,-0.4733726
1120,2804965,1466130,0.936,0.383,0.111,13.7,-1,0.5,-5.7,-37.9,-0.5,0.573168126,-0.223548082,-0.630542924,-0.473128452
1121,2807936,1466140,0.933,0.387,0.115,13.7,-1,0.3,-5.9,-38.1,-0.4,0.573229163,-0.223395489,-0.630695517,-0.47297586
1122,2810995,1466140,0.936,0.391,0.111,13.7,-0.9,0.2,-5.9,-38.1,-0.4,0.573259682,-0.223242897,-0.630848109,-0.47276223
1123,2812422,1466140,0.936,0.383,0.111,13.5,-0.9,0,-5.9,-38.1,-0.4,0.573320719,-0.223090304,-0.631000702,-0.472579119
1124,2815407,1466140,0.936,0.379,0.107,13.3,-0.9,0,-5.9,-38.1,-0.4,0.573381756,-0.222937712,-0.631122776,-0.472396008
1125,2818530,1466150,0.936,0.379,0.107,13.3,-0.9,0,-5.9,-38.1,-0.4,0.573381756,-0.222937712,-0.631122776,-0.472396008
1126,2819928,1466150,0.936,0.379,0.115,13,-1.2,0.1,-5.8,-37.8,-0.4,0.573320719,-0.222327342,-0.631488998,-0.472243416
1127,2822904,1466150,0.936,0.383,0.111,12.9,-1.2,0.2,-5.8,-37.8,-0.4,0.573381756,-0.222205267,-0.631641591,-0.472060305
1128,2826119,1466150,0.94,0.379,0.115,12.9,-1.3,0.3,-5.8,-37.8,-0.4,0.573442793,-0.222052675,-0.631794183,-0.471877194
1129,2827547,1466160,0.933,0.379,0.115,12.7,-1.4,0.4,-5.8,-38,-0.1,0.573473312,-0.221900082,-0.631946776,-0.471663564
1130,2830489,1466160,0.933,0.379,0.107,12.6,-1.5,0.6,-5.8,-38,-0.1,0.573534349,-0.221778008,-0.63206885,-0.471480453
1131,2833555,1466160,0.936,0.379,0.115,12.4,-1.6,0.7,-5.8,-38,-0.1,0.573564867,-0.221655934,-0.632221442,-0.471297342
1132,2834964,1466160,0.936,0.375,0.111,12.3,-1.7,0.8,-5.8,-38,-0.1,0.573625904,-0.22153386,-0.632374035,-0.471114231
1133,2837932,1466170,0.933,0.379,0.115,12.1,-1.8,0.8,-5.6,-37.9,0,0.573656423,-0.221411786,-0.632526627,-0.47093112
1134,2840274,1466170,0.933,0.379,0.111,11.8,-1.9,0.8,-5.6,-37.9,0,0.573686941,-0.221289712,-0.632648701,-0.470748009
1135,2843346,1466170,0.936,0.375,0.111,11.6,-2,0.9,-5.6,-37.9,0,0.57371746,-0.221167638,-0.632801294,-0.470564898
1136,2844826,1466170,0.933,0.375,0.107,11.4,-1.9,1.1,-5.6,-37.9,0,0.573778497,-0.221076083,-0.632923368,-0.470381787
1137,2847319,1466180,0.933,0.383,0.107,11.2,-1.9,1.2,-6,-38.1,-0.1,0.573809015,-0.22092349,-0.633075961,-0.470198675
1138,2851618,1466180,0.929,0.379,0.107,11,-1.8,1.2,-6,-38.1,-0.1,0.573839534,-0.220862453,-0.633198035,-0.470015564
1139,2853913,1466180,0.936,0.383,0.107,10.8,-1.7,1.3,-6,-38.1,-0.1,0.573900571,-0.220770898,-0.633320109,-0.469832453
1140,2856148,1466180,0.937,0.383,0.103,10.6,-1.6,1.5,-6,-38.1,-0.1,0.573931089,-0.220679342,-0.633442183,-0.469679861
1141,2857464,1466190,0.933,0.379,0.107,10.4,-1.7,1.6,-5.4,-37.9,0.1,0.573992126,-0.220587786,-0.633564257,-0.46949675
1142,2860534,1466190,0.929,0.387,0.103,10.3,-1.8,1.6,-5.4,-37.9,0.1,0.574022645,-0.220496231,-0.633686331,-0.469313639
1143,2862858,1466190,0.933,0.383,0.103,10.1,-1.9,1.7,-5.4,-37.9,0.1,0.574053163,-0.220404675,-0.633777886,-0.469161046
1144,2865952,1466190,0.933,0.387,0.107,9.8,-1.8,1.7,-5.4,-37.9,0.1,0.5741142,-0.220343638,-0.633930479,-0.468977935
1145,2867338,1466200,0.933,0.387,0.107,9.8,-1.8,1.7,-5.4,-37.9,0.1,0.5741142,-0.220343638,-0.633930479,-0.468977935
1146,2870245,1466200,0.936,0.387,0.107,9.3,-1.6,1.7,-5.8,-37.9,0.5,0.573900571,-0.219611194,-0.634266182,-0.469100009
1147,2873409,1466200,0.937,0.383,0.103,9.1,-1.5,1.7,-5.8,-37.9,0.5,0.573931089,-0.219550157,-0.634357738,-0.468947417
1148,2876162,1466200,0.933,0.383,0.107,8.9,-1.3,1.6,-5.8,-37.9,0.5,0.573992126,-0.219458602,-0.634479812,-0.468794824
1149,2877671,1466210,0.94,0.383,0.107,8.6,-1.3,1.5,-5.7,-38,0.1,0.574022645,-0.219397565,-0.634571368,-0.468642232
1150,2880571,1466210,0.937,0.387,0.099,8.4,-1.1,1.3,-5.7,-38,0.1,0.574053163,-0.219306009,-0.634662923,-0.468520157
1151,2883541,1466210,0.933,0.387,0.111,8.1,-1,1.2,-5.7,-38,0.1,0.5741142,-0.219244972,-0.634754479,-0.468367565
1152,2885019,1466210,0.937,0.383,0.103,7.9,-0.8,1.2,-5.7,-38,0.1,0.574144719,-0.219183935,-0.634846034,-0.468245491
1153,2888026,1466220,0.94,0.387,0.107,7.8,-0.8,1.2,-6,-37.6,0.2,0.574175237,-0.21909238,-0.634907071,-0.468123417
1154,2890976,1466220,0.936,0.387,0.103,7.6,-0.8,1.1,-6,-37.6,0.2,0.574205756,-0.219031343,-0.634998627,-0.468001343
1155,2892492,1466220,0.94,0.391,0.099,7.4,-0.7,1,-6,-37.6,0.2,0.574236274,-0.218970305,-0.635090182,-0.467879269
1156,2895521,1466220,0.94,0.387,0.107,7,-0.5,0.9,-6,-37.6,0.2,0.574297311,-0.21887875,-0.635151219,-0.467757195
1157,2897681,1466230,0.936,0.387,0.103,6.7,-0.4,0.9,-5.5,-37.7,0.4,0.57432783,-0.218817713,-0.635212256,-0.467665639
1158,2900844,1466230,0.937,0.383,0.103,6.4,-0.3,0.9,-5.5,-37.7,0.4,0.574358348,-0.218756676,-0.635303812,-0.467543565
1159,2903570,1466230,0.94,0.383,0.099,6.1,-0.2,0.9,-5.5,-37.7,0.4,0.574388867,-0.218695639,-0.635364849,-0.46745201
1160,2905088,1466230,0.944,0.383,0.107,5.7,-0.2,0.7,-5.5,-37.7,0.4,0.574419385,-0.218634602,-0.635395367,-0.467360454
1161,2908121,1466240,0.944,0.383,0.099,5.4,-0.2,0.7,-5.8,-38,0.2,0.574449904,-0.218573565,-0.635456404,-0.467268899
1162,2910968,1466240,0.944,0.379,0.099,5.1,0,0.8,-5.8,-38,0.2,0.574480422,-0.218512528,-0.635517441,-0.467207862
1163,2912522,1466240,0.944,0.375,0.099,4.9,0,0.8,-5.8,-38,0.2,0.574510941,-0.218482009,-0.63554796,-0.467116306
1164,2915573,1466240,0.94,0.371,0.095,4.8,0,0.8,-5.8,-38,0.2,0.574541459,-0.218420972,-0.635608997,-0.467024751
1165,2918591,1466250,0.94,0.371,0.095,4.8,0,0.8,-5.8,-38,0.2,0.574541459,-0.218420972,-0.635608997,-0.467024751
1166,2919936,1466250,0.944,0.367,0.103,4.4,0.3,0.9,-5.8,-38.1,0.2,0.574419385,-0.217993713,-0.635792108,-0.467146825
1167,2923131,1466250,0.948,0.375,0.095,4.2,0.5,0.9,-5.8,-38.1,0.2,0.574449904,-0.217963195,-0.635822626,-0.467085788
1168,2924797,1466250,0.952,0.375,0.099,4.1,0.5,0.9,-5.8,-38.1,0.2,0.574480422,-0.217902158,-0.635853145,-0.466994232
1169,2928327,1466260,0.948,0.375,0.095,3.9,0.6,0.9,-5.7,-37.8,0.6,0.574541459,-0.217871639,-0.635883663,-0.466933195
1170,2931363,1466260,0.944,0.371,0.095,3.8,0.7,0.8,-5.7,-37.8,0.6,0.574571978,-0.217810602,-0.635914182,-0.466872158
1171,2932812,1466260,0.948,0.371,0.099,3.7,0.8,0.7,-5.7,-37.8,0.6,0.574602496,-0.217780084,-0.6359447,-0.466811121
1172,2934975,1466260,0.948,0.375,0.099,3.5,0.8,0.8,-5.7,-37.8,0.6,0.574633015,-0.217749565,-0.6359447,-0.466780602
1173,2937632,1466270,0.944,0.375,0.099,3.4,0.8,1,-6.3,-37.9,0.2,0.574694052,-0.217688528,-0.635975219,-0.466719565
1174,2940500,1466270,0.948,0.371,0.099,3.2,0.7,1.1,-6.3,-37.9,0.2,0.57472457,-0.21765801,-0.636005737,-0.466658528
1175,2943629,1466270,0.948,0.375,0.095,3.1,0.7,1.2,-6.3,-37.9,0.2,0.574755089,-0.217627491,-0.636005737,-0.466597491
1176,2945177,1466270,0.952,0.375,0.099,2.9,0.6,1.4,-6.3,-37.9,0.2,0.574785607,-0.217627491,-0.636036256,-0.466536454
1177,2948818,1466280,0.952,0.375,0.095,2.9,0.8,1.5,-5.9,-38.4,0.1,0.574846644,-0.217596973,-0.636036256,-0.466475417
1178,2950377,1466280,0.948,0.375,0.095,2.9,0.8,1.7,-5.9,-38.4,0.1,0.574877163,-0.217566454,-0.636036256,-0.46641438
1179,2952621,1466280,0.948,0.375,0.095,2.9,0.9,1.7,-5.9,-38.4,0.1,0.5749382,-0.217535936,-0.636066774,-0.466383862
1180,2955536,1466280,0.948,0.371,0.095,2.9,0.9,1.5,-5.9,-38.4,0.1,0.574968719,-0.217535936,-0.636066774,-0.466322825
1181,2957859,1466290,0.948,0.371,0.099,2.8,1,1.5,-5.9,-37.9,0.2,0.575029756,-0.217505417,-0.636066774,-0.466261788
1182,2960129,1466290,0.944,0.375,0.099,2.6,1.1,1.4,-5.9,-37.9,0.2,0.575060274,-0.217474899,-0.636066774,-0.466200751
1183,2963883,1466290,0.944,0.371,0.095,2.4,1.1,1.3,-5.9,-37.9,0.2,0.575090793,-0.21744438,-0.636097293,-0.466170232
1184,2965446,1466290,0.948,0.375,0.099,2.2,1.1,1.3,-5.9,-37.9,0.2,0.57515183,-0.217413862,-0.636097293,-0.466109195
1185,2968364,1466300,0.948,0.375,0.099,2.2,1.1,1.3,-5.9,-37.9,0.2,0.57515183,-0.217413862,-0.636097293,-0.466109195
1186,2969792,1466300,0.948,0.367,0.091,2.1,1.3,1.5,-5.8,-38.2,0.2,0.575029756,-0.217017121,-0.636188849,-0.466292306
1187,2972971,1466300,0.944,0.371,0.095,2.1,1.3,1.5,-5.8,-38.2,0.2,0.575060274,-0.217017121,-0.636188849,-0.466231269
1188,2975139,1466300,0.948,0.367,0.091,2.1,1.2,1.4,-5.8,-38.2,0.2,0.575121311,-0.217017121,-0.636188849,-0.466200751
1189,2978002,1466310,0.944,0.375,0.095,2,1.1,1.4,-5.7,-37.6,0.1,0.57515183,-0.216986602,-0.636188849,-0.466170232
1190,2981171,1466310,0.944,0.367,0.095,1.9,1.1,1.5,-5.7,-37.6,0.1,0.575182348,-0.216986602,-0.636188849,-0.466109195
1191,2983151,1466310,0.94,0.371,0.091,1.9,1.1,1.5,-5.7,-37.6,0.1,0.575243385,-0.216956084,-0.636188849,-0.466078677
1192,2985466,1466310,0.94,0.375,0.099,1.9,1,1.6,-5.7,-37.6,0.1,0.575273904,-0.216956084,-0.636188849,-0.466048158
1193,2987599,1466320,0.944,0.371,0.091,1.9,1,1.6,-6,-37.8,0.4,0.575304422,-0.216925565,-0.636188849,-0.465987121
1194,2989973,1466320,0.937,0.379,0.099,1.9,0.9,1.7,-6,-37.8,0.4,0.575365459,-0.216925565,-0.636188849,-0.465956603
1195,2992856,1466320,0.937,0.371,0.095,1.8,1,1.6,-6,-37.8,0.4,0.575395978,-0.216925565,-0.636188849,-0.465895566
1196,2996685,1466320,0.94,0.375,0.095,1.8,1,1.6,-6,-37.8,0.4,0.575426496,-0.216895047,-0.636188849,-0.465865047
1197,2998029,1466330,0.937,0.375,0.099,1.7,1,1.6,-5.7,-37.3,0.5,0.575487533,-0.216895047,-0.636188849,-0.465834529
1198,3001136,1466330,0.937,0.379,0.099,1.7,0.9,1.6,-5.7,-37.3,0.5,0.575518052,-0.216895047,-0.636188849,-0.465773492
1199,3002573,1466330,0.937,0.379,0.099,1.8,0.7,1.6,-5.7,-37.3,0.5,0.57554857,-0.216895047,-0.636188849,-0.465742973
1200,3005547,1466330,0.937,0.375,0.099,2,0.6,1.7,-5.7,-37.3,0.5,0.575579089,-0.216864528,-0.636188849,-0.465681936
1201,3007895,1466340,0.937,0.375,0.099,2.1,0.6,1.9,-6.3,-37.8,0.4,0.575640126,-0.216864528,-0.636188849,-0.465651418
1202,3010195,1466340,0.937,0.383,0.099,2.1,0.6,1.9,-6.3,-37.8,0.4,0.575670644,-0.216864528,-0.636188849,-0.465590381
1203,3014073,1466340,0.937,0.387,0.099,2.1,0.5,1.9,-6.3,-37.8,0.4,0.575701163,-0.216864528,-0.636219367,-0.465529344
1204,3016379,1466340,0.933,0.379,0.099,2,0.5,2,-6.3,-37.8,0.4,0.575731681,-0.216864528,-0.636219367,-0.465468307
1205,3018661,1466350,0.933,0.379,0.099,2,0.5,2,-6.3,-37.8,0.4,0.575731681,-0.216864528,-0.636219367,-0.465468307
1206,3020668,1466350,0.929,0.383,0.095,2.2,0.5,2,-6.3,-37.9,0.5,0.575579089,-0.216437269,-0.636341441,-0.465681936
1207,3022833,1466350,0.936,0.387,0.103,2.4,0.5,2.1,-6.3,-37.9,0.5,0.575640126,-0.216437269,-0.636341441,-0.465620899
1208,3024883,1466350,0.937,0.379,0.099,2.5,0.6,2.1,-6.3,-37.9,0.5,0.575670644,-0.216406751,-0.63637196,-0.465559862
1209,3028924,1466360,0.937,0.379,0.099,2.5,0.6,2.1,-6,-37.5,0.7,0.575731681,-0.216406751,-0.63637196,-0.465498825
1210,3030299,1466360,0.937,0.383,0.099,2.5,0.7,1.9,-6,-37.5,0.7,0.5757622,-0.216406751,-0.63637196,-0.465437788
1211,3034182,1466360,0.937,0.383,0.103,2.4,0.8,1.8,-6,-37.5,0.7,0.575792718,-0.216376232,-0.63637196,-0.46540727
1212,3035964,1466360,0.94,0.387,0.095,2.3,0.8,1.8,-6,-37.5,0.7,0.575853755,-0.216376232,-0.63637196,-0.465315714
1213,3037793,1466370,0.937,0.379,0.103,2.1,0.8,1.8,-6.2,-38.2,0.3,0.575884274,-0.216376232,-0.63637196,-0.465285195
1214,3040842,1466370,0.944,0.379,0.099,2,0.9,2,-6.2,-38.2,0.3,0.575914792,-0.216345714,-0.63637196,-0.465254677
1215,3042550,1466370,0.944,0.379,0.095,2,0.9,2,-6.2,-38.2,0.3,0.575975829,-0.216345714,-0.63637196,-0.46519364
1216,3045918,1466370,0.944,0.379,0.095,1.8,0.9,2.1,-6.2,-38.2,0.3,0.576006348,-0.216345714,-0.63637196,-0.465132603
1217,3047367,1466380,0.94,0.379,0.099,1.7,0.9,2.1,-6.3,-38,0.5,0.576067385,-0.216345714,-0.63637196,-0.465102084
1218,3050356,1466380,0.944,0.379,0.095,1.5,0.9,2.2,-6.3,-38,0.5,0.576097903,-0.216345714,-0.63637196,-0.465041047
1219,3053458,1466380,0.948,0.375,0.099,1.2,0.9,2.2,-6.3,-38,0.5,0.576128422,-0.216345714,-0.63637196,-0.465010529
1220,3054840,1466380,0.948,0.371,0.095,0.9,0.8,2.2,-6.3,-38,0.5,0.576189459,-0.216376232,-0.636341441,-0.46498001
1221,3058502,1466390,0.948,0.371,0.099,0.6,0.8,2.1,-5.9,-38.1,0.5,0.576219977,-0.216376232,-0.636341441,-0.464949492
1222,3060153,1466390,0.952,0.367,0.098,0.3,0.8,2.2,-5.9,-38.1,0.5,0.576250496,-0.216406751,-0.636310923,-0.464918973
1223,3064021,1466390,0.952,0.363,0.095,0.1,0.7,2.4,-5.9,-38.1,0.5,0.576281014,-0.216437269,-0.636310923,-0.464888455
1224,3066183,1466390,0.952,0.363,0.091,0,0.6,2.4,-5.9,-38.1,0.5,0.576311533,-0.216437269,-0.636280404,-0.464857936
1225,3068043,1466400,0.952,0.363,0.091,0,0.6,2.4,-5.9,-38.1,0.5,0.576311533,-0.216437269,-0.636280404,-0.464857936
1226,3071428,1466400,0.952,0.356,0.087,-0.6,0.5,2.6,-5.9,-38.3,0.5,0.576250496,-0.216376232,-0.636310923,-0.464918973
1227,3072876,1466400,0.956,0.359,0.094,-0.9,0.6,2.7,-5.9,-38.3,0.5,0.576281014,-0.216406751,-0.636280404,-0.464888455
1228,3075955,1466400,0.956,0.356,0.09,-0.9,0.6,2.9,-5.9,-38.3,0.5,0.576342051,-0.216467788,-0.636249886,-0.464888455
1229,3078773,1466410,0.956,0.356,0.09,-1,0.7,3.1,-6,-37,0.5,0.57637257,-0.216528825,-0.636219367,-0.464857936
1230,3080380,1466410,0.956,0.356,0.087,-1,0.6,3.3,-6,-37,0.5,0.576403088,-0.216559343,-0.636188849,-0.464827418
1231,3083159,1466410,0.952,0.356,0.087,-1.2,0.5,3.5,-6,-37,0.5,0.576433607,-0.21662038,-0.63615833,-0.464796899
1232,3086648,1466410,0.948,0.356,0.083,-1.6,0.4,3.5,-6,-37,0.5,0.576464125,-0.216681417,-0.636097293,-0.464796899
1233,3088050,1466420,0.952,0.352,0.087,-2,0.3,3.4,-5.9,-38.1,0.6,0.576494644,-0.216772973,-0.636066774,-0.464766381
1234,3090923,1466420,0.948,0.352,0.083,-2.2,0.4,3.2,-5.9,-38.1,0.6,0.576525163,-0.21683401,-0.636036256,-0.464766381
1235,3092599,1466420,0.948,0.348,0.083,-2.4,0.4,3.1,-5.9,-38.1,0.6,0.576555681,-0.216895047,-0.635975219,-0.464766381
1236,3095501,1466420,0.948,0.348,0.083,-2.5,0.4,3.1,-5.9,-38.1,0.6,0.5765862,-0.216986602,-0.635914182,-0.464766381
1237,3098698,1466430,0.948,0.352,0.087,-2.5,0.3,3.1,-6.1,-38.1,0,0.576616718,-0.217017121,-0.635883663,-0.464766381
1238,3100040,1466430,0.944,0.352,0.083,-2.5,0.2,3.1,-6.1,-38.1,0,0.576647237,-0.217108676,-0.635853145,-0.464766381
1239,3103906,1466430,0.948,0.352,0.087,-2.3,0.2,3.1,-6.1,-38.1,0,0.576647237,-0.217200232,-0.635792108,-0.464735862
1240,3105485,1466430,0.941,0.344,0.083,-2.2,0.2,3.2,-6.1,-38.1,0,0.576677755,-0.217261269,-0.635761589,-0.464735862
1241,3107396,1466440,0.941,0.348,0.083,-2.1,0.2,3.3,-6.1,-38.5,0,0.576708274,-0.217322306,-0.635700552,-0.464735862
1242,3110568,1466440,0.944,0.348,0.083,-2,0.2,3.1,-6.1,-38.5,0,0.576738792,-0.217413862,-0.635670034,-0.464705344
1243,3113044,1466440,0.944,0.348,0.087,-1.9,0.4,3,-6.1,-38.5,0,0.576769311,-0.217474899,-0.635639515,-0.464705344
1244,3115604,1466440,0.944,0.348,0.091,-1.8,0.6,2.7,-6.1,-38.5,0,0.576799829,-0.217505417,-0.635608997,-0.464705344
1245,3117843,1466450,0.944,0.348,0.091,-1.8,0.6,2.7,-6.1,-38.5,0,0.576799829,-0.217505417,-0.635608997,-0.464705344
1246,3120214,1466450,0.944,0.352,0.087,-1.6,0.7,2.5,-6.3,-38.4,0,0.576769311,-0.217627491,-0.635639515,-0.464644307
1247,3122519,1466450,0.941,0.348,0.083,-1.5,0.9,2.4,-6.3,-38.4,0,0.576799829,-0.21765801,-0.635578478,-0.464644307
1248,3126322,1466450,0.944,0.344,0.087,-1.3,0.9,2.4,-6.3,-38.4,0,0.576830348,-0.217688528,-0.63554796,-0.464644307
1249,3128606,1466460,0.944,0.34,0.087,-1,1.1,2.3,-5.9,-37,0.6,0.576860866,-0.217749565,-0.635517441,-0.464644307
1250,3130256,1466460,0.941,0.348,0.083,-0.8,1.1,2.2,-5.9,-37,0.6,0.576891385,-0.217780084,-0.635486923,-0.464613788
1251,3134306,1466460,0.937,0.348,0.091,-0.7,1.2,2.2,-5.9,-37,0.6,0.576921903,-0.217780084,-0.635456404,-0.464613788
1252,3136706,1466460,0.941,0.348,0.079,-0.7,1.3,2.2,-5.9,-37,0.6,0.57698294,-0.217810602,-0.635425886,-0.464613788
1253,3138734,1466470,0.937,0.344,0.087,-0.7,1.3,2.2,-5.8,-38.2,0.2,0.577013459,-0.217841121,-0.635364849,-0.46458327
1254,3140873,1466470,0.944,0.34,0.087,-0.7,1.2,2.3,-5.8,-38.2,0.2,0.577043977,-0.217871639,-0.63533433,-0.46458327
1255,3142445,1466470,0.937,0.344,0.083,-0.6,1.2,2.4,-5.8,-38.2,0.2,0.577074496,-0.217902158,-0.635303812,-0.464552751
1256,3146213,1466470,0.937,0.344,0.083,-0.6,1.3,2.4,-5.8,-38.2,0.2,0.577135533,-0.217932676,-0.635273293,-0.464552751
1257,3148684,1466480,0.937,0.344,0.083,-0.6,1.5,2.2,-6.1,-38.2,0,0.577166051,-0.217963195,-0.635242775,-0.464522233
1258,3150004,1466480,0.941,0.348,0.087,-0.4,1.7,2.2,-6.1,-38.2,0,0.57719657,-0.217963195,-0.635212256,-0.464522233
1259,3152296,1466480,0.941,0.336,0.09,-0.3,1.8,2.2,-6.1,-38.2,0,0.577257607,-0.217993713,-0.635151219,-0.464491714
1260,3155406,1466480,0.941,0.336,0.09,-0.1,1.9,2.2,-6.1,-38.2,0,0.577288125,-0.217993713,-0.635120701,-0.464491714
1261,3157677,1466490,0.937,0.344,0.087,0,1.9,2.2,-6.2,-38.4,0.1,0.577349162,-0.217993713,-0.635090182,-0.464461196
1262,3161431,1466490,0.937,0.344,0.087,0.4,2,2.1,-6.2,-38.4,0.1,0.577410199,-0.217993713,-0.635059664,-0.464430677
1263,3163620,1466490,0.941,0.344,0.091,0.9,2.2,1.9,-6.2,-38.4,0.1,0.577471236,-0.217993713,-0.635029145,-0.464430677
1264,3165200,1466490,0.937,0.344,0.087,1.3,2.4,1.8,-6.2,-38.4,0.1,0.577532273,-0.217993713,-0.634998627,-0.464400159
1265,3167807,1466500,0.937,0.344,0.087,1.3,2.4,1.8,-6.2,-38.4,0.1,0.577532273,-0.217993713,-0.634998627,-0.464400159
1266,3171065,1466500,0.937,0.344,0.083,1.2,2.5,1.9,-5.8,-38.3,0.3,0.577532273,-0.217963195,-0.635090182,-0.464278085
1267,3173596,1466500,0.941,0.344,0.075,0.9,2.3,2.1,-5.8,-38.3,0.3,0.57759331,-0.217963195,-0.635059664,-0.464278085
1268,3175322,1466500,0.941,0.348,0.075,0.4,2.1,2.1,-5.8,-38.3,0.3,0.577623829,-0.217963195,-0.635029145,-0.464247566
1269,3177560,1466510,0.937,0.344,0.087,0.1,1.9,2.2,-6.5,-37,1.1,0.577684866,-0.217963195,-0.634998627,-0.464217048
1270,3181843,1466510,0.937,0.344,0.087,0,1.8,2.1,-6.5,-37,1.1,0.577745903,-0.217963195,-0.634968108,-0.464217048
1271,3183612,1466510,0.937,0.348,0.083,0,1.7,2.1,-6.5,-37,1.1,0.577776421,-0.217993713,-0.63493759,-0.464186529
1272,3186433,1466510,0.941,0.344,0.087,0,1.6,2.1,-6.5,-37,1.1,0.577837458,-0.217993713,-0.634907071,-0.464156011
1273,3189358,1466520,0.944,0.348,0.087,0.1,1.5,2.1,-6.1,-37.9,-0.4,0.577867977,-0.217993713,-0.634876553,-0.464156011
1274,3191556,1466520,0.944,0.348,0.087,0.3,1.5,2.2,-6.1,-37.9,-0.4,0.577929014,-0.217993713,-0.634846034,-0.464125492
1275,3193660,1466520,0.94,0.348,0.091,0.5,1.5,2.1,-6.1,-37.9,-0.4,0.577959532,-0.217993713,-0.634815516,-0.464094974
1276,3196126,1466520,0.94,0.352,0.091,0.7,1.8,2.1,-6.1,-37.9,-0.4,0.578020569,-0.217993713,-0.634784997,-0.464064455
1277,3197912,1466530,0.941,0.348,0.087,0.8,2,2.1,-6.4,-38,-0.5,0.578081606,-0.217993713,-0.634754479,-0.464033937
1278,3199948,1466530,0.944,0.348,0.083,0.8,2,2.2,-6.4,-38,-0.5,0.578112125,-0.217993713,-0.63472396,-0.464003418
1279,3202354,1466530,0.941,0.34,0.083,0.7,2.1,2.2,-6.4,-38,-0.5,0.578173162,-0.217993713,-0.634693442,-0.4639729
1280,3206503,1466530,0.944,0.344,0.083,0.6,2.2,2,-6.4,-38,-0.5,0.578234199,-0.217993713,-0.634662923,-0.463942381
1281,3208435,1466540,0.941,0.344,0.079,0.4,2.2,1.8,-6.1,-38.1,-0.6,0.578295236,-0.217993713,-0.634632405,-0.463942381
1282,3210666,1466540,0.944,0.344,0.083,0.1,2.2,1.6,-6.1,-38.1,-0.6,0.578325755,-0.217993713,-0.634601886,-0.463911863
1283,3212819,1466540,0.944,0.336,0.079,0,2,1.4,-6.1,-38.1,-0.6,0.578386792,-0.217993713,-0.634571368,-0.463911863
1284,3215880,1466540,0.948,0.34,0.083,-0.1,1.9,1.2,-6.1,-38.1,-0.6,0.57841731,-0.217993713,-0.634540849,-0.463911863
1285,3217392,1466550,0.948,0.34,0.083,-0.1,1.9,1.2,-6.1,-38.1,-0.6,0.57841731,-0.217993713,-0.634540849,-0.463911863
1286,3221177,1466550,0.948,0.348,0.091,-0.1,1.9,1.3,-6.2,-38,-0.6,0.578325755,-0.218085269,-0.634693442,-0.46375927
1287,3223516,1466550,0.944,0.34,0.09,-0.1,1.7,1.6,-6.2,-38,-0.6,0.578356273,-0.218085269,-0.634662923,-0.46375927
1288,3225344,1466550,0.948,0.336,0.086,-0.1,1.6,1.8,-6.2,-38,-0.6,0.57841731,-0.218115787,-0.634632405,-0.463728751
1289,3228520,1466560,0.944,0.34,0.094,0,1.5,2.1,-6.2,-36.8,1.3,0.578447829,-0.218115787,-0.634601886,-0.463728751
1290,3230603,1466560,0.944,0.348,0.094,0,1.5,2.1,-6.2,-36.8,1.3,0.578478347,-0.218146306,-0.634571368,-0.463698233
1291,3232879,1466560,0.948,0.348,0.094,0.1,1.4,2.2,-6.2,-36.8,1.3,0.578539384,-0.218146306,-0.634540849,-0.463667714
1292,3236054,1466560,0.948,0.344,0.094,0.1,1.2,2.2,-6.2,-36.8,1.3,0.578569903,-0.218176824,-0.634540849,-0.463667714
1293,3238147,1466570,0.948,0.344,0.094,0.3,1.2,2.4,-6.1,-37.6,-0.6,0.57863094,-0.218176824,-0.634510331,-0.463637196
1294,3240354,1466570,0.944,0.344,0.098,0.4,1.2,2.7,-6.1,-37.6,-0.6,0.578661458,-0.218207343,-0.634479812,-0.463576159
1295,3243578,1466570,0.944,0.344,0.098,0.4,1.2,2.8,-6.1,-37.6,-0.6,0.578722495,-0.218207343,-0.634449293,-0.46354564
1296,3245657,1466570,0.944,0.348,0.094,0.6,1.2,3,-6.1,-37.6,-0.6,0.578753014,-0.218237861,-0.634418775,-0.463515122
1297,3247891,1466580,0.944,0.352,0.098,0.9,0.9,3.1,-6.1,-38.2,-0.1,0.578814051,-0.21826838,-0.634418775,-0.463454085
1298,3251769,1466580,0.94,0.352,0.099,1.2,0.8,3.2,-6.1,-38.2,-0.1,0.578875088,-0.218298898,-0.634388256,-0.463423566
1299,3254135,1466580,0.94,0.352,0.099,1.5,0.7,3.4,-6.1,-38.2,-0.1,0.578905606,-0.218298898,-0.634388256,-0.463362529
1300,3256289,1466580,0.94,0.359,0.106,1.9,0.7,3.5,-6.1,-38.2,-0.1,0.578966643,-0.218329417,-0.634388256,-0.463270974
1301,3258459,1466590,0.944,0.355,0.106,2.2,0.6,3.6,-6.4,-38.1,-0.6,0.57902768,-0.218329417,-0.634388256,-0.463209937
1302,3260532,1466590,0.94,0.356,0.102,2.4,0.5,3.6,-6.4,-38.1,-0.6,0.579088717,-0.218359935,-0.634388256,-0.463118381
1303,3263498,1466590,0.94,0.356,0.106,2.6,0.6,3.7,-6.4,-38.1,-0.6,0.579149754,-0.218359935,-0.634388256,-0.463057344
1304,3265564,1466590,0.944,0.359,0.102,2.8,0.7,3.8,-6.4,-38.1,-0.6,0.579210791,-0.218359935,-0.634388256,-0.462965789
1305,3267786,1466600,0.944,0.359,0.102,2.8,0.7,3.8,-6.4,-38.1,-0.6,0.579210791,-0.218359935,-0.634388256,-0.462965789
1306,3271014,1466600,0.944,0.359,0.102,2.9,0.7,4.1,-6,-38.1,-0.8,0.57924131,-0.218146306,-0.634418775,-0.462996307
1307,3273101,1466600,0.944,0.359,0.102,2.9,0.7,4.1,-6,-38.1,-0.8,0.579302347,-0.218146306,-0.634418775,-0.462904752
1308,3276292,1466600,0.94,0.356,0.102,2.9,0.7,4.1,-6,-38.1,-0.8,0.579363384,-0.218176824,-0.634418775,-0.462813196
1309,3278225,1466610,0.944,0.356,0.102,2.8,0.9,3.9,-6.4,-37.3,1.4,0.579424421,-0.218176824,-0.634418775,-0.462721641
1310,3280420,1466610,0.944,0.352,0.102,2.8,0.9,3.9,-6.4,-37.3,1.4,0.579515976,-0.218176824,-0.634418775,-0.462630085
1311,3283393,1466610,0.948,0.352,0.098,2.6,1,3.9,-6.4,-37.3,1.4,0.579577013,-0.218207343,-0.634418775,-0.462569048
1312,3284794,1466610,0.94,0.348,0.095,2.5,1.1,3.9,-6.4,-37.3,1.4,0.57963805,-0.218207343,-0.634388256,-0.462477493
1313,3287816,1466620,0.94,0.352,0.095,2.4,1.2,4,-6,-38.2,-0.5,0.579699087,-0.218237861,-0.634388256,-0.462385937
1314,3291020,1466620,0.944,0.348,0.098,2.2,1.3,3.9,-6,-38.2,-0.5,0.579790643,-0.218237861,-0.634388256,-0.4623249
1315,3293056,1466620,0.944,0.348,0.094,2,1.3,3.8,-6,-38.2,-0.5,0.57985168,-0.218237861,-0.634357738,-0.462263863
1316,3295902,1466620,0.944,0.344,0.098,1.8,1.3,3.8,-6,-38.2,-0.5,0.579912717,-0.21826838,-0.634357738,-0.462172308
1317,3297391,1466630,0.944,0.344,0.094,1.5,1.3,3.8,-6.3,-38.5,-0.2,0.579973754,-0.21826838,-0.634327219,-0.46211127
1318,3301142,1466630,0.944,0.344,0.094,1.4,1.3,3.8,-6.3,-38.5,-0.2,0.580034791,-0.218298898,-0.634296701,-0.462050233
1319,3302655,1466630,0.944,0.344,0.098,1.2,1.4,3.9,-6.3,-38.5,-0.2,0.580095828,-0.218329417,-0.634266182,-0.461989196
1320,3305655,1466630,0.94,0.344,0.098,1.2,1.5,3.9,-6.3,-38.5,-0.2,0.580187384,-0.218359935,-0.634266182,-0.461928159
1321,3307846,1466640,0.944,0.336,0.098,1.2,1.4,3.7,-6.4,-38,-0.5,0.580248421,-0.218359935,-0.634235664,-0.461867122
1322,3310050,1466640,0.944,0.336,0.094,1.1,1.5,3.7,-6.4,-38,-0.5,0.580309458,-0.218390454,-0.634205145,-0.461836604
1323,3313060,1466640,0.948,0.344,0.098,1,1.5,3.7,-6.4,-38,-0.5,0.580370495,-0.218420972,-0.634174627,-0.461775567
1324,3315843,1466640,0.948,0.336,0.094,1,1.5,3.7,-6.4,-38,-0.5,0.580431532,-0.218451491,-0.634144108,-0.46171453
1325,3317305,1466650,0.948,0.336,0.094,1,1.5,3.7,-6.4,-38,-0.5,0.580431532,-0.218451491,-0.634144108,-0.46171453
1326,3320345,1466650,0.948,0.344,0.102,0.9,1.5,3.7,-6.5,-38.3,-0.9,0.580492569,-0.218482009,-0.634174627,-0.461592456
1327,3323585,1466650,0.948,0.34,0.098,0.7,1.6,3.6,-6.5,-38.3,-0.9,0.580553606,-0.218512528,-0.634144108,-0.461531419
1328,3325354,1466650,0.952,0.344,0.098,0.7,1.7,3.6,-6.5,-38.3,-0.9,0.580614643,-0.218543046,-0.634083071,-0.4615009
1329,3328700,1466660,0.952,0.34,0.098,0.6,1.8,3.5,-6.5,-37.2,1.5,0.580706198,-0.218543046,-0.634052553,-0.461409345
1330,3330597,1466660,0.952,0.34,0.098,0.4,1.8,3.5,-6.5,-37.2,1.5,0.580767235,-0.218573565,-0.634022034,-0.461409345
1331,3332844,1466660,0.952,0.344,0.102,0.4,1.7,3.4,-6.5,-37.2,1.5,0.580828272,-0.218604083,-0.633991516,-0.461378826
1332,3335009,1466660,0.948,0.344,0.102,0.4,1.6,3.4,-6.5,-37.2,1.5,0.580889309,-0.218634602,-0.633960997,-0.461317789
1333,3338454,1466670,0.948,0.344,0.098,0.4,1.6,3.4,-6.4,-37.9,-0.6,0.580950346,-0.21866512,-0.633930479,-0.461287271
1334,3339858,1466670,0.944,0.34,0.102,0.4,1.5,3.3,-6.4,-37.9,-0.6,0.580980865,-0.21866512,-0.63389996,-0.461226234
1335,3342888,1466670,0.944,0.34,0.102,0.4,1.6,3.2,-6.4,-37.9,-0.6,0.581041902,-0.218695639,-0.633869442,-0.461195715
1336,3344769,1466670,0.944,0.336,0.094,0.4,1.7,3,-6.4,-37.9,-0.6,0.581102939,-0.218726157,-0.633838923,-0.461165197
1337,3347697,1466680,0.937,0.34,0.095,0.4,1.7,2.9,-6.3,-38.2,-0.4,0.581163976,-0.218726157,-0.633777886,-0.461134678
1338,3350033,1466680,0.944,0.34,0.094,0.3,1.5,2.9,-6.3,-38.2,-0.4,0.581225013,-0.218756676,-0.633777886,-0.46110416
1339,3353079,1466680,0.944,0.34,0.098,0.3,1.5,2.8,-6.3,-38.2,-0.4,0.581255531,-0.218787194,-0.633747368,-0.461073641
1340,3354842,1466680,0.94,0.336,0.094,0.3,1.5,2.9,-6.3,-38.2,-0.4,0.581316568,-0.218787194,-0.633716849,-0.461012604
1341,3357672,1466690,0.941,0.336,0.09,0.3,1.6,2.9,-6.3,-37.8,-0.8,0.581377606,-0.218817713,-0.633686331,-0.460982086
1342,3361028,1466690,0.944,0.34,0.094,0.4,1.7,2.8,-6.3,-37.8,-0.8,0.581438643,-0.218848231,-0.633655812,-0.460951567
1343,3363024,1466690,0.944,0.332,0.098,0.4,1.8,2.5,-6.3,-37.8,-0.8,0.581469161,-0.218848231,-0.633625294,-0.460921049
1344,3365009,1466690,0.94,0.34,0.094,0.5,1.9,2.3,-6.3,-37.8,-0.8,0.581530198,-0.218848231,-0.633594775,-0.46089053
1345,3369317,1466700,0.94,0.34,0.094,0.5,1.9,2.3,-6.3,-37.8,-0.8,0.581530198,-0.218848231,-0.633594775,-0.46089053
1346,3371574,1466700,0.94,0.328,0.098,0.7,2,2.1,-6.2,-37.7,-0.5,0.581560717,-0.218817713,-0.633625294,-0.460829493
1347,3373817,1466700,0.94,0.336,0.094,0.8,2,2.1,-6.2,-37.7,-0.5,0.581621754,-0.218817713,-0.633594775,-0.460798975
1348,3375430,1466700,0.94,0.328,0.098,0.9,2.1,2,-6.2,-37.7,-0.5,0.581682791,-0.218817713,-0.633564257,-0.460768456
1349,3377538,1466710,0.94,0.328,0.098,1.1,2.3,1.9,-6.6,-37.4,1.5,0.581743828,-0.218817713,-0.633533738,-0.460737938
1350,3380072,1466710,0.94,0.332,0.098,1.1,2.4,1.7,-6.6,-37.4,1.5,0.581804865,-0.218787194,-0.63350322,-0.460737938
1351,3382362,1466710,0.941,0.328,0.094,1.1,2.5,1.7,-6.6,-37.4,1.5,0.581835383,-0.218787194,-0.633472701,-0.460707419
1352,3386441,1466710,0.937,0.332,0.094,1.1,2.3,1.7,-6.6,-37.4,1.5,0.58189642,-0.218756676,-0.633442183,-0.460676901
1353,3388682,1466720,0.937,0.332,0.102,1.2,2.2,1.7,-6.3,-37.9,-0.2,0.581957457,-0.218756676,-0.633411664,-0.460646382
1354,3390530,1466720,0.937,0.332,0.102,1.2,2.2,1.7,-6.3,-37.9,-0.2,0.582018494,-0.218726157,-0.633411664,-0.460615864
1355,3392763,1466720,0.94,0.332,0.094,1.2,2.2,1.6,-6.3,-37.9,-0.2,0.582079531,-0.218726157,-0.633381146,-0.460585345
1356,3396005,1466720,0.937,0.332,0.106,1.2,2.3,1.6,-6.3,-37.9,-0.2,0.58211005,-0.218695639,-0.633350627,-0.460554827
1357,3397564,1466730,0.937,0.332,0.102,1.2,2.3,1.4,-6.2,-38.2,-0.1,0.582171087,-0.218695639,-0.633320109,-0.460524308
1358,3399921,1466730,0.937,0.332,0.098,1.1,2.3,1.4,-6.2,-38.2,-0.1,0.582232124,-0.21866512,-0.63328959,-0.460524308
1359,3403634,1466730,0.937,0.336,0.102,0.9,2.4,1.4,-6.2,-38.2,-0.1,0.582293161,-0.21866512,-0.633259072,-0.460493789
1360,3405085,1466730,0.937,0.336,0.098,0.8,2.4,1.4,-6.2,-38.2,-0.1,0.582323679,-0.218634602,-0.633228553,-0.460463271
1361,3407878,1466740,0.933,0.328,0.102,0.8,2.4,1.4,-6.3,-38.1,-0.3,0.582384716,-0.218634602,-0.633198035,-0.460463271
1362,3410776,1466740,0.933,0.336,0.098,0.9,2.4,1.4,-6.3,-38.1,-0.3,0.582445753,-0.218604083,-0.633167516,-0.460432752
1363,3413572,1466740,0.937,0.336,0.102,0.9,2.5,1.4,-6.3,-38.1,-0.3,0.58250679,-0.218573565,-0.633136998,-0.460402234
1364,3414934,1466740,0.937,0.336,0.098,0.9,2.5,1.2,-6.3,-38.1,-0.3,0.582537309,-0.218573565,-0.633136998,-0.460402234
1365,3417803,1466750,0.937,0.336,0.098,0.9,2.5,1.2,-6.3,-38.1,-0.3,0.582537309,-0.218573565,-0.633136998,-0.460402234
1366,3420468,1466750,0.94,0.336,0.098,0.7,2.5,1.2,-6.3,-37.6,-0.1,0.582598346,-0.218482009,-0.633106479,-0.460402234
1367,3423383,1466750,0.937,0.336,0.106,0.7,2.5,1,-6.3,-37.6,-0.1,0.582628864,-0.218451491,-0.633075961,-0.460402234
1368,3424814,1466750,0.937,0.336,0.098,0.6,2.7,0.8,-6.3,-37.6,-0.1,0.582689901,-0.218420972,-0.633045442,-0.460402234
1369,3427592,1466760,0.937,0.336,0.102,0.6,2.6,0.6,-6.7,-37.4,1.2,0.582750938,-0.218390454,-0.633014924,-0.460371715
1370,3430533,1466760,0.937,0.348,0.106,0.6,2.5,0.6,-6.7,-37.4,1.2,0.582781457,-0.218359935,-0.632984405,-0.460371715
1371,3433305,1466760,0.937,0.34,0.106,0.4,2.5,0.5,-6.7,-37.4,1.2,0.582842494,-0.218359935,-0.632953887,-0.460371715
1372,3435098,1466760,0.94,0.34,0.106,0.3,2.6,0.4,-6.7,-37.4,1.2,0.582873012,-0.218329417,-0.632923368,-0.460371715
1373,3437855,1466770,0.944,0.344,0.102,0.3,2.7,0.4,-6.7,-38,-0.4,0.582903531,-0.218298898,-0.63289285,-0.460371715
1374,3441093,1466770,0.944,0.344,0.094,0.3,2.7,0.2,-6.7,-38,-0.4,0.582964568,-0.21826838,-0.632862331,-0.460402234
1375,3442483,1466770,0.94,0.344,0.102,0.2,2.8,0.2,-6.7,-38,-0.4,0.582995087,-0.218237861,-0.632831812,-0.460402234
1376,3446278,1466770,0.944,0.34,0.102,0.1,2.9,0,-6.7,-38,-0.4,0.583056124,-0.218207343,-0.632770775,-0.460402234
1377,3448653,1466780,0.948,0.336,0.098,0.1,2.9,0.1,-6.6,-38.1,-0.5,0.583086642,-0.218176824,-0.632740257,-0.460432752
1378,3451008,1466780,0.94,0.34,0.102,0,2.7,0.1,-6.6,-38.1,-0.5,0.583117161,-0.218146306,-0.632709738,-0.460432752
1379,3452972,1466780,0.944,0.34,0.102,0,2.7,0.2,-6.6,-38.1,-0.5,0.583178198,-0.218115787,-0.63267922,-0.460432752
1380,3455402,1466780,0.944,0.336,0.106,-0.2,2.7,0.1,-6.6,-38.1,-0.5,0.583208716,-0.218115787,-0.632648701,-0.460463271
1381,3457708,1466790,0.944,0.34,0.102,-0.3,2.7,0,-6.6,-38.3,-0.5,0.583239235,-0.218085269,-0.632587664,-0.460463271
1382,3460439,1466790,0.94,0.34,0.098,-0.4,2.6,0,-6.6,-38.3,-0.5,0.583269753,-0.21805475,-0.632557146,-0.460493789
1383,3462670,1466790,0.944,0.332,0.102,-0.6,2.7,0,-6.6,-38.3,-0.5,0.583300272,-0.217993713,-0.632526627,-0.460524308
1384,3465199,1466790,0.944,0.336,0.106,-0.8,2.6,0,-6.6,-38.3,-0.5,0.58333079,-0.217993713,-0.63246559,-0.460554827
1385,3468652,1466800,0.944,0.336,0.106,-0.8,2.6,0,-6.6,-38.3,-0.5,0.58333079,-0.217993713,-0.63246559,-0.460554827
1386,3470243,1466800,0.948,0.332,0.106,-0.8,2.4,-0.2,-6.6,-37.6,-0.5,0.58333079,-0.217932676,-0.632435072,-0.460615864
1387,3472644,1466800,0.944,0.332,0.098,-0.7,2.4,-0.4,-6.6,-37.6,-0.5,0.583361309,-0.217932676,-0.632404553,-0.460646382
1388,3476713,1466800,0.948,0.332,0.098,-0.6,2.3,-0.5,-6.6,-37.6,-0.5,0.583391827,-0.217902158,-0.632374035,-0.460676901
1389,3478636,1466810,0.944,0.332,0.102,-0.6,2.2,-0.5,-6.5,-37.6,1.3,0.583422346,-0.217871639,-0.632343516,-0.460707419
1390,3480756,1466810,0.944,0.328,0.098,-0.6,2.1,-0.5,-6.5,-37.6,1.3,0.583452864,-0.217871639,-0.632312998,-0.460737938
1391,3483193,1466810,0.944,0.324,0.094,-0.6,2.1,-0.5,-6.5,-37.6,1.3,0.583452864,-0.217841121,-0.632282479,-0.460737938
1392,3485166,1466810,0.944,0.328,0.102,-0.6,2.2,-0.6,-6.5,-37.6,1.3,0.583483383,-0.217810602,-0.632251961,-0.460768456
1393,3487688,1466820,0.948,0.324,0.094,-0.5,2.3,-0.7,-6.6,-38,0,0.583513901,-0.217780084,-0.632221442,-0.460798975
1394,3491318,1466820,0.952,0.32,0.098,-0.3,2.4,-0.7,-6.6,-38,0,0.58354442,-0.217749565,-0.632190924,-0.460829493
1395,3494069,1466820,0.948,0.324,0.094,-0.2,2.6,-0.8,-6.6,-38,0,0.58354442,-0.217719047,-0.632160405,-0.460860012
1396,3497068,1466820,0.948,0.324,0.094,-0.1,2.6,-0.9,-6.6,-38,0,0.583574938,-0.217688528,-0.632129887,-0.46089053
1397,3497434,1466830,0.948,0.324,0.094,0,2.6,-0.9,-6.9,-38.5,-0.3,0.583605457,-0.21765801,-0.632099368,-0.460921049
1398,3501678,1466830,0.948,0.32,0.098,0.2,2.5,-0.9,-6.9,-38.5,-0.3,0.583635975,-0.217596973,-0.63206885,-0.460921049
1399,3504509,1466830,0.948,0.32,0.098,0.4,2.3,-0.9,-6.9,-38.5,-0.3,0.583666494,-0.217566454,-0.632038331,-0.460951567
1400,3504845,1466830,0.948,0.324,0.098,0.6,2.3,-0.8,-6.9,-38.5,-0.3,0.583697012,-0.217505417,-0.632038331,-0.460951567
1401,3507328,1466840,0.948,0.324,0.098,0.8,2.3,-0.8,-6.4,-38,0,0.583727531,-0.217474899,-0.632007813,-0.460982086
1402,3511389,1466840,0.948,0.324,0.098,1,2.3,-0.7,-6.4,-38,0,0.583758049,-0.217413862,-0.631977294,-0.460982086
1403,3513125,1466840,0.948,0.324,0.098,1.2,2.3,-0.7,-6.4,-38,0,0.583788568,-0.217383343,-0.631977294,-0.460982086
1404,3515090,1466840,0.952,0.328,0.106,1.5,2.1,-0.6,-6.4,-38,0,0.583819086,-0.217322306,-0.631977294,-0.460982086
1405,3517445,1466850,0.952,0.328,0.106,1.5,2.1,-0.6,-6.4,-38,0,0.583819086,-0.217322306,-0.631977294,-0.460982086
1406,3520832,1466850,0.956,0.328,0.102,1.8,2,-0.7,-6.4,-37.7,0.3,0.583849605,-0.217352824,-0.632007813,-0.460829493
1407,3523457,1466850,0.952,0.332,0.098,2,2,-0.7,-6.4,-37.7,0.3,0.583880123,-0.217291787,-0.632007813,-0.460829493
1408,3524823,1466850,0.952,0.328,0.098,2.3,2,-0.7,-6.4,-37.7,0.3,0.583910642,-0.21723075,-0.632007813,-0.460798975
1409,3528873,1466860,0.952,0.332,0.106,2.5,2,-0.6,-6.7,-37.8,0.8,0.58394116,-0.217169713,-0.632007813,-0.460798975
1410,3530660,1466860,0.948,0.332,0.106,2.6,1.9,-0.6,-6.7,-37.8,0.8,0.583971679,-0.217108676,-0.632038331,-0.460768456
1411,3533550,1466860,0.952,0.336,0.102,2.7,1.9,-0.6,-6.7,-37.8,0.8,0.584032716,-0.217017121,-0.632038331,-0.460768456
1412,3535478,1466860,0.948,0.332,0.102,2.8,2,-0.8,-6.7,-37.8,0.8,0.584063234,-0.216986602,-0.632038331,-0.460737938
1413,3537543,1466870,0.944,0.336,0.11,2.7,2,-0.9,-6.4,-37.5,0.2,0.584093753,-0.216925565,-0.632038331,-0.460707419
1414,3541215,1466870,0.948,0.336,0.102,2.6,2,-0.9,-6.4,-37.5,0.2,0.584124271,-0.21683401,-0.632038331,-0.460707419
1415,3544226,1466870,0.944,0.336,0.106,2.6,2,-0.9,-6.4,-37.5,0.2,0.58415479,-0.216772973,-0.632038331,-0.460676901
1416,3545947,1466870,0.944,0.336,0.098,2.6,2,-1,-6.4,-37.5,0.2,0.584185308,-0.216711936,-0.63206885,-0.460676901
1417,3548299,1466880,0.944,0.328,0.102,2.6,2,-1.1,-6.5,-37.8,0,0.584215827,-0.216650899,-0.63206885,-0.460676901
1418,3549890,1466880,0.94,0.332,0.106,2.6,1.9,-1.1,-6.5,-37.8,0,0.584215827,-0.216559343,-0.63206885,-0.460646382
1419,3553157,1466880,0.94,0.332,0.106,2.6,2,-1.1,-6.5,-37.8,0,0.584246345,-0.216498306,-0.63206885,-0.460646382
1420,3555223,1466880,0.94,0.336,0.106,2.5,2,-1,-6.5,-37.8,0,0.584276864,-0.216437269,-0.63206885,-0.460615864
1421,3558465,1466890,0.94,0.332,0.102,2.4,1.9,-1,-6.2,-37.5,0.2,0.584307382,-0.216376232,-0.632099368,-0.460615864
1422,3560366,1466890,0.94,0.332,0.098,2.3,1.8,-1,-6.2,-37.5,0.2,0.584337901,-0.216315195,-0.632099368,-0.460615864
1423,3562726,1466890,0.937,0.332,0.102,2.2,1.7,-1,-6.2,-37.5,0.2,0.584368419,-0.216254158,-0.632099368,-0.460585345
1424,3567014,1466890,0.94,0.332,0.106,2,1.8,-1.2,-6.2,-37.5,0.2,0.584398938,-0.216193121,-0.632099368,-0.460585345
1425,3567544,1466900,0.94,0.332,0.106,2,1.8,-1.2,-6.2,-37.5,0.2,0.584398938,-0.216193121,-0.632099368,-0.460585345
1426,3569973,1466900,0.94,0.328,0.102,2,2,-1.2,-6.3,-37.8,0.4,0.584398938,-0.216040529,-0.632160405,-0.460554827
1427,3573688,1466900,0.937,0.328,0.106,2.2,2,-1.1,-6.3,-37.8,0.4,0.584429456,-0.21601001,-0.632160405,-0.460554827
1428,3575123,1466900,0.94,0.332,0.106,2.2,1.9,-1,-6.3,-37.8,0.4,0.584459975,-0.215948973,-0.632160405,-0.460554827
1429,3577675,1466910,0.94,0.328,0.106,2.2,1.9,-0.9,-6.4,-37.7,0.5,0.584490493,-0.215887936,-0.632160405,-0.460554827
1430,3579937,1466910,0.94,0.34,0.106,2.2,1.8,-0.6,-6.4,-37.7,0.5,0.584521012,-0.215826899,-0.632160405,-0.460524308
1431,3583647,1466910,0.94,0.34,0.106,2.1,1.8,-0.6,-6.4,-37.7,0.5,0.584551531,-0.215765862,-0.632160405,-0.460524308
1432,3585614,1466910,0.937,0.332,0.102,2.1,1.8,-0.6,-6.4,-37.7,0.5,0.584582049,-0.215704825,-0.632160405,-0.460493789
1433,3587826,1466920,0.94,0.34,0.106,2.1,1.7,-0.5,-6.6,-37.7,0.4,0.584612568,-0.215643788,-0.632160405,-0.460493789
1434,3590972,1466920,0.937,0.336,0.102,2.2,1.6,-0.3,-6.6,-37.7,0.4,0.584643086,-0.215613269,-0.632160405,-0.460463271
1435,3593083,1466920,0.937,0.34,0.106,2.2,1.6,-0.2,-6.6,-37.7,0.4,0.584673605,-0.215552232,-0.632160405,-0.460463271
1436,3596278,1466920,0.937,0.34,0.102,2.2,1.7,-0.2,-6.6,-37.7,0.4,0.584704123,-0.215521714,-0.632160405,-0.460432752
1437,3598388,1466930,0.933,0.344,0.106,2.3,1.8,-0.2,-7,-37.9,0.4,0.584734642,-0.215460677,-0.632160405,-0.460402234
1438,3599845,1466930,0.937,0.344,0.106,2.5,1.8,-0.4,-7,-37.9,0.4,0.58476516,-0.21539964,-0.632160405,-0.460402234
1439,3602861,1466930,0.933,0.344,0.102,2.6,1.8,-0.5,-7,-37.9,0.4,0.584795679,-0.215338603,-0.632160405,-0.460371715
1440,3606125,1466930,0.933,0.348,0.103,2.6,1.9,-0.6,-7,-37.9,0.4,0.584826197,-0.215277566,-0.632190924,-0.460341197
1441,3608411,1466940,0.937,0.344,0.106,2.6,2,-0.6,-6.7,-37.6,0.7,0.584856716,-0.215216529,-0.632190924,-0.460341197
1442,3609937,1466940,0.937,0.344,0.11,2.6,2,-0.6,-6.7,-37.6,0.7,0.584887234,-0.215155492,-0.632190924,-0.460310678
1443,3612832,1466940,0.937,0.344,0.11,2.6,2.1,-0.7,-6.7,-37.6,0.7,0.584917753,-0.215063936,-0.632190924,-0.460310678
1444,3616619,1466940,0.933,0.352,0.106,2.8,2,-0.9,-6.7,-37.6,0.7,0.58497879,-0.215002899,-0.632190924,-0.46028016
1445,3619200,1466950,0.933,0.352,0.106,2.8,2,-0.9,-6.7,-37.6,0.7,0.58497879,-0.215002899,-0.632190924,-0.46028016
1446,3620825,1466950,0.937,0.348,0.106,2.8,2,-1.1,-7,-37.7,0.4,0.584917753,-0.214667196,-0.632282479,-0.460402234
1447,3622426,1466950,0.94,0.348,0.106,2.8,2,-1.2,-7,-37.7,0.4,0.584948271,-0.214606159,-0.632282479,-0.460371715
1448,3626523,1466950,0.937,0.348,0.11,2.7,2,-1.1,-7,-37.7,0.4,0.58497879,-0.214514603,-0.632282479,-0.460371715
1449,3628439,1466960,0.937,0.348,0.11,2.7,2.1,-1,-6.5,-37.7,0.5,0.585009308,-0.214453566,-0.632312998,-0.460341197
1450,3630026,1466960,0.94,0.348,0.11,2.7,2.1,-1.1,-6.5,-37.7,0.5,0.585039827,-0.214392529,-0.632312998,-0.460341197
1451,3633257,1466960,0.937,0.344,0.106,2.7,2.2,-1.3,-6.5,-37.7,0.5,0.585070345,-0.214300974,-0.632312998,-0.460341197
1452,3634991,1466960,0.94,0.344,0.106,2.6,2.1,-1.4,-6.5,-37.7,0.5,0.585100864,-0.214239937,-0.632312998,-0.460310678
1453,3639084,1466970,0.937,0.348,0.11,2.6,2.1,-1.5,-6.4,-37.4,0.9,0.585100864,-0.214148381,-0.632312998,-0.460310678
1454,3641728,1466970,0.94,0.344,0.11,2.5,2,-1.5,-6.4,-37.4,0.9,0.585131382,-0.214087344,-0.632343516,-0.460310678
1455,3643710,1466970,0.94,0.344,0.11,2.5,1.9,-1.6,-6.4,-37.4,0.9,0.585161901,-0.213995788,-0.632343516,-0.460310678
1456,3646177,1466970,0.944,0.348,0.106,2.5,1.9,-1.8,-6.4,-37.4,0.9,0.585192419,-0.213934751,-0.632343516,-0.460310678
1457,3647993,1466980,0.94,0.344,0.11,2.4,1.8,-1.9,-6.9,-37.6,0.9,0.585192419,-0.213843196,-0.632343516,-0.460310678
1458,3650116,1466980,0.94,0.348,0.106,2.3,2,-1.9,-6.9,-37.6,0.9,0.585222938,-0.213782159,-0.632374035,-0.460310678
1459,3653462,1466980,0.937,0.344,0.11,2.2,2,-2,-6.9,-37.6,0.9,0.585222938,-0.213690603,-0.632374035,-0.460310678
1460,3654799,1466980,0.94,0.344,0.106,2,2.1,-2.1,-6.9,-37.6,0.9,0.585253456,-0.213629566,-0.632374035,-0.460310678
1461,3657622,1466990,0.94,0.352,0.106,1.9,2.1,-2.2,-6.3,-37.4,0.7,0.585253456,-0.213538011,-0.632374035,-0.460341197
1462,3659844,1466990,0.94,0.34,0.106,1.8,2.1,-2.2,-6.3,-37.4,0.7,0.585283975,-0.213476974,-0.632374035,-0.460341197
1463,3664256,1466990,0.937,0.344,0.106,1.8,2.1,-2.2,-6.3,-37.4,0.7,0.585314493,-0.213385418,-0.632374035,-0.460341197
1464,3666035,1466990,0.936,0.34,0.118,1.8,2,-2.3,-6.3,-37.4,0.7,0.585314493,-0.213324381,-0.632374035,-0.460371715
1465,3667525,1467000,0.936,0.34,0.118,1.8,2,-2.3,-6.3,-37.4,0.7,0.585314493,-0.213324381,-0.632374035,-0.460371715
1466,3670082,1467000,0.937,0.344,0.11,1.6,1.8,-2.3,-6.9,-37.2,0.9,0.585253456,-0.213049715,-0.632435072,-0.460493789
1467,3673669,1467000,0.936,0.344,0.114,1.5,1.9,-2.4,-6.9,-37.2,0.9,0.585283975,-0.212988678,-0.632435072,-0.460493789
1468,3675752,1467000,0.937,0.344,0.11,1.4,1.9,-2.5,-6.9,-37.2,0.9,0.585283975,-0.212897122,-0.632435072,-0.460524308
1469,3677958,1467010,0.937,0.34,0.106,1.4,1.9,-2.6,-6.6,-38,0.4,0.585283975,-0.212836085,-0.632435072,-0.460554827
1470,3680216,1467010,0.937,0.34,0.11,1.2,1.7,-2.7,-6.6,-38,0.4,0.585283975,-0.212775048,-0.632435072,-0.460554827
1471,3683322,1467010,0.937,0.34,0.106,1.1,1.6,-2.5,-6.6,-38,0.4,0.585283975,-0.212683493,-0.632435072,-0.460585345
1472,3685964,1467010,0.933,0.344,0.11,0.9,1.7,-2.3,-6.6,-38,0.4,0.585283975,-0.212622456,-0.632435072,-0.460615864
1473,3687926,1467020,0.937,0.344,0.102,0.7,1.7,-2.2,-5.9,-37.8,0.5,0.585314493,-0.212561419,-0.632435072,-0.460646382
1474,3690217,1467020,0.933,0.34,0.114,0.8,1.8,-2.3,-5.9,-37.8,0.5,0.585314493,-0.212500381,-0.632435072,-0.460676901
1475,3692674,1467020,0.937,0.344,0.11,0.9,1.7,-2.3,-5.9,-37.8,0.5,0.585314493,-0.212439344,-0.632435072,-0.460707419
1476,3695033,1467020,0.937,0.344,0.106,1,1.7,-2.2,-5.9,-37.8,0.5,0.585314493,-0.212378307,-0.632435072,-0.460707419
1477,3698481,1467030,0.937,0.344,0.102,0.9,1.7,-2.1,-6.4,-37.5,1.1,0.585314493,-0.21231727,-0.632435072,-0.460737938
1478,3700014,1467030,0.937,0.34,0.106,0.8,1.7,-2,-6.4,-37.5,1.1,0.585345012,-0.212286752,-0.632435072,-0.460768456
1479,3703057,1467030,0.937,0.352,0.106,0.7,1.7,-2.1,-6.4,-37.5,1.1,0.585345012,-0.212225715,-0.632435072,-0.460798975
1480,3705206,1467030,0.929,0.344,0.11,0.7,1.6,-2.2,-6.4,-37.5,1.1,0.585345012,-0.212134159,-0.632404553,-0.460829493
1481,3708442,1467040,0.933,0.344,0.11,0.8,1.4,-2.2,-6.4,-37.7,1,0.585345012,-0.212103641,-0.632404553,-0.460829493
1482,3709987,1467040,0.933,0.34,0.106,0.8,1.4,-2.3,-6.4,-37.7,1,0.585345012,-0.212042604,-0.632404553,-0.460860012
1483,3712335,1467040,0.933,0.348,0.11,0.6,1.4,-2.5,-6.4,-37.7,1,0.585345012,-0.211981567,-0.632404553,-0.46089053
1484,3716048,1467040,0.933,0.348,0.106,0.5,1.5,-2.7,-6.4,-37.7,1,0.585345012,-0.21192053,-0.632404553,-0.460921049
1485,3717509,1467050,0.933,0.348,0.106,0.5,1.5,-2.7,-6.4,-37.7,1,0.585345012,-0.21192053,-0.632404553,-0.460921049
1486,3721286,1467050,0.937,0.344,0.106,0.1,1.6,-2.5,-6.3,-37.8,1,0.585253456,-0.2117069,-0.63246559,-0.461073641
1487,3722669,1467050,0.933,0.34,0.099,0,1.6,-2.5,-6.3,-37.8,1,0.585253456,-0.211645863,-0.63246559,-0.461134678
1488,3726978,1467050,0.933,0.34,0.11,-0.1,1.5,-2.5,-6.3,-37.8,1,0.585253456,-0.211615345,-0.632435072,-0.461165197
1489,3727314,1467060,0.937,0.344,0.11,-0.1,1.4,-2.6,-6.4,-37.5,-0.1,0.585222938,-0.211554308,-0.632435072,-0.461195715
1490,3730298,1467060,0.933,0.344,0.106,-0.1,1.5,-2.8,-6.4,-37.5,-0.1,0.585222938,-0.211493271,-0.632435072,-0.461256752
1491,3732535,1467060,0.933,0.34,0.106,-0.1,1.5,-3,-6.4,-37.5,-0.1,0.585222938,-0.211432234,-0.632435072,-0.461287271
1492,3736823,1467060,0.937,0.336,0.102,0,1.4,-3.1,-6.4,-37.5,-0.1,0.585222938,-0.211401715,-0.632404553,-0.461348308
1493,3737471,1467070,0.94,0.344,0.106,0,1.4,-3.2,-6.3,-37.5,0.9,0.585192419,-0.211340678,-0.632404553,-0.461378826
1494,3740893,1467070,0.94,0.344,0.11,0,1.4,-3.3,-6.3,-37.5,0.9,0.585192419,-0.211249123,-0.632404553,-0.461409345
1495,3743161,1467070,0.937,0.34,0.106,0.1,1.4,-3.4,-6.3,-37.5,0.9,0.585161901,-0.211157567,-0.632404553,-0.4615009
1496,3745084,1467070,0.937,0.344,0.106,0.3,1.3,-3.4,-6.3,-37.5,0.9,0.585161901,-0.211127049,-0.632404553,-0.461531419
1497,3747337,1467080,0.937,0.34,0.11,0.5,1.1,-3.2,-6.3,-37.6,1.1,0.585131382,-0.211066012,-0.632404553,-0.461561937
1498,3750790,1467080,0.937,0.344,0.106,0.8,0.9,-2.9,-6.3,-37.6,1.1,0.585131382,-0.211004975,-0.632435072,-0.461592456
1499,3753124,1467080,0.937,0.352,0.11,0.9,0.8,-2.7,-6.3,-37.6,1.1,0.585100864,-0.210943937,-0.632435072,-0.461622974
1500,3755058,1467080,0.94,0.352,0.11,0.9,0.8,-2.7,-6.3,-37.6,1.1,0.585100864,-0.2108829,-0.632435072,-0.461653493
1501,3758151,1467090,0.936,0.352,0.114,0.9,0.9,-2.9,-6.2,-37.5,1.1,0.585100864,-0.210821863,-0.63246559,-0.461684011
1502,3760727,1467090,0.94,0.355,0.11,0.9,1,-3,-6.2,-37.5,1.1,0.585070345,-0.210760826,-0.63246559,-0.46171453
1503,3762837,1467090,0.94,0.352,0.114,1,1,-3,-6.2,-37.5,1.1,0.585070345,-0.210699789,-0.632496109,-0.461745048
1504,3764919,1467090,0.94,0.355,0.11,1.1,1,-3,-6.2,-37.5,1.1,0.585070345,-0.210638752,-0.632496109,-0.461775567
1505,3768992,1467100,0.94,0.355,0.11,1.1,1,-3,-6.2,-37.5,1.1,0.585070345,-0.210638752,-0.632496109,-0.461775567
1506,3771556,1467100,0.94,0.355,0.11,1.2,0.8,-3.1,-6.4,-37.8,1.1,0.58497879,-0.210394604,-0.632557146,-0.461928159
1507,3774168,1467100,0.936,0.359,0.114,1.1,0.7,-3.2,-6.4,-37.8,1.1,0.584948271,-0.210333567,-0.632587664,-0.461958678
1508,3776024,1467100,0.94,0.355,0.11,1,0.7,-3.2,-6.4,-37.8,1.1,0.584917753,-0.210242012,-0.632587664,-0.461989196
1509,3778238,1467110,0.933,0.363,0.114,0.9,0.6,-3.2,-6.4,-38,-0.2,0.584917753,-0.210180975,-0.632618183,-0.462019715
1510,3779967,1467110,0.936,0.359,0.114,0.9,0.5,-3,-6.4,-38,-0.2,0.584887234,-0.210119938,-0.632618183,-0.462019715
1511,3784415,1467110,0.933,0.359,0.114,0.9,0.3,-2.9,-6.4,-38,-0.2,0.584856716,-0.210058901,-0.632648701,-0.462050233
1512,3786461,1467110,0.933,0.36,0.11,0.8,0.2,-2.9,-6.4,-38,-0.2,0.584856716,-0.210028382,-0.63267922,-0.462080752
1513,3788812,1467120,0.933,0.359,0.114,0.7,0.1,-2.9,-6.7,-37.7,0.9,0.584826197,-0.209967345,-0.63267922,-0.46211127
1514,3790991,1467120,0.936,0.363,0.114,0.5,0.1,-2.7,-6.7,-37.7,0.9,0.584795679,-0.209906308,-0.632709738,-0.462141789
1515,3793009,1467120,0.925,0.367,0.111,0.5,0,-2.6,-6.7,-37.7,0.9,0.58476516,-0.20987579,-0.632709738,-0.462172308
1516,3795136,1467120,0.929,0.367,0.111,0.4,-0.1,-2.5,-6.7,-37.7,0.9,0.58476516,-0.209845271,-0.632740257,-0.462202826
1517,3798177,1467130,0.933,0.367,0.115,0.3,-0.2,-2.5,-6.5,-38.3,0.8,0.584734642,-0.209814753,-0.632740257,-0.462233345
1518,3800598,1467130,0.925,0.363,0.115,0.2,-0.2,-2.5,-6.5,-38.3,0.8,0.584704123,-0.209753716,-0.632770775,-0.462233345
1519,3802888,1467130,0.933,0.367,0.115,0,-0.3,-2.6,-6.5,-38.3,0.8,0.584673605,-0.209723197,-0.632801294,-0.462294382
1520,3805012,1467130,0.929,0.363,0.122,-0.1,-0.3,-2.6,-6.5,-38.3,0.8,0.584643086,-0.209692679,-0.632801294,-0.4623249
1521,3807506,1467140,0.929,0.367,0.115,-0.2,-0.3,-2.6,-6.3,-37.8,0.6,0.584612568,-0.20966216,-0.632831812,-0.462355419
1522,3809979,1467140,0.933,0.367,0.118,-0.2,-0.3,-2.6,-6.3,-37.8,0.6,0.584551531,-0.209631642,-0.632831812,-0.462385937
1523,3812489,1467140,0.929,0.367,0.115,-0.1,-0.5,-2.5,-6.3,-37.8,0.6,0.584521012,-0.209601123,-0.632862331,-0.462416456
1524,3815917,1467140,0.929,0.367,0.122,-0.1,-0.5,-2.5,-6.3,-37.8,0.6,0.584490493,-0.209570605,-0.632862331,-0.462446974
1525,3817993,1467150,0.929,0.367,0.122,-0.1,-0.5,-2.5,-6.3,-37.8,0.6,0.584490493,-0.209570605,-0.632862331,-0.462446974
1526,3820419,1467150,0.929,0.363,0.122,-0.6,-0.6,-2.4,-6.4,-37.8,1.1,0.584307382,-0.209204382,-0.632923368,-0.462782678
1527,3822514,1467150,0.933,0.367,0.126,-0.9,-0.7,-2.2,-6.4,-37.8,1.1,0.584276864,-0.209204382,-0.632923368,-0.462813196
1528,3825293,1467150,0.936,0.367,0.118,-1.2,-0.7,-2,-6.4,-37.8,1.1,0.584215827,-0.209204382,-0.632953887,-0.462843715
1529,3827512,1467160,0.933,0.367,0.115,-1.3,-0.8,-2,-6,-37.9,-0.9,0.584185308,-0.209204382,-0.632953887,-0.462904752
1530,3831337,1467160,0.933,0.367,0.122,-1.6,-0.8,-2,-6,-37.9,-0.9,0.58415479,-0.209204382,-0.632953887,-0.46293527
1531,3832867,1467160,0.933,0.367,0.118,-1.9,-0.8,-2,-6,-37.9,-0.9,0.584124271,-0.209204382,-0.632953887,-0.462996307
1532,3836515,1467160,0.933,0.367,0.118,-2.1,-0.7,-1.9,-6,-37.9,-0.9,0.584063234,-0.209204382,-0.632953887,-0.463026826
1533,3838919,1467170,0.929,0.371,0.115,-2.3,-0.8,-1.8,-6.1,-37.6,1.2,0.584032716,-0.209204382,-0.632953887,-0.463087863
1534,3841147,1467170,0.933,0.367,0.111,-2.4,-0.9,-1.8,-6.1,-37.6,1.2,0.583971679,-0.209265419,-0.632953887,-0.4631489
1535,3843397,1467170,0.933,0.371,0.118,-2.4,-1,-1.7,-6.1,-37.6,1.2,0.58394116,-0.209265419,-0.632953887,-0.463179418
1536,3845479,1467170,0.936,0.371,0.114,-2.4,-1.1,-1.6,-6.1,-37.6,1.2,0.583910642,-0.209295938,-0.632923368,-0.463240455
1537,3847708,1467180,0.936,0.363,0.114,-2.4,-1.1,-1.6,-5.9,-37.6,1,0.583849605,-0.209326456,-0.632923368,-0.463301492
1538,3850078,1467180,0.94,0.367,0.118,-2.3,-1,-1.7,-5.9,-37.6,1,0.583819086,-0.209326456,-0.632923368,-0.463332011
1539,3852874,1467180,0.936,0.363,0.118,-2.2,-1,-1.7,-5.9,-37.6,1,0.583758049,-0.209356975,-0.632923368,-0.463362529
1540,3855969,1467180,0.936,0.367,0.114,-2.2,-1.1,-1.5,-5.9,-37.6,1,0.583727531,-0.209356975,-0.632923368,-0.463423566
1541,3857532,1467190,0.936,0.363,0.114,-2.3,-1.1,-1.3,-6.1,-37.6,1.1,0.583697012,-0.209387494,-0.632923368,-0.463484603
1542,3861454,1467190,0.94,0.367,0.118,-2.4,-1,-1.2,-6.1,-37.6,1.1,0.583635975,-0.209418012,-0.632923368,-0.463515122
1543,3863675,1467190,0.94,0.363,0.11,-2.6,-1.1,-1.4,-6.1,-37.6,1.1,0.583605457,-0.209448531,-0.632923368,-0.463576159
1544,3866138,1467190,0.94,0.367,0.114,-2.7,-1.1,-1.5,-6.1,-37.6,1.1,0.583574938,-0.209448531,-0.632923368,-0.463637196
1545,3867992,1467200,0.94,0.367,0.114,-2.7,-1.1,-1.5,-6.1,-37.6,1.1,0.583574938,-0.209448531,-0.632923368,-0.463637196
1546,3871115,1467200,0.94,0.363,0.114,-2.8,-1,-1.4,-5.7,-37.6,1.5,0.583391827,-0.209326456,-0.632923368,-0.463881344
1547,3872668,1467200,0.936,0.359,0.11,-2.9,-0.9,-1.5,-5.7,-37.6,1.5,0.58333079,-0.209356975,-0.632923368,-0.463942381
1548,3875803,1467200,0.94,0.363,0.118,-2.9,-0.9,-1.4,-5.7,-37.6,1.5,0.583300272,-0.209387494,-0.632923368,-0.464003418
1549,3878525,1467210,0.944,0.359,0.11,-2.8,-0.8,-1.4,-6.4,-37.9,-1,0.583269753,-0.209418012,-0.63289285,-0.464033937
1550,3880505,1467210,0.94,0.359,0.11,-2.6,-0.7,-1.3,-6.4,-37.9,-1,0.583239235,-0.209418012,-0.63289285,-0.464094974
1551,3882625,1467210,0.944,0.355,0.11,-2.5,-0.7,-1.2,-6.4,-37.9,-1,0.583178198,-0.209448531,-0.63289285,-0.464156011
1552,3886270,1467210,0.944,0.355,0.114,-2.6,-0.7,-1.2,-6.4,-37.9,-1,0.583147679,-0.209479049,-0.632862331,-0.464186529
1553,3887924,1467220,0.944,0.355,0.114,-2.9,-0.9,-1.3,-5.8,-37.8,1.3,0.583117161,-0.209509568,-0.632862331,-0.464247566
1554,3890284,1467220,0.944,0.351,0.114,-3.2,-0.8,-1.3,-5.8,-37.8,1.3,0.583086642,-0.209540086,-0.632831812,-0.464308603
1555,3892469,1467220,0.948,0.351,0.11,-3.5,-0.7,-1.5,-5.8,-37.8,1.3,0.582995087,-0.209570605,-0.632831812,-0.46436964
1556,3895864,1467220,0.94,0.352,0.114,-3.7,-0.7,-1.4,-5.8,-37.8,1.3,0.582995087,-0.209601123,-0.632801294,-0.464430677
1557,3898501,1467230,0.94,0.348,0.118,-3.8,-0.8,-1.2,-6.3,-38,1.1,0.58293405,-0.209631642,-0.632770775,-0.464491714
1558,3900501,1467230,0.94,0.352,0.114,-3.7,-0.9,-0.9,-6.3,-38,1.1,0.582903531,-0.209692679,-0.632740257,-0.464552751
1559,3902989,1467230,0.94,0.348,0.118,-3.6,-1,-0.8,-6.3,-38,1.1,0.582873012,-0.209723197,-0.632740257,-0.464613788
1560,3905016,1467230,0.944,0.348,0.11,-3.6,-1.1,-0.6,-6.3,-38,1.1,0.582842494,-0.209784234,-0.632709738,-0.464674825
1561,3909179,1467240,0.94,0.352,0.114,-3.6,-1.1,-0.6,-6.3,-37.8,1.2,0.582781457,-0.209814753,-0.63267922,-0.464735862
1562,3911003,1467240,0.94,0.348,0.114,-3.6,-1.1,-0.6,-6.3,-37.8,1.2,0.582750938,-0.20987579,-0.63267922,-0.464766381
1563,3912666,1467240,0.94,0.352,0.11,-3.6,-1,-0.5,-6.3,-37.8,1.2,0.58272042,-0.209936827,-0.632648701,-0.464827418
1564,3915112,1467240,0.933,0.352,0.118,-3.6,-1.1,-0.3,-6.3,-37.8,1.2,0.582689901,-0.209997864,-0.632618183,-0.464888455
1565,3917514,1467250,0.933,0.352,0.118,-3.6,-1.1,-0.3,-6.3,-37.8,1.2,0.582689901,-0.209997864,-0.632618183,-0.464888455
1566,3919820,1467250,0.936,0.348,0.122,-3.7,-1,0,-6.3,-38.2,1.4,0.582598346,-0.210058901,-0.632587664,-0.465010529
1567,3922341,1467250,0.933,0.352,0.114,-3.8,-1,0,-6.3,-38.2,1.4,0.582567827,-0.210119938,-0.632557146,-0.465071566
1568,3925729,1467250,0.933,0.348,0.114,-3.8,-1,0,-6.3,-38.2,1.4,0.582537309,-0.210180975,-0.632526627,-0.465102084
1569,3927499,1467260,0.937,0.352,0.106,-3.9,-1.1,0,-6.4,-37.9,-1,0.58250679,-0.210242012,-0.632496109,-0.465163121
1570,3929809,1467260,0.936,0.355,0.114,-3.8,-1.3,0,-6.4,-37.9,-1,0.582476272,-0.210303049,-0.63246559,-0.465224158
1571,3933115,1467260,0.937,0.352,0.106,-3.9,-1.4,0,-6.4,-37.9,-1,0.582445753,-0.210364086,-0.63246559,-0.465254677
1572,3935042,1467260,0.933,0.348,0.11,-3.8,-1.5,0.1,-6.4,-37.9,-1,0.582384716,-0.210425123,-0.632435072,-0.465315714
1573,3938171,1467270,0.933,0.348,0.114,-3.9,-1.3,0.1,-6.5,-38.2,0.7,0.582354198,-0.21048616,-0.632404553,-0.465315714
1574,3940906,1467270,0.937,0.348,0.11,-4,-1.1,0.1,-6.5,-38.2,0.7,0.582323679,-0.210547197,-0.632374035,-0.46540727
1575,3942907,1467270,0.937,0.348,0.106,-4.1,-1.1,0,-6.5,-38.2,0.7,0.582293161,-0.210638752,-0.632343516,-0.465437788
1576,3946395,1467270,0.933,0.348,0.106,-4.2,-1,0,-6.5,-38.2,0.7,0.582262642,-0.210699789,-0.632312998,-0.465498825
1577,3948820,1467280,0.933,0.348,0.106,-4.2,-0.8,0,-6.3,-37.7,1,0.582232124,-0.210760826,-0.632282479,-0.465559862
1578,3951065,1467280,0.937,0.352,0.106,-4.1,-0.7,0,-6.3,-37.7,1,0.582201605,-0.210821863,-0.632251961,-0.465620899
1579,3953039,1467280,0.937,0.356,0.106,-4,-0.7,-0.1,-6.3,-37.7,1,0.582171087,-0.2108829,-0.632221442,-0.465651418
1580,3955231,1467280,0.937,0.352,0.11,-4,-0.8,-0.1,-6.3,-37.7,1,0.582140568,-0.210913419,-0.632190924,-0.465712455
1581,3958552,1467290,0.936,0.352,0.114,-4,-1,0,-6.4,-37.9,0.7,0.58211005,-0.210974456,-0.632160405,-0.465773492
1582,3960588,1467290,0.937,0.352,0.106,-4,-1,0,-6.4,-37.9,0.7,0.582079531,-0.211066012,-0.632129887,-0.46580401
1583,3962899,1467290,0.933,0.352,0.11,-4,-1.1,0.1,-6.4,-37.9,0.7,0.582049013,-0.211127049,-0.632129887,-0.465865047
1584,3965184,1467290,0.937,0.356,0.11,-3.9,-1.1,0.1,-6.4,-37.9,0.7,0.582018494,-0.211157567,-0.632099368,-0.465926084
1585,3968637,1467300,0.937,0.356,0.11,-3.9,-1.1,0.1,-6.4,-37.9,0.7,0.582018494,-0.211157567,-0.632099368,-0.465926084
1586,3970484,1467300,0.929,0.356,0.114,-3.6,-1.5,0.4,-6.3,-37.9,0.8,0.581865902,-0.211249123,-0.632099368,-0.466048158
1587,3972841,1467300,0.933,0.359,0.114,-3.5,-1.6,0.4,-6.3,-37.9,0.8,0.581835383,-0.21131016,-0.63206885,-0.466078677
1588,3975228,1467300,0.929,0.363,0.115,-3.5,-1.8,0.4,-6.3,-37.9,0.8,0.581804865,-0.211371197,-0.63206885,-0.466109195
1589,3977590,1467310,0.929,0.367,0.111,-3.5,-1.8,0.5,-6.3,-38.1,-1.3,0.581774346,-0.211462752,-0.632038331,-0.466139714
1590,3981301,1467310,0.933,0.36,0.11,-3.5,-1.8,0.6,-6.3,-38.1,-1.3,0.581743828,-0.211523789,-0.632038331,-0.466170232
1591,3982928,1467310,0.929,0.363,0.115,-3.5,-1.8,0.7,-6.3,-38.1,-1.3,0.581713309,-0.211615345,-0.632007813,-0.466200751
1592,3984813,1467310,0.929,0.367,0.118,-3.4,-1.7,0.8,-6.3,-38.1,-1.3,0.581682791,-0.211676382,-0.632007813,-0.466231269
1593,3988758,1467320,0.929,0.363,0.111,-3.3,-1.8,0.9,-5.8,-37.7,0.6,0.581652272,-0.211737419,-0.631977294,-0.466261788
1594,3991295,1467320,0.933,0.363,0.114,-3.2,-1.9,0.9,-5.8,-37.7,0.6,0.581591235,-0.211828974,-0.631977294,-0.466292306
1595,3993091,1467320,0.936,0.367,0.111,-3,-2.1,1,-5.8,-37.7,0.6,0.581560717,-0.211890011,-0.631977294,-0.466292306
1596,3995667,1467320,0.933,0.367,0.115,-2.9,-2.1,1,-5.8,-37.7,0.6,0.581530198,-0.211981567,-0.631946776,-0.466322825
1597,3997666,1467330,0.94,0.367,0.118,-2.7,-2.2,1.1,-5.8,-37.7,0.4,0.58149968,-0.212042604,-0.631946776,-0.466322825
1598,4000081,1467330,0.936,0.367,0.114,-2.5,-2.2,1,-5.8,-37.7,0.4,0.581469161,-0.212103641,-0.631946776,-0.466353343
1599,4003045,1467330,0.936,0.367,0.114,-2.3,-2.3,1.1,-5.8,-37.7,0.4,0.581438643,-0.212195196,-0.631946776,-0.466353343
1600,4005028,1467330,0.933,0.363,0.118,-2.3,-2.4,1.1,-5.8,-37.7,0.4,0.581408124,-0.212256233,-0.631946776,-0.466353343
1601,4008522,1467340,0.944,0.363,0.122,-2.2,-2.6,1.1,-5.9,-37.4,0.8,0.581377606,-0.21231727,-0.631946776,-0.466353343
1602,4010252,1467340,0.94,0.367,0.118,-2.2,-2.7,1.1,-5.9,-37.4,0.8,0.581347087,-0.212408826,-0.631977294,-0.466353343
1603,4012361,1467340,0.936,0.359,0.118,-2.3,-2.7,1.1,-5.9,-37.4,0.8,0.581316568,-0.212469863,-0.631977294,-0.466353343
1604,4016342,1467340,0.936,0.359,0.114,-2.6,-2.6,1.2,-5.9,-37.4,0.8,0.581255531,-0.212561419,-0.631977294,-0.466383862
1605,4017774,1467350,0.936,0.359,0.114,-2.6,-2.6,1.2,-5.9,-37.4,0.8,0.581255531,-0.212561419,-0.631977294,-0.466383862
1606,4021865,1467350,0.937,0.356,0.11,-2.9,-2.6,1.4,-5.9,-37.4,0.7,0.581163976,-0.212561419,-0.631946776,-0.466505936
1607,4022336,1467350,0.94,0.352,0.11,-3,-2.5,1.5,-5.9,-37.4,0.7,0.581133457,-0.212652974,-0.631946776,-0.466536454
1608,4024887,1467350,0.937,0.352,0.106,-3.2,-2.5,1.5,-5.9,-37.4,0.7,0.581102939,-0.21274453,-0.631946776,-0.466536454
1609,4029211,1467360,0.937,0.344,0.11,-3.4,-2.5,1.5,-6,-38.2,-0.9,0.581041902,-0.212836085,-0.631946776,-0.466566973
1610,4030989,1467360,0.937,0.34,0.11,-3.5,-2.5,1.6,-6,-38.2,-0.9,0.581011383,-0.212927641,-0.631916257,-0.466566973
1611,4032520,1467360,0.94,0.348,0.106,-3.7,-2.5,1.6,-6,-38.2,-0.9,0.580980865,-0.213019196,-0.631916257,-0.466597491
1612,4036531,1467360,0.937,0.336,0.106,-3.7,-2.6,1.7,-6,-38.2,-0.9,0.580950346,-0.213110752,-0.631885739,-0.466597491
1613,4038178,1467370,0.937,0.34,0.102,-3.8,-2.6,2,-5.9,-37.5,0.6,0.580919828,-0.213232826,-0.631885739,-0.46662801
1614,4040011,1467370,0.937,0.34,0.106,-4,-2.6,2.2,-5.9,-37.5,0.6,0.580889309,-0.2133549,-0.63185522,-0.46662801
1615,4043825,1467370,0.937,0.336,0.098,-4.1,-2.6,2.6,-5.9,-37.5,0.6,0.580858791,-0.213446455,-0.63185522,-0.466658528
1616,4045965,1467370,0.937,0.336,0.102,-4.3,-2.6,2.7,-5.9,-37.5,0.6,0.580828272,-0.213568529,-0.631824702,-0.466658528
1617,4047429,1467380,0.94,0.336,0.102,-4.3,-2.6,2.9,-6,-37.5,0.6,0.580797754,-0.213690603,-0.631794183,-0.466689047
1618,4049969,1467380,0.937,0.336,0.106,-4.3,-2.4,2.8,-6,-37.5,0.6,0.580767235,-0.213812677,-0.631763665,-0.466689047
1619,4053576,1467380,0.937,0.336,0.102,-4.3,-2.3,2.9,-6,-37.5,0.6,0.580736717,-0.213934751,-0.631733146,-0.466689047
1620,4055051,1467380,0.94,0.336,0.102,-4.3,-2.4,3.1,-6,-37.5,0.6,0.580736717,-0.214056825,-0.631702628,-0.466719565
1621,4058254,1467390,0.937,0.336,0.106,-4.3,-2.5,3.3,-6.3,-37.5,0.5,0.580706198,-0.2141789,-0.631672109,-0.466719565
1622,4060534,1467390,0.94,0.336,0.106,-4.3,-2.5,3.4,-6.3,-37.5,0.5,0.58067568,-0.214331492,-0.631672109,-0.466719565
1623,4062845,1467390,0.94,0.34,0.106,-4.2,-2.6,3.3,-6.3,-37.5,0.5,0.580645161,-0.214453566,-0.631641591,-0.466719565
1624,4064952,1467390,0.944,0.34,0.11,-4.1,-2.5,3.2,-6.3,-37.5,0.5,0.580645161,-0.21457564,-0.631611072,-0.466719565
1625,4067497,1467400,0.944,0.34,0.11,-4.1,-2.5,3.2,-6.3,-37.5,0.5,0.580645161,-0.21457564,-0.631611072,-0.466719565
1626,4070735,1467400,0.937,0.34,0.106,-4.1,-2.5,3,-6.1,-37.7,0.3,0.580584124,-0.214880825,-0.631580554,-0.466689047
1627,4073167,1467400,0.94,0.34,0.11,-4.1,-2.5,3.2,-6.1,-37.7,0.3,0.580584124,-0.215002899,-0.631550035,-0.466689047
1628,4075191,1467400,0.944,0.34,0.106,-4.1,-2.5,3.2,-6.1,-37.7,0.3,0.580553606,-0.215124973,-0.631519517,-0.466689047
1629,4079208,1467410,0.937,0.34,0.11,-4.1,-2.5,3.2,-6.3,-38.2,-0.6,0.580523087,-0.215247047,-0.631488998,-0.466719565
1630,4080632,1467410,0.94,0.34,0.106,-4,-2.5,3.2,-6.3,-38.2,-0.6,0.580523087,-0.215369121,-0.63145848,-0.466719565
1631,4082474,1467410,0.94,0.34,0.11,-3.8,-2.4,3.2,-6.3,-38.2,-0.6,0.580492569,-0.215491195,-0.63145848,-0.466719565
1632,4085963,1467410,0.94,0.34,0.11,-3.7,-2.3,3.1,-6.3,-38.2,-0.6,0.58046205,-0.215582751,-0.631427961,-0.466719565
1633,4088110,1467420,0.94,0.344,0.102,-3.5,-2.2,3.1,-6.2,-37.4,0.3,0.58046205,-0.215704825,-0.631397443,-0.466719565
1634,4090222,1467420,0.94,0.344,0.11,-3.3,-2.2,3,-6.2,-37.4,0.3,0.580431532,-0.215796381,-0.631366924,-0.466719565
1635,4092323,1467420,0.944,0.34,0.106,-3.2,-2,3,-6.2,-37.4,0.3,0.580431532,-0.215918455,-0.631366924,-0.466689047
1636,4096381,1467420,0.94,0.344,0.106,-3,-1.8,2.9,-6.2,-37.4,0.3,0.580431532,-0.21601001,-0.631336406,-0.466689047
1637,4098661,1467430,0.944,0.344,0.098,-2.9,-1.7,2.9,-6,-37.5,-0.2,0.580401013,-0.216101566,-0.631305887,-0.466689047
1638,4100015,1467430,0.94,0.336,0.102,-2.8,-1.7,2.8,-6,-37.5,-0.2,0.580401013,-0.216193121,-0.631305887,-0.466689047
1639,4103408,1467430,0.944,0.34,0.098,-2.9,-1.8,2.8,-6,-37.5,-0.2,0.580401013,-0.216284677,-0.631275369,-0.466689047
1640,4104938,1467430,0.94,0.336,0.106,-3,-1.9,2.8,-6,-37.5,-0.2,0.580370495,-0.216406751,-0.63124485,-0.466689047
1641,4107985,1467440,0.948,0.34,0.102,-3,-2,2.7,-5.9,-37.5,0.2,0.580370495,-0.216498306,-0.63124485,-0.466689047
1642,4109795,1467440,0.948,0.336,0.102,-3.2,-2,2.7,-5.9,-37.5,0.2,0.580339976,-0.216589862,-0.631214331,-0.466689047
1643,4112642,1467440,0.944,0.34,0.106,-3.1,-2.2,2.6,-5.9,-37.5,0.2,0.580339976,-0.216681417,-0.631214331,-0.466689047
1644,4116605,1467440,0.948,0.336,0.098,-3,-2.2,2.6,-5.9,-37.5,0.2,0.580309458,-0.216772973,-0.631183813,-0.466689047
1645,4118029,1467450,0.948,0.336,0.098,-3,-2.2,2.6,-5.9,-37.5,0.2,0.580309458,-0.216772973,-0.631183813,-0.466689047
1646,4120241,1467450,0.948,0.336,0.102,-2.7,-2.4,2.6,-6.1,-37.6,-0.1,0.580248421,-0.217017121,-0.63124485,-0.466566973
1647,4123292,1467450,0.948,0.336,0.102,-2.6,-2.5,2.7,-6.1,-37.6,-0.1,0.580217902,-0.217139195,-0.631214331,-0.466566973
1648,4125466,1467450,0.948,0.332,0.102,-2.4,-2.5,2.8,-6.1,-37.6,-0.1,0.580187384,-0.217261269,-0.631214331,-0.466566973
1649,4127697,1467460,0.952,0.328,0.106,-2.3,-2.5,2.8,-6.3,-37.9,-0.8,0.580187384,-0.217352824,-0.631214331,-0.466536454
1650,4130618,1467460,0.948,0.332,0.098,-2.3,-2.4,2.9,-6.3,-37.9,-0.8,0.580156865,-0.21744438,-0.631214331,-0.466505936
1651,4132497,1467460,0.944,0.34,0.102,-2.3,-2.3,2.9,-6.3,-37.9,-0.8,0.580156865,-0.217535936,-0.631214331,-0.466505936
1652,4135590,1467460,0.94,0.336,0.098,-2.3,-2.4,2.9,-6.3,-37.9,-0.8,0.580156865,-0.217627491,-0.631183813,-0.466475417
1653,4137804,1467470,0.948,0.332,0.102,-2.2,-2.5,2.8,-5.9,-38.1,0.3,0.580126347,-0.217719047,-0.631183813,-0.466475417
1654,4140094,1467470,0.952,0.336,0.102,-2.2,-2.6,2.9,-5.9,-38.1,0.3,0.580095828,-0.217810602,-0.631183813,-0.466444899
1655,4142525,1467470,0.944,0.336,0.098,-2.1,-2.5,2.8,-5.9,-38.1,0.3,0.580095828,-0.217902158,-0.631183813,-0.46641438
1656,4145059,1467470,0.944,0.332,0.098,-2.1,-2.5,2.8,-5.9,-38.1,0.3,0.58006531,-0.217993713,-0.631183813,-0.46641438
1657,4147572,1467480,0.944,0.332,0.098,-2.2,-2.4,2.6,-6.4,-37.6,0,0.58006531,-0.218085269,-0.631183813,-0.466383862
1658,4151813,1467480,0.944,0.336,0.098,-2.2,-2.4,2.4,-6.4,-37.6,0,0.580034791,-0.218176824,-0.631183813,-0.466383862
1659,4153876,1467480,0.948,0.332,0.098,-2.1,-2.4,2.3,-6.4,-37.6,0,0.580004273,-0.21826838,-0.631183813,-0.466383862
1660,4156239,1467480,0.948,0.328,0.094,-2,-2.3,2.4,-6.4,-37.6,0,0.580004273,-0.218359935,-0.631153294,-0.466353343
1661,4158496,1467490,0.948,0.332,0.098,-1.9,-2.4,2.5,-6.4,-37.7,-0.1,0.579973754,-0.218420972,-0.631153294,-0.466353343
1662,4160035,1467490,0.944,0.328,0.098,-1.8,-2.4,2.6,-6.4,-37.7,-0.1,0.579973754,-0.218512528,-0.631153294,-0.466322825
1663,4162461,1467490,0.948,0.332,0.098,-1.9,-2.4,2.5,-6.4,-37.7,-0.1,0.579943236,-0.218604083,-0.631153294,-0.466322825
1664,4166560,1467490,0.944,0.332,0.098,-2,-2.2,2.3,-6.4,-37.7,-0.1,0.579943236,-0.218695639,-0.631153294,-0.466292306
1665,4168742,1467500,0.944,0.332,0.098,-2,-2.2,2.3,-6.4,-37.7,-0.1,0.579943236,-0.218695639,-0.631153294,-0.466292306
1666,4171061,1467500,0.948,0.328,0.098,-1.9,-2,2.2,-6.6,-37.7,0,0.579882199,-0.218970305,-0.63124485,-0.466139714
1667,4173577,1467500,0.944,0.328,0.102,-1.8,-2,2.4,-6.6,-37.7,0,0.57985168,-0.219031343,-0.63124485,-0.466109195
1668,4176169,1467500,0.948,0.336,0.102,-1.7,-1.8,2.3,-6.6,-37.7,0,0.57985168,-0.219122898,-0.631214331,-0.466109195
1669,4178014,1467510,0.944,0.332,0.102,-1.6,-1.8,2.3,-6.4,-38.1,-0.1,0.57985168,-0.219183935,-0.631214331,-0.466078677
1670,4180294,1467510,0.948,0.336,0.102,-1.5,-1.8,2.3,-6.4,-38.1,-0.1,0.579821162,-0.219275491,-0.631214331,-0.466078677
1671,4182718,1467510,0.948,0.336,0.098,-1.4,-1.7,2.3,-6.4,-38.1,-0.1,0.579821162,-0.219336528,-0.631214331,-0.466048158
1672,4185246,1467510,0.948,0.34,0.094,-1.3,-1.7,2.4,-6.4,-38.1,-0.1,0.579821162,-0.219397565,-0.631214331,-0.466048158
1673,4187978,1467520,0.944,0.34,0.098,-1.3,-1.8,2.4,-5.9,-37.5,0.1,0.579821162,-0.219458602,-0.631214331,-0.46601764
1674,4189997,1467520,0.944,0.34,0.098,-1.2,-1.8,2.3,-5.9,-37.5,0.1,0.579790643,-0.219550157,-0.631214331,-0.465987121
1675,4193110,1467520,0.944,0.336,0.098,-1.1,-1.7,2.2,-5.9,-37.5,0.1,0.579790643,-0.219611194,-0.631214331,-0.465987121
1676,4195012,1467520,0.948,0.34,0.102,-0.9,-1.6,2.1,-5.9,-37.5,0.1,0.579790643,-0.219672231,-0.631214331,-0.465956603
1677,4198818,1467530,0.944,0.34,0.102,-0.7,-1.5,1.9,-6.4,-37.9,-0.1,0.579790643,-0.21970275,-0.631214331,-0.465926084
1678,4201503,1467530,0.94,0.34,0.102,-0.5,-1.5,1.9,-6.4,-37.9,-0.1,0.579790643,-0.219763787,-0.631214331,-0.465895566
1679,4203709,1467530,0.944,0.34,0.102,-0.5,-1.4,2,-6.4,-37.9,-0.1,0.579790643,-0.219824824,-0.631214331,-0.465865047
1680,4205579,1467530,0.944,0.34,0.098,-0.4,-1.3,1.9,-6.4,-37.9,-0.1,0.579790643,-0.219855342,-0.631214331,-0.465865047
1681,4207848,1467540,0.94,0.34,0.106,-0.2,-1.2,1.8,-6.6,-37.9,-0.1,0.579790643,-0.219885861,-0.631214331,-0.465834529
1682,4210170,1467540,0.944,0.34,0.098,-0.1,-1,1.6,-6.6,-37.9,-0.1,0.579790643,-0.219946898,-0.631214331,-0.46580401
1683,4212697,1467540,0.948,0.34,0.102,0,-1.1,1.6,-6.6,-37.9,-0.1,0.579790643,-0.219946898,-0.63124485,-0.465773492
1684,4214937,1467540,0.944,0.336,0.102,0.1,-1.1,1.6,-6.6,-37.9,-0.1,0.579790643,-0.220007935,-0.63124485,-0.465742973
1685,4219207,1467550,0.944,0.336,0.102,0.1,-1.1,1.6,-6.6,-37.9,-0.1,0.579790643,-0.220007935,-0.63124485,-0.465742973
1686,4221370,1467550,0.944,0.34,0.102,0.3,-1,1.6,-6.9,-38,0,0.579729606,-0.220038453,-0.631336406,-0.465681936
1687,4223631,1467550,0.952,0.336,0.094,0.3,-0.9,1.6,-6.9,-38,0,0.579729606,-0.220068972,-0.631336406,-0.465651418
1688,4225678,1467550,0.948,0.34,0.102,0.3,-0.7,1.4,-6.9,-38,0,0.579729606,-0.22009949,-0.631336406,-0.465620899
1689,4227899,1467560,0.944,0.34,0.098,0.3,-0.6,1.3,-6.5,-38,-0.1,0.579760125,-0.220130009,-0.631336406,-0.465590381
1690,4230176,1467560,0.952,0.328,0.094,0.3,-0.6,1.4,-6.5,-38,-0.1,0.579760125,-0.220130009,-0.631366924,-0.465559862
1691,4232579,1467560,0.952,0.332,0.094,0.3,-0.5,1.6,-6.5,-38,-0.1,0.579760125,-0.220160527,-0.631366924,-0.465529344
1692,4234885,1467560,0.952,0.336,0.09,0.2,-0.5,1.6,-6.5,-38,-0.1,0.579790643,-0.220191046,-0.631366924,-0.465529344
1693,4239404,1467570,0.948,0.332,0.094,0.2,-0.4,1.6,-6.2,-37.7,-0.3,0.579790643,-0.220221564,-0.631366924,-0.465498825
1694,4241661,1467570,0.948,0.336,0.094,0.2,-0.5,1.5,-6.2,-37.7,-0.3,0.579790643,-0.220252083,-0.631366924,-0.465468307
1695,4243911,1467570,0.948,0.332,0.094,0.1,-0.6,1.7,-6.2,-37.7,-0.3,0.579821162,-0.220252083,-0.631366924,-0.465437788
1696,4246174,1467570,0.948,0.332,0.094,0,-0.7,1.7,-6.2,-37.7,-0.3,0.579821162,-0.220282601,-0.631366924,-0.46540727
1697,4248164,1467580,0.952,0.332,0.094,0,-0.7,1.8,-6.6,-37.6,-0.2,0.579821162,-0.220343638,-0.631366924,-0.465376751
1698,4250406,1467580,0.948,0.332,0.094,-0.1,-0.6,1.7,-6.6,-37.6,-0.2,0.579821162,-0.220374157,-0.631366924,-0.465315714
1699,4252639,1467580,0.952,0.336,0.094,0,-0.6,1.7,-6.6,-37.6,-0.2,0.57985168,-0.220404675,-0.631366924,-0.465315714
1700,4255105,1467580,0.952,0.336,0.09,0.1,-0.7,1.7,-6.6,-37.6,-0.2,0.57985168,-0.220435194,-0.631366924,-0.465315714
1701,4257332,1467590,0.952,0.344,0.098,0.3,-0.9,1.9,-6.2,-37.9,0.4,0.57985168,-0.220465712,-0.631366924,-0.465285195
1702,4261848,1467590,0.948,0.34,0.094,0.4,-1,2.1,-6.2,-37.9,0.4,0.57985168,-0.220496231,-0.631366924,-0.465224158
1703,4264039,1467590,0.944,0.34,0.094,0.4,-1.1,2.1,-6.2,-37.9,0.4,0.579882199,-0.220526749,-0.631397443,-0.46519364
1704,4266221,1467590,0.948,0.34,0.098,0.3,-1.1,1.9,-6.2,-37.9,0.4,0.579882199,-0.220557268,-0.631397443,-0.465163121
1705,4268577,1467600,0.948,0.34,0.098,0.3,-1.1,1.9,-6.2,-37.9,0.4,0.579882199,-0.220557268,-0.631397443,-0.465163121
1706,4270638,1467600,0.944,0.336,0.102,0.3,-1,1.5,-6.4,-37.9,-0.2,0.579760125,-0.220587786,-0.631550035,-0.465071566
1707,4272885,1467600,0.944,0.332,0.098,0.4,-0.8,1.4,-6.4,-37.9,-0.2,0.579790643,-0.220618305,-0.631550035,-0.465041047
1708,4275139,1467600,0.94,0.336,0.106,0.3,-0.8,1.4,-6.4,-37.9,-0.2,0.579790643,-0.220648824,-0.631550035,-0.465010529
1709,4279106,1467610,0.944,0.336,0.102,0.2,-0.8,1.3,-6.6,-38.1,0,0.579790643,-0.220679342,-0.631580554,-0.46498001
1710,4281261,1467610,0.944,0.336,0.098,0.2,-0.7,1.3,-6.6,-38.1,0,0.579790643,-0.220709861,-0.631580554,-0.46498001
1711,4283514,1467610,0.944,0.332,0.106,0.3,-0.6,1.2,-6.6,-38.1,0,0.579790643,-0.220709861,-0.631580554,-0.464949492
1712,4285833,1467610,0.937,0.328,0.098,0.3,-0.5,1.1,-6.6,-38.1,0,0.579790643,-0.220740379,-0.631580554,-0.464918973
1713,4287897,1467620,0.944,0.324,0.102,0.3,-0.4,1,-6.8,-37.4,0,0.579790643,-0.220740379,-0.631580554,-0.464888455
1714,4290138,1467620,0.94,0.324,0.098,0.2,-0.3,0.8,-6.8,-37.4,0,0.579821162,-0.220770898,-0.631580554,-0.464888455
1715,4294078,1467620,0.94,0.32,0.098,0.2,-0.2,0.6,-6.8,-37.4,0,0.579821162,-0.220770898,-0.631580554,-0.464857936
1716,4296297,1467620,0.94,0.32,0.098,0.2,-0.2,0.4,-6.8,-37.4,0,0.579821162,-0.220770898,-0.631611072,-0.464857936
1717,4298561,1467630,0.941,0.32,0.094,0.2,-0.1,0.3,-6.7,-37.2,0.3,0.579821162,-0.220770898,-0.631611072,-0.464857936
1718,4300701,1467630,0.937,0.32,0.098,0.3,-0.1,0.2,-6.7,-37.2,0.3,0.579821162,-0.220770898,-0.631611072,-0.464857936
1719,4302941,1467630,0.94,0.32,0.098,0.5,-0.1,0.2,-6.7,-37.2,0.3,0.579821162,-0.220770898,-0.631611072,-0.464827418
1720,4305137,1467630,0.941,0.32,0.09,0.7,0,0.2,-6.7,-37.2,0.3,0.579821162,-0.220770898,-0.631611072,-0.464827418
1721,4307525,1467640,0.941,0.32,0.094,0.9,0.2,0.1,-6.9,-37.5,-0.2,0.57985168,-0.220770898,-0.631611072,-0.464796899
1722,4309826,1467640,0.944,0.32,0.098,1,0.4,0,-6.9,-37.5,-0.2,0.57985168,-0.220740379,-0.631641591,-0.464796899
1723,4314275,1467640,0.944,0.32,0.098,1.1,0.5,0,-6.9,-37.5,-0.2,0.57985168,-0.220709861,-0.631641591,-0.464766381
1724,4316580,1467640,0.944,0.32,0.098,1.4,0.6,0.1,-6.9,-37.5,-0.2,0.579882199,-0.220709861,-0.631641591,-0.464766381
1725,4318102,1467650,0.944,0.32,0.098,1.4,0.6,0.1,-6.9,-37.5,-0.2,0.579882199,-0.220709861,-0.631641591,-0.464766381
1726,4320453,1467650,0.944,0.328,0.094,2.1,0.6,0.5,-6.8,-37.6,0.1,0.579943236,-0.220770898,-0.631672109,-0.46458327
1727,4322599,1467650,0.948,0.328,0.102,2.5,0.6,0.4,-6.8,-37.6,0.1,0.579973754,-0.220709861,-0.631702628,-0.464552751
1728,4326613,1467650,0.948,0.324,0.098,2.7,0.6,0.5,-6.8,-37.6,0.1,0.580004273,-0.220679342,-0.631702628,-0.464522233
1729,4328412,1467660,0.944,0.328,0.098,2.8,0.6,0.6,-6.6,-37.7,0.1,0.580034791,-0.220648824,-0.631733146,-0.464461196
1730,4330467,1467660,0.944,0.332,0.098,2.8,0.7,0.9,-6.6,-37.7,0.1,0.58006531,-0.220618305,-0.631763665,-0.464430677
1731,4332646,1467660,0.948,0.328,0.102,2.8,0.7,1.1,-6.6,-37.7,0.1,0.580095828,-0.220587786,-0.631763665,-0.46436964
1732,4335200,1467660,0.948,0.332,0.098,2.8,0.8,1.1,-6.6,-37.7,0.1,0.580126347,-0.220557268,-0.631763665,-0.464308603
1733,4337342,1467670,0.952,0.34,0.094,2.9,0.9,1.2,-6.2,-38,-0.2,0.580187384,-0.220526749,-0.631794183,-0.464278085
1734,4340883,1467670,0.952,0.34,0.102,2.9,1,1.2,-6.2,-38,-0.2,0.580217902,-0.220496231,-0.631794183,-0.464217048
1735,4342956,1467670,0.948,0.34,0.098,3,1,1.2,-6.2,-38,-0.2,0.580248421,-0.220465712,-0.631824702,-0.464156011
1736,4345190,1467670,0.948,0.34,0.094,3.1,1.1,1.1,-6.2,-38,-0.2,0.580309458,-0.220435194,-0.631824702,-0.464125492
1737,4348706,1467680,0.952,0.336,0.098,3,1.1,1.1,-6.3,-38,0.1,0.580339976,-0.220404675,-0.631824702,-0.464064455
1738,4350939,1467680,0.948,0.344,0.102,2.9,1.2,1.2,-6.3,-38,0.1,0.580401013,-0.220374157,-0.63185522,-0.464003418
1739,4353028,1467680,0.948,0.34,0.098,3,1.1,1.2,-6.3,-38,0.1,0.580431532,-0.220343638,-0.63185522,-0.4639729
1740,4355283,1467680,0.948,0.34,0.098,3,1.1,1.1,-6.3,-38,0.1,0.58046205,-0.22031312,-0.63185522,-0.463911863
1741,4357650,1467690,0.948,0.34,0.098,3,1.1,1,-6.3,-37.6,0,0.580523087,-0.220282601,-0.631885739,-0.463850826
1742,4361752,1467690,0.944,0.34,0.098,2.9,1,1,-6.3,-37.6,0,0.580553606,-0.220221564,-0.631885739,-0.463820307
1743,4364032,1467690,0.944,0.344,0.102,2.9,1,1.1,-6.3,-37.6,0,0.580584124,-0.220191046,-0.631885739,-0.46375927
1744,4366313,1467690,0.944,0.34,0.094,3,0.8,1.1,-6.3,-37.6,0,0.580645161,-0.220160527,-0.631916257,-0.463698233
1745,4368105,1467700,0.944,0.34,0.094,3,0.8,1.1,-6.3,-37.6,0,0.580645161,-0.220160527,-0.631916257,-0.463698233
1746,4370488,1467700,0.94,0.344,0.098,3.1,0.8,1.2,-6.4,-37.9,0,0.580645161,-0.220068972,-0.632007813,-0.463606677
1747,4372662,1467700,0.944,0.344,0.102,3.1,0.8,1.2,-6.4,-37.9,0,0.58067568,-0.220038453,-0.632038331,-0.46354564
1748,4376681,1467700,0.944,0.344,0.102,3.2,0.8,1.3,-6.4,-37.9,0,0.580736717,-0.220007935,-0.632038331,-0.463484603
1749,4378935,1467710,0.94,0.336,0.098,3.1,0.8,1.3,-6.8,-37.7,0.4,0.580767235,-0.219946898,-0.63206885,-0.463423566
1750,4381097,1467710,0.944,0.336,0.094,3,0.8,1.4,-6.8,-37.7,0.4,0.580797754,-0.219946898,-0.63206885,-0.463362529
1751,4383408,1467710,0.944,0.34,0.098,2.9,0.8,1.4,-6.8,-37.7,0.4,0.580858791,-0.219946898,-0.63206885,-0.463332011
1752,4385489,1467710,0.944,0.344,0.094,2.7,0.9,1.5,-6.8,-37.7,0.4,0.580889309,-0.219916379,-0.632099368,-0.463270974
1753,4387664,1467720,0.94,0.34,0.094,2.6,0.9,1.5,-6.5,-37.5,0,0.580919828,-0.219885861,-0.632099368,-0.463209937
1754,4391188,1467720,0.944,0.336,0.102,2.6,0.8,1.5,-6.5,-37.5,0,0.580980865,-0.219855342,-0.632099368,-0.4631489
1755,4393399,1467720,0.94,0.336,0.106,2.6,0.6,1.5,-6.5,-37.5,0,0.581011383,-0.219855342,-0.632099368,-0.463118381
1756,4395439,1467720,0.944,0.34,0.102,2.7,0.6,1.5,-6.5,-37.5,0,0.581041902,-0.219824824,-0.632129887,-0.463057344
1757,4397694,1467730,0.944,0.332,0.102,2.8,0.5,1.5,-6.6,-37.6,0,0.58107242,-0.219794305,-0.632129887,-0.462996307
1758,4401054,1467730,0.94,0.336,0.102,2.8,0.6,1.3,-6.6,-37.6,0,0.581133457,-0.219794305,-0.632160405,-0.46293527
1759,4402438,1467730,0.944,0.336,0.098,2.8,0.6,1.1,-6.6,-37.6,0,0.581163976,-0.219763787,-0.632160405,-0.462904752
1760,4405372,1467730,0.94,0.336,0.102,2.7,0.8,0.8,-6.6,-37.6,0,0.581194494,-0.219733268,-0.632190924,-0.462843715
1761,4407682,1467740,0.944,0.328,0.094,2.7,0.9,0.7,-6.3,-37.1,0.1,0.581225013,-0.21970275,-0.632190924,-0.462813196
1762,4411109,1467740,0.94,0.328,0.098,2.8,1,0.7,-6.3,-37.1,0.1,0.581255531,-0.219641713,-0.632190924,-0.462752159
1763,4413362,1467740,0.948,0.324,0.098,2.9,0.9,0.7,-6.3,-37.1,0.1,0.58128605,-0.219611194,-0.632221442,-0.462721641
1764,4415418,1467740,0.944,0.328,0.094,2.9,0.9,0.7,-6.3,-37.1,0.1,0.581316568,-0.219580676,-0.632221442,-0.462691122
1765,4417734,1467750,0.944,0.328,0.094,2.9,0.9,0.7,-6.3,-37.1,0.1,0.581316568,-0.219580676,-0.632221442,-0.462691122
1766,4419790,1467750,0.948,0.328,0.098,2.9,0.9,0.4,-6.8,-38,0.3,0.581347087,-0.219580676,-0.632343516,-0.462508011
1767,4423493,1467750,0.948,0.32,0.098,3,0.9,0.4,-6.8,-38,0.3,0.581377606,-0.219550157,-0.632343516,-0.462446974
1768,4425497,1467750,0.948,0.32,0.098,3,1,0.4,-6.8,-38,0.3,0.581408124,-0.21948912,-0.632374035,-0.462416456
1769,4427709,1467760,0.948,0.32,0.102,3.1,1.1,0.4,-6.9,-38,0.1,0.581469161,-0.219458602,-0.632374035,-0.462385937
1770,4429803,1467760,0.948,0.316,0.094,3.1,1.3,0.5,-6.9,-38,0.1,0.58149968,-0.219397565,-0.632404553,-0.4623249
1771,4433458,1467760,0.948,0.316,0.098,3.2,1.4,0.7,-6.9,-38,0.1,0.581530198,-0.219367046,-0.632404553,-0.462294382
1772,4435528,1467760,0.956,0.316,0.094,3.4,1.6,0.9,-6.9,-38,0.1,0.581591235,-0.219306009,-0.632404553,-0.462233345
1773,4437743,1467770,0.956,0.312,0.098,3.4,1.6,0.9,-6.5,-37.4,0.3,0.581621754,-0.219275491,-0.632435072,-0.462172308
1774,4439864,1467770,0.956,0.316,0.098,3.5,1.6,0.8,-6.5,-37.4,0.3,0.581682791,-0.219214454,-0.632435072,-0.46211127
1775,4443528,1467770,0.956,0.316,0.09,3.7,1.6,0.8,-6.5,-37.4,0.3,0.581743828,-0.219153417,-0.632435072,-0.462080752
1776,4445494,1467770,0.96,0.316,0.094,4,1.6,0.8,-6.5,-37.4,0.3,0.581774346,-0.21909238,-0.63246559,-0.462019715
1777,4447761,1467780,0.96,0.316,0.094,4.2,1.6,0.8,-6.1,-37.9,0.5,0.581835383,-0.219031343,-0.632496109,-0.461958678
1778,4449832,1467780,0.96,0.316,0.094,4.3,1.6,0.7,-6.1,-37.9,0.5,0.58189642,-0.218970305,-0.632496109,-0.461897641
1779,4453068,1467780,0.96,0.32,0.094,4.5,1.6,0.7,-6.1,-37.9,0.5,0.581926939,-0.218909268,-0.632526627,-0.461836604
1780,4456290,1467780,0.956,0.324,0.094,4.5,1.6,0.7,-6.1,-37.9,0.5,0.581987976,-0.218848231,-0.632557146,-0.461745048
1781,4458269,1467790,0.96,0.324,0.098,4.5,1.6,0.6,-6.1,-37.9,0.3,0.582049013,-0.218787194,-0.632557146,-0.461684011
1782,4461412,1467790,0.96,0.32,0.098,4.5,1.5,0.6,-6.1,-37.9,0.3,0.582079531,-0.218726157,-0.632587664,-0.461622974
1783,4463333,1467790,0.956,0.324,0.098,4.5,1.3,0.6,-6.1,-37.9,0.3,0.582140568,-0.21866512,-0.632618183,-0.461561937
1784,4464780,1467790,0.956,0.324,0.098,4.6,1.2,0.6,-6.1,-37.9,0.3,0.582171087,-0.218604083,-0.632648701,-0.4615009
1785,4467646,1467800,0.956,0.324,0.098,4.6,1.2,0.6,-6.1,-37.9,0.3,0.582171087,-0.218604083,-0.632648701,-0.4615009
1786,4470188,1467800,0.956,0.332,0.098,4.8,1.3,0.8,-6.5,-37.5,0.4,0.582293161,-0.218573565,-0.632709738,-0.461256752
1787,4473334,1467800,0.952,0.332,0.102,4.8,1.4,0.8,-6.5,-37.5,0.4,0.582354198,-0.218512528,-0.632740257,-0.461195715
1788,4475397,1467800,0.952,0.328,0.098,4.9,1.4,0.9,-6.5,-37.5,0.4,0.582415235,-0.218451491,-0.632770775,-0.46110416
1789,4477622,1467810,0.952,0.332,0.102,4.9,1.4,0.8,-6.8,-37.7,0.3,0.582445753,-0.218390454,-0.632801294,-0.461043123
1790,4481728,1467810,0.952,0.332,0.098,4.9,1.5,0.7,-6.8,-37.7,0.3,0.58250679,-0.218329417,-0.632831812,-0.460982086
1791,4483579,1467810,0.952,0.332,0.094,4.9,1.5,0.7,-6.8,-37.7,0.3,0.582567827,-0.218237861,-0.632862331,-0.46089053
1792,4485145,1467810,0.952,0.336,0.094,5,1.6,0.6,-6.8,-37.7,0.3,0.582628864,-0.218176824,-0.63289285,-0.460829493
1793,4487448,1467820,0.952,0.332,0.102,5,1.7,0.5,-6.1,-37.9,0.4,0.582659383,-0.218115787,-0.632923368,-0.460768456
1794,4490282,1467820,0.948,0.336,0.098,5.1,1.8,0.4,-6.1,-37.9,0.4,0.58272042,-0.217993713,-0.632923368,-0.460676901
1795,4492296,1467820,0.952,0.34,0.098,5.2,1.9,0.3,-6.1,-37.9,0.4,0.582781457,-0.217932676,-0.632953887,-0.460615864
1796,4495991,1467820,0.952,0.34,0.098,5.3,2.1,0.3,-6.1,-37.9,0.4,0.582842494,-0.217871639,-0.632984405,-0.460554827
1797,4497398,1467830,0.952,0.34,0.102,5.4,2.2,0.4,-5.9,-37.9,0.4,0.582903531,-0.217780084,-0.633014924,-0.460493789
1798,4500000,1467830,0.948,0.34,0.102,5.6,2.2,0.2,-5.9,-37.9,0.4,0.582964568,-0.217688528,-0.633045442,-0.460402234
1799,4504184,1467830,0.948,0.344,0.094,5.6,2.1,0.2,-5.9,-37.9,0.4,0.582995087,-0.217596973,-0.633075961,-0.460341197
1800,4505579,1467830,0.948,0.344,0.098,5.8,2.2,0,-5.9,-37.9,0.4,0.583086642,-0.217505417,-0.633106479,-0.46028016
1801,4507950,1467840,0.948,0.344,0.102,5.9,2.3,0.2,-5.9,-37.6,0.6,0.583147679,-0.217413862,-0.633106479,-0.460188604
1802,4510188,1467840,0.952,0.34,0.106,5.9,2.4,0.2,-5.9,-37.6,0.6,0.583208716,-0.217291787,-0.633136998,-0.460127567
1803,4512501,1467840,0.948,0.344,0.106,6,2.4,0.3,-5.9,-37.6,0.6,0.583269753,-0.217200232,-0.633167516,-0.460036012
1804,4515100,1467840,0.948,0.344,0.11,6,2.6,0.2,-5.9,-37.6,0.6,0.58333079,-0.217108676,-0.633198035,-0.459974975
1805,4518970,1467850,0.948,0.344,0.11,6,2.6,0.2,-5.9,-37.6,0.6,0.58333079,-0.217108676,-0.633198035,-0.459974975
1806,4520323,1467850,0.944,0.34,0.106,6,2.7,0.1,-6.2,-37.7,0.5,0.583422346,-0.216803491,-0.63328959,-0.459913938
1807,4522304,1467850,0.948,0.352,0.102,6,2.8,0.2,-6.2,-37.7,0.5,0.583483383,-0.216681417,-0.63328959,-0.459852901
1808,4526190,1467850,0.948,0.348,0.102,6.2,2.7,0.2,-6.2,-37.7,0.5,0.583574938,-0.216589862,-0.633320109,-0.459761345
1809,4527567,1467860,0.948,0.344,0.106,6.2,2.7,0.2,-7,-37.6,0.5,0.583635975,-0.216467788,-0.633350627,-0.459700308
1810,4530597,1467860,0.948,0.348,0.102,6.3,2.7,0.2,-7,-37.6,0.5,0.583697012,-0.216376232,-0.633381146,-0.459608753
1811,4533893,1467860,0.948,0.348,0.102,6.3,2.7,0.2,-7,-37.6,0.5,0.583758049,-0.216284677,-0.633411664,-0.459547716
1812,4535963,1467860,0.948,0.348,0.106,6.3,2.7,0.3,-7,-37.6,0.5,0.583849605,-0.216162603,-0.633442183,-0.45945616
1813,4537350,1467870,0.952,0.352,0.102,6.2,2.7,0.4,-6.2,-37.6,0.2,0.583910642,-0.216040529,-0.633472701,-0.459364605
1814,4540512,1467870,0.944,0.344,0.102,6.2,2.7,0.5,-6.2,-37.6,0.2,0.584002197,-0.215979492,-0.633472701,-0.459303568
1815,4542347,1467870,0.952,0.351,0.106,6.2,2.8,0.6,-6.2,-37.6,0.2,0.584063234,-0.215857418,-0.63350322,-0.459212012
1816,4546136,1467870,0.952,0.348,0.106,6.1,2.9,0.5,-6.2,-37.6,0.2,0.58415479,-0.215765862,-0.633533738,-0.459150975
1817,4547523,1467880,0.948,0.352,0.106,6,2.9,0.5,-6.5,-38.1,0.5,0.584215827,-0.215674306,-0.633564257,-0.45905942
1818,4550330,1467880,0.952,0.348,0.102,5.9,2.9,0.4,-6.5,-38.1,0.5,0.584276864,-0.215582751,-0.633564257,-0.458998383
1819,4553305,1467880,0.948,0.352,0.106,5.9,2.9,0.5,-6.5,-38.1,0.5,0.584368419,-0.215460677,-0.633594775,-0.458906827
1820,4556263,1467880,0.956,0.347,0.11,5.9,2.9,0.6,-6.5,-38.1,0.5,0.584429456,-0.215369121,-0.633594775,-0.45884579
1821,4557629,1467890,0.952,0.348,0.106,5.9,2.9,0.7,-6.7,-37.9,0.1,0.584521012,-0.215277566,-0.633625294,-0.458754234
1822,4560830,1467890,0.948,0.352,0.102,5.9,2.9,0.8,-6.7,-37.9,0.1,0.584582049,-0.21518601,-0.633655812,-0.458662679
1823,4562292,1467890,0.948,0.352,0.106,5.8,2.8,0.8,-6.7,-37.9,0.1,0.584673605,-0.215063936,-0.633655812,-0.458601642
1824,4565132,1467890,0.948,0.352,0.106,5.7,2.8,0.8,-6.7,-37.9,0.1,0.584734642,-0.215002899,-0.633686331,-0.458510086
1825,4568318,1467900,0.948,0.352,0.106,5.7,2.8,0.8,-6.7,-37.9,0.1,0.584734642,-0.215002899,-0.633686331,-0.458510086
1826,4571039,1467900,0.944,0.348,0.102,5.6,3,0.9,-6.4,-37.6,0.8,0.584795679,-0.214667196,-0.633777886,-0.458479568
1827,4572476,1467900,0.944,0.352,0.11,5.7,3,1.1,-6.4,-37.6,0.8,0.584887234,-0.214606159,-0.633777886,-0.458388012
1828,4575646,1467900,0.944,0.356,0.098,5.7,3.1,1.1,-6.4,-37.6,0.8,0.584948271,-0.214514603,-0.633777886,-0.458326975
1829,4577681,1467910,0.94,0.352,0.106,5.6,3,1.1,-7.2,-37.9,0.6,0.585039827,-0.214423048,-0.633777886,-0.45823542
1830,4581049,1467910,0.948,0.355,0.106,5.5,3,1.2,-7.2,-37.9,0.6,0.585131382,-0.214331492,-0.633777886,-0.458174383
1831,4582999,1467910,0.94,0.348,0.106,5.4,2.9,1.2,-7.2,-37.9,0.6,0.585192419,-0.214239937,-0.633838923,-0.458082827
1832,4585488,1467910,0.94,0.352,0.106,5.4,2.9,1.2,-7.2,-37.9,0.6,0.585283975,-0.2141789,-0.633838923,-0.457991272
1833,4587526,1467920,0.94,0.356,0.106,5.4,2.7,1.1,-5.9,-37.6,0.4,0.585345012,-0.214087344,-0.633838923,-0.457930235
1834,4591371,1467920,0.937,0.356,0.106,5.4,2.7,1,-5.9,-37.6,0.4,0.585436567,-0.213995788,-0.633869442,-0.457838679
1835,4593712,1467920,0.937,0.348,0.102,5.4,2.7,1,-5.9,-37.6,0.4,0.585497604,-0.213934751,-0.633869442,-0.457777642
1836,4596165,1467920,0.937,0.352,0.103,5.3,2.8,1,-5.9,-37.6,0.4,0.58558916,-0.213843196,-0.63389996,-0.457716605
1837,4598088,1467930,0.94,0.352,0.102,5.2,2.8,1,-6.2,-37.5,0.9,0.585650197,-0.21375164,-0.63389996,-0.45762505
1838,4600037,1467930,0.937,0.352,0.106,5.1,2.9,1.1,-6.2,-37.5,0.9,0.585741752,-0.213690603,-0.63389996,-0.457564013
1839,4603199,1467930,0.94,0.352,0.102,4.9,2.9,1.1,-6.2,-37.5,0.9,0.585802789,-0.213599048,-0.633930479,-0.457502976
1840,4605480,1467930,0.937,0.352,0.106,4.6,2.8,1.2,-6.2,-37.5,0.9,0.585863826,-0.213538011,-0.633930479,-0.45741142
1841,4607698,1467940,0.937,0.352,0.11,4.5,2.9,1,-5.9,-37.9,1.1,0.585955382,-0.213446455,-0.633930479,-0.457350383
1842,4610163,1467940,0.937,0.348,0.11,4.3,2.9,0.8,-5.9,-37.9,1.1,0.586016419,-0.213385418,-0.633930479,-0.457289346
1843,4612375,1467940,0.933,0.352,0.106,4.1,2.9,0.7,-5.9,-37.9,1.1,0.586077456,-0.213324381,-0.633930479,-0.457258827
1844,4616346,1467940,0.937,0.348,0.102,4,2.9,0.8,-5.9,-37.9,1.1,0.586169012,-0.213232826,-0.633930479,-0.45719779
1845,4618071,1467950,0.937,0.348,0.102,4,2.9,0.8,-5.9,-37.9,1.1,0.586169012,-0.213232826,-0.633930479,-0.45719779
1846,4620347,1467950,0.937,0.348,0.106,3.6,2.7,1,-5.8,-37.8,0.9,0.58619953,-0.212988678,-0.633960997,-0.45719779
1847,4622597,1467950,0.929,0.348,0.107,3.4,2.7,0.8,-5.8,-37.8,0.9,0.586260567,-0.212927641,-0.633960997,-0.457167272
1848,4624942,1467950,0.937,0.348,0.102,3.2,2.7,0.7,-5.8,-37.8,0.9,0.586321604,-0.212866604,-0.633960997,-0.457106235
1849,4627315,1467960,0.933,0.352,0.103,3.1,2.7,0.7,-7.6,-37.6,0.9,0.586382641,-0.212805567,-0.633930479,-0.457075716
1850,4631918,1467960,0.933,0.348,0.103,3,2.8,0.6,-7.6,-37.6,0.9,0.586443678,-0.21274453,-0.633930479,-0.457045198
1851,4634057,1467960,0.933,0.344,0.102,3,2.9,0.5,-7.6,-37.6,0.9,0.586504715,-0.212683493,-0.633930479,-0.457014679
1852,4636222,1467960,0.933,0.348,0.106,3.1,2.9,0.3,-7.6,-37.6,0.9,0.586565752,-0.212622456,-0.63389996,-0.456953642
1853,4638535,1467970,0.937,0.344,0.106,3.1,2.8,0.3,-6,-37.3,0.6,0.586626789,-0.212561419,-0.63389996,-0.456923124
1854,4640611,1467970,0.937,0.344,0.11,3.1,2.7,0.4,-6,-37.3,0.6,0.586687826,-0.212500381,-0.63389996,-0.456892605
1855,4642773,1467970,0.937,0.344,0.11,3.1,2.6,0.4,-6,-37.3,0.6,0.586748863,-0.212439344,-0.63389996,-0.456862087
1856,4646024,1467970,0.937,0.348,0.102,3.1,2.5,0.4,-6,-37.3,0.6,0.5868099,-0.212378307,-0.63389996,-0.456831568
1857,4648072,1467980,0.937,0.344,0.102,3.2,2.5,0.3,-6,-37.6,1.1,0.586840419,-0.21231727,-0.63389996,-0.456770531
1858,4650380,1467980,0.937,0.352,0.11,3.2,2.6,0.1,-6,-37.6,1.1,0.586901456,-0.212256233,-0.63389996,-0.456740013
1859,4652690,1467980,0.94,0.348,0.106,3.2,2.6,0,-6,-37.6,1.1,0.586962493,-0.212134159,-0.63389996,-0.456709494
1860,4654979,1467980,0.937,0.344,0.102,3.2,2.5,0,-6,-37.6,1.1,0.586993011,-0.212103641,-0.63389996,-0.456678976
1861,4658594,1467990,0.933,0.348,0.106,3.4,2.4,0,-5.8,-37.3,0.6,0.587054048,-0.212042604,-0.63389996,-0.456648457
1862,4659981,1467990,0.937,0.348,0.106,3.5,2.4,0,-5.8,-37.3,0.6,0.587115085,-0.211981567,-0.63389996,-0.456617939
1863,4663023,1467990,0.94,0.348,0.11,3.5,2.4,0,-5.8,-37.3,0.6,0.587145604,-0.211890011,-0.63389996,-0.456556902
1864,4665169,1467990,0.94,0.356,0.099,3.5,2.3,0,-5.8,-37.3,0.6,0.587206641,-0.211828974,-0.63389996,-0.456526383
1865,4668215,1468000,0.94,0.356,0.099,3.5,2.3,0,-5.8,-37.3,0.6,0.587206641,-0.211828974,-0.63389996,-0.456526383
1866,4669780,1468000,0.936,0.355,0.114,3.4,2,0,-5.9,-37.6,1.1,0.587176122,-0.211523789,-0.633991516,-0.45658742
1867,4672600,1468000,0.937,0.352,0.106,3.3,1.9,0,-5.9,-37.6,1.1,0.587206641,-0.211462752,-0.634022034,-0.456556902
1868,4675456,1468000,0.937,0.356,0.106,3.2,1.8,0.1,-5.9,-37.6,1.1,0.587267678,-0.211401715,-0.634022034,-0.456495865
1869,4678314,1468010,0.937,0.356,0.106,3.1,1.6,0.2,-7.7,-37.8,0.8,0.587298196,-0.211340678,-0.634022034,-0.456465346
1870,4679758,1468010,0.937,0.356,0.103,3,1.5,0.5,-7.7,-37.8,0.8,0.587328715,-0.21131016,-0.634022034,-0.456434828
1871,4682448,1468010,0.937,0.356,0.103,2.9,1.3,0.7,-7.7,-37.8,0.8,0.587389752,-0.211249123,-0.634052553,-0.456373791
1872,4685272,1468010,0.937,0.356,0.106,2.8,1.2,0.9,-7.7,-37.8,0.8,0.58742027,-0.211218604,-0.634052553,-0.456343272
1873,4688215,1468020,0.933,0.36,0.11,2.8,1.1,1,-5.6,-37.8,0.8,0.587450789,-0.211157567,-0.634052553,-0.456282235
1874,4690916,1468020,0.937,0.36,0.107,2.7,1,0.8,-5.6,-37.8,0.8,0.587511826,-0.211157567,-0.634083071,-0.456251717
1875,4692410,1468020,0.933,0.356,0.103,2.7,1,0.7,-5.6,-37.8,0.8,0.587542344,-0.211127049,-0.634083071,-0.45619068
1876,4695225,1468020,0.937,0.356,0.103,2.6,1,0.4,-5.6,-37.8,0.8,0.587572863,-0.21109653,-0.634083071,-0.456160161
1877,4698023,1468030,0.933,0.36,0.107,2.4,1,0.2,-5.9,-37.3,1,0.587603381,-0.211035493,-0.63411359,-0.456129643
1878,4700407,1468030,0.937,0.352,0.106,2.3,1.1,0,-5.9,-37.3,1,0.587603381,-0.211004975,-0.63411359,-0.456099124
1879,4702597,1468030,0.937,0.348,0.106,2.2,1.2,-0.1,-5.9,-37.3,1,0.5876339,-0.210974456,-0.63411359,-0.456068606
1880,4706611,1468030,0.937,0.348,0.106,2.1,1.3,0,-5.9,-37.3,1,0.587664418,-0.210913419,-0.63411359,-0.456068606
1881,4708811,1468040,0.937,0.352,0.106,1.9,1.3,-0.1,-5.6,-37.6,0.7,0.587694937,-0.2108829,-0.63411359,-0.456038087
1882,4710990,1468040,0.937,0.348,0.102,1.7,1.2,-0.1,-5.6,-37.6,0.7,0.587725455,-0.210852382,-0.63411359,-0.456007569
1883,4713402,1468040,0.937,0.348,0.106,1.6,1,-0.3,-5.6,-37.6,0.7,0.587725455,-0.210821863,-0.634144108,-0.456007569
1884,4715292,1468040,0.933,0.344,0.102,1.4,0.9,-0.3,-5.6,-37.6,0.7,0.587755974,-0.210791345,-0.634144108,-0.456007569
1885,4717607,1468050,0.933,0.344,0.102,1.4,0.9,-0.3,-5.6,-37.6,0.7,0.587755974,-0.210791345,-0.634144108,-0.456007569
1886,4721600,1468050,0.933,0.344,0.11,1.1,0.8,-0.4,-5.7,-37.2,0.5,0.587664418,-0.210547197,-0.634235664,-0.456099124
1887,4723887,1468050,0.929,0.344,0.103,0.9,0.7,-0.2,-5.7,-37.2,0.5,0.587664418,-0.210516678,-0.634235664,-0.456099124
1888,4726264,1468050,0.933,0.34,0.106,0.7,0.6,-0.1,-5.7,-37.2,0.5,0.587664418,-0.210516678,-0.634235664,-0.456099124
1889,4728073,1468060,0.933,0.344,0.106,0.6,0.6,0,-7.7,-37.8,1.2,0.587694937,-0.21048616,-0.634235664,-0.456068606
1890,4730046,1468060,0.929,0.348,0.11,0.5,0.5,0,-7.7,-37.8,1.2,0.587694937,-0.21048616,-0.634235664,-0.456068606
1891,4732386,1468060,0.929,0.344,0.106,0.4,0.5,0,-7.7,-37.8,1.2,0.587694937,-0.210455641,-0.634235664,-0.456068606
1892,4734984,1468060,0.929,0.348,0.107,0.3,0.4,0,-7.7,-37.8,1.2,0.587725455,-0.210455641,-0.634235664,-0.456068606
1893,4739178,1468070,0.929,0.344,0.106,0.3,0.2,0,-5.8,-37.7,0.6,0.587725455,-0.210455641,-0.634235664,-0.456068606
1894,4741565,1468070,0.933,0.344,0.11,0.3,0.1,0.2,-5.8,-37.7,0.6,0.587725455,-0.210455641,-0.634235664,-0.456068606
1895,4743835,1468070,0.929,0.344,0.11,0.3,0,0.3,-5.8,-37.7,0.6,0.587725455,-0.210455641,-0.634235664,-0.456038087
1896,4746210,1468070,0.925,0.348,0.107,0.3,0,0.5,-5.8,-37.7,0.6,0.587725455,-0.210455641,-0.634235664,-0.456038087
1897,4748993,1468080,0.929,0.352,0.11,0.3,0,0.4,-5.8,-37.7,1.2,0.587755974,-0.210455641,-0.634235664,-0.456038087
1898,4751297,1468080,0.929,0.356,0.114,0.5,-0.2,0.3,-5.8,-37.7,1.2,0.587755974,-0.210455641,-0.634235664,-0.456007569
1899,4753175,1468080,0.929,0.352,0.107,0.7,-0.3,0.3,-5.8,-37.7,1.2,0.587755974,-0.210455641,-0.634235664,-0.456007569
1900,4756599,1468080,0.933,0.356,0.114,0.8,-0.4,0.3,-5.8,-37.7,1.2,0.587755974,-0.210455641,-0.634266182,-0.45597705
1901,4758849,1468090,0.929,0.356,0.111,0.9,-0.5,0.4,-5.9,-37.8,0.8,0.587755974,-0.210455641,-0.634266182,-0.455946532
1902,4760679,1468090,0.936,0.352,0.114,0.9,-0.4,0.4,-5.9,-37.8,0.8,0.587755974,-0.210455641,-0.634296701,-0.455946532
1903,4763138,1468090,0.933,0.356,0.114,0.9,-0.4,0.3,-5.9,-37.8,0.8,0.587755974,-0.210455641,-0.634296701,-0.455916013
1904,4765265,1468090,0.933,0.36,0.11,0.8,-0.3,0.3,-5.9,-37.8,0.8,0.587755974,-0.210455641,-0.634327219,-0.455885495
1905,4767954,1468100,0.933,0.36,0.11,0.8,-0.3,0.3,-5.9,-37.8,0.8,0.587755974,-0.210455641,-0.634327219,-0.455885495
1906,4770733,1468100,0.94,0.352,0.11,0.7,-0.3,0.3,-5.6,-37.8,0.7,0.587664418,-0.210180975,-0.634357738,-0.456038087
1907,4772867,1468100,0.94,0.355,0.11,0.6,-0.2,0.3,-5.6,-37.8,0.7,0.587664418,-0.210180975,-0.634357738,-0.456038087
1908,4775121,1468100,0.937,0.352,0.11,0.4,-0.2,0.3,-5.6,-37.8,0.7,0.587664418,-0.210180975,-0.634388256,-0.456007569
1909,4778472,1468110,0.937,0.348,0.11,0.2,-0.2,0.1,-7.5,-37.7,0.9,0.587664418,-0.210180975,-0.634388256,-0.456007569
1910,4780504,1468110,0.94,0.348,0.106,0,-0.2,0,-7.5,-37.7,0.9,0.587664418,-0.210180975,-0.634388256,-0.456007569
1911,4782723,1468110,0.94,0.348,0.11,0,-0.2,-0.2,-7.5,-37.7,0.9,0.587664418,-0.210180975,-0.634388256,-0.456007569
1912,4785964,1468110,0.937,0.344,0.106,-0.2,-0.2,-0.3,-7.5,-37.7,0.9,0.587664418,-0.210180975,-0.634388256,-0.456038087
1913,4788058,1468120,0.94,0.344,0.102,-0.4,-0.1,-0.1,-5.9,-37.7,0.7,0.587664418,-0.210180975,-0.634388256,-0.456038087
1914,4790198,1468120,0.94,0.34,0.102,-0.6,0,-0.1,-5.9,-37.7,0.7,0.587664418,-0.210180975,-0.634388256,-0.456038087
1915,4793399,1468120,0.937,0.336,0.106,-0.9,-0.1,0,-5.9,-37.7,0.7,0.5876339,-0.210242012,-0.634388256,-0.456038087
1916,4794826,1468120,0.944,0.34,0.102,-1,-0.2,0.1,-5.9,-37.7,0.7,0.5876339,-0.21027253,-0.634357738,-0.456068606
1917,4798850,1468130,0.94,0.34,0.102,-1.3,-0.2,0.2,-6,-37.5,1,0.5876339,-0.21027253,-0.634357738,-0.456068606
1918,4800994,1468130,0.944,0.336,0.102,-1.3,-0.2,0.2,-6,-37.5,1,0.5876339,-0.210303049,-0.634357738,-0.456099124
1919,4802322,1468130,0.944,0.336,0.106,-1.3,-0.2,0.3,-6,-37.5,1,0.587603381,-0.210333567,-0.634327219,-0.456099124
1920,4805389,1468130,0.94,0.336,0.106,-1.3,-0.2,0.4,-6,-37.5,1,0.587603381,-0.210364086,-0.634327219,-0.456129643
1921,4807547,1468140,0.944,0.336,0.102,-1.2,-0.4,0.6,-5.7,-37.7,0.7,0.587603381,-0.210394604,-0.634296701,-0.456129643
1922,4810665,1468140,0.944,0.34,0.106,-1.1,-0.6,0.7,-5.7,-37.7,0.7,0.587603381,-0.210425123,-0.634296701,-0.456129643
1923,4812896,1468140,0.948,0.34,0.102,-1.1,-0.8,0.8,-5.7,-37.7,0.7,0.587603381,-0.210455641,-0.634296701,-0.456129643
1924,4815325,1468140,0.948,0.344,0.11,-1,-0.9,0.8,-5.7,-37.7,0.7,0.587572863,-0.21048616,-0.634296701,-0.456129643
1925,4818533,1468150,0.948,0.344,0.11,-1,-0.9,0.8,-5.7,-37.7,0.7,0.587572863,-0.21048616,-0.634296701,-0.456129643
1926,4820592,1468150,0.948,0.344,0.106,-1,-1.1,1,-5.8,-38,0.7,0.587511826,-0.210516678,-0.634327219,-0.456129643
1927,4822776,1468150,0.944,0.344,0.11,-1,-1.1,1,-5.8,-38,0.7,0.587511826,-0.210577715,-0.634327219,-0.456129643
1928,4825977,1468150,0.944,0.348,0.102,-1.2,-1.2,1.1,-5.8,-38,0.7,0.587481307,-0.210608234,-0.634327219,-0.456129643
1929,4828345,1468160,0.94,0.344,0.106,-1.3,-1.1,1,-7.2,-37.8,0.7,0.587481307,-0.210638752,-0.634327219,-0.456129643
1930,4830434,1468160,0.944,0.352,0.11,-1.4,-1.1,0.7,-7.2,-37.8,0.7,0.587450789,-0.210699789,-0.634327219,-0.456129643
1931,4832594,1468160,0.944,0.348,0.106,-1.5,-1.1,0.5,-7.2,-37.8,0.7,0.587450789,-0.210730308,-0.634327219,-0.456160161
1932,4835913,1468160,0.944,0.344,0.102,-1.5,-1.2,0.5,-7.2,-37.8,0.7,0.58742027,-0.210760826,-0.634327219,-0.456160161
1933,4837472,1468170,0.944,0.348,0.106,-1.6,-1.2,0.5,-6.4,-37.8,1.2,0.58742027,-0.210821863,-0.634327219,-0.456160161
1934,4840603,1468170,0.948,0.344,0.106,-1.6,-1.2,0.6,-6.4,-37.8,1.2,0.587389752,-0.210852382,-0.634327219,-0.45619068
1935,4842983,1468170,0.94,0.344,0.102,-1.7,-1.2,0.7,-6.4,-37.8,1.2,0.587359233,-0.210913419,-0.634327219,-0.45619068
1936,4845167,1468170,0.944,0.34,0.106,-1.8,-1.2,0.6,-6.4,-37.8,1.2,0.587359233,-0.210943937,-0.634296701,-0.45619068
1937,4848464,1468180,0.944,0.34,0.106,-1.8,-1.1,0.5,-6.4,-37.7,0.8,0.587328715,-0.210974456,-0.634296701,-0.456221198
1938,4850493,1468180,0.944,0.336,0.102,-1.9,-1,0.3,-6.4,-37.7,0.8,0.587328715,-0.211035493,-0.634296701,-0.456221198
1939,4852657,1468180,0.937,0.336,0.102,-1.9,-1,0.1,-6.4,-37.7,0.8,0.587298196,-0.211066012,-0.634296701,-0.456251717
1940,4855849,1468180,0.94,0.332,0.102,-2.1,-0.9,0,-6.4,-37.7,0.8,0.587267678,-0.21109653,-0.634266182,-0.456282235
1941,4857313,1468190,0.94,0.332,0.098,-2.1,-0.8,0.1,-6.5,-37.3,0.7,0.587237159,-0.211127049,-0.634266182,-0.456312754
1942,4860367,1468190,0.94,0.328,0.106,-2.2,-0.8,0.1,-6.5,-37.3,0.7,0.587237159,-0.211157567,-0.634266182,-0.456312754
1943,4863520,1468190,0.937,0.332,0.098,-2.2,-0.8,0.1,-6.5,-37.3,0.7,0.587206641,-0.211218604,-0.634235664,-0.456343272
1944,4864976,1468190,0.94,0.332,0.102,-2.2,-0.9,0,-6.5,-37.3,0.7,0.587176122,-0.211249123,-0.634235664,-0.456373791
1945,4867851,1468200,0.94,0.332,0.102,-2.2,-0.9,0,-6.5,-37.3,0.7,0.587176122,-0.211249123,-0.634235664,-0.456373791
1946,4870988,1468200,0.944,0.328,0.102,-2.1,-1.1,0.1,-6.4,-37.2,0.8,0.587115085,-0.211340678,-0.634266182,-0.456404309
1947,4872302,1468200,0.94,0.328,0.102,-1.9,-1.1,0.2,-6.4,-37.2,0.8,0.587084567,-0.211401715,-0.634235664,-0.456404309
1948,4876359,1468200,0.94,0.328,0.102,-1.8,-1.2,0.3,-6.4,-37.2,0.8,0.587054048,-0.211432234,-0.634235664,-0.456434828
1949,4877973,1468210,0.94,0.332,0.102,-1.5,-1.3,0.4,-7,-37.6,0.8,0.587054048,-0.211462752,-0.634235664,-0.456434828
1950,4880198,1468210,0.94,0.336,0.106,-1.4,-1.3,0.4,-7,-37.6,0.8,0.58702353,-0.211523789,-0.634235664,-0.456434828
1951,4883500,1468210,0.94,0.332,0.106,-1.3,-1.3,0.6,-7,-37.6,0.8,0.586993011,-0.211554308,-0.634235664,-0.456434828
1952,4885566,1468210,0.94,0.336,0.102,-1.4,-1.3,0.7,-7,-37.6,0.8,0.586993011,-0.211584826,-0.634235664,-0.456465346
1953,4887768,1468220,0.937,0.332,0.106,-1.5,-1.3,0.9,-6.7,-37.4,0.6,0.586962493,-0.211645863,-0.634235664,-0.456465346
1954,4891012,1468220,0.94,0.34,0.102,-1.5,-1.2,1,-6.7,-37.4,0.6,0.586962493,-0.211676382,-0.634235664,-0.456465346
1955,4893356,1468220,0.937,0.34,0.098,-1.5,-1.2,1,-6.7,-37.4,0.6,0.586901456,-0.211737419,-0.634235664,-0.456465346
1956,4895412,1468220,0.94,0.344,0.102,-1.4,-1.3,1.1,-6.7,-37.4,0.6,0.586901456,-0.211798456,-0.634235664,-0.456465346
1957,4897600,1468230,0.94,0.344,0.102,-1.3,-1.4,1,-6.4,-37.5,1.3,0.586901456,-0.211828974,-0.634235664,-0.456465346
1958,4900612,1468230,0.94,0.344,0.102,-1.3,-1.5,0.9,-6.4,-37.5,1.3,0.586901456,-0.211890011,-0.634235664,-0.456465346
1959,4902876,1468230,0.94,0.336,0.098,-1.2,-1.5,0.8,-6.4,-37.5,1.3,0.586870937,-0.21192053,-0.634235664,-0.456465346
1960,4905990,1468230,0.944,0.344,0.102,-1.2,-1.4,0.6,-6.4,-37.5,1.3,0.586870937,-0.211951048,-0.634235664,-0.456465346
1961,4907401,1468240,0.944,0.34,0.102,-1.3,-1.2,0.4,-6.5,-37.6,0.7,0.586840419,-0.211981567,-0.634235664,-0.456465346
1962,4910248,1468240,0.948,0.34,0.106,-1.3,-1,0.4,-6.5,-37.6,0.7,0.5868099,-0.212042604,-0.634235664,-0.456465346
1963,4913531,1468240,0.948,0.34,0.106,-1.2,-1,0.3,-6.5,-37.6,0.7,0.5868099,-0.212073122,-0.634235664,-0.456495865
1964,4915003,1468240,0.944,0.34,0.102,-1.2,-0.9,0.3,-6.5,-37.6,0.7,0.586779382,-0.212103641,-0.634235664,-0.456495865
1965,4917980,1468250,0.944,0.34,0.102,-1.2,-0.9,0.3,-6.5,-37.6,0.7,0.586779382,-0.212103641,-0.634235664,-0.456495865
1966,4920150,1468250,0.948,0.336,0.098,-1.2,-0.8,0.1,-6.3,-37.3,0.8,0.586718345,-0.212103641,-0.634266182,-0.456526383
1967,4924303,1468250,0.948,0.336,0.102,-1.2,-0.9,0.2,-6.3,-37.3,0.8,0.586687826,-0.212134159,-0.634266182,-0.456556902
1968,4926526,1468250,0.948,0.34,0.098,-1.3,-1,0.3,-6.3,-37.3,0.8,0.586687826,-0.212134159,-0.634266182,-0.456556902
1969,4928609,1468260,0.952,0.34,0.098,-1.4,-1,0.4,-7.1,-37.8,0.8,0.586657308,-0.212195196,-0.634266182,-0.456556902
1970,4930001,1468260,0.948,0.34,0.098,-1.5,-1,0.4,-7.1,-37.8,0.8,0.586657308,-0.212225715,-0.634266182,-0.45658742
1971,4933110,1468260,0.948,0.332,0.102,-1.6,-1.1,0.3,-7.1,-37.8,0.8,0.586626789,-0.212286752,-0.634266182,-0.45658742
1972,4935610,1468260,0.948,0.34,0.098,-1.7,-1.1,0.3,-7.1,-37.8,0.8,0.586596271,-0.21231727,-0.634235664,-0.456617939
1973,4937518,1468270,0.952,0.336,0.102,-1.9,-1.1,0.3,-6.4,-37.9,1.1,0.586596271,-0.212347789,-0.634235664,-0.456617939
1974,4941640,1468270,0.952,0.336,0.098,-2.1,-1.1,0.4,-6.4,-37.9,1.1,0.586565752,-0.212408826,-0.634235664,-0.456648457
1975,4943794,1468270,0.948,0.34,0.098,-2.2,-1.1,0.5,-6.4,-37.9,1.1,0.586535234,-0.212439344,-0.634235664,-0.456648457
1976,4946054,1468270,0.948,0.336,0.102,-2.3,-1.1,0.6,-6.4,-37.9,1.1,0.586535234,-0.212500381,-0.634205145,-0.456678976
1977,4948104,1468280,0.956,0.34,0.102,-2.2,-1.1,0.6,-6.7,-37.6,0.9,0.586504715,-0.212561419,-0.634205145,-0.456678976
1978,4950691,1468280,0.952,0.336,0.098,-2.1,-1.1,0.6,-6.7,-37.6,0.9,0.586474197,-0.212591937,-0.634205145,-0.456709494
1979,4952823,1468280,0.952,0.336,0.098,-2.2,-1.1,0.5,-6.7,-37.6,0.9,0.586474197,-0.212652974,-0.634174627,-0.456740013
1980,4955097,1468280,0.952,0.332,0.098,-2.2,-1.2,0.4,-6.7,-37.6,0.9,0.586443678,-0.212683493,-0.634174627,-0.456740013
1981,4957680,1468290,0.948,0.336,0.106,-2.2,-1.2,0.4,-6.6,-37.8,1.1,0.58641316,-0.21274453,-0.634174627,-0.456770531
1982,4959852,1468290,0.948,0.328,0.102,-2.2,-1.1,0.3,-6.6,-37.8,1.1,0.586382641,-0.212775048,-0.634144108,-0.45680105
1983,4963706,1468290,0.948,0.332,0.098,-2.1,-1.1,0.3,-6.6,-37.8,1.1,0.586382641,-0.212836085,-0.634144108,-0.45680105
1984,4966045,1468290,0.948,0.332,0.098,-2.1,-1,0.4,-6.6,-37.8,1.1,0.586352123,-0.212866604,-0.634144108,-0.456831568
1985,4967519,1468300,0.948,0.332,0.098,-2.1,-1,0.4,-6.6,-37.8,1.1,0.586352123,-0.212866604,-0.634144108,-0.456831568
1986,4970614,1468300,0.952,0.332,0.098,-1.9,-1,0.5,-6.8,-37.3,1,0.586291086,-0.212988678,-0.634174627,-0.456831568
1987,4973182,1468300,0.952,0.328,0.102,-1.8,-1,0.5,-6.8,-37.3,1,0.586260567,-0.213049715,-0.634144108,-0.456831568
1988,4975330,1468300,0.956,0.328,0.094,-1.7,-0.9,0.3,-6.8,-37.3,1,0.586260567,-0.213080233,-0.634144108,-0.456831568
1989,4978641,1468310,0.952,0.328,0.102,-1.6,-0.8,0.1,-6.9,-38.1,0.9,0.586230049,-0.213110752,-0.634144108,-0.456862087
1990,4981008,1468310,0.952,0.332,0.094,-1.5,-0.7,0,-6.9,-38.1,0.9,0.58619953,-0.213110752,-0.634144108,-0.456892605
1991,4982946,1468310,0.952,0.332,0.098,-1.3,-0.7,0,-6.9,-38.1,0.9,0.58619953,-0.213110752,-0.634144108,-0.456892605
1992,4985193,1468310,0.952,0.332,0.102,-1.3,-0.8,0.1,-6.9,-38.1,0.9,0.586169012,-0.213171789,-0.634144108,-0.456923124
1993,4989154,1468320,0.952,0.332,0.098,-1.3,-0.8,0.1,-6.4,-37.7,0.7,0.586169012,-0.213202307,-0.63411359,-0.456923124
1994,4991429,1468320,0.952,0.328,0.094,-1.3,-0.8,0.2,-6.4,-37.7,0.7,0.586138493,-0.213232826,-0.63411359,-0.456923124
1995,4993557,1468320,0.952,0.328,0.102,-1.3,-0.8,0.2,-6.4,-37.7,0.7,0.586138493,-0.213263344,-0.63411359,-0.456953642
1996,4995004,1468320,0.952,0.328,0.094,-1.2,-0.8,0.2,-6.4,-37.7,0.7,0.586107974,-0.213293863,-0.63411359,-0.456953642
1997,4998136,1468330,0.952,0.328,0.094,-1.2,-0.8,0.1,-6.4,-37.6,0.9,0.586107974,-0.213324381,-0.63411359,-0.456953642
1998,4999982,1468330,0.952,0.332,0.098,-1.2,-0.7,0,-6.4,-37.6,0.9,0.586077456,-0.2133549,-0.63411359,-0.456984161
